timestamp,sent_count,received_count,error_count,total_throughput,interval_throughput,latency_ns_p25,latency_ns_p50,latency_ns_p75,latency_ns_p95,latency_ns_p99,latency_ns_min,latency_ns_max,latency_ns_mean,latency_ns_stddev,latency_sample_count,connections,active_connections,connection_attempts,connection_failures,crashes_injected,reconnects,reconnect_failures,duplicate_count,gap_count,interval_latency_ns_p50,interval_latency_ns_p95,interval_latency_ns_p99,interval_latency_ns_mean,interval_latency_sample_count
1782777856,0,0,0,0.00,0.00,0,0,0,0,0,0,0,0.00,0.00,0,0,0,1,0,0,0,0,0,0,0,0,0,0.00,0
1782777857,0,0,0,0.00,0.00,0,0,0,0,0,0,0,0.00,0.00,0,1,1,1,0,0,0,0,0,0,0,0,0,0.00,0
1782777858,0,0,0,0.00,0.00,0,0,0,0,0,0,0,0.00,0.00,0,1,1,1,0,0,0,0,0,0,0,0,0,0.00,0
1782777859,0,0,0,0.00,0.00,0,0,0,0,0,0,0,0.00,0.00,0,1,1,1,0,0,0,0,0,0,0,0,0,0.00,0
1782777860,0,0,0,0.00,0.00,0,0,0,0,0,0,0,0.00,0.00,0,1,1,1,0,0,0,0,0,0,0,0,0,0.00,0
1782777861,0,0,0,0.00,0.00,0,0,0,0,0,0,0,0.00,0.00,0,1,1,1,0,0,0,0,0,0,0,0,0,0.00,0
1782777862,0,0,0,0.00,0.00,0,0,0,0,0,0,0,0.00,0.00,0,1,1,1,0,0,0,0,0,0,0,0,0,0.00,0
1782777863,0,0,0,0.00,0.00,0,0,0,0,0,0,0,0.00,0.00,0,2,2,2,0,0,0,0,0,0,0,0,0,0.00,0
1782777864,0,0,0,0.00,0.00,0,0,0,0,0,0,0,0.00,0.00,0,2,2,2,0,0,0,0,0,0,0,0,0,0.00,0
1782777865,0,0,0,0.00,0.00,0,0,0,0,0,0,0,0.00,0.00,0,2,2,2,0,0,0,0,0,0,0,0,0,0.00,0
1782777866,0,0,0,0.00,0.00,0,0,0,0,0,0,0,0.00,0.00,0,2,2,2,0,0,0,0,0,0,0,0,0,0.00,0
1782777867,0,0,0,0.00,0.00,0,0,0,0,0,0,0,0.00,0.00,0,2,2,2,0,0,0,0,0,0,0,0,0,0.00,0
1782777868,0,0,0,0.00,0.00,0,0,0,0,0,0,0,0.00,0.00,0,2,2,2,0,0,0,0,0,0,0,0,0,0.00,0
1782777869,0,0,0,0.00,0.00,0,0,0,0,0,0,0,0.00,0.00,0,2,2,2,0,0,0,0,0,0,0,0,0,0.00,0
1782777870,0,0,0,0.00,0.00,0,0,0,0,0,0,0,0.00,0.00,0,3,3,3,0,0,0,0,0,0,0,0,0,0.00,0
1782777871,0,0,0,0.00,0.00,0,0,0,0,0,0,0,0.00,0.00,0,3,3,3,0,0,0,0,0,0,0,0,0,0.00,0
1782777872,0,0,0,0.00,0.00,0,0,0,0,0,0,0,0.00,0.00,0,3,3,3,0,0,0,0,0,0,0,0,0,0.00,0
1782777873,0,0,0,0.00,0.00,0,0,0,0,0,0,0,0.00,0.00,0,3,3,3,0,0,0,0,0,0,0,0,0,0.00,0
1782777874,0,0,0,0.00,0.00,0,0,0,0,0,0,0,0.00,0.00,0,3,3,3,0,0,0,0,0,0,0,0,0,0.00,0
1782777875,0,0,0,0.00,0.00,0,0,0,0,0,0,0,0.00,0.00,0,3,3,3,0,0,0,0,0,0,0,0,0,0.00,0
1782777876,0,0,0,0.00,0.00,0,0,0,0,0,0,0,0.00,0.00,0,3,3,3,0,0,0,0,0,0,0,0,0,0.00,0
1782777877,0,0,0,0.00,0.00,0,0,0,0,0,0,0,0.00,0.00,0,4,4,4,0,0,0,0,0,0,0,0,0,0.00,0
1782777878,0,0,0,0.00,0.00,0,0,0,0,0,0,0,0.00,0.00,0,4,4,4,0,0,0,0,0,0,0,0,0,0.00,0
1782777879,0,0,0,0.00,0.00,0,0,0,0,0,0,0,0.00,0.00,0,4,4,4,0,0,0,0,0,0,0,0,0,0.00,0
1782777880,0,0,0,0.00,0.00,0,0,0,0,0,0,0,0.00,0.00,0,4,4,4,0,0,0,0,0,0,0,0,0,0.00,0
1782777881,0,0,0,0.00,0.00,0,0,0,0,0,0,0,0.00,0.00,0,4,4,4,0,0,0,0,0,0,0,0,0,0.00,0
1782777882,0,0,0,0.00,0.00,0,0,0,0,0,0,0,0.00,0.00,0,4,4,4,0,0,0,0,0,0,0,0,0,0.00,0
1782777883,0,0,0,0.00,0.00,0,0,0,0,0,0,0,0.00,0.00,0,5,5,5,0,0,0,0,0,0,0,0,0,0.00,0
1782777884,0,0,0,0.00,0.00,0,0,0,0,0,0,0,0.00,0.00,0,5,5,5,0,0,0,0,0,0,0,0,0,0.00,0
1782777885,0,0,0,0.00,0.00,0,0,0,0,0,0,0,0.00,0.00,0,5,5,5,0,0,0,0,0,0,0,0,0,0.00,0
1782777886,0,0,0,0.00,0.00,0,0,0,0,0,0,0,0.00,0.00,0,5,5,5,0,0,0,0,0,0,0,0,0,0.00,0
1782777887,0,0,0,0.00,0.00,0,0,0,0,0,0,0,0.00,0.00,0,5,5,5,0,0,0,0,0,0,0,0,0,0.00,0
1782777888,0,0,0,0.00,0.00,0,0,0,0,0,0,0,0.00,0.00,0,5,5,5,0,0,0,0,0,0,0,0,0,0.00,0
1782777889,0,0,0,0.00,0.00,0,0,0,0,0,0,0,0.00,0.00,0,5,5,5,0,0,0,0,0,0,0,0,0,0.00,0
1782777890,0,0,0,0.00,0.00,0,0,0,0,0,0,0,0.00,0.00,0,6,6,6,0,0,0,0,0,0,0,0,0,0.00,0
1782777891,0,0,0,0.00,0.00,0,0,0,0,0,0,0,0.00,0.00,0,6,6,6,0,0,0,0,0,0,0,0,0,0.00,0
1782777892,0,0,0,0.00,0.00,0,0,0,0,0,0,0,0.00,0.00,0,6,6,6,0,0,0,0,0,0,0,0,0,0.00,0
1782777893,0,0,0,0.00,0.00,0,0,0,0,0,0,0,0.00,0.00,0,6,6,6,0,0,0,0,0,0,0,0,0,0.00,0
1782777894,0,0,0,0.00,0.00,0,0,0,0,0,0,0,0.00,0.00,0,6,6,6,0,0,0,0,0,0,0,0,0,0.00,0
1782777895,0,0,0,0.00,0.00,0,0,0,0,0,0,0,0.00,0.00,0,6,6,6,0,0,0,0,0,0,0,0,0,0.00,0
1782777896,0,0,0,0.00,0.00,0,0,0,0,0,0,0,0.00,0.00,0,6,6,6,0,0,0,0,0,0,0,0,0,0.00,0
1782777897,0,0,0,0.00,0.00,0,0,0,0,0,0,0,0.00,0.00,0,7,7,7,0,0,0,0,0,0,0,0,0,0.00,0
1782777898,0,0,0,0.00,0.00,0,0,0,0,0,0,0,0.00,0.00,0,7,7,7,0,0,0,0,0,0,0,0,0,0.00,0
1782777899,0,0,0,0.00,0.00,0,0,0,0,0,0,0,0.00,0.00,0,7,7,7,0,0,0,0,0,0,0,0,0,0.00,0
1782777900,0,0,0,0.00,0.00,0,0,0,0,0,0,0,0.00,0.00,0,7,7,7,0,0,0,0,0,0,0,0,0,0.00,0
1782777901,0,0,0,0.00,0.00,0,0,0,0,0,0,0,0.00,0.00,0,7,7,7,0,0,0,0,0,0,0,0,0,0.00,0
1782777902,0,0,0,0.00,0.00,0,0,0,0,0,0,0,0.00,0.00,0,7,7,7,0,0,0,0,0,0,0,0,0,0.00,0
1782777903,0,0,0,0.00,0.00,0,0,0,0,0,0,0,0.00,0.00,0,8,8,8,0,0,0,0,0,0,0,0,0,0.00,0
1782777904,0,0,0,0.00,0.00,0,0,0,0,0,0,0,0.00,0.00,0,8,8,8,0,0,0,0,0,0,0,0,0,0.00,0
1782777905,0,0,0,0.00,0.00,0,0,0,0,0,0,0,0.00,0.00,0,8,8,8,0,0,0,0,0,0,0,0,0,0.00,0
1782777906,0,0,0,0.00,0.00,0,0,0,0,0,0,0,0.00,0.00,0,8,8,8,0,0,0,0,0,0,0,0,0,0.00,0
1782777907,0,0,0,0.00,0.00,0,0,0,0,0,0,0,0.00,0.00,0,8,8,8,0,0,0,0,0,0,0,0,0,0.00,0
1782777908,0,0,0,0.00,0.00,0,0,0,0,0,0,0,0.00,0.00,0,8,8,8,0,0,0,0,0,0,0,0,0,0.00,0
1782777909,0,0,0,0.00,0.00,0,0,0,0,0,0,0,0.00,0.00,0,8,8,8,0,0,0,0,0,0,0,0,0,0.00,0
1782777910,0,0,0,0.00,0.00,0,0,0,0,0,0,0,0.00,0.00,0,9,9,9,0,0,0,0,0,0,0,0,0,0.00,0
1782777911,0,0,0,0.00,0.00,0,0,0,0,0,0,0,0.00,0.00,0,9,9,9,0,0,0,0,0,0,0,0,0,0.00,0
1782777912,0,0,0,0.00,0.00,0,0,0,0,0,0,0,0.00,0.00,0,9,9,9,0,0,0,0,0,0,0,0,0,0.00,0
1782777913,0,0,0,0.00,0.00,0,0,0,0,0,0,0,0.00,0.00,0,9,9,9,0,0,0,0,0,0,0,0,0,0.00,0
1782777914,0,0,0,0.00,0.00,0,0,0,0,0,0,0,0.00,0.00,0,9,9,9,0,0,0,0,0,0,0,0,0,0.00,0
1782777915,0,0,0,0.00,0.00,0,0,0,0,0,0,0,0.00,0.00,0,9,9,9,0,0,0,0,0,0,0,0,0,0.00,0
1782777916,0,0,0,0.00,0.00,0,0,0,0,0,0,0,0.00,0.00,0,9,9,9,0,0,0,0,0,0,0,0,0,0.00,0
1782777917,0,0,0,0.00,0.00,0,0,0,0,0,0,0,0.00,0.00,0,10,10,10,0,0,0,0,0,0,0,0,0,0.00,0
1782777918,0,160,0,223.91,160.05,1549311,1982463,2326527,9715711,11100159,500480,15941631,2702092.80,2559483.21,160,10,10,10,0,0,0,0,0,0,1982463,9715711,11100159,2702092.80,160
1782777919,0,360,0,209.94,199.97,1534975,1952767,2306047,5754879,10485759,500480,15941631,2261351.82,1800014.05,360,10,10,10,0,0,0,0,0,0,1879039,2889727,3176447,1908759.04,200
1782777920,0,560,0,206.26,199.94,1559551,1947647,2344959,3422207,10387455,500480,15941631,2187930.51,1503307.52,560,10,10,10,0,0,0,0,0,0,1937407,3256319,4098047,2055772.16,200
1782777921,0,760,0,204.61,200.14,1594367,1982463,2363391,3309567,9928703,500480,15941631,2158520.93,1327155.04,760,10,10,10,0,0,0,0,0,0,2056191,3102719,3706879,2076174.08,200
1782777922,0,960,0,203.62,199.94,1577983,1970175,2375679,3305471,9633791,500480,15941631,2120718.40,1227131.06,960,10,10,10,0,0,0,0,0,0,1882111,3063807,4075519,1977068.80,200
1782777923,0,1160,0,202.98,199.95,1564671,1941503,2351103,3172351,8986623,500480,15941631,2084955.81,1144784.32,1160,10,10,10,0,0,0,0,0,0,1832959,2953215,3559423,1913295.36,200
1782777924,0,1360,0,202.55,200.10,1579007,1950719,2365439,3151871,7602175,500480,15941631,2079042.45,1079474.62,1360,10,10,10,0,0,0,0,0,0,2031615,2826239,3745791,2044744.96,200
1782777925,0,1560,0,202.21,199.93,1593343,1976319,2400255,3305471,6832127,500480,15941631,2101756.39,1047238.41,1560,10,10,10,0,0,0,0,0,0,2158591,3815423,4374527,2256211.20,200
1782777926,0,1760,0,201.95,199.93,1594367,1985535,2420735,3403775,6012927,500480,15941631,2113715.64,1029385.70,1760,10,10,10,0,0,0,0,0,0,2058239,3979263,5021695,2206997.76,200
1782777927,0,1960,0,201.76,200.11,1595391,1976319,2408447,3416063,5210111,500480,15941631,2107354.12,1001469.98,1960,10,10,10,0,0,0,0,0,0,1932287,3473407,4661247,2051372.80,200
1782777928,0,2160,0,201.59,199.97,1586175,1964031,2406399,3403775,5021695,500480,15941631,2092789.10,977282.75,2160,10,10,10,0,0,0,0,0,0,1829887,3311615,3794943,1950051.84,200
1782777929,0,2360,0,201.46,200.07,1587199,1963007,2398207,3356671,4935679,500480,15941631,2080239.73,946094.18,2360,10,10,10,0,0,0,0,0,0,1947647,2713599,3227647,1944706.56,200
1782777930,0,2560,0,201.34,199.94,1588223,1970175,2406399,3356671,4751359,500480,15941631,2082081.05,927887.36,2560,10,10,10,0,0,0,0,0,0,2037759,3297279,3831807,2103808.64,200
1782777931,0,2760,0,201.24,199.96,1583103,1957887,2400255,3393535,4722687,500480,15941631,2079962.94,918355.33,2760,10,10,10,0,0,0,0,0,0,1883135,3629055,4591615,2052851.20,200
1782777932,0,2960,0,201.16,200.04,1588223,1974271,2402303,3397631,4661247,500480,15941631,2084214.88,903320.87,2960,10,10,10,0,0,0,0,0,0,2084863,3418111,4362239,2142891.52,200
1782777933,0,3160,0,201.09,199.98,1589247,1975295,2402303,3360767,4591615,500480,15941631,2079328.45,884463.38,3160,10,10,10,0,0,0,0,0,0,2001919,2795519,3110911,2007009.28,200
1782777934,0,3360,0,201.02,200.04,1594367,1975295,2394111,3340287,4562943,500480,15941631,2073634.93,867212.34,3360,10,10,10,0,0,0,0,0,0,1977343,2809855,3700735,1983677.44,200
1782777935,0,3560,0,200.96,199.94,1583103,1964031,2383871,3305471,4550655,500480,15941631,2058413.56,856300.28,3560,10,10,10,0,0,0,0,0,0,1770495,2875391,3078143,1802694.40,200
1782777936,0,3760,0,200.91,200.03,1576959,1963007,2387967,3282943,4448255,500480,15941631,2053176.68,846423.58,3760,10,10,10,0,0,0,0,0,0,1928191,2850815,3500031,1959960.32,200
1782777937,0,3960,0,200.87,199.99,1573887,1957887,2390015,3282943,4374527,500480,15941631,2051925.62,838229.31,3960,10,10,10,0,0,0,0,0,0,1919999,3244031,3780607,2028405.76,200
1782777938,0,4160,0,200.82,199.92,1572863,1951743,2381823,3278847,4374527,500480,15941631,2046823.91,830411.63,4160,10,10,10,0,0,0,0,0,0,1867775,3008511,4188159,1945809.92,200
1782777939,0,4360,0,200.78,200.04,1575935,1963007,2394111,3301375,4435967,500480,15941631,2055698.11,829378.56,4360,10,10,10,0,0,0,0,0,0,2181119,3831807,4583423,2240281.60,200
1782777940,0,4560,0,200.75,200.12,1573887,1956863,2392063,3287039,4374527,500480,15941631,2049878.82,819637.74,4560,10,10,10,0,0,0,0,0,0,1898495,2820095,3422207,1923018.24,200
1782777941,0,4760,0,200.72,199.90,1575935,1950719,2383871,3280895,4362239,500480,15941631,2046316.29,811774.74,4760,10,10,10,0,0,0,0,0,0,1835007,2910207,4114431,1965090.56,200
1782777942,0,4960,0,200.69,200.08,1580031,1961983,2387967,3276799,4288511,500480,15941631,2049836.57,804604.33,4960,10,10,10,0,0,0,0,0,0,2131967,3198975,3858431,2133619.20,200
1782777943,0,5160,0,200.66,199.85,1579007,1966079,2392063,3293183,4288511,500480,15941631,2051877.09,802558.74,5160,10,10,10,0,0,0,0,0,0,2049023,3522559,4239359,2102481.92,200
1782777944,0,5360,0,200.64,200.05,1583103,1968127,2394111,3293183,4362239,500480,15941631,2053181.64,799383.69,5360,10,10,10,0,0,0,0,0,0,2018303,3278847,4415487,2086839.04,200
1782777945,0,5560,0,200.62,200.09,1585151,1972223,2398207,3297279,4288511,500480,15941631,2055515.46,795606.28,5560,10,10,10,0,0,0,0,0,0,2101247,3303423,3745791,2118062.08,200
1782777946,0,5760,0,200.59,199.91,1590271,1974271,2402303,3303423,4251647,500480,15941631,2059135.80,790765.00,5760,10,10,10,0,0,0,0,0,0,2054143,3405823,3839999,2159781.12,200
1782777947,0,5960,0,200.57,200.01,1588223,1972223,2396159,3289087,4247551,500480,15941631,2054116.17,783225.04,5960,10,10,10,0,0,0,0,0,0,1936383,2699263,3297279,1909550.72,200
1782777948,0,6160,0,200.55,199.97,1583103,1972223,2398207,3278847,4239359,500480,15941631,2051008.42,778824.28,6160,10,10,10,0,0,0,0,0,0,1977343,2965503,3381247,1958397.44,200
1782777949,0,6360,0,200.54,200.06,1586175,1974271,2396159,3276799,4235263,500480,15941631,2050461.87,772438.52,6360,10,10,10,0,0,0,0,0,0,2010111,2815999,3747839,2033628.16,200
1782777950,0,6560,0,200.52,199.97,1586175,1974271,2396159,3260415,4222975,500480,15941631,2048911.26,766758.09,6560,10,10,10,0,0,0,0,0,0,1971199,2961407,3463167,1999601.92,200
1782777951,0,6760,0,200.50,199.94,1591295,1979391,2400255,3264511,4218879,500480,15941631,2052751.07,763695.97,6760,10,10,10,0,0,0,0,0,0,2191359,3301375,3725311,2178696.96,200
1782777952,0,6960,0,200.49,200.07,1593343,1978367,2402303,3254271,4206591,500480,15941631,2052689.91,758638.16,6960,10,10,10,0,0,0,0,0,0,1941503,3110911,3493887,2050622.72,200
1782777953,0,7160,0,200.48,199.98,1596415,1979391,2402303,3254271,4218879,500480,15941631,2054041.24,755828.99,7160,10,10,10,0,0,0,0,0,0,2002943,3184639,4366335,2101067.52,200
1782777954,0,7360,0,200.46,200.01,1595391,1977343,2402303,3239935,4188159,500480,15941631,2051580.17,752109.82,7360,10,10,10,0,0,0,0,0,0,1915903,2992127,3207167,1963473.92,200
1782777955,0,7560,0,200.45,200.01,1592319,1976319,2404351,3266559,4218879,500480,15941631,2053010.18,755051.28,7560,10,10,10,0,0,0,0,0,0,1895423,3823615,4587519,2105634.56,200
1782777956,0,7760,0,200.44,199.94,1594367,1978367,2404351,3276799,4222975,500480,15941631,2055203.63,754249.92,7760,10,10,10,0,0,0,0,0,0,2017279,3416063,4616191,2138115.84,200
1782777957,0,7960,0,200.43,199.98,1595391,1978367,2404351,3256319,4218879,500480,15941631,2053538.38,749607.28,7960,10,10,10,0,0,0,0,0,0,1982463,2897919,3039231,1988926.72,200
1782777958,0,8160,0,200.42,200.14,1598463,1981439,2406399,3276799,4227071,500480,15941631,2056769.57,750381.67,8160,10,10,10,0,0,0,0,0,0,2085887,3839999,4833279,2185370.88,200
1782777959,0,8360,0,200.41,200.04,1603583,1986559,2412543,3264511,4222975,500480,15941631,2060325.42,747086.41,8360,10,10,10,0,0,0,0,0,0,2220031,2990079,3862527,2205404.16,200
1782777960,0,8560,0,200.40,199.94,1603583,1988607,2416639,3252223,4218879,474368,15941631,2059925.07,744464.63,8560,10,10,10,0,0,0,0,0,0,2034687,2967551,3348479,2043190.40,200
1782777961,0,8760,0,200.39,199.92,1606655,1991679,2420735,3266559,4218879,474368,15941631,2063489.01,743897.68,8760,10,10,10,0,0,0,0,0,0,2156543,3586047,4206591,2216025.60,200
1782777962,0,8960,0,200.38,200.12,1605631,1989631,2416639,3264511,4206591,474368,15941631,2061828.16,741557.79,8960,10,10,10,0,0,0,0,0,0,1931263,3158015,4014079,1989082.88,200
1782777963,0,9160,0,200.37,199.99,1606655,1990655,2416639,3254271,4190207,474368,15941631,2061084.88,737752.56,9160,10,10,10,0,0,0,0,0,0,2008063,2938879,3348479,2027786.24,200
1782777964,0,9360,0,200.37,199.98,1606655,1991679,2420735,3256319,4177919,474368,15941631,2062308.80,737136.26,9360,10,10,10,0,0,0,0,0,0,2047999,3391487,3966975,2118364.16,200
1782777965,0,9560,0,200.36,200.05,1607679,1992703,2418687,3266559,4222975,474368,15941631,2067400.61,757842.59,9560,10,10,10,0,0,0,0,0,0,2044927,3809279,8634367,2305697.28,200
1782777966,0,9760,0,200.35,199.90,1607679,1994751,2418687,3258367,4218879,474368,15941631,2066920.54,754872.28,9760,10,10,10,0,0,0,0,0,0,2035711,3123199,3502079,2043973.12,200
1782777967,0,9960,0,200.34,200.09,1606655,1992703,2416639,3272703,4218879,474368,15941631,2066492.26,754674.27,9960,10,10,10,0,0,0,0,0,0,1859583,3549183,4147199,2045592.32,200
1782777968,0,10160,0,200.33,199.84,1607679,1995775,2422783,3276799,4218879,474368,15941631,2069350.39,753166.60,10160,10,10,10,0,0,0,0,0,0,2209791,3348479,3596287,2211685.12,200
1782777969,0,10360,0,200.33,200.16,1605631,1992703,2420735,3276799,4218879,474368,15941631,2066360.70,753293.49,10360,10,10,10,0,0,0,0,0,0,1788927,3549183,4272127,1914484.48,200
1782777970,0,10560,0,200.32,199.84,1602559,1990655,2420735,3280895,4210687,474368,15941631,2065358.85,752441.34,10560,10,10,10,0,0,0,0,0,0,1884159,3414015,3770367,2013463.04,200
1782777971,0,10760,0,200.32,200.04,1605631,1990655,2420735,3280895,4206591,474368,15941631,2066023.43,749823.65,10760,10,10,10,0,0,0,0,0,0,2032639,3225599,3678207,2101113.60,200
1782777972,0,10960,0,200.31,199.98,1603583,1988607,2420735,3276799,4188159,474368,15941631,2064228.64,747561.38,10960,10,10,10,0,0,0,0,0,0,1893375,2902015,3874815,1967668.48,200
1782777973,0,11160,0,200.31,200.15,1605631,1988607,2416639,3272703,4175871,474368,15941631,2062832.80,744100.19,11160,10,10,10,0,0,0,0,0,0,1940479,2981887,3518463,1986341.12,200
1782777974,0,11360,0,200.30,200.00,1605631,1988607,2418687,3293183,4222975,474368,15941631,2066799.34,748970.80,11360,10,10,10,0,0,0,0,0,0,2085887,4366335,4792319,2288131.84,200
1782777975,0,11560,0,200.30,199.94,1605631,1988607,2416639,3297279,4239359,474368,15941631,2066685.04,748789.51,11560,10,10,10,0,0,0,0,0,0,1946623,3485695,4562943,2060193.28,200
1782777976,0,11760,0,200.29,200.06,1605631,1988607,2416639,3301375,4255743,474368,15941631,2067713.03,750097.40,11760,10,10,10,0,0,0,0,0,0,2001919,3495935,4706303,2127130.88,200
1782777977,0,11960,0,200.29,200.00,1605631,1989631,2416639,3297279,4251647,474368,15941631,2067458.77,748084.20,11960,10,10,10,0,0,0,0,0,0,2067455,3004415,3457023,2052508.16,200
1782777978,0,12180,0,200.61,219.93,1605631,1989631,2418687,3313663,4288511,474368,15941631,2069561.01,750071.08,12180,10,10,10,0,0,0,0,0,0,2028543,3956735,4681727,2183846.40,220
1782777979,0,12380,0,200.60,199.92,1604607,1987583,2416639,3309567,4263935,474368,15941631,2067243.27,747978.16,12380,10,10,10,0,0,0,0,0,0,1888255,2957311,3715071,1926092.80,200
1782777980,0,12580,0,200.59,200.05,1602559,1987583,2416639,3297279,4259839,474368,15941631,2065894.79,746149.87,12580,10,10,10,0,0,0,0,0,0,1946623,2992127,3123199,1982423.68,200
1782777981,0,12780,0,200.58,199.98,1600511,1986559,2414591,3295231,4251647,474368,15941631,2063964.22,744842.51,12780,10,10,10,0,0,0,0,0,0,1894399,3223551,3815423,1942531.84,200
1782777982,0,12980,0,200.57,199.97,1598463,1984511,2414591,3309567,4259839,474368,15941631,2063722.98,746369.66,12980,10,10,10,0,0,0,0,0,0,1853439,3938303,4333567,2048307.20,200
1782777983,0,13180,0,200.56,199.99,1597439,1982463,2410495,3297279,4255743,474368,15941631,2060722.91,743770.87,13180,10,10,10,0,0,0,0,0,0,1825791,2695167,3221503,1866018.56,200
1782777984,0,13380,0,200.55,200.06,1597439,1982463,2414591,3297279,4255743,474368,15941631,2061073.07,743291.12,13380,10,10,10,0,0,0,0,0,0,2047999,3190783,4081663,2084148.48,200
1782777985,0,13580,0,200.55,200.09,1594367,1980415,2414591,3301375,4251647,474368,15941631,2060066.10,743204.66,13580,10,10,10,0,0,0,0,0,0,1839103,3395583,4091903,1992700.16,200
1782777986,0,13780,0,200.54,199.84,1593343,1980415,2416639,3305471,4247551,474368,15941631,2059960.40,742973.57,13780,10,10,10,0,0,0,0,0,0,1939455,3430399,3872767,2052783.36,200
1782777987,0,13980,0,200.53,200.17,1593343,1979391,2416639,3311615,4247551,474368,15941631,2060448.92,742938.08,13980,10,10,10,0,0,0,0,0,0,1953791,3467263,3780607,2094108.16,200
1782777988,0,14180,0,200.52,199.87,1593343,1979391,2418687,3313663,4239359,474368,15941631,2060713.14,742393.84,14180,10,10,10,0,0,0,0,0,0,1899519,3334143,3592191,2079182.08,200
1782777989,0,14380,0,200.52,200.11,1596415,1980415,2420735,3313663,4247551,474368,15941631,2062602.73,741839.67,14380,10,10,10,0,0,0,0,0,0,2125823,3684351,4448255,2196574.72,200
1782777990,0,14580,0,200.51,199.85,1593343,1979391,2418687,3313663,4247551,474368,15941631,2060381.55,740912.11,14580,10,10,10,0,0,0,0,0,0,1804287,2998271,3647487,1900678.40,200
1782777991,0,14780,0,200.50,200.06,1594367,1979391,2418687,3313663,4251647,474368,15941631,2061323.29,740686.30,14780,10,10,10,0,0,0,0,0,0,2024447,3448831,4448255,2129976.32,200
1782777992,0,14980,0,200.50,200.06,1594367,1980415,2416639,3313663,4247551,474368,15941631,2061158.20,739160.21,14980,10,10,10,0,0,0,0,0,0,2003967,3397631,3921919,2048958.08,200
1782777993,0,15180,0,200.49,199.95,1595391,1981439,2418687,3313663,4247551,474368,15941631,2062906.56,739277.48,15180,10,10,10,0,0,0,0,0,0,2134015,3295231,4538367,2193858.56,200
1782777994,0,15380,0,200.48,200.09,1595391,1981439,2420735,3319807,4288511,474368,15941631,2066375.90,748487.54,15380,10,10,10,0,0,0,0,0,0,1999871,4837375,6963199,2329698.56,200
1782777995,0,15580,0,200.48,200.01,1596415,1982463,2420735,3332095,4325375,474368,15941631,2069658.94,756271.93,15580,10,10,10,0,0,0,0,0,0,2027519,4726783,6717439,2322124.80,200
1782777996,0,15780,0,200.47,199.83,1595391,1981439,2420735,3330047,4325375,474368,15941631,2069365.04,755136.72,15780,10,10,10,0,0,0,0,0,0,1975295,3201023,4018175,2046470.40,200
1782777997,0,15980,0,200.47,200.16,1595391,1981439,2420735,3325951,4308991,474368,15941631,2067992.61,753023.35,15980,10,10,10,0,0,0,0,0,0,1931263,2703359,3508223,1959708.16,200
1782777998,0,16180,0,200.46,200.01,1595391,1980415,2418687,3330047,4358143,474368,15941631,2070943.37,771753.48,16180,10,10,10,0,0,0,0,0,0,1887231,4087807,10076159,2306708.48,200
1782777999,0,16380,0,200.45,199.85,1595391,1981439,2418687,3323903,4333567,474368,15941631,2070364.31,769830.71,16380,10,10,10,0,0,0,0,0,0,2033663,3016703,3319807,2023518.72,200
1782778000,0,16580,0,200.45,199.98,1596415,1983487,2420735,3327999,4333567,474368,15941631,2071463.40,769098.33,16580,10,10,10,0,0,0,0,0,0,2084863,3522559,3844095,2161478.40,200
1782778001,0,16780,0,200.44,200.08,1596415,1983487,2418687,3325951,4325375,474368,15941631,2071104.47,767064.22,16780,10,10,10,0,0,0,0,0,0,2008063,3106815,3551231,2041349.12,200
1782778002,0,16980,0,200.44,199.94,1597439,1984511,2420735,3323903,4308991,474368,15941631,2071090.65,765583.76,16980,10,10,10,0,0,0,0,0,0,2028543,3035135,3680255,2069931.52,200
1782778003,0,17180,0,200.43,199.96,1596415,1984511,2420735,3327999,4313087,474368,15941631,2071850.59,765972.97,17180,10,10,10,0,0,0,0,0,0,2050047,3807231,4366335,2136369.92,200
1782778004,0,17380,0,200.43,200.13,1598463,1987583,2422783,3338239,4362239,474368,15941631,2075466.83,768648.47,17380,10,10,10,0,0,0,0,0,0,2168831,3995647,5591039,2386101.76,200
1782778005,0,17580,0,200.42,200.04,1598463,1987583,2422783,3344383,4362239,474368,15941631,2075461.24,769326.41,17580,10,10,10,0,0,0,0,0,0,1950719,3864575,4243455,2074974.72,200
1782778006,0,17780,0,200.42,199.91,1598463,1987583,2422783,3346431,4349951,474368,15941631,2075141.44,768238.30,17780,10,10,10,0,0,0,0,0,0,1986559,3383295,3731455,2047031.04,200
1782778007,0,17980,0,200.41,200.00,1598463,1987583,2422783,3342335,4333567,474368,15941631,2074800.56,766932.81,17980,10,10,10,0,0,0,0,0,0,1984511,3045375,4057087,2044496.64,200
1782778008,0,18180,0,200.41,200.11,1597439,1986559,2422783,3338239,4329471,474368,15941631,2073170.34,765340.54,18180,10,10,10,0,0,0,0,0,0,1875967,2842623,3303423,1926613.76,200
1782778009,0,18380,0,200.40,199.98,1598463,1986559,2424831,3338239,4333567,474368,15941631,2074624.05,765083.95,18380,10,10,10,0,0,0,0,0,0,2085887,3352575,4521983,2206766.08,200
1782778010,0,18580,0,200.40,199.86,1598463,1986559,2422783,3327999,4325375,474368,15941631,2073097.73,762708.07,18580,10,10,10,0,0,0,0,0,0,1945599,2689023,3031039,1932829.44,200
1782778011,0,18780,0,200.40,200.11,1599487,1986559,2422783,3327999,4308991,474368,15941631,2073334.93,761542.65,18780,10,10,10,0,0,0,0,0,0,2051071,3215359,3665919,2095370.24,200
1782778012,0,18980,0,200.39,200.00,1599487,1988607,2424831,3325951,4300799,474368,15941631,2073622.96,759910.50,18980,10,10,10,0,0,0,0,0,0,2134015,2985983,3749887,2100669.44,200
1782778013,0,19180,0,200.39,199.99,1600511,1988607,2422783,3325951,4308991,474368,15941631,2073695.21,759102.01,19180,10,10,10,0,0,0,0,0,0,2021375,3287039,4607999,2080551.68,200
1782778014,0,19380,0,200.38,200.05,1599487,1986559,2420735,3323903,4300799,474368,15941631,2071764.76,758174.80,19380,10,10,10,0,0,0,0,0,0,1844223,2979839,3942399,1886634.24,200
1782778015,0,19580,0,200.38,199.99,1598463,1985535,2420735,3323903,4325375,474368,15941631,2070979.43,758691.61,19580,10,10,10,0,0,0,0,0,0,1882111,3323903,5066751,1994881.28,200
1782778016,0,19780,0,200.38,199.92,1598463,1986559,2420735,3325951,4333567,474368,15941631,2072244.20,760261.43,19780,10,10,10,0,0,0,0,0,0,2020351,3749887,6008831,2196065.28,200
1782778017,0,19980,0,200.37,200.08,1598463,1985535,2420735,3327999,4362239,474368,15941631,2071754.56,759950.33,19980,10,10,10,0,0,0,0,0,0,1947647,3368959,4698111,2023329.28,200
1782778018,0,20180,0,200.37,199.88,1599487,1985535,2418687,3323903,4349951,474368,15941631,2070652.97,758006.27,20180,10,10,10,0,0,0,0,0,0,1936383,2861055,3186687,1960604.16,200
1782778019,0,20380,0,200.36,199.98,1599487,1986559,2420735,3323903,4333567,474368,15941631,2071124.15,757250.90,20380,10,10,10,0,0,0,0,0,0,2129919,3223551,4098047,2118666.24,200
1782778020,0,20580,0,200.36,200.15,1599487,1986559,2420735,3327999,4366335,474368,15941631,2072597.49,759421.23,20580,10,10,10,0,0,0,0,0,0,1984511,4276223,5308415,2222730.24,200
1782778021,0,20780,0,200.36,200.01,1599487,1986559,2420735,3340287,4366335,474368,15941631,2073662.81,760441.10,20780,10,10,10,0,0,0,0,0,0,2065407,3747839,4550655,2183284.48,200
1782778022,0,20980,0,200.35,199.86,1598463,1986559,2420735,3342335,4386815,474368,15941631,2074084.62,762300.19,20980,10,10,10,0,0,0,0,0,0,1936383,4415487,5152767,2117911.04,200
1782778023,0,21180,0,200.35,199.95,1598463,1986559,2420735,3342335,4382719,474368,15941631,2073530.57,761222.31,21180,10,10,10,0,0,0,0,0,0,1953791,3289087,3870719,2015409.92,200
1782778024,0,21380,0,200.35,200.00,1598463,1985535,2420735,3342335,4378623,474368,15941631,2072978.27,760412.94,21380,10,10,10,0,0,0,0,0,0,1933311,3311615,3708927,2014489.60,200
1782778025,0,21580,0,200.34,200.07,1597439,1985535,2420735,3342335,4382719,474368,15941631,2072393.35,760397.31,21580,10,10,10,0,0,0,0,0,0,1911807,3389439,4493311,2009866.24,200
1782778026,0,21780,0,200.34,199.97,1597439,1985535,2420735,3344383,4378623,474368,15941631,2072129.77,759747.77,21780,10,10,10,0,0,0,0,0,0,1988607,3391487,3864575,2043689.60,200
1782778027,0,21980,0,200.34,200.07,1596415,1984511,2418687,3342335,4374527,474368,15941631,2071546.67,758853.66,21980,10,10,10,0,0,0,0,0,0,1927167,3219455,3739647,2008046.08,200
1782778028,0,22180,0,200.34,200.04,1597439,1984511,2420735,3346431,4399103,474368,15941631,2073013.29,761941.93,22180,10,10,10,0,0,0,0,0,0,2006015,4411391,6303743,2234195.20,200
1782778029,0,22380,0,200.33,199.99,1595391,1982463,2418687,3346431,4411391,474368,15941631,2071593.60,761760.25,22380,10,10,10,0,0,0,0,0,0,1839103,3010559,4771839,1914150.40,200
1782778030,0,22580,0,200.33,199.88,1595391,1983487,2418687,3346431,4399103,474368,15941631,2071331.01,760941.10,22580,10,10,10,0,0,0,0,0,0,1998847,3174399,3864575,2041946.88,200
1782778031,0,22780,0,200.33,200.00,1594367,1982463,2416639,3346431,4395007,474368,15941631,2070879.56,760358.12,22780,10,10,10,0,0,0,0,0,0,1902591,3364863,4085759,2019910.40,200
1782778032,0,22980,0,200.32,200.13,1595391,1982463,2416639,3342335,4386815,474368,15941631,2069926.50,758601.87,22980,10,10,10,0,0,0,0,0,0,1919999,2822143,3248127,1961373.44,200
1782778033,0,23180,0,200.32,199.97,1593343,1981439,2416639,3342335,4382719,474368,15941631,2069055.23,757637.20,23180,10,10,10,0,0,0,0,0,0,1921023,3430399,3864575,1968945.92,200
1782778034,0,23380,0,200.32,199.99,1593343,1980415,2412543,3338239,4378623,474368,15941631,2067658.25,756340.40,23380,10,10,10,0,0,0,0,0,0,1854463,2723839,3739647,1905748.48,200
1782778035,0,23580,0,200.32,200.03,1594367,1981439,2414591,3338239,4374527,474368,15941631,2068450.40,755424.33,23580,10,10,10,0,0,0,0,0,0,2162687,3209215,3993599,2161053.44,200
1782778036,0,23780,0,200.31,199.88,1595391,1981439,2414591,3336191,4370431,474368,15941631,2068149.73,754966.77,23780,10,10,10,0,0,0,0,0,0,1885183,3293183,4329471,2032700.16,200
1782778037,0,23980,0,200.31,200.00,1596415,1982463,2416639,3334143,4366335,474368,15941631,2068851.05,754139.39,23980,10,10,10,0,0,0,0,0,0,2140159,3262463,3571711,2152238.08,200
1782778038,0,24410,0,202.21,430.13,1601535,1990655,2428927,3385343,4427775,474368,15941631,2082167.98,765410.88,24410,10,10,10,0,0,0,0,0,0,2668543,4452351,6070271,2824818.90,430
1782778039,0,24910,0,204.66,499.84,1605631,1996799,2439167,3401727,4448255,474368,15941631,2089144.13,767837.92,24910,10,10,10,0,0,0,0,0,0,2363391,3842047,4677631,2429720.06,500
1782778040,0,25410,0,207.07,500.41,1610751,2003967,2453503,3430399,4497407,474368,15941631,2100313.31,774579.17,25410,10,10,10,0,0,0,0,0,0,2609151,4395007,5140479,2656761.86,500
1782778041,0,25910,0,209.43,499.83,1614847,2009087,2461695,3452927,4509695,474368,15941631,2108009.30,777859.33,25910,10,10,10,0,0,0,0,0,0,2367487,4007935,4694015,2499119.62,500
1782778042,0,26410,0,211.76,499.74,1617919,2016255,2469887,3473407,4583423,474368,15941631,2119276.55,809870.72,26410,10,10,10,0,0,0,0,0,0,2342911,5373951,12320767,2703144.96,500
1782778043,0,26910,0,214.06,500.14,1619967,2023423,2480127,3493887,4579327,474368,15941631,2126610.02,812449.92,26910,10,10,10,0,0,0,0,0,0,2455551,3901439,4542463,2513964.03,500
1782778044,0,27410,0,216.31,499.86,1623039,2027519,2488319,3506175,4591615,474368,15941631,2132326.48,816364.08,27410,10,10,10,0,0,0,0,0,0,2275327,4067327,5840895,2439986.69,500
1782778045,0,27910,0,218.53,500.32,1628159,2033663,2502655,3540991,4661247,474368,15941631,2142345.56,822084.06,27910,10,10,10,0,0,0,0,0,0,2531327,4640767,5275647,2691591.17,500
1782778046,0,28410,0,220.72,499.94,1631231,2039807,2512895,3567615,4677631,474368,15941631,2150142.21,825767.37,28410,10,10,10,0,0,0,0,0,0,2498559,4317183,5275647,2585351.17,500
1782778047,0,28910,0,222.87,499.76,1634303,2046975,2521087,3575807,4702207,474368,15941631,2156237.00,829107.31,28910,10,10,10,0,0,0,0,0,0,2375679,4124671,6172671,2502543.10,500
1782778048,0,29410,0,224.99,500.04,1637375,2054143,2529279,3596287,4722687,474368,15941631,2163307.25,831977.43,29410,10,10,10,0,0,0,0,0,0,2416639,4317183,5160959,2572109.31,500
1782778049,0,29910,0,227.08,500.35,1642495,2059263,2541567,3620863,4722687,474368,15941631,2172297.60,835532.05,29910,10,10,10,0,0,0,0,0,0,2574335,4292607,4653055,2701110.02,500
1782778050,0,30410,0,229.14,499.83,1646591,2066431,2553855,3645439,4726783,474368,15941631,2181733.39,839595.50,30410,10,10,10,0,0,0,0,0,0,2697215,4427775,4792319,2746182.14,500
1782778051,0,30910,0,231.16,499.76,1650687,2072575,2562047,3665919,4784127,428288,15941631,2189710.95,846028.28,30910,10,10,10,0,0,0,0,0,0,2498559,4673535,6103039,2674905.86,500
1782778052,0,31410,0,233.16,500.42,1653759,2076671,2568191,3674111,4775935,428288,15941631,2194182.49,845964.93,31410,10,10,10,0,0,0,0,0,0,2375679,3991551,4763647,2470613.50,500
1782778053,0,31910,0,235.13,499.93,1656831,2082815,2578431,3694591,4804607,428288,15941631,2201606.75,850476.74,31910,10,10,10,0,0,0,0,0,0,2547711,4435967,5648383,2667998.72,500
1782778054,0,32410,0,237.06,500.04,1658879,2087935,2586623,3717119,4841471,428288,15941631,2209128.42,857240.86,32410,10,10,10,0,0,0,0,0,0,2512895,4669439,6098943,2689161.47,500
1782778055,0,32910,0,238.97,499.93,1661951,2093055,2596863,3737599,4861951,428288,15941631,2216337.72,861754.66,32910,10,10,10,0,0,0,0,0,0,2471935,4550655,5119999,2683644.42,500
1782778056,0,33410,0,240.85,499.73,1665023,2096127,2603007,3745791,4878335,428288,15941631,2220717.39,863171.27,33410,10,10,10,0,0,0,0,0,0,2371583,4251647,5255167,2508987.39,500
1782778057,0,33910,0,242.71,499.97,1668095,2101247,2609151,3753983,4886527,405248,15941631,2225757.44,863852.29,33910,10,10,10,0,0,0,0,0,0,2428927,4100095,5439487,2562533.12,500
1782778058,0,34410,0,244.54,500.27,1669119,2103295,2613247,3764223,4894719,405248,15941631,2228659.99,865824.58,34410,10,10,10,0,0,0,0,0,0,2316287,4046847,5574655,2425511.42,500
1782778059,0,34910,0,246.34,499.73,1672191,2107391,2619391,3778559,4894719,405248,15941631,2233467.99,866504.30,34910,10,10,10,0,0,0,0,0,0,2439167,4163583,4677631,2564354.05,500
1782778060,0,35410,0,248.12,500.27,1676287,2113535,2627583,3801087,4911103,405248,15941631,2240734.68,873085.82,35410,10,10,10,0,0,0,0,0,0,2576383,4554751,6692863,2748095.49,500
1782778061,0,35910,0,249.87,499.80,1679359,2119679,2635775,3809279,4911103,405248,15941631,2245894.85,873836.93,35910,10,10,10,0,0,0,0,0,0,2559999,4100095,4644863,2611337.98,500
1782778062,0,36410,0,251.60,499.93,1682431,2121727,2641919,3809279,4915199,405248,15941631,2249593.67,874885.64,36410,10,10,10,0,0,0,0,0,0,2435071,3921919,5558271,2515242.50,500
1782778063,0,36910,0,253.30,500.14,1684479,2125823,2648063,3813375,4915199,405248,15941631,2253620.69,875129.86,36910,10,10,10,0,0,0,0,0,0,2445311,4079615,4894719,2546868.48,500
1782778064,0,37410,0,254.98,500.03,1687551,2129919,2656255,3821567,4943871,405248,15941631,2258359.01,878136.77,37410,10,10,10,0,0,0,0,0,0,2457599,4538367,6086655,2608141.82,500
1782778065,0,37910,0,256.64,500.17,1690623,2136063,2664447,3833855,4943871,405248,15941631,2263577.35,879329.22,37910,10,10,10,0,0,0,0,0,0,2596863,4272127,4751359,2654013.95,500
1782778066,0,38410,0,258.28,499.94,1692671,2140159,2670591,3846143,4947967,405248,15941631,2268457.91,881644.40,38410,10,10,10,0,0,0,0,0,0,2525183,4370431,5259263,2638501.63,500
1782778067,0,38910,0,259.89,499.89,1693695,2142207,2678783,3854335,4943871,405248,15941631,2272633.60,882302.23,38910,10,10,10,0,0,0,0,0,0,2510847,4218879,4644863,2593410.05,500
1782778068,0,39410,0,261.49,500.13,1695743,2146303,2684927,3856383,4943871,405248,15941631,2275873.58,882479.63,39410,10,10,10,0,0,0,0,0,0,2449407,4065279,4939775,2528009.22,500
1782778069,0,39910,0,263.06,499.71,1698815,2150399,2691071,3870719,4947967,405248,15941631,2280899.79,884489.58,39910,10,10,10,0,0,0,0,0,0,2562047,4251647,5365759,2677065.73,500
1782778070,0,40410,0,264.61,499.98,1700863,2152447,2695167,3880959,4952063,405248,15941631,2284191.22,885892.73,40410,10,10,10,0,0,0,0,0,0,2390015,4530175,5218303,2546912.77,500
1782778071,0,40910,0,266.14,500.03,1702911,2156543,2699263,3883007,4952063,405248,15941631,2286854.05,885987.01,40910,10,10,10,0,0,0,0,0,0,2418687,3913727,5165055,2502064.13,500
1782778072,0,41410,0,267.65,500.06,1704959,2160639,2705407,3891199,4968447,405248,15941631,2290564.93,887062.58,41410,10,10,10,0,0,0,0,0,0,2519039,4448255,5181439,2594189.31,500
1782778073,0,41910,0,269.15,500.11,1707007,2162687,2711551,3895295,4960255,405248,15941631,2294199.13,887687.15,41910,10,10,10,0,0,0,0,0,0,2574335,4057087,4816895,2595183.62,500
1782778074,0,42410,0,270.62,500.24,1710079,2168831,2717695,3897343,4952063,405248,15941631,2297819.51,887824.45,42410,10,10,10,0,0,0,0,0,0,2576383,3930111,4456447,2601279.23,500
1782778075,0,42910,0,272.07,499.84,1711103,2172927,2723839,3903487,4952063,405248,15941631,2301575.85,888186.09,42910,10,10,10,0,0,0,0,0,0,2529279,4206591,4603903,2620189.18,500
1782778076,0,43410,0,273.51,499.88,1715199,2179071,2729983,3909631,4960255,405248,15941631,2306659.18,889348.27,43410,10,10,10,0,0,0,0,0,0,2650111,4321279,5124095,2742910.46,500
1782778077,0,43910,0,274.93,499.82,1716223,2181119,2738175,3913727,4968447,405248,15941631,2311010.47,891436.32,43910,10,10,10,0,0,0,0,0,0,2621439,4489215,5935103,2688789.50,500
1782778078,0,44410,0,276.33,500.06,1717247,2183167,2740223,3915775,4968447,405248,15941631,2312473.14,891432.70,44410,10,10,10,0,0,0,0,0,0,2291711,4136959,4763647,2440924.67,500
1782778079,0,44910,0,277.71,500.30,1720319,2187263,2746367,3913727,4968447,405248,15941631,2315719.19,890734.25,44910,10,10,10,0,0,0,0,0,0,2566143,3786751,4825087,2604033.54,500
1782778080,0,45410,0,279.08,499.78,1721343,2189311,2750463,3917823,4968447,405248,15941631,2318107.34,891956.94,45410,10,10,10,0,0,0,0,0,0,2394111,4014079,4636671,2532610.56,500
1782778081,0,45910,0,280.43,500.17,1724415,2193407,2754559,3921919,4960255,405248,15941631,2322081.59,892256.24,45910,10,10,10,0,0,0,0,0,0,2584575,4243455,4780031,2683023.36,500
1782778082,0,46410,0,281.76,500.01,1725439,2195455,2758655,3926015,4968447,405248,15941631,2324642.93,894705.21,46410,10,10,10,0,0,0,0,0,0,2441215,4268031,5169151,2559824.90,500
1782778083,0,46910,0,283.08,500.16,1728511,2199551,2766847,3928063,4968447,405248,15941631,2328462.60,895679.88,46910,10,10,10,0,0,0,0,0,0,2562047,4136959,5578751,2683003.90,500
1782778084,0,47410,0,284.38,499.94,1729535,2201599,2770943,3930111,4964351,405248,15941631,2330789.43,895286.74,47410,10,10,10,0,0,0,0,0,0,2484223,4052991,4567039,2549092.86,500
1782778085,0,47910,0,285.66,499.83,1731583,2203647,2772991,3938303,4968447,405248,15941631,2333738.67,897617.76,47910,10,10,10,0,0,0,0,0,0,2443263,4431871,5881855,2613385.98,500
1782778086,0,48410,0,286.93,500.17,1732607,2207743,2779135,3940351,4976639,405248,15941631,2335990.52,898189.68,48410,10,10,10,0,0,0,0,0,0,2471935,4106239,5156863,2551762.18,500
1782778087,0,48910,0,288.19,499.93,1733631,2209791,2783231,3946495,4976639,405248,15941631,2338836.51,899082.20,48910,10,10,10,0,0,0,0,0,0,2619391,4202495,4853759,2614385.66,500
1782778088,0,49410,0,289.43,499.80,1734655,2211839,2787327,3950591,4988927,405248,15941631,2341530.51,900527.46,49410,10,10,10,0,0,0,0,0,0,2516991,4358143,5525503,2605057.79,500
1782778089,0,49910,0,290.66,500.13,1735679,2213887,2791423,3956735,5005311,405248,15941631,2344052.96,901504.07,49910,10,10,10,0,0,0,0,0,0,2486271,4554751,5627903,2593320.96,500
1782778090,0,50410,0,291.87,500.14,1737727,2215935,2795519,3960831,5009407,405248,15941631,2347051.09,901943.17,50410,10,10,10,0,0,0,0,0,0,2590719,4292607,5152767,2646324.74,500
1782778091,0,50910,0,293.07,499.71,1739775,2217983,2799615,3964927,5005311,405248,15941631,2349054.31,901598.99,50910,10,10,10,0,0,0,0,0,0,2469887,4122623,4837375,2551018.75,500
1782778092,0,51410,0,294.25,500.27,1741823,2222079,2803711,3973119,5013503,405248,15941631,2352535.48,903417.91,51410,10,10,10,0,0,0,0,0,0,2609151,4607999,5644287,2706988.29,500
1782778093,0,51910,0,295.42,499.97,1741823,2224127,2805759,3971071,5013503,405248,15941631,2353838.40,902984.70,51910,10,10,10,0,0,0,0,0,0,2416639,3887103,4644863,2487804.42,500
1782778094,0,52410,0,296.58,499.78,1741823,2224127,2807807,3979263,5017599,405248,15941631,2355653.75,904916.61,52410,10,10,10,0,0,0,0,0,0,2387967,4542463,5308415,2544124.16,500
1782778095,0,52910,0,297.72,500.17,1744895,2228223,2813951,3987455,5038079,405248,15941631,2359048.90,907311.56,52910,10,10,10,0,0,0,0,0,0,2514943,4542463,6582271,2714927.62,500
1782778096,0,53410,0,298.86,500.03,1745919,2230271,2818047,3997695,5046271,405248,15941631,2362008.96,908752.57,53410,10,10,10,0,0,0,0,0,0,2568191,4423679,5189631,2675243.52,500
1782778097,0,53910,0,299.98,499.97,1747967,2234367,2820095,4003839,5042175,405248,15941631,2365580.17,909266.04,53910,10,10,10,0,0,0,0,0,0,2623487,4366335,4931583,2747056.13,500
1782778098,0,54220,0,300.03,309.95,1748991,2234367,2822143,4007935,5058559,405248,15941631,2366787.83,910125.14,54220,10,10,10,0,0,0,0,0,0,2287615,4517887,5799935,2576803.51,310
1782778099,0,54420,0,299.48,200.00,1747967,2232319,2820095,4005887,5054463,405248,15941631,2365202.21,909760.75,54420,10,10,10,0,0,0,0,0,0,1827839,3229695,3842047,1935342.08,200
1782778100,0,54620,0,298.94,200.03,1745919,2230271,2818047,4003839,5054463,405248,15941631,2363257.29,909397.60,54620,10,10,10,0,0,0,0,0,0,1747967,2891775,3409919,1834044.16,200
1782778101,0,54820,0,298.40,199.93,1745919,2228223,2815999,4001791,5050367,405248,15941631,2361564.44,908669.00,54820,10,10,10,0,0,0,0,0,0,1872895,2572287,3035135,1899247.36,200
1782778102,0,55020,0,297.86,200.02,1743871,2228223,2813951,3999743,5046271,405248,15941631,2360435.22,908125.79,55020,10,10,10,0,0,0,0,0,0,2014207,3237887,4300799,2050914.56,200
1782778103,0,55220,0,297.34,200.12,1742847,2226175,2813951,3999743,5042175,405248,15941631,2359063.36,907636.36,55220,10,10,10,0,0,0,0,0,0,1873919,3131391,4214783,1981666.56,200
1782778104,0,55420,0,296.82,199.93,1742847,2226175,2809855,3995647,5038079,405248,15941631,2357998.24,906859.30,55420,10,10,10,0,0,0,0,0,0,2041855,3100671,3885055,2063918.08,200
1782778105,0,55620,0,296.30,199.91,1741823,2224127,2809855,3995647,5042175,405248,15941631,2356919.06,906745.96,55620,10,10,10,0,0,0,0,0,0,1886207,3555327,5099519,2057879.04,200
1782778106,0,55820,0,295.79,200.15,1740799,2224127,2807807,3995647,5038079,405248,15941631,2355969.77,906330.15,55820,10,10,10,0,0,0,0,0,0,1952767,3573759,4104191,2091971.84,200
1782778107,0,56020,0,295.28,199.86,1739775,2222079,2807807,3991551,5029887,405248,15941631,2354899.52,905787.66,56020,10,10,10,0,0,0,0,0,0,1993727,3301375,3805183,2056192.00,200
1782778108,0,56220,0,294.79,199.99,1737727,2220031,2805759,3989503,5029887,405248,15941631,2353042.54,905284.00,56220,10,10,10,0,0,0,0,0,0,1771519,2838527,3127295,1832902.40,200
1782778109,0,56420,0,294.29,200.03,1737727,2220031,2803711,3985407,5025791,405248,15941631,2351954.43,904708.94,56420,10,10,10,0,0,0,0,0,0,2012159,3340287,3923967,2046086.40,200
1782778110,0,56620,0,293.80,200.01,1736703,2217983,2803711,3983359,5021695,405248,15941631,2350490.76,904162.25,56620,10,10,10,0,0,0,0,0,0,1832959,3092479,3461119,1937591.04,200
1782778111,0,56820,0,293.32,199.96,1735679,2215935,2801663,3979263,5021695,405248,15941631,2348907.18,903434.33,56820,10,10,10,0,0,0,0,0,0,1926143,2785279,3059711,1900595.20,200
1782778112,0,57020,0,292.84,200.04,1734655,2215935,2799615,3979263,5017599,405248,15941631,2347706.02,903235.85,57020,10,10,10,0,0,0,0,0,0,1890303,3504127,4591615,2006455.04,200
1782778113,0,57220,0,292.36,200.13,1733631,2213887,2797567,3979263,5017599,405248,15941631,2346720.36,902950.78,57220,10,10,10,0,0,0,0,0,0,1869823,3696639,4308991,2065708.80,200
1782778114,0,57420,0,291.90,200.00,1732607,2211839,2795519,3977215,5017599,405248,15941631,2344889.33,902417.47,57420,10,10,10,0,0,0,0,0,0,1813503,2615295,2877439,1821031.68,200
1782778115,0,57620,0,291.43,199.81,1731583,2211839,2793471,3977215,5017599,405248,15941631,2344021.94,902630.62,57620,10,10,10,0,0,0,0,0,0,1918975,3215359,5836799,2094995.20,200
1782778116,0,57820,0,290.97,200.04,1731583,2211839,2793471,3973119,5017599,405248,15941631,2343278.51,901986.25,57820,10,10,10,0,0,0,0,0,0,2053119,3327999,3880959,2129095.68,200
1782778117,0,58020,0,290.51,200.01,1729535,2209791,2791423,3971071,5017599,405248,15941631,2341446.77,901446.77,58020,10,10,10,0,0,0,0,0,0,1756159,2732031,3299327,1811889.92,200
1782778118,0,58220,0,290.06,200.13,1728511,2207743,2787327,3969023,5013503,405248,15941631,2340030.15,900708.59,58220,10,10,10,0,0,0,0,0,0,1913855,2697215,2961407,1929068.80,200
1782778119,0,58420,0,289.62,199.88,1727487,2207743,2785279,3966975,5013503,405248,15941631,2338558.43,900298.24,58420,10,10,10,0,0,0,0,0,0,1806335,3225599,3811327,1910141.44,200
1782778120,0,58620,0,289.17,200.05,1727487,2205695,2785279,3966975,5013503,405248,15941631,2337593.19,899530.78,58620,10,10,10,0,0,0,0,0,0,2077695,2996223,3420159,2055645.44,200
1782778121,0,58820,0,288.74,199.92,1726463,2205695,2785279,3966975,5009407,405248,15941631,2337081.84,899342.71,58820,10,10,10,0,0,0,0,0,0,1994751,3717119,4661247,2187207.68,200
1782778122,0,59020,0,288.30,200.16,1725439,2203647,2783231,3964927,5005311,405248,15941631,2335908.26,898715.19,59020,10,10,10,0,0,0,0,0,0,1989631,2973695,3831807,1990758.40,200
1782778123,0,59220,0,287.87,199.84,1725439,2203647,2781183,3962879,5001215,405248,15941631,2335033.16,898413.30,59220,10,10,10,0,0,0,0,0,0,1946623,3313663,4640767,2076791.04,200
1782778124,0,59420,0,287.45,200.14,1724415,2201599,2779135,3960831,4997119,405248,15941631,2333602.82,897842.15,59420,10,10,10,0,0,0,0,0,0,1867775,2908159,3604479,1910078.72,200
1782778125,0,59620,0,287.03,199.89,1723391,2199551,2779135,3958783,4993023,405248,15941631,2332203.61,897323.78,59620,10,10,10,0,0,0,0,0,0,1861631,2926591,3725311,1916497.92,200
1782778126,0,59820,0,286.61,200.12,1722367,2199551,2777087,3956735,4988927,405248,15941631,2331258.04,896866.55,59820,10,10,10,0,0,0,0,0,0,1915903,3495935,4136959,2049383.68,200
1782778127,0,60020,0,286.20,199.99,1722367,2199551,2775039,3956735,4984831,405248,15941631,2330575.25,896122.08,60020,10,10,10,0,0,0,0,0,0,2144255,3012607,3964927,2126353.92,200
1782778128,0,60220,0,285.79,199.96,1721343,2197503,2775039,3954687,4984831,405248,15941631,2329284.55,895496.26,60220,10,10,10,0,0,0,0,0,0,1888255,2828287,3549183,1941943.04,200
1782778129,0,60420,0,285.38,200.03,1720319,2195455,2772991,3952639,4980735,405248,15941631,2328075.65,895143.33,60420,10,10,10,0,0,0,0,0,0,1863679,3667967,4239359,1964078.08,200
1782778130,0,60620,0,284.98,199.84,1720319,2195455,2770943,3952639,4976639,405248,15941631,2326962.31,894289.90,60620,10,10,10,0,0,0,0,0,0,2017279,2719743,3071999,1990620.16,200
1782778131,0,60820,0,284.59,200.11,1719295,2193407,2768895,3950591,4972543,405248,15941631,2325773.56,893848.69,60820,10,10,10,0,0,0,0,0,0,1837055,3178495,3563519,1965464.32,200
1782778132,0,61020,0,284.19,199.91,1718271,2191359,2768895,3950591,4968447,405248,15941631,2324879.43,893502.54,61020,10,10,10,0,0,0,0,0,0,1914879,3571711,4874239,2052974.08,200
1782778133,0,61220,0,283.80,200.11,1717247,2191359,2766847,3948543,4984831,405248,15941631,2324628.94,897311.72,61220,10,10,10,0,0,0,0,0,0,1882111,3151871,9920511,2248204.80,200
1782778134,0,61420,0,283.41,199.89,1717247,2189311,2764799,3948543,4980735,405248,15941631,2323131.49,896911.61,61420,10,10,10,0,0,0,0,0,0,1798143,3108863,3524607,1864760.96,200
1782778135,0,61620,0,283.03,200.14,1715199,2187263,2762751,3946495,4976639,405248,15941631,2321118.50,896517.93,61620,10,10,10,0,0,0,0,0,0,1703935,2435071,2852863,1702931.20,200
1782778136,0,61820,0,282.65,199.88,1714175,2185215,2758655,3942399,4972543,405248,15941631,2319329.37,896028.56,61820,10,10,10,0,0,0,0,0,0,1786879,2621439,2967551,1768097.28,200
1782778137,0,62020,0,282.28,200.03,1713151,2183167,2756607,3940351,4968447,405248,15941631,2317502.59,895736.47,62020,10,10,10,0,0,0,0,0,0,1707007,2824191,3311615,1752844.80,200
1782778138,0,62220,0,281.90,199.92,1711103,2181119,2754559,3938303,4968447,405248,15941631,2315692.02,895280.58,62220,10,10,10,0,0,0,0,0,0,1736703,2627583,2949119,1754234.88,200
1782778139,0,62420,0,281.53,200.06,1711103,2179071,2754559,3936255,4968447,405248,15941631,2314652.88,894569.90,62420,10,10,10,0,0,0,0,0,0,1937407,2977791,3311615,1991376.64,200
1782778140,0,62620,0,281.17,200.02,1710079,2179071,2752511,3932159,4968447,405248,15941631,2313500.27,893902.17,62620,10,10,10,0,0,0,0,0,0,1984511,3024895,3342335,1953770.24,200
1782778141,0,62820,0,280.80,200.11,1710079,2177023,2750463,3932159,4964351,405248,15941631,2312662.65,893979.93,62820,10,10,10,0,0,0,0,0,0,1825791,3717119,4599807,2050405.12,200
1782778142,0,63020,0,280.44,199.85,1709055,2177023,2750463,3932159,4960255,405248,15941631,2311608.96,893515.26,63020,10,10,10,0,0,0,0,0,0,1901567,3311615,3555327,1980643.84,200
1782778143,0,63220,0,280.09,200.04,1708031,2174975,2748415,3930111,4956159,405248,15941631,2309888.04,892925.94,63220,10,10,10,0,0,0,0,0,0,1779711,2496511,2807807,1767624.96,200
1782778144,0,63420,0,279.73,199.96,1707007,2172927,2746367,3928063,4952063,405248,15941631,2308869.98,892325.16,63420,10,10,10,0,0,0,0,0,0,1909759,3262463,3776511,1987063.04,200
1782778145,0,63620,0,279.38,200.00,1707007,2172927,2746367,3926015,4952063,405248,15941631,2307844.96,891755.15,63620,10,10,10,0,0,0,0,0,0,1981439,2945023,3489791,1982810.24,200
1782778146,0,63820,0,279.04,200.01,1705983,2170879,2744319,3928063,4968447,405248,15941631,2307790.95,894383.28,63820,10,10,10,0,0,0,0,0,0,1874943,6574079,8445951,2290609.92,200
1782778147,0,64020,0,278.69,200.01,1705983,2168831,2742271,3926015,4964351,405248,15941631,2306450.78,893756.54,64020,10,10,10,0,0,0,0,0,0,1880063,2691071,3024895,1878801.92,200
1782778148,0,64220,0,278.35,200.04,1704959,2168831,2740223,3926015,4968447,405248,15941631,2305457.28,893720.08,64220,10,10,10,0,0,0,0,0,0,1817599,3205119,5550079,1987439.36,200
1782778149,0,64420,0,278.01,199.98,1704959,2166783,2740223,3923967,4968447,405248,15941631,2305045.19,893345.32,64420,10,10,10,0,0,0,0,0,0,2024447,3534847,4513791,2172723.20,200
1782778150,0,64620,0,277.68,200.05,1703935,2166783,2738175,3923967,4964351,405248,15941631,2304100.80,892843.00,64620,10,10,10,0,0,0,0,0,0,1883135,3295231,3930111,1999911.68,200
1782778151,0,64820,0,277.35,199.95,1703935,2164735,2738175,3926015,4984831,405248,15941631,2304373.34,894190.50,64820,10,10,10,0,0,0,0,0,0,2042879,5758975,6512639,2392432.64,200
1782778152,0,65020,0,277.02,199.94,1702911,2164735,2736127,3923967,4984831,405248,15941631,2303439.98,893847.75,65020,10,10,10,0,0,0,0,0,0,1929215,3311615,4114431,2000938.24,200
1782778153,0,65220,0,276.69,200.18,1702911,2164735,2736127,3923967,4997119,405248,15941631,2303274.35,894353.73,65220,10,10,10,0,0,0,0,0,0,2076671,3854335,6623231,2249425.92,200
1782778154,0,65420,0,276.37,199.91,1702911,2164735,2736127,3921919,4988927,405248,15941631,2302679.57,893772.18,65420,10,10,10,0,0,0,0,0,0,2000895,3375103,3672063,2108724.48,200
1782778155,0,65620,0,276.05,200.07,1702911,2162687,2734079,3921919,4997119,405248,15941631,2302231.98,893788.69,65620,10,10,10,0,0,0,0,0,0,2019327,4036607,5111807,2155823.36,200
1782778156,0,65820,0,275.73,200.00,1702911,2162687,2732031,3919871,4988927,405248,15941631,2301172.95,893118.35,65820,10,10,10,0,0,0,0,0,0,1946623,2789375,3336191,1953704.96,200
1782778157,0,66020,0,275.41,199.84,1700863,2160639,2729983,3917823,4988927,405248,15941631,2299797.16,892732.98,66020,10,10,10,0,0,0,0,0,0,1752063,2996223,3758079,1847024.64,200
1782778158,0,66800,0,277.51,780.55,1702911,2162687,2734079,3936255,5083135,405248,15941631,2305765.23,906780.65,66800,10,10,10,0,0,0,0,0,0,2324479,6406143,9379839,2810909.21,780
1782778159,0,67801,0,280.50,1000.81,1699839,2160639,2729983,3930111,5079039,405248,15941631,2302741.51,905030.88,67801,10,10,10,0,0,0,0,0,0,2043903,3303423,4726783,2100958.37,1001
1782778160,0,68801,0,283.46,999.90,1698815,2158591,2725887,3928063,5083135,405248,15941631,2300233.63,904678.02,68801,10,10,10,0,0,0,0,0,0,2012159,3534847,5562367,2130196.99,1000
1782778161,0,69800,0,286.40,999.07,1696767,2156543,2725887,3923967,5083135,405248,15941631,2298499.49,904600.58,69800,10,10,10,0,0,0,0,0,0,2119679,3733503,4792319,2179069.57,999
1782778162,0,70800,0,289.32,999.82,1695743,2156543,2721791,3919871,5083135,405248,15941631,2296276.17,904677.64,70800,10,10,10,0,0,0,0,0,0,2026495,3477503,6045695,2141088.51,1000
1782778163,0,71800,0,292.21,1000.30,1694719,2154495,2721791,3917823,5083135,405248,15941631,2294869.16,903766.69,71800,10,10,10,0,0,0,0,0,0,2105343,3624959,5140479,2195252.74,1000
1782778164,0,72810,0,295.12,1009.78,1693695,2154495,2717695,3911679,5079039,405248,15941631,2291790.84,901689.73,72810,10,10,10,0,0,0,0,0,0,2058239,3213311,4059135,2072955.56,1010
1782778165,0,73800,0,297.92,990.58,1693695,2152447,2715647,3905535,5066751,318720,15941631,2289870.61,899861.12,73800,10,10,10,0,0,0,0,0,0,2127871,3381247,3901439,2148646.92,990
1782778166,0,74800,0,300.75,1000.03,1691647,2152447,2713599,3901439,5066751,318720,15941631,2287748.11,899348.79,74800,10,10,10,0,0,0,0,0,0,2064383,3459071,4423679,2131107.71,1000
1782778167,0,75810,0,303.59,1009.05,1692671,2152447,2713599,3893247,5058559,318720,15941631,2286500.11,896311.22,75810,10,10,10,0,0,0,0,0,0,2217983,3205119,3506175,2194073.73,1010
1782778168,0,76800,0,306.32,990.44,1693695,2154495,2711551,3893247,5066751,318720,15941631,2287378.17,896068.39,76800,10,10,10,0,0,0,0,0,0,2248703,3938303,6230015,2354616.11,990
1782778169,0,77800,0,309.08,999.72,1693695,2154495,2709503,3885055,5062655,318720,15941631,2285594.74,894089.43,77800,10,10,10,0,0,0,0,0,0,2140159,3342335,4259839,2148627.33,1000
1782778170,0,78802,0,311.82,1002.42,1692671,2152447,2707455,3883007,5058559,318720,15941631,2283218.31,892957.35,78802,10,10,10,0,0,0,0,0,0,2035711,3559423,4476927,2098701.29,1002
1782778171,0,79800,0,314.53,998.20,1692671,2152447,2705407,3876863,5046271,318720,15941631,2281790.21,890692.10,79800,10,10,10,0,0,0,0,0,0,2144255,3295231,4399103,2169027.46,998
1782778172,0,80800,0,317.22,999.85,1691647,2152447,2703359,3876863,5038079,318720,15941631,2280917.39,890151.62,80800,10,10,10,0,0,0,0,0,0,2109439,3817471,4714495,2211266.56,1000
1782778173,0,81800,0,319.89,1000.13,1691647,2152447,2703359,3876863,5042175,318720,15941631,2280340.13,890431.63,81800,10,10,10,0,0,0,0,0,0,2091007,3936255,5320703,2233697.41,1000
1782778174,0,82800,0,322.54,999.49,1688575,2148351,2701311,3870719,5042175,318720,15941631,2277083.22,890179.63,82800,10,10,10,0,0,0,0,0,0,1949695,3241983,4726783,2010667.65,1000
1782778175,0,83804,0,325.18,1004.65,1688575,2148351,2699263,3864575,5025791,318720,15941631,2275145.10,887968.31,83804,10,10,10,0,0,0,0,0,0,2079743,3348479,3833855,2115308.75,1004
1782778176,0,84801,0,327.78,996.69,1685503,2144255,2695167,3858431,5021695,318720,15941631,2271504.03,886755.32,84801,10,10,10,0,0,0,0,0,0,1915903,3205119,4206591,1965448.86,997
1782778177,0,85800,0,330.36,999.09,1683455,2142207,2691071,3854335,5017599,318720,15941631,2268728.56,885722.90,85800,10,10,10,0,0,0,0,0,0,1952767,3506175,4513791,2033130.35,999
1782778178,0,86800,0,332.93,1000.04,1682431,2142207,2689023,3854335,5013503,318720,15941631,2267368.89,884997.72,86800,10,10,10,0,0,0,0,0,0,2067455,3596287,4952063,2150709.76,1000
1782778179,0,87803,0,335.49,1003.18,1682431,2140159,2686975,3850239,5013503,318720,15941631,2265863.57,883737.89,87803,10,10,10,0,0,0,0,0,0,2063359,3186687,4763647,2135592.58,1003
1782778180,0,88801,0,338.01,997.65,1680383,2140159,2682879,3846143,5005311,318720,15941631,2263271.09,882778.15,88801,10,10,10,0,0,0,0,0,0,1983487,3368959,4771839,2035186.92,998
1782778181,0,89801,0,340.52,1000.24,1681407,2140159,2682879,3844095,5001215,318720,15941631,2263283.01,881896.82,89801,10,10,10,0,0,0,0,0,0,2191359,3737599,4579327,2264342.27,1000
1782778182,0,90807,0,343.04,1006.15,1680383,2140159,2682879,3842047,4993023,318720,15941631,2262424.87,880363.31,90807,10,10,10,0,0,0,0,0,0,2115583,3520511,4419583,2185822.16,1006
1782778183,0,91806,0,345.51,998.91,1679359,2140159,2680831,3837951,4984831,318720,15941631,2261160.89,879436.81,91806,10,10,10,0,0,0,0,0,0,2107391,3545087,4440063,2146268.00,999
1782778184,0,92801,0,347.94,994.88,1679359,2138111,2678783,3839999,4988927,318720,15941631,2260539.07,879147.88,92801,10,10,10,0,0,0,0,0,0,2111487,3887103,5201919,2203165.33,995
1782778185,0,93802,0,350.38,1001.14,1679359,2138111,2678783,3837951,4988927,318720,15941631,2260361.73,878541.13,93802,10,10,10,0,0,0,0,0,0,2125823,3694591,4808703,2243921.07,1001
1782778186,0,94801,0,352.79,998.56,1677311,2136063,2674687,3833855,4976639,318720,15941631,2257158.08,877424.26,94801,10,10,10,0,0,0,0,0,0,1905663,3362815,4048895,1956348.41,999
1782778187,0,95808,0,355.22,1007.18,1677311,2136063,2674687,3831807,4972543,313344,15941631,2255891.52,877108.60,95808,10,10,10,0,0,0,0,0,0,2099199,3342335,4845567,2136655.06,1007
1782778188,0,96800,0,357.57,992.13,1677311,2136063,2672639,3827711,4968447,313344,15941631,2254800.50,875832.57,96800,10,10,10,0,0,0,0,0,0,2119679,3438591,4280319,2149428.39,992
1782778189,0,97800,0,359.94,999.30,1677311,2136063,2672639,3823615,4956159,313344,15941631,2253945.34,874238.27,97800,10,10,10,0,0,0,0,0,0,2142207,3332095,4247551,2171166.46,1000
1782778190,0,98800,0,362.28,1000.53,1676287,2136063,2670591,3821567,4947967,313344,15941631,2252880.02,873519.94,98800,10,10,10,0,0,0,0,0,0,2092031,3602431,4521983,2148691.97,1000
1782778191,0,99809,0,364.65,1008.36,1675263,2134015,2668543,3821567,4947967,278016,15941631,2250215.16,873412.07,99809,10,10,10,0,0,0,0,0,0,1918975,3178495,5017599,1989274.77,1009
1782778192,0,100802,0,366.93,993.87,1675263,2134015,2666495,3817471,4939775,278016,15941631,2249292.50,871318.85,100802,10,10,10,0,0,0,0,0,0,2134015,3110911,4149247,2156553.41,993
1782778193,0,101800,0,369.22,997.30,1677311,2134015,2666495,3815423,4943871,278016,15941631,2250315.57,870990.78,101800,10,10,10,0,0,0,0,0,0,2240511,3647487,5378047,2353649.89,998
1782778194,0,102802,0,371.51,1002.67,1677311,2134015,2664447,3813375,4939775,278016,15941631,2249641.97,869921.75,102802,10,10,10,0,0,0,0,0,0,2140159,3489791,4816895,2181206.87,1002
1782778195,0,103803,0,373.78,1001.07,1677311,2134015,2664447,3809279,4935679,278016,15941631,2249138.39,869033.98,103803,10,10,10,0,0,0,0,0,0,2093055,3471359,4747263,2197420.76,1001
1782778196,0,104800,0,376.01,996.53,1677311,2134015,2662399,3805183,4923391,278016,15941631,2247748.82,867242.68,104800,10,10,10,0,0,0,0,0,0,2107391,3080191,3799039,2103073.12,997
1782778197,0,105800,0,378.24,999.54,1676287,2131967,2662399,3803135,4919295,278016,15941631,2246313.83,866666.11,105800,10,10,10,0,0,0,0,0,0,2010111,3461119,4775935,2095927.30,1000
1782778198,0,106800,0,380.46,1000.62,1675263,2131967,2660351,3796991,4915199,278016,15941631,2244753.30,865480.00,106800,10,10,10,0,0,0,0,0,0,2063359,3284991,3993599,2079649.28,1000
1782778199,0,107801,0,382.66,1001.17,1673215,2129919,2658303,3792895,4911103,278016,15941631,2242938.22,864893.40,107801,10,10,10,0,0,0,0,0,0,1957887,3448831,4050943,2049281.15,1001
1782778200,0,108802,0,384.85,1000.62,1673215,2129919,2658303,3788799,4902911,278016,15941631,2242210.42,863618.65,108802,10,10,10,0,0,0,0,0,0,2150399,3315711,4085759,2163831.05,1001
1782778201,0,109800,0,387.01,997.99,1674239,2131967,2660351,3792895,4935679,278016,16687103,2244050.72,869809.19,109800,10,10,10,0,0,0,0,0,0,2215935,4833279,7233535,2444679.95,998
1782778202,0,110808,0,389.19,1008.44,1673215,2131967,2660351,3792895,4935679,278016,16687103,2243896.05,869672.26,110808,10,10,10,0,0,0,0,0,0,2129919,3786751,4956159,2227048.51,1008
1782778203,0,111800,0,391.30,992.05,1672191,2129919,2658303,3790847,4931583,278016,16687103,2242374.46,869420.65,111800,10,10,10,0,0,0,0,0,0,1949695,3610623,4481023,2072410.19,992
1782778204,0,112800,0,393.42,999.54,1672191,2129919,2658303,3786751,4919295,278016,16687103,2242271.72,868461.71,112800,10,10,10,0,0,0,0,0,0,2162687,3543039,4157439,2230785.15,1000
1782778205,0,113800,0,395.53,999.88,1672191,2129919,2658303,3782655,4919295,278016,16687103,2241282.84,867661.69,113800,10,10,10,0,0,0,0,0,0,2101247,3309567,4788223,2129737.86,1000
1782778206,0,114800,0,397.62,1000.64,1671167,2129919,2656255,3780607,4919295,278016,16687103,2240321.74,867055.67,114800,10,10,10,0,0,0,0,0,0,2079743,3360767,4808703,2130948.61,1000
1782778207,0,115800,0,399.70,999.31,1671167,2127871,2656255,3776511,4915199,278016,16687103,2239346.13,866245.48,115800,10,10,10,0,0,0,0,0,0,2058239,3334143,4624383,2127345.41,1000
1782778208,0,116809,0,401.80,1009.05,1670143,2127871,2652159,3774463,4911103,278016,16687103,2237358.57,865214.11,116809,10,10,10,0,0,0,0,0,0,1971199,3219455,3913727,2009252.54,1009
1782778209,0,117804,0,403.83,995.60,1670143,2127871,2652159,3772415,4907007,278016,16687103,2236440.65,863946.71,117804,10,10,10,0,0,0,0,0,0,2113535,3203071,4501503,2128680.14,995
1782778210,0,118800,0,405.86,995.49,1669119,2125823,2650111,3766271,4902911,278016,16687103,2235259.16,862643.48,118800,10,10,10,0,0,0,0,0,0,2055167,3231743,3913727,2095516.53,996
1782778211,0,119797,0,407.87,996.82,1671167,2127871,2650111,3764223,4907007,278016,16687103,2235963.15,862440.85,119797,10,10,10,0,0,0,0,0,0,2230271,3457023,5660671,2319848.38,997
1782778212,0,120809,0,409.92,1012.73,1669119,2125823,2648063,3762175,4907007,278016,16687103,2234622.00,864274.87,120809,10,10,10,0,0,0,0,0,0,1965055,3225599,6066175,2075861.00,1012
1782778213,0,121800,0,411.88,990.25,1669119,2125823,2646015,3758079,4902911,278016,16687103,2233213.14,863027.43,121800,10,10,10,0,0,0,0,0,0,2049023,3090431,3921919,2061464.80,991
1782778214,0,122800,0,413.87,1000.55,1669119,2125823,2643967,3753983,4902911,278016,16687103,2232296.60,861809.99,122800,10,10,10,0,0,0,0,0,0,2107391,3147775,4325375,2120662.02,1000
1782778215,0,123801,0,415.84,1000.63,1668095,2125823,2643967,3751935,4902911,278016,16687103,2230972.98,861350.58,123801,10,10,10,0,0,0,0,0,0,2028543,3381247,4718591,2068594.57,1001
1782778216,0,124800,0,417.79,999.19,1667071,2123775,2641919,3747839,4902911,278016,16687103,2229521.23,861390.37,124800,10,10,10,0,0,0,0,0,0,1980415,3330047,5459967,2049613.52,999
1782778217,0,125801,0,419.74,1000.94,1667071,2123775,2639871,3741695,4898815,278016,16687103,2228359.69,859976.76,125801,10,10,10,0,0,0,0,0,0,2101247,3178495,3737599,2083543.85,1001
1782778218,0,126260,0,419.87,458.88,1666047,2123775,2639871,3743743,4902911,278016,16687103,2228146.50,860502.57,126260,10,10,10,0,0,0,0,0,0,1974271,3958783,5533695,2169716.29,459
1782778219,0,126460,0,419.14,200.07,1666047,2123775,2639871,3743743,4902911,278016,16687103,2227872.21,860520.55,126460,10,10,10,0,0,0,0,0,0,1945599,3772415,4395007,2054716.80,200
1782778220,0,126660,0,418.41,199.98,1666047,2123775,2639871,3743743,4902911,278016,16687103,2227683.37,860486.64,126660,10,10,10,0,0,0,0,0,0,2051071,3518463,4960255,2108277.76,200
1782778221,0,126860,0,417.69,199.96,1666047,2123775,2639871,3743743,4907007,278016,16687103,2228109.84,861365.30,126860,10,10,10,0,0,0,0,0,0,2277375,5832703,7196671,2498195.20,200
1782778222,0,127060,0,416.98,200.12,1666047,2123775,2639871,3745791,4907007,278016,16687103,2228727.06,861600.55,127060,10,10,10,0,0,0,0,0,0,2496511,4284415,4747263,2620231.68,200
1782778223,0,127260,0,416.27,199.95,1666047,2123775,2639871,3745791,4907007,278016,16687103,2228829.66,861432.31,127260,10,10,10,0,0,0,0,0,0,2220031,3577855,4435967,2294008.32,200
1782778224,0,127460,0,415.57,199.98,1666047,2123775,2639871,3743743,4907007,278016,16687103,2228495.84,861360.08,127460,10,10,10,0,0,0,0,0,0,1888255,3483647,4210687,2016085.76,200
1782778225,0,127660,0,414.86,199.94,1666047,2123775,2639871,3743743,4902911,278016,16687103,2228055.57,861195.81,127660,10,10,10,0,0,0,0,0,0,1905663,3061759,4055039,1947473.28,200
1782778226,0,127860,0,414.17,200.07,1666047,2123775,2639871,3743743,4902911,278016,16687103,2228037.06,860908.72,127860,10,10,10,0,0,0,0,0,0,2189311,3321855,3942399,2216220.16,200
1782778227,0,128060,0,413.48,199.88,1666047,2123775,2639871,3741695,4902911,278016,16687103,2227963.54,860739.20,128060,10,10,10,0,0,0,0,0,0,2134015,3334143,4411391,2180963.84,200
1782778228,0,128260,0,412.79,200.08,1665023,2123775,2639871,3741695,4902911,278016,16687103,2227396.79,860666.83,128260,10,10,10,0,0,0,0,0,0,1815551,2908159,5099519,1864506.88,200
1782778229,0,128460,0,412.11,199.93,1665023,2123775,2639871,3741695,4902911,278016,16687103,2227585.68,860612.57,128460,10,10,10,0,0,0,0,0,0,2351103,3708927,4472831,2348720.64,200
1782778230,0,128660,0,411.43,199.97,1666047,2123775,2639871,3741695,4902911,278016,16687103,2227529.53,860418.74,128660,10,10,10,0,0,0,0,0,0,2174975,3293183,4003839,2191463.68,200
1782778231,0,128860,0,410.76,200.15,1665023,2123775,2639871,3741695,4902911,278016,16687103,2227449.60,860464.39,128860,10,10,10,0,0,0,0,0,0,2016255,3805183,4284415,2176030.72,200
1782778232,0,129060,0,410.09,199.90,1665023,2123775,2639871,3741695,4902911,278016,16687103,2227095.92,860300.04,129060,10,10,10,0,0,0,0,0,0,1992703,3184639,4476927,1999221.76,200
1782778233,0,129260,0,409.42,200.02,1665023,2121727,2639871,3739647,4898815,278016,16687103,2226432.51,860109.47,129260,10,10,10,0,0,0,0,0,0,1819647,2697215,3162111,1798328.96,200
1782778234,0,129460,0,408.76,200.07,1663999,2121727,2637823,3739647,4898815,278016,16687103,2226158.88,859935.43,129460,10,10,10,0,0,0,0,0,0,2083839,3360767,4081663,2049312.00,200
1782778235,0,129660,0,408.10,199.95,1665023,2123775,2639871,3739647,4902911,278016,16687103,2226587.21,860090.02,129660,10,10,10,0,0,0,0,0,0,2379775,4313087,5857279,2503847.68,200
1782778236,0,129860,0,407.45,199.91,1665023,2123775,2639871,3739647,4902911,278016,16687103,2226500.48,859912.85,129860,10,10,10,0,0,0,0,0,0,2129919,3254271,3813375,2170273.28,200
1782778237,0,130060,0,406.80,200.11,1665023,2121727,2637823,3739647,4902911,278016,16687103,2226278.57,860033.37,130060,10,10,10,0,0,0,0,0,0,1983487,4009983,5988351,2082191.36,200
1782778238,0,130260,0,406.16,200.00,1663999,2121727,2637823,3739647,4902911,278016,16687103,2225744.03,860057.07,130260,10,10,10,0,0,0,0,0,0,1771519,3059711,4853759,1878133.12,200
1782778239,0,130460,0,405.51,199.93,1662975,2121727,2637823,3739647,4902911,278016,16687103,2225188.00,860442.51,130460,10,10,10,0,0,0,0,0,0,1608703,3862527,6193151,1863044.48,200
1782778240,0,130660,0,404.88,200.14,1662975,2121727,2637823,3739647,4907007,278016,16687103,2225118.33,860760.17,130660,10,10,10,0,0,0,0,0,0,2062335,3878911,6561791,2179672.32,200
1782778241,0,130860,0,404.24,199.94,1662975,2121727,2637823,3739647,4907007,278016,16687103,2225193.84,860719.47,130860,10,10,10,0,0,0,0,0,0,2252799,3555327,5550079,2274526.72,200
1782778242,0,131060,0,403.62,200.04,1663999,2121727,2637823,3739647,4911103,278016,16687103,2225399.86,860581.76,131060,10,10,10,0,0,0,0,0,0,2306047,3715071,4952063,2360197.12,200
1782778243,0,131260,0,402.99,199.97,1662975,2121727,2637823,3739647,4907007,278016,16687103,2225374.74,860710.11,131260,10,10,10,0,0,0,0,0,0,2093055,3971071,4669439,2208918.40,200
1782778244,0,131460,0,402.37,200.05,1663999,2121727,2637823,3739647,4907007,278016,16687103,2225436.96,860521.47,131460,10,10,10,0,0,0,0,0,0,2203647,3272703,4894719,2266268.16,200
1782778245,0,131660,0,401.75,200.00,1662975,2121727,2637823,3739647,4907007,278016,16687103,2225074.54,860319.69,131660,10,10,10,0,0,0,0,0,0,1891327,3205119,4231167,1986858.24,200
1782778246,0,131860,0,401.14,199.99,1662975,2121727,2635775,3737599,4907007,278016,16687103,2224467.28,860303.40,131860,10,10,10,0,0,0,0,0,0,1670143,3223551,3889151,1824704.00,200
1782778247,0,132060,0,400.53,199.95,1661951,2121727,2635775,3737599,4907007,278016,16687103,2224121.55,860074.04,132060,10,10,10,0,0,0,0,0,0,1971199,3047423,3543039,1996184.32,200
1782778248,0,132260,0,399.92,200.04,1662975,2121727,2637823,3737599,4907007,278016,16687103,2224381.45,859732.10,132260,10,10,10,0,0,0,0,0,0,2418687,3244031,3799039,2395994.88,200
1782778249,0,132460,0,399.32,199.89,1662975,2121727,2637823,3735551,4902911,278016,16687103,2224727.02,859581.64,132460,10,10,10,0,0,0,0,0,0,2390015,3647487,3948543,2453253.12,200
1782778250,0,132660,0,398.72,199.96,1663999,2121727,2637823,3737599,4907007,278016,16687103,2225456.38,859680.29,132660,10,10,10,0,0,0,0,0,0,2590719,4370431,5271551,2708506.88,200
1782778251,0,132860,0,398.12,200.07,1663999,2121727,2637823,3737599,4907007,278016,16687103,2225487.61,859618.92,132860,10,10,10,0,0,0,0,0,0,2207743,3481599,5455871,2246202.24,200
1782778252,0,133060,0,397.53,200.03,1663999,2123775,2637823,3737599,4907007,278016,16687103,2225705.07,859753.35,133060,10,10,10,0,0,0,0,0,0,2310143,3950591,5259263,2370165.76,200
1782778253,0,133260,0,396.94,199.98,1663999,2123775,2639871,3737599,4907007,278016,16687103,2225803.95,859797.04,133260,10,10,10,0,0,0,0,0,0,2289663,3807231,4546559,2291586.56,200
1782778254,0,133460,0,396.36,199.99,1663999,2123775,2639871,3737599,4907007,278016,16687103,2226125.00,859816.73,133460,10,10,10,0,0,0,0,0,0,2357247,4159487,4710399,2440044.80,200
1782778255,0,133660,0,395.78,200.03,1663999,2123775,2639871,3737599,4907007,278016,16687103,2226054.37,859832.76,133660,10,10,10,0,0,0,0,0,0,2094079,3686399,4595711,2178924.80,200
1782778256,0,133860,0,395.20,200.01,1663999,2123775,2637823,3737599,4907007,278016,16687103,2225552.67,859831.01,133860,10,10,10,0,0,0,0,0,0,1784831,3102719,3934207,1890261.76,200
1782778257,0,134060,0,394.62,199.94,1663999,2123775,2637823,3737599,4907007,278016,16687103,2225278.49,859830.53,134060,10,10,10,0,0,0,0,0,0,1916927,3346431,5058559,2041770.88,200
1782778258,0,134260,0,394.05,200.03,1662975,2121727,2637823,3737599,4907007,278016,16687103,2225021.58,859850.67,134260,10,10,10,0,0,0,0,0,0,1944575,3346431,3794943,2052814.72,200
1782778259,0,134460,0,393.49,199.93,1663999,2123775,2637823,3737599,4911103,278016,16687103,2225225.94,859769.93,134460,10,10,10,0,0,0,0,0,0,2314239,3889151,5517311,2362412.80,200
1782778260,0,134660,0,392.92,200.19,1662975,2123775,2637823,3737599,4911103,278016,16687103,2225089.83,859878.89,134660,10,10,10,0,0,0,0,0,0,2036735,3686399,4448255,2133585.92,200
1782778261,0,134860,0,392.36,199.97,1662975,2123775,2637823,3737599,4911103,278016,16687103,2224960.81,859869.16,134860,10,10,10,0,0,0,0,0,0,2125823,3549183,5103615,2138088.32,200
1782778262,0,135060,0,391.80,199.83,1662975,2123775,2637823,3737599,4911103,278016,16687103,2225210.20,859875.87,135060,10,10,10,0,0,0,0,0,0,2281471,4464639,5144575,2393377.28,200
1782778263,0,135260,0,391.25,200.07,1662975,2123775,2637823,3737599,4911103,278016,16687103,2225083.68,859997.64,135260,10,10,10,0,0,0,0,0,0,1953791,3989503,5128191,2139644.16,200
1782778264,0,135460,0,390.70,200.11,1662975,2123775,2637823,3737599,4915199,278016,16687103,2225208.09,860148.61,135460,10,10,10,0,0,0,0,0,0,2215935,4163583,5787647,2309344.00,200
1782778265,0,135660,0,390.15,200.01,1663999,2123775,2637823,3737599,4915199,278016,16687103,2225350.43,859896.07,135660,10,10,10,0,0,0,0,0,0,2437119,3219455,3844095,2321760.00,200
1782778266,0,135860,0,389.60,199.97,1663999,2123775,2637823,3737599,4919295,278016,16687103,2225287.62,859931.07,135860,10,10,10,0,0,0,0,0,0,2055167,3086335,5660671,2182684.16,200
1782778267,0,136060,0,389.06,199.96,1662975,2123775,2637823,3737599,4919295,278016,16687103,2224832.22,860320.41,136060,10,10,10,0,0,0,0,0,0,1736703,3389439,6258687,1915476.48,200
1782778268,0,136260,0,388.52,200.01,1662975,2123775,2637823,3737599,4923391,278016,16687103,2224893.85,860372.13,136260,10,10,10,0,0,0,0,0,0,2287615,3614719,5046271,2266822.40,200
1782778269,0,136460,0,387.98,199.97,1662975,2123775,2637823,3737599,4919295,278016,16687103,2224899.06,860242.93,136460,10,10,10,0,0,0,0,0,0,2224127,3532799,4012031,2228450.56,200
1782778270,0,136660,0,387.45,200.00,1662975,2123775,2637823,3735551,4919295,278016,16687103,2224590.83,860089.35,136660,10,10,10,0,0,0,0,0,0,1993727,3223551,3784703,2014279.68,200
1782778271,0,136860,0,386.92,200.06,1662975,2123775,2637823,3735551,4919295,278016,16687103,2224769.43,859922.30,136860,10,10,10,0,0,0,0,0,0,2283519,3524607,3913727,2346809.60,200
1782778272,0,137060,0,386.40,200.02,1662975,2123775,2637823,3735551,4919295,278016,16687103,2225333.23,860063.48,137060,10,10,10,0,0,0,0,0,0,2498559,4198399,5160959,2611144.32,200
1782778273,0,137260,0,385.87,199.92,1662975,2123775,2639871,3737599,4923391,278016,16687103,2225419.91,860392.11,137260,10,10,10,0,0,0,0,0,0,2023423,4378623,5283839,2284820.48,200
1782778274,0,137460,0,385.35,200.04,1662975,2123775,2639871,3739647,4923391,278016,16687103,2225849.84,860517.75,137460,10,10,10,0,0,0,0,0,0,2404351,3981311,5861375,2520908.80,200
1782778275,0,137660,0,384.83,199.96,1662975,2123775,2639871,3739647,4935679,278016,16687103,2226288.25,861436.30,137660,10,10,10,0,0,0,0,0,0,2265087,5521407,6684671,2527609.60,200
1782778276,0,137860,0,384.32,199.96,1662975,2123775,2639871,3739647,4935679,278016,16687103,2225907.95,861194.57,137860,10,10,10,0,0,0,0,0,0,1966079,3033087,3368959,1964144.64,200
1782778277,0,138060,0,383.80,200.02,1662975,2123775,2639871,3739647,4935679,278016,16687103,2226016.41,861425.62,138060,10,10,10,0,0,0,0,0,0,2205695,4179967,5238783,2300775.68,200
1782778278,0,139550,0,386.87,1490.24,1662975,2125823,2643967,3760127,5046271,278016,16687103,2233743.22,892435.94,139550,10,10,10,0,0,0,0,0,0,2263039,8929279,12361727,2949692.48,1490
1782778279,0,141550,0,391.33,1999.00,1660927,2123775,2643967,3768319,5058559,278016,16687103,2233770.59,894010.48,141550,10,10,10,0,0,0,0,0,0,2052095,4032511,5709823,2235679.87,2000
1782778280,0,143550,0,395.77,2000.27,1657855,2123775,2643967,3772415,5058559,278016,16687103,2232359.60,895111.13,143550,10,10,10,0,0,0,0,0,0,1963007,3981311,4976639,2132497.34,2000
1782778281,0,145550,0,400.18,1999.93,1656831,2123775,2643967,3770367,5046271,278016,16687103,2231461.29,894552.62,145550,10,10,10,0,0,0,0,0,0,2082815,3653631,4607999,2166984.58,2000
1782778282,0,147550,0,404.56,2000.08,1656831,2121727,2643967,3770367,5062655,278016,16687103,2231306.52,895044.31,147550,10,10,10,0,0,0,0,0,0,2101247,3837951,5496831,2220043.14,2000
1782778283,0,149550,0,408.92,1999.92,1654783,2121727,2646015,3772415,5062655,278016,16687103,2230844.60,895419.02,149550,10,10,10,0,0,0,0,0,0,2086911,3776511,4976639,2196766.98,2000
1782778284,0,151550,0,413.26,2000.14,1652735,2121727,2648063,3776511,5070847,278016,16687103,2230869.75,898666.41,151550,10,10,10,0,0,0,0,0,0,2043903,4284415,5681151,2232750.14,2000
1782778285,0,153550,0,417.58,2000.07,1649663,2119679,2646015,3776511,5058559,278016,16687103,2228732.91,898227.15,153550,10,10,10,0,0,0,0,0,0,1890303,3688447,4370431,2066813.57,2000
1782778286,0,155550,0,421.87,2000.66,1647615,2119679,2648063,3776511,5042175,278016,16687103,2228448.60,898101.77,155550,10,10,10,0,0,0,0,0,0,2075647,3854335,4689919,2206620.54,2000
1782778287,0,157550,0,426.14,1999.49,1647615,2119679,2650111,3778559,5042175,278016,16687103,2228950.68,898278.80,157550,10,10,10,0,0,0,0,0,0,2125823,4032511,4956159,2268000.45,2000
1782778288,0,159550,0,430.38,1999.82,1646591,2117631,2650111,3782655,5058559,278016,16687103,2229183.09,900019.94,159550,10,10,10,0,0,0,0,0,0,2064383,4130815,5750783,2247490.94,2000
1782778289,0,161550,0,434.61,1999.85,1645567,2117631,2652159,3782655,5054463,278016,16687103,2228836.57,899645.11,161550,10,10,10,0,0,0,0,0,0,2119679,3784703,4567039,2201193.22,2000
1782778290,0,163550,0,438.81,2001.13,1643519,2115583,2650111,3782655,5050367,278016,16687103,2227274.03,899513.89,163550,10,10,10,0,0,0,0,0,0,1934335,3762175,5009407,2101059.58,2000
1782778291,0,165550,0,442.98,1999.03,1642495,2115583,2650111,3784703,5066751,278016,16687103,2226998.08,900137.75,165550,10,10,10,0,0,0,0,0,0,2006015,3909631,5554175,2204432.26,2000
1782778292,0,167550,0,447.14,1999.43,1640447,2115583,2652159,3790847,5083135,278016,16687103,2227202.47,902501.29,167550,10,10,10,0,0,0,0,0,0,2037759,4431871,5324799,2244121.34,2000
1782778293,0,169550,0,451.27,2000.54,1640447,2115583,2652159,3792895,5074943,278016,16687103,2227708.43,902205.81,169550,10,10,10,0,0,0,0,0,0,2185215,3897343,4939775,2270094.78,2000
1782778294,0,171550,0,455.38,1999.94,1640447,2113535,2652159,3792895,5083135,278016,16687103,2227276.39,902964.96,171550,10,10,10,0,0,0,0,0,0,2050047,3686399,6647807,2190650.11,2000
1782778295,0,173550,0,459.47,2001.12,1638399,2113535,2652159,3794943,5083135,278016,16687103,2226608.74,903560.93,173550,10,10,10,0,0,0,0,0,0,2051071,3893247,4980735,2169341.38,2000
1782778296,0,175550,0,463.54,1999.70,1637375,2113535,2654207,3799039,5087231,276992,16687103,2226841.05,904909.04,175550,10,10,10,0,0,0,0,0,0,2026495,4126719,5459967,2247000.00,2000
1782778297,0,177550,0,467.59,2000.21,1636351,2113535,2656255,3805183,5107711,276992,16687103,2227075.94,907033.22,177550,10,10,10,0,0,0,0,0,0,2054143,4192255,6021119,2247692.86,2000
1782778298,0,179550,0,471.61,1998.66,1635327,2113535,2656255,3809279,5119999,276992,16687103,2228016.82,908292.51,179550,10,10,10,0,0,0,0,0,0,2113535,4263935,5787647,2311543.17,2000
1782778299,0,181550,0,475.62,2000.13,1636351,2113535,2658303,3813375,5119999,276992,16687103,2229187.63,908754.90,181550,10,10,10,0,0,0,0,0,0,2160639,4179967,5103615,2334297.28,2000
1782778300,0,183550,0,479.60,2001.06,1635327,2113535,2660351,3821567,5119999,276992,16687103,2229741.80,910409.79,183550,10,10,10,0,0,0,0,0,0,2089983,4337663,4980735,2280046.72,2000
1782778301,0,185550,0,483.56,2000.53,1633279,2111487,2660351,3817471,5119999,276992,16687103,2228493.25,910533.21,185550,10,10,10,0,0,0,0,0,0,1994751,3622911,4816895,2113907.46,2000
1782778302,0,187550,0,487.50,1998.14,1634303,2113535,2660351,3821567,5119999,276992,16687103,2229526.38,911338.94,187550,10,10,10,0,0,0,0,0,0,2201599,4077567,5107711,2325374.98,2000
1782778303,0,189550,0,491.43,2000.94,1632255,2111487,2660351,3821567,5119999,276992,16687103,2229017.62,912887.28,189550,10,10,10,0,0,0,0,0,0,1991679,3835903,6643711,2181309.18,2000
1782778304,0,191550,0,495.33,1999.46,1631231,2111487,2660351,3821567,5119999,276992,16687103,2228250.43,912936.26,191550,10,10,10,0,0,0,0,0,0,2011135,3784703,5128191,2155539.65,2000
1782778305,0,193550,0,499.21,2000.66,1630207,2109439,2660351,3817471,5111807,276992,16687103,2226887.20,911954.88,193550,10,10,10,0,0,0,0,0,0,1997823,3608575,4317183,2096323.52,2000
1782778306,0,195550,0,503.07,1999.98,1630207,2109439,2662399,3819519,5103615,276992,16687103,2227735.02,911572.00,195550,10,10,10,0,0,0,0,0,0,2168831,4003839,4915199,2309783.55,2000
1782778307,0,197550,0,506.91,2000.02,1628159,2109439,2662399,3821567,5111807,276992,16687103,2226708.30,912424.59,197550,10,10,10,0,0,0,0,0,0,1926143,3993599,5296127,2126319.94,2000
1782778308,0,199550,0,510.73,2000.16,1628159,2109439,2662399,3819519,5115903,276992,16687103,2226658.38,912178.29,199550,10,10,10,0,0,0,0,0,0,2140159,3629055,5128191,2221728.38,2000
1782778309,0,201550,0,514.53,1999.97,1627135,2107391,2662399,3821567,5119999,276992,16687103,2226449.76,912796.50,201550,10,10,10,0,0,0,0,0,0,2025471,4378623,5509119,2205633.92,2000
1782778310,0,203550,0,518.32,1999.70,1626111,2107391,2664447,3827711,5119999,276992,16687103,2226922.81,913648.35,203550,10,10,10,0,0,0,0,0,0,2177023,4026367,5234687,2274595.14,2000
1782778311,0,205550,0,522.08,2000.14,1625087,2107391,2664447,3827711,5115903,276992,16687103,2226949.95,913693.89,205550,10,10,10,0,0,0,0,0,0,2125823,3938303,4718591,2229711.42,2000
1782778312,0,207550,0,525.82,2000.52,1625087,2107391,2664447,3827711,5115903,276992,16687103,2226193.99,913146.82,207550,10,10,10,0,0,0,0,0,0,1994751,3762175,4546559,2148501.06,2000
1782778313,0,209550,0,529.55,2000.05,1624063,2107391,2664447,3829759,5119999,276992,16687103,2226113.73,913995.76,209550,10,10,10,0,0,0,0,0,0,2040831,4255743,5476351,2217784.77,2000
1782778314,0,211550,0,533.25,1999.07,1620991,2105343,2664447,3827711,5115903,276992,16687103,2224170.26,913998.04,211550,10,10,10,0,0,0,0,0,0,1892351,3684351,4546559,2020543.10,2000
1782778315,0,213550,0,536.94,2000.37,1619967,2103295,2662399,3825663,5107711,276992,16687103,2222802.04,913366.57,213550,10,10,10,0,0,0,0,0,0,1974271,3598335,4526079,2078078.34,2000
1782778316,0,215550,0,540.61,2000.61,1619967,2105343,2664447,3827711,5107711,276992,16687103,2223418.77,913467.75,215550,10,10,10,0,0,0,0,0,0,2213887,3946495,4894719,2289269.63,2000
1782778317,0,217550,0,544.26,2000.16,1617919,2103295,2664447,3829759,5107711,276992,16687103,2222901.42,914183.85,217550,10,10,10,0,0,0,0,0,0,1974271,3954687,5083135,2167144.19,2000
1782778318,0,219550,0,547.90,1998.90,1616895,2103295,2664447,3831807,5111807,276992,16687103,2222530.01,914094.06,219550,10,10,10,0,0,0,0,0,0,2036735,3911679,5357567,2182129.86,2000
1782778319,0,221550,0,551.51,1999.99,1616895,2103295,2664447,3829759,5103615,276992,16687103,2222322.95,913535.14,221550,10,10,10,0,0,0,0,0,0,2085887,3760127,4472831,2199593.02,2000
1782778320,0,223550,0,555.11,2000.54,1616895,2103295,2666495,3829759,5099519,276992,16687103,2222632.42,913078.82,223550,10,10,10,0,0,0,0,0,0,2144255,3813375,4796415,2256914.05,2000
1782778321,0,225550,0,558.69,2000.19,1616895,2103295,2666495,3831807,5099519,276992,16687103,2223130.94,913385.92,225550,10,10,10,0,0,0,0,0,0,2129919,4055039,5091327,2278852.74,2000
1782778322,0,227550,0,562.25,2000.26,1615871,2103295,2666495,3831807,5095423,276992,16687103,2222655.79,913177.68,227550,10,10,10,0,0,0,0,0,0,2038783,3846143,4607999,2169071.36,2000
1782778323,0,229550,0,565.79,1998.31,1615871,2103295,2666495,3831807,5091327,276992,16687103,2222685.08,912857.01,229550,10,10,10,0,0,0,0,0,0,2140159,3803135,4816895,2226017.47,2000
1782778324,0,231550,0,569.32,2001.88,1617919,2107391,2670591,3835903,5099519,276992,16687103,2225375.89,913672.57,231550,10,10,10,0,0,0,0,0,0,2426879,4163583,5365759,2534213.38,2000
1782778325,0,233550,0,572.83,1999.17,1617919,2107391,2670591,3839999,5115903,276992,16687103,2226473.74,916969.47,233550,10,10,10,0,0,0,0,0,0,2101247,4423679,7593983,2353577.15,2000
1782778326,0,235550,0,576.32,1999.31,1617919,2107391,2672639,3842047,5115903,276992,16687103,2227080.19,917064.12,235550,10,10,10,0,0,0,0,0,0,2168831,4069375,4931583,2297898.75,2000
1782778327,0,237550,0,579.79,2000.43,1618943,2107391,2674687,3844095,5119999,276992,16687103,2228347.49,918010.34,237550,10,10,10,0,0,0,0,0,0,2209791,3909631,7024639,2377603.39,2000
1782778328,0,239550,0,583.25,2000.03,1616895,2105343,2672639,3842047,5115903,276992,16687103,2226571.98,917418.55,239550,10,10,10,0,0,0,0,0,0,1931263,3551231,4259839,2015685.44,2000
1782778329,0,241550,0,586.69,2000.20,1615871,2105343,2672639,3839999,5119999,276992,16687103,2225749.39,917995.91,241550,10,10,10,0,0,0,0,0,0,1955839,3778559,5677055,2127224.64,2000
1782778330,0,243550,0,590.12,2000.36,1615871,2105343,2670591,3839999,5115903,276992,16687103,2225706.37,917029.70,243550,10,10,10,0,0,0,0,0,0,2119679,3735551,4677631,2220509.95,2000
1782778331,0,245550,0,593.53,1999.74,1616895,2105343,2672639,3844095,5115903,276992,16687103,2226751.48,917423.19,245550,10,10,10,0,0,0,0,0,0,2166783,4276223,5132287,2354020.10,2000
1782778332,0,247550,0,596.92,1999.99,1615871,2105343,2670591,3844095,5111807,276992,16687103,2225698.79,917389.49,247550,10,10,10,0,0,0,0,0,0,1942527,3774463,4653055,2096454.46,2000
1782778333,0,249550,0,600.29,1999.93,1613823,2103295,2670591,3844095,5111807,276992,16687103,2224724.52,918254.12,249550,10,10,10,0,0,0,0,0,0,1931263,3936255,5062655,2104134.40,2000
1782778334,0,251550,0,603.65,1999.18,1614847,2103295,2670591,3846143,5107711,276992,16687103,2225068.42,917935.87,251550,10,10,10,0,0,0,0,0,0,2082815,3921919,4931583,2267978.11,2000
1782778335,0,253550,0,606.99,2000.67,1614847,2103295,2672639,3846143,5115903,276992,16687103,2225614.04,918682.99,253550,10,10,10,0,0,0,0,0,0,2078719,4057087,6193151,2294239.36,2000
1782778336,0,255550,0,610.32,1999.24,1614847,2103295,2672639,3846143,5115903,276992,16687103,2225661.93,918551.75,255550,10,10,10,0,0,0,0,0,0,2103295,3756031,4964351,2231733.57,2000
1782778337,0,257550,0,613.63,2000.21,1614847,2103295,2672639,3846143,5111807,276992,16687103,2225800.15,918230.52,257550,10,10,10,0,0,0,0,0,0,2129919,3878911,4894719,2243461.06,2000
1782778338,0,258280,0,613.91,730.17,1613823,2103295,2672639,3850239,5119999,276992,16687103,2225713.03,919494.60,258280,10,10,10,0,0,0,0,0,0,1751039,5079039,5758975,2194975.74,730
1782778339,0,258480,0,612.93,200.08,1612799,2101247,2672639,3848191,5119999,276992,16687103,2224962.72,919586.66,258480,10,10,10,0,0,0,0,0,0,1314815,1809407,1899519,1256019.84,200
1782778340,0,258680,0,611.95,199.90,1611775,2101247,2670591,3848191,5119999,276992,16687103,2224364.74,919653.96,258680,10,10,10,0,0,0,0,0,0,1399807,2514943,3317759,1451528.96,200
1782778341,0,258880,0,610.98,199.97,1610751,2101247,2670591,3848191,5119999,276992,16687103,2223697.76,919704.79,258880,10,10,10,0,0,0,0,0,0,1329151,2113535,2871295,1361035.52,200
1782778342,0,259080,0,610.01,200.12,1609727,2099199,2670591,3848191,5115903,276992,16687103,2222992.79,919795.07,259080,10,10,10,0,0,0,0,0,0,1282047,2073599,2734079,1310474.88,200
1782778343,0,259280,0,609.05,199.90,1608703,2099199,2670591,3846143,5115903,276992,16687103,2222230.31,919907.33,259280,10,10,10,0,0,0,0,0,0,1258495,1806335,2174975,1234507.52,200
1782778344,0,259480,0,608.09,200.09,1607679,2099199,2668543,3846143,5115903,276992,16687103,2221524.81,919977.58,259480,10,10,10,0,0,0,0,0,0,1301503,1882111,2373631,1306914.56,200
1782778345,0,259680,0,607.13,200.02,1606655,2097151,2668543,3846143,5115903,276992,16687103,2220855.71,920031.04,259680,10,10,10,0,0,0,0,0,0,1325055,2150399,2619391,1352774.40,200
1782778346,0,259880,0,606.18,199.88,1606655,2097151,2668543,3846143,5115903,276992,16687103,2220219.49,920048.96,259880,10,10,10,0,0,0,0,0,0,1356799,2205695,2529279,1394144.00,200
1782778347,0,260080,0,605.24,200.13,1605631,2096127,2666495,3844095,5115903,276992,16687103,2219516.31,920160.73,260080,10,10,10,0,0,0,0,0,0,1261567,1966079,3350527,1305813.76,200
1782778348,0,260280,0,604.30,199.90,1604607,2096127,2666495,3844095,5115903,276992,16687103,2218892.62,920213.85,260280,10,10,10,0,0,0,0,0,0,1359871,2265087,3608575,1407836.80,200
1782778349,0,260480,0,603.36,200.11,1603583,2095103,2666495,3844095,5111807,276992,16687103,2218227.11,920241.50,260480,10,10,10,0,0,0,0,0,0,1389567,1954815,2273279,1352129.28,200
1782778350,0,260680,0,602.43,199.97,1602559,2094079,2666495,3844095,5111807,276992,16687103,2217564.18,920271.28,260680,10,10,10,0,0,0,0,0,0,1380351,2027519,2246655,1354172.16,200
1782778351,0,260880,0,601.50,199.88,1602559,2094079,2664447,3844095,5111807,276992,16687103,2216974.20,920312.02,260880,10,10,10,0,0,0,0,0,0,1362943,2772991,3227647,1447988.48,200
1782778352,0,261080,0,600.58,200.01,1601535,2093055,2664447,3844095,5111807,276992,16687103,2216266.38,920400.93,261080,10,10,10,0,0,0,0,0,0,1286143,2144255,2574335,1292989.44,200
1782778353,0,261280,0,599.66,200.12,1600511,2093055,2664447,3842047,5111807,276992,16687103,2215581.79,920467.51,261280,10,10,10,0,0,0,0,0,0,1305599,2066431,2682879,1321925.12,200
1782778354,0,261480,0,598.74,199.84,1599487,2092031,2664447,3842047,5111807,276992,16687103,2214855.43,920558.99,261480,10,10,10,0,0,0,0,0,0,1275903,1927167,2430975,1265928.96,200
1782778355,0,261680,0,597.83,200.02,1598463,2091007,2662399,3842047,5107711,276992,16687103,2214234.09,920607.89,261680,10,10,10,0,0,0,0,0,0,1360895,2330623,2932735,1401893.12,200
1782778356,0,261880,0,596.93,200.00,1598463,2091007,2662399,3842047,5107711,276992,16687103,2213563.68,920674.00,261880,10,10,10,0,0,0,0,0,0,1294335,2148351,2332671,1336398.08,200
1782778357,0,262080,0,596.02,200.02,1597439,2089983,2662399,3839999,5107711,276992,16687103,2212957.56,920737.95,262080,10,10,10,0,0,0,0,0,0,1345535,2400255,3852287,1419315.20,200
1782778358,0,262280,0,595.12,199.99,1596415,2088959,2662399,3839999,5107711,276992,16687103,2212396.78,920805.13,262280,10,10,10,0,0,0,0,0,0,1349631,2897919,3823615,1477546.24,200
1782778359,0,262480,0,594.23,200.11,1595391,2088959,2660351,3839999,5107711,276992,16687103,2211835.34,920874.13,262480,10,10,10,0,0,0,0,0,0,1352703,2373631,4333567,1475561.60,200
1782778360,0,262680,0,593.34,199.85,1595391,2087935,2660351,3839999,5107711,276992,16687103,2211305.44,921053.28,262680,10,10,10,0,0,0,0,0,0,1366015,3708927,5451775,1515870.72,200
1782778361,0,262880,0,592.45,200.02,1594367,2087935,2660351,3839999,5107711,276992,16687103,2210660.06,921107.33,262880,10,10,10,0,0,0,0,0,0,1323007,2092031,3244031,1363014.40,200
1782778362,0,263080,0,591.57,200.07,1593343,2086911,2660351,3837951,5103615,276992,16687103,2210050.24,921155.86,263080,10,10,10,0,0,0,0,0,0,1342463,2471935,3041279,1408504.32,200
1782778363,0,263280,0,590.69,199.96,1592319,2085887,2660351,3837951,5103615,276992,16687103,2209382.02,921225.00,263280,10,10,10,0,0,0,0,0,0,1267711,2226175,2752511,1330404.48,200
1782778364,0,263480,0,589.82,200.03,1591295,2085887,2658303,3837951,5103615,276992,16687103,2208720.49,921262.26,263480,10,10,10,0,0,0,0,0,0,1332223,2037759,2256895,1337873.92,200
1782778365,0,263680,0,588.95,200.04,1591295,2084863,2658303,3837951,5103615,276992,16687103,2208078.47,921324.52,263680,10,10,10,0,0,0,0,0,0,1355775,2367487,3153919,1362283.52,200
1782778366,0,263880,0,588.08,200.01,1590271,2083839,2658303,3837951,5103615,276992,16687103,2207353.96,921409.19,263880,10,10,10,0,0,0,0,0,0,1245183,1935359,2361343,1252167.68,200
1782778367,0,264080,0,587.22,200.05,1589247,2083839,2658303,3835903,5103615,276992,16687103,2206744.36,921470.60,264080,10,10,10,0,0,0,0,0,0,1342463,2279423,3299327,1402430.08,200
1782778368,0,264280,0,586.36,199.92,1588223,2082815,2656255,3835903,5103615,276992,16687103,2206113.52,921511.87,264280,10,10,10,0,0,0,0,0,0,1333247,2254847,2756607,1373154.56,200
1782778369,0,264480,0,585.50,200.00,1588223,2081791,2656255,3835903,5103615,276992,16687103,2205363.71,921625.47,264480,10,10,10,0,0,0,0,0,0,1217535,1857535,2050047,1214566.40,200
1782778370,0,264680,0,584.65,199.95,1587199,2081791,2656255,3835903,5103615,276992,16687103,2204666.75,921684.86,264680,10,10,10,0,0,0,0,0,0,1300479,1913855,2057215,1283002.88,200
1782778371,0,264880,0,583.80,200.04,1586175,2080767,2656255,3833855,5099519,276992,16687103,2203994.70,921732.19,264880,10,10,10,0,0,0,0,0,0,1327103,1905663,2670591,1314608.00,200
1782778372,0,265080,0,582.96,199.93,1585151,2079743,2654207,3833855,5099519,276992,16687103,2203287.89,921802.78,265080,10,10,10,0,0,0,0,0,0,1299455,1870847,2109439,1267192.96,200
1782778373,0,265280,0,582.12,200.16,1584127,2078719,2654207,3833855,5099519,276992,16687103,2202561.17,921886.05,265280,10,10,10,0,0,0,0,0,0,1303551,1731583,1873919,1239360.64,200
1782778374,0,265480,0,581.28,199.90,1583103,2078719,2654207,3833855,5099519,276992,16687103,2201865.42,921942.50,265480,10,10,10,0,0,0,0,0,0,1310719,1929215,2070527,1279019.52,200
1782778375,0,265680,0,580.45,199.96,1582079,2077695,2652159,3833855,5095423,276992,16687103,2201115.55,922044.75,265680,10,10,10,0,0,0,0,0,0,1238015,1684479,1974271,1205748.48,200
1782778376,0,265880,0,579.62,200.05,1582079,2076671,2652159,3833855,5099519,276992,16687103,2200616.27,922337.61,265880,10,10,10,0,0,0,0,0,0,1375231,2799615,6311935,1537369.60,200
1782778377,0,266080,0,578.79,200.05,1581055,2076671,2652159,3831807,5099519,276992,16687103,2199937.30,922456.61,266080,10,10,10,0,0,0,0,0,0,1258495,1976319,3512319,1297304.96,200
1782778378,0,266280,0,577.97,199.88,1580031,2075647,2652159,3831807,5099519,276992,16687103,2199296.99,922538.99,266280,10,10,10,0,0,0,0,0,0,1275903,2201599,2992127,1347438.08,200
1782778379,0,266480,0,577.15,200.01,1579007,2074623,2650111,3831807,5099519,276992,16687103,2198666.32,922561.58,266480,10,10,10,0,0,0,0,0,0,1368063,2041855,2508799,1358990.08,200
1782778380,0,266680,0,576.34,200.13,1577983,2073599,2650111,3831807,5095423,276992,16687103,2198010.46,922609.18,266680,10,10,10,0,0,0,0,0,0,1301503,2092031,2537471,1324141.44,200
1782778381,0,266880,0,575.53,199.98,1577983,2073599,2650111,3831807,5095423,276992,16687103,2197424.93,922670.34,266880,10,10,10,0,0,0,0,0,0,1338367,2351103,3573759,1416684.16,200
1782778382,0,267080,0,574.72,200.04,1576959,2072575,2650111,3829759,5095423,276992,16687103,2196760.80,922717.07,267080,10,10,10,0,0,0,0,0,0,1294335,2067455,2631679,1310535.68,200
1782778383,0,267280,0,573.91,199.93,1575935,2072575,2648063,3829759,5095423,276992,16687103,2196058.23,922783.38,267280,10,10,10,0,0,0,0,0,0,1294335,1839103,2125823,1257857.28,200
1782778384,0,267480,0,573.11,200.02,1574911,2071551,2648063,3829759,5095423,276992,16687103,2195451.30,922816.80,267480,10,10,10,0,0,0,0,0,0,1348607,2127871,3344383,1384339.20,200
1782778385,0,267680,0,572.31,199.95,1574911,2070527,2648063,3827711,5095423,276992,16687103,2194751.57,922893.26,267680,10,10,10,0,0,0,0,0,0,1251327,1955839,2400255,1258944.64,200
1782778386,0,267880,0,571.52,200.10,1573887,2070527,2648063,3827711,5091327,276992,16687103,2194127.45,922910.36,267880,10,10,10,0,0,0,0,0,0,1370111,2121727,2381823,1358803.84,200
1782778387,0,268080,0,570.73,199.98,1572863,2069503,2646015,3827711,5091327,276992,16687103,2193517.85,922969.45,268080,10,10,10,0,0,0,0,0,0,1311743,2623487,3119103,1377017.60,200
1782778388,0,268280,0,569.94,199.98,1571839,2068479,2646015,3827711,5091327,276992,16687103,2192818.49,923036.50,268280,10,10,10,0,0,0,0,0,0,1300479,1836031,2166783,1255387.52,200
1782778389,0,268480,0,569.16,199.87,1570815,2068479,2646015,3825663,5091327,276992,16687103,2192246.02,923075.04,268480,10,10,10,0,0,0,0,0,0,1385471,2402303,3610623,1424337.92,200
1782778390,0,268680,0,568.38,200.02,1570815,2067455,2646015,3825663,5091327,276992,16687103,2191561.97,923139.18,268680,10,10,10,0,0,0,0,0,0,1276927,1978367,2185215,1273292.80,200
1782778391,0,268880,0,567.60,200.03,1569791,2066431,2643967,3825663,5091327,276992,16687103,2190943.26,923184.53,268880,10,10,10,0,0,0,0,0,0,1358847,2287615,2912255,1359774.72,200
1782778392,0,269080,0,566.82,199.98,1568767,2066431,2643967,3823615,5091327,276992,16687103,2190369.75,923200.02,269080,10,10,10,0,0,0,0,0,0,1359871,2414591,3336191,1419340.80,200
1782778393,0,269280,0,566.05,200.11,1567743,2065407,2643967,3823615,5087231,276992,16687103,2189742.42,923233.04,269280,10,10,10,0,0,0,0,0,0,1330175,2148351,2525183,1345734.40,200
1782778394,0,269480,0,565.29,200.02,1566719,2064383,2643967,3823615,5087231,276992,16687103,2189042.09,923361.62,269480,10,10,10,0,0,0,0,0,0,1175551,2457599,3117055,1246109.44,200
1782778395,0,269680,0,564.52,199.82,1566719,2064383,2641919,3823615,5087231,276992,16687103,2188434.71,923382.51,269680,10,10,10,0,0,0,0,0,0,1354751,2365439,2912255,1370060.80,200
1782778396,0,269880,0,563.76,200.06,1565695,2063359,2641919,3821567,5087231,276992,16687103,2187757.92,923424.21,269880,10,10,10,0,0,0,0,0,0,1308671,1810431,2162687,1275168.64,200
1782778397,0,270080,0,563.00,200.01,1564671,2063359,2641919,3821567,5087231,276992,16687103,2187125.70,923451.00,270080,10,10,10,0,0,0,0,0,0,1362943,2101247,2613247,1334009.60,200
1782778398,0,272310,0,566.47,2230.89,1562623,2062335,2643967,3837951,5173247,276992,24805375,2193766.33,973146.96,272310,10,10,10,0,0,0,0,0,0,1887231,10067967,22151167,2998027.25,2230
1782778399,0,275310,0,571.52,2998.68,1557503,2058239,2639871,3833855,5165055,276992,24805375,2189537.30,972743.99,275310,10,10,10,0,0,0,0,0,0,1662975,3442687,4067327,1805668.18,3000
1782778400,0,278310,0,576.55,2999.39,1553407,2054143,2635775,3829759,5173247,276992,24805375,2185830.77,972589.79,278310,10,10,10,0,0,0,0,0,0,1710079,3313663,5562367,1845682.26,3000
1782778401,0,281310,0,581.56,3001.10,1549311,2050047,2633727,3823615,5160959,276992,24805375,2181756.39,971494.19,281310,10,10,10,0,0,0,0,0,0,1655807,3311615,4171775,1803776.55,3000
1782778402,0,284310,0,586.55,2999.84,1543167,2044927,2627583,3819519,5156863,276992,24805375,2176423.26,970632.55,284310,10,10,10,0,0,0,0,0,0,1527807,2932735,4239359,1676334.98,3000
1782778403,0,287310,0,591.52,3000.16,1539071,2040831,2625535,3817471,5148671,276992,24805375,2172974.68,970438.73,287310,10,10,10,0,0,0,0,0,0,1647615,3684351,4182015,1846153.47,3000
1782778404,0,290310,0,596.47,3000.06,1534975,2037759,2623487,3815423,5148671,276992,24805375,2169775.57,970367.63,290310,10,10,10,0,0,0,0,0,0,1699839,3506175,5328895,1863396.74,3000
1782778405,0,293310,0,601.40,3000.21,1529855,2033663,2619391,3813375,5148671,276992,24805375,2166011.69,970741.40,293310,10,10,10,0,0,0,0,0,0,1638399,3379199,5214207,1801780.48,3000
1782778406,0,296310,0,606.31,3000.79,1524735,2029567,2617343,3813375,5144575,265472,24805375,2162320.19,971165.68,296310,10,10,10,0,0,0,0,0,0,1576959,3831807,4829183,1801402.62,3000
1782778407,0,299310,0,611.19,2998.79,1521663,2025471,2613247,3811327,5144575,265472,24805375,2159390.66,970880.82,299310,10,10,10,0,0,0,0,0,0,1645567,3510271,5115903,1870040.96,3000
1782778408,0,302310,0,616.06,2999.97,1518591,2022399,2611199,3809279,5136383,265472,24805375,2156690.08,970152.48,302310,10,10,10,0,0,0,0,0,0,1733631,3651583,4665343,1887253.50,3000
1782778409,0,305310,0,620.91,3000.81,1516543,2019327,2609151,3807231,5128191,265472,24805375,2153813.72,969042.63,305310,10,10,10,0,0,0,0,0,0,1692671,3327999,4378623,1863962.75,3000
1782778410,0,308310,0,625.74,2998.09,1512447,2015231,2607103,3805183,5124095,265472,24805375,2150436.84,968443.45,308310,10,10,10,0,0,0,0,0,0,1644543,3340287,4624383,1806771.33,3000
1782778411,0,311310,0,630.55,3000.86,1509375,2012159,2605055,3801087,5124095,265472,24805375,2147581.71,967903.24,311310,10,10,10,0,0,0,0,0,0,1675263,3473407,4460543,1854159.96,3000
1782778412,0,314310,0,635.34,3001.17,1505279,2009087,2600959,3794943,5119999,265472,24805375,2144141.81,966880.28,314310,10,10,10,0,0,0,0,0,0,1634303,3190783,4050943,1787183.74,3000
1782778413,0,317310,0,640.11,3000.07,1499135,2004991,2598911,3794943,5115903,265472,24805375,2140239.34,966942.96,317310,10,10,10,0,0,0,0,0,0,1504255,3608575,4616191,1731377.24,3000
1782778414,0,320310,0,644.86,2999.56,1497087,2001919,2596863,3788799,5115903,265472,24805375,2137854.37,965899.69,320310,10,10,10,0,0,0,0,0,0,1720319,3301375,4833279,1885596.16,3000
1782778415,0,323310,0,649.59,3001.11,1494015,1999871,2592767,3786751,5107711,265472,24805375,2134656.41,964765.45,323310,10,10,10,0,0,0,0,0,0,1662975,3147775,4374527,1793210.45,3000
1782778416,0,326310,0,654.30,2999.39,1489919,1994751,2588671,3782655,5107711,265472,24805375,2130826.38,966000.50,326310,10,10,10,0,0,0,0,0,0,1524735,2947071,5795839,1718063.62,3000
1782778417,0,329310,0,659.00,3000.21,1485823,1991679,2586623,3780607,5103615,265472,24805375,2127977.36,965569.60,329310,10,10,10,0,0,0,0,0,0,1620991,3547135,4808703,1818090.33,3000
1782778418,0,332310,0,663.67,3000.14,1483775,1988607,2584575,3778559,5095423,265472,24805375,2125418.89,964661.67,332310,10,10,10,0,0,0,0,0,0,1655807,3489791,4448255,1844575.45,3000
1782778419,0,335310,0,668.33,2998.26,1479679,1983487,2578431,3772415,5091327,265472,24805375,2121400.61,963572.52,335310,10,10,10,0,0,0,0,0,0,1531903,3096575,3735551,1676295.04,3000
1782778420,0,338310,0,672.97,2999.58,1475583,1980415,2576383,3770367,5087231,265472,24805375,2117984.19,963579.97,338310,10,10,10,0,0,0,0,0,0,1509375,3414015,4771839,1736131.54,3000
1782778421,0,341310,0,677.59,3000.44,1472511,1976319,2572287,3766271,5083135,265472,24805375,2114590.25,962371.09,341310,10,10,10,0,0,0,0,0,0,1615871,3082239,4065279,1731855.02,3000
1782778422,0,344310,0,682.19,3000.75,1469439,1973247,2572287,3764223,5070847,265472,24805375,2112290.97,962210.73,344310,10,10,10,0,0,0,0,0,0,1634303,3698687,4415487,1850702.08,3000
1782778423,0,347310,0,686.77,2998.31,1466367,1970175,2568191,3762175,5066751,265472,24805375,2109156.35,961384.88,347310,10,10,10,0,0,0,0,0,0,1594367,3205119,4567039,1749396.65,3000
1782778424,0,350310,0,691.34,3000.33,1465343,1967103,2566143,3758079,5054463,265472,24805375,2107098.46,959932.82,350310,10,10,10,0,0,0,0,0,0,1730559,3272703,4263935,1868856.49,3000
1782778425,0,353310,0,695.88,3001.62,1462271,1964031,2564095,3756031,5050367,265472,24805375,2104935.30,959632.00,353310,10,10,10,0,0,0,0,0,0,1640447,3614719,4759551,1852342.95,3000
1782778426,0,356310,0,700.41,2999.24,1460223,1963007,2564095,3758079,5054463,265472,24805375,2103582.32,960177.54,356310,10,10,10,0,0,0,0,0,0,1691647,4077567,5324799,1944241.11,3000
1782778427,0,359310,0,704.92,2999.40,1457151,1959935,2562047,3756031,5042175,265472,24805375,2101273.31,959544.17,359310,10,10,10,0,0,0,0,0,0,1654783,3360767,4333567,1827032.66,3000
1782778428,0,362310,0,709.42,3001.09,1455103,1957887,2559999,3753983,5046271,265472,24805375,2099369.53,960114.37,362310,10,10,10,0,0,0,0,0,0,1596415,3653631,5152767,1871354.20,3000
1782778429,0,365310,0,713.89,2999.78,1452031,1955839,2557951,3751935,5038079,265472,24805375,2096985.10,959123.99,365310,10,10,10,0,0,0,0,0,0,1660927,3383295,4143103,1809017.69,3000
1782778430,0,368310,0,718.35,2999.98,1448959,1951743,2555903,3749887,5033983,265472,24805375,2094163.51,958955.06,368310,10,10,10,0,0,0,0,0,0,1542143,3397631,4767743,1750577.96,3000
1782778431,0,371310,0,722.79,3000.70,1445887,1947647,2551807,3745791,5025791,265472,24805375,2090336.06,957957.90,371310,10,10,10,0,0,0,0,0,0,1509375,2932735,3770367,1620439.81,3000
1782778432,0,374310,0,727.22,2998.63,1442815,1945599,2549759,3743743,5021695,265472,24805375,2087812.61,957056.48,374310,10,10,10,0,0,0,0,0,0,1628159,3196927,4386815,1775485.99,3000
1782778433,0,377310,0,731.63,3000.92,1439743,1942527,2547711,3739647,5013503,265472,24805375,2085011.40,956232.53,377310,10,10,10,0,0,0,0,0,0,1555455,3196927,3995647,1735504.04,3000
1782778434,0,380310,0,736.01,2998.48,1435647,1939455,2545663,3735551,5005311,265472,24805375,2081511.89,955645.01,380310,10,10,10,0,0,0,0,0,0,1455103,3078143,3772415,1641378.35,3000
1782778435,0,383310,0,740.39,3002.25,1432575,1936383,2543615,3731455,4997119,265472,24805375,2079007.05,955240.71,383310,10,10,10,0,0,0,0,0,0,1576959,3366911,4534271,1761468.89,3000
1782778436,0,386310,0,744.74,2999.46,1430527,1933311,2539519,3727359,4988927,265472,24805375,2076101.49,954203.22,386310,10,10,10,0,0,0,0,0,0,1564671,3047423,4280319,1704857.90,3000
1782778437,0,389310,0,749.08,2999.53,1429503,1931263,2537471,3725311,4988927,265472,24805375,2074417.68,953225.69,389310,10,10,10,0,0,0,0,0,0,1746943,3217407,4468735,1857592.92,3000
1782778438,0,392310,0,753.41,2999.97,1426431,1928191,2535423,3723263,4976639,265472,24805375,2071715.55,952741.20,392310,10,10,10,0,0,0,0,0,0,1541119,3389439,4085759,1721060.52,3000
1782778439,0,395310,0,757.71,3001.02,1423359,1925119,2533375,3719167,4968447,265472,24805375,2068427.78,952238.81,395310,10,10,10,0,0,0,0,0,0,1467391,3082239,4284415,1638485.85,3000
1782778440,0,398310,0,762.00,2997.72,1419263,1921023,2529279,3715071,4964351,265472,24805375,2065085.39,951899.49,398310,10,10,10,0,0,0,0,0,0,1420287,3180543,4087807,1624658.52,3000
1782778441,0,401310,0,766.28,3000.35,1415167,1917951,2525183,3710975,4956159,265472,24805375,2061333.97,951090.37,401310,10,10,10,0,0,0,0,0,0,1471487,2836479,3706879,1563257.98,3000
1782778442,0,404310,0,770.53,3000.49,1413119,1914879,2523135,3710975,4960255,265472,24805375,2059228.03,950994.75,404310,10,10,10,0,0,0,0,0,0,1554431,3461119,5693439,1777517.10,3000
1782778443,0,407310,0,774.77,3001.58,1410047,1912831,2521087,3706879,4956159,265472,24805375,2056514.11,950514.19,407310,10,10,10,0,0,0,0,0,0,1507327,3395583,4227071,1690758.78,3000
1782778444,0,410310,0,779.00,2998.22,1409023,1910783,2521087,3706879,4956159,265472,24805375,2055549.78,950647.81,410310,10,10,10,0,0,0,0,0,0,1714175,3692543,5242879,1924622.46,3000
1782778445,0,413310,0,783.21,3000.37,1407999,1908735,2519039,3704831,4952063,265472,24805375,2053722.99,949486.41,413310,10,10,10,0,0,0,0,0,0,1709055,3262463,3899391,1803872.94,3000
1782778446,0,416310,0,787.40,2999.03,1406975,1907711,2519039,3702783,4947967,265472,24805375,2052518.47,948819.62,416310,10,10,10,0,0,0,0,0,0,1757183,3547135,4247551,1886571.48,3000
1782778447,0,419310,0,791.58,3000.17,1403903,1904639,2516991,3700735,4939775,265472,24805375,2049997.35,948140.78,419310,10,10,10,0,0,0,0,0,0,1524735,3207167,4122623,1700142.46,3000
1782778448,0,422310,0,795.74,3000.24,1401855,1901567,2512895,3698687,4935679,265472,24805375,2047216.33,947521.60,422310,10,10,10,0,0,0,0,0,0,1488895,3233791,4005887,1658513.24,3000
1782778449,0,425310,0,799.88,3001.10,1398783,1899519,2510847,3696639,4931583,265472,24805375,2044687.64,946567.21,425310,10,10,10,0,0,0,0,0,0,1528831,3045375,4077567,1688722.69,3000
1782778450,0,428310,0,804.01,2998.30,1396735,1896447,2508799,3694591,4927487,265472,24805375,2042420.86,946329.19,428310,10,10,10,0,0,0,0,0,0,1538047,3454975,4755455,1721059.71,3000
1782778451,0,431310,0,808.13,3002.29,1393663,1893375,2506751,3692543,4923391,265472,24805375,2039789.30,946063.31,431310,10,10,10,0,0,0,0,0,0,1454079,3356671,4198399,1664081.45,3000
1782778452,0,434310,0,812.23,2999.40,1391615,1890303,2502655,3690495,4915199,265472,24805375,2037215.84,945387.38,434310,10,10,10,0,0,0,0,0,0,1511423,3112959,4259839,1667230.51,3000
1782778453,0,437310,0,816.31,3000.16,1389567,1889279,2502655,3690495,4915199,265472,24805375,2035374.78,945007.30,437310,10,10,10,0,0,0,0,0,0,1587199,3276799,4780031,1768843.65,3000
1782778454,0,440310,0,820.38,2999.37,1387519,1887231,2500607,3688447,4919295,265472,24805375,2033755.27,944789.94,440310,10,10,10,0,0,0,0,0,0,1612799,3538943,5177343,1797679.79,3000
1782778455,0,443310,0,824.43,3000.12,1386495,1885183,2498559,3686399,4911103,265472,24805375,2031966.58,944132.00,443310,10,10,10,0,0,0,0,0,0,1625087,3403775,3975167,1769439.96,3000
1782778456,0,446310,0,828.47,2999.01,1384447,1882111,2496511,3684351,4907007,265472,24805375,2029841.57,943343.19,446310,10,10,10,0,0,0,0,0,0,1575935,3250175,4235263,1715829.89,3000
1782778457,0,449310,0,832.49,3000.08,1383423,1881087,2494463,3682303,4902911,265472,24805375,2028572.62,942436.61,449310,10,10,10,0,0,0,0,0,0,1707007,3293183,4202495,1839789.99,3000
1782778458,0,450530,0,833.21,1220.71,1383423,1880063,2494463,3682303,4898815,265472,24805375,2027751.41,942054.42,450530,10,10,10,0,0,0,0,0,0,1603583,3082239,3969023,1725311.90,1220
1782778459,0,451030,0,832.60,499.70,1383423,1880063,2492415,3682303,4898815,265472,24805375,2027583.82,941901.22,451030,10,10,10,0,0,0,0,0,0,1794047,3368959,4341759,1876571.39,500
1782778460,0,451530,0,831.98,500.09,1383423,1880063,2492415,3680255,4898815,265472,24805375,2027356.44,941792.69,451530,10,10,10,0,0,0,0,0,0,1748991,2932735,4126719,1822251.52,500
1782778461,0,452030,0,831.37,499.94,1382399,1880063,2492415,3680255,4898815,265472,24805375,2027042.24,941595.05,452030,10,10,10,0,0,0,0,0,0,1709055,3069951,3919871,1743294.46,500
1782778462,0,452530,0,830.77,500.21,1383423,1879039,2492415,3680255,4898815,265472,24805375,2026936.68,941381.60,452530,10,10,10,0,0,0,0,0,0,1846271,3194879,4177919,1931510.78,500
1782778463,0,453030,0,830.16,499.80,1383423,1879039,2490367,3680255,4898815,265472,24805375,2026663.42,941157.94,453030,10,10,10,0,0,0,0,0,0,1759231,2836479,3977215,1779339.78,500
1782778464,0,453530,0,829.55,500.03,1382399,1879039,2490367,3680255,4898815,265472,24805375,2026421.08,941037.21,453530,10,10,10,0,0,0,0,0,0,1654783,3254271,4599807,1806852.86,500
1782778465,0,454030,0,828.95,500.04,1382399,1879039,2490367,3678207,4894719,265472,24805375,2026155.43,940859.13,454030,10,10,10,0,0,0,0,0,0,1654783,3182591,3868671,1785188.10,500
1782778466,0,454530,0,828.35,500.11,1382399,1878015,2490367,3678207,4894719,265472,24805375,2025734.70,940643.60,454530,10,10,10,0,0,0,0,0,0,1577983,2654207,3282943,1643692.29,500
1782778467,0,455030,0,827.76,499.88,1382399,1878015,2490367,3678207,4894719,265472,24805375,2025522.81,940399.50,455030,10,10,10,0,0,0,0,0,0,1765375,3008511,3907583,1832897.54,500
1782778468,0,455530,0,827.16,500.28,1382399,1878015,2488319,3676159,4894719,265472,24805375,2025163.62,940076.84,455530,10,10,10,0,0,0,0,0,0,1692671,2512895,2920447,1698282.50,500
1782778469,0,456030,0,826.57,499.58,1382399,1876991,2488319,3676159,4894719,265472,24805375,2024953.32,939908.00,456030,10,10,10,0,0,0,0,0,0,1731583,3391487,3926015,1833355.01,500
1782778470,0,456530,0,825.98,500.22,1382399,1876991,2488319,3676159,4894719,265472,24805375,2024698.28,939719.06,456530,10,10,10,0,0,0,0,0,0,1679359,3055615,4014079,1792089.60,500
1782778471,0,457030,0,825.39,499.88,1382399,1876991,2488319,3676159,4894719,265472,24805375,2024534.06,939734.73,457030,10,10,10,0,0,0,0,0,0,1668095,3389439,5963775,1874587.65,500
1782778472,0,457530,0,824.80,500.00,1382399,1876991,2486271,3674111,4894719,265472,24805375,2024235.81,939445.31,457530,10,10,10,0,0,0,0,0,0,1703935,2809855,3432447,1751621.89,500
1782778473,0,458030,0,824.22,500.24,1382399,1875967,2486271,3674111,4894719,265472,24805375,2023980.29,939193.43,458030,10,10,10,0,0,0,0,0,0,1705983,2963455,3719167,1790158.85,500
1782778474,0,458530,0,823.64,499.87,1382399,1875967,2486271,3674111,4894719,265472,24805375,2023702.40,938901.26,458530,10,10,10,0,0,0,0,0,0,1732607,2723839,3708927,1769145.86,500
1782778475,0,459030,0,823.06,500.04,1382399,1875967,2486271,3674111,4890623,265472,24805375,2023496.52,938650.88,459030,10,10,10,0,0,0,0,0,0,1779711,3076095,3553279,1834688.00,500
1782778476,0,459530,0,822.48,500.03,1382399,1875967,2486271,3672063,4890623,265472,24805375,2023208.97,938432.33,459530,10,10,10,0,0,0,0,0,0,1658879,2877439,4411391,1759220.48,500
1782778477,0,460030,0,821.90,500.00,1382399,1874943,2484223,3672063,4894719,265472,24805375,2023073.43,938448.68,460030,10,10,10,0,0,0,0,0,0,1731583,2916351,6287359,1898501.63,500
1782778478,0,460530,0,821.33,500.05,1382399,1874943,2484223,3672063,4894719,265472,24805375,2022748.76,938238.40,460530,10,10,10,0,0,0,0,0,0,1647615,2674687,3870719,1724033.28,500
1782778479,0,461030,0,820.75,499.99,1382399,1874943,2484223,3672063,4890623,265472,24805375,2022428.50,937995.15,461030,10,10,10,0,0,0,0,0,0,1688575,2713599,3373055,1727448.32,500
1782778480,0,461530,0,820.18,499.85,1381375,1874943,2482175,3670015,4890623,265472,24805375,2022226.81,937825.05,461530,10,10,10,0,0,0,0,0,0,1799167,3000319,4431871,1836264.96,500
1782778481,0,462030,0,819.62,499.83,1381375,1873919,2482175,3670015,4890623,265472,24805375,2021978.58,937854.65,462030,10,10,10,0,0,0,0,0,0,1646591,2940927,6615039,1792842.24,500
1782778482,0,462530,0,819.05,500.42,1381375,1873919,2482175,3670015,4894719,265472,24805375,2021921.77,937769.64,462530,10,10,10,0,0,0,0,0,0,1814527,3684351,5132287,1969428.48,500
1782778483,0,463030,0,818.49,499.69,1381375,1873919,2482175,3670015,4894719,265472,24805375,2021745.55,937685.97,463030,10,10,10,0,0,0,0,0,0,1727487,3426303,5353471,1858734.08,500
1782778484,0,463530,0,817.92,499.99,1381375,1873919,2482175,3670015,4894719,265472,24805375,2021594.95,937435.86,463530,10,10,10,0,0,0,0,0,0,1843199,2828287,3954687,1882127.62,500
1782778485,0,464030,0,817.36,499.98,1381375,1873919,2482175,3670015,4894719,265472,24805375,2021444.43,937515.33,464030,10,10,10,0,0,0,0,0,0,1601535,4003839,5357567,1881904.13,500
1782778486,0,464530,0,816.81,500.07,1381375,1873919,2480127,3670015,4894719,265472,24805375,2021069.74,937297.31,464530,10,10,10,0,0,0,0,0,0,1568767,2715647,3375103,1673332.48,500
1782778487,0,465030,0,816.25,500.10,1381375,1872895,2480127,3670015,4894719,265472,24805375,2020726.70,937313.65,465030,10,10,10,0,0,0,0,0,0,1514495,3151871,4902911,1702024.45,500
1782778488,0,465530,0,815.70,499.87,1381375,1872895,2480127,3670015,4894719,265472,24805375,2020435.54,937160.31,465530,10,10,10,0,0,0,0,0,0,1624063,2938879,4612095,1749639.68,500
1782778489,0,466030,0,815.14,500.07,1380351,1871871,2480127,3667967,4890623,265472,24805375,2020053.68,936932.60,466030,10,10,10,0,0,0,0,0,0,1598463,2791423,3760127,1664514.82,500
1782778490,0,466530,0,814.59,499.96,1380351,1871871,2478079,3667967,4894719,265472,24805375,2019929.74,936796.24,466530,10,10,10,0,0,0,0,0,0,1794047,3248127,4960255,1904410.37,500
1782778491,0,467030,0,814.05,500.02,1380351,1871871,2478079,3667967,4890623,265472,24805375,2019816.69,936788.55,467030,10,10,10,0,0,0,0,0,0,1838079,3297279,4689919,1914332.93,500
1782778492,0,467530,0,813.50,500.17,1380351,1871871,2478079,3667967,4890623,265472,24805375,2019632.66,936555.85,467530,10,10,10,0,0,0,0,0,0,1796095,2973695,3887103,1847735.55,500
1782778493,0,468030,0,812.95,499.70,1380351,1871871,2478079,3665919,4890623,265472,24805375,2019372.74,936351.99,468030,10,10,10,0,0,0,0,0,0,1740799,2801663,4186111,1776333.06,500
1782778494,0,468530,0,812.41,500.11,1380351,1871871,2478079,3665919,4890623,265472,24805375,2019089.83,936183.43,468530,10,10,10,0,0,0,0,0,0,1616895,3092479,4128767,1754274.30,500
1782778495,0,469030,0,811.87,500.30,1380351,1870847,2476031,3665919,4890623,265472,24805375,2018843.98,936130.71,469030,10,10,10,0,0,0,0,0,0,1599487,3389439,5492735,1788463.62,500
1782778496,0,469530,0,811.33,499.95,1380351,1870847,2476031,3665919,4890623,265472,24805375,2018747.06,936108.11,469530,10,10,10,0,0,0,0,0,0,1771519,3606527,5828607,1927830.27,500
1782778497,0,470030,0,810.79,499.60,1380351,1870847,2476031,3665919,4894719,265472,24805375,2018608.05,936054.37,470030,10,10,10,0,0,0,0,0,0,1805311,2988031,6541311,1888070.66,500
1782778498,0,470530,0,810.26,500.13,1380351,1870847,2476031,3665919,4894719,265472,24805375,2018305.79,935913.56,470530,10,10,10,0,0,0,0,0,0,1643519,2766847,5464063,1734164.22,500
1782778499,0,471030,0,809.73,499.85,1380351,1870847,2476031,3665919,4894719,265472,24805375,2018287.90,936126.75,471030,10,10,10,0,0,0,0,0,0,1812479,3524607,8232959,2001449.73,500
1782778500,0,471530,0,809.20,500.37,1380351,1869823,2473983,3663871,4894719,265472,24805375,2018048.93,935862.23,471530,10,10,10,0,0,0,0,0,0,1701887,2877439,3825663,1792924.16,500
1782778501,0,472030,0,808.67,499.95,1380351,1869823,2473983,3663871,4894719,265472,24805375,2017822.48,935589.69,472030,10,10,10,0,0,0,0,0,0,1731583,2811903,3981311,1804266.50,500
1782778502,0,472530,0,808.14,499.87,1380351,1869823,2473983,3663871,4894719,265472,24805375,2017731.48,935743.40,472530,10,10,10,0,0,0,0,0,0,1683455,3596287,7458815,1931825.66,500
1782778503,0,473030,0,807.61,499.99,1380351,1868799,2473983,3663871,4894719,265472,24805375,2017404.04,935549.86,473030,10,10,10,0,0,0,0,0,0,1650687,2899967,3649535,1707952.38,500
1782778504,0,473530,0,807.09,499.88,1380351,1868799,2473983,3663871,4890623,265472,24805375,2017192.93,935393.99,473530,10,10,10,0,0,0,0,0,0,1703935,3289087,4706303,1817473.54,500
1782778505,0,474030,0,806.57,500.39,1380351,1868799,2471935,3661823,4890623,265472,24805375,2016877.01,935151.58,474030,10,10,10,0,0,0,0,0,0,1648639,2789375,4038655,1717678.59,500
1782778506,0,474530,0,806.04,500.02,1380351,1868799,2471935,3661823,4890623,265472,24805375,2016701.13,934920.56,474530,10,10,10,0,0,0,0,0,0,1789951,2891775,4218879,1849959.42,500
1782778507,0,475030,0,805.52,499.57,1380351,1867775,2471935,3661823,4890623,265472,24805375,2016399.43,934816.35,475030,10,10,10,0,0,0,0,0,0,1611775,3106815,5099519,1730070.02,500
1782778508,0,475530,0,805.01,500.00,1380351,1867775,2471935,3661823,4890623,265472,24805375,2016019.57,934650.97,475530,10,10,10,0,0,0,0,0,0,1551359,2758655,3690495,1655121.41,500
1782778509,0,476030,0,804.49,499.98,1380351,1867775,2469887,3659775,4890623,265472,24805375,2015768.41,934393.26,476030,10,10,10,0,0,0,0,0,0,1715199,2742271,3751935,1776905.98,500
1782778510,0,476530,0,803.98,500.14,1380351,1866751,2469887,3659775,4890623,265472,24805375,2015534.27,934235.52,476530,10,10,10,0,0,0,0,0,0,1739775,2756607,5152767,1792621.31,500
1782778511,0,477030,0,803.47,499.92,1379327,1866751,2469887,3659775,4890623,265472,24805375,2015242.99,934087.54,477030,10,10,10,0,0,0,0,0,0,1617919,3020799,4628479,1737628.67,500
1782778512,0,477530,0,802.96,500.37,1379327,1866751,2469887,3659775,4890623,265472,24805375,2014848.08,933940.27,477530,10,10,10,0,0,0,0,0,0,1511423,2834431,4370431,1638085.12,500
1782778513,0,478030,0,802.45,499.58,1379327,1865727,2467839,3659775,4890623,265472,24805375,2014716.47,933985.18,478030,10,10,10,0,0,0,0,0,0,1709055,3977215,6381567,1889019.14,500
1782778514,0,478530,0,801.94,500.29,1379327,1865727,2467839,3659775,4890623,265472,24805375,2014528.82,933677.69,478530,10,10,10,0,0,0,0,0,0,1824767,2689023,3143679,1835121.15,500
1782778515,0,479030,0,801.44,499.70,1379327,1865727,2467839,3657727,4890623,265472,24805375,2014354.75,933439.58,479030,10,10,10,0,0,0,0,0,0,1803263,2914303,3561471,1847760.64,500
1782778516,0,479530,0,800.93,500.19,1379327,1865727,2467839,3657727,4890623,265472,24805375,2014217.87,933343.49,479530,10,10,10,0,0,0,0,0,0,1725439,3471359,4952063,1883076.61,500
1782778517,0,480030,0,800.43,500.29,1379327,1865727,2467839,3657727,4890623,265472,24805375,2014052.86,933349.06,480030,10,10,10,0,0,0,0,0,0,1661951,3373055,6299647,1855797.50,500
1782778518,0,483790,0,805.36,3757.11,1381375,1868799,2469887,3674111,4935679,265472,24805375,2018880.61,939434.17,483790,10,10,10,0,0,0,0,0,0,2228223,5218303,7675903,2635228.29,3760
1782778519,0,488790,0,812.33,5002.22,1384447,1870847,2476031,3678207,4931583,265472,24805375,2022108.31,939359.31,488790,10,10,10,0,0,0,0,0,0,2199551,3913727,4812799,2334414.54,5000
1782778520,0,493790,0,819.28,4996.37,1386495,1873919,2478079,3684351,4947967,265472,24805375,2025040.47,941733.16,493790,10,10,10,0,0,0,0,0,0,2105343,4145151,6635519,2311681.82,5000
1782778521,0,498790,0,826.20,5003.18,1389567,1876991,2482175,3688447,4939775,265472,24805375,2027980.21,941163.97,498790,10,10,10,0,0,0,0,0,0,2197503,3874815,4636671,2318303.08,5000
1782778522,0,503790,0,833.10,4999.88,1390591,1879039,2484223,3694591,4964351,265472,24805375,2030678.13,943792.05,503790,10,10,10,0,0,0,0,0,0,2099199,4448255,5902335,2299817.06,5000
1782778523,0,508790,0,839.98,4999.24,1392639,1881087,2486271,3696639,4972543,265472,24805375,2032190.15,943829.63,508790,10,10,10,0,0,0,0,0,0,2017279,4036607,5582847,2184538.73,5000
1782778524,0,513790,0,846.84,4997.67,1392639,1882111,2486271,3696639,4968447,265472,24805375,2032786.46,943234.16,513790,10,10,10,0,0,0,0,0,0,1996799,3719167,4882431,2093465.65,5000
1782778525,0,518790,0,853.67,5001.49,1393663,1884159,2490367,3700735,4976639,265472,24805375,2034788.00,944457.31,518790,10,10,10,0,0,0,0,0,0,2041855,4134911,5603327,2240461.88,5000
1782778526,0,523790,0,860.49,5002.78,1395711,1886207,2490367,3702783,4972543,265472,24805375,2036468.37,943808.85,523790,10,10,10,0,0,0,0,0,0,2060287,3887103,4771839,2210820.74,5000
1782778527,0,528790,0,867.28,5000.28,1397759,1888255,2492415,3706879,5005311,265472,24805375,2038818.96,944979.79,528790,10,10,10,0,0,0,0,0,0,2065407,4040703,6348799,2285061.99,5000
1782778528,0,533790,0,874.04,4999.25,1398783,1888255,2494463,3706879,4997119,265472,24805375,2039519.24,944350.07,533790,10,10,10,0,0,0,0,0,0,1977343,3891199,4607999,2113579.67,5000
1782778529,0,538790,0,880.79,4999.55,1401855,1891327,2496511,3713023,5005311,265472,24805375,2042367.96,944901.75,538790,10,10,10,0,0,0,0,0,0,2162687,4218879,5324799,2346491.65,5000
1782778530,0,543775,0,887.49,4986.49,1402879,1894399,2500607,3713023,5001215,265472,24805375,2044313.57,944294.69,543775,10,10,10,0,0,0,0,0,0,2183167,3635199,4907007,2254598.83,4985
1782778531,0,548790,0,894.21,5010.17,1404927,1896447,2502655,3719167,5013503,265472,24805375,2047281.60,945411.84,548790,10,10,10,0,0,0,0,0,0,2168831,4288511,5791743,2369104.68,5015
1782778532,0,553790,0,900.89,5002.91,1406975,1899519,2506751,3719167,5021695,265472,24805375,2049794.59,946720.84,553790,10,10,10,0,0,0,0,0,0,2172927,3848191,6950911,2325615.13,5000
1782778533,0,558790,0,907.55,5001.99,1410047,1902591,2508799,3721215,5025791,265472,24805375,2052642.69,947292.11,558790,10,10,10,0,0,0,0,0,0,2236415,3829759,5730303,2368092.47,5000
1782778534,0,563790,0,914.18,4995.56,1412095,1904639,2510847,3723263,5038079,265472,24805375,2054829.54,947866.13,563790,10,10,10,0,0,0,0,0,0,2059263,4034559,5955583,2299227.72,5000
1782778535,0,568790,0,920.80,5000.11,1414143,1907711,2514943,3731455,5050367,265472,24805375,2057866.24,949036.20,568790,10,10,10,0,0,0,0,0,0,2242559,4186111,6049791,2400278.99,5000
1782778536,0,573790,0,927.39,5001.37,1417215,1909759,2516991,3737599,5062655,265472,24805375,2061210.22,951885.65,573790,10,10,10,0,0,0,0,0,0,2179071,4358143,5996543,2441614.16,5000
1782778537,0,578790,0,933.96,4998.98,1419263,1911807,2519039,3737599,5070847,265472,24805375,2062603.85,951166.28,578790,10,10,10,0,0,0,0,0,0,2085887,3688447,5554175,2222533.50,5000
1782778538,0,583790,0,940.51,5000.79,1421311,1913855,2521087,3741695,5074943,265472,24805375,2064809.03,950982.20,583790,10,10,10,0,0,0,0,0,0,2142207,4171775,5324799,2320077.24,5000
1782778539,0,588790,0,947.04,4998.89,1423359,1915903,2521087,3741695,5070847,265472,24805375,2065442.17,949818.69,588790,10,10,10,0,0,0,0,0,0,2065407,3659775,4775935,2139365.63,5000
1782778540,0,593790,0,953.55,5002.35,1424383,1916927,2521087,3741695,5083135,265472,24805375,2066877.22,950297.13,593790,10,10,10,0,0,0,0,0,0,2020351,3762175,6762495,2235866.39,5000
1782778541,0,598790,0,960.04,4998.52,1427455,1917951,2523135,3743743,5087231,265472,24805375,2068485.38,951718.73,598790,10,10,10,0,0,0,0,0,0,2035711,3926015,7241727,2259466.83,5000
1782778542,0,603770,0,966.47,4983.04,1427455,1916927,2521087,3741695,5083135,265472,24805375,2068112.05,950990.83,603770,10,10,10,0,0,0,0,0,0,1826815,3663871,5038079,2023223.36,4980
1782778543,0,608790,0,972.95,5018.01,1428479,1917951,2521087,3741695,5083135,265472,24805375,2068899.77,950608.80,608790,10,10,10,0,0,0,0,0,0,2027519,3799039,4829183,2163640.61,5020
1782778544,0,613790,0,979.38,4998.22,1429503,1918975,2523135,3743743,5083135,265472,24805375,2069770.94,950169.83,613790,10,10,10,0,0,0,0,0,0,2036735,3889151,4792319,2175843.23,5000
1782778545,0,618790,0,985.78,5002.77,1430527,1919999,2523135,3745791,5079039,265472,24805375,2070484.27,949613.00,618790,10,10,10,0,0,0,0,0,0,2008063,3891199,4685823,2158051.17,5000
1782778546,0,623790,0,992.17,4999.37,1430527,1921023,2525183,3745791,5087231,265472,24805375,2071578.69,949812.88,623790,10,10,10,0,0,0,0,0,0,2070527,3940351,5955583,2207022.59,5000
1782778547,0,628790,0,998.53,5001.26,1432575,1924095,2527231,3753983,5091327,265472,24805375,2074433.70,950671.82,628790,10,10,10,0,0,0,0,0,0,2263039,4435967,5455871,2430618.83,5000
1782778548,0,633790,0,1004.88,4998.75,1433599,1924095,2527231,3753983,5103615,265472,24805375,2075258.97,950718.12,633790,10,10,10,0,0,0,0,0,0,2022399,3796991,6168575,2179042.87,5000
1782778549,0,638790,0,1011.20,4997.47,1434623,1925119,2529279,3760127,5115903,265472,24805375,2076808.78,952603.75,638790,10,10,10,0,0,0,0,0,0,2008063,4636671,5996543,2273259.42,5000
1782778550,0,643790,0,1017.50,5001.37,1434623,1925119,2529279,3760127,5115903,265472,24805375,2077023.75,952369.88,643790,10,10,10,0,0,0,0,0,0,1897471,3977215,5611519,2104488.63,5000
1782778551,0,648790,0,1023.79,5000.59,1436671,1926143,2531327,3766271,5119999,265472,24805375,2078759.63,953413.44,648790,10,10,10,0,0,0,0,0,0,2054143,4591615,5349375,2302267.08,5000
1782778552,0,653790,0,1030.05,4998.83,1437695,1927167,2531327,3766271,5115903,265472,24805375,2079688.30,952580.61,653790,10,10,10,0,0,0,0,0,0,2083839,3684351,4358143,2200191.08,5000
1782778553,0,658790,0,1036.30,5000.67,1438719,1928191,2533375,3766271,5111807,265472,24805375,2080222.98,952048.26,658790,10,10,10,0,0,0,0,0,0,2015231,3870719,4726783,2150137.45,5000
1782778554,0,663790,0,1042.52,4999.26,1439743,1929215,2533375,3770367,5111807,265472,24805375,2081461.90,951866.64,663790,10,10,10,0,0,0,0,0,0,2066431,4079615,4997119,2244698.60,5000
1782778555,0,668790,0,1048.73,5003.36,1441791,1930239,2535423,3768319,5107711,265472,24805375,2082664.44,950787.73,668790,10,10,10,0,0,0,0,0,0,2105343,3614719,4874239,2242311.68,5000
1782778556,0,673790,0,1054.92,4999.53,1442815,1931263,2535423,3770367,5111807,265472,24805375,2083746.23,950529.38,673790,10,10,10,0,0,0,0,0,0,2068479,3952639,5595135,2228443.60,5000
1782778557,0,678790,0,1061.08,5000.29,1443839,1932287,2535423,3768319,5103615,265472,24805375,2084427.35,949578.15,678790,10,10,10,0,0,0,0,0,0,2078719,3670015,4440063,2176213.91,5000
1782778558,0,683790,0,1067.23,4999.61,1445887,1934335,2537471,3768319,5099519,265472,24805375,2085227.17,948527.50,683790,10,10,10,0,0,0,0,0,0,2107391,3661823,4325375,2193808.92,5000
1782778559,0,688790,0,1073.36,4997.56,1446911,1935359,2539519,3770367,5091327,265472,24805375,2086615.31,948517.88,688790,10,10,10,0,0,0,0,0,0,2179071,4052991,4657151,2276455.19,5000
1782778560,0,693790,0,1079.47,5002.06,1447935,1937407,2541567,3770367,5087231,265472,24805375,2087891.61,947794.94,693790,10,10,10,0,0,0,0,0,0,2179071,3704831,4571135,2263711.49,5000
1782778561,0,698790,0,1085.56,4999.75,1449983,1940479,2543615,3770367,5091327,265472,24805375,2089777.50,947522.32,698790,10,10,10,0,0,0,0,0,0,2207743,3942399,5468159,2351460.86,5000
1782778562,0,703790,0,1091.63,5001.38,1451007,1941503,2543615,3770367,5091327,265472,24805375,2091101.30,947271.00,703790,10,10,10,0,0,0,0,0,0,2152447,3821567,4931583,2276112.77,5000
1782778563,0,708790,0,1097.68,4996.32,1452031,1941503,2543615,3772415,5091327,265472,24805375,2091303.90,946935.82,708790,10,10,10,0,0,0,0,0,0,1953791,3817471,5267455,2119820.77,5000
1782778564,0,713790,0,1103.72,5001.89,1453055,1943551,2545663,3774463,5091327,265472,24805375,2092838.62,946828.78,713790,10,10,10,0,0,0,0,0,0,2140159,4024319,5201919,2310398.31,5000
1782778565,0,718790,0,1109.73,5001.42,1454079,1944575,2547711,3776511,5095423,265472,24805375,2093957.39,947526.42,718790,10,10,10,0,0,0,0,0,0,2053119,4044799,6111231,2253669.86,5000
1782778566,0,723790,0,1115.73,4997.40,1455103,1945599,2549759,3780607,5115903,265472,24805375,2095720.58,948978.83,723790,10,10,10,0,0,0,0,0,0,2089983,4657151,6340607,2349193.16,5000
1782778567,0,728790,0,1121.71,5002.96,1456127,1946623,2551807,3780607,5115903,265472,24805375,2096736.88,948503.75,728790,10,10,10,0,0,0,0,0,0,2148351,3526655,5320703,2243854.72,5000
1782778568,0,733790,0,1127.67,4995.80,1456127,1947647,2551807,3778559,5111807,265472,24805375,2097090.23,947719.03,733790,10,10,10,0,0,0,0,0,0,2055167,3627007,4878335,2148594.76,5000
1782778569,0,738790,0,1133.61,5003.85,1458175,1948671,2551807,3778559,5107711,265472,24805375,2097872.17,947049.46,738790,10,10,10,0,0,0,0,0,0,2065407,3803135,4853759,2212626.87,5000
1782778570,0,743790,0,1139.53,4998.61,1459199,1949695,2553855,3782655,5111807,265472,24805375,2099323.83,947330.20,743790,10,10,10,0,0,0,0,0,0,2134015,4143103,5459967,2313818.75,5000
1782778571,0,748790,0,1145.44,4998.31,1460223,1950719,2555903,3782655,5111807,265472,24805375,2100422.11,947100.16,748790,10,10,10,0,0,0,0,0,0,2136063,3946495,4984831,2263799.78,5000
1782778572,0,753790,0,1151.33,5002.24,1461247,1951743,2555903,3784703,5111807,265472,24805375,2101285.25,946856.12,753790,10,10,10,0,0,0,0,0,0,2047999,4040703,4947967,2230548.30,5000
1782778573,0,758785,0,1157.19,4995.27,1461247,1951743,2555903,3784703,5107711,265472,24805375,2100922.72,945933.00,758785,10,10,10,0,0,0,0,0,0,1928191,3493887,4247551,2046213.46,4995
1782778574,0,763790,0,1163.05,5003.11,1462271,1951743,2555903,3784703,5107711,265472,24805375,2101470.26,946334.54,763790,10,10,10,0,0,0,0,0,0,1985535,4030463,6328319,2184479.35,5005
1782778575,0,768790,0,1168.88,5001.99,1463295,1952767,2557951,3788799,5111807,265472,24805375,2102934.11,946691.74,768790,10,10,10,0,0,0,0,0,0,2181119,4247551,5308415,2326549.99,5000
1782778576,0,773790,0,1174.70,4998.00,1464319,1953791,2557951,3786751,5111807,265472,24805375,2103452.37,946156.82,773790,10,10,10,0,0,0,0,0,0,2066431,3690495,5042175,2183139.17,5000
1782778577,0,778790,0,1180.50,5000.52,1465343,1955839,2559999,3786751,5107711,265472,24805375,2104336.33,945157.10,778790,10,10,10,0,0,0,0,0,0,2138111,3620863,4222975,2241135.44,5000
1782778578,0,780570,0,1181.40,1780.10,1465343,1954815,2557951,3786751,5103615,265472,24805375,2103952.74,944956.91,780570,10,10,10,0,0,0,0,0,0,1818623,3780607,4575231,1936124.76,1780
1782778579,0,781070,0,1180.37,500.23,1465343,1954815,2557951,3786751,5103615,265472,24805375,2103741.06,944869.70,781070,10,10,10,0,0,0,0,0,0,1774591,2721791,4130815,1773273.34,500
1782778580,0,781570,0,1179.35,499.89,1465343,1954815,2557951,3786751,5103615,265472,24805375,2103579.98,944770.35,781570,10,10,10,0,0,0,0,0,0,1796095,2949119,4505599,1851956.99,500
1782778581,0,782070,0,1178.32,499.69,1464319,1954815,2557951,3784703,5103615,265472,24805375,2103304.65,944632.62,782070,10,10,10,0,0,0,0,0,0,1608703,2557951,2856959,1672916.22,500
1782778582,0,782570,0,1177.30,500.42,1464319,1954815,2555903,3784703,5103615,265472,24805375,2103064.07,944465.50,782570,10,10,10,0,0,0,0,0,0,1719295,2426879,3287039,1726765.82,500
1782778583,0,783070,0,1176.29,499.89,1464319,1954815,2555903,3784703,5103615,265472,24805375,2102834.16,944293.71,783070,10,10,10,0,0,0,0,0,0,1733631,2594815,3438591,1743000.32,500
1782778584,0,783570,0,1175.27,499.99,1464319,1953791,2555903,3784703,5099519,265472,24805375,2102616.53,944239.45,783570,10,10,10,0,0,0,0,0,0,1609727,3035135,4530175,1761768.19,500
1782778585,0,784070,0,1174.26,499.98,1464319,1953791,2555903,3784703,5099519,265472,24805375,2102412.98,944119.75,784070,10,10,10,0,0,0,0,0,0,1723391,2928639,3608575,1783431.94,500
1782778586,0,784570,0,1173.25,500.14,1464319,1953791,2555903,3782655,5099519,265472,24805375,2102170.80,943963.63,784570,10,10,10,0,0,0,0,0,0,1681407,2666495,3254271,1722397.95,500
1782778587,0,785070,0,1172.25,499.65,1464319,1953791,2555903,3782655,5099519,265472,24805375,2102029.48,943777.79,785070,10,10,10,0,0,0,0,0,0,1854463,2641919,4001791,1880271.62,500
1782778588,0,785570,0,1171.24,500.03,1464319,1953791,2553855,3782655,5099519,265472,24805375,2101817.31,943627.00,785570,10,10,10,0,0,0,0,0,0,1688575,2830335,3282943,1768676.86,500
1782778589,0,786070,0,1170.24,499.94,1464319,1952767,2553855,3782655,5095423,265472,24805375,2101628.18,943473.33,786070,10,10,10,0,0,0,0,0,0,1817599,2768895,3291135,1804486.66,500
1782778590,0,786570,0,1169.25,500.24,1464319,1952767,2553855,3782655,5099519,265472,24805375,2101478.68,943458.86,786570,10,10,10,0,0,0,0,0,0,1728511,2990079,7057407,1866447.87,500
1782778591,0,787070,0,1168.25,499.74,1464319,1952767,2553855,3780607,5095423,265472,24805375,2101253.89,943333.84,787070,10,10,10,0,0,0,0,0,0,1667071,2899967,3571711,1747621.38,500
1782778592,0,787570,0,1167.26,500.37,1463295,1952767,2553855,3780607,5095423,265472,24805375,2101002.71,943203.84,787570,10,10,10,0,0,0,0,0,0,1644543,2856959,3375103,1705615.10,500
1782778593,0,788070,0,1166.28,499.99,1463295,1952767,2553855,3780607,5095423,265472,24805375,2100815.08,943115.54,788070,10,10,10,0,0,0,0,0,0,1685503,3194879,4235263,1805268.99,500
1782778594,0,788570,0,1165.29,499.56,1463295,1951743,2553855,3780607,5095423,265472,24805375,2100651.38,942966.35,788570,10,10,10,0,0,0,0,0,0,1802239,2867199,4255743,1842629.89,500
1782778595,0,789070,0,1164.31,500.28,1463295,1951743,2551807,3780607,5095423,265472,24805375,2100396.32,943016.10,789070,10,10,10,0,0,0,0,0,0,1575935,2328575,6918143,1698139.14,500
1782778596,0,789570,0,1163.33,500.07,1463295,1951743,2551807,3780607,5095423,265472,24805375,2100182.28,942949.72,789570,10,10,10,0,0,0,0,0,0,1603583,3186687,4259839,1762390.53,500
1782778597,0,790070,0,1162.36,499.93,1463295,1950719,2551807,3780607,5095423,265472,24805375,2099955.67,942854.68,790070,10,10,10,0,0,0,0,0,0,1634303,3186687,4198399,1742114.56,500
1782778598,0,790570,0,1161.38,499.75,1463295,1950719,2551807,3780607,5091327,265472,24805375,2099709.11,942776.72,790570,10,10,10,0,0,0,0,0,0,1576959,3172351,4304895,1710109.70,500
1782778599,0,791070,0,1160.41,500.44,1463295,1950719,2551807,3778559,5091327,265472,24805375,2099615.17,942679.71,791070,10,10,10,0,0,0,0,0,0,1830911,3526655,4139007,1951072.51,500
1782778600,0,791570,0,1159.44,499.86,1462271,1950719,2551807,3778559,5091327,265472,24805375,2099367.05,942596.93,791570,10,10,10,0,0,0,0,0,0,1597439,3010559,4118527,1706816.26,500
1782778601,0,792070,0,1158.48,499.83,1462271,1950719,2551807,3778559,5091327,265472,24805375,2099111.33,942480.89,792070,10,10,10,0,0,0,0,0,0,1642495,2779135,3194879,1694274.30,500
1782778602,0,792570,0,1157.52,500.19,1462271,1949695,2551807,3778559,5091327,265472,24805375,2098991.99,942634.93,792570,10,10,10,0,0,0,0,0,0,1682431,4403199,6316031,1909939.97,500
1782778603,0,793070,0,1156.56,500.06,1462271,1949695,2549759,3778559,5091327,265472,24805375,2098856.31,942526.09,793070,10,10,10,0,0,0,0,0,0,1817599,3096575,4403199,1883777.02,500
1782778604,0,793570,0,1155.60,499.90,1462271,1949695,2549759,3778559,5091327,265472,24805375,2098616.76,942383.57,793570,10,10,10,0,0,0,0,0,0,1690623,2715647,3356671,1718655.74,500
1782778605,0,794070,0,1154.65,499.73,1462271,1949695,2549759,3778559,5091327,265472,24805375,2098404.37,942212.44,794070,10,10,10,0,0,0,0,0,0,1763327,2471935,3442687,1761307.65,500
1782778606,0,794570,0,1153.70,500.18,1462271,1949695,2549759,3776511,5091327,265472,24805375,2098181.75,942095.26,794570,10,10,10,0,0,0,0,0,0,1644543,2852863,3909631,1744630.27,500
1782778607,0,795070,0,1152.75,500.12,1462271,1948671,2549759,3776511,5091327,265472,24805375,2097951.70,941939.88,795070,10,10,10,0,0,0,0,0,0,1711103,2592767,3010559,1732377.60,500
1782778608,0,795570,0,1151.81,499.87,1462271,1948671,2549759,3776511,5091327,265472,24805375,2097827.52,941828.83,795570,10,10,10,0,0,0,0,0,0,1858559,3133439,3997695,1900355.33,500
1782778609,0,796070,0,1150.86,500.11,1462271,1948671,2547711,3776511,5091327,265472,24805375,2097625.78,941669.08,796070,10,10,10,0,0,0,0,0,0,1730559,2822143,3489791,1776636.93,500
1782778610,0,796570,0,1149.92,499.90,1462271,1948671,2547711,3776511,5091327,265472,24805375,2097500.13,941647.15,796570,10,10,10,0,0,0,0,0,0,1804287,2697215,7024639,1897450.50,500
1782778611,0,797070,0,1148.99,500.26,1461247,1948671,2547711,3776511,5091327,265472,24805375,2097274.87,941493.69,797070,10,10,10,0,0,0,0,0,0,1685503,2748415,3575807,1738393.86,500
1782778612,0,797570,0,1148.05,499.91,1461247,1948671,2547711,3774463,5091327,265472,24805375,2097054.14,941323.88,797570,10,10,10,0,0,0,0,0,0,1724415,2566143,2764799,1745183.23,500
1782778613,0,798070,0,1147.12,499.82,1461247,1947647,2547711,3774463,5091327,265472,24805375,2096915.95,941304.00,798070,10,10,10,0,0,0,0,0,0,1769471,2891775,6074367,1876484.35,500
1782778614,0,798570,0,1146.19,500.21,1461247,1947647,2547711,3774463,5091327,265472,24805375,2096703.54,941187.50,798570,10,10,10,0,0,0,0,0,0,1622015,3088383,3518463,1757663.23,500
1782778615,0,799070,0,1145.27,499.99,1461247,1947647,2545663,3774463,5091327,265472,24805375,2096454.57,941126.91,799070,10,10,10,0,0,0,0,0,0,1575935,3194879,5165055,1698821.12,500
1782778616,0,799570,0,1144.34,499.96,1461247,1947647,2545663,3774463,5091327,265472,24805375,2096184.57,941014.73,799570,10,10,10,0,0,0,0,0,0,1594367,2717695,3618815,1664694.27,500
1782778617,0,800070,0,1143.42,499.93,1461247,1946623,2545663,3774463,5087231,265472,24805375,2095902.81,940891.07,800070,10,10,10,0,0,0,0,0,0,1577983,2592767,2971647,1645319.94,500
1782778618,0,800570,0,1142.50,499.85,1460223,1946623,2545663,3772415,5087231,265472,24805375,2095657.12,940761.39,800570,10,10,10,0,0,0,0,0,0,1604607,2697215,3241983,1702516.48,500
1782778619,0,801070,0,1141.59,499.93,1460223,1946623,2545663,3772415,5087231,265472,24805375,2095467.24,940625.97,801070,10,10,10,0,0,0,0,0,0,1709055,2840575,3434495,1791448.06,500
1782778620,0,801570,0,1140.68,500.13,1460223,1946623,2545663,3772415,5087231,265472,24805375,2095246.08,940551.54,801570,10,10,10,0,0,0,0,0,0,1622015,3108863,3989503,1740919.04,500
1782778621,0,802070,0,1139.77,499.86,1460223,1946623,2543615,3772415,5087231,265472,24805375,2095070.96,940391.90,802070,10,10,10,0,0,0,0,0,0,1812479,2764799,3434495,1814325.50,500
1782778622,0,802570,0,1138.86,500.40,1460223,1945599,2543615,3772415,5087231,265472,24805375,2094852.40,940223.38,802570,10,10,10,0,0,0,0,0,0,1734655,2564095,3381247,1744247.81,500
1782778623,0,803070,0,1137.95,499.70,1460223,1945599,2543615,3772415,5087231,265472,24805375,2094722.47,940144.15,803070,10,10,10,0,0,0,0,0,0,1802239,2813951,5771263,1886166.78,500
1782778624,0,803570,0,1137.05,500.03,1460223,1945599,2543615,3770367,5087231,265472,24805375,2094564.52,939993.43,803570,10,10,10,0,0,0,0,0,0,1830911,2795519,3776511,1840877.82,500
1782778625,0,804070,0,1136.15,499.79,1460223,1945599,2543615,3770367,5087231,265472,24805375,2094371.73,939830.16,804070,10,10,10,0,0,0,0,0,0,1799167,2559999,3254271,1784532.74,500
1782778626,0,804570,0,1135.25,500.26,1460223,1945599,2543615,3770367,5083135,265472,24805375,2094236.01,939656.86,804570,10,10,10,0,0,0,0,0,0,1878015,2746367,3395583,1875973.89,500
1782778627,0,805070,0,1134.36,499.79,1460223,1945599,2541567,3770367,5087231,265472,24805375,2094106.07,939613.93,805070,10,10,10,0,0,0,0,0,0,1709055,3586047,5369855,1885019.14,500
1782778628,0,805570,0,1133.46,500.10,1460223,1945599,2541567,3770367,5083135,265472,24805375,2093838.49,939543.12,805570,10,10,10,0,0,0,0,0,0,1551359,2797567,4122623,1662993.15,500
1782778629,0,806070,0,1132.57,500.02,1460223,1944575,2541567,3770367,5083135,265472,24805375,2093635.37,939446.68,806070,10,10,10,0,0,0,0,0,0,1720319,2951167,3837951,1766390.78,500
1782778630,0,806570,0,1131.69,500.27,1460223,1944575,2541567,3770367,5083135,265472,24805375,2093424.56,939285.71,806570,10,10,10,0,0,0,0,0,0,1778687,2559999,2932735,1753562.62,500
1782778631,0,807070,0,1130.80,499.82,1460223,1944575,2541567,3768319,5083135,265472,24805375,2093303.78,939168.47,807070,10,10,10,0,0,0,0,0,0,1806335,3403775,3936255,1898473.73,500
1782778632,0,807570,0,1129.92,499.91,1459199,1944575,2541567,3768319,5083135,265472,24805375,2093019.09,939046.21,807570,10,10,10,0,0,0,0,0,0,1551359,2691071,3350527,1633484.80,500
1782778633,0,808070,0,1129.04,499.85,1459199,1944575,2541567,3768319,5083135,265472,24805375,2092744.76,938930.52,808070,10,10,10,0,0,0,0,0,0,1586175,2639871,3088383,1649659.90,500
1782778634,0,808570,0,1128.16,500.27,1459199,1944575,2539519,3768319,5083135,265472,24805375,2092576.06,938805.98,808570,10,10,10,0,0,0,0,0,0,1805311,2924543,3872767,1819940.35,500
1782778635,0,809070,0,1127.29,499.92,1459199,1943551,2539519,3768319,5083135,265472,24805375,2092350.77,938667.11,809070,10,10,10,0,0,0,0,0,0,1730559,2545663,3334143,1728017.66,500
1782778636,0,809570,0,1126.41,499.90,1459199,1943551,2539519,3768319,5083135,265472,24805375,2092195.81,938534.11,809570,10,10,10,0,0,0,0,0,0,1824767,2719743,4171775,1841451.78,500
1782778637,0,810070,0,1125.54,500.36,1459199,1943551,2539519,3766271,5079039,265472,24805375,2091973.06,938354.54,810070,10,10,10,0,0,0,0,0,0,1760255,2392063,2822143,1731306.75,500
1782778638,0,817430,0,1134.19,7357.38,1457151,1943551,2541567,3782655,5156863,264960,24805375,2095643.16,952470.13,817430,10,10,10,0,0,0,0,0,0,1870847,6840319,9748479,2499589.08,7360
1782778639,0,827430,0,1146.48,9997.83,1453055,1940479,2541567,3788799,5185535,260096,24805375,2094692.22,956134.52,827430,10,10,10,0,0,0,0,0,0,1672191,4395007,6443007,2016959.66,10000
1782778640,0,837412,0,1158.70,9988.48,1448959,1939455,2543615,3799039,5230591,260096,24805375,2095082.38,962140.83,837412,10,10,10,0,0,0,0,0,0,1660927,5111807,6602751,2127423.54,9982
1782778641,0,847430,0,1170.94,10012.72,1444863,1936383,2543615,3803135,5246975,258944,24805375,2093123.35,964865.42,847430,10,10,10,0,0,0,0,0,0,1593343,4177919,5713919,1929366.35,10018
1782778642,0,857429,0,1183.13,9999.99,1438719,1932287,2541567,3805183,5238783,258944,24805375,2089396.63,966352.84,857429,10,10,10,0,0,0,0,0,0,1436671,3868671,4927487,1773551.26,9999
1782778643,0,867346,0,1195.16,9918.62,1436671,1933311,2543615,3817471,5271551,258944,24805375,2091215.26,972750.91,867346,10,10,10,0,0,0,0,0,0,1991679,4775935,6213631,2248455.32,9917
1782778644,0,877412,0,1207.37,10069.04,1432575,1931263,2545663,3825663,5304319,258944,24805375,2091568.82,977450.08,877412,10,10,10,0,0,0,0,0,0,1715199,5009407,6639615,2122033.90,10066
1782778645,0,887430,0,1219.47,10008.37,1428479,1930239,2547711,3827711,5328895,258944,24805375,2090349.68,980665.54,887430,10,10,10,0,0,0,0,0,0,1656831,4354047,6610943,1983572.35,10018
1782778646,0,897430,0,1231.52,10002.80,1424383,1927167,2547711,3839999,5361663,242560,24805375,2090009.40,986150.02,897430,10,10,10,0,0,0,0,0,0,1549311,5017599,6361087,2059812.71,10000
1782778647,0,907430,0,1243.54,9999.54,1420287,1925119,2547711,3839999,5369855,242560,24805375,2087506.85,987536.19,907430,10,10,10,0,0,0,0,0,0,1583103,3837951,5533695,1862919.95,10000
1782778648,0,917430,0,1255.52,10003.13,1417215,1924095,2547711,3852287,5406719,242560,24805375,2088133.51,992839.69,917430,10,10,10,0,0,0,0,0,0,1759231,5128191,6672383,2144998.52,10000
1782778649,0,927366,0,1267.39,9934.48,1414143,1922047,2549759,3862527,5427199,242560,24805375,2088862.18,999489.59,927366,10,10,10,0,0,0,0,0,0,1711103,4775935,7430143,2156143.65,9936
1782778650,0,937430,0,1279.39,10067.60,1409023,1917951,2547711,3860479,5423103,242560,24805375,2085236.41,999846.29,937430,10,10,10,0,0,0,0,0,0,1494015,3575807,5267455,1751133.23,10064
1782778651,0,947391,0,1291.23,9962.83,1404927,1915903,2545663,3860479,5423103,242560,24805375,2082279.10,1000189.51,947391,10,10,10,0,0,0,0,0,0,1512447,3612671,4931583,1803966.46,9961
1782778652,0,957401,0,1303.09,10008.98,1399807,1912831,2543615,3860479,5435391,242560,24805375,2079940.84,1001801.49,957401,10,10,10,0,0,0,0,0,0,1495039,3889151,6131711,1858636.94,10010
1782778653,0,967430,0,1314.95,10027.82,1396735,1909759,2541567,3860479,5427199,242560,24805375,2077776.86,1001757.47,967430,10,10,10,0,0,0,0,0,0,1602559,3844095,4796415,1871196.57,10029
1782778654,0,977430,0,1326.74,9992.32,1393663,1907711,2543615,3864575,5431295,242560,24805375,2076805.85,1003656.68,977430,10,10,10,0,0,0,0,0,0,1618943,4399103,5595135,1982867.00,10000
1782778655,0,987348,0,1338.39,9927.11,1390591,1905663,2541567,3868671,5451775,242560,24805375,2076091.28,1005939.25,987348,10,10,10,0,0,0,0,0,0,1652735,4497407,6242303,2005669.55,9918
1782778656,0,997410,0,1350.20,10057.02,1387519,1903615,2541567,3874815,5468159,242560,24805375,2075239.19,1008627.99,997410,10,10,10,0,0,0,0,0,0,1577983,4509695,6717439,1991626.69,10062
1782778657,0,1007418,0,1361.90,10013.02,1383423,1900543,2541567,3878911,5476351,242560,24805375,2073821.84,1010482.94,1007418,10,10,10,0,0,0,0,0,0,1562623,4235263,5910527,1932567.80,10008
1782778658,0,1017430,0,1373.58,10007.02,1380351,1898495,2539519,3885055,5484543,242560,24805375,2072801.01,1012428.16,1017430,10,10,10,0,0,0,0,0,0,1592319,4743167,5754879,1970083.20,10012
1782778659,0,1027385,0,1385.15,9959.08,1377279,1896447,2541567,3893247,5488639,242560,24805375,2072242.63,1014655.61,1027385,10,10,10,0,0,0,0,0,0,1605631,4534271,5697535,2015174.77,9955
1782778660,0,1037430,0,1396.81,10044.24,1374207,1893375,2539519,3899391,5500927,242560,24805375,2071363.73,1017029.22,1037430,10,10,10,0,0,0,0,0,0,1586175,4456447,6762495,1981471.21,10045
1782778661,0,1047430,0,1408.38,9998.03,1371135,1891327,2539519,3901439,5496831,242560,24805375,2069429.10,1017732.86,1047430,10,10,10,0,0,0,0,0,0,1546239,4042751,5185535,1868725.29,10000
1782778662,0,1057430,0,1419.91,9995.64,1367039,1888255,2537471,3901439,5492735,242560,24805375,2066938.70,1018145.11,1057430,10,10,10,0,0,0,0,0,0,1479679,3932159,4816895,1806086.68,10000
1782778663,0,1067405,0,1431.38,9975.82,1364991,1886207,2539519,3905535,5517311,242560,24805375,2066714.98,1021328.24,1067405,10,10,10,0,0,0,0,0,0,1600511,4829183,6885375,2042998.26,9975
1782778664,0,1077430,0,1442.89,10028.16,1362943,1884159,2539519,3913727,5529599,242560,24805375,2066995.14,1023638.35,1077430,10,10,10,0,0,0,0,0,0,1736703,4726783,6164479,2096825.51,10025
1782778665,0,1087430,0,1454.34,9999.14,1359871,1883135,2539519,3921919,5554175,242560,24805375,2066838.31,1027144.79,1087430,10,10,10,0,0,0,0,0,0,1628159,5013503,6762495,2049941.39,10000
1782778666,0,1097401,0,1465.71,9970.50,1358847,1881087,2537471,3921919,5550079,242560,24805375,2065600.82,1026825.13,1097401,10,10,10,0,0,0,0,0,0,1669119,3891199,4943871,1930640.28,9971
1782778667,0,1107401,0,1477.10,10006.32,1355775,1878015,2537471,3919871,5545983,242560,24805375,2063514.00,1026955.25,1107401,10,10,10,0,0,0,0,0,0,1530879,3790847,5517311,1834505.92,10000
1782778668,0,1117430,0,1488.49,10018.76,1352703,1875967,2535423,3921919,5558271,242560,24805375,2062098.19,1028478.32,1117430,10,10,10,0,0,0,0,0,0,1576959,4296703,6037503,1905765.70,10029
1782778669,0,1127430,0,1499.81,10006.67,1351679,1874943,2535423,3923967,5562367,242560,24805375,2061914.92,1029612.23,1127430,10,10,10,0,0,0,0,0,0,1760255,4243455,6164479,2041435.17,10000
1782778670,0,1137407,0,1511.07,9977.32,1349631,1873919,2537471,3928063,5570559,242560,24805375,2061791.53,1032094.20,1137407,10,10,10,0,0,0,0,0,0,1671167,4280319,6995967,2047847.75,9977
1782778671,0,1147030,0,1521.84,9617.67,1348607,1873919,2539519,3938303,5599231,240896,24805375,2063527.47,1036676.25,1147030,10,10,10,0,0,0,0,0,0,1835007,5267455,7897087,2268710.16,9623
1782778672,0,1157346,0,1533.49,10317.31,1347583,1873919,2541567,3952639,5631999,240896,24805375,2066822.37,1043438.18,1157346,10,10,10,0,0,0,0,0,0,1976319,5578751,8323071,2433180.50,10316
1782778673,0,1167430,0,1544.80,10083.84,1346559,1872895,2543615,3964927,5648383,240896,24805375,2068009.64,1046631.13,1167430,10,10,10,0,0,0,0,0,0,1764351,4673535,6803455,2204273.19,10084
1782778674,0,1177430,0,1555.98,9997.89,1343487,1870847,2541567,3962879,5648383,240896,24805375,2065808.57,1046915.73,1177430,10,10,10,0,0,0,0,0,0,1550335,3772415,5775359,1808849.66,10000
1782778675,0,1187430,0,1567.12,10001.52,1342463,1868799,2543615,3964927,5648383,240896,24805375,2065201.99,1047420.60,1187430,10,10,10,0,0,0,0,0,0,1675263,4231167,5570559,1993781.26,10000
1782778676,0,1197414,0,1578.21,9986.59,1340415,1868799,2543615,3969023,5652479,240896,24805375,2065067.26,1048734.05,1197414,10,10,10,0,0,0,0,0,0,1776639,4431871,5754879,2049043.06,9984
1782778677,0,1207400,0,1589.28,9990.70,1339391,1868799,2543615,3973119,5668863,240896,24805375,2065935.39,1051116.70,1207400,10,10,10,0,0,0,0,0,0,1867775,4657151,7106559,2170032.49,9986
1782778678,0,1217430,0,1600.38,10026.72,1336319,1865727,2543615,3975167,5664767,240896,24805375,2064178.43,1051203.02,1217430,10,10,10,0,0,0,0,0,0,1570815,4190207,5128191,1852677.00,10030
1782778679,0,1227388,0,1611.35,9957.32,1335295,1864703,2541567,3975167,5672959,240896,24805375,2063407.60,1051607.05,1227388,10,10,10,0,0,0,0,0,0,1668095,4218879,5877759,1969169.04,9958
1782778680,0,1237430,0,1622.40,10045.20,1333247,1862655,2541567,3979263,5668863,240896,24805375,2062505.77,1052651.40,1237430,10,10,10,0,0,0,0,0,0,1588223,4587519,5619711,1952279.32,10042
1782778681,0,1247430,0,1633.37,9992.13,1331199,1861631,2541567,3979263,5672959,240896,24805375,2061900.35,1053310.32,1247430,10,10,10,0,0,0,0,0,0,1715199,4083711,5926911,1986983.73,10000
1782778682,0,1257430,0,1644.31,10001.29,1330175,1861631,2541567,3983359,5672959,240896,24805375,2061455.55,1054123.15,1257430,10,10,10,0,0,0,0,0,0,1736703,4333567,5791743,2005969.32,10000
1782778683,0,1267430,0,1655.22,10003.78,1329151,1860607,2543615,3989503,5689343,240896,24805375,2062446.59,1058844.90,1267430,10,10,10,0,0,0,0,0,0,1744895,4960255,8314879,2187063.62,10000
1782778684,0,1277330,0,1665.98,9900.59,1328127,1859583,2543615,3993599,5689343,240896,24805375,2062316.76,1059788.53,1277330,10,10,10,0,0,0,0,0,0,1703935,4628479,5902335,2045695.82,9900
1782778685,0,1287430,0,1676.96,10097.05,1326079,1857535,2543615,3997695,5697535,240896,24805375,2061676.80,1061524.74,1287430,10,10,10,0,0,0,0,0,0,1588223,4501503,6316031,1980741.91,10100
1782778686,0,1297430,0,1687.79,9998.44,1325055,1858559,2543615,4003839,5713919,240896,24805375,2062848.69,1063672.47,1297430,10,10,10,0,0,0,0,0,0,1947647,4882431,6971391,2213721.54,10000
1782778687,0,1307398,0,1698.55,9971.79,1321983,1856511,2543615,4005887,5713919,221184,24805375,2061275.65,1064447.02,1307398,10,10,10,0,0,0,0,0,0,1455103,4184063,5566463,1856528.65,9968
1782778688,0,1317430,0,1709.36,10035.61,1320959,1855487,2545663,4009983,5726207,221184,24805375,2061766.43,1067094.12,1317430,10,10,10,0,0,0,0,0,0,1768447,4493311,7438335,2125726.28,10032
1782778689,0,1327430,0,1720.11,9998.34,1318911,1854463,2545663,4018175,5734399,221184,24805375,2061878.03,1069250.63,1327430,10,10,10,0,0,0,0,0,0,1632255,4874239,6352895,2076580.67,10000
1782778690,0,1337430,0,1730.82,9999.83,1316863,1852415,2543615,4016127,5726207,221184,24805375,2059870.95,1068662.94,1337430,10,10,10,0,0,0,0,0,0,1482751,3696639,4632575,1793444.79,10000
1782778691,0,1347430,0,1741.51,10000.94,1314815,1851391,2545663,4020223,5742591,221184,25247743,2060099.98,1073223.14,1347430,10,10,10,0,0,0,0,0,0,1607679,5230591,6860799,2090731.60,10000
1782778692,0,1357430,0,1752.17,9993.95,1313791,1849343,2543615,4024319,5742591,221184,25247743,2059607.48,1073571.39,1357430,10,10,10,0,0,0,0,0,0,1659903,4403199,5582847,1993246.10,10000
1782778693,0,1367422,0,1762.79,9991.44,1312767,1850367,2547711,4032511,5750783,217088,25247743,2061312.42,1075830.67,1367422,10,10,10,0,0,0,0,0,0,2016255,4820991,6766591,2292931.56,9992
1782778694,0,1377390,0,1773.35,9967.73,1311743,1849343,2547711,4032511,5750783,217088,25247743,2060604.03,1076513.30,1377390,10,10,10,0,0,0,0,0,0,1630207,4179967,5853183,1963425.94,9968
1782778695,0,1387430,0,1783.98,10041.18,1311743,1849343,2547711,4036607,5754879,217088,25247743,2061395.01,1077279.46,1387430,10,10,10,0,0,0,0,0,0,1906687,4444159,6098943,2169909.79,10040
1782778696,0,1397410,0,1794.51,9978.80,1310719,1849343,2549759,4038655,5758975,217088,25247743,2061161.10,1077850.08,1397410,10,10,10,0,0,0,0,0,0,1747967,4304895,6180863,2028642.60,9980
1782778697,0,1407430,0,1805.06,10026.67,1308671,1846271,2547711,4044799,5763071,217088,25247743,2060110.70,1079388.08,1407430,10,10,10,0,0,0,0,0,0,1473535,4567039,6373375,1913619.76,10020
1782778698,0,1410970,0,1807.28,3537.45,1307647,1846271,2547711,4042751,5763071,217088,25247743,2059610.20,1079575.07,1410970,10,10,10,0,0,0,0,0,0,1498111,3940351,5554175,1860622.39,3540
1782778699,0,1411970,0,1806.25,1000.36,1306623,1845247,2547711,4042751,5763071,217088,25247743,2059048.70,1079549.53,1411970,10,10,10,0,0,0,0,0,0,1097727,2625535,3682303,1266799.49,1000
1782778700,0,1412970,0,1805.22,999.56,1306623,1845247,2547711,4042751,5763071,217088,25247743,2058491.08,1079495.99,1412970,10,10,10,0,0,0,0,0,0,1102847,2478079,3762175,1271146.50,1000
1782778701,0,1413970,0,1804.19,1000.56,1305599,1844223,2545663,4042751,5763071,217088,25247743,2057941.78,1079553.18,1413970,10,10,10,0,0,0,0,0,0,1042943,2590719,5201919,1281800.32,1000
1782778702,0,1414970,0,1803.16,999.72,1304575,1843199,2545663,4040703,5763071,217088,25247743,2057360.70,1079516.71,1414970,10,10,10,0,0,0,0,0,0,1112063,2461695,3670015,1235723.39,1000
1782778703,0,1415970,0,1802.14,999.97,1304575,1843199,2545663,4040703,5763071,217088,25247743,2056732.77,1079499.91,1415970,10,10,10,0,0,0,0,0,0,1055743,2299903,3207167,1168234.24,1000
1782778704,0,1416970,0,1801.12,1000.03,1303551,1842175,2545663,4040703,5758975,217088,25247743,2056119.09,1079509.73,1416970,10,10,10,0,0,0,0,0,0,1014783,2377727,4052991,1187167.10,1000
1782778705,0,1417970,0,1800.11,1000.60,1302527,1842175,2543615,4038655,5758975,217088,25247743,2055457.18,1079524.62,1417970,10,10,10,0,0,0,0,0,0,976383,2185215,3260415,1117540.22,1000
1782778706,0,1418970,0,1799.09,999.45,1302527,1841151,2543615,4038655,5758975,217088,25247743,2054897.49,1079556.93,1418970,10,10,10,0,0,0,0,0,0,1064959,2607103,5017599,1261287.30,1000
1782778707,0,1419970,0,1798.08,1000.43,1301503,1840127,2543615,4038655,5758975,217088,25247743,2054237.63,1079609.18,1419970,10,10,10,0,0,0,0,0,0,939519,2232319,3827711,1117913.47,1000
1782778708,0,1420970,0,1797.07,999.54,1300479,1840127,2543615,4038655,5758975,217088,25247743,2053618.24,1079625.78,1420970,10,10,10,0,0,0,0,0,0,980479,2510847,3899391,1174101.50,1000
1782778709,0,1421970,0,1796.06,1000.34,1300479,1839103,2541567,4036607,5758975,217088,25247743,2052996.63,1079592.48,1421970,10,10,10,0,0,0,0,0,0,1043455,2226175,2611199,1169712.06,1000
1782778710,0,1422970,0,1795.06,999.85,1299455,1839103,2541567,4036607,5758975,217088,25247743,2052395.84,1079568.96,1422970,10,10,10,0,0,0,0,0,0,1083391,2220031,3500031,1198088.58,1000
1782778711,0,1423970,0,1794.06,999.91,1298431,1838079,2541567,4036607,5754879,217088,25247743,2051707.10,1079602.63,1423970,10,10,10,0,0,0,0,0,0,916991,2277375,3115007,1071639.81,1000
1782778712,0,1424966,0,1793.05,996.63,1297407,1837055,2541567,4034559,5754879,217088,25247743,2051058.75,1079592.45,1424966,10,10,10,0,0,0,0,0,0,1016831,2144255,3215359,1124127.61,996
1782778713,0,1425970,0,1792.06,1003.93,1297407,1837055,2539519,4034559,5754879,217088,25247743,2050472.72,1079579.79,1425970,10,10,10,0,0,0,0,0,0,1026559,2555903,3497983,1218731.22,1004
1782778714,0,1426970,0,1791.07,999.66,1296383,1836031,2539519,4032511,5754879,217088,25247743,2049804.75,1079579.65,1426970,10,10,10,0,0,0,0,0,0,980479,2113535,2859007,1097297.02,1000
1782778715,0,1427970,0,1790.08,1000.07,1295359,1835007,2539519,4032511,5754879,217088,25247743,2049197.71,1079564.06,1427970,10,10,10,0,0,0,0,0,0,1028095,2383871,3555327,1182970.75,1000
1782778716,0,1428970,0,1789.09,999.80,1295359,1835007,2537471,4032511,5750783,217088,25247743,2048559.63,1079555.72,1428970,10,10,10,0,0,0,0,0,0,1053695,2060287,3469311,1137399.04,1000
1782778717,0,1429970,0,1788.10,999.50,1294335,1833983,2537471,4030463,5750783,217088,25247743,2047991.62,1079539.52,1429970,10,10,10,0,0,0,0,0,0,1118207,2347007,3510271,1236315.52,1000
1782778718,0,1430970,0,1787.12,1000.19,1294335,1833983,2537471,4030463,5750783,217088,25247743,2047464.95,1079491.54,1430970,10,10,10,0,0,0,0,0,0,1114111,2549759,3444735,1294351.36,1000
1782778719,0,1431970,0,1786.13,1000.38,1293311,1832959,2537471,4030463,5750783,217088,25247743,2046881.69,1079479.61,1431970,10,10,10,0,0,0,0,0,0,1055743,2297855,3616767,1212256.00,1000
1782778720,0,1432970,0,1785.15,999.66,1293311,1831935,2535423,4030463,5750783,217088,25247743,2046298.62,1079450.82,1432970,10,10,10,0,0,0,0,0,0,1067007,2547711,3422207,1211355.01,1000
1782778721,0,1433970,0,1784.18,1000.22,1292287,1831935,2535423,4028415,5750783,217088,25247743,2045688.94,1079477.51,1433970,10,10,10,0,0,0,0,0,0,1021951,2246655,3371007,1172029.95,1000
1782778722,0,1434970,0,1783.20,999.85,1291263,1830911,2535423,4028415,5750783,217088,25247743,2045012.54,1079571.76,1434970,10,10,10,0,0,0,0,0,0,902143,2052095,3459071,1075072.26,1000
1782778723,0,1435970,0,1782.23,1000.06,1290239,1829887,2535423,4028415,5746687,217088,25247743,2044286.18,1079620.52,1435970,10,10,10,0,0,0,0,0,0,885247,1935359,2750463,1001985.28,1000
1782778724,0,1436970,0,1781.26,999.64,1290239,1829887,2533375,4026367,5746687,217088,25247743,2043680.82,1079593.78,1436970,10,10,10,0,0,0,0,0,0,1053695,2226175,3219455,1174404.86,1000
1782778725,0,1437970,0,1780.29,1000.44,1289215,1828863,2533375,4026367,5746687,217088,25247743,2043097.32,1079663.11,1437970,10,10,10,0,0,0,0,0,0,952831,2678783,4669439,1204619.14,1000
1782778726,0,1438970,0,1779.33,1000.29,1288191,1828863,2533375,4026367,5746687,217088,25247743,2042447.29,1079671.62,1438970,10,10,10,0,0,0,0,0,0,951807,2185215,2965503,1107731.97,1000
1782778727,0,1439970,0,1778.37,999.31,1288191,1827839,2533375,4026367,5746687,217088,25247743,2041865.84,1079687.09,1439970,10,10,10,0,0,0,0,0,0,1009663,2277375,4333567,1205181.44,1000
1782778728,0,1440970,0,1777.41,1000.82,1287167,1826815,2531327,4024319,5746687,217088,25247743,2041254.61,1079636.49,1440970,10,10,10,0,0,0,0,0,0,1059839,2099199,2797567,1161097.60,1000
1782778729,0,1441970,0,1776.45,999.80,1286143,1826815,2531327,4024319,5746687,217088,25247743,2040672.92,1079621.46,1441970,10,10,10,0,0,0,0,0,0,1090559,2134015,3135487,1202468.10,1000
1782778730,0,1442970,0,1775.49,999.98,1286143,1825791,2531327,4024319,5746687,217088,25247743,2040064.37,1079618.06,1442970,10,10,10,0,0,0,0,0,0,1007103,2361343,3547135,1162557.70,1000
1782778731,0,1443970,0,1774.54,999.65,1285119,1824767,2529279,4022271,5742591,217088,25247743,2039381.11,1079659.63,1443970,10,10,10,0,0,0,0,0,0,936959,2086911,2902015,1053461.38,1000
1782778732,0,1444970,0,1773.59,1000.18,1284095,1824767,2529279,4022271,5742591,217088,25247743,2038714.91,1079676.81,1444970,10,10,10,0,0,0,0,0,0,930303,2238463,2922495,1076738.05,1000
1782778733,0,1445970,0,1772.64,999.62,1284095,1823743,2529279,4022271,5742591,217088,25247743,2038170.06,1079616.15,1445970,10,10,10,0,0,0,0,0,0,1147903,2435071,3043327,1250882.94,1000
1782778734,0,1446970,0,1771.70,1000.26,1283071,1823743,2529279,4022271,5742591,217088,25247743,2037544.90,1079626.86,1446970,10,10,10,0,0,0,0,0,0,946687,2310143,3411967,1133581.70,1000
1782778735,0,1447970,0,1770.75,1000.58,1282047,1822719,2527231,4020223,5742591,217088,25247743,2036863.41,1079670.82,1447970,10,10,10,0,0,0,0,0,0,872959,2373631,2975743,1050766.34,1000
1782778736,0,1448970,0,1769.81,999.33,1282047,1822719,2527231,4020223,5738495,217088,25247743,2036304.67,1079660.96,1448970,10,10,10,0,0,0,0,0,0,1048575,2734079,3944447,1227258.24,1000
1782778737,0,1449970,0,1768.87,999.77,1281023,1821695,2527231,4020223,5738495,217088,25247743,2035722.85,1079656.81,1449970,10,10,10,0,0,0,0,0,0,1064959,2260991,3706879,1192683.78,1000
1782778738,0,1450970,0,1767.93,1000.22,1279999,1820671,2525183,4020223,5738495,217088,25247743,2035049.87,1079667.68,1450970,10,10,10,0,0,0,0,0,0,943103,2053119,2570239,1059255.04,1000
1782778739,0,1451970,0,1767.00,1000.10,1279999,1820671,2525183,4018175,5738495,217088,25247743,2034541.91,1079645.28,1451970,10,10,10,0,0,0,0,0,0,1136639,2461695,4456447,1297508.22,1000
1782778740,0,1452970,0,1766.07,999.65,1278975,1819647,2525183,4018175,5738495,217088,25247743,2033972.81,1079645.69,1452970,10,10,10,0,0,0,0,0,0,1011711,2433023,3860479,1207660.93,1000
1782778741,0,1453968,0,1765.14,998.98,1277951,1819647,2525183,4018175,5738495,217088,25247743,2033379.27,1079678.75,1453968,10,10,10,0,0,0,0,0,0,968191,2570239,4399103,1169251.78,998
1782778742,0,1454970,0,1764.21,1001.74,1277951,1818623,2523135,4016127,5734399,217088,25247743,2032758.77,1079651.79,1454970,10,10,10,0,0,0,0,0,0,983551,2246655,2856959,1132373.08,1002
1782778743,0,1455970,0,1763.28,999.71,1276927,1817599,2523135,4016127,5734399,217088,25247743,2032106.80,1079654.09,1455970,10,10,10,0,0,0,0,0,0,950783,2068479,2766847,1083513.09,1000
1782778744,0,1456970,0,1762.36,999.63,1275903,1817599,2523135,4016127,5734399,217088,25247743,2031567.96,1079639.03,1456970,10,10,10,0,0,0,0,0,0,1064959,2414591,4800511,1247029.50,1000
1782778745,0,1457961,0,1761.43,991.42,1275903,1816575,2523135,4016127,5734399,217088,25247743,2030984.99,1079611.88,1457961,10,10,10,0,0,0,0,0,0,1029119,2183167,3393535,1173901.17,991
1782778746,0,1458970,0,1760.52,1009.05,1274879,1816575,2521087,4014079,5734399,217088,25247743,2030353.35,1079643.96,1458970,10,10,10,0,0,0,0,0,0,940031,2492415,3579903,1117665.30,1009
1782778747,0,1459970,0,1759.61,1000.41,1273855,1815551,2521087,4014079,5734399,217088,25247743,2029820.48,1079717.12,1459970,10,10,10,0,0,0,0,0,0,982015,3026943,5595135,1252378.24,1000
1782778748,0,1460970,0,1758.69,999.48,1273855,1814527,2521087,4014079,5730303,217088,25247743,2029265.52,1079717.18,1460970,10,10,10,0,0,0,0,0,0,997887,2809855,3819519,1219033.22,1000
1782778749,0,1461967,0,1757.77,997.05,1272831,1814527,2521087,4014079,5734399,217088,25247743,2028740.98,1079835.67,1461967,10,10,10,0,0,0,0,0,0,1036799,2717695,6471679,1260099.66,997
1782778750,0,1462970,0,1756.87,1003.06,1272831,1813503,2519039,4012031,5730303,217088,25247743,2028186.06,1079801.55,1462970,10,10,10,0,0,0,0,0,0,1084415,2502655,3602431,1219332.72,1003
1782778751,0,1463970,0,1755.96,999.45,1271807,1813503,2519039,4012031,5730303,217088,25247743,2027629.85,1079776.37,1463970,10,10,10,0,0,0,0,0,0,1085439,2381823,3862527,1213916.54,1000
1782778752,0,1464970,0,1755.06,1000.89,1271807,1812479,2519039,4012031,5730303,217088,25247743,2026979.24,1079763.37,1464970,10,10,10,0,0,0,0,0,0,976895,1907711,2478079,1074504.96,1000
1782778753,0,1465970,0,1754.15,999.76,1270783,1811455,2516991,4012031,5730303,217088,25247743,2026303.04,1079775.13,1465970,10,10,10,0,0,0,0,0,0,923135,1963007,2641919,1035694.59,1000
1782778754,0,1466970,0,1753.25,1000.03,1269759,1811455,2516991,4009983,5730303,217088,25247743,2025659.26,1079800.90,1466970,10,10,10,0,0,0,0,0,0,944639,1904639,3670015,1081897.60,1000
1782778755,0,1467970,0,1752.35,999.40,1269759,1810431,2516991,4009983,5730303,217088,25247743,2025135.63,1079725.88,1467970,10,10,10,0,0,0,0,0,0,1111039,2404351,3076095,1256978.94,1000
1782778756,0,1468970,0,1751.45,1000.10,1268735,1810431,2516991,4007935,5730303,217088,25247743,2024619.88,1079771.14,1468970,10,10,10,0,0,0,0,0,0,1046015,2666495,3860479,1267509.63,1000
1782778757,0,1469970,0,1750.56,1000.42,1267711,1809407,2514943,4007935,5726207,217088,25247743,2024059.33,1079716.68,1469970,10,10,10,0,0,0,0,0,0,1100799,2426879,2951167,1200633.34,1000
1782778758,0,1484470,0,1765.72,14504.14,1272831,1819647,2539519,4122623,6160383,217088,26968063,2060141.66,1186272.38,1484470,10,10,10,0,0,0,0,0,0,4804607,12574719,19709951,5718069.21,14500
1782778759,0,1504352,0,1787.25,19878.71,1279999,1833983,2570239,4288511,6680575,217088,30916607,2108507.71,1341815.78,1504352,10,10,10,0,0,0,0,0,0,4722687,13639679,26296319,5719711.13,19882
1782778760,0,1524470,0,1809.00,20109.90,1286143,1847295,2603007,4468735,7254015,217088,30916607,2150472.65,1418579.71,1524470,10,10,10,0,0,0,0,0,0,4964351,10928127,13443071,5288460.28,20118
1782778761,0,1544473,0,1830.56,20007.64,1293311,1861631,2637823,4706303,7958527,217088,30916607,2199466.54,1517733.78,1544473,10,10,10,0,0,0,0,0,0,5210111,11919359,15925247,5933392.19,20003
1782778762,0,1564479,0,1852.08,20012.80,1300479,1876991,2672639,4919295,8454143,217088,30916607,2242823.98,1590966.75,1564479,10,10,10,0,0,0,0,0,0,5054463,10739711,17432575,5590039.68,20006
1782778763,0,1584445,0,1873.50,19965.75,1306623,1891327,2705407,5128191,9011199,217088,30916607,2283041.67,1657785.45,1584445,10,10,10,0,0,0,0,0,0,4546559,11091967,14131199,5434385.50,19966
1782778764,0,1604470,0,1894.94,20019.69,1312767,1905663,2740223,5341183,9281535,217088,30916607,2323535.06,1718399.74,1604470,10,10,10,0,0,0,0,0,0,4878335,10944511,15556607,5527507.56,20025
1782778765,0,1624475,0,1916.30,20009.71,1319935,1919999,2777087,5562367,9469951,217088,30916607,2364776.97,1777950.48,1624475,10,10,10,0,0,0,0,0,0,5238783,11247615,16310271,5672520.71,20005
1782778766,0,1644484,0,1937.62,19995.36,1327103,1935359,2813951,5718015,9699327,217088,37421055,2404524.04,1853929.51,1644484,10,10,10,0,0,0,0,0,0,4702207,12419071,24788991,5631477.76,20009
1782778767,0,1664470,0,1958.86,19999.64,1334271,1949695,2852863,5914623,10035199,217088,38502399,2451123.12,1963926.82,1664470,10,10,10,0,0,0,0,0,0,5234687,13434879,34078719,6285379.07,19986
1782778768,0,1684470,0,1980.07,20002.34,1341439,1965055,2891775,6090751,10182655,217088,38502399,2485654.97,2002062.60,1684470,10,10,10,0,0,0,0,0,0,4739071,10027007,17039359,5359516.66,20000
1782778769,0,1704470,0,2001.22,19997.45,1347583,1978367,2926591,6209535,10182655,217088,38502399,2511877.82,2018486.06,1704470,10,10,10,0,0,0,0,0,0,4390911,8871935,10035199,4720458.30,20000
1782778770,0,1724479,0,2022.34,20003.40,1354751,1992703,2965503,6352895,10280959,217088,38502399,2543790.05,2051830.12,1724479,10,10,10,0,0,0,0,0,0,4763647,10256383,16908287,5262238.35,20009
1782778771,0,1744495,0,2043.42,20013.94,1360895,2004991,2994175,6430719,10289151,217088,38502399,2563887.99,2062007.12,1744495,10,10,10,0,0,0,0,0,0,3817471,8261631,11091967,4295426.75,20016
1782778772,0,1764587,0,2064.53,20102.08,1367039,2018303,3024895,6512639,10379263,217088,38502399,2586224.32,2078161.99,1764587,10,10,10,0,0,0,0,0,0,3971071,8863743,12705791,4525584.07,20092
1782778773,0,1784497,0,2085.39,19898.95,1374207,2031615,3059711,6602751,10395647,217088,38502399,2609558.47,2091624.27,1784497,10,10,10,0,0,0,0,0,0,4288511,8683519,10944511,4677621.53,19910
1782778774,0,1804452,0,2106.25,19964.57,1380351,2044927,3096575,6688767,10526719,217088,38502399,2635593.09,2112570.34,1804452,10,10,10,0,0,0,0,0,0,4468735,10018815,12287999,4963766.48,19955
1782778775,0,1824469,0,2127.13,20019.26,1386495,2060287,3139583,6803455,10559487,217088,38502399,2665752.59,2134584.12,1824469,10,10,10,0,0,0,0,0,0,5132287,9592831,11214847,5384509.86,20017
1782778776,0,1844479,0,2147.95,20001.18,1393663,2074623,3180543,6893567,10649599,217088,38502399,2692188.53,2154580.10,1844479,10,10,10,0,0,0,0,0,0,4661247,10305535,13852671,5102561.67,20010
1782778777,0,1864471,0,2168.71,19986.16,1399807,2087935,3215359,6946815,10665983,217088,38502399,2713492.48,2166734.52,1864471,10,10,10,0,0,0,0,0,0,4341759,8814591,12500991,4679012.75,19992
1782778778,0,1884470,0,2189.43,20007.73,1405951,2103295,3262463,7065599,10788863,217088,38502399,2745271.89,2198866.53,1884470,10,10,10,0,0,0,0,0,0,5058559,10780671,17727487,5708009.15,19999
1782778779,0,1904486,0,2210.11,20011.92,1412095,2115583,3295231,7110655,10797055,217088,38502399,2764929.58,2210265.41,1904486,10,10,10,0,0,0,0,0,0,4167679,8642559,16072703,4615665.93,20016
1782778780,0,1924470,0,2230.71,19978.81,1419263,2129919,3334143,7167999,10813439,217088,38502399,2786920.02,2223541.68,1924470,10,10,10,0,0,0,0,0,0,4399103,9469951,11976703,4882620.61,19984
1782778781,0,1944470,0,2251.29,20008.30,1425407,2144255,3373055,7204863,10862591,217088,38502399,2807418.52,2236025.81,1944470,10,10,10,0,0,0,0,0,0,4235263,9625599,14409727,4779855.96,20000
1782778782,0,1964470,0,2271.81,19995.25,1431551,2156543,3405823,7237631,10878975,217088,38502399,2825376.87,2247485.37,1964470,10,10,10,0,0,0,0,0,0,4073471,8790015,13139967,4571350.43,20000
1782778783,0,1984473,0,2292.29,19999.91,1437695,2170879,3440639,7303167,10928127,217088,38502399,2846823.79,2262578.92,1984473,10,10,10,0,0,0,0,0,0,4300799,9904127,13336575,4953099.82,20003
1782778784,0,2004470,0,2312.72,19997.75,1443839,2183167,3475455,7360511,11010047,217088,38502399,2867252.06,2276754.45,2004470,10,10,10,0,0,0,0,0,0,4247551,10141695,13975551,4894523.17,19997
1782778785,0,2024470,0,2333.11,20013.36,1449983,2197503,3514367,7417855,11034623,217088,38502399,2888229.53,2288812.18,2024470,10,10,10,0,0,0,0,0,0,4435967,9502719,13344767,4990665.46,20000
1782778786,0,2044470,0,2353.44,19997.39,1456127,2211839,3559423,7512063,11157503,217088,38502399,2918231.75,2319288.17,2044470,10,10,10,0,0,0,0,0,0,5369855,11567103,16646143,5955161.12,20000
1782778787,0,2064470,0,2373.73,19987.97,1462271,2224127,3600383,7557119,11182079,217088,38502399,2937679.55,2329283.28,2064470,10,10,10,0,0,0,0,0,0,4526079,9773055,12918783,4925701.61,20000
1782778788,0,2084499,0,2394.01,20040.87,1468415,2238463,3637247,7614463,11198463,217088,38502399,2957758.43,2339936.89,2084499,10,10,10,0,0,0,0,0,0,4456447,9453567,14172159,5027370.07,20029
1782778789,0,2104472,0,2414.17,19960.34,1474559,2252799,3678207,7651327,11239423,217088,38502399,2978803.84,2352902.99,2104472,10,10,10,0,0,0,0,0,0,4628479,9986047,14778367,5175225.12,19973
1782778790,0,2124470,0,2434.32,20011.07,1481727,2267135,3719167,7712767,11296767,217088,38502399,3001883.51,2369619.93,2124470,10,10,10,0,0,0,0,0,0,4861951,10231807,15163391,5430652.86,19998
1782778791,0,2144470,0,2454.43,19994.16,1487871,2281471,3758079,7778303,11436031,217088,38502399,3026235.92,2389732.91,2144470,10,10,10,0,0,0,0,0,0,4919295,11427839,15106047,5613034.54,20000
1782778792,0,2164470,0,2474.49,20005.18,1494015,2295807,3801087,7847935,11567103,217088,38502399,3052796.28,2416563.81,2164470,10,10,10,0,0,0,0,0,0,5206015,11542527,19218431,5900690.43,20000
1782778793,0,2184508,0,2494.54,20029.53,1500159,2310143,3844095,7925759,11673599,217088,38502399,3079694.70,2441465.39,2184508,10,10,10,0,0,0,0,0,0,5332991,12247039,17465343,5985215.68,20038
1782778794,0,2204379,0,2514.36,19864.26,1507327,2326527,3895295,8048639,12115967,217088,38502399,3122321.78,2518245.59,2204379,10,10,10,0,0,0,0,0,0,6610943,16777215,33341439,7808506.92,19871
1782778795,0,2224470,0,2534.39,20107.98,1513471,2340863,3938303,8101887,12173311,217088,38502399,3143987.89,2531300.72,2224470,10,10,10,0,0,0,0,0,0,4886527,10256383,15114239,5521187.96,20091
1782778796,0,2244470,0,2554.27,20000.22,1519615,2355199,3969023,8130559,12214271,217088,38502399,3161450.49,2540490.72,2244470,10,10,10,0,0,0,0,0,0,4546559,9789439,16375807,5103701.47,20000
1782778797,0,2264482,0,2574.11,19995.86,1525759,2371583,4012031,8191999,12230655,217088,38502399,3186261.98,2555864.44,2264482,10,10,10,0,0,0,0,0,0,5672959,10076159,14172159,5969024.98,20012
1782778798,0,2284491,0,2593.90,20009.83,1532927,2387967,4057087,8278015,12484607,217088,38502399,3216748.99,2585835.34,2284491,10,10,10,0,0,0,0,0,0,5738495,13484031,15908863,6667060.90,20009
1782778799,0,2304497,0,2613.65,20015.82,1539071,2402303,4093951,8314879,12640255,217088,38502399,3237630.55,2601556.98,2304497,10,10,10,0,0,0,0,0,0,5062655,11436031,16310271,5622102.34,20006
1782778800,0,2324470,0,2633.32,19968.23,1545215,2418687,4134911,8396799,12754943,217088,38502399,3262875.39,2624273.59,2324470,10,10,10,0,0,0,0,0,0,5349375,12541951,17776639,6175640.07,19973
1782778801,0,2344583,0,2653.10,20125.62,1550335,2433023,4171775,8429567,12763135,217088,38502399,3282196.10,2633476.71,2344583,10,10,10,0,0,0,0,0,0,4980735,10199039,14016511,5515100.14,20113
1782778802,0,2364470,0,2672.58,19872.47,1556479,2447359,4202495,8437759,12763135,217088,38502399,3296660.65,2636392.34,2364470,10,10,10,0,0,0,0,0,0,4866047,8822783,12607487,5001963.56,19887
1782778803,0,2384470,0,2692.14,20012.23,1562623,2461695,4235263,8462335,12812287,217088,38502399,3315228.02,2646365.10,2384470,10,10,10,0,0,0,0,0,0,4993023,11042815,15040511,5510327.10,20000
1782778804,0,2404475,0,2711.67,20001.51,1567743,2476031,4263935,8486911,12820479,217088,38502399,3330076.48,2651092.08,2404475,10,10,10,0,0,0,0,0,0,4571135,9576447,13737983,5099919.75,20005
1782778805,0,2424503,0,2731.17,20030.16,1573887,2490367,4300799,8519679,12861439,217088,38502399,3349219.64,2662191.54,2424503,10,10,10,0,0,0,0,0,0,4960255,11272191,15294463,5647463.97,20028
1782778806,0,2444472,0,2750.57,19961.65,1581055,2506751,4341759,8585215,13058047,217088,38502399,3376944.15,2691518.04,2444472,10,10,10,0,0,0,0,0,0,5890047,13926399,21643263,6743069.04,19969
1782778807,0,2464453,0,2769.93,19972.01,1587199,2525183,4390911,8691711,13303807,217088,38502399,3414453.70,2745738.41,2464453,10,10,10,0,0,0,0,0,0,6983679,17629183,25821183,8003366.31,19981
1782778808,0,2484470,0,2789.30,20036.25,1593343,2539519,4431871,8749055,13377535,217088,38502399,3437679.93,2762991.87,2484470,10,10,10,0,0,0,0,0,0,5824511,12861439,17530879,6297246.23,20017
1782778809,0,2504473,0,2808.60,19986.74,1599487,2555903,4460543,8781823,13418495,217088,38502399,3455557.75,2771932.69,2504473,10,10,10,0,0,0,0,0,0,4988927,11116543,16777215,5676070.66,20003
1782778810,0,2524470,0,2827.86,20000.58,1604607,2568191,4476927,8790015,13402111,217088,38502399,3464960.50,2771152.12,2524470,10,10,10,0,0,0,0,0,0,4059135,9134079,12664831,4642582.97,19997
1782778811,0,2544470,0,2847.07,19999.75,1611775,2584575,4509695,8830975,13459455,217088,38502399,3486203.40,2785761.08,2544470,10,10,10,0,0,0,0,0,0,5640191,12238847,17137663,6167557.25,20000
1782778812,0,2564463,0,2866.24,20002.16,1617919,2600959,4554751,8888319,13549567,217088,38502399,3508924.05,2801797.70,2564463,10,10,10,0,0,0,0,0,0,5804031,13066239,16793599,6400536.46,19993
1782778813,0,2584470,0,2885.37,20003.20,1624063,2617343,4599807,8986623,13877247,217088,38502399,3544459.05,2857859.24,2584470,10,10,10,0,0,0,0,0,0,6934527,18644991,26279935,8099274.75,20007
1782778814,0,2604470,0,2904.46,19991.40,1630207,2631679,4632575,9019391,13950975,217088,38502399,3564218.19,2869467.99,2604470,10,10,10,0,0,0,0,0,0,5410815,12066815,16990207,6117563.30,20000
1782778815,0,2624430,0,2923.46,19968.96,1635327,2648063,4669439,9076735,14057471,217088,38502399,3588514.50,2893138.66,2624430,10,10,10,0,0,0,0,0,0,6205439,14213119,20594687,6758806.00,19960
1782778816,0,2644470,0,2942.50,20042.68,1641471,2662399,4702207,9093119,14082047,217088,38502399,3604529.43,2899938.59,2644470,10,10,10,0,0,0,0,0,0,5148671,11280383,16457727,5701837.81,20040
1782778817,0,2664470,0,2961.46,19996.23,1647615,2680831,4743167,9158655,14237695,217088,40599551,3630617.65,2928261.52,2664470,10,10,10,0,0,0,0,0,0,6111231,15155199,21495807,7080093.20,20000
1782778818,0,2671000,0,2965.42,6531.37,1648639,2684927,4751359,9183231,14270463,217088,40599551,3637199.61,2935698.51,2671000,10,10,10,0,0,0,0,0,0,5152767,13680639,20561919,6322870.36,6530
1782778819,0,2672006,0,2963.25,1005.40,1648639,2682879,4751359,9183231,14270463,217088,40599551,3636374.28,2935491.36,2672006,10,10,10,0,0,0,0,0,0,1255423,2750463,4665343,1445062.62,1006
1782778820,0,2673000,0,2961.07,994.17,1647615,2682879,4751359,9183231,14262271,217088,40599551,3635472.71,2935336.40,2673000,10,10,10,0,0,0,0,0,0,1072127,2394111,2871295,1211929.88,994
1782778821,0,2674000,0,2958.90,1000.24,1646591,2680831,4747263,9175039,14262271,217088,40599551,3634694.90,2935097.33,2674000,10,10,10,0,0,0,0,0,0,1438719,2758655,4435967,1555611.78,1000
1782778822,0,2675007,0,2956.74,1006.72,1646591,2680831,4747263,9175039,14262271,217088,40599551,3633819.88,2934914.12,2675007,10,10,10,0,0,0,0,0,0,1190911,2467839,3168255,1310277.40,1007
1782778823,0,2676000,0,2954.57,993.65,1645567,2678783,4747263,9175039,14262271,217088,40599551,3632981.41,2934728.95,2676000,10,10,10,0,0,0,0,0,0,1177599,2887679,4726783,1374270.52,993
1782778824,0,2677000,0,2952.42,999.59,1645567,2678783,4747263,9175039,14262271,217088,40599551,3632178.18,2934519.50,2677000,10,10,10,0,0,0,0,0,0,1243135,2945023,4898815,1482727.04,1000
1782778825,0,2678000,0,2950.27,1000.06,1644543,2678783,4743167,9175039,14262271,217088,40599551,3631292.92,2934354.94,2678000,10,10,10,0,0,0,0,0,0,1096703,2603007,3567615,1261453.70,1000
1782778826,0,2679000,0,2948.12,999.93,1643519,2676735,4743167,9175039,14262271,217088,40599551,3630480.37,2934138.18,2679000,10,10,10,0,0,0,0,0,0,1334271,2609151,3969023,1454476.67,1000
1782778827,0,2680000,0,2945.98,1000.11,1643519,2676735,4743167,9175039,14262271,217088,40599551,3629637.67,2933940.75,2680000,10,10,10,0,0,0,0,0,0,1246207,2639871,3561471,1372046.59,1000
1782778828,0,2681000,0,2943.84,1000.13,1642495,2674687,4739071,9175039,14254079,217088,40599551,3628825.71,2933743.02,2681000,10,10,10,0,0,0,0,0,0,1269759,2684927,5189631,1452762.62,1000
1782778829,0,2682000,0,2941.71,1000.11,1641471,2674687,4739071,9166847,14254079,217088,40599551,3627956.80,2933598.62,2682000,10,10,10,0,0,0,0,0,0,1069055,2854911,5169151,1298407.68,1000
1782778830,0,2683000,0,2939.58,999.48,1641471,2674687,4739071,9166847,14254079,217088,40599551,3627111.77,2933415.50,2683000,10,10,10,0,0,0,0,0,0,1160191,2758655,3696639,1360743.30,1000
1782778831,0,2684000,0,2937.46,1000.49,1640447,2672639,4739071,9166847,14254079,217088,40599551,3626308.88,2933200.33,2684000,10,10,10,0,0,0,0,0,0,1285119,3035135,3899391,1472161.41,1000
1782778832,0,2685000,0,2935.34,999.36,1639423,2672639,4734975,9166847,14254079,217088,40599551,3625493.68,2933006.31,2685000,10,10,10,0,0,0,0,0,0,1257471,2723839,4689919,1437484.16,1000
1782778833,0,2686000,0,2933.23,1000.43,1639423,2670591,4734975,9166847,14254079,217088,40599551,3624634.36,2932830.14,2686000,10,10,10,0,0,0,0,0,0,1132543,2742271,3971071,1317376.51,1000
1782778834,0,2687000,0,2931.12,999.96,1638399,2670591,4734975,9166847,14254079,217088,40599551,3623764.91,2932671.73,2687000,10,10,10,0,0,0,0,0,0,1054719,2676735,4755455,1288426.24,1000
1782778835,0,2688000,0,2929.01,999.91,1637375,2668543,4734975,9166847,14254079,217088,40599551,3622871.42,2932521.27,2688000,10,10,10,0,0,0,0,0,0,1054719,2463743,4048895,1222052.74,1000
1782778836,0,2689001,0,2926.92,1001.07,1637375,2668543,4730879,9166847,14245887,217088,40599551,3622006.54,2932338.23,2689001,10,10,10,0,0,0,0,0,0,1203199,2408447,3395583,1299530.68,1001
1782778837,0,2690000,0,2924.82,999.21,1636351,2666495,4730879,9166847,14245887,217088,40599551,3621218.81,2932115.31,2690000,10,10,10,0,0,0,0,0,0,1292287,3282943,4147199,1500886.36,999
1782778838,0,2691000,0,2922.73,999.70,1635327,2666495,4730879,9158655,14245887,217088,40599551,3620385.76,2931918.61,2691000,10,10,10,0,0,0,0,0,0,1171455,2760703,3913727,1379485.70,1000
1782778839,0,2692000,0,2920.64,1000.48,1635327,2666495,4730879,9158655,14245887,217088,40599551,3619571.20,2931730.58,2692000,10,10,10,0,0,0,0,0,0,1220607,2715647,4640767,1427586.88,1000
1782778840,0,2693004,0,2918.57,1003.32,1634303,2664447,4726783,9158655,14245887,217088,40599551,3618729.49,2931537.53,2693004,10,10,10,0,0,0,0,0,0,1262591,2428927,4042751,1361888.25,1004
1782778841,0,2694000,0,2916.48,995.80,1634303,2664447,4726783,9158655,14237695,217088,40599551,3617866.59,2931371.77,2694000,10,10,10,0,0,0,0,0,0,1122303,2416639,4931583,1284725.59,996
1782778842,0,2695010,0,2914.42,1010.13,1633279,2662399,4726783,9158655,14237695,217088,40599551,3616999.75,2931195.71,2695010,10,10,10,0,0,0,0,0,0,1156095,2488319,4939775,1304873.06,1010
1782778843,0,2696000,0,2912.35,990.56,1632255,2662399,4726783,9158655,14229503,217088,40599551,3616207.75,2930996.04,2696000,10,10,10,0,0,0,0,0,0,1232895,3063807,5304319,1460189.74,990
1782778844,0,2697000,0,2910.28,999.35,1632255,2660351,4722687,9158655,14229503,217088,40599551,3615436.19,2930759.83,2697000,10,10,10,0,0,0,0,0,0,1350655,3061759,4075519,1535320.83,1000
1782778845,0,2698000,0,2908.22,1000.49,1631231,2660351,4722687,9158655,14229503,217088,40599551,3614561.27,2930597.61,2698000,10,10,10,0,0,0,0,0,0,1099775,2453503,3608575,1254885.89,1000
1782778846,0,2699008,0,2906.17,1007.38,1630207,2658303,4722687,9150463,14229503,217088,40599551,3613746.98,2930378.81,2699008,10,10,10,0,0,0,0,0,0,1275903,2650111,3422207,1434227.43,1008
1782778847,0,2700000,0,2904.12,992.76,1630207,2658303,4718591,9150463,14221311,217088,40599551,3612941.08,2930173.04,2700000,10,10,10,0,0,0,0,0,0,1269759,2867199,4179967,1420282.71,992
1782778848,0,2701007,0,2902.08,1006.23,1629183,2658303,4718591,9150463,14221311,217088,40599551,3612131.61,2929954.21,2701007,10,10,10,0,0,0,0,0,0,1298431,2734079,3409919,1441751.20,1007
1782778849,0,2702000,0,2900.03,993.74,1629183,2656255,4718591,9150463,14221311,217088,40599551,3611351.64,2929752.20,2702000,10,10,10,0,0,0,0,0,0,1289215,2799615,6361087,1489791.23,993
1782778850,0,2703000,0,2897.99,999.24,1628159,2656255,4714495,9150463,14221311,217088,40599551,3610510.16,2929556.84,2703000,10,10,10,0,0,0,0,0,0,1225727,2420735,3014655,1336844.29,1000
1782778851,0,2704001,0,2895.96,1001.39,1627135,2654207,4714495,9150463,14221311,217088,40599551,3609724.68,2929326.17,2704001,10,10,10,0,0,0,0,0,0,1355775,2951167,3573759,1488693.45,1001
1782778852,0,2705000,0,2893.93,999.34,1627135,2654207,4714495,9150463,14213119,217088,40599551,3608906.55,2929126.56,2705000,10,10,10,0,0,0,0,0,0,1183743,2871295,3596287,1394465.06,999
1782778853,0,2706002,0,2891.91,1001.71,1626111,2652159,4714495,9150463,14213119,217088,40599551,3608123.60,2928898.72,2706002,10,10,10,0,0,0,0,0,0,1356799,2961407,3848191,1494474.35,1002
1782778854,0,2707000,0,2889.89,998.25,1626111,2652159,4710399,9142271,14213119,217088,40599551,3607282.41,2928725.12,2707000,10,10,10,0,0,0,0,0,0,1197055,2500607,5083135,1326446.04,998
1782778855,0,2708000,0,2887.87,999.55,1625087,2652159,4710399,9142271,14213119,217088,40599551,3606469.87,2928518.92,2708000,10,10,10,0,0,0,0,0,0,1219583,2664447,3307519,1406913.28,1000
1782778856,0,2709000,0,2885.86,1000.58,1624063,2650111,4710399,9142271,14213119,217088,40599551,3605701.79,2928281.73,2709000,10,10,10,0,0,0,0,0,0,1380351,2918399,3645439,1525765.89,1000
1782778857,0,2710004,0,2883.86,1003.73,1624063,2650111,4706303,9142271,14213119,217088,40599551,3604837.99,2928107.16,2710004,10,10,10,0,0,0,0,0,0,1147903,2349055,3477503,1274115.06,1004
1782778858,0,2711000,0,2881.85,996.26,1623039,2648063,4706303,9142271,14213119,217088,40599551,3604033.97,2927891.58,2711000,10,10,10,0,0,0,0,0,0,1325055,2502655,3358719,1416375.13,996
1782778859,0,2712000,0,2879.85,999.95,1623039,2648063,4706303,9142271,14204927,217088,40599551,3603220.90,2927692.59,2712000,10,10,10,0,0,0,0,0,0,1268735,2596863,4366335,1399000.19,1000
1782778860,0,2713002,0,2877.86,1001.87,1622015,2646015,4706303,9142271,14204927,217088,40599551,3602370.16,2927514.94,2713002,10,10,10,0,0,0,0,0,0,1119231,2633727,3979263,1299757.60,1002
1782778861,0,2714000,0,2875.87,998.09,1620991,2646015,4702207,9142271,14204927,217088,40599551,3601517.53,2927341.19,2714000,10,10,10,0,0,0,0,0,0,1157119,2453503,3717119,1283689.68,998
1782778862,0,2715004,0,2873.89,1003.46,1620991,2646015,4702207,9134079,14204927,217088,40599551,3600669.05,2927153.58,2715004,10,10,10,0,0,0,0,0,0,1193983,2447359,3205119,1307092.65,1004
1782778863,0,2716001,0,2871.90,997.19,1619967,2643967,4702207,9134079,14204927,217088,40599551,3599848.97,2926958.05,2716001,10,10,10,0,0,0,0,0,0,1189887,2856959,3618815,1366605.16,997
1782778864,0,2717000,0,2869.92,999.17,1618943,2643967,4702207,9134079,14204927,217088,40599551,3599028.14,2926771.82,2717000,10,10,10,0,0,0,0,0,0,1151999,2689023,4993023,1367443.22,999
1782778865,0,2718001,0,2867.95,1001.11,1618943,2641919,4698111,9134079,14204927,217088,40599551,3598219.39,2926580.81,2718001,10,10,10,0,0,0,0,0,0,1161215,2985983,4829183,1403035.24,1001
1782778866,0,2719006,0,2865.99,1004.86,1617919,2641919,4698111,9134079,14204927,217088,40599551,3597409.72,2926378.50,2719006,10,10,10,0,0,0,0,0,0,1193983,3059711,3905535,1407667.58,1005
1782778867,0,2720000,0,2864.02,994.19,1616895,2641919,4698111,9134079,14204927,217088,40599551,3596598.10,2926189.52,2720000,10,10,10,0,0,0,0,0,0,1196031,2699263,5656575,1376472.21,994
1782778868,0,2721005,0,2862.06,1004.57,1616895,2639871,4694015,9134079,14196735,217088,40599551,3595768.50,2925987.64,2721005,10,10,10,0,0,0,0,0,0,1245183,2611199,3209215,1350496.54,1005
1782778869,0,2722000,0,2860.10,995.10,1615871,2639871,4694015,9134079,14196735,217088,40599551,3594946.14,2925820.40,2722000,10,10,10,0,0,0,0,0,0,1118207,2598911,6709247,1346041.70,995
1782778870,0,2723001,0,2858.15,1001.22,1614847,2637823,4694015,9125887,14196735,217088,40599551,3594126.13,2925626.46,2723001,10,10,10,0,0,0,0,0,0,1186815,2785279,3661823,1364287.68,1001
1782778871,0,2724000,0,2856.20,999.19,1614847,2637823,4689919,9125887,14196735,217088,40599551,3593318.54,2925443.28,2724000,10,10,10,0,0,0,0,0,0,1189887,2906111,5160959,1392058.55,999
1782778872,0,2725002,0,2854.26,1001.37,1613823,2635775,4689919,9125887,14196735,217088,40599551,3592517.04,2925229.84,2725002,10,10,10,0,0,0,0,0,0,1289215,2662399,3424255,1413592.02,1002
1782778873,0,2726000,0,2852.32,998.65,1613823,2635775,4689919,9125887,14196735,217088,40599551,3591781.40,2925013.54,2726000,10,10,10,0,0,0,0,0,0,1275903,3393535,5672959,1583147.35,998
1782778874,0,2727000,0,2850.38,999.85,1612799,2635775,4689919,9125887,14196735,217088,40599551,3590931.82,2924836.46,2727000,10,10,10,0,0,0,0,0,0,1128447,2408447,3371007,1274981.63,1000
1782778875,0,2728001,0,2848.45,1001.15,1611775,2633727,4685823,9125887,14188543,217088,40599551,3590071.59,2924664.70,2728001,10,10,10,0,0,0,0,0,0,1147903,2357247,2846719,1246554.66,1001
1782778876,0,2729000,0,2846.52,999.03,1611775,2633727,4685823,9125887,14188543,217088,40599551,3589266.07,2924471.27,2729000,10,10,10,0,0,0,0,0,0,1185791,2930687,4296703,1389618.35,999
1782778877,0,2730000,0,2844.60,999.75,1610751,2631679,4685823,9117695,14188543,217088,40599551,3588473.24,2924270.41,2730000,10,10,10,0,0,0,0,0,0,1213439,2981887,4644863,1424842.37,1000
1782778878,0,2758013,0,2870.79,28019.41,1619967,2658303,4775935,9519103,16424959,217088,58851327,3739883.81,3475522.58,2758013,10,10,10,0,0,0,0,0,0,14786559,44007423,49971199,18495562.69,28013
1782778879,0,2779460,0,2890.11,21432.05,1626111,2680831,4853759,9936895,20873215,217088,348651519,4710802.50,16338078.84,2779460,10,10,10,0,0,0,0,0,0,32817151,338690047,344457215,129567723.54,21447
1782778880,0,2804620,0,2913.24,25174.37,1634303,2705407,4939775,10657791,285736959,217088,865075199,11000620.75,68942941.98,2804620,10,10,10,0,0,0,0,0,0,723517439,853016575,857210879,705845542.99,25160
1782778881,0,2822967,0,2929.26,18338.41,1640447,2723839,5005311,11386879,730333183,217088,1398800383,19239225.64,122951837.31,2822967,10,10,10,0,0,0,0,0,0,1271922687,1366294527,1392508927,1278636186.27,18347
1782778882,0,2849175,0,2953.39,26210.28,1648639,2750463,5099519,12984319,1306525695,217088,1747976191,31827924.43,179349124.27,2849175,10,10,10,0,0,0,0,0,0,1348468735,1681915903,1692401663,1387806299.90,26208
1782778883,0,2870190,0,2972.09,21008.92,1654783,2772991,5185535,14868479,1412431871,217088,2241855487,45347201.13,238560898.77,2870190,10,10,10,0,0,0,0,0,0,1795162111,2225078271,2235564031,1878265839.04,21015
1782778884,0,2890470,0,2989.99,20279.44,1661951,2793471,5267455,18743295,1812987903,217088,2730491903,62749651.26,315372357.57,2890470,10,10,10,0,0,0,0,0,0,2510290943,2707423231,2720006143,2525685466.74,20280
1782778885,0,2920888,0,3018.34,30449.18,1672191,2828287,5390335,270008319,2673868799,217088,3003121663,91688128.50,422080448.28,2920888,10,10,10,0,0,0,0,0,0,2881486847,2980052991,2992635903,2841566500.00,30418
1782778886,0,2963777,0,3059.49,42860.53,1685503,2875391,5574655,1287651327,2923429887,217088,3003121663,132617587.12,538210849.64,2963777,10,10,10,0,0,0,0,0,0,2919235583,2965372927,2980052991,2920054098.68,42889
1782778887,0,2995320,0,3088.87,31548.91,1695743,2910207,5718015,1461714943,2940207103,217088,3087007743,161756610.01,605368376.07,2995320,10,10,10,0,0,0,0,0,0,2879389695,3068133375,3087007743,2899656170.56,31543
1782778888,0,3031073,0,3122.52,35743.40,1708031,2949119,5885951,2506096639,3120562175,217088,3261071359,197137658.06,683406676.61,3031073,10,10,10,0,0,0,0,0,0,3149922303,3235905535,3250585599,3161296214.00,35753
1782778889,0,3065460,0,3154.69,34382.44,1719295,2988031,6057983,2845835263,3225419775,217088,3454009343,231874296.13,753815460.35,3065460,10,10,10,0,0,0,0,0,0,3263168511,3426746367,3445620735,3293766457.94,34387
1782778890,0,3111636,0,3198.92,46194.90,1734655,3041279,6316031,2927624191,3288334335,217088,3454009343,276608093.41,832295943.27,3111636,10,10,10,0,0,0,0,0,0,3244294143,3359637503,3374317567,3246325396.67,46176
1782778891,0,3148090,0,3233.07,36438.45,1746943,3088383,6529023,2992635903,3294625791,217088,3454009343,310641085.50,885201212.31,3148090,10,10,10,0,0,0,0,0,0,3204448255,3296722943,3313500159,3215624993.47,36454
1782778892,0,3170750,0,3253.00,22666.70,1754111,3115007,6660095,3141533695,3342860287,217088,3533701119,332634315.66,919365207.70,3170750,10,10,10,0,0,0,0,0,0,3374317567,3512729599,3523215359,3388091858.54,22660
1782778893,0,3202680,0,3282.39,31921.40,1764351,3155967,6856703,3187671039,3525312511,217088,4005560319,368199642.64,981058638.26,3202680,10,10,10,0,0,0,0,0,0,3930062847,3992977407,4001366015,3899949111.42,31930
1782778894,0,3243720,0,3321.05,41044.90,1777663,3211263,7122943,3229614079,3942645759,217088,4060086271,413377606.79,1053382775.00,3243720,10,10,10,0,0,0,0,0,0,3942645759,4032823295,4051697663,3938976101.70,41040
1782778895,0,3269253,0,3343.77,25534.56,1785855,3244031,7294975,3265265663,3982491647,217088,4248829951,442073503.37,1098015540.59,3269253,10,10,10,0,0,0,0,0,0,4137680895,4188012543,4238344191,4087608835.55,25533
1782778896,0,3302580,0,3374.41,33341.64,1797119,3289087,7540735,3336568831,4129292287,217088,4336910335,479504989.67,1153667802.70,3302580,10,10,10,0,0,0,0,0,0,4141875199,4307550207,4324327423,4151392615.31,33327
1782778897,0,3333220,0,3402.24,30645.00,1806335,3332095,7782399,3487563775,4234149887,217088,4718591999,516715064.85,1211618476.62,3333220,10,10,10,0,0,0,0,0,0,4529848319,4689231871,4710203391,4527460824.70,30640
1782778898,0,3356548,0,3422.55,23320.82,1814527,3366911,7966719,3881828351,4563402751,217088,5087690751,545960179.93,1257039807.57,3356548,10,10,10,0,0,0,0,0,0,4668260351,5070913535,5083496447,4724646843.17,23328
1782778899,0,3377850,0,3440.77,21300.26,1821695,3397631,8151039,3932159999,4680843263,217088,5561647103,575356977.43,1306321629.11,3377850,10,10,10,0,0,0,0,0,0,5146411007,5544869887,5553258495,5207399125.87,21302
1782778900,0,3398844,0,3458.63,20985.55,1828863,3426303,8347647,3972005887,5133828095,217088,6031409151,607711095.33,1365462209.40,3398844,10,10,10,0,0,0,0,0,0,5817499647,6010437631,6023020543,5813358287.25,20994
1782778901,0,3429150,0,3485.92,30319.97,1839103,3471359,8658943,4095737855,5976883199,217088,6274678783,656312779.67,1453610740.71,3429150,10,10,10,0,0,0,0,0,0,6077546495,6249512959,6266290175,6107033535.40,30306
1782778902,0,3449721,0,3503.27,20562.14,1845247,3502079,8896511,4150263807,6136266751,217088,6748635135,691328833.07,1518206674.81,3449721,10,10,10,0,0,0,0,0,0,6488588287,6731857919,6740246527,6528444166.81,20571
1782778903,0,3485211,0,3535.72,35492.87,1857535,3559423,9355263,4462739455,6660554751,217088,6861881343,752552701.22,1626612515.17,3485211,10,10,10,0,0,0,0,0,0,6723469311,6786383871,6849298431,6703673118.95,35490
1782778904,0,3526249,0,3573.73,41061.58,1870847,3624959,10043391,4718591999,6815743999,217088,6928990207,823500176.16,1744297336.42,3526249,10,10,10,0,0,0,0,0,0,6853492735,6912212991,6924795903,6848816227.06,41038
1782778905,0,3557159,0,3601.40,30908.89,1882111,3674111,10805247,5611978751,6895435775,217088,7113539583,877112594.16,1828679416.55,3557159,10,10,10,0,0,0,0,0,0,7000293375,7079985151,7105150975,6993280027.50,30910
1782778906,0,3586440,0,3627.38,29276.81,1891327,3721215,11804671,6052380671,7025459199,217088,7361003519,928631342.54,1907699584.52,3586440,10,10,10,0,0,0,0,0,0,7222591487,7344226303,7356809215,7187310330.90,29281
1782778907,0,3616310,0,3653.89,29854.76,1902591,3766271,13385727,6366953471,7285506047,217088,7600078847,982104278.63,1988125180.63,3616310,10,10,10,0,0,0,0,0,0,7381975039,7587495935,7595884543,7402508594.34,29870
1782778908,0,3645010,0,3679.17,28705.47,1911807,3815423,15966207,6719275007,7402946559,217088,7872708607,1035420373.76,2068755326.48,3645010,10,10,10,0,0,0,0,0,0,7788822527,7851737087,7868514303,7753452707.70,28700
1782778909,0,3666796,0,3697.43,21781.89,1918975,3852287,20267007,6773800959,7788822527,217088,8325693439,1077380529.10,2132829245.11,3666796,10,10,10,0,0,0,0,0,0,8136949759,8308916223,8325693439,8097723218.18,21786
1782778910,0,3696920,0,3724.05,30140.51,1929215,3903487,254279679,6866075647,8157921279,217088,8506048511,1137211043.07,2224331422.01,3696920,10,10,10,0,0,0,0,0,0,8434745343,8485076991,8501854207,8419985220.09,30124
1782778911,0,3707610,0,3731.06,10685.20,1933311,3923967,490209279,6895435775,8380219391,217088,9227468799,1159640477.25,2259994327.81,3707610,10,10,10,0,0,0,0,0,0,9093251071,9210691583,9219080191,8916406032.14,10690
1782778912,0,3737559,0,3757.42,29967.33,1943551,3975167,852492287,7025459199,8808038399,217088,9554624511,1225360183.23,2366726515.46,3737559,10,10,10,0,0,0,0,0,0,9344909311,9521070079,9546235903,9361292572.37,29949
1782778913,0,3764980,0,3781.18,27415.28,1952767,4022271,1311768575,7268728831,9403629567,217088,9906946047,1286955504.87,2465322190.11,3764980,10,10,10,0,0,0,0,0,0,9672065023,9881780223,9898557439,9682570133.38,27421
1782778914,0,3803940,0,3816.48,38970.08,1967103,4093951,1758461951,7579107327,9814671359,217088,9906946047,1374525875.24,2599353448.70,3803940,10,10,10,0,0,0,0,0,0,9839837183,9881780223,9898557439,9837069330.92,38960
1782778915,0,3841451,0,3850.25,37479.69,1979391,4163583,2514485247,7964983295,9890168831,217088,10057940991,1458523943.64,2721430130.10,3841451,10,10,10,0,0,0,0,0,0,9990832127,10032775167,10049552383,9976654953.35,37511
1782778916,0,3870060,0,3875.04,28607.04,1989631,4218879,2799697919,8417968127,9982443519,217088,10175381503,1521891745.94,2809030938.76,3870060,10,10,10,0,0,0,0,0,0,10041163775,10150215679,10158604287,10030553619.24,28609
1782778917,0,3894212,0,3895.33,24174.73,1997823,4263935,2877292543,8564768767,10041163775,217088,10628366335,1576613932.85,2884719431.49,3894212,10,10,10,0,0,0,0,0,0,10385096703,10443816959,10619977727,10345169194.48,24152
1782778918,0,3926835,0,3924.03,32600.22,2009087,4329471,2912944127,9437183999,10418651135,217088,10896801791,1652877365.10,2991120403.03,3926835,10,10,10,0,0,0,0,0,0,10796138495,10863247359,10888413183,10756453769.15,32623
1782778919,0,3962492,0,3955.71,35681.28,2021375,4399103,2946498559,9806282751,10796138495,217088,10997465087,1735582194.48,3101554791.06,3962492,10,10,10,0,0,0,0,0,0,10854858751,10972299263,10980687871,10843701741.03,35657
1782778920,0,3997522,0,3986.70,35021.39,2033663,4468735,3110076415,9873391615,10896801791,217088,11098128383,1816392254.14,3205320017.55,3997522,10,10,10,0,0,0,0,0,0,10938744831,11072962559,11089739775,10957391823.94,35030
1782778921,0,4028435,0,4013.53,30918.34,2044927,4534271,3160408063,9974054911,11014242303,217088,11307843583,1888271933.92,3295971241.58,4028435,10,10,10,0,0,0,0,0,0,11223957503,11282677759,11291066367,11183409942.17,30913
1782778922,0,4052790,0,4033.77,24339.79,2054143,4587519,3185573887,10024386559,11223957503,217088,11660165119,1945272030.11,3366837485.01,4052790,10,10,10,0,0,0,0,0,0,11341398015,11551113215,11651776511,11373364106.15,24355
1782778923,0,4086550,0,4063.33,33758.69,2066431,4661247,3208642559,10385096703,11366563839,217088,11836325887,2025938582.23,3467437629.24,4086550,10,10,10,0,0,0,0,0,0,11710496767,11802771455,11827937279,11709724002.27,33760
1782778924,0,4111798,0,4084.37,25263.81,2075647,4718591,3231711231,10720641023,11710496767,217088,12197036031,2087189496.46,3543534695.99,4111798,10,10,10,0,0,0,0,0,0,12079595519,12180258815,12188647423,12001041030.33,25248
1782778925,0,4137610,0,4105.94,25812.34,2084863,4775935,3258974207,10821304319,11962155007,217088,12490637311,2151482685.10,3624472635.11,4137610,10,10,10,0,0,0,0,0,0,12406751231,12473860095,12482248703,12393254126.82,25812
1782778926,0,4168010,0,4132.00,30391.47,2096127,4849663,3303014399,10896801791,12415139839,217088,12801015807,2227781133.68,3719322704.58,4168010,10,10,10,0,0,0,0,0,0,12591300607,12775849983,12792627199,12612426654.99,30400
1782778927,0,4194360,0,4154.00,26336.88,2105343,4911103,3359637503,10980687871,12591300607,217088,13153337343,2295193608.36,3803342222.33,4194360,10,10,10,0,0,0,0,0,0,13027508223,13136560127,13153337343,12958414427.52,26350
1782778928,0,4228780,0,4183.95,34450.05,2117631,4993023,3747610623,11240734719,13035896831,217088,13295943679,2383398980.77,3910984089.50,4228780,10,10,10,0,0,0,0,0,0,13119782911,13270777855,13287555071,13131948830.73,34420
1782778929,0,4263280,0,4213.91,34483.27,2131967,5074943,3911188479,11542724607,13178503167,217088,13505658879,2472094446.02,4017009888.23,4263280,10,10,10,0,0,0,0,0,0,13363052543,13488881663,13497270271,13343793272.62,34500
1782778930,0,4285481,0,4231.68,22195.55,2140159,5132287,3942645759,11718885375,13287555071,217088,13849591807,2529591779.82,4085063367.56,4285481,10,10,10,0,0,0,0,0,0,13488881663,13841203199,13841203199,13570861688.73,22201
1782778931,0,4312090,0,4253.75,26613.09,2150399,5201919,3980394495,11962155007,13472104447,217088,14168358911,2600295276.47,4170130335.02,4312090,10,10,10,0,0,0,0,0,0,13992198143,14143193087,14159970303,13987363242.78,26609
1782778932,0,4340830,0,4277.88,28737.30,2160639,5283839,4081057791,12398362623,13983809535,217088,14436794367,2677435400.04,4262360972.76,4340830,10,10,10,0,0,0,0,0,0,14210301951,14411628543,14428405759,14251379570.19,28740
1782778933,0,4386870,0,4319.00,46028.19,2177023,5402623,4175429631,12759072767,14310965247,217088,14512291839,2800108895.10,4404083638.94,4386870,10,10,10,0,0,0,0,0,0,14369685503,14487126015,14503903231,14366242421.35,46040
1782778934,0,4413608,0,4341.05,26758.15,2187263,5480447,4454350847,13052674047,14386462719,217088,14663286783,2870703148.60,4482875725.28,4413608,10,10,10,0,0,0,0,0,0,14411628543,14638120959,14646509567,14453013451.99,26738
1782778935,0,4439943,0,4362.66,26320.90,2197503,5558271,4622123007,13161725951,14436794367,217088,14990442495,2941162082.29,4561690890.41,4439943,10,10,10,0,0,0,0,0,0,14747172863,14973665279,14982053887,14749710151.15,26335
1782778936,0,4479890,0,4397.59,39957.38,2213887,5677055,5108662271,13430161407,14772338687,217088,15007219711,3047622066.24,4677948287.80,4479890,10,10,10,0,0,0,0,0,0,14898167807,14973665279,14982053887,14880206753.97,39947
1782778937,0,4510646,0,4423.44,30750.09,2224127,5771263,5662310399,13799260159,14923333631,217088,15242100735,3129462213.56,4765462638.21,4510646,10,10,10,0,0,0,0,0,0,15065939967,15216934911,15233712127,15050221010.52,30756
1782778938,0,4539090,0,4446.97,28444.38,2234367,5861375,6023020543,14159970303,15049162751,217088,15435038719,3205601949.03,4846306969.80,4539090,10,10,10,0,0,0,0,0,0,15258877951,15401484287,15426650111,15279831777.00,28444
1782778939,0,4575469,0,4478.22,36368.20,2248703,5984255,6325010431,14319353855,15359541247,217088,15661531135,3303918998.93,4950357609.31,4575469,10,10,10,0,0,0,0,0,0,15569256447,15636365311,15653142527,15571159386.17,36379
1782778940,0,4599180,0,4497.03,23721.55,2258943,6062079,6656360447,14386462719,15552479231,217088,16030629887,3368040962.94,5017293997.32,4599180,10,10,10,0,0,0,0,0,0,15695085567,16013852671,16022241279,15741540965.16,23711
1782778941,0,4636555,0,4529.15,37358.22,2273279,6197247,6757023743,14545846271,15669919743,217088,16148070399,3469227658.87,5121612014.72,4636555,10,10,10,0,0,0,0,0,0,16039018495,16114515967,16139681791,15920754834.31,37375
1782778942,0,4661281,0,4548.86,24733.17,2283519,6291455,6828326911,14755561471,15711862783,217088,16148070399,3533553554.37,5183408595.91,4661281,10,10,10,0,0,0,0,0,0,15569256447,15762194431,15820914687,15595777626.24,24726
1782778943,0,4692010,0,4574.38,30734.77,2293759,6414335,6882852863,14889779199,15904800767,217088,16148070399,3614151467.61,5260910845.15,4692010,10,10,10,0,0,0,0,0,0,15812526079,15946743807,15971909631,15840046277.71,30729
1782778944,0,4726884,0,4603.89,34859.76,2308095,6549503,7008681983,14990442495,16072572927,217088,16349396991,3707235511.79,5351521665.69,4726884,10,10,10,0,0,0,0,0,0,16240345087,16332619775,16341008383,16230928410.07,34874
1782778945,0,4762350,0,4633.92,35485.30,2322431,6684671,7222591487,15250489343,16139681791,217088,16349396991,3799853491.80,5437720085.20,4762350,10,10,10,0,0,0,0,0,0,16139681791,16215179263,16223567871,16143913940.06,35466
1782778946,0,4788470,0,4654.81,26122.29,2332671,6791167,7344226303,15518924799,16223567871,217088,16584278015,3868422707.91,5501350863.60,4788470,10,10,10,0,0,0,0,0,0,16299065343,16567500799,16575889407,16370360161.93,26120
1782778947,0,4822012,0,4682.86,33547.20,2347007,6930431,7591690239,15569256447,16324231167,217088,16852713471,3957463797.73,5584466189.81,4822012,10,10,10,0,0,0,0,0,0,16626221055,16827547647,16844324863,16669007158.36,33542
1782778948,0,4860718,0,4715.87,38689.93,2363391,7102463,7927234559,15737028607,16601055231,217088,16852713471,4058402064.60,5675141952.42,4860718,10,10,10,0,0,0,0,0,0,16634609663,16726884351,16735272959,16633339647.91,38706
1782778949,0,4890530,0,4740.19,29798.62,2375679,7233535,8300527615,15913189375,16668164095,217088,16953376767,4135911881.85,5743736777.99,4890530,10,10,10,0,0,0,0,0,0,16810770431,16911433727,16928210943,16773553229.63,29812
1782778950,0,4927580,0,4771.48,37062.50,2392063,7413759,8485076991,16072572927,16726884351,217088,16953376767,4230460521.91,5824303267.31,4927580,10,10,10,0,0,0,0,0,0,16684941311,16877879295,16903045119,16710702376.23,37050
1782778951,0,4962323,0,4800.48,34743.49,2406399,7589887,9344909311,16114515967,16793993215,217088,17045651455,4315504829.73,5891909486.62,4962323,10,10,10,0,0,0,0,0,0,16877879295,17028874239,17037262847,16377290809.77,34743
1782778952,0,5015579,0,4847.31,53292.45,2428927,7860223,9797894143,16106127359,16793993215,217088,17045651455,4432929133.78,5969173554.64,5015579,10,10,10,0,0,0,0,0,0,15376318463,15586033663,15602810879,15374369060.88,53256
1782778953,0,5062500,0,4887.93,46916.85,2447359,8114175,9831448575,16106127359,16793993215,217088,17045651455,4483227386.07,5984476767.04,5062500,10,10,10,0,0,0,0,0,0,11089739775,15099494399,15107883007,9859814796.95,46921
1782778954,0,5064500,0,4885.14,1998.81,2447359,8101887,9831448575,16106127359,16793993215,217088,17045651455,4481457883.92,5983957280.09,5064500,10,10,10,0,0,0,0,0,0,2338815,3809279,4718591,2405565.06,2000
1782778955,0,5066500,0,4882.36,1999.75,2445311,8089599,9831448575,16106127359,16793993215,217088,17045651455,4479689725.09,5983437675.70,5066500,10,10,10,0,0,0,0,0,0,2232319,3567615,4153343,2269545.98,2000
1782778956,0,5068500,0,4879.59,1999.97,2445311,8077311,9831448575,16106127359,16793993215,217088,17045651455,4477923053.41,5982917845.77,5068500,10,10,10,0,0,0,0,0,0,2410495,4184063,5275647,2502026.05,2000
1782778957,0,5070500,0,4876.82,2001.54,2443263,8065023,9831448575,16106127359,16793993215,217088,17045651455,4476157665.85,5982397941.64,5070500,10,10,10,0,0,0,0,0,0,2075647,3862527,5255167,2224238.53,2000
1782778958,0,5072500,0,4874.05,1998.65,2441215,8052735,9831448575,16106127359,16785604607,217088,17045651455,4474393780.42,5981877799.76,5072500,10,10,10,0,0,0,0,0,0,2254847,4065279,7868415,2503240.90,2000
1782778959,0,5074500,0,4871.30,2000.51,2441215,8044543,9831448575,16106127359,16785604607,217088,17045651455,4472631202.26,5981357565.24,5074500,10,10,10,0,0,0,0,0,0,2146303,4026367,4898815,2292333.82,2000
1782778960,0,5076500,0,4868.54,2000.75,2439167,8032255,9823059967,16106127359,16785604607,217088,17045651455,4470870080.05,5980837126.45,5076500,10,10,10,0,0,0,0,0,0,2371583,3952639,4583423,2462755.84,2000
1782778961,0,5078500,0,4865.79,1999.57,2437119,8024063,9823059967,16106127359,16785604607,217088,17045651455,4469110250.81,5980316604.65,5078500,10,10,10,0,0,0,0,0,0,2111487,3649535,4837375,2223680.77,2000
1782778962,0,5080500,0,4863.05,1998.68,2437119,8011775,9823059967,16106127359,16785604607,217088,17045651455,4467351809.74,5979795928.15,5080500,10,10,10,0,0,0,0,0,0,2117631,3831807,4501503,2230330.82,2000
1782778963,0,5082500,0,4860.31,2000.39,2435071,7999487,9823059967,16106127359,16785604607,217088,17045651455,4465594784.89,5979275075.52,5082500,10,10,10,0,0,0,0,0,0,2179071,3846143,4816895,2312408.26,2000
1782778964,0,5084500,0,4857.58,2000.46,2435071,7987199,9823059967,16106127359,16785604607,217088,17045651455,4463839120.49,5978754087.84,5084500,10,10,10,0,0,0,0,0,0,2207743,3665919,4718591,2256958.59,2000
1782778965,0,5086500,0,4854.85,1999.10,2433023,7974911,9823059967,16106127359,16785604607,217088,17045651455,4462084841.02,5978232946.33,5086500,10,10,10,0,0,0,0,0,0,2150399,3999743,4755455,2267871.23,2000
1782778966,0,5088500,0,4852.13,2001.04,2430975,7966719,9823059967,16106127359,16785604607,217088,17045651455,4460331948.73,5977711648.81,5088500,10,10,10,0,0,0,0,0,0,2185215,3893247,4751359,2288628.86,2000
1782778967,0,5090500,0,4849.41,2000.50,2430975,7954431,9823059967,16106127359,16785604607,217088,17045651455,4458580397.76,5977190228.92,5090500,10,10,10,0,0,0,0,0,0,2084863,3588095,4431871,2196840.58,2000
1782778968,0,5092500,0,4846.70,1998.41,2428927,7942143,9823059967,16097738751,16785604607,217088,17045651455,4456830287.80,5976668611.83,5092500,10,10,10,0,0,0,0,0,0,2267135,3786751,4841471,2362899.78,2000
1782778969,0,5094500,0,4843.99,2000.97,2426879,7933951,9814671359,16097738751,16785604607,217088,17045651455,4455081550.53,5976146847.98,5094500,10,10,10,0,0,0,0,0,0,2232319,3620863,5783551,2359295.10,2000
1782778970,0,5096500,0,4841.29,1999.78,2426879,7921663,9814671359,16097738751,16785604607,217088,17045651455,4453334127.63,5975624980.26,5096500,10,10,10,0,0,0,0,0,0,2172927,3514367,4177919,2211136.90,2000
1782778971,0,5098500,0,4838.59,1999.61,2424831,7913471,9814671359,16097738751,16785604607,217088,17045651455,4451588150.77,5975102910.10,5098500,10,10,10,0,0,0,0,0,0,2164735,4231167,6533119,2402612.54,2000
1782778972,0,5100500,0,4835.91,2001.38,2424831,7901183,9814671359,16097738751,16785604607,217088,17045651455,4449843540.14,5974580696.41,5100500,10,10,10,0,0,0,0,0,0,2217983,4177919,6238207,2394897.15,2000
1782778973,0,5102500,0,4833.22,1999.95,2422783,7888895,9814671359,16097738751,16785604607,217088,17045651455,4448100220.72,5974058394.51,5102500,10,10,10,0,0,0,0,0,0,2092031,3645439,4114431,2199872.70,2000
1782778974,0,5104500,0,4830.54,1999.27,2420735,7876607,9814671359,16097738751,16785604607,217088,17045651455,4446358264.81,5973535950.04,5104500,10,10,10,0,0,0,0,0,0,2058239,3942399,4931583,2193242.69,2000
1782778975,0,5106500,0,4827.86,2000.39,2420735,7868415,9814671359,16097738751,16785604607,217088,17045651455,4444617708.43,5973013335.68,5106500,10,10,10,0,0,0,0,0,0,2144255,3805183,5337087,2282689.22,2000
1782778976,0,5108500,0,4825.19,1998.76,2418687,7856127,9814671359,16097738751,16785604607,217088,17045651455,4442878526.23,5972490569.80,5108500,10,10,10,0,0,0,0,0,0,2209791,3842047,4595711,2311576.58,2000
1782778977,0,5110500,0,4822.53,2001.25,2418687,7843839,9806282751,16097738751,16785604607,217088,17045651455,4441140727.22,5971967645.19,5110500,10,10,10,0,0,0,0,0,0,2275327,3872767,4726783,2367601.28,2000
1782778978,0,5112500,0,4819.86,1999.90,2416639,7835647,9806282751,16097738751,16785604607,217088,17045651455,4439404243.08,5971444612.10,5112500,10,10,10,0,0,0,0,0,0,2117631,3842047,4894719,2253140.54,2000
1782778979,0,5114500,0,4817.21,1999.21,2414591,7823359,9806282751,16097738751,16785604607,217088,17045651455,4437669135.15,5970921424.43,5114500,10,10,10,0,0,0,0,0,0,2181119,3899391,4743167,2299493.89,2000
1782778980,0,5116500,0,4814.56,2001.28,2414591,7815167,9806282751,16097738751,16785604607,217088,17045651455,4435935363.16,5970398111.58,5116500,10,10,10,0,0,0,0,0,0,2140159,3764223,5050367,2246933.25,2000
1782778981,0,5118500,0,4811.91,2000.15,2412543,7806975,9797894143,16097738751,16785604607,217088,17045651455,4434202988.48,5969874627.45,5118500,10,10,10,0,0,0,0,0,0,2193407,4149247,5103615,2355480.06,2000
1782778982,0,5120500,0,4809.27,1998.48,2410495,7794687,9797894143,16097738751,16785604607,217088,17045651455,4432471977.21,5969350996.76,5120500,10,10,10,0,0,0,0,0,0,2168831,4222975,7688191,2381369.66,2000
1782778983,0,5122500,0,4806.63,2000.91,2410495,7786495,9789505535,16097738751,16785604607,217088,17045651455,4430742291.72,5968827246.83,5122500,10,10,10,0,0,0,0,0,0,2205695,3672063,5070847,2315032.45,2000
1782778984,0,5124500,0,4804.00,1999.59,2408447,7778303,9789505535,16097738751,16785604607,217088,17045651455,4429013937.94,5968303372.80,5124500,10,10,10,0,0,0,0,0,0,2136063,4091903,5926911,2267798.34,2000
1782778985,0,5126500,0,4801.38,1999.89,2408447,7766015,9781116927,16097738751,16785604607,217088,17045651455,4427286982.79,5967779324.50,5126500,10,10,10,0,0,0,0,0,0,2250751,4194303,6823935,2396172.67,2000
1782778986,0,5128500,0,4798.76,2001.13,2406399,7753727,9781116927,16097738751,16785604607,217088,17045651455,4425561299.43,5967255195.46,5128500,10,10,10,0,0,0,0,0,0,2086911,3799039,4591615,2203420.29,2000
1782778987,0,5130500,0,4796.14,1998.89,2406399,7745535,9772728319,16097738751,16785604607,217088,17045651455,4423837009.74,5966730894.84,5130500,10,10,10,0,0,0,0,0,0,2087935,4456447,7106559,2327157.18,2000
1782778988,0,5132500,0,4793.53,2000.93,2404351,7733247,9764339711,16097738751,16785604607,217088,17045651455,4422114057.57,5966206463.69,5132500,10,10,10,0,0,0,0,0,0,2205695,3940351,4661247,2311022.46,2000
1782778989,0,5134500,0,4790.92,2000.21,2404351,7725055,9755951103,16097738751,16785604607,217088,17045651455,4420392490.76,5965681866.11,5134500,10,10,10,0,0,0,0,0,0,2324479,3891199,5746687,2421662.02,2000
1782778990,0,5136500,0,4788.32,1998.58,2402303,7712767,9747562495,16097738751,16785604607,217088,17045651455,4418672183.13,5965157195.02,5136500,10,10,10,0,0,0,0,0,0,2095103,3733503,4419583,2212404.74,2000
1782778991,0,5138500,0,4785.72,1999.88,2400255,7700479,9739173887,16097738751,16785604607,217088,17045651455,4416953212.32,5964632392.39,5138500,10,10,10,0,0,0,0,0,0,2111487,3786751,4648959,2206433.22,2000
1782778992,0,5140500,0,4783.13,1999.93,2400255,7692287,9730785279,16097738751,16785604607,217088,17045651455,4415235565.33,5964107467.33,5140500,10,10,10,0,0,0,0,0,0,2041855,3571711,4554751,2171048.83,2000
1782778993,0,5142500,0,4780.54,2001.04,2398207,7679999,9722396671,16097738751,16785604607,217088,17045651455,4413519324.56,5963582358.37,5142500,10,10,10,0,0,0,0,0,0,2217983,3948543,4952063,2351472.13,2000
1782778994,0,5144500,0,4777.96,1998.91,2396159,7671807,9714008063,16097738751,16785604607,217088,17045651455,4411804347.35,5963057170.54,5144500,10,10,10,0,0,0,0,0,0,1992703,4024319,5046271,2169193.98,2000
1782778995,0,5146500,0,4775.38,2001.68,2396159,7659519,9705619455,16097738751,16785604607,217088,17045651455,4410090701.31,5962531853.29,5146500,10,10,10,0,0,0,0,0,0,2085887,3598335,4370431,2164669.25,2000
1782778996,0,5148500,0,4772.81,1999.02,2394111,7651327,9705619455,16097738751,16785604607,217088,17045651455,4408378395.20,5962006399.64,5148500,10,10,10,0,0,0,0,0,0,2060287,3923967,4837375,2186715.07,2000
1782778997,0,5150500,0,4770.24,1999.84,2394111,7643135,9697230847,16097738751,16785604607,217088,17045651455,4406667409.30,5961480823.66,5150500,10,10,10,0,0,0,0,0,0,2105343,3506175,4130815,2161944.13,2000
1782778998,0,5170134,0,4784.00,19646.23,2400255,7733247,9663676415,16097738751,16785604607,217088,17045651455,4390564021.90,5955865974.92,5170134,10,10,10,0,0,0,0,0,0,136839167,248905727,254017535,166233941.93,19634
1782778999,0,5203765,0,4810.66,33619.74,2412543,7913471,9546235903,16089350143,16785604607,217088,17045651455,4366154110.45,5944307811.90,5203765,10,10,10,0,0,0,0,0,0,597688319,793772031,841482239,613589121.83,33631
1782779000,0,5226096,0,4826.85,22333.76,2422783,8032255,9512681471,16089350143,16785604607,217088,17045651455,4352692451.20,5935163771.16,5226096,10,10,10,0,0,0,0,0,0,1285554175,1469054975,1475346431,1215738834.56,22331
1782779001,0,5239595,0,4834.85,13490.84,2428927,8110079,9453961215,16089350143,16785604607,217088,17045651455,4346432330.35,5928803565.82,5239595,10,10,10,0,0,0,0,0,0,1884291071,2241855487,2250244095,1922845950.81,13499
1782779002,0,5275411,0,4863.41,35836.71,2443263,8331263,9353297919,16089350143,16785604607,217088,17045651455,4333681662.67,5910670154.41,5275411,10,10,10,0,0,0,0,0,0,2562719743,2657091583,2665480191,2468360727.22,35816
1782779003,0,5296850,0,4878.67,21422.72,2451455,8478719,9319743487,16080961535,16777215999,217088,17045651455,4328170981.39,5899336824.04,5296850,10,10,10,0,0,0,0,0,0,2988441599,3158310911,3168796671,2972179159.05,21439
1782779004,0,5323510,0,4898.72,26666.77,2463743,8667135,9277800447,16080961535,16777215999,217088,17045651455,4324298630.04,5884809438.35,5323510,10,10,10,0,0,0,0,0,0,3500146687,3751804927,3758096383,3554933879.38,26660
1782779005,0,5351380,0,4919.84,27885.21,2473983,8871935,9185525759,16072572927,16777215999,217088,17045651455,4323098736.18,5869502897.92,5351380,10,10,10,0,0,0,0,0,0,4018143231,4332716031,4345298943,4093904371.76,27870
1782779006,0,5391850,0,4952.49,40463.99,2492415,9224191,8493465599,16072572927,16777215999,217088,17045651455,4324429186.95,5847460050.38,5391850,10,10,10,0,0,0,0,0,0,4475322367,4701814783,4714397695,4500355740.29,40470
1782779007,0,5422842,0,4976.39,30974.68,2504703,9519103,8455716863,16064184319,16777215999,217088,17045651455,4328376186.14,5830964660.77,5422842,10,10,10,0,0,0,0,0,0,4995416063,5184159743,5192548351,5015057511.09,30992
1782779008,0,5456070,0,5002.29,33255.26,2519039,9887743,8430551039,16055795711,16777215999,217088,17045651455,4335559644.47,5813910164.66,5456070,10,10,10,0,0,0,0,0,0,5523898367,5611978751,5624561663,5507907047.53,33228
1782779009,0,5482845,0,5022.23,26770.96,2529279,10239999,8401190911,16047407103,16777215999,217088,17045651455,4343447648.06,5800798571.60,5482845,10,10,10,0,0,0,0,0,0,6018826239,6194987007,6203375615,5950823922.67,26775
1782779010,0,5516580,0,5048.51,33710.94,2543615,10821631,8271167487,16039018495,16777215999,217088,17045651455,4356424778.29,5785407913.06,5516580,10,10,10,0,0,0,0,0,0,6476005375,6610223103,6618611711,6465557536.93,33735
1782779011,0,5543377,0,5068.39,26810.12,2555903,11386879,8153726975,16039018495,16777215999,217088,17045651455,4368732386.69,5774113407.40,5543377,10,10,10,0,0,0,0,0,0,6857687039,7159676927,7184842751,6902445352.19,26797
1782779012,0,5568210,0,5086.45,24827.73,2566143,12091391,8074035199,16030629887,16768827391,217088,17045651455,4383038288.38,5765195935.25,5568210,10,10,10,0,0,0,0,0,0,7637827583,7696547839,7700742143,7576490807.22,24833
1782779013,0,5590970,0,5102.58,22763.22,2576383,12902399,8153726975,16022241279,16768827391,217088,17045651455,4398319360.86,5758421280.47,5590970,10,10,10,0,0,0,0,0,0,8170504191,8359247871,8367636479,8136817628.37,22760
1782779014,0,5620967,0,5125.28,30011.33,2588671,14139391,8363442175,16013852671,16768827391,217088,17045651455,4421346350.62,5751648913.59,5620967,10,10,10,0,0,0,0,0,0,8648654847,8925478911,8933867519,8713215836.96,29997
1782779015,0,5649200,0,5146.33,28221.61,2603007,15998975,8443133951,16013852671,16768827391,217088,17045651455,4444363985.37,5746452864.23,5649200,10,10,10,0,0,0,0,0,0,8950644735,9302966271,9311354879,9026993013.05,28233
1782779016,0,5686370,0,5175.47,37170.02,2619391,21250047,8816427007,16005464063,16768827391,217088,17045651455,4478008492.24,5742642350.40,5686370,10,10,10,0,0,0,0,0,0,9579790335,9755951103,9764339711,9591394238.54,37170
1782779017,0,5719340,0,5200.75,32971.76,2633727,44597247,8942256127,16005464063,16768827391,217088,17045651455,4509603988.52,5741086929.90,5719340,10,10,10,0,0,0,0,0,0,9898557439,10234101759,10234101759,9958911909.81,32970
1782779018,0,5757790,0,5230.96,38444.32,2650111,245891071,9286189055,15997075455,16768827391,217088,17045651455,4549207143.42,5742242914.47,5757790,10,10,10,0,0,0,0,0,0,10427039743,10611589119,10619977727,10440076011.72,38450
1782779019,0,5782180,0,5248.35,24394.79,2662399,401080319,9428795391,15980298239,16768827391,217088,17045651455,4575763641.21,5744640195.51,5782180,10,10,10,0,0,0,0,0,0,10829692927,11215568895,11223957503,10845002567.52,24390
1782779020,0,5814790,0,5273.16,32603.19,2678783,583532543,9563013119,15963521023,16768827391,217088,17045651455,4614130994.25,5751251245.35,5814790,10,10,10,0,0,0,0,0,0,11433672703,11584667647,11593056255,11417165075.89,32610
1782779021,0,5838347,0,5289.73,23568.75,2689023,698351615,9604956159,15955132415,16768827391,217088,17045651455,4643597224.05,5758286799.63,5838347,10,10,10,0,0,0,0,0,0,11920211967,12280922111,12289310719,11917016519.77,23557
1782779022,0,5866650,0,5310.56,28298.85,2701311,753401855,9747562495,15946743807,16768827391,217088,17045651455,4681556110.88,5770212475.53,5866650,10,10,10,0,0,0,0,0,0,12515803135,12792627199,12792627199,12511720865.84,28303
1782779023,0,5908020,0,5343.17,41337.92,2721791,1075838975,9848225791,15938355199,16768827391,217088,17045651455,4739903806.98,5791811724.42,5908020,10,10,10,0,0,0,0,0,0,13052674047,13144948735,13153337343,13014148701.69,41370
1782779024,0,5937680,0,5365.14,29673.86,2736127,1279262719,9881780223,15929966591,16768827391,217088,17045651455,4782550533.19,5808604773.62,5937680,10,10,10,0,0,0,0,0,0,13321109503,13455327231,13472104447,13277416056.21,29660
1782779025,0,5974572,0,5393.60,36883.52,2754559,1317011455,9948889087,15929966591,16760438783,217088,17045651455,4838218833.93,5833564523.14,5974572,10,10,10,0,0,0,0,0,0,13874757631,14008975359,14017363967,13797899955.81,36892
1782779026,0,6001880,0,5413.37,27319.88,2768895,1358954495,9982443519,15921577983,16760438783,217088,17045651455,4881249969.87,5854984562.50,6001880,10,10,10,0,0,0,0,0,0,14277410815,14453571583,14461960191,14295803210.73,27308
1782779027,0,6033886,0,5437.33,31994.37,2783231,1682964479,10049552383,15913189375,16760438783,217088,17045651455,4934559316.81,5884900650.10,6033886,10,10,10,0,0,0,0,0,0,15015608319,15091105791,15099494399,14931319400.20,32006
1782779028,0,6058701,0,5454.78,24820.75,2795519,1786773503,10150215679,15913189375,16760438783,217088,17045651455,4977100304.98,5910201364.97,6058701,10,10,10,0,0,0,0,0,0,15225323519,15602810879,15611199487,15321145154.18,24815
1782779029,0,6083020,0,5471.74,24312.13,2807807,2025848831,10301210623,15938355199,16760438783,217088,17045651455,5020576606.37,5938175137.39,6083020,10,10,10,0,0,0,0,0,0,15879634943,16215179263,16223567871,15852021594.69,24319
1782779030,0,6105800,0,5487.30,22783.87,2820095,2237661183,10401873919,16030629887,16760438783,217088,17045651455,5062835234.24,5967187461.46,6105800,10,10,10,0,0,0,0,0,0,16374562815,16651386879,16659775487,16347298735.27,22780
1782779031,0,6135792,0,5509.30,30003.49,2836479,2397044735,10536091647,16114515967,16793993215,217088,17045651455,5118913333.06,6006144827.88,6135792,10,10,10,0,0,0,0,0,0,16500391935,16819159039,16827547647,16535346240.73,29992
1782779032,0,6156408,0,5522.85,20598.36,2846719,2512388095,10628366335,16156459007,16810770431,217088,17163091967,5158024933.76,6033938417.71,6156408,10,10,10,0,0,0,0,0,0,16802381823,17104371711,17154703359,16798529721.17,20616
1782779033,0,6185574,0,5544.04,29167.14,2861055,2581594111,10754195455,16206790655,16819159039,217088,17163091967,5211533635.33,6069767863.90,6185574,10,10,10,0,0,0,0,0,0,16282288127,17137926143,17154703359,16506239744.33,29166
1782779034,0,6210800,0,5561.67,25231.86,2875391,2646605823,10821304319,16240345087,16835936255,217088,17163091967,5258059972.81,6101098994.61,6210800,10,10,10,0,0,0,0,0,0,16802381823,16861102079,16869490687,16666610810.19,25226
1782779035,0,6235960,0,5579.21,25171.95,2887679,2705326079,10854858751,16282288127,16894656511,217088,17498636287,5306129073.37,6135451518.47,6235960,10,10,10,0,0,0,0,0,0,17079205887,17481859071,17498636287,17172089716.97,25160
1782779036,0,6278580,0,5612.32,42616.56,2910207,2866806783,10930356223,16382951423,17104371711,217088,17834180607,5388708803.07,6195685222.96,6278580,10,10,10,0,0,0,0,0,0,17616076799,17817403391,17817403391,17471390435.62,42620
1782779037,0,6317020,0,5641.63,38444.73,2930687,2902458367,11064573951,16584278015,17297309695,217088,17834180607,5462044585.77,6247514727.45,6317020,10,10,10,0,0,0,0,0,0,17498636287,17582522367,17599299583,17440311457.54,38440
1782779038,0,6350690,0,5666.64,33657.44,2947071,2919235583,11240734719,16626221055,17548967935,217088,17985175551,5527044505.82,6294224233.56,6350690,10,10,10,0,0,0,0,0,0,17699962879,17951621119,17968398335,17722048811.75,33670
1782779039,0,6378960,0,5686.79,28266.89,2963455,2938109951,11324620799,16651386879,17599299583,217088,18303942655,5581287710.87,6332741679.68,6378960,10,10,10,0,0,0,0,0,0,17465081855,18287165439,18303942655,17766706170.42,28270
1782779040,0,6414420,0,5713.31,35477.33,2981887,2959081471,11442061311,16726884351,17683185663,217088,18303942655,5648211731.54,6378691188.31,6414420,10,10,10,0,0,0,0,0,0,17649631231,17918066687,17934843903,17687288180.64,35460
1782779041,0,6446670,0,5736.93,32232.69,3000319,3034578943,11660165119,16802381823,17699962879,217088,18303942655,5707761581.39,6417921060.81,6446670,10,10,10,0,0,0,0,0,0,17532190719,17884512255,17901289471,17552032834.23,32250
1782779042,0,6484500,0,5765.46,37852.92,3020799,3126853631,11769217023,16861102079,17750294527,217088,18303942655,5778077527.99,6464674041.24,6484500,10,10,10,0,0,0,0,0,0,17750294527,17901289471,17918066687,17760728954.07,37830
1782779043,0,6520177,0,5792.03,35655.88,3041279,3158310911,11945377791,17012097023,17884512255,217088,18522046463,5846220636.76,6512101879.31,6520177,10,10,10,0,0,0,0,0,0,18152947711,18522046463,18522046463,18231622683.47,35677
1782779044,0,6543556,0,5807.64,23387.29,3055615,3175088127,12129927167,17104371711,18069061631,217088,18522046463,5890109482.92,6541666957.27,6543556,10,10,10,0,0,0,0,0,0,18119393279,18522046463,18522046463,18130284225.66,23379
1782779045,0,6564983,0,5821.49,21428.67,3067903,3185573887,12322865151,17179869183,18136170495,217088,18958254079,5931645353.51,6571206421.48,6564983,10,10,10,0,0,0,0,0,0,18538823679,18941476863,18958254079,18616215997.88,21427
1782779046,0,6593660,0,5841.74,28668.61,3084287,3198156799,12448694271,17297309695,18287165439,217088,19025362943,5986788459.78,6609790507.54,6593660,10,10,10,0,0,0,0,0,0,18555600895,19008585727,19025362943,18610617843.52,28677
1782779047,0,6632630,0,5871.06,38957.01,3106815,3221225471,12608077823,17515413503,18522046463,217088,19025362943,6059524744.85,6658017974.23,6632630,10,10,10,0,0,0,0,0,0,18706595839,18740150271,18756927487,18366384724.48,38970
1782779048,0,6651666,0,5882.71,19042.76,3119103,3231711231,12742295551,17548967935,18505269247,217088,19025362943,6093987611.08,6679542622.71,6651666,10,10,10,0,0,0,0,0,0,18102616063,18505269247,18505269247,18101732959.86,19036
1782779049,0,6681970,0,5904.29,30316.17,3137535,3252682751,12851347455,17582522367,18555600895,217088,19025362943,6147798669.15,6712069075.94,6681970,10,10,10,0,0,0,0,0,0,17330864127,18740150271,18756927487,17959215821.99,30304
1782779050,0,6727390,0,5939.18,45423.11,3164159,3296722943,13052674047,17666408447,18538823679,217088,19025362943,6225582813.45,6755617109.23,6727390,10,10,10,0,0,0,0,0,0,17783848959,17867735039,17867735039,17668808675.86,45420
1782779051,0,6762590,0,5964.99,35195.00,3186687,3340763135,13119782911,17666408447,18538823679,217088,19025362943,6281295035.77,6781889697.08,6762590,10,10,10,0,0,0,0,0,0,16936599551,17012097023,17020485631,16928961152.47,35200
1782779052,0,6790458,0,5984.29,27871.49,3205119,3361734655,13144948735,17649631231,18538823679,217088,19025362943,6325032063.03,6802246987.42,6790458,10,10,10,0,0,0,0,0,0,17146314751,17481859071,17481859071,16938480577.24,27868
1782779053,0,6821640,0,6006.47,31158.60,3225599,3443523583,13237223423,17649631231,18538823679,217088,19025362943,6372348307.95,6822514521.13,6821640,10,10,10,0,0,0,0,0,0,16642998271,16953376767,16961765375,16676336949.28,31182
1782779054,0,6849215,0,6025.45,27586.99,3244031,3506438143,13354663935,17649631231,18538823679,217088,19025362943,6416503050.47,6844097367.29,6849215,10,10,10,0,0,0,0,0,0,17347641343,17515413503,17515413503,17339721828.78,27575
1782779055,0,6883195,0,6050.02,33979.80,3264511,3755999231,13455327231,17649631231,18538823679,217088,19025362943,6470647110.37,6870331320.47,6883195,10,10,10,0,0,0,0,0,0,17314086911,17582522367,17616076799,17384252384.30,33980
1782779056,0,6917382,0,6074.73,34201.45,3287039,3873439743,13631487999,17666408447,18538823679,217088,19025362943,6525447724.84,6897313354.14,6917382,10,10,10,0,0,0,0,0,0,17582522367,17783848959,17783848959,17558978467.51,34187
1782779057,0,6948327,0,6096.55,30935.36,3307519,3909091327,13816037375,17666408447,18538823679,217088,19025362943,6573190211.70,6918885031.61,6948327,10,10,10,0,0,0,0,0,0,17330864127,17733517311,17750294527,17245448065.66,30945
1782779058,0,6983132,0,6121.72,34796.89,3332095,3942645759,14000586751,17666408447,18538823679,217088,19025362943,6627849170.91,6944704998.40,6983132,10,10,10,0,0,0,0,0,0,17632854015,17699962879,17699962879,17539738900.59,34805
1782779059,0,7005990,0,6136.38,22869.40,3348479,3965714431,14134804479,17683185663,18538823679,217088,19025362943,6663084414.84,6960675647.16,7005990,10,10,10,0,0,0,0,0,0,17364418559,17867735039,17884512255,17427471474.41,22858
1782779060,0,7045802,0,6165.85,39799.90,3377151,4001366015,14252244991,17716740095,18538823679,217088,19025362943,6727346701.42,6993142382.32,7045802,10,10,10,0,0,0,0,0,0,18085838847,18203279359,18220056575,18036020900.05,39812
1782779061,0,7083364,0,6193.30,37551.91,3401727,4091543551,14344519679,17716740095,18538823679,217088,19025362943,6783525091.19,7016969446.95,7083364,10,10,10,0,0,0,0,0,0,17062428671,18186502143,18203279359,17321350845.33,37562
1782779062,0,7118140,0,6218.26,34775.76,3426303,4137680895,14394851327,17716740095,18538823679,217088,19025362943,6835528980.17,7039092641.83,7118140,10,10,10,0,0,0,0,0,0,17548967935,17716740095,17716740095,17427962699.79,34776
1782779063,0,7134960,0,6227.52,16819.66,3436543,4152360959,14420017151,17716740095,18538823679,217088,19025362943,6859895514.22,7048640827.82,7134960,10,10,10,0,0,0,0,0,0,17196646399,17414750207,17414750207,17171691039.29,16820
1782779064,0,7150752,0,6235.86,15801.74,3446783,4164943871,14445182975,17733517311,18538823679,217088,19025362943,6884612997.77,7060436156.29,7150752,10,10,10,0,0,0,0,0,0,17968398335,18287165439,18303942655,18052182426.84,15792
1782779065,0,7177129,0,6253.41,26360.64,3467263,4229955583,14604566527,17733517311,18538823679,217088,19025362943,6924752341.77,7078477526.84,7177129,10,10,10,0,0,0,0,0,0,18253611007,18337497087,18337497087,17806448303.11,26377
1782779066,0,7205160,0,6272.37,28030.42,3487743,4391436287,14755561471,17750294527,18538823679,217088,19025362943,6966223525.27,7095797836.52,7205160,10,10,10,0,0,0,0,0,0,17565745151,17817403391,17817403391,17584611514.75,28031
1782779067,0,7245803,0,6302.26,40635.70,3518463,4445962239,14873001983,17783848959,18538823679,217088,19025362943,7027498761.54,7122793682.46,7245803,10,10,10,0,0,0,0,0,0,18085838847,18186502143,18203279359,17890325850.51,40643
1782779068,0,7279630,0,6326.18,33836.96,3543039,4508876799,14940110847,17800626175,18538823679,217088,19025362943,7076951144.23,7142990047.83,7279630,10,10,10,0,0,0,0,0,0,17666408447,17800626175,17817403391,17669738646.27,33827
1782779069,0,7302199,0,6340.29,22576.08,3561471,4550819839,14982053887,17817403391,18538823679,217088,19025362943,7110945107.78,7158033178.94,7302199,10,10,10,0,0,0,0,0,0,18069061631,18421383167,18505269247,18075696619.88,22569
1782779070,0,7321096,0,6351.18,18884.20,3575807,4609540095,15015608319,17834180607,18572378111,217088,19025362943,7140859565.93,7172946446.86,7321096,10,10,10,0,0,0,0,0,0,18891145215,18975031295,18975031295,18700436558.84,18897
1782779071,0,7365380,0,6384.06,44324.38,3610623,4693426175,15099494399,17901289471,18656264191,217088,19025362943,7209663508.81,7205865412.84,7365380,10,10,10,0,0,0,0,0,0,18622709759,18673041407,18689818623,18584432521.24,44284
1782779072,0,7394100,0,6403.40,28714.86,3631103,4903141375,15200157695,17918066687,18673041407,217088,19025362943,7251332750.12,7222845783.78,7394100,10,10,10,0,0,0,0,0,0,17649631231,18740150271,18756927487,17937607003.99,28720
1782779073,0,7439690,0,6437.31,45568.01,3667967,5091885055,15275655167,17918066687,18673041407,217088,19025362943,7316107256.32,7247780988.08,7439690,10,10,10,0,0,0,0,0,0,17817403391,17918066687,17934843903,17821682520.49,45590
1782779074,0,7549660,0,6526.81,110012.72,3751935,5519704063,15518924799,17918066687,18673041407,217088,19025362943,7420474602.92,7270180137.60,7549660,10,10,10,0,0,0,0,0,0,16760438783,17901289471,17934843903,14481133917.69,109970
1782779075,0,7551660,0,6522.90,2000.15,3745791,5519704063,15510536191,17918066687,18673041407,217088,19025362943,7418509815.88,7270219608.65,7551660,10,10,10,0,0,0,0,0,0,1642495,3237887,4362239,1772753.86,2000
1782779076,0,7553660,0,6519.00,1999.39,3741695,5515509759,15510536191,17918066687,18673041407,217088,19025362943,7416546096.39,7270258500.37,7553660,10,10,10,0,0,0,0,0,0,1730559,3422207,4231167,1875143.81,2000
1782779077,0,7555660,0,6515.10,1999.29,3737599,5511315455,15510536191,17918066687,18673041407,217088,19025362943,7414583451.25,7270296805.89,7555660,10,10,10,0,0,0,0,0,0,1884159,3493887,4288511,2006401.92,2000
1782779078,0,7557660,0,6511.21,2001.57,3733503,5511315455,15510536191,17918066687,18673041407,217088,19025362943,7412621866.44,7270334539.56,7557660,10,10,10,0,0,0,0,0,0,1808383,4300799,8130559,2087903.36,2000
1782779079,0,7559660,0,6507.33,2000.10,3729407,5502926847,15510536191,17918066687,18673041407,217088,19025362943,7410661308.72,7270371735.25,7559660,10,10,10,0,0,0,0,0,0,1905663,3655679,4091903,2046989.70,2000
1782779080,0,7561660,0,6503.45,1998.84,3725311,5494538239,15502147583,17918066687,18673041407,217088,19025362943,7408701752.55,7270408419.04,7561660,10,10,10,0,0,0,0,0,0,1803263,3313663,4935679,1912563.26,2000
1782779081,0,7563660,0,6499.58,1999.84,3721215,5486149631,15502147583,17918066687,18673041407,217088,19025362943,7406743266.76,7270444520.80,7563660,10,10,10,0,0,0,0,0,0,1880063,3821567,4325375,2041442.11,2000
1782779082,0,7565660,0,6495.72,2001.08,3717119,5481955327,15493758975,17918066687,18673041407,217088,19025362943,7404785858.72,7270480033.10,7565660,10,10,10,0,0,0,0,0,0,1996799,4005887,6508543,2201395.97,2000
1782779083,0,7567642,0,6491.85,1980.58,3713023,5477761023,15485370367,17918066687,18673041407,217088,19025362943,7402847022.14,7270514754.70,7567642,10,10,10,0,0,0,0,0,0,1816575,3393535,4571135,1949769.30,1982
1782779084,0,7569660,0,6488.01,2018.93,3708927,5414846463,15485370367,17918066687,18673041407,217088,19025362943,7400874039.86,7270549529.69,7569660,10,10,10,0,0,0,0,0,0,1839103,3883007,5840895,2051670.71,2018
1782779085,0,7571660,0,6484.17,1998.88,3704831,5381292031,15476981759,17918066687,18673041407,217088,19025362943,7398919687.47,7270583454.53,7571660,10,10,10,0,0,0,0,0,0,1853439,3776511,4911103,2028125.44,2000
1782779086,0,7573660,0,6480.34,2001.98,3700735,5377097727,15476981759,17918066687,18673041407,217088,19025362943,7396966338.10,7270616866.04,7573660,10,10,10,0,0,0,0,0,0,1775615,3545087,5824511,1917697.28,2000
1782779087,0,7575660,0,6476.50,1999.83,3694591,5368709119,15468593151,17918066687,18673041407,217088,19025362943,7395014080.19,7270649674.29,7575660,10,10,10,0,0,0,0,0,0,2038783,3598335,4464639,2145262.14,2000
1782779088,0,7577660,0,6472.68,1999.89,3690495,5351931903,15468593151,17918066687,18673041407,217088,19025362943,7393062813.82,7270681980.93,7577660,10,10,10,0,0,0,0,0,0,1851391,3512319,4255743,1997514.18,2000
1782779089,0,7579660,0,6468.86,2000.17,3686399,5343543295,15468593151,17918066687,18673041407,217088,19025362943,7391112535.98,7270713789.00,7579660,10,10,10,0,0,0,0,0,0,1678335,3442687,4489215,1841336.90,2000
1782779090,0,7581660,0,6465.05,1999.46,3682303,5335154687,15460204543,17918066687,18673041407,217088,19025362943,7389163305.41,7270745038.81,7581660,10,10,10,0,0,0,0,0,0,1784831,3508223,4382719,1910811.14,2000
1782779091,0,7583660,0,6461.24,1998.86,3678207,5335154687,15460204543,17918066687,18673041407,217088,19025362943,7387215113.59,7270775739.04,7583660,10,10,10,0,0,0,0,0,0,1800191,3481599,4206591,1951116.99,2000
1782779092,0,7585660,0,6457.45,2001.68,3674111,5330960383,15451815935,17918066687,18673041407,217088,19025362943,7385267987.68,7270805862.15,7585660,10,10,10,0,0,0,0,0,0,1973247,3606527,4702207,2097567.74,2000
1782779093,0,7587660,0,6453.66,1999.44,3670015,5276434431,15451815935,17918066687,18673041407,217088,19025362943,7383321869.64,7270835467.13,7587660,10,10,10,0,0,0,0,0,0,1746943,3948543,6352895,2026980.42,2000
1782779094,0,7589660,0,6449.87,1999.35,3663871,5213519871,15451815935,17918066687,18673041407,217088,19025362943,7381376750.35,7270864563.21,7589660,10,10,10,0,0,0,0,0,0,1848319,3344383,4081663,1924820.03,2000
1782779095,0,7591660,0,6446.09,2000.27,3659775,5200936959,15451815935,17918066687,18673041407,217088,19025362943,7379432665.13,7270893114.55,7591660,10,10,10,0,0,0,0,0,0,1788927,3680255,4333567,1959776.45,2000
1782779096,0,7593660,0,6442.32,1999.54,3655679,5192548351,15451815935,17918066687,18673041407,217088,19025362943,7377489580.89,7270921154.76,7593660,10,10,10,0,0,0,0,0,0,1767423,3252223,4087807,1872110.34,2000
1782779097,0,7595660,0,6438.55,1999.70,3651583,5188354047,15443427327,17918066687,18673041407,217088,19025362943,7375547549.23,7270948631.50,7595660,10,10,10,0,0,0,0,0,0,1722367,3817471,5726207,1983475.20,2000
1782779098,0,7597660,0,6434.80,2000.98,3647487,5184159743,15443427327,17918066687,18673041407,217088,19025362943,7373606494.68,7270975621.34,7597660,10,10,10,0,0,0,0,0,0,1607679,3465215,4583423,1811293.18,2000
1782779099,0,7599660,0,6431.04,1999.81,3641343,5179965439,15443427327,17918066687,18673041407,217088,19025362943,7371666514.20,7271002025.96,7599660,10,10,10,0,0,0,0,0,0,1820671,3799039,4722687,2010456.83,2000
1782779100,0,7601660,0,6427.30,1999.89,3637247,5175771135,15443427327,17918066687,18673041407,217088,19025362943,7369727525.81,7271027928.51,7601660,10,10,10,0,0,0,0,0,0,1746943,3555327,4284415,1901278.78,2000
1782779101,0,7603660,0,6423.56,1999.67,3633151,5175771135,15435038719,17918066687,18673041407,217088,19025362943,7367789528.36,7271053330.15,7603660,10,10,10,0,0,0,0,0,0,1689599,3178495,3979263,1790675.58,2000
1782779102,0,7605660,0,6419.82,2000.62,3629055,5171576831,15435038719,17918066687,18673041407,217088,19025362943,7365852573.22,7271078178.82,7605660,10,10,10,0,0,0,0,0,0,1795071,3139583,3809279,1878437.95,2000
1782779103,0,7607660,0,6416.10,2000.74,3624959,5171576831,15435038719,17918066687,18673041407,217088,19025362943,7363916655.29,7271102479.75,7607660,10,10,10,0,0,0,0,0,0,1740799,3446783,4296703,1949865.02,2000
1782779104,0,7609660,0,6412.37,1998.14,3620863,5167382527,15435038719,17918066687,18673041407,217088,19025362943,7361981724.21,7271126283.94,7609660,10,10,10,0,0,0,0,0,0,1691647,3295231,4065279,1832833.41,2000
1782779105,0,7611660,0,6408.66,2001.66,3616767,5167382527,15426650111,17918066687,18673041407,217088,19025362943,7360047792.39,7271149578.81,7611660,10,10,10,0,0,0,0,0,0,1650687,3194879,4521983,1765971.07,2000
1782779106,0,7613660,0,6404.95,2000.18,3612671,5158993919,15426650111,17918066687,18673041407,217088,19025362943,7358114916.63,7271172306.91,7613660,10,10,10,0,0,0,0,0,0,1833983,3278847,3753983,1918368.13,2000
1782779107,0,7615660,0,6401.25,1998.63,3608575,5150605311,15426650111,17918066687,18673041407,217088,19025362943,7356183067.11,7271194498.44,7615660,10,10,10,0,0,0,0,0,0,1680383,4122623,4907007,1960364.93,2000
1782779108,0,7617660,0,6397.55,2001.12,3604479,5146411007,15426650111,17918066687,18673041407,217088,19025362943,7354252228.32,7271216169.11,7617660,10,10,10,0,0,0,0,0,0,1773567,3571711,4370431,1946345.79,2000
1782779109,0,7619660,0,6393.86,2000.18,3600383,5138022399,15426650111,17918066687,18673041407,217088,19025362943,7352322422.93,7271237296.01,7619660,10,10,10,0,0,0,0,0,0,1881087,3624959,4628479,2021786.94,2000
1782779110,0,7621660,0,6390.18,1998.38,3596287,5133828095,15426650111,17918066687,18673041407,217088,19025362943,7350393622.72,7271257907.70,7621660,10,10,10,0,0,0,0,0,0,1852415,3586047,4575231,1992698.30,2000
1782779111,0,7623660,0,6386.50,2000.26,3592191,5129633791,15418261503,17918066687,18673041407,217088,19025362943,7348465802.94,7271278029.17,7623660,10,10,10,0,0,0,0,0,0,1750015,3272703,3760127,1872373.18,2000
1782779112,0,7625660,0,6382.83,2000.72,3588095,5125439487,15418261503,17918066687,18673041407,217088,19025362943,7346539044.45,7271297578.75,7625660,10,10,10,0,0,0,0,0,0,1986559,3416063,4106239,2063214.72,2000
1782779113,0,7627660,0,6379.17,2000.76,3583999,5121245183,15418261503,17918066687,18673041407,217088,19025362943,7344613245.23,7271316659.52,7627660,10,10,10,0,0,0,0,0,0,1702911,3293183,4122623,1868203.07,2000
1782779114,0,7629660,0,6375.50,1999.08,3579903,5117050879,15418261503,17918066687,18673041407,217088,19025362943,7342688492.03,7271335183.86,7629660,10,10,10,0,0,0,0,0,0,1855487,3614719,5644287,2006997.44,2000
1782779115,0,7631660,0,6371.85,2000.06,3573759,5112856575,15418261503,17918066687,18673041407,217088,19025362943,7340764723.65,7271353213.58,7631660,10,10,10,0,0,0,0,0,0,1797119,3403775,4759551,1915396.35,2000
1782779116,0,7633658,0,6368.20,1998.80,3569663,5104467967,15418261503,17918066687,18673041407,217088,19025362943,7338843881.61,7271370711.99,7633658,10,10,10,0,0,0,0,0,0,1776639,3428351,4382719,1900258.79,1998
1782779117,0,7635660,0,6364.57,2002.12,3565567,5100273663,15418261503,17918066687,18673041407,217088,19025362943,7336920200.69,7271387729.30,7635660,10,10,10,0,0,0,0,0,0,1626111,3698687,4530175,1894087.42,2002
1782779118,0,7662980,0,6382.02,27313.02,3586047,4987027455,15393095679,17918066687,18673041407,217088,19025362943,7311365125.80,7270978295.18,7662980,10,10,10,0,0,0,0,0,0,215744511,229375999,236060671,168983607.67,27320
1782779119,0,7693980,0,6402.50,30994.37,3608575,4827643903,15376318463,17901289471,18673041407,217088,19025362943,7284971959.17,7268176647.66,7693980,10,10,10,0,0,0,0,0,0,677904383,925892607,932708351,760768474.48,31000
1782779120,0,7753840,0,6446.95,59861.72,3651583,4630511615,15275655167,17901289471,18673041407,217088,19025362943,7237396505.50,7260130987.90,7753840,10,10,10,0,0,0,0,0,0,1125122047,1173356543,1181745151,1122384994.88,59860
1782779121,0,7776410,0,6460.34,22572.29,3670015,4555014143,15258877951,17901289471,18673041407,217088,19025362943,7221234054.82,7255790485.35,7776410,10,10,10,0,0,0,0,0,0,1837105151,1959788543,1962934271,1668683915.56,22570
1782779122,0,7828020,0,6497.82,51619.60,3710975,4458545151,15225323519,17901289471,18673041407,217088,19025362943,7187555181.11,7243642272.74,7828020,10,10,10,0,0,0,0,0,0,2155872255,2277507071,2290089983,2112943085.23,51610
1782779123,0,7862130,0,6520.72,34101.31,3735551,4412407807,15216934911,17901289471,18673041407,217088,19025362943,7167787799.78,7234122085.86,7862130,10,10,10,0,0,0,0,0,0,2604662783,2868903935,2873098239,2631304176.69,34110
1782779124,0,7909750,0,6554.78,47593.72,3772415,4206886911,15174991871,17901289471,18673041407,217088,19025362943,7143061387.17,7219314212.00,7909750,10,10,10,0,0,0,0,0,0,3128950783,3191865343,3294625791,3060695356.53,47620
1782779125,0,7937490,0,6572.32,27752.50,3794943,4160749567,15133048831,17901289471,18673041407,217088,19025362943,7130565302.64,7209785670.04,7937490,10,10,10,0,0,0,0,0,0,3558866943,3925868543,3936354303,3567446896.33,27740
1782779126,0,7965891,0,6590.38,28406.50,3817471,4164943871,15107883007,17901289471,18673041407,217088,19025362943,7120508875.92,7198894947.22,7965891,10,10,10,0,0,0,0,0,0,4288675839,4571791359,4596957183,4309946341.32,28401
1782779127,0,8002910,0,6615.54,37014.78,3846143,4292870143,15091105791,17901289471,18673041407,217088,19025362943,7109720290.06,7183975870.34,8002910,10,10,10,0,0,0,0,0,0,4726980607,5087690751,5096079359,4788190831.90,37019
1782779128,0,8033394,0,6635.25,30483.19,3872767,4399824895,15074328575,17901289471,18673041407,217088,19025362943,7103816009.14,7170980857.70,8033394,10,10,10,0,0,0,0,0,0,5595201535,5762973695,5767167999,5553775698.10,30484
1782779129,0,8059190,0,6651.06,25803.50,3893247,4429185023,15057551359,17901289471,18673041407,217088,19025362943,7100406153.36,7159759251.82,8059190,10,10,10,0,0,0,0,0,0,6148849663,6337593343,6341787647,6038508380.61,25796
1782779130,0,8093210,0,6673.63,34011.22,3921919,4475322367,15040774143,17901289471,18673041407,217088,19025362943,7098473018.21,7144766814.83,8093210,10,10,10,0,0,0,0,0,0,6597640191,6983516159,6987710463,6640521710.60,34020
1782779131,0,8127961,0,6696.76,34732.70,3950591,4529848319,15007219711,17884512255,18673041407,217088,19025362943,7099480775.93,7129503499.44,8127961,10,10,10,0,0,0,0,0,0,7189037055,7600078847,7604273151,7334178911.59,34751
1782779132,0,8155530,0,6713.95,27586.58,3975167,4563402751,14998831103,17884512255,18673041407,217088,19025362943,7102249596.03,7117608044.71,8155530,10,10,10,0,0,0,0,0,0,7902068735,8225030143,8233418751,7918560007.85,27569
1782779133,0,8172942,0,6722.74,17403.36,3989503,4596957183,14982053887,17884512255,18673041407,217088,19025362943,7105095683.52,7110292629.93,8172942,10,10,10,0,0,0,0,0,0,8350859263,8564768767,9009364991,8438162068.55,17412
1782779134,0,8209975,0,6747.66,37058.71,4020223,4664066047,14965276671,17884512255,18656264191,217088,19025362943,7114941500.97,7095752775.49,8209975,10,10,10,0,0,0,0,0,0,9261023231,9521070079,9537847295,9287849313.13,37033
1782779135,0,8230930,0,6759.33,20951.63,4038655,4697620479,14948499455,17884512255,18656264191,217088,19025362943,7122482652.06,7088291955.67,8230930,10,10,10,0,0,0,0,0,0,10141827071,10234101759,10234101759,10077035833.67,20955
1782779136,0,8239540,0,6760.84,8607.25,4046847,4701814783,14940110847,17884512255,18656264191,217088,19025362943,7126191622.45,7085515808.92,8239540,10,10,10,0,0,0,0,0,0,10628366335,10745806847,10745806847,10671868234.63,8610
1782779137,0,8258670,0,6770.98,19131.18,4063231,4714397695,14931722239,17884512255,18656264191,217088,19025362943,7136282183.75,7080408237.64,8258670,10,10,10,0,0,0,0,0,0,11416895487,11744051199,11752439807,11482418278.03,19130
1782779138,0,8292890,0,6793.47,34228.28,4093951,4836032511,14906556415,17884512255,18656264191,217088,19025362943,7157195683.88,7073255922.82,8292890,10,10,10,0,0,0,0,0,0,12171870207,12499025919,12507414527,12204469093.71,34220
1782779139,0,8330998,0,6819.10,38086.30,4128767,4987027455,14873001983,17884512255,18656264191,217088,19025362943,7183441809.88,7067682676.13,8330998,10,10,10,0,0,0,0,0,0,12993953791,13052674047,13052674047,12895004626.64,38108
1782779140,0,8371590,0,6846.72,40600.43,4165631,5104467967,14856224767,17884512255,18656264191,217088,19025362943,7212912192.63,7063166033.82,8371590,10,10,10,0,0,0,0,0,0,13270777855,13497270271,13505658879,13261337985.46,40592
1782779141,0,8388354,0,6854.83,16774.22,4179967,5146411007,14831058943,17884512255,18656264191,217088,19025362943,7226812919.88,7062940610.65,8388354,10,10,10,0,0,0,0,0,0,14193524735,14310965247,14319353855,14168544558.24,16764
1782779142,0,8401100,0,6859.64,12734.51,4192255,5175771135,14847836159,17884512255,18656264191,217088,19025362943,7238078021.09,7063501657.19,8401100,10,10,10,0,0,0,0,0,0,14461960191,14914945023,14914945023,14651827969.16,12746
1782779143,0,8425360,0,6873.84,24282.44,4214783,5251268607,14898167807,17884512255,18656264191,217088,19025362943,7262279376.28,7067697383.76,8425360,10,10,10,0,0,0,0,0,0,15770583039,15795748863,15795748863,15643071011.71,24260
1782779144,0,8448297,0,6886.93,22916.59,4235263,5381292031,14931722239,17884512255,18656264191,217088,19025362943,7285980687.76,7072708057.24,8448297,10,10,10,0,0,0,0,0,0,15862857727,16559112191,16567500799,15992092285.65,22937
1782779145,0,8467861,0,6897.25,19567.15,4255743,5486149631,14965276671,17884512255,18656264191,217088,19025362943,7308470343.92,7079986005.47,8467861,10,10,10,0,0,0,0,0,0,17020485631,17330864127,17347641343,17020149684.63,19564
1782779146,0,8483590,0,6904.44,15727.27,4268031,5519704063,14998831103,17884512255,18656264191,217088,19025362943,7328091529.85,7088059405.08,8483590,10,10,10,0,0,0,0,0,0,18018729983,18069061631,18085838847,17891348899.52,15729
1782779147,0,8505150,0,6916.36,21569.02,4292607,5574230015,15040774143,17901289471,18656264191,217088,19025362943,7356594650.00,7101613762.91,8505150,10,10,10,0,0,0,0,0,0,18555600895,18673041407,18673041407,18572215475.72,21560
1782779148,0,8532300,0,6932.80,27147.97,4317183,5611978751,15091105791,17918066687,18706595839,217088,19226689535,7393724124.04,7120697318.18,8532300,10,10,10,0,0,0,0,0,0,19025362943,19209912319,19226689535,19025095991.61,27150
1782779149,0,8558153,0,6948.16,25858.77,4341759,5750390783,15149826047,17968398335,18740150271,217088,20199768063,7431655560.22,7143258250.95,8558153,10,10,10,0,0,0,0,0,0,20082327551,20149436415,20149436415,19950217926.97,25853
1782779150,0,8601230,0,6977.47,43060.10,4382719,5796528127,15233712127,18085838847,19008585727,217088,20300431359,7494702718.96,7180594824.86,8601230,10,10,10,0,0,0,0,0,0,20216545279,20283654143,20283654143,20020348207.77,43077
1782779151,0,8643970,0,7006.46,42766.32,4427775,5985271807,15376318463,18136170495,19813892095,217088,20300431359,7556097211.05,7215581254.30,8643970,10,10,10,0,0,0,0,0,0,19914555391,20082327551,20082327551,19911458633.53,42740
1782779152,0,8668687,0,7020.80,24710.10,4448255,6031409151,15426650111,18186502143,19998441471,217088,20803747839,7593056012.61,7238369888.41,8668687,10,10,10,0,0,0,0,0,0,20552089599,20786970623,20786970623,20518199515.08,24717
1782779153,0,8703640,0,7043.41,34950.02,4485119,6073352191,15535702015,18270388223,20132659199,217088,21206401023,7645622815.17,7271217342.02,8703640,10,10,10,0,0,0,0,0,0,21088960511,21189623807,21189623807,20682705696.09,34953
1782779154,0,8731438,0,7060.19,27801.08,4513791,6165626879,15552479231,18303942655,20216545279,217088,21206401023,7685339886.53,7293584319.68,8731438,10,10,10,0,0,0,0,0,0,20065550335,20434649087,20434649087,20120878091.42,27798
1782779155,0,8762819,0,7079.84,31367.98,4546559,6270484479,15577645055,18488492031,20317208575,217088,21206401023,7732815603.39,7323458662.42,8762819,10,10,10,0,0,0,0,0,0,20988297215,21038628863,21038628863,20942441755.53,31381
1782779156,0,8801939,0,7105.71,39149.81,4587519,6429868031,15619588095,18538823679,20719861759,217088,21474836479,7790172728.28,7357754699.37,8801939,10,10,10,0,0,0,0,0,0,21307064319,21458059263,21474836479,20638079264.98,39120
1782779157,0,8858720,0,7145.77,56750.61,4648959,6509559807,15778971647,18605932543,20719861759,217088,21474836479,7859861196.08,7385419173.53,8858720,10,10,10,0,0,0,0,0,0,19092471807,19142803455,19142803455,18662658657.05,56781
1782779158,0,8895510,0,7169.67,36786.75,4689919,6601834495,15854469119,18656264191,20719861759,217088,21474836479,7904054204.31,7401972566.37,8895510,10,10,10,0,0,0,0,0,0,18639486975,18740150271,18756927487,18545355804.00,36790
1782779159,0,8919410,0,7183.14,23906.31,4718591,6652166143,15879634943,18673041407,20719861759,217088,21474836479,7932976416.31,7413116791.52,8919410,10,10,10,0,0,0,0,0,0,19008585727,19092471807,19092471807,18697739014.30,23900
1782779160,0,8935430,0,7190.25,16011.80,4734975,6673137663,15929966591,18673041407,20719861759,217088,21474836479,7952582443.29,7420911031.62,8935430,10,10,10,0,0,0,0,0,0,18924699647,19142803455,19142803455,18868574519.42,16020
1782779161,0,8964583,0,7207.91,29172.47,4767743,6727663615,16013852671,18706595839,20719861759,217088,21474836479,7989571790.88,7437155361.41,8964583,10,10,10,0,0,0,0,0,0,19444793343,19780337663,19780337663,19326851869.27,29153
1782779162,0,8983121,0,7217.01,18534.78,4792319,6748635135,16072572927,18706595839,20703084543,217088,21474836479,8010701968.89,7444002344.84,8983121,10,10,10,0,0,0,0,0,0,18203279359,18639486975,18656264191,18228807191.03,18538
1782779163,0,9020350,0,7241.11,37231.92,4833279,6794772479,16131293183,18723373055,20703084543,217088,21474836479,8054478661.48,7459798144.58,9020350,10,10,10,0,0,0,0,0,0,18756927487,18991808511,19008585727,18617516254.24,37229
1782779164,0,9045486,0,7255.46,25138.99,4861951,6828326911,16181624831,18723373055,20703084543,217088,21474836479,8079016060.96,7463920742.05,9045486,10,10,10,0,0,0,0,0,0,16978542591,17163091967,17163091967,16884551202.87,25136
1782779165,0,9090770,0,7285.94,45281.71,4915199,6861881343,16206790655,18723373055,20703084543,217088,21474836479,8121908057.25,7470092509.72,9090770,10,10,10,0,0,0,0,0,0,17179869183,17196646399,17196646399,16689590946.77,45284
1782779166,0,9129399,0,7311.04,38628.35,4960255,6912212991,16240345087,18723373055,20686307327,217088,21474836479,8157271094.40,7473987683.55,9129399,10,10,10,0,0,0,0,0,0,16508780543,16584278015,16609443839,16479444520.57,38629
1782779167,0,9165028,0,7333.70,35615.11,5001215,6983516159,16273899519,18723373055,20686307327,217088,21474836479,8191061593.41,7479033881.19,9165028,10,10,10,0,0,0,0,0,0,16835936255,17171480575,17171480575,16849372178.94,35629
1782779168,0,9205379,0,7360.10,40360.67,5050367,7025459199,16324231167,18723373055,20686307327,217088,21474836479,8229382328.27,7484990201.44,9205379,10,10,10,0,0,0,0,0,0,16668164095,17548967935,17565745151,16933270905.94,40351
1782779169,0,9233920,0,7377.02,28539.28,5087231,7092568063,16349396991,18723373055,20669530111,217088,21474836479,8255693250.19,7488381653.79,9233920,10,10,10,0,0,0,0,0,0,16995319807,17137926143,17154703359,16741801237.45,28541
1782779170,0,9255560,0,7388.40,21629.13,5111807,7180648447,16382951423,18706595839,20669530111,217088,21474836479,8274892892.25,7490131151.61,9255560,10,10,10,0,0,0,0,0,0,16466837503,16584278015,16592666623,16467497273.45,21640
1782779171,0,9281200,0,7402.96,25640.89,5144575,7189037055,16466837503,18706595839,20669530111,217088,21474836479,8300297937.10,7495343276.39,9281200,10,10,10,0,0,0,0,0,0,17565745151,17632854015,17632854015,17471043525.85,25640
1782779172,0,9308250,0,7418.62,27066.35,5181439,7272923135,16483614719,18706595839,20669530111,217088,21474836479,8325367894.56,7498918212.34,9308250,10,10,10,0,0,0,0,0,0,16785604607,17699962879,17699962879,16927190045.75,27050
1782779173,0,9328380,0,7428.74,20120.17,5210111,7319060479,16533946367,18706595839,20669530111,217088,21474836479,8344279903.83,7501862298.30,9328380,10,10,10,0,0,0,0,0,0,16936599551,17498636287,17515413503,17089322640.93,20130
1782779174,0,9353947,0,7443.17,25576.39,5242879,7369392127,16550723583,18706595839,20669530111,217088,21474836479,8370605299.59,7508467338.24,9353947,10,10,10,0,0,0,0,0,0,17834180607,18220056575,18220056575,17975693704.99,25567
1782779175,0,9375500,0,7454.39,21555.38,5275647,7398752255,16559112191,18706595839,20669530111,217088,21474836479,8392813159.89,7514098978.53,9375500,10,10,10,0,0,0,0,0,0,17934843903,18454937599,18454937599,18030967862.78,21553
1782779176,0,9403540,0,7470.75,28047.15,5312511,7574913023,16584278015,18723373055,20669530111,217088,21474836479,8424177709.94,7524781531.41,9403540,10,10,10,0,0,0,0,0,0,18907922431,19126026239,19126026239,18911279670.19,28040
1782779177,0,9441925,0,7495.29,38383.20,5365759,7629438975,16601055231,18874367999,20552089599,217088,21474836479,8468114553.99,7540910020.50,9441925,10,10,10,0,0,0,0,0,0,19209912319,19562233855,19562233855,19231742806.36,38385
1782779178,0,9474637,0,7515.29,32707.87,5406719,7692353535,16609443839,18941476863,20552089599,217088,21474836479,8505273661.83,7554346171.11,9474637,10,10,10,0,0,0,0,0,0,19176357887,19612565503,19629342719,19230802805.51,32712
1782779179,0,9495460,0,7525.84,20820.04,5435391,7784628223,16626221055,18924699647,20552089599,217088,21474836479,8526169926.02,7559218125.48,9495460,10,10,10,0,0,0,0,0,0,18119393279,18337497087,18337497087,18034142736.89,20823
1782779180,0,9518800,0,7538.36,23343.43,5468159,7801405439,16634609663,18941476863,20552089599,217088,21474836479,8551531665.71,7567258341.76,9518800,10,10,10,0,0,0,0,0,0,18824036351,19176357887,19176357887,18869500163.38,23340
1782779181,0,9558530,0,7563.83,39714.50,5525503,7906263039,16659775487,18958254079,20552089599,217088,21474836479,8592863323.80,7578633177.81,9558530,10,10,10,0,0,0,0,0,0,18186502143,19293798399,19293798399,18495400123.53,39730
1782779182,0,9613350,0,7601.20,54810.21,5607423,8111783935,16726884351,18958254079,20552089599,217088,21474836479,8646556087.41,7590329132.04,9613350,10,10,10,0,0,0,0,0,0,18555600895,18773704703,18790481919,18008538789.31,54820
1782779183,0,9662180,0,7633.77,48846.44,5681151,8287944703,16768827391,18941476863,20552089599,217088,21474836479,8690743906.32,7596486004.94,9662180,10,10,10,0,0,0,0,0,0,17431527423,17649631231,17666408447,17390169851.46,48830
1782779184,0,9683810,0,7644.82,21623.24,5713919,8346664959,16785604607,18941476863,20552089599,217088,21474836479,8710287229.12,7599239776.06,9683810,10,10,10,0,0,0,0,0,0,17448304639,17850957823,17850957823,17440342831.03,21630
1782779185,0,9707090,0,7657.16,23292.11,5746687,8388607999,16802381823,18941476863,20535312383,217088,21474836479,8732357984.72,7603485566.82,9707090,10,10,10,0,0,0,0,0,0,18136170495,18253611007,18270388223,17913157118.24,23280
1782779186,0,9735970,0,7673.88,28874.72,5791743,8438939647,16819159039,18941476863,20535312383,217088,21474836479,8759073620.74,7607986888.65,9735970,10,10,10,0,0,0,0,0,0,17699962879,18052284415,18069061631,17738681766.65,28880
1782779187,0,9758870,0,7685.88,22901.64,5824511,8489271295,16827547647,18941476863,20535312383,217088,21474836479,8781696584.38,7613363827.73,9758870,10,10,10,0,0,0,0,0,0,18522046463,18622709759,18622709759,18399884154.75,22900
1782779188,0,9802660,0,7714.29,43786.76,5898239,8640266239,16861102079,18991808511,20535312383,217088,21474836479,8826619552.37,7625927773.51,9802660,10,10,10,0,0,0,0,0,0,19042140159,19142803455,19142803455,18837978413.89,43790
1782779189,0,9849276,0,7744.88,46624.28,5980159,8933867519,16894656511,18991808511,20535312383,217088,21474836479,8870974726.46,7635126853.70,9849276,10,10,10,0,0,0,0,0,0,18438160383,18555600895,18555600895,18198216251.31,46616
1782779190,0,9887830,0,7769.09,38547.03,6041599,9042919423,16919822335,18991808511,20535312383,217088,21474836479,8902783477.59,7637177136.34,9887830,10,10,10,0,0,0,0,0,0,16961765375,17330864127,17330864127,17028870758.71,38554
1782779191,0,9924240,0,7791.57,36407.13,6103039,9244246015,16919822335,18991808511,20535312383,217088,21474836479,8930619474.89,7637023569.33,9924240,10,10,10,0,0,0,0,0,0,16198402047,17330864127,17347641343,16490015497.46,36410
1782779192,0,9972362,0,7823.21,48121.04,6189055,9302966271,16903045119,18991808511,20451426303,217088,21474836479,8965492831.09,7635175436.70,9972362,10,10,10,0,0,0,0,0,0,16575889407,16793993215,16802381823,16157454024.30,48122
1782779193,0,10016666,0,7851.81,44315.26,6275071,9428795391,16886267903,18975031295,20434649087,217088,21474836479,8992901895.38,7629372692.24,10016666,10,10,10,0,0,0,0,0,0,15225323519,15292432383,15309209599,15162392487.25,44304
1782779194,0,10051859,0,7873.23,35200.89,6344703,9504292863,16877879295,18975031295,20434649087,217088,21474836479,9001113593.37,7617942132.99,10051859,10,10,10,0,0,0,0,0,0,11400118271,14000586751,14285799423,11338335088.35,35193
1782779195,0,10078623,0,7888.01,26743.00,6397951,9403629567,16869490687,18958254079,20434649087,217088,21474836479,8993231689.15,7609621149.67,10078623,10,10,10,0,0,0,0,0,0,6048186367,8032092159,8283750399,6032994435.62,26764
1782779196,0,10103325,0,7901.16,24705.76,6443007,9344909311,16869490687,18958254079,20434649087,217088,21474836479,8975727415.27,7608780665.28,10103325,10,10,10,0,0,0,0,0,0,1837105151,3743416319,3930062847,1833836986.27,24702
1782779197,0,10108316,0,7898.89,4994.49,6414335,9336520703,16869490687,18958254079,20434649087,217088,21474836479,8971296764.68,7609513564.93,10108316,10,10,10,0,0,0,0,0,0,1656831,6295551,9551871,2291988.86,4991
1782779198,0,10113330,0,7896.63,5011.12,6381567,9319743487,16869490687,18958254079,20434649087,217088,21474836479,8966849893.32,7610246692.21,10113330,10,10,10,0,0,0,0,0,0,1699839,3452927,4890623,1875626.89,5014
1782779199,0,10118325,0,7894.37,4997.95,6352895,9302966271,16861102079,18958254079,20434649087,217088,21474836479,8962424255.28,7610973668.93,10118325,10,10,10,0,0,0,0,0,0,1626111,3796991,7331839,1876131.31,4995
1782779200,0,10123330,0,7892.11,5003.11,6320127,9294577663,16861102079,18958254079,20434649087,217088,21474836479,8957994251.87,7611698600.40,10123330,10,10,10,0,0,0,0,0,0,1880063,4069375,5312511,2107290.50,5005
1782779201,0,10128305,0,7889.84,4976.74,6295551,9286189055,16861102079,18958254079,20434649087,217088,21474836479,8953595135.28,7612415863.78,10128305,10,10,10,0,0,0,0,0,0,1927167,3790847,4419583,2095837.99,4975
1782779202,0,10133328,0,7887.61,5021.21,6262783,9277800447,16861102079,18958254079,20434649087,217088,21474836479,8949157768.67,7613136911.02,10133328,10,10,10,0,0,0,0,0,0,1552383,3225599,4390911,1715525.24,5023
1782779203,0,10138330,0,7885.37,5002.25,6234111,9269411839,16861102079,18958254079,20434649087,217088,21474836479,8944743419.56,7613851486.58,10138330,10,10,10,0,0,0,0,0,0,1605631,3979263,5140479,1911051.32,5002
1782779204,0,10143299,0,7883.10,4970.38,6209535,9261023231,16861102079,18958254079,20434649087,217088,21474836479,8940362578.02,7614557967.00,10143299,10,10,10,0,0,0,0,0,0,1763327,4304895,5935103,2061681.77,4969
1782779205,0,10148330,0,7880.88,5026.29,6180863,9261023231,16861102079,18958254079,20434649087,217088,21474836479,8935931464.78,7615269904.93,10148330,10,10,10,0,0,0,0,0,0,1873919,3731455,4870143,2099922.53,5031
1782779206,0,10153330,0,7878.65,5002.76,6152191,9261023231,16852713471,18958254079,20434649087,217088,21474836479,8931531947.26,7615974209.41,10153330,10,10,10,0,0,0,0,0,0,1689599,3926015,5840895,1980823.63,5000
1782779207,0,10158329,0,7876.42,4998.39,6127615,9252634623,16852713471,18958254079,20434649087,217088,21474836479,8927137503.06,7616675237.82,10158329,10,10,10,0,0,0,0,0,0,1419263,3483647,5263359,1703980.45,4999
1782779208,0,10163280,0,7874.15,4952.28,6098943,9252634623,16852713471,18958254079,20434649087,217088,21474836479,8922789640.86,7617366149.14,10163280,10,10,10,0,0,0,0,0,0,1778687,3692543,4407295,1962609.11,4951
1782779209,0,10168315,0,7871.95,5036.66,6074367,9244246015,16852713471,18958254079,20434649087,217088,21474836479,8918372326.72,7618065519.19,10168315,10,10,10,0,0,0,0,0,0,1659903,3667967,4681727,1907476.03,5035
1782779210,0,10173330,0,7869.74,5014.52,6045695,9235857407,16852713471,18958254079,20434649087,217088,21474836479,8913976916.37,7618758804.41,10173330,10,10,10,0,0,0,0,0,0,1704959,3696639,4538367,1929676.44,5015
1782779211,0,10178330,0,7867.52,4998.03,6025215,9193914367,16852713471,18941476863,20434649087,217088,21474836479,8909598960.21,7619446758.02,10178330,10,10,10,0,0,0,0,0,0,1680383,3799039,4771839,1920407.04,5000
1782779212,0,10183330,0,7865.31,4999.66,6000639,9185525759,16852713471,18941476863,20434649087,217088,21474836479,8905225323.60,7620131438.65,10183330,10,10,10,0,0,0,0,0,0,1598463,4255743,5095423,1961974.99,5000
1782779213,0,10188315,0,7863.08,4984.84,5976063,9151971327,16844324863,18941476863,20434649087,217088,21474836479,8900869034.18,7620810895.11,10188315,10,10,10,0,0,0,0,0,0,1636351,3715071,5054463,1865478.75,4985
1782779214,0,10193330,0,7860.89,5013.93,5947391,9151971327,16844324863,18941476863,20434649087,217088,21474836479,8896490877.43,7621491142.21,10193330,10,10,10,0,0,0,0,0,0,1754111,3729407,4689919,1966440.03,5015
1782779215,0,10198329,0,7858.69,5002.69,5922815,9143582719,16844324863,18941476863,20434649087,217088,21474836479,8892130939.71,7622166033.99,10198329,10,10,10,0,0,0,0,0,0,1662975,3633151,4837375,1896101.42,4999
1782779216,0,10203300,0,7856.46,4970.72,5898239,9076473855,16844324863,18941476863,20434649087,217088,21474836479,8887799688.06,7622833927.56,10203300,10,10,10,0,0,0,0,0,0,1703935,4153343,6070271,1955918.33,4971
1782779217,0,10208330,0,7854.28,5025.33,5873663,9042919423,16844324863,18941476863,20434649087,217088,21474836479,8883421268.95,7623506588.70,10208330,10,10,10,0,0,0,0,0,0,1702911,3418111,4222975,1845993.84,5030
1782779218,0,10213300,0,7852.07,4975.26,5849087,9009364991,16844324863,18941476863,20434649087,217088,21474836479,8879099259.73,7624168113.51,10213300,10,10,10,0,0,0,0,0,0,1539071,3358719,4345855,1735798.24,4970
1782779219,0,10218329,0,7849.90,5028.47,5824511,8967421951,16844324863,18941476863,20434649087,217088,21474836479,8874730330.87,7624834161.90,10218329,10,10,10,0,0,0,0,0,0,1694719,3706879,6094847,1956187.86,5029
1782779220,0,10223330,0,7847.71,4996.71,5804031,8959033343,16835936255,18941476863,20434649087,217088,21474836479,8870390068.77,7625493223.54,10223330,10,10,10,0,0,0,0,0,0,1902591,3862527,5238783,2118515.25,5001
1782779221,0,10228330,0,7845.52,4999.70,5779455,8950644735,16835936255,18941476863,20434649087,217088,21474836479,8866054821.76,7626149097.73,10228330,10,10,10,0,0,0,0,0,0,1685503,3776511,4710399,1922648.65,5000
1782779222,0,10233285,0,7843.32,4960.05,5758975,8942256127,16835936255,18941476863,20434649087,217088,21474836479,8861762726.93,7626796005.27,10233285,10,10,10,0,0,0,0,0,0,1671167,3414015,5218303,1830880.72,4955
1782779223,0,10238330,0,7841.17,5040.36,5734399,8942256127,16835936255,18941476863,20434649087,217088,21474836479,8857396999.69,7627451417.46,10238330,10,10,10,0,0,0,0,0,0,1680383,3901439,5926911,1949812.33,5045
1782779224,0,10243290,0,7838.97,4962.81,5713919,8933867519,16835936255,18941476863,20434649087,217088,21474836479,8853109022.91,7628092667.35,10243290,10,10,10,0,0,0,0,0,0,1709055,3729407,4972543,1955530.17,4960
1782779225,0,10248320,0,7836.82,5031.31,5689343,8933867519,16835936255,18941476863,20434649087,217088,21474836479,8848764754.43,7628739837.55,10248320,10,10,10,0,0,0,0,0,0,1728511,3686399,4841471,1925427.38,5030
1782779226,0,10253320,0,7834.65,4999.49,5668863,8925478911,16835936255,18941476863,20434649087,217088,21474836479,8844450578.19,7629380065.19,10253320,10,10,10,0,0,0,0,0,0,1620991,3592191,4685823,1838847.62,5000
1782779227,0,10258300,0,7832.47,4980.41,5648383,8925478911,16835936255,18941476863,20434649087,217088,21474836479,8840157769.82,7630014717.20,10258300,10,10,10,0,0,0,0,0,0,1441791,3436543,4124671,1696326.41,4980
1782779228,0,10263330,0,7830.33,5028.18,5623807,8908701695,16827547647,18941476863,20434649087,217088,21474836479,8835826094.44,7630652609.26,10263330,10,10,10,0,0,0,0,0,0,1555455,3246079,3915775,1705721.77,5030
1782779229,0,10268320,0,7828.17,4992.39,5603327,8900313087,16827547647,18941476863,20434649087,217088,21474836479,8831533257.38,7631282103.16,10268320,10,10,10,0,0,0,0,0,0,1807359,4280319,6488063,2113731.28,4990
1782779230,0,10273330,0,7826.02,5005.18,5582847,8891924479,16827547647,18941476863,20434649087,217088,21474836479,8827227330.01,7631911119.45,10273330,10,10,10,0,0,0,0,0,0,1715199,3753983,4800511,1949869.25,5010
1782779231,0,10278301,0,7823.85,4975.21,5558271,8875147263,16827547647,18941476863,20434649087,217088,21474836479,8822958997.64,7632532268.97,10278301,10,10,10,0,0,0,0,0,0,1574911,3596287,5083135,1798854.71,4971
1782779232,0,10283330,0,7821.72,5027.88,5537791,8866758655,16827547647,18941476863,20434649087,217088,21474836479,8818645199.22,7633157420.82,10283330,10,10,10,0,0,0,0,0,0,1750015,4110335,6328319,2077579.48,5029
1782779233,0,10288330,0,7819.57,4996.46,5517311,8808038399,16827547647,18941476863,20434649087,217088,21474836479,8814360438.12,7633775920.24,10288330,10,10,10,0,0,0,0,0,0,1773567,4126719,5644287,2037956.33,5000
1782779234,0,10293284,0,7817.40,4957.23,5492735,8657043455,16827547647,18941476863,20434649087,217088,21474836479,8810119212.32,7634385707.58,10293284,10,10,10,0,0,0,0,0,0,1764351,4169727,5328895,2058939.94,4954
1782779235,0,10298330,0,7815.30,5045.78,5472255,8640266239,16827547647,18941476863,20434649087,217088,21474836479,8805803278.39,7635003908.78,10298330,10,10,10,0,0,0,0,0,0,1554431,3594239,4792319,1773619.06,5046
1782779236,0,10303330,0,7813.16,5000.36,5451775,8631877631,16827547647,18941476863,20434649087,217088,21474836479,8801530900.94,7635613376.57,10303330,10,10,10,0,0,0,0,0,0,1586175,3889151,4653055,1860324.17,5000
1782779237,0,10308330,0,7811.03,4997.18,5431295,8623489023,16819159039,18941476863,20434649087,217088,21474836479,8797262721.76,7636219755.84,10308330,10,10,10,0,0,0,0,0,0,1725439,3850239,5492735,1971012.68,5000
1782779238,0,10328350,0,7820.27,20023.71,5451775,8556380159,16819159039,18924699647,20434649087,217088,21474836479,8780633685.11,7638143926.74,10328350,10,10,10,0,0,0,0,0,0,255328255,374079487,377225215,218316132.36,20020
1782779239,0,10357173,0,7836.16,28826.43,5492735,8455716863,16810770431,18924699647,20434649087,217088,21474836479,8758596286.37,7638919551.14,10357173,10,10,10,0,0,0,0,0,0,907018239,1239416831,1245708287,861778909.50,28823
1782779240,0,10390420,0,7855.37,33240.26,5541887,8396996607,16810770431,18924699647,20434649087,217088,21474836479,8735569830.54,7637519673.94,10390420,10,10,10,0,0,0,0,0,0,1590689791,1872756735,1881145343,1562321517.17,33247
1782779241,0,10418150,0,7870.39,27739.49,5582847,8346664959,16802381823,18924699647,20434649087,217088,21474836479,8718316263.68,7634662759.69,10418150,10,10,10,0,0,0,0,0,0,2117074943,2554331135,2562719743,2253411604.73,27730
1782779242,0,10450724,0,7889.04,32582.25,5631999,8225030143,16802381823,18924699647,20434649087,217088,21474836479,8700562458.71,7629371516.49,10450724,10,10,10,0,0,0,0,0,0,2950692863,3277848575,3296722943,3022358884.23,32574
1782779243,0,10476800,0,7902.75,26063.28,5668863,8157921279,16793993215,18924699647,20367540223,217088,21474836479,8688074903.88,7623978627.19,10476800,10,10,10,0,0,0,0,0,0,3690987519,4016046079,4020240383,3683319999.01,26076
1782779244,0,10514598,0,7925.29,37821.43,5726207,8044675071,16785604607,18924699647,20350763007,217088,21474836479,8672620723.16,7614617720.88,10514598,10,10,10,0,0,0,0,0,0,4280287231,4634705919,4664066047,4389051206.21,37798
1782779245,0,10535660,0,7935.18,21050.23,5754879,7939817471,16785604607,18924699647,20350763007,217088,21474836479,8665552171.48,7608647540.73,10535660,10,10,10,0,0,0,0,0,0,5133828095,5339348991,5343543295,5136780956.11,21062
1782779246,0,10557230,0,7945.44,21568.36,5787647,7902068735,16785604607,18924699647,20350763007,217088,21474836479,8660059069.30,7601846440.33,10557230,10,10,10,0,0,0,0,0,0,5930745855,6220152831,6224347135,5977005898.46,21570
1782779247,0,10599436,0,7971.21,42234.74,5853183,7797211135,16777215999,18907922431,20350763007,217088,21474836479,8651873538.07,7587805509.09,10599436,10,10,10,0,0,0,0,0,0,6606028799,6803161087,6815743999,6604379440.58,42206
1782779248,0,10630456,0,7988.53,31006.81,5902335,7696547839,16768827391,18907922431,20350763007,217088,21474836479,8647570230.01,7577150758.24,10630456,10,10,10,0,0,0,0,0,0,7134511103,7486832639,7511998463,7177143459.34,31020
1782779249,0,10640596,0,7990.15,10142.86,5918719,7713325055,16768827391,18907922431,20350763007,217088,21474836479,8647022087.31,7573567002.07,10640596,10,10,10,0,0,0,0,0,0,8174698495,8413773823,8417968127,8072366578.47,10140
1782779250,0,10690970,0,8021.95,50336.90,6008831,7826571263,16760438783,18907922431,20350763007,217088,21474836479,8646826853.15,7555709229.41,10690970,10,10,10,0,0,0,0,0,0,8673820671,8782872575,8791261183,8605587171.00,50374
1782779251,0,10727599,0,8043.40,36651.30,6066175,7931428863,16743661567,18907922431,20350763007,217088,21474836479,8648908772.25,7542889349.45,10727599,10,10,10,0,0,0,0,0,0,9261023231,9529458687,9537847295,9256562124.97,36629
1782779252,0,10745190,0,8050.55,17587.10,6094847,7994343423,16735272959,18907922431,20350763007,217088,21474836479,8650782280.28,7536861389.13,10745190,10,10,10,0,0,0,0,0,0,9848225791,10317987839,10334765055,9793312145.25,17591
1782779253,0,10771320,0,8064.09,26135.70,6139903,8107589631,16726884351,18907922431,20350763007,217088,21474836479,8655677274.44,7528375005.44,10771320,10,10,10,0,0,0,0,0,0,10586423295,11039408127,11039408127,10668598908.97,26130
1782779254,0,10793950,0,8074.98,22626.88,6180863,8166309887,16718495743,18907922431,20350763007,217088,21474836479,8662020520.32,7521756063.81,10793950,10,10,10,0,0,0,0,0,0,11735662591,11853103103,11878268927,11681248586.96,22630
1782779255,0,10826251,0,8093.10,32311.20,6242303,8229224447,16710107135,18891145215,20350763007,217088,21474836479,8672726379.06,7513084334.69,10826251,10,10,10,0,0,0,0,0,0,12306087935,12549357567,12557746175,12250278281.04,32301
1782779256,0,10852850,0,8106.91,26576.72,6295551,8342470655,16684941311,18891145215,20350763007,217088,21474836479,8682608935.35,7506522071.95,10852850,10,10,10,0,0,0,0,0,0,12742295551,12842958847,12842958847,12704979507.84,26599
1782779257,0,10879592,0,8120.83,26747.50,6348799,8388607999,16676552703,18891145215,20350763007,217088,21474836479,8694751090.38,7501288946.83,10879592,10,10,10,0,0,0,0,0,0,13589544959,14017363967,14025752575,13622467313.43,26742
1782779258,0,10913052,0,8139.73,33462.65,6414335,8426356735,16668164095,18891145215,20350763007,217088,21474836479,8712242851.99,7496428948.35,10913052,10,10,10,0,0,0,0,0,0,14461960191,14646509567,14654898175,14399727300.41,33460
1782779259,0,10960470,0,8169.00,47444.93,6504447,8485076991,16659775487,18874367999,20350763007,217088,21474836479,8736733409.94,7489421425.50,10960470,10,10,10,0,0,0,0,0,0,14436794367,14562623487,14579400703,14373131665.45,47418
1782779260,0,11011826,0,8201.17,51362.88,6598655,8615100415,16651386879,18874367999,20333985791,217088,21474836479,8765713027.32,7483927429.81,11011826,10,10,10,0,0,0,0,0,0,14998831103,15158214655,15166603263,14950583867.30,51356
1782779261,0,11046000,0,8220.49,34142.52,6668287,8682209279,16642998271,18857590783,20317208575,217088,21474836479,8782808319.78,7478653157.50,11046000,10,10,10,0,0,0,0,0,0,14151581695,14621343743,14638120959,14291393383.96,34174
1782779262,0,11085010,0,8243.39,39020.52,6742015,8774483967,16642998271,18824036351,20317208575,217088,21474836479,8805136155.62,7474934770.48,11085010,10,10,10,0,0,0,0,0,0,15116271615,15284043775,15292432383,15127445173.04,39010
1782779263,0,11117140,0,8261.14,32135.55,6811647,8900313087,16634609663,18824036351,20317208575,217088,21474836479,8825545853.59,7473749958.48,11117140,10,10,10,0,0,0,0,0,0,15904800767,16013852671,16022241279,15866993288.25,32130
1782779264,0,11149560,0,8279.08,32427.47,6877183,8942256127,16634609663,18824036351,20317208575,217088,21474836479,8845278062.31,7471822305.78,11149560,10,10,10,0,0,0,0,0,0,15535702015,15913189375,15921577983,15611648415.66,32420
1782779265,0,11182636,0,8297.48,33058.06,6946815,9042919423,16634609663,18824036351,20317208575,217088,21474836479,8867860869.54,7472283915.46,11182636,10,10,10,0,0,0,0,0,0,16533946367,16651386879,16651386879,16480279667.54,33076
1782779266,0,11218846,0,8318.17,36203.77,7020543,9177137151,16626221055,18824036351,20317208575,217088,21474836479,8890017996.16,7470375859.25,11218846,10,10,10,0,0,0,0,0,0,15711862783,16139681791,16626221055,15732743259.46,36210
1782779267,0,11244150,0,8330.76,25303.23,7081983,9235857407,16634609663,18824036351,20317208575,217088,21474836479,8907296036.75,7470837996.35,11244150,10,10,10,0,0,0,0,0,0,16718495743,16768827391,16777215999,16567732196.16,25304
1782779268,0,11262796,0,8338.40,18664.52,7122943,9252634623,16642998271,18824036351,20317208575,217088,21474836479,8921295216.89,7472568114.81,11262796,10,10,10,0,0,0,0,0,0,17196646399,17716740095,17716740095,17363260323.85,18646
1782779269,0,11296840,0,8357.41,34011.04,7200767,9277800447,16651386879,18807259135,20317208575,217088,21474836479,8949050828.76,7478365952.06,11296840,10,10,10,0,0,0,0,0,0,18035507199,18354274303,18354274303,18131455784.88,34044
1782779270,0,11305000,0,8357.27,8165.76,7217151,9294577663,16651386879,18807259135,20317208575,217088,21474836479,8955209247.20,7479178802.05,11305000,10,10,10,0,0,0,0,0,0,17616076799,17632854015,17649631231,17481026379.29,8160
1782779271,0,11319080,0,8361.50,14079.05,7249919,9328132095,16659775487,18807259135,20317208575,217088,21474836479,8966545382.24,7481430416.44,11319080,10,10,10,0,0,0,0,0,0,18069061631,18438160383,18454937599,18068463467.05,14080
1782779272,0,11361690,0,8386.77,42587.14,7348223,9437183999,16710107135,18807259135,20317208575,217088,21474836479,9000693358.45,7488240622.10,11361690,10,10,10,0,0,0,0,0,0,18689818623,18706595839,18723373055,18071889661.90,42610
1782779273,0,11373470,0,8389.28,11784.69,7372799,9453961215,16718495743,18807259135,20317208575,217088,21474836479,9009534241.80,7489397565.60,11373470,10,10,10,0,0,0,0,0,0,17448304639,17750294527,17750294527,17536476173.56,11780
1782779274,0,11415100,0,8413.78,41634.99,7479295,9529458687,16752050175,18807259135,20317208575,217088,21474836479,9043270895.01,7496539369.62,11415100,10,10,10,0,0,0,0,0,0,18454937599,18673041407,18673041407,18260249352.99,41630
1782779275,0,11450038,0,8433.32,34946.07,7569407,9554624511,16768827391,18807259135,20317208575,217088,21474836479,9071339652.85,7502280414.86,11450038,10,10,10,0,0,0,0,0,0,18337497087,18454937599,18471714815,18242090057.57,34938
1782779276,0,11472074,0,8443.33,22037.66,7626751,9571401727,16785604607,18807259135,20317208575,217088,21474836479,9087265504.50,7503867200.55,11472074,10,10,10,0,0,0,0,0,0,17414750207,17750294527,17750294527,17362433707.84,22036
1782779277,0,11495587,0,8454.41,23506.37,7679999,9596567551,16793993215,18807259135,20317208575,217088,21474836479,9106037607.20,7507657322.73,11495587,10,10,10,0,0,0,0,0,0,18270388223,18522046463,18522046463,18265011423.46,23513
1782779278,0,11524230,0,8469.25,28638.32,7757823,9680453631,16802381823,18807259135,20317208575,217088,21474836479,9128839266.14,7512231085.17,11524230,10,10,10,0,0,0,0,0,0,18320719871,18505269247,18522046463,18280061349.50,28643
1782779279,0,11559430,0,8488.88,35186.28,7843839,9781116927,16827547647,18824036351,20317208575,217088,21474836479,9158239933.58,7519636991.96,11559430,10,10,10,0,0,0,0,0,0,18639486975,19142803455,19159580671,18783809640.26,35200
1782779280,0,11581820,0,8499.08,22394.19,7909375,9823059967,16835936255,18891145215,20317208575,217088,21474836479,9177938198.16,7525703675.51,11581820,10,10,10,0,0,0,0,0,0,19646119935,19679674367,19696451583,19347688556.21,22390
1782779281,0,11611010,0,8514.25,29207.77,7987199,9848225791,16861102079,18924699647,20300431359,217088,21474836479,9204017509.49,7534171937.67,11611010,10,10,10,0,0,0,0,0,0,19461570559,19713228799,19830669311,19551598514.96,29190
1782779282,0,11639551,0,8528.93,28539.79,8065023,9865003007,16877879295,18975031295,20300431359,217088,21474836479,9230169872.96,7543415983.68,11639551,10,10,10,0,0,0,0,0,0,20048773119,20266876927,20300431359,19869438077.57,28541
1782779283,0,11659337,0,8537.17,19782.97,8126463,9873391615,16894656511,19008585727,20300431359,217088,21474836479,9248210356.41,7549714539.08,11659337,10,10,10,0,0,0,0,0,0,19998441471,20283654143,20283654143,19860922738.14,19786
1782779284,0,11663830,0,8534.21,4492.78,8138751,9873391615,16894656511,19008585727,20317208575,217088,21474836479,9252540455.62,7551483540.14,11663830,10,10,10,0,0,0,0,0,0,20669530111,20686307327,20686307327,20489149834.97,4493
1782779285,0,11695390,0,8551.05,31557.18,8232959,9898557439,16928210943,19042140159,20686307327,217088,21609054207,9284720537.53,7566648655.50,11695390,10,10,10,0,0,0,0,0,0,21256732671,21575499775,21592276991,21177718151.17,31560
1782779286,0,11717060,0,8560.63,21674.72,8298495,9932111871,16936599551,19058917375,20887633919,217088,21609054207,9306804088.70,7577044635.31,11717060,10,10,10,0,0,0,0,0,0,21223178239,21541945343,21558722559,21225389395.00,21670
1782779287,0,11758740,0,8584.81,41644.86,8437759,9974054911,16961765375,19109249023,21122514943,217088,22112370687,9350919021.69,7599701692.73,11758740,10,10,10,0,0,0,0,0,0,21860712447,22095593471,22112370687,21752486121.50,41680
1782779288,0,11777680,0,8592.37,18958.70,8511487,9990832127,16978542591,19126026239,21239955455,217088,22179479551,9371129807.98,7610275811.62,11777680,10,10,10,0,0,0,0,0,0,22095593471,22162702335,22179479551,21918826810.88,18940
1782779289,0,11806842,0,8607.36,29154.81,8609791,10015997951,16986931199,19142803455,21323841535,217088,22666018815,9402544475.86,7627169404.77,11806842,10,10,10,0,0,0,0,0,0,22598909951,22632464383,22649241599,22090011230.49,29162
1782779290,0,11835330,0,8621.84,28471.70,8708095,10066329599,16995319807,19226689535,21323841535,217088,22666018815,9430112647.28,7638631269.28,11835330,10,10,10,0,0,0,0,0,0,20854079487,21005074431,21005074431,20855732003.73,28488
1782779291,0,11882005,0,8649.54,46696.14,8888319,10166992895,17028874239,19444793343,21458059263,217088,22666018815,9475162460.58,7657485976.75,11882005,10,10,10,0,0,0,0,0,0,21307064319,21709717503,21709717503,20898395600.95,46675
1782779292,0,11926026,0,8675.27,44000.24,9060351,10292822015,17079205887,19545456639,21458059263,217088,22666018815,9514079367.82,7670055349.41,11926026,10,10,10,0,0,0,0,0,0,20082327551,20250099711,20250099711,20018404266.70,44021
1782779293,0,11956730,0,8691.28,30710.33,9199615,10351542271,17121148927,19545456639,21458059263,217088,22666018815,9538114640.82,7674836536.05,11956730,10,10,10,0,0,0,0,0,0,18807259135,19109249023,19126026239,18873878409.54,30704
1782779294,0,11975698,0,8698.75,18963.19,9289727,10410262527,17146314751,19579011071,21458059263,217088,22666018815,9554460401.04,7679738985.52,11975698,10,10,10,0,0,0,0,0,0,20065550335,20149436415,20166213631,19858226826.85,18968
1782779295,0,11996046,0,8707.21,20366.41,9379839,10435428351,17171480575,19612565503,21458059263,217088,22666018815,9571596134.31,7684483203.88,11996046,10,10,10,0,0,0,0,0,0,19746783231,20132659199,20149436415,19656733083.45,20348
1782779296,0,12019675,0,8718.03,23622.29,9494527,10519314431,17179869183,19662897151,21458059263,217088,22666018815,9593412502.72,7692659154.73,12019675,10,10,10,0,0,0,0,0,0,20904411135,20921188351,20921188351,20669215925.28,23629
1782779297,0,12058780,0,8740.05,39101.01,9699327,10586423295,17196646399,19662897151,21458059263,217088,22666018815,9625137729.05,7700298957.42,12058780,10,10,10,0,0,0,0,0,0,19428016127,19662897151,19662897151,19376497139.63,39105
1782779298,0,12093420,0,8758.81,34635.69,9912319,10628366335,17213423615,19713228799,21458059263,217088,22666018815,9653826207.68,7707883899.18,12093420,10,10,10,0,0,0,0,0,0,19780337663,19847446527,19847446527,19640779221.20,34640
1782779299,0,12121250,0,8772.61,27833.40,10076159,10695475199,17230200831,19763560447,21458059263,217088,22666018815,9677950887.86,7715438121.68,12121250,10,10,10,0,0,0,0,0,0,20132659199,20266876927,20266876927,20161238340.46,27830
1782779300,0,12151487,0,8788.13,30220.50,10289151,10754195455,17246978047,19780337663,21458059263,217088,22666018815,9702671787.06,7721849055.02,12151487,10,10,10,0,0,0,0,0,0,19058917375,20803747839,20820525055,19612656223.15,30237
1782779301,0,12175350,0,8799.03,23863.80,10493951,10796138495,17263755263,19780337663,21458059263,217088,22666018815,9721861788.95,7726430801.96,12175350,10,10,10,0,0,0,0,0,0,19377684479,19780337663,19780337663,19493770539.22,23863
1782779302,0,12204310,0,8813.59,28987.08,10756095,10829692927,17280532479,19813892095,21458059263,217088,22666018815,9746085964.47,7733268707.91,12204310,10,10,10,0,0,0,0,0,0,20115881983,20367540223,20367540223,19930402793.37,28960
1782779303,0,12213902,0,8814.15,9585.06,10838015,10838081535,17280532479,19813892095,21458059263,217088,22666018815,9753688207.54,7734993124.22,12213902,10,10,10,0,0,0,0,0,0,19730006015,19813892095,19813892095,19426345752.55,9592
1782779304,0,12233600,0,8822.00,19693.50,11034623,10863247359,17297309695,19830669311,21458059263,217088,22666018815,9770108852.64,7739575230.19,12233600,10,10,10,0,0,0,0,0,0,19881000959,20199768063,20216545279,19951860806.80,19698
1782779305,0,12250970,0,8828.16,17378.57,11214847,10888413183,17314086911,19864223743,21458059263,217088,22666018815,9786437585.51,7746217503.19,12250970,10,10,10,0,0,0,0,0,0,21273509887,21424504831,21441282047,21286678602.04,17370
1782779306,0,12278658,0,8841.75,27700.48,11534335,10905190399,17330864127,19864223743,21458059263,217088,22666018815,9808302676.86,7751296176.10,12278658,10,10,10,0,0,0,0,0,0,19092471807,21491613695,21491613695,19482839595.64,27688
1782779307,0,12311556,0,8859.05,32885.47,12025855,10938744831,17347641343,19864223743,21458059263,217088,22666018815,9833785306.49,7756579741.96,12311556,10,10,10,0,0,0,0,0,0,19344130047,19763560447,19780337663,19344773638.69,32898
1782779308,0,12335930,0,8870.21,24372.07,12419071,10980687871,17364418559,19931332607,21458059263,217088,22666018815,9853733125.84,7761891329.32,12335930,10,10,10,0,0,0,0,0,0,20132659199,20166213631,20166213631,19929580134.38,24374
1782779309,0,12347010,0,8871.80,11079.11,12615679,11031019519,17381195775,19964887039,21458059263,217088,22666018815,9862785635.00,7764287582.46,12347010,10,10,10,0,0,0,0,0,0,20065550335,20065550335,20082327551,19941406508.55,11080
1782779310,0,12377893,0,8887.60,30885.85,13197311,11072962559,17397972991,20065550335,21458059263,217088,22666018815,9889793394.03,7773386532.40,12377893,10,10,10,0,0,0,0,0,0,20786970623,20971519999,20971519999,20687483737.72,30883
1782779311,0,12407380,0,8902.38,29476.17,13787135,11223957503,17414750207,20082327551,21458059263,217088,22666018815,9914961838.39,7781286511.51,12407380,10,10,10,0,0,0,0,0,0,20216545279,21172846591,21172846591,20480034964.98,29487
1782779312,0,12448520,0,8925.50,41156.73,14843903,11265900543,17431527423,20099104767,21458059263,217088,22666018815,9950191629.70,7792483588.77,12448520,10,10,10,0,0,0,0,0,0,20552089599,20870856703,20887633919,20575116471.69,41140
1782779313,0,12479580,0,8941.35,31058.17,15908863,11333009407,17448304639,20132659199,21458059263,217088,22666018815,9977047780.92,7801333309.01,12479580,10,10,10,0,0,0,0,0,0,20854079487,20921188351,20921188351,20740709584.49,31060
1782779314,0,12526119,0,8968.27,46518.25,18202623,11383341055,17481859071,20166213631,21474836479,217088,22666018815,10017923567.15,7815666919.70,12526119,10,10,10,0,0,0,0,0,0,21407727615,21508390911,21508390911,20978894887.65,46539
1782779315,0,12561447,0,8987.13,35328.85,20856831,11458838527,17515413503,20199768063,21474836479,217088,22666018815,10046347488.69,7823007259.89,12561447,10,10,10,0,0,0,0,0,0,20048773119,20535312383,20535312383,20124512790.26,35328
1782779316,0,12636610,0,9034.44,75171.38,34045951,11702108159,17532190719,20199768063,21474836479,217088,22666018815,10097129216.48,7827948961.05,12636610,10,10,10,0,0,0,0,0,0,18975031295,20552089599,20552089599,18583911038.98,75163
1782779317,0,12683632,0,9061.58,47032.18,110886911,11685330943,17532190719,20199768063,21474836479,217088,22666018815,10100035921.74,7814960476.83,12683632,10,10,10,0,0,0,0,0,0,11005853695,14571012095,14923333631,10881178807.93,47022
1782779318,0,12721310,0,9082.01,37666.00,128778239,11584667647,17532190719,20199768063,21474836479,217088,22666018815,10078874666.89,7813818399.01,12721310,10,10,10,0,0,0,0,0,0,2919235583,6182404095,6488588287,2955312662.83,37678
1782779319,0,12726310,0,9079.10,5000.54,116195327,11567890431,17532190719,20199768063,21474836479,217088,22666018815,10074915557.87,7814835258.35,12726310,10,10,10,0,0,0,0,0,0,1668095,3872767,4825087,1904924.47,5000
1782779320,0,12731310,0,9076.20,5003.64,99221503,11551113215,17532190719,20199768063,21474836479,217088,22666018815,10070959580.49,7815849155.52,12731310,10,10,10,0,0,0,0,0,0,1680383,3946495,5201919,1960680.45,5000
1782779321,0,12736310,0,9073.29,4995.12,45776895,11525947391,17532190719,20199768063,21474836479,217088,22666018815,10067006741.34,7816860084.15,12736310,10,10,10,0,0,0,0,0,0,1783807,4141055,6221823,2042625.82,5000
1782779322,0,12741310,0,9070.39,5000.22,38469631,11484004351,17532190719,20199768063,21474836479,217088,22666018815,10063057051.30,7817868032.38,12741310,10,10,10,0,0,0,0,0,0,1995775,4079615,5382143,2161702.58,5000
1782779323,0,12746310,0,9067.49,5002.64,32686079,11475615743,17515413503,20199768063,21474836479,217088,22666018815,10059110443.92,7818873087.85,12746310,10,10,10,0,0,0,0,0,0,1902591,4378623,5615615,2120831.87,5000
1782779324,0,12751311,0,9064.61,5003.23,29573119,11467227135,17515413503,20199768063,21474836479,217088,22666018815,10055166103.56,7819875487.74,12751311,10,10,10,0,0,0,0,0,0,1738751,3885055,6340607,2019732.48,5001
1782779325,0,12756310,0,9061.72,4998.65,26247167,11450449919,17515413503,20199768063,21474836479,217088,22666018815,10051226371.74,7820874663.99,12756310,10,10,10,0,0,0,0,0,0,1643519,3571711,5005311,1867358.20,4999
1782779326,0,12761310,0,9058.83,4998.11,23511039,11442061311,17515413503,20199768063,21474836479,217088,22666018815,10047289061.91,7821870989.54,12761310,10,10,10,0,0,0,0,0,0,1923071,4329471,6234111,2180107.96,5000
1782779327,0,12766311,0,9055.95,5000.91,21807103,11442061311,17515413503,20199768063,21474836479,217088,22666018815,10043353966.27,7822864734.03,12766311,10,10,10,0,0,0,0,0,0,1779711,3760127,5197823,1967175.03,5001
1782779328,0,12771319,0,9053.08,5006.46,20398079,11425284095,17515413503,20182990847,21474836479,217088,22666018815,10039416435.01,7823857002.57,12771319,10,10,10,0,0,0,0,0,0,1797119,3438591,4468735,1926701.65,5008
1782779329,0,12776310,0,9050.21,4992.15,19283967,11416895487,17515413503,20182990847,21474836479,217088,22666018815,10035495264.78,7824843132.68,12776310,10,10,10,0,0,0,0,0,0,1479679,3452927,4861951,1731319.00,4991
1782779330,0,12781310,0,9047.34,5001.12,18219007,11391729663,17515413503,20182990847,21474836479,217088,22666018815,10031570180.02,7825828066.85,12781310,10,10,10,0,0,0,0,0,0,1798143,3739647,4788223,1950242.53,5000
1782779331,0,12786310,0,9044.47,4996.79,17432575,11391729663,17515413503,20182990847,21474836479,217088,22666018815,10027648185.28,7826810114.87,12786310,10,10,10,0,0,0,0,0,0,1790975,4016127,5320703,2002049.36,5000
1782779332,0,12791310,0,9041.62,5004.04,16621567,11383341055,17515413503,20182990847,21474836479,217088,22666018815,10023729278.54,7827789281.34,12791310,10,10,10,0,0,0,0,0,0,1851391,3891199,5042175,2058003.01,5000
1782779333,0,12796310,0,9038.76,4998.18,15982591,11383341055,17515413503,20182990847,21474836479,217088,22666018815,10019813402.90,7828765641.09,12796310,10,10,10,0,0,0,0,0,0,1765375,3813375,5541887,1977559.32,5000
1782779334,0,12801310,0,9035.91,5001.30,15400959,11374952447,17515413503,20182990847,21474836479,217088,22666018815,10015900638.33,7829739093.75,12801310,10,10,10,0,0,0,0,0,0,1876991,4069375,5451775,2110945.87,5000
1782779335,0,12806315,0,9033.07,5006.16,14917631,11374952447,17515413503,20182990847,21474836479,217088,22666018815,10011986912.63,7830710820.22,12806315,10,10,10,0,0,0,0,0,0,1685503,3563519,4861951,1833899.17,5005
1782779336,0,12811310,0,9030.22,4992.91,14491647,11366563839,17515413503,20182990847,21474836479,217088,22666018815,10008084078.91,7831677750.38,12811310,10,10,10,0,0,0,0,0,0,1693695,3663871,5263359,1894282.38,4995
1782779337,0,12816311,0,9027.38,5000.19,14106623,11358175231,17515413503,20182990847,21474836479,217088,22666018815,10004179583.06,7832643049.31,12816311,10,10,10,0,0,0,0,0,0,1588223,3848191,5107711,1838686.39,5001
1782779338,0,12821310,0,9024.55,4998.76,13762559,11349786623,17515413503,20182990847,21474836479,217088,22666018815,10000279766.28,7833605054.40,12821310,10,10,10,0,0,0,0,0,0,1836031,3839999,6053887,2027185.80,4999
1782779339,0,12826310,0,9021.72,5001.54,13418495,11341398015,17498636287,20182990847,21474836479,217088,22666018815,9996382186.28,7834564474.75,12826310,10,10,10,0,0,0,0,0,0,1704959,4182015,5349375,1965895.27,5000
1782779340,0,12831310,0,9018.89,4996.97,13164543,11341398015,17498636287,20182990847,21474836479,217088,22666018815,9992487691.06,7835521033.35,12831310,10,10,10,0,0,0,0,0,0,1893375,3966975,6246399,2087090.33,5000
1782779341,0,12836310,0,9016.07,5000.14,12886015,11333009407,17498636287,20182990847,21474836479,217088,22666018815,9988596163.56,7836474881.35,12836310,10,10,10,0,0,0,0,0,0,1674239,3852287,4882431,1917041.72,5000
1782779342,0,12841321,0,9013.26,5015.18,12607487,11324620799,17498636287,20182990847,21474836479,217088,22666018815,9984699138.39,7837428000.30,12841321,10,10,10,0,0,0,0,0,0,1804287,3690495,5136383,1976485.29,5011
1782779343,0,12846310,0,9010.43,4986.01,12345343,11316232191,17498636287,20166213631,21474836479,217088,22666018815,9980822197.15,7838374216.59,12846310,10,10,10,0,0,0,0,0,0,1610751,3803135,5042175,1859097.19,4989
1782779344,0,12851310,0,9007.63,5001.84,12099583,11299454975,17498636287,20166213631,21474836479,217088,22666018815,9976939764.53,7839319699.59,12851310,10,10,10,0,0,0,0,0,0,1803263,3653631,5701631,1953152.84,5000
1782779345,0,12856311,0,9004.82,5002.33,11853823,11291066367,17498636287,20166213631,21474836479,217088,22666018815,9973059607.84,7840262560.98,12856311,10,10,10,0,0,0,0,0,0,1780735,4143103,5246975,2034518.25,5001
1782779346,0,12861310,0,9002.02,4998.46,11632639,11274289151,17498636287,20166213631,21474836479,217088,22666018815,9969184042.84,7841202251.86,12861310,10,10,10,0,0,0,0,0,0,1953791,3631103,4898815,2096851.88,4999
1782779347,0,12866310,0,8999.22,5000.61,11444223,11265900543,17481859071,20166213631,21474836479,217088,22666018815,9965310693.13,7842139402.02,12866310,10,10,10,0,0,0,0,0,0,1760255,4104191,5607423,2040409.34,5000
1782779348,0,12871310,0,8996.42,4999.33,11272191,11265900543,17481859071,20166213631,21474836479,217088,22666018815,9961440325.61,7843073835.99,12871310,10,10,10,0,0,0,0,0,0,1751039,3825663,4898815,1970659.53,5000
1782779349,0,12876315,0,8993.63,5001.92,11116543,11257511935,17481859071,20166213631,21474836479,217088,22666018815,9957569160.07,7844006377.19,12876315,10,10,10,0,0,0,0,0,0,1816575,4370431,6201343,2130253.06,5005
1782779350,0,12881333,0,8990.86,5021.68,10960895,11249123327,17481859071,20166213631,21474836479,217088,22666018815,9953690945.71,7844938603.99,12881333,10,10,10,0,0,0,0,0,0,1825791,4186111,5492735,2094739.36,5018
1782779351,0,12886310,0,8988.06,4974.34,10821631,11249123327,17481859071,20166213631,21474836479,217088,22666018815,9949847389.34,7845860512.33,12886310,10,10,10,0,0,0,0,0,0,1873919,3960831,6119423,2061672.39,4977
1782779352,0,12891310,0,8985.28,5001.57,10674175,11240734719,17481859071,20166213631,21474836479,217088,22666018815,9945989084.91,7846783929.33,12891310,10,10,10,0,0,0,0,0,0,1874943,4198399,5877759,2127699.74,5000
1782779353,0,12896310,0,8982.50,5001.28,10543103,11240734719,17481859071,20166213631,21474836479,217088,22666018815,9942133768.78,7847704631.46,12896310,10,10,10,0,0,0,0,0,0,1825791,4329471,6000639,2118695.55,5000
1782779354,0,12901314,0,8979.73,5000.54,10412031,11232346111,17481859071,20166213631,21474836479,217088,22666018815,9938278296.59,7848623434.46,12901314,10,10,10,0,0,0,0,0,0,1731583,3919871,5214207,1954441.44,5004
1782779355,0,12906310,0,8976.96,4998.34,10289151,11223957503,17481859071,20166213631,21474836479,217088,22666018815,9934431965.07,7849538070.81,12906310,10,10,10,0,0,0,0,0,0,1700863,4177919,5181439,1939830.39,4996
1782779356,0,12911310,0,8974.20,5000.19,10190847,11223957503,17481859071,20166213631,21474836479,217088,22666018815,9930585634.50,7850450612.84,12911310,10,10,10,0,0,0,0,0,0,1946623,4382719,6586367,2198706.00,5000
1782779357,0,12916313,0,8971.44,5000.61,10084351,11215568895,17481859071,20166213631,21474836479,217088,22666018815,9926739941.60,7851361049.79,12916313,10,10,10,0,0,0,0,0,0,1914879,4046847,5038079,2108074.06,5003
1782779358,0,12917770,0,8966.22,1457.14,10051583,11215568895,17481859071,20166213631,21474836479,217088,22666018815,9925620545.62,7851625676.97,12917770,10,10,10,0,0,0,0,0,0,1939455,4542463,5611519,2169058.66,1457
1782779359,0,12917770,0,8960.00,0.00,10051583,11215568895,17481859071,20166213631,21474836479,217088,22666018815,9925620545.62,7851625676.97,12917770,10,10,10,0,0,0,0,0,0,0,0,0,0.00,0
1782779360,0,12917770,0,8953.80,0.00,10051583,11215568895,17481859071,20166213631,21474836479,217088,22666018815,9925620545.62,7851625676.97,12917770,10,10,10,0,0,0,0,0,0,0,0,0,0.00,0
1782779361,0,12917770,0,8947.59,0.00,10051583,11215568895,17481859071,20166213631,21474836479,217088,22666018815,9925620545.62,7851625676.97,12917770,10,10,10,0,0,0,0,0,0,0,0,0,0.00,0
1782779362,0,12917770,0,8941.40,0.00,10051583,11215568895,17481859071,20166213631,21474836479,217088,22666018815,9925620545.62,7851625676.97,12917770,10,10,10,0,0,0,0,0,0,0,0,0,0.00,0
