nohup: ignoring input
[17:15:37] Append phase offset: 0s
[17:15:37] Fan-out bursty-load benchmark -> /home/cc/hpcc/mq-bench/results/ben/non-mqtt
[17:15:37] Resolved: SUMMARY_CSV=/home/cc/hpcc/mq-bench/results/ben/non-mqtt/raw_data/summary_by_phase.csv | PLOTS_DIR=/home/cc/hpcc/mq-bench/results/ben/non-mqtt/plots | RAW_DIR=/home/cc/hpcc/mq-bench/results/ben/non-mqtt/raw_data
[17:15:37] Resolved payload=64B subs=1000 pubs=10 duration=1440s profile=warmup:60:20,baseline:60:20,burst:60:50,recovery:60:20,burst:60:100,recovery:60:20,burst:60:200,recovery:60:20,burst:60:300,recovery:60:20,burst:60:500,recovery:60:20,burst:60:1000,recovery:60:20,burst:60:2000,recovery:60:20,burst:60:4000,recovery:60:20,burst:60:6000,recovery:60:20,burst:60:8000,recovery:60:20,burst:60:10000,recovery:60:20
[17:15:37] Inter-run cooldown: 120s (use --cooldown-sec N or --interval-sec N to override)
Controlled fan-out configuration:
Total subscribers: 1000
Subscribers per publisher/topic: 100
Publishers/topics: 10
Effective fan-out ratio: 1:100
Expected delivery target per phase:
  warmup:60s rate 20 msg/s/pub -> 20,000 delivered msg/s
  baseline:60s rate 20 msg/s/pub -> 20,000 delivered msg/s
  burst:60s rate 50 msg/s/pub -> 50,000 delivered msg/s
  recovery:60s rate 20 msg/s/pub -> 20,000 delivered msg/s
  burst:60s rate 100 msg/s/pub -> 100,000 delivered msg/s
  recovery:60s rate 20 msg/s/pub -> 20,000 delivered msg/s
  burst:60s rate 200 msg/s/pub -> 200,000 delivered msg/s
  recovery:60s rate 20 msg/s/pub -> 20,000 delivered msg/s
  burst:60s rate 300 msg/s/pub -> 300,000 delivered msg/s
  recovery:60s rate 20 msg/s/pub -> 20,000 delivered msg/s
  burst:60s rate 500 msg/s/pub -> 500,000 delivered msg/s
  recovery:60s rate 20 msg/s/pub -> 20,000 delivered msg/s
  burst:60s rate 1,000 msg/s/pub -> 1,000,000 delivered msg/s
  recovery:60s rate 20 msg/s/pub -> 20,000 delivered msg/s
  burst:60s rate 2,000 msg/s/pub -> 2,000,000 delivered msg/s
  recovery:60s rate 20 msg/s/pub -> 20,000 delivered msg/s
  burst:60s rate 4,000 msg/s/pub -> 4,000,000 delivered msg/s
  recovery:60s rate 20 msg/s/pub -> 20,000 delivered msg/s
  burst:60s rate 6,000 msg/s/pub -> 6,000,000 delivered msg/s
  recovery:60s rate 20 msg/s/pub -> 20,000 delivered msg/s
  burst:60s rate 8,000 msg/s/pub -> 8,000,000 delivered msg/s
  recovery:60s rate 20 msg/s/pub -> 20,000 delivered msg/s
  burst:60s rate 10,000 msg/s/pub -> 10,000,000 delivered msg/s
  recovery:60s rate 20 msg/s/pub -> 20,000 delivered msg/s
[17:15:39] [remote] ubuntu@192.168.0.251: cd /home/ubuntu && docker compose down
 Container emqx Stopping 
 Container artemis Stopping 
 Container redis Stopping 
 Container rabbitmq Stopping 
 Container mosquitto Stopping 
 Container router1 Stopping 
 Container hivemq Stopping 
 Container nats Stopping 
 Container router1 Stopped 
 Container router1 Removing 
 Container nats Stopped 
 Container nats Removing 
 Container nats Removed 
 Container router1 Removed 
 Container mosquitto Stopped 
 Container mosquitto Removing 
 Container mosquitto Removed 
 Container redis Stopped 
 Container redis Removing 
 Container redis Removed 
 Container artemis Stopped 
 Container artemis Removing 
 Container artemis Removed 
 Container rabbitmq Stopped 
 Container rabbitmq Removing 
 Container rabbitmq Removed 
 Container emqx Stopped 
 Container emqx Removing 
 Container emqx Removed 
 Container hivemq Stopped 
 Container hivemq Removing 
 Container hivemq Removed 
 Network ubuntu_default Removing 
 Network ubuntu_default Removed 
[17:15:55] [remote] ubuntu@192.168.0.251: cd /home/ubuntu && docker compose up -d redis
 Network ubuntu_default Creating 
 Network ubuntu_default Creating 
 Network ubuntu_default Created 
 Network ubuntu_default Created 
 Container redis Creating 
 Container redis Created 
 Container redis Starting 
 Container redis Started 
[17:16:02] Waiting for 192.168.0.251:6379...
[17:16:02] Port 192.168.0.251:6379 is open.
[17:16:04] Starting remote stats collector on ubuntu@192.168.0.251 for 1515s...
[17:16:04] Run: transport=redis subs=1000 pubs=10 payload=64B profile=warmup:60:20,baseline:60:20,burst:60:50,recovery:60:20,burst:60:100,recovery:60:20,burst:60:200,recovery:60:20,burst:60:300,recovery:60:20,burst:60:500,recovery:60:20,burst:60:1000,recovery:60:20,burst:60:2000,recovery:60:20,burst:60:4000,recovery:60:20,burst:60:6000,recovery:60:20,burst:60:8000,recovery:60:20,burst:60:10000,recovery:60:20
[run_fanout] Run ID: fanout_bursty_20260928_171604_redis_p64_s1000_u10_bursty | ENGINE=redis | PUBS=10 SUBS=1000 SUB_RAMP_UP_SECS=60 RATE_PROFILE=warmup:60:20,baseline:60:20,burst:60:50,recovery:60:20,burst:60:100,recovery:60:20,burst:60:200,recovery:60:20,burst:60:300,recovery:60:20,burst:60:500,recovery:60:20,burst:60:1000,recovery:60:20,burst:60:2000,recovery:60:20,burst:60:4000,recovery:60:20,burst:60:6000,recovery:60:20,burst:60:8000,recovery:60:20,burst:60:10000,recovery:60:20 DURATION=1440s
[build] Building release binary...
   Compiling proc-macro2 v1.0.101
   Compiling unicode-ident v1.0.18
   Compiling cfg-if v1.0.3
   Compiling libc v0.2.175
   Compiling serde_core v1.0.228
   Compiling serde v1.0.228
   Compiling version_check v0.9.5
   Compiling autocfg v1.5.0
   Compiling zerocopy v0.8.27
   Compiling memchr v2.7.5
   Compiling pin-project-lite v0.2.16
   Compiling scopeguard v1.2.0
   Compiling zeroize v1.8.1
   Compiling once_cell v1.21.3
   Compiling subtle v2.6.1
   Compiling futures-core v0.3.31
   Compiling smallvec v1.15.1
   Compiling log v0.4.28
   Compiling typenum v1.18.0
   Compiling futures-io v0.3.31
   Compiling shlex v1.3.0
   Compiling find-msvc-tools v0.1.1
   Compiling thiserror v2.0.17
   Compiling slab v0.4.11
   Compiling getrandom v0.3.3
   Compiling const-oid v0.9.6
   Compiling libm v0.2.15
   Compiling futures-sink v0.3.31
   Compiling itoa v1.0.15
   Compiling parking_lot_core v0.9.11
   Compiling crossbeam-utils v0.8.21
   Compiling dunce v1.0.5
   Compiling fs_extra v1.3.0
   Compiling ryu v1.0.20
   Compiling ref-cast v1.0.24
   Compiling aws-lc-rs v1.14.0
   Compiling untrusted v0.9.0
   Compiling serde_json v1.0.145
   Compiling equivalent v1.0.2
   Compiling paste v1.0.15
   Compiling rustls v0.23.31
   Compiling anyhow v1.0.100
   Compiling minimal-lexical v0.2.1
   Compiling powerfmt v0.2.0
   Compiling time-core v0.1.6
   Compiling num-conv v0.1.0
   Compiling futures-task v0.3.31
   Compiling pin-utils v0.1.0
   Compiling stable_deref_trait v1.2.0
   Compiling parking v2.2.1
   Compiling openssl-probe v0.1.6
   Compiling allocator-api2 v0.2.21
   Compiling data-encoding v2.9.0
   Compiling dyn-clone v1.0.20
   Compiling typeid v1.0.3
   Compiling cpufeatures v0.2.17
   Compiling syn v1.0.109
   Compiling either v1.15.0
   Compiling foldhash v0.2.0
   Compiling oid-registry v0.8.1
   Compiling base64ct v1.8.0
   Compiling zenoh-macros v1.7.0
   Compiling cfg_aliases v0.2.1
   Compiling ucd-trie v0.1.7
   Compiling regex-syntax v0.8.6
   Compiling flagset v0.4.7
   Compiling strsim v0.11.1
   Compiling unicode-xid v0.2.6
   Compiling fnv v1.0.7
   Compiling ident_case v1.0.1
   Compiling semver v1.0.26
   Compiling option-ext v0.2.0
   Compiling fastrand v2.3.0
   Compiling litemap v0.8.0
   Compiling humantime v2.3.0
   Compiling foldhash v0.1.5
   Compiling base64 v0.22.1
   Compiling writeable v0.6.1
   Compiling icu_normalizer_data v2.0.0
   Compiling icu_properties_data v2.0.1
   Compiling no-std-net v0.6.0
   Compiling spin v0.10.0
   Compiling siphasher v1.0.1
   Compiling nu-ansi-term v0.50.1
   Compiling home v0.5.11
   Compiling unsafe-libyaml v0.2.11
   Compiling rustix v1.1.2
   Compiling tinyvec_macros v0.1.1
   Compiling linux-raw-sys v0.11.0
   Compiling lru-slab v0.1.2
   Compiling rustc-hash v2.1.1
   Compiling percent-encoding v2.3.2
   Compiling utf8_iter v1.0.4
   Compiling thiserror v1.0.69
   Compiling byteorder v1.5.0
   Compiling hashbrown v0.15.5
   Compiling winnow v0.7.13
   Compiling httparse v1.10.1
   Compiling toml_datetime v0.7.3
   Compiling arc-swap v1.7.1
   Compiling async-task v4.7.1
   Compiling rustversion v1.0.22
   Compiling stabby-macros v72.1.1
   Compiling utf-8 v0.7.6
   Compiling atomic-waker v1.1.2
   Compiling cookie-factory v0.3.3
   Compiling crc32fast v1.5.0
   Compiling hex v0.4.3
   Compiling num-bigint-dig v0.8.4
   Compiling keccak v0.1.5
   Compiling stabby v72.1.1
   Compiling utf8parse v0.2.2
   Compiling simd-adler32 v0.3.8
   Compiling sha2-const-stable v0.1.0
   Compiling adler2 v2.0.1
   Compiling array-init v2.1.0
   Compiling portable-atomic v1.11.1
   Compiling twox-hash v2.1.2
   Compiling anstyle-query v1.1.4
   Compiling anstyle v1.0.11
   Compiling colorchoice v1.0.4
   Compiling fixedbitset v0.5.7
   Compiling amq-protocol v8.3.1
   Compiling is_terminal_polyfill v1.70.1
   Compiling lapin v3.7.2
   Compiling heck v0.5.0
   Compiling clap_lex v0.7.5
   Compiling vec_map v0.8.2
   Compiling xxhash-rust v0.8.15
   Compiling iana-time-zone v0.1.63
   Compiling sha1_smol v1.0.1
   Compiling base64 v0.21.7
   Compiling arcstr v1.2.0
   Compiling lock_api v0.4.13
   Compiling generic-array v0.14.7
   Compiling num-traits v0.2.19
   Compiling rustls-pki-types v1.12.0
   Compiling tracing-core v0.1.35
   Compiling ahash v0.8.12
   Compiling time-macros v0.2.24
   Compiling nom v7.1.3
   Compiling futures-channel v0.3.31
   Compiling hashbrown v0.16.0
   Compiling pem-rfc7468 v0.7.0
   Compiling aho-corasick v1.1.3
   Compiling thread_local v1.1.9
   Compiling pnet_base v0.35.0
   Compiling quinn-udp v0.5.14
   Compiling libloading v0.8.9
   Compiling futures-lite v2.6.1
   Compiling tinyvec v1.10.0
   Compiling quinn v0.11.9
   Compiling form_urlencoded v1.2.2
   Compiling nix v0.29.0
   Compiling nom v8.0.0
   Compiling piper v0.2.4
   Compiling anstyle-parse v0.2.7
   Compiling backon v1.6.0
   Compiling phf_shared v0.13.1
   Compiling csv-core v0.1.12
   Compiling itertools v0.14.0
   Compiling miniz_oxide v0.8.9
   Compiling lz4_flex v0.11.5
   Compiling indexmap v2.11.1
   Compiling rustls-native-certs v0.8.1
   Compiling rustls-pemfile v2.2.0
   Compiling webpki-roots v1.0.4
   Compiling anstream v0.6.20
   Compiling tracing-log v0.2.0
   Compiling rustc_version v0.4.1
   Compiling zenoh-result v1.7.0
   Compiling rustls-native-certs v0.7.3
   Compiling phf_generator v0.13.1
   Compiling token-cell v2.0.0
   Compiling spin v0.9.8
   Compiling quote v1.0.40
   Compiling curve25519-dalek v4.1.3
   Compiling stabby-abi v72.1.1
   Compiling zenoh v1.7.0
   Compiling clap_builder v4.5.53
   Compiling concurrent-queue v2.5.0
   Compiling crossbeam-channel v0.5.15
   Compiling crossbeam-epoch v0.9.18
   Compiling crossbeam-queue v0.3.12
   Compiling lazy_static v1.5.0
   Compiling syn v2.0.111
   Compiling sharded-slab v0.1.7
   Compiling const_format_proc_macros v0.2.34
   Compiling jobserver v0.1.34
   Compiling getrandom v0.2.16
   Compiling flate2 v1.1.5
   Compiling event-listener v5.4.1
   Compiling rand_core v0.6.4
   Compiling crossbeam-deque v0.8.6
   Compiling async-executor v1.13.3
   Compiling cc v1.2.36
   Compiling event-listener-strategy v0.5.4
   Compiling async-lock v3.4.1
   Compiling async-channel v2.5.0
   Compiling crossbeam v0.8.4
   Compiling ringbuffer-spsc v0.1.15
   Compiling blocking v1.6.2
   Compiling const_format v0.2.34
   Compiling crypto-common v0.1.6
   Compiling block-buffer v0.10.4
   Compiling block-padding v0.3.3
   Compiling toml_parser v1.0.4
   Compiling inout v0.1.4
   Compiling digest v0.10.7
   Compiling cipher v0.4.4
   Compiling regex-automata v0.4.10
   Compiling sha1 v0.10.6
   Compiling hmac v0.12.1
   Compiling sha2 v0.10.9
   Compiling sha3 v0.10.8
   Compiling petgraph v0.8.3
   Compiling socket2 v0.6.0
   Compiling mio v1.0.4
   Compiling signal-hook-registry v1.4.6
   Compiling dirs-sys v0.5.0
   Compiling pnet_sys v0.35.0
   Compiling num_cpus v1.17.0
   Compiling socket2 v0.5.10
   Compiling pbkdf2 v0.12.2
   Compiling aes v0.8.4
   Compiling salsa20 v0.10.2
   Compiling cbc v0.1.2
   Compiling rc2 v0.8.1
   Compiling des v0.8.1
   Compiling toml_edit v0.23.5
   Compiling rand_core v0.9.3
   Compiling uuid v1.19.0
   Compiling nanorand v0.7.0
   Compiling dirs v6.0.0
   Compiling ppv-lite86 v0.2.21
   Compiling rusticata-macros v4.1.0
   Compiling cmake v0.1.54
   Compiling parking_lot v0.12.4
   Compiling num-integer v0.1.46
   Compiling hdrhistogram v7.5.4
   Compiling shellexpand v3.1.1
   Compiling scrypt v0.11.0
   Compiling hashbrown v0.14.5
   Compiling signature v2.2.0
   Compiling flume v0.11.1
   Compiling ring v0.17.14
   Compiling ed25519 v2.2.3
   Compiling aws-lc-sys v0.31.0
   Compiling num-bigint v0.4.6
   Compiling num-iter v0.1.45
   Compiling rand_chacha v0.3.1
   Compiling zenoh-collections v1.7.0
   Compiling rand v0.8.5
   Compiling rand_chacha v0.9.0
   Compiling proc-macro-crate v3.4.0
   Compiling zenoh-buffers v1.7.0
   Compiling keyed-set v1.1.0
   Compiling rand v0.9.2
   Compiling csv v1.4.0
   Compiling fastbloom v0.14.0
   Compiling zenoh-crypto v1.7.0
   Compiling nuid v0.5.0
   Compiling unzip-n v0.1.2
   Compiling synstructure v0.13.2
   Compiling serde_derive_internals v0.29.1
   Compiling darling_core v0.21.3
   Compiling serde_derive v1.0.228
   Compiling thiserror-impl v2.0.17
   Compiling displaydoc v0.2.5
   Compiling tokio-macros v2.6.0
   Compiling tracing-attributes v0.1.31
   Compiling ref-cast-impl v1.0.24
   Compiling async-trait v0.1.89
   Compiling futures-macro v0.3.31
   Compiling asn1-rs-impl v0.2.0
   Compiling zerovec-derive v0.11.1
   Compiling der_derive v0.7.3
   Compiling validated_struct_macros v2.2.0
   Compiling thiserror-impl v1.0.69
   Compiling curve25519-dalek-derive v0.1.1
   Compiling git-version-macro v0.3.9
   Compiling pin-project-internal v1.1.10
   Compiling phf_macros v0.13.1
   Compiling serde_repr v0.1.20
   Compiling clap_derive v4.5.49
   Compiling zerofrom-derive v0.1.6
   Compiling yoke-derive v0.8.0
   Compiling asn1-rs-derive v0.6.0
   Compiling schemars_derive v1.1.0
   Compiling git-version v0.3.9
   Compiling phf v0.13.1
   Compiling futures-util v0.3.31
   Compiling executor-trait v2.1.2
   Compiling executor-trait v3.1.0
   Compiling matchers v0.2.0
   Compiling regex v1.11.2
   Compiling der v0.7.10
   Compiling zerofrom v0.1.6
   Compiling pin-project v1.1.10
   Compiling tracing v0.1.43
   Compiling yoke v0.8.0
   Compiling pest v2.8.1
   Compiling zerovec v0.11.4
   Compiling zerotrie v0.2.2
   Compiling ed25519-dalek v2.2.0
   Compiling clap v4.5.53
   Compiling darling_macro v0.21.3
   Compiling darling v0.21.3
   Compiling serde_with_macros v3.16.1
   Compiling spki v0.7.3
   Compiling x509-cert v0.2.5
   Compiling pkcs8 v0.10.2
   Compiling pkcs5 v0.7.1
   Compiling pest_meta v2.8.1
   Compiling tinystr v0.8.1
   Compiling potential_utf v0.1.3
   Compiling pkcs1 v0.7.5
   Compiling signatory v0.27.1
   Compiling icu_collections v2.0.0
   Compiling icu_locale_core v2.0.0
   Compiling nkeys v0.4.5
   Compiling serde_with v3.16.1
   Compiling rsa v0.9.9
   Compiling schemars v1.1.0
   Compiling bitflags v2.9.4
   Compiling bytes v1.11.0
   Compiling deranged v0.5.3
   Compiling uhlc v0.8.1
   Compiling ipnetwork v0.20.0
   Compiling tracing-serde v0.2.0
   Compiling secrecy v0.8.0
   Compiling serde_yaml v0.9.34+deprecated
   Compiling nonempty-collections v0.3.1
   Compiling amq-protocol-types v8.3.1
   Compiling serde_nanos v0.1.4
   Compiling pest_generator v2.8.1
   Compiling chrono v0.4.42
   Compiling tracing-subscriber v0.3.22
   Compiling ron v0.12.0
   Compiling pnet_datalink v0.35.0
   Compiling icu_provider v2.0.0
   Compiling icu_normalizer v2.0.0
   Compiling icu_properties v2.0.1
   Compiling pest_derive v2.8.1
   Compiling tokio v1.48.0
   Compiling http v1.3.1
   Compiling zenoh-keyexpr v1.7.0
   Compiling futures-executor v0.3.31
   Compiling json5 v0.4.1
   Compiling futures v0.3.31
   Compiling cms v0.2.3
   Compiling validated_struct v2.2.0
   Compiling time v0.3.43
   Compiling idna_adapter v1.2.1
   Compiling idna v1.1.0
   Compiling tungstenite v0.24.0
   Compiling pkcs12 v0.1.0
   Compiling url v2.5.7
   Compiling rustls-webpki v0.102.8
   Compiling zenoh-protocol v1.7.0
   Compiling amq-protocol-uri v8.3.1
   Compiling zenoh-codec v1.7.0
   Compiling asn1-rs v0.7.1
   Compiling polling v3.10.0
   Compiling async-io v2.5.0
   Compiling der-parser v10.0.0
   Compiling reactor-trait v3.1.1
   Compiling async-global-executor v3.1.0
   Compiling reactor-trait v2.8.0
   Compiling async-reactor-trait v3.1.1
   Compiling async-global-executor-trait v2.2.0
   Compiling async-global-executor-trait v3.1.0
   Compiling x509-parser v0.18.0
   Compiling x509-parser v0.17.0
   Compiling zenoh-runtime v1.7.0
   Compiling tokio-util v0.7.16
   Compiling tokio-tungstenite v0.24.0
   Compiling tokio-stream v0.1.17
   Compiling tryhard v0.5.2
   Compiling p12-keystore v0.2.0
   Compiling zenoh-core v1.7.0
   Compiling zenoh-util v1.7.0
   Compiling zenoh-sync v1.7.0
   Compiling zenoh-task v1.7.0
   Compiling combine v4.6.7
   Compiling zenoh-config v1.7.0
   Compiling redis v1.0.0
   Compiling rustls-webpki v0.103.8
   Compiling tokio-rustls v0.26.2
   Compiling futures-rustls v0.26.0
   Compiling rustls-connector v0.21.11
   Compiling tls-listener v0.11.0
   Compiling async-nats v0.45.0
   Compiling rumqttc v0.25.1
   Compiling tcp-stream v0.30.9
   Compiling amq-protocol-tcp v8.3.1
   Compiling zenoh-plugin-trait v1.7.0
   Compiling rustls-platform-verifier v0.6.1
   Compiling quinn-proto v0.11.13
   Compiling zenoh-link-commons v1.7.0
   Compiling zenoh-link-udp v1.7.0
   Compiling zenoh-link-unixsock_stream v1.7.0
   Compiling zenoh-link-ws v1.7.0
   Compiling zenoh-link-tls v1.7.0
   Compiling zenoh-link-tcp v1.7.0
   Compiling zenoh-link-quic_datagram v1.7.0
   Compiling zenoh-link-quic v1.7.0
   Compiling zenoh-link v1.7.0
   Compiling zenoh-transport v1.7.0
   Compiling mq-bench v0.1.0 (/home/cc/hpcc/mq-bench)
warning: unused import: `error`
  --> src/roles/reliable_publisher.rs:29:22
   |
29 | use tracing::{debug, error, info, warn};
   |                      ^^^^^
   |
   = note: `#[warn(unused_imports)]` (part of `#[warn(unused)]`) on by default

warning: unused variable: `inflight_clone`
   --> src/roles/reliable_publisher.rs:205:13
    |
205 |         let inflight_clone = Arc::clone(&inflight);
    |             ^^^^^^^^^^^^^^ help: if this is intentional, prefix it with an underscore: `_inflight_clone`
    |
    = note: `#[warn(unused_variables)]` (part of `#[warn(unused)]`) on by default

warning: `mq-bench` (lib) generated 2 warnings (run `cargo fix --lib -p mq-bench` to apply 2 suggestions)
    Finished `release` profile [optimized] target(s) in 3m 57s
warning: the following packages contain code that will be rejected by a future version of Rust: num-bigint-dig v0.8.4
note: to see what the problems were, use the option `--future-incompat-report`, or run `cargo report future-incompatibilities --id 1`
[monitor] Capturing docker stats for: redis → artifacts/fanout_bursty_20260928_171604_redis_p64_s1000_u10_bursty/fanout_singlesite/docker_stats.csv
[monitor] Skipping unknown container 'redis'
[monitor] No valid containers found to monitor
Starting 1000 subscribers across 10 controlled fan-out topics (100 per topic, 10 client process(es) per topic)
[sub] redis → topic_0 (subs=10, ramp_up=60s, fast_count=0, latency_sample_rate=1000)
[cmd] ./target/release/mq-bench --snapshot-interval 1 sub --engine redis --connect url=redis://192.168.0.251:6379 --expr topic_0 --subscribers 10 --ramp-up-secs 60 --csv artifacts/fanout_bursty_20260928_171604_redis_p64_s1000_u10_bursty/fanout_singlesite/sub_0_0.csv 
       1>artifacts/fanout_bursty_20260928_171604_redis_p64_s1000_u10_bursty/fanout_singlesite/sub_0_0.log 2>&1 &
[sub] redis → topic_0 (subs=10, ramp_up=60s, fast_count=0, latency_sample_rate=1000)
[cmd] ./target/release/mq-bench --snapshot-interval 1 sub --engine redis --connect url=redis://192.168.0.251:6379 --expr topic_0 --subscribers 10 --ramp-up-secs 60 --csv artifacts/fanout_bursty_20260928_171604_redis_p64_s1000_u10_bursty/fanout_singlesite/sub_0_1.csv 
       1>artifacts/fanout_bursty_20260928_171604_redis_p64_s1000_u10_bursty/fanout_singlesite/sub_0_1.log 2>&1 &
[sub] redis → topic_0 (subs=10, ramp_up=60s, fast_count=0, latency_sample_rate=1000)
[cmd] ./target/release/mq-bench --snapshot-interval 1 sub --engine redis --connect url=redis://192.168.0.251:6379 --expr topic_0 --subscribers 10 --ramp-up-secs 60 --csv artifacts/fanout_bursty_20260928_171604_redis_p64_s1000_u10_bursty/fanout_singlesite/sub_0_2.csv 
       1>artifacts/fanout_bursty_20260928_171604_redis_p64_s1000_u10_bursty/fanout_singlesite/sub_0_2.log 2>&1 &
[sub] redis → topic_0 (subs=10, ramp_up=60s, fast_count=0, latency_sample_rate=1000)
[cmd] ./target/release/mq-bench --snapshot-interval 1 sub --engine redis --connect url=redis://192.168.0.251:6379 --expr topic_0 --subscribers 10 --ramp-up-secs 60 --csv artifacts/fanout_bursty_20260928_171604_redis_p64_s1000_u10_bursty/fanout_singlesite/sub_0_3.csv 
       1>artifacts/fanout_bursty_20260928_171604_redis_p64_s1000_u10_bursty/fanout_singlesite/sub_0_3.log 2>&1 &
[sub] redis → topic_0 (subs=10, ramp_up=60s, fast_count=0, latency_sample_rate=1000)
[cmd] ./target/release/mq-bench --snapshot-interval 1 sub --engine redis --connect url=redis://192.168.0.251:6379 --expr topic_0 --subscribers 10 --ramp-up-secs 60 --csv artifacts/fanout_bursty_20260928_171604_redis_p64_s1000_u10_bursty/fanout_singlesite/sub_0_4.csv 
       1>artifacts/fanout_bursty_20260928_171604_redis_p64_s1000_u10_bursty/fanout_singlesite/sub_0_4.log 2>&1 &
[sub] redis → topic_0 (subs=10, ramp_up=60s, fast_count=0, latency_sample_rate=1000)
[cmd] ./target/release/mq-bench --snapshot-interval 1 sub --engine redis --connect url=redis://192.168.0.251:6379 --expr topic_0 --subscribers 10 --ramp-up-secs 60 --csv artifacts/fanout_bursty_20260928_171604_redis_p64_s1000_u10_bursty/fanout_singlesite/sub_0_5.csv 
       1>artifacts/fanout_bursty_20260928_171604_redis_p64_s1000_u10_bursty/fanout_singlesite/sub_0_5.log 2>&1 &
[sub] redis → topic_0 (subs=10, ramp_up=60s, fast_count=0, latency_sample_rate=1000)
[cmd] ./target/release/mq-bench --snapshot-interval 1 sub --engine redis --connect url=redis://192.168.0.251:6379 --expr topic_0 --subscribers 10 --ramp-up-secs 60 --csv artifacts/fanout_bursty_20260928_171604_redis_p64_s1000_u10_bursty/fanout_singlesite/sub_0_6.csv 
       1>artifacts/fanout_bursty_20260928_171604_redis_p64_s1000_u10_bursty/fanout_singlesite/sub_0_6.log 2>&1 &
[sub] redis → topic_0 (subs=10, ramp_up=60s, fast_count=0, latency_sample_rate=1000)
[cmd] ./target/release/mq-bench --snapshot-interval 1 sub --engine redis --connect url=redis://192.168.0.251:6379 --expr topic_0 --subscribers 10 --ramp-up-secs 60 --csv artifacts/fanout_bursty_20260928_171604_redis_p64_s1000_u10_bursty/fanout_singlesite/sub_0_7.csv 
       1>artifacts/fanout_bursty_20260928_171604_redis_p64_s1000_u10_bursty/fanout_singlesite/sub_0_7.log 2>&1 &
[sub] redis → topic_0 (subs=10, ramp_up=60s, fast_count=0, latency_sample_rate=1000)
[cmd] ./target/release/mq-bench --snapshot-interval 1 sub --engine redis --connect url=redis://192.168.0.251:6379 --expr topic_0 --subscribers 10 --ramp-up-secs 60 --csv artifacts/fanout_bursty_20260928_171604_redis_p64_s1000_u10_bursty/fanout_singlesite/sub_0_8.csv 
       1>artifacts/fanout_bursty_20260928_171604_redis_p64_s1000_u10_bursty/fanout_singlesite/sub_0_8.log 2>&1 &
[sub] redis → topic_0 (subs=10, ramp_up=60s, fast_count=0, latency_sample_rate=1000)
[cmd] ./target/release/mq-bench --snapshot-interval 1 sub --engine redis --connect url=redis://192.168.0.251:6379 --expr topic_0 --subscribers 10 --ramp-up-secs 60 --csv artifacts/fanout_bursty_20260928_171604_redis_p64_s1000_u10_bursty/fanout_singlesite/sub_0_9.csv 
       1>artifacts/fanout_bursty_20260928_171604_redis_p64_s1000_u10_bursty/fanout_singlesite/sub_0_9.log 2>&1 &
[sub] redis → topic_1 (subs=10, ramp_up=60s, fast_count=0, latency_sample_rate=1000)
[cmd] ./target/release/mq-bench --snapshot-interval 1 sub --engine redis --connect url=redis://192.168.0.251:6379 --expr topic_1 --subscribers 10 --ramp-up-secs 60 --csv artifacts/fanout_bursty_20260928_171604_redis_p64_s1000_u10_bursty/fanout_singlesite/sub_1_0.csv 
       1>artifacts/fanout_bursty_20260928_171604_redis_p64_s1000_u10_bursty/fanout_singlesite/sub_1_0.log 2>&1 &
[sub] redis → topic_1 (subs=10, ramp_up=60s, fast_count=0, latency_sample_rate=1000)
[cmd] ./target/release/mq-bench --snapshot-interval 1 sub --engine redis --connect url=redis://192.168.0.251:6379 --expr topic_1 --subscribers 10 --ramp-up-secs 60 --csv artifacts/fanout_bursty_20260928_171604_redis_p64_s1000_u10_bursty/fanout_singlesite/sub_1_1.csv 
       1>artifacts/fanout_bursty_20260928_171604_redis_p64_s1000_u10_bursty/fanout_singlesite/sub_1_1.log 2>&1 &
[sub] redis → topic_1 (subs=10, ramp_up=60s, fast_count=0, latency_sample_rate=1000)
[cmd] ./target/release/mq-bench --snapshot-interval 1 sub --engine redis --connect url=redis://192.168.0.251:6379 --expr topic_1 --subscribers 10 --ramp-up-secs 60 --csv artifacts/fanout_bursty_20260928_171604_redis_p64_s1000_u10_bursty/fanout_singlesite/sub_1_2.csv 
       1>artifacts/fanout_bursty_20260928_171604_redis_p64_s1000_u10_bursty/fanout_singlesite/sub_1_2.log 2>&1 &
[sub] redis → topic_1 (subs=10, ramp_up=60s, fast_count=0, latency_sample_rate=1000)
[cmd] ./target/release/mq-bench --snapshot-interval 1 sub --engine redis --connect url=redis://192.168.0.251:6379 --expr topic_1 --subscribers 10 --ramp-up-secs 60 --csv artifacts/fanout_bursty_20260928_171604_redis_p64_s1000_u10_bursty/fanout_singlesite/sub_1_3.csv 
       1>artifacts/fanout_bursty_20260928_171604_redis_p64_s1000_u10_bursty/fanout_singlesite/sub_1_3.log 2>&1 &
[sub] redis → topic_1 (subs=10, ramp_up=60s, fast_count=0, latency_sample_rate=1000)
[cmd] ./target/release/mq-bench --snapshot-interval 1 sub --engine redis --connect url=redis://192.168.0.251:6379 --expr topic_1 --subscribers 10 --ramp-up-secs 60 --csv artifacts/fanout_bursty_20260928_171604_redis_p64_s1000_u10_bursty/fanout_singlesite/sub_1_4.csv 
       1>artifacts/fanout_bursty_20260928_171604_redis_p64_s1000_u10_bursty/fanout_singlesite/sub_1_4.log 2>&1 &
[sub] redis → topic_1 (subs=10, ramp_up=60s, fast_count=0, latency_sample_rate=1000)
[cmd] ./target/release/mq-bench --snapshot-interval 1 sub --engine redis --connect url=redis://192.168.0.251:6379 --expr topic_1 --subscribers 10 --ramp-up-secs 60 --csv artifacts/fanout_bursty_20260928_171604_redis_p64_s1000_u10_bursty/fanout_singlesite/sub_1_5.csv 
       1>artifacts/fanout_bursty_20260928_171604_redis_p64_s1000_u10_bursty/fanout_singlesite/sub_1_5.log 2>&1 &
[sub] redis → topic_1 (subs=10, ramp_up=60s, fast_count=0, latency_sample_rate=1000)
[cmd] ./target/release/mq-bench --snapshot-interval 1 sub --engine redis --connect url=redis://192.168.0.251:6379 --expr topic_1 --subscribers 10 --ramp-up-secs 60 --csv artifacts/fanout_bursty_20260928_171604_redis_p64_s1000_u10_bursty/fanout_singlesite/sub_1_6.csv 
       1>artifacts/fanout_bursty_20260928_171604_redis_p64_s1000_u10_bursty/fanout_singlesite/sub_1_6.log 2>&1 &
[sub] redis → topic_1 (subs=10, ramp_up=60s, fast_count=0, latency_sample_rate=1000)
[cmd] ./target/release/mq-bench --snapshot-interval 1 sub --engine redis --connect url=redis://192.168.0.251:6379 --expr topic_1 --subscribers 10 --ramp-up-secs 60 --csv artifacts/fanout_bursty_20260928_171604_redis_p64_s1000_u10_bursty/fanout_singlesite/sub_1_7.csv 
       1>artifacts/fanout_bursty_20260928_171604_redis_p64_s1000_u10_bursty/fanout_singlesite/sub_1_7.log 2>&1 &
[sub] redis → topic_1 (subs=10, ramp_up=60s, fast_count=0, latency_sample_rate=1000)
[cmd] ./target/release/mq-bench --snapshot-interval 1 sub --engine redis --connect url=redis://192.168.0.251:6379 --expr topic_1 --subscribers 10 --ramp-up-secs 60 --csv artifacts/fanout_bursty_20260928_171604_redis_p64_s1000_u10_bursty/fanout_singlesite/sub_1_8.csv 
       1>artifacts/fanout_bursty_20260928_171604_redis_p64_s1000_u10_bursty/fanout_singlesite/sub_1_8.log 2>&1 &
[sub] redis → topic_1 (subs=10, ramp_up=60s, fast_count=0, latency_sample_rate=1000)
[cmd] ./target/release/mq-bench --snapshot-interval 1 sub --engine redis --connect url=redis://192.168.0.251:6379 --expr topic_1 --subscribers 10 --ramp-up-secs 60 --csv artifacts/fanout_bursty_20260928_171604_redis_p64_s1000_u10_bursty/fanout_singlesite/sub_1_9.csv 
       1>artifacts/fanout_bursty_20260928_171604_redis_p64_s1000_u10_bursty/fanout_singlesite/sub_1_9.log 2>&1 &
[sub] redis → topic_2 (subs=10, ramp_up=60s, fast_count=0, latency_sample_rate=1000)
[cmd] ./target/release/mq-bench --snapshot-interval 1 sub --engine redis --connect url=redis://192.168.0.251:6379 --expr topic_2 --subscribers 10 --ramp-up-secs 60 --csv artifacts/fanout_bursty_20260928_171604_redis_p64_s1000_u10_bursty/fanout_singlesite/sub_2_0.csv 
       1>artifacts/fanout_bursty_20260928_171604_redis_p64_s1000_u10_bursty/fanout_singlesite/sub_2_0.log 2>&1 &
[sub] redis → topic_2 (subs=10, ramp_up=60s, fast_count=0, latency_sample_rate=1000)
[cmd] ./target/release/mq-bench --snapshot-interval 1 sub --engine redis --connect url=redis://192.168.0.251:6379 --expr topic_2 --subscribers 10 --ramp-up-secs 60 --csv artifacts/fanout_bursty_20260928_171604_redis_p64_s1000_u10_bursty/fanout_singlesite/sub_2_1.csv 
       1>artifacts/fanout_bursty_20260928_171604_redis_p64_s1000_u10_bursty/fanout_singlesite/sub_2_1.log 2>&1 &
[sub] redis → topic_2 (subs=10, ramp_up=60s, fast_count=0, latency_sample_rate=1000)
[cmd] ./target/release/mq-bench --snapshot-interval 1 sub --engine redis --connect url=redis://192.168.0.251:6379 --expr topic_2 --subscribers 10 --ramp-up-secs 60 --csv artifacts/fanout_bursty_20260928_171604_redis_p64_s1000_u10_bursty/fanout_singlesite/sub_2_2.csv 
       1>artifacts/fanout_bursty_20260928_171604_redis_p64_s1000_u10_bursty/fanout_singlesite/sub_2_2.log 2>&1 &
[sub] redis → topic_2 (subs=10, ramp_up=60s, fast_count=0, latency_sample_rate=1000)
[cmd] ./target/release/mq-bench --snapshot-interval 1 sub --engine redis --connect url=redis://192.168.0.251:6379 --expr topic_2 --subscribers 10 --ramp-up-secs 60 --csv artifacts/fanout_bursty_20260928_171604_redis_p64_s1000_u10_bursty/fanout_singlesite/sub_2_3.csv 
       1>artifacts/fanout_bursty_20260928_171604_redis_p64_s1000_u10_bursty/fanout_singlesite/sub_2_3.log 2>&1 &
[sub] redis → topic_2 (subs=10, ramp_up=60s, fast_count=0, latency_sample_rate=1000)
[cmd] ./target/release/mq-bench --snapshot-interval 1 sub --engine redis --connect url=redis://192.168.0.251:6379 --expr topic_2 --subscribers 10 --ramp-up-secs 60 --csv artifacts/fanout_bursty_20260928_171604_redis_p64_s1000_u10_bursty/fanout_singlesite/sub_2_4.csv 
       1>artifacts/fanout_bursty_20260928_171604_redis_p64_s1000_u10_bursty/fanout_singlesite/sub_2_4.log 2>&1 &
[sub] redis → topic_2 (subs=10, ramp_up=60s, fast_count=0, latency_sample_rate=1000)
[cmd] ./target/release/mq-bench --snapshot-interval 1 sub --engine redis --connect url=redis://192.168.0.251:6379 --expr topic_2 --subscribers 10 --ramp-up-secs 60 --csv artifacts/fanout_bursty_20260928_171604_redis_p64_s1000_u10_bursty/fanout_singlesite/sub_2_5.csv 
       1>artifacts/fanout_bursty_20260928_171604_redis_p64_s1000_u10_bursty/fanout_singlesite/sub_2_5.log 2>&1 &
[sub] redis → topic_2 (subs=10, ramp_up=60s, fast_count=0, latency_sample_rate=1000)
[cmd] ./target/release/mq-bench --snapshot-interval 1 sub --engine redis --connect url=redis://192.168.0.251:6379 --expr topic_2 --subscribers 10 --ramp-up-secs 60 --csv artifacts/fanout_bursty_20260928_171604_redis_p64_s1000_u10_bursty/fanout_singlesite/sub_2_6.csv 
       1>artifacts/fanout_bursty_20260928_171604_redis_p64_s1000_u10_bursty/fanout_singlesite/sub_2_6.log 2>&1 &
[sub] redis → topic_2 (subs=10, ramp_up=60s, fast_count=0, latency_sample_rate=1000)
[cmd] ./target/release/mq-bench --snapshot-interval 1 sub --engine redis --connect url=redis://192.168.0.251:6379 --expr topic_2 --subscribers 10 --ramp-up-secs 60 --csv artifacts/fanout_bursty_20260928_171604_redis_p64_s1000_u10_bursty/fanout_singlesite/sub_2_7.csv 
       1>artifacts/fanout_bursty_20260928_171604_redis_p64_s1000_u10_bursty/fanout_singlesite/sub_2_7.log 2>&1 &
[sub] redis → topic_2 (subs=10, ramp_up=60s, fast_count=0, latency_sample_rate=1000)
[cmd] ./target/release/mq-bench --snapshot-interval 1 sub --engine redis --connect url=redis://192.168.0.251:6379 --expr topic_2 --subscribers 10 --ramp-up-secs 60 --csv artifacts/fanout_bursty_20260928_171604_redis_p64_s1000_u10_bursty/fanout_singlesite/sub_2_8.csv 
       1>artifacts/fanout_bursty_20260928_171604_redis_p64_s1000_u10_bursty/fanout_singlesite/sub_2_8.log 2>&1 &
[sub] redis → topic_2 (subs=10, ramp_up=60s, fast_count=0, latency_sample_rate=1000)
[cmd] ./target/release/mq-bench --snapshot-interval 1 sub --engine redis --connect url=redis://192.168.0.251:6379 --expr topic_2 --subscribers 10 --ramp-up-secs 60 --csv artifacts/fanout_bursty_20260928_171604_redis_p64_s1000_u10_bursty/fanout_singlesite/sub_2_9.csv 
       1>artifacts/fanout_bursty_20260928_171604_redis_p64_s1000_u10_bursty/fanout_singlesite/sub_2_9.log 2>&1 &
[sub] redis → topic_3 (subs=10, ramp_up=60s, fast_count=0, latency_sample_rate=1000)
[cmd] ./target/release/mq-bench --snapshot-interval 1 sub --engine redis --connect url=redis://192.168.0.251:6379 --expr topic_3 --subscribers 10 --ramp-up-secs 60 --csv artifacts/fanout_bursty_20260928_171604_redis_p64_s1000_u10_bursty/fanout_singlesite/sub_3_0.csv 
       1>artifacts/fanout_bursty_20260928_171604_redis_p64_s1000_u10_bursty/fanout_singlesite/sub_3_0.log 2>&1 &
[sub] redis → topic_3 (subs=10, ramp_up=60s, fast_count=0, latency_sample_rate=1000)
[cmd] ./target/release/mq-bench --snapshot-interval 1 sub --engine redis --connect url=redis://192.168.0.251:6379 --expr topic_3 --subscribers 10 --ramp-up-secs 60 --csv artifacts/fanout_bursty_20260928_171604_redis_p64_s1000_u10_bursty/fanout_singlesite/sub_3_1.csv 
       1>artifacts/fanout_bursty_20260928_171604_redis_p64_s1000_u10_bursty/fanout_singlesite/sub_3_1.log 2>&1 &
[sub] redis → topic_3 (subs=10, ramp_up=60s, fast_count=0, latency_sample_rate=1000)
[cmd] ./target/release/mq-bench --snapshot-interval 1 sub --engine redis --connect url=redis://192.168.0.251:6379 --expr topic_3 --subscribers 10 --ramp-up-secs 60 --csv artifacts/fanout_bursty_20260928_171604_redis_p64_s1000_u10_bursty/fanout_singlesite/sub_3_2.csv 
       1>artifacts/fanout_bursty_20260928_171604_redis_p64_s1000_u10_bursty/fanout_singlesite/sub_3_2.log 2>&1 &
[sub] redis → topic_3 (subs=10, ramp_up=60s, fast_count=0, latency_sample_rate=1000)
[cmd] ./target/release/mq-bench --snapshot-interval 1 sub --engine redis --connect url=redis://192.168.0.251:6379 --expr topic_3 --subscribers 10 --ramp-up-secs 60 --csv artifacts/fanout_bursty_20260928_171604_redis_p64_s1000_u10_bursty/fanout_singlesite/sub_3_3.csv 
       1>artifacts/fanout_bursty_20260928_171604_redis_p64_s1000_u10_bursty/fanout_singlesite/sub_3_3.log 2>&1 &
[sub] redis → topic_3 (subs=10, ramp_up=60s, fast_count=0, latency_sample_rate=1000)
[cmd] ./target/release/mq-bench --snapshot-interval 1 sub --engine redis --connect url=redis://192.168.0.251:6379 --expr topic_3 --subscribers 10 --ramp-up-secs 60 --csv artifacts/fanout_bursty_20260928_171604_redis_p64_s1000_u10_bursty/fanout_singlesite/sub_3_4.csv 
       1>artifacts/fanout_bursty_20260928_171604_redis_p64_s1000_u10_bursty/fanout_singlesite/sub_3_4.log 2>&1 &
[sub] redis → topic_3 (subs=10, ramp_up=60s, fast_count=0, latency_sample_rate=1000)
[cmd] ./target/release/mq-bench --snapshot-interval 1 sub --engine redis --connect url=redis://192.168.0.251:6379 --expr topic_3 --subscribers 10 --ramp-up-secs 60 --csv artifacts/fanout_bursty_20260928_171604_redis_p64_s1000_u10_bursty/fanout_singlesite/sub_3_5.csv 
       1>artifacts/fanout_bursty_20260928_171604_redis_p64_s1000_u10_bursty/fanout_singlesite/sub_3_5.log 2>&1 &
[sub] redis → topic_3 (subs=10, ramp_up=60s, fast_count=0, latency_sample_rate=1000)
[cmd] ./target/release/mq-bench --snapshot-interval 1 sub --engine redis --connect url=redis://192.168.0.251:6379 --expr topic_3 --subscribers 10 --ramp-up-secs 60 --csv artifacts/fanout_bursty_20260928_171604_redis_p64_s1000_u10_bursty/fanout_singlesite/sub_3_6.csv 
       1>artifacts/fanout_bursty_20260928_171604_redis_p64_s1000_u10_bursty/fanout_singlesite/sub_3_6.log 2>&1 &
[sub] redis → topic_3 (subs=10, ramp_up=60s, fast_count=0, latency_sample_rate=1000)
[cmd] ./target/release/mq-bench --snapshot-interval 1 sub --engine redis --connect url=redis://192.168.0.251:6379 --expr topic_3 --subscribers 10 --ramp-up-secs 60 --csv artifacts/fanout_bursty_20260928_171604_redis_p64_s1000_u10_bursty/fanout_singlesite/sub_3_7.csv 
       1>artifacts/fanout_bursty_20260928_171604_redis_p64_s1000_u10_bursty/fanout_singlesite/sub_3_7.log 2>&1 &
[sub] redis → topic_3 (subs=10, ramp_up=60s, fast_count=0, latency_sample_rate=1000)
[cmd] ./target/release/mq-bench --snapshot-interval 1 sub --engine redis --connect url=redis://192.168.0.251:6379 --expr topic_3 --subscribers 10 --ramp-up-secs 60 --csv artifacts/fanout_bursty_20260928_171604_redis_p64_s1000_u10_bursty/fanout_singlesite/sub_3_8.csv 
       1>artifacts/fanout_bursty_20260928_171604_redis_p64_s1000_u10_bursty/fanout_singlesite/sub_3_8.log 2>&1 &
[sub] redis → topic_3 (subs=10, ramp_up=60s, fast_count=0, latency_sample_rate=1000)
[cmd] ./target/release/mq-bench --snapshot-interval 1 sub --engine redis --connect url=redis://192.168.0.251:6379 --expr topic_3 --subscribers 10 --ramp-up-secs 60 --csv artifacts/fanout_bursty_20260928_171604_redis_p64_s1000_u10_bursty/fanout_singlesite/sub_3_9.csv 
       1>artifacts/fanout_bursty_20260928_171604_redis_p64_s1000_u10_bursty/fanout_singlesite/sub_3_9.log 2>&1 &
[sub] redis → topic_4 (subs=10, ramp_up=60s, fast_count=0, latency_sample_rate=1000)
[cmd] ./target/release/mq-bench --snapshot-interval 1 sub --engine redis --connect url=redis://192.168.0.251:6379 --expr topic_4 --subscribers 10 --ramp-up-secs 60 --csv artifacts/fanout_bursty_20260928_171604_redis_p64_s1000_u10_bursty/fanout_singlesite/sub_4_0.csv 
       1>artifacts/fanout_bursty_20260928_171604_redis_p64_s1000_u10_bursty/fanout_singlesite/sub_4_0.log 2>&1 &
[sub] redis → topic_4 (subs=10, ramp_up=60s, fast_count=0, latency_sample_rate=1000)
[cmd] ./target/release/mq-bench --snapshot-interval 1 sub --engine redis --connect url=redis://192.168.0.251:6379 --expr topic_4 --subscribers 10 --ramp-up-secs 60 --csv artifacts/fanout_bursty_20260928_171604_redis_p64_s1000_u10_bursty/fanout_singlesite/sub_4_1.csv 
       1>artifacts/fanout_bursty_20260928_171604_redis_p64_s1000_u10_bursty/fanout_singlesite/sub_4_1.log 2>&1 &
[sub] redis → topic_4 (subs=10, ramp_up=60s, fast_count=0, latency_sample_rate=1000)
[cmd] ./target/release/mq-bench --snapshot-interval 1 sub --engine redis --connect url=redis://192.168.0.251:6379 --expr topic_4 --subscribers 10 --ramp-up-secs 60 --csv artifacts/fanout_bursty_20260928_171604_redis_p64_s1000_u10_bursty/fanout_singlesite/sub_4_2.csv 
       1>artifacts/fanout_bursty_20260928_171604_redis_p64_s1000_u10_bursty/fanout_singlesite/sub_4_2.log 2>&1 &
[sub] redis → topic_4 (subs=10, ramp_up=60s, fast_count=0, latency_sample_rate=1000)
[cmd] ./target/release/mq-bench --snapshot-interval 1 sub --engine redis --connect url=redis://192.168.0.251:6379 --expr topic_4 --subscribers 10 --ramp-up-secs 60 --csv artifacts/fanout_bursty_20260928_171604_redis_p64_s1000_u10_bursty/fanout_singlesite/sub_4_3.csv 
       1>artifacts/fanout_bursty_20260928_171604_redis_p64_s1000_u10_bursty/fanout_singlesite/sub_4_3.log 2>&1 &
[sub] redis → topic_4 (subs=10, ramp_up=60s, fast_count=0, latency_sample_rate=1000)
[cmd] ./target/release/mq-bench --snapshot-interval 1 sub --engine redis --connect url=redis://192.168.0.251:6379 --expr topic_4 --subscribers 10 --ramp-up-secs 60 --csv artifacts/fanout_bursty_20260928_171604_redis_p64_s1000_u10_bursty/fanout_singlesite/sub_4_4.csv 
       1>artifacts/fanout_bursty_20260928_171604_redis_p64_s1000_u10_bursty/fanout_singlesite/sub_4_4.log 2>&1 &
[sub] redis → topic_4 (subs=10, ramp_up=60s, fast_count=0, latency_sample_rate=1000)
[cmd] ./target/release/mq-bench --snapshot-interval 1 sub --engine redis --connect url=redis://192.168.0.251:6379 --expr topic_4 --subscribers 10 --ramp-up-secs 60 --csv artifacts/fanout_bursty_20260928_171604_redis_p64_s1000_u10_bursty/fanout_singlesite/sub_4_5.csv 
       1>artifacts/fanout_bursty_20260928_171604_redis_p64_s1000_u10_bursty/fanout_singlesite/sub_4_5.log 2>&1 &
[sub] redis → topic_4 (subs=10, ramp_up=60s, fast_count=0, latency_sample_rate=1000)
[cmd] ./target/release/mq-bench --snapshot-interval 1 sub --engine redis --connect url=redis://192.168.0.251:6379 --expr topic_4 --subscribers 10 --ramp-up-secs 60 --csv artifacts/fanout_bursty_20260928_171604_redis_p64_s1000_u10_bursty/fanout_singlesite/sub_4_6.csv 
       1>artifacts/fanout_bursty_20260928_171604_redis_p64_s1000_u10_bursty/fanout_singlesite/sub_4_6.log 2>&1 &
[sub] redis → topic_4 (subs=10, ramp_up=60s, fast_count=0, latency_sample_rate=1000)
[cmd] ./target/release/mq-bench --snapshot-interval 1 sub --engine redis --connect url=redis://192.168.0.251:6379 --expr topic_4 --subscribers 10 --ramp-up-secs 60 --csv artifacts/fanout_bursty_20260928_171604_redis_p64_s1000_u10_bursty/fanout_singlesite/sub_4_7.csv 
       1>artifacts/fanout_bursty_20260928_171604_redis_p64_s1000_u10_bursty/fanout_singlesite/sub_4_7.log 2>&1 &
[sub] redis → topic_4 (subs=10, ramp_up=60s, fast_count=0, latency_sample_rate=1000)
[cmd] ./target/release/mq-bench --snapshot-interval 1 sub --engine redis --connect url=redis://192.168.0.251:6379 --expr topic_4 --subscribers 10 --ramp-up-secs 60 --csv artifacts/fanout_bursty_20260928_171604_redis_p64_s1000_u10_bursty/fanout_singlesite/sub_4_8.csv 
       1>artifacts/fanout_bursty_20260928_171604_redis_p64_s1000_u10_bursty/fanout_singlesite/sub_4_8.log 2>&1 &
[sub] redis → topic_4 (subs=10, ramp_up=60s, fast_count=0, latency_sample_rate=1000)
[cmd] ./target/release/mq-bench --snapshot-interval 1 sub --engine redis --connect url=redis://192.168.0.251:6379 --expr topic_4 --subscribers 10 --ramp-up-secs 60 --csv artifacts/fanout_bursty_20260928_171604_redis_p64_s1000_u10_bursty/fanout_singlesite/sub_4_9.csv 
       1>artifacts/fanout_bursty_20260928_171604_redis_p64_s1000_u10_bursty/fanout_singlesite/sub_4_9.log 2>&1 &
[sub] redis → topic_5 (subs=10, ramp_up=60s, fast_count=0, latency_sample_rate=1000)
[cmd] ./target/release/mq-bench --snapshot-interval 1 sub --engine redis --connect url=redis://192.168.0.251:6379 --expr topic_5 --subscribers 10 --ramp-up-secs 60 --csv artifacts/fanout_bursty_20260928_171604_redis_p64_s1000_u10_bursty/fanout_singlesite/sub_5_0.csv 
       1>artifacts/fanout_bursty_20260928_171604_redis_p64_s1000_u10_bursty/fanout_singlesite/sub_5_0.log 2>&1 &
[sub] redis → topic_5 (subs=10, ramp_up=60s, fast_count=0, latency_sample_rate=1000)
[cmd] ./target/release/mq-bench --snapshot-interval 1 sub --engine redis --connect url=redis://192.168.0.251:6379 --expr topic_5 --subscribers 10 --ramp-up-secs 60 --csv artifacts/fanout_bursty_20260928_171604_redis_p64_s1000_u10_bursty/fanout_singlesite/sub_5_1.csv 
       1>artifacts/fanout_bursty_20260928_171604_redis_p64_s1000_u10_bursty/fanout_singlesite/sub_5_1.log 2>&1 &
[sub] redis → topic_5 (subs=10, ramp_up=60s, fast_count=0, latency_sample_rate=1000)
[cmd] ./target/release/mq-bench --snapshot-interval 1 sub --engine redis --connect url=redis://192.168.0.251:6379 --expr topic_5 --subscribers 10 --ramp-up-secs 60 --csv artifacts/fanout_bursty_20260928_171604_redis_p64_s1000_u10_bursty/fanout_singlesite/sub_5_2.csv 
       1>artifacts/fanout_bursty_20260928_171604_redis_p64_s1000_u10_bursty/fanout_singlesite/sub_5_2.log 2>&1 &
[sub] redis → topic_5 (subs=10, ramp_up=60s, fast_count=0, latency_sample_rate=1000)
[cmd] ./target/release/mq-bench --snapshot-interval 1 sub --engine redis --connect url=redis://192.168.0.251:6379 --expr topic_5 --subscribers 10 --ramp-up-secs 60 --csv artifacts/fanout_bursty_20260928_171604_redis_p64_s1000_u10_bursty/fanout_singlesite/sub_5_3.csv 
       1>artifacts/fanout_bursty_20260928_171604_redis_p64_s1000_u10_bursty/fanout_singlesite/sub_5_3.log 2>&1 &
[sub] redis → topic_5 (subs=10, ramp_up=60s, fast_count=0, latency_sample_rate=1000)
[cmd] ./target/release/mq-bench --snapshot-interval 1 sub --engine redis --connect url=redis://192.168.0.251:6379 --expr topic_5 --subscribers 10 --ramp-up-secs 60 --csv artifacts/fanout_bursty_20260928_171604_redis_p64_s1000_u10_bursty/fanout_singlesite/sub_5_4.csv 
       1>artifacts/fanout_bursty_20260928_171604_redis_p64_s1000_u10_bursty/fanout_singlesite/sub_5_4.log 2>&1 &
[sub] redis → topic_5 (subs=10, ramp_up=60s, fast_count=0, latency_sample_rate=1000)
[cmd] ./target/release/mq-bench --snapshot-interval 1 sub --engine redis --connect url=redis://192.168.0.251:6379 --expr topic_5 --subscribers 10 --ramp-up-secs 60 --csv artifacts/fanout_bursty_20260928_171604_redis_p64_s1000_u10_bursty/fanout_singlesite/sub_5_5.csv 
       1>artifacts/fanout_bursty_20260928_171604_redis_p64_s1000_u10_bursty/fanout_singlesite/sub_5_5.log 2>&1 &
[sub] redis → topic_5 (subs=10, ramp_up=60s, fast_count=0, latency_sample_rate=1000)
[cmd] ./target/release/mq-bench --snapshot-interval 1 sub --engine redis --connect url=redis://192.168.0.251:6379 --expr topic_5 --subscribers 10 --ramp-up-secs 60 --csv artifacts/fanout_bursty_20260928_171604_redis_p64_s1000_u10_bursty/fanout_singlesite/sub_5_6.csv 
       1>artifacts/fanout_bursty_20260928_171604_redis_p64_s1000_u10_bursty/fanout_singlesite/sub_5_6.log 2>&1 &
[sub] redis → topic_5 (subs=10, ramp_up=60s, fast_count=0, latency_sample_rate=1000)
[cmd] ./target/release/mq-bench --snapshot-interval 1 sub --engine redis --connect url=redis://192.168.0.251:6379 --expr topic_5 --subscribers 10 --ramp-up-secs 60 --csv artifacts/fanout_bursty_20260928_171604_redis_p64_s1000_u10_bursty/fanout_singlesite/sub_5_7.csv 
       1>artifacts/fanout_bursty_20260928_171604_redis_p64_s1000_u10_bursty/fanout_singlesite/sub_5_7.log 2>&1 &
[sub] redis → topic_5 (subs=10, ramp_up=60s, fast_count=0, latency_sample_rate=1000)
[cmd] ./target/release/mq-bench --snapshot-interval 1 sub --engine redis --connect url=redis://192.168.0.251:6379 --expr topic_5 --subscribers 10 --ramp-up-secs 60 --csv artifacts/fanout_bursty_20260928_171604_redis_p64_s1000_u10_bursty/fanout_singlesite/sub_5_8.csv 
       1>artifacts/fanout_bursty_20260928_171604_redis_p64_s1000_u10_bursty/fanout_singlesite/sub_5_8.log 2>&1 &
[sub] redis → topic_5 (subs=10, ramp_up=60s, fast_count=0, latency_sample_rate=1000)
[cmd] ./target/release/mq-bench --snapshot-interval 1 sub --engine redis --connect url=redis://192.168.0.251:6379 --expr topic_5 --subscribers 10 --ramp-up-secs 60 --csv artifacts/fanout_bursty_20260928_171604_redis_p64_s1000_u10_bursty/fanout_singlesite/sub_5_9.csv 
       1>artifacts/fanout_bursty_20260928_171604_redis_p64_s1000_u10_bursty/fanout_singlesite/sub_5_9.log 2>&1 &
[sub] redis → topic_6 (subs=10, ramp_up=60s, fast_count=0, latency_sample_rate=1000)
[cmd] ./target/release/mq-bench --snapshot-interval 1 sub --engine redis --connect url=redis://192.168.0.251:6379 --expr topic_6 --subscribers 10 --ramp-up-secs 60 --csv artifacts/fanout_bursty_20260928_171604_redis_p64_s1000_u10_bursty/fanout_singlesite/sub_6_0.csv 
       1>artifacts/fanout_bursty_20260928_171604_redis_p64_s1000_u10_bursty/fanout_singlesite/sub_6_0.log 2>&1 &
[sub] redis → topic_6 (subs=10, ramp_up=60s, fast_count=0, latency_sample_rate=1000)
[cmd] ./target/release/mq-bench --snapshot-interval 1 sub --engine redis --connect url=redis://192.168.0.251:6379 --expr topic_6 --subscribers 10 --ramp-up-secs 60 --csv artifacts/fanout_bursty_20260928_171604_redis_p64_s1000_u10_bursty/fanout_singlesite/sub_6_1.csv 
       1>artifacts/fanout_bursty_20260928_171604_redis_p64_s1000_u10_bursty/fanout_singlesite/sub_6_1.log 2>&1 &
[sub] redis → topic_6 (subs=10, ramp_up=60s, fast_count=0, latency_sample_rate=1000)
[cmd] ./target/release/mq-bench --snapshot-interval 1 sub --engine redis --connect url=redis://192.168.0.251:6379 --expr topic_6 --subscribers 10 --ramp-up-secs 60 --csv artifacts/fanout_bursty_20260928_171604_redis_p64_s1000_u10_bursty/fanout_singlesite/sub_6_2.csv 
       1>artifacts/fanout_bursty_20260928_171604_redis_p64_s1000_u10_bursty/fanout_singlesite/sub_6_2.log 2>&1 &
[sub] redis → topic_6 (subs=10, ramp_up=60s, fast_count=0, latency_sample_rate=1000)
[cmd] ./target/release/mq-bench --snapshot-interval 1 sub --engine redis --connect url=redis://192.168.0.251:6379 --expr topic_6 --subscribers 10 --ramp-up-secs 60 --csv artifacts/fanout_bursty_20260928_171604_redis_p64_s1000_u10_bursty/fanout_singlesite/sub_6_3.csv 
       1>artifacts/fanout_bursty_20260928_171604_redis_p64_s1000_u10_bursty/fanout_singlesite/sub_6_3.log 2>&1 &
[sub] redis → topic_6 (subs=10, ramp_up=60s, fast_count=0, latency_sample_rate=1000)
[cmd] ./target/release/mq-bench --snapshot-interval 1 sub --engine redis --connect url=redis://192.168.0.251:6379 --expr topic_6 --subscribers 10 --ramp-up-secs 60 --csv artifacts/fanout_bursty_20260928_171604_redis_p64_s1000_u10_bursty/fanout_singlesite/sub_6_4.csv 
       1>artifacts/fanout_bursty_20260928_171604_redis_p64_s1000_u10_bursty/fanout_singlesite/sub_6_4.log 2>&1 &
[sub] redis → topic_6 (subs=10, ramp_up=60s, fast_count=0, latency_sample_rate=1000)
[cmd] ./target/release/mq-bench --snapshot-interval 1 sub --engine redis --connect url=redis://192.168.0.251:6379 --expr topic_6 --subscribers 10 --ramp-up-secs 60 --csv artifacts/fanout_bursty_20260928_171604_redis_p64_s1000_u10_bursty/fanout_singlesite/sub_6_5.csv 
       1>artifacts/fanout_bursty_20260928_171604_redis_p64_s1000_u10_bursty/fanout_singlesite/sub_6_5.log 2>&1 &
[sub] redis → topic_6 (subs=10, ramp_up=60s, fast_count=0, latency_sample_rate=1000)
[cmd] ./target/release/mq-bench --snapshot-interval 1 sub --engine redis --connect url=redis://192.168.0.251:6379 --expr topic_6 --subscribers 10 --ramp-up-secs 60 --csv artifacts/fanout_bursty_20260928_171604_redis_p64_s1000_u10_bursty/fanout_singlesite/sub_6_6.csv 
       1>artifacts/fanout_bursty_20260928_171604_redis_p64_s1000_u10_bursty/fanout_singlesite/sub_6_6.log 2>&1 &
[sub] redis → topic_6 (subs=10, ramp_up=60s, fast_count=0, latency_sample_rate=1000)
[cmd] ./target/release/mq-bench --snapshot-interval 1 sub --engine redis --connect url=redis://192.168.0.251:6379 --expr topic_6 --subscribers 10 --ramp-up-secs 60 --csv artifacts/fanout_bursty_20260928_171604_redis_p64_s1000_u10_bursty/fanout_singlesite/sub_6_7.csv 
       1>artifacts/fanout_bursty_20260928_171604_redis_p64_s1000_u10_bursty/fanout_singlesite/sub_6_7.log 2>&1 &
[sub] redis → topic_6 (subs=10, ramp_up=60s, fast_count=0, latency_sample_rate=1000)
[cmd] ./target/release/mq-bench --snapshot-interval 1 sub --engine redis --connect url=redis://192.168.0.251:6379 --expr topic_6 --subscribers 10 --ramp-up-secs 60 --csv artifacts/fanout_bursty_20260928_171604_redis_p64_s1000_u10_bursty/fanout_singlesite/sub_6_8.csv 
       1>artifacts/fanout_bursty_20260928_171604_redis_p64_s1000_u10_bursty/fanout_singlesite/sub_6_8.log 2>&1 &
[sub] redis → topic_6 (subs=10, ramp_up=60s, fast_count=0, latency_sample_rate=1000)
[cmd] ./target/release/mq-bench --snapshot-interval 1 sub --engine redis --connect url=redis://192.168.0.251:6379 --expr topic_6 --subscribers 10 --ramp-up-secs 60 --csv artifacts/fanout_bursty_20260928_171604_redis_p64_s1000_u10_bursty/fanout_singlesite/sub_6_9.csv 
       1>artifacts/fanout_bursty_20260928_171604_redis_p64_s1000_u10_bursty/fanout_singlesite/sub_6_9.log 2>&1 &
[sub] redis → topic_7 (subs=10, ramp_up=60s, fast_count=0, latency_sample_rate=1000)
[cmd] ./target/release/mq-bench --snapshot-interval 1 sub --engine redis --connect url=redis://192.168.0.251:6379 --expr topic_7 --subscribers 10 --ramp-up-secs 60 --csv artifacts/fanout_bursty_20260928_171604_redis_p64_s1000_u10_bursty/fanout_singlesite/sub_7_0.csv 
       1>artifacts/fanout_bursty_20260928_171604_redis_p64_s1000_u10_bursty/fanout_singlesite/sub_7_0.log 2>&1 &
[sub] redis → topic_7 (subs=10, ramp_up=60s, fast_count=0, latency_sample_rate=1000)
[cmd] ./target/release/mq-bench --snapshot-interval 1 sub --engine redis --connect url=redis://192.168.0.251:6379 --expr topic_7 --subscribers 10 --ramp-up-secs 60 --csv artifacts/fanout_bursty_20260928_171604_redis_p64_s1000_u10_bursty/fanout_singlesite/sub_7_1.csv 
       1>artifacts/fanout_bursty_20260928_171604_redis_p64_s1000_u10_bursty/fanout_singlesite/sub_7_1.log 2>&1 &
[sub] redis → topic_7 (subs=10, ramp_up=60s, fast_count=0, latency_sample_rate=1000)
[cmd] ./target/release/mq-bench --snapshot-interval 1 sub --engine redis --connect url=redis://192.168.0.251:6379 --expr topic_7 --subscribers 10 --ramp-up-secs 60 --csv artifacts/fanout_bursty_20260928_171604_redis_p64_s1000_u10_bursty/fanout_singlesite/sub_7_2.csv 
       1>artifacts/fanout_bursty_20260928_171604_redis_p64_s1000_u10_bursty/fanout_singlesite/sub_7_2.log 2>&1 &
[sub] redis → topic_7 (subs=10, ramp_up=60s, fast_count=0, latency_sample_rate=1000)
[cmd] ./target/release/mq-bench --snapshot-interval 1 sub --engine redis --connect url=redis://192.168.0.251:6379 --expr topic_7 --subscribers 10 --ramp-up-secs 60 --csv artifacts/fanout_bursty_20260928_171604_redis_p64_s1000_u10_bursty/fanout_singlesite/sub_7_3.csv 
       1>artifacts/fanout_bursty_20260928_171604_redis_p64_s1000_u10_bursty/fanout_singlesite/sub_7_3.log 2>&1 &
[sub] redis → topic_7 (subs=10, ramp_up=60s, fast_count=0, latency_sample_rate=1000)
[cmd] ./target/release/mq-bench --snapshot-interval 1 sub --engine redis --connect url=redis://192.168.0.251:6379 --expr topic_7 --subscribers 10 --ramp-up-secs 60 --csv artifacts/fanout_bursty_20260928_171604_redis_p64_s1000_u10_bursty/fanout_singlesite/sub_7_4.csv 
       1>artifacts/fanout_bursty_20260928_171604_redis_p64_s1000_u10_bursty/fanout_singlesite/sub_7_4.log 2>&1 &
[sub] redis → topic_7 (subs=10, ramp_up=60s, fast_count=0, latency_sample_rate=1000)
[cmd] ./target/release/mq-bench --snapshot-interval 1 sub --engine redis --connect url=redis://192.168.0.251:6379 --expr topic_7 --subscribers 10 --ramp-up-secs 60 --csv artifacts/fanout_bursty_20260928_171604_redis_p64_s1000_u10_bursty/fanout_singlesite/sub_7_5.csv 
       1>artifacts/fanout_bursty_20260928_171604_redis_p64_s1000_u10_bursty/fanout_singlesite/sub_7_5.log 2>&1 &
[sub] redis → topic_7 (subs=10, ramp_up=60s, fast_count=0, latency_sample_rate=1000)
[cmd] ./target/release/mq-bench --snapshot-interval 1 sub --engine redis --connect url=redis://192.168.0.251:6379 --expr topic_7 --subscribers 10 --ramp-up-secs 60 --csv artifacts/fanout_bursty_20260928_171604_redis_p64_s1000_u10_bursty/fanout_singlesite/sub_7_6.csv 
       1>artifacts/fanout_bursty_20260928_171604_redis_p64_s1000_u10_bursty/fanout_singlesite/sub_7_6.log 2>&1 &
[sub] redis → topic_7 (subs=10, ramp_up=60s, fast_count=0, latency_sample_rate=1000)
[cmd] ./target/release/mq-bench --snapshot-interval 1 sub --engine redis --connect url=redis://192.168.0.251:6379 --expr topic_7 --subscribers 10 --ramp-up-secs 60 --csv artifacts/fanout_bursty_20260928_171604_redis_p64_s1000_u10_bursty/fanout_singlesite/sub_7_7.csv 
       1>artifacts/fanout_bursty_20260928_171604_redis_p64_s1000_u10_bursty/fanout_singlesite/sub_7_7.log 2>&1 &
[sub] redis → topic_7 (subs=10, ramp_up=60s, fast_count=0, latency_sample_rate=1000)
[cmd] ./target/release/mq-bench --snapshot-interval 1 sub --engine redis --connect url=redis://192.168.0.251:6379 --expr topic_7 --subscribers 10 --ramp-up-secs 60 --csv artifacts/fanout_bursty_20260928_171604_redis_p64_s1000_u10_bursty/fanout_singlesite/sub_7_8.csv 
       1>artifacts/fanout_bursty_20260928_171604_redis_p64_s1000_u10_bursty/fanout_singlesite/sub_7_8.log 2>&1 &
[sub] redis → topic_7 (subs=10, ramp_up=60s, fast_count=0, latency_sample_rate=1000)
[cmd] ./target/release/mq-bench --snapshot-interval 1 sub --engine redis --connect url=redis://192.168.0.251:6379 --expr topic_7 --subscribers 10 --ramp-up-secs 60 --csv artifacts/fanout_bursty_20260928_171604_redis_p64_s1000_u10_bursty/fanout_singlesite/sub_7_9.csv 
       1>artifacts/fanout_bursty_20260928_171604_redis_p64_s1000_u10_bursty/fanout_singlesite/sub_7_9.log 2>&1 &
[sub] redis → topic_8 (subs=10, ramp_up=60s, fast_count=0, latency_sample_rate=1000)
[cmd] ./target/release/mq-bench --snapshot-interval 1 sub --engine redis --connect url=redis://192.168.0.251:6379 --expr topic_8 --subscribers 10 --ramp-up-secs 60 --csv artifacts/fanout_bursty_20260928_171604_redis_p64_s1000_u10_bursty/fanout_singlesite/sub_8_0.csv 
       1>artifacts/fanout_bursty_20260928_171604_redis_p64_s1000_u10_bursty/fanout_singlesite/sub_8_0.log 2>&1 &
[sub] redis → topic_8 (subs=10, ramp_up=60s, fast_count=0, latency_sample_rate=1000)
[cmd] ./target/release/mq-bench --snapshot-interval 1 sub --engine redis --connect url=redis://192.168.0.251:6379 --expr topic_8 --subscribers 10 --ramp-up-secs 60 --csv artifacts/fanout_bursty_20260928_171604_redis_p64_s1000_u10_bursty/fanout_singlesite/sub_8_1.csv 
       1>artifacts/fanout_bursty_20260928_171604_redis_p64_s1000_u10_bursty/fanout_singlesite/sub_8_1.log 2>&1 &
[sub] redis → topic_8 (subs=10, ramp_up=60s, fast_count=0, latency_sample_rate=1000)
[cmd] ./target/release/mq-bench --snapshot-interval 1 sub --engine redis --connect url=redis://192.168.0.251:6379 --expr topic_8 --subscribers 10 --ramp-up-secs 60 --csv artifacts/fanout_bursty_20260928_171604_redis_p64_s1000_u10_bursty/fanout_singlesite/sub_8_2.csv 
       1>artifacts/fanout_bursty_20260928_171604_redis_p64_s1000_u10_bursty/fanout_singlesite/sub_8_2.log 2>&1 &
[sub] redis → topic_8 (subs=10, ramp_up=60s, fast_count=0, latency_sample_rate=1000)
[cmd] ./target/release/mq-bench --snapshot-interval 1 sub --engine redis --connect url=redis://192.168.0.251:6379 --expr topic_8 --subscribers 10 --ramp-up-secs 60 --csv artifacts/fanout_bursty_20260928_171604_redis_p64_s1000_u10_bursty/fanout_singlesite/sub_8_3.csv 
       1>artifacts/fanout_bursty_20260928_171604_redis_p64_s1000_u10_bursty/fanout_singlesite/sub_8_3.log 2>&1 &
[sub] redis → topic_8 (subs=10, ramp_up=60s, fast_count=0, latency_sample_rate=1000)
[cmd] ./target/release/mq-bench --snapshot-interval 1 sub --engine redis --connect url=redis://192.168.0.251:6379 --expr topic_8 --subscribers 10 --ramp-up-secs 60 --csv artifacts/fanout_bursty_20260928_171604_redis_p64_s1000_u10_bursty/fanout_singlesite/sub_8_4.csv 
       1>artifacts/fanout_bursty_20260928_171604_redis_p64_s1000_u10_bursty/fanout_singlesite/sub_8_4.log 2>&1 &
[sub] redis → topic_8 (subs=10, ramp_up=60s, fast_count=0, latency_sample_rate=1000)
[cmd] ./target/release/mq-bench --snapshot-interval 1 sub --engine redis --connect url=redis://192.168.0.251:6379 --expr topic_8 --subscribers 10 --ramp-up-secs 60 --csv artifacts/fanout_bursty_20260928_171604_redis_p64_s1000_u10_bursty/fanout_singlesite/sub_8_5.csv 
       1>artifacts/fanout_bursty_20260928_171604_redis_p64_s1000_u10_bursty/fanout_singlesite/sub_8_5.log 2>&1 &
[sub] redis → topic_8 (subs=10, ramp_up=60s, fast_count=0, latency_sample_rate=1000)
[cmd] ./target/release/mq-bench --snapshot-interval 1 sub --engine redis --connect url=redis://192.168.0.251:6379 --expr topic_8 --subscribers 10 --ramp-up-secs 60 --csv artifacts/fanout_bursty_20260928_171604_redis_p64_s1000_u10_bursty/fanout_singlesite/sub_8_6.csv 
       1>artifacts/fanout_bursty_20260928_171604_redis_p64_s1000_u10_bursty/fanout_singlesite/sub_8_6.log 2>&1 &
[sub] redis → topic_8 (subs=10, ramp_up=60s, fast_count=0, latency_sample_rate=1000)
[cmd] ./target/release/mq-bench --snapshot-interval 1 sub --engine redis --connect url=redis://192.168.0.251:6379 --expr topic_8 --subscribers 10 --ramp-up-secs 60 --csv artifacts/fanout_bursty_20260928_171604_redis_p64_s1000_u10_bursty/fanout_singlesite/sub_8_7.csv 
       1>artifacts/fanout_bursty_20260928_171604_redis_p64_s1000_u10_bursty/fanout_singlesite/sub_8_7.log 2>&1 &
[sub] redis → topic_8 (subs=10, ramp_up=60s, fast_count=0, latency_sample_rate=1000)
[cmd] ./target/release/mq-bench --snapshot-interval 1 sub --engine redis --connect url=redis://192.168.0.251:6379 --expr topic_8 --subscribers 10 --ramp-up-secs 60 --csv artifacts/fanout_bursty_20260928_171604_redis_p64_s1000_u10_bursty/fanout_singlesite/sub_8_8.csv 
       1>artifacts/fanout_bursty_20260928_171604_redis_p64_s1000_u10_bursty/fanout_singlesite/sub_8_8.log 2>&1 &
[sub] redis → topic_8 (subs=10, ramp_up=60s, fast_count=0, latency_sample_rate=1000)
[cmd] ./target/release/mq-bench --snapshot-interval 1 sub --engine redis --connect url=redis://192.168.0.251:6379 --expr topic_8 --subscribers 10 --ramp-up-secs 60 --csv artifacts/fanout_bursty_20260928_171604_redis_p64_s1000_u10_bursty/fanout_singlesite/sub_8_9.csv 
       1>artifacts/fanout_bursty_20260928_171604_redis_p64_s1000_u10_bursty/fanout_singlesite/sub_8_9.log 2>&1 &
[sub] redis → topic_9 (subs=10, ramp_up=60s, fast_count=0, latency_sample_rate=1000)
[cmd] ./target/release/mq-bench --snapshot-interval 1 sub --engine redis --connect url=redis://192.168.0.251:6379 --expr topic_9 --subscribers 10 --ramp-up-secs 60 --csv artifacts/fanout_bursty_20260928_171604_redis_p64_s1000_u10_bursty/fanout_singlesite/sub_9_0.csv 
       1>artifacts/fanout_bursty_20260928_171604_redis_p64_s1000_u10_bursty/fanout_singlesite/sub_9_0.log 2>&1 &
[sub] redis → topic_9 (subs=10, ramp_up=60s, fast_count=0, latency_sample_rate=1000)
[cmd] ./target/release/mq-bench --snapshot-interval 1 sub --engine redis --connect url=redis://192.168.0.251:6379 --expr topic_9 --subscribers 10 --ramp-up-secs 60 --csv artifacts/fanout_bursty_20260928_171604_redis_p64_s1000_u10_bursty/fanout_singlesite/sub_9_1.csv 
       1>artifacts/fanout_bursty_20260928_171604_redis_p64_s1000_u10_bursty/fanout_singlesite/sub_9_1.log 2>&1 &
[sub] redis → topic_9 (subs=10, ramp_up=60s, fast_count=0, latency_sample_rate=1000)
[cmd] ./target/release/mq-bench --snapshot-interval 1 sub --engine redis --connect url=redis://192.168.0.251:6379 --expr topic_9 --subscribers 10 --ramp-up-secs 60 --csv artifacts/fanout_bursty_20260928_171604_redis_p64_s1000_u10_bursty/fanout_singlesite/sub_9_2.csv 
       1>artifacts/fanout_bursty_20260928_171604_redis_p64_s1000_u10_bursty/fanout_singlesite/sub_9_2.log 2>&1 &
[sub] redis → topic_9 (subs=10, ramp_up=60s, fast_count=0, latency_sample_rate=1000)
[cmd] ./target/release/mq-bench --snapshot-interval 1 sub --engine redis --connect url=redis://192.168.0.251:6379 --expr topic_9 --subscribers 10 --ramp-up-secs 60 --csv artifacts/fanout_bursty_20260928_171604_redis_p64_s1000_u10_bursty/fanout_singlesite/sub_9_3.csv 
       1>artifacts/fanout_bursty_20260928_171604_redis_p64_s1000_u10_bursty/fanout_singlesite/sub_9_3.log 2>&1 &
[sub] redis → topic_9 (subs=10, ramp_up=60s, fast_count=0, latency_sample_rate=1000)
[cmd] ./target/release/mq-bench --snapshot-interval 1 sub --engine redis --connect url=redis://192.168.0.251:6379 --expr topic_9 --subscribers 10 --ramp-up-secs 60 --csv artifacts/fanout_bursty_20260928_171604_redis_p64_s1000_u10_bursty/fanout_singlesite/sub_9_4.csv 
       1>artifacts/fanout_bursty_20260928_171604_redis_p64_s1000_u10_bursty/fanout_singlesite/sub_9_4.log 2>&1 &
[sub] redis → topic_9 (subs=10, ramp_up=60s, fast_count=0, latency_sample_rate=1000)
[cmd] ./target/release/mq-bench --snapshot-interval 1 sub --engine redis --connect url=redis://192.168.0.251:6379 --expr topic_9 --subscribers 10 --ramp-up-secs 60 --csv artifacts/fanout_bursty_20260928_171604_redis_p64_s1000_u10_bursty/fanout_singlesite/sub_9_5.csv 
       1>artifacts/fanout_bursty_20260928_171604_redis_p64_s1000_u10_bursty/fanout_singlesite/sub_9_5.log 2>&1 &
[sub] redis → topic_9 (subs=10, ramp_up=60s, fast_count=0, latency_sample_rate=1000)
[cmd] ./target/release/mq-bench --snapshot-interval 1 sub --engine redis --connect url=redis://192.168.0.251:6379 --expr topic_9 --subscribers 10 --ramp-up-secs 60 --csv artifacts/fanout_bursty_20260928_171604_redis_p64_s1000_u10_bursty/fanout_singlesite/sub_9_6.csv 
       1>artifacts/fanout_bursty_20260928_171604_redis_p64_s1000_u10_bursty/fanout_singlesite/sub_9_6.log 2>&1 &
[sub] redis → topic_9 (subs=10, ramp_up=60s, fast_count=0, latency_sample_rate=1000)
[cmd] ./target/release/mq-bench --snapshot-interval 1 sub --engine redis --connect url=redis://192.168.0.251:6379 --expr topic_9 --subscribers 10 --ramp-up-secs 60 --csv artifacts/fanout_bursty_20260928_171604_redis_p64_s1000_u10_bursty/fanout_singlesite/sub_9_7.csv 
       1>artifacts/fanout_bursty_20260928_171604_redis_p64_s1000_u10_bursty/fanout_singlesite/sub_9_7.log 2>&1 &
[sub] redis → topic_9 (subs=10, ramp_up=60s, fast_count=0, latency_sample_rate=1000)
[cmd] ./target/release/mq-bench --snapshot-interval 1 sub --engine redis --connect url=redis://192.168.0.251:6379 --expr topic_9 --subscribers 10 --ramp-up-secs 60 --csv artifacts/fanout_bursty_20260928_171604_redis_p64_s1000_u10_bursty/fanout_singlesite/sub_9_8.csv 
       1>artifacts/fanout_bursty_20260928_171604_redis_p64_s1000_u10_bursty/fanout_singlesite/sub_9_8.log 2>&1 &
[sub] redis → topic_9 (subs=10, ramp_up=60s, fast_count=0, latency_sample_rate=1000)
[cmd] ./target/release/mq-bench --snapshot-interval 1 sub --engine redis --connect url=redis://192.168.0.251:6379 --expr topic_9 --subscribers 10 --ramp-up-secs 60 --csv artifacts/fanout_bursty_20260928_171604_redis_p64_s1000_u10_bursty/fanout_singlesite/sub_9_9.csv 
       1>artifacts/fanout_bursty_20260928_171604_redis_p64_s1000_u10_bursty/fanout_singlesite/sub_9_9.log 2>&1 &
[sub] Waiting 60s for subscriber ramp-up before starting publishers
Running 10 controlled publishers across 10 topics (profile=warmup:60:20,baseline:60:20,burst:60:50,recovery:60:20,burst:60:100,recovery:60:20,burst:60:200,recovery:60:20,burst:60:300,recovery:60:20,burst:60:500,recovery:60:20,burst:60:1000,recovery:60:20,burst:60:2000,recovery:60:20,burst:60:4000,recovery:60:20,burst:60:6000,recovery:60:20,burst:60:8000,recovery:60:20,burst:60:10000,recovery:60:20)
[pub] redis → topic_0 (payload=64, profile=warmup:60:20,baseline:60:20,burst:60:50,recovery:60:20,burst:60:100,recovery:60:20,burst:60:200,recovery:60:20,burst:60:300,recovery:60:20,burst:60:500,recovery:60:20,burst:60:1000,recovery:60:20,burst:60:2000,recovery:60:20,burst:60:4000,recovery:60:20,burst:60:6000,recovery:60:20,burst:60:8000,recovery:60:20,burst:60:10000,recovery:60:20, dur=1440s)
[cmd] ./target/release/mq-bench --snapshot-interval 1 pub --engine redis --connect url=redis://192.168.0.251:6379 --connect pub_mode=buffered --connect publish_queue=8192 --connect publish_batch=256 --connect publish_flush_micros=250 --topic-prefix topic_0 --publishers 1 --payload 64 --rate-profile warmup:60:20\,baseline:60:20\,burst:60:50\,recovery:60:20\,burst:60:100\,recovery:60:20\,burst:60:200\,recovery:60:20\,burst:60:300\,recovery:60:20\,burst:60:500\,recovery:60:20\,burst:60:1000\,recovery:60:20\,burst:60:2000\,recovery:60:20\,burst:60:4000\,recovery:60:20\,burst:60:6000\,recovery:60:20\,burst:60:8000\,recovery:60:20\,burst:60:10000\,recovery:60:20 --duration 1440 --csv artifacts/fanout_bursty_20260928_171604_redis_p64_s1000_u10_bursty/fanout_singlesite/pub_0.csv 
       1>artifacts/fanout_bursty_20260928_171604_redis_p64_s1000_u10_bursty/fanout_singlesite/pub_0.log 2>&1 &
[pub] redis → topic_1 (payload=64, profile=warmup:60:20,baseline:60:20,burst:60:50,recovery:60:20,burst:60:100,recovery:60:20,burst:60:200,recovery:60:20,burst:60:300,recovery:60:20,burst:60:500,recovery:60:20,burst:60:1000,recovery:60:20,burst:60:2000,recovery:60:20,burst:60:4000,recovery:60:20,burst:60:6000,recovery:60:20,burst:60:8000,recovery:60:20,burst:60:10000,recovery:60:20, dur=1440s)
[cmd] ./target/release/mq-bench --snapshot-interval 1 pub --engine redis --connect url=redis://192.168.0.251:6379 --connect pub_mode=buffered --connect publish_queue=8192 --connect publish_batch=256 --connect publish_flush_micros=250 --topic-prefix topic_1 --publishers 1 --payload 64 --rate-profile warmup:60:20\,baseline:60:20\,burst:60:50\,recovery:60:20\,burst:60:100\,recovery:60:20\,burst:60:200\,recovery:60:20\,burst:60:300\,recovery:60:20\,burst:60:500\,recovery:60:20\,burst:60:1000\,recovery:60:20\,burst:60:2000\,recovery:60:20\,burst:60:4000\,recovery:60:20\,burst:60:6000\,recovery:60:20\,burst:60:8000\,recovery:60:20\,burst:60:10000\,recovery:60:20 --duration 1440 --csv artifacts/fanout_bursty_20260928_171604_redis_p64_s1000_u10_bursty/fanout_singlesite/pub_1.csv 
       1>artifacts/fanout_bursty_20260928_171604_redis_p64_s1000_u10_bursty/fanout_singlesite/pub_1.log 2>&1 &
[pub] redis → topic_2 (payload=64, profile=warmup:60:20,baseline:60:20,burst:60:50,recovery:60:20,burst:60:100,recovery:60:20,burst:60:200,recovery:60:20,burst:60:300,recovery:60:20,burst:60:500,recovery:60:20,burst:60:1000,recovery:60:20,burst:60:2000,recovery:60:20,burst:60:4000,recovery:60:20,burst:60:6000,recovery:60:20,burst:60:8000,recovery:60:20,burst:60:10000,recovery:60:20, dur=1440s)
[cmd] ./target/release/mq-bench --snapshot-interval 1 pub --engine redis --connect url=redis://192.168.0.251:6379 --connect pub_mode=buffered --connect publish_queue=8192 --connect publish_batch=256 --connect publish_flush_micros=250 --topic-prefix topic_2 --publishers 1 --payload 64 --rate-profile warmup:60:20\,baseline:60:20\,burst:60:50\,recovery:60:20\,burst:60:100\,recovery:60:20\,burst:60:200\,recovery:60:20\,burst:60:300\,recovery:60:20\,burst:60:500\,recovery:60:20\,burst:60:1000\,recovery:60:20\,burst:60:2000\,recovery:60:20\,burst:60:4000\,recovery:60:20\,burst:60:6000\,recovery:60:20\,burst:60:8000\,recovery:60:20\,burst:60:10000\,recovery:60:20 --duration 1440 --csv artifacts/fanout_bursty_20260928_171604_redis_p64_s1000_u10_bursty/fanout_singlesite/pub_2.csv 
       1>artifacts/fanout_bursty_20260928_171604_redis_p64_s1000_u10_bursty/fanout_singlesite/pub_2.log 2>&1 &
[pub] redis → topic_3 (payload=64, profile=warmup:60:20,baseline:60:20,burst:60:50,recovery:60:20,burst:60:100,recovery:60:20,burst:60:200,recovery:60:20,burst:60:300,recovery:60:20,burst:60:500,recovery:60:20,burst:60:1000,recovery:60:20,burst:60:2000,recovery:60:20,burst:60:4000,recovery:60:20,burst:60:6000,recovery:60:20,burst:60:8000,recovery:60:20,burst:60:10000,recovery:60:20, dur=1440s)
[cmd] ./target/release/mq-bench --snapshot-interval 1 pub --engine redis --connect url=redis://192.168.0.251:6379 --connect pub_mode=buffered --connect publish_queue=8192 --connect publish_batch=256 --connect publish_flush_micros=250 --topic-prefix topic_3 --publishers 1 --payload 64 --rate-profile warmup:60:20\,baseline:60:20\,burst:60:50\,recovery:60:20\,burst:60:100\,recovery:60:20\,burst:60:200\,recovery:60:20\,burst:60:300\,recovery:60:20\,burst:60:500\,recovery:60:20\,burst:60:1000\,recovery:60:20\,burst:60:2000\,recovery:60:20\,burst:60:4000\,recovery:60:20\,burst:60:6000\,recovery:60:20\,burst:60:8000\,recovery:60:20\,burst:60:10000\,recovery:60:20 --duration 1440 --csv artifacts/fanout_bursty_20260928_171604_redis_p64_s1000_u10_bursty/fanout_singlesite/pub_3.csv 
       1>artifacts/fanout_bursty_20260928_171604_redis_p64_s1000_u10_bursty/fanout_singlesite/pub_3.log 2>&1 &
[pub] redis → topic_4 (payload=64, profile=warmup:60:20,baseline:60:20,burst:60:50,recovery:60:20,burst:60:100,recovery:60:20,burst:60:200,recovery:60:20,burst:60:300,recovery:60:20,burst:60:500,recovery:60:20,burst:60:1000,recovery:60:20,burst:60:2000,recovery:60:20,burst:60:4000,recovery:60:20,burst:60:6000,recovery:60:20,burst:60:8000,recovery:60:20,burst:60:10000,recovery:60:20, dur=1440s)
[cmd] ./target/release/mq-bench --snapshot-interval 1 pub --engine redis --connect url=redis://192.168.0.251:6379 --connect pub_mode=buffered --connect publish_queue=8192 --connect publish_batch=256 --connect publish_flush_micros=250 --topic-prefix topic_4 --publishers 1 --payload 64 --rate-profile warmup:60:20\,baseline:60:20\,burst:60:50\,recovery:60:20\,burst:60:100\,recovery:60:20\,burst:60:200\,recovery:60:20\,burst:60:300\,recovery:60:20\,burst:60:500\,recovery:60:20\,burst:60:1000\,recovery:60:20\,burst:60:2000\,recovery:60:20\,burst:60:4000\,recovery:60:20\,burst:60:6000\,recovery:60:20\,burst:60:8000\,recovery:60:20\,burst:60:10000\,recovery:60:20 --duration 1440 --csv artifacts/fanout_bursty_20260928_171604_redis_p64_s1000_u10_bursty/fanout_singlesite/pub_4.csv 
       1>artifacts/fanout_bursty_20260928_171604_redis_p64_s1000_u10_bursty/fanout_singlesite/pub_4.log 2>&1 &
[pub] redis → topic_5 (payload=64, profile=warmup:60:20,baseline:60:20,burst:60:50,recovery:60:20,burst:60:100,recovery:60:20,burst:60:200,recovery:60:20,burst:60:300,recovery:60:20,burst:60:500,recovery:60:20,burst:60:1000,recovery:60:20,burst:60:2000,recovery:60:20,burst:60:4000,recovery:60:20,burst:60:6000,recovery:60:20,burst:60:8000,recovery:60:20,burst:60:10000,recovery:60:20, dur=1440s)
[cmd] ./target/release/mq-bench --snapshot-interval 1 pub --engine redis --connect url=redis://192.168.0.251:6379 --connect pub_mode=buffered --connect publish_queue=8192 --connect publish_batch=256 --connect publish_flush_micros=250 --topic-prefix topic_5 --publishers 1 --payload 64 --rate-profile warmup:60:20\,baseline:60:20\,burst:60:50\,recovery:60:20\,burst:60:100\,recovery:60:20\,burst:60:200\,recovery:60:20\,burst:60:300\,recovery:60:20\,burst:60:500\,recovery:60:20\,burst:60:1000\,recovery:60:20\,burst:60:2000\,recovery:60:20\,burst:60:4000\,recovery:60:20\,burst:60:6000\,recovery:60:20\,burst:60:8000\,recovery:60:20\,burst:60:10000\,recovery:60:20 --duration 1440 --csv artifacts/fanout_bursty_20260928_171604_redis_p64_s1000_u10_bursty/fanout_singlesite/pub_5.csv 
       1>artifacts/fanout_bursty_20260928_171604_redis_p64_s1000_u10_bursty/fanout_singlesite/pub_5.log 2>&1 &
[pub] redis → topic_6 (payload=64, profile=warmup:60:20,baseline:60:20,burst:60:50,recovery:60:20,burst:60:100,recovery:60:20,burst:60:200,recovery:60:20,burst:60:300,recovery:60:20,burst:60:500,recovery:60:20,burst:60:1000,recovery:60:20,burst:60:2000,recovery:60:20,burst:60:4000,recovery:60:20,burst:60:6000,recovery:60:20,burst:60:8000,recovery:60:20,burst:60:10000,recovery:60:20, dur=1440s)
[cmd] ./target/release/mq-bench --snapshot-interval 1 pub --engine redis --connect url=redis://192.168.0.251:6379 --connect pub_mode=buffered --connect publish_queue=8192 --connect publish_batch=256 --connect publish_flush_micros=250 --topic-prefix topic_6 --publishers 1 --payload 64 --rate-profile warmup:60:20\,baseline:60:20\,burst:60:50\,recovery:60:20\,burst:60:100\,recovery:60:20\,burst:60:200\,recovery:60:20\,burst:60:300\,recovery:60:20\,burst:60:500\,recovery:60:20\,burst:60:1000\,recovery:60:20\,burst:60:2000\,recovery:60:20\,burst:60:4000\,recovery:60:20\,burst:60:6000\,recovery:60:20\,burst:60:8000\,recovery:60:20\,burst:60:10000\,recovery:60:20 --duration 1440 --csv artifacts/fanout_bursty_20260928_171604_redis_p64_s1000_u10_bursty/fanout_singlesite/pub_6.csv 
       1>artifacts/fanout_bursty_20260928_171604_redis_p64_s1000_u10_bursty/fanout_singlesite/pub_6.log 2>&1 &
[pub] redis → topic_7 (payload=64, profile=warmup:60:20,baseline:60:20,burst:60:50,recovery:60:20,burst:60:100,recovery:60:20,burst:60:200,recovery:60:20,burst:60:300,recovery:60:20,burst:60:500,recovery:60:20,burst:60:1000,recovery:60:20,burst:60:2000,recovery:60:20,burst:60:4000,recovery:60:20,burst:60:6000,recovery:60:20,burst:60:8000,recovery:60:20,burst:60:10000,recovery:60:20, dur=1440s)
[cmd] ./target/release/mq-bench --snapshot-interval 1 pub --engine redis --connect url=redis://192.168.0.251:6379 --connect pub_mode=buffered --connect publish_queue=8192 --connect publish_batch=256 --connect publish_flush_micros=250 --topic-prefix topic_7 --publishers 1 --payload 64 --rate-profile warmup:60:20\,baseline:60:20\,burst:60:50\,recovery:60:20\,burst:60:100\,recovery:60:20\,burst:60:200\,recovery:60:20\,burst:60:300\,recovery:60:20\,burst:60:500\,recovery:60:20\,burst:60:1000\,recovery:60:20\,burst:60:2000\,recovery:60:20\,burst:60:4000\,recovery:60:20\,burst:60:6000\,recovery:60:20\,burst:60:8000\,recovery:60:20\,burst:60:10000\,recovery:60:20 --duration 1440 --csv artifacts/fanout_bursty_20260928_171604_redis_p64_s1000_u10_bursty/fanout_singlesite/pub_7.csv 
       1>artifacts/fanout_bursty_20260928_171604_redis_p64_s1000_u10_bursty/fanout_singlesite/pub_7.log 2>&1 &
[pub] redis → topic_8 (payload=64, profile=warmup:60:20,baseline:60:20,burst:60:50,recovery:60:20,burst:60:100,recovery:60:20,burst:60:200,recovery:60:20,burst:60:300,recovery:60:20,burst:60:500,recovery:60:20,burst:60:1000,recovery:60:20,burst:60:2000,recovery:60:20,burst:60:4000,recovery:60:20,burst:60:6000,recovery:60:20,burst:60:8000,recovery:60:20,burst:60:10000,recovery:60:20, dur=1440s)
[cmd] ./target/release/mq-bench --snapshot-interval 1 pub --engine redis --connect url=redis://192.168.0.251:6379 --connect pub_mode=buffered --connect publish_queue=8192 --connect publish_batch=256 --connect publish_flush_micros=250 --topic-prefix topic_8 --publishers 1 --payload 64 --rate-profile warmup:60:20\,baseline:60:20\,burst:60:50\,recovery:60:20\,burst:60:100\,recovery:60:20\,burst:60:200\,recovery:60:20\,burst:60:300\,recovery:60:20\,burst:60:500\,recovery:60:20\,burst:60:1000\,recovery:60:20\,burst:60:2000\,recovery:60:20\,burst:60:4000\,recovery:60:20\,burst:60:6000\,recovery:60:20\,burst:60:8000\,recovery:60:20\,burst:60:10000\,recovery:60:20 --duration 1440 --csv artifacts/fanout_bursty_20260928_171604_redis_p64_s1000_u10_bursty/fanout_singlesite/pub_8.csv 
       1>artifacts/fanout_bursty_20260928_171604_redis_p64_s1000_u10_bursty/fanout_singlesite/pub_8.log 2>&1 &
[pub] redis → topic_9 (payload=64, profile=warmup:60:20,baseline:60:20,burst:60:50,recovery:60:20,burst:60:100,recovery:60:20,burst:60:200,recovery:60:20,burst:60:300,recovery:60:20,burst:60:500,recovery:60:20,burst:60:1000,recovery:60:20,burst:60:2000,recovery:60:20,burst:60:4000,recovery:60:20,burst:60:6000,recovery:60:20,burst:60:8000,recovery:60:20,burst:60:10000,recovery:60:20, dur=1440s)
[cmd] ./target/release/mq-bench --snapshot-interval 1 pub --engine redis --connect url=redis://192.168.0.251:6379 --connect pub_mode=buffered --connect publish_queue=8192 --connect publish_batch=256 --connect publish_flush_micros=250 --topic-prefix topic_9 --publishers 1 --payload 64 --rate-profile warmup:60:20\,baseline:60:20\,burst:60:50\,recovery:60:20\,burst:60:100\,recovery:60:20\,burst:60:200\,recovery:60:20\,burst:60:300\,recovery:60:20\,burst:60:500\,recovery:60:20\,burst:60:1000\,recovery:60:20\,burst:60:2000\,recovery:60:20\,burst:60:4000\,recovery:60:20\,burst:60:6000\,recovery:60:20\,burst:60:8000\,recovery:60:20\,burst:60:10000\,recovery:60:20 --duration 1440 --csv artifacts/fanout_bursty_20260928_171604_redis_p64_s1000_u10_bursty/fanout_singlesite/pub_9.csv 
       1>artifacts/fanout_bursty_20260928_171604_redis_p64_s1000_u10_bursty/fanout_singlesite/pub_9.log 2>&1 &
[watch] printing status every 1s...
[status] PUB sent=16 tps=39568 (pubs=10) | SUB recv=0 itps=0 p99=0.00ms conn=0/0,0,0,1000,1000,1000,0,0,0,0,0,0,0,0,0,0,0
[status] PUB sent=219 tps=219 (pubs=10) | SUB recv=16658 itps=16658.50 p99=4.32ms conn=14196735/3879232.73,1840286.11,16658,1000,1000,1000,0,0,0,0,0,0,3476100.21,8277130.30,9622827.11,3879232.73,16658
[status] PUB sent=419 tps=209 (pubs=10) | SUB recv=36651 itps=19992.71 p99=4.16ms conn=15581183/3688663.59,1624351.55,36651,1000,1000,1000,0,0,0,0,0,0,3386197.42,5697015.96,7953170.22,3529882.99,19993
[status] PUB sent=619 tps=206 (pubs=10) | SUB recv=56649 itps=19998.12 p99=4.09ms conn=15581183/3583090.68,1490000.59,56649,1000,1000,1000,0,0,0,0,0,0,3304963.97,5020760.61,7001767.72,3389603.70,19998
[status] PUB sent=819 tps=205 (pubs=10) | SUB recv=83850 itps=7205.53 p99=4.08ms conn=15581183/3523711.40,1342455.85,83850,1000,1000,1000,0,0,0,0,0,0,3533899.04,5120769.31,5538976.31,3539908.24,7205
[status] PUB sent=1019 tps=204 (pubs=10) | SUB recv=114247 itps=17596.55 p99=4.06ms conn=15581183/3477162.49,1269567.30,114247,1000,1000,1000,0,0,0,0,0,0,3373433.50,5389348.24,6173226.65,3445302.97,17596
[status] PUB sent=1419 tps=203 (pubs=10) | SUB recv=136651 itps=20004.70 p99=4.04ms conn=15581183/3457546.73,1242392.17,136651,1000,1000,1000,0,0,0,0,0,0,3288081.94,4963803.58,5541024.55,3309763.90,20004
[status] PUB sent=1620 tps=202 (pubs=10) | SUB recv=156640 itps=19989.03 p99=4.03ms conn=15581183/3435727.46,1208453.19,156640,1000,1000,1000,0,0,0,0,0,0,3274136.88,4841065.27,5319545.24,3286564.19,19989
[status] PUB sent=1819 tps=202 (pubs=10) | SUB recv=176655 itps=20015 p99=4.01ms conn=15581183/3418058.92,1181170.86,176655,1000,1000,1000,0,0,0,0,0,0,3264941.68,4787598.42,5395669.93,3279782.62,20015
[status] PUB sent=2019 tps=202 (pubs=10) | SUB recv=197251 itps=600.02 p99=4.01ms conn=15581183/3414116.25,1158704.47,197251,1000,1000,1000,0,0,0,0,0,0,4964351,6960468.33,8044543,4992803.84,600
[status] PUB sent=2219 tps=202 (pubs=10) | SUB recv=228443 itps=11797.45 p99=4.02ms conn=15581183/3407224.37,1136736.60,228443,1000,1000,1000,0,0,0,0,0,0,3369586.75,5010535.77,6091273.55,3400932.46,11797
[status] PUB sent=2619 tps=201 (pubs=10) | SUB recv=256654 itps=20010.22 p99=4.01ms conn=15581183/3392364.65,1117194.45,256654,1000,1000,1000,0,0,0,0,0,0,3267637.91,4734853.83,5216018.07,3272091.55,20011
[status] PUB sent=2819 tps=201 (pubs=10) | SUB recv=276644 itps=19990.02 p99=4.00ms conn=15581183/3386668.95,1105548.18,276644,1000,1000,1000,0,0,0,0,0,0,3297841.87,4963659.45,5453428.15,3313541.19,19990
[status] PUB sent=3019 tps=201 (pubs=10) | SUB recv=296649 itps=20005.45 p99=4.00ms conn=15581183/3385879.11,1094963.82,296649,1000,1000,1000,0,0,0,0,0,0,3364838.43,4955669.65,5416584.82,3374956.63,20005
[status] PUB sent=3219 tps=201 (pubs=10) | SUB recv=316659 itps=20009.64 p99=4.00ms conn=15581183/3384325.04,1087952.73,316659,1000,1000,1000,0,0,0,0,0,0,3340286.39,5089834.96,5543016.93,3361285.91,20010
[status] PUB sent=3419 tps=201 (pubs=10) | SUB recv=344851 itps=8203.89 p99=4.01ms conn=15581183/3383221.00,1078622.51,344851,1000,1000,1000,0,0,0,0,0,0,3498910.64,5413803.62,6103700.03,3556273.49,8204
[status] PUB sent=3818 tps=201 (pubs=10) | SUB recv=376644 itps=19989.70 p99=4.01ms conn=15581183/3381041.61,1073928.59,376644,1000,1000,1000,0,0,0,0,0,0,3340163.44,5007894.74,5837079.32,3364031.95,19989
[status] PUB sent=4019 tps=201 (pubs=10) | SUB recv=396653 itps=20007.25 p99=4.01ms conn=15581183/3381510.65,1070729.94,396653,1000,1000,1000,0,0,0,0,0,0,3359041.11,5115010.06,5788947.30,3390339.82,20009
[status] PUB sent=4219 tps=201 (pubs=10) | SUB recv=416646 itps=19992.99 p99=4.03ms conn=15581183/3392369.17,1071997.24,416646,1000,1000,1000,0,0,0,0,0,0,3581594.22,5418261.47,6049345.81,3607797.77,19993
[status] PUB sent=4419 tps=201 (pubs=10) | SUB recv=436652 itps=20006.21 p99=4.03ms conn=15581183/3395346.21,1069591.11,436652,1000,1000,1000,0,0,0,0,0,0,3437243.72,5110517.15,5820002.45,3457346.23,20006
[status] PUB sent=4619 tps=201 (pubs=10) | SUB recv=466440 itps=9798.13 p99=4.05ms conn=15581183/3408011.71,1068141.45,466440,1000,1000,1000,0,0,0,0,0,0,3742261.45,5472531.75,5813130.99,3750079.93,9798
[status] PUB sent=5019 tps=201 (pubs=10) | SUB recv=496643 itps=20001.99 p99=4.06ms conn=15581183/3413903.58,1067682.44,496643,1000,1000,1000,0,0,0,0,0,0,3554546.79,5340417.12,5843754.95,3572033.09,20002
[status] PUB sent=5219 tps=201 (pubs=10) | SUB recv=516641 itps=19998.28 p99=4.08ms conn=15581183/3423749.27,1079632.29,516641,1000,1000,1000,0,0,0,0,0,0,3595680.42,5601366.25,7027994.78,3668263.48,19998
[status] PUB sent=5419 tps=201 (pubs=10) | SUB recv=536651 itps=20010.32 p99=4.08ms conn=15581183/3424628.62,1079511.85,536651,1000,1000,1000,0,0,0,0,0,0,3395156.00,5277737.78,6102352.03,3447332.67,20010
[status] PUB sent=5619 tps=201 (pubs=10) | SUB recv=556647 itps=19995.96 p99=4.08ms conn=15581183/3426487.87,1081550.88,556647,1000,1000,1000,0,0,0,0,0,0,3426897.24,5277455.13,6261731.96,3476386.16,19996
[status] PUB sent=5819 tps=201 (pubs=10) | SUB recv=589249 itps=12602.95 p99=4.09ms conn=15581183/3431513.63,1081107.59,589249,1000,1000,1000,0,0,0,0,0,0,3555549.63,5334396.63,5787333.70,3581110.89,12603
[status] PUB sent=6219 tps=201 (pubs=10) | SUB recv=616644 itps=19994.17 p99=4.10ms conn=15581183/3434154.47,1080004.86,616644,1000,1000,1000,0,0,0,0,0,0,3539562.81,5275096.33,5788818.81,3548077.90,19994
[status] PUB sent=6419 tps=201 (pubs=10) | SUB recv=636642 itps=19998.31 p99=4.11ms conn=15581183/3438182.98,1079461.23,636642,1000,1000,1000,0,0,0,0,0,0,3555605.86,5270001.12,5779732.94,3562403.37,19998
[status] PUB sent=6619 tps=201 (pubs=10) | SUB recv=656644 itps=20001.52 p99=4.12ms conn=15581183/3443328.88,1079086.88,656644,1000,1000,1000,0,0,0,0,0,0,3607691.07,5348052.12,5834498.30,3607117.25,20002
[status] PUB sent=6819 tps=201 (pubs=10) | SUB recv=682049 itps=5398.34 p99=4.13ms conn=15581183/3451353.48,1079425.09,682049,1000,1000,1000,0,0,0,0,0,0,3853487.80,5507099.08,6114557.58,3882313.32,5398
[status] PUB sent=7219 tps=201 (pubs=10) | SUB recv=716243 itps=19600.05 p99=4.14ms conn=15581183/3454842.16,1078141.78,716243,1000,1000,1000,0,0,0,0,0,0,3607250.24,5391447.76,5841980.59,3621896.28,19601
[status] PUB sent=7419 tps=200 (pubs=10) | SUB recv=736655 itps=20012.66 p99=4.14ms conn=15581183/3457128.51,1077320.25,736655,1000,1000,1000,0,0,0,0,0,0,3527257.26,5266380.65,5787364.34,3538701.92,20012
[status] PUB sent=7620 tps=200 (pubs=10) | SUB recv=756646 itps=19990.85 p99=4.14ms conn=15581183/3457072.14,1078588.48,756646,1000,1000,1000,0,0,0,0,0,0,3405394.67,5337622.79,6233738.30,3454994.77,19991
[status] PUB sent=7819 tps=200 (pubs=10) | SUB recv=776652 itps=20007.09 p99=4.15ms conn=15581183/3458930.90,1079123.23,776652,1000,1000,1000,0,0,0,0,0,0,3487079.85,5361218.31,6065509.19,3529230.92,20006
[status] PUB sent=8019 tps=200 (pubs=10) | SUB recv=811657 itps=15007.22 p99=4.14ms conn=15581183/3456267.91,1075254.95,811657,1000,1000,1000,0,0,0,0,0,0,3384442.30,4971098.61,5311784.98,3395391.03,15007
[status] PUB sent=8419 tps=200 (pubs=10) | SUB recv=836646 itps=19990.12 p99=4.15ms conn=15581183/3457978.01,1079672.12,836646,1000,1000,1000,0,0,0,0,0,0,3456769.45,5267848.19,5978595.88,3470645.52,19991
[status] PUB sent=8620 tps=200 (pubs=10) | SUB recv=856654 itps=20009.46 p99=4.15ms conn=15581183/3458157.22,1079279.76,856654,1000,1000,1000,0,0,0,0,0,0,3445317.42,5177397.25,5759227.42,3465650.97,20008
[status] PUB sent=8819 tps=200 (pubs=10) | SUB recv=876656 itps=20002.64 p99=4.15ms conn=15581183/3458343.42,1079583.72,876656,1000,1000,1000,0,0,0,0,0,0,3438673.53,5285336.76,6018659.19,3466318.33,20002
[status] PUB sent=9019 tps=200 (pubs=10) | SUB recv=909242 itps=12589.56 p99=4.16ms conn=15581183/3460017.77,1079497.38,909242,1000,1000,1000,0,0,0,0,0,0,3531692.36,5330600.09,5819156.59,3563298.77,12590
[status] PUB sent=9419 tps=200 (pubs=10) | SUB recv=936653 itps=20010 p99=4.16ms conn=15581183/3459237.32,1078988.75,936653,1000,1000,1000,0,0,0,0,0,0,3444032.68,5213275.63,5781407.82,3464176.26,20010
[status] PUB sent=9619 tps=200 (pubs=10) | SUB recv=956648 itps=19994.85 p99=4.16ms conn=15581183/3460014.02,1078654.66,956648,1000,1000,1000,0,0,0,0,0,0,3484980.27,5242026.41,5728449.51,3496398.30,19995
[status] PUB sent=9819 tps=200 (pubs=10) | SUB recv=976643 itps=19995.66 p99=4.16ms conn=15581183/3460868.30,1077938.73,976643,1000,1000,1000,0,0,0,0,0,0,3490686.51,5179622.17,5678750.96,3501740.66,19995
[status] PUB sent=10019 tps=200 (pubs=10) | SUB recv=1008639 itps=11995.26 p99=4.17ms conn=15581183/3462883.05,1077608.04,1008639,1000,1000,1000,0,0,0,0,0,0,3601991.18,5483259.73,5962050.55,3604175.40,11995
[status] PUB sent=10419 tps=200 (pubs=10) | SUB recv=1036643 itps=20003.70 p99=4.17ms conn=15581183/3463422.51,1079553.32,1036643,1000,1000,1000,0,0,0,0,0,0,3479035.11,5544869.11,6104405.97,3539639.46,20004
[status] PUB sent=10619 tps=200 (pubs=10) | SUB recv=1056646 itps=20003.78 p99=4.17ms conn=15581183/3462887.81,1080284.82,1056646,1000,1000,1000,0,0,0,0,0,0,3383400.76,5335347.28,6087750.72,3435177.27,20003
[status] PUB sent=10819 tps=200 (pubs=10) | SUB recv=1076651 itps=20004.77 p99=4.17ms conn=15581183/3463303.96,1080511.95,1076651,1000,1000,1000,0,0,0,0,0,0,3447274.50,5366188.15,5951468.37,3485284.38,20005
[status] PUB sent=11139 tps=200 (pubs=10) | SUB recv=1110652 itps=14011.81 p99=4.18ms conn=15581183/3465704.47,1080562.46,1110652,1000,1000,1000,0,0,0,0,0,0,3546574.29,5394383.35,5892229.92,3569759.60,14011
[status] PUB sent=11419 tps=200 (pubs=10) | SUB recv=1136651 itps=19999.21 p99=4.18ms conn=15581183/3464902.79,1080345.33,1136651,1000,1000,1000,0,0,0,0,0,0,3446832.05,5300438.67,5996146.90,3479109.76,19999
[status] PUB sent=11620 tps=200 (pubs=10) | SUB recv=1156652 itps=20001.48 p99=4.18ms conn=15581183/3465470.12,1079692.43,1156652,1000,1000,1000,0,0,0,0,0,0,3476589.23,5208177.99,5654790.67,3497711.22,20001
[status] PUB sent=11819 tps=200 (pubs=10) | SUB recv=1177651 itps=997.82 p99=4.18ms conn=15581183/3467112.53,1079501.48,1177651,1000,1000,1000,0,0,0,0,0,0,4844023.82,7333004.60,7996967.02,4860054.06,998
[status] PUB sent=12231 tps=201 (pubs=10) | SUB recv=1216659 itps=20010.56 p99=4.18ms conn=15581183/3466266.06,1080052.66,1216659,1000,1000,1000,0,0,0,0,0,0,3464790.87,5296001.73,5899416.83,3481798.89,20010
[status] PUB sent=12432 tps=201 (pubs=10) | SUB recv=1238626 itps=19989.40 p99=4.18ms conn=15581183/3465977.76,1079817.03,1238626,1000,1000,1000,0,0,0,0,0,0,3444773.73,5204008.60,5700166.77,3455765.03,19990
[status] PUB sent=12630 tps=200 (pubs=10) | SUB recv=1258628 itps=20002.41 p99=4.18ms conn=15581183/3464763.63,1079413.01,1258628,1000,1000,1000,0,0,0,0,0,0,3374235.04,5104262.92,5587929.63,3389578.30,20002
[status] PUB sent=12830 tps=200 (pubs=10) | SUB recv=1285222 itps=6600.56 p99=4.18ms conn=15581183/3464285.80,1079561.55,1285222,1000,1000,1000,0,0,0,0,0,0,3475020.58,5296002.88,5986613.30,3512209.92,6600
[status] PUB sent=13230 tps=200 (pubs=10) | SUB recv=1318625 itps=19996.32 p99=4.18ms conn=15581183/3461815.80,1078893.75,1318625,1000,1000,1000,0,0,0,0,0,0,3359858.22,5074945.87,5568570.20,3378296.40,19996
[status] PUB sent=13431 tps=200 (pubs=10) | SUB recv=1338635 itps=20009.39 p99=4.18ms conn=15581183/3461218.21,1079539.86,1338635,1000,1000,1000,0,0,0,0,0,0,3382996.24,5299152.84,6152505.82,3421837.86,20010
[status] PUB sent=13631 tps=200 (pubs=10) | SUB recv=1358630 itps=19996.37 p99=4.18ms conn=15581183/3459760.87,1079192.88,1358630,1000,1000,1000,0,0,0,0,0,0,3349819.14,5052351.39,5575278.77,3362194.40,19995
[status] PUB sent=14031 tps=200 (pubs=10) | SUB recv=1393832 itps=15202.25 p99=4.18ms conn=15581183/3457960.65,1079078.85,1393832,1000,1000,1000,0,0,0,0,0,0,3325458.23,5040017.21,5641021.35,3340291.37,15203
[status] PUB sent=14231 tps=200 (pubs=10) | SUB recv=1418608 itps=19975.75 p99=4.18ms conn=15581183/3458140.06,1080876.45,1418608,1000,1000,1000,0,0,0,0,0,0,3439632.79,5306869.90,6776678.95,3490765.86,19975
[status] PUB sent=14431 tps=200 (pubs=10) | SUB recv=1438626 itps=20017.73 p99=4.18ms conn=15581183/3456794.09,1081371.50,1438626,1000,1000,1000,0,0,0,0,0,0,3313161.79,5164749.51,5886661.02,3361409.50,20018
[status] PUB sent=14631 tps=200 (pubs=10) | SUB recv=1465228 itps=6598.74 p99=4.18ms conn=15581183/3456417.17,1081414.24,1465228,1000,1000,1000,0,0,0,0,0,0,3451631.29,5273748.28,5987590.64,3484062.86,6599
[status] PUB sent=15032 tps=200 (pubs=10) | SUB recv=1498623 itps=19996.29 p99=4.18ms conn=15581183/3455038.11,1081144.28,1498623,1000,1000,1000,0,0,0,0,0,0,3422541.10,5213344.82,5798785.64,3439588.65,19996
[status] PUB sent=15230 tps=200 (pubs=10) | SUB recv=1518633 itps=20009.41 p99=4.18ms conn=15581183/3455589.05,1080919.55,1518633,1000,1000,1000,0,0,0,0,0,0,3462011.79,5265933.48,5968428.39,3496850.72,20010
[status] PUB sent=15431 tps=200 (pubs=10) | SUB recv=1538625 itps=19992.87 p99=4.18ms conn=15581183/3455754.00,1081333.42,1538625,1000,1000,1000,0,0,0,0,0,0,3425180.76,5339134.39,6140321.57,3468283.85,19992
[status] PUB sent=15830 tps=200 (pubs=10) | SUB recv=1577828 itps=19203.30 p99=4.18ms conn=15581183/3456312.70,1083014.02,1577828,1000,1000,1000,0,0,0,0,0,0,3446024.72,5199280.27,6096783.12,3481690.68,19203
[status] PUB sent=16030 tps=200 (pubs=10) | SUB recv=1598630 itps=20002.02 p99=4.18ms conn=15581183/3456167.55,1083482.51,1598630,1000,1000,1000,0,0,0,0,0,0,3413863.77,5192979.76,5703519.07,3428060.09,20002
[status] PUB sent=16232 tps=200 (pubs=10) | SUB recv=1618632 itps=20002.18 p99=4.18ms conn=15581183/3454348.27,1083148.52,1618632,1000,1000,1000,0,0,0,0,0,0,3278176.65,4984646.49,5549468.96,3308944.65,20002
[status] PUB sent=16630 tps=200 (pubs=10) | SUB recv=1652229 itps=13598.57 p99=4.18ms conn=15581183/3452769.14,1082533.20,1652229,1000,1000,1000,0,0,0,0,0,0,3375093.21,5109539.11,5658893.20,3390690.86,13598
[status] PUB sent=16830 tps=200 (pubs=10) | SUB recv=1678629 itps=19997.71 p99=4.18ms conn=15581183/3451055.95,1081811.62,1678629,1000,1000,1000,0,0,0,0,0,0,3337628.50,5046064.33,5598601.96,3354480.95,19997
[status] PUB sent=17030 tps=200 (pubs=10) | SUB recv=1698634 itps=20004.81 p99=4.18ms conn=15581183/3450275.40,1081164.00,1698634,1000,1000,1000,0,0,0,0,0,0,3364559.56,5074605.57,5620832.41,3384779.64,20005
[status] PUB sent=17230 tps=200 (pubs=10) | SUB recv=1727431 itps=8801.26 p99=4.18ms conn=15581183/3450120.97,1080593.80,1727431,1000,1000,1000,0,0,0,0,0,0,3376837.55,5131158.40,5847618.19,3405072.09,8801
[status] PUB sent=17630 tps=200 (pubs=10) | SUB recv=1758634 itps=20000.29 p99=4.18ms conn=15581183/3446132.44,1078703.24,1758634,1000,1000,1000,0,0,0,0,0,0,3169707.75,4607263.77,5148299.08,3176744.52,20000
[status] PUB sent=17830 tps=200 (pubs=10) | SUB recv=1778626 itps=19991.91 p99=4.17ms conn=15581183/3443920.84,1077513.92,1778626,1000,1000,1000,0,0,0,0,0,0,3240689.07,4786868.73,5311603.17,3249373.43,19992
[status] PUB sent=18031 tps=200 (pubs=10) | SUB recv=1804220 itps=5600.87 p99=4.17ms conn=15581183/3443975.21,1076666.12,1804220,1000,1000,1000,0,0,0,0,0,0,3515664.32,5167107.75,5689234.04,3538228.88,5601
[status] PUB sent=18431 tps=200 (pubs=10) | SUB recv=1838628 itps=19998.64 p99=4.17ms conn=15581183/3443695.09,1075637.13,1838628,1000,1000,1000,0,0,0,0,0,0,3409228.14,5123276.13,5681194.01,3429032.39,19998
[status] PUB sent=18632 tps=200 (pubs=10) | SUB recv=1858624 itps=19996.53 p99=4.17ms conn=15581183/3441945.78,1074542.57,1858624,1000,1000,1000,0,0,0,0,0,0,3267156.42,4870765.31,5338504.70,3281096.62,19996
[status] PUB sent=18830 tps=200 (pubs=10) | SUB recv=1883627 itps=5000.03 p99=4.17ms conn=15581183/3440999.15,1073850.68,1883627,1000,1000,1000,0,0,0,0,0,0,3626269.72,5399346.20,5872679.96,3632875.21,5000
[status] PUB sent=19231 tps=200 (pubs=10) | SUB recv=1918637 itps=20003.69 p99=4.17ms conn=15581183/3440864.97,1073324.35,1918637,1000,1000,1000,0,0,0,0,0,0,3406772.73,5133780.85,5863070.52,3432268.28,20005
[status] PUB sent=19430 tps=200 (pubs=10) | SUB recv=1938635 itps=19999.32 p99=4.17ms conn=15581183/3441189.65,1073444.02,1938635,1000,1000,1000,0,0,0,0,0,0,3433910.85,5353008.72,6041998.20,3472340.27,19998
[status] PUB sent=19632 tps=200 (pubs=10) | SUB recv=1963432 itps=4798.85 p99=4.17ms conn=15581183/3441437.91,1073626.81,1963432,1000,1000,1000,0,0,0,0,0,0,3378497.41,5354084.67,6128000.79,3444277.77,4799
[status] PUB sent=20030 tps=200 (pubs=10) | SUB recv=1998637 itps=20005.97 p99=4.17ms conn=15581183/3437144.68,1071304.97,1998637,1000,1000,1000,0,0,0,0,0,0,3223039.05,4754060.73,5239469.49,3233415.43,20006
[status] PUB sent=20230 tps=200 (pubs=10) | SUB recv=2018623 itps=19986.64 p99=4.16ms conn=15581183/3436644.62,1071297.37,2018623,1000,1000,1000,0,0,0,0,0,0,3331159.23,5229917.56,6097059.16,3386637.71,19986
[status] PUB sent=20430 tps=200 (pubs=10) | SUB recv=2046236 itps=7599.68 p99=4.16ms conn=15581183/3435860.33,1070907.32,2046236,1000,1000,1000,0,0,0,0,0,0,3347185.53,5410168.26,5963451.63,3418592.74,7600
[status] PUB sent=20831 tps=200 (pubs=10) | SUB recv=2078626 itps=19988.04 p99=4.16ms conn=15581183/3434867.68,1073107.99,2078626,1000,1000,1000,0,0,0,0,0,0,3326775.81,5309469.74,7266279.84,3437344.99,19988
[status] PUB sent=21030 tps=200 (pubs=10) | SUB recv=2098631 itps=20004.80 p99=4.16ms conn=15581183/3435159.83,1073109.82,2098631,1000,1000,1000,0,0,0,0,0,0,3421832.72,5305132.47,6201195.17,3465515.27,20005
[status] PUB sent=21431 tps=200 (pubs=10) | SUB recv=2129236 itps=10605.94 p99=4.16ms conn=15581183/3434559.34,1072795.69,2129236,1000,1000,1000,0,0,0,0,0,0,3319569.47,5107187.65,6019124.11,3367645.36,10605
[status] PUB sent=21630 tps=200 (pubs=10) | SUB recv=2158631 itps=19994.58 p99=4.16ms conn=15581183/3433061.86,1072745.71,2158631,1000,1000,1000,0,0,0,0,0,0,3258245.01,4917526.31,5524220.02,3280350.28,19995
[status] PUB sent=21830 tps=200 (pubs=10) | SUB recv=2178625 itps=19994.71 p99=4.16ms conn=15581183/3432994.74,1072349.00,2178625,1000,1000,1000,0,0,0,0,0,0,3396951.27,5162694.79,5782233.54,3425748.42,19994
[status] PUB sent=22230 tps=200 (pubs=10) | SUB recv=2213034 itps=14402.71 p99=4.16ms conn=15581183/3432369.73,1071881.24,2213034,1000,1000,1000,0,0,0,0,0,0,3328222.38,4918709.74,5502193.08,3329246.67,14403
[status] PUB sent=22431 tps=200 (pubs=10) | SUB recv=2238630 itps=19998.02 p99=4.16ms conn=15581183/3431993.15,1071668.58,2238630,1000,1000,1000,0,0,0,0,0,0,3408632.52,5167733.23,5651558.54,3421882.69,19998
[status] PUB sent=22630 tps=200 (pubs=10) | SUB recv=2258641 itps=20010.67 p99=4.16ms conn=15581183/3430607.05,1071475.98,2258641,1000,1000,1000,0,0,0,0,0,0,3238644.65,4966060.34,5725480.77,3275544.47,20011
[status] PUB sent=23030 tps=200 (pubs=10) | SUB recv=2298429 itps=19801.07 p99=4.15ms conn=15581183/3426921.87,1070592.63,2298429,1000,1000,1000,0,0,0,0,0,0,3374878.04,5055414.96,5584784.43,3374177.43,19801
[status] PUB sent=23231 tps=200 (pubs=10) | SUB recv=2318633 itps=20003.65 p99=4.15ms conn=15581183/3426242.22,1070171.52,2318633,1000,1000,1000,0,0,0,0,0,0,3338428.09,4975123.58,5493415.41,3349696.32,20004
[status] PUB sent=23430 tps=200 (pubs=10) | SUB recv=2339632 itps=1000.03 p99=4.15ms conn=15581183/3426403.61,1070261.18,2339632,1000,1000,1000,0,0,0,0,0,0,3926424.60,6160383,6951730.20,3985064.45,1000
[status] PUB sent=23832 tps=200 (pubs=10) | SUB recv=2378630 itps=19997.19 p99=4.15ms conn=15581183/3425077.11,1069793.14,2378630,1000,1000,1000,0,0,0,0,0,0,3330585.81,5055637.29,5564053.99,3351861.45,19997
[status] PUB sent=24030 tps=200 (pubs=10) | SUB recv=2398635 itps=20004.73 p99=4.15ms conn=15581183/3425122.43,1069576.63,2398635,1000,1000,1000,0,0,0,0,0,0,3424375.60,5168713.66,5636690.41,3430511.18,20005
[status] PUB sent=25050 tps=205 (pubs=10) | SUB recv=2468262 itps=24981.82 p99=4.14ms conn=15712255/3409850.54,1088805.86,2468262,1000,1000,1000,0,0,0,0,0,0,2539735.84,4104318.73,4510162.63,2659710.73,24981
[status] PUB sent=25550 tps=208 (pubs=10) | SUB recv=2543247 itps=49979.96 p99=4.12ms conn=15712255/3385476.23,1090496.22,2543247,1000,1000,1000,0,0,0,0,0,0,2507612.08,3950850.59,4573534.09,2600640.37,49980
[status] PUB sent=26050 tps=210 (pubs=10) | SUB recv=2593245 itps=49997.19 p99=4.11ms conn=15712255/3369242.34,1091558.62,2593245,1000,1000,1000,0,0,0,0,0,0,2461128.99,3910314.90,4271629.40,2543473.25,49998
[status] PUB sent=27050 tps=215 (pubs=10) | SUB recv=2691267 itps=47994.39 p99=4.08ms conn=15712255/3340587.35,1093599.22,2691267,1000,1000,1000,0,0,0,0,0,0,2448143.99,4027796.13,4465662.49,2563666.59,47994
[status] PUB sent=27550 tps=217 (pubs=10) | SUB recv=2743255 itps=49990.66 p99=4.07ms conn=15712255/3326325.61,1094366.37,2743255,1000,1000,1000,0,0,0,0,0,0,2483023.73,3969012.35,4946848.44,2591410.01,49988
[status] PUB sent=28050 tps=219 (pubs=10) | SUB recv=2801264 itps=7999.60 p99=4.05ms conn=15712255/3311774.67,1095149.43,2801264,1000,1000,1000,0,0,0,0,0,0,2669184.28,4161461.78,4643597.34,2766679.68,8000
[status] PUB sent=29050 tps=224 (pubs=10) | SUB recv=2893257 itps=49995.38 p99=4.03ms conn=15712255/3288426.63,1095301.55,2893257,1000,1000,1000,0,0,0,0,0,0,2474985.08,4086140.10,5584989.38,2626968.26,49994
[status] PUB sent=29550 tps=226 (pubs=10) | SUB recv=2943259 itps=50000.78 p99=4.02ms conn=15712255/3275981.23,1095347.07,2943259,1000,1000,1000,0,0,0,0,0,0,2453809.90,3973991.29,4402194.33,2555855.33,50002
[status] PUB sent=30550 tps=230 (pubs=10) | SUB recv=3031264 itps=37983.44 p99=4.00ms conn=15712255/3255804.05,1094956.14,3031264,1000,1000,1000,0,0,0,0,0,0,2485541.18,4083614.76,4547952.12,2600030.93,37987
[status] PUB sent=31050 tps=232 (pubs=10) | SUB recv=3093225 itps=49978.29 p99=3.98ms conn=15712255/3241918.15,1094088.46,3093225,1000,1000,1000,0,0,0,0,0,0,2487908.29,4019739.42,4505323.52,2594577.40,49974
[status] PUB sent=31550 tps=234 (pubs=10) | SUB recv=3144778 itps=1500.67 p99=3.97ms conn=15712255/3233112.34,1096498.99,3144778,1000,1000,1000,0,0,0,0,0,0,2558633.67,4470100.33,4984831,2756447.23,1500
[status] PUB sent=32550 tps=238 (pubs=10) | SUB recv=3243266 itps=50004.65 p99=3.95ms conn=15712255/3213566.07,1094138.14,3243266,1000,1000,1000,0,0,0,0,0,0,2503534.86,3889879.04,4405453.04,2583813.66,50007
[status] PUB sent=33050 tps=240 (pubs=10) | SUB recv=3293283 itps=50019.01 p99=3.94ms conn=15712255/3202800.31,1093064.86,3293283,1000,1000,1000,0,0,0,0,0,0,2437420.22,3739055.98,4339255.23,2504713.21,50017
[status] PUB sent=34050 tps=243 (pubs=10) | SUB recv=3385265 itps=41992.68 p99=3.92ms conn=15712255/3185928.07,1090496.88,3385265,1000,1000,1000,0,0,0,0,0,0,2477257.35,3915624.05,4467004.26,2574385.48,41992
[status] PUB sent=34550 tps=245 (pubs=10) | SUB recv=3443248 itps=49988.22 p99=3.91ms conn=15712255/3175219.10,1089214.25,3443248,1000,1000,1000,0,0,0,0,0,0,2482155.79,3979286.93,4413430.15,2577351.23,49988
[status] PUB sent=35050 tps=247 (pubs=10) | SUB recv=3502775 itps=9507.08 p99=3.90ms conn=15712255/3165844.25,1088080.22,3502775,1000,1000,1000,0,0,0,0,0,0,2674767.56,4089691.30,4596551.91,2767038.09,9508
[status] PUB sent=36050 tps=250 (pubs=10) | SUB recv=3593256 itps=50001.59 p99=3.88ms conn=15712255/3151204.62,1087112.04,3593256,1000,1000,1000,0,0,0,0,0,0,2490859.40,4115020.92,5836692.43,2635861.18,50002
[status] PUB sent=36550 tps=252 (pubs=10) | SUB recv=3643275 itps=50018.81 p99=3.87ms conn=15712255/3143255.04,1086041.67,3643275,1000,1000,1000,0,0,0,0,0,0,2462346.47,3930345.24,4848171.80,2572175.16,50019
[status] PUB sent=37550 tps=255 (pubs=10) | SUB recv=3743076 itps=49960.04 p99=3.86ms conn=28327935/3147365.70,1189837.96,3743076,1000,1000,1000,0,0,0,0,0,0,2657600.56,12837227.36,20240127.11,3637304.97,49958
[status] PUB sent=38050 tps=257 (pubs=10) | SUB recv=3793265 itps=50186.25 p99=3.85ms conn=28327935/3152288.70,1245903.69,3793265,1000,1000,1000,0,0,0,0,0,0,2692593.83,10385317.43,17675139.42,3519444.29,50189
[status] PUB sent=39050 tps=260 (pubs=10) | SUB recv=3872257 itps=29001.49 p99=3.85ms conn=28327935/3159313.35,1309251.42,3872257,1000,1000,1000,0,0,0,0,0,0,2762530.76,11842871.99,18172343.70,3735030.11,29003
[status] PUB sent=39550 tps=262 (pubs=10) | SUB recv=3943260 itps=50014.75 p99=3.84ms conn=28327935/3157328.48,1335120.58,3943260,1000,1000,1000,0,0,0,0,0,0,2603137.05,4142760.38,4640845.09,2708551.53,50014
[status] PUB sent=40050 tps=264 (pubs=10) | SUB recv=3993762 itps=500.19 p99=3.83ms conn=49381375/3184587.66,1623307.02,3993762,1000,1000,1000,0,0,0,0,0,0,2705407,4395007,4927487,2818708.48,500
[status] PUB sent=41050 tps=267 (pubs=10) | SUB recv=4093280 itps=50012.67 p99=3.82ms conn=49381375/3170105.06,1611058.41,4093280,1000,1000,1000,0,0,0,0,0,0,2490427.69,4081934.25,4507993.23,2589955.66,50013
[status] PUB sent=41550 tps=268 (pubs=10) | SUB recv=4143242 itps=49959.60 p99=3.81ms conn=49381375/3164170.60,1606133.02,4143242,1000,1000,1000,0,0,0,0,0,0,2514084.19,4269719.55,6071260.03,2677973.40,49962
[status] PUB sent=42550 tps=271 (pubs=10) | SUB recv=4243258 itps=49998.75 p99=3.79ms conn=49381375/3151639.25,1598143.90,4243258,1000,1000,1000,0,0,0,0,0,0,2447239.27,3943239.74,4322310.33,2541583.28,50000
[status] PUB sent=43050 tps=272 (pubs=10) | SUB recv=4293266 itps=50007.46 p99=3.78ms conn=49381375/3144499.41,1592461.81,4293266,1000,1000,1000,0,0,0,0,0,0,2433512.64,3943912.27,4408869.91,2538672.43,50008
[status] PUB sent=44050 tps=275 (pubs=10) | SUB recv=4383263 itps=40003.52 p99=3.77ms conn=49381375/3132663.74,1582498.87,4383263,1000,1000,1000,0,0,0,0,0,0,2498205.33,4120036.40,4545770.05,2603959.29,40002
[status] PUB sent=44550 tps=277 (pubs=10) | SUB recv=4443259 itps=49988.83 p99=3.76ms conn=49381375/3124324.23,1575972.83,4443259,1000,1000,1000,0,0,0,0,0,0,2448563.11,3979886.89,4402527.91,2548488.07,49991
[status] PUB sent=45550 tps=279 (pubs=10) | SUB recv=4511245 itps=18011.60 p99=3.75ms conn=49381375/3116675.33,1568673.78,4511245,1000,1000,1000,0,0,0,0,0,0,2596001.87,4087602.12,4648640.54,2690360.29,18013
[status] PUB sent=46050 tps=281 (pubs=10) | SUB recv=4593254 itps=50083.99 p99=3.74ms conn=49381375/3118108.55,1599532.24,4593254,1000,1000,1000,0,0,0,0,0,0,2685344.70,9563101.88,15758680.70,3356532.58,50084
[status] PUB sent=46550 tps=282 (pubs=10) | SUB recv=4643262 itps=50008.73 p99=3.74ms conn=49381375/3113128.75,1593675.21,4643262,1000,1000,1000,0,0,0,0,0,0,2545524.33,4069499.21,4512589.75,2655731.88,50008
[status] PUB sent=47550 tps=285 (pubs=10) | SUB recv=4743253 itps=49992.97 p99=3.72ms conn=49381375/3103487.80,1582211.01,4743253,1000,1000,1000,0,0,0,0,0,0,2577684.88,3976891.20,4815005.46,2675308.95,49992
[status] PUB sent=48050 tps=286 (pubs=10) | SUB recv=4793246 itps=49991.38 p99=3.72ms conn=49381375/3098206.73,1576643.06,4793246,1000,1000,1000,0,0,0,0,0,0,2520882.38,3957690.48,4448735.77,2597147.50,49993
[status] PUB sent=49050 tps=288 (pubs=10) | SUB recv=4893249 itps=50002.20 p99=3.71ms conn=49381375/3091346.40,1568042.10,4893249,1000,1000,1000,0,0,0,0,0,0,2555465.52,4391177.39,6806278.10,2744221.85,50002
[status] PUB sent=49550 tps=290 (pubs=10) | SUB recv=4943229 itps=49979.44 p99=3.70ms conn=49381375/3088582.88,1563445.34,4943229,1000,1000,1000,0,0,0,0,0,0,2663671.56,4321643.32,6335508.96,2818022.76,49980
[status] PUB sent=50550 tps=292 (pubs=10) | SUB recv=5043274 itps=50018.68 p99=3.69ms conn=49381375/3080200.97,1553294.59,5043274,1000,1000,1000,0,0,0,0,0,0,2553113.78,3999133.71,4649104.07,2641218.73,50019
[status] PUB sent=51050 tps=293 (pubs=10) | SUB recv=5093244 itps=49968.89 p99=3.68ms conn=49381375/3075333.44,1548015.37,5093244,1000,1000,1000,0,0,0,0,0,0,2521216.39,3792859.10,4177177.47,2584072.81,49970
[status] PUB sent=52050 tps=296 (pubs=10) | SUB recv=5191774 itps=48535.75 p99=3.68ms conn=49381375/3075646.27,1565129.98,5191774,1000,1000,1000,0,0,0,0,0,0,2598927.33,4186729.28,4662283.43,2724462.63,48537
[status] PUB sent=52550 tps=297 (pubs=10) | SUB recv=5243259 itps=49991.87 p99=3.67ms conn=49381375/3071307.88,1559845.59,5243259,1000,1000,1000,0,0,0,0,0,0,2553330.34,3962457.78,4489869.89,2636428.38,49992
[status] PUB sent=53550 tps=299 (pubs=10) | SUB recv=5333740 itps=40615.87 p99=3.66ms conn=49381375/3072758.41,1586399.33,5333740,1000,1000,1000,0,0,0,0,0,0,2642271.79,9717292.70,17023653.25,3355545.14,40613
[status] PUB sent=54050 tps=300 (pubs=10) | SUB recv=5393249 itps=50003.37 p99=3.66ms conn=49381375/3067851.63,1580272.63,5393249,1000,1000,1000,0,0,0,0,0,0,2546578.25,3972310.93,4843113.68,2652913.12,50007
[status] PUB sent=54470 tps=299 (pubs=10) | SUB recv=5435776 itps=13192.59 p99=3.66ms conn=49381375/3068838.23,1576920.88,5435776,1000,1000,1000,0,0,0,0,0,0,3530234.50,5354256.54,5943325.74,3559750.91,13192
[status] PUB sent=54670 tps=299 (pubs=10) | SUB recv=5462581 itps=20003.68 p99=3.66ms conn=49381375/3071056.10,1575278.18,5462581,1000,1000,1000,0,0,0,0,0,0,3539113.86,5320755.83,5808131.09,3559991.79,20005
[status] PUB sent=55070 tps=298 (pubs=10) | SUB recv=5493175 itps=10609.97 p99=3.67ms conn=49381375/3073662.64,1573428.18,5493175,1000,1000,1000,0,0,0,0,0,0,3542132.17,5304074.63,5891757.59,3565428.59,10610
[status] PUB sent=55270 tps=297 (pubs=10) | SUB recv=5522570 itps=19990.13 p99=3.67ms conn=49381375/3076052.66,1571644.62,5522570,1000,1000,1000,0,0,0,0,0,0,3508155.38,5222848.15,5710181.17,3521036.58,19990
[status] PUB sent=55670 tps=296 (pubs=10) | SUB recv=5552577 itps=10003.07 p99=3.68ms conn=49381375/3078763.15,1570042.09,5552577,1000,1000,1000,0,0,0,0,0,0,3567008.15,5380525.97,5973209.35,3595295.48,10003
[status] PUB sent=55870 tps=296 (pubs=10) | SUB recv=5582572 itps=19993.49 p99=3.68ms conn=49381375/3081246.57,1568463.90,5582572,1000,1000,1000,0,0,0,0,0,0,3527580.97,5438624.53,6255600.76,3565651.22,19994
[status] PUB sent=56270 tps=295 (pubs=10) | SUB recv=5612180 itps=9604.77 p99=3.69ms conn=49381375/3083921.91,1566838.59,5612180,1000,1000,1000,0,0,0,0,0,0,3573328.29,5289996.86,5833518.36,3602046.87,9605
[status] PUB sent=56470 tps=294 (pubs=10) | SUB recv=5642574 itps=19993.43 p99=3.69ms conn=49381375/3086409.38,1565167.23,5642574,1000,1000,1000,0,0,0,0,0,0,3592855.19,5479079.07,6044255.37,3621432.42,19993
[status] PUB sent=56870 tps=293 (pubs=10) | SUB recv=5672773 itps=10196.26 p99=3.70ms conn=49381375/3089059.83,1563511.70,5672773,1000,1000,1000,0,0,0,0,0,0,3561682.11,5440880.19,5917513.02,3597028.03,10196
[status] PUB sent=57070 tps=293 (pubs=10) | SUB recv=5702573 itps=20002.09 p99=3.70ms conn=49381375/3091837.36,1562240.25,5702573,1000,1000,1000,0,0,0,0,0,0,3637326.66,5606469.75,6176007.27,3672328.98,20002
[status] PUB sent=57470 tps=292 (pubs=10) | SUB recv=5733977 itps=11408.50 p99=3.70ms conn=49381375/3093986.69,1560250.79,5733977,1000,1000,1000,0,0,0,0,0,0,3378846.42,4966049.29,5660445.52,3402091.18,11408
[status] PUB sent=57670 tps=291 (pubs=10) | SUB recv=5762575 itps=19995.11 p99=3.71ms conn=49381375/3095518.34,1558749.06,5762575,1000,1000,1000,0,0,0,0,0,0,3382772.94,5097471.92,7023562.51,3452529.54,19995
[status] PUB sent=58070 tps=290 (pubs=10) | SUB recv=5796564 itps=13999.22 p99=3.71ms conn=49381375/3098265.06,1557164.94,5796564,1000,1000,1000,0,0,0,0,0,0,3660650.14,5851835.61,7056248.33,3748307.12,13999
[status] PUB sent=58270 tps=290 (pubs=10) | SUB recv=5822572 itps=20002.07 p99=3.71ms conn=49381375/3100257.03,1555849.65,5822572,1000,1000,1000,0,0,0,0,0,0,3523844.03,5362281.20,5991368.07,3554206.86,20003
[status] PUB sent=58670 tps=289 (pubs=10) | SUB recv=5859978 itps=17403.54 p99=3.72ms conn=49381375/3103615.06,1554044.50,5859978,1000,1000,1000,0,0,0,0,0,0,3640449.85,5507906.72,5944817.94,3670666.68,17404
[status] PUB sent=58870 tps=289 (pubs=10) | SUB recv=5882578 itps=20004.24 p99=3.72ms conn=49381375/3105048.82,1552697.92,5882578,1000,1000,1000,0,0,0,0,0,0,3486272.42,5231541.49,5812225.87,3495932.60,20004
[status] PUB sent=59270 tps=288 (pubs=10) | SUB recv=5922564 itps=19991.47 p99=3.73ms conn=49381375/3108441.76,1551280.23,5922564,1000,1000,1000,0,0,0,0,0,0,3541092.93,5849520.76,6889594.75,3635081.88,19991
[status] PUB sent=59470 tps=287 (pubs=10) | SUB recv=5942563 itps=19998.51 p99=3.73ms conn=49381375/3109925.95,1550327.18,5942563,1000,1000,1000,0,0,0,0,0,0,3511145.13,5448445.60,6184069.51,3549459.09,19999
[status] PUB sent=59870 tps=286 (pubs=10) | SUB recv=5982575 itps=19997.30 p99=3.74ms conn=49381375/3113063.44,1548432.47,5982575,1000,1000,1000,0,0,0,0,0,0,3598738.29,5325696.52,5789688.45,3603595.56,19998
[status] PUB sent=60070 tps=286 (pubs=10) | SUB recv=6002578 itps=20003.30 p99=3.74ms conn=49381375/3114596.18,1547534.93,6002578,1000,1000,1000,0,0,0,0,0,0,3540135.47,5500160.55,6103260.36,3573015.92,20003
[status] PUB sent=60470 tps=285 (pubs=10) | SUB recv=6042568 itps=19986.45 p99=3.74ms conn=49381375/3117444.50,1545484.83,6042568,1000,1000,1000,0,0,0,0,0,0,3538961.55,5354783.93,6109853.10,3564705.86,19985
[status] PUB sent=60870 tps=284 (pubs=10) | SUB recv=6062577 itps=20008.75 p99=3.75ms conn=49381375/3118700.72,1544372.69,6062577,1000,1000,1000,0,0,0,0,0,0,3482753.35,5234216.58,5806929.46,3498072.10,20009
[status] PUB sent=61070 tps=284 (pubs=10) | SUB recv=6102564 itps=19988.49 p99=3.75ms conn=49381375/3121588.28,1542356.12,6102564,1000,1000,1000,0,0,0,0,0,0,3533186.69,5369727.54,6076985.78,3568643.18,19989
[status] PUB sent=61470 tps=283 (pubs=10) | SUB recv=6127179 itps=4601.17 p99=3.76ms conn=49381375/3123511.30,1541185.77,6127179,1000,1000,1000,0,0,0,0,0,0,3922733.57,5728385.42,6153504.11,3921672.96,4601
[status] PUB sent=61670 tps=283 (pubs=10) | SUB recv=6162574 itps=20007.65 p99=3.76ms conn=49381375/3125682.18,1539287.79,6162574,1000,1000,1000,0,0,0,0,0,0,3559072.44,5367938.52,5845938.59,3569874.36,20009
[status] PUB sent=62070 tps=282 (pubs=10) | SUB recv=6197770 itps=15207.60 p99=3.76ms conn=49381375/3128345.76,1537628.12,6197770,1000,1000,1000,0,0,0,0,0,0,3621942.48,5353235.60,5877331.84,3627382.44,15208
[status] PUB sent=62270 tps=282 (pubs=10) | SUB recv=6222577 itps=20002.92 p99=3.77ms conn=49381375/3129784.09,1536299.63,6222577,1000,1000,1000,0,0,0,0,0,0,3483930.28,5302194.83,5962826.97,3508293.34,20004
[status] PUB sent=62670 tps=281 (pubs=10) | SUB recv=6262575 itps=20000.78 p99=3.77ms conn=49381375/3132575.77,1534454.86,6262575,1000,1000,1000,0,0,0,0,0,0,3552613.95,5362453.90,5877212.62,3568404.13,20001
[status] PUB sent=62870 tps=281 (pubs=10) | SUB recv=6282570 itps=19994.58 p99=3.77ms conn=49381375/3133877.37,1533470.31,6282570,1000,1000,1000,0,0,0,0,0,0,3519128.66,5376287.74,5922984.21,3541547.81,19995
[status] PUB sent=63270 tps=280 (pubs=10) | SUB recv=6322563 itps=19986.67 p99=3.78ms conn=49381375/3136645.03,1531635.48,6322563,1000,1000,1000,0,0,0,0,0,0,3549035.76,5381258.71,5812354.77,3564037.89,19987
[status] PUB sent=63670 tps=279 (pubs=10) | SUB recv=6342566 itps=20002.54 p99=3.78ms conn=49381375/3138082.46,1530981.56,6342566,1000,1000,1000,0,0,0,0,0,0,3528134.66,5541913.01,6610509.71,3592429.10,20003
[status] PUB sent=63870 tps=279 (pubs=10) | SUB recv=6382573 itps=19994.56 p99=3.79ms conn=49381375/3140518.19,1528937.58,6382573,1000,1000,1000,0,0,0,0,0,0,3513132.40,5281695.33,5763478.26,3530864.01,19994
[status] PUB sent=64270 tps=278 (pubs=10) | SUB recv=6415978 itps=13395.49 p99=3.79ms conn=49381375/3142817.91,1527498.28,6415978,1000,1000,1000,0,0,0,0,0,0,3602042.35,5398248.73,5956789.63,3636574.01,13395
[status] PUB sent=64470 tps=278 (pubs=10) | SUB recv=6442574 itps=20000.37 p99=3.79ms conn=49381375/3144298.17,1526249.87,6442574,1000,1000,1000,0,0,0,0,0,0,3540246.18,5371687.25,6156353.97,3567437.19,20001
[status] PUB sent=64870 tps=277 (pubs=10) | SUB recv=6482580 itps=20013.65 p99=3.80ms conn=49381375/3146847.69,1524394.21,6482580,1000,1000,1000,0,0,0,0,0,0,3516960.72,5339294.22,5858032.96,3550101.96,20014
[status] PUB sent=65070 tps=277 (pubs=10) | SUB recv=6502583 itps=20002.62 p99=3.80ms conn=49381375/3148167.26,1523649.34,6502583,1000,1000,1000,0,0,0,0,0,0,3519280.03,5396206.04,6697108.69,3575813.66,20003
[status] PUB sent=65470 tps=276 (pubs=10) | SUB recv=6542581 itps=20008.41 p99=3.80ms conn=49381375/3150721.48,1521781.91,6542581,1000,1000,1000,0,0,0,0,0,0,3571386.95,5370769.02,5849355.17,3594694.35,20009
[status] PUB sent=65870 tps=276 (pubs=10) | SUB recv=6567768 itps=5200.87 p99=3.81ms conn=49381375/3152477.47,1520624.48,6567768,1000,1000,1000,0,0,0,0,0,0,3776325.93,5517403.93,6071649.98,3791398.59,5201
[status] PUB sent=66070 tps=275 (pubs=10) | SUB recv=6602568 itps=19988.07 p99=3.81ms conn=49381375/3154578.05,1519041.45,6602568,1000,1000,1000,0,0,0,0,0,0,3526038.69,5266950.48,5758572.12,3539279.92,19988
[status] PUB sent=68090 tps=281 (pubs=10) | SUB recv=6783212 itps=99998.66 p99=3.89ms conn=49381375/3530869.16,2824975.72,6783212,1000,1000,1000,0,0,0,0,0,0,18041409.70,24049616.49,25034109.85,17980522.45,99993
[status] PUB sent=69090 tps=284 (pubs=10) | SUB recv=6883305 itps=100087.10 p99=3.94ms conn=49381375/3740536.15,3321577.62,6883305,1000,1000,1000,0,0,0,0,0,0,17816177.94,23805071.34,24818012.35,17949478.20,100093
[status] PUB sent=71090 tps=290 (pubs=10) | SUB recv=7083310 itps=100107.73 p99=4.04ms conn=49381375/4147477.12,4098150.49,7083310,1000,1000,1000,0,0,0,0,0,0,18068411.39,23960836.81,25289456.36,18117143.64,100106
[status] PUB sent=73090 tps=296 (pubs=10) | SUB recv=7193101 itps=9958.49 p99=4.10ms conn=49381375/4355755.80,4419086.72,7193101,1000,1000,1000,0,0,0,0,0,0,17632395.97,23696104.66,24629956.47,17720057.70,9959
[status] PUB sent=74090 tps=299 (pubs=10) | SUB recv=7383114 itps=99836.61 p99=4.20ms conn=49381375/4710179.22,4914651.25,7383114,1000,1000,1000,0,0,0,0,0,0,18167185.08,23903674.38,26137332.41,18207650.38,99835
[status] PUB sent=76090 tps=304 (pubs=10) | SUB recv=7583014 itps=99814.66 p99=4.32ms conn=49381375/5083643.52,5392438.12,7583014,1000,1000,1000,0,0,0,0,0,0,19574615.98,26105830.01,28591899.54,19641162.56,99814
[status] PUB sent=77090 tps=307 (pubs=10) | SUB recv=7683125 itps=100112 p99=4.38ms conn=49381375/5279778.06,5641186.47,7683125,1000,1000,1000,0,0,0,0,0,0,20111695.73,26370867.50,27951494.63,20136197.28,100111
[status] PUB sent=79090 tps=313 (pubs=10) | SUB recv=7883057 itps=99964.25 p99=4.52ms conn=49381375/5655026.54,6067916.87,7883057,1000,1000,1000,0,0,0,0,0,0,19957282.03,26146458.67,27321732.36,20027798.77,99960
[status] PUB sent=81090 tps=318 (pubs=10) | SUB recv=8009042 itps=26009.51 p99=4.63ms conn=49381375/5880655.65,6297849.07,8009042,1000,1000,1000,0,0,0,0,0,0,19868480.25,26378155.20,28216043.82,19995736.21,26004
[status] PUB sent=82090 tps=321 (pubs=10) | SUB recv=8183193 itps=100038.88 p99=4.79ms conn=49381375/6153223.77,6525335.25,8183193,1000,1000,1000,0,0,0,0,0,0,18042025.34,24099315.36,26627139.48,18160642.72,100042
[status] PUB sent=84090 tps=326 (pubs=10) | SUB recv=8383305 itps=100065.02 p99=5.07ms conn=49381375/6431784.68,6712015.56,8383305,1000,1000,1000,0,0,0,0,0,0,17836299.43,23754948.70,24784419.53,17967616.06,100068
[status] PUB sent=86090 tps=331 (pubs=10) | SUB recv=8483194 itps=99888.88 p99=5.26ms conn=49381375/6569135.86,6801507.49,8483194,1000,1000,1000,0,0,0,0,0,0,18121668.93,23797481.72,25572550.97,18096499.02,99889
[status] PUB sent=87090 tps=334 (pubs=10) | SUB recv=8683195 itps=99912.13 p99=5.96ms conn=49381375/6837048.07,6967653.04,8683195,1000,1000,1000,0,0,0,0,0,0,18140290.77,23968283.08,25719526.84,18199329.35,99917
[status] PUB sent=89090 tps=339 (pubs=10) | SUB recv=8870230 itps=86976.29 p99=12.12ms conn=49381375/7072682.07,7098504.33,8870230,1000,1000,1000,0,0,0,0,0,0,17997046.23,23825539.28,25850683.24,18065193.79,86975
[status] PUB sent=90090 tps=341 (pubs=10) | SUB recv=8983215 itps=99984.48 p99=12.93ms conn=49381375/7213190.58,7175231.36,8983215,1000,1000,1000,0,0,0,0,0,0,18175352.49,24086780.31,26212013.62,18251455.11,99985
[status] PUB sent=92090 tps=346 (pubs=10) | SUB recv=9183219 itps=99850.01 p99=13.67ms conn=49381375/7452195.71,7296112.98,9183219,1000,1000,1000,0,0,0,0,0,0,18195005.73,24315180.36,26164711.41,18309588.11,99847
[status] PUB sent=94090 tps=351 (pubs=10) | SUB recv=9316324 itps=32980.96 p99=14.04ms conn=49381375/7601749.37,7361963.39,9316324,1000,1000,1000,0,0,0,0,0,0,17700048.37,23246016.97,24396116.75,17751514.13,32984
[status] PUB sent=95090 tps=354 (pubs=10) | SUB recv=9483233 itps=99974.48 p99=14.45ms conn=49381375/7787593.99,7445477.93,9483233,1000,1000,1000,0,0,0,0,0,0,18246616.92,24393208.00,28040538.47,18429379.86,99970
[status] PUB sent=97090 tps=358 (pubs=10) | SUB recv=9683236 itps=100004.10 p99=14.88ms conn=49381375/8013330.67,7555260.89,9683236,1000,1000,1000,0,0,0,0,0,0,18627781.12,26282345.81,33833505.88,18975196.39,100004
[status] PUB sent=99090 tps=363 (pubs=10) | SUB recv=9783200 itps=99968.38 p99=15.08ms conn=49381375/8116912.63,7595467.65,9783200,1000,1000,1000,0,0,0,0,0,0,18047756.96,24221438.25,27088003.80,18150610.47,99964
[status] PUB sent=100090 tps=365 (pubs=10) | SUB recv=9983383 itps=100177.11 p99=15.45ms conn=49381375/8324232.43,7680749.19,9983383,1000,1000,1000,0,0,0,0,0,0,17913143.55,24128782.70,29081607.51,18019517.38,100170
[status] PUB sent=102090 tps=370 (pubs=10) | SUB recv=10183402 itps=100232.02 p99=15.76ms conn=49381375/8515562.74,7743906.10,10183402,1000,1000,1000,0,0,0,0,0,0,17609982.19,24605485.62,28845210.39,17790262.07,100230
[status] PUB sent=104090 tps=374 (pubs=10) | SUB recv=10283290 itps=99887.90 p99=15.90ms conn=49381375/8607332.87,7771837.87,10283290,1000,1000,1000,0,0,0,0,0,0,17784201.97,23979423.62,29400129.92,17963132.56,99888
[status] PUB sent=105090 tps=377 (pubs=10) | SUB recv=10483205 itps=99975.21 p99=16.17ms conn=49381375/8788815.75,7823932.50,10483205,1000,1000,1000,0,0,0,0,0,0,18296550.33,24512506.31,27698621.99,18407320.43,99981
[status] PUB sent=107090 tps=381 (pubs=10) | SUB recv=10683213 itps=100017.07 p99=16.44ms conn=49381375/8973755.76,7884530.14,10683213,1000,1000,1000,0,0,0,0,0,0,18592362.32,25315837.20,31107170.12,18796888.69,100019
[status] PUB sent=109090 tps=386 (pubs=10) | SUB recv=10783182 itps=99970.54 p99=16.54ms conn=49381375/9056452.53,7902364.14,10783182,1000,1000,1000,0,0,0,0,0,0,17814160.33,23700137.36,25507197.22,17893864.62,99969
[status] PUB sent=110090 tps=388 (pubs=10) | SUB recv=10983243 itps=99985.59 p99=16.75ms conn=49381375/9221226.61,7938665.81,10983243,1000,1000,1000,0,0,0,0,0,0,18205670.44,24136727.11,26259391.84,18273965.32,99994
[status] PUB sent=112090 tps=392 (pubs=10) | SUB recv=11180272 itps=97036.78 p99=16.95ms conn=49381375/9383909.53,7977201.40,11180272,1000,1000,1000,0,0,0,0,0,0,18278100.37,24201601.09,26388019.62,18318849.46,97028
[status] PUB sent=114090 tps=396 (pubs=10) | SUB recv=11283260 itps=99986.43 p99=17.04ms conn=49381375/9462949.33,7991059.44,11283260,1000,1000,1000,0,0,0,0,0,0,17930837.17,23801379.97,25787410.70,18036690.28,99988
[status] PUB sent=115090 tps=398 (pubs=10) | SUB recv=11483237 itps=99996.64 p99=17.20ms conn=49381375/9612876.55,8015435.05,11483237,1000,1000,1000,0,0,0,0,0,0,17876549.29,23611066.60,24847880.34,17966819.04,100000
[status] PUB sent=117090 tps=402 (pubs=10) | SUB recv=11673240 itps=90033.09 p99=17.35ms conn=49381375/9750324.78,8035619.27,11673240,1000,1000,1000,0,0,0,0,0,0,18065827.62,23851633.05,25625207.19,18135628.67,90033
[status] PUB sent=119090 tps=406 (pubs=10) | SUB recv=11783333 itps=100032.95 p99=17.43ms conn=49381375/9827896.12,8045411.79,11783333,1000,1000,1000,0,0,0,0,0,0,17970792.60,23826534.80,24750286.00,18060613.42,100037
[status] PUB sent=120090 tps=408 (pubs=10) | SUB recv=11983205 itps=99980.24 p99=17.58ms conn=49381375/9969812.49,8066547.71,11983205,1000,1000,1000,0,0,0,0,0,0,18679921.34,24698567.64,26868407.19,18720130.97,99978
[status] PUB sent=122090 tps=412 (pubs=10) | SUB recv=12183285 itps=100082.41 p99=17.70ms conn=49381375/10101048.20,8077992.71,12183285,1000,1000,1000,0,0,0,0,0,0,17827158.07,23696080.88,25096161.25,17896301.19,100085
[status] PUB sent=124090 tps=416 (pubs=10) | SUB recv=12283226 itps=99944.03 p99=17.76ms conn=49381375/10165939.41,8083330.07,12283226,1000,1000,1000,0,0,0,0,0,0,18028950.24,23755535.38,24582356.14,18076487.48,99941
[status] PUB sent=125090 tps=418 (pubs=10) | SUB recv=12483213 itps=99951.53 p99=17.87ms conn=49381375/10293517.32,8093846.28,12483213,1000,1000,1000,0,0,0,0,0,0,18178363.44,23993540.12,25971399.85,18202497.01,99953
[status] PUB sent=126310 tps=420 (pubs=10) | SUB recv=12626526 itps=43202.84 p99=17.93ms conn=49381375/10362641.17,8095377.94,12626526,1000,1000,1000,0,0,0,0,0,0,13609234.87,22702996.77,23663134.59,12649920.75,43206
[status] PUB sent=126710 tps=418 (pubs=10) | SUB recv=12646518 itps=19992.65 p99=17.92ms conn=49381375/10351872.70,8093621.90,12646518,1000,1000,1000,0,0,0,0,0,0,3535835.86,5302146.84,5790159.88,3550730.91,19992
[status] PUB sent=126910 tps=418 (pubs=10) | SUB recv=12686522 itps=19989.66 p99=17.90ms conn=49381375/10330400.71,8090102.17,12686522,1000,1000,1000,0,0,0,0,0,0,3571207.04,5358389.48,5782397.60,3583912.46,19990
[status] PUB sent=127310 tps=416 (pubs=10) | SUB recv=12726525 itps=20003.76 p99=17.88ms conn=49381375/10309164.36,8086467.13,12726525,1000,1000,1000,0,0,0,0,0,0,3538985.59,5249712.70,5778978.14,3551462.04,20005
[status] PUB sent=127710 tps=415 (pubs=10) | SUB recv=12755721 itps=9193.69 p99=17.87ms conn=49381375/10293660.17,8083882.92,12755721,1000,1000,1000,0,0,0,0,0,0,3553458.99,5226861.21,5760573.48,3549769.23,9194
[status] PUB sent=128110 tps=413 (pubs=10) | SUB recv=12786521 itps=20000.29 p99=17.85ms conn=49381375/10277289.81,8081175.72,12786521,1000,1000,1000,0,0,0,0,0,0,3448824.96,5179120.46,5749168.15,3465000.91,20000
[status] PUB sent=128310 tps=413 (pubs=10) | SUB recv=12826523 itps=20001.62 p99=17.83ms conn=49381375/10256141.15,8077651.62,12826523,1000,1000,1000,0,0,0,0,0,0,3460880.43,5152917.92,5667838.69,3476303.07,20002
[status] PUB sent=128710 tps=411 (pubs=10) | SUB recv=12866515 itps=19987.70 p99=17.81ms conn=49381375/10235238.79,8074018.28,12866515,1000,1000,1000,0,0,0,0,0,0,3520668.39,5491641.89,6123340.30,3563307.95,19987
[status] PUB sent=129110 tps=410 (pubs=10) | SUB recv=12886521 itps=20005.47 p99=17.80ms conn=49381375/10224813.53,8072204.86,12886521,1000,1000,1000,0,0,0,0,0,0,3502732.22,5239564.69,6010084.61,3519990.76,20006
[status] PUB sent=129310 tps=409 (pubs=10) | SUB recv=12926512 itps=19998.21 p99=17.78ms conn=49381375/10204254.06,8068403.20,12926512,1000,1000,1000,0,0,0,0,0,0,3512468.42,5279830.46,5843169.24,3538804.61,19997
[status] PUB sent=129710 tps=408 (pubs=10) | SUB recv=12966523 itps=19999.46 p99=17.76ms conn=49381375/10183765.78,8064597.47,12966523,1000,1000,1000,0,0,0,0,0,0,3524287.99,5347707.97,5808089.11,3547819.74,19998
[status] PUB sent=130110 tps=407 (pubs=10) | SUB recv=13002129 itps=15609.80 p99=17.74ms conn=49381375/10165784.08,8061091.63,13002129,1000,1000,1000,0,0,0,0,0,0,3691646.92,5610556.01,6215853.23,3721155.71,15610
[status] PUB sent=130510 tps=405 (pubs=10) | SUB recv=13026530 itps=19996.52 p99=17.73ms conn=49381375/10153432.45,8058722.76,13026530,1000,1000,1000,0,0,0,0,0,0,3562741.49,5373297.93,6141365.64,3594965.40,19995
[status] PUB sent=130710 tps=405 (pubs=10) | SUB recv=13066521 itps=20004.89 p99=17.71ms conn=49381375/10133273.34,8054833.19,13066521,1000,1000,1000,0,0,0,0,0,0,3587871.41,5371382.43,6124055.44,3609971.72,20005
[status] PUB sent=131110 tps=403 (pubs=10) | SUB recv=13106534 itps=20018.27 p99=17.69ms conn=49381375/10113037.85,8051064.86,13106534,1000,1000,1000,0,0,0,0,0,0,3412194.12,5071104.82,5577922.72,3435588.44,20018
[status] PUB sent=131510 tps=402 (pubs=10) | SUB recv=13137131 itps=10594.16 p99=17.67ms conn=49381375/10097527.54,8048256.96,13137131,1000,1000,1000,0,0,0,0,0,0,3466637.04,5090854.53,5429678.87,3485566.67,10594
[status] PUB sent=131910 tps=401 (pubs=10) | SUB recv=13166529 itps=20005.98 p99=17.66ms conn=49381375/10082684.74,8045527.99,13166529,1000,1000,1000,0,0,0,0,0,0,3443628.59,5335196.65,6175103.70,3492971.54,20006
[status] PUB sent=132110 tps=400 (pubs=10) | SUB recv=13206529 itps=20010.07 p99=17.64ms conn=49381375/10062874.65,8041603.14,13206529,1000,1000,1000,0,0,0,0,0,0,3478772.70,5495875.01,6128841.81,3545003.28,20009
[status] PUB sent=132510 tps=399 (pubs=10) | SUB recv=13246522 itps=19998.60 p99=17.62ms conn=49381375/10042951.49,8037820.46,13246522,1000,1000,1000,0,0,0,0,0,0,3441876.36,5164174.52,5747544.95,3459294.07,19999
[status] PUB sent=132910 tps=398 (pubs=10) | SUB recv=13279305 itps=12810.37 p99=17.60ms conn=49381375/10027191.90,8034438.94,13279305,1000,1000,1000,0,0,0,0,0,0,3722638.53,5992889.53,7181100.76,3817092.22,12810
[status] PUB sent=133310 tps=397 (pubs=10) | SUB recv=13306535 itps=20012.23 p99=17.59ms conn=49381375/10013910.99,8031713.38,13306535,1000,1000,1000,0,0,0,0,0,0,3496282.85,5297388.43,5868042.77,3522081.57,20012
[status] PUB sent=133510 tps=396 (pubs=10) | SUB recv=13346525 itps=19997.94 p99=17.56ms conn=49381375/9994605.59,8027641.15,13346525,1000,1000,1000,0,0,0,0,0,0,3497980.54,5329270.64,5866616.77,3522294.30,19998
[status] PUB sent=133910 tps=395 (pubs=10) | SUB recv=13386499 itps=19970.42 p99=17.55ms conn=49381375/9975457.83,8023514.68,13386499,1000,1000,1000,0,0,0,0,0,0,3527442.20,5392729.84,6158922.63,3561445.18,19970
[status] PUB sent=134310 tps=394 (pubs=10) | SUB recv=13425127 itps=18611.60 p99=17.52ms conn=49381375/9957073.98,8019506.02,13425127,1000,1000,1000,0,0,0,0,0,0,3598066.17,5392529.69,5991592.85,3615606.72,18611
[status] PUB sent=134710 tps=393 (pubs=10) | SUB recv=13446522 itps=19999.43 p99=17.51ms conn=49381375/9946856.50,8017329.68,13446522,1000,1000,1000,0,0,0,0,0,0,3542789.14,5313303.78,5817480.83,3547746.46,20000
[status] PUB sent=134910 tps=392 (pubs=10) | SUB recv=13486524 itps=20006.02 p99=17.49ms conn=49381375/9927971.70,8013147.05,13486524,1000,1000,1000,0,0,0,0,0,0,3551763.22,5351058.97,6088674.75,3587956.06,20006
[status] PUB sent=135310 tps=391 (pubs=10) | SUB recv=13526516 itps=19985.71 p99=17.47ms conn=49381375/9909201.72,8008990.89,13526516,1000,1000,1000,0,0,0,0,0,0,3506604.66,5716919.58,7165328.79,3618778.88,19986
[status] PUB sent=135710 tps=390 (pubs=10) | SUB recv=13566517 itps=20002.11 p99=17.45ms conn=49381375/9890561.57,8004756.06,13566517,1000,1000,1000,0,0,0,0,0,0,3597061.78,5365431.97,5935656.31,3609732.24,20002
[status] PUB sent=136110 tps=389 (pubs=10) | SUB recv=13592329 itps=5801.07 p99=17.44ms conn=49381375/9878575.09,8002042.69,13592329,1000,1000,1000,0,0,0,0,0,0,3722928.32,5552816.49,6042788.05,3741933.60,5801
[status] PUB sent=136510 tps=388 (pubs=10) | SUB recv=13626528 itps=20009.89 p99=17.42ms conn=49381375/9862505.30,7998576.26,13626528,1000,1000,1000,0,0,0,0,0,0,3406928.98,5126183.73,5681325.20,3428094.29,20010
[status] PUB sent=136710 tps=387 (pubs=10) | SUB recv=13666517 itps=19998.18 p99=17.40ms conn=49381375/9844165.50,7994255.78,13666517,1000,1000,1000,0,0,0,0,0,0,3631123.07,5390004.62,6142613.39,3648560.44,19998
[status] PUB sent=137110 tps=386 (pubs=10) | SUB recv=13706519 itps=19998.81 p99=17.38ms conn=49381375/9825793.48,7990020.31,13706519,1000,1000,1000,0,0,0,0,0,0,3527234.72,5213748.02,5819219.11,3540056.55,19999
[status] PUB sent=137510 tps=385 (pubs=10) | SUB recv=13746523 itps=20006.91 p99=17.36ms conn=49381375/9807593.16,7985700.78,13746523,1000,1000,1000,0,0,0,0,0,0,3560107.78,5258220.58,5661594.69,3565561.30,20008
[status] PUB sent=137910 tps=384 (pubs=10) | SUB recv=13768133 itps=1600.02 p99=17.35ms conn=49381375/9797893.73,7983354.15,13768133,1000,1000,1000,0,0,0,0,0,0,4688895,6572543,7136255,4648743.68,1600
[status] PUB sent=140130 tps=388 (pubs=10) | SUB recv=13806506 itps=19972.46 p99=17.33ms conn=49381375/9780361.75,7979347.11,13806506,1000,1000,1000,0,0,0,0,0,0,3454788.99,5255328.20,5810920.90,3481257.71,19972
[status] PUB sent=142130 tps=393 (pubs=10) | SUB recv=14161150 itps=199813.04 p99=17.49ms conn=49381375/9968271.79,7996372.37,14161150,1000,1000,1000,0,0,0,0,0,0,17849580.38,25722403.46,30440211.63,18190720.56,199828
[status] PUB sent=146130 tps=402 (pubs=10) | SUB recv=14560964 itps=200068.43 p99=17.74ms conn=49381375/10207640.91,8036961.76,14560964,1000,1000,1000,0,0,0,0,0,0,18694566.03,24517120.60,25551246.12,18739026.85,200080
[status] PUB sent=150130 tps=410 (pubs=10) | SUB recv=14960962 itps=199757.86 p99=17.92ms conn=49381375/10426489.96,8079705.07,14960962,1000,1000,1000,0,0,0,0,0,0,17822950.95,31634641.79,39503756.44,18875938.32,199766
[status] PUB sent=154130 tps=419 (pubs=10) | SUB recv=15177242 itps=16023.83 p99=17.98ms conn=49381375/10522951.93,8072665.91,15177242,1000,1000,1000,0,0,0,0,0,0,17174459.52,22867967,25408981.85,17169515.87,16024
[status] PUB sent=158130 tps=427 (pubs=10) | SUB recv=15561270 itps=199723.46 p99=18.10ms conn=49381375/10694964.93,8068600.59,15561270,1000,1000,1000,0,0,0,0,0,0,17487048.33,24456069.57,29867259.23,17740559.38,199724
[status] PUB sent=160130 tps=432 (pubs=10) | SUB recv=15961416 itps=200101.41 p99=18.17ms conn=49381375/10847729.73,8041656.27,15961416,1000,1000,1000,0,0,0,0,0,0,16567187.44,22197451.51,23404537.51,16759496.47,200094
[status] PUB sent=164130 tps=440 (pubs=10) | SUB recv=16360862 itps=199862.63 p99=18.32ms conn=49381375/11028342.47,8045032.24,16360862,1000,1000,1000,0,0,0,0,0,0,18284487.42,23959185.82,24815644.06,18326651.87,199852
[status] PUB sent=168130 tps=448 (pubs=10) | SUB recv=16760864 itps=199999.30 p99=18.46ms conn=49381375/11206431.85,8049883.33,16760864,1000,1000,1000,0,0,0,0,0,0,18384996.56,24145817.30,25738751.66,18421461.02,200002
[status] PUB sent=172130 tps=457 (pubs=10) | SUB recv=17147154 itps=186270.47 p99=18.59ms conn=49381375/11372167.02,8053198.28,17147154,1000,1000,1000,0,0,0,0,0,0,18424373.34,24258604.23,25274978.66,18413769.39,186278
[status] PUB sent=176130 tps=465 (pubs=10) | SUB recv=17361044 itps=199932.78 p99=18.65ms conn=49381375/11459715.58,8051805.20,17361044,1000,1000,1000,0,0,0,0,0,0,18448385.46,24137693.03,24949222.47,18495365.51,199930
[status] PUB sent=180130 tps=473 (pubs=10) | SUB recv=17760842 itps=199801.61 p99=18.77ms conn=49381375/11618882.99,8048228.55,17760842,1000,1000,1000,0,0,0,0,0,0,18424257.04,24324809.21,25190072.46,18503013.68,199796
[status] PUB sent=184130 tps=481 (pubs=10) | SUB recv=18161108 itps=200144.54 p99=18.88ms conn=49381375/11772579.65,8043062.45,18161108,1000,1000,1000,0,0,0,0,0,0,18514100.07,24432939.42,25238087.06,18626769.00,200152
[status] PUB sent=186130 tps=485 (pubs=10) | SUB recv=18560970 itps=199865.96 p99=18.98ms conn=49381375/11916659.59,8033080.88,18560970,1000,1000,1000,0,0,0,0,0,0,18311337.19,24108042.89,25036254.33,18333105.96,199856
[status] PUB sent=190130 tps=493 (pubs=10) | SUB recv=18961118 itps=200051.42 p99=19.07ms conn=49381375/12055392.42,8021278.63,18961118,1000,1000,1000,0,0,0,0,0,0,18393775.29,24058224.11,25010173.53,18393941.02,200036
[status] PUB sent=194130 tps=500 (pubs=10) | SUB recv=19361284 itps=200633.81 p99=19.16ms conn=49381375/12192620.30,8016615.61,19361284,1000,1000,1000,0,0,0,0,0,0,17339067.37,23985962.20,26001596.12,17462335.20,200644
[status] PUB sent=198130 tps=508 (pubs=10) | SUB recv=19657116 itps=95969.16 p99=19.20ms conn=49381375/12280382.66,8001205.83,19657116,1000,1000,1000,0,0,0,0,0,0,18238918.64,24380275.04,25305420.95,18270009.57,95964
[status] PUB sent=202130 tps=516 (pubs=10) | SUB recv=19961274 itps=200266.75 p99=19.26ms conn=49381375/12373023.20,7988305.00,19961274,1000,1000,1000,0,0,0,0,0,0,18192369.11,24161528.78,25327099.36,18275083.82,200266
[status] PUB sent=206130 tps=523 (pubs=10) | SUB recv=20360762 itps=199833.20 p99=19.33ms conn=49381375/12489925.79,7972103.98,20360762,1000,1000,1000,0,0,0,0,0,0,17951356.79,24016002.15,26391938.27,18001854.68,199838
[status] PUB sent=210130 tps=531 (pubs=10) | SUB recv=20761096 itps=199962.60 p99=19.39ms conn=49381375/12602968.06,7953863.09,20761096,1000,1000,1000,0,0,0,0,0,0,18338539.57,24577330.30,27004863.25,18386862.94,199960
[status] PUB sent=212130 tps=534 (pubs=10) | SUB recv=21160990 itps=200216.90 p99=19.45ms conn=49381375/12714860.77,7936797.61,21160990,1000,1000,1000,0,0,0,0,0,0,18502532.38,24856565.20,27126871.41,18596561.01,200206
[status] PUB sent=216130 tps=542 (pubs=10) | SUB recv=21560900 itps=199967.58 p99=19.51ms conn=49381375/12821292.45,7917364.20,21560900,1000,1000,1000,0,0,0,0,0,0,18456615.97,24355945.91,25616483.78,18483378.46,199956
[status] PUB sent=220130 tps=549 (pubs=10) | SUB recv=21961120 itps=199657.99 p99=19.56ms conn=49381375/12920982.97,7895732.69,21961120,1000,1000,1000,0,0,0,0,0,0,18361027.49,24517940.93,26619327.94,18395460.78,199664
[status] PUB sent=224128 tps=556 (pubs=10) | SUB recv=22360508 itps=199755.44 p99=19.64ms conn=49381375/13040691.53,7894035.77,22360508,1000,1000,1000,0,0,0,0,0,0,20732289.24,27041849.24,27987728.48,20713392.89,199752
[status] PUB sent=228130 tps=563 (pubs=10) | SUB recv=22674416 itps=114017.28 p99=19.73ms conn=49381375/13148467.13,7906676.88,22674416,1000,1000,1000,0,0,0,0,0,0,20656203.01,27036684.69,29409555.75,20758595.11,114020
[status] PUB sent=232130 tps=570 (pubs=10) | SUB recv=22960954 itps=200414.39 p99=19.78ms conn=49381375/13225711.72,7901212.89,22960954,1000,1000,1000,0,0,0,0,0,0,18556279.42,25452318.58,27361715.26,18713762.17,200398
[status] PUB sent=236130 tps=577 (pubs=10) | SUB recv=23360706 itps=199928.14 p99=19.82ms conn=49381375/13317308.69,7881518.38,23360706,1000,1000,1000,0,0,0,0,0,0,18507795.51,25192458.00,29204861.95,18759770.72,199926
[status] PUB sent=240130 tps=584 (pubs=10) | SUB recv=23760514 itps=199790.89 p99=19.92ms conn=49381375/13441811.57,7890241.40,23760514,1000,1000,1000,0,0,0,0,0,0,20648762.89,27073312.08,27861427.09,20729706.53,199800
[status] PUB sent=244130 tps=591 (pubs=10) | SUB recv=24161240 itps=200158.98 p99=19.98ms conn=49381375/13538247.86,7877292.96,24161240,1000,1000,1000,0,0,0,0,0,0,18354838.49,24573772.48,25803277.39,18406628.67,200168
[status] PUB sent=246130 tps=594 (pubs=10) | SUB recv=24560046 itps=198971.80 p99=20.02ms conn=49381375/13627222.13,7867723.17,24560046,1000,1000,1000,0,0,0,0,0,0,19136147.37,30446807.01,39044006.42,19740436.02,198972
[status] PUB sent=250130 tps=601 (pubs=10) | SUB recv=24961026 itps=200208.48 p99=20.07ms conn=49381375/13715714.15,7854805.76,24961026,1000,1000,1000,0,0,0,0,0,0,18600933.32,24550168.45,25886934.39,18634455.90,200204
[status] PUB sent=254130 tps=608 (pubs=10) | SUB recv=25361036 itps=200103.83 p99=20.10ms conn=49381375/13789923.61,7829056.63,25361036,1000,1000,1000,0,0,0,0,0,0,18393137.29,24544659.50,26878899.97,18565310.04,200118
[status] PUB sent=258131 tps=615 (pubs=10) | SUB recv=25760854 itps=199972 p99=20.13ms conn=49381375/13863146.30,7803948.53,25760854,1000,1000,1000,0,0,0,0,0,0,18332590.08,24336300.39,26292679.64,18498907.33,199974
[status] PUB sent=258549 tps=613 (pubs=10) | SUB recv=25850287 itps=19987.19 p99=20.13ms conn=49381375/13858024.62,7804165.21,25850287,1000,1000,1000,0,0,0,0,0,0,3637646.52,5717935.49,7407773.93,3724465.47,19987
[status] PUB sent=258949 tps=611 (pubs=10) | SUB recv=25889699 itps=19398.78 p99=20.12ms conn=49381375/13842569.07,7808397.61,25889699,1000,1000,1000,0,0,0,0,0,0,3674324.15,5497475.20,6056286.45,3698089.25,19399
[status] PUB sent=259349 tps=609 (pubs=10) | SUB recv=25915294 itps=5004.50 p99=20.12ms conn=49381375/13832578.56,7811109.00,25915294,1000,1000,1000,0,0,0,0,0,0,3958004.56,5690254.04,6271037.21,3948177.60,5004
[status] PUB sent=259749 tps=607 (pubs=10) | SUB recv=25950293 itps=19996.39 p99=20.11ms conn=49381375/13818968.18,7814730.86,25950293,1000,1000,1000,0,0,0,0,0,0,3763193.32,5681417.48,6365476.73,3792527.15,19997
[status] PUB sent=260149 tps=605 (pubs=10) | SUB recv=25990293 itps=19997.41 p99=20.10ms conn=49381375/13803421.02,7818890.04,25990293,1000,1000,1000,0,0,0,0,0,0,3666493.58,5388991.04,5960908.87,3684148.82,19996
[status] PUB sent=260549 tps=603 (pubs=10) | SUB recv=26030284 itps=19990.50 p99=20.10ms conn=49381375/13788058.33,7822839.30,26030284,1000,1000,1000,0,0,0,0,0,0,3717132.83,5585586.41,6371955.71,3756622.45,19991
[status] PUB sent=260949 tps=601 (pubs=10) | SUB recv=26070300 itps=20006.23 p99=20.09ms conn=49381375/13772702.06,7826781.86,26070300,1000,1000,1000,0,0,0,0,0,0,3767447.43,5719064.69,6313368.99,3792216.09,20006
[status] PUB sent=261349 tps=599 (pubs=10) | SUB recv=26110291 itps=19986.48 p99=20.08ms conn=49381375/13757329.20,7830758.51,26110291,1000,1000,1000,0,0,0,0,0,0,3682290.70,5431098.65,6230762.88,3713052.69,19985
[status] PUB sent=261749 tps=598 (pubs=10) | SUB recv=26150297 itps=20006.25 p99=20.08ms conn=49381375/13741907.93,7834797.76,26150297,1000,1000,1000,0,0,0,0,0,0,3635892.79,5287839.59,5831058.05,3650535.20,20005
[status] PUB sent=262149 tps=596 (pubs=10) | SUB recv=26190294 itps=20000.37 p99=20.07ms conn=49381375/13726674.92,7838630.04,26190294,1000,1000,1000,0,0,0,0,0,0,3748197.50,5607837.92,6313110.76,3775938.02,20000
[status] PUB sent=262469 tps=594 (pubs=10) | SUB recv=26230293 itps=20001.51 p99=20.06ms conn=49381375/13711514.09,7842399.80,26230293,1000,1000,1000,0,0,0,0,0,0,3746545.55,5963163.70,6558738.40,3808786.46,20001
[status] PUB sent=262749 tps=593 (pubs=10) | SUB recv=26270284 itps=19987.55 p99=20.06ms conn=49381375/13696406.39,7846099.76,26270284,1000,1000,1000,0,0,0,0,0,0,3761979.30,5547880.38,6137433.47,3781774.88,19988
[status] PUB sent=263149 tps=591 (pubs=10) | SUB recv=26310292 itps=19995.51 p99=20.05ms conn=49381375/13681295.29,7849821.22,26310292,1000,1000,1000,0,0,0,0,0,0,3721414.42,5671895.41,6516022.94,3763859.72,19995
[status] PUB sent=263549 tps=590 (pubs=10) | SUB recv=26350299 itps=20007.98 p99=20.04ms conn=49381375/13666284.99,7853468.03,26350299,1000,1000,1000,0,0,0,0,0,0,3757407.93,6271085.96,7628054.85,3865757.30,20008
[status] PUB sent=263949 tps=588 (pubs=10) | SUB recv=26390299 itps=20003.51 p99=20.03ms conn=49381375/13651250.19,7857138.44,26390299,1000,1000,1000,0,0,0,0,0,0,3737389.92,5645308.24,6565955.81,3769564.11,20002
[status] PUB sent=264349 tps=586 (pubs=10) | SUB recv=26430291 itps=20001.29 p99=20.03ms conn=49381375/13636276.44,7860759.95,26430291,1000,1000,1000,0,0,0,0,0,0,3714116.37,5925613.25,6912126.69,3779215.12,20001
[status] PUB sent=264749 tps=584 (pubs=10) | SUB recv=26470297 itps=20005.20 p99=20.02ms conn=49381375/13621358.61,7864339.51,26470297,1000,1000,1000,0,0,0,0,0,0,3713997.97,5978423.02,6981987.04,3796587.82,20006
[status] PUB sent=265149 tps=583 (pubs=10) | SUB recv=26510294 itps=20007.48 p99=20.01ms conn=49381375/13606412.73,7867941.19,26510294,1000,1000,1000,0,0,0,0,0,0,3634800.80,5461766.15,6251209.71,3663578.14,20007
[status] PUB sent=265549 tps=581 (pubs=10) | SUB recv=26550295 itps=20008.45 p99=20.01ms conn=49381375/13591566.24,7871428.33,26550295,1000,1000,1000,0,0,0,0,0,0,3715824.57,5489586.23,5965844.50,3725525.01,20008
[status] PUB sent=265949 tps=579 (pubs=10) | SUB recv=26590300 itps=20013.01 p99=20.00ms conn=49381375/13576720.79,7874927.14,26590300,1000,1000,1000,0,0,0,0,0,0,3742235.32,5542319.26,6062734.14,3760314.09,20013
[status] PUB sent=266349 tps=578 (pubs=10) | SUB recv=26630284 itps=19979.92 p99=19.99ms conn=49381375/13561923.20,7878389.64,26630284,1000,1000,1000,0,0,0,0,0,0,3687226.13,5548403.00,6054626.49,3706477.84,19979
[status] PUB sent=266749 tps=576 (pubs=10) | SUB recv=26670294 itps=19997.52 p99=19.99ms conn=49381375/13547187.35,7881784.33,26670294,1000,1000,1000,0,0,0,0,0,0,3698086.98,5513883.94,6099730.13,3717490.88,19998
[status] PUB sent=267149 tps=574 (pubs=10) | SUB recv=26710292 itps=19991.87 p99=19.98ms conn=49381375/13532463.49,7885184.60,26710292,1000,1000,1000,0,0,0,0,0,0,3659701.34,5457648.85,5958035.15,3680850.98,19991
[status] PUB sent=267549 tps=573 (pubs=10) | SUB recv=26750299 itps=20004.69 p99=19.97ms conn=49381375/13517840.09,7888478.46,26750299,1000,1000,1000,0,0,0,0,0,0,3753985.97,5966324.25,6535148.37,3817431.79,20004
[status] PUB sent=267949 tps=571 (pubs=10) | SUB recv=26790295 itps=20000.95 p99=19.96ms conn=49381375/13503303.08,7891685.22,26790295,1000,1000,1000,0,0,0,0,0,0,3749576.45,5680982.47,6457512.56,3785423.24,20002
[status] PUB sent=268349 tps=570 (pubs=10) | SUB recv=26830297 itps=20005.43 p99=19.96ms conn=49381375/13488731.73,7894941.08,26830297,1000,1000,1000,0,0,0,0,0,0,3704585.92,5551830.42,6054720.53,3731228.45,20005
[status] PUB sent=268749 tps=568 (pubs=10) | SUB recv=26870303 itps=20009.72 p99=19.95ms conn=49381375/13474249.41,7898124.49,26870303,1000,1000,1000,0,0,0,0,0,0,3756211.13,5695648.30,6450166.71,3789236.16,20010
[status] PUB sent=269149 tps=567 (pubs=10) | SUB recv=26910306 itps=20015.44 p99=19.94ms conn=49381375/13459819.02,7901301.72,26910306,1000,1000,1000,0,0,0,0,0,0,3699300.15,5734437.68,8721727.59,3837591.16,20014
[status] PUB sent=269549 tps=565 (pubs=10) | SUB recv=26950296 itps=20007.64 p99=19.94ms conn=49381375/13445408.51,7904439.56,26950296,1000,1000,1000,0,0,0,0,0,0,3735219.05,5873363.09,7329500.30,3813957.02,20008
[status] PUB sent=269949 tps=564 (pubs=10) | SUB recv=26990296 itps=19996.39 p99=19.93ms conn=49381375/13431000.41,7907560.61,26990296,1000,1000,1000,0,0,0,0,0,0,3703230.37,5549499.10,6232037.80,3732493.24,19996
[status] PUB sent=273168 tps=568 (pubs=10) | SUB recv=27238206 itps=227906.20 p99=19.95ms conn=49381375/13464419.66,7901121.56,27238206,1000,1000,1000,0,0,0,0,0,0,18292200.24,25413469.97,29365016.97,18278107.99,227903
[status] PUB sent=279168 tps=578 (pubs=10) | SUB recv=27838176 itps=300048.80 p99=20.02ms conn=49381375/13588808.18,7880611.53,27838176,1000,1000,1000,0,0,0,0,0,0,19187115.22,25345635.66,26774925.92,19284777.36,300045
[status] PUB sent=285165 tps=588 (pubs=10) | SUB recv=28438071 itps=299591.24 p99=20.08ms conn=49381375/13703438.53,7856709.64,28438071,1000,1000,1000,0,0,0,0,0,0,19114685.57,25349970.69,26934959.00,19222029.50,299595
[status] PUB sent=291168 tps=598 (pubs=10) | SUB recv=29038608 itps=299974.45 p99=20.12ms conn=49381375/13800237.08,7824168.03,29038608,1000,1000,1000,0,0,0,0,0,0,17709988.95,23770612.61,25888795.04,17732875.84,299973
[status] PUB sent=297168 tps=608 (pubs=10) | SUB recv=29638131 itps=299320.21 p99=20.15ms conn=49381375/13883617.27,7784617.72,29638131,1000,1000,1000,0,0,0,0,0,0,18453134.50,24817378.46,26114986.56,18498651.37,299319
[status] PUB sent=303168 tps=617 (pubs=10) | SUB recv=30238719 itps=300121.67 p99=20.16ms conn=49381375/13959329.03,7742235.11,30238719,1000,1000,1000,0,0,0,0,0,0,17692276.98,23264331.90,24569336.23,17691313.50,300123
[status] PUB sent=312168 tps=632 (pubs=10) | SUB recv=30838302 itps=299830.49 p99=20.17ms conn=49381375/14029596.99,7699995.46,30838302,1000,1000,1000,0,0,0,0,0,0,17725594.64,23910596.86,25557523.21,17807270.39,299817
[status] PUB sent=318168 tps=641 (pubs=10) | SUB recv=31438398 itps=299206.86 p99=20.20ms conn=49381375/14113804.84,7668724.78,31438398,1000,1000,1000,0,0,0,0,0,0,19158919.28,25448309.25,27415018.45,19249366.32,299190
[status] PUB sent=324168 tps=651 (pubs=10) | SUB recv=32038449 itps=299737.05 p99=20.23ms conn=49381375/14192488.84,7635083.01,32038449,1000,1000,1000,0,0,0,0,0,0,17843428.03,23618105.18,25312547.94,17929113.79,299730
[status] PUB sent=330165 tps=660 (pubs=10) | SUB recv=32638755 itps=300082.76 p99=20.24ms conn=49381375/14258477.58,7595401.79,32638755,1000,1000,1000,0,0,0,0,0,0,17643444.43,23127516.80,24254357.97,17631474.01,300090
[status] PUB sent=336168 tps=670 (pubs=10) | SUB recv=33237594 itps=300290.14 p99=20.32ms conn=49381375/14372253.51,7595988.84,33237594,1000,1000,1000,0,0,0,0,0,0,21050774.68,27808877.11,29902251.63,21215287.21,300300
[status] PUB sent=342168 tps=679 (pubs=10) | SUB recv=33837942 itps=299649 p99=20.38ms conn=49381375/14468554.85,7583472.77,33837942,1000,1000,1000,0,0,0,0,0,0,18825025.38,25468014.65,27242375.01,18911418.94,299646
[status] PUB sent=348165 tps=688 (pubs=10) | SUB recv=34437726 itps=300405.33 p99=20.47ms conn=49381375/14587069.94,7590822.43,34437726,1000,1000,1000,0,0,0,0,0,0,21263860.62,27877302.19,28871499.04,21350452.40,300414
[status] PUB sent=354168 tps=697 (pubs=10) | SUB recv=35038422 itps=300155.96 p99=20.53ms conn=49381375/14678056.95,7577045.11,35038422,1000,1000,1000,0,0,0,0,0,0,18832524.20,25595351.80,26851194.77,18956249.36,300156
[status] PUB sent=360168 tps=706 (pubs=10) | SUB recv=35638242 itps=300079.75 p99=20.56ms conn=49381375/14750519.78,7551162.91,35638242,1000,1000,1000,0,0,0,0,0,0,18877972.11,25417071.09,26954056.64,18954044.77,300084
[status] PUB sent=366168 tps=715 (pubs=10) | SUB recv=36385422 itps=146889.10 p99=20.60ms conn=49381375/14837419.09,7518129.50,36385422,1000,1000,1000,0,0,0,0,0,0,19091866.76,25067769.97,26370561.66,19066438.60,146886
[status] PUB sent=372168 tps=724 (pubs=10) | SUB recv=37138302 itps=299839.65 p99=20.64ms conn=49381375/14922462.96,7486338.59,37138302,1000,1000,1000,0,0,0,0,0,0,18859208.20,25195038.83,26586689.85,18952621.40,299838
[status] PUB sent=378165 tps=733 (pubs=10) | SUB recv=37737513 itps=299849.37 p99=20.71ms conn=49381375/15013750.76,7481182.32,37737513,1000,1000,1000,0,0,0,0,0,0,21073207.46,27684123.84,30894754.78,21217900.21,299853
[status] PUB sent=384168 tps=742 (pubs=10) | SUB recv=38337819 itps=300702.95 p99=20.78ms conn=49381375/15109257.16,7479947.31,38337819,1000,1000,1000,0,0,0,0,0,0,21004758.44,27624808.06,29951997.61,21077037.27,300684
[status] PUB sent=390168 tps=750 (pubs=10) | SUB recv=38938131 itps=299598.16 p99=20.82ms conn=49381375/15181213.87,7462831.91,38938131,1000,1000,1000,0,0,0,0,0,0,18712741.67,25534704.74,26907462.79,18972775.22,299595
[status] PUB sent=399165 tps=763 (pubs=10) | SUB recv=39537486 itps=299899.24 p99=20.89ms conn=49381375/15269313.68,7457984.06,39537486,1000,1000,1000,0,0,0,0,0,0,20901429.86,27714229.01,28821219.81,21024137.79,299901
[status] PUB sent=405168 tps=772 (pubs=10) | SUB recv=40137678 itps=299908.57 p99=20.95ms conn=49381375/15357694.01,7454612.74,40137678,1000,1000,1000,0,0,0,0,0,0,21016998.04,27638153.83,29379254.70,21086202.58,299907
[status] PUB sent=411165 tps=780 (pubs=10) | SUB recv=40737690 itps=300014.10 p99=21.02ms conn=49381375/15442836.89,7449942.96,40737690,1000,1000,1000,0,0,0,0,0,0,21161327.98,27699578.74,29964871.00,21197776.60,300015
[status] PUB sent=417168 tps=789 (pubs=10) | SUB recv=41338218 itps=299807.96 p99=21.05ms conn=49381375/15503329.79,7430207.98,41338218,1000,1000,1000,0,0,0,0,0,0,18750926.31,25520828.03,26912625.02,18836642.39,299808
[status] PUB sent=423165 tps=797 (pubs=10) | SUB recv=41938518 itps=300042.29 p99=21.07ms conn=49381375/15553763.95,7404092.00,41938518,1000,1000,1000,0,0,0,0,0,0,18966379.34,25500418.63,27222663.30,19084265.83,300045
[status] PUB sent=429166 tps=805 (pubs=10) | SUB recv=42537537 itps=299879.03 p99=21.11ms conn=49381375/15625155.44,7393890.39,42537537,1000,1000,1000,0,0,0,0,0,0,21113512.96,27716844.39,29761024.41,21212922.52,299868
[status] PUB sent=435165 tps=813 (pubs=10) | SUB recv=43438374 itps=299891.92 p99=21.17ms conn=49381375/15719282.19,7371401.95,43438374,1000,1000,1000,0,0,0,0,0,0,18502275.08,25021884.73,26571736.23,18622505.17,299895
[status] PUB sent=441168 tps=822 (pubs=10) | SUB recv=44038284 itps=299641.23 p99=21.19ms conn=49381375/15762998.67,7345676.00,44038284,1000,1000,1000,0,0,0,0,0,0,18455768.97,25039815.83,26568996.81,18634091.56,299658
[status] PUB sent=447168 tps=830 (pubs=10) | SUB recv=44638344 itps=300397.31 p99=21.20ms conn=49381375/15805613.99,7319882.35,44638344,1000,1000,1000,0,0,0,0,0,0,18674614.24,24924054.49,26726453.36,18751194.58,300405
[status] PUB sent=450572 tps=831 (pubs=10) | SUB recv=45032537 itps=94416.31 p99=21.21ms conn=49381375/15829165.13,7304983.56,45032537,1000,1000,1000,0,0,0,0,0,0,17793063.78,25172985.00,26215646.35,16858904.28,94415
[status] PUB sent=450973 tps=829 (pubs=10) | SUB recv=45072541 itps=19990.75 p99=21.20ms conn=49381375/15820516.11,7308066.04,45072541,1000,1000,1000,0,0,0,0,0,0,5871876.43,10518133.22,11284169.63,6156244.82,19992
[status] PUB sent=451373 tps=827 (pubs=10) | SUB recv=45112557 itps=20003.95 p99=21.20ms conn=49381375/15811929.97,7311072.02,45112557,1000,1000,1000,0,0,0,0,0,0,5825748.42,10355198.51,10984685.10,6097864.56,20003
[status] PUB sent=451772 tps=824 (pubs=10) | SUB recv=45152545 itps=19993.66 p99=21.20ms conn=49381375/15803340.75,7314089.07,45152545,1000,1000,1000,0,0,0,0,0,0,5826203.04,10399758.78,11209426.91,6117692.99,19993
[status] PUB sent=452172 tps=822 (pubs=10) | SUB recv=45202344 itps=9794 p99=21.19ms conn=49381375/15792855.26,7317649.16,45202344,1000,1000,1000,0,0,0,0,0,0,6283028.38,11663730.79,12264492.79,6776836.91,9794
[status] PUB sent=452572 tps=820 (pubs=10) | SUB recv=45252539 itps=19970.90 p99=21.19ms conn=49381375/15781880.43,7321645.30,45252539,1000,1000,1000,0,0,0,0,0,0,5695256.57,10038854.45,10651792.72,6071705.86,19971
[status] PUB sent=452972 tps=818 (pubs=10) | SUB recv=45292560 itps=20030.45 p99=21.19ms conn=49381375/15773275.17,7324679.91,45292560,1000,1000,1000,0,0,0,0,0,0,5715932.85,10337895.63,11101602.79,6033623.34,20029
[status] PUB sent=453572 tps=814 (pubs=10) | SUB recv=45332517 itps=19988.83 p99=21.18ms conn=49381375/15764759.15,7327652.91,45332517,1000,1000,1000,0,0,0,0,0,0,5789476.78,10184199.14,11232913.25,6059027.98,19990
[status] PUB sent=453972 tps=812 (pubs=10) | SUB recv=45372570 itps=20023.88 p99=21.18ms conn=49381375/15756171.54,7330662.88,45372570,1000,1000,1000,0,0,0,0,0,0,5739230.54,9991185.15,10755380.73,5915629.49,20025
[status] PUB sent=454372 tps=810 (pubs=10) | SUB recv=45412547 itps=20016.13 p99=21.17ms conn=49381375/15747613.66,7333651.12,45412547,1000,1000,1000,0,0,0,0,0,0,5676187.55,10250399.43,11025690.63,5972132.48,20016
[status] PUB sent=454772 tps=808 (pubs=10) | SUB recv=45452553 itps=19974.47 p99=21.17ms conn=49381375/15739100.86,7336592.37,45452553,1000,1000,1000,0,0,0,0,0,0,5967846.60,10395232.36,11081827.69,6189429.63,19974
[status] PUB sent=455172 tps=806 (pubs=10) | SUB recv=45512557 itps=19990.51 p99=21.16ms conn=49381375/15726429.22,7340911.76,45512557,1000,1000,1000,0,0,0,0,0,0,6012456.57,10515722.03,11340788.09,6240568.59,19991
[status] PUB sent=455612 tps=803 (pubs=10) | SUB recv=45552560 itps=20021.38 p99=21.16ms conn=49381375/15717962.45,7343799.49,45552560,1000,1000,1000,0,0,0,0,0,0,5828420.20,10470157.37,11895407.02,6129791.21,20020
[status] PUB sent=456172 tps=800 (pubs=10) | SUB recv=45592553 itps=20028.23 p99=21.16ms conn=49381375/15709543.89,7346636.34,45592553,1000,1000,1000,0,0,0,0,0,0,5620460.95,10193726.55,11161226.79,6036704.45,20028
[status] PUB sent=456572 tps=798 (pubs=10) | SUB recv=45632540 itps=20041.93 p99=21.15ms conn=49381375/15701131.71,7349478.91,45632540,1000,1000,1000,0,0,0,0,0,0,6035600.22,10312803.97,11223731.07,6230061.35,20040
[status] PUB sent=456973 tps=796 (pubs=10) | SUB recv=45672593 itps=20046.58 p99=21.15ms conn=49381375/15692137.18,7352903.42,45672593,1000,1000,1000,0,0,0,0,0,0,4924099.07,8170399.53,9787770.32,5103942.48,20047
[status] PUB sent=457372 tps=794 (pubs=10) | SUB recv=45730769 itps=18180.27 p99=21.14ms conn=49381375/15678633.42,7358352.07,45730769,1000,1000,1000,0,0,0,0,0,0,4979512.01,8208922.80,9734469.56,5145852.38,18181
[status] PUB sent=457772 tps=792 (pubs=10) | SUB recv=45772517 itps=19989.45 p99=21.14ms conn=49381375/15669335.85,7361901.13,45772517,1000,1000,1000,0,0,0,0,0,0,5803564.03,10577273.97,11596111.86,6143202.72,19990
[status] PUB sent=458372 tps=789 (pubs=10) | SUB recv=45812528 itps=19985.39 p99=21.14ms conn=49381375/15660919.79,7364732.15,45812528,1000,1000,1000,0,0,0,0,0,0,5531703.26,9784813.60,10424295.02,5875812.38,19985
[status] PUB sent=458772 tps=787 (pubs=10) | SUB recv=45852569 itps=20017.86 p99=21.13ms conn=49381375/15652621.23,7367445.02,45852569,1000,1000,1000,0,0,0,0,0,0,5920573.55,10116008.81,10902696.57,6146464.91,20019
[status] PUB sent=459174 tps=785 (pubs=10) | SUB recv=45892552 itps=20009.39 p99=21.13ms conn=49381375/15644331.02,7370140.55,45892552,1000,1000,1000,0,0,0,0,0,0,5924905.38,10467327,11434441.98,6170133.37,20008
[status] PUB sent=459572 tps=783 (pubs=10) | SUB recv=45952540 itps=19993.85 p99=21.12ms conn=49381375/15631907.33,7374193.78,45952540,1000,1000,1000,0,0,0,0,0,0,5808775.15,10012945.60,10846526.16,6132779.76,19995
[status] PUB sent=460173 tps=780 (pubs=10) | SUB recv=45992548 itps=20032.70 p99=21.12ms conn=49381375/15623585.61,7376915.59,45992548,1000,1000,1000,0,0,0,0,0,0,5874973.06,9930397.26,10596658.94,6015085.21,20032
[status] PUB sent=460573 tps=778 (pubs=10) | SUB recv=46032553 itps=20006.51 p99=21.12ms conn=49381375/15615387.80,7379491.60,46032553,1000,1000,1000,0,0,0,0,0,0,6066325.68,9935686.90,10968548.15,6292276.22,20007
[status] PUB sent=460972 tps=776 (pubs=10) | SUB recv=46072582 itps=20049.81 p99=21.11ms conn=49381375/15607077.19,7382188.11,46072582,1000,1000,1000,0,0,0,0,0,0,5859660.11,10449694.63,11351590.35,6143984.83,20049
[status] PUB sent=461372 tps=774 (pubs=10) | SUB recv=46112558 itps=20002.02 p99=21.11ms conn=49381375/15598732.47,7384933.94,46112558,1000,1000,1000,0,0,0,0,0,0,5681438.50,10276240.71,11338213.53,5967593.39,20003
[status] PUB sent=461772 tps=772 (pubs=10) | SUB recv=46172546 itps=19995.73 p99=21.10ms conn=49381375/15586366.46,7388907.56,46172546,1000,1000,1000,0,0,0,0,0,0,5785475.28,10328501.77,11122292.07,6082680.14,19996
[status] PUB sent=467180 tps=777 (pubs=10) | SUB recv=46212555 itps=20013.11 p99=21.10ms conn=49381375/15578101.36,7391571.97,46212555,1000,1000,1000,0,0,0,0,0,0,5689984.02,10315219.84,11149343.34,6028589.73,20013
[status] PUB sent=477180 tps=791 (pubs=10) | SUB recv=47089165 itps=500680.24 p99=21.16ms conn=49381375/15666607.49,7380029.27,47089165,1000,1000,1000,0,0,0,0,0,0,20971214.19,27916546.22,29543327.28,20998112.06,500695
[status] PUB sent=487180 tps=805 (pubs=10) | SUB recv=48089425 itps=500451.47 p99=21.23ms conn=49381375/15774569.03,7369645.68,48089425,1000,1000,1000,0,0,0,0,0,0,19933425.92,27517505.83,30013240.11,20125690.92,500440
[status] PUB sent=497185 tps=819 (pubs=10) | SUB recv=49589345 itps=499877.45 p99=21.29ms conn=49381375/15894841.21,7327884.68,49589345,1000,1000,1000,0,0,0,0,0,0,19458035.26,26900621.58,28734980.52,19707374.43,499925
[status] PUB sent=512180 tps=840 (pubs=10) | SUB recv=50588580 itps=498920.76 p99=21.35ms conn=49381375/15981403.62,7307569.90,50588580,1000,1000,1000,0,0,0,0,0,0,20580991.88,28212378.29,30562790.33,20737080.28,498945
[status] PUB sent=522180 tps=853 (pubs=10) | SUB recv=51588610 itps=500230.67 p99=21.45ms conn=49381375/16107044.05,7319198.04,51588610,1000,1000,1000,0,0,0,0,0,0,22524171.59,29826295.69,32970348.93,22687006.38,500200
[status] PUB sent=532180 tps=867 (pubs=10) | SUB recv=52587870 itps=499548.34 p99=21.55ms conn=49381375/16228401.73,7328973.16,52587870,1000,1000,1000,0,0,0,0,0,0,22314822.19,29401987.93,31530651.97,22368288.21,499560
[status] PUB sent=542185 tps=880 (pubs=10) | SUB recv=54089000 itps=499905.64 p99=21.62ms conn=49381375/16347426.97,7301289.29,54089000,1000,1000,1000,0,0,0,0,0,0,19022016.69,26230224.37,28524494.49,19213060.05,499910
[status] PUB sent=557180 tps=900 (pubs=10) | SUB recv=55089855 itps=500479.08 p99=21.65ms conn=49381375/16405726.10,7269590.74,55089855,1000,1000,1000,0,0,0,0,0,0,19263637.31,26147120.71,28061702.90,19365306.82,500465
[status] PUB sent=567190 tps=913 (pubs=10) | SUB recv=56088205 itps=498309.36 p99=21.69ms conn=49381375/16476321.39,7249211.60,56088205,1000,1000,1000,0,0,0,0,0,0,21164675.74,28721260.16,31183635.67,21299068.08,498295
[status] PUB sent=577180 tps=926 (pubs=10) | SUB recv=57588335 itps=498826.33 p99=21.80ms conn=74842111/16621915.40,7251728.24,57588335,1000,1000,1000,0,0,0,0,0,0,22054391.44,30043352.25,37324986.42,22382811.35,498830
[status] PUB sent=592180 tps=946 (pubs=10) | SUB recv=58590060 itps=500426.77 p99=21.83ms conn=74842111/16684091.08,7229271.00,58590060,1000,1000,1000,0,0,0,0,0,0,19282445.39,26392859.60,28522241.34,19406893.17,500420
[status] PUB sent=602180 tps=959 (pubs=10) | SUB recv=59589450 itps=500120.90 p99=21.85ms conn=74842111/16732088.08,7199185.60,59589450,1000,1000,1000,0,0,0,0,0,0,19353219.27,26679630.89,28705635.95,19603329.16,500125
[status] PUB sent=612180 tps=972 (pubs=10) | SUB recv=60589665 itps=499905.36 p99=21.88ms conn=74842111/16781420.06,7170036.76,60589665,1000,1000,1000,0,0,0,0,0,0,19727166.65,26842626.36,29019631.79,19949131.63,499905
[status] PUB sent=622179 tps=984 (pubs=10) | SUB recv=62088735 itps=499134.94 p99=21.90ms conn=74842111/16851304.62,7128086.64,62088735,1000,1000,1000,0,0,0,0,0,0,20114464.57,27489643.83,29982911.51,20312365.56,499145
[status] PUB sent=637180 tps=1003 (pubs=10) | SUB recv=63088340 itps=500453.19 p99=21.97ms conn=74842111/16933509.14,7124581.12,63088340,1000,1000,1000,0,0,0,0,0,0,21505415.39,29362590.81,31071990.87,21744239.70,500435
[status] PUB sent=647180 tps=1016 (pubs=10) | SUB recv=64087750 itps=499500.04 p99=22.04ms conn=74842111/17018331.38,7124331.68,64087750,1000,1000,1000,0,0,0,0,0,0,22386180.74,29516302.42,32247334.20,22439793.37,499520
[status] PUB sent=657175 tps=1028 (pubs=10) | SUB recv=65588750 itps=499059.43 p99=22.11ms conn=74842111/17118851.61,7107093.35,65588750,1000,1000,1000,0,0,0,0,0,0,19773223.32,26941594.39,28967198.76,19923416.16,499045
[status] PUB sent=672180 tps=1047 (pubs=10) | SUB recv=66590340 itps=500391.88 p99=22.15ms conn=74842111/17169473.99,7087364.77,66590340,1000,1000,1000,0,0,0,0,0,0,19256220.12,26326045.78,28336304.46,19497668.46,500400
[status] PUB sent=682185 tps=1059 (pubs=10) | SUB recv=67588810 itps=500562.76 p99=22.19ms conn=74842111/17230944.86,7074524.61,67588810,1000,1000,1000,0,0,0,0,0,0,22076107.04,29828464.49,31478284.41,22180922.43,500605
[status] PUB sent=692180 tps=1072 (pubs=10) | SUB recv=69058340 itps=469809.27 p99=22.25ms conn=74842111/17315880.19,7054020.39,69058340,1000,1000,1000,0,0,0,0,0,0,21354137.00,28862476.27,31301807.37,21500249.68,469815
[status] PUB sent=707175 tps=1090 (pubs=10) | SUB recv=70088555 itps=500575.11 p99=22.31ms conn=74842111/17390069.43,7049922.54,70088555,1000,1000,1000,0,0,0,0,0,0,22386579.11,29892283.28,31548718.94,22389103.62,500550
[status] PUB sent=717180 tps=1102 (pubs=10) | SUB recv=71088380 itps=500094.59 p99=22.37ms conn=74842111/17457244.34,7043078.61,71088380,1000,1000,1000,0,0,0,0,0,0,21948432.71,29224691.30,31127085.84,22097834.83,500095
[status] PUB sent=727185 tps=1114 (pubs=10) | SUB recv=72518215 itps=429651.28 p99=22.43ms conn=74842111/17536059.80,7025645.99,72518215,1000,1000,1000,0,0,0,0,0,0,22278850.28,29813452.43,31368933.34,22370477.84,429650
[status] PUB sent=742180 tps=1131 (pubs=10) | SUB recv=73588615 itps=500129.74 p99=22.49ms conn=74842111/17603225.69,7018580.20,73588615,1000,1000,1000,0,0,0,0,0,0,21839890.33,29707603.03,32329561.93,22002961.26,500135
[status] PUB sent=752185 tps=1143 (pubs=10) | SUB recv=74589585 itps=501197.49 p99=22.53ms conn=74842111/17662114.43,7009282.49,74589585,1000,1000,1000,0,0,0,0,0,0,21806522.88,28785853.36,31134018.94,21810155.25,501165
[status] PUB sent=762178 tps=1155 (pubs=10) | SUB recv=76089460 itps=500517.21 p99=22.58ms conn=74842111/17732832.94,6987688.66,76089460,1000,1000,1000,0,0,0,0,0,0,21267782.69,28693427.10,30965181.43,21408706.09,500540
[status] PUB sent=762795 tps=1150 (pubs=10) | SUB recv=76255099 itps=20009.82 p99=22.58ms conn=74842111/17729222.11,6989630.66,76255099,1000,1000,1000,0,0,0,0,0,0,3613539.72,5776847.30,7069776.68,3702141.19,20008
[status] PUB sent=763195 tps=1148 (pubs=10) | SUB recv=76295099 itps=20009.44 p99=22.58ms conn=74842111/17721831.40,6995302.88,76295099,1000,1000,1000,0,0,0,0,0,0,3554189.19,5481607.43,6044092.22,3600501.27,20010
[status] PUB sent=763595 tps=1145 (pubs=10) | SUB recv=76355084 itps=19994.07 p99=22.57ms conn=74842111/17710829.44,7003651.34,76355084,1000,1000,1000,0,0,0,0,0,0,3709727.09,5843811.82,6674420.96,3777363.69,19994
[status] PUB sent=764195 tps=1141 (pubs=10) | SUB recv=76395107 itps=20008.07 p99=22.57ms conn=74842111/17703406.69,7009376.22,76395107,1000,1000,1000,0,0,0,0,0,0,3496917.80,5414734.54,6035932.69,3539876.01,20009
[status] PUB sent=764595 tps=1138 (pubs=10) | SUB recv=76435099 itps=20010.45 p99=22.57ms conn=74842111/17696002.17,7015061.93,76435099,1000,1000,1000,0,0,0,0,0,0,3544932.36,5378367.13,5864704.24,3579957.58,20011
[status] PUB sent=765195 tps=1134 (pubs=10) | SUB recv=76495105 itps=20021.13 p99=22.57ms conn=74842111/17684896.72,7023593.18,76495105,1000,1000,1000,0,0,0,0,0,0,3508435.86,5384076.64,6353083.82,3567750.97,20022
[status] PUB sent=765595 tps=1131 (pubs=10) | SUB recv=76535107 itps=20007.52 p99=22.56ms conn=74842111/17677470.93,7029307.26,76535107,1000,1000,1000,0,0,0,0,0,0,3449678.02,5149077.57,5690361.06,3462543.89,20008
[status] PUB sent=765996 tps=1128 (pubs=10) | SUB recv=76575094 itps=19989.93 p99=22.56ms conn=74842111/17670032.65,7035045.62,76575094,1000,1000,1000,0,0,0,0,0,0,3422531.57,5163542.92,5708427.00,3447274.89,19990
[status] PUB sent=766595 tps=1124 (pubs=10) | SUB recv=76635112 itps=20013.62 p99=22.56ms conn=74842111/17658909.66,7043571.29,76635112,1000,1000,1000,0,0,0,0,0,0,3468938.63,5257824.67,5660476.58,3495666.62,20014
[status] PUB sent=766995 tps=1121 (pubs=10) | SUB recv=76675107 itps=20009.13 p99=22.56ms conn=74842111/17651508.10,7049230.02,76675107,1000,1000,1000,0,0,0,0,0,0,3375916.82,5107737.61,5745431.12,3428140.97,20009
[status] PUB sent=767595 tps=1117 (pubs=10) | SUB recv=76735102 itps=20012.24 p99=22.55ms conn=74842111/17640397.48,7057728.12,76735102,1000,1000,1000,0,0,0,0,0,0,3390345.57,5178550.74,5687196.86,3439377.77,20013
[status] PUB sent=767995 tps=1115 (pubs=10) | SUB recv=76775115 itps=20003.57 p99=22.55ms conn=74842111/17632862.61,7063649.80,76775115,1000,1000,1000,0,0,0,0,0,0,2784631.35,4806623.67,5508024.97,2910227.04,20004
[status] PUB sent=768395 tps=1112 (pubs=10) | SUB recv=76815103 itps=20003.70 p99=22.55ms conn=74842111/17625382.70,7069462.63,76815103,1000,1000,1000,0,0,0,0,0,0,3295305.33,5227709.63,6033945.52,3352617.08,20004
[status] PUB sent=768995 tps=1108 (pubs=10) | SUB recv=76875110 itps=20028.58 p99=22.55ms conn=74842111/17614372.84,7077772.69,76875110,1000,1000,1000,0,0,0,0,0,0,3618408.53,5820441.79,6496635.19,3711991.56,20028
[status] PUB sent=769395 tps=1105 (pubs=10) | SUB recv=76915084 itps=19983.45 p99=22.54ms conn=74842111/17607127.13,7083120.92,76915084,1000,1000,1000,0,0,0,0,0,0,3679719.74,5663800.59,6177165.65,3715587.41,19984
[status] PUB sent=769995 tps=1102 (pubs=10) | SUB recv=76975086 itps=19978.18 p99=22.54ms conn=74842111/17596322.29,7091006.63,76975086,1000,1000,1000,0,0,0,0,0,0,3676061.31,5648907.43,6183564.28,3714929.62,19979
[status] PUB sent=770395 tps=1099 (pubs=10) | SUB recv=77015107 itps=20009.70 p99=22.54ms conn=74842111/17589121.96,7096250.58,77015107,1000,1000,1000,0,0,0,0,0,0,3719711.29,5704685.91,6201375.96,3760037.04,20010
[status] PUB sent=770795 tps=1096 (pubs=10) | SUB recv=77058904 itps=3801.60 p99=22.53ms conn=74842111/17581254.30,7101963.05,77058904,1000,1000,1000,0,0,0,0,0,0,3752867.13,6388827.94,6782457.75,3951385.80,3801
[status] PUB sent=771395 tps=1093 (pubs=10) | SUB recv=77115098 itps=20004.56 p99=22.53ms conn=74842111/17571081.24,7109452.99,77115098,1000,1000,1000,0,0,0,0,0,0,3574380.34,5590430.87,6107042.24,3638916.89,20004
[status] PUB sent=771795 tps=1090 (pubs=10) | SUB recv=77155103 itps=19999.43 p99=22.53ms conn=74842111/17563854.68,7114744.05,77155103,1000,1000,1000,0,0,0,0,0,0,3604135.84,5595479.90,6106432.09,3651552.84,19999
[status] PUB sent=772395 tps=1086 (pubs=10) | SUB recv=77215102 itps=20001 p99=22.53ms conn=74842111/17553023.90,7122662.59,77215102,1000,1000,1000,0,0,0,0,0,0,3560737.55,5582717.78,6057587.14,3612353.09,20001
[status] PUB sent=772795 tps=1084 (pubs=10) | SUB recv=77255097 itps=19997.64 p99=22.52ms conn=74842111/17545828.81,7127886.80,77255097,1000,1000,1000,0,0,0,0,0,0,3616969.57,5553374.97,6058746.16,3658305.26,19998
[status] PUB sent=773395 tps=1080 (pubs=10) | SUB recv=77315101 itps=20000.87 p99=22.52ms conn=74842111/17535051.51,7135695.68,77315101,1000,1000,1000,0,0,0,0,0,0,3629428.84,5643027.34,6141819.42,3689430.07,20001
[status] PUB sent=773795 tps=1078 (pubs=10) | SUB recv=77355087 itps=19985.23 p99=22.52ms conn=74842111/17527856.33,7140921.45,77355087,1000,1000,1000,0,0,0,0,0,0,3544700.25,5424268.98,5960845.19,3579213.79,19985
[status] PUB sent=784215 tps=1088 (pubs=10) | SUB recv=77415109 itps=20009.71 p99=22.51ms conn=74842111/17517095.84,7148685.70,77415109,1000,1000,1000,0,0,0,0,0,0,3518230.88,5495973.16,6037264.33,3563203.12,20011
[status] PUB sent=804215 tps=1112 (pubs=10) | SUB recv=79152080 itps=1009524.82 p99=22.78ms conn=79298559/17922648.15,7698019.95,79152080,1000,1000,1000,0,0,0,0,0,0,33760332.22,48416713.38,56035664.99,34223036.15,1009550
[status] PUB sent=824215 tps=1137 (pubs=10) | SUB recv=82158100 itps=1000126 p99=23.12ms conn=79298559/18322038.48,7940124.07,82158100,1000,1000,1000,0,0,0,0,0,0,25973136.43,35926388.09,39224667.79,25940478.88,1000140
[status] PUB sent=854215 tps=1173 (pubs=10) | SUB recv=84159030 itps=1001482.43 p99=23.29ms conn=79298559/18493397.05,7975111.64,84159030,1000,1000,1000,0,0,0,0,0,0,25385749.12,36687632.89,40308532.88,25775734.78,1001500
[status] PUB sent=874215 tps=1198 (pubs=10) | SUB recv=86151900 itps=997149.32 p99=23.51ms conn=79298559/18735949.93,8106417.28,86151900,1000,1000,1000,0,0,0,0,0,0,30896482.67,43449575.39,46133133.26,30858527.25,997190
[status] PUB sent=904215 tps=1234 (pubs=10) | SUB recv=89157040 itps=1000302.76 p99=23.77ms conn=79298559/19008219.08,8191306.15,89157040,1000,1000,1000,0,0,0,0,0,0,25022337.74,35210977.21,38641824.58,25292429.14,1000310
[status] PUB sent=924215 tps=1257 (pubs=10) | SUB recv=91146000 itps=992955.34 p99=23.99ms conn=79298559/19238213.74,8312289.59,91146000,1000,1000,1000,0,0,0,0,0,0,31061647.00,43823658.98,47380713.27,30939471.53,992940
[status] PUB sent=954215 tps=1293 (pubs=10) | SUB recv=94155110 itps=1003500.51 p99=24.41ms conn=79298559/19699522.82,8686702.25,94155080,1000,1000,1000,0,0,0,0,0,0,31539753.15,43299211.71,45643158.70,30808544.14,1003470
[status] PUB sent=974215 tps=1316 (pubs=10) | SUB recv=96988340 itps=820808.87 p99=24.45ms conn=128909311/19813714.93,9007533.75,96988340,1000,1000,1000,0,0,0,0,0,0,14912511.22,20844174.43,22343244.16,15039856.95,820820
[status] PUB sent=1004215 tps=1352 (pubs=10) | SUB recv=99167960 itps=1000285.38 p99=24.32ms conn=128909311/19703418.75,8953173.70,99167960,1000,1000,1000,0,0,0,0,0,0,14711232.25,20341884.25,21412052.65,14796072.61,1000360
[status] PUB sent=1024215 tps=1375 (pubs=10) | SUB recv=101688440 itps=520635.35 p99=24.18ms conn=128909311/19583211.25,8890328.72,101688440,1000,1000,1000,0,0,0,0,0,0,14895598.89,20745430.69,22295789.74,15022375.65,520620
[status] PUB sent=1054215 tps=1409 (pubs=10) | SUB recv=104168890 itps=999705.39 p99=24.04ms conn=128909311/19471266.65,8828826.90,104168890,1000,1000,1000,0,0,0,0,0,0,14629665.81,20214969.65,21503219.81,14732323.72,999730
[status] PUB sent=1084215 tps=1444 (pubs=10) | SUB recv=106827990 itps=659647.30 p99=23.90ms conn=128909311/19350289.11,8767638.04,106827990,1000,1000,1000,0,0,0,0,0,0,14734251.42,20102008.97,21081516.53,14671217.09,659730
[status] PUB sent=1104215 tps=1466 (pubs=10) | SUB recv=109169380 itps=1001621.23 p99=23.78ms conn=128909311/19252887.85,8713226.55,109169380,1000,1000,1000,0,0,0,0,0,0,14600071.75,20444046.79,21577772.15,14688279.94,1001600
[status] PUB sent=1134215 tps=1500 (pubs=10) | SUB recv=112164840 itps=1001629.28 p99=23.73ms conn=128909311/19234009.07,8637557.74,112164840,1000,1000,1000,0,0,0,0,0,0,19651554.45,28631308.76,30474115.65,19781653.14,1001520
[status] PUB sent=1154215 tps=1523 (pubs=10) | SUB recv=114163640 itps=1002116.22 p99=23.71ms conn=128909311/19246913.52,8585832.89,114163640,1000,1000,1000,0,0,0,0,0,0,19510253.04,28511981.56,31390959.39,19945646.54,1002140
[status] PUB sent=1184215 tps=1556 (pubs=10) | SUB recv=117161460 itps=999247.89 p99=23.71ms conn=128909311/19273543.76,8524058.19,117161460,1000,1000,1000,0,0,0,0,0,0,19594544.00,28577301.64,30780287.04,19976430.49,999220
[status] PUB sent=1204215 tps=1578 (pubs=10) | SUB recv=119164300 itps=1000482.39 p99=23.70ms conn=128909311/19283812.72,8475940.75,119164300,1000,1000,1000,0,0,0,0,0,0,19682541.71,28638539.12,30919515.05,19954727.36,1000490
[status] PUB sent=1234215 tps=1611 (pubs=10) | SUB recv=122161670 itps=1000398.41 p99=23.69ms conn=128909311/19302254.67,8407152.69,122161670,1000,1000,1000,0,0,0,0,0,0,19650425.52,28655567.67,31844602.07,20094883.06,1000400
[status] PUB sent=1254215 tps=1633 (pubs=10) | SUB recv=124162810 itps=999675.08 p99=23.68ms conn=128909311/19312090.03,8361865.57,124162810,1000,1000,1000,0,0,0,0,0,0,19487205.40,28704019.31,30693592.45,19871770.56,999660
[status] PUB sent=1284215 tps=1666 (pubs=10) | SUB recv=127167780 itps=1004770.70 p99=23.64ms conn=128909311/19303440.21,8298605.98,127167780,1000,1000,1000,0,0,0,0,0,0,16289439.43,23842065.63,27560740.67,16649985.69,1004740
[status] PUB sent=1304215 tps=1687 (pubs=10) | SUB recv=129166230 itps=998796.96 p99=23.55ms conn=128909311/19246411.51,8259637.59,129166230,1000,1000,1000,0,0,0,0,0,0,15359700.05,21756358.09,23158637.26,15494212.38,998830
[status] PUB sent=1334215 tps=1719 (pubs=10) | SUB recv=132168840 itps=1001699.55 p99=23.43ms conn=128909311/19163096.23,8203029.58,132168840,1000,1000,1000,0,0,0,0,0,0,15320897.45,21460108.98,22666316.56,15520950.84,1001710
[status] PUB sent=1364215 tps=1751 (pubs=10) | SUB recv=134177970 itps=10000.14 p99=23.35ms conn=128909311/19109095.20,8165635.15,134177970,1000,1000,1000,0,0,0,0,0,0,15843327,21741567,22872063,15506794.70,10000
[status] PUB sent=1374435 tps=1760 (pubs=10) | SUB recv=137166690 itps=999706.42 p99=23.25ms conn=128909311/19043376.23,8111006.91,137166690,1000,1000,1000,0,0,0,0,0,0,16454391.89,25387332.89,30930440.09,16995461.79,999710
[status] PUB sent=1375035 tps=1754 (pubs=10) | SUB recv=137479057 itps=20002.96 p99=23.24ms conn=128909311/19030228.09,8110929.81,137479057,1000,1000,1000,0,0,0,0,0,0,3563147.12,5388696.15,6180345.73,3596343.37,20002
[status] PUB sent=1375435 tps=1750 (pubs=10) | SUB recv=137519031 itps=19988.75 p99=23.23ms conn=128909311/19025785.45,8113963.53,137519031,1000,1000,1000,0,0,0,0,0,0,3718635.05,5822212.49,6316896.14,3769935.10,19989
[status] PUB sent=1376035 tps=1744 (pubs=10) | SUB recv=137579035 itps=20002.79 p99=23.23ms conn=128909311/19019096.98,8118557.48,137579035,1000,1000,1000,0,0,0,0,0,0,3634039.14,5691121.13,6229588.08,3674670.74,20004
[status] PUB sent=1376435 tps=1740 (pubs=10) | SUB recv=137619040 itps=20003.47 p99=23.23ms conn=128909311/19014640.51,8121613.88,137619040,1000,1000,1000,0,0,0,0,0,0,3645244.79,5703555.74,6275442.43,3691431.24,20004
[status] PUB sent=1377035 tps=1734 (pubs=10) | SUB recv=137679048 itps=20000.48 p99=23.23ms conn=128909311/19007963.79,8126182.01,137679048,1000,1000,1000,0,0,0,0,0,0,3642417.84,5608506.34,6191240.11,3675664.72,20001
[status] PUB sent=1377635 tps=1728 (pubs=10) | SUB recv=137735443 itps=16404.63 p99=23.22ms conn=128909311/19001683.35,8130480.68,137735443,1000,1000,1000,0,0,0,0,0,0,3543572.97,5527799.95,6112942.66,3585669.65,16404
[status] PUB sent=1378035 tps=1725 (pubs=10) | SUB recv=137779032 itps=20002.07 p99=23.22ms conn=128909311/18996844.56,8133778.44,137779032,1000,1000,1000,0,0,0,0,0,0,3530761.96,5386534.91,6023462.29,3562445.42,20002
[status] PUB sent=1378635 tps=1719 (pubs=10) | SUB recv=137839024 itps=20006.23 p99=23.22ms conn=128909311/18990187.10,8138307.38,137839024,1000,1000,1000,0,0,0,0,0,0,3780366.65,5974720.80,6879806.59,3864694.41,20007
[status] PUB sent=1379035 tps=1715 (pubs=10) | SUB recv=137879035 itps=19992.31 p99=23.22ms conn=128909311/18985795.75,8141244.76,137879035,1000,1000,1000,0,0,0,0,0,0,3789212.96,6423401.64,7864259.99,3920628.68,19992
[status] PUB sent=1379635 tps=1710 (pubs=10) | SUB recv=137939041 itps=19994.70 p99=23.22ms conn=128909311/18979175.96,8145702.73,137939041,1000,1000,1000,0,0,0,0,0,0,3753198.52,5858567.10,6376906.84,3791305.18,19995
[status] PUB sent=1380235 tps=1704 (pubs=10) | SUB recv=137999030 itps=19984.58 p99=23.22ms conn=128909311/18972529.93,8150210.21,137999030,1000,1000,1000,0,0,0,0,0,0,3639981.80,5670215.08,6201898.42,3687099.56,19985
[status] PUB sent=1380635 tps=1700 (pubs=10) | SUB recv=138039033 itps=19993.60 p99=23.21ms conn=128909311/18968093.68,8153221.25,138039033,1000,1000,1000,0,0,0,0,0,0,3651767.79,5521317.47,6185233.73,3677220.98,19993
[status] PUB sent=1381235 tps=1695 (pubs=10) | SUB recv=138099033 itps=19986.64 p99=23.21ms conn=128909311/18961458.35,8157704.55,138099033,1000,1000,1000,0,0,0,0,0,0,3661321.17,5603051.95,6100052.62,3683738.86,19985
[status] PUB sent=1381835 tps=1689 (pubs=10) | SUB recv=138146830 itps=7800 p99=23.21ms conn=128909311/18956206.98,8161206.72,138146830,1000,1000,1000,0,0,0,0,0,0,3823875.20,6128362.78,6754791.37,3891476.22,7800
[status] PUB sent=1382235 tps=1686 (pubs=10) | SUB recv=138199031 itps=19987.74 p99=23.21ms conn=128909311/18950445.62,8165088.34,138199031,1000,1000,1000,0,0,0,0,0,0,3687147.58,5619798.09,6104522.64,3709570.51,19988
[status] PUB sent=1382835 tps=1680 (pubs=10) | SUB recv=138259052 itps=20031.24 p99=23.20ms conn=128909311/18943814.60,8169557.94,138259052,1000,1000,1000,0,0,0,0,0,0,3671581.34,5606420.42,6161920.51,3711574.45,20031
[status] PUB sent=1383435 tps=1675 (pubs=10) | SUB recv=138299041 itps=19991.17 p99=23.20ms conn=128909311/18939408.83,8172512.59,138299041,1000,1000,1000,0,0,0,0,0,0,3625355.49,5612422.21,6120271.09,3678165.15,19990
[status] PUB sent=1383835 tps=1671 (pubs=10) | SUB recv=138359023 itps=19978.23 p99=23.20ms conn=128909311/18932799.61,8176946.73,138359023,1000,1000,1000,0,0,0,0,0,0,3647818.34,5696689.64,6315820.63,3702873.27,19977
[status] PUB sent=1384435 tps=1666 (pubs=10) | SUB recv=138419052 itps=20003.91 p99=23.20ms conn=128909311/18926139.97,8181461.81,138419052,1000,1000,1000,0,0,0,0,0,0,3405676.70,5236185.43,5808283.44,3429478.10,20004
[status] PUB sent=1384835 tps=1662 (pubs=10) | SUB recv=138459063 itps=19973.55 p99=23.20ms conn=128909311/18921360.80,8185122.94,138459063,1000,1000,1000,0,0,0,0,0,0,1966786.60,2997501.31,3505575.12,2045154.24,19972
[status] PUB sent=1385435 tps=1657 (pubs=10) | SUB recv=138519039 itps=19986.65 p99=23.19ms conn=128909311/18914665.48,8189708.06,138519039,1000,1000,1000,0,0,0,0,0,0,3499212.54,5331090.34,5816070.84,3533003.95,19988
[status] PUB sent=1386035 tps=1652 (pubs=10) | SUB recv=138579029 itps=19988.74 p99=23.19ms conn=128909311/18907985.92,8194267.38,138579029,1000,1000,1000,0,0,0,0,0,0,3663480.62,5784313.52,6304326.01,3719013.62,19988
[status] PUB sent=1426255 tps=1694 (pubs=10) | SUB recv=138619035 itps=19991.13 p99=23.19ms conn=128909311/18903606.07,8197167.71,138619035,1000,1000,1000,0,0,0,0,0,0,3752718.85,5658442.48,6239597.47,3779174.14,19990
[status] PUB sent=1466255 tps=1737 (pubs=10) | SUB recv=142856100 itps=1615080.16 p99=23.71ms conn=755499007/29482897.72,67182315.79,142856100,1000,1000,1000,0,0,0,0,0,0,545983481.52,649247140.94,673281486.92,543783611.61,1615084
[status] PUB sent=1526255 tps=1802 (pubs=10) | SUB recv=147989488 itps=1778185 p99=24.42ms conn=1184890879/59059856.34,171193324.68,147989488,1000,1000,1000,0,0,0,0,0,0,1022123563.34,1095752603.67,1116184787.02,1021416572.55,1778070
[status] PUB sent=1586255 tps=1866 (pubs=10) | SUB recv=152406900 itps=837060.17 p99=25.12ms conn=1519386623/92690101.43,256840950.29,152406900,1000,1000,1000,0,0,0,0,0,0,1374184865.51,1445401478.00,1468337294.67,1373614462.84,837075
[status] PUB sent=1626255 tps=1909 (pubs=10) | SUB recv=156934500 itps=1784693.03 p99=25.92ms conn=1723858943/132236743.30,343005011.21,156934500,1000,1000,1000,0,0,0,0,0,0,1556645144.44,1627704125.81,1648341270.76,1556086863.90,1784738
[status] PUB sent=1686255 tps=1972 (pubs=10) | SUB recv=162301247 itps=1787524.21 p99=27.00ms conn=2051014655/186414518.38,447119622.57,162301247,1000,1000,1000,0,0,0,0,0,0,1877808183.94,1948910727.08,1969468290.38,1877599751.53,1787543
[status] PUB sent=1746255 tps=2035 (pubs=10) | SUB recv=167648676 itps=1779106.14 p99=28.32ms conn=2371878911/247155840.66,553025646.04,167648676,1000,1000,1000,0,0,0,0,0,0,2198267328.00,2268321332.87,2289556166.50,2197451731.25,1779118
[status] PUB sent=1806255 tps=2098 (pubs=10) | SUB recv=171217706 itps=1779929.09 p99=29.58ms conn=2585788415/291140505.31,624855506.29,171217706,1000,1000,1000,0,0,0,0,0,0,2411539506.73,2481470747.47,2501909791.09,2410253955.86,1779858
[status] PUB sent=1846255 tps=2139 (pubs=10) | SUB recv=176570882 itps=1786918.48 p99=32.87ms conn=2900361215/361890454.01,734167296.19,176570882,1000,1000,1000,0,0,0,0,0,0,2733337960.73,2803964686.47,2824681869.58,2732023626.89,1786864
[status] PUB sent=1906255 tps=2201 (pubs=10) | SUB recv=181920104 itps=1782002.60 p99=39.52ms conn=3225419775/437835600.10,844886767.84,181920104,1000,1000,1000,0,0,0,0,0,0,3052112097.55,3122194134.14,3142778965.68,3050836768.52,1782025
[status] PUB sent=1966255 tps=2263 (pubs=10) | SUB recv=187288678 itps=1793115.24 p99=346.12ms conn=3542089727/518856719.47,957129568.17,187288678,1000,1000,1000,0,0,0,0,0,0,3372422414.81,3443620192.62,3465582146.02,3371269412.12,1793212
[status] PUB sent=2026255 tps=2324 (pubs=10) | SUB recv=191865962 itps=1003529.39 p99=748.39ms conn=3858759679/591708476.86,1053879235.84,191865962,1000,1000,1000,0,0,0,0,0,0,3715067317.86,3786220689.29,3805057608.14,3714483363.00,1003520
[status] PUB sent=2066255 tps=2364 (pubs=10) | SUB recv=196227827 itps=1795353.87 p99=1027.15ms conn=4074766335/663522667.13,1146292629.05,196227827,1000,1000,1000,0,0,0,0,0,0,3910223842.67,3980965901.46,4001165717.30,3909462186.81,1795478
[status] PUB sent=2121891 tps=2419 (pubs=10) | SUB recv=201590808 itps=1783289.35 p99=1267.97ms conn=4387241983/755522532.72,1260534754.42,201590808,1000,1000,1000,0,0,0,0,0,0,4226724686.49,4294809664.25,4314983856.81,4225580614.49,1783349
[status] PUB sent=2175651 tps=2472 (pubs=10) | SUB recv=206993876 itps=1806328.44 p99=1509.14ms conn=4685037567/851339133.23,1374872918.62,206993876,1000,1000,1000,0,0,0,0,0,0,4529313482.72,4597925407.24,4612726041.26,4527458247.30,1806330
[status] PUB sent=2231971 tps=2528 (pubs=10) | SUB recv=212321814 itps=1730285.15 p99=1748.77ms conn=4802478079/946209322.39,1480640077.98,212321814,1000,1000,1000,0,0,0,0,0,0,4625791087.12,4683010079.89,4688705138.08,4631449666.15,1730315
[status] PUB sent=2285987 tps=2580 (pubs=10) | SUB recv=216164240 itps=1850580.63 p99=1920.69ms conn=4802478079/1010950035.58,1544431611.27,216164240,1000,1000,1000,0,0,0,0,0,0,4564074981.24,4621946758.25,4628287909.86,4570507587.73,1850552
[status] PUB sent=2321827 tps=2615 (pubs=10) | SUB recv=221598526 itps=1785029.59 p99=2164.99ms conn=4802478079/1097540975.94,1620223117.98,221598526,1000,1000,1000,0,0,0,0,0,0,4554609205.08,4609206334.20,4615208751.24,4559238333.84,1785038
[status] PUB sent=2375331 tps=2666 (pubs=10) | SUB recv=226969284 itps=1788625.89 p99=2405.55ms conn=4815060991/1181062667.21,1688463088.32,226969284,1000,1000,1000,0,0,0,0,0,0,4655877190.77,4711873796.97,4717793592.27,4660460985.91,1788574
[status] PUB sent=2429859 tps=2718 (pubs=10) | SUB recv=232330797 itps=1782575.64 p99=2647.08ms conn=4890558463/1261963669.77,1749921989.01,232330797,1000,1000,1000,0,0,0,0,0,0,4681955877.74,4734942862.55,4737637385.57,4689360589.41,1782778
[status] PUB sent=2484131 tps=2769 (pubs=10) | SUB recv=237059477 itps=1068142.77 p99=2859.59ms conn=4890558463/1329627352.35,1796025465.38,237059477,1000,1000,1000,0,0,0,0,0,0,4624426114.95,4682380198.49,4685926153.79,4630672164.80,1068086
[status] PUB sent=2539395 tps=2822 (pubs=10) | SUB recv=241453454 itps=1805680.51 p99=3055.97ms conn=4890558463/1389317944.02,1832939974.50,241453454,1000,1000,1000,0,0,0,0,0,0,4590334132.17,4646661911.95,4649081371.61,4598268071.54,1805590
[status] PUB sent=2539809 tps=2816 (pubs=10) | SUB recv=246987065 itps=1844585.88 p99=3302.93ms conn=4890558463/1460851904.66,1872889844.29,246987065,1000,1000,1000,0,0,0,0,0,0,4560435981.40,4616330259.30,4619326224.51,4566776134.13,1844622
[status] PUB sent=2540408 tps=2807 (pubs=10) | SUB recv=252478640 itps=1810693.11 p99=3550.89ms conn=4890558463/1528157901.25,1906620155.05,252478640,1000,1000,1000,0,0,0,0,0,0,4561320055.66,4609663007.91,4613780379.57,4562494622.91,1810698
[status] PUB sent=2541008 tps=2798 (pubs=10) | SUB recv=254075943 itps=20040.48 p99=3616.08ms conn=4890558463/1545679270.46,1914829034.06,254075943,1000,1000,1000,0,0,0,0,0,0,8438959.02,13166037.84,14384406.64,8319066.49,20041
[status] PUB sent=2541608 tps=2790 (pubs=10) | SUB recv=254128936 itps=12973.17 p99=3615.41ms conn=4890558463/1545358729.11,1914758136.55,254128936,1000,1000,1000,0,0,0,0,0,0,8661871.83,13713111.50,14619265.15,8364635.20,12974
[status] PUB sent=2542209 tps=2781 (pubs=10) | SUB recv=254175936 itps=19986.47 p99=3614.59ms conn=4890558463/1545074430.22,1914695116.01,254175936,1000,1000,1000,0,0,0,0,0,0,7899008.45,13101688.76,13875578.43,8053893.92,19987
[status] PUB sent=2542608 tps=2776 (pubs=10) | SUB recv=254235892 itps=19962.99 p99=3613.33ms conn=4890558463/1544712001.95,1914614767.43,254235892,1000,1000,1000,0,0,0,0,0,0,8385267.91,14133314.40,15963758.39,8466590.09,19963
[status] PUB sent=2543208 tps=2767 (pubs=10) | SUB recv=254295817 itps=19856 p99=3612.58ms conn=4890558463/1544350142.80,1914534255.68,254295817,1000,1000,1000,0,0,0,0,0,0,10421589.33,18948047.97,20660761.82,10618776.50,19856
[status] PUB sent=2543808 tps=2759 (pubs=10) | SUB recv=254355848 itps=20086.46 p99=3611.45ms conn=4890558463/1543988329.68,1914453155.38,254355848,1000,1000,1000,0,0,0,0,0,0,11247885.59,19240946.26,24293657.01,11473810.78,20087
[status] PUB sent=2544408 tps=2751 (pubs=10) | SUB recv=254415857 itps=20028.56 p99=3610.69ms conn=4890558463/1543626824.80,1914372050.92,254415857,1000,1000,1000,0,0,0,0,0,0,11004790.85,18702794.72,20627263.18,11491632.48,20029
[status] PUB sent=2545008 tps=2742 (pubs=10) | SUB recv=254459883 itps=3992.95 p99=3609.83ms conn=4890558463/1543361611.10,1914312697.56,254459883,1000,1000,1000,0,0,0,0,0,0,5114340.71,10832485.96,12005129.83,5753331.31,3993
[status] PUB sent=2545608 tps=2734 (pubs=10) | SUB recv=254515887 itps=20018.79 p99=3609.08ms conn=4890558463/1543024417.56,1914236928.64,254515887,1000,1000,1000,0,0,0,0,0,0,10407186.76,16075620.27,16869437.71,10202728.17,20019
[status] PUB sent=2546008 tps=2729 (pubs=10) | SUB recv=254575895 itps=19986.89 p99=3608.53ms conn=4890558463/1542663083.21,1914155967.00,254575895,1000,1000,1000,0,0,0,0,0,0,10649223.36,16563540.57,17952634.00,10367822.22,19987
[status] PUB sent=2546608 tps=2721 (pubs=10) | SUB recv=254635896 itps=20037.82 p99=3607.36ms conn=4890558463/1542301940.73,1914074999.33,254635896,1000,1000,1000,0,0,0,0,0,0,9899129.14,15797434.14,17036826.75,9807691.61,20038
[status] PUB sent=2547209 tps=2713 (pubs=10) | SUB recv=254695812 itps=19954.70 p99=3606.83ms conn=4890558463/1541941534.19,1913994069.36,254695812,1000,1000,1000,0,0,0,0,0,0,10530339.59,17379268.70,19587298.03,10721715.59,19954
[status] PUB sent=2547808 tps=2705 (pubs=10) | SUB recv=254755806 itps=19962.24 p99=3605.68ms conn=4890558463/1541581079.36,1913912795.11,254755806,1000,1000,1000,0,0,0,0,0,0,10455398.61,18267626.30,20065949.44,11059503.08,19961
[status] PUB sent=2548408 tps=2697 (pubs=10) | SUB recv=254815874 itps=19973.78 p99=3605.09ms conn=4890558463/1541220398.66,1913831354.25,254815874,1000,1000,1000,0,0,0,0,0,0,11478657.37,19231059.41,21161667.81,11506269.79,19974
[status] PUB sent=2549008 tps=2689 (pubs=10) | SUB recv=254861218 itps=5403.73 p99=3604.44ms conn=4890558463/1540948112.72,1913770126.13,254861218,1000,1000,1000,0,0,0,0,0,0,6274431.28,12389872.98,14700129.16,6611585.61,5404
[status] PUB sent=2549608 tps=2681 (pubs=10) | SUB recv=254915878 itps=20053.48 p99=3603.25ms conn=4890558463/1540620064.12,1913695874.63,254915878,1000,1000,1000,0,0,0,0,0,0,9604867.16,14890898.14,16104594.37,9779588.86,20054
[status] PUB sent=2550028 tps=2676 (pubs=10) | SUB recv=254975844 itps=20034.69 p99=3602.37ms conn=4890558463/1540260163.91,1913614707.41,254975844,1000,1000,1000,0,0,0,0,0,0,10633518.61,16981695.65,18023351.75,11071766.46,20034
[status] PUB sent=2550609 tps=2668 (pubs=10) | SUB recv=255035814 itps=19967.66 p99=3601.36ms conn=4890558463/1539900609.75,1913533343.26,255035814,1000,1000,1000,0,0,0,0,0,0,10821189.18,17532048.17,18912591.96,11184390.53,19969
[status] PUB sent=2551208 tps=2660 (pubs=10) | SUB recv=255095785 itps=19916.67 p99=3600.52ms conn=4890558463/1539541174.75,1913451980.80,255095785,1000,1000,1000,0,0,0,0,0,0,11134151.73,17058742.81,18308764.85,11351636.94,19916
[status] PUB sent=2630867 tps=2735 (pubs=10) | SUB recv=256147208 itps=1011375.08 p99=3584.56ms conn=4890558463/1534389241.12,1911231459.87,256147208,1000,1000,1000,0,0,0,0,0,0,290574912.69,471533278.49,484183371.94,295245829.58,1011332
[status] PUB sent=2714067 tps=2812 (pubs=10) | SUB recv=260883432 itps=1642180.28 p99=3513.94ms conn=4890558463/1532400456.71,1895213239.27,260883432,1000,1000,1000,0,0,0,0,0,0,2014029110.65,2279983567.39,2298182384.95,2017146732.80,1642188
[status] PUB sent=2765779 tps=2857 (pubs=10) | SUB recv=266044236 itps=1742639.91 p99=3528.61ms conn=4890558463/1564350149.79,1891698564.80,266044236,1000,1000,1000,0,0,0,0,0,0,3731009909.73,3995785002.17,4014214950.72,3739986450.59,1742641
[status] PUB sent=2819027 tps=2903 (pubs=10) | SUB recv=271316150 itps=1766920.86 p99=3728.01ms conn=5028970495/1623948861.15,1920820813.10,271316150,1000,1000,1000,0,0,0,0,0,0,4816860646.26,4866718005.75,4879558554.95,4813120270.56,1766921
[status] PUB sent=2870739 tps=2947 (pubs=10) | SUB recv=276510982 itps=1731038.70 p99=3925.92ms conn=5028970495/1683416301.75,1950635667.27,276510982,1000,1000,1000,0,0,0,0,0,0,4791799703.21,4834284710.29,4838706202.02,4788472165.21,1731130
[status] PUB sent=2924243 tps=2993 (pubs=10) | SUB recv=281207572 itps=1180728.41 p99=4103.01ms conn=5028970495/1735267276.55,1974723728.56,281207572,1000,1000,1000,0,0,0,0,0,0,4780961502.49,4829089021.54,4839112454.51,4778764839.54,1180755
[status] PUB sent=2975443 tps=3036 (pubs=10) | SUB recv=285937218 itps=657804.36 p99=4275.22ms conn=5096079359/1785707263.30,1996574485.51,285937218,1000,1000,1000,0,0,0,0,0,0,4772620970.16,4809941591.03,4817093932.11,4774088352.67,657780
[status] PUB sent=3029203 tps=3082 (pubs=10) | SUB recv=290743308 itps=182985.90 p99=4447.34ms conn=5096079359/1835262357.37,2016623958.35,290743308,1000,1000,1000,0,0,0,0,0,0,4798283775,4841956524.15,4856269145.30,4787762463.67,182980
[status] PUB sent=3080659 tps=3124 (pubs=10) | SUB recv=295839040 itps=1751800.95 p99=4524.77ms conn=5096079359/1885981671.23,2035577361.80,295839040,1000,1000,1000,0,0,0,0,0,0,4784867040.32,4827585180.80,4835492366.35,4779481573.01,1751942
[status] PUB sent=3134163 tps=3169 (pubs=10) | SUB recv=301094884 itps=1735072.75 p99=4543.77ms conn=5096079359/1936613450.96,2053185909.90,301094884,1000,1000,1000,0,0,0,0,0,0,4789012914.76,4835837417.54,4842933661.27,4789016722.88,1735180
[status] PUB sent=3186899 tps=3213 (pubs=10) | SUB recv=306339505 itps=1780251.13 p99=4559.80ms conn=5096079359/1985449389.57,2068899453.30,306339505,1000,1000,1000,0,0,0,0,0,0,4787530437.92,4831265147.47,4844021501.04,4785648870.17,1780169
[status] PUB sent=3238867 tps=3255 (pubs=10) | SUB recv=311599838 itps=1744601.95 p99=4573.85ms conn=5096079359/2032580737.80,2082667349.96,311599838,1000,1000,1000,0,0,0,0,0,0,4780243383.23,4828187009.39,4834788312.89,4777986696.29,1744674
[status] PUB sent=3291347 tps=3298 (pubs=10) | SUB recv=316872682 itps=1739127.18 p99=4584.50ms conn=5096079359/2078288392.37,2094952971.10,316872682,1000,1000,1000,0,0,0,0,0,0,4785864012.02,4834522175.48,4843887096.95,4783872138.75,1739072
[status] PUB sent=3343827 tps=3340 (pubs=10) | SUB recv=322090364 itps=1746738.68 p99=4595.28ms conn=5096079359/2122331467.21,2106076387.67,322090364,1000,1000,1000,0,0,0,0,0,0,4801883991.67,4852228986.01,4856813743.63,4800471955.88,1746692
[status] PUB sent=3395539 tps=3382 (pubs=10) | SUB recv=327342086 itps=1761561.75 p99=4609.46ms conn=5096079359/2165372025.68,2116139440.52,327342086,1000,1000,1000,0,0,0,0,0,0,4803407208.97,4853797514.50,4869380094.01,4803431293.46,1761596
[status] PUB sent=3448787 tps=3425 (pubs=10) | SUB recv=332567387 itps=1752022.18 p99=4625.90ms conn=5096079359/2206879346.79,2125000566.45,332567387,1000,1000,1000,0,0,0,0,0,0,4805885764.11,4860796306.36,4866300871.75,4808478793.21,1751957
[status] PUB sent=3499987 tps=3465 (pubs=10) | SUB recv=337764854 itps=1739545.65 p99=4639.74ms conn=5096079359/2246911598.94,2132773850.07,337764854,1000,1000,1000,0,0,0,0,0,0,4811163577.06,4866589839.68,4869397047.56,4811098197.82,1739430
[status] PUB sent=3553235 tps=3508 (pubs=10) | SUB recv=343036542 itps=1785480.76 p99=4653.58ms conn=5096079359/2286243859.47,2139619544.49,343036542,1000,1000,1000,0,0,0,0,0,0,4805286546.72,4861708928.76,4870100040.99,4806459998.37,1785435
[status] PUB sent=3604947 tps=3548 (pubs=10) | SUB recv=348219887 itps=1723044.32 p99=4672.87ms conn=5096079359/2323789360.53,2145490759.93,348219887,1000,1000,1000,0,0,0,0,0,0,4813997675.74,4866037267.00,4873100265.28,4811015626.28,1723123
[status] PUB sent=3657683 tps=3589 (pubs=10) | SUB recv=353466458 itps=1735020.57 p99=4682.77ms conn=5096079359/2360716965.47,2150659291.81,353466458,1000,1000,1000,0,0,0,0,0,0,4812795308.89,4862189937.16,4872227452.34,4811166018.68,1735049
[status] PUB sent=3674738 tps=3596 (pubs=10) | SUB recv=358720516 itps=1776863.71 p99=4713.77ms conn=5096079359/2396538214.09,2154979647.93,358720516,1000,1000,1000,0,0,0,0,0,0,4810680759.94,4857695866.34,4864124526.79,4804633145.80,1776759
[status] PUB sent=3675337 tps=3586 (pubs=10) | SUB recv=364167840 itps=222628.18 p99=4730.50ms conn=5096079359/2432563779.10,2158687599.64,364167840,1000,1000,1000,0,0,0,0,0,0,4813563025.29,4858202403.57,4858501996.71,4810104779.30,222600
[status] PUB sent=3675937 tps=3576 (pubs=10) | SUB recv=367553985 itps=5203.02 p99=4737.04ms conn=5096079359/2453465183.57,2160435704.76,367553985,1000,1000,1000,0,0,0,0,0,0,24721892.82,29931437.90,31373727.53,22730231.54,5202
[status] PUB sent=3676537 tps=3566 (pubs=10) | SUB recv=367614914 itps=6291.34 p99=4737.04ms conn=5096079359/2453061558.23,2160484163.69,367614914,1000,1000,1000,0,0,0,0,0,0,24430636.90,30679649.72,32198457.72,23022466.01,6291
[status] PUB sent=3677137 tps=3556 (pubs=10) | SUB recv=367677619 itps=9005.71 p99=4737.04ms conn=5096079359/2452646330.21,2160533884.60,367677619,1000,1000,1000,0,0,0,0,0,0,19784723.35,27232761.48,30069462.32,19511141.58,9005
[status] PUB sent=3677737 tps=3547 (pubs=10) | SUB recv=367743156 itps=14453.88 p99=4737.04ms conn=5096079359/2452212498.68,2160585639.08,367743156,1000,1000,1000,0,0,0,0,0,0,19135536.73,28806018.17,30329432.05,19116126.12,14454
[status] PUB sent=3678337 tps=3537 (pubs=10) | SUB recv=367807233 itps=18477.16 p99=4737.04ms conn=5096079359/2451788497.17,2160636149.53,367807233,1000,1000,1000,0,0,0,0,0,0,18054384.47,29505186.18,31579030.64,18257705.77,18477
[status] PUB sent=3678937 tps=3527 (pubs=10) | SUB recv=367868827 itps=20174.79 p99=4737.04ms conn=5096079359/2451381033.06,2160684683.96,367868827,1000,1000,1000,0,0,0,0,0,0,17853155.46,29043355.59,31470589.07,18411303.08,20174
[status] PUB sent=3679537 tps=3518 (pubs=10) | SUB recv=367928688 itps=20017.59 p99=4737.04ms conn=5096079359/2450985152.72,2160731794.67,367928688,1000,1000,1000,0,0,0,0,0,0,18627848.90,28851280.13,31394267.96,18355968.69,20018
[status] PUB sent=3680137 tps=3508 (pubs=10) | SUB recv=367988607 itps=19847.19 p99=4737.04ms conn=5096079359/2450589090.08,2160778777.98,367988607,1000,1000,1000,0,0,0,0,0,0,18919533.83,29539695.54,31371483.21,18653652.69,19847
[status] PUB sent=3680737 tps=3499 (pubs=10) | SUB recv=368048566 itps=19878.20 p99=4737.04ms conn=5096079359/2450192870.77,2160825729.02,368048566,1000,1000,1000,0,0,0,0,0,0,18947020.21,29357843.06,31175701.36,18487085.41,19878
[status] PUB sent=3681338 tps=3489 (pubs=10) | SUB recv=368108639 itps=19968.16 p99=4737.04ms conn=5096079359/2449796002.15,2160872708.69,368108639,1000,1000,1000,0,0,0,0,0,0,18089217.74,29993244.30,31474208.59,18270163.77,19970
[status] PUB sent=3681937 tps=3480 (pubs=10) | SUB recv=368168595 itps=19922.12 p99=4736.92ms conn=5096079359/2449400084.16,2160919455.24,368168595,1000,1000,1000,0,0,0,0,0,0,17846987.49,31978937.07,35106400.32,18491474.21,19923
[status] PUB sent=3682738 tps=3468 (pubs=10) | SUB recv=368228799 itps=20104.30 p99=4736.88ms conn=5096079359/2449002616.02,2160966351.96,368228799,1000,1000,1000,0,0,0,0,0,0,18337767.37,29942644.86,32926148.93,18218641.42,20104
[status] PUB sent=3683337 tps=3459 (pubs=10) | SUB recv=368288599 itps=19943.93 p99=4736.79ms conn=5096079359/2448607965.59,2161012817.64,368288599,1000,1000,1000,0,0,0,0,0,0,17730135.38,30426039.89,33709801.76,18467468.60,19945
[status] PUB sent=3683937 tps=3449 (pubs=10) | SUB recv=368348746 itps=20193.93 p99=4736.75ms conn=5096079359/2448211190.63,2161059425.32,368348746,1000,1000,1000,0,0,0,0,0,0,18925508.28,28970182.12,31889462.88,18871056.92,20195
[status] PUB sent=3684538 tps=3440 (pubs=10) | SUB recv=368408670 itps=20044.35 p99=4736.71ms conn=5096079359/2447815992.20,2161105801.29,368408670,1000,1000,1000,0,0,0,0,0,0,18809557.67,29757441.45,32102568.61,18619884.64,20044
[status] PUB sent=3685138 tps=3431 (pubs=10) | SUB recv=368472369 itps=3411.01 p99=4736.67ms conn=5096079359/2447395340.92,2161155828.90,368472369,1000,1000,1000,0,0,0,0,0,0,8316587.77,20504447.71,22258664.48,10471386.17,3411
[status] PUB sent=3685737 tps=3422 (pubs=10) | SUB recv=368540158 itps=11395.36 p99=4736.67ms conn=5096079359/2446947232.97,2161209655.66,368540158,1000,1000,1000,0,0,0,0,0,0,14906641.96,24870650.78,25864411.69,14985834.70,11396
[status] PUB sent=3686337 tps=3413 (pubs=10) | SUB recv=368608691 itps=19912.57 p99=4736.67ms conn=5096079359/2446495047.37,2161263025.38,368608691,1000,1000,1000,0,0,0,0,0,0,15120723.24,27722623.05,29342876.57,16048726.94,19912
[status] PUB sent=3815943 tps=3523 (pubs=10) | SUB recv=371214298 itps=1612541.43 p99=4734.95ms conn=5096079359/2434430341.01,2158653549.34,371214298,1000,1000,1000,0,0,0,0,0,0,946646819.72,1284296207.10,1302067257.91,960455061.12,1612596
[status] PUB sent=3869697 tps=3563 (pubs=10) | SUB recv=376156328 itps=1708664.59 p99=4731.97ms conn=5096079359/2434377817.86,2145634620.39,376156328,1000,1000,1000,0,0,0,0,0,0,3129174831.22,3444588021.30,3462785659.26,3133224631.46,1708680
[status] PUB sent=3939585 tps=3614 (pubs=10) | SUB recv=381472944 itps=1762783.12 p99=4733.02ms conn=5188354047/2461969887.74,2143922934.08,381472944,1000,1000,1000,0,0,0,0,0,0,4861616112.71,4930399918.30,4941802571.26,4858643723.75,1762806
[status] PUB sent=3993345 tps=3654 (pubs=10) | SUB recv=386878035 itps=1789899.72 p99=4734.90ms conn=5188354047/2493556310.30,2145382011.08,386878035,1000,1000,1000,0,0,0,0,0,0,4692912169.29,4735117809.91,4744909341.43,4689315451.88,1790034
[status] PUB sent=4047105 tps=3693 (pubs=10) | SUB recv=392665236 itps=404383.01 p99=4732.09ms conn=5188354047/2525769273.10,2145733171.52,392665236,1000,1000,1000,0,0,0,0,0,0,4700060673.08,4740249603.15,4753576066.89,4701072964.59,404340
[status] PUB sent=4100353 tps=3731 (pubs=10) | SUB recv=399174936 itps=1546784.92 p99=4728.99ms conn=5188354047/2560805403.66,2145501218.33,399174936,1000,1000,1000,0,0,0,0,0,0,4677639888.53,4723963263.15,4736491781.99,4676646716.10,1546767
[status] PUB sent=4154369 tps=3770 (pubs=10) | SUB recv=404782682 itps=1786996.18 p99=4726.89ms conn=5188354047/2590300502.89,2145081415.01,404782682,1000,1000,1000,0,0,0,0,0,0,4689653261.15,4738355394.97,4749773494.52,4690007044.55,1787090
[status] PUB sent=4224769 tps=3820 (pubs=10) | SUB recv=410111924 itps=1766268.54 p99=4725.72ms conn=5188354047/2617652313.48,2144392519.75,410111924,1000,1000,1000,0,0,0,0,0,0,4695705257.49,4742083525.81,4751868474.65,4693586327.55,1766200
[status] PUB sent=4277505 tps=3857 (pubs=10) | SUB recv=415457852 itps=1796506.10 p99=4727.40ms conn=5188354047/2644492549.40,2143487974.42,415457852,1000,1000,1000,0,0,0,0,0,0,4712841126.84,4759970706.38,4771984053.91,4711081181.65,1796579
[status] PUB sent=4331009 tps=3895 (pubs=10) | SUB recv=420756466 itps=1766725.19 p99=4729.50ms conn=5188354047/2670638208.47,2142499025.79,420756466,1000,1000,1000,0,0,0,0,0,0,4729482690.87,4782076823.79,4786472467.25,4730526103.22,1766762
[status] PUB sent=4384513 tps=3932 (pubs=10) | SUB recv=427248488 itps=1196300.70 p99=4733.15ms conn=5188354047/2702071107.63,2141163384.20,427248488,1000,1000,1000,0,0,0,0,0,0,4739863999.67,4795808147.22,4805649085.47,4742660591.34,1196312
[status] PUB sent=4455681 tps=3982 (pubs=10) | SUB recv=433187809 itps=1793772.18 p99=4734.99ms conn=5188354047/2729725198.52,2139354526.14,433187809,1000,1000,1000,0,0,0,0,0,0,4710454848.95,4771800669.84,4782486721.94,4714735612.71,1793811
[status] PUB sent=4509185 tps=4019 (pubs=10) | SUB recv=438524801 itps=1777647.68 p99=4734.11ms conn=5188354047/2753709237.84,2137251614.98,438524801,1000,1000,1000,0,0,0,0,0,0,4686628919.22,4737604461.04,4738907806.78,4693820388.79,1777675
[status] PUB sent=4562945 tps=4056 (pubs=10) | SUB recv=445148285 itps=1271369.19 p99=4732.85ms conn=5188354047/2782515490.20,2134196143.22,445148285,1000,1000,1000,0,0,0,0,0,0,4683326117.98,4734778061.41,4735250984.28,4690059033.43,1271445
[status] PUB sent=4616705 tps=4093 (pubs=10) | SUB recv=451032122 itps=1787557.45 p99=4731.59ms conn=5188354047/2807392932.28,2131253301.55,451032122,1000,1000,1000,0,0,0,0,0,0,4681681670.95,4733274732.01,4733313172.72,4689155367.16,1787565
[status] PUB sent=4687873 tps=4141 (pubs=10) | SUB recv=456402854 itps=1788905.61 p99=4730.75ms conn=5188354047/2829516127.47,2128355992.14,456402854,1000,1000,1000,0,0,0,0,0,0,4681262275.36,4732015214.67,4732057229.85,4687767791.74,1788923
[status] PUB sent=4741121 tps=4177 (pubs=10) | SUB recv=461778404 itps=35833.18 p99=4730.71ms conn=5188354047/2851237933.55,2125379402.63,461778404,1000,1000,1000,0,0,0,0,0,0,4706009087,4764729343,4802478079,4721305190.40,35840
[status] PUB sent=4794369 tps=4213 (pubs=10) | SUB recv=468634234 itps=1546066.27 p99=4731.18ms conn=5188354047/2878401105.15,2121526173.38,468634234,1000,1000,1000,0,0,0,0,0,0,4711707681.66,4780096829.05,4786689798.04,4715453500.10,1546150
[status] PUB sent=4830419 tps=4233 (pubs=10) | SUB recv=474240622 itps=1789487.70 p99=4730.75ms conn=5188354047/2899893290.27,2118090192.01,474240622,1000,1000,1000,0,0,0,0,0,0,4687159851.81,4756518181.15,4764111614.40,4688728025.07,1789514
[status] PUB sent=4831219 tps=4219 (pubs=10) | SUB recv=479609164 itps=1790838.29 p99=4730.25ms conn=5188354047/2919821211.47,2114516666.82,479609164,1000,1000,1000,0,0,0,0,0,0,4673018138.61,4729030187.21,4731929679.52,4674567694.93,1790778
[status] PUB sent=4831819 tps=4209 (pubs=10) | SUB recv=483139040 itps=2200.30 p99=4729.12ms conn=5188354047/2931934405.52,2112076364.16,483139040,1000,1000,1000,0,0,0,0,0,0,13570419.36,21136103.73,24385348.82,13746647.27,2200
[status] PUB sent=4832419 tps=4198 (pubs=10) | SUB recv=483216234 itps=19403.79 p99=4729.12ms conn=5188354047/2931468665.59,2112229051.56,483216234,1000,1000,1000,0,0,0,0,0,0,17081336.03,25496567.61,27272501.94,16685738.38,19404
[status] PUB sent=4833219 tps=4185 (pubs=10) | SUB recv=483276858 itps=20023.54 p99=4729.12ms conn=5188354047/2931102921.47,2112348959.74,483276858,1000,1000,1000,0,0,0,0,0,0,16141720.31,23538582.68,27478060.82,16051017.59,20024
[status] PUB sent=4833819 tps=4174 (pubs=10) | SUB recv=483336893 itps=19995.54 p99=4729.12ms conn=5188354047/2930740754.57,2112467701.86,483336893,1000,1000,1000,0,0,0,0,0,0,15096776.66,24430247.36,27448997.11,15325150.69,19995
[status] PUB sent=4834419 tps=4164 (pubs=10) | SUB recv=483404833 itps=8005.14 p99=4729.12ms conn=5188354047/2930331015.15,2112602072.80,483404833,1000,1000,1000,0,0,0,0,0,0,17817369.80,28518403.60,31011628.47,17752216.65,8006
[status] PUB sent=4835019 tps=4154 (pubs=10) | SUB recv=483476842 itps=20007.16 p99=4729.08ms conn=5188354047/2929896967.26,2112743958.86,483476842,1000,1000,1000,0,0,0,0,0,0,16391798.33,25591185.85,27582806.53,16282183.42,20007
[status] PUB sent=4835819 tps=4140 (pubs=10) | SUB recv=483536899 itps=20042.25 p99=4729.08ms conn=5188354047/2929535097.27,2112862235.72,483536899,1000,1000,1000,0,0,0,0,0,0,16824525.82,24026440.14,28239796.40,16435377.55,20042
[status] PUB sent=4836419 tps=4130 (pubs=10) | SUB recv=483596856 itps=20004.04 p99=4729.08ms conn=5188354047/2929173920.81,2112980218.22,483596856,1000,1000,1000,0,0,0,0,0,0,16189304.38,25055143.16,28171664.97,16409227.23,20005
[status] PUB sent=4837019 tps=4120 (pubs=10) | SUB recv=483673446 itps=16663.86 p99=4729.08ms conn=5188354047/2928712710.22,2113130756.11,483673446,1000,1000,1000,0,0,0,0,0,0,17171759.96,27107608.67,30349190.69,17257657.44,16665
[status] PUB sent=4837819 tps=4107 (pubs=10) | SUB recv=483736851 itps=20060.22 p99=4729.08ms conn=5188354047/2928330965.96,2113255295.10,483736851,1000,1000,1000,0,0,0,0,0,0,16923767.47,24714344.97,27172675.15,16599732.78,20060
[status] PUB sent=4838419 tps=4097 (pubs=10) | SUB recv=483796858 itps=19994.85 p99=4729.08ms conn=5188354047/2927969784.12,2113373054.33,483796858,1000,1000,1000,0,0,0,0,0,0,16663429.16,26003486.65,27343374.18,16386164.18,19995
[status] PUB sent=4839019 tps=4087 (pubs=10) | SUB recv=483866781 itps=10005.19 p99=4729.08ms conn=5188354047/2927549080.55,2113510238.09,483866781,1000,1000,1000,0,0,0,0,0,0,19900596.57,26915228.08,28246376.91,18612595.68,10005
[status] PUB sent=4839619 tps=4077 (pubs=10) | SUB recv=483936874 itps=20009.98 p99=4729.08ms conn=5188354047/2927127375.71,2113647447.94,483936874,1000,1000,1000,0,0,0,0,0,0,16087394.15,24644164.55,26377015.73,15838168.24,20010
[status] PUB sent=4840419 tps=4064 (pubs=10) | SUB recv=483996865 itps=19974.41 p99=4729.08ms conn=5188354047/2926766597.85,2113764839.49,483996865,1000,1000,1000,0,0,0,0,0,0,16862316.04,25519148.98,26822178.55,16543653.98,19975
[status] PUB sent=4841019 tps=4054 (pubs=10) | SUB recv=484065249 itps=8356.20 p99=4729.08ms conn=5188354047/2926355451.00,2113898668.09,484065249,1000,1000,1000,0,0,0,0,0,0,18281854.82,27959245.98,29777315.09,18119684.29,8356
[status] PUB sent=4841819 tps=4042 (pubs=10) | SUB recv=484136798 itps=19921.26 p99=4729.08ms conn=5188354047/2925925349.25,2114038365.49,484136798,1000,1000,1000,0,0,0,0,0,0,16757519.17,24384296.66,25828300.52,16373757.30,19922
[status] PUB sent=4920573 tps=4097 (pubs=10) | SUB recv=484196876 itps=20021.18 p99=4729.08ms conn=5188354047/2925564282.31,2114155686.83,484196876,1000,1000,1000,0,0,0,0,0,0,15585165.87,25668402.32,27631388.74,15864464.53,20022
[status] PUB sent=4986911 tps=4142 (pubs=10) | SUB recv=487642767 itps=862389.67 p99=4728.66ms conn=5188354047/2912147686.68,2113319061.83,487642767,1000,1000,1000,0,0,0,0,0,0,1872041466.60,2237407376.55,2258404891.94,1893631286.38,862405
[status] PUB sent=5055007 tps=4185 (pubs=10) | SUB recv=493241577 itps=1695867.40 p99=4726.98ms conn=5188354047/2915765857.98,2103573080.05,493241577,1000,1000,1000,0,0,0,0,0,0,4223009737.46,4559285948.70,4584244290.33,4219249903.22,1695977
[status] PUB sent=5106975 tps=4217 (pubs=10) | SUB recv=498417982 itps=1722702.12 p99=4730.75ms conn=5343543295/2937406878.60,2103296498.39,498417982,1000,1000,1000,0,0,0,0,0,0,4969326599.64,5044826983.28,5065222927.34,4970258149.65,1722870
[status] PUB sent=5158431 tps=4249 (pubs=10) | SUB recv=505305250 itps=1732146.72 p99=4734.15ms conn=5343543295/2963837276.03,2100985555.53,505305250,1000,1000,1000,0,0,0,0,0,0,4861141120.10,4916284892.77,4928619246.37,4863571886.24,1732119
[status] PUB sent=5227551 tps=4292 (pubs=10) | SUB recv=510485042 itps=1737541.84 p99=4738.72ms conn=5343543295/2983082196.20,2098927388.16,510485042,1000,1000,1000,0,0,0,0,0,0,4865298180.63,4913111625.98,4922229550.11,4862435494.40,1737518
[status] PUB sent=5281311 tps=4325 (pubs=10) | SUB recv=516684310 itps=955212.79 p99=4744.18ms conn=5343543295/3005540252.06,2096224360.46,516684310,1000,1000,1000,0,0,0,0,0,0,4795348705.49,4853070483.30,4860412105.01,4794842660.62,955104
[status] PUB sent=5352735 tps=4370 (pubs=10) | SUB recv=522809305 itps=1719219.35 p99=4745.39ms conn=5343543295/3025849963.00,2092263238.23,522809305,1000,1000,1000,0,0,0,0,0,0,4678771622.31,4728315621.94,4736364981.87,4679232206.54,1719149
[status] PUB sent=5404959 tps=4401 (pubs=10) | SUB recv=528516194 itps=306380.53 p99=4744.89ms conn=5343543295/3043996044.96,2088172217.78,528516194,1000,1000,1000,0,0,0,0,0,0,4722786303,4752146431,4758081973.48,4713780993.68,306400
[status] PUB sent=5476895 tps=4446 (pubs=10) | SUB recv=535299993 itps=1798047.27 p99=4744.18ms conn=5343543295/3065070858.80,2083228724.49,535299993,1000,1000,1000,0,0,0,0,0,0,4712442718.07,4758488689.39,4765346971.19,4711449604.85,1797893
[status] PUB sent=5529375 tps=4477 (pubs=10) | SUB recv=540657334 itps=1799254.21 p99=4743.34ms conn=5343543295/3081351445.59,2079265283.62,540657334,1000,1000,1000,0,0,0,0,0,0,4705117886.77,4756210337.52,4771420583.06,4704111357.71,1799211
[status] PUB sent=5582879 tps=4510 (pubs=10) | SUB recv=547733146 itps=1742858.98 p99=4743.76ms conn=5343543295/3102443006.46,2074010338.15,547733146,1000,1000,1000,0,0,0,0,0,0,4725128236.61,4773625761.35,4785092455.16,4723527873.55,1742806
[status] PUB sent=5654559 tps=4553 (pubs=10) | SUB recv=553035385 itps=1760922.71 p99=4744.80ms conn=5343543295/3118049158.67,2070136065.40,553035385,1000,1000,1000,0,0,0,0,0,0,4735649625.73,4779550172.11,4783989096.82,4733108162.57,1760927
[status] PUB sent=5708319 tps=4585 (pubs=10) | SUB recv=559737720 itps=1308944.05 p99=4743.63ms conn=5343543295/3137039858.90,2064926504.75,559737720,1000,1000,1000,0,0,0,0,0,0,4689966510.10,4735395766.14,4740483759.70,4686032408.87,1308946
[status] PUB sent=5777439 tps=4626 (pubs=10) | SUB recv=565471240 itps=1737115.95 p99=4743.59ms conn=5343543295/3152981690.93,2060469273.13,565471240,1000,1000,1000,0,0,0,0,0,0,4734622496.89,4794328481.06,4806953761.62,4737863605.85,1737176
[status] PUB sent=5830431 tps=4657 (pubs=10) | SUB recv=572115225 itps=1417332.82 p99=4747.53ms conn=5343543295/3172118916.82,2056069203.21,572115225,1000,1000,1000,0,0,0,0,0,0,4832771703.53,4873874042.10,4878523136.17,4829915054.94,1417370
[status] PUB sent=5900319 tps=4698 (pubs=10) | SUB recv=577737120 itps=1744039.67 p99=4749.92ms conn=5343543295/3187806119.76,2052159610.58,577737120,1000,1000,1000,0,0,0,0,0,0,4765597570.46,4819957630.35,4825540689.46,4763973123.35,1744069
[status] PUB sent=5971743 tps=4739 (pubs=10) | SUB recv=584161150 itps=1125436.52 p99=4750.93ms conn=5343543295/3205027410.51,2047368116.50,584161150,1000,1000,1000,0,0,0,0,0,0,4756977415.55,4802836423.31,4810825706.53,4753531628.49,1125428
[status] PUB sent=5972347 tps=4729 (pubs=10) | SUB recv=590450875 itps=360171.53 p99=4752.40ms conn=5343543295/3221483723.68,2042606030.64,590450875,1000,1000,1000,0,0,0,0,0,0,4733033404.62,4784432645.36,4789896145.20,4732543558.54,360172
[status] PUB sent=5973147 tps=4714 (pubs=10) | SUB recv=597175979 itps=1768236.31 p99=4753.32ms conn=5343543295/3238142957.41,2037265012.01,597175979,1000,1000,1000,0,0,0,0,0,0,4703820276.55,4759256173.51,4766280761.91,4625152175.05,1768172
[status] PUB sent=5973747 tps=4704 (pubs=10) | SUB recv=597333418 itps=3598.78 p99=4753.32ms conn=5343543295/3237907633.38,2037362954.57,597333418,1000,1000,1000,0,0,0,0,0,0,8840025.12,12503667.80,14622878.33,8680924.86,3599
[status] PUB sent=5974547 tps=4690 (pubs=10) | SUB recv=597409815 itps=20006.68 p99=4753.28ms conn=5343543295/3237494456.28,2037560212.26,597409815,1000,1000,1000,0,0,0,0,0,0,6841235.98,11282358.63,12233242.77,6864784.42,20007
[status] PUB sent=5975147 tps=4679 (pubs=10) | SUB recv=597473814 itps=4000.97 p99=4753.28ms conn=5343543295/3237148410.67,2037725435.49,597473814,1000,1000,1000,0,0,0,0,0,0,9013784.98,13704936.54,15206044.27,8696812.81,4001
[status] PUB sent=5975947 tps=4665 (pubs=10) | SUB recv=597549804 itps=19979.23 p99=4753.28ms conn=5343543295/3236737654.33,2037921309.81,597549804,1000,1000,1000,0,0,0,0,0,0,7527669.07,11431340.66,12719564.75,7349913.97,19979
[status] PUB sent=5976547 tps=4655 (pubs=10) | SUB recv=597613195 itps=3406.96 p99=4753.23ms conn=5343543295/3236395121.51,2038084612.98,597613195,1000,1000,1000,0,0,0,0,0,0,9294160.83,13927579.59,15279983.33,9139869.79,3407
[status] PUB sent=5977347 tps=4641 (pubs=10) | SUB recv=597689755 itps=19950.52 p99=4753.23ms conn=5343543295/3235981544.55,2038281586.51,597689755,1000,1000,1000,0,0,0,0,0,0,8335386.71,13970406.78,16314230.69,8502025.39,19952
[status] PUB sent=5977947 tps=4630 (pubs=10) | SUB recv=597753344 itps=3608.77 p99=4753.15ms conn=5343543295/3235638262.36,2038444919.77,597753344,1000,1000,1000,0,0,0,0,0,0,11033594.74,17726363.41,18976770.40,10494993.73,3609
[status] PUB sent=5978747 tps=4617 (pubs=10) | SUB recv=597829735 itps=19994.79 p99=4753.15ms conn=5343543295/3235225951.10,2038640921.53,597829735,1000,1000,1000,0,0,0,0,0,0,9066670.34,13407566.73,14580559.45,8916217.60,19996
[status] PUB sent=5979347 tps=4607 (pubs=10) | SUB recv=597894954 itps=5205.48 p99=4753.15ms conn=5343543295/3234874031.17,2038808250.02,597894954,1000,1000,1000,0,0,0,0,0,0,10330874.33,16115688.57,17263081.65,10191098.15,5205
[status] PUB sent=5980147 tps=4593 (pubs=10) | SUB recv=597969724 itps=19986.82 p99=4753.07ms conn=5343543295/3234470631.58,2038999817.51,597969724,1000,1000,1000,0,0,0,0,0,0,8590554.33,13627305.13,14684323.15,8651043.75,19987
[status] PUB sent=5980747 tps=4583 (pubs=10) | SUB recv=598037550 itps=7800.32 p99=4753.02ms conn=5343543295/3234104832.24,2039173576.98,598037550,1000,1000,1000,0,0,0,0,0,0,10297277.89,14110083.15,16111296.03,10090609.61,7801
[status] PUB sent=5981547 tps=4570 (pubs=10) | SUB recv=598109827 itps=20055.26 p99=4752.98ms conn=5343543295/3233715077.23,2039358452.45,598109827,1000,1000,1000,0,0,0,0,0,0,8979262.60,14784564.72,16959424.30,8990716.94,20054
[status] PUB sent=5982147 tps=4560 (pubs=10) | SUB recv=598182152 itps=12400.84 p99=4752.90ms conn=5343543295/3233325179.90,2039543446.45,598182152,1000,1000,1000,0,0,0,0,0,0,9242535.13,14098158.81,14985004.91,9262578.37,12400
[status] PUB sent=5982947 tps=4546 (pubs=10) | SUB recv=598249744 itps=19950.66 p99=4752.90ms conn=5343543295/3232960869.08,2039716117.52,598249744,1000,1000,1000,0,0,0,0,0,0,9000600.23,13974692.83,15018932.83,8677123.99,19951
[status] PUB sent=5983747 tps=4533 (pubs=10) | SUB recv=598329133 itps=19365.37 p99=4752.90ms conn=5343543295/3232533080.50,2039918846.00,598329133,1000,1000,1000,0,0,0,0,0,0,9145382.66,13791931.08,14764974.95,9096496.78,19366
[status] PUB sent=6113434 tps=4621 (pubs=10) | SUB recv=599422300 itps=1052571.77 p99=4752.56ms conn=5343543295/3227244266.37,2041826746.66,599422300,1000,1000,1000,0,0,0,0,0,0,346432960.90,599139011.80,614372915.66,344982873.33,1052546
[status] PUB sent=6182042 tps=4659 (pubs=10) | SUB recv=605875858 itps=1679278.07 p99=4751.30ms conn=5343543295/3217898783.05,2035404957.22,605875858,1000,1000,1000,0,0,0,0,0,0,3576572449.15,3936113843.68,3963625381.06,3582921259.93,1679366
[status] PUB sent=6234266 tps=4687 (pubs=10) | SUB recv=611727272 itps=596747.55 p99=4754.04ms conn=5343543295/3232956697.96,2031628944.72,611727272,1000,1000,1000,0,0,0,0,0,0,4847216187.62,4913736003.47,4928057268.26,4842927868.88,596696
[status] PUB sent=6305178 tps=4727 (pubs=10) | SUB recv=618163318 itps=1769833.54 p99=4756.30ms conn=5343543295/3249123747.76,2027173622.76,618163318,1000,1000,1000,0,0,0,0,0,0,4756809777.29,4809825931.14,4811079015.55,4761904563.87,1769944
[status] PUB sent=6375066 tps=4765 (pubs=10) | SUB recv=625062120 itps=1603820.15 p99=4756.76ms conn=5343543295/3265810990.24,2022135483.37,625062120,1000,1000,1000,0,0,0,0,0,0,4749962897.82,4803465866.76,4806161112.46,4757723484.83,1603821
[status] PUB sent=6428058 tps=4793 (pubs=10) | SUB recv=630487234 itps=17376 p99=4757.18ms conn=5343543295/3278651540.98,2018130877.29,630487234,1000,1000,1000,0,0,0,0,0,0,4756340735,4806672383,4810866687,4762229172,17380
[status] PUB sent=6498202 tps=4831 (pubs=10) | SUB recv=637517434 itps=1741344.81 p99=4757.93ms conn=5343543295/3295003257.45,2012939745.83,637517434,1000,1000,1000,0,0,0,0,0,0,4756965261.91,4824162484.50,4832808624.40,4762795382.25,1741357
[status] PUB sent=6567322 tps=4868 (pubs=10) | SUB recv=644464445 itps=1738640.69 p99=4759.06ms conn=5343543295/3311032590.68,2007947610.20,644464445,1000,1000,1000,0,0,0,0,0,0,4798995817.37,4857078917.70,4861646465.98,4800160793.19,1738789
[status] PUB sent=6619546 tps=4896 (pubs=10) | SUB recv=650172562 itps=467681.25 p99=4761.59ms conn=5343543295/3324194326.86,2003997887.70,650172562,1000,1000,1000,0,0,0,0,0,0,4813793462.83,4872335418.31,4875494660.99,4804963687.15,467700
[status] PUB sent=6689178 tps=4933 (pubs=10) | SUB recv=656647869 itps=1724787.36 p99=4764.22ms conn=5343543295/3338859699.04,1999507976.00,656647869,1000,1000,1000,0,0,0,0,0,0,4821350671.85,4879321302.32,4880935281.80,4811641853.85,1724832
[status] PUB sent=6758554 tps=4970 (pubs=10) | SUB recv=663608054 itps=1762758.20 p99=4767.24ms conn=5343543295/3354325536.59,1994662216.94,663608054,1000,1000,1000,0,0,0,0,0,0,4822945064.69,4881349842.20,4882993246.43,4813615799.21,1762818
[status] PUB sent=6810778 tps=4997 (pubs=10) | SUB recv=669296976 itps=477512.17 p99=4768.67ms conn=5343543295/3366737514.02,1990684271.79,669296976,1000,1000,1000,0,0,0,0,0,0,4816607655.31,4876902088.59,4877975551,4810460450.12,477468
[status] PUB sent=6880154 tps=5033 (pubs=10) | SUB recv=675795830 itps=1759932.10 p99=4771.56ms conn=5343543295/3380628322.95,1986105716.37,675795830,1000,1000,1000,0,0,0,0,0,0,4817613321.54,4876574447.66,4877464302.26,4808310128.51,1759963
[status] PUB sent=6950042 tps=5069 (pubs=10) | SUB recv=682733750 itps=1735249.20 p99=4773.83ms conn=5343543295/3395146847.39,1981180484.02,682733750,1000,1000,1000,0,0,0,0,0,0,4819323874.99,4877687623.34,4878422000.09,4810052729.08,1735334
[status] PUB sent=7019418 tps=5105 (pubs=10) | SUB recv=689057698 itps=1116948.42 p99=4776.60ms conn=5343543295/3408135757.28,1976680444.38,689057698,1000,1000,1000,0,0,0,0,0,0,4818875075.42,4878959118.59,4879630005.96,4809102230.94,1116960
[status] PUB sent=7071898 tps=5132 (pubs=10) | SUB recv=694923148 itps=1729707.70 p99=4778.99ms conn=5343543295/3419983002.97,1972510590.42,694923148,1000,1000,1000,0,0,0,0,0,0,4822261347.24,4880916366.14,4881859568.96,4811947987.42,1729745
[status] PUB sent=7106869 tps=5142 (pubs=10) | SUB recv=701887948 itps=1765689.76 p99=4781.09ms conn=5343543295/3433810812.69,1967556938.86,701887948,1000,1000,1000,0,0,0,0,0,0,4822426309.38,4880585775.44,4882133976.61,4813192880.69,1765708
[status] PUB sent=7107669 tps=5128 (pubs=10) | SUB recv=708729136 itps=1641507.36 p99=4781.92ms conn=5343543295/3447122412.32,1962677461.74,708729136,1000,1000,1000,0,0,0,0,0,0,4822728191.63,4881474005.21,4882466912.61,4812987212.84,1641448
[status] PUB sent=7108269 tps=5118 (pubs=10) | SUB recv=710787926 itps=5985.21 p99=4782.22ms conn=5343543295/3450450650.03,1961409885.63,710787926,1000,1000,1000,0,0,0,0,0,0,7608169.46,14018517.60,14992497.80,7716982.40,5985
[status] PUB sent=7109069 tps=5103 (pubs=10) | SUB recv=710861913 itps=20008.76 p99=4782.18ms conn=5343543295/3450092243.65,1961622286.32,710861913,1000,1000,1000,0,0,0,0,0,0,6939303.99,11490603.53,12866419.38,7120272.91,20008
[status] PUB sent=7109869 tps=5089 (pubs=10) | SUB recv=710941912 itps=20015.03 p99=4782.13ms conn=5343543295/3449704820.10,1961851869.56,710941912,1000,1000,1000,0,0,0,0,0,0,7113563.60,11517706.87,12610786.56,7103085.22,20016
[status] PUB sent=7110669 tps=5075 (pubs=10) | SUB recv=711012510 itps=10582.57 p99=4782.13ms conn=5343543295/3449363009.60,1962054417.56,711012510,1000,1000,1000,0,0,0,0,0,0,8063640.38,12958471.85,14229269.98,8042708.70,10582
[status] PUB sent=7111269 tps=5065 (pubs=10) | SUB recv=711081913 itps=19992.57 p99=4782.13ms conn=5343543295/3449027030.71,1962253265.89,711081913,1000,1000,1000,0,0,0,0,0,0,7092459.74,12125408.78,13573516.88,7274604.00,19992
[status] PUB sent=7112069 tps=5051 (pubs=10) | SUB recv=711161919 itps=20006.29 p99=4782.09ms conn=5343543295/3448639815.67,1962482438.72,711161919,1000,1000,1000,0,0,0,0,0,0,7143666.73,11201649.60,12887341.03,7174248.39,20007
[status] PUB sent=7112869 tps=5037 (pubs=10) | SUB recv=711240724 itps=18841.52 p99=4782.09ms conn=5343543295/3448258508.14,1962708008.25,711240724,1000,1000,1000,0,0,0,0,0,0,7165139.89,11756795.56,13005987.95,7200792.89,18841
[status] PUB sent=7113469 tps=5027 (pubs=10) | SUB recv=711308530 itps=6634.65 p99=4782.05ms conn=5343543295/3447930489.55,1962902062.54,711308530,1000,1000,1000,0,0,0,0,0,0,8657584.05,13796874.27,14631096.23,8427110.26,6634
[status] PUB sent=7114269 tps=5014 (pubs=10) | SUB recv=711381895 itps=19986.07 p99=4782.05ms conn=5343543295/3447575634.95,1963111722.45,711381895,1000,1000,1000,0,0,0,0,0,0,7233921.32,11442028.47,12937176.27,7192585.61,19986
[status] PUB sent=7115069 tps=5000 (pubs=10) | SUB recv=711461875 itps=19999.03 p99=4782.05ms conn=5343543295/3447188878.18,1963340230.65,711461875,1000,1000,1000,0,0,0,0,0,0,7203904.90,11658987.63,12994714.35,7221739.49,19999
[status] PUB sent=7115869 tps=4987 (pubs=10) | SUB recv=711540728 itps=18820.83 p99=4782.05ms conn=5343543295/3446807654.90,1963565375.61,711540728,1000,1000,1000,0,0,0,0,0,0,7110857.72,11123467.74,12430854.32,7114488.48,18821
[status] PUB sent=7116669 tps=4973 (pubs=10) | SUB recv=711610146 itps=8195.76 p99=4782.05ms conn=5343543295/3446472112.84,1963763551.81,711610146,1000,1000,1000,0,0,0,0,0,0,8642218.62,13305957.21,14102734.42,8131657.10,8195
[status] PUB sent=7117269 tps=4963 (pubs=10) | SUB recv=711681900 itps=19989.51 p99=4782.05ms conn=5343543295/3446125334.09,1963968105.52,711681900,1000,1000,1000,0,0,0,0,0,0,7410847.13,11107068.11,11977884.06,7236868.66,19990
[status] PUB sent=7118069 tps=4950 (pubs=10) | SUB recv=711761934 itps=20025.38 p99=4782.01ms conn=5343543295/3445738634.06,1964196205.27,711761934,1000,1000,1000,0,0,0,0,0,0,7148280.52,11142204.31,12221744.64,7129047.47,20025
[status] PUB sent=7118469 tps=4943 (pubs=10) | SUB recv=711841915 itps=19995.14 p99=4782.01ms conn=5343543295/3445352279.72,1964423995.00,711841915,1000,1000,1000,0,0,0,0,0,0,6936629.29,11681646.38,12878381.01,7152701.53,19995

=== Summary (fanout_bursty_20260928_171604_redis_p64_s1000_u10_bursty) ===
Publishers: 10 | Subscribers: 1000
=== Summary ===
Publisher: sent=7118469 total_tps=4943.37 connections=0 active=0,0,0,0,0,10,0,0,0,0,0,0,0,0,0,0,0
Subscriber: recv=711846900 total_tps=493175.24 p50=1709.06ms p95=4684.53ms p99=4782.01ms connections=5343543295 active=3445328199.76,1964438174.82,711846900,1000,1000,1000,0,0,0,0,0,0,0,0,0,0,0
Fanout run complete. Artifacts at artifacts/fanout_bursty_20260928_171604_redis_p64_s1000_u10_bursty/fanout_singlesite
Stopping subscribers (196470 196539 196695 196819 196974 197149 197311 197488 197663 197831 198030 198169 198324 198492 198651 198817 199013 199178 199324 199471 199688 199875 200017 200171 200344 200515 200686 200859 201010 201176 201386 201534 201678 201839 201994 202181 202347 202501 202675 202849 203032 203186 203341 203520 203678 203835 204031 204190 204361 204524 204722 204866 205029 205192 205363 205540 205704 205860 206022 206195 206390 206541 206690 206858 207020 207206 207362 207540 207700 207865 208061 208211 208365 208545 208708 208880 209063 209216 209371 209539 209736 209887 210040 210219 210379 210544 210707 210880 211046 211211 211414 211574 211723 211884 212053 212208 212378 212572 212730 212882) and publishers (213189 213348 213437 213598 213764 213956 214110 214277 214455 214612)
[17:45:10] [remote] ubuntu@192.168.0.251: cd /home/ubuntu && docker compose down
 Container redis Stopping 
 Container redis Stopped 
 Container redis Removing 
 Container redis Removed 
 Network ubuntu_default Removing 
 Network ubuntu_default Removed 
[17:45:12] Wrote phase-rate summary: /home/cc/hpcc/mq-bench/results/ben/non-mqtt/phase-rate-summary.md
[17:45:12] Plotting bursty fan-out results to /home/cc/hpcc/mq-bench/results/ben/non-mqtt/plots
[plot] LaTeX mode enabled: PDF + PNG output, 300 DPI
[plot] Latest-run filtering kept 24 of 24 summary rows
[plot] Wrote plot points: /home/cc/hpcc/mq-bench/results/ben/non-mqtt/raw_data/plot_points.csv
[plot] Auto/selected plot tuning: bucket_seconds=1, throughput window=5, marker_every=26; latency window=3, marker_every=29; resource window=5, marker_every=14
[plot] Wrote plots to /home/cc/hpcc/mq-bench/results/ben/non-mqtt/plots
[plot] Wrote gallery: /home/cc/hpcc/mq-bench/results/ben/non-mqtt/plots/README.md
[17:45:21] Done. Phase summary CSV: /home/cc/hpcc/mq-bench/results/ben/non-mqtt/raw_data/summary_by_phase.csv
