nohup: ignoring input
[06:03:49] Appending to requested run: /home/cc/projects/mq-bench/results/fanin_steady_load
[06:03:49] Current ulimit -n is 300000. Attempting to raise to 1048576...
[06:03:49] Success: ulimit -n is now 65536
[06:03:49] Fan-in steady-load benchmark -> /home/cc/projects/mq-bench/results/fanin_steady_load
[06:03:49] Resolved: SUMMARY_CSV=/home/cc/projects/mq-bench/results/fanin_steady_load/raw_data/summary.csv | PLOTS_DIR=/home/cc/projects/mq-bench/results/fanin_steady_load/plots | RAW_DIR=/home/cc/projects/mq-bench/results/fanin_steady_load/raw_data
[06:03:49] Resolved payload (bytes): 1024
[06:03:49] Publisher sweep: 4000 5000 6000 7000 8000 9000 10000
[06:03:49] Subscribers=1 | rate_per_pub=10/s | duration=120s | warmup=60s | qos=0
[06:03:49] Starting services: nats
[06:03:49] Cleaning up orphan mq-bench processes...
[06:03:50] [remote] ubuntu@192.168.0.245: cd /home/ubuntu && docker compose down
 Container nats Stopping 
 Container nats Stopped 
 Container nats Removing 
 Container nats Removed 
 Network ubuntu_default Removing 
 Network ubuntu_default Removed 
[06:03:52] Waiting 10s for connections to settle...
[06:04:02] [remote] ubuntu@192.168.0.245: cd /home/ubuntu && docker compose up -d nats
 Network ubuntu_default Creating 
 Network ubuntu_default Created 
 Container nats Creating 
 Container nats Created 
 Container nats Starting 
 Container nats Started 
[06:04:08] Waiting for 192.168.0.245:4222...
[06:04:08] Port 192.168.0.245:4222 is open.
[06:04:08] Queue: transport=nats publishers=4000
[06:04:08] Connection env: NATS_HOST=192.168.0.245
[06:04:08] Warmup: transport=nats pubs=4000 duration=60s payload=1024B
[build] Source is newer than ./target/release/mq-bench; rebuilding release binary...
   Compiling mq-bench v0.1.0 (/home/cc/projects/mq-bench)
warning: unused import: `error`
  --> src/roles/reliable_publisher.rs:29:22
   |
29 | use tracing::{debug, error, info, warn};
   |                      ^^^^^
   |
   = note: `#[warn(unused_imports)]` (part of `#[warn(unused)]`) on by default

warning: unused variable: `inflight_clone`
   --> src/roles/reliable_publisher.rs:205:13
    |
205 |         let inflight_clone = Arc::clone(&inflight);
    |             ^^^^^^^^^^^^^^ help: if this is intentional, prefix it with an underscore: `_inflight_clone`
    |
    = note: `#[warn(unused_variables)]` (part of `#[warn(unused)]`) on by default

warning: `mq-bench` (lib) generated 2 warnings (run `cargo fix --lib -p mq-bench` to apply 2 suggestions)
    Finished `release` profile [optimized] target(s) in 2m 50s
warning: the following packages contain code that will be rejected by a future version of Rust: num-bigint-dig v0.8.4
note: to see what the problems were, use the option `--future-incompat-report`, or run `cargo report future-incompatibilities --id 1`
[06:06:58] Starting 1 subscriber(s) for run warmup_fanin_steady_20260915_060408_nats_p1024_s1_u4000_r10
[cmd] ./target/release/mq-bench --snapshot-interval 1 sub --engine nats --connect host=192.168.0.245 --connect port=4222 --expr bench/topic --subscribers 1 --qos 0 --csv /home/cc/projects/mq-bench/artifacts/warmup_fanin_steady_20260915_060408_nats_p1024_s1_u4000_r10/fanin_singlesite/sub_agg.csv 
       1>/home/cc/projects/mq-bench/artifacts/warmup_fanin_steady_20260915_060408_nats_p1024_s1_u4000_r10/fanin_singlesite/sub.log 2>&1 &
[06:07:03] Running fan-in publishers=4000 subscriber=1 total_rate=40000/s duration=60s
[cmd] ./target/release/mq-bench --snapshot-interval 1 pub --engine nats --connect host=192.168.0.245 --connect port=4222 --topic-prefix bench/topic --topics 1 --publishers 4000 --payload 1024 --rate 10 --duration 60 --qos 0 --csv /home/cc/projects/mq-bench/artifacts/warmup_fanin_steady_20260915_060408_nats_p1024_s1_u4000_r10/fanin_singlesite/pub_agg.csv 
       1>/home/cc/projects/mq-bench/artifacts/warmup_fanin_steady_20260915_060408_nats_p1024_s1_u4000_r10/fanin_singlesite/pub.log 2>&1
[06:07:03] [watch] printing status every 1s...
[status] PUB sent=- itps=- tps=- pubs=4000 err=- | SUB recv=0 itps=0.00 tps=0.00 p50=0.00ms p95=0.00ms p99=0.00ms err=0
[status] PUB sent=18945 itps=18955.11 tps=20957.11 pubs=4000 err=0 | SUB recv=18942 itps=18954.24 tps=22121.25 p50=14.51ms p95=45.22ms p99=46.76ms err=0
[status] PUB sent=67878 itps=48922.94 tps=35646.57 pubs=4000 err=0 | SUB recv=67494 itps=48530.18 tps=36351.00 p50=13.66ms p95=63.37ms p99=155.85ms err=0
[status] PUB sent=110529 itps=42623.65 tps=38050.00 pubs=4000 err=0 | SUB recv=108976 itps=41475.01 tps=38144.86 p50=22.59ms p95=144.70ms p99=235.67ms err=0
[status] PUB sent=152524 itps=42037.32 tps=39070.36 pubs=4000 err=0 | SUB recv=151065 itps=42081.34 tps=39165.63 p50=25.48ms p95=152.18ms p99=263.19ms err=0
[status] PUB sent=189723 itps=37203.35 tps=38689.67 pubs=4000 err=0 | SUB recv=188374 itps=37316.52 tps=38784.99 p50=27.53ms p95=154.14ms p99=281.28ms err=0
[status] PUB sent=226924 itps=37172.72 tps=38432.56 pubs=4000 err=0 | SUB recv=225632 itps=37260.91 tps=38524.78 p50=29.34ms p95=154.40ms p99=328.47ms err=0
[status] PUB sent=264265 itps=37344.65 tps=38275.00 pubs=4000 err=0 | SUB recv=263151 itps=37539.41 tps=38381.14 p50=31.13ms p95=154.80ms p99=328.47ms err=0
[status] PUB sent=301485 itps=37238.98 tps=38143.99 pubs=4000 err=0 | SUB recv=300370 itps=37205.71 tps=38231.48 p50=32.93ms p95=154.93ms p99=272.37ms err=0
[status] PUB sent=338718 itps=37204.50 tps=38038.41 pubs=4000 err=0 | SUB recv=337642 itps=37256.59 tps=38121.37 p50=34.96ms p95=155.58ms p99=266.99ms err=0
[status] PUB sent=375927 itps=37239.82 tps=37957.84 pubs=4000 err=0 | SUB recv=374779 itps=37149.83 tps=38022.83 p50=36.60ms p95=156.24ms p99=264.50ms err=0
[status] PUB sent=413148 itps=37192.21 tps=37887.57 pubs=4000 err=0 | SUB recv=412183 itps=37410.01 tps=37966.40 p50=37.42ms p95=156.24ms p99=261.62ms err=0
[status] PUB sent=450381 itps=37229.52 tps=37832.29 pubs=4000 err=0 | SUB recv=449568 itps=37377.97 tps=37916.76 p50=37.88ms p95=156.11ms p99=258.21ms err=0
[status] PUB sent=487589 itps=37209.30 tps=37784.02 pubs=4000 err=0 | SUB recv=486564 itps=36982.62 tps=37844.08 p50=38.44ms p95=156.63ms p99=256.64ms err=0
[status] PUB sent=524807 itps=37234.18 tps=37744.49 pubs=4000 err=0 | SUB recv=523689 itps=37137.41 tps=37793.10 p50=38.80ms p95=156.50ms p99=255.46ms err=0
[status] PUB sent=562028 itps=37233.92 tps=37710.24 pubs=4000 err=0 | SUB recv=561001 itps=37299.76 tps=37759.88 p50=38.99ms p95=156.24ms p99=254.02ms err=0
[status] PUB sent=599245 itps=37203.68 tps=37678.38 pubs=4000 err=0 | SUB recv=598291 itps=37314.02 tps=37731.78 p50=38.93ms p95=156.11ms p99=252.58ms err=0
[status] PUB sent=636466 itps=37231.34 tps=37651.94 pubs=4000 err=0 | SUB recv=635467 itps=37156.06 tps=37697.61 p50=39.03ms p95=155.98ms p99=250.87ms err=0
[status] PUB sent=673689 itps=37212.76 tps=37627.41 pubs=4000 err=0 | SUB recv=672392 itps=36923.72 tps=37654.27 p50=38.76ms p95=155.85ms p99=249.95ms err=0
[status] PUB sent=710908 itps=37203.48 tps=37604.97 pubs=4000 err=0 | SUB recv=709940 itps=37550.71 tps=37648.78 p50=38.80ms p95=155.71ms p99=248.51ms err=0
[status] PUB sent=748130 itps=37235.99 tps=37586.44 pubs=4000 err=0 | SUB recv=747096 itps=37172.80 tps=37624.82 p50=38.60ms p95=155.58ms p99=247.07ms err=0
[status] PUB sent=785348 itps=37207.59 tps=37568.31 pubs=4000 err=0 | SUB recv=784414 itps=37324.55 tps=37610.42 p50=38.60ms p95=155.32ms p99=245.63ms err=0
[status] PUB sent=822574 itps=37245.15 tps=37553.57 pubs=4000 err=0 | SUB recv=821609 itps=37163.75 tps=37589.97 p50=38.04ms p95=155.19ms p99=245.24ms err=0
[status] PUB sent=859788 itps=37196.35 tps=37537.96 pubs=4000 err=0 | SUB recv=858663 itps=37074.33 tps=37567.42 p50=37.91ms p95=155.06ms p99=243.27ms err=0
[status] PUB sent=897016 itps=37252.96 tps=37526.05 pubs=4000 err=0 | SUB recv=896130 itps=37466.59 tps=37563.19 p50=37.29ms p95=154.80ms p99=242.35ms err=0
[status] PUB sent=934226 itps=37200.36 tps=37512.97 pubs=4000 err=0 | SUB recv=933240 itps=37107.44 tps=37544.86 p50=37.16ms p95=154.80ms p99=241.83ms err=0
[status] PUB sent=971446 itps=37212.32 tps=37501.36 pubs=4000 err=0 | SUB recv=970306 itps=37074.70 tps=37526.68 p50=37.09ms p95=154.66ms p99=241.83ms err=0
[status] PUB sent=1008670 itps=37210.61 tps=37490.55 pubs=4000 err=0 | SUB recv=1007631 itps=37305.87 tps=37518.45 p50=37.19ms p95=154.66ms p99=240.39ms err=0
[status] PUB sent=1045887 itps=37249.71 tps=37481.93 pubs=4000 err=0 | SUB recv=1044872 itps=37262.77 tps=37509.28 p50=37.16ms p95=154.66ms p99=239.07ms err=0
[status] PUB sent=1083107 itps=37201.59 tps=37472.22 pubs=4000 err=0 | SUB recv=1081918 itps=37031.68 tps=37492.72 p50=37.06ms p95=154.53ms p99=238.29ms err=0
[status] PUB sent=1120328 itps=37230.60 tps=37464.14 pubs=4000 err=0 | SUB recv=1119231 itps=37300.36 tps=37486.28 p50=36.93ms p95=154.27ms p99=237.63ms err=0
[status] PUB sent=1157549 itps=37194.72 tps=37455.42 pubs=4000 err=0 | SUB recv=1156489 itps=37279.89 tps=37479.59 p50=36.86ms p95=154.14ms p99=237.24ms err=0
[status] PUB sent=1194766 itps=37249.97 tps=37448.99 pubs=4000 err=0 | SUB recv=1193519 itps=37023.95 tps=37465.29 p50=36.70ms p95=154.01ms p99=236.72ms err=0
[status] PUB sent=1231985 itps=37186.50 tps=37441.00 pubs=4000 err=0 | SUB recv=1230886 itps=37354.79 tps=37461.92 p50=36.63ms p95=153.88ms p99=236.19ms err=0
[status] PUB sent=1269208 itps=37259.26 tps=37435.65 pubs=4000 err=0 | SUB recv=1268068 itps=37195.91 tps=37454.07 p50=36.50ms p95=153.88ms p99=235.14ms err=0
[status] PUB sent=1306428 itps=37205.89 tps=37429.06 pubs=4000 err=0 | SUB recv=1305380 itps=37301.94 tps=37449.70 p50=36.41ms p95=153.75ms p99=234.10ms err=0
[status] PUB sent=1343652 itps=37220.63 tps=37423.26 pubs=4000 err=0 | SUB recv=1342565 itps=37195.03 tps=37442.60 p50=36.37ms p95=153.75ms p99=233.18ms err=0
[status] PUB sent=1380867 itps=37217.93 tps=37417.69 pubs=4000 err=0 | SUB recv=1379812 itps=37249.16 tps=37437.35 p50=36.27ms p95=153.62ms p99=232.52ms err=0
[status] PUB sent=1418088 itps=37211.81 tps=37412.26 pubs=4000 err=0 | SUB recv=1416973 itps=37153.30 tps=37429.85 p50=36.27ms p95=153.49ms p99=231.34ms err=0
[status] PUB sent=1455308 itps=37206.45 tps=37406.97 pubs=4000 err=0 | SUB recv=1454217 itps=37259.66 tps=37425.47 p50=36.21ms p95=153.49ms p99=229.77ms err=0
[status] PUB sent=1492529 itps=37244.87 tps=37402.91 pubs=4000 err=0 | SUB recv=1491424 itps=37179.74 tps=37419.30 p50=36.08ms p95=153.35ms p99=228.46ms err=0
[status] PUB sent=1529751 itps=37231.58 tps=37398.72 pubs=4000 err=0 | SUB recv=1528773 itps=37371.53 tps=37418.13 p50=36.01ms p95=153.22ms p99=226.89ms err=0
[status] PUB sent=1566966 itps=37205.43 tps=37394.11 pubs=4000 err=0 | SUB recv=1565933 itps=37140.45 tps=37411.50 p50=35.98ms p95=153.22ms p99=223.48ms err=0
[status] PUB sent=1604188 itps=37208.08 tps=37389.77 pubs=4000 err=0 | SUB recv=1603142 itps=37206.08 tps=37406.70 p50=35.91ms p95=153.22ms p99=223.48ms err=0
[status] PUB sent=1641408 itps=37236.29 tps=37386.28 pubs=4000 err=0 | SUB recv=1640366 itps=37234.39 tps=37402.77 p50=35.78ms p95=153.09ms p99=224.26ms err=0
[status] PUB sent=1678628 itps=37224.60 tps=37382.68 pubs=4000 err=0 | SUB recv=1677448 itps=37066.76 tps=37395.28 p50=35.85ms p95=153.09ms p99=219.41ms err=0
[status] PUB sent=1715853 itps=37199.35 tps=37378.68 pubs=4000 err=0 | SUB recv=1714826 itps=37409.66 tps=37395.59 p50=35.82ms p95=153.09ms p99=219.28ms err=0
[status] PUB sent=1753068 itps=37219.43 tps=37375.28 pubs=4000 err=0 | SUB recv=1751954 itps=37095.46 tps=37389.18 p50=35.78ms p95=153.09ms p99=199.10ms err=0
[status] PUB sent=1790292 itps=37242.44 tps=37372.51 pubs=4000 err=0 | SUB recv=1789202 itps=37258.16 tps=37386.45 p50=35.78ms p95=153.09ms p99=196.87ms err=0
[status] PUB sent=1827511 itps=37209.05 tps=37369.17 pubs=4000 err=0 | SUB recv=1826478 itps=37286.79 tps=37384.41 p50=35.75ms p95=153.09ms p99=196.48ms err=0
[status] PUB sent=1864730 itps=37233.44 tps=37366.45 pubs=4000 err=0 | SUB recv=1863552 itps=37086.12 tps=37378.43 p50=35.72ms p95=153.09ms p99=218.89ms err=0
[status] PUB sent=1901944 itps=37218.01 tps=37363.53 pubs=4000 err=0 | SUB recv=1900902 itps=37319.32 tps=37377.26 p50=35.72ms p95=152.96ms p99=218.76ms err=0
[status] PUB sent=1939168 itps=37208.07 tps=37360.54 pubs=4000 err=0 | SUB recv=1938149 itps=37263.86 tps=37375.08 p50=35.68ms p95=152.96ms p99=216.14ms err=0
[status] PUB sent=2013617 itps=37243.13 tps=37355.74 pubs=4000 err=0 | SUB recv=2012691 itps=37411.42 tps=37371.13 p50=35.52ms p95=152.83ms p99=212.34ms err=0
[status] PUB sent=2050827 itps=37210.51 tps=37353.09 pubs=4000 err=0 | SUB recv=2049824 itps=37132.38 tps=37366.78 p50=35.49ms p95=152.70ms p99=200.93ms err=0
[status] PUB sent=2088053 itps=37211.09 tps=37350.55 pubs=4000 err=0 | SUB recv=2087017 itps=37194.91 tps=37363.71 p50=35.39ms p95=152.70ms p99=200.93ms err=0
[status] PUB sent=2125271 itps=37212.53 tps=37348.13 pubs=4000 err=0 | SUB recv=2124229 itps=37206.21 tps=37360.93 p50=35.39ms p95=152.70ms p99=211.94ms err=0
[status] PUB sent=2162499 itps=37230.69 tps=37346.10 pubs=4000 err=0 | SUB recv=2161526 itps=37302.40 tps=37359.92 p50=35.42ms p95=152.70ms p99=198.84ms err=0
[status] PUB sent=2199714 itps=37204.81 tps=37343.70 pubs=4000 err=0 | SUB recv=2198557 itps=37044.99 tps=37354.57 p50=35.42ms p95=152.70ms p99=196.74ms err=0
[status] PUB sent=2236937 itps=0.00 tps=37341.70 pubs=4000 err=0 | SUB recv=2235100 itps=36544.25 tps=37341.04 p50=35.42ms p95=152.57ms p99=194.64ms err=0
[status] PUB sent=2240644 itps=0.00 tps=36790.00 pubs=4000 err=0 | SUB recv=2240294 itps=5194.08 tps=36812.80 p50=35.46ms p95=152.70ms p99=198.97ms err=0
[status] PUB sent=2240644 itps=0.00 tps=36195.26 pubs=4000 err=0 | SUB recv=2240294 itps=0.00 tps=36217.66 p50=35.46ms p95=152.70ms p99=198.97ms err=0
[status] PUB sent=2240644 itps=0.00 tps=35619.98 pubs=4000 err=0 | SUB recv=2240294 itps=0.00 tps=35641.05 p50=35.46ms p95=152.70ms p99=198.97ms err=0
[status] PUB sent=2240644 itps=0.00 tps=35062.71 pubs=4000 err=0 | SUB recv=2240294 itps=0.00 tps=35083.05 p50=35.46ms p95=152.70ms p99=198.97ms err=0
[status] PUB sent=2240644 itps=0.00 tps=34522.63 pubs=4000 err=0 | SUB recv=2240294 itps=0.00 tps=34542.23 p50=35.46ms p95=152.70ms p99=198.97ms err=0
[status] PUB sent=2240644 itps=0.00 tps=33998.43 pubs=4000 err=0 | SUB recv=2240294 itps=0.00 tps=34017.83 p50=35.46ms p95=152.70ms p99=198.97ms err=0
[status] PUB sent=2240644 itps=0.00 tps=33490.39 pubs=4000 err=0 | SUB recv=2240294 itps=0.00 tps=33508.64 p50=35.46ms p95=152.70ms p99=198.97ms err=0
[status] PUB sent=2240644 itps=0.00 tps=32997.32 pubs=4000 err=0 | SUB recv=2240294 itps=0.00 tps=33014.94 p50=35.46ms p95=152.70ms p99=198.97ms err=0
[status] PUB sent=2240644 itps=0.00 tps=32518.09 pubs=4000 err=0 | SUB recv=2240294 itps=0.00 tps=32535.57 p50=35.46ms p95=152.70ms p99=198.97ms err=0
[status] PUB sent=2240644 itps=0.00 tps=32053.05 pubs=4000 err=0 | SUB recv=2240294 itps=0.00 tps=32069.93 p50=35.46ms p95=152.70ms p99=198.97ms err=0
[status] PUB sent=2240644 itps=0.00 tps=31601.11 pubs=4000 err=0 | SUB recv=2240294 itps=0.00 tps=31617.44 p50=35.46ms p95=152.70ms p99=198.97ms err=0
[status] PUB sent=2240644 itps=0.00 tps=31161.74 pubs=4000 err=0 | SUB recv=2240294 itps=0.00 tps=31177.10 p50=35.46ms p95=152.70ms p99=198.97ms err=0
[status] PUB sent=2240644 itps=0.00 tps=30734.02 pubs=4000 err=0 | SUB recv=2240294 itps=0.00 tps=30749.29 p50=35.46ms p95=152.70ms p99=198.97ms err=0
[status] PUB sent=2240644 itps=0.00 tps=30318.26 pubs=4000 err=0 | SUB recv=2240294 itps=0.00 tps=30333.06 p50=35.46ms p95=152.70ms p99=198.97ms err=0
[status] PUB sent=2240644 itps=0.00 tps=29913.60 pubs=4000 err=0 | SUB recv=2240294 itps=0.00 tps=29927.95 p50=35.46ms p95=152.70ms p99=198.97ms err=0
[status] PUB sent=2240644 itps=0.00 tps=29519.22 pubs=4000 err=0 | SUB recv=2240294 itps=0.00 tps=29533.17 p50=35.46ms p95=152.70ms p99=198.97ms err=0
[status] PUB sent=2240644 itps=0.00 tps=29135.50 pubs=4000 err=0 | SUB recv=2240294 itps=0.00 tps=29149.00 p50=35.46ms p95=152.70ms p99=198.97ms err=0
[status] PUB sent=2240644 itps=0.00 tps=28761.61 pubs=4000 err=0 | SUB recv=2240294 itps=0.00 tps=28774.68 p50=35.46ms p95=152.70ms p99=198.97ms err=0
[status] PUB sent=2240644 itps=0.00 tps=28397.20 pubs=4000 err=0 | SUB recv=2240294 itps=0.00 tps=28409.52 p50=35.46ms p95=152.70ms p99=198.97ms err=0
[status] PUB sent=2240644 itps=0.00 tps=28041.56 pubs=4000 err=0 | SUB recv=2240294 itps=0.00 tps=28053.85 p50=35.46ms p95=152.70ms p99=198.97ms err=0
[status] PUB sent=2240644 itps=0.00 tps=27695.07 pubs=4000 err=0 | SUB recv=2240294 itps=0.00 tps=27706.98 p50=35.46ms p95=152.70ms p99=198.97ms err=0
[status] PUB sent=2240644 itps=0.00 tps=27357.01 pubs=4000 err=0 | SUB recv=2240294 itps=0.00 tps=27368.60 p50=35.46ms p95=152.70ms p99=198.97ms err=0
[status] PUB sent=2240644 itps=0.00 tps=27026.79 pubs=4000 err=0 | SUB recv=2240294 itps=0.00 tps=27038.06 p50=35.46ms p95=152.70ms p99=198.97ms err=0
[status] PUB sent=2240644 itps=0.00 tps=26704.78 pubs=4000 err=0 | SUB recv=2240294 itps=0.00 tps=26715.75 p50=35.46ms p95=152.70ms p99=198.97ms err=0
[status] PUB sent=2240644 itps=0.00 tps=26390.33 pubs=4000 err=0 | SUB recv=2240294 itps=0.00 tps=26401.02 p50=35.46ms p95=152.70ms p99=198.97ms err=0
[status] PUB sent=2240644 itps=0.00 tps=26083.22 pubs=4000 err=0 | SUB recv=2240294 itps=0.00 tps=26093.29 p50=35.46ms p95=152.70ms p99=198.97ms err=0
[status] PUB sent=2240644 itps=0.00 tps=25782.86 pubs=4000 err=0 | SUB recv=2240294 itps=0.00 tps=25792.99 p50=35.46ms p95=152.70ms p99=198.97ms err=0
[status] PUB sent=2240644 itps=0.00 tps=25489.63 pubs=4000 err=0 | SUB recv=2240294 itps=0.00 tps=25499.51 p50=35.46ms p95=152.70ms p99=198.97ms err=0
[status] PUB sent=2240644 itps=0.00 tps=25203.01 pubs=4000 err=0 | SUB recv=2240294 itps=0.00 tps=25212.37 p50=35.46ms p95=152.70ms p99=198.97ms err=0
[status] PUB sent=2240644 itps=0.00 tps=24922.48 pubs=4000 err=0 | SUB recv=2240294 itps=0.00 tps=24931.89 p50=35.46ms p95=152.70ms p99=198.97ms err=0
[status] PUB sent=2240644 itps=0.00 tps=24648.39 pubs=4000 err=0 | SUB recv=2240294 itps=0.00 tps=24657.30 p50=35.46ms p95=152.70ms p99=198.97ms err=0
[status] PUB sent=2240644 itps=0.00 tps=24380.28 pubs=4000 err=0 | SUB recv=2240294 itps=0.00 tps=24388.98 p50=35.46ms p95=152.70ms p99=198.97ms err=0
[status] PUB sent=2240644 itps=0.00 tps=24117.93 pubs=4000 err=0 | SUB recv=2240294 itps=0.00 tps=24126.42 p50=35.46ms p95=152.70ms p99=198.97ms err=0
[status] PUB sent=2240644 itps=0.00 tps=23860.92 pubs=4000 err=0 | SUB recv=2240294 itps=0.00 tps=23869.19 p50=35.46ms p95=152.70ms p99=198.97ms err=0
[status] PUB sent=2240644 itps=0.00 tps=23609.56 pubs=4000 err=0 | SUB recv=2240294 itps=0.00 tps=23617.66 p50=35.46ms p95=152.70ms p99=198.97ms err=0
[status] PUB sent=2240644 itps=0.00 tps=23363.45 pubs=4000 err=0 | SUB recv=2240294 itps=0.00 tps=23371.35 p50=35.46ms p95=152.70ms p99=198.97ms err=0
[status] PUB sent=2240644 itps=0.00 tps=23122.19 pubs=4000 err=0 | SUB recv=2240294 itps=0.00 tps=23129.92 p50=35.46ms p95=152.70ms p99=198.97ms err=0
[status] PUB sent=2240644 itps=0.00 tps=22886.09 pubs=4000 err=0 | SUB recv=2240294 itps=0.00 tps=22893.63 p50=35.46ms p95=152.70ms p99=198.97ms err=0
[status] PUB sent=2240644 itps=0.00 tps=22654.75 pubs=4000 err=0 | SUB recv=2240294 itps=0.00 tps=22662.13 p50=35.46ms p95=152.70ms p99=198.97ms err=0
[status] PUB sent=2240644 itps=0.00 tps=22427.84 pubs=4000 err=0 | SUB recv=2240294 itps=0.00 tps=22435.05 p50=35.46ms p95=152.70ms p99=198.97ms err=0
[status] PUB sent=2240644 itps=0.00 tps=22205.64 pubs=4000 err=0 | SUB recv=2240294 itps=0.00 tps=22212.69 p50=35.46ms p95=152.70ms p99=198.97ms err=0
[status] PUB sent=2240644 itps=0.00 tps=21987.80 pubs=4000 err=0 | SUB recv=2240294 itps=0.00 tps=21994.46 p50=35.46ms p95=152.70ms p99=198.97ms err=0
[status] PUB sent=2240644 itps=0.00 tps=21774.19 pubs=4000 err=0 | SUB recv=2240294 itps=0.00 tps=21780.70 p50=35.46ms p95=152.70ms p99=198.97ms err=0
[status] PUB sent=2240644 itps=0.00 tps=21564.48 pubs=4000 err=0 | SUB recv=2240294 itps=0.00 tps=21571.07 p50=35.46ms p95=152.70ms p99=198.97ms err=0
[status] PUB sent=2240644 itps=0.00 tps=21358.98 pubs=4000 err=0 | SUB recv=2240294 itps=0.00 tps=21365.21 p50=35.46ms p95=152.70ms p99=198.97ms err=0
[status] PUB sent=2240644 itps=0.00 tps=21157.36 pubs=4000 err=0 | SUB recv=2240294 itps=0.00 tps=21163.46 p50=35.46ms p95=152.70ms p99=198.97ms err=0
[status] PUB sent=2240644 itps=0.00 tps=20959.31 pubs=4000 err=0 | SUB recv=2240294 itps=0.00 tps=20965.48 p50=35.46ms p95=152.70ms p99=198.97ms err=0
[status] PUB sent=2240644 itps=0.00 tps=20765.13 pubs=4000 err=0 | SUB recv=2240294 itps=0.00 tps=20770.98 p50=35.46ms p95=152.70ms p99=198.97ms err=0
[status] PUB sent=2240644 itps=0.00 tps=20574.51 pubs=4000 err=0 | SUB recv=2240294 itps=0.00 tps=20580.25 p50=35.46ms p95=152.70ms p99=198.97ms err=0
[status] PUB sent=2240644 itps=0.00 tps=20387.18 pubs=4000 err=0 | SUB recv=2240294 itps=0.00 tps=20392.78 p50=35.46ms p95=152.70ms p99=198.97ms err=0
[status] PUB sent=2240644 itps=0.00 tps=20203.40 pubs=4000 err=0 | SUB recv=2240294 itps=0.00 tps=20208.90 p50=35.46ms p95=152.70ms p99=198.97ms err=0
[status] PUB sent=2240644 itps=0.00 tps=20022.91 pubs=4000 err=0 | SUB recv=2240294 itps=0.00 tps=20028.30 p50=35.46ms p95=152.70ms p99=198.97ms err=0
[status] PUB sent=2240644 itps=0.00 tps=19845.62 pubs=4000 err=0 | SUB recv=2240294 itps=0.00 tps=19850.73 p50=35.46ms p95=152.70ms p99=198.97ms err=0
[status] PUB sent=2240644 itps=0.00 tps=19671.27 pubs=4000 err=0 | SUB recv=2240294 itps=0.00 tps=19676.45 p50=35.46ms p95=152.70ms p99=198.97ms err=0
[status] PUB sent=2240644 itps=0.00 tps=19500.12 pubs=4000 err=0 | SUB recv=2240294 itps=0.00 tps=19505.03 p50=35.46ms p95=152.70ms p99=198.97ms err=0
[status] PUB sent=2240644 itps=0.00 tps=19166.45 pubs=4000 err=0 | SUB recv=2240294 itps=0.00 tps=19171.33 p50=35.46ms p95=152.70ms p99=198.97ms err=0
[status] PUB sent=2240644 itps=0.00 tps=19003.94 pubs=4000 err=0 | SUB recv=2240294 itps=0.00 tps=19008.53 p50=35.46ms p95=152.70ms p99=198.97ms err=0
[status] PUB sent=2240644 itps=0.00 tps=18844.16 pubs=4000 err=0 | SUB recv=2240294 itps=0.00 tps=18848.67 p50=35.46ms p95=152.70ms p99=198.97ms err=0
[status] PUB sent=2240644 itps=0.00 tps=18687.04 pubs=4000 err=0 | SUB recv=2240294 itps=0.00 tps=18691.47 p50=35.46ms p95=152.70ms p99=198.97ms err=0
[status] PUB sent=2240644 itps=0.00 tps=18532.38 pubs=4000 err=0 | SUB recv=2240294 itps=0.00 tps=18536.71 p50=35.46ms p95=152.70ms p99=198.97ms err=0
[status] PUB sent=2240644 itps=0.00 tps=18380.40 pubs=4000 err=0 | SUB recv=2240294 itps=0.00 tps=18384.65 p50=35.46ms p95=152.70ms p99=198.97ms err=0
[status] PUB sent=2240644 itps=0.00 tps=18230.89 pubs=4000 err=0 | SUB recv=2240294 itps=0.00 tps=18235.06 p50=35.46ms p95=152.70ms p99=198.97ms err=0
[status] PUB sent=2240644 itps=0.00 tps=18083.65 pubs=4000 err=0 | SUB recv=2240294 itps=0.00 tps=18087.75 p50=35.46ms p95=152.70ms p99=198.97ms err=0
[status] PUB sent=2240644 itps=0.00 tps=17938.91 pubs=4000 err=0 | SUB recv=2240294 itps=0.00 tps=17942.93 p50=35.46ms p95=152.70ms p99=198.97ms err=0
[status] PUB sent=2240644 itps=0.00 tps=17796.47 pubs=4000 err=0 | SUB recv=2240294 itps=0.00 tps=17800.42 p50=35.46ms p95=152.70ms p99=198.97ms err=0
[status] PUB sent=2240644 itps=0.00 tps=17656.14 pubs=4000 err=0 | SUB recv=2240294 itps=0.00 tps=17660.01 p50=35.46ms p95=152.70ms p99=198.97ms err=0
[status] PUB sent=2240644 itps=0.00 tps=17518.13 pubs=4000 err=0 | SUB recv=2240294 itps=0.00 tps=17521.94 p50=35.46ms p95=152.70ms p99=198.97ms err=0
[status] PUB sent=2240644 itps=0.00 tps=17382.27 pubs=4000 err=0 | SUB recv=2240294 itps=0.00 tps=17385.88 p50=35.46ms p95=152.70ms p99=198.97ms err=0
[status] PUB sent=2240644 itps=0.00 tps=17248.50 pubs=4000 err=0 | SUB recv=2240294 itps=0.00 tps=17252.04 p50=35.46ms p95=152.70ms p99=198.97ms err=0
[status] PUB sent=2240644 itps=0.00 tps=17116.64 pubs=4000 err=0 | SUB recv=2240294 itps=0.00 tps=17120.24 p50=35.46ms p95=152.70ms p99=198.97ms err=0
[status] PUB sent=2240644 itps=0.00 tps=16986.91 pubs=4000 err=0 | SUB recv=2240294 itps=0.00 tps=16990.32 p50=35.46ms p95=152.70ms p99=198.97ms err=0
[status] PUB sent=2240644 itps=0.00 tps=16859.13 pubs=4000 err=0 | SUB recv=2240294 itps=0.00 tps=16862.48 p50=35.46ms p95=152.70ms p99=198.97ms err=0
[status] PUB sent=2240644 itps=0.00 tps=16733.14 pubs=4000 err=0 | SUB recv=2240294 itps=0.00 tps=16736.56 p50=35.46ms p95=152.70ms p99=198.97ms err=0
[status] PUB sent=2240644 itps=0.00 tps=16609.14 pubs=4000 err=0 | SUB recv=2240294 itps=0.00 tps=16612.38 p50=35.46ms p95=152.70ms p99=198.97ms err=0
[status] PUB sent=2240644 itps=0.00 tps=16486.96 pubs=4000 err=0 | SUB recv=2240294 itps=0.00 tps=16490.14 p50=35.46ms p95=152.70ms p99=198.97ms err=0
[status] PUB sent=2240644 itps=0.00 tps=16366.57 pubs=4000 err=0 | SUB recv=2240294 itps=0.00 tps=16369.59 p50=35.46ms p95=152.70ms p99=198.97ms err=0
[status] PUB sent=2240644 itps=0.00 tps=16247.81 pubs=4000 err=0 | SUB recv=2240294 itps=0.00 tps=16250.89 p50=35.46ms p95=152.70ms p99=198.97ms err=0
[status] PUB sent=2240644 itps=0.00 tps=16130.87 pubs=4000 err=0 | SUB recv=2240294 itps=0.00 tps=16133.90 p50=35.46ms p95=152.70ms p99=198.97ms err=0
[status] PUB sent=2240644 itps=0.00 tps=16015.60 pubs=4000 err=0 | SUB recv=2240294 itps=0.00 tps=16018.47 p50=35.46ms p95=152.70ms p99=198.97ms err=0
[status] PUB sent=2240644 itps=0.00 tps=15901.96 pubs=4000 err=0 | SUB recv=2240294 itps=0.00 tps=15904.79 p50=35.46ms p95=152.70ms p99=198.97ms err=0
[status] PUB sent=2240644 itps=0.00 tps=15789.83 pubs=4000 err=0 | SUB recv=2240294 itps=0.00 tps=15792.61 p50=35.46ms p95=152.70ms p99=198.97ms err=0
[status] PUB sent=2240644 itps=0.00 tps=15679.36 pubs=4000 err=0 | SUB recv=2240294 itps=0.00 tps=15682.10 p50=35.46ms p95=152.70ms p99=198.97ms err=0
[status] PUB sent=2240644 itps=0.00 tps=15570.43 pubs=4000 err=0 | SUB recv=2240294 itps=0.00 tps=15573.12 p50=35.46ms p95=152.70ms p99=198.97ms err=0
[status] PUB sent=2240644 itps=0.00 tps=15462.91 pubs=4000 err=0 | SUB recv=2240294 itps=0.00 tps=15465.55 p50=35.46ms p95=152.70ms p99=198.97ms err=0
[status] PUB sent=2240644 itps=0.00 tps=15356.96 pubs=4000 err=0 | SUB recv=2240294 itps=0.00 tps=15359.56 p50=35.46ms p95=152.70ms p99=198.97ms err=0
[status] PUB sent=2240644 itps=0.00 tps=15252.45 pubs=4000 err=0 | SUB recv=2240294 itps=0.00 tps=15255.00 p50=35.46ms p95=152.70ms p99=198.97ms err=0
[status] PUB sent=2240644 itps=0.00 tps=15149.35 pubs=4000 err=0 | SUB recv=2240294 itps=0.00 tps=15151.77 p50=35.46ms p95=152.70ms p99=198.97ms err=0
[status] PUB sent=2240644 itps=0.00 tps=15047.54 pubs=4000 err=0 | SUB recv=2240294 itps=0.00 tps=15050.02 p50=35.46ms p95=152.70ms p99=198.97ms err=0
[status] PUB sent=2240644 itps=0.00 tps=14947.19 pubs=4000 err=0 | SUB recv=2240294 itps=0.00 tps=14949.62 p50=35.46ms p95=152.70ms p99=198.97ms err=0
[status] PUB sent=2240644 itps=0.00 tps=14848.17 pubs=4000 err=0 | SUB recv=2240294 itps=0.00 tps=14850.46 p50=35.46ms p95=152.70ms p99=198.97ms err=0
[status] PUB sent=2240644 itps=0.00 tps=14750.34 pubs=4000 err=0 | SUB recv=2240294 itps=0.00 tps=14752.70 p50=35.46ms p95=152.70ms p99=198.97ms err=0
[status] PUB sent=2240644 itps=0.00 tps=14653.90 pubs=4000 err=0 | SUB recv=2240294 itps=0.00 tps=14656.13 p50=35.46ms p95=152.70ms p99=198.97ms err=0
[status] PUB sent=2240644 itps=0.00 tps=14558.71 pubs=4000 err=0 | SUB recv=2240294 itps=0.00 tps=14560.92 p50=35.46ms p95=152.70ms p99=198.97ms err=0
[status] PUB sent=2240644 itps=0.00 tps=14464.75 pubs=4000 err=0 | SUB recv=2240294 itps=0.00 tps=14466.92 p50=35.46ms p95=152.70ms p99=198.97ms err=0
[status] PUB sent=2240644 itps=0.00 tps=14371.90 pubs=4000 err=0 | SUB recv=2240294 itps=0.00 tps=14374.04 p50=35.46ms p95=152.70ms p99=198.97ms err=0
[status] PUB sent=2240644 itps=0.00 tps=14280.33 pubs=4000 err=0 | SUB recv=2240294 itps=0.00 tps=14282.44 p50=35.46ms p95=152.70ms p99=198.97ms err=0
[status] PUB sent=2240644 itps=0.00 tps=14189.92 pubs=4000 err=0 | SUB recv=2240294 itps=0.00 tps=14191.90 p50=35.46ms p95=152.70ms p99=198.97ms err=0
[status] PUB sent=2240644 itps=0.00 tps=14100.64 pubs=4000 err=0 | SUB recv=2240294 itps=0.00 tps=14102.60 p50=35.46ms p95=152.70ms p99=198.97ms err=0
[status] PUB sent=2240644 itps=0.00 tps=14012.40 pubs=4000 err=0 | SUB recv=2240294 itps=0.00 tps=14014.41 p50=35.46ms p95=152.70ms p99=198.97ms err=0
[status] PUB sent=2240644 itps=0.00 tps=13925.34 pubs=4000 err=0 | SUB recv=2240294 itps=0.00 tps=13927.23 p50=35.46ms p95=152.70ms p99=198.97ms err=0
[status] PUB sent=2240644 itps=0.00 tps=13839.35 pubs=4000 err=0 | SUB recv=2240294 itps=0.00 tps=13841.22 p50=35.46ms p95=152.70ms p99=198.97ms err=0
[status] PUB sent=2240644 itps=0.00 tps=13754.33 pubs=4000 err=0 | SUB recv=2240294 itps=0.00 tps=13756.25 p50=35.46ms p95=152.70ms p99=198.97ms err=0
[status] PUB sent=2240644 itps=0.00 tps=13670.44 pubs=4000 err=0 | SUB recv=2240294 itps=0.00 tps=13672.25 p50=35.46ms p95=152.70ms p99=198.97ms err=0
[status] PUB sent=2240644 itps=0.00 tps=13587.57 pubs=4000 err=0 | SUB recv=2240294 itps=0.00 tps=13589.34 p50=35.46ms p95=152.70ms p99=198.97ms err=0
[status] PUB sent=2240644 itps=0.00 tps=13505.69 pubs=4000 err=0 | SUB recv=2240294 itps=0.00 tps=13507.44 p50=35.46ms p95=152.70ms p99=198.97ms err=0
[status] PUB sent=2240644 itps=0.00 tps=13424.72 pubs=4000 err=0 | SUB recv=2240294 itps=0.00 tps=13426.44 p50=35.46ms p95=152.70ms p99=198.97ms err=0
[status] PUB sent=2240644 itps=0.00 tps=13344.78 pubs=4000 err=0 | SUB recv=2240294 itps=0.00 tps=13346.48 p50=35.46ms p95=152.70ms p99=198.97ms err=0
[status] PUB sent=2240644 itps=0.00 tps=13265.80 pubs=4000 err=0 | SUB recv=2240294 itps=0.00 tps=13267.39 p50=35.46ms p95=152.70ms p99=198.97ms err=0
[status] PUB sent=2240644 itps=0.00 tps=13187.66 pubs=4000 err=0 | SUB recv=2240294 itps=0.00 tps=13189.32 p50=35.46ms p95=152.70ms p99=198.97ms err=0
[status] PUB sent=2240644 itps=0.00 tps=13110.52 pubs=4000 err=0 | SUB recv=2240294 itps=0.00 tps=13112.15 p50=35.46ms p95=152.70ms p99=198.97ms err=0
[status] PUB sent=2240644 itps=0.00 tps=13034.28 pubs=4000 err=0 | SUB recv=2240294 itps=0.00 tps=13035.80 p50=35.46ms p95=152.70ms p99=198.97ms err=0
[status] PUB sent=2240644 itps=0.00 tps=12958.91 pubs=4000 err=0 | SUB recv=2240294 itps=0.00 tps=12960.42 p50=35.46ms p95=152.70ms p99=198.97ms err=0
[status] PUB sent=2240644 itps=0.00 tps=12884.34 pubs=4000 err=0 | SUB recv=2240294 itps=0.00 tps=12885.83 p50=35.46ms p95=152.70ms p99=198.97ms err=0
[status] PUB sent=2240644 itps=0.00 tps=12810.70 pubs=4000 err=0 | SUB recv=2240294 itps=0.00 tps=12812.16 p50=35.46ms p95=152.70ms p99=198.97ms err=0
[status] PUB sent=2240644 itps=0.00 tps=12737.89 pubs=4000 err=0 | SUB recv=2240294 itps=0.00 tps=12739.33 p50=35.46ms p95=152.70ms p99=198.97ms err=0
[status] PUB sent=2240644 itps=0.00 tps=12665.83 pubs=4000 err=0 | SUB recv=2240294 itps=0.00 tps=12667.26 p50=35.46ms p95=152.70ms p99=198.97ms err=0
[status] PUB sent=2240644 itps=0.00 tps=12594.66 pubs=4000 err=0 | SUB recv=2240294 itps=0.00 tps=12596.09 p50=35.46ms p95=152.70ms p99=198.97ms err=0
[status] PUB sent=2240644 itps=0.00 tps=12524.28 pubs=4000 err=0 | SUB recv=2240294 itps=0.00 tps=12525.61 p50=35.46ms p95=152.70ms p99=198.97ms err=0
[status] PUB sent=2240644 itps=0.00 tps=12454.68 pubs=4000 err=0 | SUB recv=2240294 itps=0.00 tps=12456.00 p50=35.46ms p95=152.70ms p99=198.97ms err=0
[status] PUB sent=2240644 itps=0.00 tps=12385.79 pubs=4000 err=0 | SUB recv=2240294 itps=0.00 tps=12387.15 p50=35.46ms p95=152.70ms p99=198.97ms err=0
[status] PUB sent=2240644 itps=0.00 tps=12250.39 pubs=4000 err=0 | SUB recv=2240294 itps=0.00 tps=12251.65 p50=35.46ms p95=152.70ms p99=198.97ms err=0
[status] PUB sent=2240644 itps=0.00 tps=12183.73 pubs=4000 err=0 | SUB recv=2240294 itps=0.00 tps=12184.97 p50=35.46ms p95=152.70ms p99=198.97ms err=0
[status] PUB sent=2240644 itps=0.00 tps=12117.86 pubs=4000 err=0 | SUB recv=2240294 itps=0.00 tps=12119.08 p50=35.46ms p95=152.70ms p99=198.97ms err=0
[status] PUB sent=2240644 itps=0.00 tps=12052.70 pubs=4000 err=0 | SUB recv=2240294 itps=0.00 tps=12053.89 p50=35.46ms p95=152.70ms p99=198.97ms err=0
[status] PUB sent=2240644 itps=0.00 tps=11988.23 pubs=4000 err=0 | SUB recv=2240294 itps=0.00 tps=11989.35 p50=35.46ms p95=152.70ms p99=198.97ms err=0
[status] PUB sent=2240644 itps=0.00 tps=11924.38 pubs=4000 err=0 | SUB recv=2240294 itps=0.00 tps=11925.55 p50=35.46ms p95=152.70ms p99=198.97ms err=0
[status] PUB sent=2240644 itps=0.00 tps=11861.27 pubs=4000 err=0 | SUB recv=2240294 itps=0.00 tps=11862.42 p50=35.46ms p95=152.70ms p99=198.97ms err=0
[status] PUB sent=2240644 itps=0.00 tps=11798.83 pubs=4000 err=0 | SUB recv=2240294 itps=0.00 tps=11799.91 p50=35.46ms p95=152.70ms p99=198.97ms err=0
[status] PUB sent=2240644 itps=0.00 tps=11736.99 pubs=4000 err=0 | SUB recv=2240294 itps=0.00 tps=11738.10 p50=35.46ms p95=152.70ms p99=198.97ms err=0
[status] PUB sent=2240644 itps=0.00 tps=11675.84 pubs=4000 err=0 | SUB recv=2240294 itps=0.00 tps=11676.88 p50=35.46ms p95=152.70ms p99=198.97ms err=0
[status] PUB sent=2240644 itps=0.00 tps=11615.33 pubs=4000 err=0 | SUB recv=2240294 itps=0.00 tps=11616.36 p50=35.46ms p95=152.70ms p99=198.97ms err=0
[status] PUB sent=2240644 itps=0.00 tps=11555.45 pubs=4000 err=0 | SUB recv=2240294 itps=0.00 tps=11556.46 p50=35.46ms p95=152.70ms p99=198.97ms err=0
[status] PUB sent=2240644 itps=0.00 tps=11496.11 pubs=4000 err=0 | SUB recv=2240294 itps=0.00 tps=11497.11 p50=35.46ms p95=152.70ms p99=198.97ms err=0
[status] PUB sent=2240644 itps=0.00 tps=11437.45 pubs=4000 err=0 | SUB recv=2240294 itps=0.00 tps=11438.44 p50=35.46ms p95=152.70ms p99=198.97ms err=0
[status] PUB sent=2240644 itps=0.00 tps=11379.38 pubs=4000 err=0 | SUB recv=2240294 itps=0.00 tps=11380.35 p50=35.46ms p95=152.70ms p99=198.97ms err=0
[status] PUB sent=2240644 itps=0.00 tps=11321.84 pubs=4000 err=0 | SUB recv=2240294 itps=0.00 tps=11322.80 p50=35.46ms p95=152.70ms p99=198.97ms err=0
[status] PUB sent=2240644 itps=0.00 tps=11264.94 pubs=4000 err=0 | SUB recv=2240294 itps=0.00 tps=11265.88 p50=35.46ms p95=152.70ms p99=198.97ms err=0
[status] PUB sent=2240644 itps=0.00 tps=11208.60 pubs=4000 err=0 | SUB recv=2240294 itps=0.00 tps=11209.48 p50=35.46ms p95=152.70ms p99=198.97ms err=0
[status] PUB sent=2240644 itps=0.00 tps=11152.83 pubs=4000 err=0 | SUB recv=2240294 itps=0.00 tps=11153.69 p50=35.46ms p95=152.70ms p99=198.97ms err=0
[status] PUB sent=2240644 itps=0.00 tps=11097.55 pubs=4000 err=0 | SUB recv=2240294 itps=0.00 tps=11098.46 p50=35.46ms p95=152.70ms p99=198.97ms err=0
[status] PUB sent=2240644 itps=0.00 tps=11042.87 pubs=4000 err=0 | SUB recv=2240294 itps=0.00 tps=11043.71 p50=35.46ms p95=152.70ms p99=198.97ms err=0
[status] PUB sent=2240644 itps=0.00 tps=10988.73 pubs=4000 err=0 | SUB recv=2240294 itps=0.00 tps=10989.56 p50=35.46ms p95=152.70ms p99=198.97ms err=0
[status] PUB sent=2240644 itps=0.00 tps=10935.06 pubs=4000 err=0 | SUB recv=2240294 itps=0.00 tps=10935.93 p50=35.46ms p95=152.70ms p99=198.97ms err=0
[status] PUB sent=2240644 itps=0.00 tps=10881.97 pubs=4000 err=0 | SUB recv=2240294 itps=0.00 tps=10882.77 p50=35.46ms p95=152.70ms p99=198.97ms err=0
[status] PUB sent=2240644 itps=0.00 tps=10829.39 pubs=4000 err=0 | SUB recv=2240294 itps=0.00 tps=10830.18 p50=35.46ms p95=152.70ms p99=198.97ms err=0
[status] PUB sent=2240644 itps=0.00 tps=10777.32 pubs=4000 err=0 | SUB recv=2240294 itps=0.00 tps=10778.05 p50=35.46ms p95=152.70ms p99=198.97ms err=0
[status] PUB sent=2240644 itps=0.00 tps=10725.69 pubs=4000 err=0 | SUB recv=2240294 itps=0.00 tps=10726.46 p50=35.46ms p95=152.70ms p99=198.97ms err=0
[status] PUB sent=2240644 itps=0.00 tps=10674.61 pubs=4000 err=0 | SUB recv=2240294 itps=0.00 tps=10675.37 p50=35.46ms p95=152.70ms p99=198.97ms err=0
[status] PUB sent=2240644 itps=0.00 tps=10624.01 pubs=4000 err=0 | SUB recv=2240294 itps=0.00 tps=10624.71 p50=35.46ms p95=152.70ms p99=198.97ms err=0
[status] PUB sent=2240644 itps=0.00 tps=10573.83 pubs=4000 err=0 | SUB recv=2240294 itps=0.00 tps=10574.58 p50=35.46ms p95=152.70ms p99=198.97ms err=0
[status] PUB sent=2240644 itps=0.00 tps=10524.18 pubs=4000 err=0 | SUB recv=2240294 itps=0.00 tps=10524.87 p50=35.46ms p95=152.70ms p99=198.97ms err=0
[status] PUB sent=2240644 itps=0.00 tps=10475.00 pubs=4000 err=0 | SUB recv=2240294 itps=0.00 tps=10475.67 p50=35.46ms p95=152.70ms p99=198.97ms err=0
[status] PUB sent=2240644 itps=0.00 tps=10426.27 pubs=4000 err=0 | SUB recv=2240294 itps=0.00 tps=10426.94 p50=35.46ms p95=152.70ms p99=198.97ms err=0
[status] PUB sent=2240644 itps=0.00 tps=10377.94 pubs=4000 err=0 | SUB recv=2240294 itps=0.00 tps=10378.60 p50=35.46ms p95=152.70ms p99=198.97ms err=0
[status] PUB sent=2240644 itps=0.00 tps=10330.11 pubs=4000 err=0 | SUB recv=2240294 itps=0.00 tps=10330.76 p50=35.46ms p95=152.70ms p99=198.97ms err=0
[status] PUB sent=2240644 itps=0.00 tps=10282.72 pubs=4000 err=0 | SUB recv=2240294 itps=0.00 tps=10283.35 p50=35.46ms p95=152.70ms p99=198.97ms err=0
[status] PUB sent=2240644 itps=0.00 tps=10235.75 pubs=4000 err=0 | SUB recv=2240294 itps=0.00 tps=10236.34 p50=35.46ms p95=152.70ms p99=198.97ms err=0
[status] PUB sent=2240644 itps=0.00 tps=10189.17 pubs=4000 err=0 | SUB recv=2240294 itps=0.00 tps=10189.79 p50=35.46ms p95=152.70ms p99=198.97ms err=0
[status] PUB sent=2240644 itps=0.00 tps=10143.06 pubs=4000 err=0 | SUB recv=2240294 itps=0.00 tps=10143.67 p50=35.46ms p95=152.70ms p99=198.97ms err=0
[status] PUB sent=2240644 itps=0.00 tps=10097.37 pubs=4000 err=0 | SUB recv=2240294 itps=0.00 tps=10097.92 p50=35.46ms p95=152.70ms p99=198.97ms err=0
[status] PUB sent=2240644 itps=0.00 tps=10052.03 pubs=4000 err=0 | SUB recv=2240294 itps=0.00 tps=10052.63 p50=35.46ms p95=152.70ms p99=198.97ms err=0
[status] PUB sent=2240644 itps=0.00 tps=10007.15 pubs=4000 err=0 | SUB recv=2240294 itps=0.00 tps=10007.69 p50=35.46ms p95=152.70ms p99=198.97ms err=0
[status] PUB sent=2240644 itps=0.00 tps=9962.67 pubs=4000 err=0 | SUB recv=2240294 itps=0.00 tps=9963.20 p50=35.46ms p95=152.70ms p99=198.97ms err=0
[status] PUB sent=2240644 itps=0.00 tps=9918.58 pubs=4000 err=0 | SUB recv=2240294 itps=0.00 tps=9919.10 p50=35.46ms p95=152.70ms p99=198.97ms err=0
[status] PUB sent=2240644 itps=0.00 tps=9874.84 pubs=4000 err=0 | SUB recv=2240294 itps=0.00 tps=9875.35 p50=35.46ms p95=152.70ms p99=198.97ms err=0
[status] PUB sent=2240644 itps=0.00 tps=9831.52 pubs=4000 err=0 | SUB recv=2240294 itps=0.00 tps=9832.03 p50=35.46ms p95=152.70ms p99=198.97ms err=0
[status] PUB sent=2240644 itps=0.00 tps=9788.58 pubs=4000 err=0 | SUB recv=2240294 itps=0.00 tps=9789.08 p50=35.46ms p95=152.70ms p99=198.97ms err=0
[status] PUB sent=2240644 itps=0.00 tps=9745.98 pubs=4000 err=0 | SUB recv=2240294 itps=0.00 tps=9746.47 p50=35.46ms p95=152.70ms p99=198.97ms err=0
[status] PUB sent=2240644 itps=0.00 tps=9703.78 pubs=4000 err=0 | SUB recv=2240294 itps=0.00 tps=9704.26 p50=35.46ms p95=152.70ms p99=198.97ms err=0
[status] PUB sent=2240644 itps=0.00 tps=9661.95 pubs=4000 err=0 | SUB recv=2240294 itps=0.00 tps=9662.42 p50=35.46ms p95=152.70ms p99=198.97ms err=0
[status] PUB sent=2240644 itps=0.00 tps=9620.44 pubs=4000 err=0 | SUB recv=2240294 itps=0.00 tps=9620.90 p50=35.46ms p95=152.70ms p99=198.97ms err=0
[status] PUB sent=2240644 itps=0.00 tps=9579.32 pubs=4000 err=0 | SUB recv=2240294 itps=0.00 tps=9579.78 p50=35.46ms p95=152.70ms p99=198.97ms err=0
[status] PUB sent=2240644 itps=0.00 tps=9538.55 pubs=4000 err=0 | SUB recv=2240294 itps=0.00 tps=9538.96 p50=35.46ms p95=152.70ms p99=198.97ms err=0
[status] PUB sent=2240644 itps=0.00 tps=9498.13 pubs=4000 err=0 | SUB recv=2240294 itps=0.00 tps=9498.53 p50=35.46ms p95=152.70ms p99=198.97ms err=0
[status] PUB sent=2240644 itps=0.00 tps=9458.01 pubs=4000 err=0 | SUB recv=2240294 itps=0.00 tps=9458.45 p50=35.46ms p95=152.70ms p99=198.97ms err=0
[status] PUB sent=2240644 itps=0.00 tps=9418.26 pubs=4000 err=0 | SUB recv=2240294 itps=0.00 tps=9418.67 p50=35.46ms p95=152.70ms p99=198.97ms err=0
[status] PUB sent=2240644 itps=0.00 tps=9378.85 pubs=4000 err=0 | SUB recv=2240294 itps=0.00 tps=9379.25 p50=35.46ms p95=152.70ms p99=198.97ms err=0
[status] PUB sent=2240644 itps=0.00 tps=9339.77 pubs=4000 err=0 | SUB recv=2240294 itps=0.00 tps=9340.12 p50=35.46ms p95=152.70ms p99=198.97ms err=0
[status] PUB sent=2240644 itps=0.00 tps=9300.97 pubs=4000 err=0 | SUB recv=2240294 itps=0.00 tps=9301.35 p50=35.46ms p95=152.70ms p99=198.97ms err=0
[status] PUB sent=2240644 itps=0.00 tps=9262.53 pubs=4000 err=0 | SUB recv=2240294 itps=0.00 tps=9262.91 p50=35.46ms p95=152.70ms p99=198.97ms err=0
[status] PUB sent=2240644 itps=0.00 tps=9224.41 pubs=4000 err=0 | SUB recv=2240294 itps=0.00 tps=9224.74 p50=35.46ms p95=152.70ms p99=198.97ms err=0
[status] PUB sent=2240644 itps=0.00 tps=9186.56 pubs=4000 err=0 | SUB recv=2240294 itps=0.00 tps=9186.93 p50=35.46ms p95=152.70ms p99=198.97ms err=0
[status] PUB sent=2240644 itps=0.00 tps=9149.06 pubs=4000 err=0 | SUB recv=2240294 itps=0.00 tps=9149.42 p50=35.46ms p95=152.70ms p99=198.97ms err=0
[status] PUB sent=2240644 itps=0.00 tps=9111.87 pubs=4000 err=0 | SUB recv=2240294 itps=0.00 tps=9075.28 p50=35.46ms p95=152.70ms p99=198.97ms err=0
[status] PUB sent=2240644 itps=0.00 tps=9038.34 pubs=4000 err=0 | SUB recv=2240294 itps=0.00 tps=9038.67 p50=35.46ms p95=152.70ms p99=198.97ms err=0
[status] PUB sent=2240644 itps=0.00 tps=9002.04 pubs=4000 err=0 | SUB recv=2240294 itps=0.00 tps=9002.33 p50=35.46ms p95=152.70ms p99=198.97ms err=0
[status] PUB sent=2240644 itps=0.00 tps=8966.03 pubs=4000 err=0 | SUB recv=2240294 itps=0.00 tps=8966.31 p50=35.46ms p95=152.70ms p99=198.97ms err=0
[status] PUB sent=2240644 itps=0.00 tps=8930.27 pubs=4000 err=0 | SUB recv=2240294 itps=0.00 tps=8930.58 p50=35.46ms p95=152.70ms p99=198.97ms err=0
[status] PUB sent=2240644 itps=0.00 tps=8894.83 pubs=4000 err=0 | SUB recv=2240294 itps=0.00 tps=8895.10 p50=35.46ms p95=152.70ms p99=198.97ms err=0
[status] PUB sent=2240644 itps=0.00 tps=8859.66 pubs=4000 err=0 | SUB recv=2240294 itps=0.00 tps=8859.93 p50=35.46ms p95=152.70ms p99=198.97ms err=0
[status] PUB sent=2240644 itps=0.00 tps=8824.78 pubs=4000 err=0 | SUB recv=2240294 itps=0.00 tps=8825.04 p50=35.46ms p95=152.70ms p99=198.97ms err=0
[status] PUB sent=2240644 itps=0.00 tps=8790.14 pubs=4000 err=0 | SUB recv=2240294 itps=0.00 tps=8790.39 p50=35.46ms p95=152.70ms p99=198.97ms err=0
[status] PUB sent=2240644 itps=0.00 tps=8755.80 pubs=4000 err=0 | SUB recv=2240294 itps=0.00 tps=8756.04 p50=35.46ms p95=152.70ms p99=198.97ms err=0
[status] PUB sent=2240644 itps=0.00 tps=8721.72 pubs=4000 err=0 | SUB recv=2240294 itps=0.00 tps=8721.97 p50=35.46ms p95=152.70ms p99=198.97ms err=0
[status] PUB sent=2240644 itps=0.00 tps=8687.88 pubs=4000 err=0 | SUB recv=2240294 itps=0.00 tps=8688.15 p50=35.46ms p95=152.70ms p99=198.97ms err=0
[status] PUB sent=2240644 itps=0.00 tps=8654.33 pubs=4000 err=0 | SUB recv=2240294 itps=0.00 tps=8654.56 p50=35.46ms p95=152.70ms p99=198.97ms err=0
[status] PUB sent=2240644 itps=0.00 tps=8621.05 pubs=4000 err=0 | SUB recv=2240294 itps=0.00 tps=8621.27 p50=35.46ms p95=152.70ms p99=198.97ms err=0
[status] PUB sent=2240644 itps=0.00 tps=8588.01 pubs=4000 err=0 | SUB recv=2240294 itps=0.00 tps=8588.23 p50=35.46ms p95=152.70ms p99=198.97ms err=0
[status] PUB sent=2240644 itps=0.00 tps=8555.20 pubs=4000 err=0 | SUB recv=2240294 itps=0.00 tps=8555.41 p50=35.46ms p95=152.70ms p99=198.97ms err=0
[status] PUB sent=2240644 itps=0.00 tps=8522.67 pubs=4000 err=0 | SUB recv=2240294 itps=0.00 tps=8522.87 p50=35.46ms p95=152.70ms p99=198.97ms err=0
[status] PUB sent=2240644 itps=0.00 tps=8490.38 pubs=4000 err=0 | SUB recv=2240294 itps=0.00 tps=8490.58 p50=35.46ms p95=152.70ms p99=198.97ms err=0
[status] PUB sent=2240644 itps=0.00 tps=8458.31 pubs=4000 err=0 | SUB recv=2240294 itps=0.00 tps=8458.51 p50=35.46ms p95=152.70ms p99=198.97ms err=0
[status] PUB sent=2240644 itps=0.00 tps=8426.51 pubs=4000 err=0 | SUB recv=2240294 itps=0.00 tps=8426.70 p50=35.46ms p95=152.70ms p99=198.97ms err=0
[status] PUB sent=2240644 itps=0.00 tps=8394.94 pubs=4000 err=0 | SUB recv=2240294 itps=0.00 tps=8395.13 p50=35.46ms p95=152.70ms p99=198.97ms err=0
[status] PUB sent=2240644 itps=0.00 tps=8363.62 pubs=4000 err=0 | SUB recv=2240294 itps=0.00 tps=8363.77 p50=35.46ms p95=152.70ms p99=198.97ms err=0
[status] PUB sent=2240644 itps=0.00 tps=8332.49 pubs=4000 err=0 | SUB recv=2240294 itps=0.00 tps=8332.67 p50=35.46ms p95=152.70ms p99=198.97ms err=0
[status] PUB sent=2240644 itps=0.00 tps=8301.63 pubs=4000 err=0 | SUB recv=2240294 itps=0.00 tps=8301.80 p50=35.46ms p95=152.70ms p99=198.97ms err=0
[status] PUB sent=2240644 itps=0.00 tps=8270.99 pubs=4000 err=0 | SUB recv=2240294 itps=0.00 tps=8271.13 p50=35.46ms p95=152.70ms p99=198.97ms err=0
[status] PUB sent=2240644 itps=0.00 tps=8240.58 pubs=4000 err=0 | SUB recv=2240294 itps=0.00 tps=8240.72 p50=35.46ms p95=152.70ms p99=198.97ms err=0
[status] PUB sent=2240644 itps=0.00 tps=8210.36 pubs=4000 err=0 | SUB recv=2240294 itps=0.00 tps=8210.53 p50=35.46ms p95=152.70ms p99=198.97ms err=0
[status] PUB sent=2240644 itps=0.00 tps=8180.40 pubs=4000 err=0 | SUB recv=2240294 itps=0.00 tps=8180.52 p50=35.46ms p95=152.70ms p99=198.97ms err=0
[status] PUB sent=2240644 itps=0.00 tps=8150.64 pubs=4000 err=0 | SUB recv=2240294 itps=0.00 tps=8150.77 p50=35.46ms p95=152.70ms p99=198.97ms err=0
[status] PUB sent=2240644 itps=0.00 tps=8121.11 pubs=4000 err=0 | SUB recv=2240294 itps=0.00 tps=8121.24 p50=35.46ms p95=152.70ms p99=198.97ms err=0
[status] PUB sent=2240644 itps=0.00 tps=8091.76 pubs=4000 err=0 | SUB recv=2240294 itps=0.00 tps=8091.88 p50=35.46ms p95=152.70ms p99=198.97ms err=0
[status] PUB sent=2240644 itps=0.00 tps=8062.65 pubs=4000 err=0 | SUB recv=2240294 itps=0.00 tps=8062.77 p50=35.46ms p95=152.70ms p99=198.97ms err=0
[status] PUB sent=2240644 itps=0.00 tps=8033.75 pubs=4000 err=0 | SUB recv=2240294 itps=0.00 tps=8033.87 p50=35.46ms p95=152.70ms p99=198.97ms err=0
[status] PUB sent=2240644 itps=0.00 tps=8005.03 pubs=4000 err=0 | SUB recv=2240294 itps=0.00 tps=8005.14 p50=35.46ms p95=152.70ms p99=198.97ms err=0
[status] PUB sent=2240644 itps=0.00 tps=7976.54 pubs=4000 err=0 | SUB recv=2240294 itps=0.00 tps=7976.64 p50=35.46ms p95=152.70ms p99=198.97ms err=0
[status] PUB sent=2240644 itps=0.00 tps=7948.25 pubs=4000 err=0 | SUB recv=2240294 itps=0.00 tps=7948.35 p50=35.46ms p95=152.70ms p99=198.97ms err=0
[status] PUB sent=2240644 itps=0.00 tps=7920.16 pubs=4000 err=0 | SUB recv=2240294 itps=0.00 tps=7920.23 p50=35.46ms p95=152.70ms p99=198.97ms err=0
[status] PUB sent=2240644 itps=0.00 tps=7892.25 pubs=4000 err=0 | SUB recv=2240294 itps=0.00 tps=7892.33 p50=35.46ms p95=152.70ms p99=198.97ms err=0
[status] PUB sent=2240644 itps=0.00 tps=7864.55 pubs=4000 err=0 | SUB recv=2240294 itps=0.00 tps=7864.63 p50=35.46ms p95=152.70ms p99=198.97ms err=0
[status] PUB sent=2240644 itps=0.00 tps=7837.05 pubs=4000 err=0 | SUB recv=2240294 itps=0.00 tps=7837.13 p50=35.46ms p95=152.70ms p99=198.97ms err=0
[status] PUB sent=2240644 itps=0.00 tps=7809.74 pubs=4000 err=0 | SUB recv=2240294 itps=0.00 tps=7809.79 p50=35.46ms p95=152.70ms p99=198.97ms err=0
[status] PUB sent=2240644 itps=0.00 tps=7782.60 pubs=4000 err=0 | SUB recv=2240294 itps=0.00 tps=7782.67 p50=35.46ms p95=152.70ms p99=198.97ms err=0
[status] PUB sent=2240644 itps=0.00 tps=7755.67 pubs=4000 err=0 | SUB recv=2240294 itps=0.00 tps=7755.73 p50=35.46ms p95=152.70ms p99=198.97ms err=0
[status] PUB sent=2240644 itps=0.00 tps=7728.92 pubs=4000 err=0 | SUB recv=2240294 itps=0.00 tps=7728.96 p50=35.46ms p95=152.70ms p99=198.97ms err=0
[status] PUB sent=2240644 itps=0.00 tps=7702.36 pubs=4000 err=0 | SUB recv=2240294 itps=0.00 tps=7702.39 p50=35.46ms p95=152.70ms p99=198.97ms err=0
[status] PUB sent=2240644 itps=0.00 tps=7675.95 pubs=4000 err=0 | SUB recv=2240294 itps=0.00 tps=7676.01 p50=35.46ms p95=152.70ms p99=198.97ms err=0
[status] PUB sent=2240644 itps=0.00 tps=7649.75 pubs=4000 err=0 | SUB recv=2240294 itps=0.00 tps=7649.81 p50=35.46ms p95=152.70ms p99=198.97ms err=0
[status] PUB sent=2240644 itps=0.00 tps=7623.73 pubs=4000 err=0 | SUB recv=2240294 itps=0.00 tps=7623.75 p50=35.46ms p95=152.70ms p99=198.97ms err=0
[status] PUB sent=2240644 itps=0.00 tps=7597.86 pubs=4000 err=0 | SUB recv=2240294 itps=0.00 tps=7597.91 p50=35.46ms p95=152.70ms p99=198.97ms err=0
[status] PUB sent=2240644 itps=0.00 tps=7572.19 pubs=4000 err=0 | SUB recv=2240294 itps=0.00 tps=7572.23 p50=35.46ms p95=152.70ms p99=198.97ms err=0
[status] PUB sent=2240644 itps=0.00 tps=7546.70 pubs=4000 err=0 | SUB recv=2240294 itps=0.00 tps=7546.71 p50=35.46ms p95=152.70ms p99=198.97ms err=0
[status] PUB sent=2240644 itps=0.00 tps=7521.36 pubs=4000 err=0 | SUB recv=2240294 itps=0.00 tps=7521.39 p50=35.46ms p95=152.70ms p99=198.97ms err=0
[status] PUB sent=2240644 itps=0.00 tps=7496.19 pubs=4000 err=0 | SUB recv=2240294 itps=0.00 tps=7496.21 p50=35.46ms p95=152.70ms p99=198.97ms err=0
[status] PUB sent=2240644 itps=0.00 tps=7471.20 pubs=4000 err=0 | SUB recv=2240294 itps=0.00 tps=7471.21 p50=35.46ms p95=152.70ms p99=198.97ms err=0
[status] PUB sent=2240644 itps=0.00 tps=7446.37 pubs=4000 err=0 | SUB recv=2240294 itps=0.00 tps=7446.39 p50=35.46ms p95=152.70ms p99=198.97ms err=0
[status] PUB sent=2240644 itps=0.00 tps=7421.72 pubs=4000 err=0 | SUB recv=2240294 itps=0.00 tps=7421.70 p50=35.46ms p95=152.70ms p99=198.97ms err=0
[status] PUB sent=2240644 itps=0.00 tps=7397.20 pubs=4000 err=0 | SUB recv=2240294 itps=0.00 tps=7397.20 p50=35.46ms p95=152.70ms p99=198.97ms err=0
[status] PUB sent=2240644 itps=0.00 tps=7372.86 pubs=4000 err=0 | SUB recv=2240294 itps=0.00 tps=7372.87 p50=35.46ms p95=152.70ms p99=198.97ms err=0
[status] PUB sent=2240644 itps=0.00 tps=7348.69 pubs=4000 err=0 | SUB recv=2240294 itps=0.00 tps=7348.67 p50=35.46ms p95=152.70ms p99=198.97ms err=0
[status] PUB sent=2240644 itps=0.00 tps=7324.67 pubs=4000 err=0 | SUB recv=2240294 itps=0.00 tps=7324.65 p50=35.46ms p95=152.70ms p99=198.97ms err=0
[status] PUB sent=2240644 itps=0.00 tps=7300.79 pubs=4000 err=0 | SUB recv=2240294 itps=0.00 tps=7300.79 p50=35.46ms p95=152.70ms p99=198.97ms err=0
[status] PUB sent=2240644 itps=0.00 tps=7277.08 pubs=4000 err=0 | SUB recv=2240294 itps=0.00 tps=7277.06 p50=35.46ms p95=152.70ms p99=198.97ms err=0
[status] PUB sent=2240644 itps=0.00 tps=7253.53 pubs=4000 err=0 | SUB recv=2240294 itps=0.00 tps=7253.51 p50=35.46ms p95=152.70ms p99=198.97ms err=0
[status] PUB sent=2240644 itps=0.00 tps=7230.11 pubs=4000 err=0 | SUB recv=2240294 itps=0.00 tps=7206.83 p50=35.46ms p95=152.70ms p99=198.97ms err=0
[status] PUB sent=2240644 itps=0.00 tps=7183.76 pubs=4000 err=0 | SUB recv=2240294 itps=0.00 tps=7183.73 p50=35.46ms p95=152.70ms p99=198.97ms err=0
[status] PUB sent=2240644 itps=0.00 tps=7160.81 pubs=4000 err=0 | SUB recv=2240294 itps=0.00 tps=7160.77 p50=35.46ms p95=152.70ms p99=198.97ms err=0
[status] PUB sent=2240644 itps=0.00 tps=7137.98 pubs=4000 err=0 | SUB recv=2240294 itps=0.00 tps=7137.94 p50=35.46ms p95=152.70ms p99=198.97ms err=0
[status] PUB sent=2240644 itps=0.00 tps=7115.32 pubs=4000 err=0 | SUB recv=2240294 itps=0.00 tps=7115.28 p50=35.46ms p95=152.70ms p99=198.97ms err=0
[status] PUB sent=2240644 itps=0.00 tps=7092.80 pubs=4000 err=0 | SUB recv=2240294 itps=0.00 tps=7092.76 p50=35.46ms p95=152.70ms p99=198.97ms err=0
[status] PUB sent=2240644 itps=0.00 tps=7070.41 pubs=4000 err=0 | SUB recv=2240294 itps=0.00 tps=7070.36 p50=35.46ms p95=152.70ms p99=198.97ms err=0
[status] PUB sent=2240644 itps=0.00 tps=7048.17 pubs=4000 err=0 | SUB recv=2240294 itps=0.00 tps=7048.12 p50=35.46ms p95=152.70ms p99=198.97ms err=0
[status] PUB sent=2240644 itps=0.00 tps=7026.08 pubs=4000 err=0 | SUB recv=2240294 itps=0.00 tps=7026.03 p50=35.46ms p95=152.70ms p99=198.97ms err=0
[status] PUB sent=2240644 itps=0.00 tps=7004.12 pubs=4000 err=0 | SUB recv=2240294 itps=0.00 tps=7004.04 p50=35.46ms p95=152.70ms p99=198.97ms err=0
[status] PUB sent=2240644 itps=0.00 tps=6982.28 pubs=4000 err=0 | SUB recv=2240294 itps=0.00 tps=6982.22 p50=35.46ms p95=152.70ms p99=198.97ms err=0
[status] PUB sent=2240644 itps=0.00 tps=6960.59 pubs=4000 err=0 | SUB recv=2240294 itps=0.00 tps=6960.54 p50=35.46ms p95=152.70ms p99=198.97ms err=0
[status] PUB sent=2240644 itps=0.00 tps=6939.04 pubs=4000 err=0 | SUB recv=2240294 itps=0.00 tps=6938.98 p50=35.46ms p95=152.70ms p99=198.97ms err=0
[status] PUB sent=2240644 itps=0.00 tps=6917.61 pubs=4000 err=0 | SUB recv=2240294 itps=0.00 tps=6917.54 p50=35.46ms p95=152.70ms p99=198.97ms err=0
[status] PUB sent=2240644 itps=0.00 tps=6896.32 pubs=4000 err=0 | SUB recv=2240294 itps=0.00 tps=6896.26 p50=35.46ms p95=152.70ms p99=198.97ms err=0
[status] PUB sent=2240644 itps=0.00 tps=6875.17 pubs=4000 err=0 | SUB recv=2240294 itps=0.00 tps=6875.10 p50=35.46ms p95=152.70ms p99=198.97ms err=0
[status] PUB sent=2240644 itps=0.00 tps=6854.14 pubs=4000 err=0 | SUB recv=2240294 itps=0.00 tps=6854.05 p50=35.46ms p95=152.70ms p99=198.97ms err=0
[status] PUB sent=2240644 itps=0.00 tps=6833.22 pubs=4000 err=0 | SUB recv=2240294 itps=0.00 tps=6833.15 p50=35.46ms p95=152.70ms p99=198.97ms err=0
[status] PUB sent=2240644 itps=0.00 tps=6812.45 pubs=4000 err=0 | SUB recv=2240294 itps=0.00 tps=6812.36 p50=35.46ms p95=152.70ms p99=198.97ms err=0
[status] PUB sent=2240644 itps=0.00 tps=6791.81 pubs=4000 err=0 | SUB recv=2240294 itps=0.00 tps=6791.72 p50=35.46ms p95=152.70ms p99=198.97ms err=0
[status] PUB sent=2240644 itps=0.00 tps=6771.29 pubs=4000 err=0 | SUB recv=2240294 itps=0.00 tps=6771.19 p50=35.46ms p95=152.70ms p99=198.97ms err=0
[status] PUB sent=2240644 itps=0.00 tps=6750.87 pubs=4000 err=0 | SUB recv=2240294 itps=0.00 tps=6750.78 p50=35.46ms p95=152.70ms p99=198.97ms err=0
[status] PUB sent=2240644 itps=0.00 tps=6730.60 pubs=4000 err=0 | SUB recv=2240294 itps=0.00 tps=6730.51 p50=35.46ms p95=152.70ms p99=198.97ms err=0
[status] PUB sent=2240644 itps=0.00 tps=6710.45 pubs=4000 err=0 | SUB recv=2240294 itps=0.00 tps=6710.35 p50=35.46ms p95=152.70ms p99=198.97ms err=0
[status] PUB sent=2240644 itps=0.00 tps=6690.40 pubs=4000 err=0 | SUB recv=2240294 itps=0.00 tps=6690.30 p50=35.46ms p95=152.70ms p99=198.97ms err=0
[status] PUB sent=2240644 itps=0.00 tps=6670.48 pubs=4000 err=0 | SUB recv=2240294 itps=0.00 tps=6670.39 p50=35.46ms p95=152.70ms p99=198.97ms err=0
[status] PUB sent=2240644 itps=0.00 tps=6650.69 pubs=4000 err=0 | SUB recv=2240294 itps=0.00 tps=6650.59 p50=35.46ms p95=152.70ms p99=198.97ms err=0
[status] PUB sent=2240644 itps=0.00 tps=6631.01 pubs=4000 err=0 | SUB recv=2240294 itps=0.00 tps=6630.89 p50=35.46ms p95=152.70ms p99=198.97ms err=0
[status] PUB sent=2240644 itps=0.00 tps=6611.43 pubs=4000 err=0 | SUB recv=2240294 itps=0.00 tps=6611.33 p50=35.46ms p95=152.70ms p99=198.97ms err=0
[status] PUB sent=2240644 itps=0.00 tps=6591.99 pubs=4000 err=0 | SUB recv=2240294 itps=0.00 tps=6591.88 p50=35.46ms p95=152.70ms p99=198.97ms err=0
[status] PUB sent=2240644 itps=0.00 tps=6572.65 pubs=4000 err=0 | SUB recv=2240294 itps=0.00 tps=6572.53 p50=35.46ms p95=152.70ms p99=198.97ms err=0
[status] PUB sent=2240644 itps=0.00 tps=6553.44 pubs=4000 err=0 | SUB recv=2240294 itps=0.00 tps=6553.31 p50=35.46ms p95=152.70ms p99=198.97ms err=0
[status] PUB sent=2240644 itps=0.00 tps=6534.31 pubs=4000 err=0 | SUB recv=2240294 itps=0.00 tps=6534.19 p50=35.46ms p95=152.70ms p99=198.97ms err=0
[status] PUB sent=2240644 itps=0.00 tps=6515.32 pubs=4000 err=0 | SUB recv=2240294 itps=0.00 tps=6515.19 p50=35.46ms p95=152.70ms p99=198.97ms err=0
[status] PUB sent=2240644 itps=0.00 tps=6496.43 pubs=4000 err=0 | SUB recv=2240294 itps=0.00 tps=6496.31 p50=35.46ms p95=152.70ms p99=198.97ms err=0
[status] PUB sent=2240644 itps=0.00 tps=6477.64 pubs=4000 err=0 | SUB recv=2240294 itps=0.00 tps=6477.51 p50=35.46ms p95=152.70ms p99=198.97ms err=0
[status] PUB sent=2240644 itps=0.00 tps=6458.97 pubs=4000 err=0 | SUB recv=2240294 itps=0.00 tps=6458.84 p50=35.46ms p95=152.70ms p99=198.97ms err=0
[status] PUB sent=2240644 itps=0.00 tps=6440.41 pubs=4000 err=0 | SUB recv=2240294 itps=0.00 tps=6440.28 p50=35.46ms p95=152.70ms p99=198.97ms err=0
[status] PUB sent=2240644 itps=0.00 tps=6421.95 pubs=4000 err=0 | SUB recv=2240294 itps=0.00 tps=6421.83 p50=35.46ms p95=152.70ms p99=198.97ms err=0
[status] PUB sent=2240644 itps=0.00 tps=6403.59 pubs=4000 err=0 | SUB recv=2240294 itps=0.00 tps=6403.46 p50=35.46ms p95=152.70ms p99=198.97ms err=0
[status] PUB sent=2240644 itps=0.00 tps=6385.34 pubs=4000 err=0 | SUB recv=2240294 itps=0.00 tps=6385.21 p50=35.46ms p95=152.70ms p99=198.97ms err=0
[status] PUB sent=2240644 itps=0.00 tps=6367.20 pubs=4000 err=0 | SUB recv=2240294 itps=0.00 tps=6367.06 p50=35.46ms p95=152.70ms p99=198.97ms err=0
[status] PUB sent=2240644 itps=0.00 tps=6349.15 pubs=4000 err=0 | SUB recv=2240294 itps=0.00 tps=6349.02 p50=35.46ms p95=152.70ms p99=198.97ms err=0
[status] PUB sent=2240644 itps=0.00 tps=6331.21 pubs=4000 err=0 | SUB recv=2240294 itps=0.00 tps=6331.08 p50=35.46ms p95=152.70ms p99=198.97ms err=0
[status] PUB sent=2240644 itps=0.00 tps=6313.38 pubs=4000 err=0 | SUB recv=2240294 itps=0.00 tps=6313.23 p50=35.46ms p95=152.70ms p99=198.97ms err=0
[status] PUB sent=2240644 itps=0.00 tps=6295.65 pubs=4000 err=0 | SUB recv=2240294 itps=0.00 tps=6295.49 p50=35.46ms p95=152.70ms p99=198.97ms err=0
[status] PUB sent=2240644 itps=0.00 tps=6277.99 pubs=4000 err=0 | SUB recv=2240294 itps=0.00 tps=6277.86 p50=35.46ms p95=152.70ms p99=198.97ms err=0
[status] PUB sent=2240644 itps=0.00 tps=6260.46 pubs=4000 err=0 | SUB recv=2240294 itps=0.00 tps=6260.31 p50=35.46ms p95=152.70ms p99=198.97ms err=0
[status] PUB sent=2240644 itps=0.00 tps=6243.02 pubs=4000 err=0 | SUB recv=2240294 itps=0.00 tps=6242.87 p50=35.46ms p95=152.70ms p99=198.97ms err=0
[status] PUB sent=2240644 itps=0.00 tps=6225.66 pubs=4000 err=0 | SUB recv=2240294 itps=0.00 tps=6225.51 p50=35.46ms p95=152.70ms p99=198.97ms err=0
[status] PUB sent=2240644 itps=0.00 tps=6208.42 pubs=4000 err=0 | SUB recv=2240294 itps=0.00 tps=6208.27 p50=35.46ms p95=152.70ms p99=198.97ms err=0
[status] PUB sent=2240644 itps=0.00 tps=6191.27 pubs=4000 err=0 | SUB recv=2240294 itps=0.00 tps=6191.10 p50=35.46ms p95=152.70ms p99=198.97ms err=0
[status] PUB sent=2240644 itps=0.00 tps=6174.21 pubs=4000 err=0 | SUB recv=2240294 itps=0.00 tps=6174.04 p50=35.46ms p95=152.70ms p99=198.97ms err=0
[status] PUB sent=2240644 itps=0.00 tps=6157.23 pubs=4000 err=0 | SUB recv=2240294 itps=0.00 tps=6157.08 p50=35.46ms p95=152.70ms p99=198.97ms err=0
[status] PUB sent=2240644 itps=0.00 tps=6140.36 pubs=4000 err=0 | SUB recv=2240294 itps=0.00 tps=6140.20 p50=35.46ms p95=152.70ms p99=198.97ms err=0
[status] PUB sent=2240644 itps=0.00 tps=6123.59 pubs=4000 err=0 | SUB recv=2240294 itps=0.00 tps=6123.42 p50=35.46ms p95=152.70ms p99=198.97ms err=0
[status] PUB sent=2240644 itps=0.00 tps=6106.88 pubs=4000 err=0 | SUB recv=2240294 itps=0.00 tps=6106.73 p50=35.46ms p95=152.70ms p99=198.97ms err=0
[status] PUB sent=2240644 itps=0.00 tps=6090.29 pubs=4000 err=0 | SUB recv=2240294 itps=0.00 tps=6090.12 p50=35.46ms p95=152.70ms p99=198.97ms err=0
[status] PUB sent=2240644 itps=0.00 tps=6073.79 pubs=4000 err=0 | SUB recv=2240294 itps=0.00 tps=6073.62 p50=35.46ms p95=152.70ms p99=198.97ms err=0
[status] PUB sent=2240644 itps=0.00 tps=6057.37 pubs=4000 err=0 | SUB recv=2240294 itps=0.00 tps=6057.20 p50=35.46ms p95=152.70ms p99=198.97ms err=0
[status] PUB sent=2240644 itps=0.00 tps=6041.03 pubs=4000 err=0 | SUB recv=2240294 itps=0.00 tps=6040.86 p50=35.46ms p95=152.70ms p99=198.97ms err=0
[status] PUB sent=2240644 itps=0.00 tps=6024.79 pubs=4000 err=0 | SUB recv=2240294 itps=0.00 tps=6024.62 p50=35.46ms p95=152.70ms p99=198.97ms err=0
[status] PUB sent=2240644 itps=0.00 tps=6008.64 pubs=4000 err=0 | SUB recv=2240294 itps=0.00 tps=6008.45 p50=35.46ms p95=152.70ms p99=198.97ms err=0
[status] PUB sent=2240644 itps=0.00 tps=5992.57 pubs=4000 err=0 | SUB recv=2240294 itps=0.00 tps=5992.38 p50=35.46ms p95=152.70ms p99=198.97ms err=0
[status] PUB sent=2240644 itps=0.00 tps=5976.57 pubs=4000 err=0 | SUB recv=2240294 itps=0.00 tps=5960.49 p50=35.46ms p95=152.70ms p99=198.97ms err=0
[status] PUB sent=2240644 itps=0.00 tps=5944.87 pubs=4000 err=0 | SUB recv=2240294 itps=0.00 tps=5944.68 p50=35.46ms p95=152.70ms p99=198.97ms err=0
[status] PUB sent=2240644 itps=0.00 tps=5929.13 pubs=4000 err=0 | SUB recv=2240294 itps=0.00 tps=5928.96 p50=35.46ms p95=152.70ms p99=198.97ms err=0
[status] PUB sent=2240644 itps=0.00 tps=5913.48 pubs=4000 err=0 | SUB recv=2240294 itps=0.00 tps=5913.30 p50=35.46ms p95=152.70ms p99=198.97ms err=0
[status] PUB sent=2240644 itps=0.00 tps=5897.92 pubs=4000 err=0 | SUB recv=2240294 itps=0.00 tps=5897.74 p50=35.46ms p95=152.70ms p99=198.97ms err=0
[status] PUB sent=2240644 itps=0.00 tps=5882.44 pubs=4000 err=0 | SUB recv=2240294 itps=0.00 tps=5882.24 p50=35.46ms p95=152.70ms p99=198.97ms err=0
[status] PUB sent=2240644 itps=0.00 tps=5867.03 pubs=4000 err=0 | SUB recv=2240294 itps=0.00 tps=5866.84 p50=35.46ms p95=152.70ms p99=198.97ms err=0
[status] PUB sent=2240644 itps=0.00 tps=5851.71 pubs=4000 err=0 | SUB recv=2240294 itps=0.00 tps=5851.52 p50=35.46ms p95=152.70ms p99=198.97ms err=0
[status] PUB sent=2240644 itps=0.00 tps=5836.47 pubs=4000 err=0 | SUB recv=2240294 itps=0.00 tps=5836.27 p50=35.46ms p95=152.70ms p99=198.97ms err=0
[status] PUB sent=2240644 itps=0.00 tps=5821.30 pubs=4000 err=0 | SUB recv=2240294 itps=0.00 tps=5821.11 p50=35.46ms p95=152.70ms p99=198.97ms err=0
[status] PUB sent=2240644 itps=0.00 tps=5806.22 pubs=4000 err=0 | SUB recv=2240294 itps=0.00 tps=5806.03 p50=35.46ms p95=152.70ms p99=198.97ms err=0
[status] PUB sent=2240644 itps=0.00 tps=5791.21 pubs=4000 err=0 | SUB recv=2240294 itps=0.00 tps=5791.01 p50=35.46ms p95=152.70ms p99=198.97ms err=0
[status] PUB sent=2240644 itps=0.00 tps=5776.29 pubs=4000 err=0 | SUB recv=2240294 itps=0.00 tps=5776.09 p50=35.46ms p95=152.70ms p99=198.97ms err=0
[status] PUB sent=2240644 itps=0.00 tps=5761.43 pubs=4000 err=0 | SUB recv=2240294 itps=0.00 tps=5761.23 p50=35.46ms p95=152.70ms p99=198.97ms err=0
[status] PUB sent=2240644 itps=0.00 tps=5746.65 pubs=4000 err=0 | SUB recv=2240294 itps=0.00 tps=5746.45 p50=35.46ms p95=152.70ms p99=198.97ms err=0
[status] PUB sent=2240644 itps=0.00 tps=5731.96 pubs=4000 err=0 | SUB recv=2240294 itps=0.00 tps=5731.76 p50=35.46ms p95=152.70ms p99=198.97ms err=0
[status] PUB sent=2240644 itps=0.00 tps=5717.33 pubs=4000 err=0 | SUB recv=2240294 itps=0.00 tps=5717.12 p50=35.46ms p95=152.70ms p99=198.97ms err=0
[status] PUB sent=2240644 itps=0.00 tps=5702.77 pubs=4000 err=0 | SUB recv=2240294 itps=0.00 tps=5702.57 p50=35.46ms p95=152.70ms p99=198.97ms err=0
[status] PUB sent=2240644 itps=0.00 tps=5688.30 pubs=4000 err=0 | SUB recv=2240294 itps=0.00 tps=5688.10 p50=35.46ms p95=152.70ms p99=198.97ms err=0
[status] PUB sent=2240644 itps=0.00 tps=5673.90 pubs=4000 err=0 | SUB recv=2240294 itps=0.00 tps=5673.68 p50=35.46ms p95=152.70ms p99=198.97ms err=0
[status] PUB sent=2240644 itps=0.00 tps=5659.56 pubs=4000 err=0 | SUB recv=2240294 itps=0.00 tps=5659.36 p50=35.46ms p95=152.70ms p99=198.97ms err=0
[status] PUB sent=2240644 itps=0.00 tps=5645.30 pubs=4000 err=0 | SUB recv=2240294 itps=0.00 tps=5645.10 p50=35.46ms p95=152.70ms p99=198.97ms err=0
[status] PUB sent=2240644 itps=0.00 tps=5631.12 pubs=4000 err=0 | SUB recv=2240294 itps=0.00 tps=5630.90 p50=35.46ms p95=152.70ms p99=198.97ms err=0
[status] PUB sent=2240644 itps=0.00 tps=5617.00 pubs=4000 err=0 | SUB recv=2240294 itps=0.00 tps=5616.79 p50=35.46ms p95=152.70ms p99=198.97ms err=0
[status] PUB sent=2240644 itps=0.00 tps=5602.95 pubs=4000 err=0 | SUB recv=2240294 itps=0.00 tps=5602.74 p50=35.46ms p95=152.70ms p99=198.97ms err=0
[status] PUB sent=2240644 itps=0.00 tps=5588.98 pubs=4000 err=0 | SUB recv=2240294 itps=0.00 tps=5588.76 p50=35.46ms p95=152.70ms p99=198.97ms err=0
[status] PUB sent=2240644 itps=0.00 tps=5575.07 pubs=4000 err=0 | SUB recv=2240294 itps=0.00 tps=5574.86 p50=35.46ms p95=152.70ms p99=198.97ms err=0
[status] PUB sent=2240644 itps=0.00 tps=5561.24 pubs=4000 err=0 | SUB recv=2240294 itps=0.00 tps=5561.02 p50=35.46ms p95=152.70ms p99=198.97ms err=0
[status] PUB sent=2240644 itps=0.00 tps=5547.46 pubs=4000 err=0 | SUB recv=2240294 itps=0.00 tps=5547.25 p50=35.46ms p95=152.70ms p99=198.97ms err=0
[status] PUB sent=2240644 itps=0.00 tps=5533.77 pubs=4000 err=0 | SUB recv=2240294 itps=0.00 tps=5533.54 p50=35.46ms p95=152.70ms p99=198.97ms err=0
[status] PUB sent=2240644 itps=0.00 tps=5520.14 pubs=4000 err=0 | SUB recv=2240294 itps=0.00 tps=5519.91 p50=35.46ms p95=152.70ms p99=198.97ms err=0
[status] PUB sent=2240644 itps=0.00 tps=5506.56 pubs=4000 err=0 | SUB recv=2240294 itps=0.00 tps=5506.35 p50=35.46ms p95=152.70ms p99=198.97ms err=0
[status] PUB sent=2240644 itps=0.00 tps=5493.06 pubs=4000 err=0 | SUB recv=2240294 itps=0.00 tps=5492.84 p50=35.46ms p95=152.70ms p99=198.97ms err=0
[status] PUB sent=2240644 itps=0.00 tps=5479.64 pubs=4000 err=0 | SUB recv=2240294 itps=0.00 tps=5479.41 p50=35.46ms p95=152.70ms p99=198.97ms err=0
[status] PUB sent=2240644 itps=0.00 tps=5466.26 pubs=4000 err=0 | SUB recv=2240294 itps=0.00 tps=5466.04 p50=35.46ms p95=152.70ms p99=198.97ms err=0
[status] PUB sent=2240644 itps=0.00 tps=5452.96 pubs=4000 err=0 | SUB recv=2240294 itps=0.00 tps=5452.74 p50=35.46ms p95=152.70ms p99=198.97ms err=0
[status] PUB sent=2240644 itps=0.00 tps=5439.72 pubs=4000 err=0 | SUB recv=2240294 itps=0.00 tps=5439.50 p50=35.46ms p95=152.70ms p99=198.97ms err=0
[status] PUB sent=2240644 itps=0.00 tps=5426.55 pubs=4000 err=0 | SUB recv=2240294 itps=0.00 tps=5426.32 p50=35.46ms p95=152.70ms p99=198.97ms err=0
[status] PUB sent=2240644 itps=0.00 tps=5413.43 pubs=4000 err=0 | SUB recv=2240294 itps=0.00 tps=5413.21 p50=35.46ms p95=152.70ms p99=198.97ms err=0
[status] PUB sent=2240644 itps=0.00 tps=5400.39 pubs=4000 err=0 | SUB recv=2240294 itps=0.00 tps=5400.17 p50=35.46ms p95=152.70ms p99=198.97ms err=0
[status] PUB sent=2240644 itps=0.00 tps=5387.41 pubs=4000 err=0 | SUB recv=2240294 itps=0.00 tps=5387.17 p50=35.46ms p95=152.70ms p99=198.97ms err=0
[status] PUB sent=2240644 itps=0.00 tps=5374.48 pubs=4000 err=0 | SUB recv=2240294 itps=0.00 tps=5374.26 p50=35.46ms p95=152.70ms p99=198.97ms err=0
[status] PUB sent=2240644 itps=0.00 tps=5361.62 pubs=4000 err=0 | SUB recv=2240294 itps=0.00 tps=5361.39 p50=35.46ms p95=152.70ms p99=198.97ms err=0
[status] PUB sent=2240644 itps=0.00 tps=5348.83 pubs=4000 err=0 | SUB recv=2240294 itps=0.00 tps=5348.60 p50=35.46ms p95=152.70ms p99=198.97ms err=0
[status] PUB sent=2240644 itps=0.00 tps=5336.09 pubs=4000 err=0 | SUB recv=2240294 itps=0.00 tps=5335.85 p50=35.46ms p95=152.70ms p99=198.97ms err=0
[status] PUB sent=2240644 itps=0.00 tps=5323.40 pubs=4000 err=0 | SUB recv=2240294 itps=0.00 tps=5323.18 p50=35.46ms p95=152.70ms p99=198.97ms err=0
[status] PUB sent=2240644 itps=0.00 tps=5310.79 pubs=4000 err=0 | SUB recv=2240294 itps=0.00 tps=5310.56 p50=35.46ms p95=152.70ms p99=198.97ms err=0
[status] PUB sent=2240644 itps=0.00 tps=5298.24 pubs=4000 err=0 | SUB recv=2240294 itps=0.00 tps=5298.00 p50=35.46ms p95=152.70ms p99=198.97ms err=0
[status] PUB sent=2240644 itps=0.00 tps=5285.73 pubs=4000 err=0 | SUB recv=2240294 itps=0.00 tps=5285.50 p50=35.46ms p95=152.70ms p99=198.97ms err=0
[status] PUB sent=2240644 itps=0.00 tps=5273.29 pubs=4000 err=0 | SUB recv=2240294 itps=0.00 tps=5273.05 p50=35.46ms p95=152.70ms p99=198.97ms err=0
[status] PUB sent=2240644 itps=0.00 tps=5260.91 pubs=4000 err=0 | SUB recv=2240294 itps=0.00 tps=5260.67 p50=35.46ms p95=152.70ms p99=198.97ms err=0
[status] PUB sent=2240644 itps=0.00 tps=5248.59 pubs=4000 err=0 | SUB recv=2240294 itps=0.00 tps=5248.35 p50=35.46ms p95=152.70ms p99=198.97ms err=0
[status] PUB sent=2240644 itps=0.00 tps=5236.32 pubs=4000 err=0 | SUB recv=2240294 itps=0.00 tps=5236.08 p50=35.46ms p95=152.70ms p99=198.97ms err=0
[status] PUB sent=2240644 itps=0.00 tps=5224.12 pubs=4000 err=0 | SUB recv=2240294 itps=0.00 tps=5223.88 p50=35.46ms p95=152.70ms p99=198.97ms err=0
[status] PUB sent=2240644 itps=0.00 tps=5211.97 pubs=4000 err=0 | SUB recv=2240294 itps=0.00 tps=5211.73 p50=35.46ms p95=152.70ms p99=198.97ms err=0
[status] PUB sent=2240644 itps=0.00 tps=5199.86 pubs=4000 err=0 | SUB recv=2240294 itps=0.00 tps=5199.62 p50=35.46ms p95=152.70ms p99=198.97ms err=0
[status] PUB sent=2240644 itps=0.00 tps=5187.83 pubs=4000 err=0 | SUB recv=2240294 itps=0.00 tps=5187.59 p50=35.46ms p95=152.70ms p99=198.97ms err=0
[status] PUB sent=2240644 itps=0.00 tps=5175.85 pubs=4000 err=0 | SUB recv=2240294 itps=0.00 tps=5175.60 p50=35.46ms p95=152.70ms p99=198.97ms err=0
[status] PUB sent=2240644 itps=0.00 tps=5163.91 pubs=4000 err=0 | SUB recv=2240294 itps=0.00 tps=5163.67 p50=35.46ms p95=152.70ms p99=198.97ms err=0
[status] PUB sent=2240644 itps=0.00 tps=5152.04 pubs=4000 err=0 | SUB recv=2240294 itps=0.00 tps=5151.80 p50=35.46ms p95=152.70ms p99=198.97ms err=0
[status] PUB sent=2240644 itps=0.00 tps=5140.22 pubs=4000 err=0 | SUB recv=2240294 itps=0.00 tps=5139.97 p50=35.46ms p95=152.70ms p99=198.97ms err=0
[status] PUB sent=2240644 itps=0.00 tps=5128.46 pubs=4000 err=0 | SUB recv=2240294 itps=0.00 tps=5128.21 p50=35.46ms p95=152.70ms p99=198.97ms err=0
[status] PUB sent=2240644 itps=0.00 tps=5116.74 pubs=4000 err=0 | SUB recv=2240294 itps=0.00 tps=5116.49 p50=35.46ms p95=152.70ms p99=198.97ms err=0
[status] PUB sent=2240644 itps=0.00 tps=5105.09 pubs=4000 err=0 | SUB recv=2240294 itps=0.00 tps=5104.84 p50=35.46ms p95=152.70ms p99=198.97ms err=0
[status] PUB sent=2240644 itps=0.00 tps=5081.93 pubs=4000 err=0 | SUB recv=2240294 itps=0.00 tps=5081.68 p50=35.46ms p95=152.70ms p99=198.97ms err=0
[status] PUB sent=2240644 itps=0.00 tps=5070.43 pubs=4000 err=0 | SUB recv=2240294 itps=0.00 tps=5070.18 p50=35.46ms p95=152.70ms p99=198.97ms err=0
[status] PUB sent=2240644 itps=0.00 tps=5058.98 pubs=4000 err=0 | SUB recv=2240294 itps=0.00 tps=5058.74 p50=35.46ms p95=152.70ms p99=198.97ms err=0
[status] PUB sent=2240644 itps=0.00 tps=5047.59 pubs=4000 err=0 | SUB recv=2240294 itps=0.00 tps=5047.33 p50=35.46ms p95=152.70ms p99=198.97ms err=0
[status] PUB sent=2240644 itps=0.00 tps=5036.24 pubs=4000 err=0 | SUB recv=2240294 itps=0.00 tps=5035.99 p50=35.46ms p95=152.70ms p99=198.97ms err=0
[status] PUB sent=2240644 itps=0.00 tps=5024.95 pubs=4000 err=0 | SUB recv=2240294 itps=0.00 tps=5024.69 p50=35.46ms p95=152.70ms p99=198.97ms err=0
[status] PUB sent=2240644 itps=0.00 tps=5013.71 pubs=4000 err=0 | SUB recv=2240294 itps=0.00 tps=5013.45 p50=35.46ms p95=152.70ms p99=198.97ms err=0
[status] PUB sent=2240644 itps=0.00 tps=5002.50 pubs=4000 err=0 | SUB recv=2240294 itps=0.00 tps=5002.26 p50=35.46ms p95=152.70ms p99=198.97ms err=0
[status] PUB sent=2240644 itps=0.00 tps=4991.36 pubs=4000 err=0 | SUB recv=2240294 itps=0.00 tps=4991.11 p50=35.46ms p95=152.70ms p99=198.97ms err=0
[status] PUB sent=2240644 itps=0.00 tps=4980.27 pubs=4000 err=0 | SUB recv=2240294 itps=0.00 tps=4980.02 p50=35.46ms p95=152.70ms p99=198.97ms err=0
[status] PUB sent=2240644 itps=0.00 tps=4969.22 pubs=4000 err=0 | SUB recv=2240294 itps=0.00 tps=4968.98 p50=35.46ms p95=152.70ms p99=198.97ms err=0
[status] PUB sent=2240644 itps=0.00 tps=4958.23 pubs=4000 err=0 | SUB recv=2240294 itps=0.00 tps=4957.97 p50=35.46ms p95=152.70ms p99=198.97ms err=0
[status] PUB sent=2240644 itps=0.00 tps=4947.28 pubs=4000 err=0 | SUB recv=2240294 itps=0.00 tps=4947.03 p50=35.46ms p95=152.70ms p99=198.97ms err=0
[status] PUB sent=2240644 itps=0.00 tps=4936.39 pubs=4000 err=0 | SUB recv=2240294 itps=0.00 tps=4936.12 p50=35.46ms p95=152.70ms p99=198.97ms err=0
[status] PUB sent=2240644 itps=0.00 tps=4925.53 pubs=4000 err=0 | SUB recv=2240294 itps=0.00 tps=4925.27 p50=35.46ms p95=152.70ms p99=198.97ms err=0
[status] PUB sent=2240644 itps=0.00 tps=4914.73 pubs=4000 err=0 | SUB recv=2240294 itps=0.00 tps=4914.47 p50=35.46ms p95=152.70ms p99=198.97ms err=0
[status] PUB sent=2240644 itps=0.00 tps=4903.97 pubs=4000 err=0 | SUB recv=2240294 itps=0.00 tps=4903.71 p50=35.46ms p95=152.70ms p99=198.97ms err=0
[status] PUB sent=2240644 itps=0.00 tps=4893.26 pubs=4000 err=0 | SUB recv=2240294 itps=0.00 tps=4893.00 p50=35.46ms p95=152.70ms p99=198.97ms err=0
[status] PUB sent=2240644 itps=0.00 tps=4882.60 pubs=4000 err=0 | SUB recv=2240294 itps=0.00 tps=4882.33 p50=35.46ms p95=152.70ms p99=198.97ms err=0
[status] PUB sent=2240644 itps=0.00 tps=4871.98 pubs=4000 err=0 | SUB recv=2240294 itps=0.00 tps=4871.72 p50=35.46ms p95=152.70ms p99=198.97ms err=0
[status] PUB sent=2240644 itps=0.00 tps=4861.42 pubs=4000 err=0 | SUB recv=2240294 itps=0.00 tps=4861.15 p50=35.46ms p95=152.70ms p99=198.97ms err=0
[status] PUB sent=2240644 itps=0.00 tps=4850.88 pubs=4000 err=0 | SUB recv=2240294 itps=0.00 tps=4850.63 p50=35.46ms p95=152.70ms p99=198.97ms err=0
[status] PUB sent=2240644 itps=0.00 tps=4840.41 pubs=4000 err=0 | SUB recv=2240294 itps=0.00 tps=4840.14 p50=35.46ms p95=152.70ms p99=198.97ms err=0
[status] PUB sent=2240644 itps=0.00 tps=4829.98 pubs=4000 err=0 | SUB recv=2240294 itps=0.00 tps=4829.71 p50=35.46ms p95=152.70ms p99=198.97ms err=0
[status] PUB sent=2240644 itps=0.00 tps=4819.58 pubs=4000 err=0 | SUB recv=2240294 itps=0.00 tps=4819.33 p50=35.46ms p95=152.70ms p99=198.97ms err=0
[status] PUB sent=2240644 itps=0.00 tps=4809.24 pubs=4000 err=0 | SUB recv=2240294 itps=0.00 tps=4808.98 p50=35.46ms p95=152.70ms p99=198.97ms err=0
[status] PUB sent=2240644 itps=0.00 tps=4798.94 pubs=4000 err=0 | SUB recv=2240294 itps=0.00 tps=4798.68 p50=35.46ms p95=152.70ms p99=198.97ms err=0
[status] PUB sent=2240644 itps=0.00 tps=4788.68 pubs=4000 err=0 | SUB recv=2240294 itps=0.00 tps=4788.42 p50=35.46ms p95=152.70ms p99=198.97ms err=0
[status] PUB sent=2240644 itps=0.00 tps=4778.47 pubs=4000 err=0 | SUB recv=2240294 itps=0.00 tps=4778.21 p50=35.46ms p95=152.70ms p99=198.97ms err=0
[status] PUB sent=2240644 itps=0.00 tps=4768.30 pubs=4000 err=0 | SUB recv=2240294 itps=0.00 tps=4768.04 p50=35.46ms p95=152.70ms p99=198.97ms err=0
[status] PUB sent=2240644 itps=0.00 tps=4758.18 pubs=4000 err=0 | SUB recv=2240294 itps=0.00 tps=4757.91 p50=35.46ms p95=152.70ms p99=198.97ms err=0
[status] PUB sent=2240644 itps=0.00 tps=4748.09 pubs=4000 err=0 | SUB recv=2240294 itps=0.00 tps=4747.83 p50=35.46ms p95=152.70ms p99=198.97ms err=0
[status] PUB sent=2240644 itps=0.00 tps=4738.05 pubs=4000 err=0 | SUB recv=2240294 itps=0.00 tps=4737.78 p50=35.46ms p95=152.70ms p99=198.97ms err=0
[status] PUB sent=2240644 itps=0.00 tps=4728.06 pubs=4000 err=0 | SUB recv=2240294 itps=0.00 tps=4727.79 p50=35.46ms p95=152.70ms p99=198.97ms err=0
[status] PUB sent=2240644 itps=0.00 tps=4718.09 pubs=4000 err=0 | SUB recv=2240294 itps=0.00 tps=4717.83 p50=35.46ms p95=152.70ms p99=198.97ms err=0
[status] PUB sent=2240644 itps=0.00 tps=4708.18 pubs=4000 err=0 | SUB recv=2240294 itps=0.00 tps=4707.91 p50=35.46ms p95=152.70ms p99=198.97ms err=0
[status] PUB sent=2240644 itps=0.00 tps=4698.31 pubs=4000 err=0 | SUB recv=2240294 itps=0.00 tps=4698.04 p50=35.46ms p95=152.70ms p99=198.97ms err=0
[status] PUB sent=2240644 itps=0.00 tps=4688.48 pubs=4000 err=0 | SUB recv=2240294 itps=0.00 tps=4688.21 p50=35.46ms p95=152.70ms p99=198.97ms err=0
[status] PUB sent=2240644 itps=0.00 tps=4678.69 pubs=4000 err=0 | SUB recv=2240294 itps=0.00 tps=4678.42 p50=35.46ms p95=152.70ms p99=198.97ms err=0
[status] PUB sent=2240644 itps=0.00 tps=4668.94 pubs=4000 err=0 | SUB recv=2240294 itps=0.00 tps=4668.67 p50=35.46ms p95=152.70ms p99=198.97ms err=0
[status] PUB sent=2240644 itps=0.00 tps=4659.24 pubs=4000 err=0 | SUB recv=2240294 itps=0.00 tps=4658.96 p50=35.46ms p95=152.70ms p99=198.97ms err=0
[status] PUB sent=2240644 itps=0.00 tps=4649.56 pubs=4000 err=0 | SUB recv=2240294 itps=0.00 tps=4649.30 p50=35.46ms p95=152.70ms p99=198.97ms err=0
[status] PUB sent=2240644 itps=0.00 tps=4639.93 pubs=4000 err=0 | SUB recv=2240294 itps=0.00 tps=4639.66 p50=35.46ms p95=152.70ms p99=198.97ms err=0
[status] PUB sent=2240644 itps=0.00 tps=4630.35 pubs=4000 err=0 | SUB recv=2240294 itps=0.00 tps=4630.08 p50=35.46ms p95=152.70ms p99=198.97ms err=0
[status] PUB sent=2240644 itps=0.00 tps=4620.80 pubs=4000 err=0 | SUB recv=2240294 itps=0.00 tps=4620.53 p50=35.46ms p95=152.70ms p99=198.97ms err=0
[status] PUB sent=2240644 itps=0.00 tps=4611.29 pubs=4000 err=0 | SUB recv=2240294 itps=0.00 tps=4611.02 p50=35.46ms p95=152.70ms p99=198.97ms err=0
[status] PUB sent=2240644 itps=0.00 tps=4601.82 pubs=4000 err=0 | SUB recv=2240294 itps=0.00 tps=4601.55 p50=35.46ms p95=152.70ms p99=198.97ms err=0
[status] PUB sent=2240644 itps=0.00 tps=4592.39 pubs=4000 err=0 | SUB recv=2240294 itps=0.00 tps=4592.12 p50=35.46ms p95=152.70ms p99=198.97ms err=0
[status] PUB sent=2240644 itps=0.00 tps=4582.99 pubs=4000 err=0 | SUB recv=2240294 itps=0.00 tps=4582.72 p50=35.46ms p95=152.70ms p99=198.97ms err=0
[status] PUB sent=2240644 itps=0.00 tps=4573.64 pubs=4000 err=0 | SUB recv=2240294 itps=0.00 tps=4573.37 p50=35.46ms p95=152.70ms p99=198.97ms err=0
[status] PUB sent=2240644 itps=0.00 tps=4564.32 pubs=4000 err=0 | SUB recv=2240294 itps=0.00 tps=4564.04 p50=35.46ms p95=152.70ms p99=198.97ms err=0
[status] PUB sent=2240644 itps=0.00 tps=4555.05 pubs=4000 err=0 | SUB recv=2240294 itps=0.00 tps=4554.77 p50=35.46ms p95=152.70ms p99=198.97ms err=0
[status] PUB sent=2240644 itps=0.00 tps=4545.80 pubs=4000 err=0 | SUB recv=2240294 itps=0.00 tps=4545.53 p50=35.46ms p95=152.70ms p99=198.97ms err=0
[status] PUB sent=2240644 itps=0.00 tps=4536.60 pubs=4000 err=0 | SUB recv=2240294 itps=0.00 tps=4536.32 p50=35.46ms p95=152.70ms p99=198.97ms err=0
[status] PUB sent=2240644 itps=0.00 tps=4527.43 pubs=4000 err=0 | SUB recv=2240294 itps=0.00 tps=4527.16 p50=35.46ms p95=152.70ms p99=198.97ms err=0
[status] PUB sent=2240644 itps=0.00 tps=4518.30 pubs=4000 err=0 | SUB recv=2240294 itps=0.00 tps=4518.02 p50=35.46ms p95=152.70ms p99=198.97ms err=0
[status] PUB sent=2240644 itps=0.00 tps=4509.21 pubs=4000 err=0 | SUB recv=2240294 itps=0.00 tps=4508.93 p50=35.46ms p95=152.70ms p99=198.97ms err=0
[status] PUB sent=2240644 itps=0.00 tps=4500.15 pubs=4000 err=0 | SUB recv=2240294 itps=0.00 tps=4499.88 p50=35.46ms p95=152.70ms p99=198.97ms err=0
[status] PUB sent=2240644 itps=0.00 tps=4491.13 pubs=4000 err=0 | SUB recv=2240294 itps=0.00 tps=4490.85 p50=35.46ms p95=152.70ms p99=198.97ms err=0
[status] PUB sent=2240644 itps=0.00 tps=4482.15 pubs=4000 err=0 | SUB recv=2240294 itps=0.00 tps=4481.87 p50=35.46ms p95=152.70ms p99=198.97ms err=0
[status] PUB sent=2240644 itps=0.00 tps=4473.20 pubs=4000 err=0 | SUB recv=2240294 itps=0.00 tps=4472.93 p50=35.46ms p95=152.70ms p99=198.97ms err=0
[status] PUB sent=2240644 itps=0.00 tps=4464.29 pubs=4000 err=0 | SUB recv=2240294 itps=0.00 tps=4464.01 p50=35.46ms p95=152.70ms p99=198.97ms err=0
[status] PUB sent=2240644 itps=0.00 tps=4455.41 pubs=4000 err=0 | SUB recv=2240294 itps=0.00 tps=4455.14 p50=35.46ms p95=152.70ms p99=198.97ms err=0
[status] PUB sent=2240644 itps=0.00 tps=4446.57 pubs=4000 err=0 | SUB recv=2240294 itps=0.00 tps=4437.48 p50=35.46ms p95=152.70ms p99=198.97ms err=0
[status] PUB sent=2240644 itps=0.00 tps=4428.99 pubs=4000 err=0 | SUB recv=2240294 itps=0.00 tps=4428.72 p50=35.46ms p95=152.70ms p99=198.97ms err=0
[status] PUB sent=2240644 itps=0.00 tps=4420.25 pubs=4000 err=0 | SUB recv=2240294 itps=0.00 tps=4419.97 p50=35.46ms p95=152.70ms p99=198.97ms err=0
[status] PUB sent=2240644 itps=0.00 tps=4411.55 pubs=4000 err=0 | SUB recv=2240294 itps=0.00 tps=4411.27 p50=35.46ms p95=152.70ms p99=198.97ms err=0
[status] PUB sent=2240644 itps=0.00 tps=4402.88 pubs=4000 err=0 | SUB recv=2240294 itps=0.00 tps=4402.60 p50=35.46ms p95=152.70ms p99=198.97ms err=0
[status] PUB sent=2240644 itps=0.00 tps=4394.24 pubs=4000 err=0 | SUB recv=2240294 itps=0.00 tps=4393.97 p50=35.46ms p95=152.70ms p99=198.97ms err=0
[status] PUB sent=2240644 itps=0.00 tps=4385.65 pubs=4000 err=0 | SUB recv=2240294 itps=0.00 tps=4385.37 p50=35.46ms p95=152.70ms p99=198.97ms err=0
[status] PUB sent=2240644 itps=0.00 tps=4377.08 pubs=4000 err=0 | SUB recv=2240294 itps=0.00 tps=4376.80 p50=35.46ms p95=152.70ms p99=198.97ms err=0
[status] PUB sent=2240644 itps=0.00 tps=4368.54 pubs=4000 err=0 | SUB recv=2240294 itps=0.00 tps=4368.26 p50=35.46ms p95=152.70ms p99=198.97ms err=0
[status] PUB sent=2240644 itps=0.00 tps=4360.04 pubs=4000 err=0 | SUB recv=2240294 itps=0.00 tps=4359.77 p50=35.46ms p95=152.70ms p99=198.97ms err=0
[status] PUB sent=2240644 itps=0.00 tps=4351.58 pubs=4000 err=0 | SUB recv=2240294 itps=0.00 tps=4351.29 p50=35.46ms p95=152.70ms p99=198.97ms err=0
[status] PUB sent=2240644 itps=0.00 tps=4343.14 pubs=4000 err=0 | SUB recv=2240294 itps=0.00 tps=4342.86 p50=35.46ms p95=152.70ms p99=198.97ms err=0
[status] PUB sent=2240644 itps=0.00 tps=4334.74 pubs=4000 err=0 | SUB recv=2240294 itps=0.00 tps=4334.46 p50=35.46ms p95=152.70ms p99=198.97ms err=0
[status] PUB sent=2240644 itps=0.00 tps=4326.37 pubs=4000 err=0 | SUB recv=2240294 itps=0.00 tps=4326.09 p50=35.46ms p95=152.70ms p99=198.97ms err=0
[status] PUB sent=2240644 itps=0.00 tps=4318.03 pubs=4000 err=0 | SUB recv=2240294 itps=0.00 tps=4317.75 p50=35.46ms p95=152.70ms p99=198.97ms err=0
[status] PUB sent=2240644 itps=0.00 tps=4309.72 pubs=4000 err=0 | SUB recv=2240294 itps=0.00 tps=4309.44 p50=35.46ms p95=152.70ms p99=198.97ms err=0
[status] PUB sent=2240644 itps=0.00 tps=4301.45 pubs=4000 err=0 | SUB recv=2240294 itps=0.00 tps=4301.17 p50=35.46ms p95=152.70ms p99=198.97ms err=0
[status] PUB sent=2240644 itps=0.00 tps=4293.21 pubs=4000 err=0 | SUB recv=2240294 itps=0.00 tps=4292.93 p50=35.46ms p95=152.70ms p99=198.97ms err=0
[status] PUB sent=2240644 itps=0.00 tps=4285.00 pubs=4000 err=0 | SUB recv=2240294 itps=0.00 tps=4284.72 p50=35.46ms p95=152.70ms p99=198.97ms err=0
[status] PUB sent=2240644 itps=0.00 tps=4276.82 pubs=4000 err=0 | SUB recv=2240294 itps=0.00 tps=4276.54 p50=35.46ms p95=152.70ms p99=198.97ms err=0
[status] PUB sent=2240644 itps=0.00 tps=4268.67 pubs=4000 err=0 | SUB recv=2240294 itps=0.00 tps=4268.39 p50=35.46ms p95=152.70ms p99=198.97ms err=0
[status] PUB sent=2240644 itps=0.00 tps=4260.56 pubs=4000 err=0 | SUB recv=2240294 itps=0.00 tps=4260.27 p50=35.46ms p95=152.70ms p99=198.97ms err=0
[status] PUB sent=2240644 itps=0.00 tps=4252.47 pubs=4000 err=0 | SUB recv=2240294 itps=0.00 tps=4252.19 p50=35.46ms p95=152.70ms p99=198.97ms err=0
[status] PUB sent=2240644 itps=0.00 tps=4244.41 pubs=4000 err=0 | SUB recv=2240294 itps=0.00 tps=4244.13 p50=35.46ms p95=152.70ms p99=198.97ms err=0
[status] PUB sent=2240644 itps=0.00 tps=4236.39 pubs=4000 err=0 | SUB recv=2240294 itps=0.00 tps=4236.11 p50=35.46ms p95=152.70ms p99=198.97ms err=0
[status] PUB sent=2240644 itps=0.00 tps=4228.40 pubs=4000 err=0 | SUB recv=2240294 itps=0.00 tps=4228.12 p50=35.46ms p95=152.70ms p99=198.97ms err=0
[status] PUB sent=2240644 itps=0.00 tps=4220.43 pubs=4000 err=0 | SUB recv=2240294 itps=0.00 tps=4220.15 p50=35.46ms p95=152.70ms p99=198.97ms err=0
[status] PUB sent=2240644 itps=0.00 tps=4212.49 pubs=4000 err=0 | SUB recv=2240294 itps=0.00 tps=4212.22 p50=35.46ms p95=152.70ms p99=198.97ms err=0
[status] PUB sent=2240644 itps=0.00 tps=4204.59 pubs=4000 err=0 | SUB recv=2240294 itps=0.00 tps=4204.31 p50=35.46ms p95=152.70ms p99=198.97ms err=0
[status] PUB sent=2240644 itps=0.00 tps=4196.72 pubs=4000 err=0 | SUB recv=2240294 itps=0.00 tps=4196.43 p50=35.46ms p95=152.70ms p99=198.97ms err=0
[status] PUB sent=2240644 itps=0.00 tps=4188.87 pubs=4000 err=0 | SUB recv=2240294 itps=0.00 tps=4188.59 p50=35.46ms p95=152.70ms p99=198.97ms err=0
[status] PUB sent=2240644 itps=0.00 tps=4181.05 pubs=4000 err=0 | SUB recv=2240294 itps=0.00 tps=4180.77 p50=35.46ms p95=152.70ms p99=198.97ms err=0
[status] PUB sent=2240644 itps=0.00 tps=4173.27 pubs=4000 err=0 | SUB recv=2240294 itps=0.00 tps=4172.98 p50=35.46ms p95=152.70ms p99=198.97ms err=0
[status] PUB sent=2240644 itps=0.00 tps=4165.51 pubs=4000 err=0 | SUB recv=2240294 itps=0.00 tps=4165.22 p50=35.46ms p95=152.70ms p99=198.97ms err=0
[status] PUB sent=2240644 itps=0.00 tps=4157.78 pubs=4000 err=0 | SUB recv=2240294 itps=0.00 tps=4157.50 p50=35.46ms p95=152.70ms p99=198.97ms err=0
[status] PUB sent=2240644 itps=0.00 tps=4150.08 pubs=4000 err=0 | SUB recv=2240294 itps=0.00 tps=4149.79 p50=35.46ms p95=152.70ms p99=198.97ms err=0
[status] PUB sent=2240644 itps=0.00 tps=4142.41 pubs=4000 err=0 | SUB recv=2240294 itps=0.00 tps=4142.12 p50=35.46ms p95=152.70ms p99=198.97ms err=0
[status] PUB sent=2240644 itps=0.00 tps=4134.76 pubs=4000 err=0 | SUB recv=2240294 itps=0.00 tps=4134.48 p50=35.46ms p95=152.70ms p99=198.97ms err=0
[status] PUB sent=2240644 itps=0.00 tps=4127.14 pubs=4000 err=0 | SUB recv=2240294 itps=0.00 tps=4126.86 p50=35.46ms p95=152.70ms p99=198.97ms err=0
[status] PUB sent=2240644 itps=0.00 tps=4119.56 pubs=4000 err=0 | SUB recv=2240294 itps=0.00 tps=4119.27 p50=35.46ms p95=152.70ms p99=198.97ms err=0
[status] PUB sent=2240644 itps=0.00 tps=4112.00 pubs=4000 err=0 | SUB recv=2240294 itps=0.00 tps=4111.71 p50=35.46ms p95=152.70ms p99=198.97ms err=0
[status] PUB sent=2240644 itps=0.00 tps=4104.46 pubs=4000 err=0 | SUB recv=2240294 itps=0.00 tps=4104.18 p50=35.46ms p95=152.70ms p99=198.97ms err=0
[status] PUB sent=2240644 itps=0.00 tps=4096.96 pubs=4000 err=0 | SUB recv=2240294 itps=0.00 tps=4096.68 p50=35.46ms p95=152.70ms p99=198.97ms err=0
[status] PUB sent=2240644 itps=0.00 tps=4089.48 pubs=4000 err=0 | SUB recv=2240294 itps=0.00 tps=4089.19 p50=35.46ms p95=152.70ms p99=198.97ms err=0
[status] PUB sent=2240644 itps=0.00 tps=4082.03 pubs=4000 err=0 | SUB recv=2240294 itps=0.00 tps=4081.75 p50=35.46ms p95=152.70ms p99=198.97ms err=0
[status] PUB sent=2240644 itps=0.00 tps=4074.61 pubs=4000 err=0 | SUB recv=2240294 itps=0.00 tps=4074.33 p50=35.46ms p95=152.70ms p99=198.97ms err=0
[status] PUB sent=2240644 itps=0.00 tps=4067.21 pubs=4000 err=0 | SUB recv=2240294 itps=0.00 tps=4066.93 p50=35.46ms p95=152.70ms p99=198.97ms err=0
[status] PUB sent=2240644 itps=0.00 tps=4059.85 pubs=4000 err=0 | SUB recv=2240294 itps=0.00 tps=4059.56 p50=35.46ms p95=152.70ms p99=198.97ms err=0
[status] PUB sent=2240644 itps=0.00 tps=4052.50 pubs=4000 err=0 | SUB recv=2240294 itps=0.00 tps=4052.21 p50=35.46ms p95=152.70ms p99=198.97ms err=0
[status] PUB sent=2240644 itps=0.00 tps=4045.18 pubs=4000 err=0 | SUB recv=2240294 itps=0.00 tps=4044.90 p50=35.46ms p95=152.70ms p99=198.97ms err=0
[status] PUB sent=2240644 itps=0.00 tps=4037.90 pubs=4000 err=0 | SUB recv=2240294 itps=0.00 tps=4037.61 p50=35.46ms p95=152.70ms p99=198.97ms err=0
[status] PUB sent=2240644 itps=0.00 tps=4030.63 pubs=4000 err=0 | SUB recv=2240294 itps=0.00 tps=4030.34 p50=35.46ms p95=152.70ms p99=198.97ms err=0
[status] PUB sent=2240644 itps=0.00 tps=4023.39 pubs=4000 err=0 | SUB recv=2240294 itps=0.00 tps=4023.11 p50=35.46ms p95=152.70ms p99=198.97ms err=0
[status] PUB sent=2240644 itps=0.00 tps=4016.18 pubs=4000 err=0 | SUB recv=2240294 itps=0.00 tps=4015.90 p50=35.46ms p95=152.70ms p99=198.97ms err=0
[status] PUB sent=2240644 itps=0.00 tps=4009.00 pubs=4000 err=0 | SUB recv=2240294 itps=0.00 tps=4008.71 p50=35.46ms p95=152.70ms p99=198.97ms err=0
[status] PUB sent=2240644 itps=0.00 tps=4001.83 pubs=4000 err=0 | SUB recv=2240294 itps=0.00 tps=4001.55 p50=35.46ms p95=152.70ms p99=198.97ms err=0
[status] PUB sent=2240644 itps=0.00 tps=3994.70 pubs=4000 err=0 | SUB recv=2240294 itps=0.00 tps=3994.42 p50=35.46ms p95=152.70ms p99=198.97ms err=0
[status] PUB sent=2240644 itps=0.00 tps=3987.59 pubs=4000 err=0 | SUB recv=2240294 itps=0.00 tps=3987.30 p50=35.46ms p95=152.70ms p99=198.97ms err=0
[status] PUB sent=2240644 itps=0.00 tps=3980.50 pubs=4000 err=0 | SUB recv=2240294 itps=0.00 tps=3980.22 p50=35.46ms p95=152.70ms p99=198.97ms err=0
[status] PUB sent=2240644 itps=0.00 tps=3973.45 pubs=4000 err=0 | SUB recv=2240294 itps=0.00 tps=3973.16 p50=35.46ms p95=152.70ms p99=198.97ms err=0
[status] PUB sent=2240644 itps=0.00 tps=3966.42 pubs=4000 err=0 | SUB recv=2240294 itps=0.00 tps=3966.13 p50=35.46ms p95=152.70ms p99=198.97ms err=0
[status] PUB sent=2240644 itps=0.00 tps=3959.41 pubs=4000 err=0 | SUB recv=2240294 itps=0.00 tps=3959.12 p50=35.46ms p95=152.70ms p99=198.97ms err=0
[status] PUB sent=2240644 itps=0.00 tps=3952.42 pubs=4000 err=0 | SUB recv=2240294 itps=0.00 tps=3952.14 p50=35.46ms p95=152.70ms p99=198.97ms err=0
[status] PUB sent=2240644 itps=0.00 tps=3945.46 pubs=4000 err=0 | SUB recv=2240294 itps=0.00 tps=3945.17 p50=35.46ms p95=152.70ms p99=198.97ms err=0
[status] PUB sent=2240644 itps=0.00 tps=3931.61 pubs=4000 err=0 | SUB recv=2240294 itps=0.00 tps=3931.33 p50=35.46ms p95=152.70ms p99=198.97ms err=0
[status] PUB sent=2240644 itps=0.00 tps=3924.73 pubs=4000 err=0 | SUB recv=2240294 itps=0.00 tps=3924.44 p50=35.46ms p95=152.70ms p99=198.97ms err=0
[status] PUB sent=2240644 itps=0.00 tps=3917.87 pubs=4000 err=0 | SUB recv=2240294 itps=0.00 tps=3917.58 p50=35.46ms p95=152.70ms p99=198.97ms err=0
[status] PUB sent=2240644 itps=0.00 tps=3911.03 pubs=4000 err=0 | SUB recv=2240294 itps=0.00 tps=3910.74 p50=35.46ms p95=152.70ms p99=198.97ms err=0
[status] PUB sent=2240644 itps=0.00 tps=3904.21 pubs=4000 err=0 | SUB recv=2240294 itps=0.00 tps=3903.92 p50=35.46ms p95=152.70ms p99=198.97ms err=0
[status] PUB sent=2240644 itps=0.00 tps=3897.42 pubs=4000 err=0 | SUB recv=2240294 itps=0.00 tps=3897.14 p50=35.46ms p95=152.70ms p99=198.97ms err=0
[status] PUB sent=2240644 itps=0.00 tps=3890.66 pubs=4000 err=0 | SUB recv=2240294 itps=0.00 tps=3890.37 p50=35.46ms p95=152.70ms p99=198.97ms err=0
[status] PUB sent=2240644 itps=0.00 tps=3883.91 pubs=4000 err=0 | SUB recv=2240294 itps=0.00 tps=3883.62 p50=35.46ms p95=152.70ms p99=198.97ms err=0
[status] PUB sent=2240644 itps=0.00 tps=3877.19 pubs=4000 err=0 | SUB recv=2240294 itps=0.00 tps=3876.90 p50=35.46ms p95=152.70ms p99=198.97ms err=0
[status] PUB sent=2240644 itps=0.00 tps=3870.49 pubs=4000 err=0 | SUB recv=2240294 itps=0.00 tps=3870.21 p50=35.46ms p95=152.70ms p99=198.97ms err=0
[status] PUB sent=2240644 itps=0.00 tps=3863.82 pubs=4000 err=0 | SUB recv=2240294 itps=0.00 tps=3863.53 p50=35.46ms p95=152.70ms p99=198.97ms err=0
[status] PUB sent=2240644 itps=0.00 tps=3857.16 pubs=4000 err=0 | SUB recv=2240294 itps=0.00 tps=3856.88 p50=35.46ms p95=152.70ms p99=198.97ms err=0
[status] PUB sent=2240644 itps=0.00 tps=3850.54 pubs=4000 err=0 | SUB recv=2240294 itps=0.00 tps=3850.25 p50=35.46ms p95=152.70ms p99=198.97ms err=0
[status] PUB sent=2240644 itps=0.00 tps=3843.93 pubs=4000 err=0 | SUB recv=2240294 itps=0.00 tps=3843.64 p50=35.46ms p95=152.70ms p99=198.97ms err=0
[status] PUB sent=2240644 itps=0.00 tps=3837.35 pubs=4000 err=0 | SUB recv=2240294 itps=0.00 tps=3837.06 p50=35.46ms p95=152.70ms p99=198.97ms err=0
[status] PUB sent=2240644 itps=0.00 tps=3830.79 pubs=4000 err=0 | SUB recv=2240294 itps=0.00 tps=3830.50 p50=35.46ms p95=152.70ms p99=198.97ms err=0
[status] PUB sent=2240644 itps=0.00 tps=3824.25 pubs=4000 err=0 | SUB recv=2240294 itps=0.00 tps=3823.96 p50=35.46ms p95=152.70ms p99=198.97ms err=0
[status] PUB sent=2240644 itps=0.00 tps=3817.74 pubs=4000 err=0 | SUB recv=2240294 itps=0.00 tps=3817.45 p50=35.46ms p95=152.70ms p99=198.97ms err=0
[status] PUB sent=2240644 itps=0.00 tps=3811.24 pubs=4000 err=0 | SUB recv=2240294 itps=0.00 tps=3810.95 p50=35.46ms p95=152.70ms p99=198.97ms err=0
[status] PUB sent=2240644 itps=0.00 tps=3804.77 pubs=4000 err=0 | SUB recv=2240294 itps=0.00 tps=3804.48 p50=35.46ms p95=152.70ms p99=198.97ms err=0
[status] PUB sent=2240644 itps=0.00 tps=3798.32 pubs=4000 err=0 | SUB recv=2240294 itps=0.00 tps=3798.03 p50=35.46ms p95=152.70ms p99=198.97ms err=0
[status] PUB sent=2240644 itps=0.00 tps=3791.89 pubs=4000 err=0 | SUB recv=2240294 itps=0.00 tps=3791.60 p50=35.46ms p95=152.70ms p99=198.97ms err=0
[status] PUB sent=2240644 itps=0.00 tps=3785.48 pubs=4000 err=0 | SUB recv=2240294 itps=0.00 tps=3785.20 p50=35.46ms p95=152.70ms p99=198.97ms err=0
[status] PUB sent=2240644 itps=0.00 tps=3779.10 pubs=4000 err=0 | SUB recv=2240294 itps=0.00 tps=3778.81 p50=35.46ms p95=152.70ms p99=198.97ms err=0
[status] PUB sent=2240644 itps=0.00 tps=3772.74 pubs=4000 err=0 | SUB recv=2240294 itps=0.00 tps=3772.45 p50=35.46ms p95=152.70ms p99=198.97ms err=0
[status] PUB sent=2240644 itps=0.00 tps=3766.39 pubs=4000 err=0 | SUB recv=2240294 itps=0.00 tps=3766.11 p50=35.46ms p95=152.70ms p99=198.97ms err=0
[status] PUB sent=2240644 itps=0.00 tps=3760.08 pubs=4000 err=0 | SUB recv=2240294 itps=0.00 tps=3759.79 p50=35.46ms p95=152.70ms p99=198.97ms err=0
[status] PUB sent=2240644 itps=0.00 tps=3753.78 pubs=4000 err=0 | SUB recv=2240294 itps=0.00 tps=3753.49 p50=35.46ms p95=152.70ms p99=198.97ms err=0
[status] PUB sent=2240644 itps=0.00 tps=3747.50 pubs=4000 err=0 | SUB recv=2240294 itps=0.00 tps=3747.21 p50=35.46ms p95=152.70ms p99=198.97ms err=0
[status] PUB sent=2240644 itps=0.00 tps=3741.24 pubs=4000 err=0 | SUB recv=2240294 itps=0.00 tps=3740.95 p50=35.46ms p95=152.70ms p99=198.97ms err=0
[status] PUB sent=2240644 itps=0.00 tps=3735.00 pubs=4000 err=0 | SUB recv=2240294 itps=0.00 tps=3734.72 p50=35.46ms p95=152.70ms p99=198.97ms err=0
[status] PUB sent=2240644 itps=0.00 tps=3728.79 pubs=4000 err=0 | SUB recv=2240294 itps=0.00 tps=3728.50 p50=35.46ms p95=152.70ms p99=198.97ms err=0
[status] PUB sent=2240644 itps=0.00 tps=3722.59 pubs=4000 err=0 | SUB recv=2240294 itps=0.00 tps=3722.30 p50=35.46ms p95=152.70ms p99=198.97ms err=0
[status] PUB sent=2240644 itps=0.00 tps=3716.42 pubs=4000 err=0 | SUB recv=2240294 itps=0.00 tps=3716.13 p50=35.46ms p95=152.70ms p99=198.97ms err=0
[status] PUB sent=2240644 itps=0.00 tps=3710.27 pubs=4000 err=0 | SUB recv=2240294 itps=0.00 tps=3709.97 p50=35.46ms p95=152.70ms p99=198.97ms err=0
[status] PUB sent=2240644 itps=0.00 tps=3704.13 pubs=4000 err=0 | SUB recv=2240294 itps=0.00 tps=3703.84 p50=35.46ms p95=152.70ms p99=198.97ms err=0
[status] PUB sent=2240644 itps=0.00 tps=3698.02 pubs=4000 err=0 | SUB recv=2240294 itps=0.00 tps=3697.73 p50=35.46ms p95=152.70ms p99=198.97ms err=0
[status] PUB sent=2240644 itps=0.00 tps=3691.93 pubs=4000 err=0 | SUB recv=2240294 itps=0.00 tps=3691.63 p50=35.46ms p95=152.70ms p99=198.97ms err=0
[status] PUB sent=2240644 itps=0.00 tps=3685.85 pubs=4000 err=0 | SUB recv=2240294 itps=0.00 tps=3685.56 p50=35.46ms p95=152.70ms p99=198.97ms err=0
[status] PUB sent=2240644 itps=0.00 tps=3679.80 pubs=4000 err=0 | SUB recv=2240294 itps=0.00 tps=3679.51 p50=35.46ms p95=152.70ms p99=198.97ms err=0
[status] PUB sent=2240644 itps=0.00 tps=3673.76 pubs=4000 err=0 | SUB recv=2240294 itps=0.00 tps=3673.48 p50=35.46ms p95=152.70ms p99=198.97ms err=0
[status] PUB sent=2240644 itps=0.00 tps=3667.75 pubs=4000 err=0 | SUB recv=2240294 itps=0.00 tps=3667.46 p50=35.46ms p95=152.70ms p99=198.97ms err=0
[status] PUB sent=2240644 itps=0.00 tps=3661.75 pubs=4000 err=0 | SUB recv=2240294 itps=0.00 tps=3661.47 p50=35.46ms p95=152.70ms p99=198.97ms err=0
[status] PUB sent=2240644 itps=0.00 tps=3655.78 pubs=4000 err=0 | SUB recv=2240294 itps=0.00 tps=3655.49 p50=35.46ms p95=152.70ms p99=198.97ms err=0
[status] PUB sent=2240644 itps=0.00 tps=3649.83 pubs=4000 err=0 | SUB recv=2240294 itps=0.00 tps=3649.54 p50=35.46ms p95=152.70ms p99=198.97ms err=0
[status] PUB sent=2240644 itps=0.00 tps=3643.89 pubs=4000 err=0 | SUB recv=2240294 itps=0.00 tps=3643.60 p50=35.46ms p95=152.70ms p99=198.97ms err=0
[status] PUB sent=2240644 itps=0.00 tps=3637.97 pubs=4000 err=0 | SUB recv=2240294 itps=0.00 tps=3637.69 p50=35.46ms p95=152.70ms p99=198.97ms err=0
[status] PUB sent=2240644 itps=0.00 tps=3632.08 pubs=4000 err=0 | SUB recv=2240294 itps=0.00 tps=3631.79 p50=35.46ms p95=152.70ms p99=198.97ms err=0
[status] PUB sent=2240644 itps=0.00 tps=3626.20 pubs=4000 err=0 | SUB recv=2240294 itps=0.00 tps=3625.91 p50=35.46ms p95=152.70ms p99=198.97ms err=0
[status] PUB sent=2240644 itps=0.00 tps=3620.34 pubs=4000 err=0 | SUB recv=2240294 itps=0.00 tps=3620.05 p50=35.46ms p95=152.70ms p99=198.97ms err=0
[status] PUB sent=2240644 itps=0.00 tps=3614.50 pubs=4000 err=0 | SUB recv=2240294 itps=0.00 tps=3614.21 p50=35.46ms p95=152.70ms p99=198.97ms err=0
[status] PUB sent=2240644 itps=0.00 tps=3608.68 pubs=4000 err=0 | SUB recv=2240294 itps=0.00 tps=3608.39 p50=35.46ms p95=152.70ms p99=198.97ms err=0
[status] PUB sent=2240644 itps=0.00 tps=3602.88 pubs=4000 err=0 | SUB recv=2240294 itps=0.00 tps=3602.59 p50=35.46ms p95=152.70ms p99=198.97ms err=0
[status] PUB sent=2240644 itps=0.00 tps=3597.09 pubs=4000 err=0 | SUB recv=2240294 itps=0.00 tps=3596.80 p50=35.46ms p95=152.70ms p99=198.97ms err=0
[status] PUB sent=2240644 itps=0.00 tps=3591.33 pubs=4000 err=0 | SUB recv=2240294 itps=0.00 tps=3591.04 p50=35.46ms p95=152.70ms p99=198.97ms err=0
[status] PUB sent=2240644 itps=0.00 tps=3585.58 pubs=4000 err=0 | SUB recv=2240294 itps=0.00 tps=3585.29 p50=35.46ms p95=152.70ms p99=198.97ms err=0
[status] PUB sent=2240644 itps=0.00 tps=3579.85 pubs=4000 err=0 | SUB recv=2240294 itps=0.00 tps=3579.56 p50=35.46ms p95=152.70ms p99=198.97ms err=0
[status] PUB sent=2240644 itps=0.00 tps=3574.14 pubs=4000 err=0 | SUB recv=2240294 itps=0.00 tps=3573.85 p50=35.46ms p95=152.70ms p99=198.97ms err=0
[status] PUB sent=2240644 itps=0.00 tps=3568.45 pubs=4000 err=0 | SUB recv=2240294 itps=0.00 tps=3568.16 p50=35.46ms p95=152.70ms p99=198.97ms err=0
[status] PUB sent=2240644 itps=0.00 tps=3562.78 pubs=4000 err=0 | SUB recv=2240294 itps=0.00 tps=3562.48 p50=35.46ms p95=152.70ms p99=198.97ms err=0
[status] PUB sent=2240644 itps=0.00 tps=3557.12 pubs=4000 err=0 | SUB recv=2240294 itps=0.00 tps=3556.83 p50=35.46ms p95=152.70ms p99=198.97ms err=0
[status] PUB sent=2240644 itps=0.00 tps=3551.48 pubs=4000 err=0 | SUB recv=2240294 itps=0.00 tps=3551.19 p50=35.46ms p95=152.70ms p99=198.97ms err=0
[status] PUB sent=2240644 itps=0.00 tps=3545.86 pubs=4000 err=0 | SUB recv=2240294 itps=0.00 tps=3545.57 p50=35.46ms p95=152.70ms p99=198.97ms err=0
[status] PUB sent=2240644 itps=0.00 tps=3534.67 pubs=4000 err=0 | SUB recv=2240294 itps=0.00 tps=3534.39 p50=35.46ms p95=152.70ms p99=198.97ms err=0
[status] PUB sent=2240644 itps=0.00 tps=3529.11 pubs=4000 err=0 | SUB recv=2240294 itps=0.00 tps=3528.82 p50=35.46ms p95=152.70ms p99=198.97ms err=0
[status] PUB sent=2240644 itps=0.00 tps=3523.56 pubs=4000 err=0 | SUB recv=2240294 itps=0.00 tps=3523.27 p50=35.46ms p95=152.70ms p99=198.97ms err=0
[status] PUB sent=2240644 itps=0.00 tps=3518.02 pubs=4000 err=0 | SUB recv=2240294 itps=0.00 tps=3517.74 p50=35.46ms p95=152.70ms p99=198.97ms err=0
[status] PUB sent=2240644 itps=0.00 tps=3512.51 pubs=4000 err=0 | SUB recv=2240294 itps=0.00 tps=3512.22 p50=35.46ms p95=152.70ms p99=198.97ms err=0
[status] PUB sent=2240644 itps=0.00 tps=3507.01 pubs=4000 err=0 | SUB recv=2240294 itps=0.00 tps=3506.72 p50=35.46ms p95=152.70ms p99=198.97ms err=0
[status] PUB sent=2240644 itps=0.00 tps=3501.53 pubs=4000 err=0 | SUB recv=2240294 itps=0.00 tps=3501.24 p50=35.46ms p95=152.70ms p99=198.97ms err=0
[status] PUB sent=2240644 itps=0.00 tps=3496.07 pubs=4000 err=0 | SUB recv=2240294 itps=0.00 tps=3495.78 p50=35.46ms p95=152.70ms p99=198.97ms err=0
[status] PUB sent=2240644 itps=0.00 tps=3490.62 pubs=4000 err=0 | SUB recv=2240294 itps=0.00 tps=3490.34 p50=35.46ms p95=152.70ms p99=198.97ms err=0
[status] PUB sent=2240644 itps=0.00 tps=3485.19 pubs=4000 err=0 | SUB recv=2240294 itps=0.00 tps=3484.90 p50=35.46ms p95=152.70ms p99=198.97ms err=0
[status] PUB sent=2240644 itps=0.00 tps=3479.78 pubs=4000 err=0 | SUB recv=2240294 itps=0.00 tps=3479.49 p50=35.46ms p95=152.70ms p99=198.97ms err=0
[status] PUB sent=2240644 itps=0.00 tps=3474.38 pubs=4000 err=0 | SUB recv=2240294 itps=0.00 tps=3474.09 p50=35.46ms p95=152.70ms p99=198.97ms err=0
[status] PUB sent=2240644 itps=0.00 tps=3469.01 pubs=4000 err=0 | SUB recv=2240294 itps=0.00 tps=3468.72 p50=35.46ms p95=152.70ms p99=198.97ms err=0
[status] PUB sent=2240644 itps=0.00 tps=3463.64 pubs=4000 err=0 | SUB recv=2240294 itps=0.00 tps=3463.36 p50=35.46ms p95=152.70ms p99=198.97ms err=0
[status] PUB sent=2240644 itps=0.00 tps=3458.30 pubs=4000 err=0 | SUB recv=2240294 itps=0.00 tps=3458.01 p50=35.46ms p95=152.70ms p99=198.97ms err=0
[status] PUB sent=2240644 itps=0.00 tps=3452.97 pubs=4000 err=0 | SUB recv=2240294 itps=0.00 tps=3452.68 p50=35.46ms p95=152.70ms p99=198.97ms err=0
[status] PUB sent=2240644 itps=0.00 tps=3447.66 pubs=4000 err=0 | SUB recv=2240294 itps=0.00 tps=3447.37 p50=35.46ms p95=152.70ms p99=198.97ms err=0
[status] PUB sent=2240644 itps=0.00 tps=3442.35 pubs=4000 err=0 | SUB recv=2240294 itps=0.00 tps=3442.07 p50=35.46ms p95=152.70ms p99=198.97ms err=0
[status] PUB sent=2240644 itps=0.00 tps=3437.08 pubs=4000 err=0 | SUB recv=2240294 itps=0.00 tps=3436.79 p50=35.46ms p95=152.70ms p99=198.97ms err=0
[status] PUB sent=2240644 itps=0.00 tps=3431.81 pubs=4000 err=0 | SUB recv=2240294 itps=0.00 tps=3431.53 p50=35.46ms p95=152.70ms p99=198.97ms err=0
[status] PUB sent=2240644 itps=0.00 tps=3426.56 pubs=4000 err=0 | SUB recv=2240294 itps=0.00 tps=3426.28 p50=35.46ms p95=152.70ms p99=198.97ms err=0
[status] PUB sent=2240644 itps=0.00 tps=3421.33 pubs=4000 err=0 | SUB recv=2240294 itps=0.00 tps=3421.05 p50=35.46ms p95=152.70ms p99=198.97ms err=0
[status] PUB sent=2240644 itps=0.00 tps=3416.12 pubs=4000 err=0 | SUB recv=2240294 itps=0.00 tps=3415.83 p50=35.46ms p95=152.70ms p99=198.97ms err=0
[status] PUB sent=2240644 itps=0.00 tps=3410.92 pubs=4000 err=0 | SUB recv=2240294 itps=0.00 tps=3410.63 p50=35.46ms p95=152.70ms p99=198.97ms err=0
[status] PUB sent=2240644 itps=0.00 tps=3405.73 pubs=4000 err=0 | SUB recv=2240294 itps=0.00 tps=3405.44 p50=35.46ms p95=152.70ms p99=198.97ms err=0
[status] PUB sent=2240644 itps=0.00 tps=3400.56 pubs=4000 err=0 | SUB recv=2240294 itps=0.00 tps=3400.28 p50=35.46ms p95=152.70ms p99=198.97ms err=0
[status] PUB sent=2240644 itps=0.00 tps=3395.41 pubs=4000 err=0 | SUB recv=2240294 itps=0.00 tps=3395.12 p50=35.46ms p95=152.70ms p99=198.97ms err=0
[status] PUB sent=2240644 itps=0.00 tps=3390.27 pubs=4000 err=0 | SUB recv=2240294 itps=0.00 tps=3389.98 p50=35.46ms p95=152.70ms p99=198.97ms err=0
[status] PUB sent=2240644 itps=0.00 tps=3385.15 pubs=4000 err=0 | SUB recv=2240294 itps=0.00 tps=3384.86 p50=35.46ms p95=152.70ms p99=198.97ms err=0
[status] PUB sent=2240644 itps=0.00 tps=3380.04 pubs=4000 err=0 | SUB recv=2240294 itps=0.00 tps=3379.75 p50=35.46ms p95=152.70ms p99=198.97ms err=0
[status] PUB sent=2240644 itps=0.00 tps=3374.95 pubs=4000 err=0 | SUB recv=2240294 itps=0.00 tps=3374.66 p50=35.46ms p95=152.70ms p99=198.97ms err=0
[status] PUB sent=2240644 itps=0.00 tps=3369.87 pubs=4000 err=0 | SUB recv=2240294 itps=0.00 tps=3369.59 p50=35.46ms p95=152.70ms p99=198.97ms err=0
[status] PUB sent=2240644 itps=0.00 tps=3364.81 pubs=4000 err=0 | SUB recv=2240294 itps=0.00 tps=3364.53 p50=35.46ms p95=152.70ms p99=198.97ms err=0
[status] PUB sent=2240644 itps=0.00 tps=3359.77 pubs=4000 err=0 | SUB recv=2240294 itps=0.00 tps=3359.48 p50=35.46ms p95=152.70ms p99=198.97ms err=0
[status] PUB sent=2240644 itps=0.00 tps=3354.74 pubs=4000 err=0 | SUB recv=2240294 itps=0.00 tps=3354.46 p50=35.46ms p95=152.70ms p99=198.97ms err=0
[status] PUB sent=2240644 itps=0.00 tps=3349.72 pubs=4000 err=0 | SUB recv=2240294 itps=0.00 tps=3349.44 p50=35.46ms p95=152.70ms p99=198.97ms err=0
[status] PUB sent=2240644 itps=0.00 tps=3344.72 pubs=4000 err=0 | SUB recv=2240294 itps=0.00 tps=3344.44 p50=35.46ms p95=152.70ms p99=198.97ms err=0
[status] PUB sent=2240644 itps=0.00 tps=3339.74 pubs=4000 err=0 | SUB recv=2240294 itps=0.00 tps=3339.45 p50=35.46ms p95=152.70ms p99=198.97ms err=0
[status] PUB sent=2240644 itps=0.00 tps=3334.77 pubs=4000 err=0 | SUB recv=2240294 itps=0.00 tps=3334.48 p50=35.46ms p95=152.70ms p99=198.97ms err=0
[status] PUB sent=2240644 itps=0.00 tps=3329.81 pubs=4000 err=0 | SUB recv=2240294 itps=0.00 tps=3329.53 p50=35.46ms p95=152.70ms p99=198.97ms err=0
[status] PUB sent=2240644 itps=0.00 tps=3324.87 pubs=4000 err=0 | SUB recv=2240294 itps=0.00 tps=3324.58 p50=35.46ms p95=152.70ms p99=198.97ms err=0
[status] PUB sent=2240644 itps=0.00 tps=3319.94 pubs=4000 err=0 | SUB recv=2240294 itps=0.00 tps=3319.66 p50=35.46ms p95=152.70ms p99=198.97ms err=0
[status] PUB sent=2240644 itps=0.00 tps=3315.03 pubs=4000 err=0 | SUB recv=2240294 itps=0.00 tps=3314.75 p50=35.46ms p95=152.70ms p99=198.97ms err=0
[status] PUB sent=2240644 itps=0.00 tps=3310.14 pubs=4000 err=0 | SUB recv=2240294 itps=0.00 tps=3309.85 p50=35.46ms p95=152.70ms p99=198.97ms err=0
[status] PUB sent=2240644 itps=0.00 tps=3305.25 pubs=4000 err=0 | SUB recv=2240294 itps=0.00 tps=3304.97 p50=35.46ms p95=152.70ms p99=198.97ms err=0
[status] PUB sent=2240644 itps=0.00 tps=3300.38 pubs=4000 err=0 | SUB recv=2240294 itps=0.00 tps=3300.10 p50=35.46ms p95=152.70ms p99=198.97ms err=0
[status] PUB sent=2240644 itps=0.00 tps=3295.53 pubs=4000 err=0 | SUB recv=2240294 itps=0.00 tps=3295.24 p50=35.46ms p95=152.70ms p99=198.97ms err=0
[status] PUB sent=2240644 itps=0.00 tps=3290.69 pubs=4000 err=0 | SUB recv=2240294 itps=0.00 tps=3290.41 p50=35.46ms p95=152.70ms p99=198.97ms err=0
[status] PUB sent=2240644 itps=0.00 tps=3285.86 pubs=4000 err=0 | SUB recv=2240294 itps=0.00 tps=3285.58 p50=35.46ms p95=152.70ms p99=198.97ms err=0
[status] PUB sent=2240644 itps=0.00 tps=3281.05 pubs=4000 err=0 | SUB recv=2240294 itps=0.00 tps=3280.77 p50=35.46ms p95=152.70ms p99=198.97ms err=0
[status] PUB sent=2240644 itps=0.00 tps=3276.26 pubs=4000 err=0 | SUB recv=2240294 itps=0.00 tps=3275.97 p50=35.46ms p95=152.70ms p99=198.97ms err=0
[status] PUB sent=2240644 itps=0.00 tps=3271.47 pubs=4000 err=0 | SUB recv=2240294 itps=0.00 tps=3271.19 p50=35.46ms p95=152.70ms p99=198.97ms err=0
[status] PUB sent=2240644 itps=0.00 tps=3266.70 pubs=4000 err=0 | SUB recv=2240294 itps=0.00 tps=3266.42 p50=35.46ms p95=152.70ms p99=198.97ms err=0
[status] PUB sent=2240644 itps=0.00 tps=3261.95 pubs=4000 err=0 | SUB recv=2240294 itps=0.00 tps=3261.66 p50=35.46ms p95=152.70ms p99=198.97ms err=0
[status] PUB sent=2240644 itps=0.00 tps=3257.21 pubs=4000 err=0 | SUB recv=2240294 itps=0.00 tps=3256.92 p50=35.46ms p95=152.70ms p99=198.97ms err=0
[status] PUB sent=2240644 itps=0.00 tps=3252.47 pubs=4000 err=0 | SUB recv=2240294 itps=0.00 tps=3252.19 p50=35.46ms p95=152.70ms p99=198.97ms err=0
[status] PUB sent=2240644 itps=0.00 tps=3247.76 pubs=4000 err=0 | SUB recv=2240294 itps=0.00 tps=3247.48 p50=35.46ms p95=152.70ms p99=198.97ms err=0
[status] PUB sent=2240644 itps=0.00 tps=3243.06 pubs=4000 err=0 | SUB recv=2240294 itps=0.00 tps=3242.78 p50=35.46ms p95=152.70ms p99=198.97ms err=0
[status] PUB sent=2240644 itps=0.00 tps=3238.38 pubs=4000 err=0 | SUB recv=2240294 itps=0.00 tps=3238.09 p50=35.46ms p95=152.70ms p99=198.97ms err=0
[status] PUB sent=2240644 itps=0.00 tps=3233.70 pubs=4000 err=0 | SUB recv=2240294 itps=0.00 tps=3233.41 p50=35.46ms p95=152.70ms p99=198.97ms err=0
[status] PUB sent=2240644 itps=0.00 tps=3229.04 pubs=4000 err=0 | SUB recv=2240294 itps=0.00 tps=3228.76 p50=35.46ms p95=152.70ms p99=198.97ms err=0
[status] PUB sent=2240644 itps=0.00 tps=3224.39 pubs=4000 err=0 | SUB recv=2240294 itps=0.00 tps=3224.11 p50=35.46ms p95=152.70ms p99=198.97ms err=0
[status] PUB sent=2240644 itps=0.00 tps=3219.76 pubs=4000 err=0 | SUB recv=2240294 itps=0.00 tps=3219.48 p50=35.46ms p95=152.70ms p99=198.97ms err=0
[status] PUB sent=2240644 itps=0.00 tps=3215.14 pubs=4000 err=0 | SUB recv=2240294 itps=0.00 tps=3214.86 p50=35.46ms p95=152.70ms p99=198.97ms err=0
[status] PUB sent=2240644 itps=0.00 tps=3210.53 pubs=4000 err=0 | SUB recv=2240294 itps=0.00 tps=3210.25 p50=35.46ms p95=152.70ms p99=198.97ms err=0
[status] PUB sent=2240644 itps=0.00 tps=3205.94 pubs=4000 err=0 | SUB recv=2240294 itps=0.00 tps=3205.66 p50=35.46ms p95=152.70ms p99=198.97ms err=0
[status] PUB sent=2240644 itps=0.00 tps=3196.79 pubs=4000 err=0 | SUB recv=2240294 itps=0.00 tps=3196.51 p50=35.46ms p95=152.70ms p99=198.97ms err=0
[status] PUB sent=2240644 itps=0.00 tps=3192.24 pubs=4000 err=0 | SUB recv=2240294 itps=0.00 tps=3191.95 p50=35.46ms p95=152.70ms p99=198.97ms err=0
[status] PUB sent=2240644 itps=0.00 tps=3187.70 pubs=4000 err=0 | SUB recv=2240294 itps=0.00 tps=3187.41 p50=35.46ms p95=152.70ms p99=198.97ms err=0
[status] PUB sent=2240644 itps=0.00 tps=3183.17 pubs=4000 err=0 | SUB recv=2240294 itps=0.00 tps=3182.88 p50=35.46ms p95=152.70ms p99=198.97ms err=0
[status] PUB sent=2240644 itps=0.00 tps=3178.65 pubs=4000 err=0 | SUB recv=2240294 itps=0.00 tps=3178.37 p50=35.46ms p95=152.70ms p99=198.97ms err=0
[status] PUB sent=2240644 itps=0.00 tps=3174.15 pubs=4000 err=0 | SUB recv=2240294 itps=0.00 tps=3173.86 p50=35.46ms p95=152.70ms p99=198.97ms err=0
[status] PUB sent=2240644 itps=0.00 tps=3169.66 pubs=4000 err=0 | SUB recv=2240294 itps=0.00 tps=3169.37 p50=35.46ms p95=152.70ms p99=198.97ms err=0
[status] PUB sent=2240644 itps=0.00 tps=3165.18 pubs=4000 err=0 | SUB recv=2240294 itps=0.00 tps=3164.90 p50=35.46ms p95=152.70ms p99=198.97ms err=0
[status] PUB sent=2240644 itps=0.00 tps=3160.72 pubs=4000 err=0 | SUB recv=2240294 itps=0.00 tps=3160.43 p50=35.46ms p95=152.70ms p99=198.97ms err=0
[status] PUB sent=2240644 itps=0.00 tps=3156.26 pubs=4000 err=0 | SUB recv=2240294 itps=0.00 tps=3155.98 p50=35.46ms p95=152.70ms p99=198.97ms err=0
[status] PUB sent=2240644 itps=0.00 tps=3151.82 pubs=4000 err=0 | SUB recv=2240294 itps=0.00 tps=3151.54 p50=35.46ms p95=152.70ms p99=198.97ms err=0
[status] PUB sent=2240644 itps=0.00 tps=3147.39 pubs=4000 err=0 | SUB recv=2240294 itps=0.00 tps=3147.11 p50=35.46ms p95=152.70ms p99=198.97ms err=0
[status] PUB sent=2240644 itps=0.00 tps=3142.98 pubs=4000 err=0 | SUB recv=2240294 itps=0.00 tps=3142.70 p50=35.46ms p95=152.70ms p99=198.97ms err=0
[status] PUB sent=2240644 itps=0.00 tps=3138.58 pubs=4000 err=0 | SUB recv=2240294 itps=0.00 tps=3138.30 p50=35.46ms p95=152.70ms p99=198.97ms err=0
[status] PUB sent=2240644 itps=0.00 tps=3134.19 pubs=4000 err=0 | SUB recv=2240294 itps=0.00 tps=3133.91 p50=35.46ms p95=152.70ms p99=198.97ms err=0
[status] PUB sent=2240644 itps=0.00 tps=3129.81 pubs=4000 err=0 | SUB recv=2240294 itps=0.00 tps=3129.53 p50=35.46ms p95=152.70ms p99=198.97ms err=0
[status] PUB sent=2240644 itps=0.00 tps=3125.44 pubs=4000 err=0 | SUB recv=2240294 itps=0.00 tps=3125.16 p50=35.46ms p95=152.70ms p99=198.97ms err=0
[status] PUB sent=2240644 itps=0.00 tps=3121.09 pubs=4000 err=0 | SUB recv=2240294 itps=0.00 tps=3120.81 p50=35.46ms p95=152.70ms p99=198.97ms err=0
[status] PUB sent=2240644 itps=0.00 tps=3116.75 pubs=4000 err=0 | SUB recv=2240294 itps=0.00 tps=3116.47 p50=35.46ms p95=152.70ms p99=198.97ms err=0
[status] PUB sent=2240644 itps=0.00 tps=3112.42 pubs=4000 err=0 | SUB recv=2240294 itps=0.00 tps=3112.14 p50=35.46ms p95=152.70ms p99=198.97ms err=0
[status] PUB sent=2240644 itps=0.00 tps=3108.10 pubs=4000 err=0 | SUB recv=2240294 itps=0.00 tps=3107.82 p50=35.46ms p95=152.70ms p99=198.97ms err=0
[status] PUB sent=2240644 itps=0.00 tps=3103.80 pubs=4000 err=0 | SUB recv=2240294 itps=0.00 tps=3103.51 p50=35.46ms p95=152.70ms p99=198.97ms err=0
[status] PUB sent=2240644 itps=0.00 tps=3099.50 pubs=4000 err=0 | SUB recv=2240294 itps=0.00 tps=3099.22 p50=35.46ms p95=152.70ms p99=198.97ms err=0
[status] PUB sent=2240644 itps=0.00 tps=3095.22 pubs=4000 err=0 | SUB recv=2240294 itps=0.00 tps=3094.94 p50=35.46ms p95=152.70ms p99=198.97ms err=0
[status] PUB sent=2240644 itps=0.00 tps=3090.95 pubs=4000 err=0 | SUB recv=2240294 itps=0.00 tps=3090.67 p50=35.46ms p95=152.70ms p99=198.97ms err=0
[status] PUB sent=2240644 itps=0.00 tps=3086.69 pubs=4000 err=0 | SUB recv=2240294 itps=0.00 tps=3086.41 p50=35.46ms p95=152.70ms p99=198.97ms err=0
[status] PUB sent=2240644 itps=0.00 tps=3082.45 pubs=4000 err=0 | SUB recv=2240294 itps=0.00 tps=3082.17 p50=35.46ms p95=152.70ms p99=198.97ms err=0
[status] PUB sent=2240644 itps=0.00 tps=3078.21 pubs=4000 err=0 | SUB recv=2240294 itps=0.00 tps=3077.93 p50=35.46ms p95=152.70ms p99=198.97ms err=0
[status] PUB sent=2240644 itps=0.00 tps=3073.99 pubs=4000 err=0 | SUB recv=2240294 itps=0.00 tps=3073.71 p50=35.46ms p95=152.70ms p99=198.97ms err=0
[status] PUB sent=2240644 itps=0.00 tps=3069.78 pubs=4000 err=0 | SUB recv=2240294 itps=0.00 tps=3069.50 p50=35.46ms p95=152.70ms p99=198.97ms err=0
[status] PUB sent=2240644 itps=0.00 tps=3065.58 pubs=4000 err=0 | SUB recv=2240294 itps=0.00 tps=3065.30 p50=35.46ms p95=152.70ms p99=198.97ms err=0
[status] PUB sent=2240644 itps=0.00 tps=3061.39 pubs=4000 err=0 | SUB recv=2240294 itps=0.00 tps=3061.11 p50=35.46ms p95=152.70ms p99=198.97ms err=0
[status] PUB sent=2240644 itps=0.00 tps=3057.21 pubs=4000 err=0 | SUB recv=2240294 itps=0.00 tps=3056.93 p50=35.46ms p95=152.70ms p99=198.97ms err=0
[status] PUB sent=2240644 itps=0.00 tps=3053.05 pubs=4000 err=0 | SUB recv=2240294 itps=0.00 tps=3052.77 p50=35.46ms p95=152.70ms p99=198.97ms err=0
[status] PUB sent=2240644 itps=0.00 tps=3048.89 pubs=4000 err=0 | SUB recv=2240294 itps=0.00 tps=3048.61 p50=35.46ms p95=152.70ms p99=198.97ms err=0
[status] PUB sent=2240644 itps=0.00 tps=3044.75 pubs=4000 err=0 | SUB recv=2240294 itps=0.00 tps=3044.47 p50=35.46ms p95=152.70ms p99=198.97ms err=0
[status] PUB sent=2240644 itps=0.00 tps=3040.62 pubs=4000 err=0 | SUB recv=2240294 itps=0.00 tps=3040.34 p50=35.46ms p95=152.70ms p99=198.97ms err=0
[status] PUB sent=2240644 itps=0.00 tps=3036.50 pubs=4000 err=0 | SUB recv=2240294 itps=0.00 tps=3036.22 p50=35.46ms p95=152.70ms p99=198.97ms err=0
[status] PUB sent=2240644 itps=0.00 tps=3032.39 pubs=4000 err=0 | SUB recv=2240294 itps=0.00 tps=3032.11 p50=35.46ms p95=152.70ms p99=198.97ms err=0
[status] PUB sent=2240644 itps=0.00 tps=3028.29 pubs=4000 err=0 | SUB recv=2240294 itps=0.00 tps=3028.01 p50=35.46ms p95=152.70ms p99=198.97ms err=0
[status] PUB sent=2240644 itps=0.00 tps=3024.20 pubs=4000 err=0 | SUB recv=2240294 itps=0.00 tps=3023.92 p50=35.46ms p95=152.70ms p99=198.97ms err=0
[status] PUB sent=2240644 itps=0.00 tps=3020.13 pubs=4000 err=0 | SUB recv=2240294 itps=0.00 tps=3019.85 p50=35.46ms p95=152.70ms p99=198.97ms err=0
[status] PUB sent=2240644 itps=0.00 tps=3016.06 pubs=4000 err=0 | SUB recv=2240294 itps=0.00 tps=3015.78 p50=35.46ms p95=152.70ms p99=198.97ms err=0
[status] PUB sent=2240644 itps=0.00 tps=3012.01 pubs=4000 err=0 | SUB recv=2240294 itps=0.00 tps=3011.73 p50=35.46ms p95=152.70ms p99=198.97ms err=0
[status] PUB sent=2240644 itps=0.00 tps=3007.96 pubs=4000 err=0 | SUB recv=2240294 itps=0.00 tps=3007.69 p50=35.46ms p95=152.70ms p99=198.97ms err=0
[status] PUB sent=2240644 itps=0.00 tps=3003.93 pubs=4000 err=0 | SUB recv=2240294 itps=0.00 tps=3003.65 p50=35.46ms p95=152.70ms p99=198.97ms err=0
[status] PUB sent=2240644 itps=0.00 tps=2999.91 pubs=4000 err=0 | SUB recv=2240294 itps=0.00 tps=2999.63 p50=35.46ms p95=152.70ms p99=198.97ms err=0
[status] PUB sent=2240644 itps=0.00 tps=2995.90 pubs=4000 err=0 | SUB recv=2240294 itps=0.00 tps=2995.62 p50=35.46ms p95=152.70ms p99=198.97ms err=0
[status] PUB sent=2240644 itps=0.00 tps=2991.90 pubs=4000 err=0 | SUB recv=2240294 itps=0.00 tps=2991.62 p50=35.46ms p95=152.70ms p99=198.97ms err=0
[status] PUB sent=2240644 itps=0.00 tps=2987.91 pubs=4000 err=0 | SUB recv=2240294 itps=0.00 tps=2987.63 p50=35.46ms p95=152.70ms p99=198.97ms err=0
[status] PUB sent=2240644 itps=0.00 tps=2983.93 pubs=4000 err=0 | SUB recv=2240294 itps=0.00 tps=2983.65 p50=35.46ms p95=152.70ms p99=198.97ms err=0
[status] PUB sent=2240644 itps=0.00 tps=2979.96 pubs=4000 err=0 | SUB recv=2240294 itps=0.00 tps=2979.68 p50=35.46ms p95=152.70ms p99=198.97ms err=0
[status] PUB sent=2240644 itps=0.00 tps=2976.00 pubs=4000 err=0 | SUB recv=2240294 itps=0.00 tps=2975.73 p50=35.46ms p95=152.70ms p99=198.97ms err=0
[status] PUB sent=2240644 itps=0.00 tps=2972.05 pubs=4000 err=0 | SUB recv=2240294 itps=0.00 tps=2971.78 p50=35.46ms p95=152.70ms p99=198.97ms err=0
[status] PUB sent=2240644 itps=0.00 tps=2968.12 pubs=4000 err=0 | SUB recv=2240294 itps=0.00 tps=2967.84 p50=35.46ms p95=152.70ms p99=198.97ms err=0
[status] PUB sent=2240644 itps=0.00 tps=2964.19 pubs=4000 err=0 | SUB recv=2240294 itps=0.00 tps=2963.91 p50=35.46ms p95=152.70ms p99=198.97ms err=0
[status] PUB sent=2240644 itps=0.00 tps=2960.27 pubs=4000 err=0 | SUB recv=2240294 itps=0.00 tps=2960.00 p50=35.46ms p95=152.70ms p99=198.97ms err=0
[status] PUB sent=2240644 itps=0.00 tps=2956.37 pubs=4000 err=0 | SUB recv=2240294 itps=0.00 tps=2956.09 p50=35.46ms p95=152.70ms p99=198.97ms err=0
[status] PUB sent=2240644 itps=0.00 tps=2952.47 pubs=4000 err=0 | SUB recv=2240294 itps=0.00 tps=2952.20 p50=35.46ms p95=152.70ms p99=198.97ms err=0
[status] PUB sent=2240644 itps=0.00 tps=2948.59 pubs=4000 err=0 | SUB recv=2240294 itps=0.00 tps=2948.31 p50=35.46ms p95=152.70ms p99=198.97ms err=0
[status] PUB sent=2240644 itps=0.00 tps=2944.71 pubs=4000 err=0 | SUB recv=2240294 itps=0.00 tps=2944.44 p50=35.46ms p95=152.70ms p99=198.97ms err=0
[status] PUB sent=2240644 itps=0.00 tps=2940.85 pubs=4000 err=0 | SUB recv=2240294 itps=0.00 tps=2940.57 p50=35.46ms p95=152.70ms p99=198.97ms err=0
[status] PUB sent=2240644 itps=0.00 tps=2936.99 pubs=4000 err=0 | SUB recv=2240294 itps=0.00 tps=2936.72 p50=35.46ms p95=152.70ms p99=198.97ms err=0
[status] PUB sent=2240644 itps=0.00 tps=2933.15 pubs=4000 err=0 | SUB recv=2240294 itps=0.00 tps=2932.87 p50=35.46ms p95=152.70ms p99=198.97ms err=0
[status] PUB sent=2240644 itps=0.00 tps=2929.31 pubs=4000 err=0 | SUB recv=2240294 itps=0.00 tps=2929.04 p50=35.46ms p95=152.70ms p99=198.97ms err=0
[status] PUB sent=2240644 itps=0.00 tps=2925.49 pubs=4000 err=0 | SUB recv=2240294 itps=0.00 tps=2925.21 p50=35.46ms p95=152.70ms p99=198.97ms err=0
[status] PUB sent=2240644 itps=0.00 tps=2921.68 pubs=4000 err=0 | SUB recv=2240294 itps=0.00 tps=2921.40 p50=35.46ms p95=152.70ms p99=198.97ms err=0
[status] PUB sent=2240644 itps=0.00 tps=2917.87 pubs=4000 err=0 | SUB recv=2240294 itps=0.00 tps=2917.59 p50=35.46ms p95=152.70ms p99=198.97ms err=0
[status] PUB sent=2240644 itps=0.00 tps=2910.29 pubs=4000 err=0 | SUB recv=2240294 itps=0.00 tps=2910.01 p50=35.46ms p95=152.70ms p99=198.97ms err=0
[status] PUB sent=2240644 itps=0.00 tps=2906.52 pubs=4000 err=0 | SUB recv=2240294 itps=0.00 tps=2906.24 p50=35.46ms p95=152.70ms p99=198.97ms err=0
[status] PUB sent=2240644 itps=0.00 tps=2902.75 pubs=4000 err=0 | SUB recv=2240294 itps=0.00 tps=2902.47 p50=35.46ms p95=152.70ms p99=198.97ms err=0
[status] PUB sent=2240644 itps=0.00 tps=2898.99 pubs=4000 err=0 | SUB recv=2240294 itps=0.00 tps=2898.72 p50=35.46ms p95=152.70ms p99=198.97ms err=0
[status] PUB sent=2240644 itps=0.00 tps=2895.25 pubs=4000 err=0 | SUB recv=2240294 itps=0.00 tps=2894.97 p50=35.46ms p95=152.70ms p99=198.97ms err=0
[status] PUB sent=2240644 itps=0.00 tps=2891.51 pubs=4000 err=0 | SUB recv=2240294 itps=0.00 tps=2891.24 p50=35.46ms p95=152.70ms p99=198.97ms err=0
[status] PUB sent=2240644 itps=0.00 tps=2887.78 pubs=4000 err=0 | SUB recv=2240294 itps=0.00 tps=2887.51 p50=35.46ms p95=152.70ms p99=198.97ms err=0
[status] PUB sent=2240644 itps=0.00 tps=2884.07 pubs=4000 err=0 | SUB recv=2240294 itps=0.00 tps=2883.79 p50=35.46ms p95=152.70ms p99=198.97ms err=0
[status] PUB sent=2240644 itps=0.00 tps=2880.36 pubs=4000 err=0 | SUB recv=2240294 itps=0.00 tps=2880.09 p50=35.46ms p95=152.70ms p99=198.97ms err=0
[status] PUB sent=2240644 itps=0.00 tps=2876.66 pubs=4000 err=0 | SUB recv=2240294 itps=0.00 tps=2876.39 p50=35.46ms p95=152.70ms p99=198.97ms err=0
[status] PUB sent=2240644 itps=0.00 tps=2872.97 pubs=4000 err=0 | SUB recv=2240294 itps=0.00 tps=2872.70 p50=35.46ms p95=152.70ms p99=198.97ms err=0
[status] PUB sent=2240644 itps=0.00 tps=2869.30 pubs=4000 err=0 | SUB recv=2240294 itps=0.00 tps=2869.02 p50=35.46ms p95=152.70ms p99=198.97ms err=0
[status] PUB sent=2240644 itps=0.00 tps=2865.62 pubs=4000 err=0 | SUB recv=2240294 itps=0.00 tps=2865.35 p50=35.46ms p95=152.70ms p99=198.97ms err=0
[status] PUB sent=2240644 itps=0.00 tps=2861.96 pubs=4000 err=0 | SUB recv=2240294 itps=0.00 tps=2861.69 p50=35.46ms p95=152.70ms p99=198.97ms err=0
[status] PUB sent=2240644 itps=0.00 tps=2858.31 pubs=4000 err=0 | SUB recv=2240294 itps=0.00 tps=2858.04 p50=35.46ms p95=152.70ms p99=198.97ms err=0
[status] PUB sent=2240644 itps=0.00 tps=2854.67 pubs=4000 err=0 | SUB recv=2240294 itps=0.00 tps=2854.40 p50=35.46ms p95=152.70ms p99=198.97ms err=0
[status] PUB sent=2240644 itps=0.00 tps=2851.04 pubs=4000 err=0 | SUB recv=2240294 itps=0.00 tps=2850.77 p50=35.46ms p95=152.70ms p99=198.97ms err=0
[status] PUB sent=2240644 itps=0.00 tps=2847.42 pubs=4000 err=0 | SUB recv=2240294 itps=0.00 tps=2847.14 p50=35.46ms p95=152.70ms p99=198.97ms err=0
[status] PUB sent=2240644 itps=0.00 tps=2843.80 pubs=4000 err=0 | SUB recv=2240294 itps=0.00 tps=2843.53 p50=35.46ms p95=152.70ms p99=198.97ms err=0
[status] PUB sent=2240644 itps=0.00 tps=2840.20 pubs=4000 err=0 | SUB recv=2240294 itps=0.00 tps=2839.93 p50=35.46ms p95=152.70ms p99=198.97ms err=0
[status] PUB sent=2240644 itps=0.00 tps=2836.60 pubs=4000 err=0 | SUB recv=2240294 itps=0.00 tps=2836.33 p50=35.46ms p95=152.70ms p99=198.97ms err=0
[status] PUB sent=2240644 itps=0.00 tps=2833.02 pubs=4000 err=0 | SUB recv=2240294 itps=0.00 tps=2832.74 p50=35.46ms p95=152.70ms p99=198.97ms err=0
[status] PUB sent=2240644 itps=0.00 tps=2829.44 pubs=4000 err=0 | SUB recv=2240294 itps=0.00 tps=2829.17 p50=35.46ms p95=152.70ms p99=198.97ms err=0
[status] PUB sent=2240644 itps=0.00 tps=2825.87 pubs=4000 err=0 | SUB recv=2240294 itps=0.00 tps=2825.60 p50=35.46ms p95=152.70ms p99=198.97ms err=0
[status] PUB sent=2240644 itps=0.00 tps=2822.31 pubs=4000 err=0 | SUB recv=2240294 itps=0.00 tps=2822.04 p50=35.46ms p95=152.70ms p99=198.97ms err=0
[status] PUB sent=2240644 itps=0.00 tps=2818.76 pubs=4000 err=0 | SUB recv=2240294 itps=0.00 tps=2818.49 p50=35.46ms p95=152.70ms p99=198.97ms err=0
[status] PUB sent=2240644 itps=0.00 tps=2815.22 pubs=4000 err=0 | SUB recv=2240294 itps=0.00 tps=2814.95 p50=35.46ms p95=152.70ms p99=198.97ms err=0
[status] PUB sent=2240644 itps=0.00 tps=2811.69 pubs=4000 err=0 | SUB recv=2240294 itps=0.00 tps=2811.41 p50=35.46ms p95=152.70ms p99=198.97ms err=0
[status] PUB sent=2240644 itps=0.00 tps=2808.16 pubs=4000 err=0 | SUB recv=2240294 itps=0.00 tps=2807.89 p50=35.46ms p95=152.70ms p99=198.97ms err=0
[status] PUB sent=2240644 itps=0.00 tps=2804.65 pubs=4000 err=0 | SUB recv=2240294 itps=0.00 tps=2804.38 p50=35.46ms p95=152.70ms p99=198.97ms err=0
[status] PUB sent=2240644 itps=0.00 tps=2801.14 pubs=4000 err=0 | SUB recv=2240294 itps=0.00 tps=2800.87 p50=35.46ms p95=152.70ms p99=198.97ms err=0
[status] PUB sent=2240644 itps=0.00 tps=2797.64 pubs=4000 err=0 | SUB recv=2240294 itps=0.00 tps=2797.37 p50=35.46ms p95=152.70ms p99=198.97ms err=0
[status] PUB sent=2240644 itps=0.00 tps=2794.16 pubs=4000 err=0 | SUB recv=2240294 itps=0.00 tps=2793.88 p50=35.46ms p95=152.70ms p99=198.97ms err=0
[status] PUB sent=2240644 itps=0.00 tps=2790.68 pubs=4000 err=0 | SUB recv=2240294 itps=0.00 tps=2790.40 p50=35.46ms p95=152.70ms p99=198.97ms err=0
[status] PUB sent=2240644 itps=0.00 tps=2787.20 pubs=4000 err=0 | SUB recv=2240294 itps=0.00 tps=2786.93 p50=35.46ms p95=152.70ms p99=198.97ms err=0
[status] PUB sent=2240644 itps=0.00 tps=2783.74 pubs=4000 err=0 | SUB recv=2240294 itps=0.00 tps=2783.47 p50=35.46ms p95=152.70ms p99=198.97ms err=0
[status] PUB sent=2240644 itps=0.00 tps=2780.29 pubs=4000 err=0 | SUB recv=2240294 itps=0.00 tps=2780.01 p50=35.46ms p95=152.70ms p99=198.97ms err=0
[status] PUB sent=2240644 itps=0.00 tps=2776.84 pubs=4000 err=0 | SUB recv=2240294 itps=0.00 tps=2776.57 p50=35.46ms p95=152.70ms p99=198.97ms err=0
[status] PUB sent=2240644 itps=0.00 tps=2773.40 pubs=4000 err=0 | SUB recv=2240294 itps=0.00 tps=2773.13 p50=35.46ms p95=152.70ms p99=198.97ms err=0
[status] PUB sent=2240644 itps=0.00 tps=2769.98 pubs=4000 err=0 | SUB recv=2240294 itps=0.00 tps=2769.70 p50=35.46ms p95=152.70ms p99=198.97ms err=0
[status] PUB sent=2240644 itps=0.00 tps=2766.56 pubs=4000 err=0 | SUB recv=2240294 itps=0.00 tps=2766.28 p50=35.46ms p95=152.70ms p99=198.97ms err=0
[status] PUB sent=2240644 itps=0.00 tps=2763.14 pubs=4000 err=0 | SUB recv=2240294 itps=0.00 tps=2762.87 p50=35.46ms p95=152.70ms p99=198.97ms err=0
[status] PUB sent=2240644 itps=0.00 tps=2759.74 pubs=4000 err=0 | SUB recv=2240294 itps=0.00 tps=2759.47 p50=35.46ms p95=152.70ms p99=198.97ms err=0
[status] PUB sent=2240644 itps=0.00 tps=2756.35 pubs=4000 err=0 | SUB recv=2240294 itps=0.00 tps=2756.08 p50=35.46ms p95=152.70ms p99=198.97ms err=0
[status] PUB sent=2240644 itps=0.00 tps=2752.96 pubs=4000 err=0 | SUB recv=2240294 itps=0.00 tps=2752.69 p50=35.46ms p95=152.70ms p99=198.97ms err=0
[status] PUB sent=2240644 itps=0.00 tps=2749.58 pubs=4000 err=0 | SUB recv=2240294 itps=0.00 tps=2749.31 p50=35.46ms p95=152.70ms p99=198.97ms err=0
[status] PUB sent=2240644 itps=0.00 tps=2746.21 pubs=4000 err=0 | SUB recv=2240294 itps=0.00 tps=2745.94 p50=35.46ms p95=152.70ms p99=198.97ms err=0
[status] PUB sent=2240644 itps=0.00 tps=2742.85 pubs=4000 err=0 | SUB recv=2240294 itps=0.00 tps=2742.58 p50=35.46ms p95=152.70ms p99=198.97ms err=0
[status] PUB sent=2240644 itps=0.00 tps=2739.49 pubs=4000 err=0 | SUB recv=2240294 itps=0.00 tps=2739.23 p50=35.46ms p95=152.70ms p99=198.97ms err=0
[status] PUB sent=2240644 itps=0.00 tps=2736.15 pubs=4000 err=0 | SUB recv=2240294 itps=0.00 tps=2735.88 p50=35.46ms p95=152.70ms p99=198.97ms err=0
[status] PUB sent=2240644 itps=0.00 tps=2732.81 pubs=4000 err=0 | SUB recv=2240294 itps=0.00 tps=2732.54 p50=35.46ms p95=152.70ms p99=198.97ms err=0
[status] PUB sent=2240644 itps=0.00 tps=2729.48 pubs=4000 err=0 | SUB recv=2240294 itps=0.00 tps=2729.21 p50=35.46ms p95=152.70ms p99=198.97ms err=0
[status] PUB sent=2240644 itps=0.00 tps=2726.16 pubs=4000 err=0 | SUB recv=2240294 itps=0.00 tps=2725.90 p50=35.46ms p95=152.70ms p99=198.97ms err=0
[status] PUB sent=2240644 itps=0.00 tps=2722.85 pubs=4000 err=0 | SUB recv=2240294 itps=0.00 tps=2722.58 p50=35.46ms p95=152.70ms p99=198.97ms err=0
[status] PUB sent=2240644 itps=0.00 tps=2719.55 pubs=4000 err=0 | SUB recv=2240294 itps=0.00 tps=2719.28 p50=35.46ms p95=152.70ms p99=198.97ms err=0
[status] PUB sent=2240644 itps=0.00 tps=2716.25 pubs=4000 err=0 | SUB recv=2240294 itps=0.00 tps=2715.98 p50=35.46ms p95=152.70ms p99=198.97ms err=0
[status] PUB sent=2240644 itps=0.00 tps=2712.96 pubs=4000 err=0 | SUB recv=2240294 itps=0.00 tps=2712.69 p50=35.46ms p95=152.70ms p99=198.97ms err=0
[status] PUB sent=2240644 itps=0.00 tps=2709.68 pubs=4000 err=0 | SUB recv=2240294 itps=0.00 tps=2709.41 p50=35.46ms p95=152.70ms p99=198.97ms err=0
[status] PUB sent=2240644 itps=0.00 tps=2706.41 pubs=4000 err=0 | SUB recv=2240294 itps=0.00 tps=2706.14 p50=35.46ms p95=152.70ms p99=198.97ms err=0
[status] PUB sent=2240644 itps=0.00 tps=2703.14 pubs=4000 err=0 | SUB recv=2240294 itps=0.00 tps=2702.87 p50=35.46ms p95=152.70ms p99=198.97ms err=0
[status] PUB sent=2240644 itps=0.00 tps=2699.88 pubs=4000 err=0 | SUB recv=2240294 itps=0.00 tps=2699.62 p50=35.46ms p95=152.70ms p99=198.97ms err=0
[status] PUB sent=2240644 itps=0.00 tps=2696.63 pubs=4000 err=0 | SUB recv=2240294 itps=0.00 tps=2696.36 p50=35.46ms p95=152.70ms p99=198.97ms err=0
[status] PUB sent=2240644 itps=0.00 tps=2693.39 pubs=4000 err=0 | SUB recv=2240294 itps=0.00 tps=2693.12 p50=35.46ms p95=152.70ms p99=198.97ms err=0
[status] PUB sent=2240644 itps=0.00 tps=2690.16 pubs=4000 err=0 | SUB recv=2240294 itps=0.00 tps=2689.89 p50=35.46ms p95=152.70ms p99=198.97ms err=0
[status] PUB sent=2240644 itps=0.00 tps=2686.93 pubs=4000 err=0 | SUB recv=2240294 itps=0.00 tps=2686.66 p50=35.46ms p95=152.70ms p99=198.97ms err=0
[status] PUB sent=2240644 itps=0.00 tps=2683.71 pubs=4000 err=0 | SUB recv=2240294 itps=0.00 tps=2683.45 p50=35.46ms p95=152.70ms p99=198.97ms err=0
[status] PUB sent=2240644 itps=0.00 tps=2680.51 pubs=4000 err=0 | SUB recv=2240294 itps=0.00 tps=2680.24 p50=35.46ms p95=152.70ms p99=198.97ms err=0
[status] PUB sent=2240644 itps=0.00 tps=2677.30 pubs=4000 err=0 | SUB recv=2240294 itps=0.00 tps=2677.03 p50=35.46ms p95=152.70ms p99=198.97ms err=0
[status] PUB sent=2240644 itps=0.00 tps=2674.11 pubs=4000 err=0 | SUB recv=2240294 itps=0.00 tps=2673.84 p50=35.46ms p95=152.70ms p99=198.97ms err=0
[status] PUB sent=2240644 itps=0.00 tps=2670.92 pubs=4000 err=0 | SUB recv=2240294 itps=0.00 tps=2667.47 p50=35.46ms p95=152.70ms p99=198.97ms err=0
[status] PUB sent=2240644 itps=0.00 tps=2664.57 pubs=4000 err=0 | SUB recv=2240294 itps=0.00 tps=2664.30 p50=35.46ms p95=152.70ms p99=198.97ms err=0
[status] PUB sent=2240644 itps=0.00 tps=2661.40 pubs=4000 err=0 | SUB recv=2240294 itps=0.00 tps=2661.13 p50=35.46ms p95=152.70ms p99=198.97ms err=0
[status] PUB sent=2240644 itps=0.00 tps=2658.24 pubs=4000 err=0 | SUB recv=2240294 itps=0.00 tps=2657.98 p50=35.46ms p95=152.70ms p99=198.97ms err=0
[status] PUB sent=2240644 itps=0.00 tps=2655.09 pubs=4000 err=0 | SUB recv=2240294 itps=0.00 tps=2654.83 p50=35.46ms p95=152.70ms p99=198.97ms err=0
[status] PUB sent=2240644 itps=0.00 tps=2651.95 pubs=4000 err=0 | SUB recv=2240294 itps=0.00 tps=2651.68 p50=35.46ms p95=152.70ms p99=198.97ms err=0
[status] PUB sent=2240644 itps=0.00 tps=2648.82 pubs=4000 err=0 | SUB recv=2240294 itps=0.00 tps=2648.55 p50=35.46ms p95=152.70ms p99=198.97ms err=0
[status] PUB sent=2240644 itps=0.00 tps=2645.69 pubs=4000 err=0 | SUB recv=2240294 itps=0.00 tps=2645.42 p50=35.46ms p95=152.70ms p99=198.97ms err=0
[status] PUB sent=2240644 itps=0.00 tps=2642.57 pubs=4000 err=0 | SUB recv=2240294 itps=0.00 tps=2642.30 p50=35.46ms p95=152.70ms p99=198.97ms err=0
[status] PUB sent=2240644 itps=0.00 tps=2639.46 pubs=4000 err=0 | SUB recv=2240294 itps=0.00 tps=2639.19 p50=35.46ms p95=152.70ms p99=198.97ms err=0
[status] PUB sent=2240644 itps=0.00 tps=2636.35 pubs=4000 err=0 | SUB recv=2240294 itps=0.00 tps=2636.08 p50=35.46ms p95=152.70ms p99=198.97ms err=0
[status] PUB sent=2240644 itps=0.00 tps=2633.25 pubs=4000 err=0 | SUB recv=2240294 itps=0.00 tps=2632.99 p50=35.46ms p95=152.70ms p99=198.97ms err=0
[status] PUB sent=2240644 itps=0.00 tps=2630.16 pubs=4000 err=0 | SUB recv=2240294 itps=0.00 tps=2629.90 p50=35.46ms p95=152.70ms p99=198.97ms err=0
[status] PUB sent=2240644 itps=0.00 tps=2627.08 pubs=4000 err=0 | SUB recv=2240294 itps=0.00 tps=2626.81 p50=35.46ms p95=152.70ms p99=198.97ms err=0
[status] PUB sent=2240644 itps=0.00 tps=2624.00 pubs=4000 err=0 | SUB recv=2240294 itps=0.00 tps=2623.74 p50=35.46ms p95=152.70ms p99=198.97ms err=0
[status] PUB sent=2240644 itps=0.00 tps=2620.93 pubs=4000 err=0 | SUB recv=2240294 itps=0.00 tps=2620.67 p50=35.46ms p95=152.70ms p99=198.97ms err=0
[status] PUB sent=2240644 itps=0.00 tps=2617.87 pubs=4000 err=0 | SUB recv=2240294 itps=0.00 tps=2617.60 p50=35.46ms p95=152.70ms p99=198.97ms err=0
[status] PUB sent=2240644 itps=0.00 tps=2614.81 pubs=4000 err=0 | SUB recv=2240294 itps=0.00 tps=2614.55 p50=35.46ms p95=152.70ms p99=198.97ms err=0
[status] PUB sent=2240644 itps=0.00 tps=2611.76 pubs=4000 err=0 | SUB recv=2240294 itps=0.00 tps=2611.50 p50=35.46ms p95=152.70ms p99=198.97ms err=0
[status] PUB sent=2240644 itps=0.00 tps=2608.72 pubs=4000 err=0 | SUB recv=2240294 itps=0.00 tps=2608.46 p50=35.46ms p95=152.70ms p99=198.97ms err=0
[status] PUB sent=2240644 itps=0.00 tps=2605.69 pubs=4000 err=0 | SUB recv=2240294 itps=0.00 tps=2605.43 p50=35.46ms p95=152.70ms p99=198.97ms err=0
[status] PUB sent=2240644 itps=0.00 tps=2602.66 pubs=4000 err=0 | SUB recv=2240294 itps=0.00 tps=2602.40 p50=35.46ms p95=152.70ms p99=198.97ms err=0
[status] PUB sent=2240644 itps=0.00 tps=2599.64 pubs=4000 err=0 | SUB recv=2240294 itps=0.00 tps=2599.38 p50=35.46ms p95=152.70ms p99=198.97ms err=0
[status] PUB sent=2240644 itps=0.00 tps=2596.63 pubs=4000 err=0 | SUB recv=2240294 itps=0.00 tps=2596.37 p50=35.46ms p95=152.70ms p99=198.97ms err=0
[status] PUB sent=2240644 itps=0.00 tps=2593.63 pubs=4000 err=0 | SUB recv=2240294 itps=0.00 tps=2593.36 p50=35.46ms p95=152.70ms p99=198.97ms err=0
[status] PUB sent=2240644 itps=0.00 tps=2590.63 pubs=4000 err=0 | SUB recv=2240294 itps=0.00 tps=2590.36 p50=35.46ms p95=152.70ms p99=198.97ms err=0
[status] PUB sent=2240644 itps=0.00 tps=2587.63 pubs=4000 err=0 | SUB recv=2240294 itps=0.00 tps=2587.37 p50=35.46ms p95=152.70ms p99=198.97ms err=0
[status] PUB sent=2240644 itps=0.00 tps=2584.65 pubs=4000 err=0 | SUB recv=2240294 itps=0.00 tps=2584.39 p50=35.46ms p95=152.70ms p99=198.97ms err=0
[status] PUB sent=2240644 itps=0.00 tps=2581.67 pubs=4000 err=0 | SUB recv=2240294 itps=0.00 tps=2581.41 p50=35.46ms p95=152.70ms p99=198.97ms err=0
[status] PUB sent=2240644 itps=0.00 tps=2578.70 pubs=4000 err=0 | SUB recv=2240294 itps=0.00 tps=2578.44 p50=35.46ms p95=152.70ms p99=198.97ms err=0
[status] PUB sent=2240644 itps=0.00 tps=2575.74 pubs=4000 err=0 | SUB recv=2240294 itps=0.00 tps=2575.47 p50=35.46ms p95=152.70ms p99=198.97ms err=0
[status] PUB sent=2240644 itps=0.00 tps=2572.78 pubs=4000 err=0 | SUB recv=2240294 itps=0.00 tps=2572.52 p50=35.46ms p95=152.70ms p99=198.97ms err=0
[status] PUB sent=2240644 itps=0.00 tps=2569.83 pubs=4000 err=0 | SUB recv=2240294 itps=0.00 tps=2569.57 p50=35.46ms p95=152.70ms p99=198.97ms err=0
[status] PUB sent=2240644 itps=0.00 tps=2566.88 pubs=4000 err=0 | SUB recv=2240294 itps=0.00 tps=2566.62 p50=35.46ms p95=152.70ms p99=198.97ms err=0
[status] PUB sent=2240644 itps=0.00 tps=2563.95 pubs=4000 err=0 | SUB recv=2240294 itps=0.00 tps=2563.69 p50=35.46ms p95=152.70ms p99=198.97ms err=0
[status] PUB sent=2240644 itps=0.00 tps=2561.02 pubs=4000 err=0 | SUB recv=2240294 itps=0.00 tps=2560.76 p50=35.46ms p95=152.70ms p99=198.97ms err=0
[status] PUB sent=2240644 itps=0.00 tps=2558.09 pubs=4000 err=0 | SUB recv=2240294 itps=0.00 tps=2557.83 p50=35.46ms p95=152.70ms p99=198.97ms err=0
[status] PUB sent=2240644 itps=0.00 tps=2555.17 pubs=4000 err=0 | SUB recv=2240294 itps=0.00 tps=2554.91 p50=35.46ms p95=152.70ms p99=198.97ms err=0
[status] PUB sent=2240644 itps=0.00 tps=2552.26 pubs=4000 err=0 | SUB recv=2240294 itps=0.00 tps=2552.00 p50=35.46ms p95=152.70ms p99=198.97ms err=0
[status] PUB sent=2240644 itps=0.00 tps=2549.36 pubs=4000 err=0 | SUB recv=2240294 itps=0.00 tps=2549.10 p50=35.46ms p95=152.70ms p99=198.97ms err=0
[status] PUB sent=2240644 itps=0.00 tps=2546.46 pubs=4000 err=0 | SUB recv=2240294 itps=0.00 tps=2546.20 p50=35.46ms p95=152.70ms p99=198.97ms err=0
[status] PUB sent=2240644 itps=0.00 tps=2543.57 pubs=4000 err=0 | SUB recv=2240294 itps=0.00 tps=2543.31 p50=35.46ms p95=152.70ms p99=198.97ms err=0
[status] PUB sent=2240644 itps=0.00 tps=2540.69 pubs=4000 err=0 | SUB recv=2240294 itps=0.00 tps=2540.43 p50=35.46ms p95=152.70ms p99=198.97ms err=0
[status] PUB sent=2240644 itps=0.00 tps=2537.81 pubs=4000 err=0 | SUB recv=2240294 itps=0.00 tps=2537.55 p50=35.46ms p95=152.70ms p99=198.97ms err=0
[status] PUB sent=2240644 itps=0.00 tps=2534.94 pubs=4000 err=0 | SUB recv=2240294 itps=0.00 tps=2534.68 p50=35.46ms p95=152.70ms p99=198.97ms err=0
[status] PUB sent=2240644 itps=0.00 tps=2532.08 pubs=4000 err=0 | SUB recv=2240294 itps=0.00 tps=2531.81 p50=35.46ms p95=152.70ms p99=198.97ms err=0
[status] PUB sent=2240644 itps=0.00 tps=2529.22 pubs=4000 err=0 | SUB recv=2240294 itps=0.00 tps=2528.96 p50=35.46ms p95=152.70ms p99=198.97ms err=0
[status] PUB sent=2240644 itps=0.00 tps=2526.37 pubs=4000 err=0 | SUB recv=2240294 itps=0.00 tps=2526.11 p50=35.46ms p95=152.70ms p99=198.97ms err=0
[status] PUB sent=2240644 itps=0.00 tps=2523.52 pubs=4000 err=0 | SUB recv=2240294 itps=0.00 tps=2523.26 p50=35.46ms p95=152.70ms p99=198.97ms err=0
[status] PUB sent=2240644 itps=0.00 tps=2520.68 pubs=4000 err=0 | SUB recv=2240294 itps=0.00 tps=2520.42 p50=35.46ms p95=152.70ms p99=198.97ms err=0
[status] PUB sent=2240644 itps=0.00 tps=2517.85 pubs=4000 err=0 | SUB recv=2240294 itps=0.00 tps=2517.59 p50=35.46ms p95=152.70ms p99=198.97ms err=0
[status] PUB sent=2240644 itps=0.00 tps=2515.02 pubs=4000 err=0 | SUB recv=2240294 itps=0.00 tps=2514.76 p50=35.46ms p95=152.70ms p99=198.97ms err=0
[status] PUB sent=2240644 itps=0.00 tps=2512.20 pubs=4000 err=0 | SUB recv=2240294 itps=0.00 tps=2511.94 p50=35.46ms p95=152.70ms p99=198.97ms err=0
[status] PUB sent=2240644 itps=0.00 tps=2509.39 pubs=4000 err=0 | SUB recv=2240294 itps=0.00 tps=2509.13 p50=35.46ms p95=152.70ms p99=198.97ms err=0
[status] PUB sent=2240644 itps=0.00 tps=2506.58 pubs=4000 err=0 | SUB recv=2240294 itps=0.00 tps=2506.32 p50=35.46ms p95=152.70ms p99=198.97ms err=0
[status] PUB sent=2240644 itps=0.00 tps=2503.78 pubs=4000 err=0 | SUB recv=2240294 itps=0.00 tps=2503.52 p50=35.46ms p95=152.70ms p99=198.97ms err=0
[status] PUB sent=2240644 itps=0.00 tps=2500.99 pubs=4000 err=0 | SUB recv=2240294 itps=0.00 tps=2500.73 p50=35.46ms p95=152.70ms p99=198.97ms err=0
[status] PUB sent=2240644 itps=0.00 tps=2498.20 pubs=4000 err=0 | SUB recv=2240294 itps=0.00 tps=2497.94 p50=35.46ms p95=152.70ms p99=198.97ms err=0
[status] PUB sent=2240644 itps=0.00 tps=2495.42 pubs=4000 err=0 | SUB recv=2240294 itps=0.00 tps=2495.16 p50=35.46ms p95=152.70ms p99=198.97ms err=0
[status] PUB sent=2240644 itps=0.00 tps=2492.64 pubs=4000 err=0 | SUB recv=2240294 itps=0.00 tps=2492.38 p50=35.46ms p95=152.70ms p99=198.97ms err=0
[status] PUB sent=2240644 itps=0.00 tps=2489.87 pubs=4000 err=0 | SUB recv=2240294 itps=0.00 tps=2489.61 p50=35.46ms p95=152.70ms p99=198.97ms err=0
[status] PUB sent=2240644 itps=0.00 tps=2487.11 pubs=4000 err=0 | SUB recv=2240294 itps=0.00 tps=2486.85 p50=35.46ms p95=152.70ms p99=198.97ms err=0
[status] PUB sent=2240644 itps=0.00 tps=2484.35 pubs=4000 err=0 | SUB recv=2240294 itps=0.00 tps=2484.09 p50=35.46ms p95=152.70ms p99=198.97ms err=0
[status] PUB sent=2240644 itps=0.00 tps=2481.60 pubs=4000 err=0 | SUB recv=2240294 itps=0.00 tps=2481.34 p50=35.46ms p95=152.70ms p99=198.97ms err=0
[status] PUB sent=2240644 itps=0.00 tps=2478.85 pubs=4000 err=0 | SUB recv=2240294 itps=0.00 tps=2478.60 p50=35.46ms p95=152.70ms p99=198.97ms err=0
[status] PUB sent=2240644 itps=0.00 tps=2476.11 pubs=4000 err=0 | SUB recv=2240294 itps=0.00 tps=2475.85 p50=35.46ms p95=152.70ms p99=198.97ms err=0
[status] PUB sent=2240644 itps=0.00 tps=2473.38 pubs=4000 err=0 | SUB recv=2240294 itps=0.00 tps=2473.12 p50=35.46ms p95=152.70ms p99=198.97ms err=0
[status] PUB sent=2240644 itps=0.00 tps=2470.65 pubs=4000 err=0 | SUB recv=2240294 itps=0.00 tps=2470.40 p50=35.46ms p95=152.70ms p99=198.97ms err=0
[status] PUB sent=2240644 itps=0.00 tps=2465.21 pubs=4000 err=0 | SUB recv=2240294 itps=0.00 tps=2464.96 p50=35.46ms p95=152.70ms p99=198.97ms err=0
[status] PUB sent=2240644 itps=0.00 tps=2462.51 pubs=4000 err=0 | SUB recv=2240294 itps=0.00 tps=2462.25 p50=35.46ms p95=152.70ms p99=198.97ms err=0
[status] PUB sent=2240644 itps=0.00 tps=2459.80 pubs=4000 err=0 | SUB recv=2240294 itps=0.00 tps=2459.55 p50=35.46ms p95=152.70ms p99=198.97ms err=0
[status] PUB sent=2240644 itps=0.00 tps=2457.10 pubs=4000 err=0 | SUB recv=2240294 itps=0.00 tps=2456.85 p50=35.46ms p95=152.70ms p99=198.97ms err=0
[status] PUB sent=2240644 itps=0.00 tps=2454.41 pubs=4000 err=0 | SUB recv=2240294 itps=0.00 tps=2454.16 p50=35.46ms p95=152.70ms p99=198.97ms err=0
[status] PUB sent=2240644 itps=0.00 tps=2451.73 pubs=4000 err=0 | SUB recv=2240294 itps=0.00 tps=2451.47 p50=35.46ms p95=152.70ms p99=198.97ms err=0
[status] PUB sent=2240644 itps=0.00 tps=2449.05 pubs=4000 err=0 | SUB recv=2240294 itps=0.00 tps=2448.79 p50=35.46ms p95=152.70ms p99=198.97ms err=0
[status] PUB sent=2240644 itps=0.00 tps=2446.37 pubs=4000 err=0 | SUB recv=2240294 itps=0.00 tps=2446.12 p50=35.46ms p95=152.70ms p99=198.97ms err=0
[status] PUB sent=2240644 itps=0.00 tps=2443.71 pubs=4000 err=0 | SUB recv=2240294 itps=0.00 tps=2443.45 p50=35.46ms p95=152.70ms p99=198.97ms err=0
[status] PUB sent=2240644 itps=0.00 tps=2441.04 pubs=4000 err=0 | SUB recv=2240294 itps=0.00 tps=2440.79 p50=35.46ms p95=152.70ms p99=198.97ms err=0
[status] PUB sent=2240644 itps=0.00 tps=2438.39 pubs=4000 err=0 | SUB recv=2240294 itps=0.00 tps=2438.13 p50=35.46ms p95=152.70ms p99=198.97ms err=0
[status] PUB sent=2240644 itps=0.00 tps=2435.74 pubs=4000 err=0 | SUB recv=2240294 itps=0.00 tps=2435.48 p50=35.46ms p95=152.70ms p99=198.97ms err=0
[status] PUB sent=2240644 itps=0.00 tps=2433.09 pubs=4000 err=0 | SUB recv=2240294 itps=0.00 tps=2432.84 p50=35.46ms p95=152.70ms p99=198.97ms err=0
[status] PUB sent=2240644 itps=0.00 tps=2430.45 pubs=4000 err=0 | SUB recv=2240294 itps=0.00 tps=2430.20 p50=35.46ms p95=152.70ms p99=198.97ms err=0
[status] PUB sent=2240644 itps=0.00 tps=2427.82 pubs=4000 err=0 | SUB recv=2240294 itps=0.00 tps=2427.57 p50=35.46ms p95=152.70ms p99=198.97ms err=0
[status] PUB sent=2240644 itps=0.00 tps=2425.19 pubs=4000 err=0 | SUB recv=2240294 itps=0.00 tps=2424.94 p50=35.46ms p95=152.70ms p99=198.97ms err=0
[status] PUB sent=2240644 itps=0.00 tps=2422.57 pubs=4000 err=0 | SUB recv=2240294 itps=0.00 tps=2422.32 p50=35.46ms p95=152.70ms p99=198.97ms err=0
[status] PUB sent=2240644 itps=0.00 tps=2419.95 pubs=4000 err=0 | SUB recv=2240294 itps=0.00 tps=2419.70 p50=35.46ms p95=152.70ms p99=198.97ms err=0
[status] PUB sent=2240644 itps=0.00 tps=2417.34 pubs=4000 err=0 | SUB recv=2240294 itps=0.00 tps=2417.09 p50=35.46ms p95=152.70ms p99=198.97ms err=0
[status] PUB sent=2240644 itps=0.00 tps=2414.74 pubs=4000 err=0 | SUB recv=2240294 itps=0.00 tps=2414.48 p50=35.46ms p95=152.70ms p99=198.97ms err=0
[status] PUB sent=2240644 itps=0.00 tps=2412.14 pubs=4000 err=0 | SUB recv=2240294 itps=0.00 tps=2411.88 p50=35.46ms p95=152.70ms p99=198.97ms err=0
[status] PUB sent=2240644 itps=0.00 tps=2409.54 pubs=4000 err=0 | SUB recv=2240294 itps=0.00 tps=2409.29 p50=35.46ms p95=152.70ms p99=198.97ms err=0
[status] PUB sent=2240644 itps=0.00 tps=2406.96 pubs=4000 err=0 | SUB recv=2240294 itps=0.00 tps=2406.70 p50=35.46ms p95=152.70ms p99=198.97ms err=0
[status] PUB sent=2240644 itps=0.00 tps=2404.37 pubs=4000 err=0 | SUB recv=2240294 itps=0.00 tps=2404.12 p50=35.46ms p95=152.70ms p99=198.97ms err=0
[status] PUB sent=2240644 itps=0.00 tps=2401.79 pubs=4000 err=0 | SUB recv=2240294 itps=0.00 tps=2401.54 p50=35.46ms p95=152.70ms p99=198.97ms err=0
[status] PUB sent=2240644 itps=0.00 tps=2399.22 pubs=4000 err=0 | SUB recv=2240294 itps=0.00 tps=2398.97 p50=35.46ms p95=152.70ms p99=198.97ms err=0
[status] PUB sent=2240644 itps=0.00 tps=2396.66 pubs=4000 err=0 | SUB recv=2240294 itps=0.00 tps=2396.40 p50=35.46ms p95=152.70ms p99=198.97ms err=0
[status] PUB sent=2240644 itps=0.00 tps=2394.09 pubs=4000 err=0 | SUB recv=2240294 itps=0.00 tps=2393.84 p50=35.46ms p95=152.70ms p99=198.97ms err=0
[status] PUB sent=2240644 itps=0.00 tps=2391.54 pubs=4000 err=0 | SUB recv=2240294 itps=0.00 tps=2391.29 p50=35.46ms p95=152.70ms p99=198.97ms err=0
[status] PUB sent=2240644 itps=0.00 tps=2388.99 pubs=4000 err=0 | SUB recv=2240294 itps=0.00 tps=2388.74 p50=35.46ms p95=152.70ms p99=198.97ms err=0
[status] PUB sent=2240644 itps=0.00 tps=2386.44 pubs=4000 err=0 | SUB recv=2240294 itps=0.00 tps=2386.19 p50=35.46ms p95=152.70ms p99=198.97ms err=0
[status] PUB sent=2240644 itps=0.00 tps=2383.91 pubs=4000 err=0 | SUB recv=2240294 itps=0.00 tps=2383.65 p50=35.46ms p95=152.70ms p99=198.97ms err=0
[status] PUB sent=2240644 itps=0.00 tps=2381.37 pubs=4000 err=0 | SUB recv=2240294 itps=0.00 tps=2381.12 p50=35.46ms p95=152.70ms p99=198.97ms err=0
[status] PUB sent=2240644 itps=0.00 tps=2378.85 pubs=4000 err=0 | SUB recv=2240294 itps=0.00 tps=2378.59 p50=35.46ms p95=152.70ms p99=198.97ms err=0
[status] PUB sent=2240644 itps=0.00 tps=2376.32 pubs=4000 err=0 | SUB recv=2240294 itps=0.00 tps=2376.07 p50=35.46ms p95=152.70ms p99=198.97ms err=0
[status] PUB sent=2240644 itps=0.00 tps=2373.80 pubs=4000 err=0 | SUB recv=2240294 itps=0.00 tps=2373.55 p50=35.46ms p95=152.70ms p99=198.97ms err=0
[status] PUB sent=2240644 itps=0.00 tps=2371.29 pubs=4000 err=0 | SUB recv=2240294 itps=0.00 tps=2371.04 p50=35.46ms p95=152.70ms p99=198.97ms err=0
[status] PUB sent=2240644 itps=0.00 tps=2368.78 pubs=4000 err=0 | SUB recv=2240294 itps=0.00 tps=2368.53 p50=35.46ms p95=152.70ms p99=198.97ms err=0
[status] PUB sent=2240644 itps=0.00 tps=2366.28 pubs=4000 err=0 | SUB recv=2240294 itps=0.00 tps=2366.03 p50=35.46ms p95=152.70ms p99=198.97ms err=0
[status] PUB sent=2240644 itps=0.00 tps=2363.79 pubs=4000 err=0 | SUB recv=2240294 itps=0.00 tps=2363.54 p50=35.46ms p95=152.70ms p99=198.97ms err=0
[status] PUB sent=2240644 itps=0.00 tps=2361.30 pubs=4000 err=0 | SUB recv=2240294 itps=0.00 tps=2361.04 p50=35.46ms p95=152.70ms p99=198.97ms err=0
[status] PUB sent=2240644 itps=0.00 tps=2358.81 pubs=4000 err=0 | SUB recv=2240294 itps=0.00 tps=2358.56 p50=35.46ms p95=152.70ms p99=198.97ms err=0
[status] PUB sent=2240644 itps=0.00 tps=2356.33 pubs=4000 err=0 | SUB recv=2240294 itps=0.00 tps=2356.08 p50=35.46ms p95=152.70ms p99=198.97ms err=0
[status] PUB sent=2240644 itps=0.00 tps=2353.86 pubs=4000 err=0 | SUB recv=2240294 itps=0.00 tps=2353.60 p50=35.46ms p95=152.70ms p99=198.97ms err=0
[status] PUB sent=2240644 itps=0.00 tps=2351.38 pubs=4000 err=0 | SUB recv=2240294 itps=0.00 tps=2351.13 p50=35.46ms p95=152.70ms p99=198.97ms err=0
[status] PUB sent=2240644 itps=0.00 tps=2348.92 pubs=4000 err=0 | SUB recv=2240294 itps=0.00 tps=2348.67 p50=35.46ms p95=152.70ms p99=198.97ms err=0
[status] PUB sent=2240644 itps=0.00 tps=2346.46 pubs=4000 err=0 | SUB recv=2240294 itps=0.00 tps=2346.21 p50=35.46ms p95=152.70ms p99=198.97ms err=0
[status] PUB sent=2240644 itps=0.00 tps=2344.01 pubs=4000 err=0 | SUB recv=2240294 itps=0.00 tps=2343.76 p50=35.46ms p95=152.70ms p99=198.97ms err=0
[status] PUB sent=2240644 itps=0.00 tps=2341.55 pubs=4000 err=0 | SUB recv=2240294 itps=0.00 tps=2341.30 p50=35.46ms p95=152.70ms p99=198.97ms err=0
[status] PUB sent=2240644 itps=0.00 tps=2339.11 pubs=4000 err=0 | SUB recv=2240294 itps=0.00 tps=2338.86 p50=35.46ms p95=152.70ms p99=198.97ms err=0
[status] PUB sent=2240644 itps=0.00 tps=2336.67 pubs=4000 err=0 | SUB recv=2240294 itps=0.00 tps=2336.42 p50=35.46ms p95=152.70ms p99=198.97ms err=0
[status] PUB sent=2240644 itps=0.00 tps=2334.24 pubs=4000 err=0 | SUB recv=2240294 itps=0.00 tps=2333.99 p50=35.46ms p95=152.70ms p99=198.97ms err=0
[status] PUB sent=2240644 itps=0.00 tps=2331.81 pubs=4000 err=0 | SUB recv=2240294 itps=0.00 tps=2331.56 p50=35.46ms p95=152.70ms p99=198.97ms err=0
[status] PUB sent=2240644 itps=0.00 tps=2329.38 pubs=4000 err=0 | SUB recv=2240294 itps=0.00 tps=2329.13 p50=35.46ms p95=152.70ms p99=198.97ms err=0
[status] PUB sent=2240644 itps=0.00 tps=2326.97 pubs=4000 err=0 | SUB recv=2240294 itps=0.00 tps=2326.72 p50=35.46ms p95=152.70ms p99=198.97ms err=0
[status] PUB sent=2240644 itps=0.00 tps=2324.55 pubs=4000 err=0 | SUB recv=2240294 itps=0.00 tps=2324.30 p50=35.46ms p95=152.70ms p99=198.97ms err=0
[status] PUB sent=2240644 itps=0.00 tps=2322.14 pubs=4000 err=0 | SUB recv=2240294 itps=0.00 tps=2321.89 p50=35.46ms p95=152.70ms p99=198.97ms err=0
[status] PUB sent=2240644 itps=0.00 tps=2319.74 pubs=4000 err=0 | SUB recv=2240294 itps=0.00 tps=2319.49 p50=35.46ms p95=152.70ms p99=198.97ms err=0
[status] PUB sent=2240644 itps=0.00 tps=2317.34 pubs=4000 err=0 | SUB recv=2240294 itps=0.00 tps=2317.09 p50=35.46ms p95=152.70ms p99=198.97ms err=0
[status] PUB sent=2240644 itps=0.00 tps=2314.94 pubs=4000 err=0 | SUB recv=2240294 itps=0.00 tps=2314.69 p50=35.46ms p95=152.70ms p99=198.97ms err=0
[status] PUB sent=2240644 itps=0.00 tps=2312.56 pubs=4000 err=0 | SUB recv=2240294 itps=0.00 tps=2312.31 p50=35.46ms p95=152.70ms p99=198.97ms err=0
[status] PUB sent=2240644 itps=0.00 tps=2310.17 pubs=4000 err=0 | SUB recv=2240294 itps=0.00 tps=2309.92 p50=35.46ms p95=152.70ms p99=198.97ms err=0
[status] PUB sent=2240644 itps=0.00 tps=2307.79 pubs=4000 err=0 | SUB recv=2240294 itps=0.00 tps=2307.54 p50=35.46ms p95=152.70ms p99=198.97ms err=0
[status] PUB sent=2240644 itps=0.00 tps=2305.42 pubs=4000 err=0 | SUB recv=2240294 itps=0.00 tps=2305.17 p50=35.46ms p95=152.70ms p99=198.97ms err=0
[status] PUB sent=2240644 itps=0.00 tps=2303.05 pubs=4000 err=0 | SUB recv=2240294 itps=0.00 tps=2302.80 p50=35.46ms p95=152.70ms p99=198.97ms err=0
[status] PUB sent=2240644 itps=0.00 tps=2300.68 pubs=4000 err=0 | SUB recv=2240294 itps=0.00 tps=2300.43 p50=35.46ms p95=152.70ms p99=198.97ms err=0
[status] PUB sent=2240644 itps=0.00 tps=2298.32 pubs=4000 err=0 | SUB recv=2240294 itps=0.00 tps=2298.08 p50=35.46ms p95=152.70ms p99=198.97ms err=0
[status] PUB sent=2240644 itps=0.00 tps=2295.97 pubs=4000 err=0 | SUB recv=2240294 itps=0.00 tps=2295.72 p50=35.46ms p95=152.70ms p99=198.97ms err=0
[status] PUB sent=2240644 itps=0.00 tps=2293.62 pubs=4000 err=0 | SUB recv=2240294 itps=0.00 tps=2293.37 p50=35.46ms p95=152.70ms p99=198.97ms err=0
[status] PUB sent=2240644 itps=0.00 tps=2288.93 pubs=4000 err=0 | SUB recv=2240294 itps=0.00 tps=2288.69 p50=35.46ms p95=152.70ms p99=198.97ms err=0
[status] PUB sent=2240644 itps=0.00 tps=2286.60 pubs=4000 err=0 | SUB recv=2240294 itps=0.00 tps=2286.35 p50=35.46ms p95=152.70ms p99=198.97ms err=0
[status] PUB sent=2240644 itps=0.00 tps=2284.27 pubs=4000 err=0 | SUB recv=2240294 itps=0.00 tps=2284.02 p50=35.46ms p95=152.70ms p99=198.97ms err=0
[status] PUB sent=2240644 itps=0.00 tps=2281.94 pubs=4000 err=0 | SUB recv=2240294 itps=0.00 tps=2281.69 p50=35.46ms p95=152.70ms p99=198.97ms err=0
[status] PUB sent=2240644 itps=0.00 tps=2279.62 pubs=4000 err=0 | SUB recv=2240294 itps=0.00 tps=2279.37 p50=35.46ms p95=152.70ms p99=198.97ms err=0
[status] PUB sent=2240644 itps=0.00 tps=2277.30 pubs=4000 err=0 | SUB recv=2240294 itps=0.00 tps=2277.05 p50=35.46ms p95=152.70ms p99=198.97ms err=0
[status] PUB sent=2240644 itps=0.00 tps=2274.99 pubs=4000 err=0 | SUB recv=2240294 itps=0.00 tps=2274.74 p50=35.46ms p95=152.70ms p99=198.97ms err=0
[status] PUB sent=2240644 itps=0.00 tps=2272.68 pubs=4000 err=0 | SUB recv=2240294 itps=0.00 tps=2272.43 p50=35.46ms p95=152.70ms p99=198.97ms err=0
[status] PUB sent=2240644 itps=0.00 tps=2270.38 pubs=4000 err=0 | SUB recv=2240294 itps=0.00 tps=2270.13 p50=35.46ms p95=152.70ms p99=198.97ms err=0
[status] PUB sent=2240644 itps=0.00 tps=2268.08 pubs=4000 err=0 | SUB recv=2240294 itps=0.00 tps=2267.83 p50=35.46ms p95=152.70ms p99=198.97ms err=0
[status] PUB sent=2240644 itps=0.00 tps=2265.78 pubs=4000 err=0 | SUB recv=2240294 itps=0.00 tps=2265.54 p50=35.46ms p95=152.70ms p99=198.97ms err=0
[status] PUB sent=2240644 itps=0.00 tps=2263.50 pubs=4000 err=0 | SUB recv=2240294 itps=0.00 tps=2263.25 p50=35.46ms p95=152.70ms p99=198.97ms err=0
[status] PUB sent=2240644 itps=0.00 tps=2261.21 pubs=4000 err=0 | SUB recv=2240294 itps=0.00 tps=2260.97 p50=35.46ms p95=152.70ms p99=198.97ms err=0
[status] PUB sent=2240644 itps=0.00 tps=2258.93 pubs=4000 err=0 | SUB recv=2240294 itps=0.00 tps=2258.69 p50=35.46ms p95=152.70ms p99=198.97ms err=0
[status] PUB sent=2240644 itps=0.00 tps=2256.66 pubs=4000 err=0 | SUB recv=2240294 itps=0.00 tps=2256.41 p50=35.46ms p95=152.70ms p99=198.97ms err=0
[status] PUB sent=2240644 itps=0.00 tps=2254.39 pubs=4000 err=0 | SUB recv=2240294 itps=0.00 tps=2254.14 p50=35.46ms p95=152.70ms p99=198.97ms err=0
[status] PUB sent=2240644 itps=0.00 tps=2252.12 pubs=4000 err=0 | SUB recv=2240294 itps=0.00 tps=2251.88 p50=35.46ms p95=152.70ms p99=198.97ms err=0
[status] PUB sent=2240644 itps=0.00 tps=2249.86 pubs=4000 err=0 | SUB recv=2240294 itps=0.00 tps=2249.61 p50=35.46ms p95=152.70ms p99=198.97ms err=0
[status] PUB sent=2240644 itps=0.00 tps=2247.60 pubs=4000 err=0 | SUB recv=2240294 itps=0.00 tps=2247.36 p50=35.46ms p95=152.70ms p99=198.97ms err=0
[status] PUB sent=2240644 itps=0.00 tps=2245.35 pubs=4000 err=0 | SUB recv=2240294 itps=0.00 tps=2245.11 p50=35.46ms p95=152.70ms p99=198.97ms err=0
[status] PUB sent=2240644 itps=0.00 tps=2243.10 pubs=4000 err=0 | SUB recv=2240294 itps=0.00 tps=2242.86 p50=35.46ms p95=152.70ms p99=198.97ms err=0
[status] PUB sent=2240644 itps=0.00 tps=2240.86 pubs=4000 err=0 | SUB recv=2240294 itps=0.00 tps=2240.62 p50=35.46ms p95=152.70ms p99=198.97ms err=0
[status] PUB sent=2240644 itps=0.00 tps=2238.62 pubs=4000 err=0 | SUB recv=2240294 itps=0.00 tps=2238.38 p50=35.46ms p95=152.70ms p99=198.97ms err=0
[status] PUB sent=2240644 itps=0.00 tps=2236.39 pubs=4000 err=0 | SUB recv=2240294 itps=0.00 tps=2236.14 p50=35.46ms p95=152.70ms p99=198.97ms err=0
[status] PUB sent=2240644 itps=0.00 tps=2234.16 pubs=4000 err=0 | SUB recv=2240294 itps=0.00 tps=2233.91 p50=35.46ms p95=152.70ms p99=198.97ms err=0
[status] PUB sent=2240644 itps=0.00 tps=2231.93 pubs=4000 err=0 | SUB recv=2240294 itps=0.00 tps=2231.69 p50=35.46ms p95=152.70ms p99=198.97ms err=0
[status] PUB sent=2240644 itps=0.00 tps=2229.71 pubs=4000 err=0 | SUB recv=2240294 itps=0.00 tps=2229.47 p50=35.46ms p95=152.70ms p99=198.97ms err=0
[status] PUB sent=2240644 itps=0.00 tps=2227.49 pubs=4000 err=0 | SUB recv=2240294 itps=0.00 tps=2227.25 p50=35.46ms p95=152.70ms p99=198.97ms err=0
[status] PUB sent=2240644 itps=0.00 tps=2225.28 pubs=4000 err=0 | SUB recv=2240294 itps=0.00 tps=2225.04 p50=35.46ms p95=152.70ms p99=198.97ms err=0
[status] PUB sent=2240644 itps=0.00 tps=2223.07 pubs=4000 err=0 | SUB recv=2240294 itps=0.00 tps=2222.83 p50=35.46ms p95=152.70ms p99=198.97ms err=0
[status] PUB sent=2240644 itps=0.00 tps=2220.87 pubs=4000 err=0 | SUB recv=2240294 itps=0.00 tps=2220.63 p50=35.46ms p95=152.70ms p99=198.97ms err=0
[status] PUB sent=2240644 itps=0.00 tps=2218.67 pubs=4000 err=0 | SUB recv=2240294 itps=0.00 tps=2218.43 p50=35.46ms p95=152.70ms p99=198.97ms err=0
[status] PUB sent=2240644 itps=0.00 tps=2216.48 pubs=4000 err=0 | SUB recv=2240294 itps=0.00 tps=2216.23 p50=35.46ms p95=152.70ms p99=198.97ms err=0
[status] PUB sent=2240644 itps=0.00 tps=2214.28 pubs=4000 err=0 | SUB recv=2240294 itps=0.00 tps=2214.04 p50=35.46ms p95=152.70ms p99=198.97ms err=0
[status] PUB sent=2240644 itps=0.00 tps=2212.10 pubs=4000 err=0 | SUB recv=2240294 itps=0.00 tps=2211.86 p50=35.46ms p95=152.70ms p99=198.97ms err=0
[status] PUB sent=2240644 itps=0.00 tps=2209.92 pubs=4000 err=0 | SUB recv=2240294 itps=0.00 tps=2209.68 p50=35.46ms p95=152.70ms p99=198.97ms err=0
[status] PUB sent=2240644 itps=0.00 tps=2207.74 pubs=4000 err=0 | SUB recv=2240294 itps=0.00 tps=2207.50 p50=35.46ms p95=152.70ms p99=198.97ms err=0
[status] PUB sent=2240644 itps=0.00 tps=2205.57 pubs=4000 err=0 | SUB recv=2240294 itps=0.00 tps=2205.32 p50=35.46ms p95=152.70ms p99=198.97ms err=0
[status] PUB sent=2240644 itps=0.00 tps=2203.40 pubs=4000 err=0 | SUB recv=2240294 itps=0.00 tps=2203.16 p50=35.46ms p95=152.70ms p99=198.97ms err=0
[status] PUB sent=2240644 itps=0.00 tps=2201.23 pubs=4000 err=0 | SUB recv=2240294 itps=0.00 tps=2200.99 p50=35.46ms p95=152.70ms p99=198.97ms err=0
[status] PUB sent=2240644 itps=0.00 tps=2199.07 pubs=4000 err=0 | SUB recv=2240294 itps=0.00 tps=2198.83 p50=35.46ms p95=152.70ms p99=198.97ms err=0
[status] PUB sent=2240644 itps=0.00 tps=2196.92 pubs=4000 err=0 | SUB recv=2240294 itps=0.00 tps=2196.68 p50=35.46ms p95=152.70ms p99=198.97ms err=0
[status] PUB sent=2240644 itps=0.00 tps=2194.77 pubs=4000 err=0 | SUB recv=2240294 itps=0.00 tps=2194.52 p50=35.46ms p95=152.70ms p99=198.97ms err=0
[status] PUB sent=2240644 itps=0.00 tps=2192.62 pubs=4000 err=0 | SUB recv=2240294 itps=0.00 tps=2192.38 p50=35.46ms p95=152.70ms p99=198.97ms err=0
[status] PUB sent=2240644 itps=0.00 tps=2190.47 pubs=4000 err=0 | SUB recv=2240294 itps=0.00 tps=2190.23 p50=35.46ms p95=152.70ms p99=198.97ms err=0
[status] PUB sent=2240644 itps=0.00 tps=2188.33 pubs=4000 err=0 | SUB recv=2240294 itps=0.00 tps=2188.09 p50=35.46ms p95=152.70ms p99=198.97ms err=0
[status] PUB sent=2240644 itps=0.00 tps=2186.20 pubs=4000 err=0 | SUB recv=2240294 itps=0.00 tps=2185.96 p50=35.46ms p95=152.70ms p99=198.97ms err=0
[status] PUB sent=2240644 itps=0.00 tps=2184.07 pubs=4000 err=0 | SUB recv=2240294 itps=0.00 tps=2183.83 p50=35.46ms p95=152.70ms p99=198.97ms err=0
[status] PUB sent=2240644 itps=0.00 tps=2181.94 pubs=4000 err=0 | SUB recv=2240294 itps=0.00 tps=2181.70 p50=35.46ms p95=152.70ms p99=198.97ms err=0
[status] PUB sent=2240644 itps=0.00 tps=2179.82 pubs=4000 err=0 | SUB recv=2240294 itps=0.00 tps=2179.58 p50=35.46ms p95=152.70ms p99=198.97ms err=0
[status] PUB sent=2240644 itps=0.00 tps=2177.70 pubs=4000 err=0 | SUB recv=2240294 itps=0.00 tps=2177.46 p50=35.46ms p95=152.70ms p99=198.97ms err=0
[status] PUB sent=2240644 itps=0.00 tps=2175.58 pubs=4000 err=0 | SUB recv=2240294 itps=0.00 tps=2175.35 p50=35.46ms p95=152.70ms p99=198.97ms err=0
[status] PUB sent=2240644 itps=0.00 tps=2173.48 pubs=4000 err=0 | SUB recv=2240294 itps=0.00 tps=2173.24 p50=35.46ms p95=152.70ms p99=198.97ms err=0
[status] PUB sent=2240644 itps=0.00 tps=2171.37 pubs=4000 err=0 | SUB recv=2240294 itps=0.00 tps=2171.13 p50=35.46ms p95=152.70ms p99=198.97ms err=0
[status] PUB sent=2240644 itps=0.00 tps=2169.27 pubs=4000 err=0 | SUB recv=2240294 itps=0.00 tps=2169.03 p50=35.46ms p95=152.70ms p99=198.97ms err=0
[status] PUB sent=2240644 itps=0.00 tps=2167.17 pubs=4000 err=0 | SUB recv=2240294 itps=0.00 tps=2166.93 p50=35.46ms p95=152.70ms p99=198.97ms err=0
[status] PUB sent=2240644 itps=0.00 tps=2165.07 pubs=4000 err=0 | SUB recv=2240294 itps=0.00 tps=2164.83 p50=35.46ms p95=152.70ms p99=198.97ms err=0
[status] PUB sent=2240644 itps=0.00 tps=2162.98 pubs=4000 err=0 | SUB recv=2240294 itps=0.00 tps=2162.75 p50=35.46ms p95=152.70ms p99=198.97ms err=0
[status] PUB sent=2240644 itps=0.00 tps=2160.90 pubs=4000 err=0 | SUB recv=2240294 itps=0.00 tps=2160.66 p50=35.46ms p95=152.70ms p99=198.97ms err=0
[status] PUB sent=2240644 itps=0.00 tps=2158.82 pubs=4000 err=0 | SUB recv=2240294 itps=0.00 tps=2158.58 p50=35.46ms p95=152.70ms p99=198.97ms err=0
[status] PUB sent=2240644 itps=0.00 tps=2156.74 pubs=4000 err=0 | SUB recv=2240294 itps=0.00 tps=2156.50 p50=35.46ms p95=152.70ms p99=198.97ms err=0
[status] PUB sent=2240644 itps=0.00 tps=2154.66 pubs=4000 err=0 | SUB recv=2240294 itps=0.00 tps=2154.43 p50=35.46ms p95=152.70ms p99=198.97ms err=0
[status] PUB sent=2240644 itps=0.00 tps=2152.59 pubs=4000 err=0 | SUB recv=2240294 itps=0.00 tps=2152.36 p50=35.46ms p95=152.70ms p99=198.97ms err=0
[status] PUB sent=2240644 itps=0.00 tps=2150.53 pubs=4000 err=0 | SUB recv=2240294 itps=0.00 tps=2150.29 p50=35.46ms p95=152.70ms p99=198.97ms err=0
[status] PUB sent=2240644 itps=0.00 tps=2148.47 pubs=4000 err=0 | SUB recv=2240294 itps=0.00 tps=2148.23 p50=35.46ms p95=152.70ms p99=198.97ms err=0
[status] PUB sent=2240644 itps=0.00 tps=2146.41 pubs=4000 err=0 | SUB recv=2240294 itps=0.00 tps=2146.17 p50=35.46ms p95=152.70ms p99=198.97ms err=0
[status] PUB sent=2240644 itps=0.00 tps=2144.35 pubs=4000 err=0 | SUB recv=2240294 itps=0.00 tps=2144.12 p50=35.46ms p95=152.70ms p99=198.97ms err=0
[status] PUB sent=2240644 itps=0.00 tps=2140.26 pubs=4000 err=0 | SUB recv=2240294 itps=0.00 tps=2140.02 p50=35.46ms p95=152.70ms p99=198.97ms err=0
[status] PUB sent=2240644 itps=0.00 tps=2138.22 pubs=4000 err=0 | SUB recv=2240294 itps=0.00 tps=2137.98 p50=35.46ms p95=152.70ms p99=198.97ms err=0
[status] PUB sent=2240644 itps=0.00 tps=2136.18 pubs=4000 err=0 | SUB recv=2240294 itps=0.00 tps=2135.94 p50=35.46ms p95=152.70ms p99=198.97ms err=0
[status] PUB sent=2240644 itps=0.00 tps=2134.14 pubs=4000 err=0 | SUB recv=2240294 itps=0.00 tps=2133.90 p50=35.46ms p95=152.70ms p99=198.97ms err=0
[status] PUB sent=2240644 itps=0.00 tps=2132.11 pubs=4000 err=0 | SUB recv=2240294 itps=0.00 tps=2131.87 p50=35.46ms p95=152.70ms p99=198.97ms err=0
[status] PUB sent=2240644 itps=0.00 tps=2130.08 pubs=4000 err=0 | SUB recv=2240294 itps=0.00 tps=2129.85 p50=35.46ms p95=152.70ms p99=198.97ms err=0
[status] PUB sent=2240644 itps=0.00 tps=2128.06 pubs=4000 err=0 | SUB recv=2240294 itps=0.00 tps=2127.82 p50=35.46ms p95=152.70ms p99=198.97ms err=0
[status] PUB sent=2240644 itps=0.00 tps=2126.04 pubs=4000 err=0 | SUB recv=2240294 itps=0.00 tps=2125.81 p50=35.46ms p95=152.70ms p99=198.97ms err=0
[status] PUB sent=2240644 itps=0.00 tps=2124.03 pubs=4000 err=0 | SUB recv=2240294 itps=0.00 tps=2123.79 p50=35.46ms p95=152.70ms p99=198.97ms err=0
[status] PUB sent=2240644 itps=0.00 tps=2122.02 pubs=4000 err=0 | SUB recv=2240294 itps=0.00 tps=2121.78 p50=35.46ms p95=152.70ms p99=198.97ms err=0
[status] PUB sent=2240644 itps=0.00 tps=2120.01 pubs=4000 err=0 | SUB recv=2240294 itps=0.00 tps=2119.77 p50=35.46ms p95=152.70ms p99=198.97ms err=0
[status] PUB sent=2240644 itps=0.00 tps=2118.00 pubs=4000 err=0 | SUB recv=2240294 itps=0.00 tps=2117.77 p50=35.46ms p95=152.70ms p99=198.97ms err=0
[status] PUB sent=2240644 itps=0.00 tps=2116.00 pubs=4000 err=0 | SUB recv=2240294 itps=0.00 tps=2115.77 p50=35.46ms p95=152.70ms p99=198.97ms err=0
[status] PUB sent=2240644 itps=0.00 tps=2114.01 pubs=4000 err=0 | SUB recv=2240294 itps=0.00 tps=2113.77 p50=35.46ms p95=152.70ms p99=198.97ms err=0
[status] PUB sent=2240644 itps=0.00 tps=2112.01 pubs=4000 err=0 | SUB recv=2240294 itps=0.00 tps=2111.78 p50=35.46ms p95=152.70ms p99=198.97ms err=0
[status] PUB sent=2240644 itps=0.00 tps=2110.03 pubs=4000 err=0 | SUB recv=2240294 itps=0.00 tps=2109.79 p50=35.46ms p95=152.70ms p99=198.97ms err=0
[status] PUB sent=2240644 itps=0.00 tps=2108.04 pubs=4000 err=0 | SUB recv=2240294 itps=0.00 tps=2107.81 p50=35.46ms p95=152.70ms p99=198.97ms err=0
[status] PUB sent=2240644 itps=0.00 tps=2106.06 pubs=4000 err=0 | SUB recv=2240294 itps=0.00 tps=2105.82 p50=35.46ms p95=152.70ms p99=198.97ms err=0
[status] PUB sent=2240644 itps=0.00 tps=2104.08 pubs=4000 err=0 | SUB recv=2240294 itps=0.00 tps=2103.85 p50=35.46ms p95=152.70ms p99=198.97ms err=0
[status] PUB sent=2240644 itps=0.00 tps=2102.11 pubs=4000 err=0 | SUB recv=2240294 itps=0.00 tps=2101.87 p50=35.46ms p95=152.70ms p99=198.97ms err=0
[status] PUB sent=2240644 itps=0.00 tps=2100.14 pubs=4000 err=0 | SUB recv=2240294 itps=0.00 tps=2099.90 p50=35.46ms p95=152.70ms p99=198.97ms err=0
[status] PUB sent=2240644 itps=0.00 tps=2098.17 pubs=4000 err=0 | SUB recv=2240294 itps=0.00 tps=2097.94 p50=35.46ms p95=152.70ms p99=198.97ms err=0
[status] PUB sent=2240644 itps=0.00 tps=2096.21 pubs=4000 err=0 | SUB recv=2240294 itps=0.00 tps=2095.97 p50=35.46ms p95=152.70ms p99=198.97ms err=0
[status] PUB sent=2240644 itps=0.00 tps=2094.25 pubs=4000 err=0 | SUB recv=2240294 itps=0.00 tps=2094.01 p50=35.46ms p95=152.70ms p99=198.97ms err=0
[status] PUB sent=2240644 itps=0.00 tps=2092.29 pubs=4000 err=0 | SUB recv=2240294 itps=0.00 tps=2092.06 p50=35.46ms p95=152.70ms p99=198.97ms err=0
[status] PUB sent=2240644 itps=0.00 tps=2090.34 pubs=4000 err=0 | SUB recv=2240294 itps=0.00 tps=2090.11 p50=35.46ms p95=152.70ms p99=198.97ms err=0
[status] PUB sent=2240644 itps=0.00 tps=2088.39 pubs=4000 err=0 | SUB recv=2240294 itps=0.00 tps=2088.16 p50=35.46ms p95=152.70ms p99=198.97ms err=0
[status] PUB sent=2240644 itps=0.00 tps=2086.45 pubs=4000 err=0 | SUB recv=2240294 itps=0.00 tps=2086.21 p50=35.46ms p95=152.70ms p99=198.97ms err=0
[status] PUB sent=2240644 itps=0.00 tps=2084.51 pubs=4000 err=0 | SUB recv=2240294 itps=0.00 tps=2084.27 p50=35.46ms p95=152.70ms p99=198.97ms err=0
[status] PUB sent=2240644 itps=0.00 tps=2082.57 pubs=4000 err=0 | SUB recv=2240294 itps=0.00 tps=2082.34 p50=35.46ms p95=152.70ms p99=198.97ms err=0
[status] PUB sent=2240644 itps=0.00 tps=2080.63 pubs=4000 err=0 | SUB recv=2240294 itps=0.00 tps=2080.40 p50=35.46ms p95=152.70ms p99=198.97ms err=0
[status] PUB sent=2240644 itps=0.00 tps=2078.70 pubs=4000 err=0 | SUB recv=2240294 itps=0.00 tps=2078.47 p50=35.46ms p95=152.70ms p99=198.97ms err=0
[status] PUB sent=2240644 itps=0.00 tps=2076.78 pubs=4000 err=0 | SUB recv=2240294 itps=0.00 tps=2076.54 p50=35.46ms p95=152.70ms p99=198.97ms err=0
[status] PUB sent=2240644 itps=0.00 tps=2074.86 pubs=4000 err=0 | SUB recv=2240294 itps=0.00 tps=2074.62 p50=35.46ms p95=152.70ms p99=198.97ms err=0
[status] PUB sent=2240644 itps=0.00 tps=2072.93 pubs=4000 err=0 | SUB recv=2240294 itps=0.00 tps=2072.70 p50=35.46ms p95=152.70ms p99=198.97ms err=0
[status] PUB sent=2240644 itps=0.00 tps=2071.02 pubs=4000 err=0 | SUB recv=2240294 itps=0.00 tps=2070.79 p50=35.46ms p95=152.70ms p99=198.97ms err=0
[status] PUB sent=2240644 itps=0.00 tps=2069.11 pubs=4000 err=0 | SUB recv=2240294 itps=0.00 tps=2068.87 p50=35.46ms p95=152.70ms p99=198.97ms err=0
[status] PUB sent=2240644 itps=0.00 tps=2067.20 pubs=4000 err=0 | SUB recv=2240294 itps=0.00 tps=2066.96 p50=35.46ms p95=152.70ms p99=198.97ms err=0
[status] PUB sent=2240644 itps=0.00 tps=2065.29 pubs=4000 err=0 | SUB recv=2240294 itps=0.00 tps=2065.06 p50=35.46ms p95=152.70ms p99=198.97ms err=0
[status] PUB sent=2240644 itps=0.00 tps=2063.39 pubs=4000 err=0 | SUB recv=2240294 itps=0.00 tps=2063.16 p50=35.46ms p95=152.70ms p99=198.97ms err=0
[status] PUB sent=2240644 itps=0.00 tps=2061.49 pubs=4000 err=0 | SUB recv=2240294 itps=0.00 tps=2061.26 p50=35.46ms p95=152.70ms p99=198.97ms err=0
[status] PUB sent=2240644 itps=0.00 tps=2059.60 pubs=4000 err=0 | SUB recv=2240294 itps=0.00 tps=2059.37 p50=35.46ms p95=152.70ms p99=198.97ms err=0
[status] PUB sent=2240644 itps=0.00 tps=2057.71 pubs=4000 err=0 | SUB recv=2240294 itps=0.00 tps=2057.47 p50=35.46ms p95=152.70ms p99=198.97ms err=0
[status] PUB sent=2240644 itps=0.00 tps=2055.82 pubs=4000 err=0 | SUB recv=2240294 itps=0.00 tps=2055.59 p50=35.46ms p95=152.70ms p99=198.97ms err=0
[status] PUB sent=2240644 itps=0.00 tps=2053.93 pubs=4000 err=0 | SUB recv=2240294 itps=0.00 tps=2053.70 p50=35.46ms p95=152.70ms p99=198.97ms err=0
[status] PUB sent=2240644 itps=0.00 tps=2052.05 pubs=4000 err=0 | SUB recv=2240294 itps=0.00 tps=2051.82 p50=35.46ms p95=152.70ms p99=198.97ms err=0
[status] PUB sent=2240644 itps=0.00 tps=2050.17 pubs=4000 err=0 | SUB recv=2240294 itps=0.00 tps=2049.94 p50=35.46ms p95=152.70ms p99=198.97ms err=0
[status] PUB sent=2240644 itps=0.00 tps=2048.30 pubs=4000 err=0 | SUB recv=2240294 itps=0.00 tps=2048.07 p50=35.46ms p95=152.70ms p99=198.97ms err=0
[status] PUB sent=2240644 itps=0.00 tps=2046.43 pubs=4000 err=0 | SUB recv=2240294 itps=0.00 tps=2046.20 p50=35.46ms p95=152.70ms p99=198.97ms err=0
[status] PUB sent=2240644 itps=0.00 tps=2044.56 pubs=4000 err=0 | SUB recv=2240294 itps=0.00 tps=2044.33 p50=35.46ms p95=152.70ms p99=198.97ms err=0
[status] PUB sent=2240644 itps=0.00 tps=2042.70 pubs=4000 err=0 | SUB recv=2240294 itps=0.00 tps=2042.47 p50=35.46ms p95=152.70ms p99=198.97ms err=0
[status] PUB sent=2240644 itps=0.00 tps=2040.84 pubs=4000 err=0 | SUB recv=2240294 itps=0.00 tps=2040.61 p50=35.46ms p95=152.70ms p99=198.97ms err=0
[status] PUB sent=2240644 itps=0.00 tps=2038.98 pubs=4000 err=0 | SUB recv=2240294 itps=0.00 tps=2038.75 p50=35.46ms p95=152.70ms p99=198.97ms err=0
[status] PUB sent=2240644 itps=0.00 tps=2037.13 pubs=4000 err=0 | SUB recv=2240294 itps=0.00 tps=2036.90 p50=35.46ms p95=152.70ms p99=198.97ms err=0
[status] PUB sent=2240644 itps=0.00 tps=2035.28 pubs=4000 err=0 | SUB recv=2240294 itps=0.00 tps=2035.05 p50=35.46ms p95=152.70ms p99=198.97ms err=0
[status] PUB sent=2240644 itps=0.00 tps=2033.43 pubs=4000 err=0 | SUB recv=2240294 itps=0.00 tps=2033.20 p50=35.46ms p95=152.70ms p99=198.97ms err=0
[status] PUB sent=2240644 itps=0.00 tps=2031.59 pubs=4000 err=0 | SUB recv=2240294 itps=0.00 tps=2031.36 p50=35.46ms p95=152.70ms p99=198.97ms err=0
[status] PUB sent=2240644 itps=0.00 tps=2029.75 pubs=4000 err=0 | SUB recv=2240294 itps=0.00 tps=2029.52 p50=35.46ms p95=152.70ms p99=198.97ms err=0
[status] PUB sent=2240644 itps=0.00 tps=2027.91 pubs=4000 err=0 | SUB recv=2240294 itps=0.00 tps=2027.68 p50=35.46ms p95=152.70ms p99=198.97ms err=0
[status] PUB sent=2240644 itps=0.00 tps=2026.07 pubs=4000 err=0 | SUB recv=2240294 itps=0.00 tps=2025.84 p50=35.46ms p95=152.70ms p99=198.97ms err=0
[status] PUB sent=2240644 itps=0.00 tps=2024.24 pubs=4000 err=0 | SUB recv=2240294 itps=0.00 tps=2024.02 p50=35.46ms p95=152.70ms p99=198.97ms err=0
[status] PUB sent=2240644 itps=0.00 tps=2022.42 pubs=4000 err=0 | SUB recv=2240294 itps=0.00 tps=2022.19 p50=35.46ms p95=152.70ms p99=198.97ms err=0
[status] PUB sent=2240644 itps=0.00 tps=2020.59 pubs=4000 err=0 | SUB recv=2240294 itps=0.00 tps=2020.36 p50=35.46ms p95=152.70ms p99=198.97ms err=0
[status] PUB sent=2240644 itps=0.00 tps=2018.77 pubs=4000 err=0 | SUB recv=2240294 itps=0.00 tps=2018.54 p50=35.46ms p95=152.70ms p99=198.97ms err=0
[status] PUB sent=2240644 itps=0.00 tps=2016.96 pubs=4000 err=0 | SUB recv=2240294 itps=0.00 tps=2016.73 p50=35.46ms p95=152.70ms p99=198.97ms err=0
[status] PUB sent=2240644 itps=0.00 tps=2015.14 pubs=4000 err=0 | SUB recv=2240294 itps=0.00 tps=2014.91 p50=35.46ms p95=152.70ms p99=198.97ms err=0
[status] PUB sent=2240644 itps=0.00 tps=2013.33 pubs=4000 err=0 | SUB recv=2240294 itps=0.00 tps=2013.10 p50=35.46ms p95=152.70ms p99=198.97ms err=0
[status] PUB sent=2240644 itps=0.00 tps=2011.52 pubs=4000 err=0 | SUB recv=2240294 itps=0.00 tps=2009.49 p50=35.46ms p95=152.70ms p99=198.97ms err=0
[status] PUB sent=2240644 itps=0.00 tps=2007.92 pubs=4000 err=0 | SUB recv=2240294 itps=0.00 tps=2007.69 p50=35.46ms p95=152.70ms p99=198.97ms err=0
[status] PUB sent=2240644 itps=0.00 tps=2006.12 pubs=4000 err=0 | SUB recv=2240294 itps=0.00 tps=2005.89 p50=35.46ms p95=152.70ms p99=198.97ms err=0
[status] PUB sent=2240644 itps=0.00 tps=2004.33 pubs=4000 err=0 | SUB recv=2240294 itps=0.00 tps=2004.10 p50=35.46ms p95=152.70ms p99=198.97ms err=0
[status] PUB sent=2240644 itps=0.00 tps=2002.53 pubs=4000 err=0 | SUB recv=2240294 itps=0.00 tps=2002.31 p50=35.46ms p95=152.70ms p99=198.97ms err=0
[status] PUB sent=2240644 itps=0.00 tps=2000.75 pubs=4000 err=0 | SUB recv=2240294 itps=0.00 tps=2000.52 p50=35.46ms p95=152.70ms p99=198.97ms err=0
[status] PUB sent=2240644 itps=0.00 tps=1998.96 pubs=4000 err=0 | SUB recv=2240294 itps=0.00 tps=1998.73 p50=35.46ms p95=152.70ms p99=198.97ms err=0
[status] PUB sent=2240644 itps=0.00 tps=1997.18 pubs=4000 err=0 | SUB recv=2240294 itps=0.00 tps=1996.95 p50=35.46ms p95=152.70ms p99=198.97ms err=0
[status] PUB sent=2240644 itps=0.00 tps=1995.40 pubs=4000 err=0 | SUB recv=2240294 itps=0.00 tps=1995.17 p50=35.46ms p95=152.70ms p99=198.97ms err=0
[status] PUB sent=2240644 itps=0.00 tps=1993.63 pubs=4000 err=0 | SUB recv=2240294 itps=0.00 tps=1993.40 p50=35.46ms p95=152.70ms p99=198.97ms err=0
[status] PUB sent=2240644 itps=0.00 tps=1991.85 pubs=4000 err=0 | SUB recv=2240294 itps=0.00 tps=1991.63 p50=35.46ms p95=152.70ms p99=198.97ms err=0
[status] PUB sent=2240644 itps=0.00 tps=1990.08 pubs=4000 err=0 | SUB recv=2240294 itps=0.00 tps=1989.86 p50=35.46ms p95=152.70ms p99=198.97ms err=0
[status] PUB sent=2240644 itps=0.00 tps=1988.32 pubs=4000 err=0 | SUB recv=2240294 itps=0.00 tps=1988.09 p50=35.46ms p95=152.70ms p99=198.97ms err=0
[status] PUB sent=2240644 itps=0.00 tps=1986.56 pubs=4000 err=0 | SUB recv=2240294 itps=0.00 tps=1986.33 p50=35.46ms p95=152.70ms p99=198.97ms err=0
[status] PUB sent=2240644 itps=0.00 tps=1984.80 pubs=4000 err=0 | SUB recv=2240294 itps=0.00 tps=1984.57 p50=35.46ms p95=152.70ms p99=198.97ms err=0
[status] PUB sent=2240644 itps=0.00 tps=1983.04 pubs=4000 err=0 | SUB recv=2240294 itps=0.00 tps=1982.81 p50=35.46ms p95=152.70ms p99=198.97ms err=0
[status] PUB sent=2240644 itps=0.00 tps=1981.29 pubs=4000 err=0 | SUB recv=2240294 itps=0.00 tps=1981.06 p50=35.46ms p95=152.70ms p99=198.97ms err=0
[status] PUB sent=2240644 itps=0.00 tps=1979.53 pubs=4000 err=0 | SUB recv=2240294 itps=0.00 tps=1979.31 p50=35.46ms p95=152.70ms p99=198.97ms err=0
[status] PUB sent=2240644 itps=0.00 tps=1977.79 pubs=4000 err=0 | SUB recv=2240294 itps=0.00 tps=1977.56 p50=35.46ms p95=152.70ms p99=198.97ms err=0
[status] PUB sent=2240644 itps=0.00 tps=1976.04 pubs=4000 err=0 | SUB recv=2240294 itps=0.00 tps=1975.82 p50=35.46ms p95=152.70ms p99=198.97ms err=0
[status] PUB sent=2240644 itps=0.00 tps=1974.30 pubs=4000 err=0 | SUB recv=2240294 itps=0.00 tps=1974.08 p50=35.46ms p95=152.70ms p99=198.97ms err=0
[status] PUB sent=2240644 itps=0.00 tps=1972.56 pubs=4000 err=0 | SUB recv=2240294 itps=0.00 tps=1972.34 p50=35.46ms p95=152.70ms p99=198.97ms err=0
[status] PUB sent=2240644 itps=0.00 tps=1970.83 pubs=4000 err=0 | SUB recv=2240294 itps=0.00 tps=1970.60 p50=35.46ms p95=152.70ms p99=198.97ms err=0
[status] PUB sent=2240644 itps=0.00 tps=1969.10 pubs=4000 err=0 | SUB recv=2240294 itps=0.00 tps=1968.87 p50=35.46ms p95=152.70ms p99=198.97ms err=0
[status] PUB sent=2240644 itps=0.00 tps=1967.37 pubs=4000 err=0 | SUB recv=2240294 itps=0.00 tps=1967.14 p50=35.46ms p95=152.70ms p99=198.97ms err=0
[status] PUB sent=2240644 itps=0.00 tps=1965.64 pubs=4000 err=0 | SUB recv=2240294 itps=0.00 tps=1965.42 p50=35.46ms p95=152.70ms p99=198.97ms err=0
[status] PUB sent=2240644 itps=0.00 tps=1963.92 pubs=4000 err=0 | SUB recv=2240294 itps=0.00 tps=1963.69 p50=35.46ms p95=152.70ms p99=198.97ms err=0
[status] PUB sent=2240644 itps=0.00 tps=1962.20 pubs=4000 err=0 | SUB recv=2240294 itps=0.00 tps=1961.97 p50=35.46ms p95=152.70ms p99=198.97ms err=0
[status] PUB sent=2240644 itps=0.00 tps=1960.48 pubs=4000 err=0 | SUB recv=2240294 itps=0.00 tps=1960.26 p50=35.46ms p95=152.70ms p99=198.97ms err=0
[status] PUB sent=2240644 itps=0.00 tps=1958.77 pubs=4000 err=0 | SUB recv=2240294 itps=0.00 tps=1958.54 p50=35.46ms p95=152.70ms p99=198.97ms err=0
[status] PUB sent=2240644 itps=0.00 tps=1957.06 pubs=4000 err=0 | SUB recv=2240294 itps=0.00 tps=1956.83 p50=35.46ms p95=152.70ms p99=198.97ms err=0
[status] PUB sent=2240644 itps=0.00 tps=1955.35 pubs=4000 err=0 | SUB recv=2240294 itps=0.00 tps=1955.13 p50=35.46ms p95=152.70ms p99=198.97ms err=0
[status] PUB sent=2240644 itps=0.00 tps=1953.65 pubs=4000 err=0 | SUB recv=2240294 itps=0.00 tps=1953.42 p50=35.46ms p95=152.70ms p99=198.97ms err=0
[status] PUB sent=2240644 itps=0.00 tps=1951.94 pubs=4000 err=0 | SUB recv=2240294 itps=0.00 tps=1951.72 p50=35.46ms p95=152.70ms p99=198.97ms err=0
[status] PUB sent=2240644 itps=0.00 tps=1950.25 pubs=4000 err=0 | SUB recv=2240294 itps=0.00 tps=1950.02 p50=35.46ms p95=152.70ms p99=198.97ms err=0
[status] PUB sent=2240644 itps=0.00 tps=1948.55 pubs=4000 err=0 | SUB recv=2240294 itps=0.00 tps=1948.32 p50=35.46ms p95=152.70ms p99=198.97ms err=0
[status] PUB sent=2240644 itps=0.00 tps=1946.86 pubs=4000 err=0 | SUB recv=2240294 itps=0.00 tps=1946.63 p50=35.46ms p95=152.70ms p99=198.97ms err=0
[status] PUB sent=2240644 itps=0.00 tps=1945.17 pubs=4000 err=0 | SUB recv=2240294 itps=0.00 tps=1944.94 p50=35.46ms p95=152.70ms p99=198.97ms err=0
[status] PUB sent=2240644 itps=0.00 tps=1943.48 pubs=4000 err=0 | SUB recv=2240294 itps=0.00 tps=1943.25 p50=35.46ms p95=152.70ms p99=198.97ms err=0
[status] PUB sent=2240644 itps=0.00 tps=1941.79 pubs=4000 err=0 | SUB recv=2240294 itps=0.00 tps=1941.57 p50=35.46ms p95=152.70ms p99=198.97ms err=0
[status] PUB sent=2240644 itps=0.00 tps=1940.11 pubs=4000 err=0 | SUB recv=2240294 itps=0.00 tps=1939.89 p50=35.46ms p95=152.70ms p99=198.97ms err=0
[status] PUB sent=2240644 itps=0.00 tps=1938.43 pubs=4000 err=0 | SUB recv=2240294 itps=0.00 tps=1938.21 p50=35.46ms p95=152.70ms p99=198.97ms err=0
[status] PUB sent=2240644 itps=0.00 tps=1936.76 pubs=4000 err=0 | SUB recv=2240294 itps=0.00 tps=1936.54 p50=35.46ms p95=152.70ms p99=198.97ms err=0
[status] PUB sent=2240644 itps=0.00 tps=1935.09 pubs=4000 err=0 | SUB recv=2240294 itps=0.00 tps=1934.86 p50=35.46ms p95=152.70ms p99=198.97ms err=0
[status] PUB sent=2240644 itps=0.00 tps=1933.42 pubs=4000 err=0 | SUB recv=2240294 itps=0.00 tps=1933.19 p50=35.46ms p95=152.70ms p99=198.97ms err=0
[status] PUB sent=2240644 itps=0.00 tps=1931.75 pubs=4000 err=0 | SUB recv=2240294 itps=0.00 tps=1931.53 p50=35.46ms p95=152.70ms p99=198.97ms err=0
[status] PUB sent=2240644 itps=0.00 tps=1930.09 pubs=4000 err=0 | SUB recv=2240294 itps=0.00 tps=1929.86 p50=35.46ms p95=152.70ms p99=198.97ms err=0
[status] PUB sent=2240644 itps=0.00 tps=1928.42 pubs=4000 err=0 | SUB recv=2240294 itps=0.00 tps=1928.20 p50=35.46ms p95=152.70ms p99=198.97ms err=0
[status] PUB sent=2240644 itps=0.00 tps=1926.77 pubs=4000 err=0 | SUB recv=2240294 itps=0.00 tps=1926.54 p50=35.46ms p95=152.70ms p99=198.97ms err=0
[status] PUB sent=2240644 itps=0.00 tps=1925.11 pubs=4000 err=0 | SUB recv=2240294 itps=0.00 tps=1924.89 p50=35.46ms p95=152.70ms p99=198.97ms err=0
[status] PUB sent=2240644 itps=0.00 tps=1923.46 pubs=4000 err=0 | SUB recv=2240294 itps=0.00 tps=1923.24 p50=35.46ms p95=152.70ms p99=198.97ms err=0
[status] PUB sent=2240644 itps=0.00 tps=1921.81 pubs=4000 err=0 | SUB recv=2240294 itps=0.00 tps=1921.59 p50=35.46ms p95=152.70ms p99=198.97ms err=0
[status] PUB sent=2240644 itps=0.00 tps=1920.16 pubs=4000 err=0 | SUB recv=2240294 itps=0.00 tps=1919.94 p50=35.46ms p95=152.70ms p99=198.97ms err=0
[status] PUB sent=2240644 itps=0.00 tps=1918.52 pubs=4000 err=0 | SUB recv=2240294 itps=0.00 tps=1918.30 p50=35.46ms p95=152.70ms p99=198.97ms err=0
[status] PUB sent=2240644 itps=0.00 tps=1916.88 pubs=4000 err=0 | SUB recv=2240294 itps=0.00 tps=1916.65 p50=35.46ms p95=152.70ms p99=198.97ms err=0
[status] PUB sent=2240644 itps=0.00 tps=1915.24 pubs=4000 err=0 | SUB recv=2240294 itps=0.00 tps=1915.02 p50=35.46ms p95=152.70ms p99=198.97ms err=0
[status] PUB sent=2240644 itps=0.00 tps=1913.60 pubs=4000 err=0 | SUB recv=2240294 itps=0.00 tps=1913.38 p50=35.46ms p95=152.70ms p99=198.97ms err=0
[status] PUB sent=2240644 itps=0.00 tps=1911.97 pubs=4000 err=0 | SUB recv=2240294 itps=0.00 tps=1911.75 p50=35.46ms p95=152.70ms p99=198.97ms err=0
[status] PUB sent=2240644 itps=0.00 tps=1910.34 pubs=4000 err=0 | SUB recv=2240294 itps=0.00 tps=1910.12 p50=35.46ms p95=152.70ms p99=198.97ms err=0
[status] PUB sent=2240644 itps=0.00 tps=1908.71 pubs=4000 err=0 | SUB recv=2240294 itps=0.00 tps=1908.49 p50=35.46ms p95=152.70ms p99=198.97ms err=0
[status] PUB sent=2240644 itps=0.00 tps=1907.09 pubs=4000 err=0 | SUB recv=2240294 itps=0.00 tps=1906.87 p50=35.46ms p95=152.70ms p99=198.97ms err=0
[status] PUB sent=2240644 itps=0.00 tps=1905.47 pubs=4000 err=0 | SUB recv=2240294 itps=0.00 tps=1905.24 p50=35.46ms p95=152.70ms p99=198.97ms err=0
[status] PUB sent=2240644 itps=0.00 tps=1903.85 pubs=4000 err=0 | SUB recv=2240294 itps=0.00 tps=1903.62 p50=35.46ms p95=152.70ms p99=198.97ms err=0
[status] PUB sent=2240644 itps=0.00 tps=1902.23 pubs=4000 err=0 | SUB recv=2240294 itps=0.00 tps=1902.01 p50=35.46ms p95=152.70ms p99=198.97ms err=0
[status] PUB sent=2240644 itps=0.00 tps=1900.62 pubs=4000 err=0 | SUB recv=2240294 itps=0.00 tps=1900.40 p50=35.46ms p95=152.70ms p99=198.97ms err=0
[status] PUB sent=2240644 itps=0.00 tps=1899.01 pubs=4000 err=0 | SUB recv=2240294 itps=0.00 tps=1898.78 p50=35.46ms p95=152.70ms p99=198.97ms err=0
[status] PUB sent=2240644 itps=0.00 tps=1897.40 pubs=4000 err=0 | SUB recv=2240294 itps=0.00 tps=1897.18 p50=35.46ms p95=152.70ms p99=198.97ms err=0
[status] PUB sent=2240644 itps=0.00 tps=1895.79 pubs=4000 err=0 | SUB recv=2240294 itps=0.00 tps=1895.57 p50=35.46ms p95=152.70ms p99=198.97ms err=0
[status] PUB sent=2240644 itps=0.00 tps=1894.19 pubs=4000 err=0 | SUB recv=2240294 itps=0.00 tps=1892.37 p50=35.46ms p95=152.70ms p99=198.97ms err=0
[status] PUB sent=2240644 itps=0.00 tps=1890.99 pubs=4000 err=0 | SUB recv=2240294 itps=0.00 tps=1890.77 p50=35.46ms p95=152.70ms p99=198.97ms err=0
[status] PUB sent=2240644 itps=0.00 tps=1889.40 pubs=4000 err=0 | SUB recv=2240294 itps=0.00 tps=1889.18 p50=35.46ms p95=152.70ms p99=198.97ms err=0
[status] PUB sent=2240644 itps=0.00 tps=1887.81 pubs=4000 err=0 | SUB recv=2240294 itps=0.00 tps=1887.59 p50=35.46ms p95=152.70ms p99=198.97ms err=0
[status] PUB sent=2240644 itps=0.00 tps=1886.22 pubs=4000 err=0 | SUB recv=2240294 itps=0.00 tps=1886.00 p50=35.46ms p95=152.70ms p99=198.97ms err=0
[status] PUB sent=2240644 itps=0.00 tps=1884.63 pubs=4000 err=0 | SUB recv=2240294 itps=0.00 tps=1884.41 p50=35.46ms p95=152.70ms p99=198.97ms err=0
[status] PUB sent=2240644 itps=0.00 tps=1883.05 pubs=4000 err=0 | SUB recv=2240294 itps=0.00 tps=1882.83 p50=35.46ms p95=152.70ms p99=198.97ms err=0
[status] PUB sent=2240644 itps=0.00 tps=1881.47 pubs=4000 err=0 | SUB recv=2240294 itps=0.00 tps=1881.24 p50=35.46ms p95=152.70ms p99=198.97ms err=0
[status] PUB sent=2240644 itps=0.00 tps=1879.89 pubs=4000 err=0 | SUB recv=2240294 itps=0.00 tps=1879.67 p50=35.46ms p95=152.70ms p99=198.97ms err=0
[status] PUB sent=2240644 itps=0.00 tps=1878.31 pubs=4000 err=0 | SUB recv=2240294 itps=0.00 tps=1878.09 p50=35.46ms p95=152.70ms p99=198.97ms err=0
[status] PUB sent=2240644 itps=0.00 tps=1876.74 pubs=4000 err=0 | SUB recv=2240294 itps=0.00 tps=1876.52 p50=35.46ms p95=152.70ms p99=198.97ms err=0
[status] PUB sent=2240644 itps=0.00 tps=1875.17 pubs=4000 err=0 | SUB recv=2240294 itps=0.00 tps=1874.95 p50=35.46ms p95=152.70ms p99=198.97ms err=0
[status] PUB sent=2240644 itps=0.00 tps=1873.60 pubs=4000 err=0 | SUB recv=2240294 itps=0.00 tps=1873.38 p50=35.46ms p95=152.70ms p99=198.97ms err=0
[status] PUB sent=2240644 itps=0.00 tps=1872.03 pubs=4000 err=0 | SUB recv=2240294 itps=0.00 tps=1871.81 p50=35.46ms p95=152.70ms p99=198.97ms err=0
[status] PUB sent=2240644 itps=0.00 tps=1870.47 pubs=4000 err=0 | SUB recv=2240294 itps=0.00 tps=1870.25 p50=35.46ms p95=152.70ms p99=198.97ms err=0
[status] PUB sent=2240644 itps=0.00 tps=1868.91 pubs=4000 err=0 | SUB recv=2240294 itps=0.00 tps=1868.69 p50=35.46ms p95=152.70ms p99=198.97ms err=0
[status] PUB sent=2240644 itps=0.00 tps=1867.35 pubs=4000 err=0 | SUB recv=2240294 itps=0.00 tps=1867.13 p50=35.46ms p95=152.70ms p99=198.97ms err=0
[status] PUB sent=2240644 itps=0.00 tps=1865.80 pubs=4000 err=0 | SUB recv=2240294 itps=0.00 tps=1865.58 p50=35.46ms p95=152.70ms p99=198.97ms err=0
[status] PUB sent=2240644 itps=0.00 tps=1864.25 pubs=4000 err=0 | SUB recv=2240294 itps=0.00 tps=1864.03 p50=35.46ms p95=152.70ms p99=198.97ms err=0
[status] PUB sent=2240644 itps=0.00 tps=1862.69 pubs=4000 err=0 | SUB recv=2240294 itps=0.00 tps=1862.48 p50=35.46ms p95=152.70ms p99=198.97ms err=0
[status] PUB sent=2240644 itps=0.00 tps=1861.15 pubs=4000 err=0 | SUB recv=2240294 itps=0.00 tps=1860.93 p50=35.46ms p95=152.70ms p99=198.97ms err=0
[status] PUB sent=2240644 itps=0.00 tps=1859.60 pubs=4000 err=0 | SUB recv=2240294 itps=0.00 tps=1859.39 p50=35.46ms p95=152.70ms p99=198.97ms err=0
[status] PUB sent=2240644 itps=0.00 tps=1858.06 pubs=4000 err=0 | SUB recv=2240294 itps=0.00 tps=1857.84 p50=35.46ms p95=152.70ms p99=198.97ms err=0
[status] PUB sent=2240644 itps=0.00 tps=1856.52 pubs=4000 err=0 | SUB recv=2240294 itps=0.00 tps=1856.31 p50=35.46ms p95=152.70ms p99=198.97ms err=0
[status] PUB sent=2240644 itps=0.00 tps=1854.99 pubs=4000 err=0 | SUB recv=2240294 itps=0.00 tps=1854.77 p50=35.46ms p95=152.70ms p99=198.97ms err=0
[status] PUB sent=2240644 itps=0.00 tps=1853.45 pubs=4000 err=0 | SUB recv=2240294 itps=0.00 tps=1853.23 p50=35.46ms p95=152.70ms p99=198.97ms err=0
[status] PUB sent=2240644 itps=0.00 tps=1851.92 pubs=4000 err=0 | SUB recv=2240294 itps=0.00 tps=1851.70 p50=35.46ms p95=152.70ms p99=198.97ms err=0
[status] PUB sent=2240644 itps=0.00 tps=1850.39 pubs=4000 err=0 | SUB recv=2240294 itps=0.00 tps=1850.17 p50=35.46ms p95=152.70ms p99=198.97ms err=0
[status] PUB sent=2240644 itps=0.00 tps=1848.86 pubs=4000 err=0 | SUB recv=2240294 itps=0.00 tps=1848.65 p50=35.46ms p95=152.70ms p99=198.97ms err=0
[status] PUB sent=2240644 itps=0.00 tps=1847.34 pubs=4000 err=0 | SUB recv=2240294 itps=0.00 tps=1847.12 p50=35.46ms p95=152.70ms p99=198.97ms err=0
[status] PUB sent=2240644 itps=0.00 tps=1845.82 pubs=4000 err=0 | SUB recv=2240294 itps=0.00 tps=1845.60 p50=35.46ms p95=152.70ms p99=198.97ms err=0
[status] PUB sent=2240644 itps=0.00 tps=1844.30 pubs=4000 err=0 | SUB recv=2240294 itps=0.00 tps=1844.08 p50=35.46ms p95=152.70ms p99=198.97ms err=0
[status] PUB sent=2240644 itps=0.00 tps=1842.78 pubs=4000 err=0 | SUB recv=2240294 itps=0.00 tps=1842.56 p50=35.46ms p95=152.70ms p99=198.97ms err=0
[status] PUB sent=2240644 itps=0.00 tps=1841.27 pubs=4000 err=0 | SUB recv=2240294 itps=0.00 tps=1841.05 p50=35.46ms p95=152.70ms p99=198.97ms err=0
[status] PUB sent=2240644 itps=0.00 tps=1839.75 pubs=4000 err=0 | SUB recv=2240294 itps=0.00 tps=1839.54 p50=35.46ms p95=152.70ms p99=198.97ms err=0
[status] PUB sent=2240644 itps=0.00 tps=1838.24 pubs=4000 err=0 | SUB recv=2240294 itps=0.00 tps=1838.03 p50=35.46ms p95=152.70ms p99=198.97ms err=0
[status] PUB sent=2240644 itps=0.00 tps=1836.74 pubs=4000 err=0 | SUB recv=2240294 itps=0.00 tps=1836.52 p50=35.46ms p95=152.70ms p99=198.97ms err=0
[status] PUB sent=2240644 itps=0.00 tps=1835.23 pubs=4000 err=0 | SUB recv=2240294 itps=0.00 tps=1835.02 p50=35.46ms p95=152.70ms p99=198.97ms err=0
[status] PUB sent=2240644 itps=0.00 tps=1833.73 pubs=4000 err=0 | SUB recv=2240294 itps=0.00 tps=1833.52 p50=35.46ms p95=152.70ms p99=198.97ms err=0
[status] PUB sent=2240644 itps=0.00 tps=1832.23 pubs=4000 err=0 | SUB recv=2240294 itps=0.00 tps=1832.02 p50=35.46ms p95=152.70ms p99=198.97ms err=0
[status] PUB sent=2240644 itps=0.00 tps=1830.74 pubs=4000 err=0 | SUB recv=2240294 itps=0.00 tps=1830.52 p50=35.46ms p95=152.70ms p99=198.97ms err=0
[status] PUB sent=2240644 itps=0.00 tps=1829.24 pubs=4000 err=0 | SUB recv=2240294 itps=0.00 tps=1829.03 p50=35.46ms p95=152.70ms p99=198.97ms err=0
[status] PUB sent=2240644 itps=0.00 tps=1827.75 pubs=4000 err=0 | SUB recv=2240294 itps=0.00 tps=1827.53 p50=35.46ms p95=152.70ms p99=198.97ms err=0
[status] PUB sent=2240644 itps=0.00 tps=1826.26 pubs=4000 err=0 | SUB recv=2240294 itps=0.00 tps=1826.04 p50=35.46ms p95=152.70ms p99=198.97ms err=0
[status] PUB sent=2240644 itps=0.00 tps=1824.77 pubs=4000 err=0 | SUB recv=2240294 itps=0.00 tps=1824.56 p50=35.46ms p95=152.70ms p99=198.97ms err=0
[status] PUB sent=2240644 itps=0.00 tps=1823.29 pubs=4000 err=0 | SUB recv=2240294 itps=0.00 tps=1823.07 p50=35.46ms p95=152.70ms p99=198.97ms err=0
[status] PUB sent=2240644 itps=0.00 tps=1821.80 pubs=4000 err=0 | SUB recv=2240294 itps=0.00 tps=1821.59 p50=35.46ms p95=152.70ms p99=198.97ms err=0
[status] PUB sent=2240644 itps=0.00 tps=1820.32 pubs=4000 err=0 | SUB recv=2240294 itps=0.00 tps=1820.11 p50=35.46ms p95=152.70ms p99=198.97ms err=0
[status] PUB sent=2240644 itps=0.00 tps=1818.85 pubs=4000 err=0 | SUB recv=2240294 itps=0.00 tps=1818.63 p50=35.46ms p95=152.70ms p99=198.97ms err=0
[status] PUB sent=2240644 itps=0.00 tps=1817.37 pubs=4000 err=0 | SUB recv=2240294 itps=0.00 tps=1817.16 p50=35.46ms p95=152.70ms p99=198.97ms err=0
[status] PUB sent=2240644 itps=0.00 tps=1815.90 pubs=4000 err=0 | SUB recv=2240294 itps=0.00 tps=1815.68 p50=35.46ms p95=152.70ms p99=198.97ms err=0
[status] PUB sent=2240644 itps=0.00 tps=1814.43 pubs=4000 err=0 | SUB recv=2240294 itps=0.00 tps=1814.21 p50=35.46ms p95=152.70ms p99=198.97ms err=0
[status] PUB sent=2240644 itps=0.00 tps=1812.96 pubs=4000 err=0 | SUB recv=2240294 itps=0.00 tps=1812.75 p50=35.46ms p95=152.70ms p99=198.97ms err=0
[status] PUB sent=2240644 itps=0.00 tps=1811.49 pubs=4000 err=0 | SUB recv=2240294 itps=0.00 tps=1811.28 p50=35.46ms p95=152.70ms p99=198.97ms err=0
[status] PUB sent=2240644 itps=0.00 tps=1810.03 pubs=4000 err=0 | SUB recv=2240294 itps=0.00 tps=1809.82 p50=35.46ms p95=152.70ms p99=198.97ms err=0
[status] PUB sent=2240644 itps=0.00 tps=1808.57 pubs=4000 err=0 | SUB recv=2240294 itps=0.00 tps=1808.36 p50=35.46ms p95=152.70ms p99=198.97ms err=0
[status] PUB sent=2240644 itps=0.00 tps=1807.11 pubs=4000 err=0 | SUB recv=2240294 itps=0.00 tps=1806.90 p50=35.46ms p95=152.70ms p99=198.97ms err=0
[status] PUB sent=2240644 itps=0.00 tps=1805.65 pubs=4000 err=0 | SUB recv=2240294 itps=0.00 tps=1805.44 p50=35.46ms p95=152.70ms p99=198.97ms err=0
[status] PUB sent=2240644 itps=0.00 tps=1804.20 pubs=4000 err=0 | SUB recv=2240294 itps=0.00 tps=1803.99 p50=35.46ms p95=152.70ms p99=198.97ms err=0
[status] PUB sent=2240644 itps=0.00 tps=1802.75 pubs=4000 err=0 | SUB recv=2240294 itps=0.00 tps=1802.54 p50=35.46ms p95=152.70ms p99=198.97ms err=0
[status] PUB sent=2240644 itps=0.00 tps=1801.30 pubs=4000 err=0 | SUB recv=2240294 itps=0.00 tps=1801.09 p50=35.46ms p95=152.70ms p99=198.97ms err=0
[status] PUB sent=2240644 itps=0.00 tps=1799.85 pubs=4000 err=0 | SUB recv=2240294 itps=0.00 tps=1799.64 p50=35.46ms p95=152.70ms p99=198.97ms err=0
[status] PUB sent=2240644 itps=0.00 tps=1798.41 pubs=4000 err=0 | SUB recv=2240294 itps=0.00 tps=1798.20 p50=35.46ms p95=152.70ms p99=198.97ms err=0
[status] PUB sent=2240644 itps=0.00 tps=1796.97 pubs=4000 err=0 | SUB recv=2240294 itps=0.00 tps=1796.75 p50=35.46ms p95=152.70ms p99=198.97ms err=0
[status] PUB sent=2240644 itps=0.00 tps=1795.53 pubs=4000 err=0 | SUB recv=2240294 itps=0.00 tps=1795.31 p50=35.46ms p95=152.70ms p99=198.97ms err=0
[status] PUB sent=2240644 itps=0.00 tps=1794.09 pubs=4000 err=0 | SUB recv=2240294 itps=0.00 tps=1793.88 p50=35.46ms p95=152.70ms p99=198.97ms err=0
[status] PUB sent=2240644 itps=0.00 tps=1792.65 pubs=4000 err=0 | SUB recv=2240294 itps=0.00 tps=1792.44 p50=35.46ms p95=152.70ms p99=198.97ms err=0
[status] PUB sent=2240644 itps=0.00 tps=1791.22 pubs=4000 err=0 | SUB recv=2240294 itps=0.00 tps=1789.58 p50=35.46ms p95=152.70ms p99=198.97ms err=0
[status] PUB sent=2240644 itps=0.00 tps=1788.36 pubs=4000 err=0 | SUB recv=2240294 itps=0.00 tps=1788.15 p50=35.46ms p95=152.70ms p99=198.97ms err=0
[status] PUB sent=2240644 itps=0.00 tps=1786.93 pubs=4000 err=0 | SUB recv=2240294 itps=0.00 tps=1786.72 p50=35.46ms p95=152.70ms p99=198.97ms err=0
[status] PUB sent=2240644 itps=0.00 tps=1785.51 pubs=4000 err=0 | SUB recv=2240294 itps=0.00 tps=1785.30 p50=35.46ms p95=152.70ms p99=198.97ms err=0
[status] PUB sent=2240644 itps=0.00 tps=1784.09 pubs=4000 err=0 | SUB recv=2240294 itps=0.00 tps=1783.88 p50=35.46ms p95=152.70ms p99=198.97ms err=0
[status] PUB sent=2240644 itps=0.00 tps=1782.67 pubs=4000 err=0 | SUB recv=2240294 itps=0.00 tps=1782.46 p50=35.46ms p95=152.70ms p99=198.97ms err=0
[status] PUB sent=2240644 itps=0.00 tps=1781.25 pubs=4000 err=0 | SUB recv=2240294 itps=0.00 tps=1781.04 p50=35.46ms p95=152.70ms p99=198.97ms err=0
[status] PUB sent=2240644 itps=0.00 tps=1779.84 pubs=4000 err=0 | SUB recv=2240294 itps=0.00 tps=1779.63 p50=35.46ms p95=152.70ms p99=198.97ms err=0
[status] PUB sent=2240644 itps=0.00 tps=1778.42 pubs=4000 err=0 | SUB recv=2240294 itps=0.00 tps=1778.21 p50=35.46ms p95=152.70ms p99=198.97ms err=0
[status] PUB sent=2240644 itps=0.00 tps=1777.01 pubs=4000 err=0 | SUB recv=2240294 itps=0.00 tps=1776.80 p50=35.46ms p95=152.70ms p99=198.97ms err=0
[status] PUB sent=2240644 itps=0.00 tps=1775.61 pubs=4000 err=0 | SUB recv=2240294 itps=0.00 tps=1775.40 p50=35.46ms p95=152.70ms p99=198.97ms err=0
[status] PUB sent=2240644 itps=0.00 tps=1774.20 pubs=4000 err=0 | SUB recv=2240294 itps=0.00 tps=1773.99 p50=35.46ms p95=152.70ms p99=198.97ms err=0
[status] PUB sent=2240644 itps=0.00 tps=1772.80 pubs=4000 err=0 | SUB recv=2240294 itps=0.00 tps=1772.59 p50=35.46ms p95=152.70ms p99=198.97ms err=0
[status] PUB sent=2240644 itps=0.00 tps=1771.39 pubs=4000 err=0 | SUB recv=2240294 itps=0.00 tps=1771.18 p50=35.46ms p95=152.70ms p99=198.97ms err=0
[status] PUB sent=2240644 itps=0.00 tps=1770.00 pubs=4000 err=0 | SUB recv=2240294 itps=0.00 tps=1769.78 p50=35.46ms p95=152.70ms p99=198.97ms err=0
[status] PUB sent=2240644 itps=0.00 tps=1768.60 pubs=4000 err=0 | SUB recv=2240294 itps=0.00 tps=1768.39 p50=35.46ms p95=152.70ms p99=198.97ms err=0
[status] PUB sent=2240644 itps=0.00 tps=1767.20 pubs=4000 err=0 | SUB recv=2240294 itps=0.00 tps=1766.99 p50=35.46ms p95=152.70ms p99=198.97ms err=0
[status] PUB sent=2240644 itps=0.00 tps=1765.81 pubs=4000 err=0 | SUB recv=2240294 itps=0.00 tps=1765.60 p50=35.46ms p95=152.70ms p99=198.97ms err=0
[status] PUB sent=2240644 itps=0.00 tps=1764.42 pubs=4000 err=0 | SUB recv=2240294 itps=0.00 tps=1764.21 p50=35.46ms p95=152.70ms p99=198.97ms err=0
[status] PUB sent=2240644 itps=0.00 tps=1763.03 pubs=4000 err=0 | SUB recv=2240294 itps=0.00 tps=1762.82 p50=35.46ms p95=152.70ms p99=198.97ms err=0
[status] PUB sent=2240644 itps=0.00 tps=1761.65 pubs=4000 err=0 | SUB recv=2240294 itps=0.00 tps=1761.44 p50=35.46ms p95=152.70ms p99=198.97ms err=0
[status] PUB sent=2240644 itps=0.00 tps=1760.26 pubs=4000 err=0 | SUB recv=2240294 itps=0.00 tps=1760.05 p50=35.46ms p95=152.70ms p99=198.97ms err=0
[status] PUB sent=2240644 itps=0.00 tps=1758.88 pubs=4000 err=0 | SUB recv=2240294 itps=0.00 tps=1758.67 p50=35.46ms p95=152.70ms p99=198.97ms err=0
[status] PUB sent=2240644 itps=0.00 tps=1757.50 pubs=4000 err=0 | SUB recv=2240294 itps=0.00 tps=1757.29 p50=35.46ms p95=152.70ms p99=198.97ms err=0
[status] PUB sent=2240644 itps=0.00 tps=1756.12 pubs=4000 err=0 | SUB recv=2240294 itps=0.00 tps=1755.91 p50=35.46ms p95=152.70ms p99=198.97ms err=0
[status] PUB sent=2240644 itps=0.00 tps=1754.75 pubs=4000 err=0 | SUB recv=2240294 itps=0.00 tps=1754.54 p50=35.46ms p95=152.70ms p99=198.97ms err=0
[status] PUB sent=2240644 itps=0.00 tps=1753.37 pubs=4000 err=0 | SUB recv=2240294 itps=0.00 tps=1753.16 p50=35.46ms p95=152.70ms p99=198.97ms err=0
[status] PUB sent=2240644 itps=0.00 tps=1752.00 pubs=4000 err=0 | SUB recv=2240294 itps=0.00 tps=1751.79 p50=35.46ms p95=152.70ms p99=198.97ms err=0
[status] PUB sent=2240644 itps=0.00 tps=1750.63 pubs=4000 err=0 | SUB recv=2240294 itps=0.00 tps=1750.43 p50=35.46ms p95=152.70ms p99=198.97ms err=0
[status] PUB sent=2240644 itps=0.00 tps=1749.27 pubs=4000 err=0 | SUB recv=2240294 itps=0.00 tps=1749.06 p50=35.46ms p95=152.70ms p99=198.97ms err=0
[status] PUB sent=2240644 itps=0.00 tps=1747.90 pubs=4000 err=0 | SUB recv=2240294 itps=0.00 tps=1747.69 p50=35.46ms p95=152.70ms p99=198.97ms err=0
[status] PUB sent=2240644 itps=0.00 tps=1746.54 pubs=4000 err=0 | SUB recv=2240294 itps=0.00 tps=1746.33 p50=35.46ms p95=152.70ms p99=198.97ms err=0
[status] PUB sent=2240644 itps=0.00 tps=1745.18 pubs=4000 err=0 | SUB recv=2240294 itps=0.00 tps=1744.97 p50=35.46ms p95=152.70ms p99=198.97ms err=0
[status] PUB sent=2240644 itps=0.00 tps=1743.82 pubs=4000 err=0 | SUB recv=2240294 itps=0.00 tps=1743.61 p50=35.46ms p95=152.70ms p99=198.97ms err=0
[status] PUB sent=2240644 itps=0.00 tps=1742.47 pubs=4000 err=0 | SUB recv=2240294 itps=0.00 tps=1742.26 p50=35.46ms p95=152.70ms p99=198.97ms err=0
[status] PUB sent=2240644 itps=0.00 tps=1741.11 pubs=4000 err=0 | SUB recv=2240294 itps=0.00 tps=1740.90 p50=35.46ms p95=152.70ms p99=198.97ms err=0
[status] PUB sent=2240644 itps=0.00 tps=1739.76 pubs=4000 err=0 | SUB recv=2240294 itps=0.00 tps=1739.55 p50=35.46ms p95=152.70ms p99=198.97ms err=0
[status] PUB sent=2240644 itps=0.00 tps=1738.41 pubs=4000 err=0 | SUB recv=2240294 itps=0.00 tps=1738.20 p50=35.46ms p95=152.70ms p99=198.97ms err=0
[status] PUB sent=2240644 itps=0.00 tps=1737.06 pubs=4000 err=0 | SUB recv=2240294 itps=0.00 tps=1736.85 p50=35.46ms p95=152.70ms p99=198.97ms err=0
[status] PUB sent=2240644 itps=0.00 tps=1735.72 pubs=4000 err=0 | SUB recv=2240294 itps=0.00 tps=1735.51 p50=35.46ms p95=152.70ms p99=198.97ms err=0
[status] PUB sent=2240644 itps=0.00 tps=1734.37 pubs=4000 err=0 | SUB recv=2240294 itps=0.00 tps=1734.17 p50=35.46ms p95=152.70ms p99=198.97ms err=0
[status] PUB sent=2240644 itps=0.00 tps=1733.03 pubs=4000 err=0 | SUB recv=2240294 itps=0.00 tps=1732.82 p50=35.46ms p95=152.70ms p99=198.97ms err=0
[status] PUB sent=2240644 itps=0.00 tps=1731.69 pubs=4000 err=0 | SUB recv=2240294 itps=0.00 tps=1731.49 p50=35.46ms p95=152.70ms p99=198.97ms err=0
[status] PUB sent=2240644 itps=0.00 tps=1730.36 pubs=4000 err=0 | SUB recv=2240294 itps=0.00 tps=1730.15 p50=35.46ms p95=152.70ms p99=198.97ms err=0
[status] PUB sent=2240644 itps=0.00 tps=1729.02 pubs=4000 err=0 | SUB recv=2240294 itps=0.00 tps=1728.81 p50=35.46ms p95=152.70ms p99=198.97ms err=0
[status] PUB sent=2240644 itps=0.00 tps=1727.69 pubs=4000 err=0 | SUB recv=2240294 itps=0.00 tps=1727.48 p50=35.46ms p95=152.70ms p99=198.97ms err=0
[status] PUB sent=2240644 itps=0.00 tps=1726.36 pubs=4000 err=0 | SUB recv=2240294 itps=0.00 tps=1726.15 p50=35.46ms p95=152.70ms p99=198.97ms err=0
[status] PUB sent=2240644 itps=0.00 tps=1725.03 pubs=4000 err=0 | SUB recv=2240294 itps=0.00 tps=1724.82 p50=35.46ms p95=152.70ms p99=198.97ms err=0
[status] PUB sent=2240644 itps=0.00 tps=1723.70 pubs=4000 err=0 | SUB recv=2240294 itps=0.00 tps=1723.49 p50=35.46ms p95=152.70ms p99=198.97ms err=0
[status] PUB sent=2240644 itps=0.00 tps=1722.37 pubs=4000 err=0 | SUB recv=2240294 itps=0.00 tps=1722.17 p50=35.46ms p95=152.70ms p99=198.97ms err=0
[status] PUB sent=2240644 itps=0.00 tps=1721.05 pubs=4000 err=0 | SUB recv=2240294 itps=0.00 tps=1720.85 p50=35.46ms p95=152.70ms p99=198.97ms err=0
[status] PUB sent=2240644 itps=0.00 tps=1719.73 pubs=4000 err=0 | SUB recv=2240294 itps=0.00 tps=1719.52 p50=35.46ms p95=152.70ms p99=198.97ms err=0
[status] PUB sent=2240644 itps=0.00 tps=1718.41 pubs=4000 err=0 | SUB recv=2240294 itps=0.00 tps=1718.21 p50=35.46ms p95=152.70ms p99=198.97ms err=0
[status] PUB sent=2240644 itps=0.00 tps=1717.09 pubs=4000 err=0 | SUB recv=2240294 itps=0.00 tps=1716.89 p50=35.46ms p95=152.70ms p99=198.97ms err=0
[status] PUB sent=2240644 itps=0.00 tps=1715.78 pubs=4000 err=0 | SUB recv=2240294 itps=0.00 tps=1715.57 p50=35.46ms p95=152.70ms p99=198.97ms err=0
[status] PUB sent=2240644 itps=0.00 tps=1714.47 pubs=4000 err=0 | SUB recv=2240294 itps=0.00 tps=1714.26 p50=35.46ms p95=152.70ms p99=198.97ms err=0
[status] PUB sent=2240644 itps=0.00 tps=1713.16 pubs=4000 err=0 | SUB recv=2240294 itps=0.00 tps=1712.95 p50=35.46ms p95=152.70ms p99=198.97ms err=0
[status] PUB sent=2240644 itps=0.00 tps=1711.85 pubs=4000 err=0 | SUB recv=2240294 itps=0.00 tps=1711.64 p50=35.46ms p95=152.70ms p99=198.97ms err=0
[status] PUB sent=2240644 itps=0.00 tps=1710.54 pubs=4000 err=0 | SUB recv=2240294 itps=0.00 tps=1710.33 p50=35.46ms p95=152.70ms p99=198.97ms err=0
[status] PUB sent=2240644 itps=0.00 tps=1709.24 pubs=4000 err=0 | SUB recv=2240294 itps=0.00 tps=1709.03 p50=35.46ms p95=152.70ms p99=198.97ms err=0
[status] PUB sent=2240644 itps=0.00 tps=1707.93 pubs=4000 err=0 | SUB recv=2240294 itps=0.00 tps=1707.73 p50=35.46ms p95=152.70ms p99=198.97ms err=0
[status] PUB sent=2240644 itps=0.00 tps=1706.63 pubs=4000 err=0 | SUB recv=2240294 itps=0.00 tps=1706.43 p50=35.46ms p95=152.70ms p99=198.97ms err=0
[status] PUB sent=2240644 itps=0.00 tps=1705.33 pubs=4000 err=0 | SUB recv=2240294 itps=0.00 tps=1705.13 p50=35.46ms p95=152.70ms p99=198.97ms err=0
[status] PUB sent=2240644 itps=0.00 tps=1704.04 pubs=4000 err=0 | SUB recv=2240294 itps=0.00 tps=1703.83 p50=35.46ms p95=152.70ms p99=198.97ms err=0
[status] PUB sent=2240644 itps=0.00 tps=1702.74 pubs=4000 err=0 | SUB recv=2240294 itps=0.00 tps=1702.54 p50=35.46ms p95=152.70ms p99=198.97ms err=0
[status] PUB sent=2240644 itps=0.00 tps=1701.45 pubs=4000 err=0 | SUB recv=2240294 itps=0.00 tps=1699.95 p50=35.46ms p95=152.70ms p99=198.97ms err=0
[status] PUB sent=2240644 itps=0.00 tps=1698.87 pubs=4000 err=0 | SUB recv=2240294 itps=0.00 tps=1698.66 p50=35.46ms p95=152.70ms p99=198.97ms err=0
[status] PUB sent=2240644 itps=0.00 tps=1697.58 pubs=4000 err=0 | SUB recv=2240294 itps=0.00 tps=1697.38 p50=35.46ms p95=152.70ms p99=198.97ms err=0
[status] PUB sent=2240644 itps=0.00 tps=1696.30 pubs=4000 err=0 | SUB recv=2240294 itps=0.00 tps=1696.09 p50=35.46ms p95=152.70ms p99=198.97ms err=0
[status] PUB sent=2240644 itps=0.00 tps=1695.01 pubs=4000 err=0 | SUB recv=2240294 itps=0.00 tps=1694.81 p50=35.46ms p95=152.70ms p99=198.97ms err=0
[status] PUB sent=2240644 itps=0.00 tps=1693.73 pubs=4000 err=0 | SUB recv=2240294 itps=0.00 tps=1693.53 p50=35.46ms p95=152.70ms p99=198.97ms err=0
[status] PUB sent=2240644 itps=0.00 tps=1692.45 pubs=4000 err=0 | SUB recv=2240294 itps=0.00 tps=1692.25 p50=35.46ms p95=152.70ms p99=198.97ms err=0
[status] PUB sent=2240644 itps=0.00 tps=1691.17 pubs=4000 err=0 | SUB recv=2240294 itps=0.00 tps=1690.97 p50=35.46ms p95=152.70ms p99=198.97ms err=0
[status] PUB sent=2240644 itps=0.00 tps=1689.90 pubs=4000 err=0 | SUB recv=2240294 itps=0.00 tps=1689.70 p50=35.46ms p95=152.70ms p99=198.97ms err=0
[status] PUB sent=2240644 itps=0.00 tps=1688.63 pubs=4000 err=0 | SUB recv=2240294 itps=0.00 tps=1688.42 p50=35.46ms p95=152.70ms p99=198.97ms err=0
[status] PUB sent=2240644 itps=0.00 tps=1687.35 pubs=4000 err=0 | SUB recv=2240294 itps=0.00 tps=1687.15 p50=35.46ms p95=152.70ms p99=198.97ms err=0
[status] PUB sent=2240644 itps=0.00 tps=1686.08 pubs=4000 err=0 | SUB recv=2240294 itps=0.00 tps=1685.88 p50=35.46ms p95=152.70ms p99=198.97ms err=0
[status] PUB sent=2240644 itps=0.00 tps=1684.82 pubs=4000 err=0 | SUB recv=2240294 itps=0.00 tps=1684.61 p50=35.46ms p95=152.70ms p99=198.97ms err=0
[status] PUB sent=2240644 itps=0.00 tps=1683.55 pubs=4000 err=0 | SUB recv=2240294 itps=0.00 tps=1683.35 p50=35.46ms p95=152.70ms p99=198.97ms err=0
[status] PUB sent=2240644 itps=0.00 tps=1682.29 pubs=4000 err=0 | SUB recv=2240294 itps=0.00 tps=1682.08 p50=35.46ms p95=152.70ms p99=198.97ms err=0
[status] PUB sent=2240644 itps=0.00 tps=1681.02 pubs=4000 err=0 | SUB recv=2240294 itps=0.00 tps=1680.82 p50=35.46ms p95=152.70ms p99=198.97ms err=0
[status] PUB sent=2240644 itps=0.00 tps=1679.76 pubs=4000 err=0 | SUB recv=2240294 itps=0.00 tps=1679.56 p50=35.46ms p95=152.70ms p99=198.97ms err=0
[status] PUB sent=2240644 itps=0.00 tps=1678.51 pubs=4000 err=0 | SUB recv=2240294 itps=0.00 tps=1678.30 p50=35.46ms p95=152.70ms p99=198.97ms err=0
[status] PUB sent=2240644 itps=0.00 tps=1677.25 pubs=4000 err=0 | SUB recv=2240294 itps=0.00 tps=1677.05 p50=35.46ms p95=152.70ms p99=198.97ms err=0
[status] PUB sent=2240644 itps=0.00 tps=1675.99 pubs=4000 err=0 | SUB recv=2240294 itps=0.00 tps=1675.79 p50=35.46ms p95=152.70ms p99=198.97ms err=0
[status] PUB sent=2240644 itps=0.00 tps=1674.74 pubs=4000 err=0 | SUB recv=2240294 itps=0.00 tps=1674.54 p50=35.46ms p95=152.70ms p99=198.97ms err=0
[status] PUB sent=2240644 itps=0.00 tps=1673.49 pubs=4000 err=0 | SUB recv=2240294 itps=0.00 tps=1673.29 p50=35.46ms p95=152.70ms p99=198.97ms err=0
[status] PUB sent=2240644 itps=0.00 tps=1672.24 pubs=4000 err=0 | SUB recv=2240294 itps=0.00 tps=1672.04 p50=35.46ms p95=152.70ms p99=198.97ms err=0
[status] PUB sent=2240644 itps=0.00 tps=1670.99 pubs=4000 err=0 | SUB recv=2240294 itps=0.00 tps=1670.79 p50=35.46ms p95=152.70ms p99=198.97ms err=0
[status] PUB sent=2240644 itps=0.00 tps=1669.75 pubs=4000 err=0 | SUB recv=2240294 itps=0.00 tps=1669.55 p50=35.46ms p95=152.70ms p99=198.97ms err=0
[status] PUB sent=2240644 itps=0.00 tps=1668.51 pubs=4000 err=0 | SUB recv=2240294 itps=0.00 tps=1668.30 p50=35.46ms p95=152.70ms p99=198.97ms err=0
[status] PUB sent=2240644 itps=0.00 tps=1667.26 pubs=4000 err=0 | SUB recv=2240294 itps=0.00 tps=1667.06 p50=35.46ms p95=152.70ms p99=198.97ms err=0
[status] PUB sent=2240644 itps=0.00 tps=1666.02 pubs=4000 err=0 | SUB recv=2240294 itps=0.00 tps=1665.82 p50=35.46ms p95=152.70ms p99=198.97ms err=0
[status] PUB sent=2240644 itps=0.00 tps=1664.79 pubs=4000 err=0 | SUB recv=2240294 itps=0.00 tps=1664.59 p50=35.46ms p95=152.70ms p99=198.97ms err=0
[status] PUB sent=2240644 itps=0.00 tps=1663.55 pubs=4000 err=0 | SUB recv=2240294 itps=0.00 tps=1663.35 p50=35.46ms p95=152.70ms p99=198.97ms err=0
[status] PUB sent=2240644 itps=0.00 tps=1662.32 pubs=4000 err=0 | SUB recv=2240294 itps=0.00 tps=1662.12 p50=35.46ms p95=152.70ms p99=198.97ms err=0
[status] PUB sent=2240644 itps=0.00 tps=1661.08 pubs=4000 err=0 | SUB recv=2240294 itps=0.00 tps=1660.88 p50=35.46ms p95=152.70ms p99=198.97ms err=0
[status] PUB sent=2240644 itps=0.00 tps=1659.85 pubs=4000 err=0 | SUB recv=2240294 itps=0.00 tps=1659.65 p50=35.46ms p95=152.70ms p99=198.97ms err=0
[status] PUB sent=2240644 itps=0.00 tps=1658.62 pubs=4000 err=0 | SUB recv=2240294 itps=0.00 tps=1658.42 p50=35.46ms p95=152.70ms p99=198.97ms err=0
[status] PUB sent=2240644 itps=0.00 tps=1657.40 pubs=4000 err=0 | SUB recv=2240294 itps=0.00 tps=1657.20 p50=35.46ms p95=152.70ms p99=198.97ms err=0
[status] PUB sent=2240644 itps=0.00 tps=1656.17 pubs=4000 err=0 | SUB recv=2240294 itps=0.00 tps=1655.97 p50=35.46ms p95=152.70ms p99=198.97ms err=0
[status] PUB sent=2240644 itps=0.00 tps=1654.95 pubs=4000 err=0 | SUB recv=2240294 itps=0.00 tps=1654.75 p50=35.46ms p95=152.70ms p99=198.97ms err=0
[status] PUB sent=2240644 itps=0.00 tps=1653.73 pubs=4000 err=0 | SUB recv=2240294 itps=0.00 tps=1653.53 p50=35.46ms p95=152.70ms p99=198.97ms err=0
[status] PUB sent=2240644 itps=0.00 tps=1652.51 pubs=4000 err=0 | SUB recv=2240294 itps=0.00 tps=1652.31 p50=35.46ms p95=152.70ms p99=198.97ms err=0
[status] PUB sent=2240644 itps=0.00 tps=1651.29 pubs=4000 err=0 | SUB recv=2240294 itps=0.00 tps=1651.09 p50=35.46ms p95=152.70ms p99=198.97ms err=0
[status] PUB sent=2240644 itps=0.00 tps=1650.07 pubs=4000 err=0 | SUB recv=2240294 itps=0.00 tps=1649.88 p50=35.46ms p95=152.70ms p99=198.97ms err=0
[status] PUB sent=2240644 itps=0.00 tps=1648.86 pubs=4000 err=0 | SUB recv=2240294 itps=0.00 tps=1648.66 p50=35.46ms p95=152.70ms p99=198.97ms err=0
[status] PUB sent=2240644 itps=0.00 tps=1647.65 pubs=4000 err=0 | SUB recv=2240294 itps=0.00 tps=1647.45 p50=35.46ms p95=152.70ms p99=198.97ms err=0
[status] PUB sent=2240644 itps=0.00 tps=1646.44 pubs=4000 err=0 | SUB recv=2240294 itps=0.00 tps=1646.24 p50=35.46ms p95=152.70ms p99=198.97ms err=0
[status] PUB sent=2240644 itps=0.00 tps=1645.23 pubs=4000 err=0 | SUB recv=2240294 itps=0.00 tps=1645.03 p50=35.46ms p95=152.70ms p99=198.97ms err=0
[status] PUB sent=2240644 itps=0.00 tps=1644.02 pubs=4000 err=0 | SUB recv=2240294 itps=0.00 tps=1643.82 p50=35.46ms p95=152.70ms p99=198.97ms err=0
[status] PUB sent=2240644 itps=0.00 tps=1642.82 pubs=4000 err=0 | SUB recv=2240294 itps=0.00 tps=1642.62 p50=35.46ms p95=152.70ms p99=198.97ms err=0
[status] PUB sent=2240644 itps=0.00 tps=1641.61 pubs=4000 err=0 | SUB recv=2240294 itps=0.00 tps=1641.41 p50=35.46ms p95=152.70ms p99=198.97ms err=0
[status] PUB sent=2240644 itps=0.00 tps=1640.41 pubs=4000 err=0 | SUB recv=2240294 itps=0.00 tps=1640.21 p50=35.46ms p95=152.70ms p99=198.97ms err=0
[status] PUB sent=2240644 itps=0.00 tps=1639.21 pubs=4000 err=0 | SUB recv=2240294 itps=0.00 tps=1639.01 p50=35.46ms p95=152.70ms p99=198.97ms err=0
[status] PUB sent=2240644 itps=0.00 tps=1638.01 pubs=4000 err=0 | SUB recv=2240294 itps=0.00 tps=1637.81 p50=35.46ms p95=152.70ms p99=198.97ms err=0
[status] PUB sent=2240644 itps=0.00 tps=1636.82 pubs=4000 err=0 | SUB recv=2240294 itps=0.00 tps=1636.62 p50=35.46ms p95=152.70ms p99=198.97ms err=0
[status] PUB sent=2240644 itps=0.00 tps=1635.62 pubs=4000 err=0 | SUB recv=2240294 itps=0.00 tps=1635.42 p50=35.46ms p95=152.70ms p99=198.97ms err=0
[status] PUB sent=2240644 itps=0.00 tps=1634.43 pubs=4000 err=0 | SUB recv=2240294 itps=0.00 tps=1634.23 p50=35.46ms p95=152.70ms p99=198.97ms err=0
[status] PUB sent=2240644 itps=0.00 tps=1633.24 pubs=4000 err=0 | SUB recv=2240294 itps=0.00 tps=1633.04 p50=35.46ms p95=152.70ms p99=198.97ms err=0
[status] PUB sent=2240644 itps=0.00 tps=1632.05 pubs=4000 err=0 | SUB recv=2240294 itps=0.00 tps=1631.85 p50=35.46ms p95=152.70ms p99=198.97ms err=0
[status] PUB sent=2240644 itps=0.00 tps=1630.86 pubs=4000 err=0 | SUB recv=2240294 itps=0.00 tps=1630.66 p50=35.46ms p95=152.70ms p99=198.97ms err=0
[status] PUB sent=2240644 itps=0.00 tps=1629.67 pubs=4000 err=0 | SUB recv=2240294 itps=0.00 tps=1629.48 p50=35.46ms p95=152.70ms p99=198.97ms err=0
[status] PUB sent=2240644 itps=0.00 tps=1628.49 pubs=4000 err=0 | SUB recv=2240294 itps=0.00 tps=1628.29 p50=35.46ms p95=152.70ms p99=198.97ms err=0
[status] PUB sent=2240644 itps=0.00 tps=1627.31 pubs=4000 err=0 | SUB recv=2240294 itps=0.00 tps=1627.11 p50=35.46ms p95=152.70ms p99=198.97ms err=0
[status] PUB sent=2240644 itps=0.00 tps=1626.12 pubs=4000 err=0 | SUB recv=2240294 itps=0.00 tps=1625.93 p50=35.46ms p95=152.70ms p99=198.97ms err=0
[status] PUB sent=2240644 itps=0.00 tps=1624.95 pubs=4000 err=0 | SUB recv=2240294 itps=0.00 tps=1624.75 p50=35.46ms p95=152.70ms p99=198.97ms err=0
[status] PUB sent=2240644 itps=0.00 tps=1623.77 pubs=4000 err=0 | SUB recv=2240294 itps=0.00 tps=1623.57 p50=35.46ms p95=152.70ms p99=198.97ms err=0
[status] PUB sent=2240644 itps=0.00 tps=1622.59 pubs=4000 err=0 | SUB recv=2240294 itps=0.00 tps=1622.39 p50=35.46ms p95=152.70ms p99=198.97ms err=0
[status] PUB sent=2240644 itps=0.00 tps=1621.42 pubs=4000 err=0 | SUB recv=2240294 itps=0.00 tps=1621.22 p50=35.46ms p95=152.70ms p99=198.97ms err=0
[status] PUB sent=2240644 itps=0.00 tps=1620.24 pubs=4000 err=0 | SUB recv=2240294 itps=0.00 tps=1620.05 p50=35.46ms p95=152.70ms p99=198.97ms err=0
[status] PUB sent=2240644 itps=0.00 tps=1619.07 pubs=4000 err=0 | SUB recv=2240294 itps=0.00 tps=1618.88 p50=35.46ms p95=152.70ms p99=198.97ms err=0
[status] PUB sent=2240644 itps=0.00 tps=1617.91 pubs=4000 err=0 | SUB recv=2240294 itps=0.00 tps=1616.54 p50=35.46ms p95=152.70ms p99=198.97ms err=0
[status] PUB sent=2240644 itps=0.00 tps=1615.57 pubs=4000 err=0 | SUB recv=2240294 itps=0.00 tps=1615.38 p50=35.46ms p95=152.70ms p99=198.97ms err=0
[status] PUB sent=2240644 itps=0.00 tps=1614.41 pubs=4000 err=0 | SUB recv=2240294 itps=0.00 tps=1614.21 p50=35.46ms p95=152.70ms p99=198.97ms err=0
[status] PUB sent=2240644 itps=0.00 tps=1613.25 pubs=4000 err=0 | SUB recv=2240294 itps=0.00 tps=1613.05 p50=35.46ms p95=152.70ms p99=198.97ms err=0
[status] PUB sent=2240644 itps=0.00 tps=1612.08 pubs=4000 err=0 | SUB recv=2240294 itps=0.00 tps=1611.89 p50=35.46ms p95=152.70ms p99=198.97ms err=0
[status] PUB sent=2240644 itps=0.00 tps=1610.93 pubs=4000 err=0 | SUB recv=2240294 itps=0.00 tps=1610.73 p50=35.46ms p95=152.70ms p99=198.97ms err=0
[status] PUB sent=2240644 itps=0.00 tps=1609.77 pubs=4000 err=0 | SUB recv=2240294 itps=0.00 tps=1609.57 p50=35.46ms p95=152.70ms p99=198.97ms err=0
[status] PUB sent=2240644 itps=0.00 tps=1608.61 pubs=4000 err=0 | SUB recv=2240294 itps=0.00 tps=1608.42 p50=35.46ms p95=152.70ms p99=198.97ms err=0
[status] PUB sent=2240644 itps=0.00 tps=1607.46 pubs=4000 err=0 | SUB recv=2240294 itps=0.00 tps=1607.26 p50=35.46ms p95=152.70ms p99=198.97ms err=0
[status] PUB sent=2240644 itps=0.00 tps=1606.31 pubs=4000 err=0 | SUB recv=2240294 itps=0.00 tps=1606.11 p50=35.46ms p95=152.70ms p99=198.97ms err=0
[status] PUB sent=2240644 itps=0.00 tps=1605.16 pubs=4000 err=0 | SUB recv=2240294 itps=0.00 tps=1604.96 p50=35.46ms p95=152.70ms p99=198.97ms err=0
[status] PUB sent=2240644 itps=0.00 tps=1604.01 pubs=4000 err=0 | SUB recv=2240294 itps=0.00 tps=1603.81 p50=35.46ms p95=152.70ms p99=198.97ms err=0
[status] PUB sent=2240644 itps=0.00 tps=1602.86 pubs=4000 err=0 | SUB recv=2240294 itps=0.00 tps=1602.66 p50=35.46ms p95=152.70ms p99=198.97ms err=0
[status] PUB sent=2240644 itps=0.00 tps=1601.71 pubs=4000 err=0 | SUB recv=2240294 itps=0.00 tps=1601.52 p50=35.46ms p95=152.70ms p99=198.97ms err=0
[status] PUB sent=2240644 itps=0.00 tps=1600.57 pubs=4000 err=0 | SUB recv=2240294 itps=0.00 tps=1600.37 p50=35.46ms p95=152.70ms p99=198.97ms err=0
[status] PUB sent=2240644 itps=0.00 tps=1599.43 pubs=4000 err=0 | SUB recv=2240294 itps=0.00 tps=1599.23 p50=35.46ms p95=152.70ms p99=198.97ms err=0
[status] PUB sent=2240644 itps=0.00 tps=1598.29 pubs=4000 err=0 | SUB recv=2240294 itps=0.00 tps=1598.09 p50=35.46ms p95=152.70ms p99=198.97ms err=0
[status] PUB sent=2240644 itps=0.00 tps=1597.15 pubs=4000 err=0 | SUB recv=2240294 itps=0.00 tps=1596.95 p50=35.46ms p95=152.70ms p99=198.97ms err=0
[status] PUB sent=2240644 itps=0.00 tps=1596.01 pubs=4000 err=0 | SUB recv=2240294 itps=0.00 tps=1595.81 p50=35.46ms p95=152.70ms p99=198.97ms err=0
[status] PUB sent=2240644 itps=0.00 tps=1594.87 pubs=4000 err=0 | SUB recv=2240294 itps=0.00 tps=1594.68 p50=35.46ms p95=152.70ms p99=198.97ms err=0
[status] PUB sent=2240644 itps=0.00 tps=1593.74 pubs=4000 err=0 | SUB recv=2240294 itps=0.00 tps=1593.54 p50=35.46ms p95=152.70ms p99=198.97ms err=0
[status] PUB sent=2240644 itps=0.00 tps=1592.61 pubs=4000 err=0 | SUB recv=2240294 itps=0.00 tps=1592.41 p50=35.46ms p95=152.70ms p99=198.97ms err=0
[status] PUB sent=2240644 itps=0.00 tps=1591.47 pubs=4000 err=0 | SUB recv=2240294 itps=0.00 tps=1591.28 p50=35.46ms p95=152.70ms p99=198.97ms err=0
[status] PUB sent=2240644 itps=0.00 tps=1590.35 pubs=4000 err=0 | SUB recv=2240294 itps=0.00 tps=1590.15 p50=35.46ms p95=152.70ms p99=198.97ms err=0
[status] PUB sent=2240644 itps=0.00 tps=1589.22 pubs=4000 err=0 | SUB recv=2240294 itps=0.00 tps=1589.02 p50=35.46ms p95=152.70ms p99=198.97ms err=0
[status] PUB sent=2240644 itps=0.00 tps=1588.09 pubs=4000 err=0 | SUB recv=2240294 itps=0.00 tps=1587.90 p50=35.46ms p95=152.70ms p99=198.97ms err=0
[status] PUB sent=2240644 itps=0.00 tps=1586.97 pubs=4000 err=0 | SUB recv=2240294 itps=0.00 tps=1586.77 p50=35.46ms p95=152.70ms p99=198.97ms err=0
[status] PUB sent=2240644 itps=0.00 tps=1585.84 pubs=4000 err=0 | SUB recv=2240294 itps=0.00 tps=1585.65 p50=35.46ms p95=152.70ms p99=198.97ms err=0
[status] PUB sent=2240644 itps=0.00 tps=1584.72 pubs=4000 err=0 | SUB recv=2240294 itps=0.00 tps=1584.53 p50=35.46ms p95=152.70ms p99=198.97ms err=0
[status] PUB sent=2240644 itps=0.00 tps=1583.60 pubs=4000 err=0 | SUB recv=2240294 itps=0.00 tps=1583.41 p50=35.46ms p95=152.70ms p99=198.97ms err=0
[status] PUB sent=2240644 itps=0.00 tps=1582.48 pubs=4000 err=0 | SUB recv=2240294 itps=0.00 tps=1582.29 p50=35.46ms p95=152.70ms p99=198.97ms err=0
[status] PUB sent=2240644 itps=0.00 tps=1581.37 pubs=4000 err=0 | SUB recv=2240294 itps=0.00 tps=1581.17 p50=35.46ms p95=152.70ms p99=198.97ms err=0
[status] PUB sent=2240644 itps=0.00 tps=1580.25 pubs=4000 err=0 | SUB recv=2240294 itps=0.00 tps=1580.06 p50=35.46ms p95=152.70ms p99=198.97ms err=0
[status] PUB sent=2240644 itps=0.00 tps=1579.14 pubs=4000 err=0 | SUB recv=2240294 itps=0.00 tps=1578.94 p50=35.46ms p95=152.70ms p99=198.97ms err=0
[status] PUB sent=2240644 itps=0.00 tps=1578.02 pubs=4000 err=0 | SUB recv=2240294 itps=0.00 tps=1577.83 p50=35.46ms p95=152.70ms p99=198.97ms err=0
[status] PUB sent=2240644 itps=0.00 tps=1576.91 pubs=4000 err=0 | SUB recv=2240294 itps=0.00 tps=1576.72 p50=35.46ms p95=152.70ms p99=198.97ms err=0
[status] PUB sent=2240644 itps=0.00 tps=1575.80 pubs=4000 err=0 | SUB recv=2240294 itps=0.00 tps=1575.61 p50=35.46ms p95=152.70ms p99=198.97ms err=0
[status] PUB sent=2240644 itps=0.00 tps=1574.70 pubs=4000 err=0 | SUB recv=2240294 itps=0.00 tps=1574.50 p50=35.46ms p95=152.70ms p99=198.97ms err=0
[status] PUB sent=2240644 itps=0.00 tps=1573.59 pubs=4000 err=0 | SUB recv=2240294 itps=0.00 tps=1573.40 p50=35.46ms p95=152.70ms p99=198.97ms err=0
[status] PUB sent=2240644 itps=0.00 tps=1572.49 pubs=4000 err=0 | SUB recv=2240294 itps=0.00 tps=1572.29 p50=35.46ms p95=152.70ms p99=198.97ms err=0
[status] PUB sent=2240644 itps=0.00 tps=1571.38 pubs=4000 err=0 | SUB recv=2240294 itps=0.00 tps=1571.19 p50=35.46ms p95=152.70ms p99=198.97ms err=0
[status] PUB sent=2240644 itps=0.00 tps=1570.28 pubs=4000 err=0 | SUB recv=2240294 itps=0.00 tps=1570.09 p50=35.46ms p95=152.70ms p99=198.97ms err=0
[status] PUB sent=2240644 itps=0.00 tps=1569.18 pubs=4000 err=0 | SUB recv=2240294 itps=0.00 tps=1568.99 p50=35.46ms p95=152.70ms p99=198.97ms err=0
[status] PUB sent=2240644 itps=0.00 tps=1568.09 pubs=4000 err=0 | SUB recv=2240294 itps=0.00 tps=1567.89 p50=35.46ms p95=152.70ms p99=198.97ms err=0
[status] PUB sent=2240644 itps=0.00 tps=1566.99 pubs=4000 err=0 | SUB recv=2240294 itps=0.00 tps=1566.80 p50=35.46ms p95=152.70ms p99=198.97ms err=0
[status] PUB sent=2240644 itps=0.00 tps=1565.89 pubs=4000 err=0 | SUB recv=2240294 itps=0.00 tps=1565.70 p50=35.46ms p95=152.70ms p99=198.97ms err=0
[status] PUB sent=2240644 itps=0.00 tps=1564.80 pubs=4000 err=0 | SUB recv=2240294 itps=0.00 tps=1564.61 p50=35.46ms p95=152.70ms p99=198.97ms err=0
[status] PUB sent=2240644 itps=0.00 tps=1563.71 pubs=4000 err=0 | SUB recv=2240294 itps=0.00 tps=1563.52 p50=35.46ms p95=152.70ms p99=198.97ms err=0
[status] PUB sent=2240644 itps=0.00 tps=1562.62 pubs=4000 err=0 | SUB recv=2240294 itps=0.00 tps=1562.42 p50=35.46ms p95=152.70ms p99=198.97ms err=0
[status] PUB sent=2240644 itps=0.00 tps=1561.53 pubs=4000 err=0 | SUB recv=2240294 itps=0.00 tps=1561.34 p50=35.46ms p95=152.70ms p99=198.97ms err=0
[status] PUB sent=2240644 itps=0.00 tps=1560.44 pubs=4000 err=0 | SUB recv=2240294 itps=0.00 tps=1560.25 p50=35.46ms p95=152.70ms p99=198.97ms err=0
[status] PUB sent=2240644 itps=0.00 tps=1559.36 pubs=4000 err=0 | SUB recv=2240294 itps=0.00 tps=1559.16 p50=35.46ms p95=152.70ms p99=198.97ms err=0
[status] PUB sent=2240644 itps=0.00 tps=1558.27 pubs=4000 err=0 | SUB recv=2240294 itps=0.00 tps=1558.08 p50=35.46ms p95=152.70ms p99=198.97ms err=0
[status] PUB sent=2240644 itps=0.00 tps=1557.19 pubs=4000 err=0 | SUB recv=2240294 itps=0.00 tps=1557.00 p50=35.46ms p95=152.70ms p99=198.97ms err=0
[status] PUB sent=2240644 itps=0.00 tps=1556.11 pubs=4000 err=0 | SUB recv=2240294 itps=0.00 tps=1555.91 p50=35.46ms p95=152.70ms p99=198.97ms err=0
[status] PUB sent=2240644 itps=0.00 tps=1555.03 pubs=4000 err=0 | SUB recv=2240294 itps=0.00 tps=1554.83 p50=35.46ms p95=152.70ms p99=198.97ms err=0
[status] PUB sent=2240644 itps=0.00 tps=1553.95 pubs=4000 err=0 | SUB recv=2240294 itps=0.00 tps=1553.76 p50=35.46ms p95=152.70ms p99=198.97ms err=0
[status] PUB sent=2240644 itps=0.00 tps=1552.87 pubs=4000 err=0 | SUB recv=2240294 itps=0.00 tps=1552.68 p50=35.46ms p95=152.70ms p99=198.97ms err=0
[status] PUB sent=2240644 itps=0.00 tps=1551.80 pubs=4000 err=0 | SUB recv=2240294 itps=0.00 tps=1551.60 p50=35.46ms p95=152.70ms p99=198.97ms err=0
[status] PUB sent=2240644 itps=0.00 tps=1550.72 pubs=4000 err=0 | SUB recv=2240294 itps=0.00 tps=1550.53 p50=35.46ms p95=152.70ms p99=198.97ms err=0
[status] PUB sent=2240644 itps=0.00 tps=1549.65 pubs=4000 err=0 | SUB recv=2240294 itps=0.00 tps=1549.46 p50=35.46ms p95=152.70ms p99=198.97ms err=0
[status] PUB sent=2240644 itps=0.00 tps=1548.58 pubs=4000 err=0 | SUB recv=2240294 itps=0.00 tps=1548.39 p50=35.46ms p95=152.70ms p99=198.97ms err=0
[status] PUB sent=2240644 itps=0.00 tps=1547.51 pubs=4000 err=0 | SUB recv=2240294 itps=0.00 tps=1547.32 p50=35.46ms p95=152.70ms p99=198.97ms err=0
[status] PUB sent=2240644 itps=0.00 tps=1546.44 pubs=4000 err=0 | SUB recv=2240294 itps=0.00 tps=1546.25 p50=35.46ms p95=152.70ms p99=198.97ms err=0
[status] PUB sent=2240644 itps=0.00 tps=1545.37 pubs=4000 err=0 | SUB recv=2240294 itps=0.00 tps=1545.18 p50=35.46ms p95=152.70ms p99=198.97ms err=0
[status] PUB sent=2240644 itps=0.00 tps=1544.31 pubs=4000 err=0 | SUB recv=2240294 itps=0.00 tps=1544.12 p50=35.46ms p95=152.70ms p99=198.97ms err=0
[status] PUB sent=2240644 itps=0.00 tps=1543.25 pubs=4000 err=0 | SUB recv=2240294 itps=0.00 tps=1543.05 p50=35.46ms p95=152.70ms p99=198.97ms err=0
[status] PUB sent=2240644 itps=0.00 tps=1541.12 pubs=4000 err=0 | SUB recv=2240294 itps=0.00 tps=1540.93 p50=35.46ms p95=152.70ms p99=198.97ms err=0
[status] PUB sent=2240644 itps=0.00 tps=1540.06 pubs=4000 err=0 | SUB recv=2240294 itps=0.00 tps=1539.87 p50=35.46ms p95=152.70ms p99=198.97ms err=0
[status] PUB sent=2240644 itps=0.00 tps=1539.01 pubs=4000 err=0 | SUB recv=2240294 itps=0.00 tps=1538.81 p50=35.46ms p95=152.70ms p99=198.97ms err=0
[status] PUB sent=2240644 itps=0.00 tps=1537.95 pubs=4000 err=0 | SUB recv=2240294 itps=0.00 tps=1537.76 p50=35.46ms p95=152.70ms p99=198.97ms err=0
[status] PUB sent=2240644 itps=0.00 tps=1536.89 pubs=4000 err=0 | SUB recv=2240294 itps=0.00 tps=1536.70 p50=35.46ms p95=152.70ms p99=198.97ms err=0
[status] PUB sent=2240644 itps=0.00 tps=1535.84 pubs=4000 err=0 | SUB recv=2240294 itps=0.00 tps=1535.65 p50=35.46ms p95=152.70ms p99=198.97ms err=0
[status] PUB sent=2240644 itps=0.00 tps=1534.79 pubs=4000 err=0 | SUB recv=2240294 itps=0.00 tps=1534.60 p50=35.46ms p95=152.70ms p99=198.97ms err=0
[status] PUB sent=2240644 itps=0.00 tps=1533.74 pubs=4000 err=0 | SUB recv=2240294 itps=0.00 tps=1533.55 p50=35.46ms p95=152.70ms p99=198.97ms err=0
[status] PUB sent=2240644 itps=0.00 tps=1532.69 pubs=4000 err=0 | SUB recv=2240294 itps=0.00 tps=1532.50 p50=35.46ms p95=152.70ms p99=198.97ms err=0
[status] PUB sent=2240644 itps=0.00 tps=1531.64 pubs=4000 err=0 | SUB recv=2240294 itps=0.00 tps=1531.45 p50=35.46ms p95=152.70ms p99=198.97ms err=0
[status] PUB sent=2240644 itps=0.00 tps=1530.60 pubs=4000 err=0 | SUB recv=2240294 itps=0.00 tps=1530.41 p50=35.46ms p95=152.70ms p99=198.97ms err=0
[status] PUB sent=2240644 itps=0.00 tps=1529.55 pubs=4000 err=0 | SUB recv=2240294 itps=0.00 tps=1529.36 p50=35.46ms p95=152.70ms p99=198.97ms err=0
[status] PUB sent=2240644 itps=0.00 tps=1528.51 pubs=4000 err=0 | SUB recv=2240294 itps=0.00 tps=1528.32 p50=35.46ms p95=152.70ms p99=198.97ms err=0
[status] PUB sent=2240644 itps=0.00 tps=1527.46 pubs=4000 err=0 | SUB recv=2240294 itps=0.00 tps=1527.28 p50=35.46ms p95=152.70ms p99=198.97ms err=0
[status] PUB sent=2240644 itps=0.00 tps=1526.42 pubs=4000 err=0 | SUB recv=2240294 itps=0.00 tps=1526.24 p50=35.46ms p95=152.70ms p99=198.97ms err=0
[status] PUB sent=2240644 itps=0.00 tps=1525.38 pubs=4000 err=0 | SUB recv=2240294 itps=0.00 tps=1525.20 p50=35.46ms p95=152.70ms p99=198.97ms err=0
[status] PUB sent=2240644 itps=0.00 tps=1524.35 pubs=4000 err=0 | SUB recv=2240294 itps=0.00 tps=1524.16 p50=35.46ms p95=152.70ms p99=198.97ms err=0
[status] PUB sent=2240644 itps=0.00 tps=1523.31 pubs=4000 err=0 | SUB recv=2240294 itps=0.00 tps=1523.12 p50=35.46ms p95=152.70ms p99=198.97ms err=0
[status] PUB sent=2240644 itps=0.00 tps=1522.28 pubs=4000 err=0 | SUB recv=2240294 itps=0.00 tps=1522.09 p50=35.46ms p95=152.70ms p99=198.97ms err=0
[status] PUB sent=2240644 itps=0.00 tps=1521.24 pubs=4000 err=0 | SUB recv=2240294 itps=0.00 tps=1521.05 p50=35.46ms p95=152.70ms p99=198.97ms err=0
[status] PUB sent=2240644 itps=0.00 tps=1520.21 pubs=4000 err=0 | SUB recv=2240294 itps=0.00 tps=1520.02 p50=35.46ms p95=152.70ms p99=198.97ms err=0
[status] PUB sent=2240644 itps=0.00 tps=1519.18 pubs=4000 err=0 | SUB recv=2240294 itps=0.00 tps=1518.99 p50=35.46ms p95=152.70ms p99=198.97ms err=0
[status] PUB sent=2240644 itps=0.00 tps=1518.15 pubs=4000 err=0 | SUB recv=2240294 itps=0.00 tps=1517.96 p50=35.46ms p95=152.70ms p99=198.97ms err=0
[status] PUB sent=2240644 itps=0.00 tps=1517.12 pubs=4000 err=0 | SUB recv=2240294 itps=0.00 tps=1516.93 p50=35.46ms p95=152.70ms p99=198.97ms err=0
[status] PUB sent=2240644 itps=0.00 tps=1516.10 pubs=4000 err=0 | SUB recv=2240294 itps=0.00 tps=1515.91 p50=35.46ms p95=152.70ms p99=198.97ms err=0
[status] PUB sent=2240644 itps=0.00 tps=1515.07 pubs=4000 err=0 | SUB recv=2240294 itps=0.00 tps=1514.88 p50=35.46ms p95=152.70ms p99=198.97ms err=0
[status] PUB sent=2240644 itps=0.00 tps=1514.05 pubs=4000 err=0 | SUB recv=2240294 itps=0.00 tps=1513.86 p50=35.46ms p95=152.70ms p99=198.97ms err=0
[status] PUB sent=2240644 itps=0.00 tps=1513.02 pubs=4000 err=0 | SUB recv=2240294 itps=0.00 tps=1512.84 p50=35.46ms p95=152.70ms p99=198.97ms err=0
[status] PUB sent=2240644 itps=0.00 tps=1512.00 pubs=4000 err=0 | SUB recv=2240294 itps=0.00 tps=1511.82 p50=35.46ms p95=152.70ms p99=198.97ms err=0
[status] PUB sent=2240644 itps=0.00 tps=1510.98 pubs=4000 err=0 | SUB recv=2240294 itps=0.00 tps=1510.80 p50=35.46ms p95=152.70ms p99=198.97ms err=0
[status] PUB sent=2240644 itps=0.00 tps=1509.97 pubs=4000 err=0 | SUB recv=2240294 itps=0.00 tps=1509.78 p50=35.46ms p95=152.70ms p99=198.97ms err=0
[status] PUB sent=2240644 itps=0.00 tps=1508.95 pubs=4000 err=0 | SUB recv=2240294 itps=0.00 tps=1508.76 p50=35.46ms p95=152.70ms p99=198.97ms err=0
[status] PUB sent=2240644 itps=0.00 tps=1507.93 pubs=4000 err=0 | SUB recv=2240294 itps=0.00 tps=1507.75 p50=35.46ms p95=152.70ms p99=198.97ms err=0
[status] PUB sent=2240644 itps=0.00 tps=1506.92 pubs=4000 err=0 | SUB recv=2240294 itps=0.00 tps=1506.73 p50=35.46ms p95=152.70ms p99=198.97ms err=0
[status] PUB sent=2240644 itps=0.00 tps=1505.91 pubs=4000 err=0 | SUB recv=2240294 itps=0.00 tps=1505.72 p50=35.46ms p95=152.70ms p99=198.97ms err=0
[status] PUB sent=2240644 itps=0.00 tps=1504.90 pubs=4000 err=0 | SUB recv=2240294 itps=0.00 tps=1504.71 p50=35.46ms p95=152.70ms p99=198.97ms err=0
[status] PUB sent=2240644 itps=0.00 tps=1503.88 pubs=4000 err=0 | SUB recv=2240294 itps=0.00 tps=1503.70 p50=35.46ms p95=152.70ms p99=198.97ms err=0
[status] PUB sent=2240644 itps=0.00 tps=1502.88 pubs=4000 err=0 | SUB recv=2240294 itps=0.00 tps=1502.69 p50=35.46ms p95=152.70ms p99=198.97ms err=0
[status] PUB sent=2240644 itps=0.00 tps=1501.87 pubs=4000 err=0 | SUB recv=2240294 itps=0.00 tps=1501.68 p50=35.46ms p95=152.70ms p99=198.97ms err=0
[status] PUB sent=2240644 itps=0.00 tps=1500.86 pubs=4000 err=0 | SUB recv=2240294 itps=0.00 tps=1500.68 p50=35.46ms p95=152.70ms p99=198.97ms err=0
[status] PUB sent=2240644 itps=0.00 tps=1499.86 pubs=4000 err=0 | SUB recv=2240294 itps=0.00 tps=1499.67 p50=35.46ms p95=152.70ms p99=198.97ms err=0
[status] PUB sent=2240644 itps=0.00 tps=1498.85 pubs=4000 err=0 | SUB recv=2240294 itps=0.00 tps=1498.67 p50=35.46ms p95=152.70ms p99=198.97ms err=0
[status] PUB sent=2240644 itps=0.00 tps=1497.85 pubs=4000 err=0 | SUB recv=2240294 itps=0.00 tps=1497.67 p50=35.46ms p95=152.70ms p99=198.97ms err=0
[status] PUB sent=2240644 itps=0.00 tps=1496.85 pubs=4000 err=0 | SUB recv=2240294 itps=0.00 tps=1496.67 p50=35.46ms p95=152.70ms p99=198.97ms err=0
[status] PUB sent=2240644 itps=0.00 tps=1495.85 pubs=4000 err=0 | SUB recv=2240294 itps=0.00 tps=1495.67 p50=35.46ms p95=152.70ms p99=198.97ms err=0
[status] PUB sent=2240644 itps=0.00 tps=1494.85 pubs=4000 err=0 | SUB recv=2240294 itps=0.00 tps=1494.67 p50=35.46ms p95=152.70ms p99=198.97ms err=0
[status] PUB sent=2240644 itps=0.00 tps=1493.86 pubs=4000 err=0 | SUB recv=2240294 itps=0.00 tps=1493.67 p50=35.46ms p95=152.70ms p99=198.97ms err=0
[status] PUB sent=2240644 itps=0.00 tps=1492.86 pubs=4000 err=0 | SUB recv=2240294 itps=0.00 tps=1492.68 p50=35.46ms p95=152.70ms p99=198.97ms err=0
[status] PUB sent=2240644 itps=0.00 tps=1491.87 pubs=4000 err=0 | SUB recv=2240294 itps=0.00 tps=1491.68 p50=35.46ms p95=152.70ms p99=198.97ms err=0
[status] PUB sent=2240644 itps=0.00 tps=1490.88 pubs=4000 err=0 | SUB recv=2240294 itps=0.00 tps=1490.69 p50=35.46ms p95=152.70ms p99=198.97ms err=0
[status] PUB sent=2240644 itps=0.00 tps=1489.88 pubs=4000 err=0 | SUB recv=2240294 itps=0.00 tps=1489.70 p50=35.46ms p95=152.70ms p99=198.97ms err=0
[status] PUB sent=2240644 itps=0.00 tps=1488.90 pubs=4000 err=0 | SUB recv=2240294 itps=0.00 tps=1488.71 p50=35.46ms p95=152.70ms p99=198.97ms err=0
[status] PUB sent=2240644 itps=0.00 tps=1487.91 pubs=4000 err=0 | SUB recv=2240294 itps=0.00 tps=1487.72 p50=35.46ms p95=152.70ms p99=198.97ms err=0
[status] PUB sent=2240644 itps=0.00 tps=1486.92 pubs=4000 err=0 | SUB recv=2240294 itps=0.00 tps=1486.73 p50=35.46ms p95=152.70ms p99=198.97ms err=0
[status] PUB sent=2240644 itps=0.00 tps=1485.93 pubs=4000 err=0 | SUB recv=2240294 itps=0.00 tps=1485.75 p50=35.46ms p95=152.70ms p99=198.97ms err=0
[status] PUB sent=2240644 itps=0.00 tps=1484.95 pubs=4000 err=0 | SUB recv=2240294 itps=0.00 tps=1484.76 p50=35.46ms p95=152.70ms p99=198.97ms err=0
[status] PUB sent=2240644 itps=0.00 tps=1483.96 pubs=4000 err=0 | SUB recv=2240294 itps=0.00 tps=1483.78 p50=35.46ms p95=152.70ms p99=198.97ms err=0
[status] PUB sent=2240644 itps=0.00 tps=1482.98 pubs=4000 err=0 | SUB recv=2240294 itps=0.00 tps=1482.80 p50=35.46ms p95=152.70ms p99=198.97ms err=0
[status] PUB sent=2240644 itps=0.00 tps=1482.00 pubs=4000 err=0 | SUB recv=2240294 itps=0.00 tps=1481.82 p50=35.46ms p95=152.70ms p99=198.97ms err=0
[status] PUB sent=2240644 itps=0.00 tps=1481.02 pubs=4000 err=0 | SUB recv=2240294 itps=0.00 tps=1480.84 p50=35.46ms p95=152.70ms p99=198.97ms err=0
[status] PUB sent=2240644 itps=0.00 tps=1480.04 pubs=4000 err=0 | SUB recv=2240294 itps=0.00 tps=1479.86 p50=35.46ms p95=152.70ms p99=198.97ms err=0
[status] PUB sent=2240644 itps=0.00 tps=1479.07 pubs=4000 err=0 | SUB recv=2240294 itps=0.00 tps=1478.88 p50=35.46ms p95=152.70ms p99=198.97ms err=0
[status] PUB sent=2240644 itps=0.00 tps=1478.09 pubs=4000 err=0 | SUB recv=2240294 itps=0.00 tps=1477.91 p50=35.46ms p95=152.70ms p99=198.97ms err=0
[status] PUB sent=2240644 itps=0.00 tps=1477.12 pubs=4000 err=0 | SUB recv=2240294 itps=0.00 tps=1476.93 p50=35.46ms p95=152.70ms p99=198.97ms err=0
[status] PUB sent=2240644 itps=0.00 tps=1476.14 pubs=4000 err=0 | SUB recv=2240294 itps=0.00 tps=1474.99 p50=35.46ms p95=152.70ms p99=198.97ms err=0
[status] PUB sent=2240644 itps=0.00 tps=1474.20 pubs=4000 err=0 | SUB recv=2240294 itps=0.00 tps=1474.02 p50=35.46ms p95=152.70ms p99=198.97ms err=0
[status] PUB sent=2240644 itps=0.00 tps=1473.23 pubs=4000 err=0 | SUB recv=2240294 itps=0.00 tps=1473.05 p50=35.46ms p95=152.70ms p99=198.97ms err=0
[status] PUB sent=2240644 itps=0.00 tps=1472.26 pubs=4000 err=0 | SUB recv=2240294 itps=0.00 tps=1472.08 p50=35.46ms p95=152.70ms p99=198.97ms err=0
[status] PUB sent=2240644 itps=0.00 tps=1471.30 pubs=4000 err=0 | SUB recv=2240294 itps=0.00 tps=1471.11 p50=35.46ms p95=152.70ms p99=198.97ms err=0
[status] PUB sent=2240644 itps=0.00 tps=1470.33 pubs=4000 err=0 | SUB recv=2240294 itps=0.00 tps=1470.15 p50=35.46ms p95=152.70ms p99=198.97ms err=0
[status] PUB sent=2240644 itps=0.00 tps=1469.37 pubs=4000 err=0 | SUB recv=2240294 itps=0.00 tps=1469.18 p50=35.46ms p95=152.70ms p99=198.97ms err=0
[status] PUB sent=2240644 itps=0.00 tps=1468.40 pubs=4000 err=0 | SUB recv=2240294 itps=0.00 tps=1468.22 p50=35.46ms p95=152.70ms p99=198.97ms err=0
[status] PUB sent=2240644 itps=0.00 tps=1467.44 pubs=4000 err=0 | SUB recv=2240294 itps=0.00 tps=1467.26 p50=35.46ms p95=152.70ms p99=198.97ms err=0
[status] PUB sent=2240644 itps=0.00 tps=1466.48 pubs=4000 err=0 | SUB recv=2240294 itps=0.00 tps=1466.30 p50=35.46ms p95=152.70ms p99=198.97ms err=0
[status] PUB sent=2240644 itps=0.00 tps=1465.52 pubs=4000 err=0 | SUB recv=2240294 itps=0.00 tps=1465.34 p50=35.46ms p95=152.70ms p99=198.97ms err=0
[status] PUB sent=2240644 itps=0.00 tps=1464.56 pubs=4000 err=0 | SUB recv=2240294 itps=0.00 tps=1464.38 p50=35.46ms p95=152.70ms p99=198.97ms err=0
[status] PUB sent=2240644 itps=0.00 tps=1463.61 pubs=4000 err=0 | SUB recv=2240294 itps=0.00 tps=1463.42 p50=35.46ms p95=152.70ms p99=198.97ms err=0
[status] PUB sent=2240644 itps=0.00 tps=1462.65 pubs=4000 err=0 | SUB recv=2240294 itps=0.00 tps=1462.47 p50=35.46ms p95=152.70ms p99=198.97ms err=0
[status] PUB sent=2240644 itps=0.00 tps=1461.70 pubs=4000 err=0 | SUB recv=2240294 itps=0.00 tps=1461.52 p50=35.46ms p95=152.70ms p99=198.97ms err=0
[status] PUB sent=2240644 itps=0.00 tps=1460.75 pubs=4000 err=0 | SUB recv=2240294 itps=0.00 tps=1460.56 p50=35.46ms p95=152.70ms p99=198.97ms err=0
[status] PUB sent=2240644 itps=0.00 tps=1459.79 pubs=4000 err=0 | SUB recv=2240294 itps=0.00 tps=1459.61 p50=35.46ms p95=152.70ms p99=198.97ms err=0
[status] PUB sent=2240644 itps=0.00 tps=1458.84 pubs=4000 err=0 | SUB recv=2240294 itps=0.00 tps=1458.66 p50=35.46ms p95=152.70ms p99=198.97ms err=0
[status] PUB sent=2240644 itps=0.00 tps=1457.89 pubs=4000 err=0 | SUB recv=2240294 itps=0.00 tps=1457.71 p50=35.46ms p95=152.70ms p99=198.97ms err=0
[status] PUB sent=2240644 itps=0.00 tps=1456.95 pubs=4000 err=0 | SUB recv=2240294 itps=0.00 tps=1456.76 p50=35.46ms p95=152.70ms p99=198.97ms err=0
[status] PUB sent=2240644 itps=0.00 tps=1456.00 pubs=4000 err=0 | SUB recv=2240294 itps=0.00 tps=1455.82 p50=35.46ms p95=152.70ms p99=198.97ms err=0
[status] PUB sent=2240644 itps=0.00 tps=1455.05 pubs=4000 err=0 | SUB recv=2240294 itps=0.00 tps=1454.87 p50=35.46ms p95=152.70ms p99=198.97ms err=0
[status] PUB sent=2240644 itps=0.00 tps=1454.11 pubs=4000 err=0 | SUB recv=2240294 itps=0.00 tps=1453.93 p50=35.46ms p95=152.70ms p99=198.97ms err=0
[status] PUB sent=2240644 itps=0.00 tps=1453.17 pubs=4000 err=0 | SUB recv=2240294 itps=0.00 tps=1452.98 p50=35.46ms p95=152.70ms p99=198.97ms err=0
[status] PUB sent=2240644 itps=0.00 tps=1452.22 pubs=4000 err=0 | SUB recv=2240294 itps=0.00 tps=1452.04 p50=35.46ms p95=152.70ms p99=198.97ms err=0
[status] PUB sent=2240644 itps=0.00 tps=1451.28 pubs=4000 err=0 | SUB recv=2240294 itps=0.00 tps=1451.10 p50=35.46ms p95=152.70ms p99=198.97ms err=0
[status] PUB sent=2240644 itps=0.00 tps=1450.35 pubs=4000 err=0 | SUB recv=2240294 itps=0.00 tps=1450.16 p50=35.46ms p95=152.70ms p99=198.97ms err=0
[status] PUB sent=2240644 itps=0.00 tps=1449.41 pubs=4000 err=0 | SUB recv=2240294 itps=0.00 tps=1449.22 p50=35.46ms p95=152.70ms p99=198.97ms err=0
[status] PUB sent=2240644 itps=0.00 tps=1448.47 pubs=4000 err=0 | SUB recv=2240294 itps=0.00 tps=1448.29 p50=35.46ms p95=152.70ms p99=198.97ms err=0
[status] PUB sent=2240644 itps=0.00 tps=1447.53 pubs=4000 err=0 | SUB recv=2240294 itps=0.00 tps=1447.35 p50=35.46ms p95=152.70ms p99=198.97ms err=0
[status] PUB sent=2240644 itps=0.00 tps=1446.60 pubs=4000 err=0 | SUB recv=2240294 itps=0.00 tps=1446.42 p50=35.46ms p95=152.70ms p99=198.97ms err=0
[status] PUB sent=2240644 itps=0.00 tps=1445.67 pubs=4000 err=0 | SUB recv=2240294 itps=0.00 tps=1445.48 p50=35.46ms p95=152.70ms p99=198.97ms err=0
[status] PUB sent=2240644 itps=0.00 tps=1444.73 pubs=4000 err=0 | SUB recv=2240294 itps=0.00 tps=1444.55 p50=35.46ms p95=152.70ms p99=198.97ms err=0
[status] PUB sent=2240644 itps=0.00 tps=1443.80 pubs=4000 err=0 | SUB recv=2240294 itps=0.00 tps=1443.62 p50=35.46ms p95=152.70ms p99=198.97ms err=0
[status] PUB sent=2240644 itps=0.00 tps=1442.87 pubs=4000 err=0 | SUB recv=2240294 itps=0.00 tps=1442.69 p50=35.46ms p95=152.70ms p99=198.97ms err=0
[status] PUB sent=2240644 itps=0.00 tps=1441.94 pubs=4000 err=0 | SUB recv=2240294 itps=0.00 tps=1441.76 p50=35.46ms p95=152.70ms p99=198.97ms err=0
[status] PUB sent=2240644 itps=0.00 tps=1441.02 pubs=4000 err=0 | SUB recv=2240294 itps=0.00 tps=1440.84 p50=35.46ms p95=152.70ms p99=198.97ms err=0
[status] PUB sent=2240644 itps=0.00 tps=1440.09 pubs=4000 err=0 | SUB recv=2240294 itps=0.00 tps=1439.91 p50=35.46ms p95=152.70ms p99=198.97ms err=0
[status] PUB sent=2240644 itps=0.00 tps=1439.17 pubs=4000 err=0 | SUB recv=2240294 itps=0.00 tps=1438.98 p50=35.46ms p95=152.70ms p99=198.97ms err=0
[status] PUB sent=2240644 itps=0.00 tps=1438.24 pubs=4000 err=0 | SUB recv=2240294 itps=0.00 tps=1438.06 p50=35.46ms p95=152.70ms p99=198.97ms err=0
[status] PUB sent=2240644 itps=0.00 tps=1437.32 pubs=4000 err=0 | SUB recv=2240294 itps=0.00 tps=1437.14 p50=35.46ms p95=152.70ms p99=198.97ms err=0
[status] PUB sent=2240644 itps=0.00 tps=1436.40 pubs=4000 err=0 | SUB recv=2240294 itps=0.00 tps=1436.22 p50=35.46ms p95=152.70ms p99=198.97ms err=0
[status] PUB sent=2240644 itps=0.00 tps=1435.48 pubs=4000 err=0 | SUB recv=2240294 itps=0.00 tps=1435.30 p50=35.46ms p95=152.70ms p99=198.97ms err=0
[status] PUB sent=2240644 itps=0.00 tps=1434.56 pubs=4000 err=0 | SUB recv=2240294 itps=0.00 tps=1434.38 p50=35.46ms p95=152.70ms p99=198.97ms err=0
[status] PUB sent=2240644 itps=0.00 tps=1433.64 pubs=4000 err=0 | SUB recv=2240294 itps=0.00 tps=1433.46 p50=35.46ms p95=152.70ms p99=198.97ms err=0
[status] PUB sent=2240644 itps=0.00 tps=1432.72 pubs=4000 err=0 | SUB recv=2240294 itps=0.00 tps=1432.54 p50=35.46ms p95=152.70ms p99=198.97ms err=0
[status] PUB sent=2240644 itps=0.00 tps=1431.81 pubs=4000 err=0 | SUB recv=2240294 itps=0.00 tps=1431.63 p50=35.46ms p95=152.70ms p99=198.97ms err=0
[status] PUB sent=2240644 itps=0.00 tps=1430.89 pubs=4000 err=0 | SUB recv=2240294 itps=0.00 tps=1430.71 p50=35.46ms p95=152.70ms p99=198.97ms err=0
[status] PUB sent=2240644 itps=0.00 tps=1429.98 pubs=4000 err=0 | SUB recv=2240294 itps=0.00 tps=1429.80 p50=35.46ms p95=152.70ms p99=198.97ms err=0
[status] PUB sent=2240644 itps=0.00 tps=1429.07 pubs=4000 err=0 | SUB recv=2240294 itps=0.00 tps=1428.89 p50=35.46ms p95=152.70ms p99=198.97ms err=0
[status] PUB sent=2240644 itps=0.00 tps=1428.16 pubs=4000 err=0 | SUB recv=2240294 itps=0.00 tps=1427.98 p50=35.46ms p95=152.70ms p99=198.97ms err=0
[status] PUB sent=2240644 itps=0.00 tps=1427.25 pubs=4000 err=0 | SUB recv=2240294 itps=0.00 tps=1427.07 p50=35.46ms p95=152.70ms p99=198.97ms err=0
[status] PUB sent=2240644 itps=0.00 tps=1426.34 pubs=4000 err=0 | SUB recv=2240294 itps=0.00 tps=1426.16 p50=35.46ms p95=152.70ms p99=198.97ms err=0
[status] PUB sent=2240644 itps=0.00 tps=1425.43 pubs=4000 err=0 | SUB recv=2240294 itps=0.00 tps=1425.25 p50=35.46ms p95=152.70ms p99=198.97ms err=0
[status] PUB sent=2240644 itps=0.00 tps=1424.53 pubs=4000 err=0 | SUB recv=2240294 itps=0.00 tps=1424.35 p50=35.46ms p95=152.70ms p99=198.97ms err=0
[status] PUB sent=2240644 itps=0.00 tps=1423.62 pubs=4000 err=0 | SUB recv=2240294 itps=0.00 tps=1423.44 p50=35.46ms p95=152.70ms p99=198.97ms err=0
[status] PUB sent=2240644 itps=0.00 tps=1422.72 pubs=4000 err=0 | SUB recv=2240294 itps=0.00 tps=1422.54 p50=35.46ms p95=152.70ms p99=198.97ms err=0
[status] PUB sent=2240644 itps=0.00 tps=1421.82 pubs=4000 err=0 | SUB recv=2240294 itps=0.00 tps=1421.64 p50=35.46ms p95=152.70ms p99=198.97ms err=0
[status] PUB sent=2240644 itps=0.00 tps=1420.91 pubs=4000 err=0 | SUB recv=2240294 itps=0.00 tps=1420.73 p50=35.46ms p95=152.70ms p99=198.97ms err=0
[status] PUB sent=2240644 itps=0.00 tps=1420.01 pubs=4000 err=0 | SUB recv=2240294 itps=0.00 tps=1419.83 p50=35.46ms p95=152.70ms p99=198.97ms err=0
[status] PUB sent=2240644 itps=0.00 tps=1419.11 pubs=4000 err=0 | SUB recv=2240294 itps=0.00 tps=1418.93 p50=35.46ms p95=152.70ms p99=198.97ms err=0
[status] PUB sent=2240644 itps=0.00 tps=1418.22 pubs=4000 err=0 | SUB recv=2240294 itps=0.00 tps=1418.04 p50=35.46ms p95=152.70ms p99=198.97ms err=0
[status] PUB sent=2240644 itps=0.00 tps=1417.32 pubs=4000 err=0 | SUB recv=2240294 itps=0.00 tps=1417.14 p50=35.46ms p95=152.70ms p99=198.97ms err=0
[status] PUB sent=2240644 itps=0.00 tps=1416.42 pubs=4000 err=0 | SUB recv=2240294 itps=0.00 tps=1416.24 p50=35.46ms p95=152.70ms p99=198.97ms err=0
[status] PUB sent=2240644 itps=0.00 tps=1415.53 pubs=4000 err=0 | SUB recv=2240294 itps=0.00 tps=1415.35 p50=35.46ms p95=152.70ms p99=198.97ms err=0
[status] PUB sent=2240644 itps=0.00 tps=1414.63 pubs=4000 err=0 | SUB recv=2240294 itps=0.00 tps=1413.56 p50=35.46ms p95=152.70ms p99=198.97ms err=0
[status] PUB sent=2240644 itps=0.00 tps=1412.85 pubs=4000 err=0 | SUB recv=2240294 itps=0.00 tps=1412.67 p50=35.46ms p95=152.70ms p99=198.97ms err=0
[status] PUB sent=2240644 itps=0.00 tps=1411.96 pubs=4000 err=0 | SUB recv=2240294 itps=0.00 tps=1411.78 p50=35.46ms p95=152.70ms p99=198.97ms err=0
[status] PUB sent=2240644 itps=0.00 tps=1411.07 pubs=4000 err=0 | SUB recv=2240294 itps=0.00 tps=1410.89 p50=35.46ms p95=152.70ms p99=198.97ms err=0
[status] PUB sent=2240644 itps=0.00 tps=1410.18 pubs=4000 err=0 | SUB recv=2240294 itps=0.00 tps=1410.00 p50=35.46ms p95=152.70ms p99=198.97ms err=0
[status] PUB sent=2240644 itps=0.00 tps=1409.29 pubs=4000 err=0 | SUB recv=2240294 itps=0.00 tps=1409.12 p50=35.46ms p95=152.70ms p99=198.97ms err=0
[status] PUB sent=2240644 itps=0.00 tps=1408.41 pubs=4000 err=0 | SUB recv=2240294 itps=0.00 tps=1408.23 p50=35.46ms p95=152.70ms p99=198.97ms err=0
[status] PUB sent=2240644 itps=0.00 tps=1407.52 pubs=4000 err=0 | SUB recv=2240294 itps=0.00 tps=1407.35 p50=35.46ms p95=152.70ms p99=198.97ms err=0
[status] PUB sent=2240644 itps=0.00 tps=1406.64 pubs=4000 err=0 | SUB recv=2240294 itps=0.00 tps=1406.46 p50=35.46ms p95=152.70ms p99=198.97ms err=0
[status] PUB sent=2240644 itps=0.00 tps=1405.76 pubs=4000 err=0 | SUB recv=2240294 itps=0.00 tps=1405.58 p50=35.46ms p95=152.70ms p99=198.97ms err=0
[status] PUB sent=2240644 itps=0.00 tps=1404.88 pubs=4000 err=0 | SUB recv=2240294 itps=0.00 tps=1404.70 p50=35.46ms p95=152.70ms p99=198.97ms err=0
[status] PUB sent=2240644 itps=0.00 tps=1404.00 pubs=4000 err=0 | SUB recv=2240294 itps=0.00 tps=1403.82 p50=35.46ms p95=152.70ms p99=198.97ms err=0
[status] PUB sent=2240644 itps=0.00 tps=1403.12 pubs=4000 err=0 | SUB recv=2240294 itps=0.00 tps=1402.94 p50=35.46ms p95=152.70ms p99=198.97ms err=0
[status] PUB sent=2240644 itps=0.00 tps=1402.24 pubs=4000 err=0 | SUB recv=2240294 itps=0.00 tps=1402.06 p50=35.46ms p95=152.70ms p99=198.97ms err=0
[status] PUB sent=2240644 itps=0.00 tps=1401.36 pubs=4000 err=0 | SUB recv=2240294 itps=0.00 tps=1401.19 p50=35.46ms p95=152.70ms p99=198.97ms err=0
[status] PUB sent=2240644 itps=0.00 tps=1400.49 pubs=4000 err=0 | SUB recv=2240294 itps=0.00 tps=1400.31 p50=35.46ms p95=152.70ms p99=198.97ms err=0
[status] PUB sent=2240644 itps=0.00 tps=1399.61 pubs=4000 err=0 | SUB recv=2240294 itps=0.00 tps=1399.43 p50=35.46ms p95=152.70ms p99=198.97ms err=0
[status] PUB sent=2240644 itps=0.00 tps=1398.74 pubs=4000 err=0 | SUB recv=2240294 itps=0.00 tps=1398.56 p50=35.46ms p95=152.70ms p99=198.97ms err=0
[status] PUB sent=2240644 itps=0.00 tps=1397.87 pubs=4000 err=0 | SUB recv=2240294 itps=0.00 tps=1397.69 p50=35.46ms p95=152.70ms p99=198.97ms err=0
[status] PUB sent=2240644 itps=0.00 tps=1396.99 pubs=4000 err=0 | SUB recv=2240294 itps=0.00 tps=1396.82 p50=35.46ms p95=152.70ms p99=198.97ms err=0
[status] PUB sent=2240644 itps=0.00 tps=1396.12 pubs=4000 err=0 | SUB recv=2240294 itps=0.00 tps=1395.95 p50=35.46ms p95=152.70ms p99=198.97ms err=0
[status] PUB sent=2240644 itps=0.00 tps=1395.25 pubs=4000 err=0 | SUB recv=2240294 itps=0.00 tps=1395.08 p50=35.46ms p95=152.70ms p99=198.97ms err=0
[status] PUB sent=2240644 itps=0.00 tps=1394.39 pubs=4000 err=0 | SUB recv=2240294 itps=0.00 tps=1394.21 p50=35.46ms p95=152.70ms p99=198.97ms err=0
[status] PUB sent=2240644 itps=0.00 tps=1393.52 pubs=4000 err=0 | SUB recv=2240294 itps=0.00 tps=1393.34 p50=35.46ms p95=152.70ms p99=198.97ms err=0
[status] PUB sent=2240644 itps=0.00 tps=1392.65 pubs=4000 err=0 | SUB recv=2240294 itps=0.00 tps=1392.48 p50=35.46ms p95=152.70ms p99=198.97ms err=0
[status] PUB sent=2240644 itps=0.00 tps=1391.79 pubs=4000 err=0 | SUB recv=2240294 itps=0.00 tps=1391.61 p50=35.46ms p95=152.70ms p99=198.97ms err=0
[status] PUB sent=2240644 itps=0.00 tps=1390.92 pubs=4000 err=0 | SUB recv=2240294 itps=0.00 tps=1390.75 p50=35.46ms p95=152.70ms p99=198.97ms err=0
[status] PUB sent=2240644 itps=0.00 tps=1390.06 pubs=4000 err=0 | SUB recv=2240294 itps=0.00 tps=1389.88 p50=35.46ms p95=152.70ms p99=198.97ms err=0
[status] PUB sent=2240644 itps=0.00 tps=1389.20 pubs=4000 err=0 | SUB recv=2240294 itps=0.00 tps=1389.02 p50=35.46ms p95=152.70ms p99=198.97ms err=0
[status] PUB sent=2240644 itps=0.00 tps=1388.34 pubs=4000 err=0 | SUB recv=2240294 itps=0.00 tps=1388.16 p50=35.46ms p95=152.70ms p99=198.97ms err=0
[status] PUB sent=2240644 itps=0.00 tps=1387.48 pubs=4000 err=0 | SUB recv=2240294 itps=0.00 tps=1387.30 p50=35.46ms p95=152.70ms p99=198.97ms err=0
[status] PUB sent=2240644 itps=0.00 tps=1386.62 pubs=4000 err=0 | SUB recv=2240294 itps=0.00 tps=1386.44 p50=35.46ms p95=152.70ms p99=198.97ms err=0
[status] PUB sent=2240644 itps=0.00 tps=1385.76 pubs=4000 err=0 | SUB recv=2240294 itps=0.00 tps=1385.59 p50=35.46ms p95=152.70ms p99=198.97ms err=0
[status] PUB sent=2240644 itps=0.00 tps=1384.91 pubs=4000 err=0 | SUB recv=2240294 itps=0.00 tps=1384.73 p50=35.46ms p95=152.70ms p99=198.97ms err=0
[status] PUB sent=2240644 itps=0.00 tps=1384.05 pubs=4000 err=0 | SUB recv=2240294 itps=0.00 tps=1383.87 p50=35.46ms p95=152.70ms p99=198.97ms err=0
[status] PUB sent=2240644 itps=0.00 tps=1383.20 pubs=4000 err=0 | SUB recv=2240294 itps=0.00 tps=1383.02 p50=35.46ms p95=152.70ms p99=198.97ms err=0
[status] PUB sent=2240644 itps=0.00 tps=1382.34 pubs=4000 err=0 | SUB recv=2240294 itps=0.00 tps=1382.17 p50=35.46ms p95=152.70ms p99=198.97ms err=0
[status] PUB sent=2240644 itps=0.00 tps=1381.49 pubs=4000 err=0 | SUB recv=2240294 itps=0.00 tps=1381.31 p50=35.46ms p95=152.70ms p99=198.97ms err=0
[status] PUB sent=2240644 itps=0.00 tps=1380.64 pubs=4000 err=0 | SUB recv=2240294 itps=0.00 tps=1380.46 p50=35.46ms p95=152.70ms p99=198.97ms err=0
[status] PUB sent=2240644 itps=0.00 tps=1379.79 pubs=4000 err=0 | SUB recv=2240294 itps=0.00 tps=1379.61 p50=35.46ms p95=152.70ms p99=198.97ms err=0
[status] PUB sent=2240644 itps=0.00 tps=1378.94 pubs=4000 err=0 | SUB recv=2240294 itps=0.00 tps=1378.76 p50=35.46ms p95=152.70ms p99=198.97ms err=0
[status] PUB sent=2240644 itps=0.00 tps=1378.09 pubs=4000 err=0 | SUB recv=2240294 itps=0.00 tps=1377.92 p50=35.46ms p95=152.70ms p99=198.97ms err=0
[status] PUB sent=2240644 itps=0.00 tps=1377.24 pubs=4000 err=0 | SUB recv=2240294 itps=0.00 tps=1377.07 p50=35.46ms p95=152.70ms p99=198.97ms err=0
[status] PUB sent=2240644 itps=0.00 tps=1376.40 pubs=4000 err=0 | SUB recv=2240294 itps=0.00 tps=1376.22 p50=35.46ms p95=152.70ms p99=198.97ms err=0
[status] PUB sent=2240644 itps=0.00 tps=1375.55 pubs=4000 err=0 | SUB recv=2240294 itps=0.00 tps=1375.38 p50=35.46ms p95=152.70ms p99=198.97ms err=0
[status] PUB sent=2240644 itps=0.00 tps=1374.71 pubs=4000 err=0 | SUB recv=2240294 itps=0.00 tps=1374.53 p50=35.46ms p95=152.70ms p99=198.97ms err=0
[status] PUB sent=2240644 itps=0.00 tps=1373.87 pubs=4000 err=0 | SUB recv=2240294 itps=0.00 tps=1373.69 p50=35.46ms p95=152.70ms p99=198.97ms err=0
[status] PUB sent=2240644 itps=0.00 tps=1373.02 pubs=4000 err=0 | SUB recv=2240294 itps=0.00 tps=1372.85 p50=35.46ms p95=152.70ms p99=198.97ms err=0
[status] PUB sent=2240644 itps=0.00 tps=1372.18 pubs=4000 err=0 | SUB recv=2240294 itps=0.00 tps=1372.01 p50=35.46ms p95=152.70ms p99=198.97ms err=0
[status] PUB sent=2240644 itps=0.00 tps=1371.34 pubs=4000 err=0 | SUB recv=2240294 itps=0.00 tps=1371.17 p50=35.46ms p95=152.70ms p99=198.97ms err=0
[status] PUB sent=2240644 itps=0.00 tps=1370.50 pubs=4000 err=0 | SUB recv=2240294 itps=0.00 tps=1370.33 p50=35.46ms p95=152.70ms p99=198.97ms err=0
[status] PUB sent=2240644 itps=0.00 tps=1369.67 pubs=4000 err=0 | SUB recv=2240294 itps=0.00 tps=1369.49 p50=35.46ms p95=152.70ms p99=198.97ms err=0
[status] PUB sent=2240644 itps=0.00 tps=1368.83 pubs=4000 err=0 | SUB recv=2240294 itps=0.00 tps=1368.66 p50=35.46ms p95=152.70ms p99=198.97ms err=0
[status] PUB sent=2240644 itps=0.00 tps=1367.99 pubs=4000 err=0 | SUB recv=2240294 itps=0.00 tps=1367.82 p50=35.46ms p95=152.70ms p99=198.97ms err=0
[status] PUB sent=2240644 itps=0.00 tps=1367.16 pubs=4000 err=0 | SUB recv=2240294 itps=0.00 tps=1366.99 p50=35.46ms p95=152.70ms p99=198.97ms err=0
[status] PUB sent=2240644 itps=0.00 tps=1366.33 pubs=4000 err=0 | SUB recv=2240294 itps=0.00 tps=1366.15 p50=35.46ms p95=152.70ms p99=198.97ms err=0
[status] PUB sent=2240644 itps=0.00 tps=1365.49 pubs=4000 err=0 | SUB recv=2240294 itps=0.00 tps=1365.32 p50=35.46ms p95=152.70ms p99=198.97ms err=0
[status] PUB sent=2240644 itps=0.00 tps=1364.66 pubs=4000 err=0 | SUB recv=2240294 itps=0.00 tps=1364.49 p50=35.46ms p95=152.70ms p99=198.97ms err=0
[status] PUB sent=2240644 itps=0.00 tps=1363.83 pubs=4000 err=0 | SUB recv=2240294 itps=0.00 tps=1363.66 p50=35.46ms p95=152.70ms p99=198.97ms err=0
[status] PUB sent=2240644 itps=0.00 tps=1363.00 pubs=4000 err=0 | SUB recv=2240294 itps=0.00 tps=1362.83 p50=35.46ms p95=152.70ms p99=198.97ms err=0
[status] PUB sent=2240644 itps=0.00 tps=1362.17 pubs=4000 err=0 | SUB recv=2240294 itps=0.00 tps=1362.00 p50=35.46ms p95=152.70ms p99=198.97ms err=0
[status] PUB sent=2240644 itps=0.00 tps=1361.35 pubs=4000 err=0 | SUB recv=2240294 itps=0.00 tps=1361.17 p50=35.46ms p95=152.70ms p99=198.97ms err=0
[status] PUB sent=2240644 itps=0.00 tps=1360.52 pubs=4000 err=0 | SUB recv=2240294 itps=0.00 tps=1360.35 p50=35.46ms p95=152.70ms p99=198.97ms err=0
[status] PUB sent=2240644 itps=0.00 tps=1359.69 pubs=4000 err=0 | SUB recv=2240294 itps=0.00 tps=1359.52 p50=35.46ms p95=152.70ms p99=198.97ms err=0
[status] PUB sent=2240644 itps=0.00 tps=1358.87 pubs=4000 err=0 | SUB recv=2240294 itps=0.00 tps=1358.70 p50=35.46ms p95=152.70ms p99=198.97ms err=0
[status] PUB sent=2240644 itps=0.00 tps=1358.04 pubs=4000 err=0 | SUB recv=2240294 itps=0.00 tps=1357.87 p50=35.46ms p95=152.70ms p99=198.97ms err=0
[status] PUB sent=2240644 itps=0.00 tps=1357.22 pubs=4000 err=0 | SUB recv=2240294 itps=0.00 tps=1356.23 p50=35.46ms p95=152.70ms p99=198.97ms err=0
[status] PUB sent=2240644 itps=0.00 tps=1355.58 pubs=4000 err=0 | SUB recv=2240294 itps=0.00 tps=1355.41 p50=35.46ms p95=152.70ms p99=198.97ms err=0
[status] PUB sent=2240644 itps=0.00 tps=1354.76 pubs=4000 err=0 | SUB recv=2240294 itps=0.00 tps=1354.59 p50=35.46ms p95=152.70ms p99=198.97ms err=0
[status] PUB sent=2240644 itps=0.00 tps=1353.94 pubs=4000 err=0 | SUB recv=2240294 itps=0.00 tps=1353.77 p50=35.46ms p95=152.70ms p99=198.97ms err=0
[status] PUB sent=2240644 itps=0.00 tps=1353.12 pubs=4000 err=0 | SUB recv=2240294 itps=0.00 tps=1352.95 p50=35.46ms p95=152.70ms p99=198.97ms err=0
[status] PUB sent=2240644 itps=0.00 tps=1352.31 pubs=4000 err=0 | SUB recv=2240294 itps=0.00 tps=1352.14 p50=35.46ms p95=152.70ms p99=198.97ms err=0
[status] PUB sent=2240644 itps=0.00 tps=1351.49 pubs=4000 err=0 | SUB recv=2240294 itps=0.00 tps=1351.32 p50=35.46ms p95=152.70ms p99=198.97ms err=0
[status] PUB sent=2240644 itps=0.00 tps=1350.68 pubs=4000 err=0 | SUB recv=2240294 itps=0.00 tps=1350.50 p50=35.46ms p95=152.70ms p99=198.97ms err=0
[status] PUB sent=2240644 itps=0.00 tps=1349.86 pubs=4000 err=0 | SUB recv=2240294 itps=0.00 tps=1349.69 p50=35.46ms p95=152.70ms p99=198.97ms err=0
[status] PUB sent=2240644 itps=0.00 tps=1349.05 pubs=4000 err=0 | SUB recv=2240294 itps=0.00 tps=1348.88 p50=35.46ms p95=152.70ms p99=198.97ms err=0
[status] PUB sent=2240644 itps=0.00 tps=1348.24 pubs=4000 err=0 | SUB recv=2240294 itps=0.00 tps=1348.07 p50=35.46ms p95=152.70ms p99=198.97ms err=0
[status] PUB sent=2240644 itps=0.00 tps=1347.43 pubs=4000 err=0 | SUB recv=2240294 itps=0.00 tps=1347.26 p50=35.46ms p95=152.70ms p99=198.97ms err=0
[status] PUB sent=2240644 itps=0.00 tps=1346.62 pubs=4000 err=0 | SUB recv=2240294 itps=0.00 tps=1346.45 p50=35.46ms p95=152.70ms p99=198.97ms err=0
[status] PUB sent=2240644 itps=0.00 tps=1345.81 pubs=4000 err=0 | SUB recv=2240294 itps=0.00 tps=1345.64 p50=35.46ms p95=152.70ms p99=198.97ms err=0
[status] PUB sent=2240644 itps=0.00 tps=1345.00 pubs=4000 err=0 | SUB recv=2240294 itps=0.00 tps=1344.83 p50=35.46ms p95=152.70ms p99=198.97ms err=0
[status] PUB sent=2240644 itps=0.00 tps=1344.20 pubs=4000 err=0 | SUB recv=2240294 itps=0.00 tps=1344.02 p50=35.46ms p95=152.70ms p99=198.97ms err=0
[status] PUB sent=2240644 itps=0.00 tps=1343.39 pubs=4000 err=0 | SUB recv=2240294 itps=0.00 tps=1343.22 p50=35.46ms p95=152.70ms p99=198.97ms err=0
[status] PUB sent=2240644 itps=0.00 tps=1342.58 pubs=4000 err=0 | SUB recv=2240294 itps=0.00 tps=1342.41 p50=35.46ms p95=152.70ms p99=198.97ms err=0
[status] PUB sent=2240644 itps=0.00 tps=1341.78 pubs=4000 err=0 | SUB recv=2240294 itps=0.00 tps=1341.61 p50=35.46ms p95=152.70ms p99=198.97ms err=0
[status] PUB sent=2240644 itps=0.00 tps=1340.98 pubs=4000 err=0 | SUB recv=2240294 itps=0.00 tps=1340.81 p50=35.46ms p95=152.70ms p99=198.97ms err=0
[status] PUB sent=2240644 itps=0.00 tps=1340.17 pubs=4000 err=0 | SUB recv=2240294 itps=0.00 tps=1340.00 p50=35.46ms p95=152.70ms p99=198.97ms err=0
[status] PUB sent=2240644 itps=0.00 tps=1339.37 pubs=4000 err=0 | SUB recv=2240294 itps=0.00 tps=1339.20 p50=35.46ms p95=152.70ms p99=198.97ms err=0
[status] PUB sent=2240644 itps=0.00 tps=1338.57 pubs=4000 err=0 | SUB recv=2240294 itps=0.00 tps=1338.40 p50=35.46ms p95=152.70ms p99=198.97ms err=0
[status] PUB sent=2240644 itps=0.00 tps=1337.77 pubs=4000 err=0 | SUB recv=2240294 itps=0.00 tps=1337.60 p50=35.46ms p95=152.70ms p99=198.97ms err=0
[status] PUB sent=2240644 itps=0.00 tps=1336.98 pubs=4000 err=0 | SUB recv=2240294 itps=0.00 tps=1336.81 p50=35.46ms p95=152.70ms p99=198.97ms err=0
[status] PUB sent=2240644 itps=0.00 tps=1336.18 pubs=4000 err=0 | SUB recv=2240294 itps=0.00 tps=1336.01 p50=35.46ms p95=152.70ms p99=198.97ms err=0
[status] PUB sent=2240644 itps=0.00 tps=1335.38 pubs=4000 err=0 | SUB recv=2240294 itps=0.00 tps=1335.21 p50=35.46ms p95=152.70ms p99=198.97ms err=0
[status] PUB sent=2240644 itps=0.00 tps=1334.59 pubs=4000 err=0 | SUB recv=2240294 itps=0.00 tps=1334.42 p50=35.46ms p95=152.70ms p99=198.97ms err=0
[status] PUB sent=2240644 itps=0.00 tps=1333.79 pubs=4000 err=0 | SUB recv=2240294 itps=0.00 tps=1333.62 p50=35.46ms p95=152.70ms p99=198.97ms err=0
[status] PUB sent=2240644 itps=0.00 tps=1333.00 pubs=4000 err=0 | SUB recv=2240294 itps=0.00 tps=1332.83 p50=35.46ms p95=152.70ms p99=198.97ms err=0
[status] PUB sent=2240644 itps=0.00 tps=1332.21 pubs=4000 err=0 | SUB recv=2240294 itps=0.00 tps=1332.04 p50=35.46ms p95=152.70ms p99=198.97ms err=0
[status] PUB sent=2240644 itps=0.00 tps=1331.41 pubs=4000 err=0 | SUB recv=2240294 itps=0.00 tps=1331.24 p50=35.46ms p95=152.70ms p99=198.97ms err=0
[status] PUB sent=2240644 itps=0.00 tps=1330.62 pubs=4000 err=0 | SUB recv=2240294 itps=0.00 tps=1330.45 p50=35.46ms p95=152.70ms p99=198.97ms err=0
[status] PUB sent=2240644 itps=0.00 tps=1329.83 pubs=4000 err=0 | SUB recv=2240294 itps=0.00 tps=1329.66 p50=35.46ms p95=152.70ms p99=198.97ms err=0
[status] PUB sent=2240644 itps=0.00 tps=1329.05 pubs=4000 err=0 | SUB recv=2240294 itps=0.00 tps=1328.88 p50=35.46ms p95=152.70ms p99=198.97ms err=0
[status] PUB sent=2240644 itps=0.00 tps=1328.26 pubs=4000 err=0 | SUB recv=2240294 itps=0.00 tps=1328.09 p50=35.46ms p95=152.70ms p99=198.97ms err=0
[status] PUB sent=2240644 itps=0.00 tps=1327.47 pubs=4000 err=0 | SUB recv=2240294 itps=0.00 tps=1327.30 p50=35.46ms p95=152.70ms p99=198.97ms err=0
[status] PUB sent=2240644 itps=0.00 tps=1326.69 pubs=4000 err=0 | SUB recv=2240294 itps=0.00 tps=1326.52 p50=35.46ms p95=152.70ms p99=198.97ms err=0
[status] PUB sent=2240644 itps=0.00 tps=1325.90 pubs=4000 err=0 | SUB recv=2240294 itps=0.00 tps=1325.73 p50=35.46ms p95=152.70ms p99=198.97ms err=0
[status] PUB sent=2240644 itps=0.00 tps=1325.12 pubs=4000 err=0 | SUB recv=2240294 itps=0.00 tps=1324.95 p50=35.46ms p95=152.70ms p99=198.97ms err=0
[status] PUB sent=2240644 itps=0.00 tps=1324.33 pubs=4000 err=0 | SUB recv=2240294 itps=0.00 tps=1324.16 p50=35.46ms p95=152.70ms p99=198.97ms err=0
[status] PUB sent=2240644 itps=0.00 tps=1323.55 pubs=4000 err=0 | SUB recv=2240294 itps=0.00 tps=1323.38 p50=35.46ms p95=152.70ms p99=198.97ms err=0
[status] PUB sent=2240644 itps=0.00 tps=1322.77 pubs=4000 err=0 | SUB recv=2240294 itps=0.00 tps=1322.60 p50=35.46ms p95=152.70ms p99=198.97ms err=0
[status] PUB sent=2240644 itps=0.00 tps=1321.99 pubs=4000 err=0 | SUB recv=2240294 itps=0.00 tps=1321.82 p50=35.46ms p95=152.70ms p99=198.97ms err=0
[status] PUB sent=2240644 itps=0.00 tps=1321.21 pubs=4000 err=0 | SUB recv=2240294 itps=0.00 tps=1321.04 p50=35.46ms p95=152.70ms p99=198.97ms err=0
[status] PUB sent=2240644 itps=0.00 tps=1320.43 pubs=4000 err=0 | SUB recv=2240294 itps=0.00 tps=1320.26 p50=35.46ms p95=152.70ms p99=198.97ms err=0
[status] PUB sent=2240644 itps=0.00 tps=1319.65 pubs=4000 err=0 | SUB recv=2240294 itps=0.00 tps=1319.48 p50=35.46ms p95=152.70ms p99=198.97ms err=0
[status] PUB sent=2240644 itps=0.00 tps=1318.88 pubs=4000 err=0 | SUB recv=2240294 itps=0.00 tps=1318.71 p50=35.46ms p95=152.70ms p99=198.97ms err=0
[status] PUB sent=2240644 itps=0.00 tps=1318.10 pubs=4000 err=0 | SUB recv=2240294 itps=0.00 tps=1317.93 p50=35.46ms p95=152.70ms p99=198.97ms err=0
[status] PUB sent=2240644 itps=0.00 tps=1317.33 pubs=4000 err=0 | SUB recv=2240294 itps=0.00 tps=1317.16 p50=35.46ms p95=152.70ms p99=198.97ms err=0
[status] PUB sent=2240644 itps=0.00 tps=1316.55 pubs=4000 err=0 | SUB recv=2240294 itps=0.00 tps=1316.38 p50=35.46ms p95=152.70ms p99=198.97ms err=0
[status] PUB sent=2240644 itps=0.00 tps=1315.78 pubs=4000 err=0 | SUB recv=2240294 itps=0.00 tps=1315.61 p50=35.46ms p95=152.70ms p99=198.97ms err=0
[status] PUB sent=2240644 itps=0.00 tps=1315.01 pubs=4000 err=0 | SUB recv=2240294 itps=0.00 tps=1314.84 p50=35.46ms p95=152.70ms p99=198.97ms err=0
[status] PUB sent=2240644 itps=0.00 tps=1314.23 pubs=4000 err=0 | SUB recv=2240294 itps=0.00 tps=1314.07 p50=35.46ms p95=152.70ms p99=198.97ms err=0
[status] PUB sent=2240644 itps=0.00 tps=1313.46 pubs=4000 err=0 | SUB recv=2240294 itps=0.00 tps=1313.30 p50=35.46ms p95=152.70ms p99=198.97ms err=0
[status] PUB sent=2240644 itps=0.00 tps=1312.69 pubs=4000 err=0 | SUB recv=2240294 itps=0.00 tps=1312.53 p50=35.46ms p95=152.70ms p99=198.97ms err=0
[status] PUB sent=2240644 itps=0.00 tps=1311.93 pubs=4000 err=0 | SUB recv=2240294 itps=0.00 tps=1311.76 p50=35.46ms p95=152.70ms p99=198.97ms err=0
[status] PUB sent=2240644 itps=0.00 tps=1311.16 pubs=4000 err=0 | SUB recv=2240294 itps=0.00 tps=1310.99 p50=35.46ms p95=152.70ms p99=198.97ms err=0
[status] PUB sent=2240644 itps=0.00 tps=1310.39 pubs=4000 err=0 | SUB recv=2240294 itps=0.00 tps=1310.22 p50=35.46ms p95=152.70ms p99=198.97ms err=0
[status] PUB sent=2240644 itps=0.00 tps=1309.63 pubs=4000 err=0 | SUB recv=2240294 itps=0.00 tps=1309.46 p50=35.46ms p95=152.70ms p99=198.97ms err=0
[status] PUB sent=2240644 itps=0.00 tps=1308.86 pubs=4000 err=0 | SUB recv=2240294 itps=0.00 tps=1308.69 p50=35.46ms p95=152.70ms p99=198.97ms err=0
[status] PUB sent=2240644 itps=0.00 tps=1308.10 pubs=4000 err=0 | SUB recv=2240294 itps=0.00 tps=1307.93 p50=35.46ms p95=152.70ms p99=198.97ms err=0
[status] PUB sent=2240644 itps=0.00 tps=1307.33 pubs=4000 err=0 | SUB recv=2240294 itps=0.00 tps=1307.17 p50=35.46ms p95=152.70ms p99=198.97ms err=0
[status] PUB sent=2240644 itps=0.00 tps=1306.57 pubs=4000 err=0 | SUB recv=2240294 itps=0.00 tps=1306.40 p50=35.46ms p95=152.70ms p99=198.97ms err=0
[status] PUB sent=2240644 itps=0.00 tps=1305.05 pubs=4000 err=0 | SUB recv=2240294 itps=0.00 tps=1304.88 p50=35.46ms p95=152.70ms p99=198.97ms err=0
[status] PUB sent=2240644 itps=0.00 tps=1304.29 pubs=4000 err=0 | SUB recv=2240294 itps=0.00 tps=1304.12 p50=35.46ms p95=152.70ms p99=198.97ms err=0
[status] PUB sent=2240644 itps=0.00 tps=1303.53 pubs=4000 err=0 | SUB recv=2240294 itps=0.00 tps=1303.36 p50=35.46ms p95=152.70ms p99=198.97ms err=0
[status] PUB sent=2240644 itps=0.00 tps=1302.77 pubs=4000 err=0 | SUB recv=2240294 itps=0.00 tps=1302.60 p50=35.46ms p95=152.70ms p99=198.97ms err=0
[status] PUB sent=2240644 itps=0.00 tps=1302.02 pubs=4000 err=0 | SUB recv=2240294 itps=0.00 tps=1301.85 p50=35.46ms p95=152.70ms p99=198.97ms err=0
[status] PUB sent=2240644 itps=0.00 tps=1301.26 pubs=4000 err=0 | SUB recv=2240294 itps=0.00 tps=1301.09 p50=35.46ms p95=152.70ms p99=198.97ms err=0
[status] PUB sent=2240644 itps=0.00 tps=1300.50 pubs=4000 err=0 | SUB recv=2240294 itps=0.00 tps=1300.34 p50=35.46ms p95=152.70ms p99=198.97ms err=0
[status] PUB sent=2240644 itps=0.00 tps=1299.75 pubs=4000 err=0 | SUB recv=2240294 itps=0.00 tps=1299.58 p50=35.46ms p95=152.70ms p99=198.97ms err=0
[status] PUB sent=2240644 itps=0.00 tps=1299.00 pubs=4000 err=0 | SUB recv=2240294 itps=0.00 tps=1298.83 p50=35.46ms p95=152.70ms p99=198.97ms err=0
[status] PUB sent=2240644 itps=0.00 tps=1298.24 pubs=4000 err=0 | SUB recv=2240294 itps=0.00 tps=1298.08 p50=35.46ms p95=152.70ms p99=198.97ms err=0
[status] PUB sent=2240644 itps=0.00 tps=1297.49 pubs=4000 err=0 | SUB recv=2240294 itps=0.00 tps=1297.33 p50=35.46ms p95=152.70ms p99=198.97ms err=0
[status] PUB sent=2240644 itps=0.00 tps=1296.74 pubs=4000 err=0 | SUB recv=2240294 itps=0.00 tps=1296.57 p50=35.46ms p95=152.70ms p99=198.97ms err=0
[status] PUB sent=2240644 itps=0.00 tps=1295.99 pubs=4000 err=0 | SUB recv=2240294 itps=0.00 tps=1295.82 p50=35.46ms p95=152.70ms p99=198.97ms err=0
[status] PUB sent=2240644 itps=0.00 tps=1295.24 pubs=4000 err=0 | SUB recv=2240294 itps=0.00 tps=1295.07 p50=35.46ms p95=152.70ms p99=198.97ms err=0
[status] PUB sent=2240644 itps=0.00 tps=1294.49 pubs=4000 err=0 | SUB recv=2240294 itps=0.00 tps=1294.33 p50=35.46ms p95=152.70ms p99=198.97ms err=0
[status] PUB sent=2240644 itps=0.00 tps=1293.75 pubs=4000 err=0 | SUB recv=2240294 itps=0.00 tps=1293.58 p50=35.46ms p95=152.70ms p99=198.97ms err=0
[status] PUB sent=2240644 itps=0.00 tps=1293.00 pubs=4000 err=0 | SUB recv=2240294 itps=0.00 tps=1292.83 p50=35.46ms p95=152.70ms p99=198.97ms err=0
[status] PUB sent=2240644 itps=0.00 tps=1292.25 pubs=4000 err=0 | SUB recv=2240294 itps=0.00 tps=1292.09 p50=35.46ms p95=152.70ms p99=198.97ms err=0
[status] PUB sent=2240644 itps=0.00 tps=1291.51 pubs=4000 err=0 | SUB recv=2240294 itps=0.00 tps=1291.34 p50=35.46ms p95=152.70ms p99=198.97ms err=0
[status] PUB sent=2240644 itps=0.00 tps=1290.76 pubs=4000 err=0 | SUB recv=2240294 itps=0.00 tps=1290.60 p50=35.46ms p95=152.70ms p99=198.97ms err=0
[status] PUB sent=2240644 itps=0.00 tps=1290.02 pubs=4000 err=0 | SUB recv=2240294 itps=0.00 tps=1289.86 p50=35.46ms p95=152.70ms p99=198.97ms err=0
[status] PUB sent=2240644 itps=0.00 tps=1289.28 pubs=4000 err=0 | SUB recv=2240294 itps=0.00 tps=1289.11 p50=35.46ms p95=152.70ms p99=198.97ms err=0
[status] PUB sent=2240644 itps=0.00 tps=1288.54 pubs=4000 err=0 | SUB recv=2240294 itps=0.00 tps=1288.37 p50=35.46ms p95=152.70ms p99=198.97ms err=0
[status] PUB sent=2240644 itps=0.00 tps=1287.80 pubs=4000 err=0 | SUB recv=2240294 itps=0.00 tps=1287.63 p50=35.46ms p95=152.70ms p99=198.97ms err=0
[status] PUB sent=2240644 itps=0.00 tps=1287.06 pubs=4000 err=0 | SUB recv=2240294 itps=0.00 tps=1286.89 p50=35.46ms p95=152.70ms p99=198.97ms err=0
[status] PUB sent=2240644 itps=0.00 tps=1286.32 pubs=4000 err=0 | SUB recv=2240294 itps=0.00 tps=1286.15 p50=35.46ms p95=152.70ms p99=198.97ms err=0
[status] PUB sent=2240644 itps=0.00 tps=1285.58 pubs=4000 err=0 | SUB recv=2240294 itps=0.00 tps=1285.42 p50=35.46ms p95=152.70ms p99=198.97ms err=0
[status] PUB sent=2240644 itps=0.00 tps=1284.84 pubs=4000 err=0 | SUB recv=2240294 itps=0.00 tps=1284.68 p50=35.46ms p95=152.70ms p99=198.97ms err=0
[status] PUB sent=2240644 itps=0.00 tps=1284.11 pubs=4000 err=0 | SUB recv=2240294 itps=0.00 tps=1283.94 p50=35.46ms p95=152.70ms p99=198.97ms err=0
[status] PUB sent=2240644 itps=0.00 tps=1283.37 pubs=4000 err=0 | SUB recv=2240294 itps=0.00 tps=1283.21 p50=35.46ms p95=152.70ms p99=198.97ms err=0
[status] PUB sent=2240644 itps=0.00 tps=1282.64 pubs=4000 err=0 | SUB recv=2240294 itps=0.00 tps=1282.47 p50=35.46ms p95=152.70ms p99=198.97ms err=0
[status] PUB sent=2240644 itps=0.00 tps=1281.90 pubs=4000 err=0 | SUB recv=2240294 itps=0.00 tps=1281.74 p50=35.46ms p95=152.70ms p99=198.97ms err=0
[status] PUB sent=2240644 itps=0.00 tps=1281.17 pubs=4000 err=0 | SUB recv=2240294 itps=0.00 tps=1281.00 p50=35.46ms p95=152.70ms p99=198.97ms err=0
[status] PUB sent=2240644 itps=0.00 tps=1280.44 pubs=4000 err=0 | SUB recv=2240294 itps=0.00 tps=1280.27 p50=35.46ms p95=152.70ms p99=198.97ms err=0
[status] PUB sent=2240644 itps=0.00 tps=1279.71 pubs=4000 err=0 | SUB recv=2240294 itps=0.00 tps=1279.54 p50=35.46ms p95=152.70ms p99=198.97ms err=0
[status] PUB sent=2240644 itps=0.00 tps=1278.98 pubs=4000 err=0 | SUB recv=2240294 itps=0.00 tps=1278.81 p50=35.46ms p95=152.70ms p99=198.97ms err=0
[status] PUB sent=2240644 itps=0.00 tps=1278.25 pubs=4000 err=0 | SUB recv=2240294 itps=0.00 tps=1278.08 p50=35.46ms p95=152.70ms p99=198.97ms err=0
[status] PUB sent=2240644 itps=0.00 tps=1277.52 pubs=4000 err=0 | SUB recv=2240294 itps=0.00 tps=1277.35 p50=35.46ms p95=152.70ms p99=198.97ms err=0
[status] PUB sent=2240644 itps=0.00 tps=1276.79 pubs=4000 err=0 | SUB recv=2240294 itps=0.00 tps=1276.63 p50=35.46ms p95=152.70ms p99=198.97ms err=0
[status] PUB sent=2240644 itps=0.00 tps=1276.06 pubs=4000 err=0 | SUB recv=2240294 itps=0.00 tps=1275.90 p50=35.46ms p95=152.70ms p99=198.97ms err=0
[status] PUB sent=2240644 itps=0.00 tps=1275.34 pubs=4000 err=0 | SUB recv=2240294 itps=0.00 tps=1275.17 p50=35.46ms p95=152.70ms p99=198.97ms err=0
[status] PUB sent=2240644 itps=0.00 tps=1274.61 pubs=4000 err=0 | SUB recv=2240294 itps=0.00 tps=1274.45 p50=35.46ms p95=152.70ms p99=198.97ms err=0
[status] PUB sent=2240644 itps=0.00 tps=1273.89 pubs=4000 err=0 | SUB recv=2240294 itps=0.00 tps=1273.72 p50=35.46ms p95=152.70ms p99=198.97ms err=0
[status] PUB sent=2240644 itps=0.00 tps=1273.16 pubs=4000 err=0 | SUB recv=2240294 itps=0.00 tps=1273.00 p50=35.46ms p95=152.70ms p99=198.97ms err=0
[status] PUB sent=2240644 itps=0.00 tps=1272.44 pubs=4000 err=0 | SUB recv=2240294 itps=0.00 tps=1272.28 p50=35.46ms p95=152.70ms p99=198.97ms err=0
[status] PUB sent=2240644 itps=0.00 tps=1271.72 pubs=4000 err=0 | SUB recv=2240294 itps=0.00 tps=1271.55 p50=35.46ms p95=152.70ms p99=198.97ms err=0
[status] PUB sent=2240644 itps=0.00 tps=1271.00 pubs=4000 err=0 | SUB recv=2240294 itps=0.00 tps=1270.83 p50=35.46ms p95=152.70ms p99=198.97ms err=0
[status] PUB sent=2240644 itps=0.00 tps=1270.28 pubs=4000 err=0 | SUB recv=2240294 itps=0.00 tps=1270.11 p50=35.46ms p95=152.70ms p99=198.97ms err=0
[status] PUB sent=2240644 itps=0.00 tps=1269.56 pubs=4000 err=0 | SUB recv=2240294 itps=0.00 tps=1269.39 p50=35.46ms p95=152.70ms p99=198.97ms err=0
[status] PUB sent=2240644 itps=0.00 tps=1268.84 pubs=4000 err=0 | SUB recv=2240294 itps=0.00 tps=1268.67 p50=35.46ms p95=152.70ms p99=198.97ms err=0
[status] PUB sent=2240644 itps=0.00 tps=1268.12 pubs=4000 err=0 | SUB recv=2240294 itps=0.00 tps=1267.95 p50=35.46ms p95=152.70ms p99=198.97ms err=0
[status] PUB sent=2240644 itps=0.00 tps=1267.40 pubs=4000 err=0 | SUB recv=2240294 itps=0.00 tps=1267.24 p50=35.46ms p95=152.70ms p99=198.97ms err=0
[status] PUB sent=2240644 itps=0.00 tps=1266.68 pubs=4000 err=0 | SUB recv=2240294 itps=0.00 tps=1266.52 p50=35.46ms p95=152.70ms p99=198.97ms err=0
[status] PUB sent=2240644 itps=0.00 tps=1265.97 pubs=4000 err=0 | SUB recv=2240294 itps=0.00 tps=1265.81 p50=35.46ms p95=152.70ms p99=198.97ms err=0
[status] PUB sent=2240644 itps=0.00 tps=1265.25 pubs=4000 err=0 | SUB recv=2240294 itps=0.00 tps=1265.09 p50=35.46ms p95=152.70ms p99=198.97ms err=0
[status] PUB sent=2240644 itps=0.00 tps=1264.54 pubs=4000 err=0 | SUB recv=2240294 itps=0.00 tps=1264.38 p50=35.46ms p95=152.70ms p99=198.97ms err=0
[status] PUB sent=2240644 itps=0.00 tps=1263.83 pubs=4000 err=0 | SUB recv=2240294 itps=0.00 tps=1263.66 p50=35.46ms p95=152.70ms p99=198.97ms err=0
[status] PUB sent=2240644 itps=0.00 tps=1263.11 pubs=4000 err=0 | SUB recv=2240294 itps=0.00 tps=1262.95 p50=35.46ms p95=152.70ms p99=198.97ms err=0
[status] PUB sent=2240644 itps=0.00 tps=1262.40 pubs=4000 err=0 | SUB recv=2240294 itps=0.00 tps=1262.24 p50=35.46ms p95=152.70ms p99=198.97ms err=0
[status] PUB sent=2240644 itps=0.00 tps=1261.69 pubs=4000 err=0 | SUB recv=2240294 itps=0.00 tps=1261.53 p50=35.46ms p95=152.70ms p99=198.97ms err=0
[status] PUB sent=2240644 itps=0.00 tps=1260.98 pubs=4000 err=0 | SUB recv=2240294 itps=0.00 tps=1260.82 p50=35.46ms p95=152.70ms p99=198.97ms err=0
[status] PUB sent=2240644 itps=0.00 tps=1260.27 pubs=4000 err=0 | SUB recv=2240294 itps=0.00 tps=1260.11 p50=35.46ms p95=152.70ms p99=198.97ms err=0
[status] PUB sent=2240644 itps=0.00 tps=1259.56 pubs=4000 err=0 | SUB recv=2240294 itps=0.00 tps=1259.40 p50=35.46ms p95=152.70ms p99=198.97ms err=0
[status] PUB sent=2240644 itps=0.00 tps=1258.86 pubs=4000 err=0 | SUB recv=2240294 itps=0.00 tps=1258.69 p50=35.46ms p95=152.70ms p99=198.97ms err=0
[status] PUB sent=2240644 itps=0.00 tps=1258.15 pubs=4000 err=0 | SUB recv=2240294 itps=0.00 tps=1257.99 p50=35.46ms p95=152.70ms p99=198.97ms err=0
[status] PUB sent=2240644 itps=0.00 tps=1257.44 pubs=4000 err=0 | SUB recv=2240294 itps=0.00 tps=1256.58 p50=35.46ms p95=152.70ms p99=198.97ms err=0
[status] PUB sent=2240644 itps=0.00 tps=1256.03 pubs=4000 err=0 | SUB recv=2240294 itps=0.00 tps=1255.87 p50=35.46ms p95=152.70ms p99=198.97ms err=0
[status] PUB sent=2240644 itps=0.00 tps=1255.33 pubs=4000 err=0 | SUB recv=2240294 itps=0.00 tps=1255.17 p50=35.46ms p95=152.70ms p99=198.97ms err=0
[status] PUB sent=2240644 itps=0.00 tps=1254.63 pubs=4000 err=0 | SUB recv=2240294 itps=0.00 tps=1254.46 p50=35.46ms p95=152.70ms p99=198.97ms err=0
[status] PUB sent=2240644 itps=0.00 tps=1253.93 pubs=4000 err=0 | SUB recv=2240294 itps=0.00 tps=1253.76 p50=35.46ms p95=152.70ms p99=198.97ms err=0
[status] PUB sent=2240644 itps=0.00 tps=1253.22 pubs=4000 err=0 | SUB recv=2240294 itps=0.00 tps=1253.06 p50=35.46ms p95=152.70ms p99=198.97ms err=0
[status] PUB sent=2240644 itps=0.00 tps=1252.52 pubs=4000 err=0 | SUB recv=2240294 itps=0.00 tps=1252.36 p50=35.46ms p95=152.70ms p99=198.97ms err=0
[status] PUB sent=2240644 itps=0.00 tps=1251.82 pubs=4000 err=0 | SUB recv=2240294 itps=0.00 tps=1251.66 p50=35.46ms p95=152.70ms p99=198.97ms err=0
[status] PUB sent=2240644 itps=0.00 tps=1251.12 pubs=4000 err=0 | SUB recv=2240294 itps=0.00 tps=1250.96 p50=35.46ms p95=152.70ms p99=198.97ms err=0
[status] PUB sent=2240644 itps=0.00 tps=1250.43 pubs=4000 err=0 | SUB recv=2240294 itps=0.00 tps=1250.26 p50=35.46ms p95=152.70ms p99=198.97ms err=0
[status] PUB sent=2240644 itps=0.00 tps=1249.73 pubs=4000 err=0 | SUB recv=2240294 itps=0.00 tps=1249.57 p50=35.46ms p95=152.70ms p99=198.97ms err=0
[status] PUB sent=2240644 itps=0.00 tps=1249.03 pubs=4000 err=0 | SUB recv=2240294 itps=0.00 tps=1248.87 p50=35.46ms p95=152.70ms p99=198.97ms err=0
[status] PUB sent=2240644 itps=0.00 tps=1248.34 pubs=4000 err=0 | SUB recv=2240294 itps=0.00 tps=1248.17 p50=35.46ms p95=152.70ms p99=198.97ms err=0
[status] PUB sent=2240644 itps=0.00 tps=1247.64 pubs=4000 err=0 | SUB recv=2240294 itps=0.00 tps=1247.48 p50=35.46ms p95=152.70ms p99=198.97ms err=0
[status] PUB sent=2240644 itps=0.00 tps=1246.95 pubs=4000 err=0 | SUB recv=2240294 itps=0.00 tps=1246.78 p50=35.46ms p95=152.70ms p99=198.97ms err=0
[status] PUB sent=2240644 itps=0.00 tps=1246.25 pubs=4000 err=0 | SUB recv=2240294 itps=0.00 tps=1246.09 p50=35.46ms p95=152.70ms p99=198.97ms err=0
[status] PUB sent=2240644 itps=0.00 tps=1245.56 pubs=4000 err=0 | SUB recv=2240294 itps=0.00 tps=1245.40 p50=35.46ms p95=152.70ms p99=198.97ms err=0
[status] PUB sent=2240644 itps=0.00 tps=1244.87 pubs=4000 err=0 | SUB recv=2240294 itps=0.00 tps=1244.71 p50=35.46ms p95=152.70ms p99=198.97ms err=0
[status] PUB sent=2240644 itps=0.00 tps=1244.18 pubs=4000 err=0 | SUB recv=2240294 itps=0.00 tps=1244.02 p50=35.46ms p95=152.70ms p99=198.97ms err=0
[status] PUB sent=2240644 itps=0.00 tps=1243.49 pubs=4000 err=0 | SUB recv=2240294 itps=0.00 tps=1243.33 p50=35.46ms p95=152.70ms p99=198.97ms err=0
[status] PUB sent=2240644 itps=0.00 tps=1242.80 pubs=4000 err=0 | SUB recv=2240294 itps=0.00 tps=1242.64 p50=35.46ms p95=152.70ms p99=198.97ms err=0
[status] PUB sent=2240644 itps=0.00 tps=1242.11 pubs=4000 err=0 | SUB recv=2240294 itps=0.00 tps=1241.95 p50=35.46ms p95=152.70ms p99=198.97ms err=0
[status] PUB sent=2240644 itps=0.00 tps=1241.42 pubs=4000 err=0 | SUB recv=2240294 itps=0.00 tps=1241.26 p50=35.46ms p95=152.70ms p99=198.97ms err=0
[status] PUB sent=2240644 itps=0.00 tps=1240.73 pubs=4000 err=0 | SUB recv=2240294 itps=0.00 tps=1240.57 p50=35.46ms p95=152.70ms p99=198.97ms err=0
[status] PUB sent=2240644 itps=0.00 tps=1240.05 pubs=4000 err=0 | SUB recv=2240294 itps=0.00 tps=1239.88 p50=35.46ms p95=152.70ms p99=198.97ms err=0
[status] PUB sent=2240644 itps=0.00 tps=1239.36 pubs=4000 err=0 | SUB recv=2240294 itps=0.00 tps=1239.20 p50=35.46ms p95=152.70ms p99=198.97ms err=0
[status] PUB sent=2240644 itps=0.00 tps=1238.67 pubs=4000 err=0 | SUB recv=2240294 itps=0.00 tps=1238.51 p50=35.46ms p95=152.70ms p99=198.97ms err=0
[status] PUB sent=2240644 itps=0.00 tps=1237.99 pubs=4000 err=0 | SUB recv=2240294 itps=0.00 tps=1237.83 p50=35.46ms p95=152.70ms p99=198.97ms err=0
[status] PUB sent=2240644 itps=0.00 tps=1237.31 pubs=4000 err=0 | SUB recv=2240294 itps=0.00 tps=1237.15 p50=35.46ms p95=152.70ms p99=198.97ms err=0
[status] PUB sent=2240644 itps=0.00 tps=1236.62 pubs=4000 err=0 | SUB recv=2240294 itps=0.00 tps=1236.46 p50=35.46ms p95=152.70ms p99=198.97ms err=0
[status] PUB sent=2240644 itps=0.00 tps=1235.94 pubs=4000 err=0 | SUB recv=2240294 itps=0.00 tps=1235.78 p50=35.46ms p95=152.70ms p99=198.97ms err=0
[status] PUB sent=2240644 itps=0.00 tps=1235.26 pubs=4000 err=0 | SUB recv=2240294 itps=0.00 tps=1235.10 p50=35.46ms p95=152.70ms p99=198.97ms err=0
[status] PUB sent=2240644 itps=0.00 tps=1234.58 pubs=4000 err=0 | SUB recv=2240294 itps=0.00 tps=1234.42 p50=35.46ms p95=152.70ms p99=198.97ms err=0
[status] PUB sent=2240644 itps=0.00 tps=1233.90 pubs=4000 err=0 | SUB recv=2240294 itps=0.00 tps=1233.74 p50=35.46ms p95=152.70ms p99=198.97ms err=0
[status] PUB sent=2240644 itps=0.00 tps=1233.22 pubs=4000 err=0 | SUB recv=2240294 itps=0.00 tps=1233.06 p50=35.46ms p95=152.70ms p99=198.97ms err=0
[status] PUB sent=2240644 itps=0.00 tps=1232.54 pubs=4000 err=0 | SUB recv=2240294 itps=0.00 tps=1232.38 p50=35.46ms p95=152.70ms p99=198.97ms err=0
[status] PUB sent=2240644 itps=0.00 tps=1231.86 pubs=4000 err=0 | SUB recv=2240294 itps=0.00 tps=1231.70 p50=35.46ms p95=152.70ms p99=198.97ms err=0
[status] PUB sent=2240644 itps=0.00 tps=1231.19 pubs=4000 err=0 | SUB recv=2240294 itps=0.00 tps=1231.03 p50=35.46ms p95=152.70ms p99=198.97ms err=0
[status] PUB sent=2240644 itps=0.00 tps=1230.51 pubs=4000 err=0 | SUB recv=2240294 itps=0.00 tps=1230.35 p50=35.46ms p95=152.70ms p99=198.97ms err=0
[status] PUB sent=2240644 itps=0.00 tps=1229.84 pubs=4000 err=0 | SUB recv=2240294 itps=0.00 tps=1229.68 p50=35.46ms p95=152.70ms p99=198.97ms err=0
[status] PUB sent=2240644 itps=0.00 tps=1229.16 pubs=4000 err=0 | SUB recv=2240294 itps=0.00 tps=1229.00 p50=35.46ms p95=152.70ms p99=198.97ms err=0
[status] PUB sent=2240644 itps=0.00 tps=1228.49 pubs=4000 err=0 | SUB recv=2240294 itps=0.00 tps=1228.33 p50=35.46ms p95=152.70ms p99=198.97ms err=0
[status] PUB sent=2240644 itps=0.00 tps=1227.81 pubs=4000 err=0 | SUB recv=2240294 itps=0.00 tps=1227.65 p50=35.46ms p95=152.70ms p99=198.97ms err=0
[status] PUB sent=2240644 itps=0.00 tps=1227.14 pubs=4000 err=0 | SUB recv=2240294 itps=0.00 tps=1226.98 p50=35.46ms p95=152.70ms p99=198.97ms err=0
[status] PUB sent=2240644 itps=0.00 tps=1226.47 pubs=4000 err=0 | SUB recv=2240294 itps=0.00 tps=1226.31 p50=35.46ms p95=152.70ms p99=198.97ms err=0
[status] PUB sent=2240644 itps=0.00 tps=1225.80 pubs=4000 err=0 | SUB recv=2240294 itps=0.00 tps=1225.64 p50=35.46ms p95=152.70ms p99=198.97ms err=0
[status] PUB sent=2240644 itps=0.00 tps=1225.13 pubs=4000 err=0 | SUB recv=2240294 itps=0.00 tps=1224.97 p50=35.46ms p95=152.70ms p99=198.97ms err=0
[status] PUB sent=2240644 itps=0.00 tps=1224.46 pubs=4000 err=0 | SUB recv=2240294 itps=0.00 tps=1224.30 p50=35.46ms p95=152.70ms p99=198.97ms err=0
[status] PUB sent=2240644 itps=0.00 tps=1223.79 pubs=4000 err=0 | SUB recv=2240294 itps=0.00 tps=1223.63 p50=35.46ms p95=152.70ms p99=198.97ms err=0
[status] PUB sent=2240644 itps=0.00 tps=1223.12 pubs=4000 err=0 | SUB recv=2240294 itps=0.00 tps=1222.96 p50=35.46ms p95=152.70ms p99=198.97ms err=0
[status] PUB sent=2240644 itps=0.00 tps=1222.46 pubs=4000 err=0 | SUB recv=2240294 itps=0.00 tps=1222.30 p50=35.46ms p95=152.70ms p99=198.97ms err=0
[status] PUB sent=2240644 itps=0.00 tps=1221.79 pubs=4000 err=0 | SUB recv=2240294 itps=0.00 tps=1221.63 p50=35.46ms p95=152.70ms p99=198.97ms err=0
[status] PUB sent=2240644 itps=0.00 tps=1221.12 pubs=4000 err=0 | SUB recv=2240294 itps=0.00 tps=1220.96 p50=35.46ms p95=152.70ms p99=198.97ms err=0
[status] PUB sent=2240644 itps=0.00 tps=1220.46 pubs=4000 err=0 | SUB recv=2240294 itps=0.00 tps=1220.30 p50=35.46ms p95=152.70ms p99=198.97ms err=0
[status] PUB sent=2240644 itps=0.00 tps=1219.79 pubs=4000 err=0 | SUB recv=2240294 itps=0.00 tps=1219.63 p50=35.46ms p95=152.70ms p99=198.97ms err=0
[status] PUB sent=2240644 itps=0.00 tps=1219.13 pubs=4000 err=0 | SUB recv=2240294 itps=0.00 tps=1218.97 p50=35.46ms p95=152.70ms p99=198.97ms err=0
[status] PUB sent=2240644 itps=0.00 tps=1218.47 pubs=4000 err=0 | SUB recv=2240294 itps=0.00 tps=1218.31 p50=35.46ms p95=152.70ms p99=198.97ms err=0
[status] PUB sent=2240644 itps=0.00 tps=1217.80 pubs=4000 err=0 | SUB recv=2240294 itps=0.00 tps=1217.65 p50=35.46ms p95=152.70ms p99=198.97ms err=0
[status] PUB sent=2240644 itps=0.00 tps=1217.14 pubs=4000 err=0 | SUB recv=2240294 itps=0.00 tps=1216.98 p50=35.46ms p95=152.70ms p99=198.97ms err=0
[status] PUB sent=2240644 itps=0.00 tps=1216.48 pubs=4000 err=0 | SUB recv=2240294 itps=0.00 tps=1216.32 p50=35.46ms p95=152.70ms p99=198.97ms err=0
[status] PUB sent=2240644 itps=0.00 tps=1215.82 pubs=4000 err=0 | SUB recv=2240294 itps=0.00 tps=1215.66 p50=35.46ms p95=152.70ms p99=198.97ms err=0
[status] PUB sent=2240644 itps=0.00 tps=1215.16 pubs=4000 err=0 | SUB recv=2240294 itps=0.00 tps=1215.00 p50=35.46ms p95=152.70ms p99=198.97ms err=0
[status] PUB sent=2240644 itps=0.00 tps=1214.50 pubs=4000 err=0 | SUB recv=2240294 itps=0.00 tps=1214.35 p50=35.46ms p95=152.70ms p99=198.97ms err=0
[status] PUB sent=2240644 itps=0.00 tps=1213.85 pubs=4000 err=0 | SUB recv=2240294 itps=0.00 tps=1213.69 p50=35.46ms p95=152.70ms p99=198.97ms err=0
[status] PUB sent=2240644 itps=0.00 tps=1213.19 pubs=4000 err=0 | SUB recv=2240294 itps=0.00 tps=1213.03 p50=35.46ms p95=152.70ms p99=198.97ms err=0
[status] PUB sent=2240644 itps=0.00 tps=1212.53 pubs=4000 err=0 | SUB recv=2240294 itps=0.00 tps=1212.37 p50=35.46ms p95=152.70ms p99=198.97ms err=0
[status] PUB sent=2240644 itps=0.00 tps=1211.22 pubs=4000 err=0 | SUB recv=2240294 itps=0.00 tps=1211.06 p50=35.46ms p95=152.70ms p99=198.97ms err=0
[status] PUB sent=2240644 itps=0.00 tps=1210.57 pubs=4000 err=0 | SUB recv=2240294 itps=0.00 tps=1210.41 p50=35.46ms p95=152.70ms p99=198.97ms err=0
[status] PUB sent=2240644 itps=0.00 tps=1209.91 pubs=4000 err=0 | SUB recv=2240294 itps=0.00 tps=1209.76 p50=35.46ms p95=152.70ms p99=198.97ms err=0
[status] PUB sent=2240644 itps=0.00 tps=1209.26 pubs=4000 err=0 | SUB recv=2240294 itps=0.00 tps=1209.10 p50=35.46ms p95=152.70ms p99=198.97ms err=0
[status] PUB sent=2240644 itps=0.00 tps=1208.61 pubs=4000 err=0 | SUB recv=2240294 itps=0.00 tps=1208.45 p50=35.46ms p95=152.70ms p99=198.97ms err=0
[status] PUB sent=2240644 itps=0.00 tps=1207.96 pubs=4000 err=0 | SUB recv=2240294 itps=0.00 tps=1207.80 p50=35.46ms p95=152.70ms p99=198.97ms err=0
[status] PUB sent=2240644 itps=0.00 tps=1207.31 pubs=4000 err=0 | SUB recv=2240294 itps=0.00 tps=1207.15 p50=35.46ms p95=152.70ms p99=198.97ms err=0
[status] PUB sent=2240644 itps=0.00 tps=1206.66 pubs=4000 err=0 | SUB recv=2240294 itps=0.00 tps=1206.50 p50=35.46ms p95=152.70ms p99=198.97ms err=0
[status] PUB sent=2240644 itps=0.00 tps=1206.01 pubs=4000 err=0 | SUB recv=2240294 itps=0.00 tps=1205.85 p50=35.46ms p95=152.70ms p99=198.97ms err=0
[status] PUB sent=2240644 itps=0.00 tps=1205.36 pubs=4000 err=0 | SUB recv=2240294 itps=0.00 tps=1205.20 p50=35.46ms p95=152.70ms p99=198.97ms err=0
[status] PUB sent=2240644 itps=0.00 tps=1204.71 pubs=4000 err=0 | SUB recv=2240294 itps=0.00 tps=1204.55 p50=35.46ms p95=152.70ms p99=198.97ms err=0
[status] PUB sent=2240644 itps=0.00 tps=1204.06 pubs=4000 err=0 | SUB recv=2240294 itps=0.00 tps=1203.90 p50=35.46ms p95=152.70ms p99=198.97ms err=0
[status] PUB sent=2240644 itps=0.00 tps=1203.42 pubs=4000 err=0 | SUB recv=2240294 itps=0.00 tps=1203.26 p50=35.46ms p95=152.70ms p99=198.97ms err=0
[status] PUB sent=2240644 itps=0.00 tps=1202.77 pubs=4000 err=0 | SUB recv=2240294 itps=0.00 tps=1202.61 p50=35.46ms p95=152.70ms p99=198.97ms err=0
[status] PUB sent=2240644 itps=0.00 tps=1202.12 pubs=4000 err=0 | SUB recv=2240294 itps=0.00 tps=1201.97 p50=35.46ms p95=152.70ms p99=198.97ms err=0
[status] PUB sent=2240644 itps=0.00 tps=1201.48 pubs=4000 err=0 | SUB recv=2240294 itps=0.00 tps=1201.32 p50=35.46ms p95=152.70ms p99=198.97ms err=0
[status] PUB sent=2240644 itps=0.00 tps=1200.84 pubs=4000 err=0 | SUB recv=2240294 itps=0.00 tps=1200.68 p50=35.46ms p95=152.70ms p99=198.97ms err=0
[status] PUB sent=2240644 itps=0.00 tps=1200.19 pubs=4000 err=0 | SUB recv=2240294 itps=0.00 tps=1200.04 p50=35.46ms p95=152.70ms p99=198.97ms err=0
[status] PUB sent=2240644 itps=0.00 tps=1199.55 pubs=4000 err=0 | SUB recv=2240294 itps=0.00 tps=1199.39 p50=35.46ms p95=152.70ms p99=198.97ms err=0
[status] PUB sent=2240644 itps=0.00 tps=1198.91 pubs=4000 err=0 | SUB recv=2240294 itps=0.00 tps=1198.75 p50=35.46ms p95=152.70ms p99=198.97ms err=0
[status] PUB sent=2240644 itps=0.00 tps=1198.27 pubs=4000 err=0 | SUB recv=2240294 itps=0.00 tps=1198.11 p50=35.46ms p95=152.70ms p99=198.97ms err=0
[status] PUB sent=2240644 itps=0.00 tps=1197.63 pubs=4000 err=0 | SUB recv=2240294 itps=0.00 tps=1197.47 p50=35.46ms p95=152.70ms p99=198.97ms err=0
[status] PUB sent=2240644 itps=0.00 tps=1196.99 pubs=4000 err=0 | SUB recv=2240294 itps=0.00 tps=1196.83 p50=35.46ms p95=152.70ms p99=198.97ms err=0
[status] PUB sent=2240644 itps=0.00 tps=1196.35 pubs=4000 err=0 | SUB recv=2240294 itps=0.00 tps=1196.19 p50=35.46ms p95=152.70ms p99=198.97ms err=0
[status] PUB sent=2240644 itps=0.00 tps=1195.71 pubs=4000 err=0 | SUB recv=2240294 itps=0.00 tps=1195.55 p50=35.46ms p95=152.70ms p99=198.97ms err=0
[status] PUB sent=2240644 itps=0.00 tps=1195.07 pubs=4000 err=0 | SUB recv=2240294 itps=0.00 tps=1194.91 p50=35.46ms p95=152.70ms p99=198.97ms err=0
[status] PUB sent=2240644 itps=0.00 tps=1194.43 pubs=4000 err=0 | SUB recv=2240294 itps=0.00 tps=1194.28 p50=35.46ms p95=152.70ms p99=198.97ms err=0
[status] PUB sent=2240644 itps=0.00 tps=1193.80 pubs=4000 err=0 | SUB recv=2240294 itps=0.00 tps=1193.64 p50=35.46ms p95=152.70ms p99=198.97ms err=0
[status] PUB sent=2240644 itps=0.00 tps=1193.16 pubs=4000 err=0 | SUB recv=2240294 itps=0.00 tps=1193.01 p50=35.46ms p95=152.70ms p99=198.97ms err=0
[status] PUB sent=2240644 itps=0.00 tps=1192.53 pubs=4000 err=0 | SUB recv=2240294 itps=0.00 tps=1192.37 p50=35.46ms p95=152.70ms p99=198.97ms err=0
[status] PUB sent=2240644 itps=0.00 tps=1191.89 pubs=4000 err=0 | SUB recv=2240294 itps=0.00 tps=1191.74 p50=35.46ms p95=152.70ms p99=198.97ms err=0
[status] PUB sent=2240644 itps=0.00 tps=1191.26 pubs=4000 err=0 | SUB recv=2240294 itps=0.00 tps=1191.10 p50=35.46ms p95=152.70ms p99=198.97ms err=0
[status] PUB sent=2240644 itps=0.00 tps=1190.63 pubs=4000 err=0 | SUB recv=2240294 itps=0.00 tps=1190.47 p50=35.46ms p95=152.70ms p99=198.97ms err=0
[status] PUB sent=2240644 itps=0.00 tps=1189.99 pubs=4000 err=0 | SUB recv=2240294 itps=0.00 tps=1189.84 p50=35.46ms p95=152.70ms p99=198.97ms err=0
[status] PUB sent=2240644 itps=0.00 tps=1189.36 pubs=4000 err=0 | SUB recv=2240294 itps=0.00 tps=1189.21 p50=35.46ms p95=152.70ms p99=198.97ms err=0
[status] PUB sent=2240644 itps=0.00 tps=1188.73 pubs=4000 err=0 | SUB recv=2240294 itps=0.00 tps=1188.58 p50=35.46ms p95=152.70ms p99=198.97ms err=0
[status] PUB sent=2240644 itps=0.00 tps=1188.10 pubs=4000 err=0 | SUB recv=2240294 itps=0.00 tps=1187.94 p50=35.46ms p95=152.70ms p99=198.97ms err=0
[status] PUB sent=2240644 itps=0.00 tps=1187.47 pubs=4000 err=0 | SUB recv=2240294 itps=0.00 tps=1187.32 p50=35.46ms p95=152.70ms p99=198.97ms err=0
[status] PUB sent=2240644 itps=0.00 tps=1186.84 pubs=4000 err=0 | SUB recv=2240294 itps=0.00 tps=1186.69 p50=35.46ms p95=152.70ms p99=198.97ms err=0
[status] PUB sent=2240644 itps=0.00 tps=1186.21 pubs=4000 err=0 | SUB recv=2240294 itps=0.00 tps=1186.06 p50=35.46ms p95=152.70ms p99=198.97ms err=0
[status] PUB sent=2240644 itps=0.00 tps=1185.59 pubs=4000 err=0 | SUB recv=2240294 itps=0.00 tps=1185.43 p50=35.46ms p95=152.70ms p99=198.97ms err=0
[status] PUB sent=2240644 itps=0.00 tps=1184.96 pubs=4000 err=0 | SUB recv=2240294 itps=0.00 tps=1184.80 p50=35.46ms p95=152.70ms p99=198.97ms err=0
[status] PUB sent=2240644 itps=0.00 tps=1184.33 pubs=4000 err=0 | SUB recv=2240294 itps=0.00 tps=1184.18 p50=35.46ms p95=152.70ms p99=198.97ms err=0
[status] PUB sent=2240644 itps=0.00 tps=1183.71 pubs=4000 err=0 | SUB recv=2240294 itps=0.00 tps=1183.55 p50=35.46ms p95=152.70ms p99=198.97ms err=0
[status] PUB sent=2240644 itps=0.00 tps=1183.08 pubs=4000 err=0 | SUB recv=2240294 itps=0.00 tps=1182.93 p50=35.46ms p95=152.70ms p99=198.97ms err=0
[status] PUB sent=2240644 itps=0.00 tps=1182.46 pubs=4000 err=0 | SUB recv=2240294 itps=0.00 tps=1182.30 p50=35.46ms p95=152.70ms p99=198.97ms err=0
[status] PUB sent=2240644 itps=0.00 tps=1181.83 pubs=4000 err=0 | SUB recv=2240294 itps=0.00 tps=1181.68 p50=35.46ms p95=152.70ms p99=198.97ms err=0
[status] PUB sent=2240644 itps=0.00 tps=1181.21 pubs=4000 err=0 | SUB recv=2240294 itps=0.00 tps=1181.06 p50=35.46ms p95=152.70ms p99=198.97ms err=0
[status] PUB sent=2240644 itps=0.00 tps=1180.59 pubs=4000 err=0 | SUB recv=2240294 itps=0.00 tps=1180.43 p50=35.46ms p95=152.70ms p99=198.97ms err=0
[status] PUB sent=2240644 itps=0.00 tps=1179.97 pubs=4000 err=0 | SUB recv=2240294 itps=0.00 tps=1179.81 p50=35.46ms p95=152.70ms p99=198.97ms err=0
[status] PUB sent=2240644 itps=0.00 tps=1179.35 pubs=4000 err=0 | SUB recv=2240294 itps=0.00 tps=1179.19 p50=35.46ms p95=152.70ms p99=198.97ms err=0
[status] PUB sent=2240644 itps=0.00 tps=1178.73 pubs=4000 err=0 | SUB recv=2240294 itps=0.00 tps=1178.57 p50=35.46ms p95=152.70ms p99=198.97ms err=0
[status] PUB sent=2240644 itps=0.00 tps=1178.11 pubs=4000 err=0 | SUB recv=2240294 itps=0.00 tps=1177.95 p50=35.46ms p95=152.70ms p99=198.97ms err=0
[status] PUB sent=2240644 itps=0.00 tps=1177.49 pubs=4000 err=0 | SUB recv=2240294 itps=0.00 tps=1177.33 p50=35.46ms p95=152.70ms p99=198.97ms err=0
[status] PUB sent=2240644 itps=0.00 tps=1176.87 pubs=4000 err=0 | SUB recv=2240294 itps=0.00 tps=1176.71 p50=35.46ms p95=152.70ms p99=198.97ms err=0
[status] PUB sent=2240644 itps=0.00 tps=1176.25 pubs=4000 err=0 | SUB recv=2240294 itps=0.00 tps=1176.10 p50=35.46ms p95=152.70ms p99=198.97ms err=0
[status] PUB sent=2240644 itps=0.00 tps=1175.63 pubs=4000 err=0 | SUB recv=2240294 itps=0.00 tps=1175.48 p50=35.46ms p95=152.70ms p99=198.97ms err=0
[status] PUB sent=2240644 itps=0.00 tps=1175.02 pubs=4000 err=0 | SUB recv=2240294 itps=0.00 tps=1174.86 p50=35.46ms p95=152.70ms p99=198.97ms err=0
[status] PUB sent=2240644 itps=0.00 tps=1174.40 pubs=4000 err=0 | SUB recv=2240294 itps=0.00 tps=1174.25 p50=35.46ms p95=152.70ms p99=198.97ms err=0
[status] PUB sent=2240644 itps=0.00 tps=1173.79 pubs=4000 err=0 | SUB recv=2240294 itps=0.00 tps=1173.63 p50=35.46ms p95=152.70ms p99=198.97ms err=0
[status] PUB sent=2240644 itps=0.00 tps=1173.17 pubs=4000 err=0 | SUB recv=2240294 itps=0.00 tps=1173.02 p50=35.46ms p95=152.70ms p99=198.97ms err=0
[status] PUB sent=2240644 itps=0.00 tps=1172.56 pubs=4000 err=0 | SUB recv=2240294 itps=0.00 tps=1172.40 p50=35.46ms p95=152.70ms p99=198.97ms err=0
[status] PUB sent=2240644 itps=0.00 tps=1171.94 pubs=4000 err=0 | SUB recv=2240294 itps=0.00 tps=1171.79 p50=35.46ms p95=152.70ms p99=198.97ms err=0
[status] PUB sent=2240644 itps=0.00 tps=1171.33 pubs=4000 err=0 | SUB recv=2240294 itps=0.00 tps=1171.18 p50=35.46ms p95=152.70ms p99=198.97ms err=0
[status] PUB sent=2240644 itps=0.00 tps=1170.72 pubs=4000 err=0 | SUB recv=2240294 itps=0.00 tps=1170.57 p50=35.46ms p95=152.70ms p99=198.97ms err=0
[status] PUB sent=2240644 itps=0.00 tps=1170.11 pubs=4000 err=0 | SUB recv=2240294 itps=0.00 tps=1169.95 p50=35.46ms p95=152.70ms p99=198.97ms err=0
[status] PUB sent=2240644 itps=0.00 tps=1169.50 pubs=4000 err=0 | SUB recv=2240294 itps=0.00 tps=1168.73 p50=35.46ms p95=152.70ms p99=198.97ms err=0
[status] PUB sent=2240644 itps=0.00 tps=1168.28 pubs=4000 err=0 | SUB recv=2240294 itps=0.00 tps=1168.12 p50=35.46ms p95=152.70ms p99=198.97ms err=0
[status] PUB sent=2240644 itps=0.00 tps=1167.67 pubs=4000 err=0 | SUB recv=2240294 itps=0.00 tps=1167.51 p50=35.46ms p95=152.70ms p99=198.97ms err=0
[status] PUB sent=2240644 itps=0.00 tps=1167.06 pubs=4000 err=0 | SUB recv=2240294 itps=0.00 tps=1166.91 p50=35.46ms p95=152.70ms p99=198.97ms err=0
[status] PUB sent=2240644 itps=0.00 tps=1166.45 pubs=4000 err=0 | SUB recv=2240294 itps=0.00 tps=1166.30 p50=35.46ms p95=152.70ms p99=198.97ms err=0
[status] PUB sent=2240644 itps=0.00 tps=1165.85 pubs=4000 err=0 | SUB recv=2240294 itps=0.00 tps=1165.69 p50=35.46ms p95=152.70ms p99=198.97ms err=0
[status] PUB sent=2240644 itps=0.00 tps=1165.24 pubs=4000 err=0 | SUB recv=2240294 itps=0.00 tps=1165.09 p50=35.46ms p95=152.70ms p99=198.97ms err=0
[status] PUB sent=2240644 itps=0.00 tps=1164.63 pubs=4000 err=0 | SUB recv=2240294 itps=0.00 tps=1164.48 p50=35.46ms p95=152.70ms p99=198.97ms err=0
[status] PUB sent=2240644 itps=0.00 tps=1164.03 pubs=4000 err=0 | SUB recv=2240294 itps=0.00 tps=1163.88 p50=35.46ms p95=152.70ms p99=198.97ms err=0
[status] PUB sent=2240644 itps=0.00 tps=1163.42 pubs=4000 err=0 | SUB recv=2240294 itps=0.00 tps=1163.27 p50=35.46ms p95=152.70ms p99=198.97ms err=0
[status] PUB sent=2240644 itps=0.00 tps=1162.82 pubs=4000 err=0 | SUB recv=2240294 itps=0.00 tps=1162.67 p50=35.46ms p95=152.70ms p99=198.97ms err=0
[status] PUB sent=2240644 itps=0.00 tps=1162.22 pubs=4000 err=0 | SUB recv=2240294 itps=0.00 tps=1162.06 p50=35.46ms p95=152.70ms p99=198.97ms err=0
[status] PUB sent=2240644 itps=0.00 tps=1161.61 pubs=4000 err=0 | SUB recv=2240294 itps=0.00 tps=1161.46 p50=35.46ms p95=152.70ms p99=198.97ms err=0
[status] PUB sent=2240644 itps=0.00 tps=1161.01 pubs=4000 err=0 | SUB recv=2240294 itps=0.00 tps=1160.86 p50=35.46ms p95=152.70ms p99=198.97ms err=0
[status] PUB sent=2240644 itps=0.00 tps=1160.41 pubs=4000 err=0 | SUB recv=2240294 itps=0.00 tps=1160.26 p50=35.46ms p95=152.70ms p99=198.97ms err=0
[status] PUB sent=2240644 itps=0.00 tps=1159.81 pubs=4000 err=0 | SUB recv=2240294 itps=0.00 tps=1159.66 p50=35.46ms p95=152.70ms p99=198.97ms err=0
[status] PUB sent=2240644 itps=0.00 tps=1159.21 pubs=4000 err=0 | SUB recv=2240294 itps=0.00 tps=1159.06 p50=35.46ms p95=152.70ms p99=198.97ms err=0
[status] PUB sent=2240644 itps=0.00 tps=1158.61 pubs=4000 err=0 | SUB recv=2240294 itps=0.00 tps=1158.46 p50=35.46ms p95=152.70ms p99=198.97ms err=0
[status] PUB sent=2240644 itps=0.00 tps=1158.01 pubs=4000 err=0 | SUB recv=2240294 itps=0.00 tps=1157.86 p50=35.46ms p95=152.70ms p99=198.97ms err=0
[status] PUB sent=2240644 itps=0.00 tps=1157.41 pubs=4000 err=0 | SUB recv=2240294 itps=0.00 tps=1157.26 p50=35.46ms p95=152.70ms p99=198.97ms err=0
[status] PUB sent=2240644 itps=0.00 tps=1156.82 pubs=4000 err=0 | SUB recv=2240294 itps=0.00 tps=1156.66 p50=35.46ms p95=152.70ms p99=198.97ms err=0
[status] PUB sent=2240644 itps=0.00 tps=1156.22 pubs=4000 err=0 | SUB recv=2240294 itps=0.00 tps=1156.07 p50=35.46ms p95=152.70ms p99=198.97ms err=0
[status] PUB sent=2240644 itps=0.00 tps=1155.62 pubs=4000 err=0 | SUB recv=2240294 itps=0.00 tps=1155.47 p50=35.46ms p95=152.70ms p99=198.97ms err=0
[status] PUB sent=2240644 itps=0.00 tps=1155.03 pubs=4000 err=0 | SUB recv=2240294 itps=0.00 tps=1154.88 p50=35.46ms p95=152.70ms p99=198.97ms err=0
[status] PUB sent=2240644 itps=0.00 tps=1154.43 pubs=4000 err=0 | SUB recv=2240294 itps=0.00 tps=1154.28 p50=35.46ms p95=152.70ms p99=198.97ms err=0
[status] PUB sent=2240644 itps=0.00 tps=1153.84 pubs=4000 err=0 | SUB recv=2240294 itps=0.00 tps=1153.69 p50=35.46ms p95=152.70ms p99=198.97ms err=0
[status] PUB sent=2240644 itps=0.00 tps=1153.24 pubs=4000 err=0 | SUB recv=2240294 itps=0.00 tps=1153.09 p50=35.46ms p95=152.70ms p99=198.97ms err=0
[status] PUB sent=2240644 itps=0.00 tps=1152.65 pubs=4000 err=0 | SUB recv=2240294 itps=0.00 tps=1152.50 p50=35.46ms p95=152.70ms p99=198.97ms err=0
[status] PUB sent=2240644 itps=0.00 tps=1152.06 pubs=4000 err=0 | SUB recv=2240294 itps=0.00 tps=1151.91 p50=35.46ms p95=152.70ms p99=198.97ms err=0
[status] PUB sent=2240644 itps=0.00 tps=1151.47 pubs=4000 err=0 | SUB recv=2240294 itps=0.00 tps=1151.32 p50=35.46ms p95=152.70ms p99=198.97ms err=0
[status] PUB sent=2240644 itps=0.00 tps=1150.88 pubs=4000 err=0 | SUB recv=2240294 itps=0.00 tps=1150.72 p50=35.46ms p95=152.70ms p99=198.97ms err=0
[status] PUB sent=2240644 itps=0.00 tps=1150.28 pubs=4000 err=0 | SUB recv=2240294 itps=0.00 tps=1150.13 p50=35.46ms p95=152.70ms p99=198.97ms err=0
[status] PUB sent=2240644 itps=0.00 tps=1149.69 pubs=4000 err=0 | SUB recv=2240294 itps=0.00 tps=1149.54 p50=35.46ms p95=152.70ms p99=198.97ms err=0
[status] PUB sent=2240644 itps=0.00 tps=1149.10 pubs=4000 err=0 | SUB recv=2240294 itps=0.00 tps=1148.95 p50=35.46ms p95=152.70ms p99=198.97ms err=0
[status] PUB sent=2240644 itps=0.00 tps=1148.52 pubs=4000 err=0 | SUB recv=2240294 itps=0.00 tps=1148.36 p50=35.46ms p95=152.70ms p99=198.97ms err=0
[status] PUB sent=2240644 itps=0.00 tps=1147.93 pubs=4000 err=0 | SUB recv=2240294 itps=0.00 tps=1147.78 p50=35.46ms p95=152.70ms p99=198.97ms err=0
[status] PUB sent=2240644 itps=0.00 tps=1147.34 pubs=4000 err=0 | SUB recv=2240294 itps=0.00 tps=1147.19 p50=35.46ms p95=152.70ms p99=198.97ms err=0
[status] PUB sent=2240644 itps=0.00 tps=1146.75 pubs=4000 err=0 | SUB recv=2240294 itps=0.00 tps=1146.60 p50=35.46ms p95=152.70ms p99=198.97ms err=0
[status] PUB sent=2240644 itps=0.00 tps=1146.17 pubs=4000 err=0 | SUB recv=2240294 itps=0.00 tps=1146.01 p50=35.46ms p95=152.70ms p99=198.97ms err=0
[status] PUB sent=2240644 itps=0.00 tps=1145.58 pubs=4000 err=0 | SUB recv=2240294 itps=0.00 tps=1145.43 p50=35.46ms p95=152.70ms p99=198.97ms err=0
[status] PUB sent=2240644 itps=0.00 tps=1144.99 pubs=4000 err=0 | SUB recv=2240294 itps=0.00 tps=1144.84 p50=35.46ms p95=152.70ms p99=198.97ms err=0
[status] PUB sent=2240644 itps=0.00 tps=1144.41 pubs=4000 err=0 | SUB recv=2240294 itps=0.00 tps=1144.26 p50=35.46ms p95=152.70ms p99=198.97ms err=0
[status] PUB sent=2240644 itps=0.00 tps=1143.83 pubs=4000 err=0 | SUB recv=2240294 itps=0.00 tps=1143.67 p50=35.46ms p95=152.70ms p99=198.97ms err=0
[status] PUB sent=2240644 itps=0.00 tps=1143.24 pubs=4000 err=0 | SUB recv=2240294 itps=0.00 tps=1143.09 p50=35.46ms p95=152.70ms p99=198.97ms err=0
[status] PUB sent=2240644 itps=0.00 tps=1142.66 pubs=4000 err=0 | SUB recv=2240294 itps=0.00 tps=1142.51 p50=35.46ms p95=152.70ms p99=198.97ms err=0
[status] PUB sent=2240644 itps=0.00 tps=1142.08 pubs=4000 err=0 | SUB recv=2240294 itps=0.00 tps=1141.93 p50=35.46ms p95=152.70ms p99=198.97ms err=0
[status] PUB sent=2240644 itps=0.00 tps=1141.49 pubs=4000 err=0 | SUB recv=2240294 itps=0.00 tps=1141.34 p50=35.46ms p95=152.70ms p99=198.97ms err=0
[status] PUB sent=2240644 itps=0.00 tps=1140.91 pubs=4000 err=0 | SUB recv=2240294 itps=0.00 tps=1140.76 p50=35.46ms p95=152.70ms p99=198.97ms err=0
[status] PUB sent=2240644 itps=0.00 tps=1140.33 pubs=4000 err=0 | SUB recv=2240294 itps=0.00 tps=1140.18 p50=35.46ms p95=152.70ms p99=198.97ms err=0
[status] PUB sent=2240644 itps=0.00 tps=1139.75 pubs=4000 err=0 | SUB recv=2240294 itps=0.00 tps=1139.60 p50=35.46ms p95=152.70ms p99=198.97ms err=0
[status] PUB sent=2240644 itps=0.00 tps=1139.17 pubs=4000 err=0 | SUB recv=2240294 itps=0.00 tps=1139.02 p50=35.46ms p95=152.70ms p99=198.97ms err=0
[status] PUB sent=2240644 itps=0.00 tps=1138.59 pubs=4000 err=0 | SUB recv=2240294 itps=0.00 tps=1138.44 p50=35.46ms p95=152.70ms p99=198.97ms err=0
[status] PUB sent=2240644 itps=0.00 tps=1138.02 pubs=4000 err=0 | SUB recv=2240294 itps=0.00 tps=1137.87 p50=35.46ms p95=152.70ms p99=198.97ms err=0
[status] PUB sent=2240644 itps=0.00 tps=1137.44 pubs=4000 err=0 | SUB recv=2240294 itps=0.00 tps=1137.29 p50=35.46ms p95=152.70ms p99=198.97ms err=0
[status] PUB sent=2240644 itps=0.00 tps=1136.86 pubs=4000 err=0 | SUB recv=2240294 itps=0.00 tps=1136.71 p50=35.46ms p95=152.70ms p99=198.97ms err=0
[status] PUB sent=2240644 itps=0.00 tps=1136.28 pubs=4000 err=0 | SUB recv=2240294 itps=0.00 tps=1136.13 p50=35.46ms p95=152.70ms p99=198.97ms err=0
[status] PUB sent=2240644 itps=0.00 tps=1135.71 pubs=4000 err=0 | SUB recv=2240294 itps=0.00 tps=1135.56 p50=35.46ms p95=152.70ms p99=198.97ms err=0
[status] PUB sent=2240644 itps=0.00 tps=1135.13 pubs=4000 err=0 | SUB recv=2240294 itps=0.00 tps=1134.98 p50=35.46ms p95=152.70ms p99=198.97ms err=0
[status] PUB sent=2240644 itps=0.00 tps=1134.56 pubs=4000 err=0 | SUB recv=2240294 itps=0.00 tps=1134.41 p50=35.46ms p95=152.70ms p99=198.97ms err=0
[status] PUB sent=2240644 itps=0.00 tps=1133.98 pubs=4000 err=0 | SUB recv=2240294 itps=0.00 tps=1133.83 p50=35.46ms p95=152.70ms p99=198.97ms err=0
[status] PUB sent=2240644 itps=0.00 tps=1133.41 pubs=4000 err=0 | SUB recv=2240294 itps=0.00 tps=1133.26 p50=35.46ms p95=152.70ms p99=198.97ms err=0
[status] PUB sent=2240644 itps=0.00 tps=1132.84 pubs=4000 err=0 | SUB recv=2240294 itps=0.00 tps=1132.69 p50=35.46ms p95=152.70ms p99=198.97ms err=0
[status] PUB sent=2240644 itps=0.00 tps=1132.27 pubs=4000 err=0 | SUB recv=2240294 itps=0.00 tps=1132.12 p50=35.46ms p95=152.70ms p99=198.97ms err=0
[status] PUB sent=2240644 itps=0.00 tps=1131.69 pubs=4000 err=0 | SUB recv=2240294 itps=0.00 tps=1131.54 p50=35.46ms p95=152.70ms p99=198.97ms err=0
[status] PUB sent=2240644 itps=0.00 tps=1131.12 pubs=4000 err=0 | SUB recv=2240294 itps=0.00 tps=1130.97 p50=35.46ms p95=152.70ms p99=198.97ms err=0
[status] PUB sent=2240644 itps=0.00 tps=1130.55 pubs=4000 err=0 | SUB recv=2240294 itps=0.00 tps=1130.40 p50=35.46ms p95=152.70ms p99=198.97ms err=0
[status] PUB sent=2240644 itps=0.00 tps=1129.41 pubs=4000 err=0 | SUB recv=2240294 itps=0.00 tps=1129.26 p50=35.46ms p95=152.70ms p99=198.97ms err=0
[status] PUB sent=2240644 itps=0.00 tps=1128.84 pubs=4000 err=0 | SUB recv=2240294 itps=0.00 tps=1128.69 p50=35.46ms p95=152.70ms p99=198.97ms err=0
[status] PUB sent=2240644 itps=0.00 tps=1128.27 pubs=4000 err=0 | SUB recv=2240294 itps=0.00 tps=1128.12 p50=35.46ms p95=152.70ms p99=198.97ms err=0
[status] PUB sent=2240644 itps=0.00 tps=1127.71 pubs=4000 err=0 | SUB recv=2240294 itps=0.00 tps=1127.56 p50=35.46ms p95=152.70ms p99=198.97ms err=0
[status] PUB sent=2240644 itps=0.00 tps=1127.14 pubs=4000 err=0 | SUB recv=2240294 itps=0.00 tps=1126.99 p50=35.46ms p95=152.70ms p99=198.97ms err=0
[status] PUB sent=2240644 itps=0.00 tps=1126.57 pubs=4000 err=0 | SUB recv=2240294 itps=0.00 tps=1126.42 p50=35.46ms p95=152.70ms p99=198.97ms err=0
[status] PUB sent=2240644 itps=0.00 tps=1126.01 pubs=4000 err=0 | SUB recv=2240294 itps=0.00 tps=1125.86 p50=35.46ms p95=152.70ms p99=198.97ms err=0
[status] PUB sent=2240644 itps=0.00 tps=1125.44 pubs=4000 err=0 | SUB recv=2240294 itps=0.00 tps=1125.29 p50=35.46ms p95=152.70ms p99=198.97ms err=0
[status] PUB sent=2240644 itps=0.00 tps=1124.88 pubs=4000 err=0 | SUB recv=2240294 itps=0.00 tps=1124.73 p50=35.46ms p95=152.70ms p99=198.97ms err=0
[status] PUB sent=2240644 itps=0.00 tps=1124.31 pubs=4000 err=0 | SUB recv=2240294 itps=0.00 tps=1124.16 p50=35.46ms p95=152.70ms p99=198.97ms err=0
[status] PUB sent=2240644 itps=0.00 tps=1123.75 pubs=4000 err=0 | SUB recv=2240294 itps=0.00 tps=1123.60 p50=35.46ms p95=152.70ms p99=198.97ms err=0
[status] PUB sent=2240644 itps=0.00 tps=1123.18 pubs=4000 err=0 | SUB recv=2240294 itps=0.00 tps=1123.04 p50=35.46ms p95=152.70ms p99=198.97ms err=0
[status] PUB sent=2240644 itps=0.00 tps=1122.62 pubs=4000 err=0 | SUB recv=2240294 itps=0.00 tps=1122.47 p50=35.46ms p95=152.70ms p99=198.97ms err=0
[status] PUB sent=2240644 itps=0.00 tps=1122.06 pubs=4000 err=0 | SUB recv=2240294 itps=0.00 tps=1121.91 p50=35.46ms p95=152.70ms p99=198.97ms err=0
[status] PUB sent=2240644 itps=0.00 tps=1121.50 pubs=4000 err=0 | SUB recv=2240294 itps=0.00 tps=1121.35 p50=35.46ms p95=152.70ms p99=198.97ms err=0
[status] PUB sent=2240644 itps=0.00 tps=1120.94 pubs=4000 err=0 | SUB recv=2240294 itps=0.00 tps=1120.79 p50=35.46ms p95=152.70ms p99=198.97ms err=0
[status] PUB sent=2240644 itps=0.00 tps=1120.38 pubs=4000 err=0 | SUB recv=2240294 itps=0.00 tps=1120.23 p50=35.46ms p95=152.70ms p99=198.97ms err=0
[status] PUB sent=2240644 itps=0.00 tps=1119.82 pubs=4000 err=0 | SUB recv=2240294 itps=0.00 tps=1119.67 p50=35.46ms p95=152.70ms p99=198.97ms err=0
[status] PUB sent=2240644 itps=0.00 tps=1119.26 pubs=4000 err=0 | SUB recv=2240294 itps=0.00 tps=1119.11 p50=35.46ms p95=152.70ms p99=198.97ms err=0
[status] PUB sent=2240644 itps=0.00 tps=1118.70 pubs=4000 err=0 | SUB recv=2240294 itps=0.00 tps=1118.55 p50=35.46ms p95=152.70ms p99=198.97ms err=0
[status] PUB sent=2240644 itps=0.00 tps=1118.14 pubs=4000 err=0 | SUB recv=2240294 itps=0.00 tps=1117.99 p50=35.46ms p95=152.70ms p99=198.97ms err=0
[status] PUB sent=2240644 itps=0.00 tps=1117.58 pubs=4000 err=0 | SUB recv=2240294 itps=0.00 tps=1117.43 p50=35.46ms p95=152.70ms p99=198.97ms err=0
[status] PUB sent=2240644 itps=0.00 tps=1117.02 pubs=4000 err=0 | SUB recv=2240294 itps=0.00 tps=1116.88 p50=35.46ms p95=152.70ms p99=198.97ms err=0
[status] PUB sent=2240644 itps=0.00 tps=1116.47 pubs=4000 err=0 | SUB recv=2240294 itps=0.00 tps=1116.32 p50=35.46ms p95=152.70ms p99=198.97ms err=0
[status] PUB sent=2240644 itps=0.00 tps=1115.91 pubs=4000 err=0 | SUB recv=2240294 itps=0.00 tps=1115.76 p50=35.46ms p95=152.70ms p99=198.97ms err=0
[status] PUB sent=2240644 itps=0.00 tps=1115.36 pubs=4000 err=0 | SUB recv=2240294 itps=0.00 tps=1115.21 p50=35.46ms p95=152.70ms p99=198.97ms err=0
[status] PUB sent=2240644 itps=0.00 tps=1114.80 pubs=4000 err=0 | SUB recv=2240294 itps=0.00 tps=1114.65 p50=35.46ms p95=152.70ms p99=198.97ms err=0
[status] PUB sent=2240644 itps=0.00 tps=1114.25 pubs=4000 err=0 | SUB recv=2240294 itps=0.00 tps=1114.10 p50=35.46ms p95=152.70ms p99=198.97ms err=0
[status] PUB sent=2240644 itps=0.00 tps=1113.69 pubs=4000 err=0 | SUB recv=2240294 itps=0.00 tps=1113.55 p50=35.46ms p95=152.70ms p99=198.97ms err=0
[status] PUB sent=2240644 itps=0.00 tps=1113.14 pubs=4000 err=0 | SUB recv=2240294 itps=0.00 tps=1112.99 p50=35.46ms p95=152.70ms p99=198.97ms err=0
[status] PUB sent=2240644 itps=0.00 tps=1112.59 pubs=4000 err=0 | SUB recv=2240294 itps=0.00 tps=1112.44 p50=35.46ms p95=152.70ms p99=198.97ms err=0
[status] PUB sent=2240644 itps=0.00 tps=1112.04 pubs=4000 err=0 | SUB recv=2240294 itps=0.00 tps=1111.89 p50=35.46ms p95=152.70ms p99=198.97ms err=0
[status] PUB sent=2240644 itps=0.00 tps=1111.48 pubs=4000 err=0 | SUB recv=2240294 itps=0.00 tps=1111.34 p50=35.46ms p95=152.70ms p99=198.97ms err=0
[status] PUB sent=2240644 itps=0.00 tps=1110.93 pubs=4000 err=0 | SUB recv=2240294 itps=0.00 tps=1110.79 p50=35.46ms p95=152.70ms p99=198.97ms err=0
[status] PUB sent=2240644 itps=0.00 tps=1110.38 pubs=4000 err=0 | SUB recv=2240294 itps=0.00 tps=1110.23 p50=35.46ms p95=152.70ms p99=198.97ms err=0
[status] PUB sent=2240644 itps=0.00 tps=1109.83 pubs=4000 err=0 | SUB recv=2240294 itps=0.00 tps=1109.68 p50=35.46ms p95=152.70ms p99=198.97ms err=0
[status] PUB sent=2240644 itps=0.00 tps=1109.28 pubs=4000 err=0 | SUB recv=2240294 itps=0.00 tps=1109.14 p50=35.46ms p95=152.70ms p99=198.97ms err=0
[status] PUB sent=2240644 itps=0.00 tps=1108.73 pubs=4000 err=0 | SUB recv=2240294 itps=0.00 tps=1108.59 p50=35.46ms p95=152.70ms p99=198.97ms err=0
[status] PUB sent=2240644 itps=0.00 tps=1108.19 pubs=4000 err=0 | SUB recv=2240294 itps=0.00 tps=1108.04 p50=35.46ms p95=152.70ms p99=198.97ms err=0
[status] PUB sent=2240644 itps=0.00 tps=1107.64 pubs=4000 err=0 | SUB recv=2240294 itps=0.00 tps=1107.49 p50=35.46ms p95=152.70ms p99=198.97ms err=0
[status] PUB sent=2240644 itps=0.00 tps=1107.09 pubs=4000 err=0 | SUB recv=2240294 itps=0.00 tps=1106.94 p50=35.46ms p95=152.70ms p99=198.97ms err=0
[status] PUB sent=2240644 itps=0.00 tps=1106.54 pubs=4000 err=0 | SUB recv=2240294 itps=0.00 tps=1106.40 p50=35.46ms p95=152.70ms p99=198.97ms err=0
[status] PUB sent=2240644 itps=0.00 tps=1106.00 pubs=4000 err=0 | SUB recv=2240294 itps=0.00 tps=1105.85 p50=35.46ms p95=152.70ms p99=198.97ms err=0
[status] PUB sent=2240644 itps=0.00 tps=1105.45 pubs=4000 err=0 | SUB recv=2240294 itps=0.00 tps=1105.30 p50=35.46ms p95=152.70ms p99=198.97ms err=0
[status] PUB sent=2240644 itps=0.00 tps=1104.91 pubs=4000 err=0 | SUB recv=2240294 itps=0.00 tps=1104.76 p50=35.46ms p95=152.70ms p99=198.97ms err=0
[status] PUB sent=2240644 itps=0.00 tps=1104.36 pubs=4000 err=0 | SUB recv=2240294 itps=0.00 tps=1104.21 p50=35.46ms p95=152.70ms p99=198.97ms err=0
[status] PUB sent=2240644 itps=0.00 tps=1103.82 pubs=4000 err=0 | SUB recv=2240294 itps=0.00 tps=1103.67 p50=35.46ms p95=152.70ms p99=198.97ms err=0
[status] PUB sent=2240644 itps=0.00 tps=1103.27 pubs=4000 err=0 | SUB recv=2240294 itps=0.00 tps=1103.13 p50=35.46ms p95=152.70ms p99=198.97ms err=0
[status] PUB sent=2240644 itps=0.00 tps=1102.73 pubs=4000 err=0 | SUB recv=2240294 itps=0.00 tps=1102.58 p50=35.46ms p95=152.70ms p99=198.97ms err=0
[status] PUB sent=2240644 itps=0.00 tps=1102.19 pubs=4000 err=0 | SUB recv=2240294 itps=0.00 tps=1102.04 p50=35.46ms p95=152.70ms p99=198.97ms err=0
[status] PUB sent=2240644 itps=0.00 tps=1101.65 pubs=4000 err=0 | SUB recv=2240294 itps=0.00 tps=1101.50 p50=35.46ms p95=152.70ms p99=198.97ms err=0
[status] PUB sent=2240644 itps=0.00 tps=1101.11 pubs=4000 err=0 | SUB recv=2240294 itps=0.00 tps=1100.96 p50=35.46ms p95=152.70ms p99=198.97ms err=0
[status] PUB sent=2240644 itps=0.00 tps=1100.56 pubs=4000 err=0 | SUB recv=2240294 itps=0.00 tps=1100.42 p50=35.46ms p95=152.70ms p99=198.97ms err=0
[status] PUB sent=2240644 itps=0.00 tps=1100.02 pubs=4000 err=0 | SUB recv=2240294 itps=0.00 tps=1099.88 p50=35.46ms p95=152.70ms p99=198.97ms err=0
[status] PUB sent=2240644 itps=0.00 tps=1099.48 pubs=4000 err=0 | SUB recv=2240294 itps=0.00 tps=1099.34 p50=35.46ms p95=152.70ms p99=198.97ms err=0
[status] PUB sent=2240644 itps=0.00 tps=1098.95 pubs=4000 err=0 | SUB recv=2240294 itps=0.00 tps=1098.80 p50=35.46ms p95=152.70ms p99=198.97ms err=0
[status] PUB sent=2240644 itps=0.00 tps=1098.41 pubs=4000 err=0 | SUB recv=2240294 itps=0.00 tps=1098.26 p50=35.46ms p95=152.70ms p99=198.97ms err=0
[status] PUB sent=2240644 itps=0.00 tps=1097.87 pubs=4000 err=0 | SUB recv=2240294 itps=0.00 tps=1097.72 p50=35.46ms p95=152.70ms p99=198.97ms err=0
[status] PUB sent=2240644 itps=0.00 tps=1097.33 pubs=4000 err=0 | SUB recv=2240294 itps=0.00 tps=1097.18 p50=35.46ms p95=152.70ms p99=198.97ms err=0
[status] PUB sent=2240644 itps=0.00 tps=1096.79 pubs=4000 err=0 | SUB recv=2240294 itps=0.00 tps=1096.65 p50=35.46ms p95=152.70ms p99=198.97ms err=0
[status] PUB sent=2240644 itps=0.00 tps=1096.26 pubs=4000 err=0 | SUB recv=2240294 itps=0.00 tps=1096.11 p50=35.46ms p95=152.70ms p99=198.97ms err=0
[status] PUB sent=2240644 itps=0.00 tps=1095.72 pubs=4000 err=0 | SUB recv=2240294 itps=0.00 tps=1095.57 p50=35.46ms p95=152.70ms p99=198.97ms err=0
[status] PUB sent=2240644 itps=0.00 tps=1095.19 pubs=4000 err=0 | SUB recv=2240294 itps=0.00 tps=1095.04 p50=35.46ms p95=152.70ms p99=198.97ms err=0
[status] PUB sent=2240644 itps=0.00 tps=1094.65 pubs=4000 err=0 | SUB recv=2240294 itps=0.00 tps=1094.50 p50=35.46ms p95=152.70ms p99=198.97ms err=0
[status] PUB sent=2240644 itps=0.00 tps=1094.12 pubs=4000 err=0 | SUB recv=2240294 itps=0.00 tps=1093.97 p50=35.46ms p95=152.70ms p99=198.97ms err=0
[status] PUB sent=2240644 itps=0.00 tps=1093.58 pubs=4000 err=0 | SUB recv=2240294 itps=0.00 tps=1093.44 p50=35.46ms p95=152.70ms p99=198.97ms err=0
[status] PUB sent=2240644 itps=0.00 tps=1093.05 pubs=4000 err=0 | SUB recv=2240294 itps=0.00 tps=1092.90 p50=35.46ms p95=152.70ms p99=198.97ms err=0
[status] PUB sent=2240644 itps=0.00 tps=1091.98 pubs=4000 err=0 | SUB recv=2240294 itps=0.00 tps=1091.84 p50=35.46ms p95=152.70ms p99=198.97ms err=0
[status] PUB sent=2240644 itps=0.00 tps=1091.45 pubs=4000 err=0 | SUB recv=2240294 itps=0.00 tps=1091.31 p50=35.46ms p95=152.70ms p99=198.97ms err=0
[status] PUB sent=2240644 itps=0.00 tps=1090.92 pubs=4000 err=0 | SUB recv=2240294 itps=0.00 tps=1090.77 p50=35.46ms p95=152.70ms p99=198.97ms err=0
[status] PUB sent=2240644 itps=0.00 tps=1090.39 pubs=4000 err=0 | SUB recv=2240294 itps=0.00 tps=1090.24 p50=35.46ms p95=152.70ms p99=198.97ms err=0
[status] PUB sent=2240644 itps=0.00 tps=1089.86 pubs=4000 err=0 | SUB recv=2240294 itps=0.00 tps=1089.71 p50=35.46ms p95=152.70ms p99=198.97ms err=0
[status] PUB sent=2240644 itps=0.00 tps=1089.33 pubs=4000 err=0 | SUB recv=2240294 itps=0.00 tps=1089.18 p50=35.46ms p95=152.70ms p99=198.97ms err=0
[status] PUB sent=2240644 itps=0.00 tps=1088.80 pubs=4000 err=0 | SUB recv=2240294 itps=0.00 tps=1088.65 p50=35.46ms p95=152.70ms p99=198.97ms err=0
[status] PUB sent=2240644 itps=0.00 tps=1088.27 pubs=4000 err=0 | SUB recv=2240294 itps=0.00 tps=1088.13 p50=35.46ms p95=152.70ms p99=198.97ms err=0
[status] PUB sent=2240644 itps=0.00 tps=1087.74 pubs=4000 err=0 | SUB recv=2240294 itps=0.00 tps=1087.60 p50=35.46ms p95=152.70ms p99=198.97ms err=0
[status] PUB sent=2240644 itps=0.00 tps=1087.21 pubs=4000 err=0 | SUB recv=2240294 itps=0.00 tps=1087.07 p50=35.46ms p95=152.70ms p99=198.97ms err=0
[status] PUB sent=2240644 itps=0.00 tps=1086.69 pubs=4000 err=0 | SUB recv=2240294 itps=0.00 tps=1086.54 p50=35.46ms p95=152.70ms p99=198.97ms err=0
[status] PUB sent=2240644 itps=0.00 tps=1086.16 pubs=4000 err=0 | SUB recv=2240294 itps=0.00 tps=1086.02 p50=35.46ms p95=152.70ms p99=198.97ms err=0
[status] PUB sent=2240644 itps=0.00 tps=1085.63 pubs=4000 err=0 | SUB recv=2240294 itps=0.00 tps=1085.49 p50=35.46ms p95=152.70ms p99=198.97ms err=0
[status] PUB sent=2240644 itps=0.00 tps=1085.11 pubs=4000 err=0 | SUB recv=2240294 itps=0.00 tps=1084.96 p50=35.46ms p95=152.70ms p99=198.97ms err=0
[status] PUB sent=2240644 itps=0.00 tps=1084.58 pubs=4000 err=0 | SUB recv=2240294 itps=0.00 tps=1084.44 p50=35.46ms p95=152.70ms p99=198.97ms err=0
[status] PUB sent=2240644 itps=0.00 tps=1084.06 pubs=4000 err=0 | SUB recv=2240294 itps=0.00 tps=1083.91 p50=35.46ms p95=152.70ms p99=198.97ms err=0
[status] PUB sent=2240644 itps=0.00 tps=1083.53 pubs=4000 err=0 | SUB recv=2240294 itps=0.00 tps=1083.39 p50=35.46ms p95=152.70ms p99=198.97ms err=0
[status] PUB sent=2240644 itps=0.00 tps=1083.01 pubs=4000 err=0 | SUB recv=2240294 itps=0.00 tps=1082.87 p50=35.46ms p95=152.70ms p99=198.97ms err=0
[status] PUB sent=2240644 itps=0.00 tps=1082.49 pubs=4000 err=0 | SUB recv=2240294 itps=0.00 tps=1082.34 p50=35.46ms p95=152.70ms p99=198.97ms err=0
[status] PUB sent=2240644 itps=0.00 tps=1081.96 pubs=4000 err=0 | SUB recv=2240294 itps=0.00 tps=1081.82 p50=35.46ms p95=152.70ms p99=198.97ms err=0
[status] PUB sent=2240644 itps=0.00 tps=1081.44 pubs=4000 err=0 | SUB recv=2240294 itps=0.00 tps=1081.30 p50=35.46ms p95=152.70ms p99=198.97ms err=0
[status] PUB sent=2240644 itps=0.00 tps=1080.92 pubs=4000 err=0 | SUB recv=2240294 itps=0.00 tps=1080.78 p50=35.46ms p95=152.70ms p99=198.97ms err=0
[status] PUB sent=2240644 itps=0.00 tps=1080.40 pubs=4000 err=0 | SUB recv=2240294 itps=0.00 tps=1080.26 p50=35.46ms p95=152.70ms p99=198.97ms err=0
[status] PUB sent=2240644 itps=0.00 tps=1079.88 pubs=4000 err=0 | SUB recv=2240294 itps=0.00 tps=1079.73 p50=35.46ms p95=152.70ms p99=198.97ms err=0
[status] PUB sent=2240644 itps=0.00 tps=1079.36 pubs=4000 err=0 | SUB recv=2240294 itps=0.00 tps=1079.21 p50=35.46ms p95=152.70ms p99=198.97ms err=0
[status] PUB sent=2240644 itps=0.00 tps=1078.84 pubs=4000 err=0 | SUB recv=2240294 itps=0.00 tps=1078.69 p50=35.46ms p95=152.70ms p99=198.97ms err=0
[status] PUB sent=2240644 itps=0.00 tps=1078.32 pubs=4000 err=0 | SUB recv=2240294 itps=0.00 tps=1078.18 p50=35.46ms p95=152.70ms p99=198.97ms err=0
[status] PUB sent=2240644 itps=0.00 tps=1077.80 pubs=4000 err=0 | SUB recv=2240294 itps=0.00 tps=1077.66 p50=35.46ms p95=152.70ms p99=198.97ms err=0
[status] PUB sent=2240644 itps=0.00 tps=1077.28 pubs=4000 err=0 | SUB recv=2240294 itps=0.00 tps=1077.14 p50=35.46ms p95=152.70ms p99=198.97ms err=0
[status] PUB sent=2240644 itps=0.00 tps=1076.76 pubs=4000 err=0 | SUB recv=2240294 itps=0.00 tps=1076.62 p50=35.46ms p95=152.70ms p99=198.97ms err=0
[status] PUB sent=2240644 itps=0.00 tps=1076.25 pubs=4000 err=0 | SUB recv=2240294 itps=0.00 tps=1076.10 p50=35.46ms p95=152.70ms p99=198.97ms err=0
[status] PUB sent=2240644 itps=0.00 tps=1075.73 pubs=4000 err=0 | SUB recv=2240294 itps=0.00 tps=1075.59 p50=35.46ms p95=152.70ms p99=198.97ms err=0
[status] PUB sent=2240644 itps=0.00 tps=1075.21 pubs=4000 err=0 | SUB recv=2240294 itps=0.00 tps=1075.07 p50=35.46ms p95=152.70ms p99=198.97ms err=0
[status] PUB sent=2240644 itps=0.00 tps=1074.70 pubs=4000 err=0 | SUB recv=2240294 itps=0.00 tps=1074.56 p50=35.46ms p95=152.70ms p99=198.97ms err=0
[status] PUB sent=2240644 itps=0.00 tps=1074.18 pubs=4000 err=0 | SUB recv=2240294 itps=0.00 tps=1074.04 p50=35.46ms p95=152.70ms p99=198.97ms err=0
[status] PUB sent=2240644 itps=0.00 tps=1073.67 pubs=4000 err=0 | SUB recv=2240294 itps=0.00 tps=1073.53 p50=35.46ms p95=152.70ms p99=198.97ms err=0
[status] PUB sent=2240644 itps=0.00 tps=1073.15 pubs=4000 err=0 | SUB recv=2240294 itps=0.00 tps=1073.01 p50=35.46ms p95=152.70ms p99=198.97ms err=0
[status] PUB sent=2240644 itps=0.00 tps=1072.64 pubs=4000 err=0 | SUB recv=2240294 itps=0.00 tps=1072.50 p50=35.46ms p95=152.70ms p99=198.97ms err=0
[status] PUB sent=2240644 itps=0.00 tps=1072.13 pubs=4000 err=0 | SUB recv=2240294 itps=0.00 tps=1071.98 p50=35.46ms p95=152.70ms p99=198.97ms err=0
[status] PUB sent=2240644 itps=0.00 tps=1071.62 pubs=4000 err=0 | SUB recv=2240294 itps=0.00 tps=1071.47 p50=35.46ms p95=152.70ms p99=198.97ms err=0
[status] PUB sent=2240644 itps=0.00 tps=1071.10 pubs=4000 err=0 | SUB recv=2240294 itps=0.00 tps=1070.96 p50=35.46ms p95=152.70ms p99=198.97ms err=0
[status] PUB sent=2240644 itps=0.00 tps=1070.59 pubs=4000 err=0 | SUB recv=2240294 itps=0.00 tps=1070.45 p50=35.46ms p95=152.70ms p99=198.97ms err=0
[status] PUB sent=2240644 itps=0.00 tps=1070.08 pubs=4000 err=0 | SUB recv=2240294 itps=0.00 tps=1069.94 p50=35.46ms p95=152.70ms p99=198.97ms err=0
[status] PUB sent=2240644 itps=0.00 tps=1069.57 pubs=4000 err=0 | SUB recv=2240294 itps=0.00 tps=1069.43 p50=35.46ms p95=152.70ms p99=198.97ms err=0
[status] PUB sent=2240644 itps=0.00 tps=1069.06 pubs=4000 err=0 | SUB recv=2240294 itps=0.00 tps=1068.92 p50=35.46ms p95=152.70ms p99=198.97ms err=0
[status] PUB sent=2240644 itps=0.00 tps=1068.55 pubs=4000 err=0 | SUB recv=2240294 itps=0.00 tps=1068.41 p50=35.46ms p95=152.70ms p99=198.97ms err=0
[status] PUB sent=2240644 itps=0.00 tps=1068.04 pubs=4000 err=0 | SUB recv=2240294 itps=0.00 tps=1067.90 p50=35.46ms p95=152.70ms p99=198.97ms err=0
[status] PUB sent=2240644 itps=0.00 tps=1067.53 pubs=4000 err=0 | SUB recv=2240294 itps=0.00 tps=1067.39 p50=35.46ms p95=152.70ms p99=198.97ms err=0
[status] PUB sent=2240644 itps=0.00 tps=1067.02 pubs=4000 err=0 | SUB recv=2240294 itps=0.00 tps=1066.88 p50=35.46ms p95=152.70ms p99=198.97ms err=0
[status] PUB sent=2240644 itps=0.00 tps=1066.51 pubs=4000 err=0 | SUB recv=2240294 itps=0.00 tps=1066.37 p50=35.46ms p95=152.70ms p99=198.97ms err=0
[status] PUB sent=2240644 itps=0.00 tps=1066.01 pubs=4000 err=0 | SUB recv=2240294 itps=0.00 tps=1065.86 p50=35.46ms p95=152.70ms p99=198.97ms err=0
[status] PUB sent=2240644 itps=0.00 tps=1065.50 pubs=4000 err=0 | SUB recv=2240294 itps=0.00 tps=1065.36 p50=35.46ms p95=152.70ms p99=198.97ms err=0
[status] PUB sent=2240644 itps=0.00 tps=1064.99 pubs=4000 err=0 | SUB recv=2240294 itps=0.00 tps=1064.85 p50=35.46ms p95=152.70ms p99=198.97ms err=0
[status] PUB sent=2240644 itps=0.00 tps=1064.49 pubs=4000 err=0 | SUB recv=2240294 itps=0.00 tps=1064.35 p50=35.46ms p95=152.70ms p99=198.97ms err=0
[status] PUB sent=2240644 itps=0.00 tps=1063.98 pubs=4000 err=0 | SUB recv=2240294 itps=0.00 tps=1063.84 p50=35.46ms p95=152.70ms p99=198.97ms err=0
[status] PUB sent=2240644 itps=0.00 tps=1063.48 pubs=4000 err=0 | SUB recv=2240294 itps=0.00 tps=1063.33 p50=35.46ms p95=152.70ms p99=198.97ms err=0
[status] PUB sent=2240644 itps=0.00 tps=1062.97 pubs=4000 err=0 | SUB recv=2240294 itps=0.00 tps=1062.83 p50=35.46ms p95=152.70ms p99=198.97ms err=0
[status] PUB sent=2240644 itps=0.00 tps=1062.47 pubs=4000 err=0 | SUB recv=2240294 itps=0.00 tps=1062.33 p50=35.46ms p95=152.70ms p99=198.97ms err=0
[status] PUB sent=2240644 itps=0.00 tps=1061.96 pubs=4000 err=0 | SUB recv=2240294 itps=0.00 tps=1061.82 p50=35.46ms p95=152.70ms p99=198.97ms err=0
[status] PUB sent=2240644 itps=0.00 tps=1061.46 pubs=4000 err=0 | SUB recv=2240294 itps=0.00 tps=1061.32 p50=35.46ms p95=152.70ms p99=198.97ms err=0
[status] PUB sent=2240644 itps=0.00 tps=1060.96 pubs=4000 err=0 | SUB recv=2240294 itps=0.00 tps=1060.82 p50=35.46ms p95=152.70ms p99=198.97ms err=0
[status] PUB sent=2240644 itps=0.00 tps=1060.46 pubs=4000 err=0 | SUB recv=2240294 itps=0.00 tps=1060.32 p50=35.46ms p95=152.70ms p99=198.97ms err=0
[status] PUB sent=2240644 itps=0.00 tps=1059.96 pubs=4000 err=0 | SUB recv=2240294 itps=0.00 tps=1059.81 p50=35.46ms p95=152.70ms p99=198.97ms err=0
[status] PUB sent=2240644 itps=0.00 tps=1059.45 pubs=4000 err=0 | SUB recv=2240294 itps=0.00 tps=1059.31 p50=35.46ms p95=152.70ms p99=198.97ms err=0
[status] PUB sent=2240644 itps=0.00 tps=1058.95 pubs=4000 err=0 | SUB recv=2240294 itps=0.00 tps=1058.81 p50=35.46ms p95=152.70ms p99=198.97ms err=0
[status] PUB sent=2240644 itps=0.00 tps=1057.95 pubs=4000 err=0 | SUB recv=2240294 itps=0.00 tps=1057.81 p50=35.46ms p95=152.70ms p99=198.97ms err=0
[status] PUB sent=2240644 itps=0.00 tps=1057.45 pubs=4000 err=0 | SUB recv=2240294 itps=0.00 tps=1057.31 p50=35.46ms p95=152.70ms p99=198.97ms err=0
[status] PUB sent=2240644 itps=0.00 tps=1056.96 pubs=4000 err=0 | SUB recv=2240294 itps=0.00 tps=1056.81 p50=35.46ms p95=152.70ms p99=198.97ms err=0
[status] PUB sent=2240644 itps=0.00 tps=1056.46 pubs=4000 err=0 | SUB recv=2240294 itps=0.00 tps=1056.32 p50=35.46ms p95=152.70ms p99=198.97ms err=0
[status] PUB sent=2240644 itps=0.00 tps=1055.96 pubs=4000 err=0 | SUB recv=2240294 itps=0.00 tps=1055.82 p50=35.46ms p95=152.70ms p99=198.97ms err=0
[status] PUB sent=2240644 itps=0.00 tps=1055.46 pubs=4000 err=0 | SUB recv=2240294 itps=0.00 tps=1055.32 p50=35.46ms p95=152.70ms p99=198.97ms err=0
[status] PUB sent=2240644 itps=0.00 tps=1054.96 pubs=4000 err=0 | SUB recv=2240294 itps=0.00 tps=1054.82 p50=35.46ms p95=152.70ms p99=198.97ms err=0
[status] PUB sent=2240644 itps=0.00 tps=1054.47 pubs=4000 err=0 | SUB recv=2240294 itps=0.00 tps=1054.33 p50=35.46ms p95=152.70ms p99=198.97ms err=0
[status] PUB sent=2240644 itps=0.00 tps=1053.97 pubs=4000 err=0 | SUB recv=2240294 itps=0.00 tps=1053.83 p50=35.46ms p95=152.70ms p99=198.97ms err=0
[status] PUB sent=2240644 itps=0.00 tps=1053.48 pubs=4000 err=0 | SUB recv=2240294 itps=0.00 tps=1053.34 p50=35.46ms p95=152.70ms p99=198.97ms err=0
[status] PUB sent=2240644 itps=0.00 tps=1052.98 pubs=4000 err=0 | SUB recv=2240294 itps=0.00 tps=1052.84 p50=35.46ms p95=152.70ms p99=198.97ms err=0
[status] PUB sent=2240644 itps=0.00 tps=1052.49 pubs=4000 err=0 | SUB recv=2240294 itps=0.00 tps=1052.35 p50=35.46ms p95=152.70ms p99=198.97ms err=0
[status] PUB sent=2240644 itps=0.00 tps=1051.99 pubs=4000 err=0 | SUB recv=2240294 itps=0.00 tps=1051.85 p50=35.46ms p95=152.70ms p99=198.97ms err=0
[status] PUB sent=2240644 itps=0.00 tps=1051.50 pubs=4000 err=0 | SUB recv=2240294 itps=0.00 tps=1051.36 p50=35.46ms p95=152.70ms p99=198.97ms err=0
[status] PUB sent=2240644 itps=0.00 tps=1051.01 pubs=4000 err=0 | SUB recv=2240294 itps=0.00 tps=1050.86 p50=35.46ms p95=152.70ms p99=198.97ms err=0
[status] PUB sent=2240644 itps=0.00 tps=1050.51 pubs=4000 err=0 | SUB recv=2240294 itps=0.00 tps=1050.37 p50=35.46ms p95=152.70ms p99=198.97ms err=0
[status] PUB sent=2240644 itps=0.00 tps=1050.02 pubs=4000 err=0 | SUB recv=2240294 itps=0.00 tps=1049.88 p50=35.46ms p95=152.70ms p99=198.97ms err=0
[status] PUB sent=2240644 itps=0.00 tps=1049.53 pubs=4000 err=0 | SUB recv=2240294 itps=0.00 tps=1049.39 p50=35.46ms p95=152.70ms p99=198.97ms err=0
[status] PUB sent=2240644 itps=0.00 tps=1049.04 pubs=4000 err=0 | SUB recv=2240294 itps=0.00 tps=1048.90 p50=35.46ms p95=152.70ms p99=198.97ms err=0
[status] PUB sent=2240644 itps=0.00 tps=1048.55 pubs=4000 err=0 | SUB recv=2240294 itps=0.00 tps=1048.41 p50=35.46ms p95=152.70ms p99=198.97ms err=0
[status] PUB sent=2240644 itps=0.00 tps=1048.06 pubs=4000 err=0 | SUB recv=2240294 itps=0.00 tps=1047.92 p50=35.46ms p95=152.70ms p99=198.97ms err=0
[status] PUB sent=2240644 itps=0.00 tps=1047.57 pubs=4000 err=0 | SUB recv=2240294 itps=0.00 tps=1047.43 p50=35.46ms p95=152.70ms p99=198.97ms err=0
[status] PUB sent=2240644 itps=0.00 tps=1047.08 pubs=4000 err=0 | SUB recv=2240294 itps=0.00 tps=1046.94 p50=35.46ms p95=152.70ms p99=198.97ms err=0
[status] PUB sent=2240644 itps=0.00 tps=1046.59 pubs=4000 err=0 | SUB recv=2240294 itps=0.00 tps=1046.45 p50=35.46ms p95=152.70ms p99=198.97ms err=0
[status] PUB sent=2240644 itps=0.00 tps=1046.10 pubs=4000 err=0 | SUB recv=2240294 itps=0.00 tps=1045.96 p50=35.46ms p95=152.70ms p99=198.97ms err=0
[status] PUB sent=2240644 itps=0.00 tps=1045.61 pubs=4000 err=0 | SUB recv=2240294 itps=0.00 tps=1045.47 p50=35.46ms p95=152.70ms p99=198.97ms err=0
[status] PUB sent=2240644 itps=0.00 tps=1045.12 pubs=4000 err=0 | SUB recv=2240294 itps=0.00 tps=1044.98 p50=35.46ms p95=152.70ms p99=198.97ms err=0
[status] PUB sent=2240644 itps=0.00 tps=1044.64 pubs=4000 err=0 | SUB recv=2240294 itps=0.00 tps=1044.50 p50=35.46ms p95=152.70ms p99=198.97ms err=0
[status] PUB sent=2240644 itps=0.00 tps=1044.15 pubs=4000 err=0 | SUB recv=2240294 itps=0.00 tps=1044.01 p50=35.46ms p95=152.70ms p99=198.97ms err=0
[status] PUB sent=2240644 itps=0.00 tps=1043.66 pubs=4000 err=0 | SUB recv=2240294 itps=0.00 tps=1043.52 p50=35.46ms p95=152.70ms p99=198.97ms err=0
[status] PUB sent=2240644 itps=0.00 tps=1043.18 pubs=4000 err=0 | SUB recv=2240294 itps=0.00 tps=1043.04 p50=35.46ms p95=152.70ms p99=198.97ms err=0
[status] PUB sent=2240644 itps=0.00 tps=1042.69 pubs=4000 err=0 | SUB recv=2240294 itps=0.00 tps=1042.55 p50=35.46ms p95=152.70ms p99=198.97ms err=0
[status] PUB sent=2240644 itps=0.00 tps=1042.21 pubs=4000 err=0 | SUB recv=2240294 itps=0.00 tps=1042.07 p50=35.46ms p95=152.70ms p99=198.97ms err=0
[status] PUB sent=2240644 itps=0.00 tps=1041.72 pubs=4000 err=0 | SUB recv=2240294 itps=0.00 tps=1041.58 p50=35.46ms p95=152.70ms p99=198.97ms err=0
[status] PUB sent=2240644 itps=0.00 tps=1041.24 pubs=4000 err=0 | SUB recv=2240294 itps=0.00 tps=1041.10 p50=35.46ms p95=152.70ms p99=198.97ms err=0
[status] PUB sent=2240644 itps=0.00 tps=1040.75 pubs=4000 err=0 | SUB recv=2240294 itps=0.00 tps=1040.61 p50=35.46ms p95=152.70ms p99=198.97ms err=0
[status] PUB sent=2240644 itps=0.00 tps=1040.27 pubs=4000 err=0 | SUB recv=2240294 itps=0.00 tps=1040.13 p50=35.46ms p95=152.70ms p99=198.97ms err=0
[status] PUB sent=2240644 itps=0.00 tps=1039.79 pubs=4000 err=0 | SUB recv=2240294 itps=0.00 tps=1039.65 p50=35.46ms p95=152.70ms p99=198.97ms err=0
[status] PUB sent=2240644 itps=0.00 tps=1039.31 pubs=4000 err=0 | SUB recv=2240294 itps=0.00 tps=1039.17 p50=35.46ms p95=152.70ms p99=198.97ms err=0
[status] PUB sent=2240644 itps=0.00 tps=1038.82 pubs=4000 err=0 | SUB recv=2240294 itps=0.00 tps=1038.68 p50=35.46ms p95=152.70ms p99=198.97ms err=0
[status] PUB sent=2240644 itps=0.00 tps=1038.34 pubs=4000 err=0 | SUB recv=2240294 itps=0.00 tps=1038.20 p50=35.46ms p95=152.70ms p99=198.97ms err=0
[status] PUB sent=2240644 itps=0.00 tps=1037.86 pubs=4000 err=0 | SUB recv=2240294 itps=0.00 tps=1037.72 p50=35.46ms p95=152.70ms p99=198.97ms err=0
[status] PUB sent=2240644 itps=0.00 tps=1037.38 pubs=4000 err=0 | SUB recv=2240294 itps=0.00 tps=1037.24 p50=35.46ms p95=152.70ms p99=198.97ms err=0
[status] PUB sent=2240644 itps=0.00 tps=1036.90 pubs=4000 err=0 | SUB recv=2240294 itps=0.00 tps=1036.76 p50=35.46ms p95=152.70ms p99=198.97ms err=0
[status] PUB sent=2240644 itps=0.00 tps=1036.42 pubs=4000 err=0 | SUB recv=2240294 itps=0.00 tps=1036.28 p50=35.46ms p95=152.70ms p99=198.97ms err=0
[status] PUB sent=2240644 itps=0.00 tps=1035.94 pubs=4000 err=0 | SUB recv=2240294 itps=0.00 tps=1035.80 p50=35.46ms p95=152.70ms p99=198.97ms err=0
[status] PUB sent=2240644 itps=0.00 tps=1035.46 pubs=4000 err=0 | SUB recv=2240294 itps=0.00 tps=1035.32 p50=35.46ms p95=152.70ms p99=198.97ms err=0
[status] PUB sent=2240644 itps=0.00 tps=1034.99 pubs=4000 err=0 | SUB recv=2240294 itps=0.00 tps=1034.85 p50=35.46ms p95=152.70ms p99=198.97ms err=0
[status] PUB sent=2240644 itps=0.00 tps=1034.51 pubs=4000 err=0 | SUB recv=2240294 itps=0.00 tps=1034.37 p50=35.46ms p95=152.70ms p99=198.97ms err=0
[status] PUB sent=2240644 itps=0.00 tps=1034.03 pubs=4000 err=0 | SUB recv=2240294 itps=0.00 tps=1033.89 p50=35.46ms p95=152.70ms p99=198.97ms err=0
[status] PUB sent=2240644 itps=0.00 tps=1033.55 pubs=4000 err=0 | SUB recv=2240294 itps=0.00 tps=1033.41 p50=35.46ms p95=152.70ms p99=198.97ms err=0
[status] PUB sent=2240644 itps=0.00 tps=1033.08 pubs=4000 err=0 | SUB recv=2240294 itps=0.00 tps=1032.94 p50=35.46ms p95=152.70ms p99=198.97ms err=0
[status] PUB sent=2240644 itps=0.00 tps=1032.60 pubs=4000 err=0 | SUB recv=2240294 itps=0.00 tps=1032.46 p50=35.46ms p95=152.70ms p99=198.97ms err=0
[status] PUB sent=2240644 itps=0.00 tps=1032.12 pubs=4000 err=0 | SUB recv=2240294 itps=0.00 tps=1031.99 p50=35.46ms p95=152.70ms p99=198.97ms err=0
[status] PUB sent=2240644 itps=0.00 tps=1031.65 pubs=4000 err=0 | SUB recv=2240294 itps=0.00 tps=1031.51 p50=35.46ms p95=152.70ms p99=198.97ms err=0
[status] PUB sent=2240644 itps=0.00 tps=1031.17 pubs=4000 err=0 | SUB recv=2240294 itps=0.00 tps=1031.04 p50=35.46ms p95=152.70ms p99=198.97ms err=0
[status] PUB sent=2240644 itps=0.00 tps=1030.70 pubs=4000 err=0 | SUB recv=2240294 itps=0.00 tps=1030.56 p50=35.46ms p95=152.70ms p99=198.97ms err=0
[status] PUB sent=2240644 itps=0.00 tps=1030.23 pubs=4000 err=0 | SUB recv=2240294 itps=0.00 tps=1030.09 p50=35.46ms p95=152.70ms p99=198.97ms err=0
[status] PUB sent=2240644 itps=0.00 tps=1029.75 pubs=4000 err=0 | SUB recv=2240294 itps=0.00 tps=1029.61 p50=35.46ms p95=152.70ms p99=198.97ms err=0
[status] PUB sent=2240644 itps=0.00 tps=1029.28 pubs=4000 err=0 | SUB recv=2240294 itps=0.00 tps=1029.14 p50=35.46ms p95=152.70ms p99=198.97ms err=0
[status] PUB sent=2240644 itps=0.00 tps=1028.81 pubs=4000 err=0 | SUB recv=2240294 itps=0.00 tps=1028.67 p50=35.46ms p95=152.70ms p99=198.97ms err=0
[status] PUB sent=2240644 itps=0.00 tps=1028.34 pubs=4000 err=0 | SUB recv=2240294 itps=0.00 tps=1028.20 p50=35.46ms p95=152.70ms p99=198.97ms err=0
[status] PUB sent=2240644 itps=0.00 tps=1027.86 pubs=4000 err=0 | SUB recv=2240294 itps=0.00 tps=1027.73 p50=35.46ms p95=152.70ms p99=198.97ms err=0
[status] PUB sent=2240644 itps=0.00 tps=1027.39 pubs=4000 err=0 | SUB recv=2240294 itps=0.00 tps=1027.25 p50=35.46ms p95=152.70ms p99=198.97ms err=0
[status] PUB sent=2240644 itps=0.00 tps=1026.92 pubs=4000 err=0 | SUB recv=2240294 itps=0.00 tps=1026.78 p50=35.46ms p95=152.70ms p99=198.97ms err=0
[status] PUB sent=2240644 itps=0.00 tps=1026.45 pubs=4000 err=0 | SUB recv=2240294 itps=0.00 tps=1026.31 p50=35.46ms p95=152.70ms p99=198.97ms err=0
[status] PUB sent=2240644 itps=0.00 tps=1025.51 pubs=4000 err=0 | SUB recv=2240294 itps=0.00 tps=1025.37 p50=35.46ms p95=152.70ms p99=198.97ms err=0
[status] PUB sent=2240644 itps=0.00 tps=1025.04 pubs=4000 err=0 | SUB recv=2240294 itps=0.00 tps=1024.90 p50=35.46ms p95=152.70ms p99=198.97ms err=0
[status] PUB sent=2240644 itps=0.00 tps=1024.57 pubs=4000 err=0 | SUB recv=2240294 itps=0.00 tps=1024.44 p50=35.46ms p95=152.70ms p99=198.97ms err=0
[status] PUB sent=2240644 itps=0.00 tps=1024.11 pubs=4000 err=0 | SUB recv=2240294 itps=0.00 tps=1023.97 p50=35.46ms p95=152.70ms p99=198.97ms err=0
[status] PUB sent=2240644 itps=0.00 tps=1023.64 pubs=4000 err=0 | SUB recv=2240294 itps=0.00 tps=1023.50 p50=35.46ms p95=152.70ms p99=198.97ms err=0
[status] PUB sent=2240644 itps=0.00 tps=1023.17 pubs=4000 err=0 | SUB recv=2240294 itps=0.00 tps=1023.03 p50=35.46ms p95=152.70ms p99=198.97ms err=0
[status] PUB sent=2240644 itps=0.00 tps=1022.70 pubs=4000 err=0 | SUB recv=2240294 itps=0.00 tps=1022.57 p50=35.46ms p95=152.70ms p99=198.97ms err=0
[status] PUB sent=2240644 itps=0.00 tps=1022.24 pubs=4000 err=0 | SUB recv=2240294 itps=0.00 tps=1022.10 p50=35.46ms p95=152.70ms p99=198.97ms err=0
[status] PUB sent=2240644 itps=0.00 tps=1021.77 pubs=4000 err=0 | SUB recv=2240294 itps=0.00 tps=1021.63 p50=35.46ms p95=152.70ms p99=198.97ms err=0
[status] PUB sent=2240644 itps=0.00 tps=1021.30 pubs=4000 err=0 | SUB recv=2240294 itps=0.00 tps=1021.17 p50=35.46ms p95=152.70ms p99=198.97ms err=0
[status] PUB sent=2240644 itps=0.00 tps=1020.84 pubs=4000 err=0 | SUB recv=2240294 itps=0.00 tps=1020.70 p50=35.46ms p95=152.70ms p99=198.97ms err=0
[status] PUB sent=2240644 itps=0.00 tps=1020.37 pubs=4000 err=0 | SUB recv=2240294 itps=0.00 tps=1020.24 p50=35.46ms p95=152.70ms p99=198.97ms err=0
[status] PUB sent=2240644 itps=0.00 tps=1019.91 pubs=4000 err=0 | SUB recv=2240294 itps=0.00 tps=1019.77 p50=35.46ms p95=152.70ms p99=198.97ms err=0
[status] PUB sent=2240644 itps=0.00 tps=1019.45 pubs=4000 err=0 | SUB recv=2240294 itps=0.00 tps=1019.31 p50=35.46ms p95=152.70ms p99=198.97ms err=0
[status] PUB sent=2240644 itps=0.00 tps=1018.98 pubs=4000 err=0 | SUB recv=2240294 itps=0.00 tps=1018.84 p50=35.46ms p95=152.70ms p99=198.97ms err=0
[status] PUB sent=2240644 itps=0.00 tps=1018.52 pubs=4000 err=0 | SUB recv=2240294 itps=0.00 tps=1018.38 p50=35.46ms p95=152.70ms p99=198.97ms err=0
[status] PUB sent=2240644 itps=0.00 tps=1018.06 pubs=4000 err=0 | SUB recv=2240294 itps=0.00 tps=1017.92 p50=35.46ms p95=152.70ms p99=198.97ms err=0
[status] PUB sent=2240644 itps=0.00 tps=1017.59 pubs=4000 err=0 | SUB recv=2240294 itps=0.00 tps=1017.46 p50=35.46ms p95=152.70ms p99=198.97ms err=0
[status] PUB sent=2240644 itps=0.00 tps=1017.13 pubs=4000 err=0 | SUB recv=2240294 itps=0.00 tps=1016.99 p50=35.46ms p95=152.70ms p99=198.97ms err=0
[status] PUB sent=2240644 itps=0.00 tps=1016.67 pubs=4000 err=0 | SUB recv=2240294 itps=0.00 tps=1016.53 p50=35.46ms p95=152.70ms p99=198.97ms err=0
[status] PUB sent=2240644 itps=0.00 tps=1016.21 pubs=4000 err=0 | SUB recv=2240294 itps=0.00 tps=1016.07 p50=35.46ms p95=152.70ms p99=198.97ms err=0
[status] PUB sent=2240644 itps=0.00 tps=1015.75 pubs=4000 err=0 | SUB recv=2240294 itps=0.00 tps=1015.61 p50=35.46ms p95=152.70ms p99=198.97ms err=0
[status] PUB sent=2240644 itps=0.00 tps=1015.29 pubs=4000 err=0 | SUB recv=2240294 itps=0.00 tps=1015.15 p50=35.46ms p95=152.70ms p99=198.97ms err=0
[status] PUB sent=2240644 itps=0.00 tps=1014.83 pubs=4000 err=0 | SUB recv=2240294 itps=0.00 tps=1014.69 p50=35.46ms p95=152.70ms p99=198.97ms err=0
[status] PUB sent=2240644 itps=0.00 tps=1014.37 pubs=4000 err=0 | SUB recv=2240294 itps=0.00 tps=1014.23 p50=35.46ms p95=152.70ms p99=198.97ms err=0
[status] PUB sent=2240644 itps=0.00 tps=1013.91 pubs=4000 err=0 | SUB recv=2240294 itps=0.00 tps=1013.77 p50=35.46ms p95=152.70ms p99=198.97ms err=0
[status] PUB sent=2240644 itps=0.00 tps=1013.45 pubs=4000 err=0 | SUB recv=2240294 itps=0.00 tps=1013.31 p50=35.46ms p95=152.70ms p99=198.97ms err=0
[status] PUB sent=2240644 itps=0.00 tps=1012.99 pubs=4000 err=0 | SUB recv=2240294 itps=0.00 tps=1012.86 p50=35.46ms p95=152.70ms p99=198.97ms err=0
[status] PUB sent=2240644 itps=0.00 tps=1012.54 pubs=4000 err=0 | SUB recv=2240294 itps=0.00 tps=1012.40 p50=35.46ms p95=152.70ms p99=198.97ms err=0
[status] PUB sent=2240644 itps=0.00 tps=1012.08 pubs=4000 err=0 | SUB recv=2240294 itps=0.00 tps=1011.94 p50=35.46ms p95=152.70ms p99=198.97ms err=0
[status] PUB sent=2240644 itps=0.00 tps=1011.62 pubs=4000 err=0 | SUB recv=2240294 itps=0.00 tps=1011.48 p50=35.46ms p95=152.70ms p99=198.97ms err=0
[status] PUB sent=2240644 itps=0.00 tps=1011.16 pubs=4000 err=0 | SUB recv=2240294 itps=0.00 tps=1011.03 p50=35.46ms p95=152.70ms p99=198.97ms err=0
[status] PUB sent=2240644 itps=0.00 tps=1010.71 pubs=4000 err=0 | SUB recv=2240294 itps=0.00 tps=1010.57 p50=35.46ms p95=152.70ms p99=198.97ms err=0
[status] PUB sent=2240644 itps=0.00 tps=1010.25 pubs=4000 err=0 | SUB recv=2240294 itps=0.00 tps=1010.12 p50=35.46ms p95=152.70ms p99=198.97ms err=0
[status] PUB sent=2240644 itps=0.00 tps=1009.80 pubs=4000 err=0 | SUB recv=2240294 itps=0.00 tps=1009.66 p50=35.46ms p95=152.70ms p99=198.97ms err=0
[status] PUB sent=2240644 itps=0.00 tps=1009.34 pubs=4000 err=0 | SUB recv=2240294 itps=0.00 tps=1009.21 p50=35.46ms p95=152.70ms p99=198.97ms err=0
[status] PUB sent=2240644 itps=0.00 tps=1008.89 pubs=4000 err=0 | SUB recv=2240294 itps=0.00 tps=1008.75 p50=35.46ms p95=152.70ms p99=198.97ms err=0
[status] PUB sent=2240644 itps=0.00 tps=1008.43 pubs=4000 err=0 | SUB recv=2240294 itps=0.00 tps=1008.30 p50=35.46ms p95=152.70ms p99=198.97ms err=0
[status] PUB sent=2240644 itps=0.00 tps=1007.98 pubs=4000 err=0 | SUB recv=2240294 itps=0.00 tps=1007.84 p50=35.46ms p95=152.70ms p99=198.97ms err=0
[status] PUB sent=2240644 itps=0.00 tps=1007.53 pubs=4000 err=0 | SUB recv=2240294 itps=0.00 tps=1007.39 p50=35.46ms p95=152.70ms p99=198.97ms err=0
[status] PUB sent=2240644 itps=0.00 tps=1007.07 pubs=4000 err=0 | SUB recv=2240294 itps=0.00 tps=1006.94 p50=35.46ms p95=152.70ms p99=198.97ms err=0
[status] PUB sent=2240644 itps=0.00 tps=1006.62 pubs=4000 err=0 | SUB recv=2240294 itps=0.00 tps=1006.49 p50=35.46ms p95=152.70ms p99=198.97ms err=0
[status] PUB sent=2240644 itps=0.00 tps=1006.17 pubs=4000 err=0 | SUB recv=2240294 itps=0.00 tps=1006.03 p50=35.46ms p95=152.70ms p99=198.97ms err=0
[status] PUB sent=2240644 itps=0.00 tps=1005.72 pubs=4000 err=0 | SUB recv=2240294 itps=0.00 tps=1005.58 p50=35.46ms p95=152.70ms p99=198.97ms err=0
[status] PUB sent=2240644 itps=0.00 tps=1005.27 pubs=4000 err=0 | SUB recv=2240294 itps=0.00 tps=1005.13 p50=35.46ms p95=152.70ms p99=198.97ms err=0
[status] PUB sent=2240644 itps=0.00 tps=1004.82 pubs=4000 err=0 | SUB recv=2240294 itps=0.00 tps=1004.68 p50=35.46ms p95=152.70ms p99=198.97ms err=0
[status] PUB sent=2240644 itps=0.00 tps=1004.37 pubs=4000 err=0 | SUB recv=2240294 itps=0.00 tps=1004.23 p50=35.46ms p95=152.70ms p99=198.97ms err=0
[status] PUB sent=2240644 itps=0.00 tps=1003.92 pubs=4000 err=0 | SUB recv=2240294 itps=0.00 tps=1003.78 p50=35.46ms p95=152.70ms p99=198.97ms err=0
[status] PUB sent=2240644 itps=0.00 tps=1003.47 pubs=4000 err=0 | SUB recv=2240294 itps=0.00 tps=1003.33 p50=35.46ms p95=152.70ms p99=198.97ms err=0
[status] PUB sent=2240644 itps=0.00 tps=1003.02 pubs=4000 err=0 | SUB recv=2240294 itps=0.00 tps=1002.88 p50=35.46ms p95=152.70ms p99=198.97ms err=0
[status] PUB sent=2240644 itps=0.00 tps=1002.57 pubs=4000 err=0 | SUB recv=2240294 itps=0.00 tps=1002.43 p50=35.46ms p95=152.70ms p99=198.97ms err=0
[status] PUB sent=2240644 itps=0.00 tps=1002.12 pubs=4000 err=0 | SUB recv=2240294 itps=0.00 tps=1001.98 p50=35.46ms p95=152.70ms p99=198.97ms err=0
[status] PUB sent=2240644 itps=0.00 tps=1001.67 pubs=4000 err=0 | SUB recv=2240294 itps=0.00 tps=1001.54 p50=35.46ms p95=152.70ms p99=198.97ms err=0
[status] PUB sent=2240644 itps=0.00 tps=1001.22 pubs=4000 err=0 | SUB recv=2240294 itps=0.00 tps=1001.09 p50=35.46ms p95=152.70ms p99=198.97ms err=0
[status] PUB sent=2240644 itps=0.00 tps=1000.78 pubs=4000 err=0 | SUB recv=2240294 itps=0.00 tps=1000.64 p50=35.46ms p95=152.70ms p99=198.97ms err=0
[status] PUB sent=2240644 itps=0.00 tps=1000.33 pubs=4000 err=0 | SUB recv=2240294 itps=0.00 tps=1000.20 p50=35.46ms p95=152.70ms p99=198.97ms err=0
[status] PUB sent=2240644 itps=0.00 tps=999.88 pubs=4000 err=0 | SUB recv=2240294 itps=0.00 tps=999.75 p50=35.46ms p95=152.70ms p99=198.97ms err=0
[status] PUB sent=2240644 itps=0.00 tps=999.44 pubs=4000 err=0 | SUB recv=2240294 itps=0.00 tps=999.30 p50=35.46ms p95=152.70ms p99=198.97ms err=0
[status] PUB sent=2240644 itps=0.00 tps=998.99 pubs=4000 err=0 | SUB recv=2240294 itps=0.00 tps=998.86 p50=35.46ms p95=152.70ms p99=198.97ms err=0
[status] PUB sent=2240644 itps=0.00 tps=998.55 pubs=4000 err=0 | SUB recv=2240294 itps=0.00 tps=998.41 p50=35.46ms p95=152.70ms p99=198.97ms err=0
[status] PUB sent=2240644 itps=0.00 tps=998.10 pubs=4000 err=0 | SUB recv=2240294 itps=0.00 tps=997.97 p50=35.46ms p95=152.70ms p99=198.97ms err=0
[status] PUB sent=2240644 itps=0.00 tps=997.66 pubs=4000 err=0 | SUB recv=2240294 itps=0.00 tps=997.52 p50=35.46ms p95=152.70ms p99=198.97ms err=0
[status] PUB sent=2240644 itps=0.00 tps=997.21 pubs=4000 err=0 | SUB recv=2240294 itps=0.00 tps=997.08 p50=35.46ms p95=152.70ms p99=198.97ms err=0
[status] PUB sent=2240644 itps=0.00 tps=996.77 pubs=4000 err=0 | SUB recv=2240294 itps=0.00 tps=996.64 p50=35.46ms p95=152.70ms p99=198.97ms err=0
[status] PUB sent=2240644 itps=0.00 tps=996.33 pubs=4000 err=0 | SUB recv=2240294 itps=0.00 tps=996.19 p50=35.46ms p95=152.70ms p99=198.97ms err=0
[status] PUB sent=2240644 itps=0.00 tps=995.88 pubs=4000 err=0 | SUB recv=2240294 itps=0.00 tps=995.75 p50=35.46ms p95=152.70ms p99=198.97ms err=0
[status] PUB sent=2240644 itps=0.00 tps=995.44 pubs=4000 err=0 | SUB recv=2240294 itps=0.00 tps=995.31 p50=35.46ms p95=152.70ms p99=198.97ms err=0
[status] PUB sent=2240644 itps=0.00 tps=994.56 pubs=4000 err=0 | SUB recv=2240294 itps=0.00 tps=994.42 p50=35.46ms p95=152.70ms p99=198.97ms err=0
[status] PUB sent=2240644 itps=0.00 tps=994.12 pubs=4000 err=0 | SUB recv=2240294 itps=0.00 tps=993.98 p50=35.46ms p95=152.70ms p99=198.97ms err=0
[status] PUB sent=2240644 itps=0.00 tps=993.68 pubs=4000 err=0 | SUB recv=2240294 itps=0.00 tps=993.54 p50=35.46ms p95=152.70ms p99=198.97ms err=0
[status] PUB sent=2240644 itps=0.00 tps=993.24 pubs=4000 err=0 | SUB recv=2240294 itps=0.00 tps=993.10 p50=35.46ms p95=152.70ms p99=198.97ms err=0
[status] PUB sent=2240644 itps=0.00 tps=992.80 pubs=4000 err=0 | SUB recv=2240294 itps=0.00 tps=992.66 p50=35.46ms p95=152.70ms p99=198.97ms err=0
[status] PUB sent=2240644 itps=0.00 tps=992.36 pubs=4000 err=0 | SUB recv=2240294 itps=0.00 tps=992.22 p50=35.46ms p95=152.70ms p99=198.97ms err=0
[status] PUB sent=2240644 itps=0.00 tps=991.92 pubs=4000 err=0 | SUB recv=2240294 itps=0.00 tps=991.78 p50=35.46ms p95=152.70ms p99=198.97ms err=0
[status] PUB sent=2240644 itps=0.00 tps=991.48 pubs=4000 err=0 | SUB recv=2240294 itps=0.00 tps=991.34 p50=35.46ms p95=152.70ms p99=198.97ms err=0
[status] PUB sent=2240644 itps=0.00 tps=991.04 pubs=4000 err=0 | SUB recv=2240294 itps=0.00 tps=990.90 p50=35.46ms p95=152.70ms p99=198.97ms err=0
[status] PUB sent=2240644 itps=0.00 tps=990.60 pubs=4000 err=0 | SUB recv=2240294 itps=0.00 tps=990.47 p50=35.46ms p95=152.70ms p99=198.97ms err=0
[status] PUB sent=2240644 itps=0.00 tps=990.16 pubs=4000 err=0 | SUB recv=2240294 itps=0.00 tps=990.03 p50=35.46ms p95=152.70ms p99=198.97ms err=0
[status] PUB sent=2240644 itps=0.00 tps=989.73 pubs=4000 err=0 | SUB recv=2240294 itps=0.00 tps=989.59 p50=35.46ms p95=152.70ms p99=198.97ms err=0
[status] PUB sent=2240644 itps=0.00 tps=989.29 pubs=4000 err=0 | SUB recv=2240294 itps=0.00 tps=989.15 p50=35.46ms p95=152.70ms p99=198.97ms err=0
[status] PUB sent=2240644 itps=0.00 tps=988.85 pubs=4000 err=0 | SUB recv=2240294 itps=0.00 tps=988.72 p50=35.46ms p95=152.70ms p99=198.97ms err=0
[status] PUB sent=2240644 itps=0.00 tps=988.42 pubs=4000 err=0 | SUB recv=2240294 itps=0.00 tps=988.28 p50=35.46ms p95=152.70ms p99=198.97ms err=0
[status] PUB sent=2240644 itps=0.00 tps=987.98 pubs=4000 err=0 | SUB recv=2240294 itps=0.00 tps=987.85 p50=35.46ms p95=152.70ms p99=198.97ms err=0
[status] PUB sent=2240644 itps=0.00 tps=987.54 pubs=4000 err=0 | SUB recv=2240294 itps=0.00 tps=987.41 p50=35.46ms p95=152.70ms p99=198.97ms err=0
[status] PUB sent=2240644 itps=0.00 tps=987.11 pubs=4000 err=0 | SUB recv=2240294 itps=0.00 tps=986.98 p50=35.46ms p95=152.70ms p99=198.97ms err=0
[status] PUB sent=2240644 itps=0.00 tps=986.67 pubs=4000 err=0 | SUB recv=2240294 itps=0.00 tps=986.54 p50=35.46ms p95=152.70ms p99=198.97ms err=0
[status] PUB sent=2240644 itps=0.00 tps=986.24 pubs=4000 err=0 | SUB recv=2240294 itps=0.00 tps=986.11 p50=35.46ms p95=152.70ms p99=198.97ms err=0
[status] PUB sent=2240644 itps=0.00 tps=985.81 pubs=4000 err=0 | SUB recv=2240294 itps=0.00 tps=985.67 p50=35.46ms p95=152.70ms p99=198.97ms err=0
[status] PUB sent=2240644 itps=0.00 tps=985.37 pubs=4000 err=0 | SUB recv=2240294 itps=0.00 tps=985.24 p50=35.46ms p95=152.70ms p99=198.97ms err=0
[status] PUB sent=2240644 itps=0.00 tps=984.94 pubs=4000 err=0 | SUB recv=2240294 itps=0.00 tps=984.81 p50=35.46ms p95=152.70ms p99=198.97ms err=0
[status] PUB sent=2240644 itps=0.00 tps=984.51 pubs=4000 err=0 | SUB recv=2240294 itps=0.00 tps=984.37 p50=35.46ms p95=152.70ms p99=198.97ms err=0
[status] PUB sent=2240644 itps=0.00 tps=984.07 pubs=4000 err=0 | SUB recv=2240294 itps=0.00 tps=983.94 p50=35.46ms p95=152.70ms p99=198.97ms err=0
[status] PUB sent=2240644 itps=0.00 tps=983.64 pubs=4000 err=0 | SUB recv=2240294 itps=0.00 tps=983.51 p50=35.46ms p95=152.70ms p99=198.97ms err=0
[status] PUB sent=2240644 itps=0.00 tps=983.21 pubs=4000 err=0 | SUB recv=2240294 itps=0.00 tps=983.08 p50=35.46ms p95=152.70ms p99=198.97ms err=0
[status] PUB sent=2240644 itps=0.00 tps=982.78 pubs=4000 err=0 | SUB recv=2240294 itps=0.00 tps=982.65 p50=35.46ms p95=152.70ms p99=198.97ms err=0
[status] PUB sent=2240644 itps=0.00 tps=982.35 pubs=4000 err=0 | SUB recv=2240294 itps=0.00 tps=982.22 p50=35.46ms p95=152.70ms p99=198.97ms err=0
[status] PUB sent=2240644 itps=0.00 tps=981.92 pubs=4000 err=0 | SUB recv=2240294 itps=0.00 tps=981.79 p50=35.46ms p95=152.70ms p99=198.97ms err=0
[status] PUB sent=2240644 itps=0.00 tps=981.49 pubs=4000 err=0 | SUB recv=2240294 itps=0.00 tps=981.36 p50=35.46ms p95=152.70ms p99=198.97ms err=0
[status] PUB sent=2240644 itps=0.00 tps=981.06 pubs=4000 err=0 | SUB recv=2240294 itps=0.00 tps=980.93 p50=35.46ms p95=152.70ms p99=198.97ms err=0
[status] PUB sent=2240644 itps=0.00 tps=980.63 pubs=4000 err=0 | SUB recv=2240294 itps=0.00 tps=980.50 p50=35.46ms p95=152.70ms p99=198.97ms err=0
[status] PUB sent=2240644 itps=0.00 tps=980.20 pubs=4000 err=0 | SUB recv=2240294 itps=0.00 tps=980.07 p50=35.46ms p95=152.70ms p99=198.97ms err=0
[status] PUB sent=2240644 itps=0.00 tps=979.77 pubs=4000 err=0 | SUB recv=2240294 itps=0.00 tps=979.64 p50=35.46ms p95=152.70ms p99=198.97ms err=0
[status] PUB sent=2240644 itps=0.00 tps=979.34 pubs=4000 err=0 | SUB recv=2240294 itps=0.00 tps=979.21 p50=35.46ms p95=152.70ms p99=198.97ms err=0
[status] PUB sent=2240644 itps=0.00 tps=978.92 pubs=4000 err=0 | SUB recv=2240294 itps=0.00 tps=978.78 p50=35.46ms p95=152.70ms p99=198.97ms err=0
[status] PUB sent=2240644 itps=0.00 tps=978.49 pubs=4000 err=0 | SUB recv=2240294 itps=0.00 tps=978.36 p50=35.46ms p95=152.70ms p99=198.97ms err=0
[status] PUB sent=2240644 itps=0.00 tps=978.06 pubs=4000 err=0 | SUB recv=2240294 itps=0.00 tps=977.93 p50=35.46ms p95=152.70ms p99=198.97ms err=0
[status] PUB sent=2240644 itps=0.00 tps=977.63 pubs=4000 err=0 | SUB recv=2240294 itps=0.00 tps=977.50 p50=35.46ms p95=152.70ms p99=198.97ms err=0
[status] PUB sent=2240644 itps=0.00 tps=977.21 pubs=4000 err=0 | SUB recv=2240294 itps=0.00 tps=977.08 p50=35.46ms p95=152.70ms p99=198.97ms err=0
[status] PUB sent=2240644 itps=0.00 tps=976.78 pubs=4000 err=0 | SUB recv=2240294 itps=0.00 tps=976.65 p50=35.46ms p95=152.70ms p99=198.97ms err=0
[status] PUB sent=2240644 itps=0.00 tps=976.36 pubs=4000 err=0 | SUB recv=2240294 itps=0.00 tps=976.22 p50=35.46ms p95=152.70ms p99=198.97ms err=0
[status] PUB sent=2240644 itps=0.00 tps=975.93 pubs=4000 err=0 | SUB recv=2240294 itps=0.00 tps=975.80 p50=35.46ms p95=152.70ms p99=198.97ms err=0
[status] PUB sent=2240644 itps=0.00 tps=975.51 pubs=4000 err=0 | SUB recv=2240294 itps=0.00 tps=975.37 p50=35.46ms p95=152.70ms p99=198.97ms err=0
[status] PUB sent=2240644 itps=0.00 tps=975.08 pubs=4000 err=0 | SUB recv=2240294 itps=0.00 tps=974.95 p50=35.46ms p95=152.70ms p99=198.97ms err=0
[status] PUB sent=2240644 itps=0.00 tps=974.66 pubs=4000 err=0 | SUB recv=2240294 itps=0.00 tps=974.53 p50=35.46ms p95=152.70ms p99=198.97ms err=0
[status] PUB sent=2240644 itps=0.00 tps=974.23 pubs=4000 err=0 | SUB recv=2240294 itps=0.00 tps=974.10 p50=35.46ms p95=152.70ms p99=198.97ms err=0
[status] PUB sent=2240644 itps=0.00 tps=973.81 pubs=4000 err=0 | SUB recv=2240294 itps=0.00 tps=973.68 p50=35.46ms p95=152.70ms p99=198.97ms err=0
[status] PUB sent=2240644 itps=0.00 tps=973.39 pubs=4000 err=0 | SUB recv=2240294 itps=0.00 tps=973.26 p50=35.46ms p95=152.70ms p99=198.97ms err=0
[status] PUB sent=2240644 itps=0.00 tps=972.96 pubs=4000 err=0 | SUB recv=2240294 itps=0.00 tps=972.83 p50=35.46ms p95=152.70ms p99=198.97ms err=0
[status] PUB sent=2240644 itps=0.00 tps=972.54 pubs=4000 err=0 | SUB recv=2240294 itps=0.00 tps=972.41 p50=35.46ms p95=152.70ms p99=198.97ms err=0
[status] PUB sent=2240644 itps=0.00 tps=972.12 pubs=4000 err=0 | SUB recv=2240294 itps=0.00 tps=971.99 p50=35.46ms p95=152.70ms p99=198.97ms err=0
[status] PUB sent=2240644 itps=0.00 tps=971.70 pubs=4000 err=0 | SUB recv=2240294 itps=0.00 tps=971.57 p50=35.46ms p95=152.70ms p99=198.97ms err=0
[status] PUB sent=2240644 itps=0.00 tps=971.28 pubs=4000 err=0 | SUB recv=2240294 itps=0.00 tps=971.15 p50=35.46ms p95=152.70ms p99=198.97ms err=0
[status] PUB sent=2240644 itps=0.00 tps=970.86 pubs=4000 err=0 | SUB recv=2240294 itps=0.00 tps=970.73 p50=35.46ms p95=152.70ms p99=198.97ms err=0
[status] PUB sent=2240644 itps=0.00 tps=970.44 pubs=4000 err=0 | SUB recv=2240294 itps=0.00 tps=970.30 p50=35.46ms p95=152.70ms p99=198.97ms err=0
[status] PUB sent=2240644 itps=0.00 tps=970.02 pubs=4000 err=0 | SUB recv=2240294 itps=0.00 tps=969.88 p50=35.46ms p95=152.70ms p99=198.97ms err=0
[status] PUB sent=2240644 itps=0.00 tps=969.60 pubs=4000 err=0 | SUB recv=2240294 itps=0.00 tps=969.46 p50=35.46ms p95=152.70ms p99=198.97ms err=0
[status] PUB sent=2240644 itps=0.00 tps=969.18 pubs=4000 err=0 | SUB recv=2240294 itps=0.00 tps=969.05 p50=35.46ms p95=152.70ms p99=198.97ms err=0
[status] PUB sent=2240644 itps=0.00 tps=968.76 pubs=4000 err=0 | SUB recv=2240294 itps=0.00 tps=968.63 p50=35.46ms p95=152.70ms p99=198.97ms err=0
[status] PUB sent=2240644 itps=0.00 tps=968.34 pubs=4000 err=0 | SUB recv=2240294 itps=0.00 tps=968.21 p50=35.46ms p95=152.70ms p99=198.97ms err=0
[status] PUB sent=2240644 itps=0.00 tps=967.92 pubs=4000 err=0 | SUB recv=2240294 itps=0.00 tps=967.79 p50=35.46ms p95=152.70ms p99=198.97ms err=0
[status] PUB sent=2240644 itps=0.00 tps=967.50 pubs=4000 err=0 | SUB recv=2240294 itps=0.00 tps=967.37 p50=35.46ms p95=152.70ms p99=198.97ms err=0
[status] PUB sent=2240644 itps=0.00 tps=967.09 pubs=4000 err=0 | SUB recv=2240294 itps=0.00 tps=966.95 p50=35.46ms p95=152.70ms p99=198.97ms err=0
[status] PUB sent=2240644 itps=0.00 tps=966.67 pubs=4000 err=0 | SUB recv=2240294 itps=0.00 tps=966.54 p50=35.46ms p95=152.70ms p99=198.97ms err=0
[status] PUB sent=2240644 itps=0.00 tps=966.25 pubs=4000 err=0 | SUB recv=2240294 itps=0.00 tps=966.12 p50=35.46ms p95=152.70ms p99=198.97ms err=0
[status] PUB sent=2240644 itps=0.00 tps=965.83 pubs=4000 err=0 | SUB recv=2240294 itps=0.00 tps=965.70 p50=35.46ms p95=152.70ms p99=198.97ms err=0
[status] PUB sent=2240644 itps=0.00 tps=965.00 pubs=4000 err=0 | SUB recv=2240294 itps=0.00 tps=964.87 p50=35.46ms p95=152.70ms p99=198.97ms err=0
[status] PUB sent=2240644 itps=0.00 tps=964.59 pubs=4000 err=0 | SUB recv=2240294 itps=0.00 tps=964.46 p50=35.46ms p95=152.70ms p99=198.97ms err=0
[status] PUB sent=2240644 itps=0.00 tps=964.17 pubs=4000 err=0 | SUB recv=2240294 itps=0.00 tps=964.04 p50=35.46ms p95=152.70ms p99=198.97ms err=0
[status] PUB sent=2240644 itps=0.00 tps=963.76 pubs=4000 err=0 | SUB recv=2240294 itps=0.00 tps=963.63 p50=35.46ms p95=152.70ms p99=198.97ms err=0
[status] PUB sent=2240644 itps=0.00 tps=963.34 pubs=4000 err=0 | SUB recv=2240294 itps=0.00 tps=963.21 p50=35.46ms p95=152.70ms p99=198.97ms err=0
[status] PUB sent=2240644 itps=0.00 tps=962.93 pubs=4000 err=0 | SUB recv=2240294 itps=0.00 tps=962.80 p50=35.46ms p95=152.70ms p99=198.97ms err=0
[status] PUB sent=2240644 itps=0.00 tps=962.52 pubs=4000 err=0 | SUB recv=2240294 itps=0.00 tps=962.38 p50=35.46ms p95=152.70ms p99=198.97ms err=0
[status] PUB sent=2240644 itps=0.00 tps=962.10 pubs=4000 err=0 | SUB recv=2240294 itps=0.00 tps=961.97 p50=35.46ms p95=152.70ms p99=198.97ms err=0
[status] PUB sent=2240644 itps=0.00 tps=961.69 pubs=4000 err=0 | SUB recv=2240294 itps=0.00 tps=961.56 p50=35.46ms p95=152.70ms p99=198.97ms err=0
[status] PUB sent=2240644 itps=0.00 tps=961.28 pubs=4000 err=0 | SUB recv=2240294 itps=0.00 tps=961.15 p50=35.46ms p95=152.70ms p99=198.97ms err=0
[status] PUB sent=2240644 itps=0.00 tps=960.86 pubs=4000 err=0 | SUB recv=2240294 itps=0.00 tps=960.73 p50=35.46ms p95=152.70ms p99=198.97ms err=0
[status] PUB sent=2240644 itps=0.00 tps=960.45 pubs=4000 err=0 | SUB recv=2240294 itps=0.00 tps=960.32 p50=35.46ms p95=152.70ms p99=198.97ms err=0
[status] PUB sent=2240644 itps=0.00 tps=960.04 pubs=4000 err=0 | SUB recv=2240294 itps=0.00 tps=959.91 p50=35.46ms p95=152.70ms p99=198.97ms err=0
[status] PUB sent=2240644 itps=0.00 tps=959.63 pubs=4000 err=0 | SUB recv=2240294 itps=0.00 tps=959.50 p50=35.46ms p95=152.70ms p99=198.97ms err=0
[status] PUB sent=2240644 itps=0.00 tps=959.22 pubs=4000 err=0 | SUB recv=2240294 itps=0.00 tps=959.09 p50=35.46ms p95=152.70ms p99=198.97ms err=0
[status] PUB sent=2240644 itps=0.00 tps=958.81 pubs=4000 err=0 | SUB recv=2240294 itps=0.00 tps=958.68 p50=35.46ms p95=152.70ms p99=198.97ms err=0
[status] PUB sent=2240644 itps=0.00 tps=958.40 pubs=4000 err=0 | SUB recv=2240294 itps=0.00 tps=958.27 p50=35.46ms p95=152.70ms p99=198.97ms err=0
[status] PUB sent=2240644 itps=0.00 tps=957.99 pubs=4000 err=0 | SUB recv=2240294 itps=0.00 tps=957.86 p50=35.46ms p95=152.70ms p99=198.97ms err=0
[status] PUB sent=2240644 itps=0.00 tps=957.58 pubs=4000 err=0 | SUB recv=2240294 itps=0.00 tps=957.45 p50=35.46ms p95=152.70ms p99=198.97ms err=0
[status] PUB sent=2240644 itps=0.00 tps=957.17 pubs=4000 err=0 | SUB recv=2240294 itps=0.00 tps=957.04 p50=35.46ms p95=152.70ms p99=198.97ms err=0
[status] PUB sent=2240644 itps=0.00 tps=956.76 pubs=4000 err=0 | SUB recv=2240294 itps=0.00 tps=956.63 p50=35.46ms p95=152.70ms p99=198.97ms err=0
[status] PUB sent=2240644 itps=0.00 tps=956.35 pubs=4000 err=0 | SUB recv=2240294 itps=0.00 tps=956.22 p50=35.46ms p95=152.70ms p99=198.97ms err=0
[status] PUB sent=2240644 itps=0.00 tps=955.95 pubs=4000 err=0 | SUB recv=2240294 itps=0.00 tps=955.82 p50=35.46ms p95=152.70ms p99=198.97ms err=0
[status] PUB sent=2240644 itps=0.00 tps=955.54 pubs=4000 err=0 | SUB recv=2240294 itps=0.00 tps=955.41 p50=35.46ms p95=152.70ms p99=198.97ms err=0
[status] PUB sent=2240644 itps=0.00 tps=955.13 pubs=4000 err=0 | SUB recv=2240294 itps=0.00 tps=955.00 p50=35.46ms p95=152.70ms p99=198.97ms err=0
[status] PUB sent=2240644 itps=0.00 tps=954.72 pubs=4000 err=0 | SUB recv=2240294 itps=0.00 tps=954.59 p50=35.46ms p95=152.70ms p99=198.97ms err=0
[status] PUB sent=2240644 itps=0.00 tps=954.32 pubs=4000 err=0 | SUB recv=2240294 itps=0.00 tps=954.19 p50=35.46ms p95=152.70ms p99=198.97ms err=0
[status] PUB sent=2240644 itps=0.00 tps=953.91 pubs=4000 err=0 | SUB recv=2240294 itps=0.00 tps=953.78 p50=35.46ms p95=152.70ms p99=198.97ms err=0
[status] PUB sent=2240644 itps=0.00 tps=953.50 pubs=4000 err=0 | SUB recv=2240294 itps=0.00 tps=953.37 p50=35.46ms p95=152.70ms p99=198.97ms err=0
[status] PUB sent=2240644 itps=0.00 tps=953.10 pubs=4000 err=0 | SUB recv=2240294 itps=0.00 tps=952.97 p50=35.46ms p95=152.70ms p99=198.97ms err=0
[status] PUB sent=2240644 itps=0.00 tps=952.69 pubs=4000 err=0 | SUB recv=2240294 itps=0.00 tps=952.56 p50=35.46ms p95=152.70ms p99=198.97ms err=0
[status] PUB sent=2240644 itps=0.00 tps=952.29 pubs=4000 err=0 | SUB recv=2240294 itps=0.00 tps=952.16 p50=35.46ms p95=152.70ms p99=198.97ms err=0
[status] PUB sent=2240644 itps=0.00 tps=951.88 pubs=4000 err=0 | SUB recv=2240294 itps=0.00 tps=951.75 p50=35.46ms p95=152.70ms p99=198.97ms err=0
[status] PUB sent=2240644 itps=0.00 tps=951.48 pubs=4000 err=0 | SUB recv=2240294 itps=0.00 tps=951.35 p50=35.46ms p95=152.70ms p99=198.97ms err=0
[status] PUB sent=2240644 itps=0.00 tps=951.08 pubs=4000 err=0 | SUB recv=2240294 itps=0.00 tps=950.95 p50=35.46ms p95=152.70ms p99=198.97ms err=0
[status] PUB sent=2240644 itps=0.00 tps=950.67 pubs=4000 err=0 | SUB recv=2240294 itps=0.00 tps=950.54 p50=35.46ms p95=152.70ms p99=198.97ms err=0
[status] PUB sent=2240644 itps=0.00 tps=950.27 pubs=4000 err=0 | SUB recv=2240294 itps=0.00 tps=950.14 p50=35.46ms p95=152.70ms p99=198.97ms err=0
[status] PUB sent=2240644 itps=0.00 tps=949.87 pubs=4000 err=0 | SUB recv=2240294 itps=0.00 tps=949.74 p50=35.46ms p95=152.70ms p99=198.97ms err=0
[status] PUB sent=2240644 itps=0.00 tps=949.46 pubs=4000 err=0 | SUB recv=2240294 itps=0.00 tps=949.33 p50=35.46ms p95=152.70ms p99=198.97ms err=0
[status] PUB sent=2240644 itps=0.00 tps=949.06 pubs=4000 err=0 | SUB recv=2240294 itps=0.00 tps=948.93 p50=35.46ms p95=152.70ms p99=198.97ms err=0
[status] PUB sent=2240644 itps=0.00 tps=948.66 pubs=4000 err=0 | SUB recv=2240294 itps=0.00 tps=948.53 p50=35.46ms p95=152.70ms p99=198.97ms err=0
[status] PUB sent=2240644 itps=0.00 tps=948.26 pubs=4000 err=0 | SUB recv=2240294 itps=0.00 tps=948.13 p50=35.46ms p95=152.70ms p99=198.97ms err=0
[status] PUB sent=2240644 itps=0.00 tps=947.86 pubs=4000 err=0 | SUB recv=2240294 itps=0.00 tps=947.73 p50=35.46ms p95=152.70ms p99=198.97ms err=0
[status] PUB sent=2240644 itps=0.00 tps=947.46 pubs=4000 err=0 | SUB recv=2240294 itps=0.00 tps=947.33 p50=35.46ms p95=152.70ms p99=198.97ms err=0
[status] PUB sent=2240644 itps=0.00 tps=947.06 pubs=4000 err=0 | SUB recv=2240294 itps=0.00 tps=946.93 p50=35.46ms p95=152.70ms p99=198.97ms err=0
[status] PUB sent=2240644 itps=0.00 tps=946.66 pubs=4000 err=0 | SUB recv=2240294 itps=0.00 tps=946.53 p50=35.46ms p95=152.70ms p99=198.97ms err=0
[status] PUB sent=2240644 itps=0.00 tps=946.26 pubs=4000 err=0 | SUB recv=2240294 itps=0.00 tps=946.13 p50=35.46ms p95=152.70ms p99=198.97ms err=0
[status] PUB sent=2240644 itps=0.00 tps=945.86 pubs=4000 err=0 | SUB recv=2240294 itps=0.00 tps=945.73 p50=35.46ms p95=152.70ms p99=198.97ms err=0
[status] PUB sent=2240644 itps=0.00 tps=945.46 pubs=4000 err=0 | SUB recv=2240294 itps=0.00 tps=945.33 p50=35.46ms p95=152.70ms p99=198.97ms err=0
[status] PUB sent=2240644 itps=0.00 tps=945.06 pubs=4000 err=0 | SUB recv=2240294 itps=0.00 tps=944.93 p50=35.46ms p95=152.70ms p99=198.97ms err=0
[status] PUB sent=2240644 itps=0.00 tps=944.66 pubs=4000 err=0 | SUB recv=2240294 itps=0.00 tps=944.53 p50=35.46ms p95=152.70ms p99=198.97ms err=0
[status] PUB sent=2240644 itps=0.00 tps=944.26 pubs=4000 err=0 | SUB recv=2240294 itps=0.00 tps=944.13 p50=35.46ms p95=152.70ms p99=198.97ms err=0
[status] PUB sent=2240644 itps=0.00 tps=943.86 pubs=4000 err=0 | SUB recv=2240294 itps=0.00 tps=943.74 p50=35.46ms p95=152.70ms p99=198.97ms err=0
[status] PUB sent=2240644 itps=0.00 tps=943.47 pubs=4000 err=0 | SUB recv=2240294 itps=0.00 tps=943.34 p50=35.46ms p95=152.70ms p99=198.97ms err=0
[status] PUB sent=2240644 itps=0.00 tps=943.07 pubs=4000 err=0 | SUB recv=2240294 itps=0.00 tps=942.94 p50=35.46ms p95=152.70ms p99=198.97ms err=0
[status] PUB sent=2240644 itps=0.00 tps=942.67 pubs=4000 err=0 | SUB recv=2240294 itps=0.00 tps=942.54 p50=35.46ms p95=152.70ms p99=198.97ms err=0
[status] PUB sent=2240644 itps=0.00 tps=942.28 pubs=4000 err=0 | SUB recv=2240294 itps=0.00 tps=942.15 p50=35.46ms p95=152.70ms p99=198.97ms err=0
[status] PUB sent=2240644 itps=0.00 tps=941.88 pubs=4000 err=0 | SUB recv=2240294 itps=0.00 tps=941.75 p50=35.46ms p95=152.70ms p99=198.97ms err=0
[status] PUB sent=2240644 itps=0.00 tps=941.48 pubs=4000 err=0 | SUB recv=2240294 itps=0.00 tps=941.36 p50=35.46ms p95=152.70ms p99=198.97ms err=0
[status] PUB sent=2240644 itps=0.00 tps=941.09 pubs=4000 err=0 | SUB recv=2240294 itps=0.00 tps=940.96 p50=35.46ms p95=152.70ms p99=198.97ms err=0
[status] PUB sent=2240644 itps=0.00 tps=940.69 pubs=4000 err=0 | SUB recv=2240294 itps=0.00 tps=940.57 p50=35.46ms p95=152.70ms p99=198.97ms err=0
[status] PUB sent=2240644 itps=0.00 tps=940.30 pubs=4000 err=0 | SUB recv=2240294 itps=0.00 tps=940.17 p50=35.46ms p95=152.70ms p99=198.97ms err=0
[status] PUB sent=2240644 itps=0.00 tps=939.91 pubs=4000 err=0 | SUB recv=2240294 itps=0.00 tps=939.78 p50=35.46ms p95=152.70ms p99=198.97ms err=0
[status] PUB sent=2240644 itps=0.00 tps=939.51 pubs=4000 err=0 | SUB recv=2240294 itps=0.00 tps=939.38 p50=35.46ms p95=152.70ms p99=198.97ms err=0
[status] PUB sent=2240644 itps=0.00 tps=939.12 pubs=4000 err=0 | SUB recv=2240294 itps=0.00 tps=938.99 p50=35.46ms p95=152.70ms p99=198.97ms err=0
[status] PUB sent=2240644 itps=0.00 tps=938.72 pubs=4000 err=0 | SUB recv=2240294 itps=0.00 tps=938.60 p50=35.46ms p95=152.70ms p99=198.97ms err=0
[status] PUB sent=2240644 itps=0.00 tps=938.33 pubs=4000 err=0 | SUB recv=2240294 itps=0.00 tps=938.20 p50=35.46ms p95=152.70ms p99=198.97ms err=0
[status] PUB sent=2240644 itps=0.00 tps=937.94 pubs=4000 err=0 | SUB recv=2240294 itps=0.00 tps=937.81 p50=35.46ms p95=152.70ms p99=198.97ms err=0
[status] PUB sent=2240644 itps=0.00 tps=937.15 pubs=4000 err=0 | SUB recv=2240294 itps=0.00 tps=937.03 p50=35.46ms p95=152.70ms p99=198.97ms err=0
[status] PUB sent=2240644 itps=0.00 tps=936.76 pubs=4000 err=0 | SUB recv=2240294 itps=0.00 tps=936.63 p50=35.46ms p95=152.70ms p99=198.97ms err=0
[status] PUB sent=2240644 itps=0.00 tps=936.37 pubs=4000 err=0 | SUB recv=2240294 itps=0.00 tps=936.24 p50=35.46ms p95=152.70ms p99=198.97ms err=0
[status] PUB sent=2240644 itps=0.00 tps=935.98 pubs=4000 err=0 | SUB recv=2240294 itps=0.00 tps=935.85 p50=35.46ms p95=152.70ms p99=198.97ms err=0
[status] PUB sent=2240644 itps=0.00 tps=935.59 pubs=4000 err=0 | SUB recv=2240294 itps=0.00 tps=935.46 p50=35.46ms p95=152.70ms p99=198.97ms err=0
[status] PUB sent=2240644 itps=0.00 tps=935.20 pubs=4000 err=0 | SUB recv=2240294 itps=0.00 tps=935.07 p50=35.46ms p95=152.70ms p99=198.97ms err=0
[status] PUB sent=2240644 itps=0.00 tps=934.81 pubs=4000 err=0 | SUB recv=2240294 itps=0.00 tps=934.68 p50=35.46ms p95=152.70ms p99=198.97ms err=0
[status] PUB sent=2240644 itps=0.00 tps=934.42 pubs=4000 err=0 | SUB recv=2240294 itps=0.00 tps=934.29 p50=35.46ms p95=152.70ms p99=198.97ms err=0
[status] PUB sent=2240644 itps=0.00 tps=934.03 pubs=4000 err=0 | SUB recv=2240294 itps=0.00 tps=933.90 p50=35.46ms p95=152.70ms p99=198.97ms err=0
[status] PUB sent=2240644 itps=0.00 tps=933.64 pubs=4000 err=0 | SUB recv=2240294 itps=0.00 tps=933.51 p50=35.46ms p95=152.70ms p99=198.97ms err=0
[status] PUB sent=2240644 itps=0.00 tps=933.25 pubs=4000 err=0 | SUB recv=2240294 itps=0.00 tps=933.12 p50=35.46ms p95=152.70ms p99=198.97ms err=0
[status] PUB sent=2240644 itps=0.00 tps=932.86 pubs=4000 err=0 | SUB recv=2240294 itps=0.00 tps=932.73 p50=35.46ms p95=152.70ms p99=198.97ms err=0
[status] PUB sent=2240644 itps=0.00 tps=932.47 pubs=4000 err=0 | SUB recv=2240294 itps=0.00 tps=932.35 p50=35.46ms p95=152.70ms p99=198.97ms err=0
[status] PUB sent=2240644 itps=0.00 tps=932.09 pubs=4000 err=0 | SUB recv=2240294 itps=0.00 tps=931.96 p50=35.46ms p95=152.70ms p99=198.97ms err=0
[status] PUB sent=2240644 itps=0.00 tps=931.70 pubs=4000 err=0 | SUB recv=2240294 itps=0.00 tps=931.57 p50=35.46ms p95=152.70ms p99=198.97ms err=0
[status] PUB sent=2240644 itps=0.00 tps=931.31 pubs=4000 err=0 | SUB recv=2240294 itps=0.00 tps=931.18 p50=35.46ms p95=152.70ms p99=198.97ms err=0
[status] PUB sent=2240644 itps=0.00 tps=930.92 pubs=4000 err=0 | SUB recv=2240294 itps=0.00 tps=930.80 p50=35.46ms p95=152.70ms p99=198.97ms err=0
[status] PUB sent=2240644 itps=0.00 tps=930.54 pubs=4000 err=0 | SUB recv=2240294 itps=0.00 tps=930.41 p50=35.46ms p95=152.70ms p99=198.97ms err=0
[status] PUB sent=2240644 itps=0.00 tps=930.15 pubs=4000 err=0 | SUB recv=2240294 itps=0.00 tps=930.02 p50=35.46ms p95=152.70ms p99=198.97ms err=0
[status] PUB sent=2240644 itps=0.00 tps=929.76 pubs=4000 err=0 | SUB recv=2240294 itps=0.00 tps=929.64 p50=35.46ms p95=152.70ms p99=198.97ms err=0
[status] PUB sent=2240644 itps=0.00 tps=929.38 pubs=4000 err=0 | SUB recv=2240294 itps=0.00 tps=929.25 p50=35.46ms p95=152.70ms p99=198.97ms err=0
[status] PUB sent=2240644 itps=0.00 tps=928.99 pubs=4000 err=0 | SUB recv=2240294 itps=0.00 tps=928.87 p50=35.46ms p95=152.70ms p99=198.97ms err=0
[status] PUB sent=2240644 itps=0.00 tps=928.61 pubs=4000 err=0 | SUB recv=2240294 itps=0.00 tps=928.48 p50=35.46ms p95=152.70ms p99=198.97ms err=0
[status] PUB sent=2240644 itps=0.00 tps=928.22 pubs=4000 err=0 | SUB recv=2240294 itps=0.00 tps=928.10 p50=35.46ms p95=152.70ms p99=198.97ms err=0
[status] PUB sent=2240644 itps=0.00 tps=927.84 pubs=4000 err=0 | SUB recv=2240294 itps=0.00 tps=927.71 p50=35.46ms p95=152.70ms p99=198.97ms err=0
[status] PUB sent=2240644 itps=0.00 tps=927.46 pubs=4000 err=0 | SUB recv=2240294 itps=0.00 tps=927.33 p50=35.46ms p95=152.70ms p99=198.97ms err=0
[status] PUB sent=2240644 itps=0.00 tps=927.07 pubs=4000 err=0 | SUB recv=2240294 itps=0.00 tps=926.95 p50=35.46ms p95=152.70ms p99=198.97ms err=0
[status] PUB sent=2240644 itps=0.00 tps=926.69 pubs=4000 err=0 | SUB recv=2240294 itps=0.00 tps=926.56 p50=35.46ms p95=152.70ms p99=198.97ms err=0
[status] PUB sent=2240644 itps=0.00 tps=926.31 pubs=4000 err=0 | SUB recv=2240294 itps=0.00 tps=926.18 p50=35.46ms p95=152.70ms p99=198.97ms err=0
[status] PUB sent=2240644 itps=0.00 tps=925.92 pubs=4000 err=0 | SUB recv=2240294 itps=0.00 tps=925.80 p50=35.46ms p95=152.70ms p99=198.97ms err=0
[status] PUB sent=2240644 itps=0.00 tps=925.54 pubs=4000 err=0 | SUB recv=2240294 itps=0.00 tps=925.41 p50=35.46ms p95=152.70ms p99=198.97ms err=0
[status] PUB sent=2240644 itps=0.00 tps=925.16 pubs=4000 err=0 | SUB recv=2240294 itps=0.00 tps=925.03 p50=35.46ms p95=152.70ms p99=198.97ms err=0
[status] PUB sent=2240644 itps=0.00 tps=924.78 pubs=4000 err=0 | SUB recv=2240294 itps=0.00 tps=924.65 p50=35.46ms p95=152.70ms p99=198.97ms err=0
[status] PUB sent=2240644 itps=0.00 tps=924.39 pubs=4000 err=0 | SUB recv=2240294 itps=0.00 tps=924.27 p50=35.46ms p95=152.70ms p99=198.97ms err=0
[status] PUB sent=2240644 itps=0.00 tps=924.01 pubs=4000 err=0 | SUB recv=2240294 itps=0.00 tps=923.89 p50=35.46ms p95=152.70ms p99=198.97ms err=0
[status] PUB sent=2240644 itps=0.00 tps=923.63 pubs=4000 err=0 | SUB recv=2240294 itps=0.00 tps=923.51 p50=35.46ms p95=152.70ms p99=198.97ms err=0
[status] PUB sent=2240644 itps=0.00 tps=923.25 pubs=4000 err=0 | SUB recv=2240294 itps=0.00 tps=923.13 p50=35.46ms p95=152.70ms p99=198.97ms err=0
[status] PUB sent=2240644 itps=0.00 tps=922.87 pubs=4000 err=0 | SUB recv=2240294 itps=0.00 tps=922.75 p50=35.46ms p95=152.70ms p99=198.97ms err=0
[status] PUB sent=2240644 itps=0.00 tps=922.49 pubs=4000 err=0 | SUB recv=2240294 itps=0.00 tps=922.37 p50=35.46ms p95=152.70ms p99=198.97ms err=0
[status] PUB sent=2240644 itps=0.00 tps=922.11 pubs=4000 err=0 | SUB recv=2240294 itps=0.00 tps=921.99 p50=35.46ms p95=152.70ms p99=198.97ms err=0
[status] PUB sent=2240644 itps=0.00 tps=921.73 pubs=4000 err=0 | SUB recv=2240294 itps=0.00 tps=921.61 p50=35.46ms p95=152.70ms p99=198.97ms err=0
[status] PUB sent=2240644 itps=0.00 tps=921.35 pubs=4000 err=0 | SUB recv=2240294 itps=0.00 tps=921.23 p50=35.46ms p95=152.70ms p99=198.97ms err=0
[status] PUB sent=2240644 itps=0.00 tps=920.98 pubs=4000 err=0 | SUB recv=2240294 itps=0.00 tps=920.85 p50=35.46ms p95=152.70ms p99=198.97ms err=0
[status] PUB sent=2240644 itps=0.00 tps=920.60 pubs=4000 err=0 | SUB recv=2240294 itps=0.00 tps=920.47 p50=35.46ms p95=152.70ms p99=198.97ms err=0
[status] PUB sent=2240644 itps=0.00 tps=920.22 pubs=4000 err=0 | SUB recv=2240294 itps=0.00 tps=920.09 p50=35.46ms p95=152.70ms p99=198.97ms err=0
[status] PUB sent=2240644 itps=0.00 tps=919.84 pubs=4000 err=0 | SUB recv=2240294 itps=0.00 tps=919.71 p50=35.46ms p95=152.70ms p99=198.97ms err=0
[status] PUB sent=2240644 itps=0.00 tps=919.46 pubs=4000 err=0 | SUB recv=2240294 itps=0.00 tps=919.34 p50=35.46ms p95=152.70ms p99=198.97ms err=0
[status] PUB sent=2240644 itps=0.00 tps=919.09 pubs=4000 err=0 | SUB recv=2240294 itps=0.00 tps=918.96 p50=35.46ms p95=152.70ms p99=198.97ms err=0
[status] PUB sent=2240644 itps=0.00 tps=918.71 pubs=4000 err=0 | SUB recv=2240294 itps=0.00 tps=918.58 p50=35.46ms p95=152.70ms p99=198.97ms err=0
[status] PUB sent=2240644 itps=0.00 tps=918.33 pubs=4000 err=0 | SUB recv=2240294 itps=0.00 tps=918.21 p50=35.46ms p95=152.70ms p99=198.97ms err=0
[status] PUB sent=2240644 itps=0.00 tps=917.96 pubs=4000 err=0 | SUB recv=2240294 itps=0.00 tps=917.83 p50=35.46ms p95=152.70ms p99=198.97ms err=0
[status] PUB sent=2240644 itps=0.00 tps=917.58 pubs=4000 err=0 | SUB recv=2240294 itps=0.00 tps=917.46 p50=35.46ms p95=152.70ms p99=198.97ms err=0
[status] PUB sent=2240644 itps=0.00 tps=917.20 pubs=4000 err=0 | SUB recv=2240294 itps=0.00 tps=917.08 p50=35.46ms p95=152.70ms p99=198.97ms err=0
[status] PUB sent=2240644 itps=0.00 tps=916.83 pubs=4000 err=0 | SUB recv=2240294 itps=0.00 tps=916.70 p50=35.46ms p95=152.70ms p99=198.97ms err=0
[status] PUB sent=2240644 itps=0.00 tps=916.45 pubs=4000 err=0 | SUB recv=2240294 itps=0.00 tps=916.33 p50=35.46ms p95=152.70ms p99=198.97ms err=0
[status] PUB sent=2240644 itps=0.00 tps=916.08 pubs=4000 err=0 | SUB recv=2240294 itps=0.00 tps=915.95 p50=35.46ms p95=152.70ms p99=198.97ms err=0
[status] PUB sent=2240644 itps=0.00 tps=915.71 pubs=4000 err=0 | SUB recv=2240294 itps=0.00 tps=915.58 p50=35.46ms p95=152.70ms p99=198.97ms err=0
[status] PUB sent=2240644 itps=0.00 tps=915.33 pubs=4000 err=0 | SUB recv=2240294 itps=0.00 tps=915.21 p50=35.46ms p95=152.70ms p99=198.97ms err=0
[status] PUB sent=2240644 itps=0.00 tps=914.96 pubs=4000 err=0 | SUB recv=2240294 itps=0.00 tps=914.83 p50=35.46ms p95=152.70ms p99=198.97ms err=0
[status] PUB sent=2240644 itps=0.00 tps=914.58 pubs=4000 err=0 | SUB recv=2240294 itps=0.00 tps=914.46 p50=35.46ms p95=152.70ms p99=198.97ms err=0
[status] PUB sent=2240644 itps=0.00 tps=914.21 pubs=4000 err=0 | SUB recv=2240294 itps=0.00 tps=914.09 p50=35.46ms p95=152.70ms p99=198.97ms err=0
[status] PUB sent=2240644 itps=0.00 tps=913.84 pubs=4000 err=0 | SUB recv=2240294 itps=0.00 tps=913.71 p50=35.46ms p95=152.70ms p99=198.97ms err=0
[status] PUB sent=2240644 itps=0.00 tps=913.47 pubs=4000 err=0 | SUB recv=2240294 itps=0.00 tps=913.34 p50=35.46ms p95=152.70ms p99=198.97ms err=0
[status] PUB sent=2240644 itps=0.00 tps=913.09 pubs=4000 err=0 | SUB recv=2240294 itps=0.00 tps=912.97 p50=35.46ms p95=152.70ms p99=198.97ms err=0
[status] PUB sent=2240644 itps=0.00 tps=912.72 pubs=4000 err=0 | SUB recv=2240294 itps=0.00 tps=912.60 p50=35.46ms p95=152.70ms p99=198.97ms err=0
[status] PUB sent=2240644 itps=0.00 tps=912.35 pubs=4000 err=0 | SUB recv=2240294 itps=0.00 tps=912.23 p50=35.46ms p95=152.70ms p99=198.97ms err=0
[status] PUB sent=2240644 itps=0.00 tps=911.98 pubs=4000 err=0 | SUB recv=2240294 itps=0.00 tps=911.85 p50=35.46ms p95=152.70ms p99=198.97ms err=0
[status] PUB sent=2240644 itps=0.00 tps=911.61 pubs=4000 err=0 | SUB recv=2240294 itps=0.00 tps=911.48 p50=35.46ms p95=152.70ms p99=198.97ms err=0
[status] PUB sent=2240644 itps=0.00 tps=911.24 pubs=4000 err=0 | SUB recv=2240294 itps=0.00 tps=910.74 p50=35.46ms p95=152.70ms p99=198.97ms err=0
[status] PUB sent=2240644 itps=0.00 tps=910.50 pubs=4000 err=0 | SUB recv=2240294 itps=0.00 tps=910.37 p50=35.46ms p95=152.70ms p99=198.97ms err=0
[status] PUB sent=2240644 itps=0.00 tps=910.13 pubs=4000 err=0 | SUB recv=2240294 itps=0.00 tps=910.00 p50=35.46ms p95=152.70ms p99=198.97ms err=0
[status] PUB sent=2240644 itps=0.00 tps=909.76 pubs=4000 err=0 | SUB recv=2240294 itps=0.00 tps=909.63 p50=35.46ms p95=152.70ms p99=198.97ms err=0
[status] PUB sent=2240644 itps=0.00 tps=909.39 pubs=4000 err=0 | SUB recv=2240294 itps=0.00 tps=909.26 p50=35.46ms p95=152.70ms p99=198.97ms err=0
[status] PUB sent=2240644 itps=0.00 tps=909.02 pubs=4000 err=0 | SUB recv=2240294 itps=0.00 tps=908.89 p50=35.46ms p95=152.70ms p99=198.97ms err=0
[status] PUB sent=2240644 itps=0.00 tps=908.65 pubs=4000 err=0 | SUB recv=2240294 itps=0.00 tps=908.53 p50=35.46ms p95=152.70ms p99=198.97ms err=0
[status] PUB sent=2240644 itps=0.00 tps=908.28 pubs=4000 err=0 | SUB recv=2240294 itps=0.00 tps=908.16 p50=35.46ms p95=152.70ms p99=198.97ms err=0
[status] PUB sent=2240644 itps=0.00 tps=907.91 pubs=4000 err=0 | SUB recv=2240294 itps=0.00 tps=907.79 p50=35.46ms p95=152.70ms p99=198.97ms err=0
[status] PUB sent=2240644 itps=0.00 tps=907.55 pubs=4000 err=0 | SUB recv=2240294 itps=0.00 tps=907.42 p50=35.46ms p95=152.70ms p99=198.97ms err=0
[status] PUB sent=2240644 itps=0.00 tps=907.18 pubs=4000 err=0 | SUB recv=2240294 itps=0.00 tps=907.05 p50=35.46ms p95=152.70ms p99=198.97ms err=0
[status] PUB sent=2240644 itps=0.00 tps=906.81 pubs=4000 err=0 | SUB recv=2240294 itps=0.00 tps=906.69 p50=35.46ms p95=152.70ms p99=198.97ms err=0
[status] PUB sent=2240644 itps=0.00 tps=906.44 pubs=4000 err=0 | SUB recv=2240294 itps=0.00 tps=906.32 p50=35.46ms p95=152.70ms p99=198.97ms err=0
[status] PUB sent=2240644 itps=0.00 tps=906.08 pubs=4000 err=0 | SUB recv=2240294 itps=0.00 tps=905.95 p50=35.46ms p95=152.70ms p99=198.97ms err=0
[status] PUB sent=2240644 itps=0.00 tps=905.71 pubs=4000 err=0 | SUB recv=2240294 itps=0.00 tps=905.59 p50=35.46ms p95=152.70ms p99=198.97ms err=0
[status] PUB sent=2240644 itps=0.00 tps=905.35 pubs=4000 err=0 | SUB recv=2240294 itps=0.00 tps=905.22 p50=35.46ms p95=152.70ms p99=198.97ms err=0
[status] PUB sent=2240644 itps=0.00 tps=904.98 pubs=4000 err=0 | SUB recv=2240294 itps=0.00 tps=904.86 p50=35.46ms p95=152.70ms p99=198.97ms err=0
[status] PUB sent=2240644 itps=0.00 tps=904.61 pubs=4000 err=0 | SUB recv=2240294 itps=0.00 tps=904.49 p50=35.46ms p95=152.70ms p99=198.97ms err=0
[status] PUB sent=2240644 itps=0.00 tps=904.25 pubs=4000 err=0 | SUB recv=2240294 itps=0.00 tps=904.13 p50=35.46ms p95=152.70ms p99=198.97ms err=0
[status] PUB sent=2240644 itps=0.00 tps=903.88 pubs=4000 err=0 | SUB recv=2240294 itps=0.00 tps=903.76 p50=35.46ms p95=152.70ms p99=198.97ms err=0
[status] PUB sent=2240644 itps=0.00 tps=903.52 pubs=4000 err=0 | SUB recv=2240294 itps=0.00 tps=903.40 p50=35.46ms p95=152.70ms p99=198.97ms err=0
[status] PUB sent=2240644 itps=0.00 tps=903.16 pubs=4000 err=0 | SUB recv=2240294 itps=0.00 tps=903.03 p50=35.46ms p95=152.70ms p99=198.97ms err=0
[status] PUB sent=2240644 itps=0.00 tps=902.79 pubs=4000 err=0 | SUB recv=2240294 itps=0.00 tps=902.67 p50=35.46ms p95=152.70ms p99=198.97ms err=0
[status] PUB sent=2240644 itps=0.00 tps=902.43 pubs=4000 err=0 | SUB recv=2240294 itps=0.00 tps=902.30 p50=35.46ms p95=152.70ms p99=198.97ms err=0
[status] PUB sent=2240644 itps=0.00 tps=902.07 pubs=4000 err=0 | SUB recv=2240294 itps=0.00 tps=901.94 p50=35.46ms p95=152.70ms p99=198.97ms err=0
[status] PUB sent=2240644 itps=0.00 tps=901.70 pubs=4000 err=0 | SUB recv=2240294 itps=0.00 tps=901.58 p50=35.46ms p95=152.70ms p99=198.97ms err=0
[status] PUB sent=2240644 itps=0.00 tps=901.34 pubs=4000 err=0 | SUB recv=2240294 itps=0.00 tps=901.22 p50=35.46ms p95=152.70ms p99=198.97ms err=0
[status] PUB sent=2240644 itps=0.00 tps=900.98 pubs=4000 err=0 | SUB recv=2240294 itps=0.00 tps=900.85 p50=35.46ms p95=152.70ms p99=198.97ms err=0
[status] PUB sent=2240644 itps=0.00 tps=900.62 pubs=4000 err=0 | SUB recv=2240294 itps=0.00 tps=900.49 p50=35.46ms p95=152.70ms p99=198.97ms err=0
[status] PUB sent=2240644 itps=0.00 tps=900.25 pubs=4000 err=0 | SUB recv=2240294 itps=0.00 tps=900.13 p50=35.46ms p95=152.70ms p99=198.97ms err=0
[status] PUB sent=2240644 itps=0.00 tps=899.89 pubs=4000 err=0 | SUB recv=2240294 itps=0.00 tps=899.77 p50=35.46ms p95=152.70ms p99=198.97ms err=0
[status] PUB sent=2240644 itps=0.00 tps=899.53 pubs=4000 err=0 | SUB recv=2240294 itps=0.00 tps=899.41 p50=35.46ms p95=152.70ms p99=198.97ms err=0
[status] PUB sent=2240644 itps=0.00 tps=899.17 pubs=4000 err=0 | SUB recv=2240294 itps=0.00 tps=899.05 p50=35.46ms p95=152.70ms p99=198.97ms err=0
[status] PUB sent=2240644 itps=0.00 tps=898.81 pubs=4000 err=0 | SUB recv=2240294 itps=0.00 tps=898.69 p50=35.46ms p95=152.70ms p99=198.97ms err=0
[status] PUB sent=2240644 itps=0.00 tps=898.45 pubs=4000 err=0 | SUB recv=2240294 itps=0.00 tps=898.33 p50=35.46ms p95=152.70ms p99=198.97ms err=0
[status] PUB sent=2240644 itps=0.00 tps=898.09 pubs=4000 err=0 | SUB recv=2240294 itps=0.00 tps=897.96 p50=35.46ms p95=152.70ms p99=198.97ms err=0
[status] PUB sent=2240644 itps=0.00 tps=897.73 pubs=4000 err=0 | SUB recv=2240294 itps=0.00 tps=897.61 p50=35.46ms p95=152.70ms p99=198.97ms err=0
[status] PUB sent=2240644 itps=0.00 tps=897.37 pubs=4000 err=0 | SUB recv=2240294 itps=0.00 tps=897.25 p50=35.46ms p95=152.70ms p99=198.97ms err=0
[status] PUB sent=2240644 itps=0.00 tps=897.01 pubs=4000 err=0 | SUB recv=2240294 itps=0.00 tps=896.89 p50=35.46ms p95=152.70ms p99=198.97ms err=0
[status] PUB sent=2240644 itps=0.00 tps=896.65 pubs=4000 err=0 | SUB recv=2240294 itps=0.00 tps=896.53 p50=35.46ms p95=152.70ms p99=198.97ms err=0
[status] PUB sent=2240644 itps=0.00 tps=896.29 pubs=4000 err=0 | SUB recv=2240294 itps=0.00 tps=896.17 p50=35.46ms p95=152.70ms p99=198.97ms err=0
[status] PUB sent=2240644 itps=0.00 tps=895.93 pubs=4000 err=0 | SUB recv=2240294 itps=0.00 tps=895.81 p50=35.46ms p95=152.70ms p99=198.97ms err=0
[status] PUB sent=2240644 itps=0.00 tps=895.58 pubs=4000 err=0 | SUB recv=2240294 itps=0.00 tps=895.45 p50=35.46ms p95=152.70ms p99=198.97ms err=0
[status] PUB sent=2240644 itps=0.00 tps=895.22 pubs=4000 err=0 | SUB recv=2240294 itps=0.00 tps=895.09 p50=35.46ms p95=152.70ms p99=198.97ms err=0
[status] PUB sent=2240644 itps=0.00 tps=894.86 pubs=4000 err=0 | SUB recv=2240294 itps=0.00 tps=894.74 p50=35.46ms p95=152.70ms p99=198.97ms err=0
[status] PUB sent=2240644 itps=0.00 tps=894.50 pubs=4000 err=0 | SUB recv=2240294 itps=0.00 tps=894.38 p50=35.46ms p95=152.70ms p99=198.97ms err=0
[status] PUB sent=2240644 itps=0.00 tps=894.15 pubs=4000 err=0 | SUB recv=2240294 itps=0.00 tps=894.02 p50=35.46ms p95=152.70ms p99=198.97ms err=0
[status] PUB sent=2240644 itps=0.00 tps=893.79 pubs=4000 err=0 | SUB recv=2240294 itps=0.00 tps=893.67 p50=35.46ms p95=152.70ms p99=198.97ms err=0
[status] PUB sent=2240644 itps=0.00 tps=893.43 pubs=4000 err=0 | SUB recv=2240294 itps=0.00 tps=893.31 p50=35.46ms p95=152.70ms p99=198.97ms err=0
[status] PUB sent=2240644 itps=0.00 tps=893.08 pubs=4000 err=0 | SUB recv=2240294 itps=0.00 tps=892.95 p50=35.46ms p95=152.70ms p99=198.97ms err=0
[status] PUB sent=2240644 itps=0.00 tps=892.72 pubs=4000 err=0 | SUB recv=2240294 itps=0.00 tps=892.60 p50=35.46ms p95=152.70ms p99=198.97ms err=0
[status] PUB sent=2240644 itps=0.00 tps=892.37 pubs=4000 err=0 | SUB recv=2240294 itps=0.00 tps=892.24 p50=35.46ms p95=152.70ms p99=198.97ms err=0
[status] PUB sent=2240644 itps=0.00 tps=892.01 pubs=4000 err=0 | SUB recv=2240294 itps=0.00 tps=891.89 p50=35.46ms p95=152.70ms p99=198.97ms err=0
[status] PUB sent=2240644 itps=0.00 tps=891.66 pubs=4000 err=0 | SUB recv=2240294 itps=0.00 tps=891.53 p50=35.46ms p95=152.70ms p99=198.97ms err=0
[status] PUB sent=2240644 itps=0.00 tps=891.30 pubs=4000 err=0 | SUB recv=2240294 itps=0.00 tps=891.18 p50=35.46ms p95=152.70ms p99=198.97ms err=0
[status] PUB sent=2240644 itps=0.00 tps=890.95 pubs=4000 err=0 | SUB recv=2240294 itps=0.00 tps=890.82 p50=35.46ms p95=152.70ms p99=198.97ms err=0
[status] PUB sent=2240644 itps=0.00 tps=890.59 pubs=4000 err=0 | SUB recv=2240294 itps=0.00 tps=890.47 p50=35.46ms p95=152.70ms p99=198.97ms err=0
[status] PUB sent=2240644 itps=0.00 tps=890.24 pubs=4000 err=0 | SUB recv=2240294 itps=0.00 tps=890.12 p50=35.46ms p95=152.70ms p99=198.97ms err=0
[status] PUB sent=2240644 itps=0.00 tps=889.88 pubs=4000 err=0 | SUB recv=2240294 itps=0.00 tps=889.76 p50=35.46ms p95=152.70ms p99=198.97ms err=0
[status] PUB sent=2240644 itps=0.00 tps=889.53 pubs=4000 err=0 | SUB recv=2240294 itps=0.00 tps=889.41 p50=35.46ms p95=152.70ms p99=198.97ms err=0
[status] PUB sent=2240644 itps=0.00 tps=889.18 pubs=4000 err=0 | SUB recv=2240294 itps=0.00 tps=889.06 p50=35.46ms p95=152.70ms p99=198.97ms err=0
[status] PUB sent=2240644 itps=0.00 tps=888.83 pubs=4000 err=0 | SUB recv=2240294 itps=0.00 tps=888.70 p50=35.46ms p95=152.70ms p99=198.97ms err=0
[status] PUB sent=2240644 itps=0.00 tps=888.47 pubs=4000 err=0 | SUB recv=2240294 itps=0.00 tps=888.35 p50=35.46ms p95=152.70ms p99=198.97ms err=0
[status] PUB sent=2240644 itps=0.00 tps=888.12 pubs=4000 err=0 | SUB recv=2240294 itps=0.00 tps=888.00 p50=35.46ms p95=152.70ms p99=198.97ms err=0
[status] PUB sent=2240644 itps=0.00 tps=887.77 pubs=4000 err=0 | SUB recv=2240294 itps=0.00 tps=887.65 p50=35.46ms p95=152.70ms p99=198.97ms err=0
[status] PUB sent=2240644 itps=0.00 tps=887.42 pubs=4000 err=0 | SUB recv=2240294 itps=0.00 tps=887.30 p50=35.46ms p95=152.70ms p99=198.97ms err=0
[status] PUB sent=2240644 itps=0.00 tps=887.07 pubs=4000 err=0 | SUB recv=2240294 itps=0.00 tps=886.59 p50=35.46ms p95=152.70ms p99=198.97ms err=0
[status] PUB sent=2240644 itps=0.00 tps=886.36 pubs=4000 err=0 | SUB recv=2240294 itps=0.00 tps=886.24 p50=35.46ms p95=152.70ms p99=198.97ms err=0
[status] PUB sent=2240644 itps=0.00 tps=886.01 pubs=4000 err=0 | SUB recv=2240294 itps=0.00 tps=885.89 p50=35.46ms p95=152.70ms p99=198.97ms err=0
[status] PUB sent=2240644 itps=0.00 tps=885.66 pubs=4000 err=0 | SUB recv=2240294 itps=0.00 tps=885.54 p50=35.46ms p95=152.70ms p99=198.97ms err=0
[status] PUB sent=2240644 itps=0.00 tps=885.31 pubs=4000 err=0 | SUB recv=2240294 itps=0.00 tps=885.19 p50=35.46ms p95=152.70ms p99=198.97ms err=0
[status] PUB sent=2240644 itps=0.00 tps=884.96 pubs=4000 err=0 | SUB recv=2240294 itps=0.00 tps=884.84 p50=35.46ms p95=152.70ms p99=198.97ms err=0
[status] PUB sent=2240644 itps=0.00 tps=884.61 pubs=4000 err=0 | SUB recv=2240294 itps=0.00 tps=884.49 p50=35.46ms p95=152.70ms p99=198.97ms err=0
[status] PUB sent=2240644 itps=0.00 tps=884.27 pubs=4000 err=0 | SUB recv=2240294 itps=0.00 tps=884.14 p50=35.46ms p95=152.70ms p99=198.97ms err=0
[status] PUB sent=2240644 itps=0.00 tps=883.92 pubs=4000 err=0 | SUB recv=2240294 itps=0.00 tps=883.80 p50=35.46ms p95=152.70ms p99=198.97ms err=0
[status] PUB sent=2240644 itps=0.00 tps=883.57 pubs=4000 err=0 | SUB recv=2240294 itps=0.00 tps=883.45 p50=35.46ms p95=152.70ms p99=198.97ms err=0
[status] PUB sent=2240644 itps=0.00 tps=883.22 pubs=4000 err=0 | SUB recv=2240294 itps=0.00 tps=883.10 p50=35.46ms p95=152.70ms p99=198.97ms err=0
[status] PUB sent=2240644 itps=0.00 tps=882.87 pubs=4000 err=0 | SUB recv=2240294 itps=0.00 tps=882.75 p50=35.46ms p95=152.70ms p99=198.97ms err=0
[status] PUB sent=2240644 itps=0.00 tps=882.52 pubs=4000 err=0 | SUB recv=2240294 itps=0.00 tps=882.40 p50=35.46ms p95=152.70ms p99=198.97ms err=0
[status] PUB sent=2240644 itps=0.00 tps=882.18 pubs=4000 err=0 | SUB recv=2240294 itps=0.00 tps=882.06 p50=35.46ms p95=152.70ms p99=198.97ms err=0
[status] PUB sent=2240644 itps=0.00 tps=881.83 pubs=4000 err=0 | SUB recv=2240294 itps=0.00 tps=881.71 p50=35.46ms p95=152.70ms p99=198.97ms err=0
[status] PUB sent=2240644 itps=0.00 tps=881.48 pubs=4000 err=0 | SUB recv=2240294 itps=0.00 tps=881.36 p50=35.46ms p95=152.70ms p99=198.97ms err=0
[status] PUB sent=2240644 itps=0.00 tps=881.14 pubs=4000 err=0 | SUB recv=2240294 itps=0.00 tps=881.01 p50=35.46ms p95=152.70ms p99=198.97ms err=0
[status] PUB sent=2240644 itps=0.00 tps=880.79 pubs=4000 err=0 | SUB recv=2240294 itps=0.00 tps=880.67 p50=35.46ms p95=152.70ms p99=198.97ms err=0
[status] PUB sent=2240644 itps=0.00 tps=880.44 pubs=4000 err=0 | SUB recv=2240294 itps=0.00 tps=880.32 p50=35.46ms p95=152.70ms p99=198.97ms err=0
[status] PUB sent=2240644 itps=0.00 tps=880.10 pubs=4000 err=0 | SUB recv=2240294 itps=0.00 tps=879.98 p50=35.46ms p95=152.70ms p99=198.97ms err=0
[status] PUB sent=2240644 itps=0.00 tps=879.75 pubs=4000 err=0 | SUB recv=2240294 itps=0.00 tps=879.63 p50=35.46ms p95=152.70ms p99=198.97ms err=0
[status] PUB sent=2240644 itps=0.00 tps=879.41 pubs=4000 err=0 | SUB recv=2240294 itps=0.00 tps=879.29 p50=35.46ms p95=152.70ms p99=198.97ms err=0
[status] PUB sent=2240644 itps=0.00 tps=879.06 pubs=4000 err=0 | SUB recv=2240294 itps=0.00 tps=878.94 p50=35.46ms p95=152.70ms p99=198.97ms err=0
[status] PUB sent=2240644 itps=0.00 tps=878.72 pubs=4000 err=0 | SUB recv=2240294 itps=0.00 tps=878.60 p50=35.46ms p95=152.70ms p99=198.97ms err=0
[status] PUB sent=2240644 itps=0.00 tps=878.37 pubs=4000 err=0 | SUB recv=2240294 itps=0.00 tps=878.25 p50=35.46ms p95=152.70ms p99=198.97ms err=0
[status] PUB sent=2240644 itps=0.00 tps=878.03 pubs=4000 err=0 | SUB recv=2240294 itps=0.00 tps=877.91 p50=35.46ms p95=152.70ms p99=198.97ms err=0
[status] PUB sent=2240644 itps=0.00 tps=877.68 pubs=4000 err=0 | SUB recv=2240294 itps=0.00 tps=877.56 p50=35.46ms p95=152.70ms p99=198.97ms err=0
[status] PUB sent=2240644 itps=0.00 tps=877.34 pubs=4000 err=0 | SUB recv=2240294 itps=0.00 tps=877.22 p50=35.46ms p95=152.70ms p99=198.97ms err=0
[status] PUB sent=2240644 itps=0.00 tps=877.00 pubs=4000 err=0 | SUB recv=2240294 itps=0.00 tps=876.88 p50=35.46ms p95=152.70ms p99=198.97ms err=0
[status] PUB sent=2240644 itps=0.00 tps=876.65 pubs=4000 err=0 | SUB recv=2240294 itps=0.00 tps=876.53 p50=35.46ms p95=152.70ms p99=198.97ms err=0
[status] PUB sent=2240644 itps=0.00 tps=876.31 pubs=4000 err=0 | SUB recv=2240294 itps=0.00 tps=876.19 p50=35.46ms p95=152.70ms p99=198.97ms err=0
[status] PUB sent=2240644 itps=0.00 tps=875.97 pubs=4000 err=0 | SUB recv=2240294 itps=0.00 tps=875.85 p50=35.46ms p95=152.70ms p99=198.97ms err=0
[status] PUB sent=2240644 itps=0.00 tps=875.63 pubs=4000 err=0 | SUB recv=2240294 itps=0.00 tps=875.51 p50=35.46ms p95=152.70ms p99=198.97ms err=0
[status] PUB sent=2240644 itps=0.00 tps=875.28 pubs=4000 err=0 | SUB recv=2240294 itps=0.00 tps=875.16 p50=35.46ms p95=152.70ms p99=198.97ms err=0
[status] PUB sent=2240644 itps=0.00 tps=874.94 pubs=4000 err=0 | SUB recv=2240294 itps=0.00 tps=874.82 p50=35.46ms p95=152.70ms p99=198.97ms err=0
[status] PUB sent=2240644 itps=0.00 tps=874.60 pubs=4000 err=0 | SUB recv=2240294 itps=0.00 tps=874.48 p50=35.46ms p95=152.70ms p99=198.97ms err=0
[status] PUB sent=2240644 itps=0.00 tps=874.26 pubs=4000 err=0 | SUB recv=2240294 itps=0.00 tps=874.14 p50=35.46ms p95=152.70ms p99=198.97ms err=0
[status] PUB sent=2240644 itps=0.00 tps=873.92 pubs=4000 err=0 | SUB recv=2240294 itps=0.00 tps=873.80 p50=35.46ms p95=152.70ms p99=198.97ms err=0
[status] PUB sent=2240644 itps=0.00 tps=873.58 pubs=4000 err=0 | SUB recv=2240294 itps=0.00 tps=873.46 p50=35.46ms p95=152.70ms p99=198.97ms err=0
[status] PUB sent=2240644 itps=0.00 tps=873.24 pubs=4000 err=0 | SUB recv=2240294 itps=0.00 tps=873.12 p50=35.46ms p95=152.70ms p99=198.97ms err=0
[status] PUB sent=2240644 itps=0.00 tps=872.90 pubs=4000 err=0 | SUB recv=2240294 itps=0.00 tps=872.78 p50=35.46ms p95=152.70ms p99=198.97ms err=0
[status] PUB sent=2240644 itps=0.00 tps=872.56 pubs=4000 err=0 | SUB recv=2240294 itps=0.00 tps=872.44 p50=35.46ms p95=152.70ms p99=198.97ms err=0
[status] PUB sent=2240644 itps=0.00 tps=872.22 pubs=4000 err=0 | SUB recv=2240294 itps=0.00 tps=872.10 p50=35.46ms p95=152.70ms p99=198.97ms err=0
[status] PUB sent=2240644 itps=0.00 tps=871.88 pubs=4000 err=0 | SUB recv=2240294 itps=0.00 tps=871.76 p50=35.46ms p95=152.70ms p99=198.97ms err=0
[status] PUB sent=2240644 itps=0.00 tps=871.54 pubs=4000 err=0 | SUB recv=2240294 itps=0.00 tps=871.42 p50=35.46ms p95=152.70ms p99=198.97ms err=0
[status] PUB sent=2240644 itps=0.00 tps=871.20 pubs=4000 err=0 | SUB recv=2240294 itps=0.00 tps=871.08 p50=35.46ms p95=152.70ms p99=198.97ms err=0
[status] PUB sent=2240644 itps=0.00 tps=870.86 pubs=4000 err=0 | SUB recv=2240294 itps=0.00 tps=870.74 p50=35.46ms p95=152.70ms p99=198.97ms err=0
[status] PUB sent=2240644 itps=0.00 tps=870.52 pubs=4000 err=0 | SUB recv=2240294 itps=0.00 tps=870.40 p50=35.46ms p95=152.70ms p99=198.97ms err=0
[status] PUB sent=2240644 itps=0.00 tps=870.19 pubs=4000 err=0 | SUB recv=2240294 itps=0.00 tps=870.07 p50=35.46ms p95=152.70ms p99=198.97ms err=0
[status] PUB sent=2240644 itps=0.00 tps=869.85 pubs=4000 err=0 | SUB recv=2240294 itps=0.00 tps=869.73 p50=35.46ms p95=152.70ms p99=198.97ms err=0
[status] PUB sent=2240644 itps=0.00 tps=869.51 pubs=4000 err=0 | SUB recv=2240294 itps=0.00 tps=869.39 p50=35.46ms p95=152.70ms p99=198.97ms err=0
[status] PUB sent=2240644 itps=0.00 tps=869.17 pubs=4000 err=0 | SUB recv=2240294 itps=0.00 tps=869.05 p50=35.46ms p95=152.70ms p99=198.97ms err=0
[status] PUB sent=2240644 itps=0.00 tps=868.84 pubs=4000 err=0 | SUB recv=2240294 itps=0.00 tps=868.72 p50=35.46ms p95=152.70ms p99=198.97ms err=0
[status] PUB sent=2240644 itps=0.00 tps=868.50 pubs=4000 err=0 | SUB recv=2240294 itps=0.00 tps=868.38 p50=35.46ms p95=152.70ms p99=198.97ms err=0
[status] PUB sent=2240644 itps=0.00 tps=868.16 pubs=4000 err=0 | SUB recv=2240294 itps=0.00 tps=868.04 p50=35.46ms p95=152.70ms p99=198.97ms err=0
[status] PUB sent=2240644 itps=0.00 tps=867.83 pubs=4000 err=0 | SUB recv=2240294 itps=0.00 tps=867.71 p50=35.46ms p95=152.70ms p99=198.97ms err=0
[status] PUB sent=2240644 itps=0.00 tps=867.49 pubs=4000 err=0 | SUB recv=2240294 itps=0.00 tps=867.37 p50=35.46ms p95=152.70ms p99=198.97ms err=0
[status] PUB sent=2240644 itps=0.00 tps=867.15 pubs=4000 err=0 | SUB recv=2240294 itps=0.00 tps=867.03 p50=35.46ms p95=152.70ms p99=198.97ms err=0
[status] PUB sent=2240644 itps=0.00 tps=866.82 pubs=4000 err=0 | SUB recv=2240294 itps=0.00 tps=866.70 p50=35.46ms p95=152.70ms p99=198.97ms err=0
[status] PUB sent=2240644 itps=0.00 tps=866.48 pubs=4000 err=0 | SUB recv=2240294 itps=0.00 tps=866.36 p50=35.46ms p95=152.70ms p99=198.97ms err=0
[status] PUB sent=2240644 itps=0.00 tps=866.15 pubs=4000 err=0 | SUB recv=2240294 itps=0.00 tps=866.03 p50=35.46ms p95=152.70ms p99=198.97ms err=0
[status] PUB sent=2240644 itps=0.00 tps=865.81 pubs=4000 err=0 | SUB recv=2240294 itps=0.00 tps=865.69 p50=35.46ms p95=152.70ms p99=198.97ms err=0
[status] PUB sent=2240644 itps=0.00 tps=865.48 pubs=4000 err=0 | SUB recv=2240294 itps=0.00 tps=865.36 p50=35.46ms p95=152.70ms p99=198.97ms err=0
[status] PUB sent=2240644 itps=0.00 tps=865.15 pubs=4000 err=0 | SUB recv=2240294 itps=0.00 tps=865.03 p50=35.46ms p95=152.70ms p99=198.97ms err=0
[status] PUB sent=2240644 itps=0.00 tps=864.81 pubs=4000 err=0 | SUB recv=2240294 itps=0.00 tps=864.69 p50=35.46ms p95=152.70ms p99=198.97ms err=0
[status] PUB sent=2240644 itps=0.00 tps=864.48 pubs=4000 err=0 | SUB recv=2240294 itps=0.00 tps=864.36 p50=35.46ms p95=152.70ms p99=198.97ms err=0
[status] PUB sent=2240644 itps=0.00 tps=864.14 pubs=4000 err=0 | SUB recv=2240294 itps=0.00 tps=864.03 p50=35.46ms p95=152.70ms p99=198.97ms err=0
[status] PUB sent=2240644 itps=0.00 tps=863.81 pubs=4000 err=0 | SUB recv=2240294 itps=0.00 tps=863.36 p50=35.46ms p95=152.70ms p99=198.97ms err=0
[status] PUB sent=2240644 itps=0.00 tps=863.15 pubs=4000 err=0 | SUB recv=2240294 itps=0.00 tps=863.03 p50=35.46ms p95=152.70ms p99=198.97ms err=0
[status] PUB sent=2240644 itps=0.00 tps=862.81 pubs=4000 err=0 | SUB recv=2240294 itps=0.00 tps=862.69 p50=35.46ms p95=152.70ms p99=198.97ms err=0
[status] PUB sent=2240644 itps=0.00 tps=862.48 pubs=4000 err=0 | SUB recv=2240294 itps=0.00 tps=862.36 p50=35.46ms p95=152.70ms p99=198.97ms err=0
[status] PUB sent=2240644 itps=0.00 tps=862.15 pubs=4000 err=0 | SUB recv=2240294 itps=0.00 tps=862.03 p50=35.46ms p95=152.70ms p99=198.97ms err=0
[status] PUB sent=2240644 itps=0.00 tps=861.82 pubs=4000 err=0 | SUB recv=2240294 itps=0.00 tps=861.70 p50=35.46ms p95=152.70ms p99=198.97ms err=0
[status] PUB sent=2240644 itps=0.00 tps=861.49 pubs=4000 err=0 | SUB recv=2240294 itps=0.00 tps=861.37 p50=35.46ms p95=152.70ms p99=198.97ms err=0
[status] PUB sent=2240644 itps=0.00 tps=861.16 pubs=4000 err=0 | SUB recv=2240294 itps=0.00 tps=861.04 p50=35.46ms p95=152.70ms p99=198.97ms err=0
[status] PUB sent=2240644 itps=0.00 tps=860.82 pubs=4000 err=0 | SUB recv=2240294 itps=0.00 tps=860.71 p50=35.46ms p95=152.70ms p99=198.97ms err=0
[status] PUB sent=2240644 itps=0.00 tps=860.49 pubs=4000 err=0 | SUB recv=2240294 itps=0.00 tps=860.38 p50=35.46ms p95=152.70ms p99=198.97ms err=0
[status] PUB sent=2240644 itps=0.00 tps=860.16 pubs=4000 err=0 | SUB recv=2240294 itps=0.00 tps=860.04 p50=35.46ms p95=152.70ms p99=198.97ms err=0
[status] PUB sent=2240644 itps=0.00 tps=859.83 pubs=4000 err=0 | SUB recv=2240294 itps=0.00 tps=859.71 p50=35.46ms p95=152.70ms p99=198.97ms err=0
[status] PUB sent=2240644 itps=0.00 tps=859.50 pubs=4000 err=0 | SUB recv=2240294 itps=0.00 tps=859.39 p50=35.46ms p95=152.70ms p99=198.97ms err=0
[status] PUB sent=2240644 itps=0.00 tps=859.17 pubs=4000 err=0 | SUB recv=2240294 itps=0.00 tps=859.06 p50=35.46ms p95=152.70ms p99=198.97ms err=0
[status] PUB sent=2240644 itps=0.00 tps=858.84 pubs=4000 err=0 | SUB recv=2240294 itps=0.00 tps=858.73 p50=35.46ms p95=152.70ms p99=198.97ms err=0
[status] PUB sent=2240644 itps=0.00 tps=858.52 pubs=4000 err=0 | SUB recv=2240294 itps=0.00 tps=858.40 p50=35.46ms p95=152.70ms p99=198.97ms err=0
[status] PUB sent=2240644 itps=0.00 tps=858.19 pubs=4000 err=0 | SUB recv=2240294 itps=0.00 tps=858.07 p50=35.46ms p95=152.70ms p99=198.97ms err=0
[status] PUB sent=2240644 itps=0.00 tps=857.86 pubs=4000 err=0 | SUB recv=2240294 itps=0.00 tps=857.74 p50=35.46ms p95=152.70ms p99=198.97ms err=0
[status] PUB sent=2240644 itps=0.00 tps=857.53 pubs=4000 err=0 | SUB recv=2240294 itps=0.00 tps=857.41 p50=35.46ms p95=152.70ms p99=198.97ms err=0
[status] PUB sent=2240644 itps=0.00 tps=857.20 pubs=4000 err=0 | SUB recv=2240294 itps=0.00 tps=857.08 p50=35.46ms p95=152.70ms p99=198.97ms err=0
[status] PUB sent=2240644 itps=0.00 tps=856.87 pubs=4000 err=0 | SUB recv=2240294 itps=0.00 tps=856.76 p50=35.46ms p95=152.70ms p99=198.97ms err=0
[status] PUB sent=2240644 itps=0.00 tps=856.55 pubs=4000 err=0 | SUB recv=2240294 itps=0.00 tps=856.43 p50=35.46ms p95=152.70ms p99=198.97ms err=0
[status] PUB sent=2240644 itps=0.00 tps=856.22 pubs=4000 err=0 | SUB recv=2240294 itps=0.00 tps=856.10 p50=35.46ms p95=152.70ms p99=198.97ms err=0
[status] PUB sent=2240644 itps=0.00 tps=855.89 pubs=4000 err=0 | SUB recv=2240294 itps=0.00 tps=855.77 p50=35.46ms p95=152.70ms p99=198.97ms err=0
[status] PUB sent=2240644 itps=0.00 tps=855.57 pubs=4000 err=0 | SUB recv=2240294 itps=0.00 tps=855.45 p50=35.46ms p95=152.70ms p99=198.97ms err=0
[status] PUB sent=2240644 itps=0.00 tps=855.24 pubs=4000 err=0 | SUB recv=2240294 itps=0.00 tps=855.12 p50=35.46ms p95=152.70ms p99=198.97ms err=0
[status] PUB sent=2240644 itps=0.00 tps=854.91 pubs=4000 err=0 | SUB recv=2240294 itps=0.00 tps=854.79 p50=35.46ms p95=152.70ms p99=198.97ms err=0
[status] PUB sent=2240644 itps=0.00 tps=854.59 pubs=4000 err=0 | SUB recv=2240294 itps=0.00 tps=854.47 p50=35.46ms p95=152.70ms p99=198.97ms err=0
[status] PUB sent=2240644 itps=0.00 tps=854.26 pubs=4000 err=0 | SUB recv=2240294 itps=0.00 tps=854.14 p50=35.46ms p95=152.70ms p99=198.97ms err=0
[status] PUB sent=2240644 itps=0.00 tps=853.94 pubs=4000 err=0 | SUB recv=2240294 itps=0.00 tps=853.82 p50=35.46ms p95=152.70ms p99=198.97ms err=0
[status] PUB sent=2240644 itps=0.00 tps=853.61 pubs=4000 err=0 | SUB recv=2240294 itps=0.00 tps=853.49 p50=35.46ms p95=152.70ms p99=198.97ms err=0
[status] PUB sent=2240644 itps=0.00 tps=853.28 pubs=4000 err=0 | SUB recv=2240294 itps=0.00 tps=853.17 p50=35.46ms p95=152.70ms p99=198.97ms err=0
[status] PUB sent=2240644 itps=0.00 tps=852.96 pubs=4000 err=0 | SUB recv=2240294 itps=0.00 tps=852.84 p50=35.46ms p95=152.70ms p99=198.97ms err=0
[status] PUB sent=2240644 itps=0.00 tps=852.64 pubs=4000 err=0 | SUB recv=2240294 itps=0.00 tps=852.52 p50=35.46ms p95=152.70ms p99=198.97ms err=0
[status] PUB sent=2240644 itps=0.00 tps=852.31 pubs=4000 err=0 | SUB recv=2240294 itps=0.00 tps=852.19 p50=35.46ms p95=152.70ms p99=198.97ms err=0
[status] PUB sent=2240644 itps=0.00 tps=851.99 pubs=4000 err=0 | SUB recv=2240294 itps=0.00 tps=851.87 p50=35.46ms p95=152.70ms p99=198.97ms err=0
[status] PUB sent=2240644 itps=0.00 tps=851.66 pubs=4000 err=0 | SUB recv=2240294 itps=0.00 tps=851.55 p50=35.46ms p95=152.70ms p99=198.97ms err=0
[status] PUB sent=2240644 itps=0.00 tps=851.34 pubs=4000 err=0 | SUB recv=2240294 itps=0.00 tps=851.22 p50=35.46ms p95=152.70ms p99=198.97ms err=0
[status] PUB sent=2240644 itps=0.00 tps=851.02 pubs=4000 err=0 | SUB recv=2240294 itps=0.00 tps=850.90 p50=35.46ms p95=152.70ms p99=198.97ms err=0
[status] PUB sent=2240644 itps=0.00 tps=850.69 pubs=4000 err=0 | SUB recv=2240294 itps=0.00 tps=850.58 p50=35.46ms p95=152.70ms p99=198.97ms err=0
[status] PUB sent=2240644 itps=0.00 tps=850.37 pubs=4000 err=0 | SUB recv=2240294 itps=0.00 tps=850.25 p50=35.46ms p95=152.70ms p99=198.97ms err=0
[status] PUB sent=2240644 itps=0.00 tps=850.05 pubs=4000 err=0 | SUB recv=2240294 itps=0.00 tps=849.93 p50=35.46ms p95=152.70ms p99=198.97ms err=0
[status] PUB sent=2240644 itps=0.00 tps=849.73 pubs=4000 err=0 | SUB recv=2240294 itps=0.00 tps=849.61 p50=35.46ms p95=152.70ms p99=198.97ms err=0
[status] PUB sent=2240644 itps=0.00 tps=849.40 pubs=4000 err=0 | SUB recv=2240294 itps=0.00 tps=849.29 p50=35.46ms p95=152.70ms p99=198.97ms err=0
[status] PUB sent=2240644 itps=0.00 tps=849.08 pubs=4000 err=0 | SUB recv=2240294 itps=0.00 tps=848.96 p50=35.46ms p95=152.70ms p99=198.97ms err=0
[status] PUB sent=2240644 itps=0.00 tps=848.76 pubs=4000 err=0 | SUB recv=2240294 itps=0.00 tps=848.64 p50=35.46ms p95=152.70ms p99=198.97ms err=0
[status] PUB sent=2240644 itps=0.00 tps=848.44 pubs=4000 err=0 | SUB recv=2240294 itps=0.00 tps=848.32 p50=35.46ms p95=152.70ms p99=198.97ms err=0
[status] PUB sent=2240644 itps=0.00 tps=848.12 pubs=4000 err=0 | SUB recv=2240294 itps=0.00 tps=848.00 p50=35.46ms p95=152.70ms p99=198.97ms err=0
[status] PUB sent=2240644 itps=0.00 tps=847.80 pubs=4000 err=0 | SUB recv=2240294 itps=0.00 tps=847.68 p50=35.46ms p95=152.70ms p99=198.97ms err=0
[status] PUB sent=2240644 itps=0.00 tps=847.48 pubs=4000 err=0 | SUB recv=2240294 itps=0.00 tps=847.36 p50=35.46ms p95=152.70ms p99=198.97ms err=0
[status] PUB sent=2240644 itps=0.00 tps=847.16 pubs=4000 err=0 | SUB recv=2240294 itps=0.00 tps=847.04 p50=35.46ms p95=152.70ms p99=198.97ms err=0
[status] PUB sent=2240644 itps=0.00 tps=846.83 pubs=4000 err=0 | SUB recv=2240294 itps=0.00 tps=846.72 p50=35.46ms p95=152.70ms p99=198.97ms err=0
[status] PUB sent=2240644 itps=0.00 tps=846.51 pubs=4000 err=0 | SUB recv=2240294 itps=0.00 tps=846.40 p50=35.46ms p95=152.70ms p99=198.97ms err=0
[status] PUB sent=2240644 itps=0.00 tps=846.20 pubs=4000 err=0 | SUB recv=2240294 itps=0.00 tps=846.08 p50=35.46ms p95=152.70ms p99=198.97ms err=0
[status] PUB sent=2240644 itps=0.00 tps=845.88 pubs=4000 err=0 | SUB recv=2240294 itps=0.00 tps=845.76 p50=35.46ms p95=152.70ms p99=198.97ms err=0
[status] PUB sent=2240644 itps=0.00 tps=845.56 pubs=4000 err=0 | SUB recv=2240294 itps=0.00 tps=845.44 p50=35.46ms p95=152.70ms p99=198.97ms err=0
[status] PUB sent=2240644 itps=0.00 tps=845.24 pubs=4000 err=0 | SUB recv=2240294 itps=0.00 tps=845.12 p50=35.46ms p95=152.70ms p99=198.97ms err=0
[status] PUB sent=2240644 itps=0.00 tps=844.92 pubs=4000 err=0 | SUB recv=2240294 itps=0.00 tps=844.80 p50=35.46ms p95=152.70ms p99=198.97ms err=0
[status] PUB sent=2240644 itps=0.00 tps=844.60 pubs=4000 err=0 | SUB recv=2240294 itps=0.00 tps=844.48 p50=35.46ms p95=152.70ms p99=198.97ms err=0
[status] PUB sent=2240644 itps=0.00 tps=844.28 pubs=4000 err=0 | SUB recv=2240294 itps=0.00 tps=844.17 p50=35.46ms p95=152.70ms p99=198.97ms err=0
[status] PUB sent=2240644 itps=0.00 tps=843.96 pubs=4000 err=0 | SUB recv=2240294 itps=0.00 tps=843.85 p50=35.46ms p95=152.70ms p99=198.97ms err=0
[status] PUB sent=2240644 itps=0.00 tps=843.65 pubs=4000 err=0 | SUB recv=2240294 itps=0.00 tps=843.53 p50=35.46ms p95=152.70ms p99=198.97ms err=0
[status] PUB sent=2240644 itps=0.00 tps=843.33 pubs=4000 err=0 | SUB recv=2240294 itps=0.00 tps=843.21 p50=35.46ms p95=152.70ms p99=198.97ms err=0
[status] PUB sent=2240644 itps=0.00 tps=843.01 pubs=4000 err=0 | SUB recv=2240294 itps=0.00 tps=842.89 p50=35.46ms p95=152.70ms p99=198.97ms err=0
[status] PUB sent=2240644 itps=0.00 tps=842.69 pubs=4000 err=0 | SUB recv=2240294 itps=0.00 tps=842.58 p50=35.46ms p95=152.70ms p99=198.97ms err=0
[status] PUB sent=2240644 itps=0.00 tps=842.38 pubs=4000 err=0 | SUB recv=2240294 itps=0.00 tps=842.26 p50=35.46ms p95=152.70ms p99=198.97ms err=0
[status] PUB sent=2240644 itps=0.00 tps=841.74 pubs=4000 err=0 | SUB recv=2240294 itps=0.00 tps=841.63 p50=35.46ms p95=152.70ms p99=198.97ms err=0
[status] PUB sent=2240644 itps=0.00 tps=841.43 pubs=4000 err=0 | SUB recv=2240294 itps=0.00 tps=841.31 p50=35.46ms p95=152.70ms p99=198.97ms err=0
[status] PUB sent=2240644 itps=0.00 tps=841.11 pubs=4000 err=0 | SUB recv=2240294 itps=0.00 tps=841.00 p50=35.46ms p95=152.70ms p99=198.97ms err=0
[status] PUB sent=2240644 itps=0.00 tps=840.80 pubs=4000 err=0 | SUB recv=2240294 itps=0.00 tps=840.68 p50=35.46ms p95=152.70ms p99=198.97ms err=0
[status] PUB sent=2240644 itps=0.00 tps=840.48 pubs=4000 err=0 | SUB recv=2240294 itps=0.00 tps=840.37 p50=35.46ms p95=152.70ms p99=198.97ms err=0
[status] PUB sent=2240644 itps=0.00 tps=840.17 pubs=4000 err=0 | SUB recv=2240294 itps=0.00 tps=840.05 p50=35.46ms p95=152.70ms p99=198.97ms err=0
[status] PUB sent=2240644 itps=0.00 tps=839.85 pubs=4000 err=0 | SUB recv=2240294 itps=0.00 tps=839.74 p50=35.46ms p95=152.70ms p99=198.97ms err=0
[status] PUB sent=2240644 itps=0.00 tps=839.54 pubs=4000 err=0 | SUB recv=2240294 itps=0.00 tps=839.42 p50=35.46ms p95=152.70ms p99=198.97ms err=0
[status] PUB sent=2240644 itps=0.00 tps=839.22 pubs=4000 err=0 | SUB recv=2240294 itps=0.00 tps=839.11 p50=35.46ms p95=152.70ms p99=198.97ms err=0
[status] PUB sent=2240644 itps=0.00 tps=838.91 pubs=4000 err=0 | SUB recv=2240294 itps=0.00 tps=838.79 p50=35.46ms p95=152.70ms p99=198.97ms err=0
[status] PUB sent=2240644 itps=0.00 tps=838.59 pubs=4000 err=0 | SUB recv=2240294 itps=0.00 tps=838.48 p50=35.46ms p95=152.70ms p99=198.97ms err=0
[status] PUB sent=2240644 itps=0.00 tps=838.28 pubs=4000 err=0 | SUB recv=2240294 itps=0.00 tps=838.16 p50=35.46ms p95=152.70ms p99=198.97ms err=0
[status] PUB sent=2240644 itps=0.00 tps=837.97 pubs=4000 err=0 | SUB recv=2240294 itps=0.00 tps=837.85 p50=35.46ms p95=152.70ms p99=198.97ms err=0
[status] PUB sent=2240644 itps=0.00 tps=837.65 pubs=4000 err=0 | SUB recv=2240294 itps=0.00 tps=837.54 p50=35.46ms p95=152.70ms p99=198.97ms err=0
[status] PUB sent=2240644 itps=0.00 tps=837.34 pubs=4000 err=0 | SUB recv=2240294 itps=0.00 tps=837.23 p50=35.46ms p95=152.70ms p99=198.97ms err=0
[status] PUB sent=2240644 itps=0.00 tps=837.03 pubs=4000 err=0 | SUB recv=2240294 itps=0.00 tps=836.91 p50=35.46ms p95=152.70ms p99=198.97ms err=0
[status] PUB sent=2240644 itps=0.00 tps=836.72 pubs=4000 err=0 | SUB recv=2240294 itps=0.00 tps=836.60 p50=35.46ms p95=152.70ms p99=198.97ms err=0
[status] PUB sent=2240644 itps=0.00 tps=836.40 pubs=4000 err=0 | SUB recv=2240294 itps=0.00 tps=836.29 p50=35.46ms p95=152.70ms p99=198.97ms err=0
[status] PUB sent=2240644 itps=0.00 tps=836.09 pubs=4000 err=0 | SUB recv=2240294 itps=0.00 tps=835.98 p50=35.46ms p95=152.70ms p99=198.97ms err=0
[status] PUB sent=2240644 itps=0.00 tps=835.78 pubs=4000 err=0 | SUB recv=2240294 itps=0.00 tps=835.66 p50=35.46ms p95=152.70ms p99=198.97ms err=0
[status] PUB sent=2240644 itps=0.00 tps=835.47 pubs=4000 err=0 | SUB recv=2240294 itps=0.00 tps=835.35 p50=35.46ms p95=152.70ms p99=198.97ms err=0
[status] PUB sent=2240644 itps=0.00 tps=835.16 pubs=4000 err=0 | SUB recv=2240294 itps=0.00 tps=835.04 p50=35.46ms p95=152.70ms p99=198.97ms err=0
[status] PUB sent=2240644 itps=0.00 tps=834.85 pubs=4000 err=0 | SUB recv=2240294 itps=0.00 tps=834.73 p50=35.46ms p95=152.70ms p99=198.97ms err=0
[status] PUB sent=2240644 itps=0.00 tps=834.53 pubs=4000 err=0 | SUB recv=2240294 itps=0.00 tps=834.42 p50=35.46ms p95=152.70ms p99=198.97ms err=0
[status] PUB sent=2240644 itps=0.00 tps=834.22 pubs=4000 err=0 | SUB recv=2240294 itps=0.00 tps=834.11 p50=35.46ms p95=152.70ms p99=198.97ms err=0
[status] PUB sent=2240644 itps=0.00 tps=833.91 pubs=4000 err=0 | SUB recv=2240294 itps=0.00 tps=833.80 p50=35.46ms p95=152.70ms p99=198.97ms err=0
[status] PUB sent=2240644 itps=0.00 tps=833.60 pubs=4000 err=0 | SUB recv=2240294 itps=0.00 tps=833.49 p50=35.46ms p95=152.70ms p99=198.97ms err=0
[status] PUB sent=2240644 itps=0.00 tps=833.29 pubs=4000 err=0 | SUB recv=2240294 itps=0.00 tps=833.18 p50=35.46ms p95=152.70ms p99=198.97ms err=0
[status] PUB sent=2240644 itps=0.00 tps=832.98 pubs=4000 err=0 | SUB recv=2240294 itps=0.00 tps=832.87 p50=35.46ms p95=152.70ms p99=198.97ms err=0
[status] PUB sent=2240644 itps=0.00 tps=832.67 pubs=4000 err=0 | SUB recv=2240294 itps=0.00 tps=832.56 p50=35.46ms p95=152.70ms p99=198.97ms err=0
[status] PUB sent=2240644 itps=0.00 tps=832.36 pubs=4000 err=0 | SUB recv=2240294 itps=0.00 tps=832.25 p50=35.46ms p95=152.70ms p99=198.97ms err=0
[status] PUB sent=2240644 itps=0.00 tps=832.05 pubs=4000 err=0 | SUB recv=2240294 itps=0.00 tps=831.94 p50=35.46ms p95=152.70ms p99=198.97ms err=0
[status] PUB sent=2240644 itps=0.00 tps=831.75 pubs=4000 err=0 | SUB recv=2240294 itps=0.00 tps=831.63 p50=35.46ms p95=152.70ms p99=198.97ms err=0
[status] PUB sent=2240644 itps=0.00 tps=831.44 pubs=4000 err=0 | SUB recv=2240294 itps=0.00 tps=831.32 p50=35.46ms p95=152.70ms p99=198.97ms err=0
[status] PUB sent=2240644 itps=0.00 tps=831.13 pubs=4000 err=0 | SUB recv=2240294 itps=0.00 tps=831.01 p50=35.46ms p95=152.70ms p99=198.97ms err=0
[status] PUB sent=2240644 itps=0.00 tps=830.82 pubs=4000 err=0 | SUB recv=2240294 itps=0.00 tps=830.71 p50=35.46ms p95=152.70ms p99=198.97ms err=0
[status] PUB sent=2240644 itps=0.00 tps=830.51 pubs=4000 err=0 | SUB recv=2240294 itps=0.00 tps=830.40 p50=35.46ms p95=152.70ms p99=198.97ms err=0
[status] PUB sent=2240644 itps=0.00 tps=830.21 pubs=4000 err=0 | SUB recv=2240294 itps=0.00 tps=830.09 p50=35.46ms p95=152.70ms p99=198.97ms err=0
[status] PUB sent=2240644 itps=0.00 tps=829.90 pubs=4000 err=0 | SUB recv=2240294 itps=0.00 tps=829.78 p50=35.46ms p95=152.70ms p99=198.97ms err=0
[status] PUB sent=2240644 itps=0.00 tps=829.59 pubs=4000 err=0 | SUB recv=2240294 itps=0.00 tps=829.48 p50=35.46ms p95=152.70ms p99=198.97ms err=0
[status] PUB sent=2240644 itps=0.00 tps=829.28 pubs=4000 err=0 | SUB recv=2240294 itps=0.00 tps=829.17 p50=35.46ms p95=152.70ms p99=198.97ms err=0
[status] PUB sent=2240644 itps=0.00 tps=828.98 pubs=4000 err=0 | SUB recv=2240294 itps=0.00 tps=828.86 p50=35.46ms p95=152.70ms p99=198.97ms err=0
[status] PUB sent=2240644 itps=0.00 tps=828.67 pubs=4000 err=0 | SUB recv=2240294 itps=0.00 tps=828.56 p50=35.46ms p95=152.70ms p99=198.97ms err=0
[status] PUB sent=2240644 itps=0.00 tps=828.36 pubs=4000 err=0 | SUB recv=2240294 itps=0.00 tps=828.25 p50=35.46ms p95=152.70ms p99=198.97ms err=0
[status] PUB sent=2240644 itps=0.00 tps=828.06 pubs=4000 err=0 | SUB recv=2240294 itps=0.00 tps=827.94 p50=35.46ms p95=152.70ms p99=198.97ms err=0
[status] PUB sent=2240644 itps=0.00 tps=827.75 pubs=4000 err=0 | SUB recv=2240294 itps=0.00 tps=827.64 p50=35.46ms p95=152.70ms p99=198.97ms err=0
[status] PUB sent=2240644 itps=0.00 tps=827.45 pubs=4000 err=0 | SUB recv=2240294 itps=0.00 tps=827.33 p50=35.46ms p95=152.70ms p99=198.97ms err=0
[status] PUB sent=2240644 itps=0.00 tps=827.14 pubs=4000 err=0 | SUB recv=2240294 itps=0.00 tps=827.03 p50=35.46ms p95=152.70ms p99=198.97ms err=0
[status] PUB sent=2240644 itps=0.00 tps=826.84 pubs=4000 err=0 | SUB recv=2240294 itps=0.00 tps=826.72 p50=35.46ms p95=152.70ms p99=198.97ms err=0
[status] PUB sent=2240644 itps=0.00 tps=826.53 pubs=4000 err=0 | SUB recv=2240294 itps=0.00 tps=826.42 p50=35.46ms p95=152.70ms p99=198.97ms err=0
[status] PUB sent=2240644 itps=0.00 tps=826.23 pubs=4000 err=0 | SUB recv=2240294 itps=0.00 tps=826.11 p50=35.46ms p95=152.70ms p99=198.97ms err=0
[status] PUB sent=2240644 itps=0.00 tps=825.92 pubs=4000 err=0 | SUB recv=2240294 itps=0.00 tps=825.81 p50=35.46ms p95=152.70ms p99=198.97ms err=0
[status] PUB sent=2240644 itps=0.00 tps=825.62 pubs=4000 err=0 | SUB recv=2240294 itps=0.00 tps=825.50 p50=35.46ms p95=152.70ms p99=198.97ms err=0
[status] PUB sent=2240644 itps=0.00 tps=825.31 pubs=4000 err=0 | SUB recv=2240294 itps=0.00 tps=825.20 p50=35.46ms p95=152.70ms p99=198.97ms err=0
[status] PUB sent=2240644 itps=0.00 tps=825.01 pubs=4000 err=0 | SUB recv=2240294 itps=0.00 tps=824.89 p50=35.46ms p95=152.70ms p99=198.97ms err=0
[status] PUB sent=2240644 itps=0.00 tps=824.70 pubs=4000 err=0 | SUB recv=2240294 itps=0.00 tps=824.59 p50=35.46ms p95=152.70ms p99=198.97ms err=0
[status] PUB sent=2240644 itps=0.00 tps=824.40 pubs=4000 err=0 | SUB recv=2240294 itps=0.00 tps=824.29 p50=35.46ms p95=152.70ms p99=198.97ms err=0
[status] PUB sent=2240644 itps=0.00 tps=824.10 pubs=4000 err=0 | SUB recv=2240294 itps=0.00 tps=823.98 p50=35.46ms p95=152.70ms p99=198.97ms err=0
[status] PUB sent=2240644 itps=0.00 tps=823.80 pubs=4000 err=0 | SUB recv=2240294 itps=0.00 tps=823.68 p50=35.46ms p95=152.70ms p99=198.97ms err=0
[status] PUB sent=2240644 itps=0.00 tps=823.49 pubs=4000 err=0 | SUB recv=2240294 itps=0.00 tps=823.38 p50=35.46ms p95=152.70ms p99=198.97ms err=0
[status] PUB sent=2240644 itps=0.00 tps=823.19 pubs=4000 err=0 | SUB recv=2240294 itps=0.00 tps=823.08 p50=35.46ms p95=152.70ms p99=198.97ms err=0
[status] PUB sent=2240644 itps=0.00 tps=822.89 pubs=4000 err=0 | SUB recv=2240294 itps=0.00 tps=822.77 p50=35.46ms p95=152.70ms p99=198.97ms err=0
[status] PUB sent=2240644 itps=0.00 tps=822.59 pubs=4000 err=0 | SUB recv=2240294 itps=0.00 tps=822.47 p50=35.46ms p95=152.70ms p99=198.97ms err=0
[status] PUB sent=2240644 itps=0.00 tps=822.28 pubs=4000 err=0 | SUB recv=2240294 itps=0.00 tps=822.17 p50=35.46ms p95=152.70ms p99=198.97ms err=0
[status] PUB sent=2240644 itps=0.00 tps=821.98 pubs=4000 err=0 | SUB recv=2240294 itps=0.00 tps=821.87 p50=35.46ms p95=152.70ms p99=198.97ms err=0
[status] PUB sent=2240644 itps=0.00 tps=821.68 pubs=4000 err=0 | SUB recv=2240294 itps=0.00 tps=821.27 p50=35.46ms p95=152.70ms p99=198.97ms err=0
[status] PUB sent=2240644 itps=0.00 tps=821.08 pubs=4000 err=0 | SUB recv=2240294 itps=0.00 tps=820.96 p50=35.46ms p95=152.70ms p99=198.97ms err=0
[status] PUB sent=2240644 itps=0.00 tps=820.78 pubs=4000 err=0 | SUB recv=2240294 itps=0.00 tps=820.66 p50=35.46ms p95=152.70ms p99=198.97ms err=0
[status] PUB sent=2240644 itps=0.00 tps=820.48 pubs=4000 err=0 | SUB recv=2240294 itps=0.00 tps=820.36 p50=35.46ms p95=152.70ms p99=198.97ms err=0
[status] PUB sent=2240644 itps=0.00 tps=820.18 pubs=4000 err=0 | SUB recv=2240294 itps=0.00 tps=820.06 p50=35.46ms p95=152.70ms p99=198.97ms err=0
[status] PUB sent=2240644 itps=0.00 tps=819.88 pubs=4000 err=0 | SUB recv=2240294 itps=0.00 tps=819.76 p50=35.46ms p95=152.70ms p99=198.97ms err=0
[status] PUB sent=2240644 itps=0.00 tps=819.58 pubs=4000 err=0 | SUB recv=2240294 itps=0.00 tps=819.46 p50=35.46ms p95=152.70ms p99=198.97ms err=0
[status] PUB sent=2240644 itps=0.00 tps=819.28 pubs=4000 err=0 | SUB recv=2240294 itps=0.00 tps=819.16 p50=35.46ms p95=152.70ms p99=198.97ms err=0
[status] PUB sent=2240644 itps=0.00 tps=818.98 pubs=4000 err=0 | SUB recv=2240294 itps=0.00 tps=818.86 p50=35.46ms p95=152.70ms p99=198.97ms err=0
[status] PUB sent=2240644 itps=0.00 tps=818.68 pubs=4000 err=0 | SUB recv=2240294 itps=0.00 tps=818.56 p50=35.46ms p95=152.70ms p99=198.97ms err=0
[status] PUB sent=2240644 itps=0.00 tps=818.38 pubs=4000 err=0 | SUB recv=2240294 itps=0.00 tps=818.27 p50=35.46ms p95=152.70ms p99=198.97ms err=0
[status] PUB sent=2240644 itps=0.00 tps=818.08 pubs=4000 err=0 | SUB recv=2240294 itps=0.00 tps=817.97 p50=35.46ms p95=152.70ms p99=198.97ms err=0
[status] PUB sent=2240644 itps=0.00 tps=817.78 pubs=4000 err=0 | SUB recv=2240294 itps=0.00 tps=817.67 p50=35.46ms p95=152.70ms p99=198.97ms err=0
[status] PUB sent=2240644 itps=0.00 tps=817.48 pubs=4000 err=0 | SUB recv=2240294 itps=0.00 tps=817.37 p50=35.46ms p95=152.70ms p99=198.97ms err=0
[status] PUB sent=2240644 itps=0.00 tps=817.19 pubs=4000 err=0 | SUB recv=2240294 itps=0.00 tps=817.07 p50=35.46ms p95=152.70ms p99=198.97ms err=0
[status] PUB sent=2240644 itps=0.00 tps=816.89 pubs=4000 err=0 | SUB recv=2240294 itps=0.00 tps=816.77 p50=35.46ms p95=152.70ms p99=198.97ms err=0
[status] PUB sent=2240644 itps=0.00 tps=816.59 pubs=4000 err=0 | SUB recv=2240294 itps=0.00 tps=816.48 p50=35.46ms p95=152.70ms p99=198.97ms err=0
[status] PUB sent=2240644 itps=0.00 tps=816.29 pubs=4000 err=0 | SUB recv=2240294 itps=0.00 tps=816.18 p50=35.46ms p95=152.70ms p99=198.97ms err=0
[status] PUB sent=2240644 itps=0.00 tps=815.99 pubs=4000 err=0 | SUB recv=2240294 itps=0.00 tps=815.88 p50=35.46ms p95=152.70ms p99=198.97ms err=0
[status] PUB sent=2240644 itps=0.00 tps=815.70 pubs=4000 err=0 | SUB recv=2240294 itps=0.00 tps=815.58 p50=35.46ms p95=152.70ms p99=198.97ms err=0
[status] PUB sent=2240644 itps=0.00 tps=815.40 pubs=4000 err=0 | SUB recv=2240294 itps=0.00 tps=815.29 p50=35.46ms p95=152.70ms p99=198.97ms err=0
[status] PUB sent=2240644 itps=0.00 tps=815.10 pubs=4000 err=0 | SUB recv=2240294 itps=0.00 tps=814.99 p50=35.46ms p95=152.70ms p99=198.97ms err=0
[status] PUB sent=2240644 itps=0.00 tps=814.81 pubs=4000 err=0 | SUB recv=2240294 itps=0.00 tps=814.69 p50=35.46ms p95=152.70ms p99=198.97ms err=0
[status] PUB sent=2240644 itps=0.00 tps=814.51 pubs=4000 err=0 | SUB recv=2240294 itps=0.00 tps=814.40 p50=35.46ms p95=152.70ms p99=198.97ms err=0
[status] PUB sent=2240644 itps=0.00 tps=814.22 pubs=4000 err=0 | SUB recv=2240294 itps=0.00 tps=814.10 p50=35.46ms p95=152.70ms p99=198.97ms err=0
[status] PUB sent=2240644 itps=0.00 tps=813.92 pubs=4000 err=0 | SUB recv=2240294 itps=0.00 tps=813.81 p50=35.46ms p95=152.70ms p99=198.97ms err=0
[status] PUB sent=2240644 itps=0.00 tps=813.62 pubs=4000 err=0 | SUB recv=2240294 itps=0.00 tps=813.51 p50=35.46ms p95=152.70ms p99=198.97ms err=0
[status] PUB sent=2240644 itps=0.00 tps=813.33 pubs=4000 err=0 | SUB recv=2240294 itps=0.00 tps=813.22 p50=35.46ms p95=152.70ms p99=198.97ms err=0
[status] PUB sent=2240644 itps=0.00 tps=813.03 pubs=4000 err=0 | SUB recv=2240294 itps=0.00 tps=812.92 p50=35.46ms p95=152.70ms p99=198.97ms err=0
[status] PUB sent=2240644 itps=0.00 tps=812.74 pubs=4000 err=0 | SUB recv=2240294 itps=0.00 tps=812.63 p50=35.46ms p95=152.70ms p99=198.97ms err=0
[status] PUB sent=2240644 itps=0.00 tps=812.44 pubs=4000 err=0 | SUB recv=2240294 itps=0.00 tps=812.33 p50=35.46ms p95=152.70ms p99=198.97ms err=0
[status] PUB sent=2240644 itps=0.00 tps=812.15 pubs=4000 err=0 | SUB recv=2240294 itps=0.00 tps=812.04 p50=35.46ms p95=152.70ms p99=198.97ms err=0
[status] PUB sent=2240644 itps=0.00 tps=811.86 pubs=4000 err=0 | SUB recv=2240294 itps=0.00 tps=811.74 p50=35.46ms p95=152.70ms p99=198.97ms err=0
[status] PUB sent=2240644 itps=0.00 tps=811.56 pubs=4000 err=0 | SUB recv=2240294 itps=0.00 tps=811.45 p50=35.46ms p95=152.70ms p99=198.97ms err=0
[status] PUB sent=2240644 itps=0.00 tps=811.27 pubs=4000 err=0 | SUB recv=2240294 itps=0.00 tps=811.16 p50=35.46ms p95=152.70ms p99=198.97ms err=0
[status] PUB sent=2240644 itps=0.00 tps=810.97 pubs=4000 err=0 | SUB recv=2240294 itps=0.00 tps=810.86 p50=35.46ms p95=152.70ms p99=198.97ms err=0
[status] PUB sent=2240644 itps=0.00 tps=810.68 pubs=4000 err=0 | SUB recv=2240294 itps=0.00 tps=810.57 p50=35.46ms p95=152.70ms p99=198.97ms err=0
[status] PUB sent=2240644 itps=0.00 tps=810.39 pubs=4000 err=0 | SUB recv=2240294 itps=0.00 tps=810.27 p50=35.46ms p95=152.70ms p99=198.97ms err=0
[status] PUB sent=2240644 itps=0.00 tps=810.09 pubs=4000 err=0 | SUB recv=2240294 itps=0.00 tps=809.98 p50=35.46ms p95=152.70ms p99=198.97ms err=0
[status] PUB sent=2240644 itps=0.00 tps=809.80 pubs=4000 err=0 | SUB recv=2240294 itps=0.00 tps=809.69 p50=35.46ms p95=152.70ms p99=198.97ms err=0
[status] PUB sent=2240644 itps=0.00 tps=809.51 pubs=4000 err=0 | SUB recv=2240294 itps=0.00 tps=809.40 p50=35.46ms p95=152.70ms p99=198.97ms err=0
[status] PUB sent=2240644 itps=0.00 tps=809.22 pubs=4000 err=0 | SUB recv=2240294 itps=0.00 tps=809.10 p50=35.46ms p95=152.70ms p99=198.97ms err=0
[status] PUB sent=2240644 itps=0.00 tps=808.92 pubs=4000 err=0 | SUB recv=2240294 itps=0.00 tps=808.81 p50=35.46ms p95=152.70ms p99=198.97ms err=0
[status] PUB sent=2240644 itps=0.00 tps=808.63 pubs=4000 err=0 | SUB recv=2240294 itps=0.00 tps=808.52 p50=35.46ms p95=152.70ms p99=198.97ms err=0
[status] PUB sent=2240644 itps=0.00 tps=808.34 pubs=4000 err=0 | SUB recv=2240294 itps=0.00 tps=808.23 p50=35.46ms p95=152.70ms p99=198.97ms err=0
[status] PUB sent=2240644 itps=0.00 tps=808.05 pubs=4000 err=0 | SUB recv=2240294 itps=0.00 tps=807.94 p50=35.46ms p95=152.70ms p99=198.97ms err=0
[status] PUB sent=2240644 itps=0.00 tps=807.76 pubs=4000 err=0 | SUB recv=2240294 itps=0.00 tps=807.65 p50=35.46ms p95=152.70ms p99=198.97ms err=0
[status] PUB sent=2240644 itps=0.00 tps=807.47 pubs=4000 err=0 | SUB recv=2240294 itps=0.00 tps=807.35 p50=35.46ms p95=152.70ms p99=198.97ms err=0
[status] PUB sent=2240644 itps=0.00 tps=807.18 pubs=4000 err=0 | SUB recv=2240294 itps=0.00 tps=807.06 p50=35.46ms p95=152.70ms p99=198.97ms err=0
[status] PUB sent=2240644 itps=0.00 tps=806.89 pubs=4000 err=0 | SUB recv=2240294 itps=0.00 tps=806.77 p50=35.46ms p95=152.70ms p99=198.97ms err=0
[status] PUB sent=2240644 itps=0.00 tps=806.60 pubs=4000 err=0 | SUB recv=2240294 itps=0.00 tps=806.48 p50=35.46ms p95=152.70ms p99=198.97ms err=0
[status] PUB sent=2240644 itps=0.00 tps=806.30 pubs=4000 err=0 | SUB recv=2240294 itps=0.00 tps=806.19 p50=35.46ms p95=152.70ms p99=198.97ms err=0
[status] PUB sent=2240644 itps=0.00 tps=806.01 pubs=4000 err=0 | SUB recv=2240294 itps=0.00 tps=805.90 p50=35.46ms p95=152.70ms p99=198.97ms err=0
[status] PUB sent=2240644 itps=0.00 tps=805.73 pubs=4000 err=0 | SUB recv=2240294 itps=0.00 tps=805.61 p50=35.46ms p95=152.70ms p99=198.97ms err=0
[status] PUB sent=2240644 itps=0.00 tps=805.44 pubs=4000 err=0 | SUB recv=2240294 itps=0.00 tps=805.32 p50=35.46ms p95=152.70ms p99=198.97ms err=0
[status] PUB sent=2240644 itps=0.00 tps=805.15 pubs=4000 err=0 | SUB recv=2240294 itps=0.00 tps=805.03 p50=35.46ms p95=152.70ms p99=198.97ms err=0
[status] PUB sent=2240644 itps=0.00 tps=804.86 pubs=4000 err=0 | SUB recv=2240294 itps=0.00 tps=804.74 p50=35.46ms p95=152.70ms p99=198.97ms err=0
[status] PUB sent=2240644 itps=0.00 tps=804.57 pubs=4000 err=0 | SUB recv=2240294 itps=0.00 tps=804.46 p50=35.46ms p95=152.70ms p99=198.97ms err=0
[status] PUB sent=2240644 itps=0.00 tps=804.28 pubs=4000 err=0 | SUB recv=2240294 itps=0.00 tps=804.17 p50=35.46ms p95=152.70ms p99=198.97ms err=0
[status] PUB sent=2240644 itps=0.00 tps=803.99 pubs=4000 err=0 | SUB recv=2240294 itps=0.00 tps=803.88 p50=35.46ms p95=152.70ms p99=198.97ms err=0
[status] PUB sent=2240644 itps=0.00 tps=803.70 pubs=4000 err=0 | SUB recv=2240294 itps=0.00 tps=803.59 p50=35.46ms p95=152.70ms p99=198.97ms err=0
[status] PUB sent=2240644 itps=0.00 tps=803.41 pubs=4000 err=0 | SUB recv=2240294 itps=0.00 tps=803.30 p50=35.46ms p95=152.70ms p99=198.97ms err=0
[status] PUB sent=2240644 itps=0.00 tps=803.13 pubs=4000 err=0 | SUB recv=2240294 itps=0.00 tps=803.01 p50=35.46ms p95=152.70ms p99=198.97ms err=0
[status] PUB sent=2240644 itps=0.00 tps=802.84 pubs=4000 err=0 | SUB recv=2240294 itps=0.00 tps=802.73 p50=35.46ms p95=152.70ms p99=198.97ms err=0
[status] PUB sent=2240644 itps=0.00 tps=802.55 pubs=4000 err=0 | SUB recv=2240294 itps=0.00 tps=802.44 p50=35.46ms p95=152.70ms p99=198.97ms err=0
[status] PUB sent=2240644 itps=0.00 tps=802.26 pubs=4000 err=0 | SUB recv=2240294 itps=0.00 tps=802.15 p50=35.46ms p95=152.70ms p99=198.97ms err=0
[status] PUB sent=2240644 itps=0.00 tps=801.98 pubs=4000 err=0 | SUB recv=2240294 itps=0.00 tps=801.86 p50=35.46ms p95=152.70ms p99=198.97ms err=0
[status] PUB sent=2240644 itps=0.00 tps=801.69 pubs=4000 err=0 | SUB recv=2240294 itps=0.00 tps=801.58 p50=35.46ms p95=152.70ms p99=198.97ms err=0
[status] PUB sent=2240644 itps=0.00 tps=801.12 pubs=4000 err=0 | SUB recv=2240294 itps=0.00 tps=801.00 p50=35.46ms p95=152.70ms p99=198.97ms err=0
[status] PUB sent=2240644 itps=0.00 tps=800.83 pubs=4000 err=0 | SUB recv=2240294 itps=0.00 tps=800.72 p50=35.46ms p95=152.70ms p99=198.97ms err=0
[status] PUB sent=2240644 itps=0.00 tps=800.54 pubs=4000 err=0 | SUB recv=2240294 itps=0.00 tps=800.43 p50=35.46ms p95=152.70ms p99=198.97ms err=0
[status] PUB sent=2240644 itps=0.00 tps=800.26 pubs=4000 err=0 | SUB recv=2240294 itps=0.00 tps=800.15 p50=35.46ms p95=152.70ms p99=198.97ms err=0
[status] PUB sent=2240644 itps=0.00 tps=799.97 pubs=4000 err=0 | SUB recv=2240294 itps=0.00 tps=799.86 p50=35.46ms p95=152.70ms p99=198.97ms err=0
[status] PUB sent=2240644 itps=0.00 tps=799.69 pubs=4000 err=0 | SUB recv=2240294 itps=0.00 tps=799.57 p50=35.46ms p95=152.70ms p99=198.97ms err=0
[status] PUB sent=2240644 itps=0.00 tps=799.40 pubs=4000 err=0 | SUB recv=2240294 itps=0.00 tps=799.29 p50=35.46ms p95=152.70ms p99=198.97ms err=0
[status] PUB sent=2240644 itps=0.00 tps=799.12 pubs=4000 err=0 | SUB recv=2240294 itps=0.00 tps=799.00 p50=35.46ms p95=152.70ms p99=198.97ms err=0
[status] PUB sent=2240644 itps=0.00 tps=798.83 pubs=4000 err=0 | SUB recv=2240294 itps=0.00 tps=798.72 p50=35.46ms p95=152.70ms p99=198.97ms err=0
[status] PUB sent=2240644 itps=0.00 tps=798.55 pubs=4000 err=0 | SUB recv=2240294 itps=0.00 tps=798.43 p50=35.46ms p95=152.70ms p99=198.97ms err=0
[status] PUB sent=2240644 itps=0.00 tps=798.26 pubs=4000 err=0 | SUB recv=2240294 itps=0.00 tps=798.15 p50=35.46ms p95=152.70ms p99=198.97ms err=0
[status] PUB sent=2240644 itps=0.00 tps=797.98 pubs=4000 err=0 | SUB recv=2240294 itps=0.00 tps=797.87 p50=35.46ms p95=152.70ms p99=198.97ms err=0
[status] PUB sent=2240644 itps=0.00 tps=797.69 pubs=4000 err=0 | SUB recv=2240294 itps=0.00 tps=797.58 p50=35.46ms p95=152.70ms p99=198.97ms err=0
[status] PUB sent=2240644 itps=0.00 tps=797.41 pubs=4000 err=0 | SUB recv=2240294 itps=0.00 tps=797.30 p50=35.46ms p95=152.70ms p99=198.97ms err=0
[status] PUB sent=2240644 itps=0.00 tps=797.13 pubs=4000 err=0 | SUB recv=2240294 itps=0.00 tps=797.01 p50=35.46ms p95=152.70ms p99=198.97ms err=0
[status] PUB sent=2240644 itps=0.00 tps=796.84 pubs=4000 err=0 | SUB recv=2240294 itps=0.00 tps=796.73 p50=35.46ms p95=152.70ms p99=198.97ms err=0
[status] PUB sent=2240644 itps=0.00 tps=796.56 pubs=4000 err=0 | SUB recv=2240294 itps=0.00 tps=796.45 p50=35.46ms p95=152.70ms p99=198.97ms err=0
[status] PUB sent=2240644 itps=0.00 tps=796.28 pubs=4000 err=0 | SUB recv=2240294 itps=0.00 tps=796.16 p50=35.46ms p95=152.70ms p99=198.97ms err=0
[status] PUB sent=2240644 itps=0.00 tps=795.99 pubs=4000 err=0 | SUB recv=2240294 itps=0.00 tps=795.88 p50=35.46ms p95=152.70ms p99=198.97ms err=0
[status] PUB sent=2240644 itps=0.00 tps=795.71 pubs=4000 err=0 | SUB recv=2240294 itps=0.00 tps=795.60 p50=35.46ms p95=152.70ms p99=198.97ms err=0
[status] PUB sent=2240644 itps=0.00 tps=795.43 pubs=4000 err=0 | SUB recv=2240294 itps=0.00 tps=795.32 p50=35.46ms p95=152.70ms p99=198.97ms err=0
[status] PUB sent=2240644 itps=0.00 tps=795.15 pubs=4000 err=0 | SUB recv=2240294 itps=0.00 tps=795.03 p50=35.46ms p95=152.70ms p99=198.97ms err=0
[status] PUB sent=2240644 itps=0.00 tps=794.86 pubs=4000 err=0 | SUB recv=2240294 itps=0.00 tps=794.75 p50=35.46ms p95=152.70ms p99=198.97ms err=0
[status] PUB sent=2240644 itps=0.00 tps=794.58 pubs=4000 err=0 | SUB recv=2240294 itps=0.00 tps=794.47 p50=35.46ms p95=152.70ms p99=198.97ms err=0
[status] PUB sent=2240644 itps=0.00 tps=794.30 pubs=4000 err=0 | SUB recv=2240294 itps=0.00 tps=794.19 p50=35.46ms p95=152.70ms p99=198.97ms err=0
[status] PUB sent=2240644 itps=0.00 tps=794.02 pubs=4000 err=0 | SUB recv=2240294 itps=0.00 tps=793.91 p50=35.46ms p95=152.70ms p99=198.97ms err=0
[status] PUB sent=2240644 itps=0.00 tps=793.74 pubs=4000 err=0 | SUB recv=2240294 itps=0.00 tps=793.63 p50=35.46ms p95=152.70ms p99=198.97ms err=0
[status] PUB sent=2240644 itps=0.00 tps=793.46 pubs=4000 err=0 | SUB recv=2240294 itps=0.00 tps=793.35 p50=35.46ms p95=152.70ms p99=198.97ms err=0
[status] PUB sent=2240644 itps=0.00 tps=793.18 pubs=4000 err=0 | SUB recv=2240294 itps=0.00 tps=793.06 p50=35.46ms p95=152.70ms p99=198.97ms err=0
[status] PUB sent=2240644 itps=0.00 tps=792.89 pubs=4000 err=0 | SUB recv=2240294 itps=0.00 tps=792.78 p50=35.46ms p95=152.70ms p99=198.97ms err=0
[status] PUB sent=2240644 itps=0.00 tps=792.61 pubs=4000 err=0 | SUB recv=2240294 itps=0.00 tps=792.50 p50=35.46ms p95=152.70ms p99=198.97ms err=0
[status] PUB sent=2240644 itps=0.00 tps=792.33 pubs=4000 err=0 | SUB recv=2240294 itps=0.00 tps=792.22 p50=35.46ms p95=152.70ms p99=198.97ms err=0
[status] PUB sent=2240644 itps=0.00 tps=792.05 pubs=4000 err=0 | SUB recv=2240294 itps=0.00 tps=791.94 p50=35.46ms p95=152.70ms p99=198.97ms err=0
[status] PUB sent=2240644 itps=0.00 tps=791.77 pubs=4000 err=0 | SUB recv=2240294 itps=0.00 tps=791.66 p50=35.46ms p95=152.70ms p99=198.97ms err=0
[status] PUB sent=2240644 itps=0.00 tps=791.49 pubs=4000 err=0 | SUB recv=2240294 itps=0.00 tps=791.38 p50=35.46ms p95=152.70ms p99=198.97ms err=0
[status] PUB sent=2240644 itps=0.00 tps=791.21 pubs=4000 err=0 | SUB recv=2240294 itps=0.00 tps=791.10 p50=35.46ms p95=152.70ms p99=198.97ms err=0
[status] PUB sent=2240644 itps=0.00 tps=790.94 pubs=4000 err=0 | SUB recv=2240294 itps=0.00 tps=790.82 p50=35.46ms p95=152.70ms p99=198.97ms err=0
[status] PUB sent=2240644 itps=0.00 tps=790.66 pubs=4000 err=0 | SUB recv=2240294 itps=0.00 tps=790.55 p50=35.46ms p95=152.70ms p99=198.97ms err=0
[status] PUB sent=2240644 itps=0.00 tps=790.38 pubs=4000 err=0 | SUB recv=2240294 itps=0.00 tps=790.27 p50=35.46ms p95=152.70ms p99=198.97ms err=0
[status] PUB sent=2240644 itps=0.00 tps=790.10 pubs=4000 err=0 | SUB recv=2240294 itps=0.00 tps=789.99 p50=35.46ms p95=152.70ms p99=198.97ms err=0
[status] PUB sent=2240644 itps=0.00 tps=789.82 pubs=4000 err=0 | SUB recv=2240294 itps=0.00 tps=789.71 p50=35.46ms p95=152.70ms p99=198.97ms err=0
[status] PUB sent=2240644 itps=0.00 tps=789.54 pubs=4000 err=0 | SUB recv=2240294 itps=0.00 tps=789.43 p50=35.46ms p95=152.70ms p99=198.97ms err=0
[status] PUB sent=2240644 itps=0.00 tps=789.26 pubs=4000 err=0 | SUB recv=2240294 itps=0.00 tps=789.15 p50=35.46ms p95=152.70ms p99=198.97ms err=0
[status] PUB sent=2240644 itps=0.00 tps=788.99 pubs=4000 err=0 | SUB recv=2240294 itps=0.00 tps=788.88 p50=35.46ms p95=152.70ms p99=198.97ms err=0
[status] PUB sent=2240644 itps=0.00 tps=788.71 pubs=4000 err=0 | SUB recv=2240294 itps=0.00 tps=788.60 p50=35.46ms p95=152.70ms p99=198.97ms err=0
[status] PUB sent=2240644 itps=0.00 tps=788.43 pubs=4000 err=0 | SUB recv=2240294 itps=0.00 tps=788.32 p50=35.46ms p95=152.70ms p99=198.97ms err=0
[status] PUB sent=2240644 itps=0.00 tps=788.15 pubs=4000 err=0 | SUB recv=2240294 itps=0.00 tps=788.04 p50=35.46ms p95=152.70ms p99=198.97ms err=0
[status] PUB sent=2240644 itps=0.00 tps=787.88 pubs=4000 err=0 | SUB recv=2240294 itps=0.00 tps=787.77 p50=35.46ms p95=152.70ms p99=198.97ms err=0
[status] PUB sent=2240644 itps=0.00 tps=787.60 pubs=4000 err=0 | SUB recv=2240294 itps=0.00 tps=787.49 p50=35.46ms p95=152.70ms p99=198.97ms err=0
[status] PUB sent=2240644 itps=0.00 tps=787.32 pubs=4000 err=0 | SUB recv=2240294 itps=0.00 tps=787.21 p50=35.46ms p95=152.70ms p99=198.97ms err=0
[status] PUB sent=2240644 itps=0.00 tps=787.05 pubs=4000 err=0 | SUB recv=2240294 itps=0.00 tps=786.94 p50=35.46ms p95=152.70ms p99=198.97ms err=0
[status] PUB sent=2240644 itps=0.00 tps=786.77 pubs=4000 err=0 | SUB recv=2240294 itps=0.00 tps=786.66 p50=35.46ms p95=152.70ms p99=198.97ms err=0
[status] PUB sent=2240644 itps=0.00 tps=786.49 pubs=4000 err=0 | SUB recv=2240294 itps=0.00 tps=786.38 p50=35.46ms p95=152.70ms p99=198.97ms err=0
[status] PUB sent=2240644 itps=0.00 tps=786.22 pubs=4000 err=0 | SUB recv=2240294 itps=0.00 tps=786.11 p50=35.46ms p95=152.70ms p99=198.97ms err=0
[status] PUB sent=2240644 itps=0.00 tps=785.94 pubs=4000 err=0 | SUB recv=2240294 itps=0.00 tps=785.83 p50=35.46ms p95=152.70ms p99=198.97ms err=0
[status] PUB sent=2240644 itps=0.00 tps=785.67 pubs=4000 err=0 | SUB recv=2240294 itps=0.00 tps=785.56 p50=35.46ms p95=152.70ms p99=198.97ms err=0
[status] PUB sent=2240644 itps=0.00 tps=785.39 pubs=4000 err=0 | SUB recv=2240294 itps=0.00 tps=785.28 p50=35.46ms p95=152.70ms p99=198.97ms err=0
[status] PUB sent=2240644 itps=0.00 tps=785.12 pubs=4000 err=0 | SUB recv=2240294 itps=0.00 tps=785.01 p50=35.46ms p95=152.70ms p99=198.97ms err=0
[status] PUB sent=2240644 itps=0.00 tps=784.84 pubs=4000 err=0 | SUB recv=2240294 itps=0.00 tps=784.73 p50=35.46ms p95=152.70ms p99=198.97ms err=0
[status] PUB sent=2240644 itps=0.00 tps=784.57 pubs=4000 err=0 | SUB recv=2240294 itps=0.00 tps=784.46 p50=35.46ms p95=152.70ms p99=198.97ms err=0
[status] PUB sent=2240644 itps=0.00 tps=784.29 pubs=4000 err=0 | SUB recv=2240294 itps=0.00 tps=784.18 p50=35.46ms p95=152.70ms p99=198.97ms err=0
[status] PUB sent=2240644 itps=0.00 tps=784.02 pubs=4000 err=0 | SUB recv=2240294 itps=0.00 tps=783.91 p50=35.46ms p95=152.70ms p99=198.97ms err=0
[status] PUB sent=2240644 itps=0.00 tps=783.74 pubs=4000 err=0 | SUB recv=2240294 itps=0.00 tps=783.63 p50=35.46ms p95=152.70ms p99=198.97ms err=0
[status] PUB sent=2240644 itps=0.00 tps=783.47 pubs=4000 err=0 | SUB recv=2240294 itps=0.00 tps=783.36 p50=35.46ms p95=152.70ms p99=198.97ms err=0
[status] PUB sent=2240644 itps=0.00 tps=783.19 pubs=4000 err=0 | SUB recv=2240294 itps=0.00 tps=783.09 p50=35.46ms p95=152.70ms p99=198.97ms err=0
[status] PUB sent=2240644 itps=0.00 tps=782.65 pubs=4000 err=0 | SUB recv=2240294 itps=0.00 tps=782.54 p50=35.46ms p95=152.70ms p99=198.97ms err=0
[status] PUB sent=2240644 itps=0.00 tps=782.37 pubs=4000 err=0 | SUB recv=2240294 itps=0.00 tps=782.26 p50=35.46ms p95=152.70ms p99=198.97ms err=0
[status] PUB sent=2240644 itps=0.00 tps=782.10 pubs=4000 err=0 | SUB recv=2240294 itps=0.00 tps=781.99 p50=35.46ms p95=152.70ms p99=198.97ms err=0
[status] PUB sent=2240644 itps=0.00 tps=781.83 pubs=4000 err=0 | SUB recv=2240294 itps=0.00 tps=781.72 p50=35.46ms p95=152.70ms p99=198.97ms err=0
[status] PUB sent=2240644 itps=0.00 tps=781.56 pubs=4000 err=0 | SUB recv=2240294 itps=0.00 tps=781.45 p50=35.46ms p95=152.70ms p99=198.97ms err=0
[status] PUB sent=2240644 itps=0.00 tps=781.28 pubs=4000 err=0 | SUB recv=2240294 itps=0.00 tps=781.17 p50=35.46ms p95=152.70ms p99=198.97ms err=0
[status] PUB sent=2240644 itps=0.00 tps=781.01 pubs=4000 err=0 | SUB recv=2240294 itps=0.00 tps=780.90 p50=35.46ms p95=152.70ms p99=198.97ms err=0
[status] PUB sent=2240644 itps=0.00 tps=780.74 pubs=4000 err=0 | SUB recv=2240294 itps=0.00 tps=780.63 p50=35.46ms p95=152.70ms p99=198.97ms err=0
[status] PUB sent=2240644 itps=0.00 tps=780.47 pubs=4000 err=0 | SUB recv=2240294 itps=0.00 tps=780.36 p50=35.46ms p95=152.70ms p99=198.97ms err=0
[status] PUB sent=2240644 itps=0.00 tps=780.19 pubs=4000 err=0 | SUB recv=2240294 itps=0.00 tps=780.09 p50=35.46ms p95=152.70ms p99=198.97ms err=0
[status] PUB sent=2240644 itps=0.00 tps=779.92 pubs=4000 err=0 | SUB recv=2240294 itps=0.00 tps=779.81 p50=35.46ms p95=152.70ms p99=198.97ms err=0
[status] PUB sent=2240644 itps=0.00 tps=779.65 pubs=4000 err=0 | SUB recv=2240294 itps=0.00 tps=779.54 p50=35.46ms p95=152.70ms p99=198.97ms err=0
[status] PUB sent=2240644 itps=0.00 tps=779.38 pubs=4000 err=0 | SUB recv=2240294 itps=0.00 tps=779.27 p50=35.46ms p95=152.70ms p99=198.97ms err=0
[status] PUB sent=2240644 itps=0.00 tps=779.11 pubs=4000 err=0 | SUB recv=2240294 itps=0.00 tps=779.00 p50=35.46ms p95=152.70ms p99=198.97ms err=0
[status] PUB sent=2240644 itps=0.00 tps=778.84 pubs=4000 err=0 | SUB recv=2240294 itps=0.00 tps=778.73 p50=35.46ms p95=152.70ms p99=198.97ms err=0
[status] PUB sent=2240644 itps=0.00 tps=778.57 pubs=4000 err=0 | SUB recv=2240294 itps=0.00 tps=778.46 p50=35.46ms p95=152.70ms p99=198.97ms err=0
[status] PUB sent=2240644 itps=0.00 tps=778.30 pubs=4000 err=0 | SUB recv=2240294 itps=0.00 tps=778.19 p50=35.46ms p95=152.70ms p99=198.97ms err=0
[status] PUB sent=2240644 itps=0.00 tps=778.03 pubs=4000 err=0 | SUB recv=2240294 itps=0.00 tps=777.92 p50=35.46ms p95=152.70ms p99=198.97ms err=0
[status] PUB sent=2240644 itps=0.00 tps=777.76 pubs=4000 err=0 | SUB recv=2240294 itps=0.00 tps=777.65 p50=35.46ms p95=152.70ms p99=198.97ms err=0
[status] PUB sent=2240644 itps=0.00 tps=777.49 pubs=4000 err=0 | SUB recv=2240294 itps=0.00 tps=777.38 p50=35.46ms p95=152.70ms p99=198.97ms err=0
[status] PUB sent=2240644 itps=0.00 tps=777.22 pubs=4000 err=0 | SUB recv=2240294 itps=0.00 tps=777.11 p50=35.46ms p95=152.70ms p99=198.97ms err=0
[status] PUB sent=2240644 itps=0.00 tps=776.95 pubs=4000 err=0 | SUB recv=2240294 itps=0.00 tps=776.84 p50=35.46ms p95=152.70ms p99=198.97ms err=0
[status] PUB sent=2240644 itps=0.00 tps=776.68 pubs=4000 err=0 | SUB recv=2240294 itps=0.00 tps=776.57 p50=35.46ms p95=152.70ms p99=198.97ms err=0
[status] PUB sent=2240644 itps=0.00 tps=776.41 pubs=4000 err=0 | SUB recv=2240294 itps=0.00 tps=776.30 p50=35.46ms p95=152.70ms p99=198.97ms err=0
[status] PUB sent=2240644 itps=0.00 tps=776.14 pubs=4000 err=0 | SUB recv=2240294 itps=0.00 tps=776.03 p50=35.46ms p95=152.70ms p99=198.97ms err=0
[status] PUB sent=2240644 itps=0.00 tps=775.87 pubs=4000 err=0 | SUB recv=2240294 itps=0.00 tps=775.76 p50=35.46ms p95=152.70ms p99=198.97ms err=0
[status] PUB sent=2240644 itps=0.00 tps=775.60 pubs=4000 err=0 | SUB recv=2240294 itps=0.00 tps=775.50 p50=35.46ms p95=152.70ms p99=198.97ms err=0
[status] PUB sent=2240644 itps=0.00 tps=775.34 pubs=4000 err=0 | SUB recv=2240294 itps=0.00 tps=775.23 p50=35.46ms p95=152.70ms p99=198.97ms err=0
[status] PUB sent=2240644 itps=0.00 tps=775.07 pubs=4000 err=0 | SUB recv=2240294 itps=0.00 tps=774.96 p50=35.46ms p95=152.70ms p99=198.97ms err=0
[status] PUB sent=2240644 itps=0.00 tps=774.80 pubs=4000 err=0 | SUB recv=2240294 itps=0.00 tps=774.69 p50=35.46ms p95=152.70ms p99=198.97ms err=0
[status] PUB sent=2240644 itps=0.00 tps=774.53 pubs=4000 err=0 | SUB recv=2240294 itps=0.00 tps=774.42 p50=35.46ms p95=152.70ms p99=198.97ms err=0
[status] PUB sent=2240644 itps=0.00 tps=774.26 pubs=4000 err=0 | SUB recv=2240294 itps=0.00 tps=774.16 p50=35.46ms p95=152.70ms p99=198.97ms err=0
[status] PUB sent=2240644 itps=0.00 tps=774.00 pubs=4000 err=0 | SUB recv=2240294 itps=0.00 tps=773.89 p50=35.46ms p95=152.70ms p99=198.97ms err=0
[status] PUB sent=2240644 itps=0.00 tps=773.73 pubs=4000 err=0 | SUB recv=2240294 itps=0.00 tps=773.62 p50=35.46ms p95=152.70ms p99=198.97ms err=0
[status] PUB sent=2240644 itps=0.00 tps=773.46 pubs=4000 err=0 | SUB recv=2240294 itps=0.00 tps=773.35 p50=35.46ms p95=152.70ms p99=198.97ms err=0
[status] PUB sent=2240644 itps=0.00 tps=773.19 pubs=4000 err=0 | SUB recv=2240294 itps=0.00 tps=773.09 p50=35.46ms p95=152.70ms p99=198.97ms err=0
[status] PUB sent=2240644 itps=0.00 tps=772.93 pubs=4000 err=0 | SUB recv=2240294 itps=0.00 tps=772.82 p50=35.46ms p95=152.70ms p99=198.97ms err=0
[status] PUB sent=2240644 itps=0.00 tps=772.66 pubs=4000 err=0 | SUB recv=2240294 itps=0.00 tps=772.55 p50=35.46ms p95=152.70ms p99=198.97ms err=0
[status] PUB sent=2240644 itps=0.00 tps=772.40 pubs=4000 err=0 | SUB recv=2240294 itps=0.00 tps=772.29 p50=35.46ms p95=152.70ms p99=198.97ms err=0
[status] PUB sent=2240644 itps=0.00 tps=772.13 pubs=4000 err=0 | SUB recv=2240294 itps=0.00 tps=772.02 p50=35.46ms p95=152.70ms p99=198.97ms err=0
[status] PUB sent=2240644 itps=0.00 tps=771.86 pubs=4000 err=0 | SUB recv=2240294 itps=0.00 tps=771.75 p50=35.46ms p95=152.70ms p99=198.97ms err=0
[status] PUB sent=2240644 itps=0.00 tps=771.60 pubs=4000 err=0 | SUB recv=2240294 itps=0.00 tps=771.49 p50=35.46ms p95=152.70ms p99=198.97ms err=0
[status] PUB sent=2240644 itps=0.00 tps=771.33 pubs=4000 err=0 | SUB recv=2240294 itps=0.00 tps=771.22 p50=35.46ms p95=152.70ms p99=198.97ms err=0
[status] PUB sent=2240644 itps=0.00 tps=771.07 pubs=4000 err=0 | SUB recv=2240294 itps=0.00 tps=770.96 p50=35.46ms p95=152.70ms p99=198.97ms err=0
[status] PUB sent=2240644 itps=0.00 tps=770.80 pubs=4000 err=0 | SUB recv=2240294 itps=0.00 tps=770.69 p50=35.46ms p95=152.70ms p99=198.97ms err=0
[status] PUB sent=2240644 itps=0.00 tps=770.54 pubs=4000 err=0 | SUB recv=2240294 itps=0.00 tps=770.43 p50=35.46ms p95=152.70ms p99=198.97ms err=0
[status] PUB sent=2240644 itps=0.00 tps=770.27 pubs=4000 err=0 | SUB recv=2240294 itps=0.00 tps=770.16 p50=35.46ms p95=152.70ms p99=198.97ms err=0
[status] PUB sent=2240644 itps=0.00 tps=770.01 pubs=4000 err=0 | SUB recv=2240294 itps=0.00 tps=769.90 p50=35.46ms p95=152.70ms p99=198.97ms err=0
[status] PUB sent=2240644 itps=0.00 tps=769.74 pubs=4000 err=0 | SUB recv=2240294 itps=0.00 tps=769.63 p50=35.46ms p95=152.70ms p99=198.97ms err=0
[status] PUB sent=2240644 itps=0.00 tps=769.48 pubs=4000 err=0 | SUB recv=2240294 itps=0.00 tps=769.37 p50=35.46ms p95=152.70ms p99=198.97ms err=0
[status] PUB sent=2240644 itps=0.00 tps=769.21 pubs=4000 err=0 | SUB recv=2240294 itps=0.00 tps=769.11 p50=35.46ms p95=152.70ms p99=198.97ms err=0
[status] PUB sent=2240644 itps=0.00 tps=768.95 pubs=4000 err=0 | SUB recv=2240294 itps=0.00 tps=768.84 p50=35.46ms p95=152.70ms p99=198.97ms err=0
[status] PUB sent=2240644 itps=0.00 tps=768.69 pubs=4000 err=0 | SUB recv=2240294 itps=0.00 tps=768.58 p50=35.46ms p95=152.70ms p99=198.97ms err=0
[status] PUB sent=2240644 itps=0.00 tps=768.42 pubs=4000 err=0 | SUB recv=2240294 itps=0.00 tps=768.31 p50=35.46ms p95=152.70ms p99=198.97ms err=0
[status] PUB sent=2240644 itps=0.00 tps=768.16 pubs=4000 err=0 | SUB recv=2240294 itps=0.00 tps=768.05 p50=35.46ms p95=152.70ms p99=198.97ms err=0
[status] PUB sent=2240644 itps=0.00 tps=767.90 pubs=4000 err=0 | SUB recv=2240294 itps=0.00 tps=767.79 p50=35.46ms p95=152.70ms p99=198.97ms err=0
[status] PUB sent=2240644 itps=0.00 tps=767.63 pubs=4000 err=0 | SUB recv=2240294 itps=0.00 tps=767.52 p50=35.46ms p95=152.70ms p99=198.97ms err=0
[status] PUB sent=2240644 itps=0.00 tps=767.37 pubs=4000 err=0 | SUB recv=2240294 itps=0.00 tps=767.26 p50=35.46ms p95=152.70ms p99=198.97ms err=0
[status] PUB sent=2240644 itps=0.00 tps=767.11 pubs=4000 err=0 | SUB recv=2240294 itps=0.00 tps=767.00 p50=35.46ms p95=152.70ms p99=198.97ms err=0
[status] PUB sent=2240644 itps=0.00 tps=766.84 pubs=4000 err=0 | SUB recv=2240294 itps=0.00 tps=766.74 p50=35.46ms p95=152.70ms p99=198.97ms err=0
[status] PUB sent=2240644 itps=0.00 tps=766.58 pubs=4000 err=0 | SUB recv=2240294 itps=0.00 tps=766.47 p50=35.46ms p95=152.70ms p99=198.97ms err=0
[status] PUB sent=2240644 itps=0.00 tps=766.32 pubs=4000 err=0 | SUB recv=2240294 itps=0.00 tps=766.21 p50=35.46ms p95=152.70ms p99=198.97ms err=0
[status] PUB sent=2240644 itps=0.00 tps=766.06 pubs=4000 err=0 | SUB recv=2240294 itps=0.00 tps=765.95 p50=35.46ms p95=152.70ms p99=198.97ms err=0
[status] PUB sent=2240644 itps=0.00 tps=765.80 pubs=4000 err=0 | SUB recv=2240294 itps=0.00 tps=765.69 p50=35.46ms p95=152.70ms p99=198.97ms err=0
[status] PUB sent=2240644 itps=0.00 tps=765.53 pubs=4000 err=0 | SUB recv=2240294 itps=0.00 tps=765.43 p50=35.46ms p95=152.70ms p99=198.97ms err=0
[status] PUB sent=2240644 itps=0.00 tps=765.27 pubs=4000 err=0 | SUB recv=2240294 itps=0.00 tps=764.90 p50=35.46ms p95=152.70ms p99=198.97ms err=0
[status] PUB sent=2240644 itps=0.00 tps=764.75 pubs=4000 err=0 | SUB recv=2240294 itps=0.00 tps=764.64 p50=35.46ms p95=152.70ms p99=198.97ms err=0
[status] PUB sent=2240644 itps=0.00 tps=764.49 pubs=4000 err=0 | SUB recv=2240294 itps=0.00 tps=764.38 p50=35.46ms p95=152.70ms p99=198.97ms err=0
[status] PUB sent=2240644 itps=0.00 tps=764.23 pubs=4000 err=0 | SUB recv=2240294 itps=0.00 tps=764.12 p50=35.46ms p95=152.70ms p99=198.97ms err=0
[status] PUB sent=2240644 itps=0.00 tps=763.97 pubs=4000 err=0 | SUB recv=2240294 itps=0.00 tps=763.86 p50=35.46ms p95=152.70ms p99=198.97ms err=0
[status] PUB sent=2240644 itps=0.00 tps=763.71 pubs=4000 err=0 | SUB recv=2240294 itps=0.00 tps=763.60 p50=35.46ms p95=152.70ms p99=198.97ms err=0
[status] PUB sent=2240644 itps=0.00 tps=763.45 pubs=4000 err=0 | SUB recv=2240294 itps=0.00 tps=763.34 p50=35.46ms p95=152.70ms p99=198.97ms err=0
[status] PUB sent=2240644 itps=0.00 tps=763.19 pubs=4000 err=0 | SUB recv=2240294 itps=0.00 tps=763.08 p50=35.46ms p95=152.70ms p99=198.97ms err=0
[status] PUB sent=2240644 itps=0.00 tps=762.93 pubs=4000 err=0 | SUB recv=2240294 itps=0.00 tps=762.82 p50=35.46ms p95=152.70ms p99=198.97ms err=0
[status] PUB sent=2240644 itps=0.00 tps=762.67 pubs=4000 err=0 | SUB recv=2240294 itps=0.00 tps=762.56 p50=35.46ms p95=152.70ms p99=198.97ms err=0
[status] PUB sent=2240644 itps=0.00 tps=762.41 pubs=4000 err=0 | SUB recv=2240294 itps=0.00 tps=762.30 p50=35.46ms p95=152.70ms p99=198.97ms err=0
[status] PUB sent=2240644 itps=0.00 tps=762.15 pubs=4000 err=0 | SUB recv=2240294 itps=0.00 tps=762.04 p50=35.46ms p95=152.70ms p99=198.97ms err=0
[status] PUB sent=2240644 itps=0.00 tps=761.89 pubs=4000 err=0 | SUB recv=2240294 itps=0.00 tps=761.78 p50=35.46ms p95=152.70ms p99=198.97ms err=0
[status] PUB sent=2240644 itps=0.00 tps=761.63 pubs=4000 err=0 | SUB recv=2240294 itps=0.00 tps=761.52 p50=35.46ms p95=152.70ms p99=198.97ms err=0
[status] PUB sent=2240644 itps=0.00 tps=761.37 pubs=4000 err=0 | SUB recv=2240294 itps=0.00 tps=761.27 p50=35.46ms p95=152.70ms p99=198.97ms err=0
[status] PUB sent=2240644 itps=0.00 tps=761.11 pubs=4000 err=0 | SUB recv=2240294 itps=0.00 tps=761.01 p50=35.46ms p95=152.70ms p99=198.97ms err=0
[status] PUB sent=2240644 itps=0.00 tps=760.85 pubs=4000 err=0 | SUB recv=2240294 itps=0.00 tps=760.75 p50=35.46ms p95=152.70ms p99=198.97ms err=0
[status] PUB sent=2240644 itps=0.00 tps=760.60 pubs=4000 err=0 | SUB recv=2240294 itps=0.00 tps=760.49 p50=35.46ms p95=152.70ms p99=198.97ms err=0
[status] PUB sent=2240644 itps=0.00 tps=760.34 pubs=4000 err=0 | SUB recv=2240294 itps=0.00 tps=760.23 p50=35.46ms p95=152.70ms p99=198.97ms err=0
[status] PUB sent=2240644 itps=0.00 tps=760.08 pubs=4000 err=0 | SUB recv=2240294 itps=0.00 tps=759.97 p50=35.46ms p95=152.70ms p99=198.97ms err=0
[status] PUB sent=2240644 itps=0.00 tps=759.82 pubs=4000 err=0 | SUB recv=2240294 itps=0.00 tps=759.72 p50=35.46ms p95=152.70ms p99=198.97ms err=0
[status] PUB sent=2240644 itps=0.00 tps=759.57 pubs=4000 err=0 | SUB recv=2240294 itps=0.00 tps=759.46 p50=35.46ms p95=152.70ms p99=198.97ms err=0
[status] PUB sent=2240644 itps=0.00 tps=759.31 pubs=4000 err=0 | SUB recv=2240294 itps=0.00 tps=759.20 p50=35.46ms p95=152.70ms p99=198.97ms err=0
[status] PUB sent=2240644 itps=0.00 tps=759.05 pubs=4000 err=0 | SUB recv=2240294 itps=0.00 tps=758.94 p50=35.46ms p95=152.70ms p99=198.97ms err=0
[status] PUB sent=2240644 itps=0.00 tps=758.79 pubs=4000 err=0 | SUB recv=2240294 itps=0.00 tps=758.69 p50=35.46ms p95=152.70ms p99=198.97ms err=0
[status] PUB sent=2240644 itps=0.00 tps=758.54 pubs=4000 err=0 | SUB recv=2240294 itps=0.00 tps=758.43 p50=35.46ms p95=152.70ms p99=198.97ms err=0
[status] PUB sent=2240644 itps=0.00 tps=758.28 pubs=4000 err=0 | SUB recv=2240294 itps=0.00 tps=758.17 p50=35.46ms p95=152.70ms p99=198.97ms err=0
[status] PUB sent=2240644 itps=0.00 tps=758.02 pubs=4000 err=0 | SUB recv=2240294 itps=0.00 tps=757.92 p50=35.46ms p95=152.70ms p99=198.97ms err=0
[status] PUB sent=2240644 itps=0.00 tps=757.77 pubs=4000 err=0 | SUB recv=2240294 itps=0.00 tps=757.66 p50=35.46ms p95=152.70ms p99=198.97ms err=0
[status] PUB sent=2240644 itps=0.00 tps=757.51 pubs=4000 err=0 | SUB recv=2240294 itps=0.00 tps=757.40 p50=35.46ms p95=152.70ms p99=198.97ms err=0
[status] PUB sent=2240644 itps=0.00 tps=757.25 pubs=4000 err=0 | SUB recv=2240294 itps=0.00 tps=757.15 p50=35.46ms p95=152.70ms p99=198.97ms err=0
[status] PUB sent=2240644 itps=0.00 tps=757.00 pubs=4000 err=0 | SUB recv=2240294 itps=0.00 tps=756.89 p50=35.46ms p95=152.70ms p99=198.97ms err=0
[status] PUB sent=2240644 itps=0.00 tps=756.74 pubs=4000 err=0 | SUB recv=2240294 itps=0.00 tps=756.64 p50=35.46ms p95=152.70ms p99=198.97ms err=0
[status] PUB sent=2240644 itps=0.00 tps=756.49 pubs=4000 err=0 | SUB recv=2240294 itps=0.00 tps=756.38 p50=35.46ms p95=152.70ms p99=198.97ms err=0
[status] PUB sent=2240644 itps=0.00 tps=756.23 pubs=4000 err=0 | SUB recv=2240294 itps=0.00 tps=756.13 p50=35.46ms p95=152.70ms p99=198.97ms err=0
[status] PUB sent=2240644 itps=0.00 tps=755.98 pubs=4000 err=0 | SUB recv=2240294 itps=0.00 tps=755.87 p50=35.46ms p95=152.70ms p99=198.97ms err=0
[status] PUB sent=2240644 itps=0.00 tps=755.72 pubs=4000 err=0 | SUB recv=2240294 itps=0.00 tps=755.62 p50=35.46ms p95=152.70ms p99=198.97ms err=0
[status] PUB sent=2240644 itps=0.00 tps=755.47 pubs=4000 err=0 | SUB recv=2240294 itps=0.00 tps=755.36 p50=35.46ms p95=152.70ms p99=198.97ms err=0
[status] PUB sent=2240644 itps=0.00 tps=755.21 pubs=4000 err=0 | SUB recv=2240294 itps=0.00 tps=755.11 p50=35.46ms p95=152.70ms p99=198.97ms err=0
[status] PUB sent=2240644 itps=0.00 tps=754.96 pubs=4000 err=0 | SUB recv=2240294 itps=0.00 tps=754.85 p50=35.46ms p95=152.70ms p99=198.97ms err=0
[status] PUB sent=2240644 itps=0.00 tps=754.70 pubs=4000 err=0 | SUB recv=2240294 itps=0.00 tps=754.60 p50=35.46ms p95=152.70ms p99=198.97ms err=0
[status] PUB sent=2240644 itps=0.00 tps=754.45 pubs=4000 err=0 | SUB recv=2240294 itps=0.00 tps=754.34 p50=35.46ms p95=152.70ms p99=198.97ms err=0
[status] PUB sent=2240644 itps=0.00 tps=754.20 pubs=4000 err=0 | SUB recv=2240294 itps=0.00 tps=754.09 p50=35.46ms p95=152.70ms p99=198.97ms err=0
[status] PUB sent=2240644 itps=0.00 tps=753.94 pubs=4000 err=0 | SUB recv=2240294 itps=0.00 tps=753.84 p50=35.46ms p95=152.70ms p99=198.97ms err=0
[status] PUB sent=2240644 itps=0.00 tps=753.69 pubs=4000 err=0 | SUB recv=2240294 itps=0.00 tps=753.58 p50=35.46ms p95=152.70ms p99=198.97ms err=0
[status] PUB sent=2240644 itps=0.00 tps=753.44 pubs=4000 err=0 | SUB recv=2240294 itps=0.00 tps=753.33 p50=35.46ms p95=152.70ms p99=198.97ms err=0
[status] PUB sent=2240644 itps=0.00 tps=753.18 pubs=4000 err=0 | SUB recv=2240294 itps=0.00 tps=753.08 p50=35.46ms p95=152.70ms p99=198.97ms err=0
[status] PUB sent=2240644 itps=0.00 tps=752.93 pubs=4000 err=0 | SUB recv=2240294 itps=0.00 tps=752.82 p50=35.46ms p95=152.70ms p99=198.97ms err=0
[status] PUB sent=2240644 itps=0.00 tps=752.68 pubs=4000 err=0 | SUB recv=2240294 itps=0.00 tps=752.57 p50=35.46ms p95=152.70ms p99=198.97ms err=0
[status] PUB sent=2240644 itps=0.00 tps=752.42 pubs=4000 err=0 | SUB recv=2240294 itps=0.00 tps=752.32 p50=35.46ms p95=152.70ms p99=198.97ms err=0
[status] PUB sent=2240644 itps=0.00 tps=752.17 pubs=4000 err=0 | SUB recv=2240294 itps=0.00 tps=752.07 p50=35.46ms p95=152.70ms p99=198.97ms err=0
[status] PUB sent=2240644 itps=0.00 tps=751.92 pubs=4000 err=0 | SUB recv=2240294 itps=0.00 tps=751.81 p50=35.46ms p95=152.70ms p99=198.97ms err=0
[status] PUB sent=2240644 itps=0.00 tps=751.67 pubs=4000 err=0 | SUB recv=2240294 itps=0.00 tps=751.56 p50=35.46ms p95=152.70ms p99=198.97ms err=0
[status] PUB sent=2240644 itps=0.00 tps=751.41 pubs=4000 err=0 | SUB recv=2240294 itps=0.00 tps=751.31 p50=35.46ms p95=152.70ms p99=198.97ms err=0
[status] PUB sent=2240644 itps=0.00 tps=751.16 pubs=4000 err=0 | SUB recv=2240294 itps=0.00 tps=751.06 p50=35.46ms p95=152.70ms p99=198.97ms err=0
[status] PUB sent=2240644 itps=0.00 tps=750.91 pubs=4000 err=0 | SUB recv=2240294 itps=0.00 tps=750.80 p50=35.46ms p95=152.70ms p99=198.97ms err=0
[status] PUB sent=2240644 itps=0.00 tps=750.66 pubs=4000 err=0 | SUB recv=2240294 itps=0.00 tps=750.55 p50=35.46ms p95=152.70ms p99=198.97ms err=0
[status] PUB sent=2240644 itps=0.00 tps=750.41 pubs=4000 err=0 | SUB recv=2240294 itps=0.00 tps=750.30 p50=35.46ms p95=152.70ms p99=198.97ms err=0
[status] PUB sent=2240644 itps=0.00 tps=750.16 pubs=4000 err=0 | SUB recv=2240294 itps=0.00 tps=750.05 p50=35.46ms p95=152.70ms p99=198.97ms err=0
[status] PUB sent=2240644 itps=0.00 tps=749.90 pubs=4000 err=0 | SUB recv=2240294 itps=0.00 tps=749.80 p50=35.46ms p95=152.70ms p99=198.97ms err=0
[status] PUB sent=2240644 itps=0.00 tps=749.65 pubs=4000 err=0 | SUB recv=2240294 itps=0.00 tps=749.55 p50=35.46ms p95=152.70ms p99=198.97ms err=0
[status] PUB sent=2240644 itps=0.00 tps=749.40 pubs=4000 err=0 | SUB recv=2240294 itps=0.00 tps=749.30 p50=35.46ms p95=152.70ms p99=198.97ms err=0
[status] PUB sent=2240644 itps=0.00 tps=749.15 pubs=4000 err=0 | SUB recv=2240294 itps=0.00 tps=749.05 p50=35.46ms p95=152.70ms p99=198.97ms err=0
[status] PUB sent=2240644 itps=0.00 tps=748.90 pubs=4000 err=0 | SUB recv=2240294 itps=0.00 tps=748.80 p50=35.46ms p95=152.70ms p99=198.97ms err=0
[status] PUB sent=2240644 itps=0.00 tps=748.65 pubs=4000 err=0 | SUB recv=2240294 itps=0.00 tps=748.55 p50=35.46ms p95=152.70ms p99=198.97ms err=0
[status] PUB sent=2240644 itps=0.00 tps=748.40 pubs=4000 err=0 | SUB recv=2240294 itps=0.00 tps=748.30 p50=35.46ms p95=152.70ms p99=198.97ms err=0
[status] PUB sent=2240644 itps=0.00 tps=747.90 pubs=4000 err=0 | SUB recv=2240294 itps=0.00 tps=747.80 p50=35.46ms p95=152.70ms p99=198.97ms err=0
[status] PUB sent=2240644 itps=0.00 tps=747.65 pubs=4000 err=0 | SUB recv=2240294 itps=0.00 tps=747.55 p50=35.46ms p95=152.70ms p99=198.97ms err=0
[status] PUB sent=2240644 itps=0.00 tps=747.40 pubs=4000 err=0 | SUB recv=2240294 itps=0.00 tps=747.30 p50=35.46ms p95=152.70ms p99=198.97ms err=0
[status] PUB sent=2240644 itps=0.00 tps=747.15 pubs=4000 err=0 | SUB recv=2240294 itps=0.00 tps=747.05 p50=35.46ms p95=152.70ms p99=198.97ms err=0
[status] PUB sent=2240644 itps=0.00 tps=746.91 pubs=4000 err=0 | SUB recv=2240294 itps=0.00 tps=746.80 p50=35.46ms p95=152.70ms p99=198.97ms err=0
[status] PUB sent=2240644 itps=0.00 tps=746.66 pubs=4000 err=0 | SUB recv=2240294 itps=0.00 tps=746.55 p50=35.46ms p95=152.70ms p99=198.97ms err=0
[status] PUB sent=2240644 itps=0.00 tps=746.41 pubs=4000 err=0 | SUB recv=2240294 itps=0.00 tps=746.30 p50=35.46ms p95=152.70ms p99=198.97ms err=0
[status] PUB sent=2240644 itps=0.00 tps=746.16 pubs=4000 err=0 | SUB recv=2240294 itps=0.00 tps=746.05 p50=35.46ms p95=152.70ms p99=198.97ms err=0
[status] PUB sent=2240644 itps=0.00 tps=745.91 pubs=4000 err=0 | SUB recv=2240294 itps=0.00 tps=745.81 p50=35.46ms p95=152.70ms p99=198.97ms err=0
[status] PUB sent=2240644 itps=0.00 tps=745.66 pubs=4000 err=0 | SUB recv=2240294 itps=0.00 tps=745.56 p50=35.46ms p95=152.70ms p99=198.97ms err=0
[status] PUB sent=2240644 itps=0.00 tps=745.41 pubs=4000 err=0 | SUB recv=2240294 itps=0.00 tps=745.31 p50=35.46ms p95=152.70ms p99=198.97ms err=0
[status] PUB sent=2240644 itps=0.00 tps=745.17 pubs=4000 err=0 | SUB recv=2240294 itps=0.00 tps=745.06 p50=35.46ms p95=152.70ms p99=198.97ms err=0
[status] PUB sent=2240644 itps=0.00 tps=744.92 pubs=4000 err=0 | SUB recv=2240294 itps=0.00 tps=744.81 p50=35.46ms p95=152.70ms p99=198.97ms err=0
[status] PUB sent=2240644 itps=0.00 tps=744.67 pubs=4000 err=0 | SUB recv=2240294 itps=0.00 tps=744.57 p50=35.46ms p95=152.70ms p99=198.97ms err=0
[status] PUB sent=2240644 itps=0.00 tps=744.42 pubs=4000 err=0 | SUB recv=2240294 itps=0.00 tps=744.32 p50=35.46ms p95=152.70ms p99=198.97ms err=0
[status] PUB sent=2240644 itps=0.00 tps=744.18 pubs=4000 err=0 | SUB recv=2240294 itps=0.00 tps=744.07 p50=35.46ms p95=152.70ms p99=198.97ms err=0
[status] PUB sent=2240644 itps=0.00 tps=743.93 pubs=4000 err=0 | SUB recv=2240294 itps=0.00 tps=743.82 p50=35.46ms p95=152.70ms p99=198.97ms err=0
[status] PUB sent=2240644 itps=0.00 tps=743.68 pubs=4000 err=0 | SUB recv=2240294 itps=0.00 tps=743.58 p50=35.46ms p95=152.70ms p99=198.97ms err=0
[status] PUB sent=2240644 itps=0.00 tps=743.44 pubs=4000 err=0 | SUB recv=2240294 itps=0.00 tps=743.33 p50=35.46ms p95=152.70ms p99=198.97ms err=0
[status] PUB sent=2240644 itps=0.00 tps=743.19 pubs=4000 err=0 | SUB recv=2240294 itps=0.00 tps=743.08 p50=35.46ms p95=152.70ms p99=198.97ms err=0
[status] PUB sent=2240644 itps=0.00 tps=742.94 pubs=4000 err=0 | SUB recv=2240294 itps=0.00 tps=742.84 p50=35.46ms p95=152.70ms p99=198.97ms err=0
[status] PUB sent=2240644 itps=0.00 tps=742.70 pubs=4000 err=0 | SUB recv=2240294 itps=0.00 tps=742.59 p50=35.46ms p95=152.70ms p99=198.97ms err=0
[status] PUB sent=2240644 itps=0.00 tps=742.45 pubs=4000 err=0 | SUB recv=2240294 itps=0.00 tps=742.35 p50=35.46ms p95=152.70ms p99=198.97ms err=0
[status] PUB sent=2240644 itps=0.00 tps=742.20 pubs=4000 err=0 | SUB recv=2240294 itps=0.00 tps=742.10 p50=35.46ms p95=152.70ms p99=198.97ms err=0
[status] PUB sent=2240644 itps=0.00 tps=741.96 pubs=4000 err=0 | SUB recv=2240294 itps=0.00 tps=741.85 p50=35.46ms p95=152.70ms p99=198.97ms err=0
[status] PUB sent=2240644 itps=0.00 tps=741.71 pubs=4000 err=0 | SUB recv=2240294 itps=0.00 tps=741.61 p50=35.46ms p95=152.70ms p99=198.97ms err=0
[status] PUB sent=2240644 itps=0.00 tps=741.47 pubs=4000 err=0 | SUB recv=2240294 itps=0.00 tps=741.36 p50=35.46ms p95=152.70ms p99=198.97ms err=0
[status] PUB sent=2240644 itps=0.00 tps=741.22 pubs=4000 err=0 | SUB recv=2240294 itps=0.00 tps=741.12 p50=35.46ms p95=152.70ms p99=198.97ms err=0
[status] PUB sent=2240644 itps=0.00 tps=740.98 pubs=4000 err=0 | SUB recv=2240294 itps=0.00 tps=740.87 p50=35.46ms p95=152.70ms p99=198.97ms err=0
[status] PUB sent=2240644 itps=0.00 tps=740.73 pubs=4000 err=0 | SUB recv=2240294 itps=0.00 tps=740.63 p50=35.46ms p95=152.70ms p99=198.97ms err=0
[status] PUB sent=2240644 itps=0.00 tps=740.49 pubs=4000 err=0 | SUB recv=2240294 itps=0.00 tps=740.38 p50=35.46ms p95=152.70ms p99=198.97ms err=0
[status] PUB sent=2240644 itps=0.00 tps=740.24 pubs=4000 err=0 | SUB recv=2240294 itps=0.00 tps=740.14 p50=35.46ms p95=152.70ms p99=198.97ms err=0
[status] PUB sent=2240644 itps=0.00 tps=740.00 pubs=4000 err=0 | SUB recv=2240294 itps=0.00 tps=739.89 p50=35.46ms p95=152.70ms p99=198.97ms err=0
[status] PUB sent=2240644 itps=0.00 tps=739.75 pubs=4000 err=0 | SUB recv=2240294 itps=0.00 tps=739.65 p50=35.46ms p95=152.70ms p99=198.97ms err=0
[status] PUB sent=2240644 itps=0.00 tps=739.51 pubs=4000 err=0 | SUB recv=2240294 itps=0.00 tps=739.41 p50=35.46ms p95=152.70ms p99=198.97ms err=0
[status] PUB sent=2240644 itps=0.00 tps=739.27 pubs=4000 err=0 | SUB recv=2240294 itps=0.00 tps=739.16 p50=35.46ms p95=152.70ms p99=198.97ms err=0
[status] PUB sent=2240644 itps=0.00 tps=739.02 pubs=4000 err=0 | SUB recv=2240294 itps=0.00 tps=738.92 p50=35.46ms p95=152.70ms p99=198.97ms err=0
[status] PUB sent=2240644 itps=0.00 tps=738.78 pubs=4000 err=0 | SUB recv=2240294 itps=0.00 tps=738.67 p50=35.46ms p95=152.70ms p99=198.97ms err=0
[status] PUB sent=2240644 itps=0.00 tps=738.53 pubs=4000 err=0 | SUB recv=2240294 itps=0.00 tps=738.43 p50=35.46ms p95=152.70ms p99=198.97ms err=0
[status] PUB sent=2240644 itps=0.00 tps=738.29 pubs=4000 err=0 | SUB recv=2240294 itps=0.00 tps=738.19 p50=35.46ms p95=152.70ms p99=198.97ms err=0
[status] PUB sent=2240644 itps=0.00 tps=738.05 pubs=4000 err=0 | SUB recv=2240294 itps=0.00 tps=737.94 p50=35.46ms p95=152.70ms p99=198.97ms err=0
[status] PUB sent=2240644 itps=0.00 tps=737.81 pubs=4000 err=0 | SUB recv=2240294 itps=0.00 tps=737.70 p50=35.46ms p95=152.70ms p99=198.97ms err=0
[status] PUB sent=2240644 itps=0.00 tps=737.56 pubs=4000 err=0 | SUB recv=2240294 itps=0.00 tps=737.46 p50=35.46ms p95=152.70ms p99=198.97ms err=0
[status] PUB sent=2240644 itps=0.00 tps=737.32 pubs=4000 err=0 | SUB recv=2240294 itps=0.00 tps=737.22 p50=35.46ms p95=152.70ms p99=198.97ms err=0
[status] PUB sent=2240644 itps=0.00 tps=737.08 pubs=4000 err=0 | SUB recv=2240294 itps=0.00 tps=736.97 p50=35.46ms p95=152.70ms p99=198.97ms err=0
[status] PUB sent=2240644 itps=0.00 tps=736.83 pubs=4000 err=0 | SUB recv=2240294 itps=0.00 tps=736.73 p50=35.46ms p95=152.70ms p99=198.97ms err=0
[status] PUB sent=2240644 itps=0.00 tps=736.59 pubs=4000 err=0 | SUB recv=2240294 itps=0.00 tps=736.49 p50=35.46ms p95=152.70ms p99=198.97ms err=0
[status] PUB sent=2240644 itps=0.00 tps=736.35 pubs=4000 err=0 | SUB recv=2240294 itps=0.00 tps=736.25 p50=35.46ms p95=152.70ms p99=198.97ms err=0
[status] PUB sent=2240644 itps=0.00 tps=736.11 pubs=4000 err=0 | SUB recv=2240294 itps=0.00 tps=736.00 p50=35.46ms p95=152.70ms p99=198.97ms err=0
[status] PUB sent=2240644 itps=0.00 tps=735.87 pubs=4000 err=0 | SUB recv=2240294 itps=0.00 tps=735.76 p50=35.46ms p95=152.70ms p99=198.97ms err=0
[status] PUB sent=2240644 itps=0.00 tps=735.63 pubs=4000 err=0 | SUB recv=2240294 itps=0.00 tps=735.52 p50=35.46ms p95=152.70ms p99=198.97ms err=0
[status] PUB sent=2240644 itps=0.00 tps=735.38 pubs=4000 err=0 | SUB recv=2240294 itps=0.00 tps=735.28 p50=35.46ms p95=152.70ms p99=198.97ms err=0
[status] PUB sent=2240644 itps=0.00 tps=735.14 pubs=4000 err=0 | SUB recv=2240294 itps=0.00 tps=735.04 p50=35.46ms p95=152.70ms p99=198.97ms err=0
[status] PUB sent=2240644 itps=0.00 tps=734.90 pubs=4000 err=0 | SUB recv=2240294 itps=0.00 tps=734.80 p50=35.46ms p95=152.70ms p99=198.97ms err=0
[status] PUB sent=2240644 itps=0.00 tps=734.66 pubs=4000 err=0 | SUB recv=2240294 itps=0.00 tps=734.56 p50=35.46ms p95=152.70ms p99=198.97ms err=0
[status] PUB sent=2240644 itps=0.00 tps=734.42 pubs=4000 err=0 | SUB recv=2240294 itps=0.00 tps=734.32 p50=35.46ms p95=152.70ms p99=198.97ms err=0
[status] PUB sent=2240644 itps=0.00 tps=734.18 pubs=4000 err=0 | SUB recv=2240294 itps=0.00 tps=734.08 p50=35.46ms p95=152.70ms p99=198.97ms err=0
[status] PUB sent=2240644 itps=0.00 tps=733.94 pubs=4000 err=0 | SUB recv=2240294 itps=0.00 tps=733.84 p50=35.46ms p95=152.70ms p99=198.97ms err=0
[status] PUB sent=2240644 itps=0.00 tps=733.70 pubs=4000 err=0 | SUB recv=2240294 itps=0.00 tps=733.60 p50=35.46ms p95=152.70ms p99=198.97ms err=0
[status] PUB sent=2240644 itps=0.00 tps=733.46 pubs=4000 err=0 | SUB recv=2240294 itps=0.00 tps=733.35 p50=35.46ms p95=152.70ms p99=198.97ms err=0
[status] PUB sent=2240644 itps=0.00 tps=733.22 pubs=4000 err=0 | SUB recv=2240294 itps=0.00 tps=733.11 p50=35.46ms p95=152.70ms p99=198.97ms err=0
[status] PUB sent=2240644 itps=0.00 tps=732.98 pubs=4000 err=0 | SUB recv=2240294 itps=0.00 tps=732.88 p50=35.46ms p95=152.70ms p99=198.97ms err=0
[status] PUB sent=2240644 itps=0.00 tps=732.74 pubs=4000 err=0 | SUB recv=2240294 itps=0.00 tps=732.64 p50=35.46ms p95=152.70ms p99=198.97ms err=0
[status] PUB sent=2240644 itps=0.00 tps=732.50 pubs=4000 err=0 | SUB recv=2240294 itps=0.00 tps=732.40 p50=35.46ms p95=152.70ms p99=198.97ms err=0
[status] PUB sent=2240644 itps=0.00 tps=732.26 pubs=4000 err=0 | SUB recv=2240294 itps=0.00 tps=732.16 p50=35.46ms p95=152.70ms p99=198.97ms err=0
[status] PUB sent=2240644 itps=0.00 tps=732.02 pubs=4000 err=0 | SUB recv=2240294 itps=0.00 tps=731.92 p50=35.46ms p95=152.70ms p99=198.97ms err=0
[status] PUB sent=2240644 itps=0.00 tps=731.78 pubs=4000 err=0 | SUB recv=2240294 itps=0.00 tps=731.68 p50=35.46ms p95=152.70ms p99=198.97ms err=0
[status] PUB sent=2240644 itps=0.00 tps=731.30 pubs=4000 err=0 | SUB recv=2240294 itps=0.00 tps=731.20 p50=35.46ms p95=152.70ms p99=198.97ms err=0
[status] PUB sent=2240644 itps=0.00 tps=731.06 pubs=4000 err=0 | SUB recv=2240294 itps=0.00 tps=730.96 p50=35.46ms p95=152.70ms p99=198.97ms err=0
[status] PUB sent=2240644 itps=0.00 tps=730.83 pubs=4000 err=0 | SUB recv=2240294 itps=0.00 tps=730.72 p50=35.46ms p95=152.70ms p99=198.97ms err=0
[status] PUB sent=2240644 itps=0.00 tps=730.59 pubs=4000 err=0 | SUB recv=2240294 itps=0.00 tps=730.49 p50=35.46ms p95=152.70ms p99=198.97ms err=0
[status] PUB sent=2240644 itps=0.00 tps=730.35 pubs=4000 err=0 | SUB recv=2240294 itps=0.00 tps=730.25 p50=35.46ms p95=152.70ms p99=198.97ms err=0
[status] PUB sent=2240644 itps=0.00 tps=730.11 pubs=4000 err=0 | SUB recv=2240294 itps=0.00 tps=730.01 p50=35.46ms p95=152.70ms p99=198.97ms err=0
[status] PUB sent=2240644 itps=0.00 tps=729.87 pubs=4000 err=0 | SUB recv=2240294 itps=0.00 tps=729.77 p50=35.46ms p95=152.70ms p99=198.97ms err=0
[status] PUB sent=2240644 itps=0.00 tps=729.64 pubs=4000 err=0 | SUB recv=2240294 itps=0.00 tps=729.53 p50=35.46ms p95=152.70ms p99=198.97ms err=0
[status] PUB sent=2240644 itps=0.00 tps=729.40 pubs=4000 err=0 | SUB recv=2240294 itps=0.00 tps=729.30 p50=35.46ms p95=152.70ms p99=198.97ms err=0
[status] PUB sent=2240644 itps=0.00 tps=729.16 pubs=4000 err=0 | SUB recv=2240294 itps=0.00 tps=729.06 p50=35.46ms p95=152.70ms p99=198.97ms err=0
[status] PUB sent=2240644 itps=0.00 tps=728.92 pubs=4000 err=0 | SUB recv=2240294 itps=0.00 tps=728.82 p50=35.46ms p95=152.70ms p99=198.97ms err=0
[status] PUB sent=2240644 itps=0.00 tps=728.69 pubs=4000 err=0 | SUB recv=2240294 itps=0.00 tps=728.58 p50=35.46ms p95=152.70ms p99=198.97ms err=0
[status] PUB sent=2240644 itps=0.00 tps=728.45 pubs=4000 err=0 | SUB recv=2240294 itps=0.00 tps=728.35 p50=35.46ms p95=152.70ms p99=198.97ms err=0
[status] PUB sent=2240644 itps=0.00 tps=728.21 pubs=4000 err=0 | SUB recv=2240294 itps=0.00 tps=728.11 p50=35.46ms p95=152.70ms p99=198.97ms err=0
[status] PUB sent=2240644 itps=0.00 tps=727.98 pubs=4000 err=0 | SUB recv=2240294 itps=0.00 tps=727.87 p50=35.46ms p95=152.70ms p99=198.97ms err=0
[status] PUB sent=2240644 itps=0.00 tps=727.74 pubs=4000 err=0 | SUB recv=2240294 itps=0.00 tps=727.64 p50=35.46ms p95=152.70ms p99=198.97ms err=0
[status] PUB sent=2240644 itps=0.00 tps=727.50 pubs=4000 err=0 | SUB recv=2240294 itps=0.00 tps=727.40 p50=35.46ms p95=152.70ms p99=198.97ms err=0
[status] PUB sent=2240644 itps=0.00 tps=727.27 pubs=4000 err=0 | SUB recv=2240294 itps=0.00 tps=727.17 p50=35.46ms p95=152.70ms p99=198.97ms err=0
[status] PUB sent=2240644 itps=0.00 tps=727.03 pubs=4000 err=0 | SUB recv=2240294 itps=0.00 tps=726.93 p50=35.46ms p95=152.70ms p99=198.97ms err=0
[status] PUB sent=2240644 itps=0.00 tps=726.80 pubs=4000 err=0 | SUB recv=2240294 itps=0.00 tps=726.69 p50=35.46ms p95=152.70ms p99=198.97ms err=0
[status] PUB sent=2240644 itps=0.00 tps=726.56 pubs=4000 err=0 | SUB recv=2240294 itps=0.00 tps=726.46 p50=35.46ms p95=152.70ms p99=198.97ms err=0
[status] PUB sent=2240644 itps=0.00 tps=726.33 pubs=4000 err=0 | SUB recv=2240294 itps=0.00 tps=726.22 p50=35.46ms p95=152.70ms p99=198.97ms err=0
[status] PUB sent=2240644 itps=0.00 tps=726.09 pubs=4000 err=0 | SUB recv=2240294 itps=0.00 tps=725.99 p50=35.46ms p95=152.70ms p99=198.97ms err=0
[status] PUB sent=2240644 itps=0.00 tps=725.85 pubs=4000 err=0 | SUB recv=2240294 itps=0.00 tps=725.75 p50=35.46ms p95=152.70ms p99=198.97ms err=0
[status] PUB sent=2240644 itps=0.00 tps=725.62 pubs=4000 err=0 | SUB recv=2240294 itps=0.00 tps=725.52 p50=35.46ms p95=152.70ms p99=198.97ms err=0
[status] PUB sent=2240644 itps=0.00 tps=725.38 pubs=4000 err=0 | SUB recv=2240294 itps=0.00 tps=725.28 p50=35.46ms p95=152.70ms p99=198.97ms err=0
[status] PUB sent=2240644 itps=0.00 tps=725.15 pubs=4000 err=0 | SUB recv=2240294 itps=0.00 tps=725.05 p50=35.46ms p95=152.70ms p99=198.97ms err=0
[status] PUB sent=2240644 itps=0.00 tps=724.92 pubs=4000 err=0 | SUB recv=2240294 itps=0.00 tps=724.81 p50=35.46ms p95=152.70ms p99=198.97ms err=0
[status] PUB sent=2240644 itps=0.00 tps=724.68 pubs=4000 err=0 | SUB recv=2240294 itps=0.00 tps=724.58 p50=35.46ms p95=152.70ms p99=198.97ms err=0
[status] PUB sent=2240644 itps=0.00 tps=724.45 pubs=4000 err=0 | SUB recv=2240294 itps=0.00 tps=724.34 p50=35.46ms p95=152.70ms p99=198.97ms err=0
[status] PUB sent=2240644 itps=0.00 tps=724.21 pubs=4000 err=0 | SUB recv=2240294 itps=0.00 tps=724.11 p50=35.46ms p95=152.70ms p99=198.97ms err=0
[status] PUB sent=2240644 itps=0.00 tps=723.98 pubs=4000 err=0 | SUB recv=2240294 itps=0.00 tps=723.88 p50=35.46ms p95=152.70ms p99=198.97ms err=0
[status] PUB sent=2240644 itps=0.00 tps=723.74 pubs=4000 err=0 | SUB recv=2240294 itps=0.00 tps=723.64 p50=35.46ms p95=152.70ms p99=198.97ms err=0
[status] PUB sent=2240644 itps=0.00 tps=723.51 pubs=4000 err=0 | SUB recv=2240294 itps=0.00 tps=723.41 p50=35.46ms p95=152.70ms p99=198.97ms err=0
[status] PUB sent=2240644 itps=0.00 tps=723.28 pubs=4000 err=0 | SUB recv=2240294 itps=0.00 tps=723.18 p50=35.46ms p95=152.70ms p99=198.97ms err=0
[status] PUB sent=2240644 itps=0.00 tps=723.04 pubs=4000 err=0 | SUB recv=2240294 itps=0.00 tps=722.94 p50=35.46ms p95=152.70ms p99=198.97ms err=0
[status] PUB sent=2240644 itps=0.00 tps=722.81 pubs=4000 err=0 | SUB recv=2240294 itps=0.00 tps=722.71 p50=35.46ms p95=152.70ms p99=198.97ms err=0
[status] PUB sent=2240644 itps=0.00 tps=722.58 pubs=4000 err=0 | SUB recv=2240294 itps=0.00 tps=722.48 p50=35.46ms p95=152.70ms p99=198.97ms err=0
[status] PUB sent=2240644 itps=0.00 tps=722.34 pubs=4000 err=0 | SUB recv=2240294 itps=0.00 tps=722.24 p50=35.46ms p95=152.70ms p99=198.97ms err=0
[status] PUB sent=2240644 itps=0.00 tps=722.11 pubs=4000 err=0 | SUB recv=2240294 itps=0.00 tps=722.01 p50=35.46ms p95=152.70ms p99=198.97ms err=0
[status] PUB sent=2240644 itps=0.00 tps=721.88 pubs=4000 err=0 | SUB recv=2240294 itps=0.00 tps=721.78 p50=35.46ms p95=152.70ms p99=198.97ms err=0
[status] PUB sent=2240644 itps=0.00 tps=721.65 pubs=4000 err=0 | SUB recv=2240294 itps=0.00 tps=721.55 p50=35.46ms p95=152.70ms p99=198.97ms err=0
[status] PUB sent=2240644 itps=0.00 tps=721.41 pubs=4000 err=0 | SUB recv=2240294 itps=0.00 tps=721.31 p50=35.46ms p95=152.70ms p99=198.97ms err=0
[status] PUB sent=2240644 itps=0.00 tps=721.18 pubs=4000 err=0 | SUB recv=2240294 itps=0.00 tps=721.08 p50=35.46ms p95=152.70ms p99=198.97ms err=0
[status] PUB sent=2240644 itps=0.00 tps=720.95 pubs=4000 err=0 | SUB recv=2240294 itps=0.00 tps=720.85 p50=35.46ms p95=152.70ms p99=198.97ms err=0
[status] PUB sent=2240644 itps=0.00 tps=720.72 pubs=4000 err=0 | SUB recv=2240294 itps=0.00 tps=720.62 p50=35.46ms p95=152.70ms p99=198.97ms err=0
[status] PUB sent=2240644 itps=0.00 tps=720.49 pubs=4000 err=0 | SUB recv=2240294 itps=0.00 tps=720.39 p50=35.46ms p95=152.70ms p99=198.97ms err=0
[status] PUB sent=2240644 itps=0.00 tps=720.25 pubs=4000 err=0 | SUB recv=2240294 itps=0.00 tps=720.15 p50=35.46ms p95=152.70ms p99=198.97ms err=0
[status] PUB sent=2240644 itps=0.00 tps=720.02 pubs=4000 err=0 | SUB recv=2240294 itps=0.00 tps=719.92 p50=35.46ms p95=152.70ms p99=198.97ms err=0
[status] PUB sent=2240644 itps=0.00 tps=719.79 pubs=4000 err=0 | SUB recv=2240294 itps=0.00 tps=719.69 p50=35.46ms p95=152.70ms p99=198.97ms err=0
[status] PUB sent=2240644 itps=0.00 tps=719.56 pubs=4000 err=0 | SUB recv=2240294 itps=0.00 tps=719.46 p50=35.46ms p95=152.70ms p99=198.97ms err=0
[status] PUB sent=2240644 itps=0.00 tps=719.33 pubs=4000 err=0 | SUB recv=2240294 itps=0.00 tps=719.23 p50=35.46ms p95=152.70ms p99=198.97ms err=0
[status] PUB sent=2240644 itps=0.00 tps=719.10 pubs=4000 err=0 | SUB recv=2240294 itps=0.00 tps=719.00 p50=35.46ms p95=152.70ms p99=198.97ms err=0
[status] PUB sent=2240644 itps=0.00 tps=718.87 pubs=4000 err=0 | SUB recv=2240294 itps=0.00 tps=718.77 p50=35.46ms p95=152.70ms p99=198.97ms err=0
[status] PUB sent=2240644 itps=0.00 tps=718.64 pubs=4000 err=0 | SUB recv=2240294 itps=0.00 tps=718.54 p50=35.46ms p95=152.70ms p99=198.97ms err=0
[status] PUB sent=2240644 itps=0.00 tps=718.41 pubs=4000 err=0 | SUB recv=2240294 itps=0.00 tps=718.31 p50=35.46ms p95=152.70ms p99=198.97ms err=0
[status] PUB sent=2240644 itps=0.00 tps=718.18 pubs=4000 err=0 | SUB recv=2240294 itps=0.00 tps=718.08 p50=35.46ms p95=152.70ms p99=198.97ms err=0
[status] PUB sent=2240644 itps=0.00 tps=717.95 pubs=4000 err=0 | SUB recv=2240294 itps=0.00 tps=717.85 p50=35.46ms p95=152.70ms p99=198.97ms err=0
[status] PUB sent=2240644 itps=0.00 tps=717.72 pubs=4000 err=0 | SUB recv=2240294 itps=0.00 tps=717.62 p50=35.46ms p95=152.70ms p99=198.97ms err=0
[status] PUB sent=2240644 itps=0.00 tps=717.49 pubs=4000 err=0 | SUB recv=2240294 itps=0.00 tps=717.39 p50=35.46ms p95=152.70ms p99=198.97ms err=0
[status] PUB sent=2240644 itps=0.00 tps=717.26 pubs=4000 err=0 | SUB recv=2240294 itps=0.00 tps=717.16 p50=35.46ms p95=152.70ms p99=198.97ms err=0
[status] PUB sent=2240644 itps=0.00 tps=717.03 pubs=4000 err=0 | SUB recv=2240294 itps=0.00 tps=716.93 p50=35.46ms p95=152.70ms p99=198.97ms err=0
[status] PUB sent=2240644 itps=0.00 tps=716.80 pubs=4000 err=0 | SUB recv=2240294 itps=0.00 tps=716.70 p50=35.46ms p95=152.70ms p99=198.97ms err=0
[status] PUB sent=2240644 itps=0.00 tps=716.57 pubs=4000 err=0 | SUB recv=2240294 itps=0.00 tps=716.47 p50=35.46ms p95=152.70ms p99=198.97ms err=0
[status] PUB sent=2240644 itps=0.00 tps=716.11 pubs=4000 err=0 | SUB recv=2240294 itps=0.00 tps=716.01 p50=35.46ms p95=152.70ms p99=198.97ms err=0
[status] PUB sent=2240644 itps=0.00 tps=715.88 pubs=4000 err=0 | SUB recv=2240294 itps=0.00 tps=715.78 p50=35.46ms p95=152.70ms p99=198.97ms err=0
[status] PUB sent=2240644 itps=0.00 tps=715.65 pubs=4000 err=0 | SUB recv=2240294 itps=0.00 tps=715.55 p50=35.46ms p95=152.70ms p99=198.97ms err=0
[status] PUB sent=2240644 itps=0.00 tps=715.43 pubs=4000 err=0 | SUB recv=2240294 itps=0.00 tps=715.32 p50=35.46ms p95=152.70ms p99=198.97ms err=0
[status] PUB sent=2240644 itps=0.00 tps=715.20 pubs=4000 err=0 | SUB recv=2240294 itps=0.00 tps=715.10 p50=35.46ms p95=152.70ms p99=198.97ms err=0
[status] PUB sent=2240644 itps=0.00 tps=714.97 pubs=4000 err=0 | SUB recv=2240294 itps=0.00 tps=714.87 p50=35.46ms p95=152.70ms p99=198.97ms err=0
[status] PUB sent=2240644 itps=0.00 tps=714.74 pubs=4000 err=0 | SUB recv=2240294 itps=0.00 tps=714.64 p50=35.46ms p95=152.70ms p99=198.97ms err=0
[status] PUB sent=2240644 itps=0.00 tps=714.51 pubs=4000 err=0 | SUB recv=2240294 itps=0.00 tps=714.41 p50=35.46ms p95=152.70ms p99=198.97ms err=0
[status] PUB sent=2240644 itps=0.00 tps=714.29 pubs=4000 err=0 | SUB recv=2240294 itps=0.00 tps=714.18 p50=35.46ms p95=152.70ms p99=198.97ms err=0
[status] PUB sent=2240644 itps=0.00 tps=714.06 pubs=4000 err=0 | SUB recv=2240294 itps=0.00 tps=713.96 p50=35.46ms p95=152.70ms p99=198.97ms err=0
[status] PUB sent=2240644 itps=0.00 tps=713.83 pubs=4000 err=0 | SUB recv=2240294 itps=0.00 tps=713.73 p50=35.46ms p95=152.70ms p99=198.97ms err=0
[status] PUB sent=2240644 itps=0.00 tps=713.60 pubs=4000 err=0 | SUB recv=2240294 itps=0.00 tps=713.50 p50=35.46ms p95=152.70ms p99=198.97ms err=0
[status] PUB sent=2240644 itps=0.00 tps=713.38 pubs=4000 err=0 | SUB recv=2240294 itps=0.00 tps=713.27 p50=35.46ms p95=152.70ms p99=198.97ms err=0
[status] PUB sent=2240644 itps=0.00 tps=713.15 pubs=4000 err=0 | SUB recv=2240294 itps=0.00 tps=713.05 p50=35.46ms p95=152.70ms p99=198.97ms err=0
[status] PUB sent=2240644 itps=0.00 tps=712.92 pubs=4000 err=0 | SUB recv=2240294 itps=0.00 tps=712.82 p50=35.46ms p95=152.70ms p99=198.97ms err=0
[status] PUB sent=2240644 itps=0.00 tps=712.69 pubs=4000 err=0 | SUB recv=2240294 itps=0.00 tps=712.59 p50=35.46ms p95=152.70ms p99=198.97ms err=0
[status] PUB sent=2240644 itps=0.00 tps=712.47 pubs=4000 err=0 | SUB recv=2240294 itps=0.00 tps=712.37 p50=35.46ms p95=152.70ms p99=198.97ms err=0
[status] PUB sent=2240644 itps=0.00 tps=712.24 pubs=4000 err=0 | SUB recv=2240294 itps=0.00 tps=712.14 p50=35.46ms p95=152.70ms p99=198.97ms err=0
[status] PUB sent=2240644 itps=0.00 tps=712.02 pubs=4000 err=0 | SUB recv=2240294 itps=0.00 tps=711.91 p50=35.46ms p95=152.70ms p99=198.97ms err=0
[status] PUB sent=2240644 itps=0.00 tps=711.79 pubs=4000 err=0 | SUB recv=2240294 itps=0.00 tps=711.69 p50=35.46ms p95=152.70ms p99=198.97ms err=0
[status] PUB sent=2240644 itps=0.00 tps=711.56 pubs=4000 err=0 | SUB recv=2240294 itps=0.00 tps=711.46 p50=35.46ms p95=152.70ms p99=198.97ms err=0
[status] PUB sent=2240644 itps=0.00 tps=711.34 pubs=4000 err=0 | SUB recv=2240294 itps=0.00 tps=711.24 p50=35.46ms p95=152.70ms p99=198.97ms err=0
[status] PUB sent=2240644 itps=0.00 tps=711.11 pubs=4000 err=0 | SUB recv=2240294 itps=0.00 tps=711.01 p50=35.46ms p95=152.70ms p99=198.97ms err=0
[status] PUB sent=2240644 itps=0.00 tps=710.89 pubs=4000 err=0 | SUB recv=2240294 itps=0.00 tps=710.79 p50=35.46ms p95=152.70ms p99=198.97ms err=0
[status] PUB sent=2240644 itps=0.00 tps=710.66 pubs=4000 err=0 | SUB recv=2240294 itps=0.00 tps=710.56 p50=35.46ms p95=152.70ms p99=198.97ms err=0
[status] PUB sent=2240644 itps=0.00 tps=710.44 pubs=4000 err=0 | SUB recv=2240294 itps=0.00 tps=710.33 p50=35.46ms p95=152.70ms p99=198.97ms err=0
[status] PUB sent=2240644 itps=0.00 tps=710.21 pubs=4000 err=0 | SUB recv=2240294 itps=0.00 tps=710.11 p50=35.46ms p95=152.70ms p99=198.97ms err=0
[status] PUB sent=2240644 itps=0.00 tps=709.98 pubs=4000 err=0 | SUB recv=2240294 itps=0.00 tps=709.88 p50=35.46ms p95=152.70ms p99=198.97ms err=0
[status] PUB sent=2240644 itps=0.00 tps=709.76 pubs=4000 err=0 | SUB recv=2240294 itps=0.00 tps=709.66 p50=35.46ms p95=152.70ms p99=198.97ms err=0
[status] PUB sent=2240644 itps=0.00 tps=709.54 pubs=4000 err=0 | SUB recv=2240294 itps=0.00 tps=709.43 p50=35.46ms p95=152.70ms p99=198.97ms err=0
[status] PUB sent=2240644 itps=0.00 tps=709.31 pubs=4000 err=0 | SUB recv=2240294 itps=0.00 tps=709.21 p50=35.46ms p95=152.70ms p99=198.97ms err=0
[status] PUB sent=2240644 itps=0.00 tps=709.09 pubs=4000 err=0 | SUB recv=2240294 itps=0.00 tps=708.99 p50=35.46ms p95=152.70ms p99=198.97ms err=0
[status] PUB sent=2240644 itps=0.00 tps=708.86 pubs=4000 err=0 | SUB recv=2240294 itps=0.00 tps=708.76 p50=35.46ms p95=152.70ms p99=198.97ms err=0
[status] PUB sent=2240644 itps=0.00 tps=708.64 pubs=4000 err=0 | SUB recv=2240294 itps=0.00 tps=708.54 p50=35.46ms p95=152.70ms p99=198.97ms err=0
[status] PUB sent=2240644 itps=0.00 tps=708.41 pubs=4000 err=0 | SUB recv=2240294 itps=0.00 tps=708.31 p50=35.46ms p95=152.70ms p99=198.97ms err=0
[status] PUB sent=2240644 itps=0.00 tps=708.19 pubs=4000 err=0 | SUB recv=2240294 itps=0.00 tps=708.09 p50=35.46ms p95=152.70ms p99=198.97ms err=0
[status] PUB sent=2240644 itps=0.00 tps=707.97 pubs=4000 err=0 | SUB recv=2240294 itps=0.00 tps=707.87 p50=35.46ms p95=152.70ms p99=198.97ms err=0
[status] PUB sent=2240644 itps=0.00 tps=707.74 pubs=4000 err=0 | SUB recv=2240294 itps=0.00 tps=707.64 p50=35.46ms p95=152.70ms p99=198.97ms err=0
[status] PUB sent=2240644 itps=0.00 tps=707.52 pubs=4000 err=0 | SUB recv=2240294 itps=0.00 tps=707.42 p50=35.46ms p95=152.70ms p99=198.97ms err=0
[status] PUB sent=2240644 itps=0.00 tps=707.30 pubs=4000 err=0 | SUB recv=2240294 itps=0.00 tps=707.20 p50=35.46ms p95=152.70ms p99=198.97ms err=0
[status] PUB sent=2240644 itps=0.00 tps=707.07 pubs=4000 err=0 | SUB recv=2240294 itps=0.00 tps=706.97 p50=35.46ms p95=152.70ms p99=198.97ms err=0
[status] PUB sent=2240644 itps=0.00 tps=706.85 pubs=4000 err=0 | SUB recv=2240294 itps=0.00 tps=706.75 p50=35.46ms p95=152.70ms p99=198.97ms err=0
[status] PUB sent=2240644 itps=0.00 tps=706.63 pubs=4000 err=0 | SUB recv=2240294 itps=0.00 tps=706.53 p50=35.46ms p95=152.70ms p99=198.97ms err=0
[status] PUB sent=2240644 itps=0.00 tps=706.40 pubs=4000 err=0 | SUB recv=2240294 itps=0.00 tps=706.30 p50=35.46ms p95=152.70ms p99=198.97ms err=0
[status] PUB sent=2240644 itps=0.00 tps=706.18 pubs=4000 err=0 | SUB recv=2240294 itps=0.00 tps=706.08 p50=35.46ms p95=152.70ms p99=198.97ms err=0
[status] PUB sent=2240644 itps=0.00 tps=705.96 pubs=4000 err=0 | SUB recv=2240294 itps=0.00 tps=705.86 p50=35.46ms p95=152.70ms p99=198.97ms err=0
[status] PUB sent=2240644 itps=0.00 tps=705.74 pubs=4000 err=0 | SUB recv=2240294 itps=0.00 tps=705.64 p50=35.46ms p95=152.70ms p99=198.97ms err=0
[status] PUB sent=2240644 itps=0.00 tps=705.51 pubs=4000 err=0 | SUB recv=2240294 itps=0.00 tps=705.41 p50=35.46ms p95=152.70ms p99=198.97ms err=0
[status] PUB sent=2240644 itps=0.00 tps=705.29 pubs=4000 err=0 | SUB recv=2240294 itps=0.00 tps=705.19 p50=35.46ms p95=152.70ms p99=198.97ms err=0
[status] PUB sent=2240644 itps=0.00 tps=705.07 pubs=4000 err=0 | SUB recv=2240294 itps=0.00 tps=704.97 p50=35.46ms p95=152.70ms p99=198.97ms err=0
[status] PUB sent=2240644 itps=0.00 tps=704.85 pubs=4000 err=0 | SUB recv=2240294 itps=0.00 tps=704.75 p50=35.46ms p95=152.70ms p99=198.97ms err=0
[status] PUB sent=2240644 itps=0.00 tps=704.63 pubs=4000 err=0 | SUB recv=2240294 itps=0.00 tps=704.53 p50=35.46ms p95=152.70ms p99=198.97ms err=0
[status] PUB sent=2240644 itps=0.00 tps=704.40 pubs=4000 err=0 | SUB recv=2240294 itps=0.00 tps=704.31 p50=35.46ms p95=152.70ms p99=198.97ms err=0
[status] PUB sent=2240644 itps=0.00 tps=704.18 pubs=4000 err=0 | SUB recv=2240294 itps=0.00 tps=704.08 p50=35.46ms p95=152.70ms p99=198.97ms err=0
[status] PUB sent=2240644 itps=0.00 tps=703.96 pubs=4000 err=0 | SUB recv=2240294 itps=0.00 tps=703.86 p50=35.46ms p95=152.70ms p99=198.97ms err=0
[status] PUB sent=2240644 itps=0.00 tps=703.74 pubs=4000 err=0 | SUB recv=2240294 itps=0.00 tps=703.64 p50=35.46ms p95=152.70ms p99=198.97ms err=0
[status] PUB sent=2240644 itps=0.00 tps=703.52 pubs=4000 err=0 | SUB recv=2240294 itps=0.00 tps=703.42 p50=35.46ms p95=152.70ms p99=198.97ms err=0
[status] PUB sent=2240644 itps=0.00 tps=703.30 pubs=4000 err=0 | SUB recv=2240294 itps=0.00 tps=703.20 p50=35.46ms p95=152.70ms p99=198.97ms err=0
[status] PUB sent=2240644 itps=0.00 tps=703.08 pubs=4000 err=0 | SUB recv=2240294 itps=0.00 tps=702.98 p50=35.46ms p95=152.70ms p99=198.97ms err=0
[status] PUB sent=2240644 itps=0.00 tps=702.86 pubs=4000 err=0 | SUB recv=2240294 itps=0.00 tps=702.76 p50=35.46ms p95=152.70ms p99=198.97ms err=0
[status] PUB sent=2240644 itps=0.00 tps=702.64 pubs=4000 err=0 | SUB recv=2240294 itps=0.00 tps=702.54 p50=35.46ms p95=152.70ms p99=198.97ms err=0
[status] PUB sent=2240644 itps=0.00 tps=702.42 pubs=4000 err=0 | SUB recv=2240294 itps=0.00 tps=702.32 p50=35.46ms p95=152.70ms p99=198.97ms err=0
[status] PUB sent=2240644 itps=0.00 tps=702.20 pubs=4000 err=0 | SUB recv=2240294 itps=0.00 tps=702.10 p50=35.46ms p95=152.70ms p99=198.97ms err=0
[status] PUB sent=2240644 itps=0.00 tps=701.98 pubs=4000 err=0 | SUB recv=2240294 itps=0.00 tps=701.88 p50=35.46ms p95=152.70ms p99=198.97ms err=0
[status] PUB sent=2240644 itps=0.00 tps=701.76 pubs=4000 err=0 | SUB recv=2240294 itps=0.00 tps=701.66 p50=35.46ms p95=152.70ms p99=198.97ms err=0
[status] PUB sent=2240644 itps=0.00 tps=701.54 pubs=4000 err=0 | SUB recv=2240294 itps=0.00 tps=701.44 p50=35.46ms p95=152.70ms p99=198.97ms err=0
[status] PUB sent=2240644 itps=0.00 tps=701.32 pubs=4000 err=0 | SUB recv=2240294 itps=0.00 tps=701.00 p50=35.46ms p95=152.70ms p99=198.97ms err=0
[status] PUB sent=2240644 itps=0.00 tps=700.88 pubs=4000 err=0 | SUB recv=2240294 itps=0.00 tps=700.78 p50=35.46ms p95=152.70ms p99=198.97ms err=0
[status] PUB sent=2240644 itps=0.00 tps=700.66 pubs=4000 err=0 | SUB recv=2240294 itps=0.00 tps=700.56 p50=35.46ms p95=152.70ms p99=198.97ms err=0
[status] PUB sent=2240644 itps=0.00 tps=700.44 pubs=4000 err=0 | SUB recv=2240294 itps=0.00 tps=700.34 p50=35.46ms p95=152.70ms p99=198.97ms err=0
[status] PUB sent=2240644 itps=0.00 tps=700.22 pubs=4000 err=0 | SUB recv=2240294 itps=0.00 tps=700.12 p50=35.46ms p95=152.70ms p99=198.97ms err=0
[status] PUB sent=2240644 itps=0.00 tps=700.00 pubs=4000 err=0 | SUB recv=2240294 itps=0.00 tps=699.90 p50=35.46ms p95=152.70ms p99=198.97ms err=0
[status] PUB sent=2240644 itps=0.00 tps=699.78 pubs=4000 err=0 | SUB recv=2240294 itps=0.00 tps=699.69 p50=35.46ms p95=152.70ms p99=198.97ms err=0
[status] PUB sent=2240644 itps=0.00 tps=699.57 pubs=4000 err=0 | SUB recv=2240294 itps=0.00 tps=699.47 p50=35.46ms p95=152.70ms p99=198.97ms err=0
[status] PUB sent=2240644 itps=0.00 tps=699.35 pubs=4000 err=0 | SUB recv=2240294 itps=0.00 tps=699.25 p50=35.46ms p95=152.70ms p99=198.97ms err=0
[status] PUB sent=2240644 itps=0.00 tps=699.13 pubs=4000 err=0 | SUB recv=2240294 itps=0.00 tps=699.03 p50=35.46ms p95=152.70ms p99=198.97ms err=0
[status] PUB sent=2240644 itps=0.00 tps=698.91 pubs=4000 err=0 | SUB recv=2240294 itps=0.00 tps=698.81 p50=35.46ms p95=152.70ms p99=198.97ms err=0
[status] PUB sent=2240644 itps=0.00 tps=698.69 pubs=4000 err=0 | SUB recv=2240294 itps=0.00 tps=698.59 p50=35.46ms p95=152.70ms p99=198.97ms err=0
[status] PUB sent=2240644 itps=0.00 tps=698.48 pubs=4000 err=0 | SUB recv=2240294 itps=0.00 tps=698.38 p50=35.46ms p95=152.70ms p99=198.97ms err=0
[status] PUB sent=2240644 itps=0.00 tps=698.26 pubs=4000 err=0 | SUB recv=2240294 itps=0.00 tps=698.16 p50=35.46ms p95=152.70ms p99=198.97ms err=0
[status] PUB sent=2240644 itps=0.00 tps=698.04 pubs=4000 err=0 | SUB recv=2240294 itps=0.00 tps=697.94 p50=35.46ms p95=152.70ms p99=198.97ms err=0
[status] PUB sent=2240644 itps=0.00 tps=697.82 pubs=4000 err=0 | SUB recv=2240294 itps=0.00 tps=697.72 p50=35.46ms p95=152.70ms p99=198.97ms err=0
[status] PUB sent=2240644 itps=0.00 tps=697.61 pubs=4000 err=0 | SUB recv=2240294 itps=0.00 tps=697.51 p50=35.46ms p95=152.70ms p99=198.97ms err=0
[status] PUB sent=2240644 itps=0.00 tps=697.39 pubs=4000 err=0 | SUB recv=2240294 itps=0.00 tps=697.29 p50=35.46ms p95=152.70ms p99=198.97ms err=0
[status] PUB sent=2240644 itps=0.00 tps=697.17 pubs=4000 err=0 | SUB recv=2240294 itps=0.00 tps=697.07 p50=35.46ms p95=152.70ms p99=198.97ms err=0
[status] PUB sent=2240644 itps=0.00 tps=696.96 pubs=4000 err=0 | SUB recv=2240294 itps=0.00 tps=696.86 p50=35.46ms p95=152.70ms p99=198.97ms err=0
[status] PUB sent=2240644 itps=0.00 tps=696.74 pubs=4000 err=0 | SUB recv=2240294 itps=0.00 tps=696.64 p50=35.46ms p95=152.70ms p99=198.97ms err=0
[status] PUB sent=2240644 itps=0.00 tps=696.52 pubs=4000 err=0 | SUB recv=2240294 itps=0.00 tps=696.42 p50=35.46ms p95=152.70ms p99=198.97ms err=0
[status] PUB sent=2240644 itps=0.00 tps=696.31 pubs=4000 err=0 | SUB recv=2240294 itps=0.00 tps=696.21 p50=35.46ms p95=152.70ms p99=198.97ms err=0
[status] PUB sent=2240644 itps=0.00 tps=696.09 pubs=4000 err=0 | SUB recv=2240294 itps=0.00 tps=695.99 p50=35.46ms p95=152.70ms p99=198.97ms err=0
[status] PUB sent=2240644 itps=0.00 tps=695.87 pubs=4000 err=0 | SUB recv=2240294 itps=0.00 tps=695.77 p50=35.46ms p95=152.70ms p99=198.97ms err=0
[status] PUB sent=2240644 itps=0.00 tps=695.66 pubs=4000 err=0 | SUB recv=2240294 itps=0.00 tps=695.56 p50=35.46ms p95=152.70ms p99=198.97ms err=0
[status] PUB sent=2240644 itps=0.00 tps=695.44 pubs=4000 err=0 | SUB recv=2240294 itps=0.00 tps=695.34 p50=35.46ms p95=152.70ms p99=198.97ms err=0
[status] PUB sent=2240644 itps=0.00 tps=695.23 pubs=4000 err=0 | SUB recv=2240294 itps=0.00 tps=695.13 p50=35.46ms p95=152.70ms p99=198.97ms err=0
[status] PUB sent=2240644 itps=0.00 tps=695.01 pubs=4000 err=0 | SUB recv=2240294 itps=0.00 tps=694.91 p50=35.46ms p95=152.70ms p99=198.97ms err=0
[status] PUB sent=2240644 itps=0.00 tps=694.79 pubs=4000 err=0 | SUB recv=2240294 itps=0.00 tps=694.70 p50=35.46ms p95=152.70ms p99=198.97ms err=0
[status] PUB sent=2240644 itps=0.00 tps=694.58 pubs=4000 err=0 | SUB recv=2240294 itps=0.00 tps=694.48 p50=35.46ms p95=152.70ms p99=198.97ms err=0
[status] PUB sent=2240644 itps=0.00 tps=694.36 pubs=4000 err=0 | SUB recv=2240294 itps=0.00 tps=694.27 p50=35.46ms p95=152.70ms p99=198.97ms err=0
[status] PUB sent=2240644 itps=0.00 tps=694.15 pubs=4000 err=0 | SUB recv=2240294 itps=0.00 tps=694.05 p50=35.46ms p95=152.70ms p99=198.97ms err=0
[status] PUB sent=2240644 itps=0.00 tps=693.93 pubs=4000 err=0 | SUB recv=2240294 itps=0.00 tps=693.84 p50=35.46ms p95=152.70ms p99=198.97ms err=0
[status] PUB sent=2240644 itps=0.00 tps=693.72 pubs=4000 err=0 | SUB recv=2240294 itps=0.00 tps=693.62 p50=35.46ms p95=152.70ms p99=198.97ms err=0
[status] PUB sent=2240644 itps=0.00 tps=693.50 pubs=4000 err=0 | SUB recv=2240294 itps=0.00 tps=693.41 p50=35.46ms p95=152.70ms p99=198.97ms err=0
[status] PUB sent=2240644 itps=0.00 tps=693.29 pubs=4000 err=0 | SUB recv=2240294 itps=0.00 tps=693.19 p50=35.46ms p95=152.70ms p99=198.97ms err=0
[status] PUB sent=2240644 itps=0.00 tps=693.07 pubs=4000 err=0 | SUB recv=2240294 itps=0.00 tps=692.98 p50=35.46ms p95=152.70ms p99=198.97ms err=0
[status] PUB sent=2240644 itps=0.00 tps=692.86 pubs=4000 err=0 | SUB recv=2240294 itps=0.00 tps=692.76 p50=35.46ms p95=152.70ms p99=198.97ms err=0
[status] PUB sent=2240644 itps=0.00 tps=692.65 pubs=4000 err=0 | SUB recv=2240294 itps=0.00 tps=692.55 p50=35.46ms p95=152.70ms p99=198.97ms err=0
[status] PUB sent=2240644 itps=0.00 tps=692.43 pubs=4000 err=0 | SUB recv=2240294 itps=0.00 tps=692.33 p50=35.46ms p95=152.70ms p99=198.97ms err=0
[status] PUB sent=2240644 itps=0.00 tps=692.22 pubs=4000 err=0 | SUB recv=2240294 itps=0.00 tps=692.12 p50=35.46ms p95=152.70ms p99=198.97ms err=0
[status] PUB sent=2240644 itps=0.00 tps=692.00 pubs=4000 err=0 | SUB recv=2240294 itps=0.00 tps=691.91 p50=35.46ms p95=152.70ms p99=198.97ms err=0
[status] PUB sent=2240644 itps=0.00 tps=691.79 pubs=4000 err=0 | SUB recv=2240294 itps=0.00 tps=691.69 p50=35.46ms p95=152.70ms p99=198.97ms err=0
[status] PUB sent=2240644 itps=0.00 tps=691.58 pubs=4000 err=0 | SUB recv=2240294 itps=0.00 tps=691.48 p50=35.46ms p95=152.70ms p99=198.97ms err=0
[status] PUB sent=2240644 itps=0.00 tps=691.36 pubs=4000 err=0 | SUB recv=2240294 itps=0.00 tps=691.27 p50=35.46ms p95=152.70ms p99=198.97ms err=0
[status] PUB sent=2240644 itps=0.00 tps=691.15 pubs=4000 err=0 | SUB recv=2240294 itps=0.00 tps=691.05 p50=35.46ms p95=152.70ms p99=198.97ms err=0
[status] PUB sent=2240644 itps=0.00 tps=690.94 pubs=4000 err=0 | SUB recv=2240294 itps=0.00 tps=690.84 p50=35.46ms p95=152.70ms p99=198.97ms err=0
[status] PUB sent=2240644 itps=0.00 tps=690.72 pubs=4000 err=0 | SUB recv=2240294 itps=0.00 tps=690.63 p50=35.46ms p95=152.70ms p99=198.97ms err=0
[status] PUB sent=2240644 itps=0.00 tps=690.51 pubs=4000 err=0 | SUB recv=2240294 itps=0.00 tps=690.41 p50=35.46ms p95=152.70ms p99=198.97ms err=0
[status] PUB sent=2240644 itps=0.00 tps=690.30 pubs=4000 err=0 | SUB recv=2240294 itps=0.00 tps=690.20 p50=35.46ms p95=152.70ms p99=198.97ms err=0
[status] PUB sent=2240644 itps=0.00 tps=690.09 pubs=4000 err=0 | SUB recv=2240294 itps=0.00 tps=689.99 p50=35.46ms p95=152.70ms p99=198.97ms err=0
[status] PUB sent=2240644 itps=0.00 tps=689.87 pubs=4000 err=0 | SUB recv=2240294 itps=0.00 tps=689.78 p50=35.46ms p95=152.70ms p99=198.97ms err=0
[status] PUB sent=2240644 itps=0.00 tps=689.66 pubs=4000 err=0 | SUB recv=2240294 itps=0.00 tps=689.56 p50=35.46ms p95=152.70ms p99=198.97ms err=0
[status] PUB sent=2240644 itps=0.00 tps=689.45 pubs=4000 err=0 | SUB recv=2240294 itps=0.00 tps=689.35 p50=35.46ms p95=152.70ms p99=198.97ms err=0
[status] PUB sent=2240644 itps=0.00 tps=689.24 pubs=4000 err=0 | SUB recv=2240294 itps=0.00 tps=689.14 p50=35.46ms p95=152.70ms p99=198.97ms err=0
[status] PUB sent=2240644 itps=0.00 tps=689.03 pubs=4000 err=0 | SUB recv=2240294 itps=0.00 tps=688.93 p50=35.46ms p95=152.70ms p99=198.97ms err=0
[status] PUB sent=2240644 itps=0.00 tps=688.81 pubs=4000 err=0 | SUB recv=2240294 itps=0.00 tps=688.72 p50=35.46ms p95=152.70ms p99=198.97ms err=0
[status] PUB sent=2240644 itps=0.00 tps=688.60 pubs=4000 err=0 | SUB recv=2240294 itps=0.00 tps=688.50 p50=35.46ms p95=152.70ms p99=198.97ms err=0
[status] PUB sent=2240644 itps=0.00 tps=688.39 pubs=4000 err=0 | SUB recv=2240294 itps=0.00 tps=688.29 p50=35.46ms p95=152.70ms p99=198.97ms err=0
[status] PUB sent=2240644 itps=0.00 tps=688.18 pubs=4000 err=0 | SUB recv=2240294 itps=0.00 tps=688.08 p50=35.46ms p95=152.70ms p99=198.97ms err=0
[status] PUB sent=2240644 itps=0.00 tps=687.97 pubs=4000 err=0 | SUB recv=2240294 itps=0.00 tps=687.87 p50=35.46ms p95=152.70ms p99=198.97ms err=0
[status] PUB sent=2240644 itps=0.00 tps=687.76 pubs=4000 err=0 | SUB recv=2240294 itps=0.00 tps=687.66 p50=35.46ms p95=152.70ms p99=198.97ms err=0
[status] PUB sent=2240644 itps=0.00 tps=687.55 pubs=4000 err=0 | SUB recv=2240294 itps=0.00 tps=687.45 p50=35.46ms p95=152.70ms p99=198.97ms err=0
[status] PUB sent=2240644 itps=0.00 tps=687.33 pubs=4000 err=0 | SUB recv=2240294 itps=0.00 tps=687.24 p50=35.46ms p95=152.70ms p99=198.97ms err=0
[status] PUB sent=2240644 itps=0.00 tps=686.91 pubs=4000 err=0 | SUB recv=2240294 itps=0.00 tps=686.82 p50=35.46ms p95=152.70ms p99=198.97ms err=0
[status] PUB sent=2240644 itps=0.00 tps=686.70 pubs=4000 err=0 | SUB recv=2240294 itps=0.00 tps=686.61 p50=35.46ms p95=152.70ms p99=198.97ms err=0
[status] PUB sent=2240644 itps=0.00 tps=686.49 pubs=4000 err=0 | SUB recv=2240294 itps=0.00 tps=686.39 p50=35.46ms p95=152.70ms p99=198.97ms err=0
[status] PUB sent=2240644 itps=0.00 tps=686.28 pubs=4000 err=0 | SUB recv=2240294 itps=0.00 tps=686.18 p50=35.46ms p95=152.70ms p99=198.97ms err=0
[status] PUB sent=2240644 itps=0.00 tps=686.07 pubs=4000 err=0 | SUB recv=2240294 itps=0.00 tps=685.97 p50=35.46ms p95=152.70ms p99=198.97ms err=0
[status] PUB sent=2240644 itps=0.00 tps=685.86 pubs=4000 err=0 | SUB recv=2240294 itps=0.00 tps=685.76 p50=35.46ms p95=152.70ms p99=198.97ms err=0
[status] PUB sent=2240644 itps=0.00 tps=685.65 pubs=4000 err=0 | SUB recv=2240294 itps=0.00 tps=685.55 p50=35.46ms p95=152.70ms p99=198.97ms err=0
[status] PUB sent=2240644 itps=0.00 tps=685.44 pubs=4000 err=0 | SUB recv=2240294 itps=0.00 tps=685.34 p50=35.46ms p95=152.70ms p99=198.97ms err=0
[status] PUB sent=2240644 itps=0.00 tps=685.23 pubs=4000 err=0 | SUB recv=2240294 itps=0.00 tps=685.14 p50=35.46ms p95=152.70ms p99=198.97ms err=0
[status] PUB sent=2240644 itps=0.00 tps=685.02 pubs=4000 err=0 | SUB recv=2240294 itps=0.00 tps=684.93 p50=35.46ms p95=152.70ms p99=198.97ms err=0
[status] PUB sent=2240644 itps=0.00 tps=684.81 pubs=4000 err=0 | SUB recv=2240294 itps=0.00 tps=684.72 p50=35.46ms p95=152.70ms p99=198.97ms err=0
[status] PUB sent=2240644 itps=0.00 tps=684.60 pubs=4000 err=0 | SUB recv=2240294 itps=0.00 tps=684.51 p50=35.46ms p95=152.70ms p99=198.97ms err=0
[status] PUB sent=2240644 itps=0.00 tps=684.40 pubs=4000 err=0 | SUB recv=2240294 itps=0.00 tps=684.30 p50=35.46ms p95=152.70ms p99=198.97ms err=0
[status] PUB sent=2240644 itps=0.00 tps=684.19 pubs=4000 err=0 | SUB recv=2240294 itps=0.00 tps=684.09 p50=35.46ms p95=152.70ms p99=198.97ms err=0
[status] PUB sent=2240644 itps=0.00 tps=683.98 pubs=4000 err=0 | SUB recv=2240294 itps=0.00 tps=683.88 p50=35.46ms p95=152.70ms p99=198.97ms err=0
[status] PUB sent=2240644 itps=0.00 tps=683.77 pubs=4000 err=0 | SUB recv=2240294 itps=0.00 tps=683.67 p50=35.46ms p95=152.70ms p99=198.97ms err=0
[status] PUB sent=2240644 itps=0.00 tps=683.56 pubs=4000 err=0 | SUB recv=2240294 itps=0.00 tps=683.46 p50=35.46ms p95=152.70ms p99=198.97ms err=0
[status] PUB sent=2240644 itps=0.00 tps=683.35 pubs=4000 err=0 | SUB recv=2240294 itps=0.00 tps=683.25 p50=35.46ms p95=152.70ms p99=198.97ms err=0
[status] PUB sent=2240644 itps=0.00 tps=683.14 pubs=4000 err=0 | SUB recv=2240294 itps=0.00 tps=683.05 p50=35.46ms p95=152.70ms p99=198.97ms err=0
[status] PUB sent=2240644 itps=0.00 tps=682.94 pubs=4000 err=0 | SUB recv=2240294 itps=0.00 tps=682.84 p50=35.46ms p95=152.70ms p99=198.97ms err=0
[status] PUB sent=2240644 itps=0.00 tps=682.73 pubs=4000 err=0 | SUB recv=2240294 itps=0.00 tps=682.63 p50=35.46ms p95=152.70ms p99=198.97ms err=0
[status] PUB sent=2240644 itps=0.00 tps=682.52 pubs=4000 err=0 | SUB recv=2240294 itps=0.00 tps=682.42 p50=35.46ms p95=152.70ms p99=198.97ms err=0
[status] PUB sent=2240644 itps=0.00 tps=682.31 pubs=4000 err=0 | SUB recv=2240294 itps=0.00 tps=682.21 p50=35.46ms p95=152.70ms p99=198.97ms err=0
[status] PUB sent=2240644 itps=0.00 tps=682.10 pubs=4000 err=0 | SUB recv=2240294 itps=0.00 tps=682.01 p50=35.46ms p95=152.70ms p99=198.97ms err=0
[status] PUB sent=2240644 itps=0.00 tps=681.90 pubs=4000 err=0 | SUB recv=2240294 itps=0.00 tps=681.80 p50=35.46ms p95=152.70ms p99=198.97ms err=0
[status] PUB sent=2240644 itps=0.00 tps=681.69 pubs=4000 err=0 | SUB recv=2240294 itps=0.00 tps=681.59 p50=35.46ms p95=152.70ms p99=198.97ms err=0
[status] PUB sent=2240644 itps=0.00 tps=681.48 pubs=4000 err=0 | SUB recv=2240294 itps=0.00 tps=681.38 p50=35.46ms p95=152.70ms p99=198.97ms err=0
[status] PUB sent=2240644 itps=0.00 tps=681.27 pubs=4000 err=0 | SUB recv=2240294 itps=0.00 tps=681.18 p50=35.46ms p95=152.70ms p99=198.97ms err=0
[status] PUB sent=2240644 itps=0.00 tps=681.07 pubs=4000 err=0 | SUB recv=2240294 itps=0.00 tps=680.97 p50=35.46ms p95=152.70ms p99=198.97ms err=0
[status] PUB sent=2240644 itps=0.00 tps=680.86 pubs=4000 err=0 | SUB recv=2240294 itps=0.00 tps=680.76 p50=35.46ms p95=152.70ms p99=198.97ms err=0
[status] PUB sent=2240644 itps=0.00 tps=680.65 pubs=4000 err=0 | SUB recv=2240294 itps=0.00 tps=680.56 p50=35.46ms p95=152.70ms p99=198.97ms err=0
[status] PUB sent=2240644 itps=0.00 tps=680.45 pubs=4000 err=0 | SUB recv=2240294 itps=0.00 tps=680.35 p50=35.46ms p95=152.70ms p99=198.97ms err=0
[status] PUB sent=2240644 itps=0.00 tps=680.24 pubs=4000 err=0 | SUB recv=2240294 itps=0.00 tps=680.14 p50=35.46ms p95=152.70ms p99=198.97ms err=0
[status] PUB sent=2240644 itps=0.00 tps=680.03 pubs=4000 err=0 | SUB recv=2240294 itps=0.00 tps=679.94 p50=35.46ms p95=152.70ms p99=198.97ms err=0
[status] PUB sent=2240644 itps=0.00 tps=679.83 pubs=4000 err=0 | SUB recv=2240294 itps=0.00 tps=679.73 p50=35.46ms p95=152.70ms p99=198.97ms err=0
[status] PUB sent=2240644 itps=0.00 tps=679.62 pubs=4000 err=0 | SUB recv=2240294 itps=0.00 tps=679.52 p50=35.46ms p95=152.70ms p99=198.97ms err=0
[status] PUB sent=2240644 itps=0.00 tps=679.41 pubs=4000 err=0 | SUB recv=2240294 itps=0.00 tps=679.32 p50=35.46ms p95=152.70ms p99=198.97ms err=0
[status] PUB sent=2240644 itps=0.00 tps=679.21 pubs=4000 err=0 | SUB recv=2240294 itps=0.00 tps=679.11 p50=35.46ms p95=152.70ms p99=198.97ms err=0
[status] PUB sent=2240644 itps=0.00 tps=679.00 pubs=4000 err=0 | SUB recv=2240294 itps=0.00 tps=678.91 p50=35.46ms p95=152.70ms p99=198.97ms err=0
[status] PUB sent=2240644 itps=0.00 tps=678.80 pubs=4000 err=0 | SUB recv=2240294 itps=0.00 tps=678.70 p50=35.46ms p95=152.70ms p99=198.97ms err=0
[status] PUB sent=2240644 itps=0.00 tps=678.59 pubs=4000 err=0 | SUB recv=2240294 itps=0.00 tps=678.50 p50=35.46ms p95=152.70ms p99=198.97ms err=0
[status] PUB sent=2240644 itps=0.00 tps=678.39 pubs=4000 err=0 | SUB recv=2240294 itps=0.00 tps=678.29 p50=35.46ms p95=152.70ms p99=198.97ms err=0
[status] PUB sent=2240644 itps=0.00 tps=678.18 pubs=4000 err=0 | SUB recv=2240294 itps=0.00 tps=678.08 p50=35.46ms p95=152.70ms p99=198.97ms err=0
[status] PUB sent=2240644 itps=0.00 tps=677.98 pubs=4000 err=0 | SUB recv=2240294 itps=0.00 tps=677.88 p50=35.46ms p95=152.70ms p99=198.97ms err=0
[status] PUB sent=2240644 itps=0.00 tps=677.77 pubs=4000 err=0 | SUB recv=2240294 itps=0.00 tps=677.67 p50=35.46ms p95=152.70ms p99=198.97ms err=0
[status] PUB sent=2240644 itps=0.00 tps=677.57 pubs=4000 err=0 | SUB recv=2240294 itps=0.00 tps=677.47 p50=35.46ms p95=152.70ms p99=198.97ms err=0
[status] PUB sent=2240644 itps=0.00 tps=677.36 pubs=4000 err=0 | SUB recv=2240294 itps=0.00 tps=677.26 p50=35.46ms p95=152.70ms p99=198.97ms err=0
[status] PUB sent=2240644 itps=0.00 tps=677.16 pubs=4000 err=0 | SUB recv=2240294 itps=0.00 tps=677.06 p50=35.46ms p95=152.70ms p99=198.97ms err=0
[status] PUB sent=2240644 itps=0.00 tps=676.95 pubs=4000 err=0 | SUB recv=2240294 itps=0.00 tps=676.86 p50=35.46ms p95=152.70ms p99=198.97ms err=0
[status] PUB sent=2240644 itps=0.00 tps=676.75 pubs=4000 err=0 | SUB recv=2240294 itps=0.00 tps=676.65 p50=35.46ms p95=152.70ms p99=198.97ms err=0
[status] PUB sent=2240644 itps=0.00 tps=676.54 pubs=4000 err=0 | SUB recv=2240294 itps=0.00 tps=676.45 p50=35.46ms p95=152.70ms p99=198.97ms err=0
[status] PUB sent=2240644 itps=0.00 tps=676.34 pubs=4000 err=0 | SUB recv=2240294 itps=0.00 tps=676.24 p50=35.46ms p95=152.70ms p99=198.97ms err=0
[status] PUB sent=2240644 itps=0.00 tps=676.13 pubs=4000 err=0 | SUB recv=2240294 itps=0.00 tps=676.04 p50=35.46ms p95=152.70ms p99=198.97ms err=0
[status] PUB sent=2240644 itps=0.00 tps=675.93 pubs=4000 err=0 | SUB recv=2240294 itps=0.00 tps=675.83 p50=35.46ms p95=152.70ms p99=198.97ms err=0
[status] PUB sent=2240644 itps=0.00 tps=675.73 pubs=4000 err=0 | SUB recv=2240294 itps=0.00 tps=675.63 p50=35.46ms p95=152.70ms p99=198.97ms err=0
[status] PUB sent=2240644 itps=0.00 tps=675.52 pubs=4000 err=0 | SUB recv=2240294 itps=0.00 tps=675.43 p50=35.46ms p95=152.70ms p99=198.97ms err=0
[status] PUB sent=2240644 itps=0.00 tps=675.32 pubs=4000 err=0 | SUB recv=2240294 itps=0.00 tps=675.22 p50=35.46ms p95=152.70ms p99=198.97ms err=0
[status] PUB sent=2240644 itps=0.00 tps=675.12 pubs=4000 err=0 | SUB recv=2240294 itps=0.00 tps=675.02 p50=35.46ms p95=152.70ms p99=198.97ms err=0
[status] PUB sent=2240644 itps=0.00 tps=674.91 pubs=4000 err=0 | SUB recv=2240294 itps=0.00 tps=674.82 p50=35.46ms p95=152.70ms p99=198.97ms err=0
[status] PUB sent=2240644 itps=0.00 tps=674.71 pubs=4000 err=0 | SUB recv=2240294 itps=0.00 tps=674.61 p50=35.46ms p95=152.70ms p99=198.97ms err=0
[status] PUB sent=2240644 itps=0.00 tps=674.51 pubs=4000 err=0 | SUB recv=2240294 itps=0.00 tps=674.41 p50=35.46ms p95=152.70ms p99=198.97ms err=0
[status] PUB sent=2240644 itps=0.00 tps=674.30 pubs=4000 err=0 | SUB recv=2240294 itps=0.00 tps=674.21 p50=35.46ms p95=152.70ms p99=198.97ms err=0
[status] PUB sent=2240644 itps=0.00 tps=674.10 pubs=4000 err=0 | SUB recv=2240294 itps=0.00 tps=674.00 p50=35.46ms p95=152.70ms p99=198.97ms err=0
[status] PUB sent=2240644 itps=0.00 tps=673.90 pubs=4000 err=0 | SUB recv=2240294 itps=0.00 tps=673.80 p50=35.46ms p95=152.70ms p99=198.97ms err=0
[status] PUB sent=2240644 itps=0.00 tps=673.69 pubs=4000 err=0 | SUB recv=2240294 itps=0.00 tps=673.60 p50=35.46ms p95=152.70ms p99=198.97ms err=0
[status] PUB sent=2240644 itps=0.00 tps=673.49 pubs=4000 err=0 | SUB recv=2240294 itps=0.00 tps=673.19 p50=35.46ms p95=152.70ms p99=198.97ms err=0
[status] PUB sent=2240644 itps=0.00 tps=673.09 pubs=4000 err=0 | SUB recv=2240294 itps=0.00 tps=672.99 p50=35.46ms p95=152.70ms p99=198.97ms err=0
[status] PUB sent=2240644 itps=0.00 tps=672.89 pubs=4000 err=0 | SUB recv=2240294 itps=0.00 tps=672.79 p50=35.46ms p95=152.70ms p99=198.97ms err=0
[status] PUB sent=2240644 itps=0.00 tps=672.68 pubs=4000 err=0 | SUB recv=2240294 itps=0.00 tps=672.59 p50=35.46ms p95=152.70ms p99=198.97ms err=0
[status] PUB sent=2240644 itps=0.00 tps=672.48 pubs=4000 err=0 | SUB recv=2240294 itps=0.00 tps=672.39 p50=35.46ms p95=152.70ms p99=198.97ms err=0
[status] PUB sent=2240644 itps=0.00 tps=672.28 pubs=4000 err=0 | SUB recv=2240294 itps=0.00 tps=672.18 p50=35.46ms p95=152.70ms p99=198.97ms err=0
[status] PUB sent=2240644 itps=0.00 tps=672.08 pubs=4000 err=0 | SUB recv=2240294 itps=0.00 tps=671.98 p50=35.46ms p95=152.70ms p99=198.97ms err=0
[status] PUB sent=2240644 itps=0.00 tps=671.88 pubs=4000 err=0 | SUB recv=2240294 itps=0.00 tps=671.78 p50=35.46ms p95=152.70ms p99=198.97ms err=0
[status] PUB sent=2240644 itps=0.00 tps=671.68 pubs=4000 err=0 | SUB recv=2240294 itps=0.00 tps=671.58 p50=35.46ms p95=152.70ms p99=198.97ms err=0
[status] PUB sent=2240644 itps=0.00 tps=671.47 pubs=4000 err=0 | SUB recv=2240294 itps=0.00 tps=671.38 p50=35.46ms p95=152.70ms p99=198.97ms err=0
[status] PUB sent=2240644 itps=0.00 tps=671.27 pubs=4000 err=0 | SUB recv=2240294 itps=0.00 tps=671.18 p50=35.46ms p95=152.70ms p99=198.97ms err=0
[status] PUB sent=2240644 itps=0.00 tps=671.07 pubs=4000 err=0 | SUB recv=2240294 itps=0.00 tps=670.98 p50=35.46ms p95=152.70ms p99=198.97ms err=0
[status] PUB sent=2240644 itps=0.00 tps=670.87 pubs=4000 err=0 | SUB recv=2240294 itps=0.00 tps=670.78 p50=35.46ms p95=152.70ms p99=198.97ms err=0
[status] PUB sent=2240644 itps=0.00 tps=670.67 pubs=4000 err=0 | SUB recv=2240294 itps=0.00 tps=670.57 p50=35.46ms p95=152.70ms p99=198.97ms err=0
[status] PUB sent=2240644 itps=0.00 tps=670.47 pubs=4000 err=0 | SUB recv=2240294 itps=0.00 tps=670.37 p50=35.46ms p95=152.70ms p99=198.97ms err=0
[status] PUB sent=2240644 itps=0.00 tps=670.27 pubs=4000 err=0 | SUB recv=2240294 itps=0.00 tps=670.17 p50=35.46ms p95=152.70ms p99=198.97ms err=0
[status] PUB sent=2240644 itps=0.00 tps=670.07 pubs=4000 err=0 | SUB recv=2240294 itps=0.00 tps=669.97 p50=35.46ms p95=152.70ms p99=198.97ms err=0
[status] PUB sent=2240644 itps=0.00 tps=669.87 pubs=4000 err=0 | SUB recv=2240294 itps=0.00 tps=669.77 p50=35.46ms p95=152.70ms p99=198.97ms err=0
[status] PUB sent=2240644 itps=0.00 tps=669.67 pubs=4000 err=0 | SUB recv=2240294 itps=0.00 tps=669.57 p50=35.46ms p95=152.70ms p99=198.97ms err=0
[status] PUB sent=2240644 itps=0.00 tps=669.47 pubs=4000 err=0 | SUB recv=2240294 itps=0.00 tps=669.37 p50=35.46ms p95=152.70ms p99=198.97ms err=0
[status] PUB sent=2240644 itps=0.00 tps=669.27 pubs=4000 err=0 | SUB recv=2240294 itps=0.00 tps=669.17 p50=35.46ms p95=152.70ms p99=198.97ms err=0
[status] PUB sent=2240644 itps=0.00 tps=669.07 pubs=4000 err=0 | SUB recv=2240294 itps=0.00 tps=668.97 p50=35.46ms p95=152.70ms p99=198.97ms err=0
[status] PUB sent=2240644 itps=0.00 tps=668.87 pubs=4000 err=0 | SUB recv=2240294 itps=0.00 tps=668.77 p50=35.46ms p95=152.70ms p99=198.97ms err=0
[status] PUB sent=2240644 itps=0.00 tps=668.67 pubs=4000 err=0 | SUB recv=2240294 itps=0.00 tps=668.57 p50=35.46ms p95=152.70ms p99=198.97ms err=0
[status] PUB sent=2240644 itps=0.00 tps=668.47 pubs=4000 err=0 | SUB recv=2240294 itps=0.00 tps=668.37 p50=35.46ms p95=152.70ms p99=198.97ms err=0
[status] PUB sent=2240644 itps=0.00 tps=668.27 pubs=4000 err=0 | SUB recv=2240294 itps=0.00 tps=668.17 p50=35.46ms p95=152.70ms p99=198.97ms err=0
[status] PUB sent=2240644 itps=0.00 tps=668.07 pubs=4000 err=0 | SUB recv=2240294 itps=0.00 tps=667.98 p50=35.46ms p95=152.70ms p99=198.97ms err=0
[status] PUB sent=2240644 itps=0.00 tps=667.87 pubs=4000 err=0 | SUB recv=2240294 itps=0.00 tps=667.78 p50=35.46ms p95=152.70ms p99=198.97ms err=0
[status] PUB sent=2240644 itps=0.00 tps=667.67 pubs=4000 err=0 | SUB recv=2240294 itps=0.00 tps=667.58 p50=35.46ms p95=152.70ms p99=198.97ms err=0
[status] PUB sent=2240644 itps=0.00 tps=667.47 pubs=4000 err=0 | SUB recv=2240294 itps=0.00 tps=667.38 p50=35.46ms p95=152.70ms p99=198.97ms err=0
[status] PUB sent=2240644 itps=0.00 tps=667.27 pubs=4000 err=0 | SUB recv=2240294 itps=0.00 tps=667.18 p50=35.46ms p95=152.70ms p99=198.97ms err=0
[status] PUB sent=2240644 itps=0.00 tps=667.08 pubs=4000 err=0 | SUB recv=2240294 itps=0.00 tps=666.98 p50=35.46ms p95=152.70ms p99=198.97ms err=0
[status] PUB sent=2240644 itps=0.00 tps=666.88 pubs=4000 err=0 | SUB recv=2240294 itps=0.00 tps=666.78 p50=35.46ms p95=152.70ms p99=198.97ms err=0
[status] PUB sent=2240644 itps=0.00 tps=666.68 pubs=4000 err=0 | SUB recv=2240294 itps=0.00 tps=666.58 p50=35.46ms p95=152.70ms p99=198.97ms err=0
[status] PUB sent=2240644 itps=0.00 tps=666.48 pubs=4000 err=0 | SUB recv=2240294 itps=0.00 tps=666.39 p50=35.46ms p95=152.70ms p99=198.97ms err=0
[status] PUB sent=2240644 itps=0.00 tps=666.28 pubs=4000 err=0 | SUB recv=2240294 itps=0.00 tps=666.19 p50=35.46ms p95=152.70ms p99=198.97ms err=0
[status] PUB sent=2240644 itps=0.00 tps=666.08 pubs=4000 err=0 | SUB recv=2240294 itps=0.00 tps=665.99 p50=35.46ms p95=152.70ms p99=198.97ms err=0
[status] PUB sent=2240644 itps=0.00 tps=665.89 pubs=4000 err=0 | SUB recv=2240294 itps=0.00 tps=665.79 p50=35.46ms p95=152.70ms p99=198.97ms err=0
[status] PUB sent=2240644 itps=0.00 tps=665.69 pubs=4000 err=0 | SUB recv=2240294 itps=0.00 tps=665.59 p50=35.46ms p95=152.70ms p99=198.97ms err=0
[status] PUB sent=2240644 itps=0.00 tps=665.49 pubs=4000 err=0 | SUB recv=2240294 itps=0.00 tps=665.40 p50=35.46ms p95=152.70ms p99=198.97ms err=0
[status] PUB sent=2240644 itps=0.00 tps=665.29 pubs=4000 err=0 | SUB recv=2240294 itps=0.00 tps=665.20 p50=35.46ms p95=152.70ms p99=198.97ms err=0
[status] PUB sent=2240644 itps=0.00 tps=665.10 pubs=4000 err=0 | SUB recv=2240294 itps=0.00 tps=665.00 p50=35.46ms p95=152.70ms p99=198.97ms err=0
[status] PUB sent=2240644 itps=0.00 tps=664.90 pubs=4000 err=0 | SUB recv=2240294 itps=0.00 tps=664.80 p50=35.46ms p95=152.70ms p99=198.97ms err=0
[status] PUB sent=2240644 itps=0.00 tps=664.70 pubs=4000 err=0 | SUB recv=2240294 itps=0.00 tps=664.61 p50=35.46ms p95=152.70ms p99=198.97ms err=0
[status] PUB sent=2240644 itps=0.00 tps=664.50 pubs=4000 err=0 | SUB recv=2240294 itps=0.00 tps=664.41 p50=35.46ms p95=152.70ms p99=198.97ms err=0
[status] PUB sent=2240644 itps=0.00 tps=664.31 pubs=4000 err=0 | SUB recv=2240294 itps=0.00 tps=664.21 p50=35.46ms p95=152.70ms p99=198.97ms err=0
[status] PUB sent=2240644 itps=0.00 tps=664.11 pubs=4000 err=0 | SUB recv=2240294 itps=0.00 tps=664.02 p50=35.46ms p95=152.70ms p99=198.97ms err=0
[status] PUB sent=2240644 itps=0.00 tps=663.91 pubs=4000 err=0 | SUB recv=2240294 itps=0.00 tps=663.82 p50=35.46ms p95=152.70ms p99=198.97ms err=0
[status] PUB sent=2240644 itps=0.00 tps=663.72 pubs=4000 err=0 | SUB recv=2240294 itps=0.00 tps=663.62 p50=35.46ms p95=152.70ms p99=198.97ms err=0
[status] PUB sent=2240644 itps=0.00 tps=663.52 pubs=4000 err=0 | SUB recv=2240294 itps=0.00 tps=663.43 p50=35.46ms p95=152.70ms p99=198.97ms err=0
[status] PUB sent=2240644 itps=0.00 tps=663.32 pubs=4000 err=0 | SUB recv=2240294 itps=0.00 tps=663.23 p50=35.46ms p95=152.70ms p99=198.97ms err=0
[status] PUB sent=2240644 itps=0.00 tps=663.13 pubs=4000 err=0 | SUB recv=2240294 itps=0.00 tps=663.03 p50=35.46ms p95=152.70ms p99=198.97ms err=0
[status] PUB sent=2240644 itps=0.00 tps=662.93 pubs=4000 err=0 | SUB recv=2240294 itps=0.00 tps=662.84 p50=35.46ms p95=152.70ms p99=198.97ms err=0
[status] PUB sent=2240644 itps=0.00 tps=662.74 pubs=4000 err=0 | SUB recv=2240294 itps=0.00 tps=662.64 p50=35.46ms p95=152.70ms p99=198.97ms err=0
[status] PUB sent=2240644 itps=0.00 tps=662.54 pubs=4000 err=0 | SUB recv=2240294 itps=0.00 tps=662.44 p50=35.46ms p95=152.70ms p99=198.97ms err=0
[status] PUB sent=2240644 itps=0.00 tps=662.34 pubs=4000 err=0 | SUB recv=2240294 itps=0.00 tps=662.25 p50=35.46ms p95=152.70ms p99=198.97ms err=0
[status] PUB sent=2240644 itps=0.00 tps=662.15 pubs=4000 err=0 | SUB recv=2240294 itps=0.00 tps=662.05 p50=35.46ms p95=152.70ms p99=198.97ms err=0
[status] PUB sent=2240644 itps=0.00 tps=661.95 pubs=4000 err=0 | SUB recv=2240294 itps=0.00 tps=661.86 p50=35.46ms p95=152.70ms p99=198.97ms err=0
[status] PUB sent=2240644 itps=0.00 tps=661.76 pubs=4000 err=0 | SUB recv=2240294 itps=0.00 tps=661.66 p50=35.46ms p95=152.70ms p99=198.97ms err=0
[status] PUB sent=2240644 itps=0.00 tps=661.56 pubs=4000 err=0 | SUB recv=2240294 itps=0.00 tps=661.47 p50=35.46ms p95=152.70ms p99=198.97ms err=0
[status] PUB sent=2240644 itps=0.00 tps=661.37 pubs=4000 err=0 | SUB recv=2240294 itps=0.00 tps=661.27 p50=35.46ms p95=152.70ms p99=198.97ms err=0
[status] PUB sent=2240644 itps=0.00 tps=661.17 pubs=4000 err=0 | SUB recv=2240294 itps=0.00 tps=661.08 p50=35.46ms p95=152.70ms p99=198.97ms err=0
[status] PUB sent=2240644 itps=0.00 tps=660.98 pubs=4000 err=0 | SUB recv=2240294 itps=0.00 tps=660.88 p50=35.46ms p95=152.70ms p99=198.97ms err=0
[status] PUB sent=2240644 itps=0.00 tps=660.78 pubs=4000 err=0 | SUB recv=2240294 itps=0.00 tps=660.69 p50=35.46ms p95=152.70ms p99=198.97ms err=0
[status] PUB sent=2240644 itps=0.00 tps=660.59 pubs=4000 err=0 | SUB recv=2240294 itps=0.00 tps=660.30 p50=35.46ms p95=152.70ms p99=198.97ms err=0
[status] PUB sent=2240644 itps=0.00 tps=660.20 pubs=4000 err=0 | SUB recv=2240294 itps=0.00 tps=660.10 p50=35.46ms p95=152.70ms p99=198.97ms err=0
[status] PUB sent=2240644 itps=0.00 tps=660.00 pubs=4000 err=0 | SUB recv=2240294 itps=0.00 tps=659.91 p50=35.46ms p95=152.70ms p99=198.97ms err=0
[status] PUB sent=2240644 itps=0.00 tps=659.81 pubs=4000 err=0 | SUB recv=2240294 itps=0.00 tps=659.71 p50=35.46ms p95=152.70ms p99=198.97ms err=0
[status] PUB sent=2240644 itps=0.00 tps=659.61 pubs=4000 err=0 | SUB recv=2240294 itps=0.00 tps=659.52 p50=35.46ms p95=152.70ms p99=198.97ms err=0
[status] PUB sent=2240644 itps=0.00 tps=659.42 pubs=4000 err=0 | SUB recv=2240294 itps=0.00 tps=659.33 p50=35.46ms p95=152.70ms p99=198.97ms err=0
[status] PUB sent=2240644 itps=0.00 tps=659.23 pubs=4000 err=0 | SUB recv=2240294 itps=0.00 tps=659.13 p50=35.46ms p95=152.70ms p99=198.97ms err=0
[status] PUB sent=2240644 itps=0.00 tps=659.03 pubs=4000 err=0 | SUB recv=2240294 itps=0.00 tps=658.94 p50=35.46ms p95=152.70ms p99=198.97ms err=0
[status] PUB sent=2240644 itps=0.00 tps=658.84 pubs=4000 err=0 | SUB recv=2240294 itps=0.00 tps=658.74 p50=35.46ms p95=152.70ms p99=198.97ms err=0
[status] PUB sent=2240644 itps=0.00 tps=658.64 pubs=4000 err=0 | SUB recv=2240294 itps=0.00 tps=658.55 p50=35.46ms p95=152.70ms p99=198.97ms err=0
[status] PUB sent=2240644 itps=0.00 tps=658.45 pubs=4000 err=0 | SUB recv=2240294 itps=0.00 tps=658.36 p50=35.46ms p95=152.70ms p99=198.97ms err=0
[status] PUB sent=2240644 itps=0.00 tps=658.26 pubs=4000 err=0 | SUB recv=2240294 itps=0.00 tps=658.16 p50=35.46ms p95=152.70ms p99=198.97ms err=0
[status] PUB sent=2240644 itps=0.00 tps=658.06 pubs=4000 err=0 | SUB recv=2240294 itps=0.00 tps=657.97 p50=35.46ms p95=152.70ms p99=198.97ms err=0
[status] PUB sent=2240644 itps=0.00 tps=657.87 pubs=4000 err=0 | SUB recv=2240294 itps=0.00 tps=657.78 p50=35.46ms p95=152.70ms p99=198.97ms err=0
[status] PUB sent=2240644 itps=0.00 tps=657.68 pubs=4000 err=0 | SUB recv=2240294 itps=0.00 tps=657.58 p50=35.46ms p95=152.70ms p99=198.97ms err=0
[status] PUB sent=2240644 itps=0.00 tps=657.48 pubs=4000 err=0 | SUB recv=2240294 itps=0.00 tps=657.39 p50=35.46ms p95=152.70ms p99=198.97ms err=0
[status] PUB sent=2240644 itps=0.00 tps=657.29 pubs=4000 err=0 | SUB recv=2240294 itps=0.00 tps=657.20 p50=35.46ms p95=152.70ms p99=198.97ms err=0
[status] PUB sent=2240644 itps=0.00 tps=657.10 pubs=4000 err=0 | SUB recv=2240294 itps=0.00 tps=657.01 p50=35.46ms p95=152.70ms p99=198.97ms err=0
[status] PUB sent=2240644 itps=0.00 tps=656.91 pubs=4000 err=0 | SUB recv=2240294 itps=0.00 tps=656.81 p50=35.46ms p95=152.70ms p99=198.97ms err=0
[status] PUB sent=2240644 itps=0.00 tps=656.71 pubs=4000 err=0 | SUB recv=2240294 itps=0.00 tps=656.62 p50=35.46ms p95=152.70ms p99=198.97ms err=0
[status] PUB sent=2240644 itps=0.00 tps=656.52 pubs=4000 err=0 | SUB recv=2240294 itps=0.00 tps=656.43 p50=35.46ms p95=152.70ms p99=198.97ms err=0
[status] PUB sent=2240644 itps=0.00 tps=656.33 pubs=4000 err=0 | SUB recv=2240294 itps=0.00 tps=656.24 p50=35.46ms p95=152.70ms p99=198.97ms err=0
[status] PUB sent=2240644 itps=0.00 tps=656.14 pubs=4000 err=0 | SUB recv=2240294 itps=0.00 tps=656.04 p50=35.46ms p95=152.70ms p99=198.97ms err=0
[status] PUB sent=2240644 itps=0.00 tps=655.94 pubs=4000 err=0 | SUB recv=2240294 itps=0.00 tps=655.85 p50=35.46ms p95=152.70ms p99=198.97ms err=0
[status] PUB sent=2240644 itps=0.00 tps=655.75 pubs=4000 err=0 | SUB recv=2240294 itps=0.00 tps=655.66 p50=35.46ms p95=152.70ms p99=198.97ms err=0
[status] PUB sent=2240644 itps=0.00 tps=655.56 pubs=4000 err=0 | SUB recv=2240294 itps=0.00 tps=655.47 p50=35.46ms p95=152.70ms p99=198.97ms err=0
[status] PUB sent=2240644 itps=0.00 tps=655.37 pubs=4000 err=0 | SUB recv=2240294 itps=0.00 tps=655.28 p50=35.46ms p95=152.70ms p99=198.97ms err=0
[status] PUB sent=2240644 itps=0.00 tps=655.18 pubs=4000 err=0 | SUB recv=2240294 itps=0.00 tps=655.08 p50=35.46ms p95=152.70ms p99=198.97ms err=0
[status] PUB sent=2240644 itps=0.00 tps=654.99 pubs=4000 err=0 | SUB recv=2240294 itps=0.00 tps=654.89 p50=35.46ms p95=152.70ms p99=198.97ms err=0
[status] PUB sent=2240644 itps=0.00 tps=654.79 pubs=4000 err=0 | SUB recv=2240294 itps=0.00 tps=654.70 p50=35.46ms p95=152.70ms p99=198.97ms err=0
[status] PUB sent=2240644 itps=0.00 tps=654.60 pubs=4000 err=0 | SUB recv=2240294 itps=0.00 tps=654.51 p50=35.46ms p95=152.70ms p99=198.97ms err=0
[status] PUB sent=2240644 itps=0.00 tps=654.41 pubs=4000 err=0 | SUB recv=2240294 itps=0.00 tps=654.32 p50=35.46ms p95=152.70ms p99=198.97ms err=0
[status] PUB sent=2240644 itps=0.00 tps=654.22 pubs=4000 err=0 | SUB recv=2240294 itps=0.00 tps=654.13 p50=35.46ms p95=152.70ms p99=198.97ms err=0
[status] PUB sent=2240644 itps=0.00 tps=654.03 pubs=4000 err=0 | SUB recv=2240294 itps=0.00 tps=653.94 p50=35.46ms p95=152.70ms p99=198.97ms err=0
[status] PUB sent=2240644 itps=0.00 tps=653.84 pubs=4000 err=0 | SUB recv=2240294 itps=0.00 tps=653.75 p50=35.46ms p95=152.70ms p99=198.97ms err=0
[status] PUB sent=2240644 itps=0.00 tps=653.65 pubs=4000 err=0 | SUB recv=2240294 itps=0.00 tps=653.56 p50=35.46ms p95=152.70ms p99=198.97ms err=0
[status] PUB sent=2240644 itps=0.00 tps=653.46 pubs=4000 err=0 | SUB recv=2240294 itps=0.00 tps=653.36 p50=35.46ms p95=152.70ms p99=198.97ms err=0
[status] PUB sent=2240644 itps=0.00 tps=653.27 pubs=4000 err=0 | SUB recv=2240294 itps=0.00 tps=653.17 p50=35.46ms p95=152.70ms p99=198.97ms err=0
[status] PUB sent=2240644 itps=0.00 tps=653.08 pubs=4000 err=0 | SUB recv=2240294 itps=0.00 tps=652.98 p50=35.46ms p95=152.70ms p99=198.97ms err=0
[status] PUB sent=2240644 itps=0.00 tps=652.89 pubs=4000 err=0 | SUB recv=2240294 itps=0.00 tps=652.79 p50=35.46ms p95=152.70ms p99=198.97ms err=0
[status] PUB sent=2240644 itps=0.00 tps=652.70 pubs=4000 err=0 | SUB recv=2240294 itps=0.00 tps=652.60 p50=35.46ms p95=152.70ms p99=198.97ms err=0
[status] PUB sent=2240644 itps=0.00 tps=652.51 pubs=4000 err=0 | SUB recv=2240294 itps=0.00 tps=652.41 p50=35.46ms p95=152.70ms p99=198.97ms err=0
[status] PUB sent=2240644 itps=0.00 tps=652.32 pubs=4000 err=0 | SUB recv=2240294 itps=0.00 tps=652.22 p50=35.46ms p95=152.70ms p99=198.97ms err=0
[status] PUB sent=2240644 itps=0.00 tps=652.13 pubs=4000 err=0 | SUB recv=2240294 itps=0.00 tps=652.03 p50=35.46ms p95=152.70ms p99=198.97ms err=0
[status] PUB sent=2240644 itps=0.00 tps=651.94 pubs=4000 err=0 | SUB recv=2240294 itps=0.00 tps=651.84 p50=35.46ms p95=152.70ms p99=198.97ms err=0
[status] PUB sent=2240644 itps=0.00 tps=651.75 pubs=4000 err=0 | SUB recv=2240294 itps=0.00 tps=651.65 p50=35.46ms p95=152.70ms p99=198.97ms err=0
[status] PUB sent=2240644 itps=0.00 tps=651.56 pubs=4000 err=0 | SUB recv=2240294 itps=0.00 tps=651.46 p50=35.46ms p95=152.70ms p99=198.97ms err=0
[status] PUB sent=2240644 itps=0.00 tps=651.37 pubs=4000 err=0 | SUB recv=2240294 itps=0.00 tps=651.28 p50=35.46ms p95=152.70ms p99=198.97ms err=0
[status] PUB sent=2240644 itps=0.00 tps=651.18 pubs=4000 err=0 | SUB recv=2240294 itps=0.00 tps=651.09 p50=35.46ms p95=152.70ms p99=198.97ms err=0
[status] PUB sent=2240644 itps=0.00 tps=650.99 pubs=4000 err=0 | SUB recv=2240294 itps=0.00 tps=650.90 p50=35.46ms p95=152.70ms p99=198.97ms err=0
[status] PUB sent=2240644 itps=0.00 tps=650.80 pubs=4000 err=0 | SUB recv=2240294 itps=0.00 tps=650.71 p50=35.46ms p95=152.70ms p99=198.97ms err=0
[status] PUB sent=2240644 itps=0.00 tps=650.61 pubs=4000 err=0 | SUB recv=2240294 itps=0.00 tps=650.52 p50=35.46ms p95=152.70ms p99=198.97ms err=0
[status] PUB sent=2240644 itps=0.00 tps=650.42 pubs=4000 err=0 | SUB recv=2240294 itps=0.00 tps=650.33 p50=35.46ms p95=152.70ms p99=198.97ms err=0
[status] PUB sent=2240644 itps=0.00 tps=650.23 pubs=4000 err=0 | SUB recv=2240294 itps=0.00 tps=650.14 p50=35.46ms p95=152.70ms p99=198.97ms err=0
[status] PUB sent=2240644 itps=0.00 tps=650.05 pubs=4000 err=0 | SUB recv=2240294 itps=0.00 tps=649.95 p50=35.46ms p95=152.70ms p99=198.97ms err=0
[status] PUB sent=2240644 itps=0.00 tps=649.86 pubs=4000 err=0 | SUB recv=2240294 itps=0.00 tps=649.76 p50=35.46ms p95=152.70ms p99=198.97ms err=0
[status] PUB sent=2240644 itps=0.00 tps=649.67 pubs=4000 err=0 | SUB recv=2240294 itps=0.00 tps=649.58 p50=35.46ms p95=152.70ms p99=198.97ms err=0
[status] PUB sent=2240644 itps=0.00 tps=649.48 pubs=4000 err=0 | SUB recv=2240294 itps=0.00 tps=649.39 p50=35.46ms p95=152.70ms p99=198.97ms err=0
[status] PUB sent=2240644 itps=0.00 tps=649.29 pubs=4000 err=0 | SUB recv=2240294 itps=0.00 tps=649.20 p50=35.46ms p95=152.70ms p99=198.97ms err=0
[status] PUB sent=2240644 itps=0.00 tps=649.10 pubs=4000 err=0 | SUB recv=2240294 itps=0.00 tps=649.01 p50=35.46ms p95=152.70ms p99=198.97ms err=0
[status] PUB sent=2240644 itps=0.00 tps=648.92 pubs=4000 err=0 | SUB recv=2240294 itps=0.00 tps=648.82 p50=35.46ms p95=152.70ms p99=198.97ms err=0
[status] PUB sent=2240644 itps=0.00 tps=648.73 pubs=4000 err=0 | SUB recv=2240294 itps=0.00 tps=648.64 p50=35.46ms p95=152.70ms p99=198.97ms err=0
[status] PUB sent=2240644 itps=0.00 tps=648.54 pubs=4000 err=0 | SUB recv=2240294 itps=0.00 tps=648.45 p50=35.46ms p95=152.70ms p99=198.97ms err=0
[status] PUB sent=2240644 itps=0.00 tps=648.35 pubs=4000 err=0 | SUB recv=2240294 itps=0.00 tps=648.26 p50=35.46ms p95=152.70ms p99=198.97ms err=0
[status] PUB sent=2240644 itps=0.00 tps=648.16 pubs=4000 err=0 | SUB recv=2240294 itps=0.00 tps=648.07 p50=35.46ms p95=152.70ms p99=198.97ms err=0
[status] PUB sent=2240644 itps=0.00 tps=647.98 pubs=4000 err=0 | SUB recv=2240294 itps=0.00 tps=647.89 p50=35.46ms p95=152.70ms p99=198.97ms err=0
[status] PUB sent=2240644 itps=0.00 tps=647.60 pubs=4000 err=0 | SUB recv=2240294 itps=0.00 tps=647.51 p50=35.46ms p95=152.70ms p99=198.97ms err=0
[status] PUB sent=2240644 itps=0.00 tps=647.42 pubs=4000 err=0 | SUB recv=2240294 itps=0.00 tps=647.32 p50=35.46ms p95=152.70ms p99=198.97ms err=0
[status] PUB sent=2240644 itps=0.00 tps=647.23 pubs=4000 err=0 | SUB recv=2240294 itps=0.00 tps=647.14 p50=35.46ms p95=152.70ms p99=198.97ms err=0
[status] PUB sent=2240644 itps=0.00 tps=647.04 pubs=4000 err=0 | SUB recv=2240294 itps=0.00 tps=646.95 p50=35.46ms p95=152.70ms p99=198.97ms err=0
[status] PUB sent=2240644 itps=0.00 tps=646.86 pubs=4000 err=0 | SUB recv=2240294 itps=0.00 tps=646.76 p50=35.46ms p95=152.70ms p99=198.97ms err=0
[status] PUB sent=2240644 itps=0.00 tps=646.67 pubs=4000 err=0 | SUB recv=2240294 itps=0.00 tps=646.58 p50=35.46ms p95=152.70ms p99=198.97ms err=0
[status] PUB sent=2240644 itps=0.00 tps=646.48 pubs=4000 err=0 | SUB recv=2240294 itps=0.00 tps=646.39 p50=35.46ms p95=152.70ms p99=198.97ms err=0
[status] PUB sent=2240644 itps=0.00 tps=646.30 pubs=4000 err=0 | SUB recv=2240294 itps=0.00 tps=646.20 p50=35.46ms p95=152.70ms p99=198.97ms err=0
[status] PUB sent=2240644 itps=0.00 tps=646.11 pubs=4000 err=0 | SUB recv=2240294 itps=0.00 tps=646.02 p50=35.46ms p95=152.70ms p99=198.97ms err=0
[status] PUB sent=2240644 itps=0.00 tps=645.92 pubs=4000 err=0 | SUB recv=2240294 itps=0.00 tps=645.83 p50=35.46ms p95=152.70ms p99=198.97ms err=0
[status] PUB sent=2240644 itps=0.00 tps=645.74 pubs=4000 err=0 | SUB recv=2240294 itps=0.00 tps=645.64 p50=35.46ms p95=152.70ms p99=198.97ms err=0
[status] PUB sent=2240644 itps=0.00 tps=645.55 pubs=4000 err=0 | SUB recv=2240294 itps=0.00 tps=645.46 p50=35.46ms p95=152.70ms p99=198.97ms err=0
[status] PUB sent=2240644 itps=0.00 tps=645.36 pubs=4000 err=0 | SUB recv=2240294 itps=0.00 tps=645.27 p50=35.46ms p95=152.70ms p99=198.97ms err=0
[status] PUB sent=2240644 itps=0.00 tps=645.18 pubs=4000 err=0 | SUB recv=2240294 itps=0.00 tps=645.09 p50=35.46ms p95=152.70ms p99=198.97ms err=0
[status] PUB sent=2240644 itps=0.00 tps=644.99 pubs=4000 err=0 | SUB recv=2240294 itps=0.00 tps=644.90 p50=35.46ms p95=152.70ms p99=198.97ms err=0
[status] PUB sent=2240644 itps=0.00 tps=644.81 pubs=4000 err=0 | SUB recv=2240294 itps=0.00 tps=644.72 p50=35.46ms p95=152.70ms p99=198.97ms err=0
[status] PUB sent=2240644 itps=0.00 tps=644.62 pubs=4000 err=0 | SUB recv=2240294 itps=0.00 tps=644.53 p50=35.46ms p95=152.70ms p99=198.97ms err=0
[status] PUB sent=2240644 itps=0.00 tps=644.44 pubs=4000 err=0 | SUB recv=2240294 itps=0.00 tps=644.34 p50=35.46ms p95=152.70ms p99=198.97ms err=0
[status] PUB sent=2240644 itps=0.00 tps=644.25 pubs=4000 err=0 | SUB recv=2240294 itps=0.00 tps=644.16 p50=35.46ms p95=152.70ms p99=198.97ms err=0
[status] PUB sent=2240644 itps=0.00 tps=644.07 pubs=4000 err=0 | SUB recv=2240294 itps=0.00 tps=643.97 p50=35.46ms p95=152.70ms p99=198.97ms err=0
[status] PUB sent=2240644 itps=0.00 tps=643.88 pubs=4000 err=0 | SUB recv=2240294 itps=0.00 tps=643.79 p50=35.46ms p95=152.70ms p99=198.97ms err=0
[status] PUB sent=2240644 itps=0.00 tps=643.70 pubs=4000 err=0 | SUB recv=2240294 itps=0.00 tps=643.60 p50=35.46ms p95=152.70ms p99=198.97ms err=0
[status] PUB sent=2240644 itps=0.00 tps=643.51 pubs=4000 err=0 | SUB recv=2240294 itps=0.00 tps=643.42 p50=35.46ms p95=152.70ms p99=198.97ms err=0
[status] PUB sent=2240644 itps=0.00 tps=643.33 pubs=4000 err=0 | SUB recv=2240294 itps=0.00 tps=643.23 p50=35.46ms p95=152.70ms p99=198.97ms err=0
[status] PUB sent=2240644 itps=0.00 tps=643.14 pubs=4000 err=0 | SUB recv=2240294 itps=0.00 tps=643.05 p50=35.46ms p95=152.70ms p99=198.97ms err=0
[status] PUB sent=2240644 itps=0.00 tps=642.96 pubs=4000 err=0 | SUB recv=2240294 itps=0.00 tps=642.87 p50=35.46ms p95=152.70ms p99=198.97ms err=0
[status] PUB sent=2240644 itps=0.00 tps=642.77 pubs=4000 err=0 | SUB recv=2240294 itps=0.00 tps=642.68 p50=35.46ms p95=152.70ms p99=198.97ms err=0
[status] PUB sent=2240644 itps=0.00 tps=642.59 pubs=4000 err=0 | SUB recv=2240294 itps=0.00 tps=642.50 p50=35.46ms p95=152.70ms p99=198.97ms err=0
[status] PUB sent=2240644 itps=0.00 tps=642.40 pubs=4000 err=0 | SUB recv=2240294 itps=0.00 tps=642.31 p50=35.46ms p95=152.70ms p99=198.97ms err=0
[status] PUB sent=2240644 itps=0.00 tps=642.22 pubs=4000 err=0 | SUB recv=2240294 itps=0.00 tps=642.13 p50=35.46ms p95=152.70ms p99=198.97ms err=0
[status] PUB sent=2240644 itps=0.00 tps=642.04 pubs=4000 err=0 | SUB recv=2240294 itps=0.00 tps=641.94 p50=35.46ms p95=152.70ms p99=198.97ms err=0
[status] PUB sent=2240644 itps=0.00 tps=641.85 pubs=4000 err=0 | SUB recv=2240294 itps=0.00 tps=641.76 p50=35.46ms p95=152.70ms p99=198.97ms err=0
[status] PUB sent=2240644 itps=0.00 tps=641.67 pubs=4000 err=0 | SUB recv=2240294 itps=0.00 tps=641.58 p50=35.46ms p95=152.70ms p99=198.97ms err=0
[status] PUB sent=2240644 itps=0.00 tps=641.48 pubs=4000 err=0 | SUB recv=2240294 itps=0.00 tps=641.39 p50=35.46ms p95=152.70ms p99=198.97ms err=0
[status] PUB sent=2240644 itps=0.00 tps=641.30 pubs=4000 err=0 | SUB recv=2240294 itps=0.00 tps=641.21 p50=35.46ms p95=152.70ms p99=198.97ms err=0
[status] PUB sent=2240644 itps=0.00 tps=641.12 pubs=4000 err=0 | SUB recv=2240294 itps=0.00 tps=641.03 p50=35.46ms p95=152.70ms p99=198.97ms err=0
[status] PUB sent=2240644 itps=0.00 tps=640.93 pubs=4000 err=0 | SUB recv=2240294 itps=0.00 tps=640.84 p50=35.46ms p95=152.70ms p99=198.97ms err=0
[status] PUB sent=2240644 itps=0.00 tps=640.75 pubs=4000 err=0 | SUB recv=2240294 itps=0.00 tps=640.66 p50=35.46ms p95=152.70ms p99=198.97ms err=0
[status] PUB sent=2240644 itps=0.00 tps=640.57 pubs=4000 err=0 | SUB recv=2240294 itps=0.00 tps=640.48 p50=35.46ms p95=152.70ms p99=198.97ms err=0
[status] PUB sent=2240644 itps=0.00 tps=640.38 pubs=4000 err=0 | SUB recv=2240294 itps=0.00 tps=640.29 p50=35.46ms p95=152.70ms p99=198.97ms err=0
[status] PUB sent=2240644 itps=0.00 tps=640.20 pubs=4000 err=0 | SUB recv=2240294 itps=0.00 tps=640.11 p50=35.46ms p95=152.70ms p99=198.97ms err=0
[status] PUB sent=2240644 itps=0.00 tps=640.02 pubs=4000 err=0 | SUB recv=2240294 itps=0.00 tps=639.93 p50=35.46ms p95=152.70ms p99=198.97ms err=0
[status] PUB sent=2240644 itps=0.00 tps=639.84 pubs=4000 err=0 | SUB recv=2240294 itps=0.00 tps=639.74 p50=35.46ms p95=152.70ms p99=198.97ms err=0
[status] PUB sent=2240644 itps=0.00 tps=639.65 pubs=4000 err=0 | SUB recv=2240294 itps=0.00 tps=639.56 p50=35.46ms p95=152.70ms p99=198.97ms err=0
[status] PUB sent=2240644 itps=0.00 tps=639.47 pubs=4000 err=0 | SUB recv=2240294 itps=0.00 tps=639.38 p50=35.46ms p95=152.70ms p99=198.97ms err=0
[status] PUB sent=2240644 itps=0.00 tps=639.29 pubs=4000 err=0 | SUB recv=2240294 itps=0.00 tps=639.20 p50=35.46ms p95=152.70ms p99=198.97ms err=0
[status] PUB sent=2240644 itps=0.00 tps=639.11 pubs=4000 err=0 | SUB recv=2240294 itps=0.00 tps=639.01 p50=35.46ms p95=152.70ms p99=198.97ms err=0
[status] PUB sent=2240644 itps=0.00 tps=638.92 pubs=4000 err=0 | SUB recv=2240294 itps=0.00 tps=638.83 p50=35.46ms p95=152.70ms p99=198.97ms err=0
[status] PUB sent=2240644 itps=0.00 tps=638.74 pubs=4000 err=0 | SUB recv=2240294 itps=0.00 tps=638.65 p50=35.46ms p95=152.70ms p99=198.97ms err=0
[status] PUB sent=2240644 itps=0.00 tps=638.56 pubs=4000 err=0 | SUB recv=2240294 itps=0.00 tps=638.47 p50=35.46ms p95=152.70ms p99=198.97ms err=0
[status] PUB sent=2240644 itps=0.00 tps=638.38 pubs=4000 err=0 | SUB recv=2240294 itps=0.00 tps=638.29 p50=35.46ms p95=152.70ms p99=198.97ms err=0
[status] PUB sent=2240644 itps=0.00 tps=638.20 pubs=4000 err=0 | SUB recv=2240294 itps=0.00 tps=638.10 p50=35.46ms p95=152.70ms p99=198.97ms err=0
[status] PUB sent=2240644 itps=0.00 tps=638.01 pubs=4000 err=0 | SUB recv=2240294 itps=0.00 tps=637.92 p50=35.46ms p95=152.70ms p99=198.97ms err=0
[status] PUB sent=2240644 itps=0.00 tps=637.83 pubs=4000 err=0 | SUB recv=2240294 itps=0.00 tps=637.74 p50=35.46ms p95=152.70ms p99=198.97ms err=0
[status] PUB sent=2240644 itps=0.00 tps=637.65 pubs=4000 err=0 | SUB recv=2240294 itps=0.00 tps=637.56 p50=35.46ms p95=152.70ms p99=198.97ms err=0
[status] PUB sent=2240644 itps=0.00 tps=637.47 pubs=4000 err=0 | SUB recv=2240294 itps=0.00 tps=637.38 p50=35.46ms p95=152.70ms p99=198.97ms err=0
[status] PUB sent=2240644 itps=0.00 tps=637.29 pubs=4000 err=0 | SUB recv=2240294 itps=0.00 tps=637.20 p50=35.46ms p95=152.70ms p99=198.97ms err=0
[status] PUB sent=2240644 itps=0.00 tps=637.11 pubs=4000 err=0 | SUB recv=2240294 itps=0.00 tps=637.02 p50=35.46ms p95=152.70ms p99=198.97ms err=0
[status] PUB sent=2240644 itps=0.00 tps=636.93 pubs=4000 err=0 | SUB recv=2240294 itps=0.00 tps=636.83 p50=35.46ms p95=152.70ms p99=198.97ms err=0
[status] PUB sent=2240644 itps=0.00 tps=636.74 pubs=4000 err=0 | SUB recv=2240294 itps=0.00 tps=636.65 p50=35.46ms p95=152.70ms p99=198.97ms err=0
[status] PUB sent=2240644 itps=0.00 tps=636.56 pubs=4000 err=0 | SUB recv=2240294 itps=0.00 tps=636.47 p50=35.46ms p95=152.70ms p99=198.97ms err=0
[status] PUB sent=2240644 itps=0.00 tps=636.38 pubs=4000 err=0 | SUB recv=2240294 itps=0.00 tps=636.29 p50=35.46ms p95=152.70ms p99=198.97ms err=0
[status] PUB sent=2240644 itps=0.00 tps=636.20 pubs=4000 err=0 | SUB recv=2240294 itps=0.00 tps=636.11 p50=35.46ms p95=152.70ms p99=198.97ms err=0
[status] PUB sent=2240644 itps=0.00 tps=636.02 pubs=4000 err=0 | SUB recv=2240294 itps=0.00 tps=635.93 p50=35.46ms p95=152.70ms p99=198.97ms err=0
[status] PUB sent=2240644 itps=0.00 tps=635.84 pubs=4000 err=0 | SUB recv=2240294 itps=0.00 tps=635.75 p50=35.46ms p95=152.70ms p99=198.97ms err=0
[status] PUB sent=2240644 itps=0.00 tps=635.66 pubs=4000 err=0 | SUB recv=2240294 itps=0.00 tps=635.57 p50=35.46ms p95=152.70ms p99=198.97ms err=0
[status] PUB sent=2240644 itps=0.00 tps=635.30 pubs=4000 err=0 | SUB recv=2240294 itps=0.00 tps=635.21 p50=35.46ms p95=152.70ms p99=198.97ms err=0
[status] PUB sent=2240644 itps=0.00 tps=635.12 pubs=4000 err=0 | SUB recv=2240294 itps=0.00 tps=635.03 p50=35.46ms p95=152.70ms p99=198.97ms err=0
[status] PUB sent=2240644 itps=0.00 tps=634.94 pubs=4000 err=0 | SUB recv=2240294 itps=0.00 tps=634.85 p50=35.46ms p95=152.70ms p99=198.97ms err=0
[status] PUB sent=2240644 itps=0.00 tps=634.76 pubs=4000 err=0 | SUB recv=2240294 itps=0.00 tps=634.67 p50=35.46ms p95=152.70ms p99=198.97ms err=0
[status] PUB sent=2240644 itps=0.00 tps=634.58 pubs=4000 err=0 | SUB recv=2240294 itps=0.00 tps=634.49 p50=35.46ms p95=152.70ms p99=198.97ms err=0
[status] PUB sent=2240644 itps=0.00 tps=634.40 pubs=4000 err=0 | SUB recv=2240294 itps=0.00 tps=634.31 p50=35.46ms p95=152.70ms p99=198.97ms err=0
[status] PUB sent=2240644 itps=0.00 tps=634.22 pubs=4000 err=0 | SUB recv=2240294 itps=0.00 tps=634.13 p50=35.46ms p95=152.70ms p99=198.97ms err=0
[status] PUB sent=2240644 itps=0.00 tps=634.04 pubs=4000 err=0 | SUB recv=2240294 itps=0.00 tps=633.95 p50=35.46ms p95=152.70ms p99=198.97ms err=0
[status] PUB sent=2240644 itps=0.00 tps=633.86 pubs=4000 err=0 | SUB recv=2240294 itps=0.00 tps=633.77 p50=35.46ms p95=152.70ms p99=198.97ms err=0
[status] PUB sent=2240644 itps=0.00 tps=633.68 pubs=4000 err=0 | SUB recv=2240294 itps=0.00 tps=633.59 p50=35.46ms p95=152.70ms p99=198.97ms err=0
[status] PUB sent=2240644 itps=0.00 tps=633.50 pubs=4000 err=0 | SUB recv=2240294 itps=0.00 tps=633.41 p50=35.46ms p95=152.70ms p99=198.97ms err=0
[status] PUB sent=2240644 itps=0.00 tps=633.33 pubs=4000 err=0 | SUB recv=2240294 itps=0.00 tps=633.23 p50=35.46ms p95=152.70ms p99=198.97ms err=0
[status] PUB sent=2240644 itps=0.00 tps=633.15 pubs=4000 err=0 | SUB recv=2240294 itps=0.00 tps=633.06 p50=35.46ms p95=152.70ms p99=198.97ms err=0
[status] PUB sent=2240644 itps=0.00 tps=632.97 pubs=4000 err=0 | SUB recv=2240294 itps=0.00 tps=632.88 p50=35.46ms p95=152.70ms p99=198.97ms err=0
[status] PUB sent=2240644 itps=0.00 tps=632.79 pubs=4000 err=0 | SUB recv=2240294 itps=0.00 tps=632.70 p50=35.46ms p95=152.70ms p99=198.97ms err=0
[status] PUB sent=2240644 itps=0.00 tps=632.61 pubs=4000 err=0 | SUB recv=2240294 itps=0.00 tps=632.52 p50=35.46ms p95=152.70ms p99=198.97ms err=0
[status] PUB sent=2240644 itps=0.00 tps=632.43 pubs=4000 err=0 | SUB recv=2240294 itps=0.00 tps=632.34 p50=35.46ms p95=152.70ms p99=198.97ms err=0
[status] PUB sent=2240644 itps=0.00 tps=632.25 pubs=4000 err=0 | SUB recv=2240294 itps=0.00 tps=632.16 p50=35.46ms p95=152.70ms p99=198.97ms err=0
[status] PUB sent=2240644 itps=0.00 tps=632.07 pubs=4000 err=0 | SUB recv=2240294 itps=0.00 tps=631.98 p50=35.46ms p95=152.70ms p99=198.97ms err=0
[status] PUB sent=2240644 itps=0.00 tps=631.90 pubs=4000 err=0 | SUB recv=2240294 itps=0.00 tps=631.81 p50=35.46ms p95=152.70ms p99=198.97ms err=0
[status] PUB sent=2240644 itps=0.00 tps=631.72 pubs=4000 err=0 | SUB recv=2240294 itps=0.00 tps=631.63 p50=35.46ms p95=152.70ms p99=198.97ms err=0
[status] PUB sent=2240644 itps=0.00 tps=631.54 pubs=4000 err=0 | SUB recv=2240294 itps=0.00 tps=631.45 p50=35.46ms p95=152.70ms p99=198.97ms err=0
[status] PUB sent=2240644 itps=0.00 tps=631.36 pubs=4000 err=0 | SUB recv=2240294 itps=0.00 tps=631.27 p50=35.46ms p95=152.70ms p99=198.97ms err=0
[status] PUB sent=2240644 itps=0.00 tps=631.18 pubs=4000 err=0 | SUB recv=2240294 itps=0.00 tps=631.09 p50=35.46ms p95=152.70ms p99=198.97ms err=0
[status] PUB sent=2240644 itps=0.00 tps=631.01 pubs=4000 err=0 | SUB recv=2240294 itps=0.00 tps=630.92 p50=35.46ms p95=152.70ms p99=198.97ms err=0
[status] PUB sent=2240644 itps=0.00 tps=630.83 pubs=4000 err=0 | SUB recv=2240294 itps=0.00 tps=630.74 p50=35.46ms p95=152.70ms p99=198.97ms err=0
[status] PUB sent=2240644 itps=0.00 tps=630.65 pubs=4000 err=0 | SUB recv=2240294 itps=0.00 tps=630.56 p50=35.46ms p95=152.70ms p99=198.97ms err=0
[status] PUB sent=2240644 itps=0.00 tps=630.47 pubs=4000 err=0 | SUB recv=2240294 itps=0.00 tps=630.38 p50=35.46ms p95=152.70ms p99=198.97ms err=0
[status] PUB sent=2240644 itps=0.00 tps=630.30 pubs=4000 err=0 | SUB recv=2240294 itps=0.00 tps=630.21 p50=35.46ms p95=152.70ms p99=198.97ms err=0
[status] PUB sent=2240644 itps=0.00 tps=630.12 pubs=4000 err=0 | SUB recv=2240294 itps=0.00 tps=630.03 p50=35.46ms p95=152.70ms p99=198.97ms err=0
[status] PUB sent=2240644 itps=0.00 tps=629.94 pubs=4000 err=0 | SUB recv=2240294 itps=0.00 tps=629.85 p50=35.46ms p95=152.70ms p99=198.97ms err=0
[status] PUB sent=2240644 itps=0.00 tps=629.77 pubs=4000 err=0 | SUB recv=2240294 itps=0.00 tps=629.68 p50=35.46ms p95=152.70ms p99=198.97ms err=0
[status] PUB sent=2240644 itps=0.00 tps=629.59 pubs=4000 err=0 | SUB recv=2240294 itps=0.00 tps=629.50 p50=35.46ms p95=152.70ms p99=198.97ms err=0
[status] PUB sent=2240644 itps=0.00 tps=629.41 pubs=4000 err=0 | SUB recv=2240294 itps=0.00 tps=629.32 p50=35.46ms p95=152.70ms p99=198.97ms err=0
[status] PUB sent=2240644 itps=0.00 tps=629.23 pubs=4000 err=0 | SUB recv=2240294 itps=0.00 tps=629.14 p50=35.46ms p95=152.70ms p99=198.97ms err=0
[status] PUB sent=2240644 itps=0.00 tps=629.06 pubs=4000 err=0 | SUB recv=2240294 itps=0.00 tps=628.97 p50=35.46ms p95=152.70ms p99=198.97ms err=0
[status] PUB sent=2240644 itps=0.00 tps=628.88 pubs=4000 err=0 | SUB recv=2240294 itps=0.00 tps=628.79 p50=35.46ms p95=152.70ms p99=198.97ms err=0
[status] PUB sent=2240644 itps=0.00 tps=628.70 pubs=4000 err=0 | SUB recv=2240294 itps=0.00 tps=628.62 p50=35.46ms p95=152.70ms p99=198.97ms err=0
[status] PUB sent=2240644 itps=0.00 tps=628.53 pubs=4000 err=0 | SUB recv=2240294 itps=0.00 tps=628.44 p50=35.46ms p95=152.70ms p99=198.97ms err=0
[status] PUB sent=2240644 itps=0.00 tps=628.35 pubs=4000 err=0 | SUB recv=2240294 itps=0.00 tps=628.26 p50=35.46ms p95=152.70ms p99=198.97ms err=0
[status] PUB sent=2240644 itps=0.00 tps=628.18 pubs=4000 err=0 | SUB recv=2240294 itps=0.00 tps=628.09 p50=35.46ms p95=152.70ms p99=198.97ms err=0
[status] PUB sent=2240644 itps=0.00 tps=628.00 pubs=4000 err=0 | SUB recv=2240294 itps=0.00 tps=627.91 p50=35.46ms p95=152.70ms p99=198.97ms err=0
[status] PUB sent=2240644 itps=0.00 tps=627.82 pubs=4000 err=0 | SUB recv=2240294 itps=0.00 tps=627.73 p50=35.46ms p95=152.70ms p99=198.97ms err=0
[status] PUB sent=2240644 itps=0.00 tps=627.65 pubs=4000 err=0 | SUB recv=2240294 itps=0.00 tps=627.56 p50=35.46ms p95=152.70ms p99=198.97ms err=0
[status] PUB sent=2240644 itps=0.00 tps=627.47 pubs=4000 err=0 | SUB recv=2240294 itps=0.00 tps=627.38 p50=35.46ms p95=152.70ms p99=198.97ms err=0
[status] PUB sent=2240644 itps=0.00 tps=627.30 pubs=4000 err=0 | SUB recv=2240294 itps=0.00 tps=627.21 p50=35.46ms p95=152.70ms p99=198.97ms err=0
[status] PUB sent=2240644 itps=0.00 tps=627.12 pubs=4000 err=0 | SUB recv=2240294 itps=0.00 tps=627.03 p50=35.46ms p95=152.70ms p99=198.97ms err=0
[status] PUB sent=2240644 itps=0.00 tps=626.95 pubs=4000 err=0 | SUB recv=2240294 itps=0.00 tps=626.86 p50=35.46ms p95=152.70ms p99=198.97ms err=0
[status] PUB sent=2240644 itps=0.00 tps=626.77 pubs=4000 err=0 | SUB recv=2240294 itps=0.00 tps=626.68 p50=35.46ms p95=152.70ms p99=198.97ms err=0
[status] PUB sent=2240644 itps=0.00 tps=626.60 pubs=4000 err=0 | SUB recv=2240294 itps=0.00 tps=626.51 p50=35.46ms p95=152.70ms p99=198.97ms err=0
[status] PUB sent=2240644 itps=0.00 tps=626.42 pubs=4000 err=0 | SUB recv=2240294 itps=0.00 tps=626.33 p50=35.46ms p95=152.70ms p99=198.97ms err=0
[status] PUB sent=2240644 itps=0.00 tps=626.24 pubs=4000 err=0 | SUB recv=2240294 itps=0.00 tps=626.16 p50=35.46ms p95=152.70ms p99=198.97ms err=0
[status] PUB sent=2240644 itps=0.00 tps=626.07 pubs=4000 err=0 | SUB recv=2240294 itps=0.00 tps=625.98 p50=35.46ms p95=152.70ms p99=198.97ms err=0
[status] PUB sent=2240644 itps=0.00 tps=625.90 pubs=4000 err=0 | SUB recv=2240294 itps=0.00 tps=625.81 p50=35.46ms p95=152.70ms p99=198.97ms err=0
[status] PUB sent=2240644 itps=0.00 tps=625.72 pubs=4000 err=0 | SUB recv=2240294 itps=0.00 tps=625.63 p50=35.46ms p95=152.70ms p99=198.97ms err=0
[status] PUB sent=2240644 itps=0.00 tps=625.55 pubs=4000 err=0 | SUB recv=2240294 itps=0.00 tps=625.46 p50=35.46ms p95=152.70ms p99=198.97ms err=0
[status] PUB sent=2240644 itps=0.00 tps=625.37 pubs=4000 err=0 | SUB recv=2240294 itps=0.00 tps=625.28 p50=35.46ms p95=152.70ms p99=198.97ms err=0
[status] PUB sent=2240644 itps=0.00 tps=625.20 pubs=4000 err=0 | SUB recv=2240294 itps=0.00 tps=625.11 p50=35.46ms p95=152.70ms p99=198.97ms err=0
[status] PUB sent=2240644 itps=0.00 tps=625.02 pubs=4000 err=0 | SUB recv=2240294 itps=0.00 tps=624.93 p50=35.46ms p95=152.70ms p99=198.97ms err=0
[status] PUB sent=2240644 itps=0.00 tps=624.85 pubs=4000 err=0 | SUB recv=2240294 itps=0.00 tps=624.76 p50=35.46ms p95=152.70ms p99=198.97ms err=0
[status] PUB sent=2240644 itps=0.00 tps=624.67 pubs=4000 err=0 | SUB recv=2240294 itps=0.00 tps=624.58 p50=35.46ms p95=152.70ms p99=198.97ms err=0
[status] PUB sent=2240644 itps=0.00 tps=624.50 pubs=4000 err=0 | SUB recv=2240294 itps=0.00 tps=624.41 p50=35.46ms p95=152.70ms p99=198.97ms err=0
[status] PUB sent=2240644 itps=0.00 tps=624.33 pubs=4000 err=0 | SUB recv=2240294 itps=0.00 tps=624.24 p50=35.46ms p95=152.70ms p99=198.97ms err=0
[status] PUB sent=2240644 itps=0.00 tps=624.15 pubs=4000 err=0 | SUB recv=2240294 itps=0.00 tps=624.06 p50=35.46ms p95=152.70ms p99=198.97ms err=0
[status] PUB sent=2240644 itps=0.00 tps=623.98 pubs=4000 err=0 | SUB recv=2240294 itps=0.00 tps=623.89 p50=35.46ms p95=152.70ms p99=198.97ms err=0
[status] PUB sent=2240644 itps=0.00 tps=623.80 pubs=4000 err=0 | SUB recv=2240294 itps=0.00 tps=623.71 p50=35.46ms p95=152.70ms p99=198.97ms err=0
[status] PUB sent=2240644 itps=0.00 tps=623.46 pubs=4000 err=0 | SUB recv=2240294 itps=0.00 tps=623.37 p50=35.46ms p95=152.70ms p99=198.97ms err=0
[status] PUB sent=2240644 itps=0.00 tps=623.28 pubs=4000 err=0 | SUB recv=2240294 itps=0.00 tps=623.19 p50=35.46ms p95=152.70ms p99=198.97ms err=0
[status] PUB sent=2240644 itps=0.00 tps=623.11 pubs=4000 err=0 | SUB recv=2240294 itps=0.00 tps=623.02 p50=35.46ms p95=152.70ms p99=198.97ms err=0
[status] PUB sent=2240644 itps=0.00 tps=622.94 pubs=4000 err=0 | SUB recv=2240294 itps=0.00 tps=622.85 p50=35.46ms p95=152.70ms p99=198.97ms err=0
[status] PUB sent=2240644 itps=0.00 tps=622.76 pubs=4000 err=0 | SUB recv=2240294 itps=0.00 tps=622.67 p50=35.46ms p95=152.70ms p99=198.97ms err=0
[status] PUB sent=2240644 itps=0.00 tps=622.59 pubs=4000 err=0 | SUB recv=2240294 itps=0.00 tps=622.50 p50=35.46ms p95=152.70ms p99=198.97ms err=0
[status] PUB sent=2240644 itps=0.00 tps=622.42 pubs=4000 err=0 | SUB recv=2240294 itps=0.00 tps=622.33 p50=35.46ms p95=152.70ms p99=198.97ms err=0
[status] PUB sent=2240644 itps=0.00 tps=622.24 pubs=4000 err=0 | SUB recv=2240294 itps=0.00 tps=622.16 p50=35.46ms p95=152.70ms p99=198.97ms err=0
[status] PUB sent=2240644 itps=0.00 tps=622.07 pubs=4000 err=0 | SUB recv=2240294 itps=0.00 tps=621.98 p50=35.46ms p95=152.70ms p99=198.97ms err=0
[status] PUB sent=2240644 itps=0.00 tps=621.90 pubs=4000 err=0 | SUB recv=2240294 itps=0.00 tps=621.81 p50=35.46ms p95=152.70ms p99=198.97ms err=0
[status] PUB sent=2240644 itps=0.00 tps=621.73 pubs=4000 err=0 | SUB recv=2240294 itps=0.00 tps=621.64 p50=35.46ms p95=152.70ms p99=198.97ms err=0
[status] PUB sent=2240644 itps=0.00 tps=621.55 pubs=4000 err=0 | SUB recv=2240294 itps=0.00 tps=621.47 p50=35.46ms p95=152.70ms p99=198.97ms err=0
[status] PUB sent=2240644 itps=0.00 tps=621.38 pubs=4000 err=0 | SUB recv=2240294 itps=0.00 tps=621.29 p50=35.46ms p95=152.70ms p99=198.97ms err=0
[status] PUB sent=2240644 itps=0.00 tps=621.21 pubs=4000 err=0 | SUB recv=2240294 itps=0.00 tps=621.12 p50=35.46ms p95=152.70ms p99=198.97ms err=0
[status] PUB sent=2240644 itps=0.00 tps=621.04 pubs=4000 err=0 | SUB recv=2240294 itps=0.00 tps=620.95 p50=35.46ms p95=152.70ms p99=198.97ms err=0
[status] PUB sent=2240644 itps=0.00 tps=620.87 pubs=4000 err=0 | SUB recv=2240294 itps=0.00 tps=620.78 p50=35.46ms p95=152.70ms p99=198.97ms err=0
[status] PUB sent=2240644 itps=0.00 tps=620.69 pubs=4000 err=0 | SUB recv=2240294 itps=0.00 tps=620.60 p50=35.46ms p95=152.70ms p99=198.97ms err=0
[status] PUB sent=2240644 itps=0.00 tps=620.52 pubs=4000 err=0 | SUB recv=2240294 itps=0.00 tps=620.43 p50=35.46ms p95=152.70ms p99=198.97ms err=0
[status] PUB sent=2240644 itps=0.00 tps=620.35 pubs=4000 err=0 | SUB recv=2240294 itps=0.00 tps=620.26 p50=35.46ms p95=152.70ms p99=198.97ms err=0
[status] PUB sent=2240644 itps=0.00 tps=620.18 pubs=4000 err=0 | SUB recv=2240294 itps=0.00 tps=620.09 p50=35.46ms p95=152.70ms p99=198.97ms err=0
[status] PUB sent=2240644 itps=0.00 tps=620.01 pubs=4000 err=0 | SUB recv=2240294 itps=0.00 tps=619.92 p50=35.46ms p95=152.70ms p99=198.97ms err=0
[status] PUB sent=2240644 itps=0.00 tps=619.83 pubs=4000 err=0 | SUB recv=2240294 itps=0.00 tps=619.75 p50=35.46ms p95=152.70ms p99=198.97ms err=0
[status] PUB sent=2240644 itps=0.00 tps=619.66 pubs=4000 err=0 | SUB recv=2240294 itps=0.00 tps=619.57 p50=35.46ms p95=152.70ms p99=198.97ms err=0
[status] PUB sent=2240644 itps=0.00 tps=619.49 pubs=4000 err=0 | SUB recv=2240294 itps=0.00 tps=619.40 p50=35.46ms p95=152.70ms p99=198.97ms err=0
[status] PUB sent=2240644 itps=0.00 tps=619.32 pubs=4000 err=0 | SUB recv=2240294 itps=0.00 tps=619.23 p50=35.46ms p95=152.70ms p99=198.97ms err=0
[status] PUB sent=2240644 itps=0.00 tps=619.15 pubs=4000 err=0 | SUB recv=2240294 itps=0.00 tps=619.06 p50=35.46ms p95=152.70ms p99=198.97ms err=0
[status] PUB sent=2240644 itps=0.00 tps=618.98 pubs=4000 err=0 | SUB recv=2240294 itps=0.00 tps=618.89 p50=35.46ms p95=152.70ms p99=198.97ms err=0
[status] PUB sent=2240644 itps=0.00 tps=618.81 pubs=4000 err=0 | SUB recv=2240294 itps=0.00 tps=618.72 p50=35.46ms p95=152.70ms p99=198.97ms err=0
[status] PUB sent=2240644 itps=0.00 tps=618.64 pubs=4000 err=0 | SUB recv=2240294 itps=0.00 tps=618.55 p50=35.46ms p95=152.70ms p99=198.97ms err=0
[status] PUB sent=2240644 itps=0.00 tps=618.47 pubs=4000 err=0 | SUB recv=2240294 itps=0.00 tps=618.38 p50=35.46ms p95=152.70ms p99=198.97ms err=0
[status] PUB sent=2240644 itps=0.00 tps=618.30 pubs=4000 err=0 | SUB recv=2240294 itps=0.00 tps=618.21 p50=35.46ms p95=152.70ms p99=198.97ms err=0
[status] PUB sent=2240644 itps=0.00 tps=618.13 pubs=4000 err=0 | SUB recv=2240294 itps=0.00 tps=618.04 p50=35.46ms p95=152.70ms p99=198.97ms err=0
[status] PUB sent=2240644 itps=0.00 tps=617.95 pubs=4000 err=0 | SUB recv=2240294 itps=0.00 tps=617.87 p50=35.46ms p95=152.70ms p99=198.97ms err=0
[status] PUB sent=2240644 itps=0.00 tps=617.78 pubs=4000 err=0 | SUB recv=2240294 itps=0.00 tps=617.70 p50=35.46ms p95=152.70ms p99=198.97ms err=0
[status] PUB sent=2240644 itps=0.00 tps=617.61 pubs=4000 err=0 | SUB recv=2240294 itps=0.00 tps=617.53 p50=35.46ms p95=152.70ms p99=198.97ms err=0
[status] PUB sent=2240644 itps=0.00 tps=617.44 pubs=4000 err=0 | SUB recv=2240294 itps=0.00 tps=617.36 p50=35.46ms p95=152.70ms p99=198.97ms err=0
[status] PUB sent=2240644 itps=0.00 tps=617.27 pubs=4000 err=0 | SUB recv=2240294 itps=0.00 tps=617.19 p50=35.46ms p95=152.70ms p99=198.97ms err=0
[status] PUB sent=2240644 itps=0.00 tps=617.10 pubs=4000 err=0 | SUB recv=2240294 itps=0.00 tps=617.02 p50=35.46ms p95=152.70ms p99=198.97ms err=0
[status] PUB sent=2240644 itps=0.00 tps=616.93 pubs=4000 err=0 | SUB recv=2240294 itps=0.00 tps=616.85 p50=35.46ms p95=152.70ms p99=198.97ms err=0
[status] PUB sent=2240644 itps=0.00 tps=616.76 pubs=4000 err=0 | SUB recv=2240294 itps=0.00 tps=616.68 p50=35.46ms p95=152.70ms p99=198.97ms err=0
[status] PUB sent=2240644 itps=0.00 tps=616.59 pubs=4000 err=0 | SUB recv=2240294 itps=0.00 tps=616.51 p50=35.46ms p95=152.70ms p99=198.97ms err=0
[status] PUB sent=2240644 itps=0.00 tps=616.42 pubs=4000 err=0 | SUB recv=2240294 itps=0.00 tps=616.34 p50=35.46ms p95=152.70ms p99=198.97ms err=0
[status] PUB sent=2240644 itps=0.00 tps=616.26 pubs=4000 err=0 | SUB recv=2240294 itps=0.00 tps=616.17 p50=35.46ms p95=152.70ms p99=198.97ms err=0
[status] PUB sent=2240644 itps=0.00 tps=616.09 pubs=4000 err=0 | SUB recv=2240294 itps=0.00 tps=616.00 p50=35.46ms p95=152.70ms p99=198.97ms err=0
[status] PUB sent=2240644 itps=0.00 tps=615.92 pubs=4000 err=0 | SUB recv=2240294 itps=0.00 tps=615.83 p50=35.46ms p95=152.70ms p99=198.97ms err=0
[status] PUB sent=2240644 itps=0.00 tps=615.75 pubs=4000 err=0 | SUB recv=2240294 itps=0.00 tps=615.66 p50=35.46ms p95=152.70ms p99=198.97ms err=0
[status] PUB sent=2240644 itps=0.00 tps=615.58 pubs=4000 err=0 | SUB recv=2240294 itps=0.00 tps=615.49 p50=35.46ms p95=152.70ms p99=198.97ms err=0
[status] PUB sent=2240644 itps=0.00 tps=615.41 pubs=4000 err=0 | SUB recv=2240294 itps=0.00 tps=615.32 p50=35.46ms p95=152.70ms p99=198.97ms err=0
[status] PUB sent=2240644 itps=0.00 tps=615.24 pubs=4000 err=0 | SUB recv=2240294 itps=0.00 tps=615.15 p50=35.46ms p95=152.70ms p99=198.97ms err=0
[status] PUB sent=2240644 itps=0.00 tps=615.07 pubs=4000 err=0 | SUB recv=2240294 itps=0.00 tps=614.98 p50=35.46ms p95=152.70ms p99=198.97ms err=0
[status] PUB sent=2240644 itps=0.00 tps=614.90 pubs=4000 err=0 | SUB recv=2240294 itps=0.00 tps=614.81 p50=35.46ms p95=152.70ms p99=198.97ms err=0
[status] PUB sent=2240644 itps=0.00 tps=614.73 pubs=4000 err=0 | SUB recv=2240294 itps=0.00 tps=614.65 p50=35.46ms p95=152.70ms p99=198.97ms err=0
[status] PUB sent=2240644 itps=0.00 tps=614.56 pubs=4000 err=0 | SUB recv=2240294 itps=0.00 tps=614.48 p50=35.46ms p95=152.70ms p99=198.97ms err=0
[status] PUB sent=2240644 itps=0.00 tps=614.40 pubs=4000 err=0 | SUB recv=2240294 itps=0.00 tps=614.31 p50=35.46ms p95=152.70ms p99=198.97ms err=0
[status] PUB sent=2240644 itps=0.00 tps=614.23 pubs=4000 err=0 | SUB recv=2240294 itps=0.00 tps=614.14 p50=35.46ms p95=152.70ms p99=198.97ms err=0
[status] PUB sent=2240644 itps=0.00 tps=614.06 pubs=4000 err=0 | SUB recv=2240294 itps=0.00 tps=613.97 p50=35.46ms p95=152.70ms p99=198.97ms err=0
[status] PUB sent=2240644 itps=0.00 tps=613.89 pubs=4000 err=0 | SUB recv=2240294 itps=0.00 tps=613.80 p50=35.46ms p95=152.70ms p99=198.97ms err=0
[status] PUB sent=2240644 itps=0.00 tps=613.72 pubs=4000 err=0 | SUB recv=2240294 itps=0.00 tps=613.64 p50=35.46ms p95=152.70ms p99=198.97ms err=0
[status] PUB sent=2240644 itps=0.00 tps=613.55 pubs=4000 err=0 | SUB recv=2240294 itps=0.00 tps=613.47 p50=35.46ms p95=152.70ms p99=198.97ms err=0
[status] PUB sent=2240644 itps=0.00 tps=613.39 pubs=4000 err=0 | SUB recv=2240294 itps=0.00 tps=613.30 p50=35.46ms p95=152.70ms p99=198.97ms err=0
[status] PUB sent=2240644 itps=0.00 tps=613.22 pubs=4000 err=0 | SUB recv=2240294 itps=0.00 tps=613.13 p50=35.46ms p95=152.70ms p99=198.97ms err=0
[status] PUB sent=2240644 itps=0.00 tps=613.05 pubs=4000 err=0 | SUB recv=2240294 itps=0.00 tps=612.96 p50=35.46ms p95=152.70ms p99=198.97ms err=0
[status] PUB sent=2240644 itps=0.00 tps=612.88 pubs=4000 err=0 | SUB recv=2240294 itps=0.00 tps=612.80 p50=35.46ms p95=152.70ms p99=198.97ms err=0
[status] PUB sent=2240644 itps=0.00 tps=612.72 pubs=4000 err=0 | SUB recv=2240294 itps=0.00 tps=612.63 p50=35.46ms p95=152.70ms p99=198.97ms err=0
[status] PUB sent=2240644 itps=0.00 tps=612.55 pubs=4000 err=0 | SUB recv=2240294 itps=0.00 tps=612.46 p50=35.46ms p95=152.70ms p99=198.97ms err=0
[status] PUB sent=2240644 itps=0.00 tps=612.38 pubs=4000 err=0 | SUB recv=2240294 itps=0.00 tps=612.29 p50=35.46ms p95=152.70ms p99=198.97ms err=0
[status] PUB sent=2240644 itps=0.00 tps=612.21 pubs=4000 err=0 | SUB recv=2240294 itps=0.00 tps=612.13 p50=35.46ms p95=152.70ms p99=198.97ms err=0
[status] PUB sent=2240644 itps=0.00 tps=611.88 pubs=4000 err=0 | SUB recv=2240294 itps=0.00 tps=611.79 p50=35.46ms p95=152.70ms p99=198.97ms err=0
[status] PUB sent=2240644 itps=0.00 tps=611.71 pubs=4000 err=0 | SUB recv=2240294 itps=0.00 tps=611.62 p50=35.46ms p95=152.70ms p99=198.97ms err=0
[status] PUB sent=2240644 itps=0.00 tps=611.55 pubs=4000 err=0 | SUB recv=2240294 itps=0.00 tps=611.46 p50=35.46ms p95=152.70ms p99=198.97ms err=0
[status] PUB sent=2240644 itps=0.00 tps=611.38 pubs=4000 err=0 | SUB recv=2240294 itps=0.00 tps=611.29 p50=35.46ms p95=152.70ms p99=198.97ms err=0
[status] PUB sent=2240644 itps=0.00 tps=611.21 pubs=4000 err=0 | SUB recv=2240294 itps=0.00 tps=611.12 p50=35.46ms p95=152.70ms p99=198.97ms err=0
[status] PUB sent=2240644 itps=0.00 tps=611.05 pubs=4000 err=0 | SUB recv=2240294 itps=0.00 tps=610.96 p50=35.46ms p95=152.70ms p99=198.97ms err=0
[status] PUB sent=2240644 itps=0.00 tps=610.88 pubs=4000 err=0 | SUB recv=2240294 itps=0.00 tps=610.79 p50=35.46ms p95=152.70ms p99=198.97ms err=0
[status] PUB sent=2240644 itps=0.00 tps=610.71 pubs=4000 err=0 | SUB recv=2240294 itps=0.00 tps=610.62 p50=35.46ms p95=152.70ms p99=198.97ms err=0
[status] PUB sent=2240644 itps=0.00 tps=610.55 pubs=4000 err=0 | SUB recv=2240294 itps=0.00 tps=610.46 p50=35.46ms p95=152.70ms p99=198.97ms err=0
[status] PUB sent=2240644 itps=0.00 tps=610.38 pubs=4000 err=0 | SUB recv=2240294 itps=0.00 tps=610.29 p50=35.46ms p95=152.70ms p99=198.97ms err=0
[status] PUB sent=2240644 itps=0.00 tps=610.21 pubs=4000 err=0 | SUB recv=2240294 itps=0.00 tps=610.13 p50=35.46ms p95=152.70ms p99=198.97ms err=0
[status] PUB sent=2240644 itps=0.00 tps=610.05 pubs=4000 err=0 | SUB recv=2240294 itps=0.00 tps=609.96 p50=35.46ms p95=152.70ms p99=198.97ms err=0
[status] PUB sent=2240644 itps=0.00 tps=609.88 pubs=4000 err=0 | SUB recv=2240294 itps=0.00 tps=609.79 p50=35.46ms p95=152.70ms p99=198.97ms err=0
[status] PUB sent=2240644 itps=0.00 tps=609.71 pubs=4000 err=0 | SUB recv=2240294 itps=0.00 tps=609.63 p50=35.46ms p95=152.70ms p99=198.97ms err=0
[status] PUB sent=2240644 itps=0.00 tps=609.55 pubs=4000 err=0 | SUB recv=2240294 itps=0.00 tps=609.46 p50=35.46ms p95=152.70ms p99=198.97ms err=0
[status] PUB sent=2240644 itps=0.00 tps=609.38 pubs=4000 err=0 | SUB recv=2240294 itps=0.00 tps=609.30 p50=35.46ms p95=152.70ms p99=198.97ms err=0
[status] PUB sent=2240644 itps=0.00 tps=609.22 pubs=4000 err=0 | SUB recv=2240294 itps=0.00 tps=609.13 p50=35.46ms p95=152.70ms p99=198.97ms err=0
[status] PUB sent=2240644 itps=0.00 tps=609.05 pubs=4000 err=0 | SUB recv=2240294 itps=0.00 tps=608.96 p50=35.46ms p95=152.70ms p99=198.97ms err=0
[status] PUB sent=2240644 itps=0.00 tps=608.89 pubs=4000 err=0 | SUB recv=2240294 itps=0.00 tps=608.80 p50=35.46ms p95=152.70ms p99=198.97ms err=0
[status] PUB sent=2240644 itps=0.00 tps=608.72 pubs=4000 err=0 | SUB recv=2240294 itps=0.00 tps=608.63 p50=35.46ms p95=152.70ms p99=198.97ms err=0
[status] PUB sent=2240644 itps=0.00 tps=608.56 pubs=4000 err=0 | SUB recv=2240294 itps=0.00 tps=608.47 p50=35.46ms p95=152.70ms p99=198.97ms err=0
[status] PUB sent=2240644 itps=0.00 tps=608.39 pubs=4000 err=0 | SUB recv=2240294 itps=0.00 tps=608.30 p50=35.46ms p95=152.70ms p99=198.97ms err=0
[status] PUB sent=2240644 itps=0.00 tps=608.23 pubs=4000 err=0 | SUB recv=2240294 itps=0.00 tps=608.14 p50=35.46ms p95=152.70ms p99=198.97ms err=0
[status] PUB sent=2240644 itps=0.00 tps=608.06 pubs=4000 err=0 | SUB recv=2240294 itps=0.00 tps=607.97 p50=35.46ms p95=152.70ms p99=198.97ms err=0
[status] PUB sent=2240644 itps=0.00 tps=607.90 pubs=4000 err=0 | SUB recv=2240294 itps=0.00 tps=607.81 p50=35.46ms p95=152.70ms p99=198.97ms err=0
[status] PUB sent=2240644 itps=0.00 tps=607.73 pubs=4000 err=0 | SUB recv=2240294 itps=0.00 tps=607.64 p50=35.46ms p95=152.70ms p99=198.97ms err=0
[status] PUB sent=2240644 itps=0.00 tps=607.57 pubs=4000 err=0 | SUB recv=2240294 itps=0.00 tps=607.48 p50=35.46ms p95=152.70ms p99=198.97ms err=0
[status] PUB sent=2240644 itps=0.00 tps=607.40 pubs=4000 err=0 | SUB recv=2240294 itps=0.00 tps=607.31 p50=35.46ms p95=152.70ms p99=198.97ms err=0
[status] PUB sent=2240644 itps=0.00 tps=607.24 pubs=4000 err=0 | SUB recv=2240294 itps=0.00 tps=607.15 p50=35.46ms p95=152.70ms p99=198.97ms err=0
[status] PUB sent=2240644 itps=0.00 tps=607.07 pubs=4000 err=0 | SUB recv=2240294 itps=0.00 tps=606.98 p50=35.46ms p95=152.70ms p99=198.97ms err=0
[status] PUB sent=2240644 itps=0.00 tps=606.91 pubs=4000 err=0 | SUB recv=2240294 itps=0.00 tps=606.82 p50=35.46ms p95=152.70ms p99=198.97ms err=0
[status] PUB sent=2240644 itps=0.00 tps=606.74 pubs=4000 err=0 | SUB recv=2240294 itps=0.00 tps=606.66 p50=35.46ms p95=152.70ms p99=198.97ms err=0
[status] PUB sent=2240644 itps=0.00 tps=606.58 pubs=4000 err=0 | SUB recv=2240294 itps=0.00 tps=606.49 p50=35.46ms p95=152.70ms p99=198.97ms err=0
[status] PUB sent=2240644 itps=0.00 tps=606.41 pubs=4000 err=0 | SUB recv=2240294 itps=0.00 tps=606.33 p50=35.46ms p95=152.70ms p99=198.97ms err=0
[status] PUB sent=2240644 itps=0.00 tps=606.25 pubs=4000 err=0 | SUB recv=2240294 itps=0.00 tps=606.16 p50=35.46ms p95=152.70ms p99=198.97ms err=0
[status] PUB sent=2240644 itps=0.00 tps=606.09 pubs=4000 err=0 | SUB recv=2240294 itps=0.00 tps=606.00 p50=35.46ms p95=152.70ms p99=198.97ms err=0
[status] PUB sent=2240644 itps=0.00 tps=605.92 pubs=4000 err=0 | SUB recv=2240294 itps=0.00 tps=605.84 p50=35.46ms p95=152.70ms p99=198.97ms err=0
[status] PUB sent=2240644 itps=0.00 tps=605.76 pubs=4000 err=0 | SUB recv=2240294 itps=0.00 tps=605.67 p50=35.46ms p95=152.70ms p99=198.97ms err=0
[status] PUB sent=2240644 itps=0.00 tps=605.60 pubs=4000 err=0 | SUB recv=2240294 itps=0.00 tps=605.51 p50=35.46ms p95=152.70ms p99=198.97ms err=0
[status] PUB sent=2240644 itps=0.00 tps=605.43 pubs=4000 err=0 | SUB recv=2240294 itps=0.00 tps=605.34 p50=35.46ms p95=152.70ms p99=198.97ms err=0
[status] PUB sent=2240644 itps=0.00 tps=605.27 pubs=4000 err=0 | SUB recv=2240294 itps=0.00 tps=605.18 p50=35.46ms p95=152.70ms p99=198.97ms err=0
[status] PUB sent=2240644 itps=0.00 tps=605.10 pubs=4000 err=0 | SUB recv=2240294 itps=0.00 tps=605.02 p50=35.46ms p95=152.70ms p99=198.97ms err=0
[status] PUB sent=2240644 itps=0.00 tps=604.94 pubs=4000 err=0 | SUB recv=2240294 itps=0.00 tps=604.85 p50=35.46ms p95=152.70ms p99=198.97ms err=0
[status] PUB sent=2240644 itps=0.00 tps=604.78 pubs=4000 err=0 | SUB recv=2240294 itps=0.00 tps=604.69 p50=35.46ms p95=152.70ms p99=198.97ms err=0
[status] PUB sent=2240644 itps=0.00 tps=604.61 pubs=4000 err=0 | SUB recv=2240294 itps=0.00 tps=604.53 p50=35.46ms p95=152.70ms p99=198.97ms err=0
[status] PUB sent=2240644 itps=0.00 tps=604.45 pubs=4000 err=0 | SUB recv=2240294 itps=0.00 tps=604.36 p50=35.46ms p95=152.70ms p99=198.97ms err=0
[status] PUB sent=2240644 itps=0.00 tps=604.29 pubs=4000 err=0 | SUB recv=2240294 itps=0.00 tps=604.20 p50=35.46ms p95=152.70ms p99=198.97ms err=0
[status] PUB sent=2240644 itps=0.00 tps=604.13 pubs=4000 err=0 | SUB recv=2240294 itps=0.00 tps=604.04 p50=35.46ms p95=152.70ms p99=198.97ms err=0
[status] PUB sent=2240644 itps=0.00 tps=603.96 pubs=4000 err=0 | SUB recv=2240294 itps=0.00 tps=603.88 p50=35.46ms p95=152.70ms p99=198.97ms err=0
[status] PUB sent=2240644 itps=0.00 tps=603.80 pubs=4000 err=0 | SUB recv=2240294 itps=0.00 tps=603.71 p50=35.46ms p95=152.70ms p99=198.97ms err=0
[status] PUB sent=2240644 itps=0.00 tps=603.64 pubs=4000 err=0 | SUB recv=2240294 itps=0.00 tps=603.55 p50=35.46ms p95=152.70ms p99=198.97ms err=0
[status] PUB sent=2240644 itps=0.00 tps=603.47 pubs=4000 err=0 | SUB recv=2240294 itps=0.00 tps=603.39 p50=35.46ms p95=152.70ms p99=198.97ms err=0
[status] PUB sent=2240644 itps=0.00 tps=603.31 pubs=4000 err=0 | SUB recv=2240294 itps=0.00 tps=603.23 p50=35.46ms p95=152.70ms p99=198.97ms err=0
[status] PUB sent=2240644 itps=0.00 tps=603.15 pubs=4000 err=0 | SUB recv=2240294 itps=0.00 tps=603.06 p50=35.46ms p95=152.70ms p99=198.97ms err=0
[status] PUB sent=2240644 itps=0.00 tps=602.99 pubs=4000 err=0 | SUB recv=2240294 itps=0.00 tps=602.90 p50=35.46ms p95=152.70ms p99=198.97ms err=0
[status] PUB sent=2240644 itps=0.00 tps=602.83 pubs=4000 err=0 | SUB recv=2240294 itps=0.00 tps=602.74 p50=35.46ms p95=152.70ms p99=198.97ms err=0
[status] PUB sent=2240644 itps=0.00 tps=602.66 pubs=4000 err=0 | SUB recv=2240294 itps=0.00 tps=602.58 p50=35.46ms p95=152.70ms p99=198.97ms err=0
[status] PUB sent=2240644 itps=0.00 tps=602.50 pubs=4000 err=0 | SUB recv=2240294 itps=0.00 tps=602.41 p50=35.46ms p95=152.70ms p99=198.97ms err=0
[status] PUB sent=2240644 itps=0.00 tps=602.34 pubs=4000 err=0 | SUB recv=2240294 itps=0.00 tps=602.25 p50=35.46ms p95=152.70ms p99=198.97ms err=0
[status] PUB sent=2240644 itps=0.00 tps=602.18 pubs=4000 err=0 | SUB recv=2240294 itps=0.00 tps=602.09 p50=35.46ms p95=152.70ms p99=198.97ms err=0
[status] PUB sent=2240644 itps=0.00 tps=602.02 pubs=4000 err=0 | SUB recv=2240294 itps=0.00 tps=601.93 p50=35.46ms p95=152.70ms p99=198.97ms err=0
[status] PUB sent=2240644 itps=0.00 tps=601.85 pubs=4000 err=0 | SUB recv=2240294 itps=0.00 tps=601.77 p50=35.46ms p95=152.70ms p99=198.97ms err=0
[status] PUB sent=2240644 itps=0.00 tps=601.69 pubs=4000 err=0 | SUB recv=2240294 itps=0.00 tps=601.61 p50=35.46ms p95=152.70ms p99=198.97ms err=0
[status] PUB sent=2240644 itps=0.00 tps=601.53 pubs=4000 err=0 | SUB recv=2240294 itps=0.00 tps=601.44 p50=35.46ms p95=152.70ms p99=198.97ms err=0
[status] PUB sent=2240644 itps=0.00 tps=601.21 pubs=4000 err=0 | SUB recv=2240294 itps=0.00 tps=601.12 p50=35.46ms p95=152.70ms p99=198.97ms err=0
[status] PUB sent=2240644 itps=0.00 tps=601.05 pubs=4000 err=0 | SUB recv=2240294 itps=0.00 tps=600.96 p50=35.46ms p95=152.70ms p99=198.97ms err=0
[status] PUB sent=2240644 itps=0.00 tps=600.89 pubs=4000 err=0 | SUB recv=2240294 itps=0.00 tps=600.80 p50=35.46ms p95=152.70ms p99=198.97ms err=0
[status] PUB sent=2240644 itps=0.00 tps=600.72 pubs=4000 err=0 | SUB recv=2240294 itps=0.00 tps=600.64 p50=35.46ms p95=152.70ms p99=198.97ms err=0
[status] PUB sent=2240644 itps=0.00 tps=600.56 pubs=4000 err=0 | SUB recv=2240294 itps=0.00 tps=600.48 p50=35.46ms p95=152.70ms p99=198.97ms err=0
[status] PUB sent=2240644 itps=0.00 tps=600.40 pubs=4000 err=0 | SUB recv=2240294 itps=0.00 tps=600.32 p50=35.46ms p95=152.70ms p99=198.97ms err=0
[status] PUB sent=2240644 itps=0.00 tps=600.24 pubs=4000 err=0 | SUB recv=2240294 itps=0.00 tps=600.16 p50=35.46ms p95=152.70ms p99=198.97ms err=0
[status] PUB sent=2240644 itps=0.00 tps=600.08 pubs=4000 err=0 | SUB recv=2240294 itps=0.00 tps=599.99 p50=35.46ms p95=152.70ms p99=198.97ms err=0
[status] PUB sent=2240644 itps=0.00 tps=599.92 pubs=4000 err=0 | SUB recv=2240294 itps=0.00 tps=599.83 p50=35.46ms p95=152.70ms p99=198.97ms err=0
[status] PUB sent=2240644 itps=0.00 tps=599.76 pubs=4000 err=0 | SUB recv=2240294 itps=0.00 tps=599.67 p50=35.46ms p95=152.70ms p99=198.97ms err=0
[status] PUB sent=2240644 itps=0.00 tps=599.60 pubs=4000 err=0 | SUB recv=2240294 itps=0.00 tps=599.51 p50=35.46ms p95=152.70ms p99=198.97ms err=0
[status] PUB sent=2240644 itps=0.00 tps=599.44 pubs=4000 err=0 | SUB recv=2240294 itps=0.00 tps=599.35 p50=35.46ms p95=152.70ms p99=198.97ms err=0
[status] PUB sent=2240644 itps=0.00 tps=599.28 pubs=4000 err=0 | SUB recv=2240294 itps=0.00 tps=599.19 p50=35.46ms p95=152.70ms p99=198.97ms err=0
[status] PUB sent=2240644 itps=0.00 tps=599.12 pubs=4000 err=0 | SUB recv=2240294 itps=0.00 tps=599.03 p50=35.46ms p95=152.70ms p99=198.97ms err=0
[status] PUB sent=2240644 itps=0.00 tps=598.96 pubs=4000 err=0 | SUB recv=2240294 itps=0.00 tps=598.87 p50=35.46ms p95=152.70ms p99=198.97ms err=0
[status] PUB sent=2240644 itps=0.00 tps=598.80 pubs=4000 err=0 | SUB recv=2240294 itps=0.00 tps=598.71 p50=35.46ms p95=152.70ms p99=198.97ms err=0
[status] PUB sent=2240644 itps=0.00 tps=598.64 pubs=4000 err=0 | SUB recv=2240294 itps=0.00 tps=598.55 p50=35.46ms p95=152.70ms p99=198.97ms err=0
[status] PUB sent=2240644 itps=0.00 tps=598.48 pubs=4000 err=0 | SUB recv=2240294 itps=0.00 tps=598.39 p50=35.46ms p95=152.70ms p99=198.97ms err=0
[status] PUB sent=2240644 itps=0.00 tps=598.32 pubs=4000 err=0 | SUB recv=2240294 itps=0.00 tps=598.23 p50=35.46ms p95=152.70ms p99=198.97ms err=0
[status] PUB sent=2240644 itps=0.00 tps=598.16 pubs=4000 err=0 | SUB recv=2240294 itps=0.00 tps=598.07 p50=35.46ms p95=152.70ms p99=198.97ms err=0
[status] PUB sent=2240644 itps=0.00 tps=598.00 pubs=4000 err=0 | SUB recv=2240294 itps=0.00 tps=597.91 p50=35.46ms p95=152.70ms p99=198.97ms err=0
[status] PUB sent=2240644 itps=0.00 tps=597.84 pubs=4000 err=0 | SUB recv=2240294 itps=0.00 tps=597.75 p50=35.46ms p95=152.70ms p99=198.97ms err=0
[status] PUB sent=2240644 itps=0.00 tps=597.68 pubs=4000 err=0 | SUB recv=2240294 itps=0.00 tps=597.59 p50=35.46ms p95=152.70ms p99=198.97ms err=0
[status] PUB sent=2240644 itps=0.00 tps=597.52 pubs=4000 err=0 | SUB recv=2240294 itps=0.00 tps=597.43 p50=35.46ms p95=152.70ms p99=198.97ms err=0
[status] PUB sent=2240644 itps=0.00 tps=597.36 pubs=4000 err=0 | SUB recv=2240294 itps=0.00 tps=597.28 p50=35.46ms p95=152.70ms p99=198.97ms err=0
[status] PUB sent=2240644 itps=0.00 tps=597.20 pubs=4000 err=0 | SUB recv=2240294 itps=0.00 tps=597.12 p50=35.46ms p95=152.70ms p99=198.97ms err=0
[status] PUB sent=2240644 itps=0.00 tps=597.04 pubs=4000 err=0 | SUB recv=2240294 itps=0.00 tps=596.96 p50=35.46ms p95=152.70ms p99=198.97ms err=0
[status] PUB sent=2240644 itps=0.00 tps=596.88 pubs=4000 err=0 | SUB recv=2240294 itps=0.00 tps=596.80 p50=35.46ms p95=152.70ms p99=198.97ms err=0
[status] PUB sent=2240644 itps=0.00 tps=596.72 pubs=4000 err=0 | SUB recv=2240294 itps=0.00 tps=596.64 p50=35.46ms p95=152.70ms p99=198.97ms err=0
[status] PUB sent=2240644 itps=0.00 tps=596.57 pubs=4000 err=0 | SUB recv=2240294 itps=0.00 tps=596.48 p50=35.46ms p95=152.70ms p99=198.97ms err=0
[status] PUB sent=2240644 itps=0.00 tps=596.41 pubs=4000 err=0 | SUB recv=2240294 itps=0.00 tps=596.32 p50=35.46ms p95=152.70ms p99=198.97ms err=0
[status] PUB sent=2240644 itps=0.00 tps=596.25 pubs=4000 err=0 | SUB recv=2240294 itps=0.00 tps=596.16 p50=35.46ms p95=152.70ms p99=198.97ms err=0
[status] PUB sent=2240644 itps=0.00 tps=596.09 pubs=4000 err=0 | SUB recv=2240294 itps=0.00 tps=596.00 p50=35.46ms p95=152.70ms p99=198.97ms err=0
[status] PUB sent=2240644 itps=0.00 tps=595.93 pubs=4000 err=0 | SUB recv=2240294 itps=0.00 tps=595.85 p50=35.46ms p95=152.70ms p99=198.97ms err=0
[status] PUB sent=2240644 itps=0.00 tps=595.77 pubs=4000 err=0 | SUB recv=2240294 itps=0.00 tps=595.69 p50=35.46ms p95=152.70ms p99=198.97ms err=0
[status] PUB sent=2240644 itps=0.00 tps=595.61 pubs=4000 err=0 | SUB recv=2240294 itps=0.00 tps=595.53 p50=35.46ms p95=152.70ms p99=198.97ms err=0
[status] PUB sent=2240644 itps=0.00 tps=595.46 pubs=4000 err=0 | SUB recv=2240294 itps=0.00 tps=595.37 p50=35.46ms p95=152.70ms p99=198.97ms err=0
[status] PUB sent=2240644 itps=0.00 tps=595.30 pubs=4000 err=0 | SUB recv=2240294 itps=0.00 tps=595.21 p50=35.46ms p95=152.70ms p99=198.97ms err=0
[status] PUB sent=2240644 itps=0.00 tps=595.14 pubs=4000 err=0 | SUB recv=2240294 itps=0.00 tps=595.05 p50=35.46ms p95=152.70ms p99=198.97ms err=0
[status] PUB sent=2240644 itps=0.00 tps=594.98 pubs=4000 err=0 | SUB recv=2240294 itps=0.00 tps=594.90 p50=35.46ms p95=152.70ms p99=198.97ms err=0
[status] PUB sent=2240644 itps=0.00 tps=594.82 pubs=4000 err=0 | SUB recv=2240294 itps=0.00 tps=594.74 p50=35.46ms p95=152.70ms p99=198.97ms err=0
[status] PUB sent=2240644 itps=0.00 tps=594.67 pubs=4000 err=0 | SUB recv=2240294 itps=0.00 tps=594.58 p50=35.46ms p95=152.70ms p99=198.97ms err=0
[status] PUB sent=2240644 itps=0.00 tps=594.51 pubs=4000 err=0 | SUB recv=2240294 itps=0.00 tps=594.42 p50=35.46ms p95=152.70ms p99=198.97ms err=0
[status] PUB sent=2240644 itps=0.00 tps=594.35 pubs=4000 err=0 | SUB recv=2240294 itps=0.00 tps=594.26 p50=35.46ms p95=152.70ms p99=198.97ms err=0
[status] PUB sent=2240644 itps=0.00 tps=594.19 pubs=4000 err=0 | SUB recv=2240294 itps=0.00 tps=594.11 p50=35.46ms p95=152.70ms p99=198.97ms err=0
[status] PUB sent=2240644 itps=0.00 tps=594.04 pubs=4000 err=0 | SUB recv=2240294 itps=0.00 tps=593.95 p50=35.46ms p95=152.70ms p99=198.97ms err=0
[status] PUB sent=2240644 itps=0.00 tps=593.88 pubs=4000 err=0 | SUB recv=2240294 itps=0.00 tps=593.79 p50=35.46ms p95=152.70ms p99=198.97ms err=0
[status] PUB sent=2240644 itps=0.00 tps=593.72 pubs=4000 err=0 | SUB recv=2240294 itps=0.00 tps=593.64 p50=35.46ms p95=152.70ms p99=198.97ms err=0
[status] PUB sent=2240644 itps=0.00 tps=593.56 pubs=4000 err=0 | SUB recv=2240294 itps=0.00 tps=593.48 p50=35.46ms p95=152.70ms p99=198.97ms err=0
[status] PUB sent=2240644 itps=0.00 tps=593.41 pubs=4000 err=0 | SUB recv=2240294 itps=0.00 tps=593.32 p50=35.46ms p95=152.70ms p99=198.97ms err=0
[status] PUB sent=2240644 itps=0.00 tps=593.25 pubs=4000 err=0 | SUB recv=2240294 itps=0.00 tps=593.16 p50=35.46ms p95=152.70ms p99=198.97ms err=0
[status] PUB sent=2240644 itps=0.00 tps=593.09 pubs=4000 err=0 | SUB recv=2240294 itps=0.00 tps=593.01 p50=35.46ms p95=152.70ms p99=198.97ms err=0
[status] PUB sent=2240644 itps=0.00 tps=592.93 pubs=4000 err=0 | SUB recv=2240294 itps=0.00 tps=592.85 p50=35.46ms p95=152.70ms p99=198.97ms err=0
[status] PUB sent=2240644 itps=0.00 tps=592.78 pubs=4000 err=0 | SUB recv=2240294 itps=0.00 tps=592.69 p50=35.46ms p95=152.70ms p99=198.97ms err=0
[status] PUB sent=2240644 itps=0.00 tps=592.62 pubs=4000 err=0 | SUB recv=2240294 itps=0.00 tps=592.54 p50=35.46ms p95=152.70ms p99=198.97ms err=0
[status] PUB sent=2240644 itps=0.00 tps=592.46 pubs=4000 err=0 | SUB recv=2240294 itps=0.00 tps=592.38 p50=35.46ms p95=152.70ms p99=198.97ms err=0
[status] PUB sent=2240644 itps=0.00 tps=592.31 pubs=4000 err=0 | SUB recv=2240294 itps=0.00 tps=592.22 p50=35.46ms p95=152.70ms p99=198.97ms err=0
[status] PUB sent=2240644 itps=0.00 tps=592.15 pubs=4000 err=0 | SUB recv=2240294 itps=0.00 tps=592.07 p50=35.46ms p95=152.70ms p99=198.97ms err=0
[status] PUB sent=2240644 itps=0.00 tps=591.99 pubs=4000 err=0 | SUB recv=2240294 itps=0.00 tps=591.91 p50=35.46ms p95=152.70ms p99=198.97ms err=0
[status] PUB sent=2240644 itps=0.00 tps=591.84 pubs=4000 err=0 | SUB recv=2240294 itps=0.00 tps=591.75 p50=35.46ms p95=152.70ms p99=198.97ms err=0
[status] PUB sent=2240644 itps=0.00 tps=591.68 pubs=4000 err=0 | SUB recv=2240294 itps=0.00 tps=591.60 p50=35.46ms p95=152.70ms p99=198.97ms err=0
[status] PUB sent=2240644 itps=0.00 tps=591.53 pubs=4000 err=0 | SUB recv=2240294 itps=0.00 tps=591.44 p50=35.46ms p95=152.70ms p99=198.97ms err=0
[status] PUB sent=2240644 itps=0.00 tps=591.37 pubs=4000 err=0 | SUB recv=2240294 itps=0.00 tps=591.28 p50=35.46ms p95=152.70ms p99=198.97ms err=0
[status] PUB sent=2240644 itps=0.00 tps=591.21 pubs=4000 err=0 | SUB recv=2240294 itps=0.00 tps=590.97 p50=35.46ms p95=152.70ms p99=198.97ms err=0
[status] PUB sent=2240644 itps=0.00 tps=590.90 pubs=4000 err=0 | SUB recv=2240294 itps=0.00 tps=590.82 p50=35.46ms p95=152.70ms p99=198.97ms err=0
[status] PUB sent=2240644 itps=0.00 tps=590.75 pubs=4000 err=0 | SUB recv=2240294 itps=0.00 tps=590.66 p50=35.46ms p95=152.70ms p99=198.97ms err=0
[status] PUB sent=2240644 itps=0.00 tps=590.59 pubs=4000 err=0 | SUB recv=2240294 itps=0.00 tps=590.51 p50=35.46ms p95=152.70ms p99=198.97ms err=0
[status] PUB sent=2240644 itps=0.00 tps=590.43 pubs=4000 err=0 | SUB recv=2240294 itps=0.00 tps=590.35 p50=35.46ms p95=152.70ms p99=198.97ms err=0
[status] PUB sent=2240644 itps=0.00 tps=590.28 pubs=4000 err=0 | SUB recv=2240294 itps=0.00 tps=590.19 p50=35.46ms p95=152.70ms p99=198.97ms err=0
[status] PUB sent=2240644 itps=0.00 tps=590.12 pubs=4000 err=0 | SUB recv=2240294 itps=0.00 tps=590.04 p50=35.46ms p95=152.70ms p99=198.97ms err=0
[status] PUB sent=2240644 itps=0.00 tps=589.97 pubs=4000 err=0 | SUB recv=2240294 itps=0.00 tps=589.88 p50=35.46ms p95=152.70ms p99=198.97ms err=0
[status] PUB sent=2240644 itps=0.00 tps=589.81 pubs=4000 err=0 | SUB recv=2240294 itps=0.00 tps=589.73 p50=35.46ms p95=152.70ms p99=198.97ms err=0
[status] PUB sent=2240644 itps=0.00 tps=589.66 pubs=4000 err=0 | SUB recv=2240294 itps=0.00 tps=589.57 p50=35.46ms p95=152.70ms p99=198.97ms err=0
[status] PUB sent=2240644 itps=0.00 tps=589.50 pubs=4000 err=0 | SUB recv=2240294 itps=0.00 tps=589.42 p50=35.46ms p95=152.70ms p99=198.97ms err=0
[status] PUB sent=2240644 itps=0.00 tps=589.35 pubs=4000 err=0 | SUB recv=2240294 itps=0.00 tps=589.26 p50=35.46ms p95=152.70ms p99=198.97ms err=0
[status] PUB sent=2240644 itps=0.00 tps=589.19 pubs=4000 err=0 | SUB recv=2240294 itps=0.00 tps=589.11 p50=35.46ms p95=152.70ms p99=198.97ms err=0
[status] PUB sent=2240644 itps=0.00 tps=589.04 pubs=4000 err=0 | SUB recv=2240294 itps=0.00 tps=588.95 p50=35.46ms p95=152.70ms p99=198.97ms err=0
[status] PUB sent=2240644 itps=0.00 tps=588.88 pubs=4000 err=0 | SUB recv=2240294 itps=0.00 tps=588.80 p50=35.46ms p95=152.70ms p99=198.97ms err=0
[status] PUB sent=2240644 itps=0.00 tps=588.73 pubs=4000 err=0 | SUB recv=2240294 itps=0.00 tps=588.64 p50=35.46ms p95=152.70ms p99=198.97ms err=0
[status] PUB sent=2240644 itps=0.00 tps=588.57 pubs=4000 err=0 | SUB recv=2240294 itps=0.00 tps=588.49 p50=35.46ms p95=152.70ms p99=198.97ms err=0
[status] PUB sent=2240644 itps=0.00 tps=588.42 pubs=4000 err=0 | SUB recv=2240294 itps=0.00 tps=588.33 p50=35.46ms p95=152.70ms p99=198.97ms err=0
[status] PUB sent=2240644 itps=0.00 tps=588.26 pubs=4000 err=0 | SUB recv=2240294 itps=0.00 tps=588.18 p50=35.46ms p95=152.70ms p99=198.97ms err=0
[status] PUB sent=2240644 itps=0.00 tps=588.11 pubs=4000 err=0 | SUB recv=2240294 itps=0.00 tps=588.03 p50=35.46ms p95=152.70ms p99=198.97ms err=0
[status] PUB sent=2240644 itps=0.00 tps=587.96 pubs=4000 err=0 | SUB recv=2240294 itps=0.00 tps=587.87 p50=35.46ms p95=152.70ms p99=198.97ms err=0
[status] PUB sent=2240644 itps=0.00 tps=587.80 pubs=4000 err=0 | SUB recv=2240294 itps=0.00 tps=587.72 p50=35.46ms p95=152.70ms p99=198.97ms err=0
[status] PUB sent=2240644 itps=0.00 tps=587.65 pubs=4000 err=0 | SUB recv=2240294 itps=0.00 tps=587.56 p50=35.46ms p95=152.70ms p99=198.97ms err=0
[status] PUB sent=2240644 itps=0.00 tps=587.49 pubs=4000 err=0 | SUB recv=2240294 itps=0.00 tps=587.41 p50=35.46ms p95=152.70ms p99=198.97ms err=0
[status] PUB sent=2240644 itps=0.00 tps=587.34 pubs=4000 err=0 | SUB recv=2240294 itps=0.00 tps=587.26 p50=35.46ms p95=152.70ms p99=198.97ms err=0
[status] PUB sent=2240644 itps=0.00 tps=587.19 pubs=4000 err=0 | SUB recv=2240294 itps=0.00 tps=587.10 p50=35.46ms p95=152.70ms p99=198.97ms err=0
[status] PUB sent=2240644 itps=0.00 tps=587.03 pubs=4000 err=0 | SUB recv=2240294 itps=0.00 tps=586.95 p50=35.46ms p95=152.70ms p99=198.97ms err=0
[status] PUB sent=2240644 itps=0.00 tps=586.88 pubs=4000 err=0 | SUB recv=2240294 itps=0.00 tps=586.79 p50=35.46ms p95=152.70ms p99=198.97ms err=0
[status] PUB sent=2240644 itps=0.00 tps=586.72 pubs=4000 err=0 | SUB recv=2240294 itps=0.00 tps=586.64 p50=35.46ms p95=152.70ms p99=198.97ms err=0
[status] PUB sent=2240644 itps=0.00 tps=586.57 pubs=4000 err=0 | SUB recv=2240294 itps=0.00 tps=586.49 p50=35.46ms p95=152.70ms p99=198.97ms err=0
[status] PUB sent=2240644 itps=0.00 tps=586.42 pubs=4000 err=0 | SUB recv=2240294 itps=0.00 tps=586.33 p50=35.46ms p95=152.70ms p99=198.97ms err=0
[status] PUB sent=2240644 itps=0.00 tps=586.26 pubs=4000 err=0 | SUB recv=2240294 itps=0.00 tps=586.18 p50=35.46ms p95=152.70ms p99=198.97ms err=0
[status] PUB sent=2240644 itps=0.00 tps=586.11 pubs=4000 err=0 | SUB recv=2240294 itps=0.00 tps=586.03 p50=35.46ms p95=152.70ms p99=198.97ms err=0
[status] PUB sent=2240644 itps=0.00 tps=585.96 pubs=4000 err=0 | SUB recv=2240294 itps=0.00 tps=585.87 p50=35.46ms p95=152.70ms p99=198.97ms err=0
[status] PUB sent=2240644 itps=0.00 tps=585.80 pubs=4000 err=0 | SUB recv=2240294 itps=0.00 tps=585.72 p50=35.46ms p95=152.70ms p99=198.97ms err=0
[status] PUB sent=2240644 itps=0.00 tps=585.65 pubs=4000 err=0 | SUB recv=2240294 itps=0.00 tps=585.57 p50=35.46ms p95=152.70ms p99=198.97ms err=0
[status] PUB sent=2240644 itps=0.00 tps=585.50 pubs=4000 err=0 | SUB recv=2240294 itps=0.00 tps=585.41 p50=35.46ms p95=152.70ms p99=198.97ms err=0
[status] PUB sent=2240644 itps=0.00 tps=585.34 pubs=4000 err=0 | SUB recv=2240294 itps=0.00 tps=585.26 p50=35.46ms p95=152.70ms p99=198.97ms err=0
[status] PUB sent=2240644 itps=0.00 tps=585.19 pubs=4000 err=0 | SUB recv=2240294 itps=0.00 tps=585.11 p50=35.46ms p95=152.70ms p99=198.97ms err=0
[status] PUB sent=2240644 itps=0.00 tps=585.04 pubs=4000 err=0 | SUB recv=2240294 itps=0.00 tps=584.95 p50=35.46ms p95=152.70ms p99=198.97ms err=0
[status] PUB sent=2240644 itps=0.00 tps=584.89 pubs=4000 err=0 | SUB recv=2240294 itps=0.00 tps=584.80 p50=35.46ms p95=152.70ms p99=198.97ms err=0
[status] PUB sent=2240644 itps=0.00 tps=584.73 pubs=4000 err=0 | SUB recv=2240294 itps=0.00 tps=584.65 p50=35.46ms p95=152.70ms p99=198.97ms err=0
[status] PUB sent=2240644 itps=0.00 tps=584.58 pubs=4000 err=0 | SUB recv=2240294 itps=0.00 tps=584.50 p50=35.46ms p95=152.70ms p99=198.97ms err=0
[status] PUB sent=2240644 itps=0.00 tps=584.43 pubs=4000 err=0 | SUB recv=2240294 itps=0.00 tps=584.34 p50=35.46ms p95=152.70ms p99=198.97ms err=0
[status] PUB sent=2240644 itps=0.00 tps=584.28 pubs=4000 err=0 | SUB recv=2240294 itps=0.00 tps=584.19 p50=35.46ms p95=152.70ms p99=198.97ms err=0
[status] PUB sent=2240644 itps=0.00 tps=584.12 pubs=4000 err=0 | SUB recv=2240294 itps=0.00 tps=584.04 p50=35.46ms p95=152.70ms p99=198.97ms err=0
[status] PUB sent=2240644 itps=0.00 tps=583.97 pubs=4000 err=0 | SUB recv=2240294 itps=0.00 tps=583.89 p50=35.46ms p95=152.70ms p99=198.97ms err=0
[status] PUB sent=2240644 itps=0.00 tps=583.82 pubs=4000 err=0 | SUB recv=2240294 itps=0.00 tps=583.74 p50=35.46ms p95=152.70ms p99=198.97ms err=0
[status] PUB sent=2240644 itps=0.00 tps=583.67 pubs=4000 err=0 | SUB recv=2240294 itps=0.00 tps=583.58 p50=35.46ms p95=152.70ms p99=198.97ms err=0
[status] PUB sent=2240644 itps=0.00 tps=583.52 pubs=4000 err=0 | SUB recv=2240294 itps=0.00 tps=583.43 p50=35.46ms p95=152.70ms p99=198.97ms err=0
[status] PUB sent=2240644 itps=0.00 tps=583.36 pubs=4000 err=0 | SUB recv=2240294 itps=0.00 tps=583.28 p50=35.46ms p95=152.70ms p99=198.97ms err=0
[status] PUB sent=2240644 itps=0.00 tps=583.21 pubs=4000 err=0 | SUB recv=2240294 itps=0.00 tps=583.13 p50=35.46ms p95=152.70ms p99=198.97ms err=0
[status] PUB sent=2240644 itps=0.00 tps=583.06 pubs=4000 err=0 | SUB recv=2240294 itps=0.00 tps=582.98 p50=35.46ms p95=152.70ms p99=198.97ms err=0
[status] PUB sent=2240644 itps=0.00 tps=582.91 pubs=4000 err=0 | SUB recv=2240294 itps=0.00 tps=582.82 p50=35.46ms p95=152.70ms p99=198.97ms err=0
[status] PUB sent=2240644 itps=0.00 tps=582.76 pubs=4000 err=0 | SUB recv=2240294 itps=0.00 tps=582.67 p50=35.46ms p95=152.70ms p99=198.97ms err=0
[status] PUB sent=2240644 itps=0.00 tps=582.61 pubs=4000 err=0 | SUB recv=2240294 itps=0.00 tps=582.52 p50=35.46ms p95=152.70ms p99=198.97ms err=0
[status] PUB sent=2240644 itps=0.00 tps=582.45 pubs=4000 err=0 | SUB recv=2240294 itps=0.00 tps=582.37 p50=35.46ms p95=152.70ms p99=198.97ms err=0
[status] PUB sent=2240644 itps=0.00 tps=582.30 pubs=4000 err=0 | SUB recv=2240294 itps=0.00 tps=582.22 p50=35.46ms p95=152.70ms p99=198.97ms err=0
[status] PUB sent=2240644 itps=0.00 tps=582.15 pubs=4000 err=0 | SUB recv=2240294 itps=0.00 tps=582.07 p50=35.46ms p95=152.70ms p99=198.97ms err=0
[status] PUB sent=2240644 itps=0.00 tps=582.00 pubs=4000 err=0 | SUB recv=2240294 itps=0.00 tps=581.92 p50=35.46ms p95=152.70ms p99=198.97ms err=0
[status] PUB sent=2240644 itps=0.00 tps=581.85 pubs=4000 err=0 | SUB recv=2240294 itps=0.00 tps=581.77 p50=35.46ms p95=152.70ms p99=198.97ms err=0
[status] PUB sent=2240644 itps=0.00 tps=581.70 pubs=4000 err=0 | SUB recv=2240294 itps=0.00 tps=581.61 p50=35.46ms p95=152.70ms p99=198.97ms err=0
[status] PUB sent=2240644 itps=0.00 tps=581.55 pubs=4000 err=0 | SUB recv=2240294 itps=0.00 tps=581.46 p50=35.46ms p95=152.70ms p99=198.97ms err=0
[status] PUB sent=2240644 itps=0.00 tps=581.40 pubs=4000 err=0 | SUB recv=2240294 itps=0.00 tps=581.16 p50=35.46ms p95=152.70ms p99=198.97ms err=0
[status] PUB sent=2240644 itps=0.00 tps=581.09 pubs=4000 err=0 | SUB recv=2240294 itps=0.00 tps=581.01 p50=35.46ms p95=152.70ms p99=198.97ms err=0
[status] PUB sent=2240644 itps=0.00 tps=580.94 pubs=4000 err=0 | SUB recv=2240294 itps=0.00 tps=580.86 p50=35.46ms p95=152.70ms p99=198.97ms err=0
[status] PUB sent=2240644 itps=0.00 tps=580.79 pubs=4000 err=0 | SUB recv=2240294 itps=0.00 tps=580.71 p50=35.46ms p95=152.70ms p99=198.97ms err=0
[status] PUB sent=2240644 itps=0.00 tps=580.64 pubs=4000 err=0 | SUB recv=2240294 itps=0.00 tps=580.56 p50=35.46ms p95=152.70ms p99=198.97ms err=0
[status] PUB sent=2240644 itps=0.00 tps=580.49 pubs=4000 err=0 | SUB recv=2240294 itps=0.00 tps=580.41 p50=35.46ms p95=152.70ms p99=198.97ms err=0
[status] PUB sent=2240644 itps=0.00 tps=580.34 pubs=4000 err=0 | SUB recv=2240294 itps=0.00 tps=580.26 p50=35.46ms p95=152.70ms p99=198.97ms err=0
[status] PUB sent=2240644 itps=0.00 tps=580.19 pubs=4000 err=0 | SUB recv=2240294 itps=0.00 tps=580.11 p50=35.46ms p95=152.70ms p99=198.97ms err=0
[status] PUB sent=2240644 itps=0.00 tps=580.04 pubs=4000 err=0 | SUB recv=2240294 itps=0.00 tps=579.96 p50=35.46ms p95=152.70ms p99=198.97ms err=0
[status] PUB sent=2240644 itps=0.00 tps=579.89 pubs=4000 err=0 | SUB recv=2240294 itps=0.00 tps=579.81 p50=35.46ms p95=152.70ms p99=198.97ms err=0
[status] PUB sent=2240644 itps=0.00 tps=579.74 pubs=4000 err=0 | SUB recv=2240294 itps=0.00 tps=579.66 p50=35.46ms p95=152.70ms p99=198.97ms err=0
[status] PUB sent=2240644 itps=0.00 tps=579.59 pubs=4000 err=0 | SUB recv=2240294 itps=0.00 tps=579.51 p50=35.46ms p95=152.70ms p99=198.97ms err=0
[status] PUB sent=2240644 itps=0.00 tps=579.44 pubs=4000 err=0 | SUB recv=2240294 itps=0.00 tps=579.36 p50=35.46ms p95=152.70ms p99=198.97ms err=0
[status] PUB sent=2240644 itps=0.00 tps=579.29 pubs=4000 err=0 | SUB recv=2240294 itps=0.00 tps=579.21 p50=35.46ms p95=152.70ms p99=198.97ms err=0
[status] PUB sent=2240644 itps=0.00 tps=579.14 pubs=4000 err=0 | SUB recv=2240294 itps=0.00 tps=579.06 p50=35.46ms p95=152.70ms p99=198.97ms err=0
[status] PUB sent=2240644 itps=0.00 tps=578.99 pubs=4000 err=0 | SUB recv=2240294 itps=0.00 tps=578.91 p50=35.46ms p95=152.70ms p99=198.97ms err=0
[status] PUB sent=2240644 itps=0.00 tps=578.84 pubs=4000 err=0 | SUB recv=2240294 itps=0.00 tps=578.76 p50=35.46ms p95=152.70ms p99=198.97ms err=0
[status] PUB sent=2240644 itps=0.00 tps=578.69 pubs=4000 err=0 | SUB recv=2240294 itps=0.00 tps=578.61 p50=35.46ms p95=152.70ms p99=198.97ms err=0
[status] PUB sent=2240644 itps=0.00 tps=578.54 pubs=4000 err=0 | SUB recv=2240294 itps=0.00 tps=578.46 p50=35.46ms p95=152.70ms p99=198.97ms err=0
[status] PUB sent=2240644 itps=0.00 tps=578.39 pubs=4000 err=0 | SUB recv=2240294 itps=0.00 tps=578.31 p50=35.46ms p95=152.70ms p99=198.97ms err=0
[status] PUB sent=2240644 itps=0.00 tps=578.25 pubs=4000 err=0 | SUB recv=2240294 itps=0.00 tps=578.16 p50=35.46ms p95=152.70ms p99=198.97ms err=0
[status] PUB sent=2240644 itps=0.00 tps=578.10 pubs=4000 err=0 | SUB recv=2240294 itps=0.00 tps=578.01 p50=35.46ms p95=152.70ms p99=198.97ms err=0
[status] PUB sent=2240644 itps=0.00 tps=577.95 pubs=4000 err=0 | SUB recv=2240294 itps=0.00 tps=577.86 p50=35.46ms p95=152.70ms p99=198.97ms err=0
[status] PUB sent=2240644 itps=0.00 tps=577.80 pubs=4000 err=0 | SUB recv=2240294 itps=0.00 tps=577.71 p50=35.46ms p95=152.70ms p99=198.97ms err=0
