timestamp,sent_count,received_count,error_count,total_throughput,interval_throughput,latency_ns_p25,latency_ns_p50,latency_ns_p75,latency_ns_p95,latency_ns_p99,latency_ns_min,latency_ns_max,latency_ns_mean,latency_ns_stddev,latency_sample_count,connections,active_connections,connection_attempts,connection_failures,crashes_injected,reconnects,reconnect_failures,duplicate_count,gap_count,interval_latency_ns_p50,interval_latency_ns_p95,interval_latency_ns_p99,interval_latency_ns_mean,interval_latency_sample_count
1790803428,0,0,0,0.00,0.00,0,0,0,0,0,0,0,0.00,0.00,0,0,0,1,0,0,0,0,0,0,0,0,0,0.00,0
1790803429,0,0,0,0.00,0.00,0,0,0,0,0,0,0,0.00,0.00,0,1,1,1,0,0,0,0,0,0,0,0,0,0.00,0
1790803430,0,0,0,0.00,0.00,0,0,0,0,0,0,0,0.00,0.00,0,1,1,1,0,0,0,0,0,0,0,0,0,0.00,0
1790803431,0,0,0,0.00,0.00,0,0,0,0,0,0,0,0.00,0.00,0,1,1,1,0,0,0,0,0,0,0,0,0,0.00,0
1790803432,0,0,0,0.00,0.00,0,0,0,0,0,0,0,0.00,0.00,0,1,1,1,0,0,0,0,0,0,0,0,0,0.00,0
1790803433,0,0,0,0.00,0.00,0,0,0,0,0,0,0,0.00,0.00,0,1,1,1,0,0,0,0,0,0,0,0,0,0.00,0
1790803434,0,0,0,0.00,0.00,0,0,0,0,0,0,0,0.00,0.00,0,1,1,1,0,0,0,0,0,0,0,0,0,0.00,0
1790803435,0,0,0,0.00,0.00,0,0,0,0,0,0,0,0.00,0.00,0,2,2,2,0,0,0,0,0,0,0,0,0,0.00,0
1790803436,0,0,0,0.00,0.00,0,0,0,0,0,0,0,0.00,0.00,0,2,2,2,0,0,0,0,0,0,0,0,0,0.00,0
1790803437,0,0,0,0.00,0.00,0,0,0,0,0,0,0,0.00,0.00,0,2,2,2,0,0,0,0,0,0,0,0,0,0.00,0
1790803438,0,0,0,0.00,0.00,0,0,0,0,0,0,0,0.00,0.00,0,2,2,2,0,0,0,0,0,0,0,0,0,0.00,0
1790803439,0,0,0,0.00,0.00,0,0,0,0,0,0,0,0.00,0.00,0,2,2,2,0,0,0,0,0,0,0,0,0,0.00,0
1790803440,0,0,0,0.00,0.00,0,0,0,0,0,0,0,0.00,0.00,0,2,2,2,0,0,0,0,0,0,0,0,0,0.00,0
1790803441,0,0,0,0.00,0.00,0,0,0,0,0,0,0,0.00,0.00,0,2,2,2,0,0,0,0,0,0,0,0,0,0.00,0
1790803442,0,0,0,0.00,0.00,0,0,0,0,0,0,0,0.00,0.00,0,3,3,3,0,0,0,0,0,0,0,0,0,0.00,0
1790803443,0,0,0,0.00,0.00,0,0,0,0,0,0,0,0.00,0.00,0,3,3,3,0,0,0,0,0,0,0,0,0,0.00,0
1790803444,0,0,0,0.00,0.00,0,0,0,0,0,0,0,0.00,0.00,0,3,3,3,0,0,0,0,0,0,0,0,0,0.00,0
1790803445,0,0,0,0.00,0.00,0,0,0,0,0,0,0,0.00,0.00,0,3,3,3,0,0,0,0,0,0,0,0,0,0.00,0
1790803446,0,0,0,0.00,0.00,0,0,0,0,0,0,0,0.00,0.00,0,3,3,3,0,0,0,0,0,0,0,0,0,0.00,0
1790803447,0,0,0,0.00,0.00,0,0,0,0,0,0,0,0.00,0.00,0,3,3,3,0,0,0,0,0,0,0,0,0,0.00,0
1790803448,0,0,0,0.00,0.00,0,0,0,0,0,0,0,0.00,0.00,0,3,3,3,0,0,0,0,0,0,0,0,0,0.00,0
1790803449,0,0,0,0.00,0.00,0,0,0,0,0,0,0,0.00,0.00,0,4,4,4,0,0,0,0,0,0,0,0,0,0.00,0
1790803450,0,0,0,0.00,0.00,0,0,0,0,0,0,0,0.00,0.00,0,4,4,4,0,0,0,0,0,0,0,0,0,0.00,0
1790803451,0,0,0,0.00,0.00,0,0,0,0,0,0,0,0.00,0.00,0,4,4,4,0,0,0,0,0,0,0,0,0,0.00,0
1790803452,0,0,0,0.00,0.00,0,0,0,0,0,0,0,0.00,0.00,0,4,4,4,0,0,0,0,0,0,0,0,0,0.00,0
1790803453,0,0,0,0.00,0.00,0,0,0,0,0,0,0,0.00,0.00,0,4,4,4,0,0,0,0,0,0,0,0,0,0.00,0
1790803454,0,0,0,0.00,0.00,0,0,0,0,0,0,0,0.00,0.00,0,4,4,4,0,0,0,0,0,0,0,0,0,0.00,0
1790803455,0,0,0,0.00,0.00,0,0,0,0,0,0,0,0.00,0.00,0,5,5,5,0,0,0,0,0,0,0,0,0,0.00,0
1790803456,0,0,0,0.00,0.00,0,0,0,0,0,0,0,0.00,0.00,0,5,5,5,0,0,0,0,0,0,0,0,0,0.00,0
1790803457,0,0,0,0.00,0.00,0,0,0,0,0,0,0,0.00,0.00,0,5,5,5,0,0,0,0,0,0,0,0,0,0.00,0
1790803458,0,0,0,0.00,0.00,0,0,0,0,0,0,0,0.00,0.00,0,5,5,5,0,0,0,0,0,0,0,0,0,0.00,0
1790803459,0,0,0,0.00,0.00,0,0,0,0,0,0,0,0.00,0.00,0,5,5,5,0,0,0,0,0,0,0,0,0,0.00,0
1790803460,0,0,0,0.00,0.00,0,0,0,0,0,0,0,0.00,0.00,0,5,5,5,0,0,0,0,0,0,0,0,0,0.00,0
1790803461,0,0,0,0.00,0.00,0,0,0,0,0,0,0,0.00,0.00,0,5,5,5,0,0,0,0,0,0,0,0,0,0.00,0
1790803462,0,0,0,0.00,0.00,0,0,0,0,0,0,0,0.00,0.00,0,6,6,6,0,0,0,0,0,0,0,0,0,0.00,0
1790803463,0,0,0,0.00,0.00,0,0,0,0,0,0,0,0.00,0.00,0,6,6,6,0,0,0,0,0,0,0,0,0,0.00,0
1790803464,0,0,0,0.00,0.00,0,0,0,0,0,0,0,0.00,0.00,0,6,6,6,0,0,0,0,0,0,0,0,0,0.00,0
1790803465,0,0,0,0.00,0.00,0,0,0,0,0,0,0,0.00,0.00,0,6,6,6,0,0,0,0,0,0,0,0,0,0.00,0
1790803466,0,0,0,0.00,0.00,0,0,0,0,0,0,0,0.00,0.00,0,6,6,6,0,0,0,0,0,0,0,0,0,0.00,0
1790803467,0,0,0,0.00,0.00,0,0,0,0,0,0,0,0.00,0.00,0,6,6,6,0,0,0,0,0,0,0,0,0,0.00,0
1790803468,0,0,0,0.00,0.00,0,0,0,0,0,0,0,0.00,0.00,0,6,6,6,0,0,0,0,0,0,0,0,0,0.00,0
1790803469,0,0,0,0.00,0.00,0,0,0,0,0,0,0,0.00,0.00,0,7,7,7,0,0,0,0,0,0,0,0,0,0.00,0
1790803470,0,0,0,0.00,0.00,0,0,0,0,0,0,0,0.00,0.00,0,7,7,7,0,0,0,0,0,0,0,0,0,0.00,0
1790803471,0,0,0,0.00,0.00,0,0,0,0,0,0,0,0.00,0.00,0,7,7,7,0,0,0,0,0,0,0,0,0,0.00,0
1790803472,0,0,0,0.00,0.00,0,0,0,0,0,0,0,0.00,0.00,0,7,7,7,0,0,0,0,0,0,0,0,0,0.00,0
1790803473,0,0,0,0.00,0.00,0,0,0,0,0,0,0,0.00,0.00,0,7,7,7,0,0,0,0,0,0,0,0,0,0.00,0
1790803474,0,0,0,0.00,0.00,0,0,0,0,0,0,0,0.00,0.00,0,7,7,7,0,0,0,0,0,0,0,0,0,0.00,0
1790803475,0,0,0,0.00,0.00,0,0,0,0,0,0,0,0.00,0.00,0,8,8,8,0,0,0,0,0,0,0,0,0,0.00,0
1790803476,0,0,0,0.00,0.00,0,0,0,0,0,0,0,0.00,0.00,0,8,8,8,0,0,0,0,0,0,0,0,0,0.00,0
1790803477,0,0,0,0.00,0.00,0,0,0,0,0,0,0,0.00,0.00,0,8,8,8,0,0,0,0,0,0,0,0,0,0.00,0
1790803478,0,0,0,0.00,0.00,0,0,0,0,0,0,0,0.00,0.00,0,8,8,8,0,0,0,0,0,0,0,0,0,0.00,0
1790803479,0,0,0,0.00,0.00,0,0,0,0,0,0,0,0.00,0.00,0,8,8,8,0,0,0,0,0,0,0,0,0,0.00,0
1790803480,0,0,0,0.00,0.00,0,0,0,0,0,0,0,0.00,0.00,0,8,8,8,0,0,0,0,0,0,0,0,0,0.00,0
1790803481,0,0,0,0.00,0.00,0,0,0,0,0,0,0,0.00,0.00,0,8,8,8,0,0,0,0,0,0,0,0,0,0.00,0
1790803482,0,0,0,0.00,0.00,0,0,0,0,0,0,0,0.00,0.00,0,9,9,9,0,0,0,0,0,0,0,0,0,0.00,0
1790803483,0,0,0,0.00,0.00,0,0,0,0,0,0,0,0.00,0.00,0,9,9,9,0,0,0,0,0,0,0,0,0,0.00,0
1790803484,0,0,0,0.00,0.00,0,0,0,0,0,0,0,0.00,0.00,0,9,9,9,0,0,0,0,0,0,0,0,0,0.00,0
1790803485,0,0,0,0.00,0.00,0,0,0,0,0,0,0,0.00,0.00,0,9,9,9,0,0,0,0,0,0,0,0,0,0.00,0
1790803486,0,0,0,0.00,0.00,0,0,0,0,0,0,0,0.00,0.00,0,9,9,9,0,0,0,0,0,0,0,0,0,0.00,0
1790803487,0,0,0,0.00,0.00,0,0,0,0,0,0,0,0.00,0.00,0,9,9,9,0,0,0,0,0,0,0,0,0,0.00,0
1790803488,0,0,0,0.00,0.00,0,0,0,0,0,0,0,0.00,0.00,0,9,9,9,0,0,0,0,0,0,0,0,0,0.00,0
1790803489,0,0,0,0.00,0.00,0,0,0,0,0,0,0,0.00,0.00,0,10,10,10,0,0,0,0,0,0,0,0,0,0.00,0
1790803490,0,170,0,215.23,169.90,656383,971263,1376255,14311423,16654335,365568,16908287,1898940.99,3458744.86,170,10,10,10,0,0,0,0,0,0,971263,14311423,16654335,1898940.99,170
1790803491,0,370,0,206.77,200.09,669695,951295,1316863,2119679,15704063,365568,16908287,1414167.87,2402278.68,370,10,10,10,0,0,0,0,0,0,937471,1584127,2017279,1002110.72,200
1790803492,0,570,0,204.33,199.97,678399,941055,1316863,1897471,15441919,365568,16908287,1279948.58,1959820.62,570,10,10,10,0,0,0,0,0,0,927743,1695743,2160639,1031642.88,200
1790803493,0,770,0,203.18,199.97,678911,937471,1339391,1870847,14835711,365568,16908287,1214742.44,1702940.20,770,10,10,10,0,0,0,0,0,0,910847,1770495,1994751,1028904.96,200
1790803494,0,970,0,202.50,199.94,687103,951807,1368063,1887231,14196735,365568,16908287,1203329.19,1542270.70,970,10,10,10,0,0,0,0,0,0,1006591,2615295,3319807,1159388.16,200
1790803495,0,1170,0,202.08,200.07,690687,956927,1375231,1897471,3534847,365568,16908287,1183468.20,1417103.74,1170,10,10,10,0,0,0,0,0,0,975871,1988607,2289663,1087142.40,200
1790803496,0,1370,0,201.79,200.06,683007,944127,1342463,1879039,3426303,356096,16908287,1150543.04,1320865.14,1370,10,10,10,0,0,0,0,0,0,886783,1715199,1988607,957930.88,200
1790803497,0,1570,0,201.56,200.00,663039,918015,1284095,1804287,3108863,356096,16908287,1108643.22,1242651.54,1570,10,10,10,0,0,0,0,0,0,787455,1266687,1387519,821629.44,200
1790803498,0,1770,0,201.37,199.90,654335,908799,1258495,1764351,3051519,356096,16908287,1082991.37,1177063.35,1770,10,10,10,0,0,0,0,0,0,857599,1349631,1680383,881624.32,200
1790803499,0,1970,0,201.23,200.04,654335,905727,1260543,1762303,2951167,356096,16908287,1074657.66,1123968.86,1970,10,10,10,0,0,0,0,0,0,869887,1755135,2036735,1000904.32,200
1790803500,0,2170,0,201.13,200.10,656383,909823,1266687,1764351,2945023,356096,16908287,1072205.27,1080695.98,2170,10,10,10,0,0,0,0,0,0,953343,1787903,2779135,1048049.28,200
1790803501,0,2370,0,201.02,199.82,659967,918527,1284095,1832959,3291135,356096,16908287,1096727.82,1105029.80,2370,10,10,10,0,0,0,0,0,0,1006591,2484223,8945663,1362797.44,200
1790803502,0,2570,0,200.95,200.13,662015,922623,1293311,1810431,3096575,356096,16908287,1095391.43,1068477.25,2570,10,10,10,0,0,0,0,0,0,966143,1782783,2187263,1079555.20,200
1790803503,0,2770,0,200.87,199.87,663551,926719,1303551,1843199,3051519,356096,16908287,1095233.34,1036241.88,2770,10,10,10,0,0,0,0,0,0,996863,1898495,2324479,1093201.92,200
1790803504,0,2970,0,200.82,200.18,666623,930303,1310719,1858559,3291135,356096,16908287,1098428.77,1015100.80,2970,10,10,10,0,0,0,0,0,0,971263,1991679,3784703,1142685.44,200
1790803505,0,3170,0,200.76,199.91,667647,930303,1314815,1854463,3108863,356096,16908287,1094949.19,988295.32,3170,10,10,10,0,0,0,0,0,0,923647,1746943,1980415,1043277.44,200
1790803506,0,3370,0,200.72,199.98,663551,924671,1299455,1841151,3074047,356096,16908287,1083897.13,963561.75,3370,10,10,10,0,0,0,0,0,0,839167,1584127,1949695,908721.92,200
1790803507,0,3570,0,200.68,200.05,665599,926207,1307647,1856511,3108863,356096,16908287,1086698.59,947858.27,3570,10,10,10,0,0,0,0,0,0,974847,2418687,3592191,1133903.36,200
1790803508,0,3770,0,200.64,199.96,666623,922623,1303551,1841151,3074047,356096,16908287,1081526.73,926989.63,3770,10,10,10,0,0,0,0,0,0,890879,1688575,1895423,989208.96,200
1790803509,0,3970,0,200.61,200.10,664063,920575,1294335,1804287,3037183,356096,16908287,1073589.26,907069.64,3970,10,10,10,0,0,0,0,0,0,840703,1510399,1739775,923968.00,200
1790803510,0,4170,0,200.58,199.99,659967,916991,1281023,1790975,2998271,356096,16908287,1062805.18,889101.02,4170,10,10,10,0,0,0,0,0,0,756223,1370111,1734655,848741.12,200
1790803511,0,4370,0,200.55,199.84,660479,914943,1284095,1802239,3022847,356096,16908287,1063322.04,877831.60,4370,10,10,10,0,0,0,0,0,0,890879,1988607,3598335,1074098.56,200
1790803512,0,4570,0,200.53,200.18,659455,913407,1286143,1804287,2951167,356096,16908287,1061814.84,863827.51,4570,10,10,10,0,0,0,0,0,0,887295,1898495,2248703,1028882.56,200
1790803513,0,4770,0,200.51,199.94,660479,913407,1290239,1810431,2998271,356096,16908287,1063404.46,853062.72,4770,10,10,10,0,0,0,0,0,0,934399,2049023,3012607,1099727.36,200
1790803514,0,4970,0,200.49,200.02,661503,917503,1299455,1804287,2945023,356096,16908287,1063659.14,839957.56,4970,10,10,10,0,0,0,0,0,0,996863,1722367,2019327,1069733.12,200
1790803515,0,5170,0,200.47,199.88,660991,917503,1298431,1790975,2942975,356096,16908287,1060377.75,827029.79,5170,10,10,10,0,0,0,0,0,0,916479,1602559,1713151,978835.20,200
1790803516,0,5370,0,200.45,200.14,661503,914431,1294335,1781759,2934783,356096,16908287,1056514.62,814531.87,5370,10,10,10,0,0,0,0,0,0,888319,1587199,1763327,956652.80,200
1790803517,0,5570,0,200.43,199.84,663039,914431,1295359,1784831,2942975,356096,16908287,1057117.44,807104.15,5570,10,10,10,0,0,0,0,0,0,910335,1894399,3371007,1073303.04,200
1790803518,0,5770,0,200.42,200.08,663551,914943,1294335,1781759,2940927,356096,16908287,1055404.57,796461.47,5770,10,10,10,0,0,0,0,0,0,934399,1708031,1976319,1007701.12,200
1790803519,0,5970,0,200.40,199.97,662015,913407,1292287,1773567,2926591,356096,16908287,1051927.56,786414.00,5970,10,10,10,0,0,0,0,0,0,848895,1575935,1781759,951616.00,200
1790803520,0,6170,0,200.39,200.01,660479,911871,1287167,1766399,2877439,356096,16908287,1047549.07,776740.80,6170,10,10,10,0,0,0,0,0,0,839679,1601535,1927167,916851.20,200
1790803521,0,6370,0,200.38,200.07,659455,910335,1285119,1765375,2889727,356096,16908287,1045144.09,768935.69,6370,10,10,10,0,0,0,0,0,0,860159,1719295,2889727,970950.40,200
1790803522,0,6570,0,200.37,199.96,658943,910847,1286143,1770495,2889727,338176,16908287,1045175.54,762266.90,6570,10,10,10,0,0,0,0,0,0,971775,1928191,2746367,1046177.28,200
1790803523,0,6770,0,200.36,200.08,659967,912383,1289215,1779711,2893823,338176,16908287,1046932.06,756606.80,6770,10,10,10,0,0,0,0,0,0,961535,1948671,3293183,1104633.60,200
1790803524,0,6970,0,200.35,199.90,660479,913407,1295359,1800191,3096575,338176,16908287,1056471.43,773629.38,6970,10,10,10,0,0,0,0,0,0,1007103,4202495,5791743,1379379.20,200
1790803525,0,7170,0,200.34,199.96,660479,914943,1300479,1802239,3074047,338176,16908287,1057139.25,767092.62,7170,10,10,10,0,0,0,0,0,0,948223,1861631,2770943,1080412.80,200
1790803526,0,7370,0,200.33,200.15,660991,915967,1303551,1808383,3096575,338176,16908287,1058378.09,761550.06,7370,10,10,10,0,0,0,0,0,0,924671,2037759,3141631,1102790.40,200
1790803527,0,7570,0,200.32,199.87,660991,914943,1303551,1808383,3166207,338176,16908287,1058856.80,758222.63,7570,10,10,10,0,0,0,0,0,0,898047,1768447,3672063,1076497.28,200
1790803528,0,7770,0,200.31,199.95,660991,914943,1301503,1803263,3108863,338176,16908287,1056561.88,750694.32,7770,10,10,10,0,0,0,0,0,0,907775,1607679,1751039,969699.20,200
1790803529,0,7970,0,200.30,200.14,662015,915967,1301503,1800191,3096575,338176,16908287,1055465.89,743646.48,7970,10,10,10,0,0,0,0,0,0,930303,1617919,1907711,1012886.40,200
1790803530,0,8170,0,200.29,199.88,661503,914943,1299455,1797119,3051519,338176,16908287,1053311.56,736861.23,8170,10,10,10,0,0,0,0,0,0,904703,1644543,1870847,967461.76,200
1790803531,0,8370,0,200.29,200.02,660479,914431,1295359,1794047,3037183,338176,16908287,1051526.64,731342.08,8370,10,10,10,0,0,0,0,0,0,885247,1626111,2525183,978612.48,200
1790803532,0,8570,0,200.28,199.95,660479,912383,1294335,1788927,3012607,338176,16908287,1048279.39,724951.85,8570,10,10,10,0,0,0,0,0,0,814591,1506303,1857535,912382.08,200
1790803533,0,8770,0,200.27,200.05,660479,912383,1294335,1789951,3035135,338176,16908287,1048609.04,721051.43,8770,10,10,10,0,0,0,0,0,0,934399,1862655,3184639,1062734.72,200
1790803534,0,8970,0,200.27,200.11,660479,912895,1295359,1797119,3012607,338176,16908287,1048463.63,715910.59,8970,10,10,10,0,0,0,0,0,0,918015,1823743,1975295,1042087.04,200
1790803535,0,9170,0,200.27,200.00,660991,912383,1299455,1800191,2992127,338176,16908287,1048679.98,711279.84,9170,10,10,10,0,0,0,0,0,0,894975,1881087,2031615,1058383.36,200
1790803536,0,9370,0,200.26,199.99,660991,913407,1300479,1804287,3037183,338176,16908287,1050690.46,712673.74,9370,10,10,10,0,0,0,0,0,0,934399,2045951,4476927,1142871.04,200
1790803537,0,9570,0,200.25,200.02,660479,911871,1298431,1804287,3074047,338176,16908287,1050006.76,710905.45,9570,10,10,10,0,0,0,0,0,0,842239,2177023,3399679,1017975.68,200
1790803538,0,9770,0,200.25,199.92,660991,912383,1301503,1805311,3051519,338176,16908287,1050591.10,706392.84,9770,10,10,10,0,0,0,0,0,0,949759,1890303,2140159,1078551.68,200
1790803539,0,9970,0,200.24,200.05,661503,913407,1307647,1813503,3051519,338176,16908287,1052431.21,703584.57,9970,10,10,10,0,0,0,0,0,0,1005055,2037759,3373055,1142320.64,200
1790803540,0,10170,0,200.24,199.97,661503,913407,1309695,1812479,3037183,338176,16908287,1051952.98,699281.11,10170,10,10,10,0,0,0,0,0,0,895999,1731583,2156543,1028113.28,200
1790803541,0,10370,0,200.23,199.93,662527,915455,1310719,1813503,3035135,338176,16908287,1052592.32,695506.18,10370,10,10,10,0,0,0,0,0,0,976383,1916927,2668543,1085102.72,200
1790803542,0,10570,0,200.23,200.10,663039,916479,1313791,1813503,3022847,338176,16908287,1052989.20,691442.24,10570,10,10,10,0,0,0,0,0,0,956927,1818623,2150399,1073567.36,200
1790803543,0,10770,0,200.22,199.95,663039,914943,1316863,1813503,3012607,338176,16908287,1052510.38,687816.06,10770,10,10,10,0,0,0,0,0,0,869375,1768447,2402303,1027204.48,200
1790803544,0,10970,0,200.22,199.93,663039,914943,1319935,1813503,2992127,338176,16908287,1052290.51,684142.75,10970,10,10,10,0,0,0,0,0,0,910847,1811455,2205695,1040450.56,200
1790803545,0,11170,0,200.21,199.97,663039,914431,1319935,1813503,2973695,338176,16908287,1051971.86,680627.31,11170,10,10,10,0,0,0,0,0,0,888319,1804287,2279423,1034494.08,200
1790803546,0,11370,0,200.21,199.99,663039,913919,1320959,1812479,2951167,338176,16908287,1051244.56,676895.63,11370,10,10,10,0,0,0,0,0,0,906239,1669119,2207743,1010624.64,200
1790803547,0,11570,0,200.21,200.20,663551,913919,1318911,1810431,2942975,338176,16908287,1050252.57,673204.98,11570,10,10,10,0,0,0,0,0,0,898559,1671167,2265087,993857.92,200
1790803548,0,11770,0,200.21,199.89,663551,914943,1319935,1808383,2942975,338176,16908287,1050165.81,670047.26,11770,10,10,10,0,0,0,0,0,0,948223,1722367,2582527,1045146.88,200
1790803549,0,11970,0,200.20,200.00,662527,914431,1319935,1812479,2945023,338176,16908287,1050243.69,668573.93,11970,10,10,10,0,0,0,0,0,0,888831,2038783,3416063,1054826.88,200
1790803550,0,12190,0,200.53,220.00,661503,912383,1312767,1807359,2942975,338176,16908287,1047170.71,664567.79,12190,10,10,10,0,0,0,0,0,0,835071,1521663,2187263,879972.65,220
1790803551,0,12390,0,200.52,199.98,661503,911871,1312767,1808383,2940927,338176,16908287,1046808.22,661964.60,12390,10,10,10,0,0,0,0,0,0,879615,1847295,2656255,1024714.24,200
1790803552,0,12590,0,200.51,200.04,661503,911359,1312767,1805311,2926591,338176,16908287,1046265.34,658827.55,12590,10,10,10,0,0,0,0,0,0,884223,1703935,2014207,1012634.24,200
1790803553,0,12790,0,200.50,200.08,662015,911871,1315839,1808383,2895871,338176,16908287,1046788.12,656705.32,12790,10,10,10,0,0,0,0,0,0,931839,1970175,2709503,1079697.28,200
1790803554,0,12990,0,200.49,199.84,661503,911359,1315839,1810431,2895871,338176,16908287,1046487.49,654276.36,12990,10,10,10,0,0,0,0,0,0,880639,1922047,2322431,1027262.08,200
1790803555,0,13190,0,200.49,199.99,661503,910847,1316863,1804287,2889727,338176,16908287,1045815.51,651144.75,13190,10,10,10,0,0,0,0,0,0,895487,1687551,1766399,1002170.24,200
1790803556,0,13390,0,200.48,200.06,661503,910847,1318911,1810431,2873343,338176,16908287,1046007.39,649211.07,13390,10,10,10,0,0,0,0,0,0,870399,2117631,2639871,1058661.76,200
1790803557,0,13590,0,200.47,199.95,661503,909823,1316863,1804287,2867199,338176,16908287,1044993.36,646123.01,13590,10,10,10,0,0,0,0,0,0,862719,1637375,1840127,977104.00,200
1790803558,0,13790,0,200.47,200.14,662015,910335,1318911,1807359,2844671,338176,16908287,1045337.07,643603.37,13790,10,10,10,0,0,0,0,0,0,931327,1854463,2080767,1068692.48,200
1790803559,0,13990,0,200.46,199.85,662527,910847,1320959,1805311,2842623,338176,16908287,1045380.74,640860.89,13990,10,10,10,0,0,0,0,0,0,947711,1733631,1983487,1048391.68,200
1790803560,0,14190,0,200.45,200.08,662527,910847,1318911,1804287,2838527,338176,16908287,1044435.85,637972.68,14190,10,10,10,0,0,0,0,0,0,900095,1669119,2022399,978341.12,200
1790803561,0,14390,0,200.45,199.95,662527,910847,1318911,1803263,2789375,338176,16908287,1043896.10,635413.89,14390,10,10,10,0,0,0,0,0,0,918015,1747967,2000895,1005600.64,200
1790803562,0,14590,0,200.44,200.10,660991,909823,1312767,1799167,2779135,338176,16908287,1041081.41,632479.13,14590,10,10,10,0,0,0,0,0,0,823295,1326079,1538047,838564.48,200
1790803563,0,14790,0,200.44,199.99,660991,910335,1312767,1798143,2760703,338176,16908287,1040680.38,629837.22,14790,10,10,10,0,0,0,0,0,0,951295,1680383,1899519,1011425.28,200
1790803564,0,14990,0,200.43,199.89,660991,909823,1310719,1796095,2750463,338176,16908287,1039209.37,627093.02,14990,10,10,10,0,0,0,0,0,0,885759,1601535,1766399,930428.16,200
1790803565,0,15190,0,200.42,200.15,660479,909311,1309695,1789951,2727935,338176,16908287,1038000.23,624479.03,15190,10,10,10,0,0,0,0,0,0,871423,1628159,1716223,947375.36,200
1790803566,0,15390,0,200.42,199.86,660991,909823,1310719,1787903,2682879,338176,16908287,1037967.64,622291.24,15390,10,10,10,0,0,0,0,0,0,943615,1726463,2035711,1035492.48,200
1790803567,0,15590,0,200.41,199.98,660479,909311,1308671,1784831,2709503,338176,16908287,1037458.75,620960.20,15590,10,10,10,0,0,0,0,0,0,891391,1698815,3655679,998299.52,200
1790803568,0,15790,0,200.41,199.99,660991,909823,1311743,1781759,2682879,338176,16908287,1037610.02,618790.06,15790,10,10,10,0,0,0,0,0,0,956927,1721343,2148351,1049400.96,200
1790803569,0,15990,0,200.40,200.08,660991,909823,1310719,1780735,2670591,338176,16908287,1037104.86,616332.19,15990,10,10,10,0,0,0,0,0,0,899071,1668095,1874943,997223.04,200
1790803570,0,16190,0,200.40,199.91,660991,909823,1311743,1779711,2668543,338176,16908287,1037055.46,614183.92,16190,10,10,10,0,0,0,0,0,0,906751,1734655,2014207,1033105.92,200
1790803571,0,16390,0,200.39,200.14,661503,910335,1313791,1781759,2648063,338176,16908287,1037832.15,612681.74,16390,10,10,10,0,0,0,0,0,0,1011199,2025471,2394111,1100705.28,200
1790803572,0,16590,0,200.39,200.04,662015,910335,1312767,1780735,2639871,338176,16908287,1037236.44,610547.72,16590,10,10,10,0,0,0,0,0,0,897535,1738751,1947647,988417.92,200
1790803573,0,16790,0,200.38,199.91,662015,910335,1312767,1779711,2637823,338176,16908287,1036748.00,608455.05,16790,10,10,10,0,0,0,0,0,0,923135,1723391,1956863,996231.68,200
1790803574,0,16990,0,200.38,199.94,662015,910335,1314815,1779711,2637823,338176,16908287,1037024.60,607333.56,16990,10,10,10,0,0,0,0,0,0,904703,1774591,3231743,1060245.12,200
1790803575,0,17190,0,200.37,199.98,662527,910847,1315839,1781759,2631679,338176,16908287,1037518.02,605781.05,17190,10,10,10,0,0,0,0,0,0,961535,1934335,2437119,1079434.24,200
1790803576,0,17390,0,200.37,200.17,663039,911871,1317887,1789951,2637823,338176,16908287,1038692.13,605102.52,17390,10,10,10,0,0,0,0,0,0,1005055,2009087,3020799,1139606.40,200
1790803577,0,17590,0,200.37,199.95,663039,912383,1319935,1795071,2637823,338176,16908287,1039433.97,604068.61,17590,10,10,10,0,0,0,0,0,0,943615,2001919,2473983,1103937.28,200
1790803578,0,17790,0,200.36,200.05,663039,912383,1320959,1794047,2646015,338176,16908287,1039553.05,602741.16,17790,10,10,10,0,0,0,0,0,0,936447,1717247,2723839,1050026.24,200
1790803579,0,17990,0,200.36,200.00,663039,912383,1321983,1795071,2637823,338176,16908287,1039742.62,601174.65,17990,10,10,10,0,0,0,0,0,0,930815,1871871,2215935,1056604.80,200
1790803580,0,18190,0,200.35,199.93,663039,912895,1323007,1789951,2631679,338176,16908287,1039640.26,599349.79,18190,10,10,10,0,0,0,0,0,0,957439,1711103,1875967,1030433.28,200
1790803581,0,18390,0,200.35,199.96,663039,912383,1321983,1784831,2623487,338176,16908287,1038813.70,597396.78,18390,10,10,10,0,0,0,0,0,0,844799,1613823,1784831,963637.76,200
1790803582,0,18590,0,200.34,199.92,663039,912383,1320959,1784831,2621439,338176,16908287,1038423.27,595773.84,18590,10,10,10,0,0,0,0,0,0,897535,1701887,2430975,1002523.52,200
1790803583,0,18790,0,200.34,200.01,662527,912383,1321983,1781759,2615295,338176,16908287,1038105.76,594002.83,18790,10,10,10,0,0,0,0,0,0,891391,1692671,1805311,1008593.28,200
1790803584,0,18990,0,200.34,200.15,663551,913407,1324031,1789951,2619391,338176,16908287,1039658.63,593808.18,18990,10,10,10,0,0,0,0,0,0,1056767,2162687,2682879,1185550.72,200
1790803585,0,19190,0,200.33,199.88,663039,913407,1325055,1790975,2603007,338176,16908287,1039810.99,592582.17,19190,10,10,10,0,0,0,0,0,0,925183,1870847,2250751,1054277.76,200
1790803586,0,19390,0,200.33,200.05,663551,913919,1327103,1799167,2615295,338176,16908287,1040950.01,592319.43,19390,10,10,10,0,0,0,0,0,0,974335,2187263,2680831,1150238.72,200
1790803587,0,19590,0,200.33,199.98,663039,913407,1327103,1798143,2603007,338176,16908287,1040502.90,590841.13,19590,10,10,10,0,0,0,0,0,0,868351,1729535,2097151,997155.20,200
1790803588,0,19790,0,200.33,200.11,663039,912383,1327103,1798143,2588671,338176,16908287,1040040.09,589541.12,19790,10,10,10,0,0,0,0,0,0,854527,1774591,2115583,994708.48,200
1790803589,0,19990,0,200.32,199.95,663039,912383,1328127,1797119,2584575,338176,16908287,1040051.21,588217.97,19990,10,10,10,0,0,0,0,0,0,909823,1757183,2306047,1041151.36,200
1790803590,0,20190,0,200.32,199.97,662527,912895,1329151,1798143,2582527,338176,16908287,1040076.31,586962.11,20190,10,10,10,0,0,0,0,0,0,941567,1828863,2067455,1042584.32,200
1790803591,0,20390,0,200.32,200.08,662527,912383,1329151,1794047,2580479,338176,16908287,1039283.20,585351.47,20390,10,10,10,0,0,0,0,0,0,871935,1637375,1711103,959219.20,200
1790803592,0,20590,0,200.31,199.94,662527,912383,1330175,1794047,2584575,338176,16908287,1040055.25,585720.32,20590,10,10,10,0,0,0,0,0,0,978431,1786879,4468735,1118765.44,200
1790803593,0,20790,0,200.31,199.92,662527,912895,1331199,1800191,2623487,338176,16908287,1041721.58,589090.26,20790,10,10,10,0,0,0,0,0,0,958975,3010559,4599807,1213271.04,200
1790803594,0,20990,0,200.31,199.98,662527,912895,1329151,1799167,2621439,338176,16908287,1041022.24,587410.34,20990,10,10,10,0,0,0,0,0,0,908799,1549311,2009087,968325.12,200
1790803595,0,21190,0,200.30,200.17,663039,912383,1329151,1799167,2623487,338176,16908287,1041018.66,586576.76,21190,10,10,10,0,0,0,0,0,0,893951,1780735,2838527,1040643.20,200
1790803596,0,21390,0,200.30,199.89,663039,912383,1329151,1799167,2621439,338176,16908287,1040591.91,585187.72,21390,10,10,10,0,0,0,0,0,0,870911,1684479,2131967,995377.28,200
1790803597,0,21590,0,200.30,200.00,663039,912895,1330175,1799167,2619391,311296,16908287,1040972.64,584035.93,21590,10,10,10,0,0,0,0,0,0,996351,1855487,2068479,1081692.16,200
1790803598,0,21790,0,200.29,200.04,663039,912895,1331199,1799167,2613247,311296,16908287,1040926.93,582733.98,21790,10,10,10,0,0,0,0,0,0,918527,1765375,1974271,1035992.96,200
1790803599,0,21990,0,200.29,199.98,663039,912895,1332223,1799167,2603007,311296,16908287,1041103.52,581765.06,21990,10,10,10,0,0,0,0,0,0,914431,1821695,2533375,1060343.04,200
1790803600,0,22190,0,200.29,199.93,663039,912895,1332223,1798143,2603007,311296,16908287,1040774.39,580585.81,22190,10,10,10,0,0,0,0,0,0,920575,1615871,2650111,1004586.24,200
1790803601,0,22390,0,200.29,200.09,663039,913407,1332223,1799167,2613247,311296,16908287,1041033.74,579940.61,22390,10,10,10,0,0,0,0,0,0,957439,1878015,3012607,1069808.64,200
1790803602,0,22590,0,200.28,199.99,663039,913407,1332223,1797119,2603007,311296,16908287,1040500.01,578398.68,22590,10,10,10,0,0,0,0,0,0,892927,1638399,1747967,980748.80,200
1790803603,0,22790,0,200.28,200.01,663551,913919,1332223,1796095,2588671,311296,16908287,1040471.99,577068.31,22790,10,10,10,0,0,0,0,0,0,949759,1659903,2265087,1037306.88,200
1790803604,0,22990,0,200.28,199.91,663039,913919,1332223,1799167,2615295,311296,16908287,1040940.74,577043.69,22990,10,10,10,0,0,0,0,0,0,983039,2097151,3155967,1094354.56,200
1790803605,0,23190,0,200.28,200.02,663039,914431,1333247,1799167,2603007,311296,16908287,1041508.86,576154.70,23190,10,10,10,0,0,0,0,0,0,1028095,1885183,2365439,1106814.72,200
1790803606,0,23390,0,200.27,200.08,663551,914943,1333247,1798143,2590719,311296,16908287,1041212.33,574762.23,23390,10,10,10,0,0,0,0,0,0,935423,1677311,1796095,1006829.44,200
1790803607,0,23590,0,200.27,200.03,663551,914943,1333247,1796095,2588671,311296,16908287,1040870.93,573475.55,23590,10,10,10,0,0,0,0,0,0,900607,1690623,1864703,1000944.64,200
1790803608,0,23790,0,200.27,199.95,663039,914431,1331199,1794047,2586623,311296,16908287,1040142.18,572175.80,23790,10,10,10,0,0,0,0,0,0,863231,1505279,2291711,954186.24,200
1790803609,0,23990,0,200.27,199.97,663039,913919,1330175,1791999,2588671,311296,16908287,1039603.93,571535.51,23990,10,10,10,0,0,0,0,0,0,858111,1601535,3028991,975578.24,200
1790803610,0,24450,0,202.42,460.08,665087,919039,1337343,1813503,2668543,311296,16908287,1046789.69,576908.59,24450,10,10,10,0,0,0,0,0,0,1309695,2801663,3780607,1421542.68,460
1790803611,0,24950,0,204.86,499.79,667135,923647,1342463,1829887,2682879,296448,16908287,1050641.56,576812.40,24950,10,10,10,0,0,0,0,0,0,1209343,2064383,3112959,1238998.02,500
1790803612,0,25450,0,207.27,500.22,668671,927231,1346559,1841151,2746367,296448,16908287,1055052.24,580086.52,25450,10,10,10,0,0,0,0,0,0,1176575,2385919,4163583,1275145.47,500
1790803613,0,25950,0,209.63,499.81,671743,933375,1353727,1857535,2779135,296448,16908287,1060336.03,581351.23,25950,10,10,10,0,0,0,0,0,0,1225727,2498559,3051519,1329280.77,500
1790803614,0,26450,0,211.96,500.38,673279,937471,1360895,1879039,2875391,296448,16908287,1066858.74,588085.45,26450,10,10,10,0,0,0,0,0,0,1259519,3024895,3995647,1405387.26,500
1790803615,0,26950,0,214.25,499.99,674815,941567,1366015,1890303,2891775,296448,16908287,1070247.88,588146.20,26950,10,10,10,0,0,0,0,0,0,1203199,2121727,3002367,1249533.70,500
1790803616,0,27450,0,216.50,499.96,675327,943103,1367039,1894399,2877439,296448,16908287,1071215.28,586651.11,27450,10,10,10,0,0,0,0,0,0,1057791,2009087,2650111,1123358.21,500
1790803617,0,27950,0,218.72,499.61,677375,947199,1371135,1906687,2906111,260096,16908287,1077764.29,610497.42,27950,10,10,10,0,0,0,0,0,0,1225727,2564095,10534911,1437304.70,500
1790803618,0,28450,0,220.90,500.09,679935,953343,1378303,1927167,2965503,260096,16908287,1084813.41,617698.73,28450,10,10,10,0,0,0,0,0,0,1309695,2873343,4095999,1478859.01,500
1790803619,0,28950,0,223.05,500.14,683007,958463,1384447,1936383,2973695,260096,16908287,1089479.20,617820.60,28950,10,10,10,0,0,0,0,0,0,1274879,2289663,3176447,1354963.20,500
1790803620,0,29450,0,225.17,499.76,685567,963583,1390591,1953791,2992127,260096,16908287,1093888.37,619025.60,29450,10,10,10,0,0,0,0,0,0,1246207,2467839,3655679,1349179.14,500
1790803621,0,29950,0,227.26,500.37,688127,968703,1395711,1963007,3045375,260096,16908287,1101942.19,654242.48,29950,10,10,10,0,0,0,0,0,0,1263615,3129343,12468223,1576311.81,500
1790803622,0,30450,0,229.31,499.95,690687,974335,1398783,1974271,3051519,260096,16908287,1106212.78,654630.63,30450,10,10,10,0,0,0,0,0,0,1238015,2574335,3753983,1362021.38,500
1790803623,0,30950,0,231.33,499.83,692223,976383,1400831,1975295,3043327,260096,16908287,1107158.76,652424.12,30950,10,10,10,0,0,0,0,0,0,1108991,2068479,2691071,1164769.28,500
1790803624,0,31450,0,233.33,500.27,692735,979455,1402879,1982463,3045375,260096,16908287,1109671.03,652626.26,31450,10,10,10,0,0,0,0,0,0,1175551,2519039,3549183,1265180.42,500
1790803625,0,31950,0,235.29,499.70,694783,984575,1407999,1997823,3047423,260096,16908287,1114237.67,653902.41,31950,10,10,10,0,0,0,0,0,0,1317887,2617343,3293183,1401479.17,500
1790803626,0,32450,0,237.22,499.88,696831,990207,1413119,2023423,3172351,260096,16908287,1124504.54,696188.39,32450,10,10,10,0,0,0,0,0,0,1312767,4067327,14802943,1780557.31,500
1790803627,0,32950,0,239.13,500.02,698879,991231,1413119,2023423,3215359,260096,16908287,1126864.04,704452.39,32950,10,10,10,0,0,0,0,0,0,1074175,2045951,7704575,1279995.65,500
1790803628,0,33450,0,241.01,500.05,699391,993279,1415167,2030591,3229695,260096,16908287,1129257.59,708586.09,33450,10,10,10,0,0,0,0,0,0,1093631,2381823,6262783,1286992.64,500
1790803629,0,33950,0,242.86,499.93,700927,995327,1416191,2037759,3262463,260096,16908287,1131460.21,709589.78,33950,10,10,10,0,0,0,0,0,0,1106943,2516991,4542463,1278815.49,500
1790803630,0,34450,0,244.69,500.26,701951,997887,1419263,2047999,3336191,260096,36012031,1147270.12,946431.31,34450,10,10,10,0,0,0,0,0,0,1187839,3594239,34799615,2220762.88,500
1790803631,0,34950,0,246.49,499.71,702463,1000447,1421311,2054143,3330047,260096,36012031,1148991.88,943304.78,34950,10,10,10,0,0,0,0,0,0,1188863,2326527,3031039,1267621.12,500
1790803632,0,35450,0,248.27,500.22,703999,1003519,1423359,2049023,3319807,260096,36012031,1149546.63,938099.93,35450,10,10,10,0,0,0,0,0,0,1159167,1888255,2127871,1188324.10,500
1790803633,0,35950,0,250.02,500.13,705535,1006591,1425407,2054143,3325951,260096,36012031,1152021.64,934606.31,35950,10,10,10,0,0,0,0,0,0,1245183,2385919,4067327,1327499.78,500
1790803634,0,36450,0,251.75,500.09,706559,1009151,1428479,2058239,3325951,260096,36012031,1153574.17,930827.24,36450,10,10,10,0,0,0,0,0,0,1218559,2205695,3319807,1265200.64,500
1790803635,0,36950,0,253.45,500.03,708607,1012735,1432575,2074623,3379199,260096,36012031,1160491.44,954406.74,36950,10,10,10,0,0,0,0,0,0,1332223,3147775,13008895,1664760.58,500
1790803636,0,37450,0,255.13,499.52,709631,1017343,1435647,2079743,3371007,260096,36012031,1162611.13,950507.14,37450,10,10,10,0,0,0,0,0,0,1253375,2316287,2988031,1319256.32,500
1790803637,0,37950,0,256.78,500.21,711167,1021439,1439743,2089983,3379199,260096,36012031,1165716.28,947580.80,37950,10,10,10,0,0,0,0,0,0,1340415,2527231,3418111,1398292.22,500
1790803638,0,38450,0,258.42,500.14,712703,1023999,1441791,2095103,3387391,260096,36012031,1167265.25,944333.45,38450,10,10,10,0,0,0,0,0,0,1163263,2439167,3727359,1284832.00,500
1790803639,0,38950,0,260.03,499.84,713727,1026559,1442815,2093055,3368959,260096,36012031,1168119.14,939846.56,38950,10,10,10,0,0,0,0,0,0,1210367,2032639,2297855,1233782.78,500
1790803640,0,39450,0,261.62,499.81,715775,1029631,1445887,2096127,3360767,260096,36012031,1170050.63,935881.05,39450,10,10,10,0,0,0,0,0,0,1265663,2320383,2678783,1320514.30,500
1790803641,0,39950,0,263.19,500.44,717823,1032703,1448959,2113535,3418111,260096,36012031,1175142.47,938402.69,39950,10,10,10,0,0,0,0,0,0,1309695,3559423,6053887,1576888.58,500
1790803642,0,40450,0,264.74,499.69,718335,1034239,1449983,2117631,3414015,260096,36012031,1175842.59,934803.07,40450,10,10,10,0,0,0,0,0,0,1144831,2314239,2953215,1231782.40,500
1790803643,0,40950,0,266.27,500.02,719359,1036799,1452031,2121727,3420159,260096,36012031,1177631.85,933921.55,40950,10,10,10,0,0,0,0,0,0,1190911,2390015,5271551,1322382.59,500
1790803644,0,41450,0,267.78,499.90,719359,1037311,1453055,2125823,3446783,260096,36012031,1179616.70,941756.70,41450,10,10,10,0,0,0,0,0,0,1069055,2316287,10526719,1342176.26,500
1790803645,0,41950,0,269.27,500.38,719359,1037311,1452031,2127871,3452927,260096,36012031,1179486.20,938455.65,41950,10,10,10,0,0,0,0,0,0,1008127,2179071,3583999,1168667.39,500
1790803646,0,42450,0,270.75,499.90,720383,1040383,1455103,2134015,3446783,260096,36012031,1181419.52,935710.70,42450,10,10,10,0,0,0,0,0,0,1258495,2523135,3211263,1343625.22,500
1790803647,0,42950,0,272.20,499.73,721919,1042943,1457151,2134015,3434495,260096,36012031,1182376.85,931818.13,42950,10,10,10,0,0,0,0,0,0,1225727,2121727,2754559,1263654.40,500
1790803648,0,43450,0,273.63,500.30,722431,1044479,1459199,2146303,3426303,260096,36012031,1184283.94,929448.66,43450,10,10,10,0,0,0,0,0,0,1203199,2695167,3225599,1348102.66,500
1790803649,0,43950,0,275.05,499.95,722943,1046527,1460223,2150399,3446783,260096,36012031,1187368.68,938126.17,43950,10,10,10,0,0,0,0,0,0,1218559,2496511,10993663,1455432.70,500
1790803650,0,44450,0,276.45,499.82,724991,1049599,1462271,2152447,3450879,260096,36012031,1188622.13,934883.44,44450,10,10,10,0,0,0,0,0,0,1233919,2244607,3522559,1298800.38,500
1790803651,0,44950,0,277.83,500.01,725503,1051647,1464319,2156543,3461119,260096,36012031,1190034.18,932921.24,44950,10,10,10,0,0,0,0,0,0,1205247,2441215,4763647,1315565.31,500
1790803652,0,45450,0,279.20,500.33,725503,1053695,1466367,2156543,3459071,260096,36012031,1190672.63,929688.21,45450,10,10,10,0,0,0,0,0,0,1183743,2183167,2613247,1248068.86,500
1790803653,0,45950,0,280.54,499.79,726527,1054719,1468415,2162687,3463167,260096,36012031,1193115.38,932501.66,45950,10,10,10,0,0,0,0,0,0,1205247,2633727,7852031,1415162.11,500
1790803654,0,46450,0,281.88,500.12,728063,1057791,1470463,2166783,3516415,260096,36012031,1195185.98,931293.49,46450,10,10,10,0,0,0,0,0,0,1268735,2727935,4804607,1385473.28,500
1790803655,0,46950,0,283.19,500.01,729599,1059839,1472511,2172927,3514367,260096,36012031,1196977.39,928699.03,46950,10,10,10,0,0,0,0,0,0,1282047,2473983,3389439,1363400.19,500
1790803656,0,47450,0,284.49,499.69,731135,1061887,1472511,2172927,3516415,260096,36012031,1197643.49,927536.46,47450,10,10,10,0,0,0,0,0,0,1134591,2079743,3835903,1260190.21,500
1790803657,0,47950,0,285.78,500.42,732671,1062911,1473535,2172927,3516415,260096,36012031,1198652.22,924872.54,47950,10,10,10,0,0,0,0,0,0,1177599,2385919,3205119,1294380.54,500
1790803658,0,48450,0,287.04,499.97,734207,1065983,1476607,2177023,3553279,260096,36012031,1201088.66,924601.99,48450,10,10,10,0,0,0,0,0,0,1292287,2598911,4931583,1434742.78,500
1790803659,0,48950,0,288.30,499.73,735231,1068031,1477631,2181119,3561471,260096,36012031,1202385.17,922404.05,48950,10,10,10,0,0,0,0,0,0,1217535,2385919,3977215,1328017.41,500
1790803660,0,49450,0,289.54,499.87,735743,1069055,1479679,2181119,3549183,260096,36012031,1202855.66,919209.65,49450,10,10,10,0,0,0,0,0,0,1216511,2187263,2476031,1248916.48,500
1790803661,0,49950,0,290.76,499.98,736767,1071103,1483775,2187263,3565567,260096,36012031,1205291.60,918252.20,49950,10,10,10,0,0,0,0,0,0,1316863,2926591,4259839,1446206.46,500
1790803662,0,50450,0,291.97,500.33,737279,1073151,1484799,2191359,3583999,260096,36012031,1207597.62,924938.44,50450,10,10,10,0,0,0,0,0,0,1197055,2435071,11132927,1437968.64,500
1790803663,0,50950,0,293.17,499.90,737791,1073151,1485823,2193407,3573759,260096,36012031,1208387.35,922647.41,50950,10,10,10,0,0,0,0,0,0,1232895,2379775,3383295,1288071.42,500
1790803664,0,51450,0,294.35,500.12,738303,1074175,1486847,2197503,3565567,260096,36012031,1208675.36,919663.85,51450,10,10,10,0,0,0,0,0,0,1177599,2248703,2711551,1238023.68,500
1790803665,0,51950,0,295.52,499.77,738815,1075199,1487871,2197503,3561471,260096,36012031,1209217.99,917143.91,51950,10,10,10,0,0,0,0,0,0,1172479,2285567,2963455,1265054.21,500
1790803666,0,52450,0,296.68,500.04,739839,1078271,1489919,2205695,3583999,260096,36012031,1211321.19,915768.01,52450,10,10,10,0,0,0,0,0,0,1247231,2859007,4077567,1429843.71,500
1790803667,0,52950,0,297.82,500.03,740351,1079295,1490943,2205695,3590143,260096,36012031,1212405.38,916688.40,52950,10,10,10,0,0,0,0,0,0,1184767,2250751,7217151,1326137.34,500
1790803668,0,53450,0,298.96,500.13,740863,1081343,1492991,2209791,3586047,260096,36012031,1213241.66,914098.35,53450,10,10,10,0,0,0,0,0,0,1200127,2422783,3063807,1301803.01,500
1790803669,0,53950,0,300.07,499.84,741375,1082367,1492991,2213887,3583999,260096,36012031,1213891.70,912166.95,53950,10,10,10,0,0,0,0,0,0,1142783,2637823,3411967,1283380.74,500
1790803670,0,54230,0,299.96,279.89,740863,1081343,1492991,2213887,3573759,260096,36012031,1213201.50,910485.29,54230,10,10,10,0,0,0,0,0,0,994815,1959935,2545663,1080215.31,280
1790803671,0,54430,0,299.41,200.08,740863,1081343,1491967,2213887,3569663,260096,36012031,1212892.77,909306.22,54430,10,10,10,0,0,0,0,0,0,1061887,2014207,2815999,1129180.80,200
1790803672,0,54630,0,298.87,199.95,740863,1081343,1490943,2211839,3567615,260096,36012031,1212375.46,908059.13,54630,10,10,10,0,0,0,0,0,0,1035775,1865727,2179071,1071591.04,200
1790803673,0,54830,0,298.33,200.06,740351,1081343,1489919,2211839,3563519,260096,36012031,1211939.03,907052.88,54830,10,10,10,0,0,0,0,0,0,977407,2117631,3270655,1092728.32,200
1790803674,0,55030,0,297.80,200.04,740351,1080319,1489919,2211839,3569663,260096,36012031,1211747.41,906451.76,55030,10,10,10,0,0,0,0,0,0,1005055,2269183,4558847,1159214.08,200
1790803675,0,55230,0,297.27,200.05,739839,1080319,1488895,2209791,3567615,260096,36012031,1210933.20,905163.32,55230,10,10,10,0,0,0,0,0,0,942079,1557503,1817599,986902.40,200
1790803676,0,55430,0,296.75,199.96,739839,1080319,1487871,2207743,3563519,260096,36012031,1210476.36,903982.41,55430,10,10,10,0,0,0,0,0,0,946175,1952767,2390015,1084320.00,200
1790803677,0,55630,0,296.24,200.03,739839,1080319,1487871,2205695,3559423,260096,36012031,1210010.62,902752.70,55630,10,10,10,0,0,0,0,0,0,1026047,1817599,2049023,1080930.56,200
1790803678,0,55830,0,295.73,199.90,739327,1079295,1486847,2203647,3553279,260096,36012031,1209280.99,901504.70,55830,10,10,10,0,0,0,0,0,0,947199,1593343,1830911,1006336.00,200
1790803679,0,56030,0,295.22,200.07,739327,1079295,1486847,2201599,3551231,260096,36012031,1208775.78,900280.65,56030,10,10,10,0,0,0,0,0,0,1108991,1806335,2046975,1067745.28,200
1790803680,0,56230,0,294.72,200.05,738815,1079295,1485823,2199551,3547135,260096,36012031,1207967.69,899064.96,56230,10,10,10,0,0,0,0,0,0,884735,1546239,2310143,981580.80,200
1790803681,0,56430,0,294.23,199.88,738303,1078271,1484799,2199551,3545087,260096,36012031,1207237.55,897804.69,56430,10,10,10,0,0,0,0,0,0,980479,1534975,1823743,1001959.68,200
1790803682,0,56630,0,293.74,200.09,737791,1078271,1483775,2197503,3540991,260096,36012031,1206686.31,896683.63,56630,10,10,10,0,0,0,0,0,0,986111,1849343,2504703,1051153.92,200
1790803683,0,56830,0,293.26,199.92,737791,1077247,1483775,2197503,3540991,260096,36012031,1206107.19,895531.63,56830,10,10,10,0,0,0,0,0,0,966655,1694719,2367487,1042129.28,200
1790803684,0,57030,0,292.78,200.07,737791,1077247,1482751,2197503,3536895,260096,36012031,1205643.15,894435.88,57030,10,10,10,0,0,0,0,0,0,986111,1919999,2799615,1073786.88,200
1790803685,0,57230,0,292.30,199.97,737279,1076223,1481727,2193407,3534847,260096,36012031,1205112.53,893253.89,57230,10,10,10,0,0,0,0,0,0,990207,1745919,2146303,1053806.08,200
1790803686,0,57430,0,291.84,200.06,737279,1076223,1480703,2193407,3532799,260096,36012031,1204642.74,892103.97,57430,10,10,10,0,0,0,0,0,0,1012735,1845247,2320383,1070210.56,200
1790803687,0,57630,0,291.37,199.85,736767,1076223,1480703,2191359,3532799,260096,36012031,1204205.70,891183.69,57630,10,10,10,0,0,0,0,0,0,982527,1944575,3106815,1078709.76,200
1790803688,0,57830,0,290.91,200.07,736767,1076223,1479679,2191359,3528703,260096,36012031,1203797.26,890037.51,57830,10,10,10,0,0,0,0,0,0,1043455,1928191,2248703,1086104.96,200
1790803689,0,58030,0,290.46,200.02,736255,1075199,1478655,2191359,3526655,260096,36012031,1203176.52,888990.75,58030,10,10,10,0,0,0,0,0,0,898047,1777663,3043327,1023690.24,200
1790803690,0,58230,0,290.00,199.91,736255,1075199,1477631,2189311,3520511,260096,36012031,1202507.27,887862.55,58230,10,10,10,0,0,0,0,0,0,949247,1648639,2402303,1008325.12,200
1790803691,0,58430,0,289.56,200.06,735743,1074175,1476607,2187263,3514367,260096,36012031,1202054.74,886756.49,58430,10,10,10,0,0,0,0,0,0,986111,1878015,2316287,1070300.80,200
1790803692,0,58630,0,289.12,200.12,735743,1074175,1476607,2187263,3504127,260096,36012031,1201435.70,885596.18,58630,10,10,10,0,0,0,0,0,0,900095,1673215,1991679,1020583.68,200
1790803693,0,58830,0,288.68,199.92,735231,1074175,1475583,2187263,3504127,260096,36012031,1200982.32,884715.02,58830,10,10,10,0,0,0,0,0,0,986111,1654783,3315711,1068072.32,200
1790803694,0,59030,0,288.25,199.92,735231,1073151,1474559,2185215,3502079,260096,36012031,1200422.08,883557.62,59030,10,10,10,0,0,0,0,0,0,967167,1709055,1903615,1035627.52,200
1790803695,0,59230,0,287.82,200.00,734719,1073151,1473535,2183167,3497983,260096,36012031,1199864.25,882447.45,59230,10,10,10,0,0,0,0,0,0,1018879,1570815,2075647,1035220.48,200
1790803696,0,59430,0,287.39,200.12,734207,1073151,1473535,2183167,3489791,260096,36012031,1199512.84,881506.49,59430,10,10,10,0,0,0,0,0,0,977919,2009087,2990079,1095444.48,200
1790803697,0,59630,0,286.97,200.00,734207,1073151,1472511,2181119,3481599,260096,36012031,1198911.35,880407.45,59630,10,10,10,0,0,0,0,0,0,916479,1698815,2146303,1020177.92,200
1790803698,0,59830,0,286.56,199.93,734207,1072127,1472511,2179071,3471359,260096,36012031,1198380.44,879273.92,59830,10,10,10,0,0,0,0,0,0,1000447,1786879,2040831,1040088.32,200
1790803699,0,60030,0,286.14,200.07,733695,1072127,1471487,2179071,3465215,260096,36012031,1197890.00,878256.70,60030,10,10,10,0,0,0,0,0,0,971263,1647615,2766847,1051176.96,200
1790803700,0,60230,0,285.74,199.97,733695,1072127,1471487,2179071,3463167,260096,36012031,1197303.41,877187.10,60230,10,10,10,0,0,0,0,0,0,944639,1698815,2357247,1021237.76,200
1790803701,0,60430,0,285.33,199.98,733183,1072127,1470463,2177023,3461119,260096,36012031,1196783.79,876082.89,60430,10,10,10,0,0,0,0,0,0,978943,1762303,2154495,1040300.80,200
1790803702,0,60630,0,284.93,200.03,732671,1071103,1470463,2174975,3461119,260096,36012031,1196027.45,875014.36,60630,10,10,10,0,0,0,0,0,0,840703,1632255,2050047,967497.60,200
1790803703,0,60830,0,284.53,199.91,732671,1071103,1469439,2172927,3459071,260096,36012031,1195523.38,874054.56,60830,10,10,10,0,0,0,0,0,0,959487,1777663,2719743,1042716.80,200
1790803704,0,61030,0,284.14,200.16,732159,1070079,1468415,2172927,3457023,260096,36012031,1194937.33,872980.20,61030,10,10,10,0,0,0,0,0,0,957951,1663999,1991679,1016688.00,200
1790803705,0,61230,0,283.75,199.85,731647,1070079,1467391,2170879,3452927,260096,36012031,1194350.49,871931.76,61230,10,10,10,0,0,0,0,0,0,965631,1815551,2085887,1015276.80,200
1790803706,0,61430,0,283.36,199.97,731135,1070079,1467391,2168831,3450879,260096,36012031,1193828.54,870936.17,61430,10,10,10,0,0,0,0,0,0,916479,1729535,2303999,1034034.56,200
1790803707,0,61630,0,282.98,200.04,731135,1069055,1466367,2170879,3459071,260096,36012031,1193770.37,870763.55,61630,10,10,10,0,0,0,0,0,0,1025535,2451455,5316607,1175902.72,200
1790803708,0,61830,0,282.60,200.06,730623,1069055,1466367,2168831,3454975,260096,36012031,1193221.46,869773.42,61830,10,10,10,0,0,0,0,0,0,893439,1745919,2611199,1024075.52,200
1790803709,0,62030,0,282.22,199.95,730623,1068031,1465343,2166783,3450879,260096,36012031,1192507.99,868709.14,62030,10,10,10,0,0,0,0,0,0,861183,1583103,1816575,971937.92,200
1790803710,0,62230,0,281.85,200.09,730111,1068031,1464319,2166783,3448831,260096,36012031,1191823.74,867653.66,62230,10,10,10,0,0,0,0,0,0,880127,1658879,1850367,979603.84,200
1790803711,0,62430,0,281.48,199.88,729599,1068031,1463295,2164735,3448831,260096,36012031,1191472.45,866974.57,62430,10,10,10,0,0,0,0,0,0,947711,1803263,3448831,1082169.60,200
1790803712,0,62630,0,281.12,200.16,729599,1067007,1463295,2164735,3448831,260096,36012031,1191239.16,866090.55,62630,10,10,10,0,0,0,0,0,0,990207,2020351,2721791,1118417.28,200
1790803713,0,62830,0,280.76,199.98,729599,1067007,1462271,2162687,3444735,260096,36012031,1190711.55,865046.18,62830,10,10,10,0,0,0,0,0,0,961535,1715199,1948671,1025488.64,200
1790803714,0,63030,0,280.40,200.04,729087,1067007,1462271,2162687,3444735,260096,36012031,1190324.73,864271.95,63030,10,10,10,0,0,0,0,0,0,892415,1964031,3391487,1068805.12,200
1790803715,0,63230,0,280.04,199.83,729087,1065983,1462271,2160639,3438591,260096,36012031,1189847.50,863358.76,63230,10,10,10,0,0,0,0,0,0,966655,1752063,2969599,1039448.32,200
1790803716,0,63430,0,279.69,200.16,728575,1065983,1461247,2160639,3438591,260096,36012031,1189248.10,862403.73,63430,10,10,10,0,0,0,0,0,0,896511,1655807,2514943,999749.76,200
1790803717,0,63630,0,279.34,199.93,728575,1064959,1460223,2160639,3426303,260096,36012031,1188751.80,861406.15,63630,10,10,10,0,0,0,0,0,0,995327,1686527,2166783,1031349.76,200
1790803718,0,63830,0,278.99,199.96,728063,1064959,1460223,2158591,3420159,260096,36012031,1188296.16,860404.23,63830,10,10,10,0,0,0,0,0,0,1009663,1669119,2387967,1043333.76,200
1790803719,0,64030,0,278.65,199.94,728063,1064959,1459199,2156543,3416063,260096,36012031,1187814.00,859406.58,64030,10,10,10,0,0,0,0,0,0,959487,1767423,1926143,1033932.80,200
1790803720,0,64230,0,278.31,200.10,727551,1064959,1459199,2156543,3416063,260096,36012031,1187249.59,858479.96,64230,10,10,10,0,0,0,0,0,0,905727,1650687,2932735,1006554.88,200
1790803721,0,64430,0,277.97,200.09,727551,1063935,1458175,2156543,3414015,260096,36012031,1186713.35,857507.96,64430,10,10,10,0,0,0,0,0,0,916479,1652735,2217983,1014499.20,200
1790803722,0,64630,0,277.63,199.91,727039,1063935,1458175,2154495,3411967,260096,36012031,1186212.58,856582.20,64630,10,10,10,0,0,0,0,0,0,916991,1697791,2330623,1024888.32,200
1790803723,0,64830,0,277.30,199.99,726527,1062911,1457151,2152447,3411967,260096,36012031,1185489.78,855597.46,64830,10,10,10,0,0,0,0,0,0,854015,1550335,1868799,951916.80,200
1790803724,0,65030,0,276.97,199.93,726015,1062911,1456127,2150399,3409919,260096,36012031,1184992.00,854750.54,65030,10,10,10,0,0,0,0,0,0,906239,1856511,2717695,1023637.76,200
1790803725,0,65230,0,276.65,200.13,726015,1062911,1456127,2150399,3405823,260096,36012031,1184572.39,853794.95,65230,10,10,10,0,0,0,0,0,0,976383,1724415,2326527,1048135.68,200
1790803726,0,65430,0,276.32,199.90,725503,1061887,1456127,2148351,3403775,260096,36012031,1184023.12,852835.70,65430,10,10,10,0,0,0,0,0,0,911359,1680383,2073599,1004878.08,200
1790803727,0,65630,0,276.00,200.01,725503,1061887,1455103,2146303,3401727,260096,36012031,1183474.30,851920.09,65630,10,10,10,0,0,0,0,0,0,872959,1883135,2066431,1003928.96,200
1790803728,0,65830,0,275.68,200.13,725503,1061887,1454079,2146303,3397631,260096,36012031,1182988.51,850947.78,65830,10,10,10,0,0,0,0,0,0,985087,1654783,2222079,1023576.96,200
1790803729,0,66030,0,275.37,199.89,724991,1060863,1453055,2146303,3397631,260096,36012031,1182473.16,850040.00,66030,10,10,10,0,0,0,0,0,0,891391,1581055,2463743,1012846.08,200
1790803730,0,66880,0,277.75,850.37,726015,1062911,1457151,2172927,3559423,260096,36012031,1194296.10,910825.94,66880,10,10,10,0,0,0,0,0,0,1276927,5554175,17940479,2112730.05,850
1790803731,0,67880,0,280.74,999.88,728575,1067007,1459199,2187263,3569663,260096,36012031,1197300.78,908499.95,67880,10,10,10,0,0,0,0,0,0,1247231,2783231,3807231,1398253.44,1000
1790803732,0,68880,0,283.70,1000.22,730111,1069055,1462271,2199551,3592191,235008,36012031,1201728.01,920300.34,68880,10,10,10,0,0,0,0,0,0,1222655,2912255,5382143,1502248.64,1000
1790803733,0,69880,0,286.64,999.91,731647,1071103,1464319,2207743,3586047,235008,36012031,1203467.62,916946.25,69880,10,10,10,0,0,0,0,0,0,1199103,2656255,3246079,1323291.52,1000
1790803734,0,70880,0,289.55,999.51,733695,1073151,1469439,2232319,3645439,235008,36012031,1208556.29,918855.25,70880,10,10,10,0,0,0,0,0,0,1262591,3461119,5054463,1564152.70,1000
1790803735,0,71880,0,292.45,1000.08,736255,1078271,1470463,2232319,3637247,235008,36012031,1210265.40,914838.50,71880,10,10,10,0,0,0,0,0,0,1254399,2291711,3305471,1331407.49,1000
1790803736,0,72880,0,295.31,1000.00,739327,1083391,1475583,2254847,3659775,235008,36012031,1215482.70,914564.22,72880,10,10,10,0,0,0,0,0,0,1380351,3377151,4165631,1590501.89,1000
1790803737,0,73880,0,298.16,1000.08,740863,1088511,1480703,2265087,3688447,235008,36012031,1219563.58,913126.37,73880,10,10,10,0,0,0,0,0,0,1411071,3035135,3940351,1516978.43,1000
1790803738,0,74880,0,300.98,1000.44,743935,1093631,1484799,2273279,3688447,235008,36012031,1223199.42,910845.87,74880,10,10,10,0,0,0,0,0,0,1350655,2707455,3430399,1491814.91,1000
1790803739,0,75880,0,303.78,999.34,745983,1096703,1488895,2287615,3723263,235008,36012031,1227507.28,912005.65,75880,10,10,10,0,0,0,0,0,0,1349631,3227647,4431871,1550080.00,1000
1790803740,0,76880,0,306.55,1000.73,748031,1099775,1490943,2297855,3723263,235008,36012031,1229760.65,909662.52,76880,10,10,10,0,0,0,0,0,0,1250303,2807807,3543039,1400746.37,1000
1790803741,0,77880,0,309.31,999.43,751103,1104895,1495039,2303999,3764223,235008,36012031,1235077.60,919536.68,77880,10,10,10,0,0,0,0,0,0,1361919,3471359,9977855,1643844.74,1000
1790803742,0,78880,0,312.04,1000.10,753663,1106943,1497087,2306047,3768319,235008,36012031,1236666.17,916540.10,78880,10,10,10,0,0,0,0,0,0,1254399,2445311,3813375,1360384.13,1000
1790803743,0,79880,0,314.75,1000.27,756223,1110015,1499135,2316287,3772415,235008,36012031,1240252.62,921268.14,79880,10,10,10,0,0,0,0,0,0,1281023,2940927,4210687,1523151.74,1000
1790803744,0,80880,0,317.44,999.57,758271,1112063,1500159,2318335,3784703,235008,36012031,1241553.05,919007.88,80880,10,10,10,0,0,0,0,0,0,1232895,2559999,4167679,1345431.04,1000
1790803745,0,81880,0,320.11,999.85,760319,1112063,1501183,2322431,3788799,235008,36012031,1242969.22,917067.86,81880,10,10,10,0,0,0,0,0,0,1188863,3121151,4296703,1357509.18,1000
1790803746,0,82880,0,322.75,1000.06,761343,1115135,1505279,2351103,3819519,235008,36012031,1247846.94,919219.81,82880,10,10,10,0,0,0,0,0,0,1429503,3553279,5697535,1647234.82,1000
1790803747,0,83880,0,325.38,1000.05,762879,1116159,1508351,2369535,3825663,235008,36012031,1250473.28,918537.65,83880,10,10,10,0,0,0,0,0,0,1231871,3106815,4048895,1468144.00,1000
1790803748,0,84880,0,327.99,1000.31,763903,1119231,1510399,2381823,3874815,235008,36012031,1254405.93,924416.12,84880,10,10,10,0,0,0,0,0,0,1284095,3661823,7979007,1584276.93,1000
1790803749,0,85880,0,330.57,999.61,765439,1121279,1512447,2394111,3926015,235008,36012031,1258005.41,927544.25,85880,10,10,10,0,0,0,0,0,0,1271807,3715071,6864895,1563529.22,1000
1790803750,0,86880,0,333.14,1000.83,768511,1124351,1516543,2414591,3942399,235008,36012031,1262882.19,933508.44,86880,10,10,10,0,0,0,0,0,0,1402879,3088383,9633791,1681700.22,1000
1790803751,0,87880,0,335.69,999.72,770047,1127423,1519615,2439167,3966975,235008,36012031,1266893.23,933951.90,87880,10,10,10,0,0,0,0,0,0,1363967,3538943,4644863,1615372.16,1000
1790803752,0,88880,0,338.22,999.60,772095,1129471,1522687,2455551,3995647,235008,36012031,1271322.13,939122.06,88880,10,10,10,0,0,0,0,0,0,1350655,3538943,6844415,1660534.14,1000
1790803753,0,89880,0,340.73,1000.50,773119,1131519,1525759,2471935,4016127,235008,36012031,1274230.65,938827.05,89880,10,10,10,0,0,0,0,0,0,1306623,3223551,4673535,1532739.33,1000
1790803754,0,90880,0,343.22,999.73,774143,1132543,1526783,2480127,4003839,235008,36012031,1275289.50,937016.64,90880,10,10,10,0,0,0,0,0,0,1185791,2891775,3731455,1370459.52,1000
1790803755,0,91880,0,345.69,1000.41,775167,1133567,1528831,2484223,4020223,235008,36012031,1278075.58,945218.06,91880,10,10,10,0,0,0,0,0,0,1218559,2793471,7299071,1531274.11,1000
1790803756,0,92880,0,348.14,999.66,776191,1133567,1528831,2486271,4003839,235008,36012031,1277963.00,942073.44,92880,10,10,10,0,0,0,0,0,0,1147903,2496511,3190783,1267619.46,1000
1790803757,0,93880,0,350.57,999.77,777215,1135615,1532927,2500607,4018175,235008,36012031,1281399.96,942856.05,93880,10,10,10,0,0,0,0,0,0,1355775,3217407,5533695,1600625.02,1000
1790803758,0,94880,0,352.99,1000.38,778239,1137663,1534975,2508799,4009983,235008,36012031,1282934.24,941076.10,94880,10,10,10,0,0,0,0,0,0,1245183,2836479,3678207,1426972.03,1000
1790803759,0,95880,0,355.39,999.78,778751,1138687,1538047,2516991,4026367,235008,36012031,1285861.82,946668.53,95880,10,10,10,0,0,0,0,0,0,1236991,3256319,9854975,1563630.46,1000
1790803760,0,96880,0,357.77,1000.19,779263,1138687,1538047,2521087,4030463,234240,36012031,1286209.00,944794.85,96880,10,10,10,0,0,0,0,0,0,1148927,2801663,4048895,1319497.15,1000
1790803761,0,97880,0,360.13,999.45,780287,1139711,1540095,2529279,4034559,234240,36012031,1288152.47,943537.11,97880,10,10,10,0,0,0,0,0,0,1275903,2908159,4317183,1476435.71,1000
1790803762,0,98880,0,362.48,1000.55,781311,1141759,1541119,2533375,4030463,234240,36012031,1289153.95,941541.78,98880,10,10,10,0,0,0,0,0,0,1250303,2766847,3747839,1387178.24,1000
1790803763,0,99880,0,364.81,999.40,782335,1142783,1544191,2543615,4036607,234240,36012031,1291285.00,941642.09,99880,10,10,10,0,0,0,0,0,0,1316863,3170303,4730879,1502003.33,1000
1790803764,0,100880,0,367.12,1000.01,783871,1144831,1547263,2557951,4048895,234240,36012031,1294255.00,941518.21,100880,10,10,10,0,0,0,0,0,0,1368063,3432447,4415487,1590899.07,1000
1790803765,0,101880,0,369.41,999.88,784895,1145855,1548287,2564095,4061183,234240,36012031,1295474.27,940581.34,101880,10,10,10,0,0,0,0,0,0,1231871,3043327,4866047,1418473.73,1000
1790803766,0,102880,0,371.69,1000.96,785919,1147903,1551359,2570239,4065279,234240,36012031,1297524.49,939612.47,102880,10,10,10,0,0,0,0,0,0,1306623,2920447,4218879,1506400.77,1000
1790803767,0,103880,0,373.95,999.08,786431,1147903,1552383,2576383,4050943,234240,36012031,1298601.39,938110.21,103880,10,10,10,0,0,0,0,0,0,1234943,2973695,3627007,1409393.28,1000
1790803768,0,104880,0,376.20,1000.50,787967,1150975,1556479,2586623,4073471,234240,36012031,1301922.20,939671.23,104880,10,10,10,0,0,0,0,0,0,1410047,3162111,6324223,1646887.81,1000
1790803769,0,105880,0,378.43,1000.29,788991,1151999,1557503,2594815,4083711,234240,36012031,1303662.06,939142.53,105880,10,10,10,0,0,0,0,0,0,1281023,3352575,4579327,1486138.88,1000
1790803770,0,106880,0,380.64,999.21,790015,1153023,1559551,2598911,4100095,234240,36012031,1305772.47,942521.65,106880,10,10,10,0,0,0,0,0,0,1269759,3045375,8544255,1529222.91,1000
1790803771,0,107880,0,382.84,1000.12,791039,1154047,1560575,2605055,4102143,234240,36012031,1306772.70,941095.28,107880,10,10,10,0,0,0,0,0,0,1254399,3031039,4329471,1413676.67,1000
1790803772,0,108880,0,385.02,1000.63,792063,1154047,1561599,2607103,4104191,234240,36012031,1307763.50,939897.35,108880,10,10,10,0,0,0,0,0,0,1250303,2760703,5361663,1414651.14,1000
1790803773,0,109880,0,387.19,999.81,793087,1156095,1563647,2613247,4102143,234240,36012031,1309480.61,938812.67,109880,10,10,10,0,0,0,0,0,0,1356799,2983935,3760127,1496439.23,1000
1790803774,0,110880,0,389.34,999.73,793599,1157119,1565695,2617343,4100095,234240,36012031,1310964.42,937552.76,110880,10,10,10,0,0,0,0,0,0,1326079,2985983,3989503,1474005.89,1000
1790803775,0,111880,0,391.48,999.81,795135,1159167,1568767,2627583,4116479,234240,36012031,1314539.04,947271.14,111880,10,10,10,0,0,0,0,0,0,1326079,3319807,10280959,1710893.44,1000
1790803776,0,112880,0,393.60,1000.62,796159,1159167,1568767,2625535,4108287,234240,36012031,1314793.79,944869.86,112880,10,10,10,0,0,0,0,0,0,1230847,2484223,3522559,1343294.21,1000
1790803777,0,113880,0,395.71,999.54,797183,1161215,1570815,2631679,4116479,234240,36012031,1317183.56,953302.87,113880,10,10,10,0,0,0,0,0,0,1311743,2820095,8298495,1586941.44,1000
1790803778,0,114880,0,397.80,1000.08,797695,1161215,1571839,2633727,4108287,234240,36012031,1317643.50,951327.77,114880,10,10,10,0,0,0,0,0,0,1188863,2785279,3325951,1370020.99,1000
1790803779,0,115880,0,399.88,1000.44,798719,1161215,1571839,2637823,4124671,234240,36012031,1318902.84,952334.61,115880,10,10,10,0,0,0,0,0,0,1205247,3327999,5459967,1463575.68,1000
1790803780,0,116880,0,401.94,999.44,799231,1162239,1573887,2641919,4120575,234240,36012031,1320080.31,950956.40,116880,10,10,10,0,0,0,0,0,0,1295359,2988031,3809279,1456525.70,1000
1790803781,0,117880,0,403.99,999.72,800255,1163263,1575935,2650111,4116479,234240,36012031,1321609.08,949932.37,117880,10,10,10,0,0,0,0,0,0,1316863,3080191,3889151,1500291.71,1000
1790803782,0,118880,0,406.03,1000.41,800767,1164287,1577983,2658303,4130815,234240,36012031,1324532.74,956568.85,118880,10,10,10,0,0,0,0,0,0,1293311,3436543,5763071,1669174.40,1000
1790803783,0,119880,0,408.05,1000.26,801279,1165311,1579007,2664447,4126719,234240,36012031,1325115.05,955099.44,119880,10,10,10,0,0,0,0,0,0,1215487,3006463,3495935,1394340.03,1000
1790803784,0,120880,0,410.05,999.58,802303,1167359,1582079,2678783,4145151,234240,36012031,1328980.32,959637.75,120880,10,10,10,0,0,0,0,0,0,1488895,3758079,8888319,1792348.29,1000
1790803785,0,121880,0,412.05,999.98,803327,1168383,1584127,2682879,4145151,234240,36012031,1330477.29,958619.39,121880,10,10,10,0,0,0,0,0,0,1352703,3055615,3956735,1511430.78,1000
1790803786,0,122880,0,414.03,999.92,804863,1169407,1585151,2682879,4145151,234240,36012031,1331307.71,957763.99,122880,10,10,10,0,0,0,0,0,0,1269759,2719743,3917823,1432520.19,1000
1790803787,0,123880,0,416.00,1000.29,805887,1170431,1586175,2684927,4134911,234240,36012031,1332155.13,955729.07,123880,10,10,10,0,0,0,0,0,0,1333247,2791423,3219455,1436285.70,1000
1790803788,0,124880,0,417.95,999.66,806911,1171455,1586175,2684927,4126719,234240,36012031,1332568.57,953572.10,124880,10,10,10,0,0,0,0,0,0,1246207,2648063,3299327,1383786.11,1000
1790803789,0,125880,0,419.89,1000.49,807935,1171455,1587199,2680831,4122623,234240,36012031,1332635.88,951278.64,125880,10,10,10,0,0,0,0,0,0,1247231,2361343,3768319,1341041.28,1000
1790803790,0,126270,0,419.79,389.90,807423,1171455,1586175,2680831,4118527,234240,36012031,1332000.77,950254.01,126270,10,10,10,0,0,0,0,0,0,1104895,1988607,2715647,1127005.54,390
1790803791,0,126470,0,419.07,199.95,806911,1171455,1586175,2678783,4118527,234240,36012031,1331549.09,949816.26,126470,10,10,10,0,0,0,0,0,0,885759,2031615,3108863,1046380.16,200
1790803792,0,126670,0,418.34,199.99,806911,1170431,1585151,2678783,4116479,234240,36012031,1330969.22,949291.13,126670,10,10,10,0,0,0,0,0,0,872447,1569791,1791999,964287.36,200
1790803793,0,126870,0,417.62,200.05,806399,1170431,1584127,2678783,4114431,234240,36012031,1330385.53,948813.30,126870,10,10,10,0,0,0,0,0,0,825855,1505279,2625535,960709.76,200
1790803794,0,127070,0,416.91,200.12,805887,1170431,1584127,2676735,4112383,234240,36012031,1329921.82,948304.54,127070,10,10,10,0,0,0,0,0,0,990719,1741823,2742271,1035767.68,200
1790803795,0,127270,0,416.20,199.90,805887,1169407,1584127,2676735,4114431,234240,36012031,1329599.82,948042.02,127270,10,10,10,0,0,0,0,0,0,1013759,1942527,4743167,1125013.76,200
1790803796,0,127470,0,415.50,200.06,805375,1169407,1583103,2676735,4112383,234240,36012031,1328916.64,947543.01,127470,10,10,10,0,0,0,0,0,0,812031,1453055,1571839,894178.56,200
1790803797,0,127670,0,414.80,199.88,804351,1168383,1582079,2674687,4110335,234240,36012031,1328157.45,947076.52,127670,10,10,10,0,0,0,0,0,0,801279,1435647,1581055,844286.08,200
1790803798,0,127870,0,414.10,200.09,804351,1168383,1581055,2672639,4108287,234240,36012031,1327529.63,946565.15,127870,10,10,10,0,0,0,0,0,0,819199,1548287,1743871,926761.60,200
1790803799,0,128070,0,413.41,199.90,803839,1167359,1581055,2672639,4108287,234240,36012031,1327014.23,946037.69,128070,10,10,10,0,0,0,0,0,0,907263,1665023,1965055,997490.56,200
1790803800,0,128270,0,412.72,200.07,803327,1167359,1580031,2670591,4106239,234240,36012031,1326441.59,945557.85,128270,10,10,10,0,0,0,0,0,0,863743,1576959,2664447,959751.68,200
1790803801,0,128470,0,412.04,200.09,802815,1167359,1580031,2670591,4104191,234240,36012031,1325943.26,945061.85,128470,10,10,10,0,0,0,0,0,0,934399,1841151,2527231,1006341.76,200
1790803802,0,128670,0,411.36,199.87,802303,1166335,1579007,2668543,4104191,234240,36012031,1325269.54,944602.68,128670,10,10,10,0,0,0,0,0,0,814591,1498111,2248703,892501.76,200
1790803803,0,128870,0,410.69,200.09,802303,1166335,1577983,2668543,4102143,234240,36012031,1324912.60,944148.66,128870,10,10,10,0,0,0,0,0,0,976383,2344959,2840575,1095280.64,200
1790803804,0,129070,0,410.02,199.89,801791,1166335,1577983,2666495,4102143,234240,36012031,1324463.24,943623.27,129070,10,10,10,0,0,0,0,0,0,942591,1827839,2150399,1034917.12,200
1790803805,0,129270,0,409.35,200.10,801791,1165311,1577983,2666495,4102143,234240,36012031,1324134.84,943291.32,129270,10,10,10,0,0,0,0,0,0,930815,2596863,3647487,1112199.68,200
1790803806,0,129470,0,408.69,200.08,801279,1165311,1576959,2666495,4102143,234240,36012031,1324707.30,959123.29,129470,10,10,10,0,0,0,0,0,0,914943,2596863,34471935,1694718.08,200
1790803807,0,129670,0,408.04,199.85,800767,1164287,1576959,2666495,4102143,234240,36012031,1324081.67,958636.43,129670,10,10,10,0,0,0,0,0,0,840191,1505279,2096127,919080.96,200
1790803808,0,129870,0,407.39,200.12,800255,1164287,1575935,2664447,4102143,234240,36012031,1323637.76,958176.60,129870,10,10,10,0,0,0,0,0,0,865791,1885183,3504127,1035828.48,200
1790803809,0,130070,0,406.74,200.00,800255,1164287,1575935,2662399,4100095,234240,36012031,1323198.02,957643.44,130070,10,10,10,0,0,0,0,0,0,991743,1736703,2258943,1037652.48,200
1790803810,0,130270,0,406.09,199.91,799743,1163263,1574911,2662399,4098047,234240,36012031,1322764.17,957093.11,130270,10,10,10,0,0,0,0,0,0,987135,1739775,1913855,1040606.72,200
1790803811,0,130470,0,405.45,200.00,799743,1163263,1574911,2660351,4098047,234240,36012031,1322354.72,956547.91,130470,10,10,10,0,0,0,0,0,0,992255,1815551,1996799,1055662.72,200
1790803812,0,130670,0,404.82,200.12,799231,1163263,1573887,2660351,4095999,234240,36012031,1321970.44,956118.48,130670,10,10,10,0,0,0,0,0,0,964607,1936383,3342335,1071286.40,200
1790803813,0,130870,0,404.18,199.94,798719,1163263,1573887,2658303,4095999,234240,36012031,1321515.48,955562.30,130870,10,10,10,0,0,0,0,0,0,992255,1581055,1894399,1024262.40,200
1790803814,0,131070,0,403.55,200.04,798207,1162239,1572863,2658303,4089855,234240,36012031,1321063.30,955087.78,131070,10,10,10,0,0,0,0,0,0,906239,1795071,3094527,1025184.00,200
1790803815,0,131270,0,402.93,199.94,798207,1162239,1572863,2658303,4085759,234240,36012031,1320548.00,954576.25,131270,10,10,10,0,0,0,0,0,0,908287,1516543,2654207,982842.88,200
1790803816,0,131470,0,402.31,199.89,797695,1162239,1571839,2656255,4083711,234240,36012031,1320057.87,954040.36,131470,10,10,10,0,0,0,0,0,0,969727,1598463,2103295,998360.96,200
1790803817,0,131670,0,401.69,200.20,797183,1161215,1571839,2656255,4083711,234240,36012031,1319541.97,953523.93,131670,10,10,10,0,0,0,0,0,0,877567,1636351,2117631,980416.64,200
1790803818,0,131870,0,401.08,199.87,797183,1161215,1570815,2656255,4081663,234240,36012031,1319088.25,953065.93,131870,10,10,10,0,0,0,0,0,0,889343,1843199,2965503,1020384.64,200
1790803819,0,132070,0,400.47,200.03,796671,1161215,1569791,2654207,4079615,234240,36012031,1318585.79,952544.84,132070,10,10,10,0,0,0,0,0,0,962559,1550335,1957887,987285.12,200
1790803820,0,132270,0,399.86,199.95,796671,1160191,1569791,2654207,4079615,234240,36012031,1318137.43,952013.21,132270,10,10,10,0,0,0,0,0,0,959999,1644543,2101247,1022065.92,200
1790803821,0,132470,0,399.26,199.94,796159,1160191,1568767,2652159,4077567,234240,36012031,1317589.63,951505.97,132470,10,10,10,0,0,0,0,0,0,847359,1650687,1965055,955301.76,200
1790803822,0,132670,0,398.66,200.06,795647,1160191,1568767,2652159,4075519,234240,36012031,1317106.76,950995.43,132670,10,10,10,0,0,0,0,0,0,903679,1634303,2189311,997273.60,200
1790803823,0,132870,0,398.06,199.97,795135,1159167,1567743,2650111,4073471,234240,36012031,1316548.62,950481.27,132870,10,10,10,0,0,0,0,0,0,857599,1468415,1918975,946307.84,200
1790803824,0,133070,0,397.47,200.17,795135,1159167,1566719,2650111,4073471,234240,36012031,1316062.87,949978.76,133070,10,10,10,0,0,0,0,0,0,892927,1755135,2072575,993352.96,200
1790803825,0,133270,0,396.89,199.89,794623,1159167,1566719,2648063,4073471,234240,36012031,1315594.61,949447.09,133270,10,10,10,0,0,0,0,0,0,940031,1562623,1829887,1004037.76,200
1790803826,0,133470,0,396.30,200.07,794623,1158143,1565695,2646015,4071423,234240,36012031,1315165.51,948943.07,133470,10,10,10,0,0,0,0,0,0,929279,1751039,2213887,1029234.56,200
1790803827,0,133670,0,395.72,199.85,794111,1158143,1565695,2646015,4071423,234240,36012031,1314707.31,948417.93,133670,10,10,10,0,0,0,0,0,0,946687,1624063,1969151,1008927.36,200
1790803828,0,133870,0,395.14,200.20,793599,1158143,1564671,2643967,4069375,234240,36012031,1314297.85,947987.79,133870,10,10,10,0,0,0,0,0,0,890879,1826815,3260415,1040640.00,200
1790803829,0,134070,0,394.57,199.82,793599,1158143,1564671,2643967,4069375,234240,36012031,1313843.08,947505.24,134070,10,10,10,0,0,0,0,0,0,896511,1672191,2867199,1009444.48,200
1790803830,0,134270,0,394.00,200.09,793087,1157119,1564671,2641919,4067327,234240,36012031,1313461.69,947055.82,134270,10,10,10,0,0,0,0,0,0,914431,2025471,3028991,1057792.64,200
1790803831,0,134470,0,393.43,199.98,793087,1157119,1563647,2641919,4067327,234240,36012031,1313109.36,946540.77,134470,10,10,10,0,0,0,0,0,0,1085439,1854463,2089983,1076570.24,200
1790803832,0,134670,0,392.86,199.92,792575,1157119,1563647,2641919,4065279,234240,36012031,1312754.31,946117.70,134670,10,10,10,0,0,0,0,0,0,939519,1954815,3436543,1074037.12,200
1790803833,0,134870,0,392.30,200.07,792575,1157119,1562623,2639871,4065279,234240,36012031,1312378.44,945639.21,134870,10,10,10,0,0,0,0,0,0,976383,1905663,2635775,1059290.88,200
1790803834,0,135070,0,391.75,199.93,792063,1156095,1562623,2639871,4061183,234240,36012031,1312000.28,945137.10,135070,10,10,10,0,0,0,0,0,0,942591,1681407,2179071,1056988.16,200
1790803835,0,135270,0,391.19,200.03,792063,1156095,1562623,2639871,4059135,234240,36012031,1311610.52,944660.04,135270,10,10,10,0,0,0,0,0,0,901119,1823743,2719743,1048382.08,200
1790803836,0,135470,0,390.64,200.03,791551,1156095,1561599,2637823,4057087,234240,36012031,1311235.17,944188.76,135470,10,10,10,0,0,0,0,0,0,926207,1844223,2555903,1057367.04,200
1790803837,0,135670,0,390.09,199.99,791551,1156095,1561599,2637823,4055039,234240,36012031,1310868.97,943678.54,135670,10,10,10,0,0,0,0,0,0,1041407,1689599,2263039,1062824.32,200
1790803838,0,135870,0,389.55,200.00,791039,1156095,1560575,2635775,4050943,234240,36012031,1310516.60,943157.94,135870,10,10,10,0,0,0,0,0,0,1032191,1765375,2205695,1071488.00,200
1790803839,0,136070,0,389.01,200.02,791039,1155071,1560575,2635775,4048895,234240,36012031,1310172.79,942657.04,136070,10,10,10,0,0,0,0,0,0,1047551,1738751,2115583,1076604.80,200
1790803840,0,136270,0,388.47,199.97,791039,1155071,1560575,2633727,4048895,234240,36012031,1309772.36,942200.72,136270,10,10,10,0,0,0,0,0,0,951295,2043903,2674687,1037338.24,200
1790803841,0,136470,0,387.93,200.00,790527,1155071,1559551,2633727,4048895,234240,36012031,1309257.24,941700.04,136470,10,10,10,0,0,0,0,0,0,879103,1566719,1657855,958280.32,200
1790803842,0,136670,0,387.40,200.07,790527,1154047,1559551,2631679,4048895,234240,36012031,1308942.15,941240.51,136670,10,10,10,0,0,0,0,0,0,1022975,2030591,3129343,1093941.76,200
1790803843,0,136870,0,386.87,199.95,790015,1154047,1558527,2631679,4046847,234240,36012031,1308442.44,940752.43,136870,10,10,10,0,0,0,0,0,0,843775,1602559,1999871,966965.12,200
1790803844,0,137070,0,386.34,199.96,789503,1154047,1558527,2629631,4044799,234240,36012031,1307990.01,940292.99,137070,10,10,10,0,0,0,0,0,0,865791,1816575,2613247,998372.48,200
1790803845,0,137270,0,385.82,199.99,789503,1153023,1557503,2629631,4044799,234240,36012031,1307674.05,939807.68,137270,10,10,10,0,0,0,0,0,0,1028095,1951743,2201599,1091125.76,200
1790803846,0,137470,0,385.30,200.10,788991,1153023,1557503,2627583,4038655,234240,36012031,1307275.94,939333.28,137470,10,10,10,0,0,0,0,0,0,923647,1746943,2203647,1034039.04,200
1790803847,0,137670,0,384.78,200.04,788991,1153023,1557503,2625535,4038655,234240,36012031,1306973.96,938850.16,137670,10,10,10,0,0,0,0,0,0,1013247,1921023,2166783,1099407.36,200
1790803848,0,137870,0,384.26,200.03,788479,1153023,1557503,2625535,4036607,234240,36012031,1306518.20,938373.73,137870,10,10,10,0,0,0,0,0,0,877055,1641471,1963007,992792.96,200
1790803849,0,138070,0,383.75,199.82,788479,1153023,1556479,2623487,4034559,234240,36012031,1306129.43,937876.32,138070,10,10,10,0,0,0,0,0,0,996863,1738751,2089983,1038131.84,200
1790803850,0,139702,0,387.21,1633.44,789503,1154047,1560575,2637823,4122623,234240,36012031,1314080.33,977225.79,139702,10,10,10,0,0,0,0,0,0,1368063,5828607,18415615,1986739.69,1632
1790803851,0,141694,0,391.65,1992.12,790015,1155071,1560575,2633727,4118527,213888,36012031,1313907.81,973361.77,141694,10,10,10,0,0,0,0,0,0,1206271,2504703,3610623,1301808.93,1992
1790803852,0,143694,0,396.08,1998.87,791551,1157119,1564671,2648063,4143103,213888,36012031,1318498.15,981603.78,143694,10,10,10,0,0,0,0,0,0,1340415,3348479,9863167,1643710.02,2000
1790803853,0,145694,0,400.49,2001.15,792063,1159167,1567743,2654207,4145151,213888,36012031,1320357.86,979375.34,145694,10,10,10,0,0,0,0,0,0,1287167,2969599,4247551,1453972.48,2000
1790803854,0,147696,0,404.88,2001.84,792575,1160191,1571839,2658303,4163583,213888,36012031,1322601.12,979203.87,147696,10,10,10,0,0,0,0,0,0,1335295,2879487,6557695,1485852.93,2002
1790803855,0,149704,0,409.26,2008.00,793599,1163263,1574911,2660351,4177919,213888,36012031,1324801.51,977833.35,149704,10,10,10,0,0,0,0,0,0,1363967,2793471,5468159,1486647.90,2008
1790803856,0,151701,0,413.59,1996.95,795135,1164287,1575935,2666495,4194303,213888,36012031,1327654.54,988880.28,151701,10,10,10,0,0,0,0,0,0,1278975,2959359,13754367,1541530.54,1997
1790803857,0,153706,0,417.92,2005.27,796159,1166335,1577983,2662399,4194303,213888,36012031,1328450.33,986338.21,153706,10,10,10,0,0,0,0,0,0,1305599,2455551,3653631,1388661.37,2005
1790803858,0,155704,0,422.20,1997.97,798207,1168383,1581055,2664447,4188159,213888,36012031,1330205.62,983459.91,155704,10,10,10,0,0,0,0,0,0,1360895,2684927,3792895,1465239.64,1998
1790803859,0,157704,0,426.47,1999.89,800767,1171455,1586175,2660351,4175871,213888,36012031,1332422.98,979948.61,157704,10,10,10,0,0,0,0,0,0,1440767,2564095,3317759,1505048.93,2000
1790803860,0,159696,0,430.69,1992.10,801791,1173503,1589247,2666495,4218879,213888,36012031,1336213.65,991466.86,159696,10,10,10,0,0,0,0,0,0,1327103,3172351,14499839,1636316.21,1992
1790803861,0,161696,0,434.91,2000.04,802815,1175551,1591295,2664447,4222975,213888,36012031,1337179.08,988907.05,161696,10,10,10,0,0,0,0,0,0,1326079,2508799,5595135,1414266.24,2000
1790803862,0,163696,0,439.11,1999.99,804351,1177599,1595391,2662399,4222975,213888,36012031,1339265.55,987482.73,163696,10,10,10,0,0,0,0,0,0,1393663,2533375,3891199,1507952.38,2000
1790803863,0,165710,0,443.32,2012.37,805887,1179647,1598463,2666495,4218879,213888,36012031,1340750.87,985015.46,165710,10,10,10,0,0,0,0,0,0,1308671,2869247,4040703,1461476.32,2014
1790803864,0,167710,0,447.48,2000.71,807935,1181695,1602559,2668543,4247551,197376,36012031,1343996.53,986305.12,167710,10,10,10,0,0,0,0,0,0,1426431,2916351,6483967,1612916.00,2000
1790803865,0,169694,0,451.57,1984.85,808959,1182719,1603583,2664447,4231167,197376,36012031,1343575.13,982295.89,169694,10,10,10,0,0,0,0,0,0,1263615,2275327,2811903,1307954.00,1984
1790803866,0,171670,0,455.61,1975.26,809983,1183743,1605631,2660351,4227071,197376,36012031,1344119.34,979318.22,171670,10,10,10,0,0,0,0,0,0,1287167,2500607,3551231,1390854.54,1976
1790803867,0,173704,0,459.79,2034.78,811519,1185791,1607679,2658303,4227071,197376,36012031,1346242.73,985169.72,173704,10,10,10,0,0,0,0,0,0,1378303,2516991,4026367,1525456.93,2034
1790803868,0,175704,0,463.86,1999.99,812543,1186815,1608703,2656255,4210687,197376,36012031,1346288.27,981443.03,175704,10,10,10,0,0,0,0,0,0,1294335,2330623,2904063,1350243.65,2000
1790803869,0,177692,0,467.87,1987.99,814591,1188863,1611775,2656255,4210687,197376,36012031,1347962.50,980008.05,177692,10,10,10,0,0,0,0,0,0,1392639,2660351,4272127,1495935.20,1988
1790803870,0,179690,0,471.89,1996.71,816127,1191935,1613823,2656255,4202495,197376,36012031,1349523.53,977214.33,179690,10,10,10,0,0,0,0,0,0,1384447,2658303,3475455,1488353.67,1998
1790803871,0,181710,0,475.94,2019.34,817663,1193983,1616895,2658303,4222975,197376,36012031,1351594.20,975922.87,181710,10,10,10,0,0,0,0,0,0,1410047,2936831,4825087,1535790.83,2020
1790803872,0,183707,0,479.92,1998.76,818687,1195007,1617919,2656255,4222975,197376,36012031,1351777.48,972995.90,183707,10,10,10,0,0,0,0,0,0,1292287,2404351,3325951,1368454.86,1997
1790803873,0,185704,0,483.87,1996.15,820223,1196031,1619967,2658303,4227071,197376,36012031,1353404.85,971189.00,185704,10,10,10,0,0,0,0,0,0,1371135,2969599,4358143,1503109.32,1997
1790803874,0,187694,0,487.78,1991.03,820735,1197055,1619967,2654207,4214783,197376,36012031,1352834.01,967727.02,187694,10,10,10,0,0,0,0,0,0,1256447,2336767,2779135,1299563.77,1990
1790803875,0,189704,0,491.73,2010.00,822271,1198079,1620991,2650111,4218879,197376,36012031,1353151.71,965974.41,189704,10,10,10,0,0,0,0,0,0,1267711,2426879,4694015,1382818.77,2010
1790803876,0,191698,0,495.61,1993.98,823295,1200127,1623039,2650111,4210687,197376,36012031,1353962.43,962997.69,191698,10,10,10,0,0,0,0,0,0,1378303,2527231,3289087,1431092.32,1994
1790803877,0,193706,0,499.51,2007.00,824831,1201151,1624063,2648063,4214783,197376,36012031,1355263.77,962700.97,193706,10,10,10,0,0,0,0,0,0,1342463,2611199,4435967,1479498.33,2008
1790803878,0,195698,0,503.35,1992.77,826367,1203199,1626111,2654207,4227071,197376,36012031,1357206.96,962158.74,195698,10,10,10,0,0,0,0,0,0,1369087,3139583,5349375,1546166.94,1992
1790803879,0,197708,0,507.22,2010.24,827391,1205247,1628159,2656255,4247551,197376,36012031,1359384.41,963230.76,197708,10,10,10,0,0,0,0,0,0,1390591,2824191,6197247,1571385.50,2010
1790803880,0,199694,0,511.00,1985.73,828415,1206271,1630207,2654207,4239359,197376,36012031,1360078.05,960715.62,199694,10,10,10,0,0,0,0,0,0,1326079,2521087,3086335,1429130.28,1986
1790803881,0,201710,0,514.84,2014.54,828927,1207295,1632255,2654207,4247551,197376,36012031,1360979.97,960339.90,201710,10,10,10,0,0,0,0,0,0,1317887,2873343,5566463,1450319.05,2016
1790803882,0,203706,0,518.61,1997.72,830463,1209343,1633279,2654207,4247551,197376,36012031,1362210.15,959154.47,203706,10,10,10,0,0,0,0,0,0,1394687,2605055,5984255,1486529.54,1996
1790803883,0,205705,0,522.37,1999.06,830975,1210367,1635327,2656255,4276223,197376,36012031,1363719.77,959287.93,205705,10,10,10,0,0,0,0,0,0,1352703,3176447,6225919,1517555.45,1999
1790803884,0,207700,0,526.10,1994.96,831999,1211391,1636351,2656255,4272127,197376,36012031,1364057.60,956892.11,207700,10,10,10,0,0,0,0,0,0,1298431,2596863,3733503,1398891.85,1995
1790803885,0,209710,0,529.85,2008.02,833023,1213439,1638399,2658303,4280319,197376,36012031,1365786.40,956487.27,209710,10,10,10,0,0,0,0,0,0,1381375,2756607,5427199,1544428.20,2010
1790803886,0,211696,0,533.52,1987.97,834559,1214463,1639423,2656255,4288511,197376,36012031,1366721.56,956001.75,211696,10,10,10,0,0,0,0,0,0,1362943,2496511,6111231,1465469.36,1986
1790803887,0,213710,0,537.24,2012.53,835583,1215487,1640447,2656255,4288511,197376,36012031,1367541.34,955108.36,213710,10,10,10,0,0,0,0,0,0,1321983,2695167,4227071,1453709.98,2014
1790803888,0,215702,0,540.89,1993.38,837119,1217535,1642495,2658303,4313087,197376,36012031,1369434.05,956630.79,215702,10,10,10,0,0,0,0,0,0,1384447,2856959,5537791,1572492.47,1992
1790803889,0,217704,0,544.55,2002.01,837631,1218559,1643519,2656255,4300799,197376,36012031,1369656.82,953967.81,217704,10,10,10,0,0,0,0,0,0,1347583,2375679,2914303,1393658.89,2002
1790803890,0,219694,0,548.15,1990.03,838655,1219583,1645567,2658303,4329471,197376,36012031,1372265.77,964091.80,219694,10,10,10,0,0,0,0,0,0,1349631,2893823,15687679,1657682.24,1990
1790803891,0,221698,0,551.78,2004.04,839679,1220607,1647615,2658303,4317183,197376,36012031,1373071.78,961892.76,221698,10,10,10,0,0,0,0,0,0,1390591,2697215,3688447,1461432.40,2004
1790803892,0,223702,0,555.38,2003.75,840703,1221631,1648639,2658303,4317183,197376,36012031,1373823.00,960044.78,223702,10,10,10,0,0,0,0,0,0,1356799,2648063,3663871,1456928.42,2004
1790803893,0,225690,0,558.93,1988.02,841727,1223679,1650687,2656255,4300799,197376,36012031,1374372.82,957370.28,225690,10,10,10,0,0,0,0,0,0,1372159,2400255,3194879,1436242.38,1988
1790803894,0,227708,0,562.53,2018.19,842751,1224703,1652735,2656255,4296703,197376,36012031,1375366.91,955712.29,227708,10,10,10,0,0,0,0,0,0,1420287,2682879,3985407,1486543.92,2018
1790803895,0,229702,0,566.06,1994.06,843263,1224703,1652735,2656255,4284415,197376,36012031,1375115.41,953358.61,229702,10,10,10,0,0,0,0,0,0,1235967,2670591,3244031,1346394.96,1994
1790803896,0,231704,0,569.59,2000.95,843775,1225727,1654783,2658303,4317183,197376,36012031,1377030.35,956408.11,231704,10,10,10,0,0,0,0,0,0,1385471,3047423,8183807,1596744.38,2002
1790803897,0,233694,0,573.08,1990.78,844799,1226751,1655807,2656255,4296703,197376,36012031,1377139.21,953819.67,233694,10,10,10,0,0,0,0,0,0,1339391,2375679,3319807,1389813.52,1990
1790803898,0,235710,0,576.60,2014.44,845311,1228799,1656831,2654207,4304895,197376,36012031,1377980.91,953566.61,235710,10,10,10,0,0,0,0,0,0,1409023,2492415,4685823,1475551.11,2016
1790803899,0,237704,0,580.06,1995.81,846335,1229823,1658879,2656255,4300799,197376,36012031,1378954.34,951770.81,237704,10,10,10,0,0,0,0,0,0,1424383,2785279,3543039,1494022.93,1994
1790803900,0,239690,0,583.49,1984.27,846847,1229823,1658879,2656255,4317183,197376,36012031,1380365.80,960256.00,239690,10,10,10,0,0,0,0,0,0,1273855,2815999,12189695,1549303.36,1986
1790803901,0,241708,0,586.97,2019.62,847871,1229823,1658879,2654207,4308991,197376,36012031,1380053.06,957960.90,241708,10,10,10,0,0,0,0,0,0,1258495,2443263,3008511,1342906.35,2018
1790803902,0,243706,0,590.39,1998.13,848895,1231871,1659903,2656255,4313087,197376,36012031,1381379.73,958987.75,243706,10,10,10,0,0,0,0,0,0,1362943,2830335,8290303,1541873.43,1998
1790803903,0,245690,0,593.76,1983.61,848895,1230847,1658879,2656255,4296703,197376,36012031,1380721.82,956634.22,245690,10,10,10,0,0,0,0,0,0,1208319,2428927,3252223,1299907.39,1984
1790803904,0,247710,0,597.19,2018.45,849919,1231871,1659903,2654207,4284415,197376,36012031,1380695.01,954084.94,247710,10,10,10,0,0,0,0,0,0,1298431,2402303,3012607,1377434.55,2020
1790803905,0,249704,0,600.55,1995.28,850431,1232895,1659903,2652159,4292607,197376,36012031,1381113.63,954080.43,249704,10,10,10,0,0,0,0,0,0,1314815,2508799,7712767,1433117.72,1994
1790803906,0,251706,0,603.92,2002.49,850943,1233919,1660927,2648063,4280319,197376,36012031,1380914.85,951642.81,251706,10,10,10,0,0,0,0,0,0,1347583,2441215,2805759,1356121.25,2002
1790803907,0,253710,0,607.27,2004.14,851455,1234943,1661951,2648063,4272127,197376,36012031,1381417.94,949675.94,253710,10,10,10,0,0,0,0,0,0,1367039,2586623,3981311,1444607.68,2004
1790803908,0,255690,0,610.55,1979.42,852479,1234943,1661951,2646015,4259839,197376,36012031,1381003.72,947331.86,255690,10,10,10,0,0,0,0,0,0,1243135,2385919,3201023,1327926.56,1980
1790803909,0,257700,0,613.88,2010.50,853503,1234943,1662975,2646015,4263935,197376,36012031,1381713.79,946600.35,257700,10,10,10,0,0,0,0,0,0,1333247,2699263,5369855,1472041.46,2010
1790803910,0,258290,0,613.82,589.93,852991,1234943,1661951,2646015,4263935,197376,36012031,1381406.40,945967.88,258290,10,10,10,0,0,0,0,0,0,1160191,2334719,3657727,1247145.00,590
1790803911,0,258490,0,612.84,199.93,852991,1234943,1661951,2646015,4259839,197376,36012031,1381196.22,945741.28,258490,10,10,10,0,0,0,0,0,0,980991,2085887,2338815,1109753.60,200
1790803912,0,258690,0,611.86,199.96,852991,1234943,1661951,2646015,4259839,197376,36012031,1380909.95,945499.52,258690,10,10,10,0,0,0,0,0,0,878079,1709055,1985535,1010915.20,200
1790803913,0,258890,0,610.89,200.05,852479,1234943,1661951,2643967,4259839,197376,36012031,1380663.69,945260.13,258890,10,10,10,0,0,0,0,0,0,916479,1857535,2226175,1062149.76,200
1790803914,0,259090,0,609.93,200.06,852479,1233919,1660927,2643967,4259839,197376,36012031,1380362.53,945039.46,259090,10,10,10,0,0,0,0,0,0,865791,1705983,2762751,990519.04,200
1790803915,0,259290,0,608.96,199.83,851967,1233919,1660927,2643967,4259839,197376,36012031,1380131.52,944780.83,259290,10,10,10,0,0,0,0,0,0,1055743,1770495,2089983,1080864.64,200
1790803916,0,259490,0,608.00,200.08,851967,1233919,1660927,2641919,4255743,197376,36012031,1379862.16,944535.79,259490,10,10,10,0,0,0,0,0,0,916479,1769471,2119679,1030653.44,200
1790803917,0,259690,0,607.05,199.92,851455,1233919,1659903,2641919,4251647,197376,36012031,1379584.90,944317.72,259690,10,10,10,0,0,0,0,0,0,865279,1680383,2500607,1019862.40,200
1790803918,0,259890,0,606.10,200.12,851455,1233919,1659903,2641919,4251647,197376,36012031,1379349.86,944089.74,259890,10,10,10,0,0,0,0,0,0,932351,1815551,2586623,1074157.44,200
1790803919,0,260090,0,605.16,199.92,851455,1233919,1659903,2641919,4247551,197376,36012031,1379130.73,943881.18,260090,10,10,10,0,0,0,0,0,0,932863,1832959,2926591,1094385.28,200
1790803920,0,260290,0,604.22,200.08,850943,1232895,1659903,2641919,4247551,197376,36012031,1378868.91,943663.84,260290,10,10,10,0,0,0,0,0,0,891903,1754111,3160063,1038378.88,200
1790803921,0,260490,0,603.28,199.94,850943,1232895,1658879,2641919,4247551,197376,36012031,1378543.19,943424.31,260490,10,10,10,0,0,0,0,0,0,864255,1561599,1694719,954637.44,200
1790803922,0,260690,0,602.35,199.99,850431,1232895,1658879,2639871,4247551,197376,36012031,1378231.65,943189.66,260690,10,10,10,0,0,0,0,0,0,859135,1699839,1889279,972462.08,200
1790803923,0,260890,0,601.42,200.09,850431,1231871,1658879,2639871,4243455,197376,36012031,1377966.52,942956.13,260890,10,10,10,0,0,0,0,0,0,909311,1842175,2506751,1032388.48,200
1790803924,0,261090,0,600.50,200.00,849919,1231871,1658879,2639871,4243455,197376,36012031,1377664.26,942729.45,261090,10,10,10,0,0,0,0,0,0,869375,1658879,2007039,983382.40,200
1790803925,0,261290,0,599.58,199.91,849919,1231871,1657855,2639871,4239359,197376,36012031,1377420.65,942487.75,261290,10,10,10,0,0,0,0,0,0,962559,1896447,2310143,1059391.36,200
1790803926,0,261490,0,598.66,199.98,849407,1231871,1657855,2637823,4239359,197376,36012031,1377179.83,942278.44,261490,10,10,10,0,0,0,0,0,0,894463,2166783,2793471,1062567.04,200
1790803927,0,261690,0,597.75,200.07,849407,1231871,1657855,2637823,4243455,197376,36012031,1377127.03,943040.63,261690,10,10,10,0,0,0,0,0,0,912895,2277375,9625599,1308090.88,200
1790803928,0,261890,0,596.85,199.98,848895,1230847,1657855,2637823,4243455,197376,36012031,1376852.49,942806.25,261890,10,10,10,0,0,0,0,0,0,886271,1675263,2394111,1017635.84,200
1790803929,0,262090,0,595.94,199.98,848895,1230847,1656831,2637823,4239359,197376,36012031,1376524.18,942588.07,262090,10,10,10,0,0,0,0,0,0,843263,1602559,2199551,946621.44,200
1790803930,0,262290,0,595.05,200.06,848383,1230847,1656831,2637823,4239359,197376,36012031,1376222.40,942365.88,262290,10,10,10,0,0,0,0,0,0,850943,1716223,2220031,980743.68,200
1790803931,0,262490,0,594.15,200.07,848383,1229823,1656831,2637823,4239359,197376,36012031,1375897.38,942133.46,262490,10,10,10,0,0,0,0,0,0,858111,1612799,1830911,949656.32,200
1790803932,0,262690,0,593.26,199.88,847871,1229823,1655807,2635775,4239359,197376,36012031,1375606.97,941900.29,262690,10,10,10,0,0,0,0,0,0,861183,1793023,1966079,994460.16,200
1790803933,0,262890,0,592.38,200.02,847871,1229823,1655807,2635775,4235263,197376,36012031,1375399.52,941660.47,262890,10,10,10,0,0,0,0,0,0,988671,1864703,2535423,1102916.48,200
1790803934,0,263090,0,591.49,200.07,847359,1229823,1655807,2635775,4239359,197376,36012031,1375193.48,941483.37,263090,10,10,10,0,0,0,0,0,0,978431,1836031,4333567,1104375.04,200
1790803935,0,263290,0,590.61,199.87,847359,1229823,1655807,2633727,4235263,197376,36012031,1374912.58,941245.18,263290,10,10,10,0,0,0,0,0,0,924159,1709055,1912831,1005399.04,200
1790803936,0,263490,0,589.74,200.15,846847,1229823,1654783,2633727,4231167,197376,36012031,1374610.89,941007.07,263490,10,10,10,0,0,0,0,0,0,873471,1598463,1682431,977447.04,200
1790803937,0,263690,0,588.87,199.90,846847,1228799,1654783,2633727,4231167,197376,36012031,1374330.83,940768.31,263690,10,10,10,0,0,0,0,0,0,900607,1690623,2014207,1005368.96,200
1790803938,0,263890,0,588.00,199.96,846847,1228799,1654783,2633727,4239359,197376,36012031,1374278.20,941313.85,263890,10,10,10,0,0,0,0,0,0,910847,1867775,9330687,1304884.48,200
1790803939,0,264090,0,587.14,200.01,846847,1228799,1653759,2633727,4239359,197376,36012031,1374074.60,941057.63,264090,10,10,10,0,0,0,0,0,0,1049599,1786879,2181119,1105436.80,200
1790803940,0,264290,0,586.28,200.13,846335,1228799,1653759,2631679,4235263,197376,36012031,1373790.61,940829.76,264290,10,10,10,0,0,0,0,0,0,875519,1785855,2308095,998800.00,200
1790803941,0,264490,0,585.43,199.86,846335,1228799,1653759,2631679,4231167,197376,36012031,1373525.43,940614.84,264490,10,10,10,0,0,0,0,0,0,880127,1841151,2795519,1023098.24,200
1790803942,0,264690,0,584.58,200.13,845823,1227775,1652735,2631679,4231167,197376,36012031,1373275.95,940389.53,264690,10,10,10,0,0,0,0,0,0,886271,1737727,2514943,1043355.52,200
1790803943,0,264890,0,583.73,199.98,845823,1227775,1652735,2631679,4227071,197376,36012031,1372952.32,940156.93,264890,10,10,10,0,0,0,0,0,0,837119,1600511,1712127,944636.16,200
1790803944,0,265090,0,582.88,199.90,845311,1227775,1652735,2631679,4227071,197376,36012031,1372678.42,939942.63,265090,10,10,10,0,0,0,0,0,0,871935,1673215,2830335,1009911.04,200
1790803945,0,265290,0,582.04,200.02,845311,1227775,1651711,2629631,4227071,197376,36012031,1372388.41,939713.34,265290,10,10,10,0,0,0,0,0,0,851455,1682431,2347007,988000.00,200
1790803946,0,265490,0,581.21,199.98,844799,1226751,1651711,2629631,4227071,197376,36012031,1372112.69,939477.35,265490,10,10,10,0,0,0,0,0,0,906751,1666047,2297855,1006378.88,200
1790803947,0,265690,0,580.38,200.07,844799,1226751,1651711,2629631,4222975,197376,36012031,1371831.11,939234.86,265690,10,10,10,0,0,0,0,0,0,909311,1618943,1694719,998057.60,200
1790803948,0,265890,0,579.55,199.90,844799,1226751,1651711,2627583,4222975,197376,36012031,1371600.65,939013.77,265890,10,10,10,0,0,0,0,0,0,945663,1799167,2885631,1065438.08,200
1790803949,0,266090,0,578.72,200.14,844287,1226751,1650687,2627583,4222975,197376,36012031,1371397.62,938860.31,266090,10,10,10,0,0,0,0,0,0,883199,2220031,3831807,1101477.76,200
1790803950,0,266290,0,577.90,199.94,844287,1226751,1650687,2627583,4222975,197376,36012031,1371081.19,938629.04,266290,10,10,10,0,0,0,0,0,0,848895,1592319,1930239,950086.40,200
1790803951,0,266490,0,577.08,200.04,843775,1225727,1650687,2627583,4218879,197376,36012031,1370870.49,938388.61,266490,10,10,10,0,0,0,0,0,0,1001983,1832959,2351103,1090343.68,200
1790803952,0,266690,0,576.27,199.86,843775,1225727,1649663,2625535,4218879,197376,36012031,1370607.40,938155.34,266690,10,10,10,0,0,0,0,0,0,879615,1766399,2063359,1020051.20,200
1790803953,0,266890,0,575.45,200.08,843775,1225727,1649663,2625535,4218879,197376,36012031,1370332.28,937937.61,266890,10,10,10,0,0,0,0,0,0,853503,1748991,2467839,1003468.80,200
1790803954,0,267090,0,574.65,200.00,843263,1225727,1649663,2625535,4218879,197376,36012031,1370047.47,937708.68,267090,10,10,10,0,0,0,0,0,0,875519,1654783,2545663,989984.00,200
1790803955,0,267290,0,573.84,200.09,843263,1225727,1649663,2625535,4214783,197376,36012031,1369738.00,937481.11,267290,10,10,10,0,0,0,0,0,0,872959,1624063,1880063,956460.80,200
1790803956,0,267490,0,573.04,199.89,842751,1224703,1648639,2625535,4214783,197376,36012031,1369487.65,937272.60,267490,10,10,10,0,0,0,0,0,0,901631,1866751,3051519,1034897.28,200
1790803957,0,267690,0,572.25,200.12,842751,1224703,1648639,2623487,4214783,197376,36012031,1369224.25,937030.13,267690,10,10,10,0,0,0,0,0,0,930815,1642495,1784831,1016949.12,200
1790803958,0,267890,0,571.45,199.89,842239,1224703,1648639,2623487,4210687,197376,36012031,1369007.41,936800.04,267890,10,10,10,0,0,0,0,0,0,951295,1851391,2279423,1078769.92,200
1790803959,0,268090,0,570.66,199.93,842239,1224703,1648639,2623487,4210687,197376,36012031,1368692.69,936577.50,268090,10,10,10,0,0,0,0,0,0,838655,1548287,2134015,947150.72,200
1790803960,0,268290,0,569.87,200.07,842239,1224703,1647615,2623487,4206591,197376,36012031,1368470.89,936369.06,268290,10,10,10,0,0,0,0,0,0,954367,1967103,3045375,1071152.64,200
1790803961,0,268490,0,569.09,200.10,841727,1223679,1647615,2623487,4206591,197376,36012031,1368176.50,936140.06,268490,10,10,10,0,0,0,0,0,0,861183,1660927,1756159,973271.04,200
1790803962,0,268690,0,568.31,199.95,841727,1223679,1647615,2621439,4206591,197376,36012031,1367900.46,935906.61,268690,10,10,10,0,0,0,0,0,0,896511,1674239,1772543,997330.56,200
1790803963,0,268890,0,567.53,199.90,841215,1223679,1646591,2621439,4202495,197376,36012031,1367631.82,935676.07,268890,10,10,10,0,0,0,0,0,0,887295,1732607,2140159,1006727.68,200
1790803964,0,269090,0,566.76,200.09,841215,1223679,1646591,2621439,4202495,197376,36012031,1367393.10,935478.26,269090,10,10,10,0,0,0,0,0,0,893951,1889279,3010559,1046440.96,200
1790803965,0,269290,0,565.99,199.98,840703,1223679,1646591,2619391,4202495,197376,36012031,1367148.31,935246.24,269290,10,10,10,0,0,0,0,0,0,916479,1781759,2111487,1037797.76,200
1790803966,0,269490,0,565.22,199.94,840703,1222655,1646591,2619391,4202495,197376,36012031,1366881.56,935018.40,269490,10,10,10,0,0,0,0,0,0,893439,1677311,2181119,1007713.92,200
1790803967,0,269690,0,564.45,199.96,840703,1222655,1645567,2619391,4198399,197376,36012031,1366605.66,934789.21,269690,10,10,10,0,0,0,0,0,0,887807,1690623,1843199,994851.84,200
1790803968,0,269890,0,563.69,200.13,840191,1222655,1645567,2619391,4194303,197376,36012031,1366383.15,934591.68,269890,10,10,10,0,0,0,0,0,0,896511,2193407,3031039,1066333.44,200
1790803969,0,270090,0,562.93,199.93,840191,1222655,1645567,2617343,4192255,197376,36012031,1366134.61,934350.99,270090,10,10,10,0,0,0,0,0,0,930815,1680383,1971199,1030745.60,200
1790803970,0,272520,0,566.82,2429.88,839679,1220607,1643519,2623487,4292607,197376,36012031,1368083.07,948198.63,272520,10,10,10,0,0,0,0,0,0,1055743,5201919,12918783,1584650.53,2430
1790803971,0,275520,0,571.87,3000.91,838143,1217535,1640447,2619391,4292607,197376,36012031,1365211.66,945461.29,275520,10,10,10,0,0,0,0,0,0,988671,1894399,3807231,1104373.12,3000
1790803972,0,278520,0,576.90,2999.69,838143,1214463,1637375,2613247,4284415,197376,36012031,1362766.32,942457.37,278520,10,10,10,0,0,0,0,0,0,1049599,1974271,2621439,1138185.56,3000
1790803973,0,281520,0,581.91,3001.02,837631,1212415,1634303,2607103,4259839,197376,36012031,1360578.94,939082.63,281520,10,10,10,0,0,0,0,0,0,1077247,2077695,2891775,1157503.17,3000
1790803974,0,284520,0,586.89,2998.16,837119,1210367,1632255,2603007,4259839,197376,36012031,1358612.50,937043.44,284520,10,10,10,0,0,0,0,0,0,1062911,2038783,3012607,1174082.05,3000
1790803975,0,287520,0,591.86,3001.69,837119,1208319,1630207,2605055,4276223,197376,36012031,1358973.98,950690.16,287520,10,10,10,0,0,0,0,0,0,1092607,2658303,13074431,1393255.98,3000
1790803976,0,290520,0,596.81,2997.97,836607,1206271,1627135,2598911,4272127,197376,36012031,1356796.02,947804.18,290520,10,10,10,0,0,0,0,0,0,1042943,2154495,3244031,1148060.52,3000
1790803977,0,293520,0,601.73,3000.01,836607,1204223,1624063,2594815,4272127,197376,36012031,1354518.65,945077.47,293520,10,10,10,0,0,0,0,0,0,1052671,1828863,3237887,1133978.20,3000
1790803978,0,296520,0,606.64,3000.01,836095,1201151,1620991,2586623,4259839,197376,36012031,1351964.70,941987.70,296520,10,10,10,0,0,0,0,0,0,1046015,1953791,2557951,1102086.29,3000
1790803979,0,299520,0,611.53,3001.27,835583,1199103,1617919,2582527,4239359,197376,36012031,1349684.25,938948.15,299520,10,10,10,0,0,0,0,0,0,1035775,1967103,3117055,1124284.12,3000
1790803980,0,302520,0,616.40,3001.24,835071,1196031,1614847,2578431,4239359,197376,36012031,1347611.44,936672.21,302520,10,10,10,0,0,0,0,0,0,1049599,1927167,2852863,1140662.78,3000
1790803981,0,305520,0,621.24,2999.02,835071,1195007,1612799,2570239,4218879,197376,36012031,1345488.90,933344.92,305520,10,10,10,0,0,0,0,0,0,1074175,1995775,2498559,1131451.56,3000
1790803982,0,308520,0,626.07,3000.82,834559,1193983,1610751,2570239,4247551,197376,36012031,1345329.05,935547.08,308520,10,10,10,0,0,0,0,0,0,1099775,2537471,6045695,1329049.90,3000
1790803983,0,311520,0,630.88,2998.92,834047,1191935,1607679,2566143,4227071,197376,36012031,1342866.89,932303.79,311520,10,10,10,0,0,0,0,0,0,1029631,1855487,2584575,1089658.13,3000
1790803984,0,314520,0,635.66,3000.71,834559,1189887,1604607,2562047,4227071,197376,36012031,1341847.32,934966.40,314520,10,10,10,0,0,0,0,0,0,1095679,1857535,4542463,1235975.85,3000
1790803985,0,317520,0,640.43,2997.77,834559,1188863,1601535,2557951,4210687,197376,36012031,1339873.37,931734.80,317520,10,10,10,0,0,0,0,0,0,1085439,1907711,2574335,1132923.86,3000
1790803986,0,320520,0,645.18,3000.34,835071,1187839,1599487,2555903,4218879,197376,36012031,1338964.51,930340.88,320520,10,10,10,0,0,0,0,0,0,1117183,1976319,5697535,1242771.18,3000
1790803987,0,323520,0,649.91,3002.14,835583,1185791,1596415,2549759,4202495,197376,36012031,1337071.82,927166.94,323520,10,10,10,0,0,0,0,0,0,1084415,1946623,2469887,1134857.13,3000
1790803988,0,326520,0,654.62,2998.09,835583,1184767,1593343,2549759,4239359,197376,36012031,1336507.64,927172.34,326520,10,10,10,0,0,0,0,0,0,1104895,2691071,5992447,1275666.35,3000
1790803989,0,329520,0,659.32,2999.45,836095,1183743,1590271,2545663,4218879,197376,36012031,1334721.22,923906.56,329520,10,10,10,0,0,0,0,0,0,1113087,1780735,2578431,1140287.45,3000
1790803990,0,332520,0,663.99,3002.75,837119,1182719,1588223,2543615,4222975,197376,36012031,1334377.37,926055.04,332520,10,10,10,0,0,0,0,0,0,1150975,1985535,4517887,1296608.94,3000
1790803991,0,335520,0,668.65,2997.77,838143,1181695,1585151,2537471,4206591,197376,36012031,1332662.20,922666.41,335520,10,10,10,0,0,0,0,0,0,1114111,1747967,2224127,1142551.94,3000
1790803992,0,338520,0,673.28,3002.16,838143,1180671,1582079,2533375,4186111,197376,36012031,1330955.77,919678.08,338520,10,10,10,0,0,0,0,0,0,1092607,1908735,2693119,1140108.67,3000
1790803993,0,341520,0,677.90,2999.49,837631,1179647,1581055,2527231,4173823,197376,36012031,1329209.93,916797.68,341520,10,10,10,0,0,0,0,0,0,1080319,1952767,2328575,1132209.15,3000
1790803994,0,344520,0,682.50,3000.27,837631,1178623,1579007,2527231,4169727,197376,36012031,1328040.61,914717.95,344520,10,10,10,0,0,0,0,0,0,1068031,2209791,3813375,1194926.12,3000
1790803995,0,347520,0,687.08,3000.31,838143,1176575,1576959,2523135,4163583,197376,36012031,1326729.61,912189.45,347520,10,10,10,0,0,0,0,0,0,1087487,2088959,2854911,1176174.34,3000
1790803996,0,350520,0,691.65,2997.79,838655,1176575,1574911,2519039,4149247,197376,36012031,1325743.65,909270.51,350520,10,10,10,0,0,0,0,0,0,1147903,1933311,2744319,1211529.43,3000
1790803997,0,353520,0,696.19,2999.98,839679,1175551,1572863,2514943,4136959,197376,36012031,1324378.77,906230.80,353520,10,10,10,0,0,0,0,0,0,1115135,1849343,2500607,1164906.03,3000
1790803998,0,356520,0,700.72,3000.43,840703,1175551,1570815,2512895,4141055,197376,36012031,1324523.46,912319.49,356520,10,10,10,0,0,0,0,0,0,1143807,2037759,6664191,1341574.61,3000
1790803999,0,359520,0,705.23,2999.01,841215,1174527,1567743,2508799,4126719,197376,36012031,1323126.24,909333.97,359520,10,10,10,0,0,0,0,0,0,1092607,1828863,2535423,1157080.06,3000
1790804000,0,362520,0,709.72,3001.59,841727,1173503,1565695,2506751,4139007,197376,36012031,1322484.91,909384.38,362520,10,10,10,0,0,0,0,0,0,1085439,1939455,6914047,1245627.52,3000
1790804001,0,365520,0,714.20,2998.30,840703,1171455,1563647,2504703,4130815,197376,36012031,1320633.94,907408.09,365520,10,10,10,0,0,0,0,0,0,992767,2213887,3583999,1096963.26,3000
1790804002,0,368520,0,718.66,3002.43,840703,1170431,1562623,2502655,4132863,197376,36012031,1320009.24,907611.05,368520,10,10,10,0,0,0,0,0,0,1085439,2038783,4861951,1243896.32,3000
1790804003,0,371520,0,723.10,2999.15,840191,1168383,1560575,2498559,4122623,197376,36012031,1318287.89,905128.24,371520,10,10,10,0,0,0,0,0,0,1021439,2064383,2641919,1106836.57,3000
1790804004,0,374520,0,727.52,3000.09,840191,1168383,1559551,2500607,4128767,197376,36012031,1318092.28,905021.90,374520,10,10,10,0,0,0,0,0,0,1107967,2547711,5046271,1293867.54,3000
1790804005,0,377520,0,731.93,2999.96,838655,1166335,1557503,2496511,4114431,197376,36012031,1315853.47,902562.22,377520,10,10,10,0,0,0,0,0,0,962559,1810431,2414591,1036361.41,3000
1790804006,0,380520,0,736.32,3000.87,839167,1165311,1555455,2494463,4104191,197376,36012031,1314635.84,900271.54,380520,10,10,10,0,0,0,0,0,0,1071103,1945599,3452927,1161409.32,3000
1790804007,0,383520,0,740.69,2999.04,839167,1164287,1554431,2490367,4093951,197376,36012031,1313682.25,898090.75,383520,10,10,10,0,0,0,0,0,0,1098751,2203647,3024895,1192728.87,3000
1790804008,0,386520,0,745.04,3000.62,838655,1163263,1552383,2490367,4104191,197376,36012031,1312972.60,897179.34,386520,10,10,10,0,0,0,0,0,0,1067007,2113535,5345279,1222250.92,3000
1790804009,0,389520,0,749.38,2998.71,838655,1163263,1551359,2486271,4093951,197376,36012031,1311847.81,894813.46,389520,10,10,10,0,0,0,0,0,0,1092607,2107391,2797567,1166928.94,3000
1790804010,0,392520,0,753.70,3001.39,839679,1163263,1551359,2486271,4112383,197376,36012031,1314320.84,923110.70,392520,10,10,10,0,0,0,0,0,0,1198079,2240511,17580031,1635419.35,3000
1790804011,0,395520,0,758.01,2998.95,839167,1162239,1549311,2484223,4104191,197376,36012031,1312967.97,921077.13,395520,10,10,10,0,0,0,0,0,0,1039871,2303999,3391487,1135958.38,3000
1790804012,0,398520,0,762.30,3001.69,838655,1161215,1548287,2482175,4095999,197376,36012031,1311912.62,918917.24,398520,10,10,10,0,0,0,0,0,0,1062911,2248703,2936831,1172775.13,3000
1790804013,0,401520,0,766.57,2997.41,838655,1160191,1546239,2476031,4083711,197376,36012031,1310216.54,916468.71,401520,10,10,10,0,0,0,0,0,0,1027071,1918975,2404351,1084909.78,3000
1790804014,0,404520,0,770.82,3002.16,838143,1159167,1544191,2473983,4071423,197376,36012031,1308848.17,914308.96,404520,10,10,10,0,0,0,0,0,0,1047039,2077695,3477503,1125705.73,3000
1790804015,0,407520,0,775.06,2998.45,838143,1158143,1544191,2476031,4089855,197376,36012031,1308835.32,913761.74,407520,10,10,10,0,0,0,0,0,0,1084415,2893823,4739071,1307101.72,3000
1790804016,0,410520,0,779.29,3000.66,838143,1157119,1543167,2476031,4108287,197376,36012031,1309093.84,918369.02,410520,10,10,10,0,0,0,0,0,0,1073151,2324479,8355839,1344212.46,3000
1790804017,0,413520,0,783.49,3001.31,837631,1157119,1542143,2469887,4095999,197376,36012031,1307803.19,915863.59,413520,10,10,10,0,0,0,0,0,0,1073151,1922047,2308095,1131190.31,3000
1790804018,0,416520,0,787.69,2997.82,837631,1156095,1541119,2473983,4145151,197376,36012031,1309052.61,923421.09,416520,10,10,10,0,0,0,0,0,0,1071103,4239359,8863743,1481272.02,3000
1790804019,0,419520,0,791.86,3000.55,837119,1155071,1539071,2467839,4132863,197376,36012031,1307298.99,920941.30,419520,10,10,10,0,0,0,0,0,0,1010687,1776639,2349055,1063826.90,3000
1790804020,0,422520,0,796.02,2999.63,837119,1154047,1537023,2463743,4132863,197376,36012031,1306523.59,920358.86,422520,10,10,10,0,0,0,0,0,0,1099775,1934335,2932735,1198090.84,3000
1790804021,0,425520,0,800.17,3001.96,837631,1154047,1535999,2461695,4126719,197376,36012031,1305843.87,918322.32,425520,10,10,10,0,0,0,0,0,0,1110015,2138111,2877439,1210112.66,3000
1790804022,0,428520,0,804.29,2997.29,837119,1153023,1534975,2459647,4126719,197376,36012031,1304698.52,916625.83,428520,10,10,10,0,0,0,0,0,0,1034239,2042879,4075519,1142241.58,3000
1790804023,0,431520,0,808.41,3000.99,836607,1151999,1532927,2457599,4118527,197376,36012031,1303106.83,914384.62,431520,10,10,10,0,0,0,0,0,0,1008127,1816575,2457599,1075750.34,3000
1790804024,0,434520,0,812.51,3000.52,836095,1150975,1530879,2455551,4118527,197376,36012031,1302564.75,915751.89,434520,10,10,10,0,0,0,0,0,0,1047039,2228223,4108287,1224592.34,3000
1790804025,0,437520,0,816.59,2998.52,836607,1150975,1529855,2453503,4104191,197376,36012031,1301589.03,913398.50,437520,10,10,10,0,0,0,0,0,0,1111039,1932287,2693119,1160266.05,3000
1790804026,0,440520,0,820.66,3000.54,836607,1149951,1529855,2451455,4098047,197376,36012031,1301050.14,912129.25,440520,10,10,10,0,0,0,0,0,0,1085439,2308095,3475455,1222457.47,3000
1790804027,0,443520,0,824.71,2999.64,836095,1148927,1527807,2449407,4083711,197376,36012031,1299648.37,910090.24,443520,10,10,10,0,0,0,0,0,0,998399,2031615,2875391,1093813.44,3000
1790804028,0,446520,0,828.75,3001.40,835583,1148927,1526783,2447359,4083711,197376,36012031,1299003.97,909024.45,446520,10,10,10,0,0,0,0,0,0,1089535,2205695,3418111,1203735.96,3000
1790804029,0,449520,0,832.77,2998.42,835583,1147903,1525759,2445311,4083711,197376,36012031,1298362.77,907868.13,449520,10,10,10,0,0,0,0,0,0,1092607,2142207,2852863,1202925.53,3000
1790804030,0,450330,0,832.73,810.60,835583,1147903,1526783,2447359,4106239,197376,36012031,1299223.20,912005.45,450330,10,10,10,0,0,0,0,0,0,1190911,6512639,12918783,1776732.60,810
1790804031,0,450530,0,831.56,199.89,835583,1147903,1526783,2447359,4106239,197376,36012031,1299125.08,911876.47,450530,10,10,10,0,0,0,0,0,0,994303,1858559,2641919,1078193.92,200
1790804032,0,450730,0,830.39,199.99,835583,1147903,1525759,2445311,4104191,197376,36012031,1299002.60,911732.17,450730,10,10,10,0,0,0,0,0,0,967167,1721343,2101247,1023091.20,200
1790804033,0,450930,0,829.24,200.11,835583,1147903,1525759,2445311,4104191,197376,36012031,1298900.09,911615.09,450930,10,10,10,0,0,0,0,0,0,898047,2030591,3051519,1067885.44,200
1790804034,0,451130,0,828.08,200.03,835583,1147903,1525759,2445311,4102143,197376,36012031,1298781.21,911475.61,451130,10,10,10,0,0,0,0,0,0,919039,1798143,2049023,1030745.60,200
1790804035,0,451330,0,826.93,199.85,835071,1147903,1525759,2445311,4102143,197376,36012031,1298661.05,911341.57,451330,10,10,10,0,0,0,0,0,0,884735,1755135,2369535,1027608.96,200
1790804036,0,451530,0,825.78,200.09,835071,1147903,1525759,2445311,4102143,197376,36012031,1298542.34,911205.62,451530,10,10,10,0,0,0,0,0,0,923135,1765375,2633727,1030666.88,200
1790804037,0,451730,0,824.64,200.02,835071,1147903,1525759,2445311,4102143,197376,36012031,1298399.65,911063.54,451730,10,10,10,0,0,0,0,0,0,936959,1609727,1860607,976252.16,200
1790804038,0,451930,0,823.50,199.88,835071,1147903,1525759,2445311,4100095,197376,36012031,1298243.97,910922.83,451930,10,10,10,0,0,0,0,0,0,842239,1634303,1775615,946625.28,200
1790804039,0,452130,0,822.37,200.03,834559,1146879,1525759,2445311,4100095,197376,36012031,1298105.13,910780.01,452130,10,10,10,0,0,0,0,0,0,869375,1643519,1781759,984374.40,200
1790804040,0,452330,0,821.24,200.01,834559,1146879,1525759,2443263,4098047,197376,36012031,1298000.02,910636.75,452330,10,10,10,0,0,0,0,0,0,919039,1819647,2101247,1060367.36,200
1790804041,0,452530,0,820.11,199.97,834559,1146879,1525759,2443263,4098047,197376,36012031,1297879.29,910492.98,452530,10,10,10,0,0,0,0,0,0,927743,1697791,2013183,1024839.68,200
1790804042,0,452730,0,818.99,200.16,834559,1146879,1524735,2443263,4098047,197376,36012031,1297758.06,910358.50,452730,10,10,10,0,0,0,0,0,0,894463,1798143,2381823,1023457.92,200
1790804043,0,452930,0,817.87,199.81,834559,1146879,1524735,2443263,4098047,197376,36012031,1297608.09,910219.14,452930,10,10,10,0,0,0,0,0,0,842751,1572863,1905663,958132.48,200
1790804044,0,453130,0,816.76,200.15,834047,1146879,1524735,2443263,4095999,197376,36012031,1297491.42,910081.95,453130,10,10,10,0,0,0,0,0,0,875519,1812479,2154495,1033260.16,200
1790804045,0,453330,0,815.65,199.94,834047,1146879,1524735,2443263,4095999,197376,36012031,1297384.32,909952.64,453330,10,10,10,0,0,0,0,0,0,884223,1853439,2428927,1054736.00,200
1790804046,0,453530,0,814.54,200.04,834047,1146879,1524735,2441215,4093951,197376,36012031,1297239.35,909811.45,453530,10,10,10,0,0,0,0,0,0,869887,1620991,1770495,968649.60,200
1790804047,0,453730,0,813.44,200.02,834047,1146879,1524735,2441215,4093951,197376,36012031,1297103.88,909667.33,453730,10,10,10,0,0,0,0,0,0,905727,1638399,1867775,989904.00,200
1790804048,0,453930,0,812.34,199.86,834047,1146879,1524735,2441215,4093951,197376,36012031,1296976.91,909527.95,453930,10,10,10,0,0,0,0,0,0,874495,1637375,2213887,1008919.04,200
1790804049,0,454130,0,811.25,200.15,833535,1146879,1524735,2441215,4091903,197376,36012031,1296862.65,909400.31,454130,10,10,10,0,0,0,0,0,0,898559,1658879,2990079,1037552.00,200
1790804050,0,454330,0,810.16,199.89,833535,1146879,1523711,2441215,4089855,197376,36012031,1296712.53,909260.93,454330,10,10,10,0,0,0,0,0,0,860159,1599487,1729535,955828.48,200
1790804051,0,454530,0,809.08,200.11,833535,1145855,1523711,2441215,4089855,197376,36012031,1296597.50,909125.36,454530,10,10,10,0,0,0,0,0,0,929279,1859583,2181119,1035282.56,200
1790804052,0,454730,0,807.99,200.01,833535,1145855,1523711,2441215,4087807,197376,36012031,1296453.91,908988.06,454730,10,10,10,0,0,0,0,0,0,850943,1651711,1950719,970133.12,200
1790804053,0,454930,0,806.91,199.98,833535,1145855,1523711,2441215,4089855,197376,36012031,1296375.68,908953.29,454930,10,10,10,0,0,0,0,0,0,903679,1752063,5410815,1118518.40,200
1790804054,0,455130,0,805.84,200.01,833023,1145855,1523711,2441215,4089855,197376,36012031,1296299.12,908829.23,455130,10,10,10,0,0,0,0,0,0,990719,2076671,2797567,1122152.32,200
1790804055,0,455330,0,804.77,199.85,833023,1145855,1523711,2441215,4087807,197376,36012031,1296195.52,908699.45,455330,10,10,10,0,0,0,0,0,0,918015,1824767,2426879,1060423.68,200
1790804056,0,455530,0,803.70,200.03,833023,1145855,1523711,2439167,4087807,197376,36012031,1296107.56,908572.80,455530,10,10,10,0,0,0,0,0,0,969215,2037759,2754559,1095852.80,200
1790804057,0,455730,0,802.64,200.05,833023,1145855,1523711,2439167,4085759,197376,36012031,1295978.13,908432.02,455730,10,10,10,0,0,0,0,0,0,902143,1693695,1826815,1001182.08,200
1790804058,0,455930,0,801.58,200.05,833023,1145855,1523711,2439167,4085759,197376,36012031,1295862.06,908306.39,455930,10,10,10,0,0,0,0,0,0,871935,1934335,2525183,1031388.16,200
1790804059,0,456130,0,800.52,199.86,832511,1145855,1523711,2439167,4083711,197376,36012031,1295736.95,908177.24,456130,10,10,10,0,0,0,0,0,0,867839,1843199,2463743,1010521.60,200
1790804060,0,456330,0,799.47,200.03,832511,1145855,1523711,2439167,4083711,197376,36012031,1295637.98,908056.73,456330,10,10,10,0,0,0,0,0,0,888831,1802239,3088383,1069936.64,200
1790804061,0,456530,0,798.42,200.07,832511,1145855,1523711,2439167,4083711,197376,36012031,1295486.51,907923.77,456530,10,10,10,0,0,0,0,0,0,827903,1710079,1793023,949883.52,200
1790804062,0,456730,0,797.38,199.96,831999,1145855,1522687,2437119,4081663,197376,36012031,1295358.57,907789.49,456730,10,10,10,0,0,0,0,0,0,906239,1745919,2400255,1003319.04,200
1790804063,0,456930,0,796.34,200.13,831999,1145855,1522687,2437119,4079615,197376,36012031,1295235.04,907649.04,456930,10,10,10,0,0,0,0,0,0,884735,1667071,1939455,1013123.84,200
1790804064,0,457130,0,795.30,199.81,831999,1144831,1522687,2437119,4083711,197376,36012031,1295180.33,907664.01,457130,10,10,10,0,0,0,0,0,0,953855,2191359,5214207,1170181.76,200
1790804065,0,457330,0,794.27,200.09,831999,1144831,1522687,2437119,4081663,197376,36012031,1295063.14,907547.88,457330,10,10,10,0,0,0,0,0,0,880127,1705983,3002367,1027212.16,200
1790804066,0,457530,0,793.24,200.07,831999,1144831,1522687,2437119,4079615,197376,36012031,1294956.53,907413.07,457530,10,10,10,0,0,0,0,0,0,919551,1794047,2187263,1051178.88,200
1790804067,0,457730,0,792.21,199.94,831999,1144831,1522687,2437119,4079615,197376,36012031,1294823.60,907274.89,457730,10,10,10,0,0,0,0,0,0,890879,1655807,1853439,990723.84,200
1790804068,0,457930,0,791.19,200.02,831487,1144831,1522687,2437119,4079615,197376,36012031,1294709.23,907141.05,457930,10,10,10,0,0,0,0,0,0,876031,1821695,2179071,1032958.72,200
1790804069,0,458130,0,790.17,199.89,831487,1144831,1522687,2437119,4079615,197376,36012031,1294562.54,907001.93,458130,10,10,10,0,0,0,0,0,0,855039,1611775,1758207,958690.56,200
1790804070,0,458330,0,789.15,200.04,831487,1144831,1522687,2435071,4079615,197376,36012031,1294418.84,906857.58,458330,10,10,10,0,0,0,0,0,0,922111,1500159,1761279,965253.76,200
1790804071,0,458530,0,788.14,200.03,831487,1144831,1522687,2435071,4077567,197376,36012031,1294289.10,906727.45,458530,10,10,10,0,0,0,0,0,0,863743,1653759,2408447,996965.76,200
1790804072,0,458730,0,787.13,200.06,831487,1144831,1521663,2435071,4077567,197376,36012031,1294156.86,906587.76,458730,10,10,10,0,0,0,0,0,0,882175,1597439,1854463,990986.24,200
1790804073,0,458930,0,786.12,199.95,830975,1144831,1521663,2435071,4075519,197376,36012031,1294021.38,906450.08,458930,10,10,10,0,0,0,0,0,0,881663,1658879,1919999,983271.04,200
1790804074,0,459130,0,785.12,200.02,830975,1144831,1521663,2435071,4075519,197376,36012031,1293863.58,906312.85,459130,10,10,10,0,0,0,0,0,0,854527,1548287,1700863,931767.68,200
1790804075,0,459330,0,784.12,199.93,830975,1144831,1521663,2435071,4075519,197376,36012031,1293759.00,906189.42,459330,10,10,10,0,0,0,0,0,0,912383,1835007,2541567,1053676.80,200
1790804076,0,459530,0,783.13,200.10,830975,1143807,1521663,2435071,4075519,197376,36012031,1293613.99,906052.97,459530,10,10,10,0,0,0,0,0,0,869375,1576959,1951743,960592.64,200
1790804077,0,459730,0,782.13,199.88,830975,1143807,1521663,2435071,4073471,197376,36012031,1293482.18,905916.88,459730,10,10,10,0,0,0,0,0,0,888319,1656831,1862655,990616.32,200
1790804078,0,459930,0,781.14,200.01,830463,1143807,1521663,2433023,4073471,197376,36012031,1293373.51,905775.42,459930,10,10,10,0,0,0,0,0,0,952319,1723391,2084863,1043578.88,200
1790804079,0,460130,0,780.16,200.00,830463,1143807,1521663,2433023,4073471,197376,36012031,1293240.46,905639.04,460130,10,10,10,0,0,0,0,0,0,878591,1741823,1995775,987284.48,200
1790804080,0,460330,0,779.18,200.03,830463,1143807,1521663,2433023,4071423,197376,36012031,1293132.42,905505.84,460330,10,10,10,0,0,0,0,0,0,921599,1772543,2134015,1044561.28,200
1790804081,0,460530,0,778.20,200.11,830463,1143807,1520639,2433023,4071423,197376,36012031,1292991.66,905366.64,460530,10,10,10,0,0,0,0,0,0,885759,1558527,1997823,969001.60,200
1790804082,0,460730,0,777.22,199.88,830463,1143807,1520639,2433023,4071423,197376,36012031,1292861.14,905233.85,460730,10,10,10,0,0,0,0,0,0,873471,1735679,2015231,992341.12,200
1790804083,0,460930,0,776.25,200.03,829951,1143807,1520639,2433023,4071423,197376,36012031,1292735.56,905094.03,460930,10,10,10,0,0,0,0,0,0,906751,1643519,2205695,1003425.92,200
1790804084,0,461130,0,775.28,199.94,829951,1143807,1520639,2433023,4069375,197376,36012031,1292599.09,904973.06,461130,10,10,10,0,0,0,0,0,0,833535,1716223,2805759,978084.48,200
1790804085,0,461330,0,774.32,200.04,829951,1143807,1520639,2433023,4069375,197376,36012031,1292468.58,904834.77,461330,10,10,10,0,0,0,0,0,0,885247,1680383,1948671,991552.64,200
1790804086,0,461530,0,773.35,200.08,829951,1143807,1520639,2433023,4069375,197376,36012031,1292329.67,904694.20,461530,10,10,10,0,0,0,0,0,0,880639,1559551,1717247,971927.04,200
1790804087,0,461730,0,772.40,199.93,829951,1142783,1520639,2433023,4069375,197376,36012031,1292193.11,904557.96,461730,10,10,10,0,0,0,0,0,0,857599,1679359,1945599,977049.60,200
1790804088,0,461930,0,771.44,200.02,829439,1142783,1520639,2430975,4067327,197376,36012031,1292073.33,904416.64,461930,10,10,10,0,0,0,0,0,0,907263,1655807,1958911,1015557.12,200
1790804089,0,462130,0,770.49,199.97,829439,1142783,1519615,2430975,4067327,197376,36012031,1291942.32,904278.67,462130,10,10,10,0,0,0,0,0,0,883199,1613823,1847295,989338.24,200
1790804090,0,466140,0,775.88,4011.11,830463,1143807,1521663,2443263,4171775,197376,36012031,1297339.21,924537.00,466140,10,10,10,0,0,0,0,0,0,1296383,5664767,13877247,1919301.00,4010
1790804091,0,471140,0,782.90,5001.74,830975,1143807,1521663,2441215,4171775,197376,36012031,1297171.65,922519.14,471140,10,10,10,0,0,0,0,0,0,1141759,2308095,3352575,1281550.09,5000
1790804092,0,476140,0,789.89,4995.44,831999,1144831,1521663,2439167,4151295,197376,36012031,1296702.05,918974.97,476140,10,10,10,0,0,0,0,0,0,1180671,2187263,2746367,1252452.86,5000
1790804093,0,481140,0,796.87,5000.08,832511,1144831,1521663,2439167,4149247,197376,36012031,1296839.19,917706.21,481140,10,10,10,0,0,0,0,0,0,1136639,2478079,3954687,1309898.43,5000
1790804094,0,486140,0,803.82,5000.92,833023,1143807,1519615,2435071,4147199,197376,36012031,1295886.92,914967.00,486140,10,10,10,0,0,0,0,0,0,1108991,2043903,3602431,1204252.30,5000
1790804095,0,491140,0,810.74,5002.48,834559,1144831,1520639,2437119,4151295,197376,36012031,1296834.19,913565.44,491140,10,10,10,0,0,0,0,0,0,1215487,2942975,4427775,1388935.27,5000
1790804096,0,496140,0,817.65,4997.80,835583,1145855,1519615,2435071,4167679,197376,36012031,1297043.84,912207.98,496140,10,10,10,0,0,0,0,0,0,1206271,2123775,4554751,1317637.68,5000
1790804097,0,501140,0,824.53,4998.77,835583,1144831,1518591,2435071,4145151,197376,36012031,1296111.40,909451.04,501140,10,10,10,0,0,0,0,0,0,1094655,2367487,3436543,1203587.39,5000
1790804098,0,506140,0,831.39,5000.08,836095,1145855,1518591,2433023,4132863,197376,36012031,1296069.78,906619.76,506140,10,10,10,0,0,0,0,0,0,1201151,2330623,2885631,1291897.33,5000
1790804099,0,511140,0,838.22,5002.75,836095,1144831,1517567,2433023,4118527,197376,36012031,1294870.76,903512.63,511140,10,10,10,0,0,0,0,0,0,1094655,2174975,2934783,1173496.72,5000
1790804100,0,516140,0,845.04,5001.38,836095,1143807,1515519,2430975,4118527,197376,36012031,1294069.90,902400.26,516140,10,10,10,0,0,0,0,0,0,1049599,2396159,4272127,1212199.64,5000
1790804101,0,521140,0,851.83,5000.21,836607,1142783,1514495,2428927,4112383,197376,36012031,1293177.50,900003.41,521140,10,10,10,0,0,0,0,0,0,1083391,2080767,3219455,1201057.25,5000
1790804102,0,526140,0,858.60,4997.39,836607,1142783,1513471,2428927,4126719,197376,36012031,1293469.02,902068.34,526140,10,10,10,0,0,0,0,0,0,1122303,2424831,4763647,1323853.54,5000
1790804103,0,531140,0,865.35,4999.57,836607,1141759,1511423,2426879,4110335,197376,36012031,1292255.87,899147.82,531140,10,10,10,0,0,0,0,0,0,1085439,2174975,2824191,1164598.64,5000
1790804104,0,536140,0,872.07,5002.27,837119,1142783,1511423,2424831,4098047,197376,36012031,1291916.17,896552.75,536140,10,10,10,0,0,0,0,0,0,1178623,2271231,3401727,1255830.23,5000
1790804105,0,541140,0,878.77,4997.79,837119,1142783,1512447,2422783,4091903,197376,36012031,1291895.83,895190.05,541140,10,10,10,0,0,0,0,0,0,1167359,2271231,3338239,1289714.25,5000
1790804106,0,546140,0,885.46,5000.09,837631,1142783,1511423,2418687,4073471,197376,36012031,1290982.44,892271.32,546140,10,10,10,0,0,0,0,0,0,1126399,2107391,2777087,1192128.46,5000
1790804107,0,551140,0,892.12,5002.98,838655,1142783,1510399,2412543,4057087,197376,36012031,1290150.74,888999.64,551140,10,10,10,0,0,0,0,0,0,1172479,1814527,2334719,1199305.66,5000
1790804108,0,556140,0,898.75,4998.65,839679,1143807,1509375,2410495,4073471,197376,36012031,1290641.68,888842.91,556140,10,10,10,0,0,0,0,0,0,1203199,2146303,5758975,1344757.20,5000
1790804109,0,561140,0,905.37,4998.43,839679,1142783,1507327,2410495,4079615,197376,36012031,1290189.99,892166.92,561140,10,10,10,0,0,0,0,0,0,1052671,2373631,4956159,1239949.34,5000
1790804110,0,566140,0,911.97,5003.07,839679,1141759,1506303,2408447,4079615,197376,36012031,1289321.41,890400.77,566140,10,10,10,0,0,0,0,0,0,1079295,2152447,3450879,1191842.21,5000
1790804111,0,571140,0,918.54,4996.52,840703,1142783,1505279,2404351,4079615,197376,36012031,1289763.10,892646.98,571140,10,10,10,0,0,0,0,0,0,1192959,2007039,3682303,1339775.05,5000
1790804112,0,576140,0,925.10,4999.43,841215,1142783,1504255,2406399,4104191,197376,36012031,1290228.77,894304.95,576140,10,10,10,0,0,0,0,0,0,1134591,2584575,5144575,1343421.52,5000
1790804113,0,581140,0,931.63,5000.62,842239,1142783,1504255,2404351,4104191,197376,36012031,1290155.76,892478.10,581140,10,10,10,0,0,0,0,0,0,1176575,2246655,3749887,1281742.44,5000
1790804114,0,586140,0,938.14,5000.49,842239,1141759,1503231,2398207,4083711,197376,36012031,1288616.02,889478.93,586140,10,10,10,0,0,0,0,0,0,1073151,1764351,2142207,1109655.65,5000
1790804115,0,591140,0,944.63,5001.98,842751,1142783,1502207,2396159,4083711,197376,36012031,1288413.05,888137.30,591140,10,10,10,0,0,0,0,0,0,1172479,2067455,3127295,1264619.03,5000
1790804116,0,596140,0,951.10,4996.64,842751,1141759,1501183,2392063,4071423,197376,36012031,1287160.09,885507.60,596140,10,10,10,0,0,0,0,0,0,1051647,1959935,2596863,1139024.64,5000
1790804117,0,601140,0,957.55,4999.68,843263,1141759,1500159,2390015,4067327,197376,36012031,1286540.82,883308.34,601140,10,10,10,0,0,0,0,0,0,1140735,1984511,2959359,1212707.21,5000
1790804118,0,606140,0,963.98,5002.00,842751,1140735,1498111,2385919,4048895,197376,36012031,1285224.88,880706.91,606140,10,10,10,0,0,0,0,0,0,1054719,1900543,2631679,1127011.89,5000
1790804119,0,611140,0,970.39,5000.95,842751,1139711,1498111,2383871,4057087,197376,36012031,1285155.15,883761.03,611140,10,10,10,0,0,0,0,0,0,1060863,2256895,7233535,1276701.91,5000
1790804120,0,616140,0,976.78,4997.38,842751,1139711,1497087,2381823,4042751,197376,36012031,1284499.94,881362.22,616140,10,10,10,0,0,0,0,0,0,1117183,2121727,2863103,1204414.64,5000
1790804121,0,621140,0,983.14,5000.63,843263,1139711,1497087,2381823,4048895,197376,36012031,1284845.11,881573.01,621140,10,10,10,0,0,0,0,0,0,1171455,2377727,5550079,1327379.46,5000
1790804122,0,626140,0,989.49,4999.45,843775,1139711,1497087,2381823,4030463,197376,36012031,1284277.32,879125.55,626140,10,10,10,0,0,0,0,0,0,1163263,2125823,2693119,1213742.87,5000
1790804123,0,631140,0,995.82,5001.88,843775,1139711,1496063,2379775,4030463,197376,36012031,1283966.24,877576.88,631140,10,10,10,0,0,0,0,0,0,1122303,2242559,3448831,1245009.84,5000
1790804124,0,636140,0,1002.13,4998.26,844287,1140735,1496063,2375679,4026367,197376,36012031,1283653.94,875453.65,636140,10,10,10,0,0,0,0,0,0,1178623,2036735,2471935,1244232.96,5000
1790804125,0,641140,0,1008.42,5003.70,844799,1140735,1496063,2373631,4014079,197376,36012031,1283300.80,873110.35,641140,10,10,10,0,0,0,0,0,0,1177599,2101247,2676735,1238371.84,5000
1790804126,0,646140,0,1014.68,4998.95,844799,1140735,1495039,2371583,4014079,197376,36012031,1282732.21,872143.28,646140,10,10,10,0,0,0,0,0,0,1093631,1991679,3452927,1209822.59,5000
1790804127,0,651140,0,1020.93,5001.15,844799,1139711,1494015,2371583,4007935,197376,36012031,1282478.52,871254.64,651140,10,10,10,0,0,0,0,0,0,1097727,2306047,3749887,1249694.75,5000
1790804128,0,656140,0,1027.16,4998.76,845311,1139711,1494015,2369535,4001791,197376,36012031,1282225.12,869684.97,656140,10,10,10,0,0,0,0,0,0,1115135,2267135,2805759,1249225.80,5000
1790804129,0,661140,0,1033.37,5000.55,845823,1139711,1495039,2371583,4001791,197376,36012031,1282697.48,869470.09,661140,10,10,10,0,0,0,0,0,0,1170431,2488319,4599807,1344683.60,5000
1790804130,0,666140,0,1039.56,4997.37,846335,1140735,1495039,2373631,4042751,197376,36012031,1284562.42,879735.45,666140,10,10,10,0,0,0,0,0,0,1179647,2936831,9273343,1531159.35,5000
1790804131,0,671140,0,1045.73,5003.39,846335,1139711,1494015,2371583,4042751,197376,36012031,1284010.39,878077.78,671140,10,10,10,0,0,0,0,0,0,1096703,2150399,3999743,1210465.38,5000
1790804132,0,676140,0,1051.88,4997.45,846847,1139711,1494015,2371583,4071423,197376,36012031,1284345.06,878068.51,676140,10,10,10,0,0,0,0,0,0,1141759,2815999,5341183,1329266.64,5000
1790804133,0,681140,0,1058.02,4999.34,847359,1139711,1492991,2371583,4073471,197376,36012031,1284318.10,877083.10,681140,10,10,10,0,0,0,0,0,0,1159167,2252799,4194303,1280673.15,5000
1790804134,0,686140,0,1064.13,4999.33,847871,1140735,1494015,2373631,4100095,197376,36012031,1286169.90,889167.00,686140,10,10,10,0,0,0,0,0,0,1185791,2668543,8544255,1538436.63,5000
1790804135,0,691140,0,1070.23,5003.98,848383,1141759,1494015,2371583,4093951,197376,36012031,1286543.59,887882.47,691140,10,10,10,0,0,0,0,0,0,1268735,2312191,3399679,1337824.58,5000
1790804136,0,696140,0,1076.30,4995.60,848895,1141759,1495039,2375679,4149247,197376,36012031,1287816.54,890042.68,696140,10,10,10,0,0,0,0,0,0,1168383,3809279,6414335,1463773.25,5000
1790804137,0,701140,0,1082.36,5002.92,849407,1141759,1495039,2377727,4179967,197376,36012031,1289172.59,893226.67,701140,10,10,10,0,0,0,0,0,0,1202175,2842623,10108927,1477973.07,5000
1790804138,0,706140,0,1088.40,4998.14,849407,1141759,1495039,2381823,4179967,197376,36012031,1289648.01,893872.56,706140,10,10,10,0,0,0,0,0,0,1139711,2777087,3887103,1356315.16,5000
1790804139,0,711140,0,1094.42,4998.91,850431,1141759,1495039,2379775,4182015,197376,36012031,1289575.28,892324.68,711140,10,10,10,0,0,0,0,0,0,1150975,2230271,4198399,1279303.94,5000
1790804140,0,716140,0,1100.42,5004.66,850431,1141759,1495039,2381823,4173823,197376,36012031,1289648.08,890952.04,716140,10,10,10,0,0,0,0,0,0,1136639,2680831,3788799,1300001.38,5000
1790804141,0,721140,0,1106.40,4998.68,850431,1141759,1495039,2383871,4177919,197376,36012031,1289705.31,890998.70,721140,10,10,10,0,0,0,0,0,0,1104895,2539519,4354047,1297903.28,5000
1790804142,0,726140,0,1112.36,4997.59,850943,1142783,1495039,2381823,4161535,197376,36012031,1289648.18,888823.78,726140,10,10,10,0,0,0,0,0,0,1205247,2213887,2770943,1281408.26,5000
1790804143,0,731140,0,1118.31,5000.38,851455,1141759,1495039,2381823,4153343,197376,36012031,1289278.80,887104.73,731140,10,10,10,0,0,0,0,0,0,1107967,2201599,3926015,1235634.36,5000
1790804144,0,736140,0,1124.24,5003.32,850943,1141759,1494015,2377727,4147199,197376,36012031,1288319.60,885204.13,736140,10,10,10,0,0,0,0,0,0,1079295,1849343,2582527,1148057.82,5000
1790804145,0,741140,0,1130.15,4996.30,851455,1141759,1494015,2377727,4165631,197376,36012031,1289345.85,890845.87,741140,10,10,10,0,0,0,0,0,0,1187839,2430975,6246399,1440439.01,5000
1790804146,0,746140,0,1136.04,4999.88,851967,1141759,1494015,2375679,4147199,197376,36012031,1289189.55,888757.53,746140,10,10,10,0,0,0,0,0,0,1183743,2115583,2818047,1266021.40,5000
1790804147,0,751140,0,1141.91,5000.10,851967,1141759,1494015,2373631,4145151,197376,36012031,1288692.10,887515.75,751140,10,10,10,0,0,0,0,0,0,1107967,2076671,3653631,1214458.37,5000
1790804148,0,756140,0,1147.77,5001.15,851967,1141759,1492991,2373631,4132863,197376,36012031,1288160.39,885386.11,756140,10,10,10,0,0,0,0,0,0,1139711,2063359,2740223,1208281.88,5000
1790804149,0,761140,0,1153.61,4997.82,851967,1141759,1492991,2369535,4126719,197376,36012031,1287846.16,884878.28,761140,10,10,10,0,0,0,0,0,0,1119231,2095103,2854911,1240326.22,5000
1790804150,0,762370,0,1153.73,1230.54,851967,1141759,1492991,2369535,4124671,197376,36012031,1287807.56,884398.02,762370,10,10,10,0,0,0,0,0,0,1209343,2293759,2627583,1263924.14,1230
1790804151,0,762570,0,1152.29,200.09,851967,1141759,1492991,2369535,4124671,197376,36012031,1287738.97,884316.02,762570,10,10,10,0,0,0,0,0,0,986111,1693695,1859583,1026259.84,200
1790804152,0,762770,0,1150.85,199.86,851967,1141759,1492991,2369535,4124671,197376,36012031,1287671.76,884233.36,762770,10,10,10,0,0,0,0,0,0,928767,1704959,1978367,1031423.36,200
1790804153,0,762970,0,1149.42,200.10,851967,1141759,1492991,2369535,4124671,197376,36012031,1287620.15,884173.03,762970,10,10,10,0,0,0,0,0,0,948735,1840127,3934207,1090775.04,200
1790804154,0,763170,0,1147.99,199.88,851967,1141759,1492991,2369535,4124671,197376,36012031,1287623.49,884333.52,763170,10,10,10,0,0,0,0,0,0,937983,2119679,7716863,1300385.92,200
1790804155,0,763370,0,1146.56,200.07,851967,1141759,1491967,2369535,4124671,197376,36012031,1287556.44,884250.29,763370,10,10,10,0,0,0,0,0,0,911359,1667071,1966079,1031699.20,200
1790804156,0,763570,0,1145.14,199.95,851967,1141759,1491967,2369535,4124671,197376,36012031,1287496.20,884190.68,763570,10,10,10,0,0,0,0,0,0,861695,1908735,3180543,1057541.12,200
1790804157,0,763770,0,1143.73,199.96,851967,1141759,1491967,2369535,4124671,197376,36012031,1287416.22,884110.90,763770,10,10,10,0,0,0,0,0,0,877055,1640447,1825791,982085.12,200
1790804158,0,763970,0,1142.32,200.14,851967,1141759,1491967,2369535,4122623,197376,36012031,1287367.05,884033.10,763970,10,10,10,0,0,0,0,0,0,976895,1819647,2521087,1099595.52,200
1790804159,0,764170,0,1140.91,200.04,851455,1141759,1491967,2369535,4122623,197376,36012031,1287328.83,883977.93,764170,10,10,10,0,0,0,0,0,0,935423,2469887,3391487,1141348.48,200
1790804160,0,764370,0,1139.51,199.90,851455,1141759,1491967,2369535,4122623,197376,36012031,1287274.07,883899.18,764370,10,10,10,0,0,0,0,0,0,929279,1927167,2226175,1078015.36,200
1790804161,0,764570,0,1138.11,199.95,851455,1141759,1491967,2369535,4120575,197376,36012031,1287204.19,883818.31,764570,10,10,10,0,0,0,0,0,0,901119,1731583,1970175,1020150.40,200
1790804162,0,764770,0,1136.71,200.02,851455,1141759,1491967,2369535,4120575,197376,36012031,1287125.67,883738.49,764770,10,10,10,0,0,0,0,0,0,868351,1698815,1783807,986936.96,200
1790804163,0,764970,0,1135.32,200.06,851455,1141759,1491967,2369535,4120575,197376,36012031,1287058.14,883658.51,764970,10,10,10,0,0,0,0,0,0,913407,1746943,2034687,1028840.96,200
1790804164,0,765170,0,1133.94,200.06,851455,1141759,1491967,2369535,4120575,197376,36012031,1287000.76,883599.77,765170,10,10,10,0,0,0,0,0,0,929791,1831935,3332095,1067552.00,200
1790804165,0,765370,0,1132.56,199.94,851455,1141759,1491967,2369535,4120575,197376,36012031,1286919.42,883517.97,765370,10,10,10,0,0,0,0,0,0,911359,1576959,1866751,975706.88,200
1790804166,0,765570,0,1131.18,199.98,851455,1140735,1491967,2369535,4118527,197376,36012031,1286831.22,883436.62,765570,10,10,10,0,0,0,0,0,0,890879,1583103,1897471,949299.20,200
1790804167,0,765770,0,1129.80,200.01,851455,1140735,1491967,2369535,4118527,197376,36012031,1286768.77,883364.65,765770,10,10,10,0,0,0,0,0,0,898559,1909759,2783231,1047709.44,200
1790804168,0,765970,0,1128.44,200.01,851455,1140735,1491967,2367487,4118527,197376,36012031,1286716.44,883285.06,765970,10,10,10,0,0,0,0,0,0,996351,1789951,2355199,1086370.56,200
1790804169,0,766170,0,1127.07,200.06,850943,1140735,1491967,2367487,4118527,197376,36012031,1286638.31,883203.75,766170,10,10,10,0,0,0,0,0,0,867327,1619967,1846271,987404.80,200
1790804170,0,766370,0,1125.71,199.91,850943,1140735,1491967,2367487,4116479,197376,36012031,1286568.45,883122.65,766370,10,10,10,0,0,0,0,0,0,903167,1708031,2183167,1018963.20,200
1790804171,0,766570,0,1124.35,200.03,850943,1140735,1491967,2367487,4114431,197376,36012031,1286501.15,883046.25,766570,10,10,10,0,0,0,0,0,0,863231,1702911,2486271,1028603.52,200
1790804172,0,766770,0,1123.00,199.97,850943,1140735,1491967,2367487,4114431,197376,36012031,1286422.86,882967.17,766770,10,10,10,0,0,0,0,0,0,869375,1668095,2024447,986363.52,200
1790804173,0,766970,0,1121.65,200.03,850943,1140735,1491967,2367487,4114431,197376,36012031,1286340.90,882885.61,766970,10,10,10,0,0,0,0,0,0,887295,1573887,1843199,972093.44,200
1790804174,0,767170,0,1120.30,200.06,850943,1140735,1491967,2367487,4114431,197376,36012031,1286268.47,882803.80,767170,10,10,10,0,0,0,0,0,0,884735,1653759,1808383,1008532.48,200
1790804175,0,767370,0,1118.96,199.85,850943,1140735,1491967,2367487,4112383,197376,36012031,1286202.95,882739.56,767370,10,10,10,0,0,0,0,0,0,849407,1974271,3069951,1034871.68,200
1790804176,0,767570,0,1117.62,200.01,850943,1140735,1491967,2367487,4112383,197376,36012031,1286127.95,882658.14,767570,10,10,10,0,0,0,0,0,0,897023,1629183,1894399,998362.24,200
1790804177,0,767770,0,1116.29,200.13,850431,1140735,1490943,2367487,4110335,197376,36012031,1286059.91,882578.24,767770,10,10,10,0,0,0,0,0,0,991231,1686527,1992703,1024927.36,200
1790804178,0,767970,0,1114.96,199.98,850431,1140735,1490943,2367487,4110335,197376,36012031,1285986.96,882501.21,767970,10,10,10,0,0,0,0,0,0,884735,1806335,2383871,1005931.52,200
1790804179,0,768170,0,1113.63,199.94,850431,1140735,1490943,2367487,4110335,197376,36012031,1285916.94,882419.66,768170,10,10,10,0,0,0,0,0,0,900607,1715199,1880063,1017077.76,200
1790804180,0,768370,0,1112.31,199.96,850431,1140735,1490943,2367487,4108287,197376,36012031,1285846.85,882342.17,768370,10,10,10,0,0,0,0,0,0,880127,1691647,2289663,1016622.08,200
1790804181,0,768570,0,1110.99,200.10,850431,1140735,1490943,2367487,4108287,197376,36012031,1285813.10,882287.39,768570,10,10,10,0,0,0,0,0,0,988671,2465791,3606527,1156165.12,200
1790804182,0,768770,0,1109.67,199.97,850431,1140735,1490943,2367487,4108287,197376,36012031,1285751.07,882207.64,768770,10,10,10,0,0,0,0,0,0,901119,1807359,2185215,1047370.88,200
1790804183,0,768970,0,1108.36,200.07,850431,1140735,1490943,2367487,4106239,197376,36012031,1285681.88,882129.94,768970,10,10,10,0,0,0,0,0,0,888831,1687551,2222079,1019734.40,200
1790804184,0,769170,0,1107.05,199.91,850431,1140735,1490943,2365439,4104191,197376,36012031,1285606.63,882049.21,769170,10,10,10,0,0,0,0,0,0,948735,1653759,1986559,996272.64,200
1790804185,0,769370,0,1105.75,200.06,850431,1140735,1490943,2365439,4104191,197376,36012031,1285527.60,881967.25,769370,10,10,10,0,0,0,0,0,0,881151,1614847,1839103,981611.52,200
1790804186,0,769570,0,1104.45,199.85,849919,1140735,1490943,2365439,4104191,197376,36012031,1285445.00,881888.63,769570,10,10,10,0,0,0,0,0,0,869887,1659903,1921023,967688.96,200
1790804187,0,769770,0,1103.15,200.05,849919,1139711,1490943,2365439,4102143,197376,36012031,1285377.84,881808.28,769770,10,10,10,0,0,0,0,0,0,926207,1711103,2146303,1026924.80,200
1790804188,0,769970,0,1101.86,199.96,849919,1139711,1490943,2365439,4102143,197376,36012031,1285287.78,881730.03,769970,10,10,10,0,0,0,0,0,0,890367,1528831,1851391,938677.12,200
1790804189,0,770170,0,1100.57,200.04,849919,1139711,1490943,2365439,4102143,197376,36012031,1285194.83,881660.69,770170,10,10,10,0,0,0,0,0,0,823295,1898495,2455551,927338.88,200
1790804190,0,770370,0,1099.29,200.14,849919,1139711,1490943,2365439,4102143,197376,36012031,1285094.11,881588.96,770370,10,10,10,0,0,0,0,0,0,816127,1442815,2412543,897235.84,200
1790804191,0,770570,0,1098.01,199.85,849919,1139711,1490943,2365439,4100095,197376,36012031,1285027.38,881511.09,770570,10,10,10,0,0,0,0,0,0,915455,1772543,2193407,1028005.76,200
1790804192,0,770770,0,1096.73,200.02,849919,1139711,1490943,2365439,4100095,197376,36012031,1284960.93,881443.80,770770,10,10,10,0,0,0,0,0,0,880639,1885183,3045375,1028932.48,200
1790804193,0,770970,0,1095.45,199.96,849407,1139711,1490943,2365439,4098047,197376,36012031,1284899.51,881372.36,770970,10,10,10,0,0,0,0,0,0,908287,1830911,2818047,1048205.44,200
1790804194,0,771170,0,1094.18,200.08,849407,1139711,1490943,2365439,4098047,197376,36012031,1284819.20,881294.83,771170,10,10,10,0,0,0,0,0,0,886783,1740799,2193407,975240.96,200
1790804195,0,771370,0,1092.92,199.96,849407,1139711,1490943,2365439,4098047,197376,36012031,1284747.17,881215.13,771370,10,10,10,0,0,0,0,0,0,870399,1692671,1757183,1006986.24,200
1790804196,0,771570,0,1091.65,199.99,849407,1139711,1490943,2365439,4098047,197376,36012031,1284685.45,881137.23,771570,10,10,10,0,0,0,0,0,0,912895,1842175,2123775,1046648.96,200
1790804197,0,771770,0,1090.40,200.12,849407,1139711,1490943,2363391,4095999,197376,36012031,1284618.55,881057.17,771770,10,10,10,0,0,0,0,0,0,938495,1680383,2189311,1026546.56,200
1790804198,0,771970,0,1089.14,200.02,849407,1139711,1489919,2363391,4095999,197376,36012031,1284541.91,880977.48,771970,10,10,10,0,0,0,0,0,0,867327,1658879,1849343,988785.28,200
1790804199,0,772170,0,1087.89,199.93,849407,1139711,1489919,2363391,4093951,197376,36012031,1284480.49,880904.70,772170,10,10,10,0,0,0,0,0,0,920575,1655807,2992127,1047400.96,200
1790804200,0,772370,0,1086.64,200.06,849407,1139711,1489919,2363391,4093951,197376,36012031,1284399.39,880826.67,772370,10,10,10,0,0,0,0,0,0,861183,1599487,2089983,971280.64,200
1790804201,0,772570,0,1085.39,200.03,849407,1139711,1489919,2363391,4093951,197376,36012031,1284325.69,880746.20,772570,10,10,10,0,0,0,0,0,0,893951,1690623,1841151,999726.72,200
1790804202,0,772770,0,1084.15,199.87,848895,1139711,1489919,2363391,4093951,197376,36012031,1284258.50,880666.55,772770,10,10,10,0,0,0,0,0,0,935423,1681407,2000895,1024714.24,200
1790804203,0,772970,0,1082.91,200.11,848895,1139711,1489919,2363391,4093951,197376,36012031,1284164.60,880587.91,772970,10,10,10,0,0,0,0,0,0,848383,1517567,1858559,921361.92,200
1790804204,0,773170,0,1081.68,199.98,848895,1139711,1489919,2363391,4091903,197376,36012031,1284104.83,880509.60,773170,10,10,10,0,0,0,0,0,0,959999,1849343,2103295,1053079.04,200
1790804205,0,773370,0,1080.44,200.01,848895,1139711,1489919,2363391,4091903,197376,36012031,1284030.99,880429.97,773370,10,10,10,0,0,0,0,0,0,883711,1672191,1873919,998572.16,200
1790804206,0,773570,0,1079.22,200.01,848895,1138687,1489919,2363391,4089855,197376,36012031,1283958.05,880351.66,773570,10,10,10,0,0,0,0,0,0,876543,1693695,2029567,1001927.04,200
1790804207,0,773770,0,1077.99,199.84,848895,1138687,1489919,2363391,4089855,197376,36012031,1283904.78,880276.17,773770,10,10,10,0,0,0,0,0,0,996351,1674239,2781183,1077848.96,200
1790804208,0,773970,0,1076.77,200.03,848895,1138687,1489919,2363391,4089855,197376,36012031,1283833.86,880198.91,773970,10,10,10,0,0,0,0,0,0,961023,1619967,2338815,1009472.64,200
1790804209,0,774170,0,1075.55,199.96,848895,1138687,1489919,2363391,4087807,197376,36012031,1283747.29,880118.96,774170,10,10,10,0,0,0,0,0,0,850943,1580031,1783807,948720.00,200
1790804210,0,782130,0,1085.10,7965.34,850943,1141759,1494015,2381823,4210687,197376,36012031,1294491.07,962023.64,782130,10,10,10,0,0,0,0,0,0,1482751,6672383,27492351,2339404.69,7960
1790804211,0,792130,0,1097.45,10001.57,852479,1142783,1496063,2383871,4239359,197376,36012031,1296078.62,960796.06,792130,10,10,10,0,0,0,0,0,0,1231871,2574335,5500927,1420245.83,10000
1790804212,0,802130,0,1109.77,9993.33,853503,1144831,1496063,2381823,4218879,197376,36012031,1296537.51,957129.59,802130,10,10,10,0,0,0,0,0,0,1233919,2220031,3958783,1332887.27,10000
1790804213,0,812130,0,1122.05,9998.24,855039,1145855,1499135,2385919,4206591,197376,36012031,1297940.76,953969.51,812130,10,10,10,0,0,0,0,0,0,1286143,2625535,3477503,1410499.99,10000
1790804214,0,822130,0,1134.30,10003.02,856063,1146879,1500159,2390015,4206591,197376,36012031,1299433.53,953725.70,822130,10,10,10,0,0,0,0,0,0,1215487,2672639,3819519,1420665.95,10000
1790804215,0,832130,0,1146.52,9999.78,857599,1147903,1502207,2392063,4239359,197376,36012031,1301675.84,955919.30,832130,10,10,10,0,0,0,0,0,0,1281023,2512895,6729727,1486022.66,10000
1790804216,0,842130,0,1158.70,10001.96,859135,1148927,1502207,2394111,4239359,197376,36012031,1302565.00,955024.02,842130,10,10,10,0,0,0,0,0,0,1217535,2465791,3932159,1376554.78,10000
1790804217,0,852130,0,1170.85,9994.77,860159,1149951,1504255,2398207,4259839,197376,36012031,1304360.01,954628.41,852130,10,10,10,0,0,0,0,0,0,1264639,2889727,6311935,1455522.75,10000
1790804218,0,862130,0,1182.96,10000.57,861695,1151999,1504255,2394111,4259839,197376,36012031,1304693.37,951489.06,862130,10,10,10,0,0,0,0,0,0,1235967,2258943,4571135,1333100.66,10000
1790804219,0,872130,0,1195.04,10000.74,862719,1153023,1506303,2392063,4231167,197376,36012031,1305364.44,947636.09,872130,10,10,10,0,0,0,0,0,0,1308671,2295807,3000319,1363218.98,10000
1790804220,0,882130,0,1207.09,10005.39,864255,1155071,1508351,2396159,4198399,197376,36012031,1306540.82,944463.73,882130,10,10,10,0,0,0,0,0,0,1295359,2633727,3600383,1409136.95,10000
1790804221,0,892130,0,1219.11,9997.97,864767,1155071,1509375,2398207,4177919,197376,36012031,1307014.14,941684.61,892130,10,10,10,0,0,0,0,0,0,1204223,2559999,3852287,1348767.12,10000
1790804222,0,902130,0,1231.09,9996.24,866303,1156095,1509375,2398207,4198399,197376,36012031,1307907.69,940214.98,902130,10,10,10,0,0,0,0,0,0,1215487,2467839,5005311,1387623.56,10000
1790804223,0,912130,0,1243.04,10005.57,867839,1158143,1511423,2400255,4165631,197376,36012031,1309249.21,937145.09,912130,10,10,10,0,0,0,0,0,0,1331199,2621439,3569663,1430272.18,10000
1790804224,0,922130,0,1254.96,9998.80,869375,1159167,1513471,2400255,4173823,197376,36012031,1310525.00,936884.03,922130,10,10,10,0,0,0,0,0,0,1254399,2461695,7159807,1426893.03,10000
1790804225,0,932130,0,1266.84,9999.89,870399,1160191,1514495,2402303,4161535,197376,36012031,1311167.57,933902.61,932130,10,10,10,0,0,0,0,0,0,1253375,2512895,3866623,1370421.40,10000
1790804226,0,942130,0,1278.70,10000.92,871935,1161215,1515519,2404351,4136959,197376,36012031,1312036.91,930684.07,942130,10,10,10,0,0,0,0,0,0,1287167,2514943,3061759,1393070.48,10000
1790804227,0,952130,0,1290.52,10001.34,872959,1163263,1517567,2406399,4126719,197376,36012031,1313283.81,928287.18,952130,10,10,10,0,0,0,0,0,0,1300479,2619391,3655679,1430758.36,10000
1790804228,0,962130,0,1302.31,9999.48,874495,1165311,1521663,2412543,4134911,197376,36012031,1316062.39,927473.47,962130,10,10,10,0,0,0,0,0,0,1449983,2789375,5263359,1580619.23,10000
1790804229,0,972130,0,1314.06,9997.61,876031,1166335,1522687,2416639,4124671,197376,36012031,1317153.06,925173.71,972130,10,10,10,0,0,0,0,0,0,1287167,2789375,3573759,1422089.47,10000
1790804230,0,982130,0,1325.79,10002.27,877055,1167359,1523711,2412543,4114431,197376,36012031,1317186.34,921871.83,982130,10,10,10,0,0,0,0,0,0,1238015,2074623,3485695,1320421.89,10000
1790804231,0,992130,0,1337.48,9997.17,879103,1169407,1524735,2414591,4136959,197376,36012031,1318881.98,920770.12,992130,10,10,10,0,0,0,0,0,0,1325055,2930687,5251071,1485415.65,10000
1790804232,0,1002130,0,1349.14,9997.57,880127,1170431,1526783,2418687,4141055,197376,36012031,1320058.57,918672.02,1002130,10,10,10,0,0,0,0,0,0,1327103,2664447,4210687,1436791.53,10000
1790804233,0,1012130,0,1360.77,9998.73,881663,1173503,1528831,2422783,4179967,197376,36012031,1322546.75,918319.30,1012130,10,10,10,0,0,0,0,0,0,1422335,2682879,5246975,1571894.26,10000
1790804234,0,1022130,0,1372.37,10006.51,883199,1175551,1530879,2422783,4218879,197376,36012031,1324429.90,920665.86,1022130,10,10,10,0,0,0,0,0,0,1326079,2377727,6365183,1515029.81,10000
1790804235,0,1032130,0,1383.94,10000.05,884735,1176575,1533951,2420735,4231167,197376,36012031,1325713.40,918352.96,1032130,10,10,10,0,0,0,0,0,0,1384447,2303999,4509695,1456903.24,10000
1790804236,0,1042130,0,1395.48,9998.87,886271,1179647,1535999,2422783,4263935,197376,36012031,1327550.95,917557.58,1042130,10,10,10,0,0,0,0,0,0,1390591,2715647,5144575,1517210.35,10000
1790804237,0,1052130,0,1406.99,10000.53,887807,1180671,1537023,2422783,4268031,197376,36012031,1328678.96,915832.63,1052130,10,10,10,0,0,0,0,0,0,1342463,2531327,4460543,1446232.26,10000
1790804238,0,1062130,0,1418.46,10002.31,888831,1182719,1539071,2426879,4288511,197376,36012031,1330946.51,918206.09,1062130,10,10,10,0,0,0,0,0,0,1360895,2658303,8167423,1569522.34,10000
1790804239,0,1072130,0,1429.91,9997.28,890367,1183743,1539071,2426879,4300799,197376,36012031,1331458.79,915897.86,1072130,10,10,10,0,0,0,0,0,0,1299455,2347007,4579327,1385869.11,10000
1790804240,0,1082130,0,1441.32,9999.09,891391,1184767,1541119,2426879,4284415,197376,36012031,1332449.21,914090.07,1082130,10,10,10,0,0,0,0,0,0,1327103,2459647,3356671,1438635.21,10000
1790804241,0,1092130,0,1452.71,10000.30,892415,1185791,1541119,2428927,4272127,197376,36012031,1333011.34,912103.05,1092130,10,10,10,0,0,0,0,0,0,1248255,2639871,3596287,1393841.55,10000
1790804242,0,1102130,0,1464.06,10002.33,893439,1186815,1543167,2433023,4255743,197376,36012031,1334086.44,909902.73,1102130,10,10,10,0,0,0,0,0,0,1310719,2678783,3278847,1451500.68,10000
1790804243,0,1112130,0,1475.38,9993.82,894975,1187839,1543167,2430975,4255743,197376,36012031,1334738.27,908481.62,1112130,10,10,10,0,0,0,0,0,0,1301503,2224127,3233791,1406578.78,10000
1790804244,0,1122130,0,1486.68,9999.84,895999,1189887,1545215,2437119,4259839,197376,36012031,1336928.62,910488.34,1122130,10,10,10,0,0,0,0,0,0,1366015,2949119,4648959,1580523.99,10000
1790804245,0,1132130,0,1497.94,10000.23,897535,1191935,1547263,2439167,4259839,197376,36012031,1338661.56,909604.12,1132130,10,10,10,0,0,0,0,0,0,1397759,2613247,4796415,1533120.31,10000
1790804246,0,1142130,0,1509.18,10004.23,899071,1192959,1548287,2445311,4292607,197376,36012031,1340968.95,912291.96,1142130,10,10,10,0,0,0,0,0,0,1339391,3014655,7745535,1602195.65,10000
1790804247,0,1152130,0,1520.38,9996.02,900095,1193983,1549311,2447359,4390911,197376,54132735,1349432.92,1038723.00,1152130,10,10,10,0,0,0,0,0,0,1281023,4616191,32194559,2316128.30,10000
1790804248,0,1162130,0,1531.56,10001.33,901119,1195007,1551359,2447359,4366335,197376,54132735,1349881.03,1035375.47,1162130,10,10,10,0,0,0,0,0,0,1335295,2390015,2867199,1401508.72,10000
1790804249,0,1172130,0,1542.70,10000.29,901631,1195007,1551359,2445311,4362239,197376,54132735,1350265.72,1034503.89,1172130,10,10,10,0,0,0,0,0,0,1266687,2285567,3555327,1394971.23,10000
1790804250,0,1182130,0,1553.82,10003.33,902143,1196031,1552383,2445311,4370431,197376,54132735,1350623.29,1032236.76,1182130,10,10,10,0,0,0,0,0,0,1243135,2402303,4632575,1392535.93,10000
1790804251,0,1192130,0,1564.91,9997.46,903167,1197055,1554431,2447359,4370431,197376,54132735,1352459.45,1034319.65,1192130,10,10,10,0,0,0,0,0,0,1388543,2592767,3624959,1569517.21,10000
1790804252,0,1202130,0,1575.97,10004.56,903679,1198079,1555455,2445311,4370431,197376,54132735,1352767.79,1031764.36,1202130,10,10,10,0,0,0,0,0,0,1294335,2428927,3278847,1389525.37,10000
1790804253,0,1212130,0,1587.00,9999.11,904703,1199103,1557503,2445311,4370431,197376,54132735,1353736.24,1029331.43,1212130,10,10,10,0,0,0,0,0,0,1336319,2433023,3809279,1470157.31,10000
1790804254,0,1222130,0,1597.99,9992.45,905727,1200127,1558527,2443263,4362239,197376,54132735,1354239.38,1026530.07,1222130,10,10,10,0,0,0,0,0,0,1375231,2289663,2936831,1415226.42,10000
1790804255,0,1232130,0,1608.97,10003.11,906751,1201151,1559551,2443263,4349951,197376,54132735,1354523.10,1023599.07,1232130,10,10,10,0,0,0,0,0,0,1298431,2291711,3500031,1389197.31,10000
1790804256,0,1242130,0,1619.91,10001.57,907263,1202175,1560575,2445311,4370431,197376,54132735,1357105.28,1036439.42,1242130,10,10,10,0,0,0,0,0,0,1336319,2664447,10108927,1675263.00,10000
1790804257,0,1252130,0,1630.82,10002.78,908287,1203199,1561599,2447359,4374527,197376,54132735,1357803.13,1036182.04,1252130,10,10,10,0,0,0,0,0,0,1268735,2496511,8196095,1444485.86,10000
1790804258,0,1262130,0,1641.71,10001.42,908287,1203199,1561599,2443263,4370431,197376,54132735,1357533.16,1033751.39,1262130,10,10,10,0,0,0,0,0,0,1221631,2195455,3901439,1323729.33,10000
1790804259,0,1272130,0,1652.57,9997.39,908799,1203199,1561599,2443263,4362239,197376,54132735,1357428.58,1031036.97,1272130,10,10,10,0,0,0,0,0,0,1244159,2349055,3723263,1344228.52,10000
1790804260,0,1282130,0,1663.40,10001.27,909311,1204223,1562623,2443263,4349951,197376,54132735,1357885.04,1028492.33,1282130,10,10,10,0,0,0,0,0,0,1317887,2527231,3491839,1415953.13,10000
1790804261,0,1292130,0,1674.20,9997.39,909311,1204223,1562623,2443263,4349951,197376,54132735,1357429.08,1026434.83,1292130,10,10,10,0,0,0,0,0,0,1172479,2263039,3563519,1298969.43,10000
1790804262,0,1302130,0,1684.97,10002.01,909311,1204223,1562623,2443263,4366335,197376,54132735,1358177.79,1030462.90,1302130,10,10,10,0,0,0,0,0,0,1182719,2666495,5464063,1454920.23,10000
1790804263,0,1312130,0,1695.72,10000.05,909311,1204223,1562623,2443263,4366335,197376,54132735,1358283.76,1028609.95,1312130,10,10,10,0,0,0,0,0,0,1196031,2482175,4149247,1372083.02,10000
1790804264,0,1322130,0,1706.44,9997.71,910335,1205247,1564671,2443263,4362239,197376,54132735,1359084.91,1026266.08,1322130,10,10,10,0,0,0,0,0,0,1368063,2420735,4104191,1464205.34,10000
1790804265,0,1332130,0,1717.13,9997.55,911359,1206271,1565695,2443263,4362239,197376,54132735,1359839.41,1024169.08,1332130,10,10,10,0,0,0,0,0,0,1358847,2465791,3672063,1459594.87,10000
1790804266,0,1342130,0,1727.79,10004.18,911871,1207295,1566719,2445311,4399103,197376,54132735,1361744.79,1031155.47,1342130,10,10,10,0,0,0,0,0,0,1320959,2598911,8462335,1615565.39,10000
1790804267,0,1352130,0,1738.43,10000.92,912895,1208319,1568767,2449407,4423679,197376,54132735,1363550.18,1031950.45,1352130,10,10,10,0,0,0,0,0,0,1383423,3327999,6336511,1605857.38,10000
1790804268,0,1362130,0,1749.04,10002.28,913407,1208319,1568767,2447359,4407295,197376,54132735,1363568.64,1029391.12,1362130,10,10,10,0,0,0,0,0,0,1283071,2281471,3158015,1366064.28,10000
1790804269,0,1372130,0,1759.62,9999.23,913407,1208319,1568767,2445311,4407295,197376,54132735,1363343.05,1029206.27,1372130,10,10,10,0,0,0,0,0,0,1165311,2275327,2766847,1332615.04,10000
1790804270,0,1374410,0,1760.28,2279.03,912895,1208319,1567743,2443263,4403199,197376,54132735,1362929.65,1028494.36,1374410,10,10,10,0,0,0,0,0,0,1111039,1667071,1926143,1114139.73,2280
1790804271,0,1374610,0,1758.29,200.02,912895,1208319,1567743,2443263,4403199,197376,54132735,1362876.55,1028440.01,1374610,10,10,10,0,0,0,0,0,0,924671,1632255,2123775,997987.84,200
1790804272,0,1374810,0,1756.30,200.02,912895,1208319,1567743,2443263,4403199,197376,54132735,1362825.69,1028384.77,1374810,10,10,10,0,0,0,0,0,0,917503,1655807,1981439,1013240.96,200
1790804273,0,1375010,0,1754.31,199.95,912895,1208319,1567743,2443263,4403199,197376,54132735,1362778.44,1028329.69,1375010,10,10,10,0,0,0,0,0,0,931327,1821695,2134015,1037978.88,200
1790804274,0,1375210,0,1752.33,199.91,912895,1208319,1567743,2443263,4403199,197376,54132735,1362729.21,1028277.37,1375210,10,10,10,0,0,0,0,0,0,879103,1811455,2226175,1024323.84,200
1790804275,0,1375410,0,1750.35,200.07,912895,1208319,1567743,2443263,4403199,197376,54132735,1362685.94,1028228.59,1375410,10,10,10,0,0,0,0,0,0,904191,1912831,3153919,1065134.72,200
1790804276,0,1375610,0,1748.38,199.99,912895,1208319,1567743,2443263,4399103,197376,54132735,1362624.64,1028174.73,1375610,10,10,10,0,0,0,0,0,0,850431,1560575,1689599,941084.16,200
1790804277,0,1375810,0,1746.42,199.99,912895,1208319,1567743,2443263,4399103,197376,54132735,1362567.17,1028121.88,1375810,10,10,10,0,0,0,0,0,0,881663,1607679,1873919,967265.92,200
1790804278,0,1376010,0,1744.46,199.99,912895,1208319,1567743,2443263,4399103,197376,54132735,1362511.98,1028066.81,1376010,10,10,10,0,0,0,0,0,0,869887,1587199,1805311,982822.40,200
1790804279,0,1376210,0,1742.50,200.09,912895,1208319,1567743,2443263,4399103,197376,54132735,1362452.68,1028011.97,1376210,10,10,10,0,0,0,0,0,0,882687,1572863,1660927,954513.92,200
1790804280,0,1376410,0,1740.55,200.02,912895,1208319,1567743,2443263,4399103,197376,54132735,1362408.50,1027954.90,1376410,10,10,10,0,0,0,0,0,0,944639,1689599,1860607,1058370.56,200
1790804281,0,1376610,0,1738.61,199.94,912383,1207295,1567743,2443263,4399103,197376,54132735,1362345.37,1027901.84,1376610,10,10,10,0,0,0,0,0,0,833535,1546239,1653759,927917.44,200
1790804282,0,1376810,0,1736.67,200.06,912383,1207295,1567743,2443263,4399103,197376,54132735,1362297.73,1027850.81,1376810,10,10,10,0,0,0,0,0,0,899071,1654783,3115007,1034344.32,200
1790804283,0,1377010,0,1734.73,199.88,912383,1207295,1567743,2443263,4399103,197376,54132735,1362290.07,1027949.88,1377010,10,10,10,0,0,0,0,0,0,918015,1680383,9879551,1309603.20,200
1790804284,0,1377210,0,1732.80,199.98,912383,1207295,1567743,2443263,4399103,197376,54132735,1362243.10,1027898.02,1377210,10,10,10,0,0,0,0,0,0,902655,1862655,2109439,1038850.56,200
1790804285,0,1377410,0,1730.87,200.16,912383,1207295,1567743,2443263,4399103,197376,54132735,1362190.36,1027844.63,1377410,10,10,10,0,0,0,0,0,0,875007,1692671,2035711,998979.84,200
1790804286,0,1377610,0,1728.95,200.01,912383,1207295,1567743,2443263,4399103,197376,54132735,1362137.02,1027790.91,1377610,10,10,10,0,0,0,0,0,0,890367,1658879,2081791,994777.60,200
1790804287,0,1377810,0,1727.03,199.90,912383,1207295,1567743,2443263,4399103,197376,54132735,1362075.90,1027736.77,1377810,10,10,10,0,0,0,0,0,0,861695,1546239,1795071,941134.08,200
1790804288,0,1378010,0,1725.12,200.08,912383,1207295,1566719,2443263,4395007,197376,54132735,1362030.49,1027689.79,1378010,10,10,10,0,0,0,0,0,0,894975,2103295,3280895,1049184.00,200
1790804289,0,1378210,0,1723.22,200.00,912383,1207295,1566719,2443263,4395007,197376,54132735,1361983.16,1027634.08,1378210,10,10,10,0,0,0,0,0,0,931839,1687551,2021375,1035856.64,200
1790804290,0,1378410,0,1721.31,199.87,912383,1207295,1566719,2443263,4395007,197376,54132735,1361932.97,1027578.47,1378410,10,10,10,0,0,0,0,0,0,901631,1734655,1870847,1016084.48,200
1790804291,0,1378610,0,1719.42,200.15,911871,1207295,1566719,2443263,4395007,197376,54132735,1361881.53,1027523.72,1378610,10,10,10,0,0,0,0,0,0,900607,1679359,2215935,1007351.04,200
1790804292,0,1378810,0,1717.52,199.87,911871,1207295,1566719,2441215,4395007,197376,54132735,1361833.45,1027470.14,1378810,10,10,10,0,0,0,0,0,0,906751,1762303,2256895,1030425.60,200
1790804293,0,1379010,0,1715.64,200.03,911871,1207295,1566719,2441215,4395007,197376,54132735,1361783.71,1027417.54,1379010,10,10,10,0,0,0,0,0,0,922623,1679359,2293759,1018865.92,200
1790804294,0,1379210,0,1713.75,199.97,911871,1207295,1566719,2441215,4395007,197376,54132735,1361738.39,1027361.86,1379210,10,10,10,0,0,0,0,0,0,927743,1741823,1971199,1049225.60,200
1790804295,0,1379410,0,1711.87,199.99,911871,1207295,1566719,2441215,4395007,197376,54132735,1361684.80,1027308.46,1379410,10,10,10,0,0,0,0,0,0,887295,1643519,2340863,992148.48,200
1790804296,0,1379610,0,1710.00,199.95,911871,1207295,1566719,2441215,4390911,197376,54132735,1361632.69,1027254.87,1379610,10,10,10,0,0,0,0,0,0,904703,1639423,2201599,1002221.44,200
1790804297,0,1379810,0,1708.13,200.16,911871,1207295,1566719,2441215,4390911,197376,54132735,1361571.24,1027202.28,1379810,10,10,10,0,0,0,0,0,0,862207,1586175,1670143,937665.92,200
1790804298,0,1380010,0,1706.27,199.96,911871,1207295,1566719,2441215,4390911,197376,54132735,1361522.61,1027148.74,1380010,10,10,10,0,0,0,0,0,0,893439,1651711,1893375,1026043.52,200
1790804299,0,1380210,0,1704.41,199.96,911871,1207295,1566719,2441215,4390911,197376,54132735,1361473.08,1027094.80,1380210,10,10,10,0,0,0,0,0,0,886783,1761279,2082815,1019682.56,200
1790804300,0,1380410,0,1702.55,200.07,911871,1207295,1566719,2441215,4390911,197376,54132735,1361418.42,1027040.79,1380410,10,10,10,0,0,0,0,0,0,876543,1673215,1907711,984225.92,200
1790804301,0,1380610,0,1700.70,200.04,911871,1207295,1566719,2441215,4390911,197376,54132735,1361365.05,1026986.06,1380610,10,10,10,0,0,0,0,0,0,901119,1607679,1943551,993022.08,200
1790804302,0,1380810,0,1698.85,199.87,911359,1207295,1566719,2441215,4390911,197376,54132735,1361315.46,1026930.81,1380810,10,10,10,0,0,0,0,0,0,917503,1696767,2078719,1018960.00,200
1790804303,0,1381010,0,1697.01,200.04,911359,1207295,1566719,2441215,4390911,197376,54132735,1361276.50,1026878.76,1381010,10,10,10,0,0,0,0,0,0,963583,1930239,2621439,1092332.16,200
1790804304,0,1381210,0,1695.17,200.05,911359,1207295,1566719,2441215,4390911,197376,54132735,1361221.34,1026824.79,1381210,10,10,10,0,0,0,0,0,0,871935,1658879,1904639,980330.24,200
1790804305,0,1381410,0,1693.34,199.89,911359,1207295,1566719,2441215,4390911,197376,54132735,1361170.55,1026769.93,1381410,10,10,10,0,0,0,0,0,0,902143,1655807,1983487,1010414.08,200
1790804306,0,1381610,0,1691.51,199.99,911359,1207295,1566719,2441215,4386815,197376,54132735,1361125.70,1026713.13,1381610,10,10,10,0,0,0,0,0,0,951807,1711103,2061311,1051312.00,200
1790804307,0,1381810,0,1689.69,200.15,911359,1207295,1566719,2441215,4386815,197376,54132735,1361083.77,1026665.06,1381810,10,10,10,0,0,0,0,0,0,887295,2096127,2922495,1071472.00,200
1790804308,0,1382010,0,1687.87,199.81,911359,1207295,1566719,2441215,4386815,197376,54132735,1361033.23,1026611.67,1382010,10,10,10,0,0,0,0,0,0,865279,1704959,2050047,1011805.44,200
1790804309,0,1382210,0,1686.05,200.11,911359,1207295,1566719,2441215,4386815,197376,54132735,1360986.57,1026560.64,1382210,10,10,10,0,0,0,0,0,0,896511,1969151,2461695,1038568.96,200
1790804310,0,1382410,0,1684.24,199.95,911359,1207295,1566719,2441215,4386815,197376,54132735,1360934.67,1026506.69,1382410,10,10,10,0,0,0,0,0,0,901119,1689599,1946623,1002287.36,200
1790804311,0,1382610,0,1682.44,200.09,911359,1206271,1566719,2441215,4386815,197376,54132735,1360883.51,1026452.77,1382610,10,10,10,0,0,0,0,0,0,928767,1807359,1931263,1007281.28,200
1790804312,0,1382810,0,1680.64,200.01,910847,1206271,1566719,2441215,4386815,197376,54132735,1360835.94,1026397.32,1382810,10,10,10,0,0,0,0,0,0,920575,1702911,2041855,1031985.92,200
1790804313,0,1383010,0,1678.84,199.89,910847,1206271,1566719,2441215,4386815,197376,54132735,1360781.22,1026342.83,1383010,10,10,10,0,0,0,0,0,0,873983,1658879,1911807,982402.56,200
1790804314,0,1383210,0,1677.05,200.13,910847,1206271,1565695,2441215,4386815,197376,54132735,1360732.22,1026291.23,1383210,10,10,10,0,0,0,0,0,0,889855,1754111,2586623,1021906.56,200
1790804315,0,1383410,0,1675.26,199.83,910847,1206271,1565695,2441215,4386815,197376,54132735,1360685.24,1026237.01,1383410,10,10,10,0,0,0,0,0,0,927743,1807359,2129919,1035781.76,200
1790804316,0,1383610,0,1673.47,200.18,910847,1206271,1565695,2439167,4382719,197376,54132735,1360641.85,1026183.26,1383610,10,10,10,0,0,0,0,0,0,912383,1710079,2578431,1060494.08,200
1790804317,0,1383810,0,1671.69,199.92,910847,1206271,1565695,2439167,4386815,197376,54132735,1360629.88,1026271.02,1383810,10,10,10,0,0,0,0,0,0,895999,2238463,8683519,1277830.40,200
1790804318,0,1384010,0,1669.92,199.89,910847,1206271,1565695,2439167,4386815,197376,54132735,1360579.84,1026217.80,1384010,10,10,10,0,0,0,0,0,0,900607,1840127,2226175,1014341.12,200
1790804319,0,1384210,0,1668.15,200.18,910847,1206271,1565695,2439167,4386815,197376,54132735,1360528.20,1026163.06,1384210,10,10,10,0,0,0,0,0,0,896511,1671167,1857535,1003151.36,200
1790804320,0,1384410,0,1666.38,199.85,910847,1206271,1565695,2439167,4382719,197376,54132735,1360481.94,1026111.61,1384410,10,10,10,0,0,0,0,0,0,903679,1743871,2873343,1040353.28,200
1790804321,0,1384610,0,1664.62,200.06,910847,1206271,1565695,2439167,4382719,197376,54132735,1360428.48,1026056.94,1384610,10,10,10,0,0,0,0,0,0,900607,1641471,1843199,990336.00,200
1790804322,0,1384810,0,1662.86,200.06,910335,1206271,1565695,2439167,4382719,197376,54132735,1360386.99,1026005.47,1384810,10,10,10,0,0,0,0,0,0,939007,1776639,3117055,1073150.08,200
1790804323,0,1385010,0,1661.10,199.89,910335,1206271,1565695,2439167,4382719,197376,54132735,1360335.53,1025950.36,1385010,10,10,10,0,0,0,0,0,0,901119,1563647,1838079,1004059.52,200
1790804324,0,1385210,0,1659.35,200.00,910335,1206271,1565695,2439167,4382719,197376,54132735,1360276.36,1025896.43,1385210,10,10,10,0,0,0,0,0,0,848383,1575935,1713151,950504.32,200
1790804325,0,1385410,0,1657.61,200.10,910335,1206271,1565695,2439167,4382719,197376,54132735,1360231.14,1025840.43,1385410,10,10,10,0,0,0,0,0,0,952319,1663999,2224127,1047029.76,200
1790804326,0,1385610,0,1655.86,199.94,910335,1206271,1565695,2439167,4382719,197376,54132735,1360187.66,1025788.85,1385610,10,10,10,0,0,0,0,0,0,888319,1944575,2445311,1059036.80,200
1790804327,0,1385810,0,1654.13,199.95,910335,1206271,1565695,2439167,4382719,197376,54132735,1360138.94,1025734.44,1385810,10,10,10,0,0,0,0,0,0,911359,1716223,2061311,1022561.92,200
1790804328,0,1386010,0,1652.39,200.02,910335,1206271,1565695,2439167,4382719,197376,54132735,1360079.58,1025681.62,1386010,10,10,10,0,0,0,0,0,0,860671,1613823,1874943,948789.76,200
1790804329,0,1386210,0,1650.66,199.97,910335,1206271,1565695,2439167,4382719,197376,54132735,1360022.89,1025627.39,1386210,10,10,10,0,0,0,0,0,0,880639,1611775,1702911,967185.92,200
1790804330,0,1402070,0,1667.56,15862.54,913407,1211391,1575935,2473983,4730879,197376,54132735,1376360.18,1077336.92,1402070,10,10,10,0,0,0,0,0,0,1968127,7729151,21741567,2804285.92,15860
1790804331,0,1422070,0,1689.34,20010.44,917503,1218559,1587199,2510847,4890623,197376,54132735,1388148.56,1093266.72,1422070,10,10,10,0,0,0,0,0,0,1855487,4681727,8302591,2214555.56,20000
1790804332,0,1441910,0,1710.88,19840.41,921087,1223679,1596415,2531327,4947967,197376,54132735,1396679.09,1104071.13,1441910,10,10,10,0,0,0,0,0,0,1730559,3303423,12845055,2008121.47,19840
1790804333,0,1461975,0,1732.63,20068.05,924671,1228799,1604607,2547711,5070847,197376,54132735,1405732.41,1122039.02,1461975,10,10,10,0,0,0,0,0,0,1631231,4382719,14974975,2056321.03,20065
1790804334,0,1482070,0,1754.37,20084.66,928767,1234943,1613823,2559999,5206015,197376,54132735,1416966.01,1160393.94,1482070,10,10,10,0,0,0,0,0,0,1726463,4554751,14131199,2234246.01,20095
1790804335,0,1502070,0,1775.94,20000.06,932351,1240063,1622015,2570239,5238783,197376,54132735,1422849.32,1160642.48,1502070,10,10,10,0,0,0,0,0,0,1659903,3051519,7921663,1858823.87,20000
1790804336,0,1522070,0,1797.46,20002.35,936447,1247231,1633279,2588671,5300223,197376,54132735,1432010.41,1173278.34,1522070,10,10,10,0,0,0,0,0,0,1794047,3131391,13467647,2120039.91,20000
1790804337,0,1542070,0,1818.93,19995.01,940543,1252351,1642495,2611199,5423103,197376,54132735,1440784.58,1177456.81,1542070,10,10,10,0,0,0,0,0,0,1808383,4239359,8716287,2108529.95,20000
1790804338,0,1562070,0,1840.35,20004.64,943615,1258495,1650687,2627583,5525503,197376,54132735,1448417.28,1185340.64,1562070,10,10,10,0,0,0,0,0,0,1697791,3516415,11190271,2036925.14,20000
1790804339,0,1581965,0,1861.60,19903.68,947711,1263615,1657855,2635775,5636095,197376,54132735,1455798.87,1197818.44,1581965,10,10,10,0,0,0,0,0,0,1674239,3612671,12779519,2035369.45,19895
1790804340,0,1602070,0,1883.04,20088.76,951295,1268735,1665023,2643967,5771263,197376,54132735,1462583.04,1199859.82,1602070,10,10,10,0,0,0,0,0,0,1716223,4317183,8114175,1996396.26,20105
1790804341,0,1622070,0,1904.31,20012.58,954367,1271807,1668095,2650111,5816319,197376,54132735,1466321.99,1199459.30,1622070,10,10,10,0,0,0,0,0,0,1508351,3012607,7909375,1765825.02,20000
1790804342,0,1642070,0,1925.53,19999.87,957439,1275903,1673215,2658303,5783551,197376,54132735,1469315.86,1194675.29,1642070,10,10,10,0,0,0,0,0,0,1551359,3020799,3684351,1712129.64,20000
1790804343,0,1662070,0,1946.70,19984.50,960511,1278975,1678335,2670591,5816319,197376,54132735,1475760.56,1213714.20,1662070,10,10,10,0,0,0,0,0,0,1560575,3518463,13058047,2004892.53,20000
1790804344,0,1682070,0,1967.82,20002.82,964095,1284095,1684479,2680831,5947391,197376,54132735,1483332.30,1228978.90,1682070,10,10,10,0,0,0,0,0,0,1678335,3688447,13303807,2112570.16,20000
1790804345,0,1702051,0,1988.87,19997.30,967167,1288191,1688575,2684927,5971967,197376,54132735,1487207.62,1227309.50,1702051,10,10,10,0,0,0,0,0,0,1587199,3129343,6557695,1813445.94,19981
1790804346,0,1722070,0,2009.91,20007.98,970239,1292287,1694719,2697215,5996543,197376,54132735,1491822.14,1226133.28,1722070,10,10,10,0,0,0,0,0,0,1645567,3639295,7528447,1884157.21,20019
1790804347,0,1742070,0,2030.88,19992.63,973823,1298431,1701887,2709503,6012927,197376,54132735,1497043.06,1224618.55,1742070,10,10,10,0,0,0,0,0,0,1705983,3442687,7081983,1946582.48,20000
1790804348,0,1762070,0,2051.81,20016.96,977407,1303551,1709055,2725887,6094847,197376,54132735,1504282.83,1227626.70,1762070,10,10,10,0,0,0,0,0,0,1800191,4956159,8527871,2134891.54,20000
1790804349,0,1782010,0,2072.61,19940.79,980479,1307647,1715199,2740223,6168575,197376,54132735,1510356.58,1230628.86,1782010,10,10,10,0,0,0,0,0,0,1692671,4218879,9297919,2047085.37,19940
1790804350,0,1801870,0,2093.28,19852.79,983551,1311743,1720319,2752511,6311935,197376,54132735,1516505.04,1236070.89,1801870,10,10,10,0,0,0,0,0,0,1667071,5222399,8765439,2068197.86,19860
1790804351,0,1821970,0,2114.17,20107.31,986623,1316863,1728511,2772991,6311935,197376,54132735,1522891.53,1238706.84,1821970,10,10,10,0,0,0,0,0,0,1806335,3784703,6725631,2095409.96,20100
1790804352,0,1842070,0,2135.02,20085.91,989695,1320959,1734655,2787327,6361087,197376,54132735,1528379.61,1238618.14,1842070,10,10,10,0,0,0,0,0,0,1742847,4296703,7167999,2025848.16,20100
1790804353,0,1861870,0,2155.47,19812.94,992767,1326079,1741823,2801663,6422527,197376,54132735,1534121.84,1239173.01,1861870,10,10,10,0,0,0,0,0,0,1788927,3893247,7401471,2068344.28,19800
1790804354,0,1882070,0,2176.33,20198.33,995839,1330175,1748991,2813951,6406143,197376,54132735,1539035.46,1237703.04,1882070,10,10,10,0,0,0,0,0,0,1824767,3405823,6090751,1991932.32,20200
1790804355,0,1901910,0,2196.73,19834.83,998911,1334271,1756159,2832383,6447103,197376,54132735,1545994.12,1248065.43,1901910,10,10,10,0,0,0,0,0,0,1790975,4061183,14671871,2206109.27,19840
1790804356,0,1922050,0,2217.44,20148.15,1001983,1339391,1762303,2838527,6459391,197376,54132735,1550682.86,1248628.49,1922050,10,10,10,0,0,0,0,0,0,1776639,3471359,8314879,1993461.13,20140
1790804357,0,1942070,0,2237.95,20012.37,1005055,1343487,1769471,2859007,6553599,197376,54132735,1558324.20,1262454.89,1942070,10,10,10,0,0,0,0,0,0,1780735,4718591,10567679,2291942.70,20020
1790804358,0,1962070,0,2258.39,19995.70,1008127,1346559,1773567,2867199,6516735,197376,54132735,1561520.34,1259453.51,1962070,10,10,10,0,0,0,0,0,0,1669119,3450879,5898239,1871876.65,20000
1790804359,0,1982070,0,2278.79,20007.07,1010687,1350655,1778687,2881535,6590463,197376,54132735,1566943.64,1262069.68,1982070,10,10,10,0,0,0,0,0,0,1701887,4878335,8396799,2098988.14,20000
1790804360,0,2002070,0,2299.14,20000.24,1013759,1355775,1787903,2904063,6619135,197376,54132735,1574734.94,1264387.16,2002070,10,10,10,0,0,0,0,0,0,2074623,4661247,8036351,2346880.84,20000
1790804361,0,2022070,0,2319.45,19988.88,1016831,1359871,1794047,2916351,6643711,197376,54132735,1579935.06,1266529.49,2022070,10,10,10,0,0,0,0,0,0,1775615,4231167,7958527,2100484.72,20000
1790804362,0,2042010,0,2339.64,19954.70,1019903,1363967,1800191,2936831,6721535,197376,54132735,1586746.02,1273118.01,2042010,10,10,10,0,0,0,0,0,0,1812479,5459967,9773055,2277429.88,19940
1790804363,0,2062070,0,2359.92,20057.03,1022975,1368063,1805311,2945023,6725631,197376,54132735,1591048.20,1274579.49,2062070,10,10,10,0,0,0,0,0,0,1721343,4081663,6987775,2028988.92,20060
1790804364,0,2082070,0,2380.08,19992.65,1026047,1372159,1811455,2963455,6709247,197376,54132735,1596206.84,1273598.13,2082070,10,10,10,0,0,0,0,0,0,1842175,4210687,6143999,2128081.03,20000
1790804365,0,2102070,0,2400.20,20011.75,1029119,1376255,1816575,2975743,6729727,197376,54132735,1601932.69,1280432.97,2102070,10,10,10,0,0,0,0,0,0,1793023,4886527,9150463,2198013.35,20000
1790804366,0,2122070,0,2420.27,19979.20,1031679,1379327,1820671,2983935,6733823,197376,54132735,1605944.29,1284156.31,2122070,10,10,10,0,0,0,0,0,0,1693695,4325375,7933951,2027578.25,20000
1790804367,0,2142070,0,2440.30,20000.38,1034239,1383423,1825791,2992127,6721535,197376,54132735,1609391.10,1282085.13,2142070,10,10,10,0,0,0,0,0,0,1743871,3739647,6127615,1975109.73,20000
1790804368,0,2162030,0,2460.24,19978.77,1036799,1386495,1829887,3002367,6746111,197376,54132735,1613798.58,1282411.24,2162030,10,10,10,0,0,0,0,0,0,1763327,4743167,7487487,2086800.75,19960
1790804369,0,2182070,0,2480.22,20036.18,1039359,1389567,1833983,3004415,6721535,197376,54132735,1616553.04,1279149.34,2182070,10,10,10,0,0,0,0,0,0,1769471,3084287,5152767,1913719.58,20040
1790804370,0,2202070,0,2500.11,19998.73,1041919,1392639,1838079,3008511,6750207,197376,54132735,1619726.52,1279414.96,2202070,10,10,10,0,0,0,0,0,0,1711103,3336191,7479295,1965964.61,20000
1790804371,0,2222070,0,2519.95,19991.23,1044991,1396735,1844223,3018751,6807551,197376,54132735,1625137.60,1283108.29,2222070,10,10,10,0,0,0,0,0,0,1905663,4149247,8241151,2220916.54,20000
1790804372,0,2241942,0,2539.61,19885.54,1047551,1399807,1848319,3022847,6807551,197376,54132735,1627910.36,1280800.01,2241942,10,10,10,0,0,0,0,0,0,1740799,3493887,6893567,1937958.20,19872
1790804373,0,2262070,0,2559.51,20111.12,1050623,1403903,1853439,3028991,6828031,197376,54132735,1631803.39,1280580.64,2262070,10,10,10,0,0,0,0,0,0,1789951,4288511,8159231,2065424.81,20128
1790804374,0,2282070,0,2579.22,20006.35,1052671,1406975,1856511,3039231,6885375,197376,54132735,1635973.37,1283671.62,2282070,10,10,10,0,0,0,0,0,0,1738751,3827711,9551871,2107613.46,20000
1790804375,0,2302070,0,2598.89,19996.36,1055743,1410047,1861631,3055615,7008255,197376,54132735,1645087.75,1320242.20,2302070,10,10,10,0,0,0,0,0,0,1796095,7692287,22183935,2685070.54,20000
1790804376,0,2322070,0,2618.51,20012.09,1058815,1413119,1865727,3063807,7049215,197376,54132735,1649531.08,1324338.69,2322070,10,10,10,0,0,0,0,0,0,1786879,3829759,12165119,2160973.41,20000
1790804377,0,2342030,0,2638.05,19963.18,1060863,1417215,1869823,3076095,7077887,197376,54132735,1654766.98,1332270.58,2342030,10,10,10,0,0,0,0,0,0,1808383,4149247,15147007,2263891.89,19960
1790804378,0,2362010,0,2657.56,19980.33,1063935,1420287,1873919,3074047,7073791,197376,54132735,1656838.02,1329319.62,2362010,10,10,10,0,0,0,0,0,0,1747967,2979839,6455295,1899602.57,19980
1790804379,0,2381910,0,2676.94,19899.42,1065983,1422335,1875967,3078143,7077887,197376,54132735,1658662.22,1327288.22,2381910,10,10,10,0,0,0,0,0,0,1642495,3342335,8155135,1875183.11,19900
1790804380,0,2402070,0,2696.56,20147.80,1068031,1425407,1879039,3084287,7065599,197376,54132735,1661372.47,1324688.14,2402070,10,10,10,0,0,0,0,0,0,1769471,3715071,5324799,1981590.27,20160
1790804381,0,2422070,0,2715.97,19999.72,1070079,1427455,1880063,3084287,7049215,197376,54132735,1662295.77,1321275.06,2422070,10,10,10,0,0,0,0,0,0,1614847,3129343,6209535,1773187.34,20000
1790804382,0,2442070,0,2735.33,20005.31,1072127,1429503,1882111,3084287,7032831,197376,54132735,1663533.51,1318199.80,2442070,10,10,10,0,0,0,0,0,0,1649663,3145727,5976063,1813427.21,20000
1790804383,0,2462070,0,2754.64,19995.78,1074175,1431551,1884159,3090431,7094271,197376,54132735,1668483.82,1336315.76,2462070,10,10,10,0,0,0,0,0,0,1688575,4214783,14884863,2272933.96,20000
1790804384,0,2482070,0,2773.91,20002.64,1076223,1434623,1887231,3092479,7102463,197376,54132735,1671086.79,1337087.53,2482070,10,10,10,0,0,0,0,0,0,1726463,3436543,9519103,1991521.72,20000
1790804385,0,2501950,0,2793.01,19884.24,1078271,1436671,1890303,3094527,7167999,197376,54132735,1677127.87,1366728.39,2501950,10,10,10,0,0,0,0,0,0,1759231,5787647,24788991,2431372.89,19880
1790804386,0,2522070,0,2812.33,20113.10,1080319,1438719,1892351,3096575,7139327,197376,54132735,1678662.99,1363285.21,2522070,10,10,10,0,0,0,0,0,0,1701887,3172351,5730303,1869557.41,20120
1790804387,0,2542070,0,2831.48,19996.15,1082367,1441791,1894399,3098623,7147519,197376,54132735,1680486.08,1361250.74,2542070,10,10,10,0,0,0,0,0,0,1654783,3598335,7417855,1910383.95,20000
1790804388,0,2562070,0,2850.58,20001.48,1085439,1442815,1895423,3100671,7172095,197376,54132735,1682096.28,1361737.37,2562070,10,10,10,0,0,0,0,0,0,1606655,3155967,8339455,1886757.90,20000
1790804389,0,2582070,0,2869.64,20002.84,1087487,1444863,1897471,3106815,7217151,197376,54132735,1686667.18,1380280.06,2582070,10,10,10,0,0,0,0,0,0,1712127,3958783,15286271,2272215.71,20000
1790804390,0,2586450,0,2871.31,4379.55,1087487,1445887,1897471,3106815,7213055,197376,54132735,1686870.12,1379480.25,2586450,10,10,10,0,0,0,0,0,0,1670143,3174399,5005311,1806507.51,4380
1790804391,0,2586650,0,2868.35,200.03,1087487,1445887,1897471,3106815,7213055,197376,54132735,1686827.59,1379444.91,2586650,10,10,10,0,0,0,0,0,0,975359,2344959,3080191,1136815.36,200
1790804392,0,2586850,0,2865.40,199.93,1087487,1445887,1897471,3106815,7213055,197376,54132735,1686780.17,1379408.57,2586850,10,10,10,0,0,0,0,0,0,927231,1898495,2406399,1073418.24,200
1790804393,0,2587050,0,2862.45,200.10,1087487,1445887,1897471,3106815,7213055,197376,54132735,1686813.51,1379642.62,2587050,10,10,10,0,0,0,0,0,0,1261567,7667711,20807679,2118120.32,200
1790804394,0,2587250,0,2859.50,199.92,1087487,1445887,1897471,3106815,7213055,197376,54132735,1686776.70,1379604.93,2587250,10,10,10,0,0,0,0,0,0,1098751,2131967,3147775,1210608.64,200
1790804395,0,2587450,0,2856.57,200.14,1087487,1445887,1897471,3106815,7213055,197376,54132735,1686738.75,1379566.22,2587450,10,10,10,0,0,0,0,0,0,1123327,2121727,2945023,1195784.32,200
1790804396,0,2587650,0,2853.64,199.87,1087487,1445887,1897471,3106815,7213055,197376,54132735,1686690.44,1379528.67,2587650,10,10,10,0,0,0,0,0,0,969215,1818623,2031615,1061753.60,200
1790804397,0,2587850,0,2850.72,200.04,1087487,1445887,1897471,3106815,7213055,197376,54132735,1686645.06,1379490.30,2587850,10,10,10,0,0,0,0,0,0,1034751,1917951,2166783,1099445.12,200
1790804398,0,2588050,0,2847.80,199.93,1087487,1445887,1897471,3106815,7213055,197376,54132735,1686587.53,1379455.80,2588050,10,10,10,0,0,0,0,0,0,851967,1559551,1707007,942190.72,200
1790804399,0,2588250,0,2844.89,199.97,1087487,1445887,1897471,3106815,7213055,197376,54132735,1686541.28,1379418.59,2588250,10,10,10,0,0,0,0,0,0,962559,1828863,2414591,1088065.28,200
1790804400,0,2588450,0,2841.99,200.14,1087487,1445887,1897471,3106815,7213055,197376,54132735,1686496.91,1379380.16,2588450,10,10,10,0,0,0,0,0,0,1039871,1926143,2150399,1112283.52,200
1790804401,0,2588650,0,2839.09,199.95,1087487,1445887,1897471,3106815,7213055,197376,54132735,1686452.05,1379342.57,2588650,10,10,10,0,0,0,0,0,0,994303,1943551,2406399,1105859.20,200
1790804402,0,2588850,0,2836.19,199.90,1087487,1445887,1897471,3106815,7213055,197376,54132735,1686402.04,1379305.86,2588850,10,10,10,0,0,0,0,0,0,933375,1712127,1968127,1039167.36,200
1790804403,0,2589050,0,2833.31,200.01,1087487,1445887,1897471,3106815,7213055,197376,54132735,1686358.92,1379268.05,2589050,10,10,10,0,0,0,0,0,0,1022975,2026495,2273279,1128215.04,200
1790804404,0,2589250,0,2830.43,200.18,1087487,1444863,1897471,3106815,7213055,197376,54132735,1686316.70,1379231.86,2589250,10,10,10,0,0,0,0,0,0,1001471,2152447,3020799,1139690.24,200
1790804405,0,2589450,0,2827.56,200.00,1086463,1444863,1897471,3106815,7213055,197376,54132735,1686266.19,1379196.47,2589450,10,10,10,0,0,0,0,0,0,908287,1821695,2691071,1032398.72,200
1790804406,0,2589650,0,2824.70,200.00,1086463,1444863,1897471,3106815,7213055,197376,54132735,1686247.75,1379210.88,2589650,10,10,10,0,0,0,0,0,0,1182719,2334719,10870783,1447553.92,200
1790804407,0,2589850,0,2821.83,199.89,1086463,1444863,1897471,3106815,7213055,197376,54132735,1686198.44,1379174.61,2589850,10,10,10,0,0,0,0,0,0,927231,1949695,2256895,1047708.16,200
1790804408,0,2590050,0,2818.98,199.98,1086463,1444863,1897471,3106815,7213055,197376,54132735,1686151.54,1379137.78,2590050,10,10,10,0,0,0,0,0,0,986111,1812479,2435071,1078738.56,200
1790804409,0,2590250,0,2816.13,200.11,1086463,1444863,1897471,3106815,7208959,197376,54132735,1686104.50,1379103.45,2590250,10,10,10,0,0,0,0,0,0,909311,2156543,3018751,1077021.44,200
1790804410,0,2590450,0,2813.29,199.88,1086463,1444863,1897471,3106815,7208959,197376,54132735,1686056.88,1379067.34,2590450,10,10,10,0,0,0,0,0,0,930815,1884159,2957311,1069326.08,200
1790804411,0,2590650,0,2810.46,199.99,1086463,1444863,1897471,3104767,7208959,197376,54132735,1686017.09,1379030.68,2590650,10,10,10,0,0,0,0,0,0,1032703,2170879,2965503,1170557.44,200
1790804412,0,2590850,0,2807.63,200.01,1086463,1444863,1896447,3104767,7208959,197376,54132735,1685970.38,1378993.22,2590850,10,10,10,0,0,0,0,0,0,976383,1737727,2283519,1080977.28,200
1790804413,0,2591050,0,2804.81,200.08,1086463,1444863,1896447,3104767,7208959,197376,54132735,1685928.59,1378956.10,2591050,10,10,10,0,0,0,0,0,0,969727,2166783,2996223,1144498.56,200
1790804414,0,2591250,0,2801.99,199.99,1086463,1444863,1896447,3104767,7208959,197376,54132735,1685883.63,1378917.94,2591250,10,10,10,0,0,0,0,0,0,1016831,1825791,2107391,1103525.76,200
1790804415,0,2591450,0,2799.18,200.05,1086463,1444863,1896447,3104767,7208959,197376,54132735,1685845.12,1378880.39,2591450,10,10,10,0,0,0,0,0,0,1073151,2207743,2863103,1186830.08,200
1790804416,0,2591650,0,2796.37,199.89,1086463,1444863,1896447,3104767,7208959,197376,54132735,1685803.87,1378842.42,2591650,10,10,10,0,0,0,0,0,0,1049599,1930239,3049471,1151388.16,200
1790804417,0,2591850,0,2793.57,199.98,1086463,1444863,1896447,3104767,7208959,197376,54132735,1685773.82,1378817.10,2591850,10,10,10,0,0,0,0,0,0,1067007,3094527,5271551,1296255.36,200
1790804418,0,2592050,0,2790.78,200.13,1086463,1444863,1896447,3104767,7208959,197376,54132735,1685731.61,1378779.15,2592050,10,10,10,0,0,0,0,0,0,1044991,2069503,2363391,1138813.44,200
1790804419,0,2592250,0,2788.00,199.92,1086463,1444863,1896447,3104767,7208959,197376,54132735,1685684.77,1378743.89,2592250,10,10,10,0,0,0,0,0,0,904191,1993727,2619391,1078645.76,200
1790804420,0,2592450,0,2785.22,200.04,1086463,1444863,1896447,3104767,7208959,197376,54132735,1685646.39,1378708.22,2592450,10,10,10,0,0,0,0,0,0,969727,2373631,2969599,1188188.16,200
1790804421,0,2592650,0,2782.44,199.90,1086463,1444863,1896447,3104767,7208959,197376,54132735,1685606.13,1378670.24,2592650,10,10,10,0,0,0,0,0,0,1037311,2168831,2404351,1163684.48,200
1790804422,0,2592850,0,2779.67,200.12,1086463,1444863,1896447,3104767,7208959,197376,54132735,1685565.16,1378634.02,2592850,10,10,10,0,0,0,0,0,0,982527,2174975,3088383,1154426.88,200
1790804423,0,2593050,0,2776.91,199.87,1086463,1444863,1896447,3104767,7208959,197376,54132735,1685514.37,1378599.67,2593050,10,10,10,0,0,0,0,0,0,867839,1675263,3196927,1027091.20,200
1790804424,0,2593250,0,2774.15,200.02,1086463,1444863,1896447,3104767,7204863,197376,54132735,1685462.49,1378566.21,2593250,10,10,10,0,0,0,0,0,0,865791,1814527,2791423,1012786.56,200
1790804425,0,2593450,0,2771.40,200.11,1086463,1444863,1896447,3104767,7204863,197376,54132735,1685417.13,1378531.30,2593450,10,10,10,0,0,0,0,0,0,912895,2222079,2955263,1097276.16,200
1790804426,0,2593650,0,2768.66,199.93,1086463,1444863,1896447,3104767,7204863,197376,54132735,1685367.05,1378495.59,2593650,10,10,10,0,0,0,0,0,0,914943,1776639,2113535,1036078.08,200
1790804427,0,2593850,0,2765.92,199.94,1086463,1444863,1896447,3104767,7204863,197376,54132735,1685325.35,1378458.91,2593850,10,10,10,0,0,0,0,0,0,976895,2076671,2748415,1144445.44,200
1790804428,0,2594050,0,2763.19,200.14,1086463,1444863,1896447,3104767,7204863,197376,54132735,1685289.52,1378422.13,2594050,10,10,10,0,0,0,0,0,0,1062911,2476031,3096575,1220622.72,200
1790804429,0,2594250,0,2760.46,199.84,1086463,1444863,1896447,3104767,7204863,197376,54132735,1685247.47,1378384.02,2594250,10,10,10,0,0,0,0,0,0,1043967,1843199,2508799,1139817.60,200
1790804430,0,2594450,0,2757.74,200.10,1086463,1444863,1896447,3104767,7204863,197376,54132735,1685207.12,1378346.85,2594450,10,10,10,0,0,0,0,0,0,1064959,1957887,2975743,1161904.64,200
1790804431,0,2594650,0,2755.02,199.98,1086463,1444863,1896447,3104767,7204863,197376,54132735,1685156.35,1378310.31,2594650,10,10,10,0,0,0,0,0,0,942079,1670143,1936383,1026499.84,200
1790804432,0,2594850,0,2752.31,199.93,1086463,1444863,1896447,3104767,7204863,197376,54132735,1685110.08,1378272.45,2594850,10,10,10,0,0,0,0,0,0,989695,1824767,2172927,1084886.40,200
1790804433,0,2595050,0,2749.61,200.05,1085439,1444863,1896447,3104767,7204863,197376,54132735,1685061.87,1378237.37,2595050,10,10,10,0,0,0,0,0,0,913407,1726463,2799615,1059566.08,200
1790804434,0,2595250,0,2746.91,200.01,1085439,1444863,1896447,3104767,7204863,197376,54132735,1685010.76,1378201.03,2595250,10,10,10,0,0,0,0,0,0,943615,1671167,1904639,1021867.52,200
1790804435,0,2595450,0,2744.21,199.97,1085439,1444863,1896447,3104767,7204863,197376,54132735,1684963.21,1378163.77,2595450,10,10,10,0,0,0,0,0,0,947199,1844223,2111487,1067863.68,200
1790804436,0,2595650,0,2741.53,199.95,1085439,1444863,1896447,3104767,7204863,197376,54132735,1684919.05,1378128.96,2595650,10,10,10,0,0,0,0,0,0,931327,2185215,3241983,1111856.00,200
1790804437,0,2595850,0,2738.84,200.00,1085439,1444863,1896447,3102719,7204863,197376,54132735,1684866.57,1378093.16,2595850,10,10,10,0,0,0,0,0,0,911359,1671167,1878015,1003852.16,200
1790804438,0,2596050,0,2736.17,200.05,1085439,1444863,1896447,3102719,7200767,197376,54132735,1684823.10,1378059.39,2596050,10,10,10,0,0,0,0,0,0,906239,2336767,3362815,1120590.72,200
1790804439,0,2596250,0,2733.50,199.94,1085439,1444863,1896447,3102719,7200767,197376,54132735,1684778.01,1378023.67,2596250,10,10,10,0,0,0,0,0,0,922111,2053119,2623487,1099486.72,200
1790804440,0,2596450,0,2730.84,200.20,1085439,1444863,1896447,3102719,7200767,197376,54132735,1684732.28,1377988.34,2596450,10,10,10,0,0,0,0,0,0,905727,1935359,3045375,1091129.60,200
1790804441,0,2596650,0,2728.18,199.82,1085439,1443839,1896447,3102719,7200767,197376,54132735,1684683.90,1377952.02,2596650,10,10,10,0,0,0,0,0,0,918015,1905663,2260991,1056575.36,200
1790804442,0,2596850,0,2725.52,200.14,1085439,1443839,1896447,3102719,7200767,197376,54132735,1684645.73,1377917.43,2596850,10,10,10,0,0,0,0,0,0,985087,2564095,3520511,1189032.96,200
1790804443,0,2597050,0,2722.88,199.98,1085439,1443839,1895423,3102719,7200767,197376,54132735,1684599.33,1377881.14,2597050,10,10,10,0,0,0,0,0,0,950271,1935359,2715647,1082115.84,200
1790804444,0,2597250,0,2720.23,199.93,1085439,1443839,1895423,3102719,7200767,197376,54132735,1684554.69,1377844.48,2597250,10,10,10,0,0,0,0,0,0,1002495,2003967,2811903,1104917.12,200
1790804445,0,2597450,0,2717.60,200.09,1085439,1443839,1895423,3102719,7200767,197376,54132735,1684520.12,1377806.00,2597450,10,10,10,0,0,0,0,0,0,1132543,2254847,2924543,1235578.24,200
1790804446,0,2597650,0,2714.97,200.03,1085439,1443839,1895423,3102719,7200767,197376,54132735,1684478.31,1377769.44,2597650,10,10,10,0,0,0,0,0,0,990719,2027519,3012607,1141510.40,200
1790804447,0,2597850,0,2712.34,199.83,1085439,1443839,1895423,3102719,7200767,197376,54132735,1684433.46,1377731.33,2597850,10,10,10,0,0,0,0,0,0,1013247,1750015,2144255,1101950.08,200
1790804448,0,2598050,0,2709.72,200.16,1085439,1443839,1895423,3102719,7200767,197376,54132735,1684400.80,1377695.72,2598050,10,10,10,0,0,0,0,0,0,1154047,2674687,3379199,1260071.68,200
1790804449,0,2598250,0,2707.10,199.86,1085439,1443839,1895423,3102719,7200767,197376,54132735,1684355.11,1377659.61,2598250,10,10,10,0,0,0,0,0,0,902143,1969151,2383871,1090824.32,200
1790804450,0,2629510,0,2736.82,31269.94,1089535,1451007,1907711,3166207,7610367,197376,54132735,1707981.91,1449319.54,2629510,10,10,10,0,0,0,0,0,0,2193407,11665407,19841023,3671780.88,31260
1790804451,0,2669510,0,2775.57,40000.50,1094655,1459199,1921023,3241983,7798783,197376,54132735,1726243.56,1478434.13,2669510,10,10,10,0,0,0,0,0,0,2099199,7794687,15695871,2926723.24,40000
1790804452,0,2709510,0,2814.23,40015.78,1098751,1466367,1933311,3297279,7843839,197376,54132735,1738876.08,1488093.14,2709510,10,10,10,0,0,0,0,0,0,2021375,5976063,11845631,2581941.73,40000
1790804453,0,2749510,0,2852.81,39967.99,1104895,1475583,1948671,3358719,7946239,197376,54132735,1754158.45,1500004.16,2749510,10,10,10,0,0,0,0,0,0,2199551,6258687,11313151,2789351.89,40000
1790804454,0,2789510,0,2891.31,40017.12,1108991,1482751,1963007,3436543,7991295,197376,54132735,1770298.59,1525809.40,2789510,10,10,10,0,0,0,0,0,0,2156543,6275071,14180351,2879735.20,40000
1790804455,0,2829510,0,2929.74,39996.60,1114111,1490943,1975295,3512319,8155135,197376,54132735,1786622.35,1551686.28,2829510,10,10,10,0,0,0,0,0,0,2105343,6848511,12148735,2925004.96,40000
1790804456,0,2869510,0,2968.08,39985.54,1119231,1498111,1986559,3590143,8282111,197376,54132735,1802635.55,1575879.12,2869510,10,10,10,0,0,0,0,0,0,2121727,7356415,17022975,2935373.25,40000
1790804457,0,2909510,0,3006.35,40020.61,1123327,1506303,1999871,3651583,8445951,197376,54132735,1817310.48,1597181.57,2909510,10,10,10,0,0,0,0,0,0,2160639,6942719,15704063,2870057.28,40000
1790804458,0,2949510,0,3044.53,40008.84,1127423,1512447,2008063,3710975,8675327,197376,54132735,1834723.41,1664625.72,2949510,10,10,10,0,0,0,0,0,0,1994751,7163903,24379391,3101300.70,40000
1790804459,0,2989510,0,3082.64,39981.77,1132543,1519615,2020351,3770367,8781823,197376,54132735,1846730.24,1672082.77,2989510,10,10,10,0,0,0,0,0,0,2160639,6676479,12058623,2732086.41,40000
1790804460,0,3029510,0,3120.67,40021.20,1136639,1526783,2030591,3821567,8781823,197376,54132735,1855142.08,1672623.80,3029510,10,10,10,0,0,0,0,0,0,2036735,5443583,8470527,2483824.51,40000
1790804461,0,3069510,0,3158.61,39965.27,1140735,1532927,2038783,3852287,8830975,197376,54132735,1863516.49,1673645.75,3069510,10,10,10,0,0,0,0,0,0,2034687,5701631,9412607,2497775.38,40000
1790804462,0,3109510,0,3196.49,40037.41,1145855,1539071,2047999,3901439,9011199,197376,54132735,1878053.25,1715681.20,3109510,10,10,10,0,0,0,0,0,0,2018303,7225343,22937599,2993571.73,40000
1790804463,0,3149510,0,3234.28,39981.53,1149951,1546239,2056191,3926015,9027583,197376,54132735,1885199.73,1713954.73,3149510,10,10,10,0,0,0,0,0,0,2038783,5140479,9396223,2440750.26,40000
1790804464,0,3189510,0,3272.00,39980.13,1154047,1552383,2065407,3960831,9166847,197376,54132735,1896364.62,1734565.68,3189510,10,10,10,0,0,0,0,0,0,2062335,6696959,15056895,2775462.91,40000
1790804465,0,3228410,0,3308.51,38919.12,1158143,1559551,2074623,4003839,9297919,197376,54132735,1907729.05,1749427.13,3228410,10,10,10,0,0,0,0,0,0,2074623,7692287,19070975,2839527.58,38900
1790804466,0,3269510,0,3347.20,41089.77,1163263,1564671,2083839,4052991,9469951,197376,54132735,1922778.90,1795889.14,3269510,10,10,10,0,0,0,0,0,0,2071551,8212479,22953983,3104947.08,41100
1790804467,0,3309510,0,3384.69,40011.75,1167359,1570815,2092031,4102143,9576447,197376,54132735,1933119.42,1805621.22,3309510,10,10,10,0,0,0,0,0,0,2054143,7475199,10510335,2778330.15,40000
1790804468,0,3349510,0,3422.09,40005.85,1171455,1576959,2103295,4151295,9527295,197376,54132735,1942124.03,1803852.65,3349510,10,10,10,0,0,0,0,0,0,2277375,5959679,7704575,2687144.78,40000
1790804469,0,3389510,0,3459.43,39982.33,1175551,1584127,2113535,4222975,9641983,197376,54132735,1955811.95,1821845.74,3389510,10,10,10,0,0,0,0,0,0,2158591,7876607,17137663,3102007.89,40000
1790804470,0,3429510,0,3496.68,40020.10,1179647,1589247,2121727,4255743,9773055,197376,54132735,1965493.58,1835421.13,3429510,10,10,10,0,0,0,0,0,0,2079743,6561791,16941055,2785893.31,40000
1790804471,0,3469510,0,3533.86,39982.15,1183743,1595391,2127871,4263935,9871359,197376,54132735,1972211.02,1844961.25,3469510,10,10,10,0,0,0,0,0,0,2017279,5038079,13516799,2548149.13,40000
1790804472,0,3509510,0,3570.97,40011.58,1186815,1598463,2129919,4280319,9977855,197376,54132735,1976799.57,1849644.50,3509510,10,10,10,0,0,0,0,0,0,1806335,7151615,11591679,2374800.28,40000
1790804473,0,3549510,0,3608.00,39986.39,1189887,1600511,2129919,4292607,10182655,197376,54132735,1982522.02,1866991.28,3549510,10,10,10,0,0,0,0,0,0,1740799,6221823,17154047,2484596.91,40000
1790804474,0,3589510,0,3644.95,40003.40,1193983,1605631,2138111,4333567,10387455,197376,54132735,1995132.44,1907372.79,3589510,10,10,10,0,0,0,0,0,0,2059263,8896511,26705919,3114152.72,40000
1790804475,0,3629510,0,3681.83,40003.30,1197055,1610751,2146303,4374527,10518527,197376,54132735,2005138.99,1920284.14,3629510,10,10,10,0,0,0,0,0,0,2125823,7225343,16498687,2903103.57,40000
1790804476,0,3669510,0,3718.63,39995.46,1201151,1615871,2152447,4407295,10649599,197376,54132735,2014908.78,1944453.47,3669510,10,10,10,0,0,0,0,0,0,2026495,7573503,18563071,2901398.00,40000
1790804477,0,3709510,0,3755.36,40009.43,1204223,1620991,2158591,4440063,10764287,197376,54132735,2023033.77,1948252.48,3709510,10,10,10,0,0,0,0,0,0,2123775,6471679,12926975,2768401.96,40000
1790804478,0,3749486,0,3792.00,39993.53,1208319,1626111,2164735,4464639,10780671,197376,54132735,2029293.51,1952115.60,3749486,10,10,10,0,0,0,0,0,0,2044927,5910527,16859135,2610155.94,39976
1790804479,0,3789510,0,3828.60,39985.23,1211391,1630207,2170879,4476927,10780671,197376,54132735,2034226.88,1951005.68,3789510,10,10,10,0,0,0,0,0,0,2101247,5079039,10469375,2496390.39,40024
1790804480,0,3829510,0,3865.11,40023.88,1214463,1634303,2179071,4501503,10862591,197376,54132735,2041488.81,1961908.53,3829510,10,10,10,0,0,0,0,0,0,2056191,5500927,14376959,2729467.65,40000
1790804481,0,3869510,0,3901.54,40007.68,1217535,1639423,2185215,4530175,10960895,197376,54132735,2050295.91,1976943.48,3869510,10,10,10,0,0,0,0,0,0,2117631,7929855,18284543,2893467.67,40000
1790804482,0,3909510,0,3937.90,39969.21,1221631,1643519,2193407,4558847,10936319,197376,54132735,2056235.89,1976003.83,3909510,10,10,10,0,0,0,0,0,0,2181119,6217727,9773055,2630855.68,40000
1790804483,0,3949510,0,3974.19,40017.63,1224703,1648639,2199551,4562943,10919935,197376,54132735,2060319.96,1973031.42,3949510,10,10,10,0,0,0,0,0,0,2068479,4960255,9551871,2459488.32,40000
1790804484,0,3989510,0,4010.41,40020.16,1228799,1652735,2205695,4612095,10993663,197376,54132735,2070881.85,1992106.55,3989510,10,10,10,0,0,0,0,0,0,2115583,9502719,17891327,3113738.89,40000
1790804485,0,4029510,0,4046.55,39992.67,1231871,1657855,2211839,4624383,11034623,197376,54132735,2076516.67,1995401.65,4029510,10,10,10,0,0,0,0,0,0,2131967,5779455,15892479,2638521.34,40000
1790804486,0,4069510,0,4082.62,40005.71,1234943,1661951,2217983,4644863,11157503,197376,54132735,2084491.25,2008872.71,4069510,10,10,10,0,0,0,0,0,0,2035711,9043967,16539647,2887832.56,40000
1790804487,0,4109510,0,4118.61,39984.52,1238015,1665023,2222079,4644863,11100159,197376,54132735,2087082.20,2003295.98,4109510,10,10,10,0,0,0,0,0,0,2065407,4648959,8118271,2350679.34,40000
1790804488,0,4149510,0,4154.54,39981.31,1242111,1670143,2228223,4681727,11329535,197376,54132735,2100991.17,2054964.24,4149510,10,10,10,0,0,0,0,0,0,2129919,15441919,27869183,3529966.89,40000
1790804489,0,4189510,0,4190.39,40035.95,1245183,1674239,2236415,4706303,11370495,197376,54132735,2107478.19,2057614.80,4189510,10,10,10,0,0,0,0,0,0,2168831,7114751,13369343,2780427.49,40000
1790804490,0,4229510,0,4226.17,39964.67,1248255,1679359,2242559,4747263,11452415,197376,54132735,2116550.93,2068098.22,4229510,10,10,10,0,0,0,0,0,0,2170879,7757823,15728639,3066809.34,40000
1790804491,0,4269510,0,4261.88,40025.81,1252351,1683455,2246655,4759551,11411455,197376,54132735,2120037.77,2064297.40,4269510,10,10,10,0,0,0,0,0,0,2070527,5922815,9592831,2488727.94,40000
1790804492,0,4309510,0,4297.52,40000.56,1255423,1688575,2252799,4784127,11542527,197376,54132735,2130839.19,2096310.01,4309510,10,10,10,0,0,0,0,0,0,2170879,10297343,23363583,3283758.87,40000
1790804493,0,4349510,0,4333.09,39987.78,1259519,1693695,2258943,4812799,11591679,197376,54132735,2137738.50,2103958.14,4349510,10,10,10,0,0,0,0,0,0,2136063,7901183,15876095,2881054.54,40000
1790804494,0,4389510,0,4368.58,39985.15,1262591,1698815,2263039,4808703,11583487,197376,54132735,2140694.74,2100135.70,4389510,10,10,10,0,0,0,0,0,0,2119679,4513791,11509759,2462149.97,40000
1790804495,0,4429510,0,4404.01,40003.77,1266687,1702911,2267135,4820991,11599871,197376,54132735,2145962.53,2103679.81,4429510,10,10,10,0,0,0,0,0,0,2065407,7913471,14704639,2724037.29,40000
1790804496,0,4469510,0,4439.37,40019.95,1269759,1707007,2271231,4820991,11542527,197376,54132735,2148146.57,2098111.76,4469510,10,10,10,0,0,0,0,0,0,2099199,4534271,8470527,2390002.86,40000
1790804497,0,4508795,0,4473.94,39260.02,1272831,1711103,2275327,4829183,11542527,197376,54132735,2151887.67,2095356.61,4508795,10,10,10,0,0,0,0,0,0,2119679,5246975,10592255,2577517.70,39285
1790804498,0,4549510,0,4509.87,40723.80,1275903,1715199,2279423,4853759,11739135,197376,54132735,2160069.65,2115783.69,4549510,10,10,10,0,0,0,0,0,0,2079743,8187903,23117823,3066145.69,40715
1790804499,0,4587630,0,4542.94,36392.50,1278975,1719295,2285567,4874239,11755519,197376,54132735,2165006.79,2116404.98,4587630,10,10,10,0,0,0,0,0,0,2197503,6324223,15826943,2754239.94,38120
1790804500,0,4629510,0,4580.09,43993.32,1283071,1723391,2293759,4968447,12886015,197376,263061503,2306467.51,4874116.87,4629510,10,10,10,0,0,0,0,0,0,2238463,123207679,216662015,17802394.76,41880
1790804501,0,4669510,0,4615.10,39983.87,1286143,1727487,2297855,4972543,12877823,197376,263061503,2308952.13,4856170.96,4669510,10,10,10,0,0,0,0,0,0,2123775,5263359,12820479,2596516.06,40000
1790804502,0,4709510,0,4650.04,40003.20,1289215,1731583,2301951,4976639,12886015,197376,263061503,2311087.56,4838565.39,4709510,10,10,10,0,0,0,0,0,0,2064383,5521407,13156351,2560373.00,40000
1790804503,0,4749510,0,4684.91,40001.58,1292287,1734655,2306047,4993023,12886015,197376,263061503,2315106.59,4823994.56,4749510,10,10,10,0,0,0,0,0,0,2105343,7720959,12943359,2788298.40,40000
1790804504,0,4789510,0,4719.71,40011.16,1295359,1738751,2310143,5005311,12992511,197376,263061503,2320500.33,4813732.23,4789510,10,10,10,0,0,0,0,0,0,2142207,6311935,18087935,2960940.24,40000
1790804505,0,4828990,0,4753.93,39488.19,1298431,1742847,2314239,5013503,12967935,197376,263061503,2322924.58,4796769.54,4828990,10,10,10,0,0,0,0,0,0,2150399,5365759,11550719,2617022.64,39480
1790804506,0,4869510,0,4789.10,40504.59,1301503,1746943,2318335,5021695,12976127,197376,263061503,2326323.29,4781406.26,4869510,10,10,10,0,0,0,0,0,0,2119679,6950911,14131199,2731366.14,40520
1790804507,0,4909510,0,4823.70,40013.42,1304575,1750015,2322431,5017599,12992511,197376,263061503,2327838.96,4764666.20,4909510,10,10,10,0,0,0,0,0,0,2136063,4612095,14508031,2512353.41,40000
1790804508,0,4949510,0,4858.23,39977.14,1307647,1753087,2326527,5033983,12992511,197376,263061503,2330439.65,4749249.48,4949510,10,10,10,0,0,0,0,0,0,2109439,6246399,8929279,2649642.58,40000
1790804509,0,4989510,0,4892.69,40006.71,1309695,1756159,2328575,5038079,12984319,197376,263061503,2332288.53,4733792.37,4989510,10,10,10,0,0,0,0,0,0,2046975,6156287,12967935,2561064.29,40000
1790804510,0,4998090,0,4896.30,8576.55,1310719,1756159,2328575,5042175,13033471,197376,263061503,2333019.72,4731183.29,4998090,10,10,10,0,0,0,0,0,0,1872895,5890047,15065087,2758226.45,8580
1790804511,0,4998290,0,4891.70,199.97,1310719,1756159,2328575,5042175,13033471,197376,263061503,2332967.73,4731096.51,4998290,10,10,10,0,0,0,0,0,0,909823,1733631,1924095,1033821.44,200
1790804512,0,4998490,0,4887.11,200.10,1309695,1756159,2328575,5042175,13033471,197376,263061503,2332918.24,4731009.12,4998490,10,10,10,0,0,0,0,0,0,1006591,1763327,2490367,1095954.56,200
1790804513,0,4998690,0,4882.54,200.04,1309695,1756159,2328575,5042175,13033471,197376,263061503,2332863.06,4730923.06,4998690,10,10,10,0,0,0,0,0,0,904703,1593343,1795071,953772.80,200
1790804514,0,4998890,0,4877.97,199.88,1309695,1756159,2328575,5042175,13033471,197376,263061503,2332815.77,4730835.66,4998890,10,10,10,0,0,0,0,0,0,971775,2361343,2801663,1151022.08,200
1790804515,0,4999090,0,4873.41,200.06,1309695,1756159,2328575,5042175,13033471,197376,263061503,2332764.68,4730748.82,4999090,10,10,10,0,0,0,0,0,0,886783,1848319,2699263,1055734.40,200
1790804516,0,4999290,0,4868.86,200.02,1309695,1756159,2328575,5042175,13033471,197376,263061503,2332715.11,4730661.78,4999290,10,10,10,0,0,0,0,0,0,943615,1758207,2910207,1093645.44,200
1790804517,0,4999490,0,4864.31,199.96,1309695,1756159,2328575,5042175,13033471,197376,263061503,2332662.69,4730575.05,4999490,10,10,10,0,0,0,0,0,0,936959,1678335,1855487,1022464.64,200
1790804518,0,4999690,0,4859.78,200.00,1309695,1756159,2328575,5042175,13033471,197376,263061503,2332608.46,4730488.78,4999690,10,10,10,0,0,0,0,0,0,907775,1593343,1725439,976940.80,200
1790804519,0,4999890,0,4855.26,200.13,1309695,1756159,2328575,5042175,13033471,197376,263061503,2332557.69,4730401.95,4999890,10,10,10,0,0,0,0,0,0,909823,1980415,2717695,1063388.80,200
1790804520,0,5000090,0,4850.74,199.93,1309695,1756159,2328575,5042175,13025279,197376,263061503,2332501.83,4730316.20,5000090,10,10,10,0,0,0,0,0,0,831487,1661951,1848319,936101.76,200
1790804521,0,5000290,0,4846.23,200.08,1309695,1756159,2328575,5042175,13025279,197376,263061503,2332441.56,4730231.52,5000290,10,10,10,0,0,0,0,0,0,835071,1267711,1503231,825473.92,200
1790804522,0,5000490,0,4841.73,199.83,1309695,1755135,2328575,5042175,13025279,197376,263061503,2332390.05,4730144.87,5000490,10,10,10,0,0,0,0,0,0,927743,2022399,2252799,1044764.80,200
1790804523,0,5000690,0,4837.24,200.07,1309695,1755135,2328575,5042175,13025279,197376,263061503,2332337.38,4730058.26,5000690,10,10,10,0,0,0,0,0,0,936959,1690623,1899519,1015461.76,200
1790804524,0,5000890,0,4832.76,200.07,1309695,1755135,2328575,5042175,13025279,197376,263061503,2332283.83,4729971.95,5000890,10,10,10,0,0,0,0,0,0,890367,1663999,2183167,993316.48,200
1790804525,0,5001090,0,4828.29,199.96,1309695,1755135,2328575,5042175,13025279,197376,263061503,2332229.20,4729885.90,5001090,10,10,10,0,0,0,0,0,0,870399,1592319,2310143,966104.32,200
1790804526,0,5001290,0,4823.82,199.87,1309695,1755135,2328575,5042175,13025279,197376,263061503,2332174.20,4729799.98,5001290,10,10,10,0,0,0,0,0,0,842239,1671167,1918975,956871.68,200
1790804527,0,5001490,0,4819.37,200.08,1309695,1755135,2328575,5042175,13025279,197376,263061503,2332119.84,4729713.83,5001490,10,10,10,0,0,0,0,0,0,859647,1641471,1831935,972785.28,200
1790804528,0,5001690,0,4814.92,199.97,1309695,1755135,2328575,5042175,13025279,197376,263061503,2332068.07,4729627.12,5001690,10,10,10,0,0,0,0,0,0,904703,1787903,2201599,1037520.64,200
1790804529,0,5001890,0,4810.48,200.05,1309695,1755135,2328575,5042175,13025279,197376,263061503,2332015.19,4729540.59,5001890,10,10,10,0,0,0,0,0,0,901631,1642495,1890303,1009633.28,200
1790804530,0,5002090,0,4806.05,199.92,1309695,1755135,2328575,5042175,13025279,197376,263061503,2331960.97,4729454.40,5002090,10,10,10,0,0,0,0,0,0,878591,1576959,1696767,975966.08,200
1790804531,0,5002290,0,4801.63,200.14,1309695,1755135,2328575,5042175,13025279,197376,263061503,2331905.81,4729368.51,5002290,10,10,10,0,0,0,0,0,0,848383,1668095,2079743,952140.80,200
1790804532,0,5002490,0,4797.22,199.85,1309695,1755135,2328575,5042175,13025279,197376,263061503,2331853.14,4729281.90,5002490,10,10,10,0,0,0,0,0,0,918015,1628159,1687551,1014686.72,200
1790804533,0,5002690,0,4792.82,200.13,1309695,1755135,2328575,5042175,13025279,197376,263061503,2331816.75,4729199.15,5002690,10,10,10,0,0,0,0,0,0,940031,5283839,6983679,1421584.00,200
1790804534,0,5002890,0,4788.42,199.96,1309695,1755135,2328575,5042175,13025279,197376,263061503,2331765.80,4729112.57,5002890,10,10,10,0,0,0,0,0,0,906239,2031615,2637823,1057181.44,200
1790804535,0,5003090,0,4784.03,199.97,1309695,1755135,2328575,5042175,13025279,197376,263061503,2331713.75,4729026.07,5003090,10,10,10,0,0,0,0,0,0,866303,1871871,2322431,1029717.76,200
1790804536,0,5003290,0,4779.65,199.98,1309695,1755135,2328575,5042175,13025279,197376,263061503,2331661.69,4728939.41,5003290,10,10,10,0,0,0,0,0,0,942079,1691647,1925119,1029456.64,200
1790804537,0,5003490,0,4775.28,200.00,1309695,1755135,2328575,5042175,13025279,197376,263061503,2331614.96,4728852.91,5003490,10,10,10,0,0,0,0,0,0,917503,2482175,4399103,1162610.56,200
1790804538,0,5003690,0,4770.92,200.01,1309695,1755135,2328575,5042175,13025279,197376,263061503,2331559.83,4728767.32,5003690,10,10,10,0,0,0,0,0,0,829439,1720319,2605055,952312.32,200
1790804539,0,5003890,0,4766.57,200.07,1308671,1755135,2328575,5042175,13025279,197376,263061503,2331509.39,4728680.32,5003890,10,10,10,0,0,0,0,0,0,1019391,1658879,2353151,1069633.92,200
1790804540,0,5004090,0,4762.22,200.06,1308671,1755135,2328575,5042175,13025279,197376,263061503,2331458.56,4728593.45,5004090,10,10,10,0,0,0,0,0,0,934399,1796095,2326527,1059713.28,200
1790804541,0,5004290,0,4757.88,199.89,1308671,1755135,2328575,5042175,13025279,197376,263061503,2331407.06,4728506.78,5004290,10,10,10,0,0,0,0,0,0,917503,1645567,2455551,1042782.08,200
1790804542,0,5004490,0,4753.55,200.11,1308671,1755135,2328575,5038079,13025279,197376,263061503,2331347.35,4728422.25,5004490,10,10,10,0,0,0,0,0,0,780799,1353727,2183167,837216.00,200
1790804543,0,5004690,0,4749.23,199.95,1308671,1755135,2328575,5038079,13025279,197376,263061503,2331293.16,4728336.12,5004690,10,10,10,0,0,0,0,0,0,899583,1615871,1869823,975319.04,200
1790804544,0,5004890,0,4744.92,199.96,1308671,1755135,2328575,5038079,13017087,197376,263061503,2331238.16,4728250.21,5004890,10,10,10,0,0,0,0,0,0,880127,1507327,1930239,955036.80,200
1790804545,0,5005090,0,4740.61,200.02,1308671,1755135,2328575,5038079,13017087,197376,263061503,2331193.83,4728166.60,5005090,10,10,10,0,0,0,0,0,0,914943,2295807,6328319,1221994.24,200
1790804546,0,5005290,0,4736.32,200.08,1308671,1755135,2328575,5038079,13017087,197376,263061503,2331141.86,4728080.33,5005290,10,10,10,0,0,0,0,0,0,880639,1939455,2875391,1030571.52,200
1790804547,0,5005490,0,4732.03,199.83,1308671,1755135,2328575,5038079,13017087,197376,263061503,2331089.27,4727994.05,5005490,10,10,10,0,0,0,0,0,0,891391,1620991,2926591,1014756.48,200
1790804548,0,5005690,0,4727.75,200.10,1308671,1755135,2328575,5038079,13017087,197376,263061503,2331038.57,4727907.39,5005690,10,10,10,0,0,0,0,0,0,944639,1953791,2375679,1062290.56,200
1790804549,0,5005890,0,4723.48,200.06,1308671,1755135,2328575,5038079,13017087,197376,263061503,2330985.07,4727821.09,5005890,10,10,10,0,0,0,0,0,0,905215,1618943,1717247,991897.60,200
1790804550,0,5006090,0,4719.21,199.90,1308671,1755135,2328575,5038079,13017087,197376,263061503,2330932.55,4727734.71,5006090,10,10,10,0,0,0,0,0,0,909311,1914879,2111487,1016301.44,200
1790804551,0,5006290,0,4714.95,199.93,1308671,1755135,2328575,5038079,13017087,197376,263061503,2330886.45,4727647.63,5006290,10,10,10,0,0,0,0,0,0,1060863,2408447,3694591,1177020.16,200
1790804552,0,5006490,0,4710.71,200.12,1308671,1755135,2328575,5038079,13017087,197376,263061503,2330834.66,4727561.09,5006490,10,10,10,0,0,0,0,0,0,918015,1742847,2103295,1034619.52,200
1790804553,0,5006690,0,4706.47,200.02,1308671,1755135,2328575,5038079,13017087,197376,263061503,2330786.50,4727474.22,5006690,10,10,10,0,0,0,0,0,0,944639,2279423,3031039,1125065.60,200
1790804554,0,5006890,0,4702.23,199.89,1308671,1754111,2328575,5038079,13017087,197376,263061503,2330732.16,4727388.34,5006890,10,10,10,0,0,0,0,0,0,867839,1761279,2044927,970360.96,200
1790804555,0,5007090,0,4698.01,199.96,1308671,1754111,2328575,5038079,13017087,197376,263061503,2330677.25,4727302.55,5007090,10,10,10,0,0,0,0,0,0,849407,1622015,1811455,956072.32,200
1790804556,0,5007290,0,4693.80,200.18,1308671,1754111,2328575,5038079,13017087,197376,263061503,2330625.73,4727215.94,5007290,10,10,10,0,0,0,0,0,0,944639,1818623,2038783,1040836.48,200
1790804557,0,5007490,0,4689.59,199.93,1308671,1754111,2326527,5038079,13017087,197376,263061503,2330576.39,4727128.75,5007490,10,10,10,0,0,0,0,0,0,1041407,1809407,2144255,1095230.08,200
1790804558,0,5007690,0,4685.38,199.93,1308671,1754111,2326527,5038079,13017087,197376,263061503,2330541.12,4727059.24,5007690,10,10,10,0,0,0,0,0,0,902655,1903615,11706367,1447468.80,200
1790804559,0,5007890,0,4681.19,200.00,1308671,1754111,2326527,5038079,13017087,197376,263061503,2330486.79,4726973.27,5007890,10,10,10,0,0,0,0,0,0,872447,1654783,1855487,970258.56,200
1790804560,0,5008090,0,4677.00,199.96,1308671,1754111,2326527,5038079,13017087,197376,263061503,2330436.45,4726886.48,5008090,10,10,10,0,0,0,0,0,0,946175,1791999,2463743,1069875.20,200
1790804561,0,5008290,0,4672.83,200.11,1308671,1754111,2326527,5038079,13017087,197376,263061503,2330384.14,4726799.93,5008290,10,10,10,0,0,0,0,0,0,943103,1666047,1895423,1020566.40,200
1790804562,0,5008490,0,4668.66,199.89,1308671,1754111,2326527,5038079,13017087,197376,263061503,2330331.01,4726713.67,5008490,10,10,10,0,0,0,0,0,0,873471,1669119,1715199,999795.20,200
1790804563,0,5008690,0,4664.50,200.07,1308671,1754111,2326527,5038079,13017087,197376,263061503,2330281.11,4726626.99,5008690,10,10,10,0,0,0,0,0,0,941567,1964031,3104767,1080794.24,200
1790804564,0,5008890,0,4660.34,199.95,1308671,1754111,2326527,5038079,13008895,197376,263061503,2330227.20,4726541.03,5008890,10,10,10,0,0,0,0,0,0,910335,1713151,2203647,980139.52,200
1790804565,0,5009090,0,4656.20,200.10,1307647,1754111,2326527,5038079,13008895,197376,263061503,2330172.92,4726455.11,5009090,10,10,10,0,0,0,0,0,0,869375,1728511,1939455,970704.64,200
1790804566,0,5009290,0,4652.06,199.98,1307647,1754111,2326527,5038079,13008895,197376,263061503,2330120.82,4726368.61,5009290,10,10,10,0,0,0,0,0,0,956927,1704959,2054143,1025325.44,200
1790804567,0,5009490,0,4647.93,199.91,1307647,1754111,2326527,5038079,13008895,197376,263061503,2330074.40,4726281.91,5009490,10,10,10,0,0,0,0,0,0,973823,2185215,4358143,1167402.24,200
1790804568,0,5009690,0,4643.81,200.04,1307647,1754111,2326527,5038079,13008895,197376,263061503,2330023.23,4726195.28,5009690,10,10,10,0,0,0,0,0,0,898559,1783807,2013183,1048325.12,200
1790804569,0,5009890,0,4639.69,200.09,1307647,1754111,2326527,5038079,13008895,197376,263061503,2329971.56,4726108.68,5009890,10,10,10,0,0,0,0,0,0,929791,1717247,1985535,1035756.80,200
1790804570,0,5057350,0,4679.31,47471.59,1312767,1761279,2344959,5255167,14016511,197376,263061503,2381184.27,4807923.18,5057350,10,10,10,0,0,0,0,0,0,3635199,25853951,47579135,7787210.42,47460
1790804571,0,5117350,0,4730.45,59957.34,1317887,1771519,2367487,5378047,14123007,197376,263061503,2402790.83,4796332.22,5117350,10,10,10,0,0,0,0,0,0,2936831,10911743,16506879,4223990.47,60000
1790804572,0,5177350,0,4781.49,60006.07,1324031,1782783,2392063,5480447,14147583,197376,263061503,2423117.06,4781806.93,5177350,10,10,10,0,0,0,0,0,0,3127295,10854399,15499263,4156724.17,60000
1790804573,0,5237350,0,4832.44,59986.37,1329151,1793023,2414591,5578751,14163967,197376,263061503,2440745.66,4765553.34,5237350,10,10,10,0,0,0,0,0,0,3008511,9977855,14647295,3961902.71,60000
1790804574,0,5297350,0,4883.30,60051.22,1335295,1803263,2437119,5693439,14573567,197376,263061503,2472587.79,4823266.84,5297350,10,10,10,0,0,0,0,0,0,3053567,14991359,47251455,5252060.80,60000
1790804575,0,5357350,0,4934.06,59990.08,1340415,1813503,2461695,5844991,14721023,197376,263061503,2496889.65,4816787.34,5357350,10,10,10,0,0,0,0,0,0,3145727,12460031,17301503,4642480.51,60000
1790804576,0,5416930,0,4984.34,59589.22,1345535,1823743,2488319,6025215,15245311,197376,263061503,2536867.34,4853431.28,5416930,10,10,10,0,0,0,0,0,0,3528703,23199743,33619967,6131605.41,59580
1790804577,0,5477350,0,5035.30,60414.30,1351679,1833983,2512895,6180863,15548415,197376,263061503,2563212.29,4857303.17,5477350,10,10,10,0,0,0,0,0,0,3196927,14475263,25198591,4925157.91,60420
1790804578,0,5537350,0,5085.78,59952.84,1356799,1844223,2533375,6275071,15794175,197376,263061503,2586059.88,4868696.33,5537350,10,10,10,0,0,0,0,0,0,2975743,15196159,33849343,4671796.62,60000
1790804579,0,5597350,0,5136.17,60005.10,1362943,1854463,2555903,6459391,16416767,197376,263061503,2623674.13,4918132.71,5597350,10,10,10,0,0,0,0,0,0,3096575,21430271,39223295,6095062.37,60000
1790804580,0,5657350,0,5186.47,60006.18,1368063,1864703,2580479,6655999,17481727,197376,263061503,2665659.83,4969099.81,5657350,10,10,10,0,0,0,0,0,0,3203071,25870335,37388287,6582470.51,60000
1790804581,0,5717259,0,5236.60,59953.29,1373183,1874943,2603007,6868991,18153471,197376,263061503,2705993.36,5011240.60,5717259,10,10,10,0,0,0,0,0,0,3430399,23724031,36962303,6514784.83,59909
1790804582,0,5777350,0,5286.79,60034.69,1378303,1885183,2627583,7000063,18169855,197376,263061503,2729509.71,5005463.72,5777350,10,10,10,0,0,0,0,0,0,3481599,12632063,18939903,4966934.53,60091
1790804583,0,5837350,0,5336.81,60022.44,1383423,1895423,2652159,7196671,18890751,197376,263061503,2777923.52,5098539.44,5837350,10,10,10,0,0,0,0,0,0,3291135,29147135,48005119,7439649.28,60000
1790804584,0,5897350,0,5386.74,60019.47,1389567,1905663,2678783,7327743,19431423,197376,263061503,2813325.35,5132417.00,5897350,10,10,10,0,0,0,0,0,0,3452927,23740415,36536319,6257539.09,60000
1790804585,0,5957350,0,5436.58,60013.39,1394687,1916927,2701311,7462911,20316159,197376,263061503,2851300.71,5191229.09,5957350,10,10,10,0,0,0,0,0,0,3336191,25280511,43089919,6583867.88,60000
1790804586,0,6017350,0,5486.33,59993.30,1399807,1927167,2725887,7569407,20463615,197376,263061503,2875323.77,5190976.91,6017350,10,10,10,0,0,0,0,0,0,3485695,16580607,24018943,5260552.65,60000
1790804587,0,6076750,0,5535.44,59372.85,1404927,1937407,2746367,7630847,20791295,197376,263061503,2895788.29,5207332.93,6076750,10,10,10,0,0,0,0,0,0,3037183,15966207,37519359,4968889.06,59400
1790804588,0,6137350,0,5585.55,60575.63,1410047,1947647,2764799,7725055,21053439,197376,263061503,2917778.62,5208988.34,6137350,10,10,10,0,0,0,0,0,0,3184639,15876095,25919487,5122889.78,60600
1790804589,0,6197350,0,5635.03,60057.30,1415167,1957887,2783231,7774207,20938751,197376,263061503,2929748.01,5194594.42,6197350,10,10,10,0,0,0,0,0,0,3004415,10911743,17711103,4154087.03,60000
1790804590,0,6257350,0,5684.42,59996.72,1420287,1968127,2799615,7794687,20791295,197376,263061503,2938841.64,5176476.32,6257350,10,10,10,0,0,0,0,0,0,2992127,8351743,15654911,3878115.73,60000
1790804591,0,6317350,0,5733.72,59969.67,1426431,1979391,2820095,7897087,20889599,197376,263061503,2959843.23,5174880.89,6317350,10,10,10,0,0,0,0,0,0,3317759,16080895,24494079,5150081.41,60000
1790804592,0,6377350,0,5782.93,60028.84,1431551,1989631,2842623,8015871,21610495,197376,263061503,2998359.34,5245696.90,6377350,10,10,10,0,0,0,0,0,0,3379199,28196863,48693247,7053687.76,60000
1790804593,0,6437350,0,5832.04,59957.36,1436671,1998847,2852863,8040447,21512191,197376,263061503,3006506.48,5229928.41,6437350,10,10,10,0,0,0,0,0,0,2775039,9969663,16326655,3872460.03,60000
1790804594,0,6496880,0,5880.65,59554.65,1441791,2008063,2865151,8110079,21512191,197376,263061503,3020582.97,5221353.06,6496880,10,10,10,0,0,0,0,0,0,2922495,13000703,25083903,4542761.00,59530
1790804595,0,6556750,0,5929.47,59852.31,1446911,2018303,2885631,8183807,21463039,197376,263061503,3036726.44,5211531.73,6556750,10,10,10,0,0,0,0,0,0,3317759,11689983,20840447,4788558.40,59870
1790804596,0,6617350,0,5978.87,60617.17,1452031,2028543,2902015,8261631,21938175,197376,263061503,3062891.91,5243309.79,6617350,10,10,10,0,0,0,0,0,0,3192831,22970367,42696703,5893922.57,60600
1790804597,0,6676750,0,6027.09,59409.21,1457151,2038783,2918399,8347647,22216703,197376,263061503,3082767.39,5254086.71,6676750,10,10,10,0,0,0,0,0,0,3100671,19234815,31293439,5296959.61,59400
1790804598,0,6737350,0,6076.31,60601.90,1462271,2049023,2934783,8404991,22298623,197376,263061503,3097119.65,5250382.72,6737350,10,10,10,0,0,0,0,0,0,3104767,13295615,28491775,4678414.04,60600
1790804599,0,6797350,0,6124.90,59994.06,1467391,2059263,2955263,8560639,22577151,197376,263061503,3122151.32,5262842.98,6797350,10,10,10,0,0,0,0,0,0,3461119,20742143,29327359,5932936.71,60000
1790804600,0,6857350,0,6173.40,59966.81,1472511,2069503,2969599,8626175,22757375,197376,263061503,3138224.07,5270780.45,6857350,10,10,10,0,0,0,0,0,0,3098623,15032319,36929535,4959093.12,60000
1790804601,0,6917350,0,6221.82,60020.17,1477631,2079743,2988031,8708095,22970367,197376,263061503,3157863.43,5278130.37,6917350,10,10,10,0,0,0,0,0,0,3389439,14327807,32079871,5402428.60,60000
1790804602,0,6976150,0,6269.07,58807.89,1482751,2089983,3004415,8765439,22986751,197376,263061503,3171923.84,5277148.56,6976150,10,10,10,0,0,0,0,0,0,3182591,12689407,26345471,4826018.62,58800
1790804603,0,7037350,0,6318.38,61172.10,1487871,2101247,3020799,8896511,23216127,197376,263061503,3196072.99,5295053.33,7037350,10,10,10,0,0,0,0,0,0,3327999,20873215,33751039,5948819.72,61200
1790804604,0,7097350,0,6366.54,59996.59,1492991,2111487,3037183,8929279,23101439,197376,263061503,3205872.68,5280737.73,7097350,10,10,10,0,0,0,0,0,0,3168255,10346495,16039935,4355271.06,60000
1790804605,0,7157278,0,6414.54,59959.81,1497087,2121727,3055615,9019391,23445503,197376,263061503,3227315.43,5290640.97,7157278,10,10,10,0,0,0,0,0,0,3647487,18038783,32653311,5766806.94,59928
1790804606,0,7217324,0,6462.57,60054.31,1502207,2129919,3071999,9142271,23396351,197376,263061503,3243874.38,5284399.12,7217324,10,10,10,0,0,0,0,0,0,3444735,14262271,17547263,5217644.61,60046
1790804607,0,7277350,0,6510.49,60041.52,1507327,2140159,3088383,9224191,23756799,197376,263061503,3264582.95,5302306.38,7277350,10,10,10,0,0,0,0,0,0,3225599,21053439,33538047,5754512.13,60026
1790804608,0,7337350,0,6558.29,59942.12,1512447,2150399,3104767,9297919,24100863,197376,263061503,3286006.10,5326721.76,7337350,10,10,10,0,0,0,0,0,0,3362815,21282815,41648127,5884401.84,60000
1790804609,0,7397289,0,6605.97,59990.26,1517567,2158591,3123199,9453567,24674303,197376,263061503,3329956.09,5448271.69,7397289,10,10,10,0,0,0,0,0,0,4050943,32669695,72876031,8710034.04,59939
1790804610,0,7457350,0,6653.66,60047.05,1522687,2168831,3139583,9584639,25034751,197376,263061503,3358522.75,5480117.46,7457350,10,10,10,0,0,0,0,0,0,3457023,27934719,38404095,6876875.62,60061
1790804611,0,7517350,0,6701.21,59987.01,1526783,2179071,3158015,9764863,25460735,197376,263061503,3396236.05,5569294.19,7517350,10,10,10,0,0,0,0,0,0,3647487,26607615,65699839,8083591.03,60000
1790804612,0,7577350,0,6748.68,60026.95,1531903,2189311,3174399,9838591,25542655,197376,263061503,3413990.92,5576787.58,7577350,10,10,10,0,0,0,0,0,0,3373055,19300351,34832383,5638484.15,60000
1790804613,0,7637350,0,6796.07,59991.56,1537023,2197503,3190783,9928703,25591807,197376,263061503,3430735.70,5574774.29,7637350,10,10,10,0,0,0,0,0,0,3459071,16302079,26001407,5545419.81,60000
1790804614,0,7697350,0,6843.37,59975.90,1542143,2207743,3205119,9986047,25788415,197376,263061503,3452727.09,5611910.62,7697350,10,10,10,0,0,0,0,0,0,3315711,21102591,49151999,6251992.41,60000
1790804615,0,7757350,0,6890.59,60038.62,1547263,2217983,3219455,10059775,25788415,197376,263061503,3465138.20,5607707.30,7757350,10,10,10,0,0,0,0,0,0,3203071,13484031,22773759,5057349.20,60000
1790804616,0,7817350,0,6937.72,59970.56,1551359,2226175,3229695,10117119,25985023,197376,263061503,3481838.10,5624653.26,7817350,10,10,10,0,0,0,0,0,0,3100671,24559615,34799615,5640954.96,60000
1790804617,0,7877218,0,6984.65,59887.23,1556479,2234367,3237887,10215423,26198015,197376,263061503,3504990.84,5661165.18,7877218,10,10,10,0,0,0,0,0,0,2971647,28786687,42237951,6528192.68,59868
1790804618,0,7937350,0,7031.73,60092.26,1561599,2244607,3248127,10231807,26148863,197376,263061503,3511855.01,5646320.04,7937350,10,10,10,0,0,0,0,0,0,3112959,10805247,14295039,4411052.14,60132
1790804619,0,7997350,0,7078.62,60041.73,1565695,2252799,3260415,10297343,26148863,197376,263061503,3524946.94,5644104.67,7997350,10,10,10,0,0,0,0,0,0,3180543,15065087,25690111,5256867.71,60000
1790804620,0,8057350,0,7125.42,59997.86,1570815,2263039,3270655,10313727,26181631,197376,263061503,3534450.47,5639618.01,8057350,10,10,10,0,0,0,0,0,0,3119103,14434303,28262399,4801167.79,60000
1790804621,0,8117170,0,7171.98,59830.41,1575935,2271231,3282943,10338303,26181631,197376,263061503,3543698.14,5631710.17,8117170,10,10,10,0,0,0,0,0,0,3229695,11952127,28655615,4789297.34,59820
1790804622,0,8177350,0,7218.77,60126.95,1580031,2277375,3293183,10428415,26230783,197376,263061503,3560053.38,5640290.25,8177350,10,10,10,0,0,0,0,0,0,3069951,21561343,31768575,5766073.75,60180
1790804623,0,8237350,0,7265.33,60040.23,1585151,2287615,3303423,10469375,26312703,197376,263061503,3571390.90,5646116.29,8237350,10,10,10,0,0,0,0,0,0,3090431,14745599,38305791,5116571.53,60000
1790804624,0,8297350,0,7311.80,60006.41,1590271,2295807,3313663,10518527,26263551,197376,263061503,3581710.40,5639195.95,8297350,10,10,10,0,0,0,0,0,0,3196927,15171583,23625727,4998465.32,60000
1790804625,0,8357350,0,7358.19,60000.92,1594367,2303999,3325951,10575871,26394623,197376,263061503,3596723.33,5645985.93,8357350,10,10,10,0,0,0,0,0,0,3239935,21790719,31309823,5672849.27,60000
1790804626,0,8417350,0,7404.49,59955.88,1599487,2312191,3340287,10641407,26542079,197376,263061503,3614512.37,5666768.11,8417350,10,10,10,0,0,0,0,0,0,3323903,18350079,38240255,6092332.64,60000
1790804627,0,8477350,0,7450.72,60031.63,1604607,2320383,3346431,10674175,26492927,197376,263061503,3621381.35,5659045.94,8477350,10,10,10,0,0,0,0,0,0,3006463,14843903,24330239,4585025.78,60000
1790804628,0,8537350,0,7496.86,59963.32,1608703,2328575,3358719,10698751,26542079,197376,263061503,3631577.47,5657017.03,8537350,10,10,10,0,0,0,0,0,0,3225599,14704639,27885567,5072178.15,60000
1790804629,0,8596750,0,7542.40,59435.97,1613823,2336767,3368959,10772479,26689535,197376,263061503,3649316.77,5675709.65,8596750,10,10,10,0,0,0,0,0,0,3160063,25133055,37355519,6198922.67,59400
1790804630,0,8610130,0,7547.52,13377.27,1614847,2338815,3371007,10797055,26722303,197376,263061503,3654021.36,5682173.59,8610130,10,10,10,0,0,0,0,0,0,3213311,27197439,36372479,6676758.90,13380
1790804631,0,8610330,0,7541.09,200.09,1614847,2338815,3371007,10797055,26722303,197376,263061503,3653959.97,5682122.37,8610330,10,10,10,0,0,0,0,0,0,856575,1806335,2629631,1010856.32,200
1790804632,0,8610530,0,7534.66,199.99,1614847,2338815,3371007,10797055,26722303,197376,263061503,3653900.66,5682070.11,8610530,10,10,10,0,0,0,0,0,0,989183,1797119,2059263,1100865.28,200
1790804633,0,8610730,0,7528.25,200.01,1614847,2338815,3371007,10797055,26722303,197376,263061503,3653839.84,5682018.48,8610730,10,10,10,0,0,0,0,0,0,957439,1717247,2059263,1035345.92,200
1790804634,0,8610930,0,7521.85,200.00,1614847,2338815,3371007,10797055,26722303,197376,263061503,3653778.16,5681967.26,8610930,10,10,10,0,0,0,0,0,0,891391,1700863,2267135,998042.24,200
1790804635,0,8611130,0,7515.46,199.95,1613823,2336767,3371007,10788863,26722303,197376,263061503,3653717.96,5681915.53,8611130,10,10,10,0,0,0,0,0,0,926207,1945599,2547711,1061740.16,200
1790804636,0,8611330,0,7509.08,199.98,1613823,2336767,3371007,10788863,26722303,197376,263061503,3653658.21,5681863.53,8611330,10,10,10,0,0,0,0,0,0,953855,1808383,1991679,1081077.76,200
1790804637,0,8611530,0,7502.71,200.04,1613823,2336767,3371007,10788863,26722303,197376,263061503,3653600.90,5681810.63,8611530,10,10,10,0,0,0,0,0,0,1033215,2136063,2977791,1186080.64,200
1790804638,0,8611730,0,7496.35,200.04,1613823,2336767,3371007,10788863,26722303,197376,263061503,3653539.17,5681759.47,8611730,10,10,10,0,0,0,0,0,0,876031,1715199,2430975,995781.76,200
1790804639,0,8611930,0,7490.01,199.93,1613823,2336767,3371007,10788863,26722303,197376,263061503,3653476.17,5681708.82,8611930,10,10,10,0,0,0,0,0,0,852991,1622015,1803263,940627.20,200
1790804640,0,8612130,0,7483.67,199.96,1613823,2336767,3371007,10788863,26722303,197376,263061503,3653414.82,5681657.49,8612130,10,10,10,0,0,0,0,0,0,944127,1721343,1999871,1011802.24,200
1790804641,0,8612330,0,7477.35,200.12,1613823,2336767,3371007,10788863,26722303,197376,263061503,3653354.23,5681605.89,8612330,10,10,10,0,0,0,0,0,0,880639,1917951,2240511,1044222.08,200
1790804642,0,8612530,0,7471.03,199.92,1613823,2336767,3371007,10788863,26722303,197376,263061503,3653293.72,5681554.29,8612530,10,10,10,0,0,0,0,0,0,954879,2023423,2691071,1047802.24,200
1790804643,0,8612730,0,7464.73,200.07,1613823,2336767,3371007,10788863,26722303,197376,263061503,3653229.93,5681504.01,8612730,10,10,10,0,0,0,0,0,0,824319,1589247,1679359,905938.56,200
1790804644,0,8612930,0,7458.44,199.88,1613823,2336767,3371007,10788863,26722303,197376,263061503,3653167.62,5681452.99,8612930,10,10,10,0,0,0,0,0,0,915455,1596415,1725439,969895.04,200
1790804645,0,8613130,0,7452.16,200.00,1613823,2336767,3371007,10788863,26722303,197376,263061503,3653105.53,5681401.91,8613130,10,10,10,0,0,0,0,0,0,900607,1624063,1729535,979565.44,200
1790804646,0,8613330,0,7445.89,200.00,1613823,2336767,3371007,10788863,26722303,197376,263061503,3653044.53,5681350.40,8613330,10,10,10,0,0,0,0,0,0,911871,1665023,2250751,1025721.60,200
1790804647,0,8613530,0,7439.64,200.09,1613823,2336767,3371007,10788863,26722303,197376,263061503,3652982.51,5681299.43,8613530,10,10,10,0,0,0,0,0,0,834047,1818623,2260991,981930.24,200
1790804648,0,8613730,0,7433.39,200.02,1613823,2336767,3371007,10788863,26722303,197376,263061503,3652924.83,5681247.20,8613730,10,10,10,0,0,0,0,0,0,972287,2308095,4018175,1168876.80,200
1790804649,0,8613930,0,7427.15,199.92,1613823,2336767,3371007,10788863,26722303,197376,263061503,3652864.09,5681195.65,8613930,10,10,10,0,0,0,0,0,0,882687,1797119,2217983,1037091.20,200
1790804650,0,8614130,0,7420.92,200.00,1613823,2336767,3371007,10788863,26722303,197376,263061503,3652804.08,5681143.80,8614130,10,10,10,0,0,0,0,0,0,951295,1960959,2377727,1067964.16,200
1790804651,0,8614330,0,7414.71,200.08,1613823,2336767,3371007,10788863,26722303,197376,263061503,3652744.43,5681091.88,8614330,10,10,10,0,0,0,0,0,0,958975,1944575,2750463,1083576.32,200
1790804652,0,8614530,0,7408.50,199.86,1613823,2336767,3371007,10788863,26722303,197376,263061503,3652683.96,5681040.27,8614530,10,10,10,0,0,0,0,0,0,885759,1867775,2801663,1048430.08,200
1790804653,0,8614730,0,7402.31,200.00,1613823,2336767,3371007,10788863,26722303,197376,263061503,3652622.55,5680988.93,8614730,10,10,10,0,0,0,0,0,0,889343,1687551,1799167,1007289.60,200
1790804654,0,8614930,0,7396.13,200.16,1613823,2336767,3371007,10788863,26722303,197376,263061503,3652562.05,5680937.24,8614930,10,10,10,0,0,0,0,0,0,953855,1715199,2230271,1046524.16,200
1790804655,0,8615130,0,7389.95,199.90,1613823,2336767,3371007,10788863,26722303,197376,263061503,3652499.57,5680886.43,8615130,10,10,10,0,0,0,0,0,0,854527,1660927,2144255,961269.76,200
1790804656,0,8615330,0,7383.79,200.01,1613823,2336767,3371007,10788863,26722303,197376,263061503,3652438.26,5680835.05,8615330,10,10,10,0,0,0,0,0,0,942591,1650687,1948671,1011716.48,200
1790804657,0,8615530,0,7377.64,200.09,1613823,2336767,3371007,10788863,26722303,197376,263061503,3652376.27,5680783.96,8615530,10,10,10,0,0,0,0,0,0,890367,1645567,1742847,982056.32,200
1790804658,0,8615730,0,7371.50,199.91,1613823,2336767,3371007,10788863,26722303,197376,263061503,3652318.12,5680731.36,8615730,10,10,10,0,0,0,0,0,0,1125375,2031615,2779135,1147295.36,200
1790804659,0,8615930,0,7365.37,200.06,1612799,2336767,3371007,10788863,26722303,197376,263061503,3652258.24,5680679.38,8615930,10,10,10,0,0,0,0,0,0,1017855,1751039,2105343,1072595.84,200
1790804660,0,8616130,0,7359.25,199.93,1612799,2336767,3371007,10788863,26722303,197376,263061503,3652198.38,5680627.49,8616130,10,10,10,0,0,0,0,0,0,956415,1861631,2691071,1073393.28,200
1790804661,0,8616330,0,7353.14,199.98,1612799,2336767,3371007,10788863,26722303,197376,263061503,3652138.28,5680575.67,8616330,10,10,10,0,0,0,0,0,0,932351,1820671,2222079,1063009.28,200
1790804662,0,8616530,0,7347.04,200.12,1612799,2336767,3371007,10788863,26722303,197376,263061503,3652077.84,5680523.97,8616530,10,10,10,0,0,0,0,0,0,947199,1738751,2115583,1048363.52,200
1790804663,0,8616730,0,7340.95,199.84,1612799,2336767,3371007,10788863,26722303,197376,263061503,3652017.45,5680472.35,8616730,10,10,10,0,0,0,0,0,0,893951,1764351,2834431,1050078.08,200
1790804664,0,8616930,0,7334.87,199.99,1612799,2336767,3371007,10788863,26722303,197376,263061503,3651956.56,5680420.87,8616930,10,10,10,0,0,0,0,0,0,895487,1738751,1968127,1028536.96,200
1790804665,0,8617130,0,7328.80,200.14,1612799,2336767,3371007,10788863,26722303,197376,263061503,3651897.51,5680369.34,8617130,10,10,10,0,0,0,0,0,0,966655,1795071,2101247,1107991.68,200
1790804666,0,8617330,0,7322.74,199.94,1612799,2336767,3371007,10788863,26722303,197376,263061503,3651839.19,5680317.10,8617330,10,10,10,0,0,0,0,0,0,959487,1888255,3117055,1138878.72,200
1790804667,0,8617530,0,7316.70,199.94,1612799,2336767,3371007,10788863,26722303,197376,263061503,3651779.32,5680265.19,8617530,10,10,10,0,0,0,0,0,0,924671,1833983,2091007,1072391.04,200
1790804668,0,8617730,0,7310.66,200.08,1612799,2336767,3371007,10788863,26722303,197376,263061503,3651719.25,5680213.38,8617730,10,10,10,0,0,0,0,0,0,967679,1882111,2101247,1063483.52,200
1790804669,0,8617930,0,7304.64,200.07,1612799,2336767,3371007,10788863,26722303,197376,263061503,3651658.20,5680161.95,8617930,10,10,10,0,0,0,0,0,0,908287,1756159,1950719,1021108.48,200
1790804670,0,8618130,0,7298.62,199.88,1612799,2336767,3371007,10788863,26722303,197376,263061503,3651597.62,5680110.44,8618130,10,10,10,0,0,0,0,0,0,877567,1744895,2494463,1041221.76,200
1790804671,0,8618330,0,7292.61,200.06,1612799,2336767,3368959,10788863,26722303,197376,263061503,3651536.23,5680059.13,8618330,10,10,10,0,0,0,0,0,0,943103,1663999,1955839,1006228.48,200
1790804672,0,8618530,0,7286.61,200.00,1612799,2336767,3368959,10788863,26722303,197376,263061503,3651475.01,5680007.80,8618530,10,10,10,0,0,0,0,0,0,893951,1722367,2123775,1013189.12,200
1790804673,0,8618730,0,7280.62,199.90,1612799,2336767,3368959,10788863,26722303,197376,263061503,3651412.24,5679957.13,8618730,10,10,10,0,0,0,0,0,0,846335,1629183,1960959,946524.16,200
1790804674,0,8618930,0,7274.65,200.08,1612799,2336767,3368959,10788863,26722303,197376,263061503,3651351.29,5679905.72,8618930,10,10,10,0,0,0,0,0,0,902655,1876991,2246655,1024775.04,200
1790804675,0,8619130,0,7268.68,199.89,1612799,2336767,3368959,10788863,26722303,197376,263061503,3651291.02,5679854.06,8619130,10,10,10,0,0,0,0,0,0,952319,1969151,2498559,1054031.36,200
1790804676,0,8619330,0,7262.73,200.08,1612799,2336767,3368959,10788863,26722303,197376,263061503,3651229.79,5679802.85,8619330,10,10,10,0,0,0,0,0,0,861183,1864703,2879487,1012231.68,200
1790804677,0,8619530,0,7256.78,199.93,1612799,2336767,3368959,10788863,26722303,197376,263061503,3651171.91,5679750.75,8619530,10,10,10,0,0,0,0,0,0,931839,2791423,4020223,1157138.56,200
1790804678,0,8619730,0,7250.84,200.00,1612799,2336767,3368959,10788863,26722303,197376,263061503,3651110.28,5679699.58,8619730,10,10,10,0,0,0,0,0,0,904191,1636351,2086911,994633.60,200
1790804679,0,8619930,0,7244.92,200.08,1612799,2336767,3368959,10788863,26722303,197376,263061503,3651053.19,5679646.93,8619930,10,10,10,0,0,0,0,0,0,1006079,2699263,3362815,1190535.04,200
1790804680,0,8620130,0,7239.00,200.01,1612799,2336767,3368959,10788863,26722303,197376,263061503,3650992.89,5679595.21,8620130,10,10,10,0,0,0,0,0,0,962559,1690623,2467839,1052179.20,200
1790804681,0,8620330,0,7233.10,200.04,1612799,2336767,3368959,10788863,26722303,197376,263061503,3650933.12,5679543.45,8620330,10,10,10,0,0,0,0,0,0,893439,1846271,3092479,1074792.32,200
1790804682,0,8620530,0,7227.20,199.90,1612799,2336767,3368959,10788863,26722303,197376,263061503,3650873.15,5679491.59,8620530,10,10,10,0,0,0,0,0,0,980479,1757183,1986559,1066133.76,200
1790804683,0,8620730,0,7221.31,199.97,1612799,2336767,3368959,10788863,26722303,197376,263061503,3650813.18,5679439.91,8620730,10,10,10,0,0,0,0,0,0,894975,1863679,2992127,1066094.72,200
1790804684,0,8620930,0,7215.44,200.07,1611775,2336767,3368959,10788863,26722303,197376,263061503,3650754.16,5679387.74,8620930,10,10,10,0,0,0,0,0,0,974335,1961983,2336767,1106867.20,200
1790804685,0,8621130,0,7209.57,199.94,1611775,2336767,3368959,10788863,26722303,197376,263061503,3650693.95,5679336.00,8621130,10,10,10,0,0,0,0,0,0,958975,1754111,2316287,1054956.80,200
1790804686,0,8621330,0,7203.72,200.12,1611775,2336767,3368959,10788863,26722303,197376,263061503,3650633.62,5679284.28,8621330,10,10,10,0,0,0,0,0,0,991231,1791999,2032639,1050222.08,200
1790804687,0,8621530,0,7197.87,199.98,1611775,2336767,3368959,10788863,26722303,197376,263061503,3650574.42,5679232.14,8621530,10,10,10,0,0,0,0,0,0,980991,1847295,2293759,1098551.04,200
1790804688,0,8621730,0,7192.03,199.95,1611775,2336767,3368959,10788863,26722303,197376,263061503,3650514.60,5679180.27,8621730,10,10,10,0,0,0,0,0,0,952831,1858559,2209791,1072167.04,200
1790804689,0,8621930,0,7186.20,200.00,1611775,2336767,3368959,10780671,26722303,197376,263061503,3650453.27,5679129.04,8621930,10,10,10,0,0,0,0,0,0,927743,1758207,2162687,1006307.20,200
1790804690,0,8684390,0,7232.24,62490.07,1616895,2347007,3401727,11223039,27754495,197376,263061503,3728762.74,5842746.51,8684390,10,10,10,0,0,0,0,0,0,9920511,42795007,60653567,14538541.08,62460
1790804691,0,8765190,0,7293.45,80741.68,1624063,2361343,3446783,11501567,28114943,197376,263061503,3787881.77,5947478.47,8765190,10,10,10,0,0,0,0,0,0,6311935,28573695,66584575,10141999.74,80800
1790804692,0,8845190,0,7353.89,79985.78,1630207,2373631,3481599,11649023,28246015,197376,263061503,3818981.06,5965611.52,8845190,10,10,10,0,0,0,0,0,0,4665343,21020671,38043647,7226370.87,80000
1790804693,0,8924517,0,7413.68,79324.06,1636351,2385919,3512319,11763711,28426239,197376,263061503,3844194.24,5982705.64,8924517,10,10,10,0,0,0,0,0,0,4214783,22183935,43024383,6655536.76,79327
1790804694,0,9004390,0,7473.83,79899.72,1642495,2400255,3557375,12009471,28540927,197376,263061503,3890455.99,6024761.91,9004390,10,10,10,0,0,0,0,0,0,6828031,25788415,43286527,9059458.84,79873
1790804695,0,9084550,0,7534.11,80204.46,1648639,2414591,3598335,12304383,29687807,197376,263061503,3952654.60,6162713.39,9084550,10,10,10,0,0,0,0,0,0,5693439,42958847,65568767,10939437.84,80160
1790804696,0,9164390,0,7594.02,79792.24,1655807,2426879,3639295,12402687,29687807,197376,263061503,3979245.77,6162077.26,9164390,10,10,10,0,0,0,0,0,0,5361663,17907711,31965183,7004907.36,79840
1790804697,0,9244790,0,7654.31,80448.81,1661951,2441215,3700735,13311999,36110335,197376,516685823,4968818.83,18397269.02,9244790,10,10,10,0,0,0,0,0,0,18071551,428081151,478674943,117765254.64,80400
1790804698,0,9323810,0,7713.34,78991.20,1668095,2453503,3739647,13426687,35979263,197376,516685823,4983470.66,18326087.30,9323810,10,10,10,0,0,0,0,0,0,4767743,18907135,25133055,6697632.66,79020
1790804699,0,9404397,0,7773.58,80625.40,1674239,2467839,3790847,13606911,35979263,197376,516685823,5012129.96,18259680.13,9404397,10,10,10,0,0,0,0,0,0,6295551,21561343,32587775,8327973.82,80587
1790804700,0,9485190,0,7833.89,80777.66,1680383,2480127,3833855,13672447,36175871,197376,516685823,5033917.42,18198149.77,9485190,10,10,10,0,0,0,0,0,0,5357567,19496959,49250303,7570002.68,80793
1790804701,0,9564858,0,7893.17,79671.10,1687551,2494463,3883007,14106623,36863999,197376,516685823,5091579.48,18175370.03,9564858,10,10,10,0,0,0,0,0,0,6651903,35815423,71499775,11956765.11,79668
1790804702,0,9643190,0,7951.25,78319.31,1693695,2506751,3917823,14237695,36896767,197376,516685823,5109620.99,18115691.97,9643190,10,10,10,0,0,0,0,0,0,4415487,24592383,39944191,7312608.65,78332
1790804703,0,9724390,0,8011.59,81145.19,1699839,2519039,3966975,14475263,37191679,197376,516685823,5144782.34,18063698.83,9724390,10,10,10,0,0,0,0,0,0,6168575,28377087,47939583,9320492.19,81200
1790804704,0,9805030,0,8071.38,80721.48,1705983,2531327,4014079,14565375,37257215,197376,516685823,5168345.54,18003203.63,9805030,10,10,10,0,0,0,0,0,0,5730303,22773759,42270719,8009834.58,80640
1790804705,0,9885030,0,8130.55,79997.31,1712127,2545663,4061183,14819327,38502399,197376,516685823,5232263.40,18023678.78,9885030,10,10,10,0,0,0,0,0,0,5210111,59539455,90177535,13066220.36,80000
1790804706,0,9965190,0,8189.74,80135.97,1718271,2557951,4106239,14983167,38535167,197376,516685823,5257594.54,17967613.38,9965190,10,10,10,0,0,0,0,0,0,5664767,25460735,42926079,8381335.26,80160
1790804707,0,10044390,0,8248.05,79217.77,1724415,2570239,4157439,15097855,38633471,197376,516685823,5283663.76,17911587.19,10044390,10,10,10,0,0,0,0,0,0,6062079,23281663,39747583,8563774.02,79200
1790804708,0,10124837,0,8307.29,80404.87,1730559,2584575,4202495,15106047,38502399,197376,516685823,5297296.28,17845697.91,10124837,10,10,10,0,0,0,0,0,0,5832703,16293887,23003135,6999415.08,80447
1790804709,0,10205190,0,8366.35,80341.13,1736703,2594815,4231167,15114239,38371327,197376,516685823,5305055.25,17781408.54,10205190,10,10,10,0,0,0,0,0,0,4239359,16072703,30048255,6282719.93,80353
1790804710,0,10284174,0,8424.20,79024.16,1742847,2607103,4276223,15302655,39256063,197376,516685823,5351649.01,17767170.75,10284174,10,10,10,0,0,0,0,0,0,5689343,47546367,68812799,11371832.94,78984
1790804711,0,10364950,0,8483.42,80791.39,1748991,2619391,4317183,15433727,39780351,197376,516685823,5382656.44,17731023.41,10364950,10,10,10,0,0,0,0,0,0,4812799,32129023,63995903,9330435.29,80776
1790804712,0,10444560,0,8541.59,79606.20,1755135,2629631,4354047,15548415,39747583,197376,516685823,5401026.99,17677358.89,10444560,10,10,10,0,0,0,0,0,0,4743167,26165247,38436863,7792809.81,79610
1790804713,0,10525190,0,8600.49,80582.52,1761279,2639871,4378623,15564799,39550975,197376,516685823,5405059.83,17614739.98,10525190,10,10,10,0,0,0,0,0,0,3997695,17465343,24428543,5927461.76,80630
1790804714,0,10605190,0,8658.78,79997.56,1767423,2648063,4390911,15646719,39682047,197376,516685823,5415126.45,17563440.89,10605190,10,10,10,0,0,0,0,0,0,3387391,27754495,41779199,6739540.40,80000
1790804715,0,10684390,0,8716.33,79215.47,1773567,2658303,4411391,15712255,39976959,197376,516685823,5427814.92,17516665.73,10684390,10,10,10,0,0,0,0,0,0,3780607,23756799,56393727,7126850.97,79200
1790804716,0,10764390,0,8774.44,80022.92,1778687,2666495,4423679,15679487,39813119,197376,516685823,5425308.90,17454616.05,10764390,10,10,10,0,0,0,0,0,0,3508223,12984319,23527423,5090617.87,80000
1790804717,0,10844790,0,8832.78,80421.03,1784831,2676735,4444159,15728639,39747583,197376,516685823,5433846.81,17399634.91,10844790,10,10,10,0,0,0,0,0,0,4100095,21381119,34799615,6576948.58,80400
1790804718,0,10925190,0,8891.02,80377.71,1789951,2684927,4456447,15728639,39550975,197376,516685823,5435254.86,17341242.13,10925190,10,10,10,0,0,0,0,0,0,3540991,16433151,26673151,5625180.22,80400
1790804719,0,11003640,0,8947.58,78453.90,1796095,2691071,4472831,15720447,39419903,197376,516685823,5436016.32,17283643.90,11003640,10,10,10,0,0,0,0,0,0,3577855,15499263,22544383,5542059.77,78450
1790804720,0,11084390,0,9005.91,80686.98,1801215,2699263,4481023,15704063,39288831,197376,516685823,5433084.74,17224251.89,11084390,10,10,10,0,0,0,0,0,0,3391487,13484031,23068671,5033603.76,80750
1790804721,0,11164463,0,9063.61,80115.54,1807359,2705407,4501503,15802367,39518207,197376,516685823,5449598.09,17183975.79,11164463,10,10,10,0,0,0,0,0,0,3825663,29458431,48300031,7735516.99,80073
1790804722,0,11242170,0,9119.29,77695.68,1811455,2711551,4509695,15835135,39682047,197376,516685823,5453576.33,17138002.61,11242170,10,10,10,0,0,0,0,0,0,3321855,19087359,47251455,6025145.26,77707
1790804723,0,11324710,0,9178.80,82582.31,1817599,2721791,4534271,15900671,39616511,197376,516685823,5463237.67,17086681.66,11324710,10,10,10,0,0,0,0,0,0,3815423,24100863,34439167,6779138.34,82540
1790804724,0,11405190,0,9236.55,80443.07,1822719,2727935,4542463,15843327,39452671,197376,516685823,5459337.41,17029068.19,11405190,10,10,10,0,0,0,0,0,0,3694591,12468223,22970367,4910514.25,80480
1790804725,0,11484550,0,9293.29,79405.60,1828863,2734079,4554751,15851519,39354367,197376,516685823,5460626.44,16976804.47,11484550,10,10,10,0,0,0,0,0,0,3418111,17137663,33538047,5645879.04,79360
1790804726,0,11565190,0,9350.98,80594.71,1833983,2742271,4571135,15867903,39256063,197376,516685823,5462762.63,16923355.83,11565190,10,10,10,0,0,0,0,0,0,3559423,16596991,27901951,5766993.48,80640
1790804727,0,11644390,0,9407.41,79202.75,1839103,2748415,4579327,15900671,39124991,197376,516685823,5463565.15,16870693.05,11644390,10,10,10,0,0,0,0,0,0,3635199,17301503,25313279,5580753.65,79200
1790804728,0,11725190,0,9465.04,80802.07,1845247,2754559,4599807,15998975,39223295,197376,516685823,5477145.00,16829854.25,11725190,10,10,10,0,0,0,0,0,0,3563519,27262975,46628863,7434186.59,80800
1790804729,0,11805190,0,9521.93,79967.26,1850367,2762751,4624383,16056319,39223295,197376,516685823,5487225.44,16783330.91,11805190,10,10,10,0,0,0,0,0,0,4061183,22249471,36438015,6964665.18,80000
1790804730,0,11883531,0,9577.39,78341.99,1856511,2770943,4644863,16064511,39092223,197376,516685823,5490742.20,16732718.99,11883531,10,10,10,0,0,0,0,0,0,4186111,17022975,26443775,6020681.53,78341
1790804731,0,11964588,0,9634.96,81127.82,1862655,2779135,4669439,16138239,39321599,197376,516685823,5504271.98,16694488.35,11964588,10,10,10,0,0,0,0,0,0,3956735,23248895,53051391,7487833.00,81057
1790804732,0,12044390,0,9691.42,79769.74,1867775,2789375,4714495,16359423,39616511,197376,516685823,5539222.77,16665709.11,12044390,10,10,10,0,0,0,0,0,0,6344703,34799615,48693247,10779340.89,79802
1790804733,0,12125190,0,9748.59,80819.46,1873919,2799615,4747263,16465919,39944191,197376,516685823,5561721.22,16637509.78,12125190,10,10,10,0,0,0,0,0,0,4755455,28901375,63537151,8915435.36,80800
1790804734,0,12205190,0,9805.03,80013.46,1880063,2807807,4763647,16621567,40632319,197376,516685823,5587322.19,16619562.57,12205190,10,10,10,0,0,0,0,0,0,3835903,44957695,62455807,9467529.56,80000
1790804735,0,12284390,0,9860.73,79179.85,1885183,2818047,4796415,16752639,40763391,197376,516685823,5607368.19,16584724.12,12284390,10,10,10,0,0,0,0,0,0,4894719,31735807,45252607,8696575.38,79200
1790804736,0,12365110,0,9917.56,80741.70,1891327,2828287,4820991,16842751,40828927,197376,516685823,5621882.20,16544713.05,12365110,10,10,10,0,0,0,0,0,0,4546559,24559615,45121535,7830699.65,80720
1790804737,0,12444390,0,9973.14,79206.10,1897471,2836479,4849663,16957439,40894463,197376,516685823,5639368.89,16508151.23,12444390,10,10,10,0,0,0,0,0,0,4759551,29327359,42958847,8366725.52,79280
1790804738,0,12525190,0,10029.86,80793.13,1902591,2846719,4878335,17039359,41320447,197376,516685823,5659590.41,16482280.92,12525190,10,10,10,0,0,0,0,0,0,4636671,36372479,56524799,8774003.10,80800
1790804739,0,12604390,0,10085.21,79249.98,1908735,2854911,4898815,17121279,41451519,197376,516685823,5675520.44,16447104.64,12604390,10,10,10,0,0,0,0,0,0,4276223,26968063,52854783,8194795.26,79200
1790804740,0,12685190,0,10141.75,80800.31,1914879,2865151,4931583,17203199,41320447,197376,516685823,5689460.56,16405074.21,12685190,10,10,10,0,0,0,0,0,0,5140479,23986175,34275327,7864049.45,80800
1790804741,0,12762790,0,10195.64,77616.77,1921023,2873343,4964351,17334271,41582591,197376,516685823,5714775.30,16380720.41,12762790,10,10,10,0,0,0,0,0,0,5484543,34635775,59015167,9852948.61,77600
1790804742,0,12843997,0,10252.32,81217.75,1927167,2885631,5005311,17481727,41517055,197376,516685823,5739279.69,16343928.35,12843997,10,10,10,0,0,0,0,0,0,6791167,25690111,39813119,9590479.69,81207
1790804743,0,12925190,0,10308.90,81170.36,1932287,2891775,5025791,17530879,41549823,197376,516685823,5749548.44,16304735.06,12925190,10,10,10,0,0,0,0,0,0,4349951,23379967,42106879,7373971.68,81193
1790804744,0,13005190,0,10364.44,80008.07,1938431,2899967,5050367,17612799,41582591,197376,516685823,5764486.76,16269820.70,13005190,10,10,10,0,0,0,0,0,0,4706303,27230207,46301183,8177995.16,80000
1790804745,0,13084390,0,10419.26,79204.90,1944575,2908159,5079039,17678335,41484287,197376,516685823,5776687.81,16230886.64,13084390,10,10,10,0,0,0,0,0,0,4653055,25198591,35258367,7780185.12,79200
1790804746,0,13164390,0,10474.62,79967.96,1949695,2918399,5103615,17743871,41779199,197376,516685823,5793476.29,16204293.66,13164390,10,10,10,0,0,0,0,0,0,4792319,34635775,56131583,8539312.57,80000
1790804747,0,13244390,0,10529.89,80004.87,1955839,2926591,5124095,17776639,41648127,197376,516685823,5800890.52,16162453.58,13244390,10,10,10,0,0,0,0,0,0,4481023,19513343,32210943,7020939.65,80000
1790804748,0,13325190,0,10585.72,80802.13,1960959,2934783,5144575,17793023,41517055,197376,516685823,5806140.83,16121479.40,13325190,10,10,10,0,0,0,0,0,0,4390911,21168127,35815423,6666749.28,80800
1790804749,0,13404626,0,10640.37,79432.37,1967103,2942975,5160959,17874943,41582591,197376,516685823,5817603.33,16088301.11,13404626,10,10,10,0,0,0,0,0,0,4661247,27820031,47972351,7740407.98,79436
1790804750,0,13422170,0,10645.84,17539.10,1968127,2945023,5165055,17858559,41549823,197376,516685823,5816837.09,16078161.59,13422170,10,10,10,0,0,0,0,0,0,3913727,11190271,11837439,5231388.80,17544
1790804751,0,13422370,0,10637.57,200.09,1968127,2945023,5165055,17858559,41549823,197376,516685823,5816765.93,16078052.48,13422370,10,10,10,0,0,0,0,0,0,893951,1939455,2629631,1040778.88,200
1790804752,0,13422570,0,10629.30,199.86,1968127,2945023,5165055,17858559,41549823,197376,516685823,5816695.15,16077943.27,13422570,10,10,10,0,0,0,0,0,0,937471,1912831,2758655,1066478.72,200
1790804753,0,13422770,0,10621.05,200.16,1968127,2945023,5165055,17858559,41549823,197376,516685823,5816624.31,16077834.04,13422770,10,10,10,0,0,0,0,0,0,975871,1729535,1959935,1062853.12,200
1790804754,0,13422970,0,10612.81,199.93,1968127,2945023,5165055,17858559,41549823,197376,516685823,5816552.49,16077725.11,13422970,10,10,10,0,0,0,0,0,0,852479,1778687,1958911,995998.08,200
1790804755,0,13423170,0,10604.58,199.99,1968127,2945023,5165055,17858559,41549823,197376,516685823,5816481.61,16077615.97,13423170,10,10,10,0,0,0,0,0,0,904191,1809407,3500031,1059870.72,200
1790804756,0,13423370,0,10596.37,200.05,1968127,2945023,5165055,17858559,41549823,197376,516685823,5816410.54,16077506.82,13423370,10,10,10,0,0,0,0,0,0,933375,1704959,2154495,1045976.32,200
1790804757,0,13423570,0,10588.17,199.91,1968127,2945023,5165055,17858559,41549823,197376,516685823,5816338.48,16077397.96,13423570,10,10,10,0,0,0,0,0,0,884735,1692671,1929215,980342.40,200
1790804758,0,13423770,0,10579.98,200.04,1968127,2945023,5165055,17858559,41549823,197376,516685823,5816266.43,16077289.09,13423770,10,10,10,0,0,0,0,0,0,889343,1647615,1838079,980044.80,200
1790804759,0,13423970,0,10571.80,199.94,1968127,2945023,5165055,17858559,41549823,197376,516685823,5816196.49,16077179.66,13423970,10,10,10,0,0,0,0,0,0,984063,2000895,3008511,1121802.88,200
1790804760,0,13424170,0,10563.65,200.09,1968127,2945023,5165055,17858559,41549823,197376,516685823,5816125.58,16077070.50,13424170,10,10,10,0,0,0,0,0,0,895999,1912831,2516991,1056588.16,200
1790804761,0,13424370,0,10555.49,199.92,1968127,2945023,5165055,17858559,41549823,197376,516685823,5816054.48,16076961.42,13424370,10,10,10,0,0,0,0,0,0,927231,1786879,3266559,1044216.32,200
1790804762,0,13424570,0,10547.36,200.16,1968127,2945023,5165055,17858559,41549823,197376,516685823,5815982.72,16076852.48,13424570,10,10,10,0,0,0,0,0,0,877055,1625087,1933311,999020.80,200
1790804763,0,13424770,0,10539.24,199.99,1968127,2945023,5165055,17858559,41549823,197376,516685823,5815910.65,16076743.63,13424770,10,10,10,0,0,0,0,0,0,884223,1645567,1813503,978734.08,200
1790804764,0,13424970,0,10531.13,200.02,1968127,2945023,5165055,17858559,41549823,197376,516685823,5815838.65,16076634.77,13424970,10,10,10,0,0,0,0,0,0,883711,1574911,1893375,982782.08,200
1790804765,0,13425170,0,10523.03,199.86,1968127,2945023,5165055,17858559,41549823,197376,516685823,5815767.52,16076525.69,13425170,10,10,10,0,0,0,0,0,0,886271,2001919,2433023,1040960.00,200
1790804766,0,13425370,0,10514.95,200.14,1967103,2945023,5165055,17858559,41549823,197376,516685823,5815696.42,16076416.59,13425370,10,10,10,0,0,0,0,0,0,923647,1733631,2338815,1043208.32,200
1790804767,0,13425570,0,10506.87,199.86,1967103,2945023,5165055,17858559,41549823,197376,516685823,5815625.25,16076307.53,13425570,10,10,10,0,0,0,0,0,0,917503,1947647,2516991,1038353.92,200
1790804768,0,13425770,0,10498.81,200.10,1967103,2945023,5165055,17858559,41549823,197376,516685823,5815553.03,16076198.75,13425770,10,10,10,0,0,0,0,0,0,862719,1640447,1890303,967248.64,200
1790804769,0,13425970,0,10490.76,199.92,1967103,2945023,5165055,17858559,41549823,197376,516685823,5815482.12,16076089.61,13425970,10,10,10,0,0,0,0,0,0,920063,1947647,2521087,1055458.56,200
1790804770,0,13426170,0,10482.73,200.01,1967103,2945023,5165055,17858559,41549823,197376,516685823,5815410.13,16075980.77,13426170,10,10,10,0,0,0,0,0,0,889855,1699839,1905663,982534.40,200
1790804771,0,13426370,0,10474.71,200.02,1967103,2945023,5165055,17858559,41549823,197376,516685823,5815338.50,16075871.83,13426370,10,10,10,0,0,0,0,0,0,881663,1898495,2097151,1006839.68,200
1790804772,0,13426570,0,10466.70,199.96,1967103,2945023,5165055,17858559,41549823,197376,516685823,5815266.68,16075762.92,13426570,10,10,10,0,0,0,0,0,0,922111,1612799,1693695,994236.80,200
1790804773,0,13426770,0,10458.70,200.08,1967103,2945023,5165055,17858559,41549823,197376,516685823,5815195.84,16075653.78,13426770,10,10,10,0,0,0,0,0,0,916991,1973247,2555903,1059136.00,200
1790804774,0,13426970,0,10450.71,199.93,1967103,2945023,5165055,17858559,41549823,197376,516685823,5815125.36,16075544.55,13426970,10,10,10,0,0,0,0,0,0,934911,2109439,2852863,1083912.32,200
1790804775,0,13427170,0,10442.74,199.96,1967103,2945023,5165055,17858559,41549823,197376,516685823,5815054.67,16075435.34,13427170,10,10,10,0,0,0,0,0,0,1015295,1772543,2123775,1069046.40,200
1790804776,0,13427370,0,10434.78,200.08,1967103,2945023,5165055,17858559,41549823,197376,516685823,5814983.87,16075326.20,13427370,10,10,10,0,0,0,0,0,0,948735,1895423,2535423,1061870.08,200
1790804777,0,13427570,0,10426.83,199.89,1967103,2945023,5165055,17858559,41549823,197376,516685823,5814913.22,16075217.01,13427570,10,10,10,0,0,0,0,0,0,949759,1903615,2404351,1071474.56,200
1790804778,0,13427770,0,10418.90,200.10,1967103,2945023,5165055,17858559,41549823,197376,516685823,5814841.17,16075108.20,13427770,10,10,10,0,0,0,0,0,0,893439,1651711,1755135,977630.72,200
1790804779,0,13427970,0,10410.98,200.02,1967103,2945023,5165055,17858559,41549823,197376,516685823,5814770.30,16074999.07,13427970,10,10,10,0,0,0,0,0,0,945151,1769471,2928639,1056831.36,200
1790804780,0,13428170,0,10403.06,199.91,1967103,2945023,5165055,17858559,41549823,197376,516685823,5814699.85,16074889.84,13428170,10,10,10,0,0,0,0,0,0,958463,1900543,2695167,1084331.52,200
1790804781,0,13428370,0,10395.17,200.11,1967103,2945023,5165055,17858559,41549823,197376,516685823,5814628.48,16074780.88,13428370,10,10,10,0,0,0,0,0,0,881663,1741823,2883583,1023061.76,200
1790804782,0,13428570,0,10387.28,199.90,1967103,2945023,5165055,17858559,41549823,197376,516685823,5814557.40,16074671.80,13428570,10,10,10,0,0,0,0,0,0,954879,1742847,1866751,1042183.04,200
1790804783,0,13428770,0,10379.41,200.00,1967103,2945023,5165055,17858559,41549823,197376,516685823,5814486.87,16074562.60,13428770,10,10,10,0,0,0,0,0,0,921087,1892351,2516991,1078870.40,200
1790804784,0,13428970,0,10371.55,200.11,1967103,2945023,5165055,17858559,41549823,197376,516685823,5814414.36,16074453.94,13428970,10,10,10,0,0,0,0,0,0,884735,1607679,1753087,945837.44,200
1790804785,0,13429170,0,10363.70,199.98,1967103,2945023,5165055,17858559,41549823,197376,516685823,5814343.49,16074344.80,13429170,10,10,10,0,0,0,0,0,0,970239,1670143,1943551,1055916.16,200
1790804786,0,13429370,0,10355.86,199.95,1967103,2945023,5165055,17858559,41549823,197376,516685823,5814272.51,16074235.76,13429370,10,10,10,0,0,0,0,0,0,915967,1848319,2281471,1047791.36,200
1790804787,0,13429570,0,10348.03,200.04,1967103,2945023,5165055,17858559,41549823,197376,516685823,5814201.00,16074126.84,13429570,10,10,10,0,0,0,0,0,0,885247,1848319,2643967,1012789.76,200
1790804788,0,13429770,0,10340.22,199.88,1967103,2945023,5165055,17858559,41549823,197376,516685823,5814129.77,16074017.85,13429770,10,10,10,0,0,0,0,0,0,919551,1971199,2326527,1031168.00,200
1790804789,0,13429970,0,10332.42,200.03,1967103,2945023,5160959,17858559,41549823,197376,516685823,5814058.03,16073908.98,13429970,10,10,10,0,0,0,0,0,0,901119,1652735,2220031,996947.20,200
1790804790,0,13430170,0,10324.63,200.10,1966079,2945023,5160959,17842175,41549823,197376,516685823,5813987.10,16073799.90,13430170,10,10,10,0,0,0,0,0,0,941055,1689599,2826239,1051171.84,200
1790804791,0,13430370,0,10316.85,199.89,1966079,2945023,5160959,17842175,41549823,197376,516685823,5813915.78,16073690.94,13430370,10,10,10,0,0,0,0,0,0,897023,1778687,2373631,1024474.88,200
1790804792,0,13430570,0,10309.08,199.98,1966079,2945023,5160959,17842175,41549823,197376,516685823,5813844.64,16073581.98,13430570,10,10,10,0,0,0,0,0,0,889855,1842175,3616767,1036416.00,200
1790804793,0,13430770,0,10301.33,200.07,1966079,2945023,5160959,17842175,41549823,197376,516685823,5813773.17,16073473.10,13430770,10,10,10,0,0,0,0,0,0,869887,1774591,2764799,1014690.56,200
1790804794,0,13430970,0,10293.59,200.10,1966079,2945023,5160959,17842175,41549823,197376,516685823,5813703.00,16073363.85,13430970,10,10,10,0,0,0,0,0,0,930815,1974271,3006463,1101330.56,200
1790804795,0,13431170,0,10285.86,199.90,1966079,2945023,5160959,17842175,41549823,197376,516685823,5813633.10,16073254.65,13431170,10,10,10,0,0,0,0,0,0,943615,2045951,5767167,1119823.36,200
1790804796,0,13431370,0,10278.14,199.96,1966079,2945023,5160959,17842175,41549823,197376,516685823,5813562.74,16073145.46,13431370,10,10,10,0,0,0,0,0,0,931839,1812479,3520511,1088543.36,200
1790804797,0,13431570,0,10270.43,199.99,1966079,2942975,5160959,17842175,41549823,197376,516685823,5813491.68,16073036.42,13431570,10,10,10,0,0,0,0,0,0,968191,1737727,2244607,1041232.64,200
1790804798,0,13431770,0,10262.74,200.01,1966079,2942975,5160959,17842175,41549823,197376,516685823,5813422.55,16072926.94,13431770,10,10,10,0,0,0,0,0,0,1014783,2273279,4222975,1170927.36,200
1790804799,0,13431970,0,10255.06,200.09,1966079,2942975,5160959,17842175,41549823,197376,516685823,5813352.70,16072817.69,13431970,10,10,10,0,0,0,0,0,0,918527,2732031,3323903,1121902.72,200
1790804800,0,13432170,0,10247.39,199.98,1966079,2942975,5160959,17842175,41549823,197376,516685823,5813281.74,16072708.64,13432170,10,10,10,0,0,0,0,0,0,933375,1775615,2203647,1047899.52,200
1790804801,0,13432370,0,10239.73,200.05,1966079,2942975,5160959,17842175,41549823,197376,516685823,5813210.09,16072599.78,13432370,10,10,10,0,0,0,0,0,0,884223,1704959,2117631,1000898.56,200
1790804802,0,13432570,0,10232.08,200.00,1966079,2942975,5160959,17842175,41549823,197376,516685823,5813137.85,16072491.10,13432570,10,10,10,0,0,0,0,0,0,889343,1648639,1738751,961247.36,200
1790804803,0,13432770,0,10224.44,199.87,1966079,2942975,5160959,17842175,41549823,197376,516685823,5813065.08,16072382.57,13432770,10,10,10,0,0,0,0,0,0,828415,1583103,1893375,925610.24,200
1790804804,0,13432970,0,10216.82,199.98,1966079,2942975,5160959,17842175,41549823,197376,516685823,5812991.26,16072274.35,13432970,10,10,10,0,0,0,0,0,0,805887,1378303,1559551,855164.16,200
1790804805,0,13433170,0,10209.21,200.05,1966079,2942975,5160959,17842175,41549823,197376,516685823,5812919.70,16072165.48,13433170,10,10,10,0,0,0,0,0,0,884735,1681407,2029567,1006613.12,200
1790804806,0,13433370,0,10201.61,200.09,1966079,2942975,5160959,17842175,41549823,197376,516685823,5812847.92,16072056.67,13433370,10,10,10,0,0,0,0,0,0,914943,1634303,1966079,991628.80,200
1790804807,0,13433570,0,10194.02,200.03,1966079,2942975,5160959,17842175,41549823,197376,516685823,5812798.16,16071958.38,13433570,10,10,10,0,0,0,0,0,0,961023,9707519,24330239,2470423.04,200
1790804808,0,13433770,0,10186.44,199.98,1966079,2942975,5160959,17842175,41549823,197376,516685823,5812727.56,16071849.26,13433770,10,10,10,0,0,0,0,0,0,995327,1886207,2428927,1070716.16,200
1790804809,0,13433970,0,10178.87,199.88,1966079,2942975,5160959,17842175,41549823,197376,516685823,5812655.83,16071740.46,13433970,10,10,10,0,0,0,0,0,0,875007,1627135,2803711,994860.16,200
1790804810,0,13505230,0,10225.11,71240.78,1971199,2955263,5238783,19054591,54493183,197376,516685823,6295655.99,17610274.12,13505230,10,10,10,0,0,0,0,0,0,94240767,173801471,192675839,97351081.79,71260
1790804811,0,13611030,0,10297.42,105798.41,1979391,2971647,5337087,20070399,71041023,197376,516685823,6741545.82,19154002.34,13611030,10,10,10,0,0,0,0,0,0,21577727,184549375,208273407,63658792.36,105800
1790804812,0,13712030,0,10365.99,101010.70,1986559,2985983,5414911,20316159,70647807,197376,516685823,6778752.93,19103542.60,13712030,10,10,10,0,0,0,0,0,0,8863743,30654463,41517055,11792882.43,101000
1790804813,0,13812030,0,10433.70,100022.09,1993727,3000319,5476351,20660223,70451199,197376,516685823,6826947.02,19079676.76,13812030,10,10,10,0,0,0,0,0,0,7180287,45383679,66256895,13435335.11,100000
1790804814,0,13912030,0,10501.31,100013.00,2000895,3016703,5554175,20758527,69861375,197376,516685823,6853284.94,19025431.74,13912030,10,10,10,0,0,0,0,0,0,7655423,28606463,40730623,10491086.53,100000
1790804815,0,14012030,0,10568.82,99964.61,2009087,3031039,5640191,21037055,68943871,197376,516685823,6898579.44,18982969.70,14012030,10,10,10,0,0,0,0,0,0,10436607,30998527,50954239,13199964.54,100000
1790804816,0,14111830,0,10636.08,99889.57,2016255,3047423,5693439,21151743,68419583,197376,516685823,6920015.24,18934455.24,14111830,10,10,10,0,0,0,0,0,0,6373375,32767999,47841279,9929624.47,99800
1790804817,0,14212030,0,10703.53,100175.62,2023423,3061759,5763071,21397503,68943871,197376,516685823,6971930.63,18923228.93,14212030,10,10,10,0,0,0,0,0,0,8839167,45023231,86441983,14283519.31,100200
1790804818,0,14311030,0,10769.97,98947.34,2030591,3076095,5824511,21512191,68485119,197376,516685823,6996847.89,18871448.17,14311030,10,10,10,0,0,0,0,0,0,7532543,27295743,36175871,10573866.73,99000
1790804819,0,14412030,0,10837.82,100989.91,2037759,3092479,5890047,21725183,68222975,197376,516685823,7035447.00,18837419.10,14412030,10,10,10,0,0,0,0,0,0,7270399,40009727,54755327,12504684.67,101000
1790804820,0,14510030,0,10903.32,98009.63,2044927,3106815,5943295,21889023,68222975,197376,516685823,7068110.23,18808282.91,14510030,10,10,10,0,0,0,0,0,0,6770687,41517055,70254591,11871615.15,98000
1790804821,0,14612030,0,10971.72,102007.33,2053119,3123199,6004735,22052863,68157439,197376,516685823,7103995.73,18775165.32,14612030,10,10,10,0,0,0,0,0,0,8241151,33439743,63930367,12208894.54,102000
1790804822,0,14712030,0,11038.53,100043.02,2060287,3137535,6057983,22167551,68288511,197376,516685823,7135104.00,18751606.16,14712030,10,10,10,0,0,0,0,0,0,6778879,43057151,73203711,11680653.86,100000
1790804823,0,14812030,0,11105.22,99999.14,2067455,3151871,6123519,22413311,68485119,197376,516685823,7180500.62,18729622.64,14812030,10,10,10,0,0,0,0,0,0,8122367,40337407,71106559,13859265.18,100000
1790804824,0,14911030,0,11171.07,98994.49,2074623,3168255,6176767,22593535,68222975,197376,516685823,7210195.13,18689963.65,14911030,10,10,10,0,0,0,0,0,0,7430143,34832383,52592639,11652981.38,99000
1790804825,0,15011930,0,11238.25,100909.29,2081791,3182591,6238207,22790143,67502079,197376,516685823,7242072.10,18648603.93,15011930,10,10,10,0,0,0,0,0,0,8306687,32210943,47382527,11952859.79,100900
1790804826,0,15112030,0,11304.72,100065.96,2089983,3198975,6303743,22888447,67239935,197376,516685823,7266839.38,18599988.94,15112030,10,10,10,0,0,0,0,0,0,8036351,28147711,33685503,10981172.91,100100
1790804827,0,15212030,0,11371.01,99958.77,2097151,3215359,6365183,23281663,69074943,197376,516685823,7341112.25,18635485.79,15212030,10,10,10,0,0,0,0,0,0,10231807,69730303,93782015,18565249.26,100000
1790804828,0,15311030,0,11436.47,99038.36,2105343,3229695,6410239,23445503,68747263,197376,516685823,7362889.08,18594980.47,15311030,10,10,10,0,0,0,0,0,0,6594559,33112063,49283071,10709049.72,99000
1790804829,0,15411030,0,11502.57,99969.30,2111487,3246079,6463487,23642111,68943871,197376,516685823,7400744.13,18578183.79,15411030,10,10,10,0,0,0,0,0,0,8478719,35618815,75694079,13196742.18,100000
1790804830,0,15512030,0,11569.33,101050.83,2119679,3264511,6541311,24035327,70189055,197376,516685823,7466592.83,18595302.33,15512030,10,10,10,0,0,0,0,0,0,10682367,57999359,95158271,17514080.13,101000
1790804831,0,15611030,0,11634.48,98966.29,2125823,3278847,6594559,24117247,69664767,197376,516685823,7491577.42,18560481.57,15611030,10,10,10,0,0,0,0,0,0,7688191,36929535,59899903,11406343.19,99000
1790804832,0,15712030,0,11701.03,100981.10,2134015,3297279,6672383,24510463,70647807,197376,516685823,7568131.73,18587095.38,15712030,10,10,10,0,0,0,0,0,0,10805247,60948479,83230719,19400722.08,101000
1790804833,0,15809170,0,11764.62,97201.16,2140159,3311615,6721535,24707071,70189055,197376,516685823,7596691.93,18549384.34,15809170,10,10,10,0,0,0,0,0,0,8716287,32817151,42008575,12216196.62,97140
1790804834,0,15912030,0,11832.35,102815.08,2148351,3330047,6799359,24854527,69664767,197376,516685823,7636096.73,18516307.39,15912030,10,10,10,0,0,0,0,0,0,10141695,38600703,56360959,13692455.97,102860
1790804835,0,16008230,0,11895.05,96261.16,2154495,3346431,6868991,25149439,69992447,197376,516685823,7691087.86,18517174.46,16008230,10,10,10,0,0,0,0,0,0,10952703,53018623,72548351,16786935.37,96200
1790804836,0,16112030,0,11963.28,103723.09,2162687,3362815,6918143,25231359,69599231,197376,516685823,7713725.24,18477933.68,16112030,10,10,10,0,0,0,0,0,0,8183807,32325631,51773439,11204904.60,103800
1790804837,0,16212030,0,12028.60,100010.24,2168831,3379199,6971391,25395199,69140479,197376,516685823,7744880.53,18448149.73,16212030,10,10,10,0,0,0,0,0,0,7745535,38633471,56000511,12764630.69,100000
1790804838,0,16312030,0,12093.82,99976.74,2177023,3393535,7020543,25608191,69206015,197376,516685823,7784633.38,18434410.47,16312030,10,10,10,0,0,0,0,0,0,8245247,45449215,73269247,14229376.35,100000
1790804839,0,16412030,0,12158.95,100022.60,2185215,3409919,7077887,25837567,68943871,197376,516685823,7825494.01,18413625.39,16412030,10,10,10,0,0,0,0,0,0,9355263,42106879,57638911,14490693.13,100000
1790804840,0,16512030,0,12223.98,99995.92,2191359,3426303,7127039,25870335,68550655,197376,516685823,7845748.30,18371524.32,16512030,10,10,10,0,0,0,0,0,0,8413183,31899647,36765695,11169888.21,100000
1790804841,0,16611030,0,12288.18,99058.90,2199551,3442687,7184383,25935871,68288511,197376,516685823,7867775.75,18337694.85,16611030,10,10,10,0,0,0,0,0,0,7999487,38764543,58327039,11541693.69,99000
1790804842,0,16712030,0,12353.75,100958.45,2205695,3461119,7241727,26050559,68026367,197376,516685823,7895152.84,18302018.92,16712030,10,10,10,0,0,0,0,0,0,8945663,34832383,46039039,12397743.05,101000
1790804843,0,16811538,0,12418.13,99537.61,2213887,3477503,7294975,26198015,67960831,197376,516685823,7927751.27,18278367.46,16811538,10,10,10,0,0,0,0,0,0,9256959,38207487,63438847,13402547.89,99508
1790804844,0,16912030,0,12483.14,100425.78,2220031,3495935,7368703,26329087,67502079,197376,516685823,7961149.71,18249878.67,16912030,10,10,10,0,0,0,0,0,0,9437183,41615359,53149695,13548451.04,100492
1790804845,0,17012030,0,12547.70,100085.16,2228223,3512319,7421951,26591231,68354047,197376,516685823,8011795.37,18260683.73,17012030,10,10,10,0,0,0,0,0,0,8486911,57049087,89260031,16577004.35,100000
1790804846,0,17110030,0,12610.66,97854.83,2236415,3528703,7467007,26607615,68157439,197376,516685823,8025330.75,18220866.16,17110030,10,10,10,0,0,0,0,0,0,7720959,30064639,46137343,10374965.90,98000
1790804847,0,17209030,0,12674.30,99090.13,2242559,3545087,7536639,26836991,68354047,197376,516685823,8078610.31,18224210.88,17209030,10,10,10,0,0,0,0,0,0,11657215,52330495,78381055,17286841.18,99000
1790804848,0,17309993,0,12739.27,100986.89,2250751,3565567,7598079,26935295,68157439,197376,516685823,8107776.59,18194361.41,17309993,10,10,10,0,0,0,0,0,0,9281535,39485439,53051391,13079136.90,100963
1790804849,0,17410299,0,12803.67,100328.15,2256895,3581951,7647231,27115519,67764223,197376,516685823,8142803.48,18176573.01,17410299,10,10,10,0,0,0,0,0,0,8376319,46497791,66027519,14187458.77,100306
1790804850,0,17511030,0,12868.29,100706.60,2265087,3598335,7675903,27181055,67436543,197376,516685823,8155237.67,18139228.36,17511030,10,10,10,0,0,0,0,0,0,6332415,30310399,47611903,10304357.26,100731
1790804851,0,17612030,0,12933.00,100984.09,2273279,3612671,7733247,27443199,68288511,197376,516685823,8202159.37,18150199.08,17612030,10,10,10,0,0,0,0,0,0,8904703,52559871,90898431,16337282.05,101000
1790804852,0,17712030,0,12996.89,100039.09,2279423,3631103,7790591,27590655,68681727,197376,516685823,8244977.14,18153372.41,17712030,10,10,10,0,0,0,0,0,0,9551871,56066047,91422719,15786054.45,100000
1790804853,0,17812030,0,13060.69,99971.88,2287615,3649535,7831551,27672575,68354047,197376,516685823,8265862.38,18125024.22,17812030,10,10,10,0,0,0,0,0,0,7835647,39059455,55640063,11965063.53,100000
1790804854,0,17912030,0,13124.39,99999.36,2293759,3667967,7868415,27836415,68747263,197376,516685823,8298898.72,18117468.37,17912030,10,10,10,0,0,0,0,0,0,7905279,53247999,78315519,14183341.68,100000
1790804855,0,18011730,0,13187.78,99758.71,2301951,3686399,7905279,27951103,69140479,197376,516685823,8331882.34,18115416.80,18011730,10,10,10,0,0,0,0,0,0,7303167,53575679,82051071,14257695.02,99700
1790804856,0,18109099,0,13249.37,97345.20,2308095,3702783,7946239,27983871,69271551,197376,516685823,8352016.44,18093407.58,18109099,10,10,10,0,0,0,0,0,0,7921663,37355519,72810495,12076506.92,97369
1790804857,0,18211030,0,13314.20,101897.10,2316287,3723263,7983103,27951103,69009407,197376,516685823,8360337.89,18050077.14,18211030,10,10,10,0,0,0,0,0,0,7745535,22822911,32227327,9838730.68,101931
1790804858,0,18311630,0,13377.97,100617.66,2322431,3739647,8032255,28033023,68812799,197376,516685823,8380670.88,18017523.64,18311630,10,10,10,0,0,0,0,0,0,8749055,32587775,45547519,12061432.09,100600
1790804859,0,18350088,0,13394.68,33029.09,2324479,3747839,8056831,28114943,68681727,197376,516685823,8397963.06,18012492.60,18350088,10,10,10,0,0,0,0,0,0,13385727,46792703,57475071,16631572.94,38458
1790804860,0,18504002,0,13498.79,184187.52,2336767,3778559,8196095,30146559,108920831,197376,1029701631,11270346.17,47403558.33,18504002,10,10,10,0,0,0,0,0,0,268959743,947388415,1009778687,353724461.52,153914
1790804861,0,18612030,0,13567.70,108007.16,2342911,3801087,8273919,30359551,108986367,197376,1029701631,11313335.56,47298094.10,18612030,10,10,10,0,0,0,0,0,0,11599871,69664767,112132095,18676943.10,108028
1790804862,0,18709030,0,13628.48,96996.27,2351103,3819519,8306687,30310399,108462079,197376,1029701631,11306212.35,47178149.69,18709030,10,10,10,0,0,0,0,0,0,7708671,27131903,38240255,9939434.84,97000
1790804863,0,18811030,0,13692.81,102047.31,2357247,3839999,8388607,30621695,108855295,197376,1029701631,11360784.16,47086386.78,18811030,10,10,10,0,0,0,0,0,0,11370495,73072639,113442815,21370446.63,102000
1790804864,0,18911040,0,13755.59,99938.97,2365439,3858431,8445951,30752767,108527615,197376,1029701631,11382741.39,46976120.45,18911040,10,10,10,0,0,0,0,0,0,10248191,39911423,83427327,15512709.41,100010
1790804865,0,19012030,0,13819.00,101040.73,2371583,3878911,8495103,30851071,108068863,197376,1029701631,11391302.43,46858055.39,19012030,10,10,10,0,0,0,0,0,0,8937471,36995071,54853631,12994413.88,100990
1790804866,0,19112030,0,13881.59,99933.28,2377727,3895295,8552447,30949375,107479039,197376,1029701631,11402305.84,46742516.86,19112030,10,10,10,0,0,0,0,0,0,9732095,38600703,46989311,13494277.00,100000
1790804867,0,19212030,0,13944.10,100080.49,2385919,3913727,8609791,31080447,106889215,197376,1029701631,11424360.19,46636657.01,19212030,10,10,10,0,0,0,0,0,0,10067967,51085311,81199103,15639394.70,100000
1790804868,0,19311030,0,14005.78,98948.19,2392063,3930111,8650751,31129599,106037247,197376,1029701631,11430284.69,46524806.21,19311030,10,10,10,0,0,0,0,0,0,8056831,34013183,67698687,12579999.61,99000
1790804869,0,19411030,0,14068.11,100064.48,2398207,3948543,8708095,31277055,105512959,197376,1029701631,11455719.59,46419804.95,19411030,10,10,10,0,0,0,0,0,0,11780095,53313535,74448895,16367460.95,100000
1790804870,0,19433210,0,14073.99,22174.75,2400255,3952639,8732671,31342591,105119743,197376,1029701631,11467767.13,46400443.06,19433210,10,10,10,0,0,0,0,0,0,11640831,73072639,84082687,22011281.35,22180
1790804871,0,19433410,0,14063.95,200.03,2400255,3952639,8732671,31342591,105119743,197376,1029701631,11467659.58,46400216.43,19433410,10,10,10,0,0,0,0,0,0,930303,1809407,2060287,1016867.20,200
1790804872,0,19433610,0,14053.92,199.99,2400255,3952639,8732671,31342591,105119743,197376,1029701631,11467553.30,46399989.53,19433610,10,10,10,0,0,0,0,0,0,986111,2232319,3022847,1140652.80,200
1790804873,0,19433810,0,14043.90,199.93,2400255,3952639,8732671,31342591,105119743,197376,1029701631,11467445.13,46399763.03,19433810,10,10,10,0,0,0,0,0,0,841215,1688575,2078719,957392.00,200
1790804874,0,19434010,0,14033.90,199.94,2400255,3952639,8732671,31342591,105119743,197376,1029701631,11467337.46,46399536.44,19434010,10,10,10,0,0,0,0,0,0,922111,1692671,1918975,1004351.36,200
1790804875,0,19434210,0,14023.93,200.09,2400255,3952639,8732671,31342591,105119743,197376,1029701631,11467229.72,46399309.85,19434210,10,10,10,0,0,0,0,0,0,941567,1654783,1908735,998936.32,200
1790804876,0,19434410,0,14013.95,199.89,2400255,3952639,8732671,31342591,105119743,197376,1029701631,11467121.61,46399083.36,19434410,10,10,10,0,0,0,0,0,0,869375,1735679,1955839,961643.52,200
1790804877,0,19434610,0,14004.00,200.07,2400255,3952639,8732671,31342591,105119743,197376,1029701631,11467012.41,46398857.12,19434610,10,10,10,0,0,0,0,0,0,811519,1344511,1648639,855468.80,200
1790804878,0,19434810,0,13994.06,199.95,2400255,3952639,8732671,31342591,105119743,197376,1029701631,11466904.90,46398630.50,19434810,10,10,10,0,0,0,0,0,0,916991,1649663,2185215,1020499.20,200
1790804879,0,19435010,0,13984.14,200.07,2400255,3952639,8732671,31342591,105119743,197376,1029701631,11466797.89,46398403.79,19435010,10,10,10,0,0,0,0,0,0,899071,1898495,3385343,1068155.52,200
1790804880,0,19435210,0,13974.23,200.01,2400255,3952639,8732671,31342591,105119743,197376,1029701631,11466690.28,46398177.22,19435210,10,10,10,0,0,0,0,0,0,859647,1687551,2691071,1009124.48,200
1790804881,0,19435410,0,13964.33,200.01,2400255,3952639,8732671,31342591,105119743,197376,1029701631,11466581.86,46397950.81,19435410,10,10,10,0,0,0,0,0,0,829951,1607679,1908735,930935.68,200
1790804882,0,19435610,0,13954.44,199.90,2400255,3952639,8732671,31342591,105119743,197376,1029701631,11466475.38,46397723.99,19435610,10,10,10,0,0,0,0,0,0,970239,2046975,3176447,1119160.32,200
1790804883,0,19435810,0,13944.58,200.07,2400255,3952639,8732671,31342591,105119743,197376,1029701631,11466368.41,46397497.28,19435810,10,10,10,0,0,0,0,0,0,921087,2079743,2459647,1071100.16,200
1790804884,0,19436010,0,13934.73,200.10,2400255,3952639,8732671,31342591,105119743,197376,1029701631,11466260.83,46397270.70,19436010,10,10,10,0,0,0,0,0,0,891903,1896447,2160639,1011548.80,200
1790804885,0,19436210,0,13924.88,199.91,2400255,3952639,8732671,31342591,105119743,197376,1029701631,11466153.04,46397044.17,19436210,10,10,10,0,0,0,0,0,0,882687,1643519,1851391,990919.04,200
1790804886,0,19436410,0,13915.06,199.99,2400255,3952639,8732671,31342591,105119743,197376,1029701631,11466045.52,46396817.59,19436410,10,10,10,0,0,0,0,0,0,905215,1623039,2617343,1017699.84,200
1790804887,0,19436610,0,13905.24,199.91,2400255,3952639,8732671,31342591,105119743,197376,1029701631,11465938.53,46396590.89,19436610,10,10,10,0,0,0,0,0,0,970751,1808383,2191359,1068411.52,200
1790804888,0,19436810,0,13895.45,200.17,2400255,3952639,8732671,31342591,105119743,197376,1029701631,11465831.36,46396364.23,19436810,10,10,10,0,0,0,0,0,0,931839,1754111,1985535,1050961.92,200
1790804889,0,19437010,0,13885.67,200.02,2400255,3952639,8732671,31342591,105119743,197376,1029701631,11465723.63,46396137.71,19437010,10,10,10,0,0,0,0,0,0,873471,1656831,2060287,995576.96,200
1790804890,0,19437210,0,13875.89,199.89,2400255,3952639,8732671,31342591,105119743,197376,1029701631,11465616.24,46395911.11,19437210,10,10,10,0,0,0,0,0,0,951295,1718271,2164735,1029304.96,200
1790804891,0,19437410,0,13866.14,199.99,2400255,3952639,8732671,31342591,105119743,197376,1029701631,11465508.44,46395684.60,19437410,10,10,10,0,0,0,0,0,0,900095,1658879,2279423,988135.04,200
1790804892,0,19437610,0,13856.40,200.02,2400255,3952639,8732671,31342591,105119743,197376,1029701631,11465401.88,46395457.85,19437610,10,10,10,0,0,0,0,0,0,981503,1857535,2908159,1109445.76,200
1790804893,0,19437810,0,13846.66,199.92,2400255,3952639,8732671,31342591,105119743,197376,1029701631,11465295.17,46395231.14,19437810,10,10,10,0,0,0,0,0,0,945663,1855487,3536895,1094328.96,200
1790804894,0,19438010,0,13836.96,200.17,2400255,3952639,8732671,31342591,105119743,197376,1029701631,11465187.51,46395004.61,19438010,10,10,10,0,0,0,0,0,0,923135,1653759,1867775,1002170.24,200
1790804895,0,19438210,0,13827.25,199.86,2400255,3952639,8732671,31342591,105119743,197376,1029701631,11465080.70,46394777.92,19438210,10,10,10,0,0,0,0,0,0,901119,1835007,4046847,1084193.28,200
1790804896,0,19438410,0,13817.57,200.02,2400255,3952639,8724479,31342591,105119743,197376,1029701631,11464973.54,46394551.32,19438410,10,10,10,0,0,0,0,0,0,882175,1842175,3631103,1049541.76,200
1790804897,0,19438610,0,13807.89,200.03,2400255,3952639,8724479,31342591,105119743,197376,1029701631,11464865.82,46394324.81,19438610,10,10,10,0,0,0,0,0,0,914431,1661951,1931263,995721.60,200
1790804898,0,19438810,0,13798.23,199.99,2400255,3952639,8724479,31342591,105119743,197376,1029701631,11464757.82,46394098.38,19438810,10,10,10,0,0,0,0,0,0,842751,1817599,2044927,967845.12,200
1790804899,0,19439010,0,13788.59,200.03,2400255,3952639,8724479,31342591,105119743,197376,1029701631,11464650.66,46393871.77,19439010,10,10,10,0,0,0,0,0,0,910847,1848319,2316287,1048915.84,200
1790804900,0,19439210,0,13778.95,199.89,2400255,3952639,8724479,31342591,105119743,197376,1029701631,11464543.27,46393645.21,19439210,10,10,10,0,0,0,0,0,0,934399,1721343,2119679,1027276.16,200
1790804901,0,19439410,0,13769.34,200.08,2398207,3952639,8724479,31342591,105119743,197376,1029701631,11464435.75,46393418.68,19439410,10,10,10,0,0,0,0,0,0,899071,1673215,2265087,1013640.96,200
1790804902,0,19439610,0,13759.74,200.10,2398207,3952639,8724479,31342591,105119743,197376,1029701631,11464328.29,46393192.16,19439610,10,10,10,0,0,0,0,0,0,853503,1917951,3246079,1019973.76,200
1790804903,0,19439810,0,13750.14,199.93,2398207,3952639,8724479,31342591,105119743,197376,1029701631,11464219.94,46392965.82,19439810,10,10,10,0,0,0,0,0,0,833535,1554431,1692671,932881.92,200
1790804904,0,19440010,0,13740.57,199.99,2398207,3952639,8724479,31342591,105119743,197376,1029701631,11464112.44,46392739.30,19440010,10,10,10,0,0,0,0,0,0,886783,1794047,2187263,1014528.64,200
1790804905,0,19440210,0,13731.00,199.96,2398207,3952639,8724479,31342591,105119743,197376,1029701631,11464005.22,46392512.72,19440210,10,10,10,0,0,0,0,0,0,918015,1779711,2312191,1042894.72,200
1790804906,0,19440410,0,13721.45,199.94,2398207,3952639,8724479,31342591,105119743,197376,1029701631,11463897.89,46392286.17,19440410,10,10,10,0,0,0,0,0,0,899583,1826815,2195455,1031171.84,200
1790804907,0,19440610,0,13711.91,199.98,2398207,3952639,8724479,31342591,105119743,197376,1029701631,11463790.28,46392059.69,19440610,10,10,10,0,0,0,0,0,0,845823,1709055,2906111,1003761.92,200
1790804908,0,19440810,0,13702.39,200.07,2398207,3952639,8724479,31342591,105119743,197376,1029701631,11463682.46,46391833.26,19440810,10,10,10,0,0,0,0,0,0,857599,1635327,1803263,983050.88,200
1790804909,0,19441010,0,13692.88,200.07,2398207,3950591,8724479,31342591,105119743,197376,1029701631,11463575.42,46391606.66,19441010,10,10,10,0,0,0,0,0,0,936959,1987583,2897919,1058897.28,200
1790804910,0,19441210,0,13683.38,199.91,2398207,3950591,8724479,31342591,105119743,197376,1029701631,11463468.29,46391380.08,19441210,10,10,10,0,0,0,0,0,0,950783,1704959,2299903,1050219.52,200
1790804911,0,19441410,0,13673.90,199.96,2398207,3950591,8724479,31342591,105119743,197376,1029701631,11463361.18,46391153.54,19441410,10,10,10,0,0,0,0,0,0,872447,1839103,2512895,1050906.88,200
1790804912,0,19441610,0,13664.43,200.02,2398207,3950591,8724479,31342591,105119743,197376,1029701631,11463254.14,46390926.94,19441610,10,10,10,0,0,0,0,0,0,963583,1702911,1998847,1058793.60,200
1790804913,0,19441810,0,13654.97,200.06,2398207,3950591,8724479,31342591,105119743,197376,1029701631,11463146.50,46390700.48,19441810,10,10,10,0,0,0,0,0,0,856575,1667071,1771519,999619.84,200
1790804914,0,19442010,0,13645.53,200.05,2398207,3950591,8724479,31342591,105119743,197376,1029701631,11463039.69,46390473.86,19442010,10,10,10,0,0,0,0,0,0,941567,1946623,3334143,1080282.24,200
1790804915,0,19442210,0,13636.10,199.87,2398207,3950591,8724479,31342591,105119743,197376,1029701631,11462932.37,46390247.35,19442210,10,10,10,0,0,0,0,0,0,898047,1676287,3315711,1030243.84,200
1790804916,0,19442410,0,13626.68,200.04,2398207,3950591,8724479,31342591,105119743,197376,1029701631,11462825.05,46390020.84,19442410,10,10,10,0,0,0,0,0,0,916991,1822719,2476031,1030103.04,200
1790804917,0,19442610,0,13617.28,200.01,2398207,3950591,8724479,31342591,105119743,197376,1029701631,11462717.53,46389794.37,19442610,10,10,10,0,0,0,0,0,0,912383,1672191,2279423,1010624.00,200
1790804918,0,19442810,0,13607.88,199.95,2398207,3950591,8724479,31342591,105119743,197376,1029701631,11462610.18,46389567.88,19442810,10,10,10,0,0,0,0,0,0,831999,1995775,3024895,1026120.96,200
1790804919,0,19443010,0,13598.51,200.00,2398207,3950591,8724479,31342591,105119743,197376,1029701631,11462502.88,46389341.37,19443010,10,10,10,0,0,0,0,0,0,940031,1863679,2402303,1032138.24,200
1790804920,0,19443210,0,13589.14,200.03,2398207,3950591,8724479,31342591,105054207,197376,1029701631,11462395.32,46389114.92,19443210,10,10,10,0,0,0,0,0,0,939519,1638399,1809407,1005500.80,200
1790804921,0,19443410,0,13579.79,199.97,2398207,3950591,8724479,31342591,105054207,197376,1029701631,11462288.36,46388888.35,19443410,10,10,10,0,0,0,0,0,0,959487,1777663,2959359,1064392.32,200
1790804922,0,19443610,0,13570.46,200.09,2398207,3950591,8724479,31342591,105054207,197376,1029701631,11462181.05,46388661.85,19443610,10,10,10,0,0,0,0,0,0,903679,1705983,1861631,1029522.56,200
1790804923,0,19443810,0,13561.13,200.01,2398207,3950591,8724479,31342591,105054207,197376,1029701631,11462073.38,46388435.44,19443810,10,10,10,0,0,0,0,0,0,852991,1680383,2055167,994382.08,200
1790804924,0,19444010,0,13551.82,200.00,2398207,3950591,8724479,31342591,105054207,197376,1029701631,11461965.56,46388209.07,19444010,10,10,10,0,0,0,0,0,0,896511,1657855,1849343,979955.84,200
1790804925,0,19444210,0,13542.52,200.06,2398207,3950591,8724479,31342591,105054207,197376,1029701631,11461858.37,46387982.56,19444210,10,10,10,0,0,0,0,0,0,901119,1709055,3323903,1040681.60,200
1790804926,0,19444410,0,13533.24,199.99,2398207,3950591,8724479,31342591,105054207,197376,1029701631,11461751.41,46387756.01,19444410,10,10,10,0,0,0,0,0,0,953855,1781759,2916351,1063729.28,200
1790804927,0,19444610,0,13523.96,199.98,2398207,3950591,8724479,31342591,105054207,197376,1029701631,11461643.86,46387529.59,19444610,10,10,10,0,0,0,0,0,0,882175,1730559,2459647,1004847.36,200
1790804928,0,19444810,0,13514.70,199.96,2398207,3950591,8724479,31342591,105054207,197376,1029701631,11461536.64,46387303.10,19444810,10,10,10,0,0,0,0,0,0,912895,1823743,2711551,1037399.04,200
1790804929,0,19445010,0,13505.45,200.03,2398207,3950591,8724479,31342591,105054207,197376,1029701631,11461429.25,46387076.65,19445010,10,10,10,0,0,0,0,0,0,909823,1698815,1926143,1020504.32,200
1790804930,0,19445050,0,13496.10,39.98,2398207,3950591,8724479,31342591,105054207,197376,1029701631,11461407.67,46387031.38,19445050,10,10,10,0,0,0,0,0,0,891903,1503231,2043903,971667.20,40
1790804931,0,19445050,0,13486.74,0.00,2398207,3950591,8724479,31342591,105054207,197376,1029701631,11461407.67,46387031.38,19445050,10,10,10,0,0,0,0,0,0,0,0,0,0.00,0
1790804932,0,19445050,0,13477.40,0.00,2398207,3950591,8724479,31342591,105054207,197376,1029701631,11461407.67,46387031.38,19445050,10,10,10,0,0,0,0,0,0,0,0,0,0.00,0
1790804933,0,19445050,0,13468.07,0.00,2398207,3950591,8724479,31342591,105054207,197376,1029701631,11461407.67,46387031.38,19445050,10,10,10,0,0,0,0,0,0,0,0,0,0.00,0
