timestamp,sent_count,received_count,error_count,total_throughput,interval_throughput,latency_ns_p25,latency_ns_p50,latency_ns_p75,latency_ns_p95,latency_ns_p99,latency_ns_min,latency_ns_max,latency_ns_mean,latency_ns_stddev,latency_sample_count,connections,active_connections,connection_attempts,connection_failures,crashes_injected,reconnects,reconnect_failures,duplicate_count,gap_count,interval_latency_ns_p50,interval_latency_ns_p95,interval_latency_ns_p99,interval_latency_ns_mean,interval_latency_sample_count
1790713456,0,0,0,0.00,0.00,0,0,0,0,0,0,0,0.00,0.00,0,0,0,1,0,0,0,0,0,0,0,0,0,0.00,0
1790713457,0,0,0,0.00,0.00,0,0,0,0,0,0,0,0.00,0.00,0,1,1,1,0,0,0,0,0,0,0,0,0,0.00,0
1790713458,0,0,0,0.00,0.00,0,0,0,0,0,0,0,0.00,0.00,0,1,1,1,0,0,0,0,0,0,0,0,0,0.00,0
1790713459,0,0,0,0.00,0.00,0,0,0,0,0,0,0,0.00,0.00,0,1,1,1,0,0,0,0,0,0,0,0,0,0.00,0
1790713460,0,0,0,0.00,0.00,0,0,0,0,0,0,0,0.00,0.00,0,1,1,1,0,0,0,0,0,0,0,0,0,0.00,0
1790713461,0,0,0,0.00,0.00,0,0,0,0,0,0,0,0.00,0.00,0,1,1,1,0,0,0,0,0,0,0,0,0,0.00,0
1790713462,0,0,0,0.00,0.00,0,0,0,0,0,0,0,0.00,0.00,0,1,1,1,0,0,0,0,0,0,0,0,0,0.00,0
1790713463,0,0,0,0.00,0.00,0,0,0,0,0,0,0,0.00,0.00,0,2,2,2,0,0,0,0,0,0,0,0,0,0.00,0
1790713464,0,0,0,0.00,0.00,0,0,0,0,0,0,0,0.00,0.00,0,2,2,2,0,0,0,0,0,0,0,0,0,0.00,0
1790713465,0,0,0,0.00,0.00,0,0,0,0,0,0,0,0.00,0.00,0,2,2,2,0,0,0,0,0,0,0,0,0,0.00,0
1790713466,0,0,0,0.00,0.00,0,0,0,0,0,0,0,0.00,0.00,0,2,2,2,0,0,0,0,0,0,0,0,0,0.00,0
1790713467,0,0,0,0.00,0.00,0,0,0,0,0,0,0,0.00,0.00,0,2,2,2,0,0,0,0,0,0,0,0,0,0.00,0
1790713468,0,0,0,0.00,0.00,0,0,0,0,0,0,0,0.00,0.00,0,2,2,2,0,0,0,0,0,0,0,0,0,0.00,0
1790713469,0,0,0,0.00,0.00,0,0,0,0,0,0,0,0.00,0.00,0,2,2,2,0,0,0,0,0,0,0,0,0,0.00,0
1790713470,0,0,0,0.00,0.00,0,0,0,0,0,0,0,0.00,0.00,0,3,3,3,0,0,0,0,0,0,0,0,0,0.00,0
1790713471,0,0,0,0.00,0.00,0,0,0,0,0,0,0,0.00,0.00,0,3,3,3,0,0,0,0,0,0,0,0,0,0.00,0
1790713472,0,0,0,0.00,0.00,0,0,0,0,0,0,0,0.00,0.00,0,3,3,3,0,0,0,0,0,0,0,0,0,0.00,0
1790713473,0,0,0,0.00,0.00,0,0,0,0,0,0,0,0.00,0.00,0,3,3,3,0,0,0,0,0,0,0,0,0,0.00,0
1790713474,0,0,0,0.00,0.00,0,0,0,0,0,0,0,0.00,0.00,0,3,3,3,0,0,0,0,0,0,0,0,0,0.00,0
1790713475,0,0,0,0.00,0.00,0,0,0,0,0,0,0,0.00,0.00,0,3,3,3,0,0,0,0,0,0,0,0,0,0.00,0
1790713476,0,0,0,0.00,0.00,0,0,0,0,0,0,0,0.00,0.00,0,3,3,3,0,0,0,0,0,0,0,0,0,0.00,0
1790713477,0,0,0,0.00,0.00,0,0,0,0,0,0,0,0.00,0.00,0,4,4,4,0,0,0,0,0,0,0,0,0,0.00,0
1790713478,0,0,0,0.00,0.00,0,0,0,0,0,0,0,0.00,0.00,0,4,4,4,0,0,0,0,0,0,0,0,0,0.00,0
1790713479,0,0,0,0.00,0.00,0,0,0,0,0,0,0,0.00,0.00,0,4,4,4,0,0,0,0,0,0,0,0,0,0.00,0
1790713480,0,0,0,0.00,0.00,0,0,0,0,0,0,0,0.00,0.00,0,4,4,4,0,0,0,0,0,0,0,0,0,0.00,0
1790713481,0,0,0,0.00,0.00,0,0,0,0,0,0,0,0.00,0.00,0,4,4,4,0,0,0,0,0,0,0,0,0,0.00,0
1790713482,0,0,0,0.00,0.00,0,0,0,0,0,0,0,0.00,0.00,0,4,4,4,0,0,0,0,0,0,0,0,0,0.00,0
1790713483,0,0,0,0.00,0.00,0,0,0,0,0,0,0,0.00,0.00,0,5,5,5,0,0,0,0,0,0,0,0,0,0.00,0
1790713484,0,0,0,0.00,0.00,0,0,0,0,0,0,0,0.00,0.00,0,5,5,5,0,0,0,0,0,0,0,0,0,0.00,0
1790713485,0,0,0,0.00,0.00,0,0,0,0,0,0,0,0.00,0.00,0,5,5,5,0,0,0,0,0,0,0,0,0,0.00,0
1790713486,0,0,0,0.00,0.00,0,0,0,0,0,0,0,0.00,0.00,0,5,5,5,0,0,0,0,0,0,0,0,0,0.00,0
1790713487,0,0,0,0.00,0.00,0,0,0,0,0,0,0,0.00,0.00,0,5,5,5,0,0,0,0,0,0,0,0,0,0.00,0
1790713488,0,0,0,0.00,0.00,0,0,0,0,0,0,0,0.00,0.00,0,5,5,5,0,0,0,0,0,0,0,0,0,0.00,0
1790713489,0,0,0,0.00,0.00,0,0,0,0,0,0,0,0.00,0.00,0,5,5,5,0,0,0,0,0,0,0,0,0,0.00,0
1790713490,0,0,0,0.00,0.00,0,0,0,0,0,0,0,0.00,0.00,0,6,6,6,0,0,0,0,0,0,0,0,0,0.00,0
1790713491,0,0,0,0.00,0.00,0,0,0,0,0,0,0,0.00,0.00,0,6,6,6,0,0,0,0,0,0,0,0,0,0.00,0
1790713492,0,0,0,0.00,0.00,0,0,0,0,0,0,0,0.00,0.00,0,6,6,6,0,0,0,0,0,0,0,0,0,0.00,0
1790713493,0,0,0,0.00,0.00,0,0,0,0,0,0,0,0.00,0.00,0,6,6,6,0,0,0,0,0,0,0,0,0,0.00,0
1790713494,0,0,0,0.00,0.00,0,0,0,0,0,0,0,0.00,0.00,0,6,6,6,0,0,0,0,0,0,0,0,0,0.00,0
1790713495,0,0,0,0.00,0.00,0,0,0,0,0,0,0,0.00,0.00,0,6,6,6,0,0,0,0,0,0,0,0,0,0.00,0
1790713496,0,0,0,0.00,0.00,0,0,0,0,0,0,0,0.00,0.00,0,6,6,6,0,0,0,0,0,0,0,0,0,0.00,0
1790713497,0,0,0,0.00,0.00,0,0,0,0,0,0,0,0.00,0.00,0,7,7,7,0,0,0,0,0,0,0,0,0,0.00,0
1790713498,0,0,0,0.00,0.00,0,0,0,0,0,0,0,0.00,0.00,0,7,7,7,0,0,0,0,0,0,0,0,0,0.00,0
1790713499,0,0,0,0.00,0.00,0,0,0,0,0,0,0,0.00,0.00,0,7,7,7,0,0,0,0,0,0,0,0,0,0.00,0
1790713500,0,0,0,0.00,0.00,0,0,0,0,0,0,0,0.00,0.00,0,7,7,7,0,0,0,0,0,0,0,0,0,0.00,0
1790713501,0,0,0,0.00,0.00,0,0,0,0,0,0,0,0.00,0.00,0,7,7,7,0,0,0,0,0,0,0,0,0,0.00,0
1790713502,0,0,0,0.00,0.00,0,0,0,0,0,0,0,0.00,0.00,0,7,7,7,0,0,0,0,0,0,0,0,0,0.00,0
1790713503,0,0,0,0.00,0.00,0,0,0,0,0,0,0,0.00,0.00,0,8,8,8,0,0,0,0,0,0,0,0,0,0.00,0
1790713504,0,0,0,0.00,0.00,0,0,0,0,0,0,0,0.00,0.00,0,8,8,8,0,0,0,0,0,0,0,0,0,0.00,0
1790713505,0,0,0,0.00,0.00,0,0,0,0,0,0,0,0.00,0.00,0,8,8,8,0,0,0,0,0,0,0,0,0,0.00,0
1790713506,0,0,0,0.00,0.00,0,0,0,0,0,0,0,0.00,0.00,0,8,8,8,0,0,0,0,0,0,0,0,0,0.00,0
1790713507,0,0,0,0.00,0.00,0,0,0,0,0,0,0,0.00,0.00,0,8,8,8,0,0,0,0,0,0,0,0,0,0.00,0
1790713508,0,0,0,0.00,0.00,0,0,0,0,0,0,0,0.00,0.00,0,8,8,8,0,0,0,0,0,0,0,0,0,0.00,0
1790713509,0,0,0,0.00,0.00,0,0,0,0,0,0,0,0.00,0.00,0,8,8,8,0,0,0,0,0,0,0,0,0,0.00,0
1790713510,0,0,0,0.00,0.00,0,0,0,0,0,0,0,0.00,0.00,0,9,9,9,0,0,0,0,0,0,0,0,0,0.00,0
1790713511,0,0,0,0.00,0.00,0,0,0,0,0,0,0,0.00,0.00,0,9,9,9,0,0,0,0,0,0,0,0,0,0.00,0
1790713512,0,0,0,0.00,0.00,0,0,0,0,0,0,0,0.00,0.00,0,9,9,9,0,0,0,0,0,0,0,0,0,0.00,0
1790713513,0,0,0,0.00,0.00,0,0,0,0,0,0,0,0.00,0.00,0,9,9,9,0,0,0,0,0,0,0,0,0,0.00,0
1790713514,0,0,0,0.00,0.00,0,0,0,0,0,0,0,0.00,0.00,0,9,9,9,0,0,0,0,0,0,0,0,0,0.00,0
1790713515,0,0,0,0.00,0.00,0,0,0,0,0,0,0,0.00,0.00,0,9,9,9,0,0,0,0,0,0,0,0,0,0.00,0
1790713516,0,0,0,0.00,0.00,0,0,0,0,0,0,0,0.00,0.00,0,9,9,9,0,0,0,0,0,0,0,0,0,0.00,0
1790713517,0,0,0,0.00,0.00,0,0,0,0,0,0,0,0.00,0.00,0,10,10,10,0,0,0,0,0,0,0,0,0,0.00,0
1790713518,0,150,0,216.60,150.00,957951,1990655,3264511,58621951,60162047,171648,60391423,6747428.69,14434462.60,150,10,10,10,0,0,0,0,0,0,1990655,58621951,60162047,6747428.69,150
1790713519,0,350,0,206.80,200.01,920575,1875967,2729983,12050431,59670527,171648,60391423,3876748.43,9798077.17,350,10,10,10,0,0,0,0,0,0,1637375,3233791,3340287,1723738.24,200
1790713520,0,550,0,204.31,200.10,921087,1849343,2641919,8962047,59113471,171648,60391423,3157085.32,7987384.83,550,10,10,10,0,0,0,0,0,0,1732607,3280895,3354623,1897674.88,200
1790713521,0,750,0,203.14,200.00,921087,1790975,2615295,3354623,58621951,171648,60391423,2777463.55,6886817.03,750,10,10,10,0,0,0,0,0,0,1618943,3266559,3301375,1733503.68,200
1790713522,0,950,0,202.47,200.00,929279,1778687,2617343,3340287,58130431,171648,60391423,2564902.94,6148792.35,950,10,10,10,0,0,0,0,0,0,1689599,3299327,3377151,1767800.64,200
1790713523,0,1150,0,202.04,200.03,934399,1778687,2625535,3340287,13377535,171648,60391423,2436465.20,5617855.10,1150,10,10,10,0,0,0,0,0,0,1722367,3330047,3411967,1826385.92,200
1790713524,0,1350,0,201.73,199.94,940543,1778687,2631679,3336191,12910591,171648,60391423,2343046.35,5203343.61,1350,10,10,10,0,0,0,0,0,0,1672191,3332095,3395583,1805888.00,200
1790713525,0,1550,0,201.50,199.98,946175,1783807,2637823,3332095,12500991,171648,60391423,2274240.83,4871981.85,1550,10,10,10,0,0,0,0,0,0,1804287,3332095,3377151,1809803.52,200
1790713526,0,1750,0,201.34,200.07,945151,1772543,2639871,3342335,12263423,171648,60391423,2218407.42,4599630.21,1750,10,10,10,0,0,0,0,0,0,1679359,3375103,3393535,1785698.56,200
1790713527,0,1950,0,201.19,199.93,943103,1804287,2639871,3344383,12009471,171648,60391423,2189386.70,4373637.04,1950,10,10,10,0,0,0,0,0,0,1927167,3784703,5025791,1935455.36,200
1790713528,0,2150,0,201.08,200.02,941055,1804287,2633727,3332095,11812863,171648,60391423,2150022.79,4177201.15,2150,10,10,10,0,0,0,0,0,0,1634303,3260415,3280895,1766224.64,200
1790713529,0,2350,0,200.99,200.03,940031,1804287,2627583,3319807,11354111,171648,60391423,2116527.06,4006537.78,2350,10,10,10,0,0,0,0,0,0,1623039,3239935,3264511,1756448.00,200
1790713530,0,2550,0,200.91,200.00,940543,1823743,2625535,3313663,11263999,171648,60391423,2098991.18,3887895.13,2550,10,10,10,0,0,0,0,0,0,1864703,3250175,3309567,1892944.64,200
1790713531,0,2750,0,200.85,200.00,939519,1823743,2621439,3305471,10199039,171648,60391423,2074804.92,3753880.88,2750,10,10,10,0,0,0,0,0,0,1696767,3244031,3389439,1766430.08,200
1790713532,0,2950,0,200.79,199.98,940543,1804287,2623487,3309567,8962047,171648,60391423,2056154.79,3633794.11,2950,10,10,10,0,0,0,0,0,0,1685503,3323903,3373055,1799715.52,200
1790713533,0,3150,0,200.73,199.95,940543,1796095,2623487,3309567,8421375,171648,60391423,2042612.87,3535570.44,3150,10,10,10,0,0,0,0,0,0,1687551,3291135,3403775,1842869.44,200
1790713534,0,3350,0,200.69,199.97,939519,1789951,2621439,3303423,7397375,171648,60391423,2024736.32,3437359.91,3350,10,10,10,0,0,0,0,0,0,1642495,3264511,3336191,1743180.80,200
1790713535,0,3550,0,200.65,200.01,940543,1784831,2623487,3305471,5406719,171648,60391423,2012143.72,3347469.16,3550,10,10,10,0,0,0,0,0,0,1687551,3336191,3399679,1801217.60,200
1790713536,0,3750,0,200.62,200.14,943103,1783807,2625535,3311615,4993023,171648,60391423,2001491.10,3264991.47,3750,10,10,10,0,0,0,0,0,0,1759231,3352575,3397631,1812407.04,200
1790713537,0,3950,0,200.58,199.85,945151,1778687,2625535,3313663,4685823,171648,60391423,1990119.06,3188905.64,3950,10,10,10,0,0,0,0,0,0,1696767,3317759,3383295,1776893.44,200
1790713538,0,4150,0,200.56,200.01,947711,1784831,2631679,3317759,4366335,171648,60391423,1983137.90,3118771.63,4150,10,10,10,0,0,0,0,0,0,1935359,3354623,3387391,1845259.84,200
1790713539,0,4350,0,200.53,200.01,948735,1784831,2635775,3319807,4001791,171648,60391423,1975598.37,3053676.45,4350,10,10,10,0,0,0,0,0,0,1719295,3356671,3395583,1819153.28,200
1790713540,0,4550,0,200.51,200.08,949247,1791999,2639871,3321855,4100095,171648,60391423,1977067.17,3034767.31,4550,10,10,10,0,0,0,0,0,0,1821695,3358719,4378623,2009013.44,200
1790713541,0,4750,0,200.49,199.92,949247,1784831,2639871,3319807,3977215,171648,60391423,1967503.89,2976970.88,4750,10,10,10,0,0,0,0,0,0,1640447,3311615,3340287,1749939.20,200
1790713542,0,4950,0,200.47,200.02,948735,1784831,2639871,3319807,3921919,171648,60391423,1960345.23,2922888.22,4950,10,10,10,0,0,0,0,0,0,1629183,3299327,3334143,1790327.04,200
1790713543,0,5150,0,200.45,199.99,947711,1784831,2639871,3319807,3928063,171648,60391423,1955810.91,2876958.42,5150,10,10,10,0,0,0,0,0,0,1772543,3301375,3975167,1843586.56,200
1790713544,0,5350,0,200.43,199.98,947711,1784831,2639871,3315711,3893247,171648,60391423,1949157.62,2828991.02,5350,10,10,10,0,0,0,0,0,0,1647615,3287039,3323903,1777835.52,200
1790713545,0,5550,0,200.42,200.02,947711,1790975,2639871,3317759,3975167,171648,60391423,1946280.88,2785420.49,5550,10,10,10,0,0,0,0,0,0,1904639,3340287,5255167,1869328.00,200
1790713546,0,5750,0,200.40,200.07,946687,1783807,2639871,3315711,3921919,171648,60391423,1939454.61,2742695.02,5750,10,10,10,0,0,0,0,0,0,1680383,3276799,3346431,1750025.60,200
1790713547,0,5950,0,200.39,199.95,946175,1783807,2639871,3315711,3928063,171648,60391423,1934228.03,2702787.59,5950,10,10,10,0,0,0,0,0,0,1624063,3313663,4038655,1783963.84,200
1790713548,0,6150,0,200.37,199.93,946175,1789951,2639871,3317759,4001791,171648,60391423,1932213.39,2665473.88,6150,10,10,10,0,0,0,0,0,0,1843199,3696639,4620287,1872277.76,200
1790713549,0,6350,0,200.37,200.18,946175,1789951,2639871,3317759,3977215,171648,60391423,1927960.65,2628926.94,6350,10,10,10,0,0,0,0,0,0,1637375,3309567,3354623,1797189.12,200
1790713550,0,6550,0,200.36,199.99,946687,1799167,2639871,3319807,4198399,171648,60391423,1932689.31,2621807.75,6550,10,10,10,0,0,0,0,0,0,1949695,3526655,5947391,2082824.32,200
1790713551,0,6750,0,200.34,199.97,946687,1799167,2641919,3319807,4100095,171648,60391423,1928987.46,2588314.50,6750,10,10,10,0,0,0,0,0,0,1719295,3346431,3395583,1807751.68,200
1790713552,0,6950,0,200.33,199.99,946175,1803263,2641919,3319807,4100095,171648,60391423,1926645.70,2556990.24,6950,10,10,10,0,0,0,0,0,0,1908735,3389439,3969023,1847611.20,200
1790713553,0,7150,0,200.33,200.03,946175,1803263,2641919,3321855,4235263,171648,60391423,1925676.28,2530812.38,7150,10,10,10,0,0,0,0,0,0,1783807,3397631,5132287,1891989.12,200
1790713554,0,7350,0,200.32,199.93,946175,1803263,2641919,3319807,4182015,171648,60391423,1922552.85,2501145.85,7350,10,10,10,0,0,0,0,0,0,1797119,3248127,3299327,1810890.24,200
1790713555,0,7550,0,200.31,199.96,947199,1804287,2641919,3319807,4093951,171648,60391423,1920211.22,2472871.30,7550,10,10,10,0,0,0,0,0,0,1844223,3334143,3444735,1834156.16,200
1790713556,0,7750,0,200.30,199.99,947711,1804287,2641919,3321855,4038655,171648,60391423,1917456.59,2445866.91,7750,10,10,10,0,0,0,0,0,0,1704959,3360767,3393535,1813469.44,200
1790713557,0,7950,0,200.29,199.99,947711,1803263,2643967,3321855,3985407,171648,60391423,1914742.63,2419912.21,7950,10,10,10,0,0,0,0,0,0,1741823,3381247,3438591,1809576.64,200
1790713558,0,8150,0,200.28,200.09,948735,1801215,2643967,3323903,3975167,171648,60391423,1912217.41,2394925.79,8150,10,10,10,0,0,0,0,0,0,1718271,3354623,3403775,1811840.00,200
1790713559,0,8350,0,200.28,199.93,949247,1803263,2646015,3327999,3969023,171648,60391423,1910717.22,2371168.51,8350,10,10,10,0,0,0,0,0,0,1847295,3371007,3563519,1849584.32,200
1790713560,0,8550,0,200.27,200.06,949247,1804287,2646015,3327999,4038655,171648,60391423,1912763.34,2368973.00,8550,10,10,10,0,0,0,0,0,0,1850367,3340287,5971967,1998189.12,200
1790713561,0,8750,0,200.26,199.95,947711,1804287,2646015,3325951,3985407,171648,60391423,1908749.56,2346627.41,8750,10,10,10,0,0,0,0,0,0,1602559,3297279,3348479,1737160.32,200
1790713562,0,8950,0,200.26,200.08,947711,1804287,2643967,3325951,3977215,171648,60391423,1906042.06,2325206.88,8950,10,10,10,0,0,0,0,0,0,1822719,3311615,3784703,1787589.12,200
1790713563,0,9150,0,200.25,199.90,946175,1800191,2643967,3323903,3975167,171648,60391423,1903227.70,2310159.91,9150,10,10,10,0,0,0,0,0,0,1593343,3287039,3360767,1777284.80,200
1790713564,0,9350,0,200.25,199.99,944639,1797119,2641919,3323903,3928063,171648,60391423,1899742.73,2290003.61,9350,10,10,10,0,0,0,0,0,0,1701887,3321855,3368959,1740305.28,200
1790713565,0,9550,0,200.24,200.01,944639,1797119,2641919,3323903,3911679,171648,60391423,1896882.74,2270162.20,9550,10,10,10,0,0,0,0,0,0,1736703,3254271,3397631,1763178.56,200
1790713566,0,9750,0,200.24,200.06,943615,1794047,2639871,3321855,3907583,171648,60391423,1893631.55,2251249.69,9750,10,10,10,0,0,0,0,0,0,1690623,3276799,3512319,1738386.88,200
1790713567,0,9950,0,200.23,199.93,943103,1790975,2639871,3321855,3893247,171648,60391423,1890832.08,2234096.54,9950,10,10,10,0,0,0,0,0,0,1641471,3274751,3426303,1754358.08,200
1790713568,0,10150,0,200.23,199.99,943103,1791999,2641919,3323903,3938303,171648,60391423,1890653.24,2217837.72,10150,10,10,10,0,0,0,0,0,0,1795071,3426303,5226495,1881755.84,200
1790713569,0,10350,0,200.22,200.02,941567,1790975,2641919,3325951,3921919,171648,60391423,1888102.98,2200820.49,10350,10,10,10,0,0,0,0,0,0,1738751,3364863,3414015,1758677.44,200
1790713570,0,10550,0,200.22,200.06,935423,1755135,2639871,3325951,4038655,171648,60391423,1883848.55,2213544.11,10550,10,10,10,0,0,0,0,0,0,899583,5103615,7712767,1663681.92,200
1790713571,0,10750,0,200.22,199.97,931839,1707007,2637823,3323903,3985407,171648,60391423,1873119.06,2197952.91,10750,10,10,10,0,0,0,0,0,0,942591,3186687,3276799,1307138.24,200
1790713572,0,10950,0,200.21,199.95,931327,1704959,2635775,3323903,3977215,171648,60391423,1870522.89,2181878.14,10950,10,10,10,0,0,0,0,0,0,1645567,3274751,3739647,1730978.88,200
1790713573,0,11150,0,200.21,200.00,929791,1684479,2635775,3325951,3975167,171648,60391423,1864771.15,2170293.85,11150,10,10,10,0,0,0,0,0,0,1230847,3332095,3387391,1549863.04,200
1790713574,0,11350,0,200.20,200.10,925695,1679359,2635775,3327999,4116479,171648,60391423,1861348.04,2158026.21,11350,10,10,10,0,0,0,0,0,0,1171455,4390911,5431295,1670510.08,200
1790713575,0,11550,0,200.20,199.99,921599,1669119,2633727,3327999,4093951,171648,60391423,1852387.34,2144045.20,11550,10,10,10,0,0,0,0,0,0,963583,3299327,3379199,1343867.20,200
1790713576,0,11750,0,200.20,199.97,915967,1660927,2629631,3325951,4052991,171648,60391423,1842391.83,2130512.67,11750,10,10,10,0,0,0,0,0,0,926719,3057663,3366911,1265151.36,200
1790713577,0,11950,0,200.19,199.98,908287,1651711,2625535,3325951,4038655,171648,60391423,1832141.42,2117184.12,11950,10,10,10,0,0,0,0,0,0,914943,3028991,3364863,1229929.92,200
1790713578,0,12170,0,200.52,220.05,909311,1655807,2629631,3330047,4665343,171648,60391423,1846807.47,2126283.63,12170,10,10,10,0,0,0,0,0,0,2003967,8839167,9969663,2643440.58,220
1790713579,0,12370,0,200.51,199.98,910335,1656831,2629631,3330047,4620287,171648,60391423,1846055.98,2112642.04,12370,10,10,10,0,0,0,0,0,0,1707007,3332095,3414015,1800327.68,200
1790713580,0,12570,0,200.50,199.87,904703,1649663,2627583,3330047,4575231,171648,60391423,1839862.03,2115535.34,12570,10,10,10,0,0,0,0,0,0,959487,3119103,3409919,1456766.40,200
1790713581,0,12770,0,200.49,200.01,902143,1649663,2625535,3330047,4534271,171648,60391423,1835741.01,2102852.27,12770,10,10,10,0,0,0,0,0,0,1343487,3309567,3500031,1576735.04,200
1790713582,0,12970,0,200.49,200.12,903679,1649663,2625535,3332095,4448255,171648,60391423,1835883.01,2090352.50,12970,10,10,10,0,0,0,0,0,0,1727487,3446783,3493887,1844949.76,200
1790713583,0,13170,0,200.48,199.92,904703,1650687,2627583,3332095,4411391,171648,60391423,1836286.68,2079807.74,13170,10,10,10,0,0,0,0,0,0,1752063,3409919,3518463,1862464.32,200
1790713584,0,13370,0,200.47,200.05,901631,1645567,2625535,3332095,4399103,171648,60391423,1828365.78,2068077.13,13370,10,10,10,0,0,0,0,0,0,1100799,3115007,3446783,1306774.40,200
1790713585,0,13570,0,200.47,200.03,902143,1646591,2625535,3332095,4390911,171648,60391423,1828737.50,2056459.01,13570,10,10,10,0,0,0,0,0,0,1736703,3450879,3487743,1853587.20,200
1790713586,0,13770,0,200.46,199.97,903679,1648639,2625535,3334143,4411391,171648,60391423,1829898.46,2045892.82,13770,10,10,10,0,0,0,0,0,0,1865727,3504127,4988927,1908669.44,200
1790713587,0,13970,0,200.45,199.95,904191,1648639,2625535,3334143,4399103,171648,60391423,1829354.90,2034591.23,13970,10,10,10,0,0,0,0,0,0,1776639,3315711,3463167,1791930.88,200
1790713588,0,14170,0,200.45,199.96,905215,1649663,2627583,3336191,4390911,171648,60391423,1829373.90,2023712.37,14170,10,10,10,0,0,0,0,0,0,1699839,3430399,3485695,1830700.80,200
1790713589,0,14370,0,200.44,200.06,905727,1649663,2629631,3336191,4378623,171648,60391423,1829180.92,2013051.95,14370,10,10,10,0,0,0,0,0,0,1672191,3420159,3450879,1815508.48,200
1790713590,0,14570,0,200.44,200.07,906751,1650687,2629631,3336191,4366335,171648,60391423,1830302.80,2013448.10,14570,10,10,10,0,0,0,0,0,0,1724415,3250175,3469311,1910909.76,200
1790713591,0,14770,0,200.43,199.89,908799,1651711,2629631,3338239,4259839,171648,60391423,1830454.45,2003222.67,14770,10,10,10,0,0,0,0,0,0,1713151,3448831,3491839,1841502.72,200
1790713592,0,14970,0,200.42,199.94,909311,1652735,2629631,3336191,4235263,171648,60391423,1830349.84,1993054.87,14970,10,10,10,0,0,0,0,0,0,1724415,3289087,3524607,1822624.00,200
1790713593,0,15170,0,200.42,200.06,910335,1653759,2629631,3336191,4214783,171648,60391423,1830805.56,1986659.86,15170,10,10,10,0,0,0,0,0,0,1722367,3268607,3475455,1864916.48,200
1790713594,0,15370,0,200.41,200.03,909823,1654783,2631679,3340287,4214783,171648,60391423,1831404.63,1977524.12,15370,10,10,10,0,0,0,0,0,0,1931263,3446783,4188159,1876843.84,200
1790713595,0,15570,0,200.41,200.02,909823,1654783,2631679,3340287,4188159,171648,60391423,1830997.27,1968150.48,15570,10,10,10,0,0,0,0,0,0,1705983,3409919,3483647,1799691.52,200
1790713596,0,15770,0,200.40,200.08,909311,1654783,2633727,3340287,4157439,171648,60391423,1830443.49,1958958.92,15770,10,10,10,0,0,0,0,0,0,1733631,3393535,3477503,1787332.16,200
1790713597,0,15970,0,200.40,199.95,908799,1654783,2633727,3340287,4100095,171648,60391423,1829492.57,1949849.35,15970,10,10,10,0,0,0,0,0,0,1650687,3366911,3444735,1754512.00,200
1790713598,0,16170,0,200.39,200.04,908287,1655807,2633727,3342335,4061183,171648,60391423,1828838.34,1940970.67,16170,10,10,10,0,0,0,0,0,0,1669119,3379199,3457023,1776598.40,200
1790713599,0,16370,0,200.39,199.89,908799,1655807,2633727,3342335,4048895,171648,60391423,1828493.77,1932319.40,16370,10,10,10,0,0,0,0,0,0,1783807,3414015,3461119,1800635.52,200
1790713600,0,16570,0,200.38,199.96,908287,1655807,2633727,3342335,4038655,171648,60391423,1829744.11,1940617.97,16570,10,10,10,0,0,0,0,0,0,1682431,3364863,3475455,1932084.16,200
1790713601,0,16770,0,200.38,200.07,908799,1655807,2633727,3342335,3985407,171648,60391423,1829263.73,1932072.63,16770,10,10,10,0,0,0,0,0,0,1680383,3350527,3454975,1789464.64,200
1790713602,0,16970,0,200.37,200.09,905215,1651711,2633727,3342335,3975167,171648,60391423,1823478.52,1924151.30,16970,10,10,10,0,0,0,0,0,0,969727,3303423,3338239,1338387.84,200
1790713603,0,17170,0,200.37,199.83,904191,1650687,2631679,3342335,3975167,171648,60391423,1822599.69,1919183.25,17170,10,10,10,0,0,0,0,0,0,1600511,3375103,3786751,1748031.04,200
1790713604,0,17370,0,200.36,200.14,904191,1651711,2633727,3342335,3952639,171648,60391423,1822098.00,1911173.20,17370,10,10,10,0,0,0,0,0,0,1704959,3397631,3475455,1779027.84,200
1790713605,0,17570,0,200.36,199.88,904191,1651711,2633727,3344383,3950591,171648,60391423,1822000.92,1903384.99,17570,10,10,10,0,0,0,0,0,0,1712127,3438591,3524607,1813569.92,200
1790713606,0,17770,0,200.36,200.07,904191,1651711,2633727,3344383,3938303,171648,60391423,1821486.05,1895637.15,17770,10,10,10,0,0,0,0,0,0,1695743,3395583,3506175,1776254.72,200
1790713607,0,17970,0,200.35,199.97,903679,1651711,2633727,3344383,3926015,171648,60391423,1820261.81,1887916.22,17970,10,10,10,0,0,0,0,0,0,1644543,3221503,3487743,1711487.68,200
1790713608,0,18170,0,200.35,200.09,903167,1652735,2633727,3344383,3911679,171648,60391423,1819859.51,1880498.63,18170,10,10,10,0,0,0,0,0,0,1669119,3393535,3471359,1783712.96,200
1790713609,0,18370,0,200.34,200.01,903679,1652735,2633727,3346431,3893247,171648,60391423,1819441.41,1873172.46,18370,10,10,10,0,0,0,0,0,0,1684479,3391487,3473407,1781457.60,200
1790713610,0,18570,0,200.34,199.86,903679,1652735,2633727,3346431,3885055,171648,60391423,1820708.67,1881299.63,18570,10,10,10,0,0,0,0,0,0,1689599,3373055,3454975,1937106.24,200
1790713611,0,18770,0,200.34,200.02,903167,1652735,2633727,3346431,3878911,171648,60391423,1820302.38,1874139.18,18770,10,10,10,0,0,0,0,0,0,1674239,3405823,3485695,1782578.56,200
1790713612,0,18970,0,200.33,200.06,903167,1653759,2635775,3346431,3842047,171648,60391423,1819851.48,1867080.32,18970,10,10,10,0,0,0,0,0,0,1671167,3373055,3479551,1777534.72,200
1790713613,0,19170,0,200.33,200.04,903167,1653759,2635775,3346431,3831807,171648,60391423,1819739.55,1861273.45,19170,10,10,10,0,0,0,0,0,0,1773567,3340287,3518463,1809122.88,200
1790713614,0,19370,0,200.33,200.00,903167,1653759,2635775,3348479,3792895,171648,60391423,1819273.23,1854471.47,19370,10,10,10,0,0,0,0,0,0,1718271,3399679,3459071,1774576.64,200
1790713615,0,19570,0,200.32,200.04,902143,1653759,2635775,3348479,3786751,171648,60391423,1818765.92,1847794.85,19570,10,10,10,0,0,0,0,0,0,1679359,3391487,3450879,1769632.00,200
1790713616,0,19770,0,200.32,199.81,902143,1653759,2635775,3348479,3784703,171648,60391423,1818335.44,1841214.08,19770,10,10,10,0,0,0,0,0,0,1680383,3397631,3467263,1776213.12,200
1790713617,0,19970,0,200.32,200.03,901631,1653759,2635775,3348479,3772415,171648,60391423,1817382.96,1834592.82,19970,10,10,10,0,0,0,0,0,0,1675263,3264511,3430399,1723231.04,200
1790713618,0,20170,0,200.31,199.98,901631,1654783,2635775,3348479,3764223,171648,60391423,1816779.42,1828175.49,20170,10,10,10,0,0,0,0,0,0,1681407,3352575,3463167,1756515.84,200
1790713619,0,20370,0,200.31,200.02,901631,1654783,2635775,3348479,3760127,171648,60391423,1816420.47,1821923.36,20370,10,10,10,0,0,0,0,0,0,1671167,3397631,3483647,1780220.48,200
1790713620,0,20570,0,200.31,200.02,901631,1654783,2635775,3348479,3760127,171648,60391423,1817235.73,1824717.55,20570,10,10,10,0,0,0,0,0,0,1731583,3371007,3452927,1900269.12,200
1790713621,0,20770,0,200.30,199.97,902143,1655807,2637823,3350527,3747839,171648,60391423,1817032.01,1818622.31,20770,10,10,10,0,0,0,0,0,0,1689599,3395583,3491839,1796079.36,200
1790713622,0,20970,0,200.30,200.01,902143,1655807,2637823,3350527,3741695,171648,60391423,1816740.24,1812603.72,20970,10,10,10,0,0,0,0,0,0,1694719,3405823,3489791,1786440.32,200
1790713623,0,21170,0,200.30,200.05,902143,1655807,2637823,3350527,3739647,171648,60391423,1816861.63,1809881.29,21170,10,10,10,0,0,0,0,0,0,1676287,3348479,3444735,1829589.44,200
1790713624,0,21370,0,200.30,200.02,901631,1655807,2637823,3350527,3717119,171648,60391423,1816486.19,1804052.57,21370,10,10,10,0,0,0,0,0,0,1673215,3399679,3448831,1776745.92,200
1790713625,0,21570,0,200.29,200.06,901631,1655807,2637823,3352575,3696639,171648,60391423,1816113.67,1798291.14,21570,10,10,10,0,0,0,0,0,0,1673215,3395583,3438591,1776310.08,200
1790713626,0,21770,0,200.29,199.87,901119,1655807,2637823,3352575,3670015,171648,60391423,1815623.69,1792577.89,21770,10,10,10,0,0,0,0,0,0,1653759,3342335,3438591,1762778.88,200
1790713627,0,21970,0,200.29,200.00,901119,1655807,2637823,3352575,3649535,171648,60391423,1815048.34,1786875.75,21970,10,10,10,0,0,0,0,0,0,1651711,3317759,3432447,1752422.08,200
1790713628,0,22170,0,200.28,200.04,901119,1655807,2639871,3352575,3633151,171648,60391423,1814847.69,1781377.73,22170,10,10,10,0,0,0,0,0,0,1679359,3426303,3467263,1792805.76,200
1790713629,0,22370,0,200.28,200.08,901119,1656831,2639871,3352575,3624959,171648,60391423,1814539.73,1775945.79,22370,10,10,10,0,0,0,0,0,0,1703935,3381247,3428351,1780402.88,200
1790713630,0,22570,0,200.28,200.03,901119,1656831,2639871,3352575,3596287,171648,60391423,1814032.50,1770500.53,22570,10,10,10,0,0,0,0,0,0,1681407,3344383,3422207,1757298.88,200
1790713631,0,22770,0,200.28,199.84,900607,1656831,2639871,3352575,3588095,171648,60391423,1813704.53,1765253.39,22770,10,10,10,0,0,0,0,0,0,1643519,3385343,3448831,1776693.12,200
1790713632,0,22970,0,200.27,200.04,900607,1656831,2639871,3352575,3577855,171648,60391423,1813396.99,1760088.94,22970,10,10,10,0,0,0,0,0,0,1665023,3393535,3450879,1778382.72,200
1790713633,0,23170,0,200.27,200.08,900095,1656831,2639871,3354623,3577855,171648,60391423,1813394.93,1757343.43,23170,10,10,10,0,0,0,0,0,0,1661951,3362815,3448831,1813159.04,200
1790713634,0,23370,0,200.27,200.03,899583,1656831,2639871,3354623,3567615,171648,60391423,1813133.22,1752316.59,23370,10,10,10,0,0,0,0,0,0,1663999,3397631,3463167,1782813.44,200
1790713635,0,23570,0,200.27,199.87,899583,1656831,2639871,3354623,3563519,171648,60391423,1812623.42,1747278.81,23570,10,10,10,0,0,0,0,0,0,1658879,3358719,3448831,1753053.76,200
1790713636,0,23770,0,200.27,200.06,899071,1656831,2639871,3354623,3563519,171648,60391423,1812064.62,1742285.44,23770,10,10,10,0,0,0,0,0,0,1659903,3350527,3424255,1746209.60,200
1790713637,0,23970,0,200.26,199.97,899071,1656831,2639871,3354623,3559423,171648,60391423,1811228.49,1737303.50,23970,10,10,10,0,0,0,0,0,0,1632255,3272703,3420159,1711854.40,200
1790713638,0,24400,0,202.17,430.08,897535,1651711,2639871,3360767,3952639,171648,60391423,1834924.22,1868688.82,24400,10,10,10,0,0,0,0,0,0,1284095,14278655,24313855,3155823.63,430
1790713639,0,24900,0,204.61,500.05,890367,1638399,2627583,3358719,3928063,171392,60391423,1816791.73,1855536.55,24900,10,10,10,0,0,0,0,0,0,918527,1884159,2355199,931926.02,500
1790713640,0,25400,0,207.02,499.99,879103,1620991,2615295,3354623,3911679,171392,60391423,1798585.12,1848274.87,25400,10,10,10,0,0,0,0,0,0,809471,1484799,2996223,891896.32,500
1790713641,0,25900,0,209.39,499.71,868863,1607679,2603007,3352575,3878911,171392,60391423,1779981.55,1836169.58,25900,10,10,10,0,0,0,0,0,0,805375,1476607,1573887,834919.94,500
1790713642,0,26400,0,211.72,500.43,864767,1602559,2590719,3348479,3831807,171392,60391423,1770378.37,1822730.22,26400,10,10,10,0,0,0,0,0,0,1212415,2588671,2752511,1272933.89,500
1790713643,0,26900,0,214.01,499.70,855551,1591295,2576383,3346431,3790847,163200,60391423,1757601.84,1819309.00,26900,10,10,10,0,0,0,0,0,0,946175,2267135,2619391,1083000.83,500
1790713644,0,27400,0,216.27,500.16,841215,1572863,2551807,3342335,3772415,163200,60391423,1740974.57,1807700.23,27400,10,10,10,0,0,0,0,0,0,842239,1470463,1856511,846427.52,500
1790713645,0,27900,0,218.49,499.99,827391,1556479,2531327,3346431,4188159,163200,60391423,1741047.57,1830988.67,27900,10,10,10,0,0,0,0,0,0,887807,10076159,12632063,1745047.68,500
1790713646,0,28400,0,220.68,500.09,825343,1551359,2504703,3342335,4116479,163200,60391423,1735567.88,1818233.33,28400,10,10,10,0,0,0,0,0,0,1367039,2715647,2914303,1429801.22,500
1790713647,0,28900,0,222.84,500.00,821759,1544191,2467839,3342335,4157439,163200,60391423,1730096.67,1814118.90,28900,10,10,10,0,0,0,0,0,0,1300479,2623487,4411391,1419332.22,500
1790713648,0,29400,0,224.96,499.83,804351,1516543,2428927,3338239,4061183,163200,60391423,1716439.42,1802832.78,29400,10,10,10,0,0,0,0,0,0,911359,1819647,2369535,927050.24,500
1790713649,0,29900,0,227.04,499.80,785919,1475583,2404351,3336191,4001791,163200,60391423,1701542.12,1792123.31,29900,10,10,10,0,0,0,0,0,0,818175,1482751,1618943,825580.93,500
1790713650,0,30400,0,229.10,500.49,770047,1433599,2385919,3332095,3977215,163200,60391423,1688619.06,1796659.12,30400,10,10,10,0,0,0,0,0,0,792063,1440767,1566719,915819.90,500
1790713651,0,30900,0,231.13,499.96,769023,1429503,2379775,3330047,3950591,163200,60391423,1683828.99,1785166.89,30900,10,10,10,0,0,0,0,0,0,1348607,2672639,2873343,1392592.90,500
1790713652,0,31400,0,233.12,499.78,761855,1414143,2369535,3325951,3926015,163200,60391423,1675837.33,1774055.32,31400,10,10,10,0,0,0,0,0,0,1140735,2455551,2703359,1181952.77,500
1790713653,0,31900,0,235.09,500.03,749567,1386495,2359295,3323903,3907583,155008,60391423,1666260.15,1776806.80,31900,10,10,10,0,0,0,0,0,0,929279,2056191,2449407,1064813.06,500
1790713654,0,32400,0,237.03,500.15,734719,1356799,2349055,3321855,3878911,155008,60391423,1653422.33,1766786.71,32400,10,10,10,0,0,0,0,0,0,818175,1506303,1614847,834369.92,500
1790713655,0,32900,0,238.94,499.68,727039,1342463,2342911,3317759,3823615,155008,60391423,1644088.14,1756440.31,32900,10,10,10,0,0,0,0,0,0,1000959,2217983,2609151,1039232.38,500
1790713656,0,33400,0,240.82,499.97,724479,1338367,2336767,3315711,3784703,155008,60391423,1637872.77,1746061.14,33400,10,10,10,0,0,0,0,0,0,1182719,2498559,2723839,1228901.25,500
1790713657,0,33900,0,242.68,500.37,714751,1327103,2330623,3311615,3772415,155008,60391423,1629279.66,1742600.31,33900,10,10,10,0,0,0,0,0,0,901631,2328575,2699263,1055259.90,500
1790713658,0,34400,0,244.50,499.61,702463,1316863,2322431,3309567,3760127,155008,60391423,1617745.91,1733220.79,34400,10,10,10,0,0,0,0,0,0,827391,1478655,1567743,835757.57,500
1790713659,0,34900,0,246.31,500.04,689663,1308671,2312191,3305471,3741695,155008,60391423,1606648.64,1723944.11,34900,10,10,10,0,0,0,0,0,0,848383,1487871,1574911,843156.86,500
1790713660,0,35400,0,248.09,500.08,682495,1302527,2308095,3303423,3717119,155008,60391423,1600475.44,1719221.98,35400,10,10,10,0,0,0,0,0,0,1013247,2521087,2879487,1169585.66,500
1790713661,0,35900,0,249.84,500.05,682495,1301503,2303999,3299327,3672063,155008,60391423,1596384.83,1709864.88,35900,10,10,10,0,0,0,0,0,0,1228799,2662399,2897919,1306769.79,500
1790713662,0,36400,0,251.57,500.03,675327,1296383,2295807,3295231,3633151,155008,60391423,1588121.51,1700867.91,36400,10,10,10,0,0,0,0,0,0,953855,2170879,2623487,994814.85,500
1790713663,0,36900,0,253.27,500.13,668159,1290239,2287615,3291135,3620863,155008,60391423,1579546.32,1701908.37,36900,10,10,10,0,0,0,0,0,0,859135,1546239,1983487,955272.58,500
1790713664,0,37400,0,254.96,499.87,660479,1285119,2277375,3289087,3588095,155008,60391423,1569873.92,1693249.79,37400,10,10,10,0,0,0,0,0,0,845823,1517567,1566719,856051.20,500
1790713665,0,37900,0,256.61,499.74,654335,1279999,2267135,3284991,3567615,155008,60391423,1560696.03,1684753.55,37900,10,10,10,0,0,0,0,0,0,851455,1550335,2164735,874189.82,500
1790713666,0,38400,0,258.25,500.34,653823,1278975,2258943,3282943,3559423,155008,60391423,1556168.98,1676276.44,38400,10,10,10,0,0,0,0,0,0,1122303,2600959,2908159,1213018.62,500
1790713667,0,38900,0,259.87,499.66,656383,1281023,2256895,3278847,3559423,155008,60391423,1556925.74,1680643.81,38900,10,10,10,0,0,0,0,0,0,1515519,2699263,2971647,1615044.74,500
1790713668,0,39400,0,261.46,500.16,654335,1277951,2250751,3278847,3620863,155008,60391423,1557312.73,1705535.95,39400,10,10,10,0,0,0,0,0,0,1036287,3268607,22298623,1587420.93,500
1790713669,0,39900,0,263.03,500.27,654335,1277951,2244607,3276799,3588095,155008,60391423,1554053.26,1697006.46,39900,10,10,10,0,0,0,0,0,0,1250303,2570239,2746367,1297206.91,500
1790713670,0,40400,0,264.58,499.83,653311,1275903,2238463,3272703,3577855,155008,60391423,1549980.94,1693263.08,40400,10,10,10,0,0,0,0,0,0,1072127,2570239,2797567,1225009.79,500
1790713671,0,40900,0,266.12,500.11,650751,1273855,2230271,3268607,3563519,155008,60391423,1544641.42,1685222.81,40900,10,10,10,0,0,0,0,0,0,1030655,2473983,2775039,1113208.19,500
1790713672,0,41400,0,267.63,500.08,648703,1270783,2217983,3266559,3553279,155008,60391423,1538427.53,1677320.64,41400,10,10,10,0,0,0,0,0,0,982527,2316287,2707455,1030131.07,500
1790713673,0,41900,0,269.12,499.64,646655,1268735,2201599,3262463,3549183,155008,60391423,1533349.77,1677418.64,41900,10,10,10,0,0,0,0,0,0,978431,2240511,3002367,1112911.23,500
1790713674,0,42400,0,270.59,500.26,645119,1265663,2183167,3260415,3540991,155008,60391423,1527476.86,1669721.68,42400,10,10,10,0,0,0,0,0,0,955903,2299903,2775039,1035327.36,500
1790713675,0,42900,0,272.05,500.04,642559,1262591,2164735,3256319,3532799,155008,60391423,1522250.86,1662143.79,42900,10,10,10,0,0,0,0,0,0,1000447,2398207,2822143,1079085.57,500
1790713676,0,43400,0,273.48,499.63,641023,1260543,2148351,3252223,3530751,155008,60391423,1517040.10,1654690.56,43400,10,10,10,0,0,0,0,0,0,1000447,2396159,2797567,1069957.25,500
1790713677,0,43900,0,274.90,500.12,639487,1258495,2131967,3248127,3526655,155008,60391423,1512865.78,1654256.59,43900,10,10,10,0,0,0,0,0,0,1007615,2420735,2815999,1150534.78,500
1790713678,0,44400,0,276.30,500.10,637951,1255423,2111487,3244031,3524607,155008,60391423,1507396.07,1647029.43,44400,10,10,10,0,0,0,0,0,0,941055,2334719,2734079,1027155.84,500
1790713679,0,44900,0,277.69,500.12,636415,1252351,2095103,3239935,3520511,155008,60391423,1502431.67,1639887.33,44900,10,10,10,0,0,0,0,0,0,983551,2383871,2711551,1061592.83,500
1790713680,0,45400,0,279.05,500.02,634879,1249279,2080767,3233791,3518463,155008,60391423,1498273.58,1644674.81,45400,10,10,10,0,0,0,0,0,0,935423,2371583,2764799,1124876.93,500
1790713681,0,45900,0,280.40,499.60,633343,1246207,2063359,3229695,3516415,155008,60391423,1492783.45,1637667.21,45900,10,10,10,0,0,0,0,0,0,933375,2195455,2609151,994279.55,500
1790713682,0,46400,0,281.74,500.18,631807,1243135,2052095,3225599,3512319,155008,60391423,1487825.03,1630726.77,46400,10,10,10,0,0,0,0,0,0,955391,2281471,2598911,1032642.30,500
1790713683,0,46900,0,283.05,500.08,630783,1240063,2039807,3219455,3510271,155008,60391423,1484117.90,1633764.67,46900,10,10,10,0,0,0,0,0,0,945663,2449407,2818047,1140095.87,500
1790713684,0,47400,0,284.36,500.05,629759,1235967,2028543,3215359,3506175,152192,60391423,1478623.68,1626947.96,47400,10,10,10,0,0,0,0,0,0,919039,2030591,2476031,963266.18,500
1790713685,0,47900,0,285.64,500.10,628735,1232895,2020351,3209215,3504127,152192,60391423,1473219.44,1620309.71,47900,10,10,10,0,0,0,0,0,0,894975,2172927,2559999,960897.41,500
1790713686,0,48400,0,286.91,499.62,628223,1230847,2016255,3203071,3500031,152192,60391423,1469751.17,1613747.63,48400,10,10,10,0,0,0,0,0,0,1074175,2463743,2770943,1137490.94,500
1790713687,0,48900,0,288.17,500.46,627199,1227775,2011135,3192831,3497983,152192,60391423,1465768.11,1612216.89,48900,10,10,10,0,0,0,0,0,0,931839,2291711,2824191,1080208.00,500
1790713688,0,49400,0,289.41,499.58,625663,1224703,2004991,3182591,3493887,152192,60391423,1460912.13,1605849.04,49400,10,10,10,0,0,0,0,0,0,934399,2195455,2748415,985996.93,500
1790713689,0,49900,0,290.64,500.20,624127,1220607,1998847,3172351,3491839,152192,60391423,1455768.86,1599596.73,49900,10,10,10,0,0,0,0,0,0,875007,2121727,2705407,947614.21,500
1790713690,0,50400,0,291.85,500.17,623103,1218559,1994751,3166207,3491839,152192,60391423,1452125.31,1597332.29,50400,10,10,10,0,0,0,0,0,0,968703,2301951,2772991,1088498.30,500
1790713691,0,50900,0,293.05,499.57,622591,1215487,1990655,3158015,3487743,152192,60391423,1447996.64,1591119.38,50900,10,10,10,0,0,0,0,0,0,975359,2242559,2639871,1031827.20,500
1790713692,0,51400,0,294.23,500.07,622079,1212415,1987583,3151871,3485695,152192,60391423,1444607.15,1585128.87,51400,10,10,10,0,0,0,0,0,0,1022463,2496511,2818047,1099556.99,500
1790713693,0,51900,0,295.40,500.07,621055,1209343,1982463,3143679,3485695,152192,60391423,1440868.98,1588270.77,51900,10,10,10,0,0,0,0,0,0,892415,2240511,2713599,1056584.70,500
1790713694,0,52400,0,296.56,499.89,620031,1206271,1978367,3133439,3483647,152192,60391423,1436957.00,1582361.45,52400,10,10,10,0,0,0,0,0,0,951807,2379775,2693119,1030894.21,500
1790713695,0,52900,0,297.70,499.97,619519,1205247,1976319,3127295,3481599,152192,60391423,1434144.34,1576531.66,52900,10,10,10,0,0,0,0,0,0,1057791,2496511,2762751,1139377.66,500
1790713696,0,53400,0,298.84,500.09,619007,1203199,1972223,3123199,3479551,152192,60391423,1430760.05,1570790.50,53400,10,10,10,0,0,0,0,0,0,1003007,2437119,2756607,1072702.08,500
1790713697,0,53900,0,299.96,500.15,617471,1200127,1967103,3117055,3479551,152192,60391423,1427936.74,1575633.04,53900,10,10,10,0,0,0,0,0,0,892415,2320383,2877439,1126407.17,500
1790713698,0,54210,0,300.01,309.99,617471,1200127,1968127,3123199,3487743,152192,60391423,1429042.49,1575453.39,54210,10,10,10,0,0,0,0,0,0,1179647,6062079,6856703,1621300.23,310
1790713699,0,54410,0,299.46,200.02,617983,1202175,1970175,3125247,3487743,152192,60391423,1430301.67,1573849.74,54410,10,10,10,0,0,0,0,0,0,1658879,3379199,3411967,1771600.64,200
1790713700,0,54610,0,298.92,200.00,617983,1203199,1972223,3125247,3487743,152192,60391423,1431517.69,1572231.03,54610,10,10,10,0,0,0,0,0,0,1718271,3313663,3493887,1762335.68,200
1790713701,0,54810,0,298.38,200.04,618495,1204223,1974271,3127295,3487743,152192,60391423,1432805.17,1570673.27,54810,10,10,10,0,0,0,0,0,0,1690623,3368959,3450879,1784353.28,200
1790713702,0,55010,0,297.85,200.00,619007,1205247,1975295,3131391,3487743,152192,60391423,1434049.58,1569105.93,55010,10,10,10,0,0,0,0,0,0,1665023,3309567,3502079,1775078.40,200
1790713703,0,55210,0,297.32,199.88,619519,1206271,1977343,3137535,3487743,152192,60391423,1435490.38,1568181.56,55210,10,10,10,0,0,0,0,0,0,1733631,3231743,3651583,1831784.64,200
1790713704,0,55410,0,296.80,199.99,620031,1207295,1979391,3139583,3489791,152192,60391423,1436895.40,1566667.54,55410,10,10,10,0,0,0,0,0,0,1719295,3416063,3495935,1824751.36,200
1790713705,0,55610,0,296.28,200.03,620543,1208319,1981439,3143679,3489791,152192,60391423,1438162.87,1565155.24,55610,10,10,10,0,0,0,0,0,0,1710079,3389439,3489791,1789313.28,200
1790713706,0,55810,0,295.77,200.02,620543,1209343,1983487,3145727,3489791,152192,60391423,1439361.92,1563619.25,55810,10,10,10,0,0,0,0,0,0,1678335,3360767,3467263,1772759.04,200
1790713707,0,56010,0,295.27,200.07,621055,1210367,1984511,3147775,3487743,152192,60391423,1440506.18,1562060.58,56010,10,10,10,0,0,0,0,0,0,1668095,3362815,3434495,1759812.16,200
1790713708,0,56210,0,294.77,199.99,621055,1211391,1986559,3149823,3487743,152192,60391423,1441647.49,1560513.67,56210,10,10,10,0,0,0,0,0,0,1657855,3336191,3403775,1761269.76,200
1790713709,0,56410,0,294.27,200.03,621567,1212415,1987583,3153919,3487743,152192,60391423,1442819.62,1559005.88,56410,10,10,10,0,0,0,0,0,0,1720319,3393535,3436543,1772248.00,200
1790713710,0,56610,0,293.78,199.84,621567,1214463,1989631,3155967,3487743,152192,60391423,1444465.51,1562271.45,56610,10,10,10,0,0,0,0,0,0,1719295,3323903,3436543,1908688.64,200
1790713711,0,56810,0,293.30,200.01,622079,1215487,1991679,3155967,3487743,152192,60391423,1445643.96,1560771.70,56810,10,10,10,0,0,0,0,0,0,1689599,3342335,3438591,1779204.80,200
1790713712,0,57010,0,292.82,200.10,622079,1216511,1992703,3160063,3487743,152192,60391423,1446733.06,1559237.70,57010,10,10,10,0,0,0,0,0,0,1688575,3346431,3416063,1756091.20,200
1790713713,0,57210,0,292.35,200.00,622591,1217535,1994751,3162111,3487743,152192,60391423,1448103.45,1559640.06,57210,10,10,10,0,0,0,0,0,0,1690623,3291135,3452927,1838733.44,200
1790713714,0,57410,0,291.88,200.06,622591,1218559,1995775,3162111,3487743,152192,60391423,1449114.98,1558079.37,57410,10,10,10,0,0,0,0,0,0,1736703,3327999,3495935,1738463.04,200
1790713715,0,57610,0,291.41,199.83,622591,1219583,1997823,3164159,3487743,152192,60391423,1450221.11,1556587.72,57610,10,10,10,0,0,0,0,0,0,1730559,3360767,3450879,1767736.96,200
1790713716,0,57810,0,290.95,200.01,623103,1220607,1999871,3166207,3485695,152192,60391423,1451289.94,1555075.83,57810,10,10,10,0,0,0,0,0,0,1669119,3282943,3463167,1759163.84,200
1790713717,0,58010,0,290.50,200.06,623615,1221631,2000895,3168255,3485695,152192,60391423,1452273.90,1553536.15,58010,10,10,10,0,0,0,0,0,0,1618943,3272703,3379199,1736689.92,200
1790713718,0,58210,0,290.05,200.05,624127,1222655,2002943,3170303,3485695,152192,60391423,1453393.67,1552039.49,58210,10,10,10,0,0,0,0,0,0,1681407,3303423,3385343,1778181.44,200
1790713719,0,58410,0,289.60,199.89,624639,1223679,2003967,3172351,3485695,152192,60391423,1454553.93,1550546.79,58410,10,10,10,0,0,0,0,0,0,1661951,3346431,3385343,1792247.04,200
1790713720,0,58610,0,289.16,200.01,625151,1224703,2007039,3172351,3483647,152192,60391423,1455665.65,1549046.19,58610,10,10,10,0,0,0,0,0,0,1684479,3373055,3409919,1780344.00,200
1790713721,0,58810,0,288.72,200.02,625663,1225727,2008063,3176447,3485695,152192,60391423,1456952.43,1547748.79,58810,10,10,10,0,0,0,0,0,0,1767423,3360767,4194303,1834044.16,200
1790713722,0,59010,0,288.29,200.06,626175,1226751,2010111,3180543,3485695,152192,60391423,1458384.51,1546591.19,59010,10,10,10,0,0,0,0,0,0,1871871,3405823,4665343,1879486.72,200
1790713723,0,59210,0,287.86,200.03,626687,1228799,2012159,3182591,3485695,152192,60391423,1459770.45,1546299.21,59210,10,10,10,0,0,0,0,0,0,1780735,3364863,3454975,1868693.76,200
1790713724,0,59410,0,287.43,199.99,627199,1229823,2015231,3182591,3485695,152192,60391423,1460935.50,1544873.56,59410,10,10,10,0,0,0,0,0,0,1727487,3366911,3473407,1805847.04,200
1790713725,0,59610,0,287.01,199.91,627711,1230847,2017279,3186687,3485695,152192,60391423,1462125.77,1543465.04,59610,10,10,10,0,0,0,0,0,0,1712127,3387391,3440639,1815695.36,200
1790713726,0,59810,0,286.59,200.05,628223,1231871,2018303,3186687,3485695,152192,60391423,1463257.11,1542031.10,59810,10,10,10,0,0,0,0,0,0,1712127,3338239,3428351,1800452.80,200
1790713727,0,60010,0,286.18,200.01,628735,1232895,2021375,3188735,3485695,152192,60391423,1464353.21,1540607.16,60010,10,10,10,0,0,0,0,0,0,1723391,3358719,3612671,1792144.00,200
1790713728,0,60210,0,285.77,200.07,629247,1233919,2024447,3192831,3485695,152192,60391423,1465593.53,1539301.06,60210,10,10,10,0,0,0,0,0,0,1847295,3409919,3676159,1837751.04,200
1790713729,0,60410,0,285.37,199.87,629759,1234943,2026495,3194879,3485695,152192,60391423,1466833.63,1537963.04,60410,10,10,10,0,0,0,0,0,0,1736703,3426303,3471359,1840163.84,200
1790713730,0,60610,0,284.97,199.99,629759,1235967,2029567,3194879,3485695,152192,60391423,1467877.61,1536526.36,60610,10,10,10,0,0,0,0,0,0,1713151,3325951,3444735,1783212.80,200
1790713731,0,60810,0,284.57,200.02,630271,1236991,2031615,3194879,3485695,152192,60391423,1468887.25,1535090.66,60810,10,10,10,0,0,0,0,0,0,1711103,3387391,3450879,1774859.52,200
1790713732,0,61010,0,284.17,200.02,630271,1238015,2034687,3194879,3483647,152192,60391423,1469909.86,1533662.00,61010,10,10,10,0,0,0,0,0,0,1800191,3311615,3444735,1780834.56,200
1790713733,0,61210,0,283.78,200.06,630783,1239039,2037759,3198975,3483647,152192,60391423,1471220.95,1532907.99,61210,10,10,10,0,0,0,0,0,0,1804287,3360767,3469311,1871169.28,200
1790713734,0,61410,0,283.40,200.04,631295,1240063,2039807,3198975,3483647,152192,60391423,1472247.55,1531496.25,61410,10,10,10,0,0,0,0,0,0,1698815,3332095,3446783,1786435.84,200
1790713735,0,61610,0,283.01,199.87,631807,1241087,2043903,3203071,3483647,152192,60391423,1473356.33,1530150.14,61610,10,10,10,0,0,0,0,0,0,1717247,3405823,3446783,1813808.64,200
1790713736,0,61810,0,282.63,200.03,632319,1241087,2047999,3203071,3483647,152192,60391423,1474448.82,1528867.77,61810,10,10,10,0,0,0,0,0,0,1816575,3379199,3921919,1810990.40,200
1790713737,0,62010,0,282.26,200.08,632319,1242111,2051071,3203071,3483647,152192,60391423,1475338.52,1527437.35,62010,10,10,10,0,0,0,0,0,0,1700863,3203071,3438591,1750301.44,200
1790713738,0,62210,0,281.89,199.87,632831,1243135,2054143,3205119,3483647,152192,60391423,1476380.50,1526090.15,62210,10,10,10,0,0,0,0,0,0,1709055,3383295,3452927,1799445.76,200
1790713739,0,62410,0,281.52,199.99,633343,1244159,2056191,3207167,3481599,152192,60391423,1477460.80,1524791.26,62410,10,10,10,0,0,0,0,0,0,1712127,3375103,3454975,1813486.08,200
1790713740,0,62610,0,281.15,200.02,633855,1245183,2059263,3209215,3481599,152192,60391423,1478909.21,1527650.79,62610,10,10,10,0,0,0,0,0,0,1856511,3356671,3409919,1930886.08,200
1790713741,0,62810,0,280.79,200.06,633855,1246207,2063359,3209215,3483647,152192,60391423,1479939.69,1526377.30,62810,10,10,10,0,0,0,0,0,0,1830911,3383295,3522559,1802533.12,200
1790713742,0,63010,0,280.43,199.92,634367,1247231,2066431,3211263,3483647,152192,60391423,1481004.07,1525131.72,63010,10,10,10,0,0,0,0,0,0,1807359,3401727,3508223,1815270.40,200
1790713743,0,63210,0,280.07,199.98,634879,1247231,2071551,3211263,3483647,152192,60391423,1482275.53,1525667.76,63210,10,10,10,0,0,0,0,0,0,1797119,3342335,4184063,1882851.84,200
1790713744,0,63410,0,279.72,200.11,635391,1248255,2074623,3213311,3485695,152192,60391423,1483497.37,1524552.19,63410,10,10,10,0,0,0,0,0,0,1857535,3426303,4399103,1869658.24,200
1790713745,0,63610,0,279.37,199.94,635903,1249279,2078719,3213311,3485695,152192,60391423,1484359.36,1523280.23,63610,10,10,10,0,0,0,0,0,0,1648639,3356671,4534271,1757653.12,200
1790713746,0,63810,0,279.02,200.00,636415,1250303,2082815,3215359,3487743,152192,60391423,1485453.65,1522041.84,63810,10,10,10,0,0,0,0,0,0,1734655,3448831,3516415,1833493.76,200
1790713747,0,64010,0,278.68,200.05,636415,1250303,2086911,3215359,3487743,152192,60391423,1486419.61,1520726.67,64010,10,10,10,0,0,0,0,0,0,1766399,3289087,3475455,1794607.36,200
1790713748,0,64210,0,278.34,200.05,636927,1251327,2089983,3217407,3487743,152192,60391423,1487382.89,1519424.10,64210,10,10,10,0,0,0,0,0,0,1758207,3377151,3442687,1795681.28,200
1790713749,0,64410,0,278.00,200.02,637439,1252351,2094079,3217407,3485695,152192,60391423,1488447.46,1518186.35,64410,10,10,10,0,0,0,0,0,0,1703935,3399679,3434495,1830227.20,200
1790713750,0,64610,0,277.66,200.03,637951,1253375,2099199,3217407,3485695,152192,60391423,1489458.68,1516914.76,64610,10,10,10,0,0,0,0,0,0,1740799,3379199,3444735,1815122.88,200
1790713751,0,64810,0,277.33,199.83,638463,1254399,2105343,3219455,3485695,152192,60391423,1490525.40,1515689.06,64810,10,10,10,0,0,0,0,0,0,1783807,3422207,3469311,1835129.60,200
1790713752,0,65010,0,277.00,200.02,638463,1255423,2109439,3219455,3485695,152192,60391423,1491516.58,1514432.30,65010,10,10,10,0,0,0,0,0,0,1782783,3373055,3463167,1812707.52,200
1790713753,0,65210,0,276.67,200.07,638975,1255423,2113535,3219455,3485695,152192,60391423,1492676.95,1514386.45,65210,10,10,10,0,0,0,0,0,0,1817599,3364863,3448831,1869855.04,200
1790713754,0,65410,0,276.35,200.07,639487,1256447,2119679,3223551,3485695,152192,60391423,1493799.22,1513210.20,65410,10,10,10,0,0,0,0,0,0,1975295,3383295,3479551,1859715.20,200
1790713755,0,65610,0,276.03,199.83,639999,1257471,2123775,3223551,3485695,152192,60391423,1494859.88,1512064.44,65610,10,10,10,0,0,0,0,0,0,1737727,3471359,3491839,1841750.72,200
1790713756,0,65810,0,275.71,200.10,640511,1258495,2129919,3225599,3487743,152192,60391423,1497336.02,1517165.30,65810,10,10,10,0,0,0,0,0,0,1871871,3715071,13484031,2309632.32,200
1790713757,0,66010,0,275.39,199.99,640511,1258495,2131967,3227647,3487743,152192,60391423,1497987.19,1515886.13,66010,10,10,10,0,0,0,0,0,0,1652735,3252223,3467263,1712254.72,200
1790713758,0,66590,0,276.66,579.89,645631,1264639,2179071,3287039,10002431,152192,293339135,2417847.71,12816315.32,66590,10,10,10,0,0,0,0,0,0,81788927,274726911,292552703,107107490.76,580
1790713759,0,67140,0,277.79,550.15,650751,1270783,2222079,3340287,148242431,152192,567803903,5148379.30,34878904.08,67140,10,10,10,0,0,0,0,0,0,335020031,549453823,566755327,335741285.47,550
1790713760,0,67690,0,278.91,549.68,656895,1276927,2248703,3381247,412614655,152192,824705023,9934806.80,64432152.29,67690,10,10,10,0,0,0,0,0,0,595066879,806879231,823656447,594227065.95,550
1790713761,0,68790,0,282.28,1100.92,672767,1288191,2295807,3475455,946864127,152192,1366294527,25872490.89,142383124.69,68790,10,10,10,0,0,0,0,0,0,1006108671,1324351487,1357905919,1006619614.49,1100
1790713762,0,69340,0,283.38,549.68,681983,1294335,2314239,7995391,1200619519,152192,1620049919,36683232.91,186753527.26,69340,10,10,10,0,0,0,0,0,0,1388314623,1603272703,1619001343,1388812220.97,550
1790713763,0,69890,0,284.46,550.31,692223,1300479,2332671,114622463,1456472063,152192,1872756735,49324580.68,234289307.20,69890,10,10,10,0,0,0,0,0,0,1643118591,1854930943,1872756735,1643053770.94,550
1790713764,0,70440,0,285.54,549.59,700927,1308671,2349055,370409471,1702887423,152192,2123366399,63701716.19,284382937.93,70440,10,10,10,0,0,0,0,0,0,1890582527,2105540607,2122317823,1890643536.06,550
1790713765,0,71540,0,288.83,1100.62,718335,1323007,2396159,878182399,2185232383,152192,2613051391,97407076.89,391034302.31,71540,10,10,10,0,0,0,0,0,0,2254438399,2571108351,2606759935,2255775811.03,1100
1790713766,0,72090,0,289.88,549.76,724479,1332223,2435071,1109393407,2434793471,152192,2862612479,116726823.58,447695034.79,72090,10,10,10,0,0,0,0,0,0,2629828607,2843738111,2860515327,2629698965.88,550
1790713767,0,72640,0,290.92,550.32,731135,1342463,2492415,1354760191,2682257407,152192,3118465023,137694912.97,506635639.25,72640,10,10,10,0,0,0,0,0,0,2887778303,3099590655,3118465023,2886039574.34,550
1790713768,0,73190,0,291.95,549.59,737791,1352703,2543615,1601175551,2929721343,152192,3361734655,160178510.56,567144857.57,73190,10,10,10,0,0,0,0,0,0,3131047935,3342860287,3361734655,3129648563.67,550
1790713769,0,74290,0,295.16,1100.58,752127,1378303,2609151,2069889023,3437232127,152192,3886022655,209882651.04,694135773.20,74290,10,10,10,0,0,0,0,0,0,3514826751,3844079615,3877634047,3517015416.09,1100
1790713770,0,74840,0,296.17,550.09,759295,1392639,2637823,2302672895,3724541951,152192,4194303999,237479621.31,762421141.48,74840,10,10,10,0,0,0,0,0,0,3965714431,4177526783,4194303999,3965077660.39,550
1790713771,0,75390,0,297.17,549.78,765439,1405951,2660351,2543845375,4026531839,152192,4504682495,266913924.08,833706700.61,75390,10,10,10,0,0,0,0,0,0,4271898623,4483710975,4504682495,4272119778.21,550
1790713772,0,75940,0,298.16,550.06,770559,1419263,2682879,2782920703,4332716031,152192,4815060991,298179026.03,907829047.85,75940,10,10,10,0,0,0,0,0,0,4584374271,4798283775,4815060991,4583771817.43,550
1790713773,0,76490,0,299.15,549.89,775679,1435647,2703359,3019898879,4622123007,152192,5066719231,330823187.08,982594281.02,76490,10,10,10,0,0,0,0,0,0,4840226815,5049942015,5066719231,4838091533.96,550
1790713774,0,77590,0,302.27,1100.27,786943,1462271,2756607,3506438143,5171576831,152192,5628755967,400788176.22,1136959986.12,77590,10,10,10,0,0,0,0,0,0,5268045823,5582618623,5616173055,5265899102.95,1100
1790713775,0,78140,0,303.23,550.14,793599,1476607,2797567,3787456511,5427429375,152192,5897191423,437854012.48,1215534365.86,78140,10,10,10,0,0,0,0,0,0,5670699007,5880414207,5897191423,5666832622.31,550
1790713776,0,78690,0,304.18,549.57,800767,1489919,2861055,4085252095,5704253439,152192,6194987007,476472156.85,1295841165.97,78690,10,10,10,0,0,0,0,0,0,5964300287,6178209791,6194987007,5963057248.81,550
1790713777,0,79240,0,305.13,550.04,807935,1505279,2912255,4383047679,5989466111,152192,6496976895,516646279.41,1377892134.63,79240,10,10,10,0,0,0,0,0,0,6266290175,6476005375,6492782591,6264467560.26,550
1790713778,0,79790,0,306.07,550.32,815103,1520639,2953215,4655677439,6291455999,152192,6790578175,558311559.68,1461414824.57,79790,10,10,10,0,0,0,0,0,0,6564085759,6773800959,6790578175,6561142121.19,550
1790713779,0,80890,0,309.10,1100.30,829439,1547263,3014655,5184159743,6878658559,152192,7352614911,645757481.52,1631514662.39,80890,10,10,10,0,0,0,0,0,0,6987710463,7310671871,7344226303,6988766666.01,1100
1790713780,0,81440,0,310.02,549.75,835583,1559551,3041279,5435817983,7130316799,152192,7600078847,691141801.70,1716659170.64,81440,10,10,10,0,0,0,0,0,0,7369392127,7579107327,7600078847,7365937546.71,550
1790713781,0,81990,0,310.93,549.78,842239,1569791,3067903,5691670527,7377780735,152192,7847542783,737566461.13,1801779234.92,81990,10,10,10,0,0,0,0,0,0,7612661759,7826571263,7843348479,7611792395.17,550
1790713782,0,82540,0,311.83,550.40,848383,1580031,3100671,5964300287,7612661759,152192,8099201023,785057057.56,1887090369.13,82540,10,10,10,0,0,0,0,0,0,7868514303,8078229503,8099201023,7864609788.28,550
1790713783,0,83640,0,314.80,1099.43,857599,1601535,3221503,6513754111,8099201023,152192,8598323199,883049397.96,2057979099.81,83640,10,10,10,0,0,0,0,0,0,8237613055,8556380159,8589934591,8236038285.50,1100
1790713784,0,84190,0,315.68,549.99,861695,1610751,3274751,6790578175,8350859263,152192,8858370047,933600129.20,2143905459.54,84190,10,10,10,0,0,0,0,0,0,8623489023,8833204223,8858370047,8620987693.61,550
1790713785,0,84740,0,316.56,550.27,866303,1620991,3319807,7059013631,8606711807,152192,9118416895,985210005.99,2230322861.53,84740,10,10,10,0,0,0,0,0,0,8891924479,9101639679,9118416895,8885274601.66,550
1790713786,0,85290,0,317.43,549.70,870399,1631231,3354623,7302283263,8866758655,152192,9378463743,1037808574.57,2317032850.80,85290,10,10,10,0,0,0,0,0,0,9143582719,9361686527,9378463743,9141813486.31,550
1790713787,0,85840,0,318.29,550.39,874495,1641471,3387391,7537164287,9118416895,152192,9663676415,1091598761.16,2404795520.56,85840,10,10,10,0,0,0,0,0,0,9437183999,9646899199,9663676415,9432989696.00,550
1790713788,0,86940,0,321.18,1099.83,881663,1662975,3454975,8011120639,9705619455,152192,10267656191,1202839713.23,2583806101.00,86940,10,10,10,0,0,0,0,0,0,9881780223,10225713151,10259267583,9883679099.81,1100
1790713789,0,87490,0,322.02,550.08,885759,1678335,3792895,8250195967,9990832127,152192,10561257471,1260203417.77,2674762571.07,87490,10,10,10,0,0,0,0,0,0,10334765055,10544480255,10561257471,10327840641.40,550
1790713790,0,88040,0,322.86,549.97,889343,1700863,16211967,8497659903,10284433407,152192,10854858751,1318698391.93,2766598178.16,88040,10,10,10,0,0,0,0,0,0,10628366335,10838081535,10854858751,10623653463.51,550
1790713791,0,88590,0,323.68,549.92,892927,1729535,138674175,8740929535,10578034687,152192,11148460031,1378264269.22,2859128400.25,88590,10,10,10,0,0,0,0,0,0,10913579007,11131682815,11148460031,10913136699.58,550
1790713792,0,89140,0,324.51,549.70,895999,1773567,326369279,8992587775,10854858751,152192,11400118271,1438669112.10,2951610224.34,89140,10,10,10,0,0,0,0,0,0,11173625855,11383341055,11400118271,11168241894.87,550
1790713793,0,90240,0,327.32,1100.84,902655,1844223,731381759,9537847295,11383341055,152192,11911823359,1561928384.73,3136460954.74,90240,10,10,10,0,0,0,0,0,0,11551113215,11869880319,11903434751,11550411623.33,1100
1790713794,0,90790,0,328.13,549.58,905727,1868799,945815551,9831448575,11634999295,152192,12171870207,1624759880.49,3228874336.32,90790,10,10,10,0,0,0,0,0,0,11936989183,12146704383,12171870207,11933694748.86,550
1790713795,0,91340,0,328.93,550.09,908799,1887231,1126170623,10116661247,11886657535,152192,12431917055,1688445656.17,3321516763.71,91340,10,10,10,0,0,0,0,0,0,12205424639,12415139839,12431917055,12201230336.00,550
1790713796,0,91890,0,329.72,550.11,911871,1906687,1315962879,10401873919,12146704383,152192,12700352511,1752949101.61,3414312445.74,91890,10,10,10,0,0,0,0,0,0,12465471487,12683575295,12700352511,12465212203.75,550
1790713797,0,92990,0,332.47,1099.53,917503,1936383,1703935999,10938744831,12666798079,152192,13220446207,1884182094.62,3599825854.39,92990,10,10,10,0,0,0,0,0,0,12851347455,13178503167,13212057599,12846909119.77,1100
1790713798,0,93540,0,333.25,550.01,920575,1949695,1881145343,11173625855,12918456319,152192,13472104447,1950922142.82,3692661438.31,93540,10,10,10,0,0,0,0,0,0,13237223423,13455327231,13472104447,13234844109.73,550
1790713799,0,94090,0,334.02,550.20,923135,1960959,2063597567,11408506879,13178503167,152192,13723762687,2018390977.56,3785541377.22,94090,10,10,10,0,0,0,0,0,0,13497270271,13706985471,13723762687,13492999707.93,550
1790713800,0,94640,0,334.78,550.15,925695,1973247,2250244095,11643387903,13438550015,152192,13983809535,2086554088.11,3878400255.83,94640,10,10,10,0,0,0,0,0,0,13748928511,13967032319,13983809535,13747403310.55,550
1790713801,0,95740,0,337.48,1099.59,931839,1993727,2621439999,12146704383,13933477887,152192,14453571583,2224578294.33,4063074320.12,95740,10,10,10,0,0,0,0,0,0,14101250047,14403239935,14445182975,14099679090.50,1100
1790713802,0,96290,0,338.23,550.19,934399,2003967,2810183679,12389974015,14159970303,152192,14680063999,2294396296.36,4154865685.56,96290,10,10,10,0,0,0,0,0,0,14453571583,14663286783,14680063999,14447806322.50,550
1790713803,0,96840,0,338.97,550.10,936959,2017279,3003121663,12633243647,14394851327,152192,14940110847,2364866810.65,4246692331.24,96840,10,10,10,0,0,0,0,0,0,14705229823,14923333631,14940110847,14702331941.24,550
1790713804,0,97390,0,339.70,549.53,940031,2033663,3191865343,12884901887,14629732351,152192,15183380479,2435924862.24,4338396964.21,97390,10,10,10,0,0,0,0,0,0,14948499455,15166603263,15183380479,14947309798.87,550
1790713805,0,98490,0,342.35,1100.57,946175,2087935,3573547007,13379829759,15133048831,152192,15728639999,2580230778.47,4522786733.89,98490,10,10,10,0,0,0,0,0,0,15359541247,15686696959,15720251391,15356551853.15,1100
1790713806,0,99040,0,343.06,549.79,949247,2129919,3806330879,13623099391,15409872895,152192,15997075455,2653415783.56,4615325068.13,99040,10,10,10,0,0,0,0,0,0,15762194431,15980298239,15997075455,15758854240.81,550
1790713807,0,99590,0,343.78,549.92,953343,2162687,4057989119,13857980415,15678308351,152192,16248733695,2727223868.27,4707935275.10,99590,10,10,10,0,0,0,0,0,0,16022241279,16231956479,16248733695,16018046976.00,550
1790713808,0,100140,0,344.49,550.53,956415,2193407,4265607167,14076084223,15929966591,152192,16550723583,2801836680.48,4801152231.24,100140,10,10,10,0,0,0,0,0,0,16315842559,16525557759,16550723583,16312182076.51,550
1790713809,0,100690,0,345.19,549.71,959999,2220031,4483710975,14294188031,16206790655,152192,16844324863,2877258861.78,4894994845.99,100690,10,10,10,0,0,0,0,0,0,16609443839,16827547647,16844324863,16609581108.13,550
1790713810,0,101790,0,347.77,1100.36,968703,2256895,4928307199,14772338687,16777215999,152192,17364418559,3029843958.91,5082675291.46,101790,10,10,10,0,0,0,0,0,0,17003708415,17330864127,17364418559,16996928895.53,1100
1790713811,0,102340,0,348.46,549.97,972799,2275327,5133828095,15015608319,17037262847,152192,17616076799,3106927262.24,5176342766.61,102340,10,10,10,0,0,0,0,0,0,17381195775,17599299583,17616076799,17372944436.13,550
1790713812,0,102890,0,349.14,549.81,976895,2289663,5322571775,15275655167,17297309695,152192,17850957823,3184501297.88,5269831784.27,102890,10,10,10,0,0,0,0,0,0,17632854015,17834180607,17850957823,17618913674.71,550
1790713813,0,103440,0,349.82,550.04,982527,2301951,5523898367,15535702015,17532190719,152192,18119393279,3262585567.50,5363224263.14,103440,10,10,10,0,0,0,0,0,0,17884512255,18085838847,18102616063,17870022842.18,550
1790713814,0,104540,0,352.35,1100.24,991231,2326527,5955911679,16022241279,18035507199,152192,18605932543,3420283409.03,5549812510.60,104540,10,10,10,0,0,0,0,0,0,18253611007,18572378111,18605932543,18249614980.19,1100
1790713815,0,105090,0,353.02,550.12,996863,2338815,6169821183,16290676735,18287165439,152192,18874367999,3499880015.53,5643008679.80,105090,10,10,10,0,0,0,0,0,0,18639486975,18857590783,18874367999,18629024094.02,550
1790713816,0,105640,0,353.67,549.70,1002495,2349055,6408896511,16559112191,18522046463,152192,19126026239,3580000908.40,5736237270.96,105640,10,10,10,0,0,0,0,0,0,18891145215,19109249023,19126026239,18888918421.88,550
1790713817,0,106190,0,354.33,549.98,1007615,2363391,6647971839,16827547647,18790481919,152192,19377684479,3660588489.57,5829363192.47,106190,10,10,10,0,0,0,0,0,0,19142803455,19360907263,19377684479,19139264988.63,550
1790713818,0,107290,0,356.81,1100.05,1018879,2396159,7042236415,17314086911,19293798399,152192,19914555391,3823436494.57,6016105605.31,107290,10,10,10,0,0,0,0,0,0,19545456639,19864223743,19897778175,19544190722.79,1100
1790713819,0,107840,0,357.45,549.83,1025023,2420735,7239368703,17548967935,19562233855,152192,20166213631,3905540459.65,6109339306.92,107840,10,10,10,0,0,0,0,0,0,19931332607,20149436415,20166213631,19921784846.89,550
1790713820,0,108390,0,358.09,550.18,1030143,2449407,7428112383,17783848959,19813892095,152192,20417871871,3988134761.58,6202604456.70,108390,10,10,10,0,0,0,0,0,0,20182990847,20401094655,20417871871,20182624799.65,550
1790713821,0,108940,0,358.72,550.09,1036287,2490367,7604273151,18035507199,20065550335,152192,20669530111,4071139437.79,6295708720.23,108940,10,10,10,0,0,0,0,0,0,20434649087,20652752895,20669530111,20429097354.71,550
1790713822,0,110040,0,361.15,1099.76,1048063,2555903,7981760511,18505269247,20568866815,152192,21189623807,4238661601.11,6482237561.35,110040,10,10,10,0,0,0,0,0,0,20837302271,21156069375,21189623807,20829447484.51,1100
1790713823,0,110590,0,361.77,550.13,1055743,2580479,8174698495,18756927487,20837302271,152192,21424504831,4322959692.23,6575125251.61,110590,10,10,10,0,0,0,0,0,0,21189623807,21407727615,21424504831,21188708687.13,550
1790713824,0,111140,0,362.38,549.75,1060863,2600959,8359247871,18991808511,21072183295,152192,21659385855,4407555918.81,6667638378.40,111140,10,10,10,0,0,0,0,0,0,21424504831,21642608639,21659385855,21417549913.37,550
1790713825,0,111690,0,362.99,550.44,1068031,2621439,8547991551,19243466751,21307064319,152192,21894266879,4492485382.32,6759890623.39,111690,10,10,10,0,0,0,0,0,0,21659385855,21877489663,21894266879,21654413699.26,550
1790713826,0,112790,0,365.38,1099.40,1082367,2652159,8959033343,19746783231,21793603583,152192,22414360575,4663727328.38,6944654998.92,112790,10,10,10,0,0,0,0,0,0,22062039039,22380806143,22414360575,22051011833.48,1100
1790713827,0,113340,0,365.98,550.16,1089535,2668543,9135194111,19981664255,22045261823,152192,22666018815,4749954743.93,7036976478.39,113340,10,10,10,0,0,0,0,0,0,22447915007,22649241599,22666018815,22432846017.63,550
1790713828,0,113890,0,366.57,549.90,1097727,2682879,9344909311,20233322495,22296920063,152192,22934454271,4836572899.67,7129241920.66,113890,10,10,10,0,0,0,0,0,0,22699573247,22900899839,22917677055,22686212483.26,550
1790713829,0,114440,0,367.16,550.03,1104895,2695167,9579790335,20484980735,22548578303,152192,23169335295,4923533500.48,7221344801.07,114440,10,10,10,0,0,0,0,0,0,22934454271,23152558079,23169335295,22930702276.42,550
1790713830,0,115528,0,369.46,1088.48,1121279,2723839,10024386559,20954742783,23051894783,152192,23722983423,5096994092.52,7404181622.25,115528,10,10,10,0,0,0,0,0,0,23353884671,23672651775,23706206207,23342242394.35,1088
1790713831,0,116090,0,370.08,561.67,1128447,2742271,10242490367,21189623807,23320330239,152192,23974641663,5187191876.86,7498601869.62,116090,10,10,10,0,0,0,0,0,0,23739760639,23957864447,23974641663,23728774847.32,562
1790713832,0,116640,0,370.65,550.18,1135615,2764799,10477371391,21407727615,23588765695,152192,24243077119,5275919903.82,7591157881.60,116640,10,10,10,0,0,0,0,0,0,24008196095,24226299903,24243077119,24003986539.99,550
1790713833,0,117190,0,371.22,549.64,1141759,2795519,10712252415,21625831423,23857201151,152192,24494735359,5365019228.11,7683677136.89,117190,10,10,10,0,0,0,0,0,0,24276631551,24477958143,24494735359,24260555928.67,550
1790713834,0,118184,0,373.18,994.95,1153023,2871295,11064573951,22078816255,24310185983,152192,24981274623,5527106891.75,7851120194.60,118184,10,10,10,0,0,0,0,0,0,24662507519,24947720191,24981274623,24636818462.91,994
1790713835,0,118840,0,374.07,655.38,1161215,2912255,11291066367,22364028927,24595398655,152192,25283264511,5634402375.49,7960787531.33,118840,10,10,10,0,0,0,0,0,0,25014829055,25249710079,25283264511,24964599708.10,656
1790713836,0,119390,0,374.63,550.46,1168383,2940927,11492392959,22598909951,24863834111,152192,25568477183,5725154044.76,8053683688.90,119390,10,10,10,0,0,0,0,0,0,25350373375,25551699967,25568477183,25334114728.49,550
1790713837,0,119940,0,375.17,549.61,1173503,2965503,11668553727,22833790975,25149046783,152192,25870467071,5816431083.57,8146963449.39,119940,10,10,10,0,0,0,0,0,0,25635586047,25853689855,25870467071,25630186834.85,550
1790713838,0,120490,0,375.72,550.05,1177599,2988031,11861491711,23085449215,25451036671,152192,26155679743,5908182575.61,8240505537.79,120490,10,10,10,0,0,0,0,0,0,25920798719,26138902527,26155679743,25916680676.07,550
1790713839,0,121403,0,377.39,913.63,1185791,3018751,12197036031,23538434047,25904021503,152192,26709327871,6061815080.44,8397051784.54,121403,10,10,10,0,0,0,0,0,0,26357006335,26658996223,26692550655,26336930642.16,913
1790713840,0,122140,0,378.50,736.57,1192959,3039231,12457082879,23857201151,26289897471,152192,26977763327,6185916110.03,8521869884.54,122140,10,10,10,0,0,0,0,0,0,26675773439,26944208895,26977763327,26628571869.61,737
1790713841,0,122690,0,379.03,550.32,1198079,3057663,12641632255,24108859391,26558332927,152192,27229421567,6279186965.53,8615608247.46,122690,10,10,10,0,0,0,0,0,0,26994540543,27212644351,27229421567,26992100221.67,550
1790713842,0,123240,0,379.56,550.01,1202175,3078143,12842958847,24343740415,26809991167,152192,27497857023,6372786270.86,8709295006.12,123240,10,10,10,0,0,0,0,0,0,27262975999,27481079807,27497857023,27252238581.76,550
1790713843,0,123790,0,380.08,549.50,1205247,3098623,13052674047,24578621439,27078426623,152192,27766292479,6466785409.18,8803110904.23,123790,10,10,10,0,0,0,0,0,0,27531411455,27749515263,27766292479,27529428694.11,550
1790713844,0,124890,0,382.29,1100.34,1213439,3168255,13421772799,25115492351,27598520319,152192,28269608959,6655631051.25,8990319986.27,124890,10,10,10,0,0,0,0,0,0,27917287423,28236054527,28269608959,27907632898.79,1100
1790713845,0,125440,0,382.80,550.02,1217535,3219455,13623099391,25383927807,27850178559,152192,28521267199,6750483766.53,9083750839.07,125440,10,10,10,0,0,0,0,0,0,28303163391,28504489983,28521267199,28288948514.44,550
1790713846,0,125990,0,383.31,549.91,1221631,3258367,13807648767,25669140479,28101836799,152192,28772925439,6845604402.11,9177035801.02,125990,10,10,10,0,0,0,0,0,0,28554821631,28756148223,28772925439,28540027177.89,550
1790713847,0,126540,0,383.81,550.13,1225727,3287039,13983809535,25920798719,28219277311,152192,29041360895,6938254383.17,9263928059.23,126540,10,10,10,0,0,0,0,0,0,28236054527,29024583679,29041360895,28161838225.22,550
1790713848,0,127640,0,385.98,1099.99,1232895,3342335,14327742463,26055016447,28219277311,152192,29041360895,7096399701.09,9379294372.30,127640,10,10,10,0,0,0,0,0,0,25300041727,27346862079,27531411455,25288862001.34,1100
1790713849,0,128190,0,386.47,549.73,1235967,3364863,14520680447,26055016447,28219277311,152192,29041360895,7161925715.34,9412369624.71,128190,10,10,10,0,0,0,0,0,0,22380806143,23588765695,23689428991,22368726548.48,550
1790713850,0,128740,0,386.96,550.00,1240063,3387391,14696841215,26038239231,28202500095,152192,29041360895,7218669661.03,9432243511.78,128740,10,10,10,0,0,0,0,0,0,20451426303,21659385855,21760049151,20444135841.05,550
1790713851,0,129290,0,387.45,549.92,1243135,3407871,14881390591,26038239231,28202500095,152192,29041360895,7266723501.56,9440963314.60,129290,10,10,10,0,0,0,0,0,0,18522046463,19730006015,19830669311,18514817009.11,550
1790713852,0,130390,0,389.58,1100.95,1249279,3454975,15099494399,26004684799,28202500095,152192,29041360895,7336974665.12,9432537873.05,130390,10,10,10,0,0,0,0,0,0,15594422271,17632854015,17834180607,15594040971.64,1100
1790713853,0,130940,0,390.06,549.92,1252351,3506175,15049162751,26004684799,28202500095,152192,29041360895,7359533412.68,9419245580.53,130940,10,10,10,0,0,0,0,0,0,12708741119,13925089279,14017363967,12707597218.91,550
1790713854,0,131490,0,390.54,550.15,1255423,4853759,14990442495,25987907583,28202500095,152192,29041360895,7373702841.95,9402199757.07,131490,10,10,10,0,0,0,0,0,0,10754195455,11962155007,12062818303,10747057513.19,550
1790713855,0,132040,0,391.01,550.00,1258495,14557183,14914945023,25971130367,28202500095,152192,29041360895,7379673840.14,9383183130.02,132040,10,10,10,0,0,0,0,0,0,8808038399,10024386559,10116661247,8807176661.18,550
1790713856,0,132984,0,392.64,944.19,1263615,156499967,14822670335,25937575935,28185722879,152192,29041360895,7371389216.85,9350738237.44,132984,10,10,10,0,0,0,0,0,0,6090129407,7981760511,8174698495,6212595087.19,944
1790713857,0,133690,0,393.56,705.84,1267711,318767103,14755561471,25920798719,28185722879,152192,29041360895,7349331875.75,9331110124.79,133690,10,10,10,0,0,0,0,0,0,3363831807,4244635647,4294967295,3194553619.58,706
1790713858,0,134250,0,394.05,559.74,1270783,395837439,14680063999,25887244287,28185722879,152192,29041360895,7323067305.10,9320577644.45,134250,10,10,10,0,0,0,0,0,0,967835647,2229272575,2325741567,1052870070.86,560
1790713859,0,134450,0,393.48,200.12,1270783,361234431,14663286783,25887244287,28185722879,152192,29041360895,7312180362.89,9317912887.91,134450,10,10,10,0,0,0,0,0,0,1809407,4485119,52854783,4320406.08,200
1790713860,0,134650,0,392.92,199.85,1269759,293076991,14646509567,25887244287,28185722879,152192,29041360895,7301321948.70,9315245599.42,134650,10,10,10,0,0,0,0,0,0,1684479,3317759,3424255,1753012.48,200
1790713861,0,134850,0,392.36,200.05,1268735,258605055,14629732351,25870467071,28185722879,152192,29041360895,7290495770.91,9312572836.11,134850,10,10,10,0,0,0,0,0,0,1653759,3368959,3469311,1771574.40,200
1790713862,0,135050,0,391.80,200.06,1268735,224919551,14604566527,25870467071,28185722879,152192,29041360895,7279701645.52,9309894702.12,135050,10,10,10,0,0,0,0,0,0,1687551,3311615,3469311,1762598.08,200
1790713863,0,135250,0,391.24,199.88,1267711,189661183,14587789311,25870467071,28185722879,152192,29041360895,7268939586.70,9307211146.84,135250,10,10,10,0,0,0,0,0,0,1672191,3274751,3471359,1859366.40,200
1790713864,0,135450,0,390.69,200.00,1267711,148635647,14571012095,25853689855,28185722879,152192,29041360895,7258209182.54,9304522451.86,135450,10,10,10,0,0,0,0,0,0,1682431,3375103,3448831,1773374.40,200
1790713865,0,135650,0,390.14,200.08,1267711,114425855,14545846271,25853689855,28185722879,152192,29041360895,7247510418.32,9301828588.99,135650,10,10,10,0,0,0,0,0,0,1691647,3385343,3438591,1772347.84,200
1790713866,0,135850,0,389.60,200.07,1266687,88145919,14529069055,25853689855,28185722879,152192,29041360895,7236843133.74,9299129643.47,135850,10,10,10,0,0,0,0,0,0,1676287,3364863,3454975,1757367.68,200
1790713867,0,136050,0,389.06,199.82,1265663,62423039,14512291839,25853689855,28185722879,152192,29041360895,7226207214.62,9296425664.60,136050,10,10,10,0,0,0,0,0,0,1678335,3252223,3495935,1759154.24,200
1790713868,0,136250,0,388.52,200.06,1265663,35651583,14487126015,25836912639,28185722879,152192,29041360895,7215602543.93,9293716703.97,136250,10,10,10,0,0,0,0,0,0,1647615,3397631,3487743,1775303.36,200
1790713869,0,136450,0,387.98,200.02,1264639,16760831,14470348799,25836912639,28185722879,152192,29041360895,7205028941.06,9291002862.44,136450,10,10,10,0,0,0,0,0,0,1671167,3354623,3463167,1761986.56,200
1790713870,0,136650,0,387.45,199.97,1264639,10772479,14445182975,25836912639,28168945663,152192,29041360895,7194486282.23,9288284196.72,136650,10,10,10,0,0,0,0,0,0,1725439,3280895,3454975,1757300.16,200
1790713871,0,136850,0,386.92,200.00,1263615,6508543,14428405759,25836912639,28168945663,152192,29041360895,7183974445.13,9285560762.39,136850,10,10,10,0,0,0,0,0,0,1653759,3295231,3477503,1761741.76,200
1790713872,0,137050,0,386.39,199.99,1263615,4722687,14403239935,25836912639,28168945663,152192,29041360895,7173493312.59,9282832611.03,137050,10,10,10,0,0,0,0,0,0,1682431,3305471,3493887,1778376.32,200
1790713873,0,137250,0,385.87,200.12,1262591,3932159,14386462719,25820135423,28168945663,152192,29041360895,7163042833.03,9280099743.82,137250,10,10,10,0,0,0,0,0,0,1789951,3268607,3514367,1851709.44,200
1790713874,0,137450,0,385.35,200.00,1262591,3553279,14361296895,25820135423,28168945663,152192,29041360895,7152622655.31,9277362392.68,137450,10,10,10,0,0,0,0,0,0,1711103,3274751,3493887,1775699.84,200
1790713875,0,137650,0,384.83,199.84,1261567,3504127,14344519679,25820135423,28168945663,152192,29041360895,7142232760.05,9274620533.70,137650,10,10,10,0,0,0,0,0,0,1712127,3297279,3530751,1777237.44,200
1790713876,0,137850,0,384.31,200.08,1261567,3481599,14327742463,25820135423,28168945663,152192,29041360895,7131873025.14,9271874222.21,137850,10,10,10,0,0,0,0,0,0,1697791,3303423,3479551,1785476.48,200
1790713877,0,138050,0,383.80,200.02,1260543,3467263,14302576639,25803358207,28168945663,152192,29041360895,7121543296.93,9269123537.81,138050,10,10,10,0,0,0,0,0,0,1668095,3303423,3481599,1778127.36,200
1790713878,0,138690,0,384.51,639.88,1263615,3524607,14243856383,25803358207,28168945663,152192,29041360895,7089399391.79,9259756271.03,138690,10,10,10,0,0,0,0,0,0,170524671,273154047,281280511,155858604.30,640
1790713879,0,139240,0,384.97,550.12,1266687,5255167,14193524735,25786580991,28168945663,152192,29041360895,7064419625.53,9249959950.87,139240,10,10,10,0,0,0,0,0,0,767033343,851443711,857735167,765430929.22,550
1790713880,0,139790,0,385.42,550.04,1268735,17367039,14134804479,25786580991,28168945663,152192,29041360895,7041851466.43,9238726756.64,139790,10,10,10,0,0,0,0,0,0,1327497215,1414529023,1423966207,1328414243.37,550
1790713881,0,140604,0,386.60,814.30,1273855,91947007,14050918399,25753026559,28152168447,152192,29041360895,7013164517.25,9219639697.27,140604,10,10,10,0,0,0,0,0,0,1931476991,2537553919,2552233983,2086692003.54,814
1790713882,0,141440,0,387.83,835.45,1277951,176291839,13983809535,25736249343,28152168447,152192,29041360895,6988301717.21,9198032759.25,141440,10,10,10,0,0,0,0,0,0,2965372927,3093299199,3107979263,2806711839.85,836
1790713883,0,141990,0,388.28,549.98,1279999,224919551,13933477887,25736249343,28152168447,152192,29041360895,6975000420.06,9182679539.79,141990,10,10,10,0,0,0,0,0,0,3554672639,3644850175,3653238783,3554390477.73,550
1790713884,0,142540,0,388.72,550.11,1283071,274726911,13883146239,25719472127,28152168447,152192,29041360895,6963813132.88,9166709701.47,142540,10,10,10,0,0,0,0,0,0,4078960639,4167041023,4175429631,4075662391.85,550
1790713885,0,143090,0,389.16,550.10,1286143,387186687,13832814591,25719472127,28152168447,152192,29041360895,6954753672.56,9150238554.66,143090,10,10,10,0,0,0,0,0,0,4609540095,4697620479,4706009087,4606870993.45,550
1790713886,0,144190,0,391.09,1099.84,1291263,627572735,13723762687,25685917695,28152168447,152192,29041360895,6942864330.79,9116306564.01,144190,10,10,10,0,0,0,0,0,0,5234491391,5733613567,5746196479,5396277136.29,1100
1790713887,0,144740,0,391.51,549.72,1294335,704643071,13673431039,25669140479,28135391231,152192,29041360895,6939943609.30,9099093048.00,144740,10,10,10,0,0,0,0,0,0,6178209791,6266290175,6270484479,6174236642.21,550
1790713888,0,145290,0,391.94,550.19,1297407,754450431,13623099391,25652363263,28135391231,152192,29041360895,6939034617.62,9081866887.23,145290,10,10,10,0,0,0,0,0,0,6702497791,6790578175,6798966783,6699821063.45,550
1790713889,0,145894,0,392.51,604.32,1300479,810024959,13564379135,25635586047,28135391231,152192,29041360895,6940398542.84,9063080219.15,145894,10,10,10,0,0,0,0,0,0,7226785791,7822376959,7834959871,7268485784.58,604
1790713890,0,146940,0,394.27,1045.09,1307647,989855743,13455327231,25602031615,28135391231,152192,29041360895,6947985680.91,9031238260.98,146940,10,10,10,0,0,0,0,0,0,8170504191,8338276351,8355053567,8006224612.10,1046
1790713891,0,147490,0,394.68,549.94,1311743,1099956223,13404995583,25585254399,28135391231,152192,29041360895,6954923476.61,9015097375.12,147490,10,10,10,0,0,0,0,0,0,8808038399,8900313087,8908701695,8808450204.39,550
1790713892,0,148040,0,395.10,550.46,1314815,1222639615,13354663935,25568477183,28135391231,152192,29041360895,6963780285.12,8999504726.42,148040,10,10,10,0,0,0,0,0,0,9344909311,9428795391,9437183999,9338854262.23,550
1790713893,0,148590,0,395.51,550.03,1318911,1279262719,13304332287,25568477183,28135391231,152192,29041360895,6974648101.63,8984603627.58,148590,10,10,10,0,0,0,0,0,0,9906946047,9990832127,9999220735,9899869113.25,550
1790713894,0,149690,0,397.38,1099.92,1327103,1383071743,13178503167,25534922751,28118614015,152192,29041360895,7001945562.91,8957180627.75,149690,10,10,10,0,0,0,0,0,0,10527703039,11031019519,11047796735,10689336264.15,1100
1790713895,0,150240,0,397.78,549.86,1331199,1457520639,13128171519,25534922751,28118614015,152192,29041360895,7018053414.12,8944719313.55,150240,10,10,10,0,0,0,0,0,0,11408506879,11500781567,11509170175,11402024773.82,550
1790713896,0,150790,0,398.19,549.80,1336319,1567621119,13069451263,25518145535,28118614015,152192,29041360895,7035949680.17,8933290436.79,150790,10,10,10,0,0,0,0,0,0,11928600575,12020875263,12029263871,11924558792.15,550
1790713897,0,151890,0,400.03,1100.30,1346559,1787822079,12935233535,25501368319,28118614015,152192,29041360895,7076175586.70,8913356851.38,151890,10,10,10,0,0,0,0,0,0,12473860095,12893290495,12910067711,12590415991.16,1100
1790713898,0,152440,0,400.43,550.10,1351679,1838153727,13128171519,25484591103,28118614015,152192,29041360895,7098468173.49,8904972448.38,152440,10,10,10,0,0,0,0,0,0,13254000639,13337886719,13346275327,13254870004.83,550
1790713899,0,152990,0,400.82,549.93,1357823,1888485375,13228834815,25484591103,28118614015,152192,29041360895,7122734557.04,8898127704.79,152990,10,10,10,0,0,0,0,0,0,13849591807,13941866495,13950255103,13848493662.95,550
1790713900,0,153540,0,401.21,550.22,1364991,1937768447,13304332287,25467813887,28101836799,152192,29041360895,7148691880.71,8892721118.21,153540,10,10,10,0,0,0,0,0,0,14378074111,14461960191,14470348799,14369075423.42,550
1790713901,0,154640,0,403.03,1099.38,1377279,2088763391,13572767743,25451036671,28101836799,152192,29041360895,7205759719.35,8886679821.51,154640,10,10,10,0,0,0,0,0,0,15007219711,15518924799,15535702015,15171392396.57,1100
1790713902,0,155190,0,403.41,550.02,1383423,2197815295,13723762687,25434259455,28101836799,152192,29041360895,7236838194.52,8886212560.05,155190,10,10,10,0,0,0,0,0,0,15980298239,16072572927,16080961535,15974975286.92,550
1790713903,0,155740,0,403.79,550.09,1391615,2298478591,13816037375,25434259455,28101836799,152192,29041360895,7269547082.04,8887507960.66,155740,10,10,10,0,0,0,0,0,0,16500391935,16592666623,16601055231,16498805726.49,550
1790713904,0,156290,0,404.17,549.96,1397759,2384461823,13891534847,25417482239,28101836799,152192,29041360895,7303851188.59,8890616535.70,156290,10,10,10,0,0,0,0,0,0,17020485631,17112760319,17121148927,17017526741.18,550
1790713905,0,157390,0,405.97,1100.30,1412095,2489319423,14134804479,25400705023,28085059583,152192,29041360895,7377264827.70,8902634825.12,157390,10,10,10,0,0,0,0,0,0,17649631231,18152947711,18169724927,17808008151.04,1100
1790713906,0,157940,0,406.34,549.96,1418239,2537553919,14285799423,25383927807,28085059583,152192,29041360895,7416341529.40,8911671419.29,157940,10,10,10,0,0,0,0,0,0,18605932543,18689818623,18706595839,18598672585.08,550
1790713907,0,158490,0,406.71,550.17,1426431,2648702975,14361296895,25367150591,28085059583,152192,29041360895,7457190793.01,8923086744.48,158490,10,10,10,0,0,0,0,0,0,19193135103,19277021183,19293798399,19187613874.73,550
1790713908,0,159040,0,407.07,549.81,1433599,2759852031,14436794367,25350373375,28085059583,152192,29041360895,7499579977.36,8936661673.08,159040,10,10,10,0,0,0,0,0,0,19730006015,19813892095,19813892095,19714601481.31,550
1790713909,0,160140,0,408.84,1100.24,1445887,2952790015,14747172863,25300041727,28085059583,152192,29041360895,7588982635.15,8970588280.68,160140,10,10,10,0,0,0,0,0,0,20350763007,20870856703,20870856703,20514981448.61,1100
1790713910,0,160690,0,409.20,549.50,1453055,3003121663,14856224767,25283264511,28085059583,152192,29041360895,7635998385.50,8991086901.06,160690,10,10,10,0,0,0,0,0,0,21340618751,21424504831,21424504831,21325275225.37,550
1790713911,0,161240,0,409.56,550.10,1460223,3053453311,14931722239,25283264511,28085059583,152192,29041360895,7684520215.34,9013976148.28,161240,10,10,10,0,0,0,0,0,0,21877489663,21961375743,21961375743,21860834464.12,550
1790713912,0,161790,0,409.91,550.42,1467391,3105882111,15040774143,25266487295,28085059583,152192,29041360895,7734554023.04,9039328760.32,161790,10,10,10,0,0,0,0,0,0,22414360575,22498246655,22515023871,22402647028.83,550
1790713913,0,162510,0,410.70,720.06,1476607,3250585599,15284043775,25249710079,28068282367,152192,29041360895,7802491986.84,9076613778.00,162510,10,10,10,0,0,0,0,0,0,22968008703,23555211263,23571988479,23068718603.38,720
1790713914,0,163440,0,412.01,929.69,1487871,3456106495,15443427327,25232932863,28068282367,152192,29041360895,7893337241.48,9130098248.44,163440,10,10,10,0,0,0,0,0,0,23941087231,24075304959,24092082175,23767812866.75,930
1790713915,0,163990,0,412.35,549.64,1494015,3510632447,15527313407,25232932863,28068282367,152192,29041360895,7949110690.41,9165342943.18,163990,10,10,10,0,0,0,0,0,0,24528289791,24612175871,24628953087,24522951586.91,550
1790713916,0,164540,0,412.70,550.16,1502207,3558866943,15669919743,25216155647,28068282367,152192,29041360895,8006299323.89,9203145271.95,164540,10,10,10,0,0,0,0,0,0,25065160703,25149046783,25165823999,25057870241.05,550
1790713917,0,165090,0,413.04,549.96,1509375,3609198591,15837691903,25467813887,28068282367,152192,29041360895,8064928123.29,9243594924.00,165090,10,10,10,0,0,0,0,0,0,25618808831,25702694911,25702694911,25604532946.39,550
1790713918,0,166190,0,414.76,1100.44,1523711,3814719487,16013852671,25702694911,28051505151,152192,29041360895,8186379873.55,9332351719.74,166190,10,10,10,0,0,0,0,0,0,26239565823,26776436735,26776436735,26414079374.43,1100
1790713919,0,166740,0,415.09,549.76,1529855,3932159999,16139681791,25920798719,28051505151,152192,29041360895,8249285433.64,9380896166.51,166740,10,10,10,0,0,0,0,0,0,27262975999,27346862079,27346862079,27257058218.36,550
1790713920,0,167290,0,415.43,550.28,1537023,4026531839,16332619775,26105348095,28051505151,152192,29041360895,8313773300.13,9432532162.52,167290,10,10,10,0,0,0,0,0,0,27866955775,27950841855,27967619071,27864149405.32,550
1790713921,0,167840,0,415.76,549.62,1543167,4078960639,16458448895,26206011391,28269608959,152192,29041360895,8379715363.20,9487029447.47,167840,10,10,10,0,0,0,0,0,0,28454158335,28538044415,28538044415,28436893055.53,550
1790713922,0,168390,0,416.09,550.03,1548287,4129292287,16533946367,26373783551,28420603903,152192,29091692543,8447022947.72,9544226087.56,168390,10,10,10,0,0,0,0,0,0,28991029247,29091692543,29091692543,28986850196.01,550
1790713923,0,169490,0,417.78,1100.43,1558527,4341104639,16827547647,26709327871,28923920383,152192,30198988799,8585608455.24,9666524612.79,169490,10,10,10,0,0,0,0,0,0,29611786239,30165434367,30182211583,29800529920.00,1100
1790713924,0,170040,0,418.11,550.15,1563647,4450156543,16961765375,26826768383,29074915327,152192,30769414143,8657030794.54,9731981140.07,170040,10,10,10,0,0,0,0,0,0,30668750847,30752636927,30769414143,30666798590.14,550
1790713925,0,170590,0,418.43,550.10,1568767,4542431231,17045651455,27044872191,29595009023,152192,31339839487,8729840353.26,9800257916.17,170590,10,10,10,0,0,0,0,0,0,31239176191,31339839487,31339839487,31239908288.70,550
1790713926,0,171140,0,418.75,549.63,1572863,4609540095,17129537535,27212644351,30165434367,152192,31910264831,8803983465.70,9871242727.79,171140,10,10,10,0,0,0,0,0,0,31809601535,31893487615,31910264831,31800480831.30,550
1790713927,0,171690,0,419.07,550.02,1577983,4655677439,17297309695,27313307647,30752636927,152192,32447135743,8879404515.43,9944812597.24,171690,10,10,10,0,0,0,0,0,0,32363249663,32447135743,32447135743,32347692609.16,550
1790713928,0,172790,0,420.73,1100.02,1587199,4823449599,17532190719,27665629183,31876710399,152192,33520877567,9033872279.34,10099223708.02,172790,10,10,10,0,0,0,0,0,0,32984006655,33487323135,33504100351,33143481720.09,1100
1790713929,0,173340,0,421.04,549.96,1592319,4966055935,17599299583,27833401343,32430358527,152192,34074525695,9112998677.34,10180259317.52,173340,10,10,10,0,0,0,0,0,0,33973862399,34057748479,34074525695,33971635605.88,550
1790713930,0,173890,0,421.35,550.02,1596415,5058330623,17716740095,27917287423,32950452223,152192,34695282687,9193547705.79,10264244698.76,173890,10,10,10,0,0,0,0,0,0,34594619391,34695282687,34695282687,34579672417.75,550
1790713931,0,174440,0,421.67,550.24,1601535,5121245183,17867735039,28085059583,33487323135,152192,35265708031,9275390398.99,10350859268.44,174440,10,10,10,0,0,0,0,0,0,35165044735,35265708031,35265708031,35151073890.68,550
1790713932,0,174990,0,421.98,550.16,1606655,5179965439,18018729983,28319940607,34040971263,152192,35802578943,9358426353.57,10439846029.34,174990,10,10,10,0,0,0,0,0,0,35701915647,35802578943,35802578943,35694411656.84,550
1790713933,0,176090,0,423.61,1099.49,1615871,5330960383,18169724927,28521267199,35232153599,152192,36876320767,9527951194.20,10624584944.18,176090,10,10,10,0,0,0,0,0,0,36339449855,36842766335,36876320767,36496271069.56,1100
1790713934,0,176640,0,423.91,550.19,1619967,5460983807,18320719871,28923920383,35769024511,152192,37379637247,9614364629.16,10720125448.14,176640,10,10,10,0,0,0,0,0,0,37312528383,37379637247,37379637247,37280804193.75,550
1790713935,0,177190,0,424.21,549.86,1624063,5561647103,18505269247,29074915327,36305895423,152192,37950062591,9701929081.46,10817897949.05,177190,10,10,10,0,0,0,0,0,0,37849399295,37916508159,37950062591,37824447000.20,550
1790713936,0,177740,0,424.51,550.04,1629183,5611978751,18572378111,29578231807,36842766335,152192,38486933503,9790623105.29,10917835835.61,177740,10,10,10,0,0,0,0,0,0,38386270207,38453379071,38486933503,38364612347.35,550
1790713937,0,178840,0,426.12,1099.53,1639423,5733613567,18790481919,30719082495,37882953727,152192,39527120895,9971231536.00,11123719130.42,178840,10,10,10,0,0,0,0,0,0,38990249983,39527120895,39527120895,39154270148.42,1100
1790713938,0,179390,0,426.42,549.87,1643519,5813305343,18975031295,31289507839,38419824639,152192,40063991807,10063176137.49,11229721148.16,179390,10,10,10,0,0,0,0,0,0,39963328511,40063991807,40063991807,39960217101.03,550
1790713939,0,179940,0,426.71,549.96,1648639,5913968639,19126026239,31843155967,38956695551,152192,40600862719,10156222776.82,11337769262.39,179940,10,10,10,0,0,0,0,0,0,40533753855,40600862719,40600862719,40504653012.25,550
1790713940,0,180470,0,426.95,530.43,1652735,5813305343,19092471807,31826378751,38956695551,152192,40600862719,10129001143.44,11332261628.17,180470,10,10,10,0,0,0,0,0,0,769654783,1933574143,2030043135,886999805.10,530
1790713941,0,180670,0,426.42,199.93,1650687,5779750911,19058917375,31826378751,38956695551,152192,40600862719,10117794938.67,11330988932.14,180670,10,10,10,0,0,0,0,0,0,1780735,20316159,68878335,5876061.76,200
1790713942,0,180870,0,425.89,200.08,1649663,5750390783,19042140159,31826378751,38956695551,152192,40600862719,10106609006.71,11329711871.79,180870,10,10,10,0,0,0,0,0,0,1874943,3334143,3487743,1797367.36,200
1790713943,0,181070,0,425.35,199.99,1647615,5729419263,19025362943,31809601535,38956695551,152192,40600862719,10095447820.70,11328426449.11,181070,10,10,10,0,0,0,0,0,0,1819647,3325951,3422207,1829257.60,200
1790713944,0,181270,0,424.83,199.87,1646591,5704253439,19008585727,31809601535,38956695551,152192,40600862719,10084311134.37,11327132871.19,181270,10,10,10,0,0,0,0,0,0,1604607,3293183,3336191,1712161.60,200
1790713945,0,181470,0,424.30,200.12,1644543,5687476223,18991808511,31809601535,38956695551,152192,40600862719,10073199046.02,11325831038.12,181470,10,10,10,0,0,0,0,0,0,1669119,3297279,3397631,1757771.52,200
1790713946,0,181670,0,423.78,199.99,1643519,5662310399,18958254079,31809601535,38956695551,152192,40600862719,10062111393.24,11324521082.12,181670,10,10,10,0,0,0,0,0,0,1626111,3272703,3338239,1729644.80,200
1790713947,0,181870,0,423.26,200.05,1641471,5641338879,18941476863,31809601535,38956695551,152192,40600862719,10051048170.50,11323202995.77,181870,10,10,10,0,0,0,0,0,0,1626111,3346431,3407871,1769792.00,200
1790713948,0,182070,0,422.74,199.86,1639423,5616173055,18924699647,31792824319,38956695551,152192,40600862719,10040009057.50,11321877050.87,182070,10,10,10,0,0,0,0,0,0,1572863,3252223,3299327,1591648.32,200
1790713949,0,182270,0,422.22,200.06,1636351,5603590143,18907922431,31792824319,38956695551,152192,40600862719,10028994109.40,11320543185.75,182270,10,10,10,0,0,0,0,0,0,1281023,3244031,3266559,1536111.04,200
1790713950,0,182470,0,421.71,200.05,1634303,5582618623,18874367999,31792824319,38956695551,152192,40600862719,10018003410.12,11319201313.65,182470,10,10,10,0,0,0,0,0,0,1475583,3258367,4448255,1629619.52,200
1790713951,0,182670,0,421.20,199.90,1632255,5565841407,18857590783,31792824319,38956695551,152192,40600862719,10007036593.61,11317851746.03,182670,10,10,10,0,0,0,0,0,0,990207,3250175,4276223,1461550.72,200
1790713952,0,182870,0,420.69,199.97,1630207,5540675583,18824036351,31776047103,38956695551,152192,40600862719,9996094100.65,11316494080.71,182870,10,10,10,0,0,0,0,0,0,1705983,3280895,3528703,1768157.12,200
1790713953,0,183070,0,420.18,200.08,1629183,5498732543,18807259135,31776047103,38956695551,152192,40600862719,9985175603.01,11315128595.84,183070,10,10,10,0,0,0,0,0,0,1714175,3268607,3368959,1847283.52,200
1790713954,0,183270,0,419.68,200.03,1627135,5460983807,18790481919,31776047103,38923141119,152192,40600862719,9974280850.89,11313755499.12,183270,10,10,10,0,0,0,0,0,0,1652735,3311615,3454975,1769496.32,200
1790713955,0,183470,0,419.18,200.02,1625087,5410652159,18773704703,31776047103,38923141119,152192,40600862719,9963409853.25,11312374770.03,183470,10,10,10,0,0,0,0,0,0,1673215,3397631,3467263,1771164.80,200
1790713956,0,183670,0,418.68,199.86,1624063,5356126207,18756927487,31776047103,38923141119,152192,40600862719,9952562506.62,11310986487.07,183670,10,10,10,0,0,0,0,0,0,1629183,3327999,3366911,1749077.44,200
1790713957,0,183870,0,418.18,200.07,1622015,5314183167,18723373055,31776047103,38923141119,152192,40600862719,9941738754.00,11309590687.72,183870,10,10,10,0,0,0,0,0,0,1650687,3336191,3442687,1745535.04,200
1790713958,0,184070,0,417.68,200.08,1619967,5272240127,18706595839,31759269887,38923141119,152192,40600862719,9930938588.53,11308187365.39,184070,10,10,10,0,0,0,0,0,0,1807359,3344383,4161535,1806464.00,200
1790713959,0,184270,0,417.19,200.03,1618943,5234491391,18706595839,31759269887,38923141119,152192,40600862719,9920162101.25,11306776427.82,184270,10,10,10,0,0,0,0,0,0,1889279,3444735,8024063,2022033.92,200
1790713960,0,184470,0,416.70,199.81,1617919,5217714175,18689818623,31759269887,38923141119,152192,40600862719,9909408801.86,11305358292.52,184470,10,10,10,0,0,0,0,0,0,1879039,3401727,4313087,1856406.40,200
1790713961,0,184670,0,416.21,200.08,1616895,5200936959,18673041407,31759269887,38923141119,152192,40600862719,9898678670.29,11303932963.98,184670,10,10,10,0,0,0,0,0,0,1623039,3297279,3375103,1741821.12,200
1790713962,0,184870,0,415.73,200.05,1614847,5179965439,18673041407,31742492671,38923141119,152192,40600862719,9887971772.27,11302500371.70,184870,10,10,10,0,0,0,0,0,0,1634303,3336191,3375103,1757486.40,200
1790713963,0,185070,0,415.24,200.04,1613823,5163188223,18656264191,31742492671,38923141119,152192,40600862719,9877288107.83,11301060503.07,185070,10,10,10,0,0,0,0,0,0,1825791,3313663,3395583,1842880.00,200
1790713964,0,185270,0,414.76,199.85,1611775,5142216703,18656264191,31742492671,38923141119,152192,40600862719,9866627427.30,11299613563.36,185270,10,10,10,0,0,0,0,0,0,1678335,3319807,3385343,1766697.92,200
1790713965,0,185470,0,414.28,200.06,1610751,5117050879,18639486975,31742492671,38923141119,152192,40600862719,9855989710.95,11298159556.90,185470,10,10,10,0,0,0,0,0,0,1785855,3276799,3342335,1741172.16,200
1790713966,0,185670,0,413.80,200.09,1608703,5091885055,18622709759,31742492671,38923141119,152192,40600862719,9845374925.48,11296698499.84,185670,10,10,10,0,0,0,0,0,0,1769471,3297279,3397631,1753618.56,200
1790713967,0,185870,0,413.33,199.99,1607679,5070913535,18605932543,31725715455,38923141119,152192,40600862719,9834783160.19,11295230301.70,185870,10,10,10,0,0,0,0,0,0,1873919,3440639,5857279,1917850.56,200
1790713968,0,186070,0,412.85,199.84,1606655,5049942015,18605932543,31725715455,38923141119,152192,40600862719,9824213989.74,11293755319.94,186070,10,10,10,0,0,0,0,0,0,1739775,3317759,3356671,1755435.20,200
1790713969,0,186270,0,412.38,200.09,1605631,5024776191,18589155327,31725715455,38923141119,152192,40600862719,9813667318.91,11292273624.06,186270,10,10,10,0,0,0,0,0,0,1364991,3270655,3620863,1572111.04,200
1790713970,0,186470,0,411.91,199.94,1603583,4978638847,18589155327,31725715455,38923141119,152192,40600862719,9803143680.15,11290784738.51,186470,10,10,10,0,0,0,0,0,0,1822719,3713023,6709247,1952719.36,200
1790713971,0,186670,0,411.45,200.07,1602559,4940890111,18572378111,31725715455,38923141119,152192,40600862719,9792642443.19,11289289197.94,186670,10,10,10,0,0,0,0,0,0,1865727,3342335,3395583,1814166.40,200
1790713972,0,186870,0,410.98,200.06,1601535,4898947071,18572378111,31708938239,38923141119,152192,40600862719,9782163666.21,11287786938.72,186870,10,10,10,0,0,0,0,0,0,1718271,3344383,3434495,1797176.96,200
1790713973,0,187070,0,410.52,199.84,1600511,4827643903,18555600895,31339839487,38923141119,152192,40600862719,9771707397.59,11286277906.06,187070,10,10,10,0,0,0,0,0,0,1729535,3409919,3543039,1892804.48,200
1790713974,0,187270,0,410.06,200.03,1599487,4781506559,18555600895,31339839487,38923141119,152192,40600862719,9761273371.23,11284762317.26,187270,10,10,10,0,0,0,0,0,0,1730559,3362815,3440639,1806817.28,200
1790713975,0,187470,0,409.60,200.05,1598463,4747952127,18538823679,31339839487,38923141119,152192,40600862719,9750861610.41,11283240139.10,187470,10,10,10,0,0,0,0,0,0,1788927,3334143,3414015,1809365.76,200
1790713976,0,187670,0,409.14,200.06,1597439,4706009087,18522046463,31323062271,38923141119,152192,40600862719,9740472045.81,11281711418.43,187670,10,10,10,0,0,0,0,0,0,1727487,3323903,3356671,1813672.96,200
1790713977,0,187870,0,408.69,199.88,1596415,4689231871,18522046463,31323062271,38923141119,152192,40600862719,9730104646.73,11280176168.77,187870,10,10,10,0,0,0,0,0,0,1729535,3344383,3391487,1855717.12,200
1790713978,0,188070,0,408.23,200.09,1594367,4672454655,18505269247,31323062271,38923141119,152192,40600862719,9719758767.03,11278634933.94,188070,10,10,10,0,0,0,0,0,0,966143,3270655,3401727,1356674.56,200
1790713979,0,188270,0,407.78,200.04,1593343,4651483135,18488492031,31323062271,38923141119,152192,40600862719,9709435259.40,11277086965.66,188270,10,10,10,0,0,0,0,0,0,1329151,3411967,5783551,1724860.80,200
1790713980,0,188470,0,407.33,199.99,1592319,4634705919,18471714815,31323062271,38923141119,152192,40600862719,9699133775.08,11275532551.73,188470,10,10,10,0,0,0,0,0,0,1774591,3397631,3524607,1831501.76,200
1790713981,0,188670,0,406.89,200.03,1591295,4613734399,18454937599,31323062271,38923141119,152192,40600862719,9688854171.00,11273971802.31,188670,10,10,10,0,0,0,0,0,0,1729535,3461119,3493887,1869274.88,200
1790713982,0,188870,0,406.44,199.88,1590271,4592762879,18438160383,31306285055,38923141119,152192,40600862719,9678596323.45,11272404810.67,188870,10,10,10,0,0,0,0,0,0,1732607,3450879,3479551,1855835.20,200
1790713983,0,189070,0,406.00,200.04,1589247,4567597055,18421383167,31306285055,38923141119,152192,40600862719,9668360282.74,11270831520.65,189070,10,10,10,0,0,0,0,0,0,1752063,3457023,3493887,1955239.68,200
1790713984,0,189270,0,405.56,199.93,1588223,4542431231,18387828735,31306285055,38923141119,152192,40600862719,9658145711.02,11269252208.69,189270,10,10,10,0,0,0,0,0,0,1702911,3358719,3454975,1800330.24,200
1790713985,0,189470,0,405.12,200.01,1588223,4521459711,18371051519,31306285055,38923141119,152192,40600862719,9647952752.79,11267666737.71,189470,10,10,10,0,0,0,0,0,0,1733631,3418111,3495935,1846732.80,200
1790713986,0,189670,0,404.68,200.04,1587199,4483710975,18337497087,31289507839,38923141119,152192,40600862719,9637781279.40,11266075204.76,189670,10,10,10,0,0,0,0,0,0,1752063,3360767,3477503,1835962.88,200
1790713987,0,189870,0,404.24,200.12,1586175,4445962239,18320719871,31289507839,38923141119,152192,40600862719,9627631172.97,11264477697.43,189870,10,10,10,0,0,0,0,0,0,1801215,3307519,3424255,1777742.72,200
1790713988,0,190070,0,403.81,199.83,1585151,4408213503,18303942655,31289507839,38923141119,152192,40600862719,9617502422.19,11262874212.13,190070,10,10,10,0,0,0,0,0,0,1676287,3332095,3397631,1772864.00,200
1790713989,0,190270,0,403.38,200.17,1584127,4366270463,18287165439,31289507839,38923141119,152192,40600862719,9607394974.43,11261264780.58,190270,10,10,10,0,0,0,0,0,0,1716223,3182591,3469311,1782000.64,200
1790713990,0,190470,0,402.95,199.91,1583103,4307550207,18270388223,31289507839,38923141119,152192,40600862719,9597308748.68,11259649458.73,190470,10,10,10,0,0,0,0,0,0,1740799,3266559,3473407,1777877.12,200
1790713991,0,190670,0,402.52,200.00,1581055,4244635647,18236833791,31272730623,38923141119,152192,40600862719,9587243711.19,11258028262.15,190670,10,10,10,0,0,0,0,0,0,1782783,3399679,3479551,1805264.32,200
1790713992,0,190870,0,402.09,200.06,1580031,4192206847,18220056575,31272730623,38923141119,152192,40600862719,9577199786.44,11256401241.98,190870,10,10,10,0,0,0,0,0,0,1740799,3397631,3436543,1824122.88,200
1790713993,0,191070,0,401.67,199.86,1579007,4167041023,18203279359,31272730623,38923141119,152192,40600862719,9567176977.93,11254768382.27,191070,10,10,10,0,0,0,0,0,0,1805311,3424255,3473407,1909671.36,200
1790713994,0,191270,0,401.24,200.13,1579007,4146069503,18186502143,31272730623,38923141119,152192,40600862719,9557175106.75,11253129821.72,191270,10,10,10,0,0,0,0,0,0,1862655,3438591,4202495,1887480.32,200
1790713995,0,191470,0,400.82,199.99,1577983,4129292287,18169724927,31272730623,38923141119,152192,40600862719,9547194064.21,11251485639.44,191470,10,10,10,0,0,0,0,0,0,1705983,3401727,3450879,1824025.92,200
1790713996,0,191670,0,400.40,199.94,1576959,4110417919,18169724927,31255953407,38923141119,152192,40600862719,9537233902.02,11249835778.26,191670,10,10,10,0,0,0,0,0,0,1887231,3432447,3506175,1872630.40,200
1790713997,0,191870,0,399.99,199.93,1575935,4093640703,18152947711,31255953407,38923141119,152192,40600862719,9527294467.42,11248180354.49,191870,10,10,10,0,0,0,0,0,0,1714175,3399679,3493887,1837323.52,200
1790713998,0,193050,0,401.61,1180.57,1583103,3957325823,18085838847,31239176191,38889586687,152192,40600862719,9469975116.02,11237550727.04,193050,10,10,10,0,0,0,0,0,0,46989311,335806463,348913663,149751426.39,1180
1790713999,0,193600,0,401.92,549.77,1587199,3831496703,18069061631,31222398975,38889586687,152192,40600862719,9445158733.63,11231204607.64,193600,10,10,10,0,0,0,0,0,0,735576063,789577727,796917759,734608514.33,550
1790714000,0,194700,0,403.36,1100.07,1594367,3617587199,18018729983,31205621759,38889586687,152192,40600862719,9398997992.82,11216168519.82,194700,10,10,10,0,0,0,0,0,0,1223688191,1456472063,1469054975,1274707610.53,1100
1790714001,0,195800,0,404.80,1100.67,1602559,3514826751,17934843903,31188844543,38889586687,152192,40600862719,9357376293.25,11198330119.88,195800,10,10,10,0,0,0,0,0,0,1830813695,2264924159,2275409919,1990335469.38,1100
1790714002,0,196350,0,405.10,550.01,1606655,3464495103,17884512255,31188844543,38889586687,152192,40600862719,9338890353.94,11188073506.06,196350,10,10,10,0,0,0,0,0,0,2757754879,2812280831,2818572287,2757895961.13,550
1790714003,0,197450,0,406.53,1099.88,1613823,3464495103,17767071743,31155290111,38889586687,152192,40600862719,9306319008.48,11165363893.46,197450,10,10,10,0,0,0,0,0,0,3311403007,3783262207,3791650815,3492333843.55,1100
1790714004,0,198000,0,406.83,549.98,1617919,3514826751,17716740095,30769414143,38889586687,152192,40600862719,9292204547.54,11153052527.62,198000,10,10,10,0,0,0,0,0,0,4225761279,4278190079,4284481535,4225113069.38,550
1790714005,0,199100,0,408.25,1099.77,1627135,3617587199,17632854015,30752636927,38889586687,152192,40600862719,9268015007.83,11126944319.96,199100,10,10,10,0,0,0,0,0,0,4781506559,5167382527,5175771135,4913897859.26,1100
1790714006,0,200200,0,409.66,1099.49,1635327,3735027711,17582522367,30735859711,38889586687,152192,40600862719,9248492080.04,11099453608.66,200200,10,10,10,0,0,0,0,0,0,5582618623,5981077503,5989466111,5714842151.10,1100
1790714007,0,200750,0,409.95,550.43,1638399,3772776447,17548967935,30719082495,38889586687,152192,40600862719,9240606479.57,11085259575.78,200750,10,10,10,0,0,0,0,0,0,6371147775,6429868031,6429868031,6370247907.14,550
1790714008,0,201850,0,411.36,1099.95,1647615,3957325823,17498636287,30702305279,38889586687,152192,40600862719,9228572733.73,11056220227.53,201850,10,10,10,0,0,0,0,0,0,6878658559,7302283263,7310671871,7032414118.63,1100
1790714009,0,202950,0,412.76,1099.99,1655807,4087349247,17448304639,30685528063,38856032255,152192,40600862719,9221085451.22,11026695875.37,202950,10,10,10,0,0,0,0,0,0,7683964927,8120172543,8132755455,7847169109.64,1100
1790714010,0,203500,0,413.04,550.05,1659903,4137680895,17414750207,30668750847,38856032255,152192,40600862719,9219165038.12,11011846798.74,203500,10,10,10,0,0,0,0,0,0,8514437119,8568963071,8577351679,8510532604.28,550
1790714011,0,204600,0,414.43,1099.21,1670143,4215275519,17297309695,30651973631,38856032255,152192,40600862719,9218683897.50,10982214816.95,204600,10,10,10,0,0,0,0,0,0,9017753599,9353297919,9370075135,9129672882.73,1100
1790714012,0,205700,0,415.81,1100.38,1682431,4362076159,17196646399,30635196415,38856032255,152192,40600862719,9221637363.09,10952897381.97,205700,10,10,10,0,0,0,0,0,0,9621733375,10041163775,10049552383,9770981964.33,1100
1790714013,0,206766,0,417.13,1066.62,1699839,4550819839,17095983103,30618419199,38856032255,152192,40600862719,9228633307.92,10925071219.48,206766,10,10,10,0,0,0,0,0,0,10427039743,10863247359,10871635967,10578601273.16,1066
1790714014,0,207350,0,417.46,583.47,1710079,4613734399,17070817279,30601641983,38856032255,152192,40600862719,9234235972.79,10910186391.65,207350,10,10,10,0,0,0,0,0,0,11249123327,11307843583,11307843583,11217867144.77,584
1790714015,0,208450,0,418.83,1099.86,1736703,4689231871,17020485631,30584864767,38856032255,152192,40600862719,9248255657.53,10883075245.27,208450,10,10,10,0,0,0,0,0,0,11760828415,12155092991,12163481599,11890966230.11,1100
1790714016,0,209000,0,419.10,550.45,1757183,4722786303,16995319807,30198988799,38856032255,152192,40600862719,9256935824.14,10870059721.90,209000,10,10,10,0,0,0,0,0,0,12549357567,12608077823,12608077823,12546718969.48,550
1790714017,0,210151,0,420.56,1151.25,1798143,4873781247,16944988159,30165434367,38856032255,152192,40600862719,9278141570.71,10844023168.00,210151,10,10,10,0,0,0,0,0,0,13170114559,13287555071,13639876607,13128707195.66,1151
1790714018,0,211200,0,421.82,1048.77,1826815,5058330623,16835936255,30148657151,38856032255,152192,40600862719,9300851655.24,10821848545.39,211200,10,10,10,0,0,0,0,0,0,14042529791,14143193087,14151581695,13850467453.93,1049
1790714019,0,212300,0,423.17,1099.47,1848319,5121245183,16726884351,30131879935,38822477823,152192,40600862719,9328261235.90,10800468254.26,212300,10,10,10,0,0,0,0,0,0,14436794367,14864613375,14873001983,14590900722.97,1100
1790714020,0,212850,0,423.42,550.24,1859583,5154799615,16676552703,30131879935,38822477823,152192,40600862719,9343554101.13,10790689067.34,212850,10,10,10,0,0,0,0,0,0,15250489343,15300820991,15309209599,15246600080.29,550
1790714021,0,213950,0,424.76,1099.28,1874943,5238685695,16567500799,30115102719,38822477823,152192,40600862719,9377376510.20,10773204433.92,213950,10,10,10,0,0,0,0,0,0,15762194431,16198402047,16206790655,15922012666.41,1100
1790714022,0,215050,0,426.10,1100.18,1888255,5448400895,16676552703,30081548287,38822477823,152192,40600862719,9415397542.22,10758702665.78,215050,10,10,10,0,0,0,0,0,0,16659775487,17087594495,17095983103,16810488269.73,1100
1790714023,0,215600,0,426.35,550.19,1894399,5494538239,16835936255,30081548287,38822477823,152192,40600862719,9435743357.33,10752500252.33,215600,10,10,10,0,0,0,0,0,0,17397972991,17448304639,17465081855,17390957065.31,550
1790714024,0,216700,0,427.68,1100.08,1907711,5574230015,17012097023,30064771071,38822477823,152192,40600862719,9479506222.49,10742672472.07,216700,10,10,10,0,0,0,0,0,0,17901289471,18337497087,18337497087,18057027792.52,1100
1790714025,0,217800,0,429.00,1099.58,1917951,5683281919,17095983103,30047993855,38822477823,152192,40600862719,9527094906.51,10736315365.51,217800,10,10,10,0,0,0,0,0,0,18790481919,19159580671,19176357887,18902065658.41,1100
1790714026,0,218350,0,429.24,549.92,1923071,5746196479,17246978047,30031216639,38822477823,152192,40600862719,9552084736.15,10734310441.13,218350,10,10,10,0,0,0,0,0,0,19461570559,19511902207,19511902207,19448057275.11,550
1790714027,0,219450,0,430.55,1100.34,1932287,5892997119,17414750207,30014439423,38822477823,152192,40600862719,9604414476.09,10732731604.44,219450,10,10,10,0,0,0,0,0,0,19931332607,20182990847,20199768063,19991867853.73,1100
1790714028,0,220550,0,431.86,1100.11,1942527,5981077503,17548967935,29611786239,38486933503,152192,40600862719,9660302232.58,10735005247.59,220550,10,10,10,0,0,0,0,0,0,20686307327,21072183295,21072183295,20809909653.88,1100
1790714029,0,221304,0,432.49,754.37,1948671,6098518015,17683185663,29595009023,38486933503,152192,40600862719,9700910976.76,10739191285.26,221304,10,10,10,0,0,0,0,0,0,21474836479,21961375743,21961375743,21579237935.53,754
1790714030,0,222200,0,433.40,895.74,1956863,6178209791,17834180607,29578231807,38453379071,152192,40600862719,9751140274.67,10746559339.64,222200,10,10,10,0,0,0,0,0,0,22313697279,22397583359,22397583359,22157328384.00,896
1790714031,0,223300,0,434.70,1099.31,1966079,6325010431,18018729983,29561454591,38453379071,152192,40600862719,9816451010.50,10760181698.41,223300,10,10,10,0,0,0,0,0,0,22850568191,23286775807,23303553023,23009219647.30,1100
1790714032,0,224287,0,435.77,987.86,1975295,6392119295,18152947711,29544677375,38453379071,152192,40600862719,9878019841.11,10776349426.98,224287,10,10,10,0,0,0,0,0,0,23739760639,24008196095,24024973311,23807421945.26,987
1790714033,0,224950,0,436.21,662.96,1980415,6450839551,18270388223,29527900159,38453379071,152192,40600862719,9920624580.06,10788957524.78,224950,10,10,10,0,0,0,0,0,0,24410849279,24477958143,24494735359,24333428627.89,663
1790714034,0,226050,0,437.49,1099.95,1988607,6664749055,18454937599,29511122943,38453379071,152192,40600862719,9993977727.59,10813684078.48,226050,10,10,10,0,0,0,0,0,0,24863834111,25266487295,25283264511,24994696396.80,1100
1790714035,0,227150,0,438.77,1099.93,1996799,6761218047,18639486975,29494345727,38453379071,152192,40600862719,10069660938.72,10841902557.99,227150,10,10,10,0,0,0,0,0,0,25484591103,25920798719,25920798719,25622560827.58,1100
1790714036,0,227700,0,438.99,549.67,1999871,6786383871,18706595839,29477568511,38453379071,152192,40600862719,10108984890.28,10858249239.69,227700,10,10,10,0,0,0,0,0,0,26357006335,26407337983,26424115199,26349776881.11,550
1790714037,0,228800,0,440.26,1100.24,2010111,6874464255,18857590783,29460791295,38453379071,152192,40600862719,10190001047.18,10894657375.03,228800,10,10,10,0,0,0,0,0,0,26860322815,27195867135,27195867135,26960345527.39,1100
1790714038,0,229900,0,441.53,1100.23,2019327,7088373759,19092471807,29444014079,38453379071,152192,40600862719,10274340781.07,10936427079.97,229900,10,10,10,0,0,0,0,0,0,27665629183,28101836799,28101836799,27817005428.36,1100
1790714039,0,230450,0,441.74,549.97,2025471,7163871231,19142803455,29427236863,38453379071,152192,40600862719,10317834347.57,10959503287.19,230450,10,10,10,0,0,0,0,0,0,28504489983,28554821631,28571598847,28498145145.95,550
1790714040,0,231550,0,443.00,1100.11,2039807,7230980095,19277021183,29460791295,38453379071,152192,40600862719,10407432510.89,11010095912.10,231550,10,10,10,0,0,0,0,0,0,29007806463,29477568511,29477568511,29178247726.55,1100
1790714041,0,232335,0,443.65,785.27,2054143,7272923135,19444793343,29829890047,38419824639,152192,40600862719,10473535068.00,11049960772.88,232335,10,10,10,0,0,0,0,0,0,29880221695,30282874879,30299652095,29971684238.51,785
1790714042,0,233200,0,444.45,864.26,2071551,7319060479,19545456639,30148657151,38419824639,152192,40600862719,10547807903.47,11096423563.65,233200,10,10,10,0,0,0,0,0,0,30635196415,30719082495,30735859711,30497148051.98,865
1790714043,0,234300,0,445.70,1099.88,2099199,7545552895,19746783231,30651973631,38419824639,152192,40600862719,10645409040.51,11161195442.44,234300,10,10,10,0,0,0,0,0,0,31188844543,31608274943,31625052159,31336850093.15,1100
1790714044,0,234850,0,445.90,550.26,2113535,7595884543,19813892095,30719082495,38419824639,152192,40600862719,10695431025.94,11195824445.57,234850,10,10,10,0,0,0,0,0,0,32010928127,32061259775,32078036991,32004796818.15,550
1790714045,0,235950,0,447.14,1100.39,2146303,7662993407,19914555391,31255953407,38419824639,152192,40600862719,10798212033.67,11270217718.02,235950,10,10,10,0,0,0,0,0,0,32564576255,33034338303,33051115519,32741957185.16,1100
1790714046,0,236500,0,447.33,549.80,2158591,7696547839,20082327551,31574720511,38419824639,152192,40600862719,10850953785.44,11309985228.68,236500,10,10,10,0,0,0,0,0,0,33487323135,33537654783,33537654783,33477165294.31,550
1790714047,0,237600,0,448.56,1100.24,2185215,7793016831,20199768063,31994150911,38419824639,152192,40600862719,10959104763.50,11394675341.15,237600,10,10,10,0,0,0,0,0,0,34024194047,34527510527,34527510527,34211565046.69,1100
1790714048,0,238150,0,448.75,549.68,2195455,7855931391,20266876927,32329695231,38419824639,152192,40600862719,11014523507.81,11439647941.10,238150,10,10,10,0,0,0,0,0,0,34963718143,35030827007,35030827007,34955421048.09,550
1790714049,0,239250,0,449.98,1100.86,2217983,8032092159,20501757951,32833011711,38419824639,152192,40600862719,11127543078.79,11533838487.01,239250,10,10,10,0,0,0,0,0,0,35500589055,35802578943,35802578943,35596280195.26,1100
1790714050,0,239800,0,450.17,549.97,2224127,8069840895,20602421247,32967229439,38419824639,152192,40600862719,11185181331.07,11583154268.50,239800,10,10,10,0,0,0,0,0,0,36272340991,36339449855,36339449855,36257821074.15,550
1790714051,0,240900,0,451.38,1099.05,2238463,8174698495,20753416191,33470545919,38419824639,152192,40600862719,11303031792.43,11686952125.45,240900,10,10,10,0,0,0,0,0,0,36809211903,37312528383,37312528383,36994432368.64,1100
1790714052,0,241450,0,451.57,550.41,2244607,8220835839,20820525055,33889976319,38419824639,152192,40600862719,11363251314.01,11741468588.84,241450,10,10,10,0,0,0,0,0,0,37748735999,37815844863,37815844863,37739401767.10,550
1790714053,0,242550,0,452.78,1099.16,2256895,8325693439,21005074431,34057748479,38688260095,152192,40600862719,11486011091.36,11855165223.13,242550,10,10,10,0,0,0,0,0,0,38285606911,38721814527,38721814527,38431782219.40,1100
1790714054,0,243528,0,453.76,978.91,2267135,8468299775,21139292159,34628173823,39090913279,152192,40600862719,11597661753.96,11961285212.94,243528,10,10,10,0,0,0,0,0,0,39158022143,39594229759,39594229759,39287711052.96,978
1790714055,0,244200,0,454.16,672.01,2275327,8514437119,21273509887,34997272575,39460012031,152192,40600862719,11675424461.34,12036200441.09,244200,10,10,10,0,0,0,0,0,0,39929774079,39996882943,40030437375,39856074166.86,672
1790714056,0,245300,0,455.36,1098.93,2285567,8648654847,21407727615,35467034623,39929774079,152192,40902852607,11805178445.82,12163812074.76,245300,10,10,10,0,0,0,0,0,0,40466644991,40902852607,40902852607,40610563001.25,1100
1790714057,0,245850,0,455.54,550.06,2289663,8732540927,21458059263,35735470079,39996882943,152192,41372614655,11871122567.23,12229751098.51,245850,10,10,10,0,0,0,0,0,0,41305505791,41339060223,41372614655,41282200713.77,550
1790714058,0,246950,0,456.73,1100.36,2301951,8841592831,21692940287,36238786559,40533753855,152192,42245029887,12005003225.84,12365551089.18,246950,10,10,10,0,0,0,0,0,0,41775267839,42211475455,42245029887,41927330425.02,1100
1790714059,0,248050,0,457.92,1099.68,2310143,8933867519,21860712447,36742103039,41305505791,152192,43117445119,12141651445.34,12506838743.34,248050,10,10,10,0,0,0,0,0,0,42681237503,43117445119,43117445119,42819176723.55,1100
1790714060,0,248600,0,458.09,550.05,2314239,8975810559,21911044095,36809211903,41708158975,152192,43486543871,12210812963.80,12579039289.09,248600,10,10,10,0,0,0,0,0,0,43419435007,43486543871,43486543871,43402657792.00,550
1790714061,0,249490,0,458.88,890.34,2322431,8992587775,21944598527,37211865087,42177921023,152192,43922751487,12264661828.44,12651349993.53,249490,10,10,10,0,0,0,0,0,0,43822088191,43922751487,43922751487,27306041319.91,890
1790714062,0,249690,0,458.41,199.99,2322431,8975810559,21944598527,37211865087,42177921023,152192,43922751487,12254840291.91,12651038874.58,249690,10,10,10,0,0,0,0,0,0,2940927,4825087,5144575,2964554.24,200
1790714063,0,249890,0,457.93,199.90,2322431,8959033343,21927821311,37211865087,42177921023,152192,43922751487,12245034949.03,12650720182.34,249890,10,10,10,0,0,0,0,0,0,3407871,5414911,5685247,3554632.96,200
1790714064,0,250090,0,457.46,200.08,2322431,8950644735,21927821311,37211865087,42177921023,152192,43922751487,12235245077.10,12650394614.75,250090,10,10,10,0,0,0,0,0,0,3319807,5111807,5369855,3289585.60,200
1790714065,0,250290,0,456.99,200.04,2322431,8933867519,21927821311,37211865087,42177921023,152192,43922751487,12225470842.62,12650062008.79,250290,10,10,10,0,0,0,0,0,0,3274751,5238783,5566463,3279344.64,200
1790714066,0,250490,0,456.52,200.03,2322431,8917090303,21911044095,37211865087,42177921023,152192,43922751487,12215712034.55,12649722566.43,250490,10,10,10,0,0,0,0,0,0,2996223,4800511,5210111,3051668.48,200
1790714067,0,250690,0,456.06,199.92,2322431,8908701695,21911044095,37211865087,42177921023,152192,43922751487,12205968970.73,12649375978.84,250690,10,10,10,0,0,0,0,0,0,3170303,5050367,5292031,3268689.92,200
1790714068,0,250890,0,455.59,200.01,2324479,8891924479,21911044095,37211865087,42177921023,152192,43922751487,12196241521.09,12649022369.86,250890,10,10,10,0,0,0,0,0,0,3350527,4984831,5312511,3369768.96,200
1790714069,0,251090,0,455.13,200.05,2324479,8866758655,21894266879,37211865087,42177921023,152192,43922751487,12186529576.30,12648661843.12,251090,10,10,10,0,0,0,0,0,0,3385343,4870143,5423103,3380439.04,200
1790714070,0,251290,0,454.67,199.97,2324479,8849981439,21894266879,37211865087,42177921023,152192,43922751487,12176833028.86,12648294500.21,251290,10,10,10,0,0,0,0,0,0,3336191,4960255,5357567,3302545.28,200
1790714071,0,251490,0,454.21,200.00,2322431,8824815615,21894266879,37211865087,42177921023,152192,43922751487,12167151155.87,12647921034.30,251490,10,10,10,0,0,0,0,0,0,2324479,4550655,4886527,2361840.32,200
1790714072,0,251690,0,453.75,199.98,2322431,8808038399,21877489663,37211865087,42177921023,152192,43922751487,12157485700.05,12647539767.08,251690,10,10,10,0,0,0,0,0,0,3340287,6328319,13754367,3658272.64,200
1790714073,0,251890,0,453.29,200.04,2322431,8791261183,21877489663,37211865087,42177921023,152192,43922751487,12147835396.67,12647151912.99,251890,10,10,10,0,0,0,0,0,0,3418111,5029887,5476351,3411111.68,200
1790714074,0,252090,0,452.84,199.92,2324479,8766095359,21877489663,37211865087,42177921023,152192,43922751487,12138200446.56,12646757277.03,252090,10,10,10,0,0,0,0,0,0,3440639,5107711,5517311,3462524.16,200
1790714075,0,252290,0,452.38,199.99,2324479,8749318143,21877489663,37211865087,42177921023,152192,43922751487,12128580560.26,12646356134.72,252290,10,10,10,0,0,0,0,0,0,3207167,4943871,5353471,3194877.44,200
1790714076,0,252490,0,451.93,200.08,2324479,8732540927,21860712447,37211865087,42177921023,152192,43922751487,12118975736.87,12645948484.35,252490,10,10,10,0,0,0,0,0,0,2959359,4534271,5054463,2971270.40,200
1790714077,0,252690,0,451.48,199.89,2324479,8715763711,21860712447,37211865087,42177921023,152192,43922751487,12109386302.04,12645534011.68,252690,10,10,10,0,0,0,0,0,0,3137535,4751359,5033983,3204300.80,200
1790714078,0,252890,0,451.03,200.17,2324479,8673820671,21843935231,37211865087,42177921023,152192,43922751487,12099812245.07,12645112725.14,252890,10,10,10,0,0,0,0,0,0,3223551,6938623,8658943,3469975.04,200
1790714079,0,253090,0,450.59,199.98,2322431,8615100415,21843935231,36876320767,42177921023,152192,43922751487,12090253053.99,12644685112.34,253090,10,10,10,0,0,0,0,0,0,3172351,4792319,5492735,3133883.52,200
1790714080,0,253290,0,450.14,199.90,2322431,8573157375,21843935231,36876320767,42177921023,152192,43922751487,12080708928.85,12644250979.39,253290,10,10,10,0,0,0,0,0,0,3088383,4497407,4825087,3095777.28,200
1790714081,0,253490,0,449.70,200.13,2324479,8560574463,21827158015,36876320767,42177921023,152192,43922751487,12071179925.96,12643810270.28,253490,10,10,10,0,0,0,0,0,0,3166207,4894719,5525503,3174209.28,200
1790714082,0,253690,0,449.25,199.81,2324479,8547991551,21827158015,36876320767,42177921023,152192,43922751487,12061665896.41,12643363124.82,253690,10,10,10,0,0,0,0,0,0,3115007,4632575,5025791,3109148.16,200
1790714083,0,253890,0,448.81,200.00,2322431,8531214335,21810380799,36876320767,42177921023,152192,43922751487,12052166843.69,12642909537.48,253890,10,10,10,0,0,0,0,0,0,2912255,4730879,5181439,3093424.00,200
1790714084,0,254090,0,448.37,200.05,2322431,8514437119,21810380799,36842766335,42177921023,152192,43922751487,12042682801.50,12642449473.41,254090,10,10,10,0,0,0,0,0,0,3155967,4759551,5177343,3165442.56,200
1790714085,0,254290,0,447.94,199.98,2322431,8501854207,21793603583,36842766335,42144366591,152192,43922751487,12033213626.95,12641983066.52,254290,10,10,10,0,0,0,0,0,0,3112959,4702207,5111807,3100821.76,200
1790714086,0,254490,0,447.50,200.04,2322431,8489271295,21793603583,36842766335,42144366591,152192,43922751487,12023759307.05,12641510326.65,254490,10,10,10,0,0,0,0,0,0,3063807,4567039,4743167,3064262.40,200
1790714087,0,254690,0,447.07,200.02,2322431,8472494079,21776826367,36842766335,42144366591,152192,43922751487,12014320183.71,12641030926.56,254690,10,10,10,0,0,0,0,0,0,3330047,5201919,5664767,3507689.60,200
1790714088,0,254890,0,446.63,199.93,2324479,8459911167,21760049151,36842766335,42144366591,152192,43922751487,12004895871.14,12640545230.59,254890,10,10,10,0,0,0,0,0,0,3489791,5128191,5599231,3505036.80,200
1790714089,0,255090,0,446.20,200.09,2324479,8434745343,21743271935,36842766335,42144366591,152192,43922751487,11995486359.78,12640053245.45,255090,10,10,10,0,0,0,0,0,0,3514367,5292031,5705727,3534603.52,200
1790714090,0,255290,0,445.77,200.07,2324479,8392802303,21726494719,36842766335,42144366591,152192,43922751487,11986091424.74,12639555181.87,255290,10,10,10,0,0,0,0,0,0,3342335,4866047,5427199,3321528.32,200
1790714091,0,255490,0,445.34,199.84,2324479,8346664959,21709717503,36842766335,42144366591,152192,43922751487,11976711164.14,12639050944.03,255490,10,10,10,0,0,0,0,0,0,3248127,5074943,5451775,3277521.92,200
1790714092,0,255690,0,444.92,200.03,2326527,8325693439,21692940287,36842766335,42144366591,152192,43922751487,11967345692.12,12638540421.22,255690,10,10,10,0,0,0,0,0,0,3387391,5013503,5230591,3423459.84,200
1790714093,0,255890,0,444.49,200.07,2326527,8313110527,21659385855,36809211903,42144366591,152192,43922751487,11957994885.51,12638023727.73,255890,10,10,10,0,0,0,0,0,0,3284991,5001215,5500927,3456177.92,200
1790714094,0,256090,0,444.07,199.90,2326527,8292139007,21642608639,36809211903,42144366591,152192,43922751487,11948658710.62,12637500892.64,256090,10,10,10,0,0,0,0,0,0,3463167,5148671,5361663,3489742.08,200
1790714095,0,256290,0,443.64,200.15,2328575,8275361791,21625831423,36809211903,42144366591,152192,43922751487,11939337010.37,12636972061.82,256290,10,10,10,0,0,0,0,0,0,3332095,5148671,5500927,3365925.12,200
1790714096,0,256490,0,443.22,200.01,2328575,8254390271,21609054207,36809211903,42144366591,152192,43922751487,11930029974.06,12636437053.75,256490,10,10,10,0,0,0,0,0,0,3485695,5091327,5541887,3528294.40,200
1790714097,0,256690,0,442.80,199.94,2328575,8237613055,21592276991,36809211903,42144366591,152192,43922751487,11920737286.35,12635896163.47,256690,10,10,10,0,0,0,0,0,0,3246079,4952063,5431295,3329927.68,200
1790714098,0,256890,0,442.39,200.07,2328575,8220835839,21575499775,36809211903,42144366591,152192,43922751487,11911459182.98,12635349165.67,256890,10,10,10,0,0,0,0,0,0,3444735,4993023,5406719,3477422.08,200
1790714099,0,257090,0,441.97,199.89,2330623,8199864319,21558722559,36809211903,42144366591,152192,43922751487,11902195461.46,12634796248.62,257090,10,10,10,0,0,0,0,0,0,3387391,5042175,5296127,3408357.12,200
1790714100,0,257290,0,441.55,199.94,2330623,8178892799,21541945343,36809211903,42144366591,152192,43922751487,11892946056.45,12634237470.94,257290,10,10,10,0,0,0,0,0,0,3313663,5369855,5521407,3298377.28,200
1790714101,0,257490,0,441.14,200.12,2330623,8166309887,21525168127,36809211903,42144366591,152192,43922751487,11883711157.43,12633672651.46,257490,10,10,10,0,0,0,0,0,0,3442687,5058559,5574655,3475322.88,200
1790714102,0,257690,0,440.73,199.89,2330623,8128561151,21508390911,36809211903,42144366591,152192,43922751487,11874490509.85,12633102026.89,257690,10,10,10,0,0,0,0,0,0,3338239,5255167,5525503,3367777.28,200
1790714103,0,257890,0,440.32,200.04,2330623,8111783935,21508390911,36809211903,42144366591,152192,43922751487,11865284150.63,12632525559.55,257890,10,10,10,0,0,0,0,0,0,3330047,4984831,5525503,3350611.52,200
1790714104,0,258090,0,439.91,199.93,2332671,8099201023,21491613695,36809211903,42144366591,152192,43922751487,11856092096.81,12631943230.58,258090,10,10,10,0,0,0,0,0,0,3389439,5107711,5455871,3398293.76,200
1790714105,0,258290,0,439.50,200.14,2332671,8082423807,21491613695,36809211903,42144366591,152192,43922751487,11846914326.71,12631355057.51,258290,10,10,10,0,0,0,0,0,0,3450879,5083135,5357567,3460905.60,200
1790714106,0,258490,0,439.09,200.03,2332671,8069840895,21491613695,36809211903,42144366591,152192,43922751487,11837750748.66,12630761123.44,258490,10,10,10,0,0,0,0,0,0,3428351,5222399,5681151,3447873.28,200
1790714107,0,258690,0,438.69,199.98,2332671,8057257983,21474836479,36809211903,42144366591,152192,43922751487,11828601305.41,12630161479.08,258690,10,10,10,0,0,0,0,0,0,3305471,5001215,5591039,3403383.36,200
1790714108,0,258890,0,438.28,199.95,2334719,8040480767,21474836479,36809211903,42144366591,152192,43922751487,11819466126.23,12629556000.40,258890,10,10,10,0,0,0,0,0,0,3549183,5148671,5337087,3568619.52,200
1790714109,0,259090,0,437.88,199.96,2334719,8032092159,21458059263,36809211903,42144366591,152192,43922751487,11810344853.57,12628945019.03,259090,10,10,10,0,0,0,0,0,0,3336191,5099519,5451775,3313452.80,200
1790714110,0,259290,0,437.48,199.98,2334719,8015314943,21458059263,36809211903,42144366591,152192,43922751487,11801237752.67,12628328283.78,259290,10,10,10,0,0,0,0,0,0,3444735,5402623,5820415,3443891.20,200
1790714111,0,259490,0,437.08,200.04,2334719,7985954815,21441282047,36809211903,42144366591,152192,43922751487,11792144590.58,12627706009.34,259490,10,10,10,0,0,0,0,0,0,3295231,5005311,5509119,3314604.16,200
1790714112,0,259690,0,436.68,199.96,2334719,7944011775,21441282047,36809211903,42144366591,152192,43922751487,11783065532.48,12627078038.40,259690,10,10,10,0,0,0,0,0,0,3391487,5443583,6975487,3441594.88,200
1790714113,0,259890,0,436.28,200.06,2334719,7910457343,21441282047,36809211903,42144366591,152192,43922751487,11774000433.44,12626444503.33,259890,10,10,10,0,0,0,0,0,0,2934783,8191999,11616255,3422585.60,200
1790714114,0,260090,0,435.89,200.04,2334719,7876902911,21424504831,36809211903,42144366591,152192,43922751487,11764948946.91,12625805723.65,260090,10,10,10,0,0,0,0,0,0,2988031,4972543,5386239,2994773.44,200
1790714115,0,260290,0,435.49,199.91,2334719,7834959871,21424504831,36775657471,42144366591,152192,43922751487,11755911386.64,12625161403.65,260290,10,10,10,0,0,0,0,0,0,3012607,4452351,4726783,3016136.96,200
1790714116,0,260490,0,435.10,200.06,2334719,7813988351,21424504831,36775657471,42144366591,152192,43922751487,11746887721.66,12624511569.10,260490,10,10,10,0,0,0,0,0,0,3014655,4702207,4976639,3038936.32,200
1790714117,0,260690,0,434.71,200.02,2334719,7793016831,21407727615,36775657471,42144366591,152192,43922751487,11737877929.43,12623856237.97,260690,10,10,10,0,0,0,0,0,0,2918399,4653055,5079039,3074037.76,200
1790714118,0,261769,0,435.78,1079.31,2340863,7700742143,21374173183,36775657471,42144366591,152192,43922751487,11690302888.50,12619502242.07,261769,10,10,10,0,0,0,0,0,0,126812159,520880127,525074431,196014269.81,1079
1790714119,0,262620,0,436.47,850.27,2347007,7650410495,21340618751,36775657471,42144366591,152192,43922751487,11654917214.70,12614321146.72,262620,10,10,10,0,0,0,0,0,0,910163967,948961279,952631295,770225740.41,851
1790714120,0,263720,0,437.57,1100.77,2355199,7574913023,21290287103,36775657471,42144366591,152192,43922751487,11612485577.22,12605054514.42,263720,10,10,10,0,0,0,0,0,0,1332740095,1699741695,1703935999,1482124999.21,1100
1790714121,0,264820,0,438.67,1099.62,2365439,7386169343,21239955455,36775657471,42144366591,152192,43922751487,11573987969.13,12592972696.90,264820,10,10,10,0,0,0,0,0,0,2140143615,2598371327,2602565631,2344361418.01,1100
1790714122,0,265920,0,439.76,1100.33,2375679,7277117439,21156069375,36742103039,42144366591,152192,43922751487,11539622363.23,12578215568.24,265920,10,10,10,0,0,0,0,0,0,3066036223,3516923903,3521118207,3266258951.45,1100
1790714123,0,267020,0,440.85,1099.98,2387967,7214202879,21072183295,36742103039,42144366591,152192,43922751487,11509363733.32,12561102676.04,267020,10,10,10,0,0,0,0,0,0,3995074559,4445962239,4450156543,4194477491.67,1100
1790714124,0,267679,0,441.21,659.16,2394111,7176454143,21055406079,36742103039,42144366591,152192,43922751487,11493221479.92,12549840926.38,267679,10,10,10,0,0,0,0,0,0,4886364159,5330960383,5330960383,4952546967.50,659
1790714125,0,268670,0,442.12,990.15,2406399,7033847807,21021851647,36742103039,42144366591,152192,43922751487,11471232844.61,12531892407.36,268670,10,10,10,0,0,0,0,0,0,5700059135,5742002175,5746196479,5531882782.22,991
1790714126,0,269770,0,443.20,1100.69,2424831,6853492735,20971519999,36742103039,42110812159,152192,43922751487,11450489556.52,12510526125.40,269770,10,10,10,0,0,0,0,0,0,6182404095,6635388927,6639583231,6384035728.29,1100
1790714127,0,270870,0,444.27,1099.92,2441215,7033847807,20887633919,36708548607,42110812159,152192,43922751487,11433639711.79,12487894476.58,270870,10,10,10,0,0,0,0,0,0,7100956671,7553941503,7558135807,7301291883.05,1100
1790714128,0,271970,0,445.35,1099.49,2459647,7088373759,20837302271,36708548607,42110812159,152192,43922751487,11420630377.90,12464295279.90,271970,10,10,10,0,0,0,0,0,0,8015314943,8468299775,8472494079,8217141039.48,1100
1790714129,0,272520,0,445.52,550.11,2476031,7138705407,20803747839,36708548607,42110812159,152192,43922751487,11415547042.79,12452224305.72,272520,10,10,10,0,0,0,0,0,0,8908701695,8925478911,8933867519,8901884045.50,550
1790714130,0,273620,0,446.59,1100.48,2498559,7214202879,20753416191,36708548607,42110812159,152192,43922751487,11408179949.76,12427718332.59,273620,10,10,10,0,0,0,0,0,0,9386852351,9839837183,9839837183,9583016137.08,1100
1790714131,0,274720,0,447.65,1099.04,2521087,7277117439,20703084543,36674994175,42110812159,152192,43922751487,11404446447.29,12402960783.73,274720,10,10,10,0,0,0,0,0,0,10276044799,10729029631,10737418239,10475754678.46,1100
1790714132,0,275820,0,448.71,1100.34,2539519,7386169343,20652752895,36339449855,41775267839,152192,43922751487,11404355829.08,12378212423.15,275820,10,10,10,0,0,0,0,0,0,11182014463,11634999295,11643387903,11381724342.46,1100
1790714133,0,276763,0,449.52,943.64,2553855,7516192767,20619198463,36339449855,41775267839,152192,43922751487,11407246167.79,12357212672.34,276763,10,10,10,0,0,0,0,0,0,12079595519,12540968959,12540968959,12252647254.60,943
1790714134,0,277470,0,449.93,706.80,2564095,7545552895,20585644031,36305895423,41775267839,152192,43922751487,11410868768.04,12341670802.21,277470,10,10,10,0,0,0,0,0,0,12918456319,12952010751,12952010751,12828975857.15,707
1790714135,0,278570,0,450.99,1099.87,2578431,7616856063,20535312383,36305895423,41775267839,152192,43922751487,11419529667.33,12318055775.31,278570,10,10,10,0,0,0,0,0,0,13413384191,13849591807,13857980415,13604202145.98,1100
1790714136,0,279670,0,452.03,1100.32,2590719,7679770623,20401094655,36305895423,41775267839,152192,43922751487,11431677434.11,12295335225.21,279670,10,10,10,0,0,0,0,0,0,14310965247,14763950079,14763950079,14508044153.95,1100
1790714137,0,280770,0,453.08,1099.02,2603007,7772045311,20333985791,36305895423,41775267839,152192,43922751487,11447311031.61,12273766295.88,280770,10,10,10,0,0,0,0,0,0,15225323519,15678308351,15678308351,15422082133.64,1100
1790714138,0,281415,0,453.39,645.65,2609151,7830765567,20300431359,36305895423,41775267839,152192,43922751487,11458150146.58,12261780771.70,281415,10,10,10,0,0,0,0,0,0,16114515967,16584278015,16584278015,16176442102.87,645
1790714139,0,282420,0,454.28,1004.53,2621439,7973371903,20250099711,36272340991,41741713407,152192,43922751487,11477155264.59,12244082683.35,282420,10,10,10,0,0,0,0,0,0,16986931199,17028874239,17037262847,16798871963.64,1005
1790714140,0,283520,0,455.31,1099.62,2631679,8015314943,20199768063,36272340991,41741713407,152192,43922751487,11501233993.46,12226404516.26,283520,10,10,10,0,0,0,0,0,0,17498636287,17934843903,17934843903,17683338184.15,1100
1790714141,0,284620,0,456.35,1100.00,2641919,8086618111,20166213631,36272340991,41741713407,152192,43922751487,11528633301.98,12210689439.22,284620,10,10,10,0,0,0,0,0,0,18404605951,18840813567,18857590783,18590680529.45,1100
1790714142,0,285465,0,456.97,845.66,2648063,8174698495,20149436415,36272340991,41741713407,152192,43922751487,11552162733.79,12200254455.31,285465,10,10,10,0,0,0,0,0,0,19344130047,19797114879,19797114879,19477543660.91,845
1790714143,0,286270,0,457.53,804.49,2656255,8250195967,20182990847,36272340991,41741713407,152192,43922751487,11576109233.45,12191436738.74,286270,10,10,10,0,0,0,0,0,0,20216545279,20250099711,20250099711,20067894977.99,805
1790714144,0,287370,0,458.55,1100.41,2666495,8350859263,20250099711,36238786559,41741713407,152192,43922751487,11611329134.63,12181343773.33,287370,10,10,10,0,0,0,0,0,0,20635975679,20988297215,20988297215,20777148326.63,1100
1790714145,0,288470,0,459.57,1099.27,2676735,8451522559,20401094655,36238786559,41741713407,152192,43922751487,11649558873.52,12173796523.60,288470,10,10,10,0,0,0,0,0,0,21441282047,21894266879,21894266879,21636904386.56,1100
1790714146,0,289570,0,460.59,1100.89,2684927,8497659903,20602421247,36238786559,41741713407,152192,43922751487,11690937558.94,12169123088.96,289570,10,10,10,0,0,0,0,0,0,22347251711,22800236543,22800236543,22542309726.02,1100
1790714147,0,290670,0,461.61,1099.87,2693119,8577351679,20669530111,36238786559,41741713407,152192,43922751487,11735333511.48,12167423237.58,290670,10,10,10,0,0,0,0,0,0,23236444159,23672651775,23689428991,23422366217.31,1100
1790714148,0,291770,0,462.62,1099.46,2703359,8766095359,20837302271,36238786559,41741713407,152192,43922751487,11782294741.52,12168441867.75,291770,10,10,10,0,0,0,0,0,0,24024973311,24444403711,24444403711,24191586318.89,1100
1790714149,0,292709,0,463.37,939.66,2711551,8849981439,20954742783,36205232127,41741713407,152192,43922751487,11824886413.13,12172091441.56,292709,10,10,10,0,0,0,0,0,0,24897388543,25350373375,25367150591,25059148421.59,939
1790714150,0,293970,0,464.63,1260.68,2723839,8908701695,21055406079,36205232127,41741713407,152192,43922751487,11885041370.65,12180498489.50,293970,10,10,10,0,0,0,0,0,0,25769803775,26138902527,26138902527,25848481069.27,1261
1790714151,0,294724,0,465.09,754.18,2729983,8933867519,21206401023,36205232127,41741713407,152192,43922751487,11922820426.91,12187760575.87,294724,10,10,10,0,0,0,0,0,0,26575110143,26927431679,26944208895,26652142931.52,754
1790714152,0,295620,0,465.77,895.94,2740223,8992587775,21340618751,36171677695,41741713407,152192,43922751487,11969084198.38,12198175231.88,295620,10,10,10,0,0,0,0,0,0,27363639295,27397193727,27397193727,27186766994.29,896
1790714153,0,296720,0,466.77,1100.07,2754559,9193914367,21424504831,36171677695,41741713407,152192,43922751487,12028724096.35,12214743848.16,296720,10,10,10,0,0,0,0,0,0,27866955775,28319940607,28319940607,28056675584.93,1100
1790714154,0,297820,0,467.76,1099.18,2766847,9286189055,21491613695,35802578943,41708158975,152192,43922751487,12091073485.25,12235101442.58,297820,10,10,10,0,0,0,0,0,0,28722593791,29158801407,29175578623,28909537734.28,1100
1790714155,0,298920,0,468.75,1099.84,2783231,9336520703,21760049151,35802578943,41708158975,152192,43922751487,12156316966.98,12259670045.95,298920,10,10,10,0,0,0,0,0,0,29628563455,30081548287,30081548287,29820693083.23,1100
1790714156,0,300020,0,469.74,1100.96,2803711,9370075135,21860712447,35802578943,41708158975,152192,43922751487,12223991395.17,12287927794.30,300020,10,10,10,0,0,0,0,0,0,30433869823,30853300223,30870077439,30614209643.99,1100
1790714157,0,300570,0,469.87,550.01,2815999,9386852351,21877489663,35802578943,41708158975,152192,43922751487,12258901330.12,12303725687.13,300570,10,10,10,0,0,0,0,0,0,31306285055,31339839487,31339839487,31301953483.87,550
1790714158,0,301670,0,470.85,1099.58,2838527,9521070079,21961375743,35802578943,41708158975,152192,43922751487,12330832346.23,12338705505.25,301670,10,10,10,0,0,0,0,0,0,31792824319,32245809151,32245809151,31985655539.90,1100
1790714159,0,302770,0,471.83,1100.23,2861055,9596567551,22280142847,35769024511,41708158975,152192,43922751487,12405608438.95,12378374992.56,302770,10,10,10,0,0,0,0,0,0,32698793983,33168556031,33185333247,32912611975.91,1100
1790714160,0,303870,0,472.81,1099.08,2881535,9789505535,22330474495,35769024511,41708158975,152192,43922751487,12483012205.48,12422510864.02,303870,10,10,10,0,0,0,0,0,0,33604763647,34040971263,34057748479,33788047106.79,1100
1790714161,0,304585,0,473.18,715.75,2893823,9823059967,22380806143,35769024511,41708158975,152192,43922751487,12534879295.61,12453912237.75,304585,10,10,10,0,0,0,0,0,0,34493956095,34963718143,34963718143,34578029893.10,715
1790714162,0,305520,0,473.90,934.58,2908159,9865003007,22481469439,35769024511,41708158975,152192,43922751487,12604223907.00,12497675795.05,305520,10,10,10,0,0,0,0,0,0,35366371327,35433480191,35433480191,35193880015.26,935
1790714163,0,306620,0,474.87,1099.95,2924543,9948889087,22749904895,36171677695,41708158975,152192,43922751487,12688392362.20,12553859449.52,306620,10,10,10,0,0,0,0,0,0,35869687807,36339449855,36339449855,36065798211.03,1100
1790714164,0,307720,0,475.84,1100.19,2938879,10015997951,22800236543,36305895423,41708158975,152192,43922751487,12775169266.24,12614880758.84,307720,10,10,10,0,0,0,0,0,0,36775657471,37211865087,37245419519,36963836827.46,1100
1790714165,0,308820,0,476.80,1099.96,2953215,10175381503,22917677055,36742103039,41708158975,152192,43922751487,12864425589.08,12680581890.48,308820,10,10,10,0,0,0,0,0,0,37681627135,38050725887,38050725887,37833476192.81,1100
1790714166,0,309611,0,477.29,791.30,2963455,10250878975,23051894783,36775657471,41708158975,152192,43922751487,12930229084.75,12730946923.41,309611,10,10,10,0,0,0,0,0,0,38520487935,38956695551,38956695551,38621045181.33,791
1790714167,0,310470,0,477.87,858.34,2973695,10301210623,23202889727,37211865087,41708158975,152192,43922751487,13002931771.50,12788034958.70,310470,10,10,10,0,0,0,0,0,0,39359348735,39426457599,39426457599,39207299112.53,859
1790714168,0,311570,0,478.83,1100.15,2985983,10376708095,23269998591,37346082815,41708158975,152192,43922751487,13098334686.19,12865672560.36,311570,10,10,10,0,0,0,0,0,0,39862665215,40265318399,40265318399,40025373707.17,1100
1790714169,0,312670,0,479.78,1100.00,2998271,10443816959,23454547967,37748735999,41708158975,152192,43922751487,13196191258.38,12948194916.65,312670,10,10,10,0,0,0,0,0,0,40701526015,41204842495,41204842495,40913620530.27,1100
1790714170,0,313220,0,479.89,550.11,3002367,10494148607,23538434047,37849399295,41674604543,152192,43922751487,13246097350.40,12991429864.47,313220,10,10,10,0,0,0,0,0,0,41641050111,41641050111,41674604543,41617256969.31,550
1790714171,0,313770,0,480.00,549.61,3008511,10443816959,23521656831,37849399295,41674604543,152192,43922751487,13226482403.88,12988476204.72,313770,10,10,10,0,0,0,0,0,0,2056257535,2080374783,2082471935,2055948682.71,550
1790714172,0,314870,0,480.94,1100.30,3018751,10376708095,23454547967,37815844863,41674604543,152192,43922751487,13189606489.19,12980725112.48,314870,10,10,10,0,0,0,0,0,0,2472542207,2919235583,2923429887,2670919441.69,1100
1790714173,0,315970,0,481.89,1100.20,3028991,10301210623,23404216319,37815844863,41674604543,152192,43922751487,13156153015.95,12970472367.27,315970,10,10,10,0,0,0,0,0,0,3378511871,3833593855,3837788159,3580248361.89,1100
1790714174,0,316996,0,482.72,1026.68,3039231,10242490367,23337107455,37815844863,41674604543,152192,43922751487,13127786087.03,12959035088.36,316996,10,10,10,0,0,0,0,0,0,4227858431,4630511615,4634705919,4391822605.47,1026
1790714175,0,317620,0,482.93,623.96,3045375,10175381503,23286775807,37782290431,41674604543,152192,43922751487,13111824362.76,12951298596.19,317620,10,10,10,0,0,0,0,0,0,5058330623,5083496447,5087690751,5003166116.10,624
1790714176,0,318720,0,483.87,1099.00,3057663,10015997951,23253221375,37782290431,41674604543,152192,43922751487,13086237584.62,12936242723.98,318720,10,10,10,0,0,0,0,0,0,5544869887,5901385727,5905580031,5698171699.20,1100
1790714177,0,319820,0,484.80,1100.63,3069951,9948889087,23219666943,37782290431,41674604543,152192,43922751487,13063693884.05,12919684476.97,319820,10,10,10,0,0,0,0,0,0,6320816127,6790578175,6794772479,6531759115.17,1100
1790714178,0,320920,0,485.73,1099.62,3082239,9865003007,23202889727,37782290431,41674604543,152192,43922751487,13044470046.47,12901694020.87,320920,10,10,10,0,0,0,0,0,0,7272923135,7688159231,7692353535,7455226652.86,1100
1790714179,0,322020,0,486.66,1100.28,3096575,9814671359,23186112511,37782290431,41674604543,152192,43922751487,13028339424.14,12882593686.02,322020,10,10,10,0,0,0,0,0,0,8111783935,8585740287,8585740287,8322303679.77,1100
1790714180,0,322570,0,486.76,550.22,3104767,9789505535,23186112511,37748735999,41674604543,152192,43922751487,13021535528.98,12872659063.59,322570,10,10,10,0,0,0,0,0,0,9042919423,9068085247,9068085247,9037916763.23,550
1790714181,0,323670,0,487.68,1099.99,3119103,9789505535,23085449215,37748735999,41674604543,152192,43922751487,13010424846.60,12852182406.81,323670,10,10,10,0,0,0,0,0,0,9546235903,10015997951,10015997951,9752267742.49,1100
1790714182,0,324770,0,488.60,1099.77,3137535,9831448575,23018340351,37748735999,41674604543,152192,43922751487,13002321088.81,12831157487.41,324770,10,10,10,0,0,0,0,0,0,10435428351,10854858751,10854858751,10617827193.95,1100
1790714183,0,325870,0,489.52,1099.76,3158015,9915334655,22951231487,37748735999,41674604543,152192,43922751487,12996824739.46,12809836246.95,325870,10,10,10,0,0,0,0,0,0,11207180287,11593056255,11601444863,11374052579.14,1100
1790714184,0,326420,0,489.61,550.04,3170303,9948889087,22917677055,37748735999,41674604543,152192,43922751487,12994981074.59,12799118447.03,326420,10,10,10,0,0,0,0,0,0,11903434751,11928600575,11928600575,11902626395.23,550
1790714185,0,326930,0,489.64,510.16,3182591,9915334655,22900899839,37715181567,41674604543,152192,43922751487,12975940753.19,12798218183.60,326930,10,10,10,0,0,0,0,0,0,634388479,1760559103,1859125247,789388380.36,510
1790714186,0,327160,0,489.25,229.81,3186687,9898557439,22884122623,37715181567,41674604543,152192,43922751487,12967022165.64,12798137333.88,327160,10,10,10,0,0,0,0,0,0,278396927,523501567,570425343,289831606.54,230
1790714187,0,327290,0,488.72,130.09,3190783,9881780223,22884122623,37715181567,41674604543,152192,43922751487,12961994385.46,12798081515.19,327290,10,10,10,0,0,0,0,0,0,309329919,602931199,603455487,309005453.78,130
1790714188,0,327540,0,488.36,250.06,3196927,9865003007,22867345407,37715181567,41674604543,152192,43922751487,12952277657.37,12798027057.01,327540,10,10,10,0,0,0,0,0,0,205520895,528744447,577765375,231525908.48,250
1790714189,0,327720,0,487.90,179.89,3203071,9848225791,22867345407,37715181567,41674604543,152192,43922751487,12945309310.89,12797965009.28,327720,10,10,10,0,0,0,0,0,0,238026751,579338239,579862527,265241486.22,180
1790714190,0,327940,0,487.50,220.10,3207167,9839837183,22850568191,37715181567,41674604543,152192,43922751487,12936753623.08,12797932700.70,327940,10,10,10,0,0,0,0,0,0,164495359,408944639,457965567,191889947.93,220
1790714191,0,328160,0,487.11,219.85,3211263,9831448575,22850568191,37715181567,41674604543,152192,43922751487,12928217908.70,12797886312.43,328160,10,10,10,0,0,0,0,0,0,182714367,406847487,455868415,204571666.62,220
1790714192,0,328320,0,486.62,160.06,3215359,9823059967,22850568191,37715181567,41674604543,152192,43922751487,12922011036.79,12797855204.38,328320,10,10,10,0,0,0,0,0,0,171442175,367001599,367788031,191716761.60,160
1790714193,0,328540,0,486.23,220.05,3219455,9814671359,22833790975,37715181567,41674604543,152192,43922751487,12913478965.45,12797814993.86,328540,10,10,10,0,0,0,0,0,0,171442175,357302271,366477311,180525949.67,220
1790714194,0,328690,0,485.73,150.00,3223551,9814671359,22833790975,37715181567,41674604543,152192,43922751487,12907676055.17,12797776537.52,328690,10,10,10,0,0,0,0,0,0,187826175,378011647,378535935,197755098.45,150
1790714195,0,328950,0,485.40,259.87,3227647,9806282751,22833790975,37715181567,41641050111,152192,43922751487,12897596449.55,12797737242.23,328950,10,10,10,0,0,0,0,0,0,140115967,326107135,375390207,155036561.72,260
1790714196,0,329150,0,484.98,200.09,3231743,9789505535,22817013759,37715181567,41641050111,152192,43922751487,12889833229.02,12797722001.14,329150,10,10,10,0,0,0,0,0,0,115474431,220725247,235798527,121276252.16,200
1790714197,0,329340,0,484.54,190.06,3233791,9772728319,22817013759,37715181567,41641050111,152192,43922751487,12882459683.04,12797710386.60,329340,10,10,10,0,0,0,0,0,0,99549183,236191743,237109247,108761486.82,190
1790714198,0,329560,0,484.15,219.92,3237887,9714008063,22800236543,37715181567,41641050111,152192,43922751487,12873904489.64,12797719569.73,329560,10,10,10,0,0,0,0,0,0,65470463,124846079,126156799,66779973.82,220
1790714199,0,329760,0,483.74,200.04,3233791,9655287807,22800236543,37715181567,41641050111,152192,43922751487,12866104313.29,12797755640.67,329760,10,10,10,0,0,0,0,0,0,3360767,57704447,106495999,12973722.24,200
1790714200,0,329960,0,483.32,199.89,3229695,9621733375,22800236543,37681627135,41641050111,152192,43922751487,12858307465.92,12797793058.70,329960,10,10,10,0,0,0,0,0,0,2807807,4726783,5074943,2865520.64,200
1790714201,0,330160,0,482.91,200.04,3225599,9604956159,22800236543,37681627135,41641050111,152192,43922751487,12850520101.96,12797825652.43,330160,10,10,10,0,0,0,0,0,0,2856959,4931583,5644287,2927027.84,200
1790714202,0,330360,0,482.49,200.02,3219455,9588178943,22800236543,37681627135,41641050111,152192,43922751487,12842742165.63,12797853477.98,330360,10,10,10,0,0,0,0,0,0,2897919,4841471,5316607,2924881.92,200
1790714203,0,330560,0,482.08,199.90,3215359,9579790335,22783459327,37681627135,41641050111,152192,43922751487,12834973638.05,12797876554.42,330560,10,10,10,0,0,0,0,0,0,2942975,4620287,5324799,2919777.28,200
1790714204,0,330760,0,481.67,200.17,3209215,9563013119,22783459327,37681627135,41641050111,152192,43922751487,12827214531.11,12797894869.90,330760,10,10,10,0,0,0,0,0,0,2906111,4554751,5238783,2962585.60,200
1790714205,0,330960,0,481.26,199.85,3203071,9546235903,22783459327,37681627135,41641050111,152192,43922751487,12819464846.15,12797908423.21,330960,10,10,10,0,0,0,0,0,0,3078143,4878335,5230591,3035863.04,200
1790714206,0,331160,0,480.85,199.96,3196927,9537847295,22783459327,37681627135,41641050111,152192,43922751487,12811724489.04,12797917308.72,331160,10,10,10,0,0,0,0,0,0,2861055,5181439,5898239,2981545.28,200
1790714207,0,331360,0,480.45,200.07,3192831,9537847295,22783459327,37681627135,41641050111,152192,43922751487,12803993567.34,12797921418.87,331360,10,10,10,0,0,0,0,0,0,2936831,4632575,5582847,3133410.56,200
1790714208,0,331560,0,480.04,200.07,3182591,9529458687,22783459327,37681627135,41641050111,152192,43922751487,12796271617.67,12797921216.94,331560,10,10,10,0,0,0,0,0,0,2506751,4395007,4931583,2545396.48,200
1790714209,0,331760,0,479.64,200.02,3176447,9521070079,22766682111,37681627135,41641050111,152192,43922751487,12788559213.32,12797916129.63,331760,10,10,10,0,0,0,0,0,0,2848767,4575231,5402623,2935279.36,200
1790714210,0,331960,0,479.23,199.97,3172351,9521070079,22766682111,37681627135,41641050111,152192,43922751487,12780856200.05,12797906311.36,331960,10,10,10,0,0,0,0,0,0,3082239,5042175,5963775,3097793.28,200
1790714211,0,332160,0,478.83,199.90,3168255,9512681471,22766682111,37681627135,41641050111,152192,43922751487,12773162467.88,12797891872.04,332160,10,10,10,0,0,0,0,0,0,3141631,4718591,5386239,3105809.92,200
1790714212,0,332360,0,478.43,199.98,3164159,9504292863,22766682111,37681627135,41641050111,152192,43922751487,12765477961.55,12797872866.74,332360,10,10,10,0,0,0,0,0,0,3043327,4743167,4820991,3049856.00,200
1790714213,0,332560,0,478.03,200.10,3160063,9504292863,22766682111,37681627135,41641050111,152192,43922751487,12757802723.20,12797849253.50,332560,10,10,10,0,0,0,0,0,0,2936831,4620287,4829183,3091632.00,200
1790714214,0,332760,0,477.63,200.02,3155967,9495904255,22766682111,37681627135,41641050111,152192,43922751487,12750136742.87,12797821041.96,332760,10,10,10,0,0,0,0,0,0,3143679,4784127,4882431,3144647.68,200
1790714215,0,332960,0,477.23,199.94,3151871,9453961215,22749904895,37681627135,41641050111,152192,43922751487,12742479920.88,12797788331.45,332960,10,10,10,0,0,0,0,0,0,3098623,4820991,4890623,3059493.76,200
1790714216,0,333160,0,476.83,199.95,3147775,9420406783,22749904895,37681627135,41641050111,152192,43922751487,12734832257.31,12797751121.72,333160,10,10,10,0,0,0,0,0,0,3041279,4812799,4898815,3001943.68,200
1790714217,0,333360,0,476.44,200.04,3141631,9403629567,22749904895,37681627135,41641050111,152192,43922751487,12727193794.34,12797709370.69,333360,10,10,10,0,0,0,0,0,0,2977791,4788223,4870143,3042184.32,200
1790714218,0,333560,0,476.04,200.02,3137535,9386852351,22749904895,37681627135,41641050111,152192,43922751487,12719564473.74,12797663136.09,333560,10,10,10,0,0,0,0,0,0,3082239,4833279,4952063,3012887.68,200
1790714219,0,333760,0,475.65,200.06,3135487,9378463743,22733127679,37681627135,41641050111,152192,43922751487,12711944381.46,12797612332.40,333760,10,10,10,0,0,0,0,0,0,3155967,4911103,5087231,3154489.60,200
1790714220,0,333960,0,475.26,199.86,3131391,9370075135,22716350463,37681627135,41641050111,152192,43922751487,12704333316.50,12797557159.15,333960,10,10,10,0,0,0,0,0,0,2965503,4603903,4853759,2988113.92,200
1790714221,0,334160,0,474.87,200.00,3129343,9370075135,22682796031,37681627135,41641050111,152192,43922751487,12696731461.55,12797497434.77,334160,10,10,10,0,0,0,0,0,0,3127295,4796415,5488639,3154065.28,200
1790714222,0,334360,0,474.48,200.09,3125247,9361686527,22666018815,37681627135,41641050111,152192,43922751487,12689138587.54,12797433386.35,334360,10,10,10,0,0,0,0,0,0,2947071,4681727,5001215,2964692.48,200
1790714223,0,334560,0,474.09,200.04,3121151,9353297919,22649241599,37681627135,41641050111,152192,43922751487,12681554794.90,12797364914.00,334560,10,10,10,0,0,0,0,0,0,2947071,4587519,5259263,2970246.40,200
1790714224,0,334760,0,473.70,200.05,3117055,9353297919,22615687167,37681627135,41641050111,152192,43922751487,12673979998.75,12797292101.55,334760,10,10,10,0,0,0,0,0,0,2824191,4505599,5165055,2860997.12,200
1790714225,0,334960,0,473.31,199.86,3115007,9344909311,22598909951,37648072703,41641050111,152192,43922751487,12666414284.21,12797214864.45,334960,10,10,10,0,0,0,0,0,0,2856959,4763647,5160959,2921291.52,200
1790714226,0,335160,0,472.93,200.05,3110911,9344909311,22582132735,37648072703,41641050111,152192,43922751487,12658857617.76,12797133235.69,335160,10,10,10,0,0,0,0,0,0,2865151,4784127,5148671,2952645.12,200
1790714227,0,335360,0,472.54,200.02,3108863,9336520703,22565355519,37648072703,41641050111,152192,43922751487,12651309992.60,12797047221.79,335360,10,10,10,0,0,0,0,0,0,2881535,4792319,5251071,2999748.48,200
1790714228,0,335560,0,472.16,200.01,3106815,9328132095,22548578303,37648072703,41641050111,152192,43922751487,12643771327.13,12796956903.11,335560,10,10,10,0,0,0,0,0,0,2875391,4579327,5251071,2937067.52,200
1790714229,0,335760,0,471.78,200.00,3104767,9319743487,22531801087,37648072703,41641050111,152192,43922751487,12636241713.90,12796862187.96,335760,10,10,10,0,0,0,0,0,0,3086335,4947967,5287935,3056634.88,200
1790714230,0,335960,0,471.40,200.06,3100671,9311354879,22515023871,37648072703,41641050111,152192,43922751487,12628721012.63,12796763214.60,335960,10,10,10,0,0,0,0,0,0,2947071,4919295,5324799,2967735.04,200
1790714231,0,336160,0,471.02,199.83,3098623,9294577663,22498246655,37648072703,41641050111,152192,43922751487,12621209288.79,12796659918.07,336160,10,10,10,0,0,0,0,0,0,2959359,4947967,5345279,3015582.72,200
1790714232,0,336360,0,470.64,200.03,3096575,9286189055,22481469439,37648072703,41641050111,152192,43922751487,12613706455.35,12796552383.89,336360,10,10,10,0,0,0,0,0,0,2897919,4812799,5296127,2944000.00,200
1790714233,0,336560,0,470.26,200.10,3092479,9277800447,22481469439,37648072703,41641050111,152192,43922751487,12606212554.21,12796440570.38,336560,10,10,10,0,0,0,0,0,0,2949119,4866047,5316607,2969624.96,200
1790714234,0,336760,0,469.88,199.89,3090431,9269411839,22464692223,37648072703,41641050111,152192,43922751487,12598727557.16,12796324505.01,336760,10,10,10,0,0,0,0,0,0,2971647,4845567,5398527,2974511.36,200
1790714235,0,336960,0,469.50,199.99,3086335,9261023231,22464692223,37648072703,41641050111,152192,43922751487,12591251432.13,12796204218.99,336960,10,10,10,0,0,0,0,0,0,2928639,4771839,5177343,2952108.80,200
1790714236,0,337160,0,469.13,199.99,3084287,9244246015,22447915007,37648072703,41641050111,152192,43922751487,12583784177.26,12796079713.75,337160,10,10,10,0,0,0,0,0,0,2906111,4964351,5378047,2953182.72,200
1790714237,0,337360,0,468.76,200.06,3082239,9210691583,22431137791,37648072703,41641050111,152192,43922751487,12576325781.20,12795951000.17,337360,10,10,10,0,0,0,0,0,0,2783231,4890623,5054463,2961688.32,200
1790714238,0,337420,0,468.19,60.00,3080191,9193914367,22431137791,37648072703,41641050111,152192,43922751487,12574089966.28,12795911588.52,337420,10,10,10,0,0,0,0,0,0,2865151,4648959,4988927,2847965.87,60
1790714239,0,337420,0,467.54,0.00,3080191,9193914367,22431137791,37648072703,41641050111,152192,43922751487,12574089966.28,12795911588.52,337420,10,10,10,0,0,0,0,0,0,0,0,0,0.00,0
