timestamp,sent_count,received_count,error_count,total_throughput,interval_throughput,latency_ns_p25,latency_ns_p50,latency_ns_p75,latency_ns_p95,latency_ns_p99,latency_ns_min,latency_ns_max,latency_ns_mean,latency_ns_stddev,latency_sample_count,connections,active_connections,connection_attempts,connection_failures,crashes_injected,reconnects,reconnect_failures,duplicate_count,gap_count,interval_latency_ns_p50,interval_latency_ns_p95,interval_latency_ns_p99,interval_latency_ns_mean,interval_latency_sample_count
1790713456,0,0,0,0.00,0.00,0,0,0,0,0,0,0,0.00,0.00,0,0,0,1,0,0,0,0,0,0,0,0,0,0.00,0
1790713457,0,0,0,0.00,0.00,0,0,0,0,0,0,0,0.00,0.00,0,1,1,1,0,0,0,0,0,0,0,0,0,0.00,0
1790713458,0,0,0,0.00,0.00,0,0,0,0,0,0,0,0.00,0.00,0,1,1,1,0,0,0,0,0,0,0,0,0,0.00,0
1790713459,0,0,0,0.00,0.00,0,0,0,0,0,0,0,0.00,0.00,0,1,1,1,0,0,0,0,0,0,0,0,0,0.00,0
1790713460,0,0,0,0.00,0.00,0,0,0,0,0,0,0,0.00,0.00,0,1,1,1,0,0,0,0,0,0,0,0,0,0.00,0
1790713461,0,0,0,0.00,0.00,0,0,0,0,0,0,0,0.00,0.00,0,1,1,1,0,0,0,0,0,0,0,0,0,0.00,0
1790713462,0,0,0,0.00,0.00,0,0,0,0,0,0,0,0.00,0.00,0,1,1,1,0,0,0,0,0,0,0,0,0,0.00,0
1790713463,0,0,0,0.00,0.00,0,0,0,0,0,0,0,0.00,0.00,0,2,2,2,0,0,0,0,0,0,0,0,0,0.00,0
1790713464,0,0,0,0.00,0.00,0,0,0,0,0,0,0,0.00,0.00,0,2,2,2,0,0,0,0,0,0,0,0,0,0.00,0
1790713465,0,0,0,0.00,0.00,0,0,0,0,0,0,0,0.00,0.00,0,2,2,2,0,0,0,0,0,0,0,0,0,0.00,0
1790713466,0,0,0,0.00,0.00,0,0,0,0,0,0,0,0.00,0.00,0,2,2,2,0,0,0,0,0,0,0,0,0,0.00,0
1790713467,0,0,0,0.00,0.00,0,0,0,0,0,0,0,0.00,0.00,0,2,2,2,0,0,0,0,0,0,0,0,0,0.00,0
1790713468,0,0,0,0.00,0.00,0,0,0,0,0,0,0,0.00,0.00,0,2,2,2,0,0,0,0,0,0,0,0,0,0.00,0
1790713469,0,0,0,0.00,0.00,0,0,0,0,0,0,0,0.00,0.00,0,2,2,2,0,0,0,0,0,0,0,0,0,0.00,0
1790713470,0,0,0,0.00,0.00,0,0,0,0,0,0,0,0.00,0.00,0,3,3,3,0,0,0,0,0,0,0,0,0,0.00,0
1790713471,0,0,0,0.00,0.00,0,0,0,0,0,0,0,0.00,0.00,0,3,3,3,0,0,0,0,0,0,0,0,0,0.00,0
1790713472,0,0,0,0.00,0.00,0,0,0,0,0,0,0,0.00,0.00,0,3,3,3,0,0,0,0,0,0,0,0,0,0.00,0
1790713473,0,0,0,0.00,0.00,0,0,0,0,0,0,0,0.00,0.00,0,3,3,3,0,0,0,0,0,0,0,0,0,0.00,0
1790713474,0,0,0,0.00,0.00,0,0,0,0,0,0,0,0.00,0.00,0,3,3,3,0,0,0,0,0,0,0,0,0,0.00,0
1790713475,0,0,0,0.00,0.00,0,0,0,0,0,0,0,0.00,0.00,0,3,3,3,0,0,0,0,0,0,0,0,0,0.00,0
1790713476,0,0,0,0.00,0.00,0,0,0,0,0,0,0,0.00,0.00,0,3,3,3,0,0,0,0,0,0,0,0,0,0.00,0
1790713477,0,0,0,0.00,0.00,0,0,0,0,0,0,0,0.00,0.00,0,4,4,4,0,0,0,0,0,0,0,0,0,0.00,0
1790713478,0,0,0,0.00,0.00,0,0,0,0,0,0,0,0.00,0.00,0,4,4,4,0,0,0,0,0,0,0,0,0,0.00,0
1790713479,0,0,0,0.00,0.00,0,0,0,0,0,0,0,0.00,0.00,0,4,4,4,0,0,0,0,0,0,0,0,0,0.00,0
1790713480,0,0,0,0.00,0.00,0,0,0,0,0,0,0,0.00,0.00,0,4,4,4,0,0,0,0,0,0,0,0,0,0.00,0
1790713481,0,0,0,0.00,0.00,0,0,0,0,0,0,0,0.00,0.00,0,4,4,4,0,0,0,0,0,0,0,0,0,0.00,0
1790713482,0,0,0,0.00,0.00,0,0,0,0,0,0,0,0.00,0.00,0,4,4,4,0,0,0,0,0,0,0,0,0,0.00,0
1790713483,0,0,0,0.00,0.00,0,0,0,0,0,0,0,0.00,0.00,0,5,5,5,0,0,0,0,0,0,0,0,0,0.00,0
1790713484,0,0,0,0.00,0.00,0,0,0,0,0,0,0,0.00,0.00,0,5,5,5,0,0,0,0,0,0,0,0,0,0.00,0
1790713485,0,0,0,0.00,0.00,0,0,0,0,0,0,0,0.00,0.00,0,5,5,5,0,0,0,0,0,0,0,0,0,0.00,0
1790713486,0,0,0,0.00,0.00,0,0,0,0,0,0,0,0.00,0.00,0,5,5,5,0,0,0,0,0,0,0,0,0,0.00,0
1790713487,0,0,0,0.00,0.00,0,0,0,0,0,0,0,0.00,0.00,0,5,5,5,0,0,0,0,0,0,0,0,0,0.00,0
1790713488,0,0,0,0.00,0.00,0,0,0,0,0,0,0,0.00,0.00,0,5,5,5,0,0,0,0,0,0,0,0,0,0.00,0
1790713489,0,0,0,0.00,0.00,0,0,0,0,0,0,0,0.00,0.00,0,5,5,5,0,0,0,0,0,0,0,0,0,0.00,0
1790713490,0,0,0,0.00,0.00,0,0,0,0,0,0,0,0.00,0.00,0,6,6,6,0,0,0,0,0,0,0,0,0,0.00,0
1790713491,0,0,0,0.00,0.00,0,0,0,0,0,0,0,0.00,0.00,0,6,6,6,0,0,0,0,0,0,0,0,0,0.00,0
1790713492,0,0,0,0.00,0.00,0,0,0,0,0,0,0,0.00,0.00,0,6,6,6,0,0,0,0,0,0,0,0,0,0.00,0
1790713493,0,0,0,0.00,0.00,0,0,0,0,0,0,0,0.00,0.00,0,6,6,6,0,0,0,0,0,0,0,0,0,0.00,0
1790713494,0,0,0,0.00,0.00,0,0,0,0,0,0,0,0.00,0.00,0,6,6,6,0,0,0,0,0,0,0,0,0,0.00,0
1790713495,0,0,0,0.00,0.00,0,0,0,0,0,0,0,0.00,0.00,0,6,6,6,0,0,0,0,0,0,0,0,0,0.00,0
1790713496,0,0,0,0.00,0.00,0,0,0,0,0,0,0,0.00,0.00,0,6,6,6,0,0,0,0,0,0,0,0,0,0.00,0
1790713497,0,0,0,0.00,0.00,0,0,0,0,0,0,0,0.00,0.00,0,7,7,7,0,0,0,0,0,0,0,0,0,0.00,0
1790713498,0,0,0,0.00,0.00,0,0,0,0,0,0,0,0.00,0.00,0,7,7,7,0,0,0,0,0,0,0,0,0,0.00,0
1790713499,0,0,0,0.00,0.00,0,0,0,0,0,0,0,0.00,0.00,0,7,7,7,0,0,0,0,0,0,0,0,0,0.00,0
1790713500,0,0,0,0.00,0.00,0,0,0,0,0,0,0,0.00,0.00,0,7,7,7,0,0,0,0,0,0,0,0,0,0.00,0
1790713501,0,0,0,0.00,0.00,0,0,0,0,0,0,0,0.00,0.00,0,7,7,7,0,0,0,0,0,0,0,0,0,0.00,0
1790713502,0,0,0,0.00,0.00,0,0,0,0,0,0,0,0.00,0.00,0,7,7,7,0,0,0,0,0,0,0,0,0,0.00,0
1790713503,0,0,0,0.00,0.00,0,0,0,0,0,0,0,0.00,0.00,0,8,8,8,0,0,0,0,0,0,0,0,0,0.00,0
1790713504,0,0,0,0.00,0.00,0,0,0,0,0,0,0,0.00,0.00,0,8,8,8,0,0,0,0,0,0,0,0,0,0.00,0
1790713505,0,0,0,0.00,0.00,0,0,0,0,0,0,0,0.00,0.00,0,8,8,8,0,0,0,0,0,0,0,0,0,0.00,0
1790713506,0,0,0,0.00,0.00,0,0,0,0,0,0,0,0.00,0.00,0,8,8,8,0,0,0,0,0,0,0,0,0,0.00,0
1790713507,0,0,0,0.00,0.00,0,0,0,0,0,0,0,0.00,0.00,0,8,8,8,0,0,0,0,0,0,0,0,0,0.00,0
1790713508,0,0,0,0.00,0.00,0,0,0,0,0,0,0,0.00,0.00,0,8,8,8,0,0,0,0,0,0,0,0,0,0.00,0
1790713509,0,0,0,0.00,0.00,0,0,0,0,0,0,0,0.00,0.00,0,8,8,8,0,0,0,0,0,0,0,0,0,0.00,0
1790713510,0,0,0,0.00,0.00,0,0,0,0,0,0,0,0.00,0.00,0,9,9,9,0,0,0,0,0,0,0,0,0,0.00,0
1790713511,0,0,0,0.00,0.00,0,0,0,0,0,0,0,0.00,0.00,0,9,9,9,0,0,0,0,0,0,0,0,0,0.00,0
1790713512,0,0,0,0.00,0.00,0,0,0,0,0,0,0,0.00,0.00,0,9,9,9,0,0,0,0,0,0,0,0,0,0.00,0
1790713513,0,0,0,0.00,0.00,0,0,0,0,0,0,0,0.00,0.00,0,9,9,9,0,0,0,0,0,0,0,0,0,0.00,0
1790713514,0,0,0,0.00,0.00,0,0,0,0,0,0,0,0.00,0.00,0,9,9,9,0,0,0,0,0,0,0,0,0,0.00,0
1790713515,0,0,0,0.00,0.00,0,0,0,0,0,0,0,0.00,0.00,0,9,9,9,0,0,0,0,0,0,0,0,0,0.00,0
1790713516,0,0,0,0.00,0.00,0,0,0,0,0,0,0,0.00,0.00,0,9,9,9,0,0,0,0,0,0,0,0,0,0.00,0
1790713517,0,0,0,0.00,0.00,0,0,0,0,0,0,0,0.00,0.00,0,10,10,10,0,0,0,0,0,0,0,0,0,0.00,0
1790713518,0,160,0,216.74,159.94,1091583,2103295,3430399,63471615,64913407,256896,65142783,7153562.00,15256739.15,160,10,10,10,0,0,0,0,0,0,2103295,63471615,64913407,7153562.00,160
1790713519,0,360,0,207.17,200.10,1057791,2063359,3014655,14729215,64487423,256896,65142783,4237370.49,10525982.64,360,10,10,10,0,0,0,0,0,0,1802239,3430399,3495935,1904417.28,200
1790713520,0,560,0,204.56,200.03,1057791,2013183,2818047,9846783,64094207,256896,65142783,3437564.00,8586115.79,560,10,10,10,0,0,0,0,0,0,1821695,3467263,3538943,1997912.32,200
1790713521,0,760,0,203.35,200.04,1047039,2006015,2789375,3557375,63733759,256896,65142783,3032484.46,7418821.98,760,10,10,10,0,0,0,0,0,0,1794047,3465215,3516415,1898261.76,200
1790713522,0,960,0,202.60,199.82,1049599,1937407,2789375,3520511,63242239,256896,65142783,2804259.67,6630706.17,960,10,10,10,0,0,0,0,0,0,1883135,3495935,3540991,1937005.44,200
1790713523,0,1160,0,202.16,200.02,1064959,1933311,2801663,3528703,16433151,256896,65142783,2662340.36,6055949.48,1160,10,10,10,0,0,0,0,0,0,1885183,3538943,3579903,1981127.68,200
1790713524,0,1360,0,201.85,200.07,1075199,1933311,2805759,3516415,15998975,256896,65142783,2560238.64,5610780.48,1360,10,10,10,0,0,0,0,0,0,1841151,3491839,3553279,1968048.64,200
1790713525,0,1560,0,201.61,200.05,1091583,1937407,2803711,3506175,15581183,256896,65142783,2484122.38,5254143.41,1560,10,10,10,0,0,0,0,0,0,1986559,3471359,3530751,1966531.84,200
1790713526,0,1760,0,201.42,199.89,1094655,1933311,2797567,3495935,15106047,256896,65142783,2419758.95,4960191.72,1760,10,10,10,0,0,0,0,0,0,1890303,3426303,3489791,1917724.16,200
1790713527,0,1960,0,201.27,200.03,1094655,1937407,2791423,3495935,14729215,256896,65142783,2378926.20,4714408.98,1960,10,10,10,0,0,0,0,0,0,2051071,3428351,5292031,2019598.08,200
1790713528,0,2160,0,201.16,200.09,1090559,1937407,2789375,3487743,13787135,256896,65142783,2335159.79,4502106.32,2160,10,10,10,0,0,0,0,0,0,1776639,3383295,3418111,1906248.96,200
1790713529,0,2360,0,201.07,200.03,1086463,1937407,2781183,3481599,12533759,256896,65142783,2298126.29,4317598.51,2360,10,10,10,0,0,0,0,0,0,1911807,3358719,3418111,1898164.48,200
1790713530,0,2560,0,200.98,199.91,1086463,1937407,2779135,3471359,12025855,256896,65142783,2275545.17,4173785.08,2560,10,10,10,0,0,0,0,0,0,1897471,3395583,3465215,2009088.00,200
1790713531,0,2760,0,200.90,199.96,1086463,1937407,2772991,3465215,10936319,256896,65142783,2248119.35,4028811.08,2760,10,10,10,0,0,0,0,0,0,1827839,3377151,3414015,1897068.80,200
1790713532,0,2960,0,200.84,200.00,1087487,1937407,2777087,3467263,9846783,256896,65142783,2228586.36,3899201.54,2960,10,10,10,0,0,0,0,0,0,1828863,3510271,3549183,1959031.04,200
1790713533,0,3160,0,200.80,200.13,1086463,1937407,2777087,3471359,9240575,256896,65142783,2212158.60,3787294.25,3160,10,10,10,0,0,0,0,0,0,1868799,3522559,3604479,1969027.84,200
1790713534,0,3360,0,200.75,200.01,1086463,1937407,2781183,3479551,7839743,256896,65142783,2194469.09,3681710.79,3360,10,10,10,0,0,0,0,0,0,1842175,3526655,3581951,1914974.72,200
1790713535,0,3560,0,200.70,199.97,1086463,1937407,2781183,3481599,5758975,256896,65142783,2181115.67,3584719.83,3560,10,10,10,0,0,0,0,0,0,1825791,3506175,3545087,1956778.24,200
1790713536,0,3760,0,200.66,199.94,1089535,1937407,2785279,3485695,4808703,256896,65142783,2170172.58,3495610.16,3760,10,10,10,0,0,0,0,0,0,1865727,3518463,3569663,1975385.60,200
1790713537,0,3960,0,200.63,200.02,1089535,1933311,2785279,3485695,4292607,256896,65142783,2158153.81,3413372.22,3960,10,10,10,0,0,0,0,0,0,1856511,3485695,3514367,1932200.96,200
1790713538,0,4160,0,200.60,199.96,1091583,1935359,2789375,3487743,3905535,256896,65142783,2149774.57,3337454.12,4160,10,10,10,0,0,0,0,0,0,1946623,3508223,3559423,1983865.60,200
1790713539,0,4360,0,200.57,199.95,1094655,1935359,2791423,3487743,3758079,256896,65142783,2141284.74,3266957.05,4360,10,10,10,0,0,0,0,0,0,1843199,3502079,3540991,1964696.32,200
1790713540,0,4560,0,200.55,200.13,1094655,1932287,2793471,3487743,4001791,256896,65142783,2139805.71,3231273.16,4560,10,10,10,0,0,0,0,0,0,1908735,3510271,4583423,2107562.88,200
1790713541,0,4760,0,200.53,200.00,1094655,1932287,2795519,3489791,3999743,256896,65142783,2132301.14,3169448.08,4760,10,10,10,0,0,0,0,0,0,1932287,3491839,3639295,1961196.80,200
1790713542,0,4960,0,200.51,200.03,1094655,1932287,2797567,3487743,3987455,256896,65142783,2125710.57,3111502.51,4960,10,10,10,0,0,0,0,0,0,1854463,3483647,3549183,1968855.04,200
1790713543,0,5160,0,200.48,199.81,1094655,1932287,2799615,3487743,3932159,256896,65142783,2119846.86,3058082.36,5160,10,10,10,0,0,0,0,0,0,1889279,3477503,3522559,1974426.88,200
1790713544,0,5360,0,200.47,200.19,1095679,1932287,2801663,3487743,3885055,256896,65142783,2114210.02,3006639.85,5360,10,10,10,0,0,0,0,0,0,1928191,3495935,3532799,1968779.52,200
1790713545,0,5560,0,200.45,199.81,1095679,1937407,2801663,3487743,3987455,256896,65142783,2112089.77,2959519.49,5560,10,10,10,0,0,0,0,0,0,2127871,3485695,5357567,2055267.20,200
1790713546,0,5760,0,200.43,200.04,1096703,1937407,2801663,3487743,3928063,256896,65142783,2105206.66,2913347.73,5760,10,10,10,0,0,0,0,0,0,1827839,3465215,3504127,1913856.00,200
1790713547,0,5960,0,200.42,200.09,1096703,1937407,2801663,3487743,3928063,256896,65142783,2100269.65,2870012.08,5960,10,10,10,0,0,0,0,0,0,1908735,3493887,3864575,1958083.84,200
1790713548,0,6160,0,200.41,200.05,1096703,1949695,2803711,3491839,4169727,256896,65142783,2098952.78,2829990.61,6160,10,10,10,0,0,0,0,0,0,2034687,3915775,4755455,2059710.08,200
1790713549,0,6360,0,200.39,200.00,1097727,1949695,2803711,3491839,4122623,256896,65142783,2094530.63,2790649.43,6360,10,10,10,0,0,0,0,0,0,1845247,3479551,3520511,1958328.32,200
1790713550,0,6560,0,200.38,199.82,1098751,1961983,2805759,3491839,4403199,256896,65142783,2100354.08,2772698.02,6560,10,10,10,0,0,0,0,0,0,2131967,4517887,6381567,2285539.84,200
1790713551,0,6760,0,200.37,200.16,1099775,1961983,2807807,3493887,4292607,256896,65142783,2096639.33,2736690.04,6760,10,10,10,0,0,0,0,0,0,1872895,3500031,3579903,1974795.52,200
1790713552,0,6960,0,200.36,199.97,1098751,1965055,2807807,3495935,4284415,256896,65142783,2093774.52,2702811.26,6960,10,10,10,0,0,0,0,0,0,1977343,3567615,3944447,1996944.00,200
1790713553,0,7160,0,200.35,200.02,1099775,1972223,2809855,3495935,4366335,256896,65142783,2092219.27,2671478.74,7160,10,10,10,0,0,0,0,0,0,2049023,3604479,4763647,2038096.64,200
1790713554,0,7360,0,200.34,200.02,1100799,1975295,2807807,3493887,4284415,256896,65142783,2088116.69,2639558.13,7360,10,10,10,0,0,0,0,0,0,1993727,3385343,3442687,1941244.16,200
1790713555,0,7560,0,200.33,199.93,1100799,1975295,2807807,3493887,4263935,256896,65142783,2084390.70,2609175.11,7560,10,10,10,0,0,0,0,0,0,1839103,3479551,3536895,1947274.24,200
1790713556,0,7760,0,200.32,199.98,1101823,1972223,2807807,3493887,4227071,256896,65142783,2081173.37,2580191.12,7760,10,10,10,0,0,0,0,0,0,1883135,3504127,3571711,1959558.40,200
1790713557,0,7960,0,200.31,200.10,1101823,1961983,2807807,3493887,4139007,256896,65142783,2077607.26,2552271.56,7960,10,10,10,0,0,0,0,0,0,1872895,3506175,3586047,1939242.24,200
1790713558,0,8160,0,200.30,199.84,1102847,1960959,2807807,3493887,4112383,256896,65142783,2074522.82,2525444.51,8160,10,10,10,0,0,0,0,0,0,1857535,3497983,3540991,1951761.92,200
1790713559,0,8360,0,200.30,199.99,1102847,1966079,2809855,3495935,4169727,256896,65142783,2074715.78,2501306.02,8360,10,10,10,0,0,0,0,0,0,2094079,3583999,5595135,2082588.80,200
1790713560,0,8560,0,200.29,200.18,1102847,1971199,2809855,3495935,4263935,256896,65142783,2074351.63,2488308.83,8560,10,10,10,0,0,0,0,0,0,1985535,3504127,5332991,2059130.24,200
1790713561,0,8760,0,200.28,199.83,1101823,1971199,2807807,3495935,4227071,256896,65142783,2069845.18,2464478.06,8760,10,10,10,0,0,0,0,0,0,1750015,3438591,3457023,1876968.96,200
1790713562,0,8960,0,200.28,199.99,1100799,1965055,2807807,3493887,4263935,256896,65142783,2066986.59,2442699.03,8960,10,10,10,0,0,0,0,0,0,1833983,3475455,5529599,1941780.48,200
1790713563,0,9160,0,200.27,200.19,1099775,1958911,2805759,3493887,4263935,256896,65142783,2063612.53,2422902.22,9160,10,10,10,0,0,0,0,0,0,1861631,3463167,3831807,1912454.40,200
1790713564,0,9360,0,200.27,199.97,1098751,1955839,2805759,3491839,4227071,256896,65142783,2059686.09,2401468.55,9360,10,10,10,0,0,0,0,0,0,1872895,3442687,3551231,1879855.36,200
1790713565,0,9560,0,200.26,200.00,1097727,1953791,2803711,3491839,4169727,256896,65142783,2056334.94,2380331.42,9560,10,10,10,0,0,0,0,0,0,1887231,3403775,3442687,1899500.80,200
1790713566,0,9760,0,200.26,200.03,1096703,1951743,2803711,3491839,4169727,256896,65142783,2053448.60,2360511.09,9760,10,10,10,0,0,0,0,0,0,1885183,3493887,4071423,1915481.60,200
1790713567,0,9960,0,200.25,199.94,1096703,1951743,2803711,3491839,4292607,256896,65142783,2054929.51,2346218.44,9960,10,10,10,0,0,0,0,0,0,1951743,3624959,7806975,2127198.08,200
1790713568,0,10160,0,200.25,200.00,1095679,1948671,2803711,3491839,4263935,256896,65142783,2051683.52,2327281.33,10160,10,10,10,0,0,0,0,0,0,1888255,3493887,3581951,1890033.28,200
1790713569,0,10360,0,200.24,199.97,1094655,1948671,2803711,3493887,4415487,256896,65142783,2051646.13,2311350.36,10360,10,10,10,0,0,0,0,0,0,1929215,3594239,6172671,2049746.56,200
1790713570,0,10560,0,200.23,199.95,1085439,1902591,2799615,3493887,4403199,241664,65142783,2039988.15,2311702.44,10560,10,10,10,0,0,0,0,0,0,923135,3227647,3495935,1436104.96,200
1790713571,0,10760,0,200.23,200.11,1080319,1876991,2797567,3491839,4374527,241664,65142783,2030629.11,2295184.56,10760,10,10,10,0,0,0,0,0,0,1119231,3409919,3463167,1536471.68,200
1790713572,0,10960,0,200.23,200.03,1079295,1868799,2797567,3491839,4403199,241664,65142783,2028291.43,2278696.03,10960,10,10,10,0,0,0,0,0,0,1816575,3522559,4472831,1902524.16,200
1790713573,0,11160,0,200.22,199.92,1075199,1849343,2795519,3493887,4374527,241664,65142783,2021485.59,2264396.19,11160,10,10,10,0,0,0,0,0,0,1203199,3530751,3598335,1648525.44,200
1790713574,0,11360,0,200.22,200.07,1069055,1836031,2795519,3493887,4468735,241664,65142783,2014956.39,2250660.53,11360,10,10,10,0,0,0,0,0,0,1118207,4001791,5287935,1650627.20,200
1790713575,0,11560,0,200.21,199.83,1059839,1824767,2793471,3493887,4415487,241664,65142783,2004316.53,2236344.89,11560,10,10,10,0,0,0,0,0,0,1011711,3481599,3561471,1399972.48,200
1790713576,0,11760,0,200.21,199.99,1045503,1816575,2789375,3493887,4403199,226944,65142783,1993162.92,2222454.03,11760,10,10,10,0,0,0,0,0,0,969727,3201023,3561471,1348484.48,200
1790713577,0,11960,0,200.21,200.14,1035263,1811455,2785279,3493887,4374527,226944,65142783,1983767.10,2208852.37,11960,10,10,10,0,0,0,0,0,0,1027583,3217407,3926015,1431292.48,200
1790713578,0,12180,0,200.53,219.89,1038335,1815551,2791423,3497983,4857855,226944,65142783,2002033.07,2222430.41,12180,10,10,10,0,0,0,0,0,0,2263039,9781247,10657791,2995037.67,220
1790713579,0,12380,0,200.53,200.13,1039871,1815551,2791423,3500031,4808703,226944,65142783,2001674.02,2208008.58,12380,10,10,10,0,0,0,0,0,0,1823743,3540991,3569663,1979808.00,200
1790713580,0,12580,0,200.52,199.94,1030655,1810431,2789375,3500031,4796415,226944,65142783,1993866.25,2205037.88,12580,10,10,10,0,0,0,0,0,0,1028095,3264511,3588095,1510565.12,200
1790713581,0,12780,0,200.51,199.98,1027071,1810431,2789375,3500031,4796415,226944,65142783,1991598.82,2192172.23,12780,10,10,10,0,0,0,0,0,0,1687551,3663871,4403199,1848977.92,200
1790713582,0,12980,0,200.50,199.90,1030655,1811455,2789375,3502079,4763647,226944,65142783,1992379.45,2178897.05,12980,10,10,10,0,0,0,0,0,0,1944575,3653631,3688447,2042261.76,200
1790713583,0,13180,0,200.49,200.06,1031167,1813503,2791423,3502079,4755455,226944,65142783,1992484.70,2166370.42,13180,10,10,10,0,0,0,0,0,0,1896447,3629055,4069375,1999315.20,200
1790713584,0,13380,0,200.49,199.98,1025023,1809407,2787327,3502079,4694015,226944,65142783,1984883.32,2154189.73,13380,10,10,10,0,0,0,0,0,0,1183743,3327999,3670015,1483952.64,200
1790713585,0,13580,0,200.48,200.13,1027583,1810431,2789375,3504127,4681727,226944,65142783,1985791.29,2141903.11,13580,10,10,10,0,0,0,0,0,0,1906687,3649535,3674111,2046534.40,200
1790713586,0,13780,0,200.47,199.82,1030655,1812479,2789375,3506175,4694015,226944,65142783,1987107.61,2130448.60,13780,10,10,10,0,0,0,0,0,0,2021375,3676159,4722687,2076485.76,200
1790713587,0,13980,0,200.46,200.07,1031167,1813503,2791423,3506175,4595711,226944,65142783,1986652.16,2118506.96,13980,10,10,10,0,0,0,0,0,0,1882111,3573759,3667967,1955271.68,200
1790713588,0,14180,0,200.46,199.96,1033727,1814527,2791423,3506175,4567039,226944,65142783,1986677.47,2106876.44,14180,10,10,10,0,0,0,0,0,0,1854463,3583999,3610623,1988446.72,200
1790713589,0,14380,0,200.45,200.16,1034751,1815551,2793471,3508223,4542463,226944,65142783,1986919.93,2095555.08,14380,10,10,10,0,0,0,0,0,0,1866751,3579903,3639295,2004110.08,200
1790713590,0,14580,0,200.45,199.87,1035775,1816575,2793471,3510271,4542463,226944,65142783,1987984.89,2091843.31,14580,10,10,10,0,0,0,0,0,0,1991679,3575807,3663871,2064555.52,200
1790713591,0,14780,0,200.44,199.95,1037311,1818623,2795519,3510271,4534271,226944,65142783,1988740.23,2081092.08,14780,10,10,10,0,0,0,0,0,0,1911807,3672063,3708927,2043804.16,200
1790713592,0,14980,0,200.43,200.14,1039359,1818623,2795519,3510271,4530175,226944,65142783,1988988.21,2070482.84,14980,10,10,10,0,0,0,0,0,0,2002943,3624959,3741695,2007313.92,200
1790713593,0,15180,0,200.43,199.96,1041407,1819647,2795519,3510271,4517887,226944,65142783,1989651.65,2061548.35,15180,10,10,10,0,0,0,0,0,0,2083839,3487743,3799039,2039343.36,200
1790713594,0,15380,0,200.42,199.99,1042943,1819647,2795519,3512319,4472831,226944,65142783,1989585.78,2051568.83,15380,10,10,10,0,0,0,0,0,0,2003967,3643391,3704831,1984586.24,200
1790713595,0,15580,0,200.42,200.05,1043967,1821695,2797567,3514367,4435967,226944,65142783,1989050.63,2041650.97,15580,10,10,10,0,0,0,0,0,0,1853439,3608575,3684351,1947897.60,200
1790713596,0,15780,0,200.41,199.94,1043967,1822719,2797567,3514367,4403199,226944,65142783,1988503.65,2031951.26,15780,10,10,10,0,0,0,0,0,0,1850367,3594239,3659775,1945894.40,200
1790713597,0,15980,0,200.41,199.94,1043967,1823743,2797567,3514367,4403199,226944,65142783,1987506.40,2022346.86,15980,10,10,10,0,0,0,0,0,0,1861631,3512319,3665919,1908823.04,200
1790713598,0,16180,0,200.40,200.00,1044479,1824767,2797567,3514367,4370431,226944,65142783,1987093.19,2013030.43,16180,10,10,10,0,0,0,0,0,0,1857535,3594239,3674111,1954077.44,200
1790713599,0,16380,0,200.40,200.11,1044991,1824767,2797567,3516415,4308991,226944,65142783,1986631.53,2003905.48,16380,10,10,10,0,0,0,0,0,0,1894399,3602431,3663871,1949283.84,200
1790713600,0,16580,0,200.39,199.87,1044991,1825791,2797567,3516415,4304895,226944,65142783,1987427.94,2005924.40,16580,10,10,10,0,0,0,0,0,0,1843199,3551231,3661823,2052654.08,200
1790713601,0,16780,0,200.39,200.15,1045503,1826815,2799615,3516415,4284415,226944,65142783,1987027.97,1996958.06,16780,10,10,10,0,0,0,0,0,0,1850367,3532799,3674111,1953870.08,200
1790713602,0,16980,0,200.38,199.96,1038335,1819647,2797567,3516415,4263935,226944,65142783,1979943.97,1989060.81,16980,10,10,10,0,0,0,0,0,0,1021951,3227647,3555327,1385596.16,200
1790713603,0,17180,0,200.38,199.97,1037311,1819647,2797567,3516415,4263935,226944,65142783,1979122.07,1981147.06,17180,10,10,10,0,0,0,0,0,0,1784831,3530751,3989503,1909342.72,200
1790713604,0,17380,0,200.37,200.05,1038335,1819647,2797567,3516415,4247551,226944,65142783,1978943.22,1972824.93,17380,10,10,10,0,0,0,0,0,0,1873919,3596287,3659775,1963580.16,200
1790713605,0,17580,0,200.37,199.87,1039359,1820671,2797567,3518463,4239359,226944,65142783,1978842.87,1964661.43,17580,10,10,10,0,0,0,0,0,0,1874943,3602431,3657727,1970122.24,200
1790713606,0,17780,0,200.37,200.06,1039871,1820671,2799615,3518463,4210687,226944,65142783,1978221.14,1956576.39,17780,10,10,10,0,0,0,0,0,0,1832959,3588095,3665919,1923571.20,200
1790713607,0,17980,0,200.36,200.00,1039871,1821695,2797567,3518463,4188159,226944,65142783,1977314.09,1948541.21,17980,10,10,10,0,0,0,0,0,0,1827839,3545087,3670015,1896677.44,200
1790713608,0,18180,0,200.36,200.05,1039871,1822719,2799615,3518463,4169727,226944,65142783,1976881.02,1940758.17,18180,10,10,10,0,0,0,0,0,0,1853439,3557375,3706879,1937948.16,200
1790713609,0,18380,0,200.35,199.91,1041407,1823743,2799615,3520511,4139007,226944,65142783,1976780.16,1933158.86,18380,10,10,10,0,0,0,0,0,0,1867775,3610623,3690495,1967612.16,200
1790713610,0,18580,0,200.35,199.99,1040895,1823743,2799615,3520511,4134911,226944,65142783,1977364.05,1936277.54,18580,10,10,10,0,0,0,0,0,0,1849343,3434495,3622911,2031023.36,200
1790713611,0,18780,0,200.35,200.12,1040895,1824767,2799615,3520511,4122623,226944,65142783,1977047.89,1928823.27,18780,10,10,10,0,0,0,0,0,0,1845247,3575807,3690495,1947676.16,200
1790713612,0,18980,0,200.34,199.88,1042431,1824767,2801663,3522559,4169727,226944,65142783,1978173.78,1922525.51,18980,10,10,10,0,0,0,0,0,0,2051071,3655679,5664767,2083895.68,200
1790713613,0,19180,0,200.34,200.16,1042943,1826815,2801663,3522559,4149247,226944,65142783,1977876.02,1915781.72,19180,10,10,10,0,0,0,0,0,0,1893375,3502079,3725311,1949617.92,200
1790713614,0,19380,0,200.34,199.91,1042943,1826815,2801663,3522559,4134911,226944,65142783,1977438.09,1908679.90,19380,10,10,10,0,0,0,0,0,0,1876991,3520511,3700735,1935440.64,200
1790713615,0,19580,0,200.33,200.07,1043967,1827839,2801663,3522559,4122623,226944,65142783,1977511.14,1901800.70,19580,10,10,10,0,0,0,0,0,0,1880063,3627007,3696639,1984590.08,200
1790713616,0,19780,0,200.33,199.98,1044479,1827839,2801663,3522559,4112383,226944,65142783,1977240.86,1894977.07,19780,10,10,10,0,0,0,0,0,0,1860607,3614719,3692543,1950780.16,200
1790713617,0,19980,0,200.33,200.04,1044479,1827839,2801663,3522559,4073471,226944,65142783,1976730.10,1888163.07,19980,10,10,10,0,0,0,0,0,0,1857535,3604479,3676159,1926215.68,200
1790713618,0,20180,0,200.32,199.85,1044991,1828863,2803711,3524607,4071423,226944,65142783,1976633.68,1881590.44,20180,10,10,10,0,0,0,0,0,0,1865727,3610623,3686399,1967001.60,200
1790713619,0,20380,0,200.32,200.11,1044991,1829887,2803711,3524607,4069375,226944,65142783,1976562.31,1875147.06,20380,10,10,10,0,0,0,0,0,0,1855487,3627007,3696639,1969360.64,200
1790713620,0,20580,0,200.31,199.85,1045503,1830911,2803711,3526655,4009983,226944,65142783,1977383.53,1874620.61,20580,10,10,10,0,0,0,0,0,0,1888255,3583999,3721215,2061066.24,200
1790713621,0,20780,0,200.31,200.13,1046015,1831935,2803711,3526655,4003839,226944,65142783,1977308.06,1868324.60,20780,10,10,10,0,0,0,0,0,0,1895423,3629055,3674111,1969542.40,200
1790713622,0,20980,0,200.31,199.93,1046527,1832959,2805759,3528703,4001791,226944,65142783,1977400.11,1862155.26,20980,10,10,10,0,0,0,0,0,0,1868799,3627007,3688447,1986964.48,200
1790713623,0,21180,0,200.31,200.10,1046527,1832959,2805759,3530751,3999743,226944,65142783,1977204.68,1857368.39,21180,10,10,10,0,0,0,0,0,0,1880063,3536895,3670015,1956704.00,200
1790713624,0,21380,0,200.30,199.86,1047039,1833983,2807807,3530751,3987455,226944,65142783,1977207.39,1851374.25,21380,10,10,10,0,0,0,0,0,0,1862655,3616767,3672063,1977493.76,200
1790713625,0,21580,0,200.30,200.11,1048063,1833983,2807807,3532799,3969023,226944,65142783,1977348.20,1845490.56,21580,10,10,10,0,0,0,0,0,0,1865727,3643391,3686399,1992400.64,200
1790713626,0,21780,0,200.30,200.05,1048063,1833983,2807807,3532799,3950591,226944,65142783,1977296.06,1839695.87,21780,10,10,10,0,0,0,0,0,0,1873919,3622911,3696639,1971671.04,200
1790713627,0,21980,0,200.30,199.88,1048575,1835007,2807807,3532799,3942399,226944,65142783,1976849.65,1833837.62,21980,10,10,10,0,0,0,0,0,0,1872895,3581951,3653631,1928235.52,200
1790713628,0,22180,0,200.29,200.10,1049599,1835007,2807807,3534847,3942399,226944,65142783,1977128.68,1828266.93,22180,10,10,10,0,0,0,0,0,0,1989631,3661823,3770367,2007793.28,200
1790713629,0,22380,0,200.29,199.88,1049599,1836031,2809855,3536895,3932159,226944,65142783,1977129.74,1822697.87,22380,10,10,10,0,0,0,0,0,0,1900543,3612671,3672063,1977248.00,200
1790713630,0,22580,0,200.29,200.07,1050623,1837055,2809855,3536895,3932159,226944,65142783,1977978.48,1826574.30,22580,10,10,10,0,0,0,0,0,0,1862655,3586047,3684351,2072952.32,200
1790713631,0,22780,0,200.28,199.88,1050623,1838079,2811903,3538943,3926015,226944,65142783,1978206.53,1821161.28,22780,10,10,10,0,0,0,0,0,0,1880063,3643391,3684351,2003952.64,200
1790713632,0,22980,0,200.28,200.05,1051647,1839103,2811903,3538943,3905535,226944,65142783,1978223.63,1815788.51,22980,10,10,10,0,0,0,0,0,0,1871871,3645439,3686399,1980171.52,200
1790713633,0,23180,0,200.28,200.11,1052671,1839103,2811903,3538943,3891199,226944,65142783,1978218.77,1811473.86,23180,10,10,10,0,0,0,0,0,0,1876991,3561471,3659775,1977660.16,200
1790713634,0,23380,0,200.28,199.85,1053695,1840127,2813951,3540991,3864575,226944,65142783,1978360.78,1806251.28,23380,10,10,10,0,0,0,0,0,0,1875967,3643391,3688447,1994819.84,200
1790713635,0,23580,0,200.28,200.14,1053695,1841151,2813951,3540991,3842047,226944,65142783,1978084.41,1801041.75,23580,10,10,10,0,0,0,0,0,0,1864703,3600383,3676159,1945776.64,200
1790713636,0,23780,0,200.27,199.99,1054719,1841151,2813951,3540991,3835903,226944,65142783,1977823.08,1795898.12,23780,10,10,10,0,0,0,0,0,0,1831935,3559423,3637247,1947013.12,200
1790713637,0,23980,0,200.27,199.86,1053695,1841151,2813951,3540991,3807231,226944,65142783,1977119.39,1790728.61,23980,10,10,10,0,0,0,0,0,0,1831935,3411967,3643391,1893450.24,200
1790713638,0,24430,0,202.34,450.15,1044479,1827839,2809855,3549183,4403199,180096,65142783,1994363.93,1912923.71,24430,10,10,10,0,0,0,0,0,0,1060863,18006015,24084479,2913306.45,450
1790713639,0,24930,0,204.78,500.04,1025023,1811455,2797567,3545087,4341759,180096,65142783,1971306.08,1901294.24,24930,10,10,10,0,0,0,0,0,0,830975,1466367,1567743,844699.26,500
1790713640,0,25430,0,207.19,500.07,1004031,1797119,2781183,3543039,4292607,180096,65142783,1951275.71,1895958.66,25430,10,10,10,0,0,0,0,0,0,858111,1531903,3215359,952561.79,500
1790713641,0,25930,0,209.56,499.98,982015,1783807,2762751,3538943,4247551,180096,65142783,1932032.16,1883830.50,25930,10,10,10,0,0,0,0,0,0,928255,1697791,2631679,953305.22,500
1790713642,0,26430,0,211.88,499.76,952319,1764351,2742271,3534847,4210687,180096,65142783,1912160.74,1872225.77,26430,10,10,10,0,0,0,0,0,0,879615,1507327,1715199,881628.93,500
1790713643,0,26930,0,214.18,500.41,915967,1735679,2723839,3530751,4173823,180096,65142783,1895077.57,1877794.60,26930,10,10,10,0,0,0,0,0,0,873471,1513471,1770495,992060.80,500
1790713644,0,27430,0,216.43,499.99,881663,1700863,2695167,3526655,4126719,180096,65142783,1876821.72,1866273.96,27430,10,10,10,0,0,0,0,0,0,887807,1534975,1774591,893561.86,500
1790713645,0,27930,0,218.65,499.85,858623,1669119,2676735,3530751,4583423,180096,65142783,1879058.77,1905623.64,27930,10,10,10,0,0,0,0,0,0,986623,13049855,16080895,2001783.17,500
1790713646,0,28430,0,220.84,499.84,830975,1586175,2631679,3526655,4542463,180096,65142783,1861172.26,1894190.99,28430,10,10,10,0,0,0,0,0,0,851455,1459199,1509375,862032.00,500
1790713647,0,28930,0,222.99,499.98,816639,1515519,2605055,3524607,4640767,180096,65142783,1848093.55,1895352.74,28930,10,10,10,0,0,0,0,0,0,918015,1666047,6000639,1104438.14,500
1790713648,0,29430,0,225.11,500.24,806911,1487871,2578431,3520511,4550655,180096,65142783,1831197.01,1884269.27,29430,10,10,10,0,0,0,0,0,0,850943,1487871,1593343,853563.39,500
1790713649,0,29930,0,227.19,500.03,799743,1475583,2562047,3516415,4534271,180096,65142783,1815630.39,1873075.78,29930,10,10,10,0,0,0,0,0,0,895487,1535999,1885183,899378.94,500
1790713650,0,30430,0,229.25,500.07,791551,1464319,2547711,3514367,4509695,180096,65142783,1800594.64,1866950.63,30430,10,10,10,0,0,0,0,0,0,841215,1490943,1582079,900554.62,500
1790713651,0,30930,0,231.27,499.59,785919,1455103,2533375,3510271,4415487,180096,65142783,1785652.76,1856213.11,30930,10,10,10,0,0,0,0,0,0,878591,1517567,1589247,876289.66,500
1790713652,0,31430,0,233.27,500.12,781311,1446911,2521087,3506175,4370431,180096,65142783,1770763.47,1845776.88,31430,10,10,10,0,0,0,0,0,0,833023,1474559,1550335,849712.00,500
1790713653,0,31930,0,235.23,500.00,777215,1438719,2508799,3504127,4308991,180096,65142783,1757207.22,1838884.06,31930,10,10,10,0,0,0,0,0,0,844287,1504255,1606655,905061.63,500
1790713654,0,32430,0,237.17,500.06,773631,1430527,2496511,3500031,4263935,180096,65142783,1744462.22,1828323.49,32430,10,10,10,0,0,0,0,0,0,922111,1608703,1984511,930566.53,500
1790713655,0,32930,0,239.08,500.20,770047,1420287,2486271,3497983,4227071,180096,65142783,1731524.85,1818063.41,32930,10,10,10,0,0,0,0,0,0,886783,1516543,1699839,892406.91,500
1790713656,0,33430,0,240.96,499.94,766463,1410047,2476031,3495935,4173823,180096,65142783,1718467.76,1808182.63,33430,10,10,10,0,0,0,0,0,0,850943,1494015,1567743,858528.13,500
1790713657,0,33930,0,242.81,499.74,762879,1396735,2465791,3491839,4139007,180096,65142783,1706884.26,1807668.52,33930,10,10,10,0,0,0,0,0,0,840703,1466367,1542143,932411.14,500
1790713658,0,34430,0,244.64,500.02,759807,1382399,2453503,3487743,4122623,168576,65142783,1694663.58,1797993.63,34430,10,10,10,0,0,0,0,0,0,866815,1502207,1601535,865368.19,500
1790713659,0,34930,0,246.44,499.96,756223,1370111,2439167,3485695,4071423,168576,65142783,1682921.51,1788427.00,34930,10,10,10,0,0,0,0,0,0,864255,1522687,1608703,874363.01,500
1790713660,0,35430,0,248.22,500.04,752639,1357823,2420735,3483647,4069375,168576,65142783,1672380.65,1785435.96,35430,10,10,10,0,0,0,0,0,0,854015,1515519,1590271,935995.90,500
1790713661,0,35930,0,249.97,500.03,749567,1346559,2404351,3479551,4001791,168576,65142783,1661295.18,1776063.84,35930,10,10,10,0,0,0,0,0,0,860671,1519615,1675263,875778.69,500
1790713662,0,36430,0,251.70,500.16,747007,1334271,2387967,3477503,3969023,168576,65142783,1650188.96,1766946.71,36430,10,10,10,0,0,0,0,0,0,855551,1469439,1558527,852096.13,500
1790713663,0,36930,0,253.40,500.03,743935,1321983,2365439,3473407,3944447,168576,65142783,1641128.90,1772909.91,36930,10,10,10,0,0,0,0,0,0,854527,1527807,1628159,981013.12,500
1790713664,0,37430,0,255.08,500.04,740863,1313791,2332671,3469311,3926015,168576,65142783,1631244.74,1763764.28,37430,10,10,10,0,0,0,0,0,0,903679,1557503,1627135,901200.26,500
1790713665,0,37930,0,256.74,499.73,738303,1302527,2279423,3465215,3866623,168576,65142783,1621706.16,1754740.83,37930,10,10,10,0,0,0,0,0,0,902655,1596415,1933311,907648.38,500
1790713666,0,38430,0,258.37,500.13,735743,1289215,2242559,3461119,3835903,168576,65142783,1612236.83,1745868.21,38430,10,10,10,0,0,0,0,0,0,876031,1565695,1729535,893893.38,500
1790713667,0,38930,0,259.99,499.94,732671,1274879,2217983,3457023,3831807,168576,65142783,1604936.54,1757647.92,38930,10,10,10,0,0,0,0,0,0,847871,1500159,1784831,1043835.90,500
1790713668,0,39430,0,261.58,499.97,730623,1264639,2203647,3457023,3885055,168576,65142783,1601844.36,1777553.59,39430,10,10,10,0,0,0,0,0,0,897023,2756607,21381119,1361087.62,500
1790713669,0,39930,0,263.15,500.05,727551,1253375,2189311,3452927,3842047,168576,65142783,1592578.58,1768886.14,39930,10,10,10,0,0,0,0,0,0,837631,1498111,1548287,861879.30,500
1790713670,0,40430,0,264.70,500.11,724991,1241087,2179071,3448831,3831807,168576,65142783,1584346.42,1766018.57,40430,10,10,10,0,0,0,0,0,0,848895,1481727,1543167,926925.44,500
1790713671,0,40930,0,266.23,499.98,721407,1231871,2166783,3444735,3788799,168576,65142783,1575511.94,1757571.13,40930,10,10,10,0,0,0,0,0,0,851455,1508351,1570815,861155.97,500
1790713672,0,41430,0,267.74,500.19,718335,1222655,2158591,3438591,3774463,168576,65142783,1566912.02,1749213.93,41430,10,10,10,0,0,0,0,0,0,844799,1503231,1550335,862922.75,500
1790713673,0,41930,0,269.23,499.52,715263,1212415,2150399,3434495,3760127,168576,65142783,1559772.84,1753847.30,41930,10,10,10,0,0,0,0,0,0,848383,1485823,1595391,968220.54,500
1790713674,0,42430,0,270.71,500.47,713727,1206271,2142207,3430399,3751935,168576,65142783,1552425.03,1745402.74,42430,10,10,10,0,0,0,0,0,0,931839,1602559,1844223,936237.95,500
1790713675,0,42930,0,272.16,499.56,711167,1200127,2134015,3426303,3745791,168576,65142783,1544595.48,1737260.14,42930,10,10,10,0,0,0,0,0,0,879615,1519615,1610751,880179.97,500
1790713676,0,43430,0,273.60,500.16,708607,1192959,2123775,3420159,3739647,168576,65142783,1536764.37,1729292.96,43430,10,10,10,0,0,0,0,0,0,857599,1500159,1591295,864385.02,500
1790713677,0,43930,0,275.01,500.03,705535,1184767,2111487,3416063,3737599,168576,65142783,1530056.13,1730501.98,43930,10,10,10,0,0,0,0,0,0,842751,1470463,1585151,947378.56,500
1790713678,0,44430,0,276.41,500.00,702463,1176575,2095103,3411967,3731455,168576,65142783,1522444.03,1722739.32,44430,10,10,10,0,0,0,0,0,0,833023,1502207,1575935,853644.29,500
1790713679,0,44930,0,277.80,500.06,699391,1169407,2079743,3405823,3727359,168576,65142783,1515033.77,1715072.79,44930,10,10,10,0,0,0,0,0,0,844799,1514495,1600511,856558.46,500
1790713680,0,45430,0,279.16,500.13,696319,1162239,2061311,3403775,3723263,168576,65142783,1508253.22,1711247.10,45430,10,10,10,0,0,0,0,0,0,836607,1478655,1590271,898952.70,500
1790713681,0,45930,0,280.51,499.67,693759,1156095,2041855,3397631,3721215,168576,65142783,1501241.59,1703720.30,45930,10,10,10,0,0,0,0,0,0,862207,1489919,1579007,864164.99,500
1790713682,0,46430,0,281.84,500.05,691711,1150975,2021375,3391487,3719167,168576,65142783,1494353.73,1696310.51,46430,10,10,10,0,0,0,0,0,0,848383,1487871,1582079,861634.94,500
1790713683,0,46930,0,283.16,500.02,689151,1146879,1993727,3387391,3715071,168576,65142783,1488191.43,1691718.08,46930,10,10,10,0,0,0,0,0,0,842751,1484799,2732031,915960.32,500
1790713684,0,47430,0,284.46,500.00,686591,1141759,1942527,3381247,3710975,168576,65142783,1481538.09,1684517.63,47430,10,10,10,0,0,0,0,0,0,840191,1484799,1569791,857055.36,500
1790713685,0,47930,0,285.74,500.08,685055,1137663,1893375,3375103,3706879,168576,65142783,1475375.49,1677330.69,47930,10,10,10,0,0,0,0,0,0,900095,1512447,1852415,890791.30,500
1790713686,0,48430,0,287.01,500.00,683007,1134591,1868799,3368959,3704831,168576,65142783,1469289.34,1670251.01,48430,10,10,10,0,0,0,0,0,0,881151,1516543,1841151,885870.72,500
1790713687,0,48930,0,288.27,500.00,681471,1131519,1850367,3358719,3704831,168576,65142783,1464253.46,1670786.33,48930,10,10,10,0,0,0,0,0,0,870911,1546239,1810431,976478.34,500
1790713688,0,49430,0,289.51,499.93,678911,1128447,1838079,3352575,3702783,168576,65142783,1458035.68,1663921.46,49430,10,10,10,0,0,0,0,0,0,832511,1482751,1593343,849564.42,500
1790713689,0,49930,0,290.73,500.00,676863,1125375,1826815,3346431,3702783,168576,65142783,1452015.41,1657129.40,49930,10,10,10,0,0,0,0,0,0,844799,1484799,1580031,856850.82,500
1790713690,0,50430,0,291.94,499.98,674815,1122303,1818623,3342335,3698687,168576,65142783,1447011.35,1657045.09,50430,10,10,10,0,0,0,0,0,0,849407,1509375,1629183,947305.86,500
1790713691,0,50930,0,293.14,499.97,672255,1119231,1811455,3336191,3696639,168576,65142783,1441204.41,1650379.64,50930,10,10,10,0,0,0,0,0,0,849407,1488895,1580031,855516.54,500
1790713692,0,51430,0,294.33,500.39,670207,1117183,1803263,3330047,3694591,168576,65142783,1435479.94,1643826.70,51430,10,10,10,0,0,0,0,0,0,836607,1474559,1610751,852385.41,500
1790713693,0,51930,0,295.50,499.58,667647,1114111,1797119,3325951,3694591,168576,65142783,1430192.09,1639782.37,51930,10,10,10,0,0,0,0,0,0,841215,1499135,1606655,886284.42,500
1790713694,0,52430,0,296.65,500.07,665599,1112063,1788927,3319807,3694591,168576,65142783,1424708.23,1633367.56,52430,10,10,10,0,0,0,0,0,0,847871,1480703,1606655,855154.56,500
1790713695,0,52930,0,297.80,500.01,664575,1110015,1781759,3315711,3692543,168576,65142783,1419526.88,1626986.00,52930,10,10,10,0,0,0,0,0,0,864767,1512447,1606655,876210.56,500
1790713696,0,53430,0,298.93,500.12,663039,1107967,1772543,3313663,3690495,168576,65142783,1414390.21,1620709.97,53430,10,10,10,0,0,0,0,0,0,863743,1516543,1582079,870622.46,500
1790713697,0,53930,0,300.05,500.10,660991,1105919,1763327,3309567,3690495,168576,65142783,1411142.92,1631974.43,53930,10,10,10,0,0,0,0,0,0,852991,1498111,1595391,1064136.83,500
1790713698,0,54220,0,299.99,290.05,661503,1105919,1766399,3313663,3696639,168576,65142783,1413007.47,1630929.38,54220,10,10,10,0,0,0,0,0,0,1331199,4935679,5775359,1759749.30,290
1790713699,0,54420,0,299.44,199.99,662527,1106943,1770495,3315711,3696639,168576,65142783,1415063.20,1629502.17,54420,10,10,10,0,0,0,0,0,0,1861631,3604479,3686399,1972371.20,200
1790713700,0,54620,0,298.90,199.89,663039,1107967,1774591,3315711,3696639,168576,65142783,1417297.91,1632728.08,54620,10,10,10,0,0,0,0,0,0,1786879,3483647,3612671,2025364.48,200
1790713701,0,54820,0,298.36,200.00,663551,1108991,1778687,3315711,3694591,168576,65142783,1419266.40,1631259.12,54820,10,10,10,0,0,0,0,0,0,1860607,3618815,3667967,1956860.16,200
1790713702,0,55020,0,297.83,200.06,664575,1110015,1782783,3317759,3694591,168576,65142783,1421236.03,1629790.51,55020,10,10,10,0,0,0,0,0,0,1870847,3608575,3686399,1961112.32,200
1790713703,0,55220,0,297.30,199.87,665087,1111039,1786879,3317759,3694591,168576,65142783,1423187.16,1628693.43,55220,10,10,10,0,0,0,0,0,0,1856511,3485695,3637247,1959942.40,200
1790713704,0,55420,0,296.78,200.11,666111,1112063,1790975,3321855,3694591,168576,65142783,1425368.63,1627341.12,55420,10,10,10,0,0,0,0,0,0,1971199,3612671,4016127,2027671.68,200
1790713705,0,55620,0,296.26,200.07,667135,1113087,1794047,3321855,3694591,168576,65142783,1427395.53,1625964.32,55620,10,10,10,0,0,0,0,0,0,2052095,3618815,3637247,1989050.88,200
1790713706,0,55820,0,295.75,199.93,667647,1114111,1797119,3325951,3694591,168576,65142783,1429216.28,1624481.42,55820,10,10,10,0,0,0,0,0,0,1866751,3579903,3657727,1935564.80,200
1790713707,0,56020,0,295.25,200.02,668671,1115135,1800191,3325951,3694591,168576,65142783,1430991.22,1622973.31,56020,10,10,10,0,0,0,0,0,0,1856511,3567615,3667967,1926379.52,200
1790713708,0,56220,0,294.75,200.03,669695,1116159,1803263,3327999,3694591,168576,65142783,1432826.75,1621521.98,56220,10,10,10,0,0,0,0,0,0,1874943,3594239,3670015,1946958.08,200
1790713709,0,56420,0,294.26,200.04,670719,1117183,1806335,3330047,3694591,168576,65142783,1434671.26,1620094.73,56420,10,10,10,0,0,0,0,0,0,1852415,3575807,3665919,1953163.52,200
1790713710,0,56620,0,293.77,199.86,671231,1118207,1809407,3332095,3692543,168576,65142783,1436691.99,1622016.24,56620,10,10,10,0,0,0,0,0,0,1906687,3477503,3534847,2006739.20,200
1790713711,0,56820,0,293.28,200.01,672255,1119231,1811455,3334143,3692543,168576,65142783,1438452.06,1620548.24,56820,10,10,10,0,0,0,0,0,0,1848319,3508223,3618815,1936727.04,200
1790713712,0,57020,0,292.80,200.06,672767,1120255,1814527,3334143,3692543,168576,65142783,1440238.19,1619133.84,57020,10,10,10,0,0,0,0,0,0,1846271,3602431,3661823,1947678.72,200
1790713713,0,57220,0,292.33,199.92,673279,1121279,1817599,3336191,3692543,168576,65142783,1442228.18,1618732.69,57220,10,10,10,0,0,0,0,0,0,1944575,3571711,3745791,2009573.76,200
1790713714,0,57420,0,291.86,200.13,674303,1122303,1820671,3338239,3692543,168576,65142783,1443987.68,1617316.11,57420,10,10,10,0,0,0,0,0,0,1869823,3592191,3639295,1947381.76,200
1790713715,0,57620,0,291.40,199.86,674815,1123327,1824767,3340287,3692543,168576,65142783,1445713.11,1615890.80,57620,10,10,10,0,0,0,0,0,0,1851391,3586047,3620863,1941084.16,200
1790713716,0,57820,0,290.94,200.07,675327,1124351,1827839,3342335,3692543,168576,65142783,1447212.55,1614341.37,57820,10,10,10,0,0,0,0,0,0,1810431,3416063,3573759,1879201.28,200
1790713717,0,58020,0,290.48,200.01,675839,1125375,1831935,3344383,3692543,168576,65142783,1448794.24,1612865.91,58020,10,10,10,0,0,0,0,0,0,1825791,3477503,3645439,1906060.80,200
1790713718,0,58220,0,290.03,200.05,676351,1126399,1835007,3346431,3690495,168576,65142783,1450477.97,1611429.40,58220,10,10,10,0,0,0,0,0,0,1840127,3518463,3629055,1938927.36,200
1790713719,0,58420,0,289.58,200.03,677375,1127423,1840127,3348479,3690495,168576,65142783,1452329.30,1610032.49,58420,10,10,10,0,0,0,0,0,0,2070527,3500031,3543039,1991250.56,200
1790713720,0,58620,0,289.14,199.84,677887,1128447,1843199,3348479,3690495,168576,65142783,1454548.20,1614067.23,58620,10,10,10,0,0,0,0,0,0,1829887,3506175,3557375,2102690.56,200
1790713721,0,58820,0,288.70,200.06,678911,1129471,1847295,3350527,3692543,168576,65142783,1456448.06,1612777.04,58820,10,10,10,0,0,0,0,0,0,1982463,3520511,4415487,2013296.00,200
1790713722,0,59020,0,288.27,200.03,679423,1131519,1852415,3354623,3692543,168576,65142783,1458272.38,1611438.61,59020,10,10,10,0,0,0,0,0,0,1845247,3577855,3635199,1994804.48,200
1790713723,0,59220,0,287.84,199.89,680447,1132543,1860607,3354623,3692543,168576,65142783,1460008.13,1610447.38,59220,10,10,10,0,0,0,0,0,0,1852415,3540991,3606527,1972227.84,200
1790713724,0,59420,0,287.42,199.99,681471,1133567,1866751,3356671,3690495,168576,65142783,1461781.55,1609072.21,59420,10,10,10,0,0,0,0,0,0,1858559,3577855,3606527,1986891.52,200
1790713725,0,59620,0,287.00,200.01,682495,1134591,1873919,3358719,3690495,168576,65142783,1463562.41,1607712.55,59620,10,10,10,0,0,0,0,0,0,1868799,3592191,3610623,1992656.64,200
1790713726,0,59820,0,286.58,200.11,683007,1136639,1885183,3360767,3690495,168576,65142783,1465261.10,1606328.10,59820,10,10,10,0,0,0,0,0,0,1970175,3577855,3659775,1971640.32,200
1790713727,0,60020,0,286.17,199.93,684031,1137663,1895423,3364863,3690495,168576,65142783,1466967.29,1604932.23,60020,10,10,10,0,0,0,0,0,0,1943551,3571711,3643391,1977288.32,200
1790713728,0,60220,0,285.76,200.03,684543,1139711,1909759,3364863,3690495,168576,65142783,1468641.60,1603554.97,60220,10,10,10,0,0,0,0,0,0,1859583,3573759,3635199,1971101.44,200
1790713729,0,60420,0,285.35,200.05,685567,1140735,1926143,3366911,3688447,168576,65142783,1470421.93,1602247.26,60420,10,10,10,0,0,0,0,0,0,1890303,3598335,3641343,2006480.64,200
1790713730,0,60620,0,284.95,200.01,686079,1141759,1948671,3368959,3688447,168576,65142783,1472410.42,1605162.61,60620,10,10,10,0,0,0,0,0,0,1854463,3551231,3616767,2073131.52,200
1790713731,0,60820,0,284.55,199.84,686591,1143807,1961983,3368959,3688447,168576,65142783,1473988.85,1603757.70,60820,10,10,10,0,0,0,0,0,0,1887231,3577855,3651583,1952410.88,200
1790713732,0,61020,0,284.16,200.08,687615,1145855,1977343,3368959,3688447,168576,65142783,1475408.06,1602257.91,61020,10,10,10,0,0,0,0,0,0,1853439,3309567,3612671,1906991.36,200
1790713733,0,61220,0,283.77,200.05,688127,1147903,1989631,3371007,3688447,168576,65142783,1477228.00,1601430.91,61220,10,10,10,0,0,0,0,0,0,1909759,3561471,4386815,2032492.16,200
1790713734,0,61420,0,283.38,199.99,689151,1148927,1998847,3375103,3688447,168576,65142783,1478765.79,1600006.48,61420,10,10,10,0,0,0,0,0,0,1867775,3440639,3592191,1949480.96,200
1790713735,0,61620,0,283.00,200.06,689663,1149951,2008063,3375103,3688447,168576,65142783,1480411.95,1598671.00,61620,10,10,10,0,0,0,0,0,0,1944575,3583999,3612671,1985948.16,200
1790713736,0,61820,0,282.62,199.98,690687,1151999,2015231,3377151,3686399,168576,65142783,1481979.99,1597305.36,61820,10,10,10,0,0,0,0,0,0,1892351,3553279,3604479,1965093.12,200
1790713737,0,62020,0,282.25,200.02,691199,1153023,2021375,3377151,3688447,168576,65142783,1483628.58,1596033.18,62020,10,10,10,0,0,0,0,0,0,1988607,3575807,3829759,1993207.04,200
1790713738,0,62220,0,281.87,199.99,692223,1155071,2028543,3379199,3686399,168576,65142783,1485254.51,1594727.67,62220,10,10,10,0,0,0,0,0,0,1893375,3573759,3635199,1989457.92,200
1790713739,0,62420,0,281.50,199.90,692735,1156095,2034687,3381247,3686399,168576,65142783,1486915.60,1593455.09,62420,10,10,10,0,0,0,0,0,0,1900543,3583999,3627007,2003680.00,200
1790713740,0,62620,0,281.14,200.02,693759,1158143,2039807,3381247,3686399,168576,65142783,1488741.64,1595056.99,62620,10,10,10,0,0,0,0,0,0,1989631,3536895,3643391,2058647.04,200
1790713741,0,62820,0,280.77,199.96,694783,1159167,2044927,3383295,3686399,168576,65142783,1490428.07,1593875.87,62820,10,10,10,0,0,0,0,0,0,2008063,3590143,4243455,2018450.56,200
1790713742,0,63020,0,280.42,200.08,695295,1161215,2051071,3383295,3686399,168576,65142783,1492033.71,1592608.60,63020,10,10,10,0,0,0,0,0,0,1980415,3583999,3651583,1996364.80,200
1790713743,0,63220,0,280.06,199.99,696319,1163263,2056191,3385343,3688447,168576,65142783,1493916.48,1592430.95,63220,10,10,10,0,0,0,0,0,0,2003967,3612671,5361663,2087176.32,200
1790713744,0,63420,0,279.71,199.94,697343,1165311,2062335,3387391,3690495,168576,65142783,1495625.54,1591347.82,63420,10,10,10,0,0,0,0,0,0,2012159,3594239,4767743,2035862.40,200
1790713745,0,63620,0,279.36,200.04,697855,1167359,2067455,3389439,3690495,168576,65142783,1497306.52,1590292.00,63620,10,10,10,0,0,0,0,0,0,1984511,3608575,4980735,2030343.68,200
1790713746,0,63820,0,279.01,200.04,698879,1168383,2073599,3391487,3690495,168576,65142783,1498778.52,1588971.62,63820,10,10,10,0,0,0,0,0,0,1925119,3573759,3647487,1967022.08,200
1790713747,0,64020,0,278.67,200.01,699903,1170431,2077695,3389439,3690495,168576,65142783,1500204.41,1587628.56,64020,10,10,10,0,0,0,0,0,0,1921023,3362815,3690495,1955205.12,200
1790713748,0,64220,0,278.32,199.96,700415,1172479,2082815,3391487,3690495,168576,65142783,1501625.76,1586305.34,64220,10,10,10,0,0,0,0,0,0,1898495,3557375,3651583,1956600.32,200
1790713749,0,64420,0,277.99,199.99,700927,1173503,2087935,3391487,3690495,168576,65142783,1503159.66,1585064.27,64420,10,10,10,0,0,0,0,0,0,1993727,3567615,3612671,1995695.36,200
1790713750,0,64620,0,277.65,200.01,701951,1175551,2092031,3393535,3690495,168576,65142783,1505066.37,1588756.08,64620,10,10,10,0,0,0,0,0,0,1866751,3586047,3631103,2119217.92,200
1790713751,0,64820,0,277.32,199.99,702975,1176575,2096127,3395583,3688447,168576,65142783,1506553.11,1587496.14,64820,10,10,10,0,0,0,0,0,0,1873919,3567615,3608575,1986919.68,200
1790713752,0,65020,0,276.99,200.02,703487,1178623,2101247,3397631,3688447,168576,65142783,1507993.44,1586221.73,65020,10,10,10,0,0,0,0,0,0,1844223,3559423,3590143,1974801.92,200
1790713753,0,65220,0,276.66,200.02,704511,1180671,2105343,3397631,3688447,168576,65142783,1509496.36,1585477.71,65220,10,10,10,0,0,0,0,0,0,1936383,3559423,3604479,1998095.36,200
1790713754,0,65420,0,276.34,199.99,705023,1182719,2109439,3399679,3688447,168576,65142783,1510980.40,1584240.22,65420,10,10,10,0,0,0,0,0,0,1890303,3586047,3635199,1994926.08,200
1790713755,0,65620,0,276.02,200.04,706047,1184767,2115583,3399679,3688447,168576,65142783,1512389.65,1583002.96,65620,10,10,10,0,0,0,0,0,0,1843199,3586047,3629055,1973358.08,200
1790713756,0,65820,0,275.70,199.85,706559,1186815,2119679,3401727,3690495,168576,65142783,1514886.02,1586015.38,65820,10,10,10,0,0,0,0,0,0,1991679,3682303,11730943,2333942.40,200
1790713757,0,66020,0,275.38,199.95,707071,1188863,2121727,3403775,3688447,168576,65142783,1516000.08,1584697.64,66020,10,10,10,0,0,0,0,0,0,1827839,3493887,3641343,1882638.08,200
1790713758,0,66630,0,276.77,610.58,710655,1200127,2144255,3479551,13770751,168576,320077823,2768543.22,15716200.48,66630,10,10,10,0,0,0,0,0,0,135397375,294125567,319291391,138330670.79,610
1790713759,0,67180,0,277.90,549.50,714239,1210367,2160639,3534847,187826175,168576,603455487,5804506.18,38858336.14,67180,10,10,10,0,0,0,0,0,0,373817343,585105407,602406911,373597619.67,550
1790713760,0,67730,0,279.03,550.34,717823,1221631,2181119,3581951,449839103,168576,861929471,10890357.79,69316989.89,67730,10,10,10,0,0,0,0,0,0,632291327,844627967,860880895,632104014.20,550
1790713761,0,68830,0,282.39,1099.75,724479,1245183,2260991,3686399,984612863,168576,1400897535,27385504.26,148414475.94,68830,10,10,10,0,0,0,0,0,0,1040711679,1358954495,1392508927,1043036658.97,1100
1790713762,0,69380,0,283.49,550.02,727551,1257471,2344959,10403839,1236271103,168576,1655701503,38456244.09,193225539.88,69380,10,10,10,0,0,0,0,0,0,1425014783,1637875711,1654652927,1423909012.95,550
1790713763,0,69930,0,284.57,549.87,731135,1268735,2402303,169738239,1492123647,168576,1912602623,51385815.91,241398331.22,69930,10,10,10,0,0,0,0,0,0,1682964479,1894776831,1912602623,1682392529.45,550
1790713764,0,70480,0,285.65,549.90,733695,1279999,2447359,407371775,1738539007,168576,2157969407,66017736.86,291860176.92,70480,10,10,10,0,0,0,0,0,0,1926234111,2139095039,2157969407,1926399977.66,550
1790713765,0,71580,0,288.93,1100.08,740351,1303551,2500607,917503999,2218786815,168576,2648702975,100196914.45,399063208.68,71580,10,10,10,0,0,0,0,0,0,2290089983,2604662783,2640314367,2290150038.81,1100
1790713766,0,72130,0,289.98,550.38,743423,1313791,2523135,1146093567,2468347903,168576,2898264063,119762627.77,456069210.93,72130,10,10,10,0,0,0,0,0,0,2667577343,2879389695,2898264063,2666151280.64,550
1790713767,0,72680,0,291.02,549.70,745983,1324031,2545663,1390411775,2720006143,168576,3154116607,140969889.84,515311458.63,72680,10,10,10,0,0,0,0,0,0,2923429887,3135242239,3154116607,2922205913.83,550
1790713768,0,73230,0,292.06,549.91,749055,1332223,2574335,1632632831,2965372927,168576,3397386239,163682998.93,576074353.98,73230,10,10,10,0,0,0,0,0,0,3166699519,3380609023,3397386239,3165117123.49,550
1790713769,0,74330,0,295.27,1100.19,754687,1349631,2713599,2104492031,3477078015,168576,3925868543,213884575.83,703769413.58,74330,10,10,10,0,0,0,0,0,0,3556769791,3883925503,3917479935,3555940463.71,1100
1790713770,0,74880,0,296.28,550.42,757759,1358847,2768895,2338324479,3764387839,168576,4236247039,241737979.03,772420227.74,74880,10,10,10,0,0,0,0,0,0,4007657471,4217372671,4236247039,4005998815.42,550
1790713771,0,75430,0,297.28,549.88,760319,1367039,2811903,2573205503,4066377727,168576,4542431231,271426141.64,844043710.07,75430,10,10,10,0,0,0,0,0,0,4315938815,4525654015,4542431231,4313334534.52,550
1790713772,0,75980,0,298.27,549.81,762879,1375231,2842623,2820669439,4374659071,168576,4852809727,302911510.49,918336151.28,75980,10,10,10,0,0,0,0,0,0,4622123007,4836032511,4852809727,4620986732.92,550
1790713773,0,76530,0,299.25,549.90,764927,1383423,2867199,3053453311,4664066047,168576,5108662271,335807237.13,993427847.59,76530,10,10,10,0,0,0,0,0,0,4882169855,5091885055,5108662271,4880202346.12,550
1790713774,0,77630,0,302.37,1100.27,770047,1401855,2914303,3544186879,5205131263,168576,5662310399,406180669.39,1148019049.50,77630,10,10,10,0,0,0,0,0,0,5301600255,5616173055,5653921791,5302252279.62,1100
1790713775,0,78180,0,303.33,550.15,772607,1410047,2949119,3829399551,5465178111,168576,5939134463,443469010.52,1226805979.43,78180,10,10,10,0,0,0,0,0,0,5708447743,5918162943,5934940159,5706548868.19,550
1790713776,0,78730,0,304.29,549.97,775679,1417215,3012607,4125097983,5742002175,168576,6236930047,482311302.84,1307334084.98,78730,10,10,10,0,0,0,0,0,0,6006243327,6215958527,6232735743,6003566599.45,550
1790713777,0,79280,0,305.23,550.15,778751,1426431,3082239,4420796415,6031409151,168576,6534725631,522704249.84,1389584779.27,79280,10,10,10,0,0,0,0,0,0,6308233215,6517948415,6534725631,6304771008.70,550
1790713778,0,79830,0,306.17,549.55,781823,1433599,3131391,4693426175,6333399039,168576,6832521215,564584066.73,1473291203.53,79830,10,10,10,0,0,0,0,0,0,6601834495,6815743999,6832521215,6601369309.56,550
1790713779,0,80844,0,308.87,1014.83,786431,1443839,3198975,5179965439,6836715519,168576,7386169343,645679452.13,1631436988.77,80844,10,10,10,0,0,0,0,0,0,7046430719,7344226303,7377780735,7030141598.55,1014
1790713780,0,81480,0,310.12,635.54,790527,1451007,3231743,5473566719,7163871231,168576,7633633279,697942647.25,1728676174.89,81480,10,10,10,0,0,0,0,0,0,7369392127,7608467455,7633633279,7341285015.35,636
1790713781,0,82030,0,311.03,549.98,793599,1457151,3254271,5725224959,7402946559,168576,7881097215,744521951.56,1813788944.22,82030,10,10,10,0,0,0,0,0,0,7646216191,7860125695,7876902911,7645034160.87,550
1790713782,0,82580,0,311.93,550.41,796671,1463295,3284991,6006243327,7646216191,168576,8132755455,792179650.70,1899155208.47,82580,10,10,10,0,0,0,0,0,0,7902068735,8115978239,8132755455,7900108852.13,550
1790713783,0,83602,0,314.60,1022.07,803839,1475583,3393535,6517948415,8099201023,168576,8640266239,883663887.13,2058988090.69,83602,10,10,10,0,0,0,0,0,0,8287944703,8598323199,8631877631,8275805025.69,1022
1790713784,0,84230,0,315.78,627.84,808447,1481727,3465215,6828326911,8388607999,168576,8891924479,941215871.56,2156166122.93,84230,10,10,10,0,0,0,0,0,0,8631877631,8866758655,8891924479,8602777978.29,628
1790713785,0,84780,0,316.65,549.91,812031,1488895,3508223,7096762367,8648654847,168576,9160359935,992986196.37,2242646446.52,84780,10,10,10,0,0,0,0,0,0,8925478911,9135194111,9151971327,8921376120.09,550
1790713786,0,85330,0,317.52,550.18,816639,1498111,3553279,7335837695,8900313087,168576,9412018175,1045744057.44,2329423232.65,85330,10,10,10,0,0,0,0,0,0,9185525759,9395240959,9412018175,9178128532.95,550
1790713787,0,85880,0,318.38,549.93,821759,1508351,3588095,7570718719,9160359935,168576,9705619455,1099726984.46,2417373217.41,85880,10,10,10,0,0,0,0,0,0,9479127039,9688842239,9705619455,9474932736.00,550
1790713788,0,86980,0,321.27,1099.56,831487,1534975,3661823,8044675071,9739173887,168576,10309599231,1211293113.82,2596550478.17,86980,10,10,10,0,0,0,0,0,0,9923723263,10259267583,10301210623,9921565103.94,1100
1790713789,0,87530,0,322.11,549.88,837119,1555455,4333567,8283750399,10032775167,168576,10603200511,1268820241.48,2687598924.62,87530,10,10,10,0,0,0,0,0,0,10368319487,10586423295,10603200511,10366473994.24,550
1790713790,0,88080,0,322.95,549.97,843775,1581055,22102015,8531214335,10317987839,168576,10896801791,1327477607.90,2779526954.66,88080,10,10,10,0,0,0,0,0,0,10661920767,10880024575,10896801791,10662530848.58,550
1790713791,0,88630,0,323.78,550.08,850431,1612799,179044351,8782872575,10611589119,168576,11182014463,1387190128.01,2872099053.03,88630,10,10,10,0,0,0,0,0,0,10955522047,11165237247,11182014463,10949878802.62,550
1790713792,0,89180,0,324.60,549.88,856575,1654783,356515839,9026142207,10896801791,168576,11442061311,1447735289.81,2964608771.36,89180,10,10,10,0,0,0,0,0,0,11207180287,11425284095,11442061311,11204312909.27,550
1790713793,0,90280,0,327.41,1100.65,869375,1710079,765984767,9579790335,11425284095,168576,11945377791,1571260344.55,3149488905.22,90280,10,10,10,0,0,0,0,0,0,11584667647,11903434751,11936989183,11585773419.05,1100
1790713794,0,90830,0,328.22,550.12,876543,1734655,976224255,9865003007,11668553727,168576,12205424639,1634222573.04,3241919416.57,90830,10,10,10,0,0,0,0,0,0,11970543615,12188647423,12205424639,11969186186.71,550
1790713795,0,91380,0,329.02,549.99,883199,1758207,1152385023,10150215679,11920211967,168576,12473860095,1698065316.12,3334667845.67,91380,10,10,10,0,0,0,0,0,0,12247367679,12457082879,12473860095,12241404142.31,550
1790713796,0,91930,0,329.81,549.67,889343,1775615,1348468735,10435428351,12188647423,168576,12733906943,1762700956.23,3427492832.62,91930,10,10,10,0,0,0,0,0,0,12507414527,12717129727,12733906943,12501618762.47,550
1790713797,0,93030,0,332.56,1100.61,901119,1800191,1738539007,10972299263,12700352511,168576,13254000639,1894191880.63,3613059852.98,93030,10,10,10,0,0,0,0,0,0,12884901887,13212057599,13245612031,12883247044.42,1100
1790713798,0,93580,0,333.34,550.06,905727,1811455,1912602623,11207180287,12960399359,168576,13505658879,1961051282.81,3705900442.61,93580,10,10,10,0,0,0,0,0,0,13270777855,13488881663,13505658879,13270015255.27,550
1790713799,0,94130,0,334.10,549.65,911871,1822719,2096103423,11442061311,13212057599,168576,13765705727,2028645609.40,3798809609.22,94130,10,10,10,0,0,0,0,0,0,13530824703,13748928511,13765705727,13529513030.75,550
1790713800,0,94680,0,334.87,550.34,917503,1836031,2281701375,11685330943,13472104447,168576,14017363967,2096931308.71,3891692711.36,94680,10,10,10,0,0,0,0,0,0,13790871551,14000586751,14017363967,13783718357.18,550
1790713801,0,95780,0,337.57,1099.72,927231,1876991,2650800127,12180258815,13967032319,168576,14478737407,2235151968.64,4076286387.33,95780,10,10,10,0,0,0,0,0,0,14134804479,14436794367,14470348799,14132181133.50,1100
1790713802,0,96330,0,338.31,550.15,931839,1942527,2845835263,12431917055,14193524735,168576,14722007039,2305081419.74,4168085607.15,96330,10,10,10,0,0,0,0,0,0,14487126015,14705229823,14713618431,14482977468.04,550
1790713803,0,96880,0,339.05,549.76,936959,2002943,3034578943,12675186687,14428405759,168576,14973665279,2375661242.16,4259918291.55,96880,10,10,10,0,0,0,0,0,0,14738784255,14956888063,14973665279,14737396322.68,550
1790713804,0,97430,0,339.79,549.84,941567,2035711,3225419775,12918456319,14663286783,168576,15216934911,2446821271.83,4351611785.83,97430,10,10,10,0,0,0,0,0,0,14982053887,15200157695,15216934911,14981337043.32,550
1790713805,0,98530,0,342.43,1100.48,951807,2095103,3605004287,13413384191,15174991871,168576,15770583039,2591377326.36,4536122008.08,98530,10,10,10,0,0,0,0,0,0,15393095679,15728639999,15762194431,15395101319.91,1100
1790713806,0,99080,0,343.15,550.07,957439,2121727,3841982463,13656653823,15443427327,168576,16030629887,2664666401.85,4628663600.67,99080,10,10,10,0,0,0,0,0,0,15795748863,16013852671,16030629887,15794071142.40,550
1790713807,0,99630,0,343.86,550.09,963071,2136063,4095737855,13891534847,15711862783,168576,16290676735,2738614288.91,4721381122.50,99630,10,10,10,0,0,0,0,0,0,16064184319,16273899519,16290676735,16059990016.00,550
1790713808,0,100180,0,344.57,549.80,969215,2148351,4299161599,14109638655,15971909631,168576,16584278015,2813362116.36,4814691801.61,100180,10,10,10,0,0,0,0,0,0,16357785599,16567500799,16584278015,16353591296.00,550
1790713809,0,100730,0,345.28,549.82,974335,2160639,4517265407,14336131071,16248733695,168576,16877879295,2888885621.56,4908534002.08,100730,10,10,10,0,0,0,0,0,0,16651386879,16861102079,16877879295,16645148806.05,550
1790713810,0,101830,0,347.85,1100.67,986111,2187263,4966055935,14805893119,16810770431,168576,17397972991,3041664662.36,5096200723.91,101830,10,10,10,0,0,0,0,0,0,17037262847,17364418559,17397972991,17032058098.04,1100
1790713811,0,102380,0,348.54,549.83,990719,2201599,5163188223,15049162751,17070817279,168576,17649631231,3118853778.86,5189890492.56,102380,10,10,10,0,0,0,0,0,0,17414750207,17632854015,17649631231,17410067839.53,550
1790713812,0,102930,0,349.23,549.91,995327,2230271,5351931903,15317598207,17330864127,168576,17901289471,3196517962.47,5283362033.51,102930,10,10,10,0,0,0,0,0,0,17666408447,17867735039,17901289471,17653352723.55,550
1790713813,0,103480,0,349.90,549.85,999935,2291711,5557452799,15577645055,17565745151,168576,18152947711,3274698358.28,5376756649.90,103480,10,10,10,0,0,0,0,0,0,17918066687,18119393279,18152947711,17905804068.31,550
1790713814,0,104580,0,352.43,1100.44,1009663,2381823,5989466111,16064184319,18069061631,168576,18656264191,3432567668.58,5563303111.54,104580,10,10,10,0,0,0,0,0,0,18287165439,18605932543,18639486975,18283764240.76,1100
1790713815,0,105130,0,353.10,550.21,1014271,2412543,6203375615,16332619775,18320719871,168576,18907922431,3512277822.90,5656557533.94,105130,10,10,10,0,0,0,0,0,0,18673041407,18891145215,18907922431,18668801347.96,550
1790713816,0,105680,0,353.76,549.82,1018367,2443263,6442450943,16601055231,18572378111,168576,19159580671,3592472782.09,5749740621.90,105680,10,10,10,0,0,0,0,0,0,18924699647,19142803455,19159580671,18921374708.83,550
1790713817,0,106230,0,354.41,549.79,1022463,2465791,6681526271,16852713471,18824036351,168576,19411238911,3673156229.24,5842883037.71,106230,10,10,10,0,0,0,0,0,0,19176357887,19394461695,19411238911,19176113855.77,550
1790713818,0,107330,0,356.89,1100.75,1031167,2498559,7075790847,17347641343,19327352831,168576,19948109823,3836187705.81,6029642039.80,107330,10,10,10,0,0,0,0,0,0,19595788287,19897778175,19931332607,19580582029.50,1100
1790713819,0,107880,0,357.53,549.50,1034751,2514943,7268728831,17582522367,19595788287,168576,20199768063,3918370554.22,6122853900.38,107880,10,10,10,0,0,0,0,0,0,19964887039,20182990847,20199768063,19955979863.51,550
1790713820,0,108430,0,358.16,550.32,1038847,2529279,7457472511,17817403391,19847446527,168576,20451426303,4001043067.81,6216098290.02,108430,10,10,10,0,0,0,0,0,0,20233322495,20434649087,20451426303,20216880824.32,550
1790713821,0,108980,0,358.80,549.88,1042431,2543615,7633633279,18069061631,20099104767,168576,20703084543,4084132097.20,6309200564.95,108980,10,10,10,0,0,0,0,0,0,20468203519,20686307327,20703084543,20464756564.71,550
1790713822,0,110080,0,361.23,1100.17,1049599,2588671,8011120639,18538823679,20602421247,168576,21223178239,4251813030.00,6495706361.43,110080,10,10,10,0,0,0,0,0,0,20870856703,21189623807,21223178239,20864420353.86,1100
1790713823,0,110630,0,361.85,550.18,1053695,2635775,8208252927,18790481919,20870856703,168576,21458059263,4336159328.17,6588506449.62,110630,10,10,10,0,0,0,0,0,0,21223178239,21441282047,21458059263,21217687514.76,550
1790713824,0,111180,0,362.46,550.11,1056767,2686975,8388607999,19025362943,21105737727,168576,21692940287,4420826114.59,6680993564.24,111180,10,10,10,0,0,0,0,0,0,21458059263,21676163071,21692940287,21451165353.43,550
1790713825,0,111730,0,363.07,549.50,1059839,2732031,8585740287,19293798399,21340618751,168576,21927821311,4505829077.93,6773230027.62,111730,10,10,10,0,0,0,0,0,0,21692940287,21911044095,21927821311,21688791740.04,550
1790713826,0,112830,0,365.46,1101.02,1065983,2797567,8984199167,19780337663,21827158015,168576,22447915007,4677233375.71,6958007861.97,112830,10,10,10,0,0,0,0,0,0,22095593471,22414360575,22447915007,22087235368.03,1100
1790713827,0,113380,0,366.05,549.57,1069055,2820095,9168748543,20031995903,22078816255,168576,22716350463,4763532507.29,7050314767.94,113380,10,10,10,0,0,0,0,0,0,22481469439,22682796031,22699573247,22467407082.59,550
1790713828,0,113930,0,366.64,550.12,1072127,2840575,9378463743,20266876927,22330474495,168576,22968008703,4850223463.81,7142570534.62,113930,10,10,10,0,0,0,0,0,0,22733127679,22934454271,22968008703,22721170100.60,550
1790713829,0,114480,0,367.23,550.05,1075199,2859007,9613344767,20518535167,22582132735,168576,23202889727,4937257072.10,7234666446.27,114480,10,10,10,0,0,0,0,0,0,22968008703,23186112511,23202889727,22965873421.96,550
1790713830,0,115359,0,368.87,879.45,1079295,2881535,9965666303,20904411135,22968008703,168576,23756537855,5077797920.03,7383385507.51,115359,10,10,10,0,0,0,0,0,0,23387439103,23722983423,23756537855,23381684461.65,879
1790713831,0,116130,0,370.15,770.31,1082367,2904063,10267656191,21223178239,23353884671,168576,24008196095,5201168805.42,7511995058.48,116130,10,10,10,0,0,0,0,0,0,23689428991,23991418879,24008196095,23660237506.57,771
1790713832,0,116680,0,370.72,550.29,1085439,2922495,10510925823,21441282047,23622320127,168576,24276631551,5289975809.03,7604564292.50,116680,10,10,10,0,0,0,0,0,0,24041750527,24259854335,24276631551,24041170951.45,550
1790713833,0,117230,0,371.29,550.02,1088511,2947071,10745806847,21659385855,23890755583,168576,24528289791,5379147088.32,7697080438.64,117230,10,10,10,0,0,0,0,0,0,24310185983,24511512575,24528289791,24296428666.88,550
1790713834,0,118017,0,372.60,787.26,1092607,3004415,11031019519,22028484607,24243077119,168576,25031606271,5507689655.34,7830167586.23,118017,10,10,10,0,0,0,0,0,0,24645730303,24998051839,25031606271,24655142172.95,787
1790713835,0,118880,0,374.15,862.60,1096703,3078143,11324620799,22397583359,24628953087,168576,25316818943,5648736182.58,7974168570.28,118880,10,10,10,0,0,0,0,0,0,24947720191,25283264511,25316818943,24937134799.05,863
1790713836,0,119430,0,374.70,550.23,1099775,3115007,11525947391,22632464383,24897388543,168576,25618808831,5739563672.05,8067077179.45,119430,10,10,10,0,0,0,0,0,0,25383927807,25585254399,25602031615,25371512668.16,550
1790713837,0,119980,0,375.25,549.94,1102847,3143679,11702108159,22867345407,25199378431,168576,25904021503,5830917059.10,8160372006.06,119980,10,10,10,0,0,0,0,0,0,25669140479,25887244287,25904021503,25667889814.81,550
1790713838,0,120530,0,375.79,550.00,1105919,3168255,11895046143,23119003647,25484591103,168576,26189234175,5922762418.94,8253972615.00,120530,10,10,10,0,0,0,0,0,0,25971130367,26172456959,26189234175,25958410187.87,550
1790713839,0,121233,0,376.81,703.13,1108991,3198975,12155092991,23454547967,25836912639,168576,26742882303,6041113735.95,8374651896.30,121233,10,10,10,0,0,0,0,0,0,26306674687,26709327871,26742882303,26332556467.16,703
1790713840,0,122180,0,378.57,946.04,1114111,3231743,12490637311,23890755583,26323451903,168576,27011317759,6200704527.21,8535340862.52,122180,10,10,10,0,0,0,0,0,0,26608664575,26977763327,27011317759,26631190690.20,947
1790713841,0,122730,0,379.10,550.08,1116159,3246079,12675186687,24142413823,26591887359,168576,27262975999,6294055874.92,8629109293.02,122730,10,10,10,0,0,0,0,0,0,27044872191,27246198783,27262975999,27031633443.37,550
1790713842,0,123280,0,379.63,549.93,1119231,3262463,12876513279,24377294847,26860322815,168576,27531411455,6387737705.56,8722831693.86,123280,10,10,10,0,0,0,0,0,0,27296530431,27514634239,27531411455,27292412388.07,550
1790713843,0,123830,0,380.15,550.00,1122303,3282943,13086228479,24612175871,27111981055,168576,27799846911,6481793442.08,8816622066.21,123830,10,10,10,0,0,0,0,0,0,27564965887,27783069695,27799846911,27563959255.04,550
1790713844,0,124930,0,382.35,1099.94,1127423,3346431,13455327231,25149046783,27632074751,168576,28303163391,6670768778.03,9003824474.19,124930,10,10,10,0,0,0,0,0,0,27950841855,28269608959,28303163391,27944237733.70,1100
1790713845,0,125480,0,382.87,550.17,1130495,3397631,13656653823,25417482239,27883732991,168576,28571598847,6765680537.15,9097240046.32,125480,10,10,10,0,0,0,0,0,0,28336717823,28538044415,28571598847,28324455204.31,550
1790713846,0,126030,0,383.38,550.36,1133567,3442687,13841203199,25685917695,28135391231,168576,28823257087,6860861346.76,9190513870.29,126030,10,10,10,0,0,0,0,0,0,28588376063,28789702655,28806479871,28575930420.13,550
1790713847,0,126580,0,383.88,549.72,1137663,3479551,14017363967,25971130367,28236054527,168576,29074915327,6953010972.81,9276133235.12,126580,10,10,10,0,0,0,0,0,0,28101836799,29058138111,29074915327,28068678920.38,550
1790713848,0,127680,0,386.05,1100.04,1145855,3536895,14361296895,26088570879,28236054527,168576,29074915327,7109906860.50,9388893583.30,127680,10,10,10,0,0,0,0,0,0,25165823999,27212644351,27413970943,25164344554.59,1100
1790713849,0,128230,0,386.54,549.93,1149951,3563519,14545846271,26071793663,28236054527,168576,29074915327,7174845282.90,9420972386.24,128230,10,10,10,0,0,0,0,0,0,22263365631,23471325183,23571988479,22250004867.26,550
1790713850,0,128780,0,387.03,550.28,1155071,3586047,14722007039,26071793663,28236054527,168576,29074915327,7230991796.01,9439976916.89,128780,10,10,10,0,0,0,0,0,0,20333985791,21541945343,21642608639,20321296115.90,550
1790713851,0,129330,0,387.52,549.77,1159167,3608575,14914945023,26055016447,28236054527,168576,29074915327,7278448189.61,9447964935.89,129330,10,10,10,0,0,0,0,0,0,18404605951,19612565503,19713228799,18390147042.21,550
1790713852,0,130386,0,389.52,1056.54,1169407,3655679,15124660223,26038239231,28219277311,168576,29074915327,7345527553.85,9439455636.95,130386,10,10,10,0,0,0,0,0,0,15527313407,17515413503,17699962879,15560844008.73,1056
1790713853,0,130980,0,390.13,593.87,1175551,3715071,15065939967,26021462015,28219277311,168576,29074915327,7369520321.39,9424873236.65,130980,10,10,10,0,0,0,0,0,0,12683575295,13799260159,13899923455,12636053972.90,594
1790713854,0,131530,0,390.60,549.94,1181695,5324799,14998831103,26004684799,28219277311,168576,29074915327,7383116881.52,9407619792.64,131530,10,10,10,0,0,0,0,0,0,10628366335,11836325887,11936989183,10621075873.05,550
1790713855,0,132080,0,391.07,550.19,1188863,20054015,14931722239,25987907583,28219277311,168576,29074915327,7388536109.97,9388517557.64,132080,10,10,10,0,0,0,0,0,0,8690597887,9898557439,9999220735,8684519960.20,550
1790713856,0,132824,0,392.12,744.00,1196031,161611775,14864613375,25954353151,28219277311,168576,29074915327,7383325539.69,9362647347.96,132824,10,10,10,0,0,0,0,0,0,6253707263,7906263039,8053063679,6458309246.62,744
1790713857,0,133730,0,393.63,905.69,1204223,339476479,14772338687,25937575935,28219277311,168576,29074915327,7356539563.67,9336870329.71,133730,10,10,10,0,0,0,0,0,0,3588227071,4995416063,5142216703,3429585393.31,906
1790713858,0,134250,0,394.00,519.95,1209343,415760383,14705229823,25904021503,28202500095,168576,29074915327,7331929663.17,9327214091.73,134250,10,10,10,0,0,0,0,0,0,927989759,2092957695,2189426687,1002925827.94,520
1790713859,0,134460,0,393.46,210.09,1208319,357302271,14688452607,25904021503,28202500095,168576,29074915327,7320485411.11,9324418410.17,134460,10,10,10,0,0,0,0,0,0,2002943,4175871,52592639,4338555.12,210
1790713860,0,134660,0,392.90,199.92,1208319,306970623,14663286783,25904021503,28202500095,168576,29074915327,7309615945.16,9321752811.15,134660,10,10,10,0,0,0,0,0,0,1880063,3559423,3682303,2073992.96,200
1790713861,0,134860,0,392.33,200.06,1207295,272891903,14646509567,25904021503,28202500095,168576,29074915327,7298778502.07,9319081907.03,134860,10,10,10,0,0,0,0,0,0,1863679,3561471,3633151,1928067.84,200
1790713862,0,135060,0,391.78,199.88,1207295,238419967,14629732351,25904021503,28202500095,168576,29074915327,7287973212.05,9316405555.91,135060,10,10,10,0,0,0,0,0,0,1886207,3590143,3713023,1966151.68,200
1790713863,0,135260,0,391.22,200.10,1207295,200278015,14604566527,25887244287,28202500095,168576,29074915327,7277199919.81,9313723839.68,135260,10,10,10,0,0,0,0,0,0,1882111,3559423,3663871,1995672.32,200
1790713864,0,135460,0,390.67,199.88,1206271,178913279,14587789311,25887244287,28202500095,168576,29074915327,7266458376.79,9311036912.55,135460,10,10,10,0,0,0,0,0,0,1880063,3608575,3674111,1952828.16,200
1790713865,0,135660,0,390.12,200.07,1206271,151126015,14571012095,25887244287,28202500095,168576,29074915327,7255748536.19,9308344771.40,135660,10,10,10,0,0,0,0,0,0,1885183,3614719,3670015,1973500.16,200
1790713866,0,135860,0,389.58,199.91,1206271,118620159,14554234879,25887244287,28202500095,168576,29074915327,7245070227.36,9305647509.70,135860,10,10,10,0,0,0,0,0,0,1887231,3627007,3682303,1973347.84,200
1790713867,0,136060,0,389.03,200.00,1205247,84738047,14529069055,25870467071,28202500095,168576,29074915327,7234423288.95,9302945213.55,136060,10,10,10,0,0,0,0,0,0,2036735,3522559,3686399,1958028.16,200
1790713868,0,136260,0,388.50,200.12,1205247,47677439,14512291839,25870467071,28202500095,168576,29074915327,7223807615.41,9300237925.58,136260,10,10,10,0,0,0,0,0,0,1863679,3627007,3686399,1964902.40,200
1790713869,0,136460,0,387.96,199.88,1205247,19038207,14478737407,25870467071,28202500095,168576,29074915327,7213223035.19,9297525739.68,136460,10,10,10,0,0,0,0,0,0,1844223,3608575,3665919,1948533.76,200
1790713870,0,136660,0,387.43,200.10,1204223,11812863,14461960191,25870467071,28202500095,168576,29074915327,7202669364.29,9294808759.25,136660,10,10,10,0,0,0,0,0,0,1813503,3418111,3602431,1899705.60,200
1790713871,0,136860,0,386.90,200.05,1204223,6393855,14445182975,25853689855,28202500095,168576,29074915327,7192146629.07,9292086924.69,136860,10,10,10,0,0,0,0,0,0,1861631,3598335,3682303,1961652.48,200
1790713872,0,137060,0,386.37,199.91,1204223,4972543,14420017151,25853689855,28202500095,168576,29074915327,7181654601.83,9289360373.31,137060,10,10,10,0,0,0,0,0,0,1863679,3612671,3647487,1960362.24,200
1790713873,0,137260,0,385.85,200.07,1203199,4227071,14403239935,25853689855,28202500095,168576,29074915327,7171193297.78,9286629054.61,137260,10,10,10,0,0,0,0,0,0,2065407,3600383,4272127,2061637.76,200
1790713874,0,137460,0,385.33,200.05,1203199,3753983,14386462719,25853689855,28202500095,168576,29074915327,7160762269.09,9283893275.43,137460,10,10,10,0,0,0,0,0,0,1875967,3522559,3694591,1947276.80,200
1790713875,0,137660,0,384.81,199.88,1203199,3700735,14361296895,25853689855,28202500095,168576,29074915327,7150361501.28,9281153007.89,137660,10,10,10,0,0,0,0,0,0,1863679,3424255,3674111,1913784.32,200
1790713876,0,137860,0,384.29,199.93,1203199,3682303,14344519679,25836912639,28202500095,168576,29074915327,7139990997.16,9278408211.14,137860,10,10,10,0,0,0,0,0,0,1870847,3633151,3661823,1973013.76,200
1790713877,0,138060,0,383.78,200.00,1202175,3670015,14327742463,25836912639,28202500095,168576,29074915327,7129650485.90,9275659055.06,138060,10,10,10,0,0,0,0,0,0,1889279,3487743,3700735,1936074.24,200
1790713878,0,138770,0,384.68,710.59,1208319,3764223,14260633599,25820135423,28202500095,168576,29074915327,7094194405.20,9265104243.14,138770,10,10,10,0,0,0,0,0,0,220856319,332922879,346816511,199734543.32,710
1790713879,0,139320,0,385.14,549.57,1213439,5939199,14210301951,25820135423,28185722879,168576,29074915327,7069363783.45,9255206606.88,139320,10,10,10,0,0,0,0,0,0,805306367,890765311,898105343,804372182.11,550
1790713880,0,139870,0,385.60,550.42,1219583,23330815,14151581695,25803358207,28185722879,168576,29074915327,7046946808.36,9243880389.32,139870,10,10,10,0,0,0,0,0,0,1368391679,1455423487,1463812095,1368523228.63,550
1790713881,0,140477,0,386.20,607.11,1225727,100990975,14092861439,25786580991,28185722879,168576,29074915327,7025076039.45,9229869433.98,140477,10,10,10,0,0,0,0,0,0,1934622719,2577399807,2592079871,1985431150.50,607
1790713882,0,141520,0,388.01,1042.88,1236991,206831615,13992198143,25769803775,28185722879,168576,29074915327,6993814708.93,9202981887.27,141520,10,10,10,0,0,0,0,0,0,2965372927,3131047935,3145727999,2783366072.33,1043
1790713883,0,142070,0,388.45,549.77,1243135,255328255,13933477887,25753026559,28185722879,168576,29074915327,6980638670.59,9187582745.03,142070,10,10,10,0,0,0,0,0,0,3590324223,3680501759,3688890367,3590324224.00,550
1790713884,0,142620,0,388.89,549.94,1248255,304873471,13883146239,25753026559,28185722879,168576,29074915327,6969554580.44,9171581053.41,142620,10,10,10,0,0,0,0,0,0,4108320767,4196401151,4202692607,4106433331.20,550
1790713885,0,143170,0,389.33,550.06,1255423,390856703,13832814591,25736249343,28168945663,168576,29074915327,6960614938.25,9155079922.19,143170,10,10,10,0,0,0,0,0,0,4643094527,4735369215,4743757823,4642484447.42,550
1790713886,0,144270,0,391.25,1100.27,1265663,606601215,13732151295,25702694911,28168945663,168576,29074915327,6948956188.51,9121110399.92,144270,10,10,10,0,0,0,0,0,0,5272240127,5767167999,5783945215,5431516915.90,1100
1790713887,0,144820,0,391.68,549.77,1271807,729284607,13681819647,25669140479,28168945663,168576,29074915327,6946147605.18,9103888051.57,144820,10,10,10,0,0,0,0,0,0,6211764223,6295650303,6304038911,6209430665.77,550
1790713888,0,145370,0,392.11,550.08,1277951,779616255,13631487999,25669140479,28168945663,168576,29074915327,6945355316.73,9086659426.98,145370,10,10,10,0,0,0,0,0,0,6740246527,6828326911,6836715519,6736738564.65,550
1790713889,0,145920,0,392.53,550.00,1284095,828899327,13581156351,25635586047,28168945663,168576,29074915327,6946498030.01,9069538290.00,145920,10,10,10,0,0,0,0,0,0,7251951615,7340031999,7344226303,7248527538.73,550
1790713890,0,147020,0,394.43,1100.14,1295359,994574335,13463715839,25602031615,28152168447,168576,29074915327,6954626295.35,9036060678.71,147020,10,10,10,0,0,0,0,0,0,7868514303,8376025087,8392802303,8032877638.75,1100
1790713891,0,147570,0,394.85,549.86,1300479,1104150527,13413384191,25602031615,28152168447,168576,29074915327,6961679227.26,9019943817.72,147570,10,10,10,0,0,0,0,0,0,8849981439,8942256127,8950644735,8846992045.15,550
1790713892,0,148120,0,395.26,550.20,1306623,1227882495,13363052543,25585254399,28152168447,168576,29074915327,6970636367.95,9004377870.34,148120,10,10,10,0,0,0,0,0,0,9378463743,9462349823,9470738431,9373918643.67,550
1790713893,0,148670,0,395.67,549.88,1311743,1304428543,13312720895,25568477183,28152168447,168576,29074915327,6981604441.31,8989509540.55,148670,10,10,10,0,0,0,0,0,0,9940500479,10032775167,10041163775,9935406307.14,550
1790713894,0,149770,0,397.54,1099.76,1320959,1407188991,13195280383,25551699967,28152168447,168576,29074915327,7009089955.09,8962163636.85,149770,10,10,10,0,0,0,0,0,0,10561257471,11064573951,11081351167,10723882077.09,1100
1790713895,0,150320,0,397.95,550.02,1326079,1464860671,13136560127,25534922751,28152168447,168576,29074915327,7025265272.36,8949734920.00,150320,10,10,10,0,0,0,0,0,0,11433672703,11525947391,11534335999,11429951212.45,550
1790713896,0,150870,0,398.35,550.36,1330175,1569718271,13086228479,25534922751,28152168447,168576,29074915327,7043230844.74,8938343422.29,150870,10,10,10,0,0,0,0,0,0,11953766399,12046041087,12062818303,11953385099.64,550
1790713897,0,151970,0,400.20,1099.45,1338367,1781530623,12952010751,25518145535,28152168447,168576,29074915327,7083574358.21,8918481098.54,151970,10,10,10,0,0,0,0,0,0,12499025919,12926844927,12935233535,12616870610.39,1100
1790713898,0,152520,0,400.59,550.27,1342463,1852833791,13136560127,25501368319,28135391231,168576,29074915327,7106088721.71,8910249588.69,152520,10,10,10,0,0,0,0,0,0,13329498111,13404995583,13404995583,13327012033.63,550
1790713899,0,153070,0,400.98,549.53,1346559,1903165439,13270777855,25484591103,28135391231,168576,29074915327,7130439771.49,8903467255.23,153070,10,10,10,0,0,0,0,0,0,13883146239,13975420927,13983809535,13883207248.06,550
1790713900,0,153620,0,401.37,550.35,1350655,1953497087,13346275327,25484591103,28135391231,168576,29074915327,7156481475.89,8898127211.14,153620,10,10,10,0,0,0,0,0,0,14411628543,14495514623,14503903231,14404124552.84,550
1790713901,0,154720,0,403.19,1099.27,1358847,2088763391,13581156351,25467813887,28135391231,168576,29074915327,7213713720.15,8892228492.99,154720,10,10,10,0,0,0,0,0,0,15040774143,15560867839,15569256447,15206456778.01,1100
1790713902,0,155270,0,403.57,550.43,1362943,2195718143,13732151295,25451036671,28135391231,168576,29074915327,7244874860.83,8891839253.03,155270,10,10,10,0,0,0,0,0,0,16013852671,16106127359,16114515967,16010787017.08,550
1790713903,0,155820,0,403.95,550.02,1367039,2302672895,13832814591,25434259455,28135391231,168576,29074915327,7277659502.02,8893209515.25,155820,10,10,10,0,0,0,0,0,0,16533946367,16626221055,16634609663,16533061751.16,550
1790713904,0,156370,0,404.33,549.63,1371135,2407530495,13908312063,25417482239,28118614015,168576,29074915327,7312029268.93,8896385469.33,156370,10,10,10,0,0,0,0,0,0,17054040063,17146314751,17154703359,17049296687.48,550
1790713905,0,157470,0,406.12,1099.81,1379327,2512388095,14151581695,25383927807,28118614015,168576,29074915327,7385614946.12,8908595506.65,157470,10,10,10,0,0,0,0,0,0,17683185663,18203279359,18220056575,17846153439.42,1100
1790713906,0,158020,0,406.50,550.29,1383423,2562719743,14310965247,25367150591,28118614015,168576,29074915327,7424773498.55,8917728396.33,158020,10,10,10,0,0,0,0,0,0,18639486975,18723373055,18740150271,18636223044.89,550
1790713907,0,158570,0,406.86,549.75,1386495,2642411519,14386462719,25367150591,28118614015,168576,29074915327,7465712355.70,8929254299.27,158570,10,10,10,0,0,0,0,0,0,19243466751,19327352831,19327352831,19227818185.08,550
1790713908,0,159120,0,407.23,550.29,1391615,2761949183,14461960191,25333596159,28118614015,168576,29074915327,7508174135.24,8942920231.57,159120,10,10,10,0,0,0,0,0,0,19763560447,19847446527,19847446527,19750291195.35,550
1790713909,0,160094,0,408.68,974.36,1398783,2963275775,14713618431,25316818943,28101836799,168576,29074915327,7587376096.80,8972988273.47,160094,10,10,10,0,0,0,0,0,0,20367540223,20904411135,20921188351,20526407023.97,974
1790713910,0,160770,0,409.36,675.97,1403903,3026190335,14881390591,25300041727,28101836799,168576,29074915327,7644807858.92,8997631872.03,160770,10,10,10,0,0,0,0,0,0,21340618751,21458059263,21474836479,21246110410.98,676
1790713911,0,161320,0,409.71,549.56,1406975,3076521983,14956888063,25300041727,28101836799,168576,29074915327,7693397479.12,9020615477.34,161320,10,10,10,0,0,0,0,0,0,21911044095,21994930175,21994930175,21896585186.21,550
1790713912,0,161870,0,410.07,550.22,1411071,3126853631,15057551359,25283264511,28101836799,168576,29074915327,7743503362.50,9046071671.32,161870,10,10,10,0,0,0,0,0,0,22447915007,22531801087,22548578303,22440014464.47,550
1790713913,0,162420,0,410.42,549.96,1414143,3219128319,15208546303,25266487295,28101836799,168576,29074915327,7795035939.57,9073912510.69,162420,10,10,10,0,0,0,0,0,0,22968008703,23051894783,23068671999,22961541849.83,550
1790713914,0,163520,0,412.16,1099.62,1422335,3468689407,15460204543,25249710079,28101836799,168576,29074915327,7902484775.76,9137133701.07,163520,10,10,10,0,0,0,0,0,0,23605542911,24125636607,24125636607,23767793842.73,1100
1790713915,0,164070,0,412.51,549.86,1426431,3529506815,15552479231,25249710079,28085059583,168576,29074915327,7958318675.83,9172469320.03,164070,10,10,10,0,0,0,0,0,0,24561844223,24662507519,24662507519,24558244748.57,550
1790713916,0,164620,0,412.85,550.23,1429503,3579838463,15678308351,25232932863,28085059583,168576,29074915327,8015582975.15,9210392177.54,164620,10,10,10,0,0,0,0,0,0,25115492351,25199378431,25199378431,25098044047.36,550
1790713917,0,165170,0,413.20,550.33,1433599,3628072959,15846080511,25467813887,28085059583,168576,29074915327,8074273338.84,9250937385.26,165170,10,10,10,0,0,0,0,0,0,25652363263,25736249343,25753026559,25640832741.00,550
1790713918,0,166270,0,414.91,1100.03,1439743,3818913791,16039018495,25736249343,28068282367,168576,29074915327,8195853756.42,9339899994.09,166270,10,10,10,0,0,0,0,0,0,26289897471,26809991167,26826768383,26451706094.31,1100
1790713919,0,166820,0,415.25,549.92,1441791,3917479935,16156459007,25920798719,28068282367,168576,29074915327,8258845753.56,9388593860.21,166820,10,10,10,0,0,0,0,0,0,27313307647,27397193727,27397193727,27301899141.12,550
1790713920,0,167370,0,415.58,549.70,1444863,4032823295,16341008383,26122125311,28068282367,168576,29074915327,8323402794.48,9440345370.59,167370,10,10,10,0,0,0,0,0,0,27917287423,28001173503,28001173503,27904140187.46,550
1790713921,0,167920,0,415.91,550.31,1447935,4095737855,16483614719,26239565823,28303163391,168576,29074915327,8389408090.26,9494946680.88,167920,10,10,10,0,0,0,0,0,0,28487712767,28571598847,28571598847,28475419644.28,550
1790713922,0,168470,0,416.24,549.80,1451007,4143972351,16559112191,26390560767,28454158335,168576,29125246975,8456762908.32,9552213697.82,168470,10,10,10,0,0,0,0,0,0,29024583679,29125246975,29125246975,29020801180.39,550
1790713923,0,169497,0,417.75,1027.59,1456127,4299161599,16819159039,26726105087,28890365951,168576,30232543231,8586240020.62,9666566256.82,169497,10,10,10,0,0,0,0,0,0,29645340671,30215766015,30232543231,29825781508.74,1027
1790713924,0,170120,0,418.25,622.75,1459199,4462739455,16986931199,26843545599,29108469759,168576,30802968575,8666961949.74,9740290997.25,170120,10,10,10,0,0,0,0,0,0,30702305279,30802968575,30802968575,30628639029.01,623
1790713925,0,170670,0,418.58,549.80,1461247,4559208447,17062428671,27061649407,29628563455,168576,31390171135,8739832676.76,9808670459.43,170670,10,10,10,0,0,0,0,0,0,31289507839,31373393919,31390171135,31279411006.37,550
1790713926,0,171220,0,418.90,550.10,1464319,4622123007,17137926143,27229421567,30215766015,168576,31943819263,8814028396.50,9879738341.03,171220,10,10,10,0,0,0,0,0,0,31843155967,31927042047,31943819263,31837634738.73,550
1790713927,0,171770,0,419.22,550.25,1467391,4680843263,17297309695,27330084863,30786191359,168576,32497467391,8889493112.31,9953370346.30,171770,10,10,10,0,0,0,0,0,0,32396804095,32480690175,32497467391,32382345186.21,550
1790713928,0,172870,0,420.88,1099.55,1473535,4831838207,17548967935,27682406399,31910264831,168576,33554431999,9044054528.58,10107920910.47,172870,10,10,10,0,0,0,0,0,0,33017561087,33537654783,33537654783,33179522230.46,1100
1790713929,0,173420,0,421.19,549.96,1475583,4974444543,17616076799,27866955775,32463912959,168576,34108080127,9123249894.44,10189080427.01,173420,10,10,10,0,0,0,0,0,0,34024194047,34108080127,34108080127,34015073343.30,550
1790713930,0,173970,0,421.50,549.79,1479679,5083496447,17716740095,27950841855,32984006655,168576,34728837119,9203871429.47,10273198669.77,173970,10,10,10,0,0,0,0,0,0,34628173823,34728837119,34728837119,34624574348.57,550
1790713931,0,174520,0,421.81,550.07,1481727,5138022399,17867735039,28118614015,33520877567,168576,35299262463,9285760969.06,10359881851.19,174520,10,10,10,0,0,0,0,0,0,35198599167,35299262463,35299262463,35188166790.05,550
1790713932,0,175070,0,422.12,550.11,1485823,5200936959,18035507199,28336717823,34074525695,168576,35836133375,9368844272.05,10448938472.22,175070,10,10,10,0,0,0,0,0,0,35735470079,35836133375,35836133375,35731931612.63,550
1790713933,0,176170,0,423.75,1099.97,1492991,5335154687,18203279359,28554821631,35265708031,168576,36909875199,9538453926.39,10633791616.44,176170,10,10,10,0,0,0,0,0,0,36373004287,36876320767,36909875199,36532601368.20,1100
1790713934,0,176720,0,424.06,550.07,1498111,5465178111,18337497087,28957474815,35802578943,168576,37413191679,9624908719.78,10729386502.54,176720,10,10,10,0,0,0,0,0,0,37346082815,37413191679,37413191679,37317164996.42,550
1790713935,0,177270,0,424.36,550.08,1502207,5574230015,18522046463,29108469759,36339449855,168576,37983617023,9712516025.86,10827217229.62,177270,10,10,10,0,0,0,0,0,0,37882953727,37950062591,37983617023,37861539899.58,550
1790713936,0,177820,0,424.66,549.93,1508351,5628755967,18605932543,29628563455,36876320767,168576,38520487935,9801252130.19,10927211264.21,177820,10,10,10,0,0,0,0,0,0,38419824639,38520487935,38520487935,38401705246.72,550
1790713937,0,178852,0,426.10,1032.61,1518591,5737807871,18790481919,30735859711,37916508159,168576,39560675327,9970761319.42,11120537032.99,178852,10,10,10,0,0,0,0,0,0,39023804415,39560675327,39560675327,39178245842.36,1032
1790713938,0,179470,0,426.56,617.55,1525759,5817499647,18991808511,31323062271,38453379071,168576,40097546239,10073916314.93,11239225225.47,179470,10,10,10,0,0,0,0,0,0,39996882943,40097546239,40097546239,39927439386.51,618
1790713939,0,180020,0,426.85,550.21,1533951,5913968639,19142803455,31876710399,38990249983,168576,40667971583,10166997458.24,11347309483.25,180020,10,10,10,0,0,0,0,0,0,40567308287,40634417151,40667971583,40540220710.17,550
1790713940,0,180560,0,427.12,540.14,1543167,5817499647,19092471807,31859933183,38990249983,168576,40667971583,10139541304.62,11341472958.13,180560,10,10,10,0,0,0,0,0,0,898105343,2112880639,2210398207,986473206.52,540
1790713941,0,180760,0,426.58,199.86,1541119,5783945215,19075694591,31859933183,38990249983,168576,40667971583,10128325580.25,11340205205.98,180760,10,10,10,0,0,0,0,0,0,1728511,3522559,22069247,2769610.88,200
1790713942,0,180960,0,426.05,200.05,1539071,5767167999,19042140159,31859933183,38990249983,168576,40667971583,10117133686.16,11338929914.34,180960,10,10,10,0,0,0,0,0,0,1768447,3438591,3522559,1899814.40,200
1790713943,0,181160,0,425.52,200.04,1537023,5742002175,19025362943,31859933183,38990249983,168576,40667971583,10105966563.22,11337646231.13,181160,10,10,10,0,0,0,0,0,0,1841151,3473407,3540991,1953721.60,200
1790713944,0,181360,0,424.99,200.01,1534975,5721030655,19008585727,31843155967,38990249983,168576,40667971583,10094824020.09,11336354314.64,181360,10,10,10,0,0,0,0,0,0,1770495,3491839,3538943,1908451.84,200
1790713945,0,181560,0,424.47,199.87,1532927,5695864831,18991808511,31843155967,38990249983,168576,40667971583,10083706016.29,11335054188.63,181560,10,10,10,0,0,0,0,0,0,1868799,3477503,3500031,1900172.80,200
1790713946,0,181760,0,423.94,200.05,1530879,5674893311,18975031295,31843155967,38990249983,168576,40667971583,10072612439.03,11333745941.11,181760,10,10,10,0,0,0,0,0,0,1767423,3422207,3487743,1863004.16,200
1790713947,0,181960,0,423.42,200.05,1529855,5653921791,18958254079,31843155967,38990249983,168576,40667971583,10061543308.84,11332429541.54,181960,10,10,10,0,0,0,0,0,0,2020351,3463167,3565567,1917793.28,200
1790713948,0,182160,0,422.90,200.05,1526783,5632950271,18924699647,31826378751,38990249983,168576,40667971583,10050498253.38,11331105308.00,182160,10,10,10,0,0,0,0,0,0,1684479,3409919,3450879,1706796.48,200
1790713949,0,182360,0,422.39,199.83,1524735,5620367359,18891145215,31826378751,38990249983,168576,40667971583,10039477367.62,11329773143.48,182360,10,10,10,0,0,0,0,0,0,1405951,3416063,3446783,1654610.88,200
1790713950,0,182560,0,421.87,200.04,1521663,5599395839,18874367999,31826378751,38990249983,168576,40667971583,10028480907.67,11328432809.00,182560,10,10,10,0,0,0,0,0,0,1694719,3454975,4296703,1908734.08,200
1790713951,0,182760,0,421.36,200.05,1518591,5574230015,18857590783,31826378751,38990249983,168576,40667971583,10017508104.72,11327084972.34,182760,10,10,10,0,0,0,0,0,0,1128447,3399679,3442687,1533568.96,200
1790713952,0,182960,0,420.85,200.09,1517567,5532286975,18840813567,31826378751,38990249983,168576,40667971583,10006559700.21,11325728965.26,182960,10,10,10,0,0,0,0,0,0,1884159,3420159,3497983,1907656.96,200
1790713953,0,183160,0,420.34,199.87,1516543,5498732543,18824036351,31809601535,38990249983,168576,40667971583,9995635274.75,11324365146.61,183160,10,10,10,0,0,0,0,0,0,1772543,3430399,4681727,1970867.20,200
1790713954,0,183360,0,419.84,200.03,1514495,5448400895,18807259135,31809601535,38990249983,168576,40667971583,9984734570.42,11322993731.33,183360,10,10,10,0,0,0,0,0,0,1849343,3436543,3502079,1869544.96,200
1790713955,0,183560,0,419.34,200.06,1513471,5393874943,18790481919,31809601535,38990249983,168576,40667971583,9973857605.57,11321614690.58,183560,10,10,10,0,0,0,0,0,0,1763327,3440639,3528703,1856230.40,200
1790713956,0,183760,0,418.84,200.04,1512447,5360320511,18756927487,31809601535,38990249983,168576,40667971583,9963004361.34,11320228028.40,183760,10,10,10,0,0,0,0,0,0,1759231,3479551,3510271,1896808.96,200
1790713957,0,183960,0,418.34,199.84,1511423,5318377471,18740150271,31809601535,38990249983,168576,40667971583,9952174744.87,11318833813.99,183960,10,10,10,0,0,0,0,0,0,1927167,3457023,4546559,1923130.24,200
1790713958,0,184160,0,417.84,200.05,1510399,5280628735,18740150271,31792824319,38956695551,168576,40667971583,9941368776.88,11317432016.68,184160,10,10,10,0,0,0,0,0,0,2064383,3534847,5804031,2039416.96,200
1790713959,0,184360,0,417.35,200.04,1509375,5255462911,18723373055,31792824319,38956695551,168576,40667971583,9930586307.94,11316022755.28,184360,10,10,10,0,0,0,0,0,0,2059263,3551231,6553599,2088909.44,200
1790713960,0,184560,0,416.86,200.08,1508351,5238685695,18723373055,31792824319,38956695551,168576,40667971583,9919827014.26,11314606301.07,184560,10,10,10,0,0,0,0,0,0,1922047,3463167,3594239,1910101.76,200
1790713961,0,184760,0,416.37,199.82,1507327,5221908479,18706595839,31792824319,38956695551,168576,40667971583,9909091148.55,11313182419.68,184760,10,10,10,0,0,0,0,0,0,2023423,3530751,5517311,2034272.64,200
1790713962,0,184960,0,415.89,200.03,1505279,5200936959,18689818623,31776047103,38956695551,168576,40667971583,9898378339.84,11311751423.28,184960,10,10,10,0,0,0,0,0,0,1761279,3430399,3514367,1885653.76,200
1790713963,0,185160,0,415.40,200.05,1504255,5179965439,18689818623,31776047103,38956695551,168576,40667971583,9887688760.89,11310313147.84,185160,10,10,10,0,0,0,0,0,0,1780735,3491839,3567615,1966142.72,200
1790713964,0,185360,0,414.92,200.05,1503231,5154799615,18673041407,31776047103,38956695551,168576,40667971583,9877022184.76,11308867778.91,185360,10,10,10,0,0,0,0,0,0,1771519,3471359,3524607,1906000.64,200
1790713965,0,185560,0,414.44,200.05,1502207,5133828095,18656264191,31776047103,38956695551,168576,40667971583,9866378598.83,11307415314.65,185560,10,10,10,0,0,0,0,0,0,1854463,3465215,3827711,1903162.88,200
1790713966,0,185760,0,413.96,199.82,1501183,5108662271,18656264191,31776047103,38956695551,168576,40667971583,9855757989.82,11305955753.86,185760,10,10,10,0,0,0,0,0,0,1988607,3536895,4243455,1956954.24,200
1790713967,0,185960,0,413.49,200.08,1500159,5091885055,18639486975,31776047103,38956695551,168576,40667971583,9845160238.29,11304489187.90,185960,10,10,10,0,0,0,0,0,0,1996799,3493887,4591615,1968617.60,200
1790713968,0,186160,0,413.01,200.03,1499135,5066719231,18639486975,31759269887,38956695551,168576,40667971583,9834585217.56,11303015714.18,186160,10,10,10,0,0,0,0,0,0,2026495,3448831,3944447,1930935.68,200
1790713969,0,186360,0,412.54,199.96,1498111,5028970495,18622709759,31759269887,38956695551,168576,40667971583,9824032751.28,11301535473.05,186360,10,10,10,0,0,0,0,0,0,1689599,3532799,4702207,1797144.64,200
1790713970,0,186560,0,412.07,200.09,1497087,4991221759,18605932543,31759269887,38956695551,168576,40667971583,9813503230.34,11300048111.91,186560,10,10,10,0,0,0,0,0,0,2004991,3657727,6205439,2095615.36,200
1790713971,0,186760,0,411.60,199.86,1496063,4949278719,18605932543,31759269887,38956695551,168576,40667971583,9802996086.49,11298554111.57,186760,10,10,10,0,0,0,0,0,0,1869823,3465215,3534847,1932300.80,200
1790713972,0,186960,0,411.14,200.05,1495039,4882169855,18589155327,31742492671,38956695551,168576,40667971583,9792511441.21,11297053353.46,186960,10,10,10,0,0,0,0,0,0,1864703,3497983,3573759,1949683.20,200
1790713973,0,187160,0,410.67,200.03,1494015,4831838207,18589155327,31390171135,38956695551,168576,40667971583,9782049224.09,11295545885.73,187160,10,10,10,0,0,0,0,0,0,1857535,3481599,3583999,1968661.76,200
1790713974,0,187360,0,410.21,200.06,1492991,4794089471,18572378111,31373393919,38956695551,168576,40667971583,9771609332.67,11294031784.05,187360,10,10,10,0,0,0,0,0,0,1847295,3502079,3557375,1958942.72,200
1790713975,0,187560,0,409.75,199.85,1491967,4756340735,18572378111,31373393919,38956695551,168576,40667971583,9761191667.19,11292511121.73,187560,10,10,10,0,0,0,0,0,0,1912831,3461119,3497983,1922640.64,200
1790713976,0,187760,0,409.30,200.04,1490943,4731174911,18555600895,31373393919,38956695551,168576,40667971583,9750796203.79,11290983906.29,187760,10,10,10,0,0,0,0,0,0,1813503,3446783,3477503,1930631.68,200
1790713977,0,187960,0,408.84,200.05,1490943,4710203391,18538823679,31373393919,38956695551,168576,40667971583,9740422885.12,11289450174.29,187960,10,10,10,0,0,0,0,0,0,1843199,3469311,3536895,1951316.48,200
1790713978,0,188160,0,408.39,199.92,1487871,4693426175,18522046463,31356616703,38956695551,168576,40667971583,9730071032.79,11287910497.45,188160,10,10,10,0,0,0,0,0,0,1039359,3420159,3573759,1400209.92,200
1790713979,0,188360,0,407.94,200.15,1487871,4672454655,18505269247,31356616703,38956695551,168576,40667971583,9719741791.18,11286363876.02,188360,10,10,10,0,0,0,0,0,0,1805311,3837951,5042175,1991285.44,200
1790713980,0,188560,0,407.49,199.86,1486847,4655677439,18488492031,31356616703,38956695551,168576,40667971583,9709434608.68,11284810773.17,188560,10,10,10,0,0,0,0,0,0,1988607,3606527,3739647,2130127.36,200
1790713981,0,188760,0,407.04,200.03,1485823,4630511615,18471714815,31356616703,38956695551,168576,40667971583,9699149113.65,11283251495.27,188760,10,10,10,0,0,0,0,0,0,1862655,3520511,3573759,1984403.20,200
1790713982,0,188960,0,406.59,200.04,1485823,4609540095,18454937599,31356616703,38956695551,168576,40667971583,9688885414.63,11281685935.90,188960,10,10,10,0,0,0,0,0,0,1888255,3547135,3579903,2006273.28,200
1790713983,0,189160,0,406.15,200.01,1484799,4584374271,18421383167,31339839487,38956695551,168576,40667971583,9678643503.48,11280114089.12,189160,10,10,10,0,0,0,0,0,0,1932287,3557375,3659775,2085848.96,200
1790713984,0,189360,0,405.71,200.01,1484799,4563402751,18387828735,31339839487,38956695551,168576,40667971583,9668423108.32,11278536174.94,189360,10,10,10,0,0,0,0,0,0,1874943,3536895,3598335,1973372.16,200
1790713985,0,189560,0,405.27,200.04,1483775,4534042623,18371051519,31339839487,38956695551,168576,40667971583,9658224321.08,11276952101.38,189560,10,10,10,0,0,0,0,0,0,1988607,3627007,3663871,2012559.36,200
1790713986,0,189760,0,404.83,199.92,1483775,4492099583,18354274303,31339839487,38956695551,168576,40667971583,9648047010.66,11275361967.59,189760,10,10,10,0,0,0,0,0,0,1942527,3563519,3657727,1992198.40,200
1790713987,0,189960,0,404.40,199.96,1482751,4454350847,18337497087,31339839487,38956695551,168576,40667971583,9637891074.83,11273765847.81,189960,10,10,10,0,0,0,0,0,0,1885183,3526655,3645439,1939157.76,200
1790713988,0,190160,0,403.96,200.00,1482751,4416602111,18320719871,31323062271,38956695551,168576,40667971583,9627756578.21,11272163673.65,190160,10,10,10,0,0,0,0,0,0,1945599,3586047,3796991,2011683.84,200
1790713989,0,190360,0,403.53,200.01,1482751,4366270463,18303942655,31323062271,38956695551,168576,40667971583,9617643430.08,11270555509.56,190360,10,10,10,0,0,0,0,0,0,2037759,3667967,4743167,2062188.16,200
1790713990,0,190560,0,403.10,200.03,1481727,4290772991,18270388223,31323062271,38956695551,168576,40667971583,9607551369.07,11268941565.31,190560,10,10,10,0,0,0,0,0,0,1888255,3461119,3657727,1927703.04,200
1790713991,0,190760,0,402.67,200.04,1481727,4229955583,18253611007,31323062271,38956695551,168576,40667971583,9597480586.01,11267321664.97,190760,10,10,10,0,0,0,0,0,0,2040831,3647487,4231167,2038486.40,200
1790713992,0,190960,0,402.24,199.89,1480703,4196401151,18236833791,31306285055,38956695551,168576,40667971583,9587430868.93,11265695976.01,190960,10,10,10,0,0,0,0,0,0,1901567,3635199,3665919,2010714.88,200
1790713993,0,191160,0,401.82,200.00,1480703,4179623935,18220056575,31306285055,38956695551,168576,40667971583,9577402241.15,11264064465.46,191160,10,10,10,0,0,0,0,0,0,1924095,3643391,3680255,2068444.16,200
1790713994,0,191360,0,401.39,200.03,1480703,4160749567,18203279359,31306285055,38956695551,168576,40667971583,9567394586.02,11262427219.26,191360,10,10,10,0,0,0,0,0,0,2156543,3672063,3741695,2077811.84,200
1790713995,0,191560,0,400.97,200.04,1480703,4146069503,18203279359,31306285055,38956695551,168576,40667971583,9557407767.80,11260784339.52,191560,10,10,10,0,0,0,0,0,0,1939455,3657727,3700735,2020094.72,200
1790713996,0,191760,0,400.55,199.94,1479679,4125097983,18186502143,31306285055,38956695551,168576,40667971583,9547441775.09,11259135822.61,191760,10,10,10,0,0,0,0,0,0,1892351,3645439,3676159,2013955.84,200
1790713997,0,191960,0,400.14,200.10,1479679,4110417919,18186502143,31306285055,38956695551,168576,40667971583,9537496518.13,11257481731.39,191960,10,10,10,0,0,0,0,0,0,1900543,3629055,4069375,1984140.80,200
1790713998,0,193130,0,401.74,1170.20,1485823,3930062847,18119393279,31272730623,38956695551,168576,40667971583,9480794581.70,11246813021.77,193130,10,10,10,0,0,0,0,0,0,50233343,393740287,406847487,177799951.86,1170
1790713999,0,193680,0,402.04,549.76,1488895,3833593855,18085838847,31272730623,38923141119,168576,40667971583,9456122967.57,11240344492.60,193680,10,10,10,0,0,0,0,0,0,794296319,846725119,855113727,792797809.57,550
1790714000,0,194780,0,403.49,1100.50,1496063,3636461567,18035507199,31255953407,38923141119,168576,40667971583,9410108522.15,11225185040.41,194780,10,10,10,0,0,0,0,0,0,1232076799,1514143743,1526726655,1308219622.87,1100
1790714001,0,195880,0,404.93,1099.64,1504255,3537895423,17951621119,31222398975,38923141119,168576,40667971583,9368803606.63,11207121775.08,195880,10,10,10,0,0,0,0,0,0,1888485375,2319450111,2327838719,2054829566.14,1100
1790714002,0,196430,0,405.23,549.92,1509375,3485466623,17884512255,31222398975,38923141119,168576,40667971583,9350469103.10,11196768509.44,196430,10,10,10,0,0,0,0,0,0,2820669439,2873098239,2879389695,2820719009.05,550
1790714003,0,197530,0,406.66,1100.22,1518591,3485466623,17767071743,31205621759,38923141119,168576,40667971583,9318196869.10,11173889201.39,197530,10,10,10,0,0,0,0,0,0,3374317567,3846176767,3854565375,3555256029.56,1100
1790714004,0,198080,0,406.95,549.92,1524735,3537895423,17716740095,30802968575,38923141119,168576,40667971583,9304227056.71,11161505755.55,198080,10,10,10,0,0,0,0,0,0,4288675839,4341104639,4345298943,4287032435.43,550
1790714005,0,199180,0,408.38,1100.11,1539071,3636461567,17649631231,30786191359,38923141119,168576,40667971583,9280293861.67,11135285186.10,199180,10,10,10,0,0,0,0,0,0,4836032511,5221908479,5230297087,4970578158.31,1100
1790714006,0,200280,0,409.79,1099.74,1559551,3774873599,17599299583,30769414143,38923141119,168576,40667971583,9260963855.80,11107722940.51,200280,10,10,10,0,0,0,0,0,0,5595201535,6039797759,6043992063,5760826974.95,1100
1790714007,0,200830,0,410.08,550.06,1571839,3812622335,17582522367,30752636927,38923141119,168576,40667971583,9253207260.60,11093490165.57,200830,10,10,10,0,0,0,0,0,0,6429868031,6484393983,6488588287,6428678374.87,550
1790714008,0,201930,0,411.48,1100.17,1597439,3930062847,17532190719,30735859711,38923141119,168576,40667971583,9241306051.68,11064411680.36,201930,10,10,10,0,0,0,0,0,0,6937378815,7331643391,7340031999,7068469881.02,1100
1790714009,0,203030,0,412.88,1099.85,1629183,4104126463,17465081855,30719082495,38889586687,168576,40667971583,9234067340.25,11034846332.93,203030,10,10,10,0,0,0,0,0,0,7742685183,8178892799,8187281407,7905237342.02,1100
1790714010,0,203580,0,413.16,550.10,1645567,4152360959,17414750207,30719082495,38889586687,168576,40667971583,9232269458.00,11019984441.00,203580,10,10,10,0,0,0,0,0,0,8573157375,8623489023,8631877631,8568589397.64,550
1790714011,0,204680,0,414.55,1100.11,1674239,4257218559,17314086911,30702305279,38889586687,168576,40667971583,9231982876.82,10990340357.02,204680,10,10,10,0,0,0,0,0,0,9076473855,9412018175,9428795391,9178944515.72,1100
1790714012,0,205780,0,415.94,1100.21,1692671,4357881855,17196646399,30668750847,38889586687,168576,40667971583,9235166254.01,10961024615.41,205780,10,10,10,0,0,0,0,0,0,9672065023,10099884031,10108272639,9827505930.24,1100
1790714013,0,206770,0,417.10,990.11,1705983,4559208447,17121148927,30651973631,38889586687,168576,40667971583,9241803204.80,10935183113.78,206770,10,10,10,0,0,0,0,0,0,10468982783,10921967615,10930356223,10621350409.31,990
1790714014,0,207430,0,417.58,659.93,1714175,4634705919,17095983103,30651973631,38889586687,168576,40667971583,9248110096.83,10918348176.31,207430,10,10,10,0,0,0,0,0,0,11299454975,11358175231,11366563839,11223982924.02,660
1790714015,0,208530,0,418.96,1099.86,1726463,4726980607,17045651455,30618419199,38889586687,168576,40667971583,9262294873.82,10891267480.99,208530,10,10,10,0,0,0,0,0,0,11777605631,12213813247,12222201855,11937156956.16,1100
1790714016,0,209080,0,419.22,549.94,1734655,4760535039,17020485631,30232543231,38889586687,168576,40667971583,9271083879.56,10878279304.82,209080,10,10,10,0,0,0,0,0,0,12608077823,12666798079,12666798079,12603395455.53,550
1790714017,0,210180,0,420.58,1100.00,1750015,4848615423,16970153983,30215766015,38889586687,168576,40667971583,9291459510.06,10853415074.18,210180,10,10,10,0,0,0,0,0,0,13111394303,13329498111,13337886719,13164311168.47,1100
1790714018,0,211280,0,421.94,1099.43,1764351,5091885055,16844324863,30198988799,38889586687,168576,40667971583,9315531252.96,10830250587.11,211280,10,10,10,0,0,0,0,0,0,13732151295,14193524735,14210301951,13914984820.36,1100
1790714019,0,212380,0,423.29,1100.10,1775615,5163188223,16743661567,30182211583,38856032255,168576,40667971583,9343147750.90,10808957584.03,212380,10,10,10,0,0,0,0,0,0,14495514623,14923333631,14931722239,14647523826.97,1100
1790714020,0,212930,0,423.54,550.05,1781759,5192548351,16684941311,30165434367,38856032255,168576,40667971583,9358548881.29,10799230377.54,212930,10,10,10,0,0,0,0,0,0,15309209599,15359541247,15367929855,15305625376.58,550
1790714021,0,214030,0,424.88,1099.99,1791999,5259657215,16592666623,30148657151,38856032255,168576,40667971583,9392584745.64,10781859992.12,214030,10,10,10,0,0,0,0,0,0,15820914687,16257122303,16265510911,15980999832.67,1100
1790714022,0,215130,0,426.22,1100.39,1801215,5481955327,16710107135,30131879935,38856032255,168576,40667971583,9430690242.55,10767396655.47,215130,10,10,10,0,0,0,0,0,0,16718495743,17112760319,17121148927,16844980700.63,1100
1790714023,0,215680,0,426.47,550.15,1805311,5515509759,16844324863,30115102719,38856032255,168576,40667971583,9451139410.05,10761261595.73,215680,10,10,10,0,0,0,0,0,0,17448304639,17515413503,17515413503,17449738329.37,550
1790714024,0,216780,0,427.80,1099.36,1814527,5591007231,17028874239,30098325503,38856032255,168576,40667971583,9495101784.50,10751573592.90,216780,10,10,10,0,0,0,0,0,0,17968398335,18387828735,18404605951,18114924439.74,1100
1790714025,0,217880,0,429.12,1100.39,1823743,5691670527,17121148927,30081548287,38856032255,168576,40667971583,9542765511.28,10745258054.02,217880,10,10,10,0,0,0,0,0,0,18857590783,19159580671,19176357887,18935986138.76,1100
1790714026,0,218430,0,429.36,549.94,1828863,5758779391,17263755263,30064771071,38856032255,168576,40667971583,9567855507.79,10743333940.84,218430,10,10,10,0,0,0,0,0,0,19511902207,19562233855,19579011071,19507143579.46,550
1790714027,0,219530,0,430.67,1100.28,1840127,5926551551,17465081855,30047993855,38856032255,168576,40667971583,9620369310.28,10741908857.35,219530,10,10,10,0,0,0,0,0,0,19981664255,20250099711,20266876927,20048178291.43,1100
1790714028,0,220630,0,431.98,1099.79,1850367,6014631935,17582522367,29645340671,38520487935,168576,40667971583,9676442110.12,10744347391.49,220630,10,10,10,0,0,0,0,0,0,20736638975,21122514943,21139292159,20867043700.36,1100
1790714029,0,221296,0,432.44,666.22,1859583,6106906623,17666408447,29628563455,38520487935,168576,40667971583,9712301214.08,10748007446.50,221296,10,10,10,0,0,0,0,0,0,21525168127,22011707391,22028484607,21591571643.58,666
1790714030,0,222280,0,433.52,983.29,1874943,6199181311,17867735039,29611786239,38520487935,168576,40667971583,9767555610.97,10756166686.40,222280,10,10,10,0,0,0,0,0,0,22347251711,22447915007,22464692223,22193955015.80,984
1790714031,0,223380,0,434.81,1100.10,1916927,6341787647,18035507199,29595009023,38520487935,168576,40667971583,9833048877.38,10769977493.26,223380,10,10,10,0,0,0,0,0,0,22917677055,23353884671,23353884671,23067451838.84,1100
1790714032,0,224276,0,435.71,896.60,1966079,6425673727,18169724927,29578231807,38486933503,168576,40667971583,9888993791.75,10784684097.90,224276,10,10,10,0,0,0,0,0,0,23773315071,24075304959,24075304959,23836510500.57,896
1790714033,0,225030,0,436.33,753.70,1995775,6480199679,18303942655,29561454591,38486933503,168576,40667971583,9937426125.04,10798962747.80,225030,10,10,10,0,0,0,0,0,0,24461180927,24545067007,24545067007,24343540157.45,754
1790714034,0,226130,0,437.61,1100.11,2023423,6685720575,18471714815,29544677375,38486933503,168576,40667971583,10010948553.05,10823880436.87,226130,10,10,10,0,0,0,0,0,0,24914165759,25333596159,25333596159,25051632167.10,1100
1790714035,0,227230,0,438.89,1099.89,2043903,6786383871,18673041407,29527900159,38486933503,168576,40667971583,10086774810.96,10852257233.48,227230,10,10,10,0,0,0,0,0,0,25501368319,25971130367,25971130367,25674585449.19,1100
1790714036,0,227780,0,439.10,549.97,2051071,6828326911,18740150271,29527900159,38486933503,168576,40667971583,10126185856.45,10868708663.40,227780,10,10,10,0,0,0,0,0,0,26424115199,26474446847,26474446847,26408680161.28,550
1790714037,0,228880,0,440.38,1100.41,2068479,6916407295,18874367999,29494345727,38486933503,168576,40667971583,10207372065.32,10905324634.66,228880,10,10,10,0,0,0,0,0,0,26910654463,27246198783,27262975999,27018821751.16,1100
1790714038,0,229980,0,441.64,1098.94,2084863,7092568063,19092471807,29477568511,38486933503,168576,40667971583,10291880746.16,10947306603.55,229980,10,10,10,0,0,0,0,0,0,27715960831,28152168447,28168945663,27875832448.47,1100
1790714039,0,230530,0,441.85,550.45,2091007,7180648447,19159580671,29477568511,38486933503,168576,40667971583,10335457176.35,10970488596.75,230530,10,10,10,0,0,0,0,0,0,28571598847,28621930495,28621930495,28556743385.83,550
1790714040,0,231630,0,443.11,1100.19,2107391,7247757311,19310575615,29511122943,38486933503,168576,40667971583,10425215073.43,11021286559.59,231630,10,10,10,0,0,0,0,0,0,29074915327,29527900159,29527900159,29236022357.64,1100
1790714041,0,232334,0,443.61,704.02,2119679,7285506047,19461570559,29863444479,38486933503,168576,40667971583,10484513568.81,11057021477.30,232334,10,10,10,0,0,0,0,0,0,29930553343,30333206527,30349983743,29994897780.36,704
1790714042,0,233280,0,444.56,945.24,2129919,7344226303,19562233855,30198988799,38453379071,168576,40667971583,10565815770.65,11107905383.63,233280,10,10,10,0,0,0,0,0,0,30685528063,30786191359,30802968575,30533327146.76,946
1790714043,0,234380,0,445.81,1100.41,2140159,7537164287,19763560447,30702305279,38453379071,168576,40667971583,10663573592.89,11172887472.38,234380,10,10,10,0,0,0,0,0,0,31239176191,31675383807,31692161023,31395341568.93,1100
1790714044,0,234930,0,446.01,549.75,2146303,7629438975,19830669311,30769414143,38453379071,168576,40667971583,10713676061.27,11207626936.96,234930,10,10,10,0,0,0,0,0,0,32078036991,32128368639,32128368639,32064615219.20,550
1790714045,0,236030,0,447.25,1100.45,2156543,7696547839,19964887039,31289507839,38453379071,168576,40667971583,10816628136.77,11282263718.09,236030,10,10,10,0,0,0,0,0,0,32614907903,33101447167,33118224383,32804383680.70,1100
1790714046,0,236580,0,447.44,550.06,2160639,7725907967,20099104767,31625052159,38453379071,168576,40667971583,10869453127.93,11322149843.66,236580,10,10,10,0,0,0,0,0,0,33554431999,33604763647,33604763647,33539057969.34,550
1790714047,0,237680,0,448.67,1099.58,2170879,7809794047,20233322495,32061259775,38453379071,168576,40667971583,10977773966.44,11407086437.02,237680,10,10,10,0,0,0,0,0,0,34091302911,34594619391,34594619391,34274632126.84,1100
1790714048,0,238230,0,448.87,550.22,2174975,7860125695,20300431359,32363249663,38453379071,168576,40667971583,11033273115.66,11452173948.20,238230,10,10,10,0,0,0,0,0,0,35030827007,35097935871,35097935871,35016978178.79,550
1790714049,0,239330,0,450.09,1099.80,2187263,8057257983,20518535167,32866566143,38453379071,168576,40667971583,11146482362.52,11546657135.70,239330,10,10,10,0,0,0,0,0,0,35567697919,35903242239,35903242239,35664517708.33,1100
1790714050,0,239880,0,450.28,549.82,2191359,8103395327,20635975679,33017561087,38453379071,168576,40667971583,11204199247.08,11596084567.57,239880,10,10,10,0,0,0,0,0,0,36339449855,36373004287,36406558719,36319439212.92,550
1790714051,0,240980,0,451.49,1100.27,2203647,8187281407,20770193407,33520877567,38453379071,168576,40667971583,11322213674.67,11700121524.52,240980,10,10,10,0,0,0,0,0,0,36876320767,37379637247,37379637247,37057941757.21,1100
1790714052,0,241530,0,451.68,549.92,2211839,8241807359,20854079487,33940307967,38453379071,168576,40667971583,11382510439.65,11754747394.96,241530,10,10,10,0,0,0,0,0,0,37815844863,37882953727,37882953727,37801263938.09,550
1790714053,0,242630,0,452.89,1099.84,2232319,8346664959,21038628863,34108080127,38721814527,168576,40667971583,11505407952.19,11868625048.89,242630,10,10,10,0,0,0,0,0,0,38352715775,38788923391,38788923391,38490349955.26,1100
1790714054,0,243511,0,453.69,881.83,2258943,8489271295,21139292159,34628173823,39124467711,168576,40667971583,11606046483.84,11964285701.76,243511,10,10,10,0,0,0,0,0,0,39191576575,39661338623,39661338623,39322195105.56,881
1790714055,0,244280,0,454.27,768.61,2295807,8556380159,21307064319,35064381439,39493566463,168576,40667971583,11695027168.66,12049929754.58,244280,10,10,10,0,0,0,0,0,0,39996882943,40063991807,40063991807,39871588338.68,769
1790714056,0,245380,0,455.47,1099.60,2338815,8640266239,21441282047,35534143487,39996882943,168576,40969961471,11824902994.86,12177684104.32,245380,10,10,10,0,0,0,0,0,0,40533753855,40969961471,40969961471,40666781926.87,1100
1790714057,0,245930,0,455.65,550.30,2353151,8766095359,21508390911,35769024511,40063991807,168576,41406169087,11890903938.51,12243684452.34,245930,10,10,10,0,0,0,0,0,0,41372614655,41406169087,41406169087,41336924941.96,550
1790714058,0,247030,0,456.84,1099.69,2379775,8866758655,21676163071,36272340991,40567308287,168576,42278584319,12024913137.06,12379642547.58,247030,10,10,10,0,0,0,0,0,0,41842376703,42278584319,42278584319,41985715136.70,1100
1790714059,0,248130,0,458.03,1099.55,2398207,8975810559,21911044095,36775657471,41372614655,168576,43150999551,12161591581.31,12520845089.44,248130,10,10,10,0,0,0,0,0,0,42748346367,43150999551,43150999551,42855842566.52,1100
1790714060,0,248680,0,458.20,550.36,2406399,9017753599,21944598527,36842766335,41775267839,168576,43520098303,12230808186.60,12593103133.75,248680,10,10,10,0,0,0,0,0,0,43486543871,43520098303,43520098303,43457565044.36,550
1790714061,0,249580,0,459.01,899.83,2418687,9026142207,21978152959,37278973951,42245029887,168576,43989860351,12284209580.94,12665481359.47,249580,10,10,10,0,0,0,0,0,0,43889197055,43956305919,43989860351,27039608184.89,900
1790714062,0,249780,0,458.53,199.91,2418687,9017753599,21978152959,37278973951,42245029887,168576,43989860351,12274376237.41,12665174248.71,249780,10,10,10,0,0,0,0,0,0,3332095,5439487,5525503,3346840.32,200
1790714063,0,249980,0,458.06,200.18,2420735,9000976383,21978152959,37278973951,42245029887,168576,43989860351,12264558828.94,12664859811.32,249980,10,10,10,0,0,0,0,0,0,3520511,5246975,5566463,3597390.08,200
1790714064,0,250180,0,457.59,199.82,2420735,8984199167,21961375743,37278973951,42211475455,168576,43989860351,12254757049.49,12664538342.09,250180,10,10,10,0,0,0,0,0,0,3442687,5312511,6283263,3512917.76,200
1790714065,0,250380,0,457.12,200.17,2420735,8967421951,21961375743,37278973951,42211475455,168576,43989860351,12244970923.61,12664209815.42,250380,10,10,10,0,0,0,0,0,0,3465215,5251071,5533695,3506063.36,200
1790714066,0,250580,0,456.65,199.82,2420735,8959033343,21961375743,37278973951,42211475455,168576,43989860351,12235200460.73,12663874220.44,250580,10,10,10,0,0,0,0,0,0,3518463,5189631,5865471,3557980.16,200
1790714067,0,250780,0,456.18,200.16,2422783,8933867519,21944598527,37278973951,42211475455,168576,43989860351,12225445552.55,12663531659.94,250780,10,10,10,0,0,0,0,0,0,3502079,5214207,5910527,3521095.68,200
1790714068,0,250980,0,455.72,200.03,2422783,8908701695,21944598527,37278973951,42211475455,168576,43989860351,12215706029.14,12663182295.93,250980,10,10,10,0,0,0,0,0,0,3319807,5062655,5513215,3317621.76,200
1790714069,0,251180,0,455.25,199.81,2424831,8883535871,21944598527,37278973951,42211475455,168576,43989860351,12205982327.58,12662825704.97,251180,10,10,10,0,0,0,0,0,0,3696639,5533695,6017023,3709248.00,200
1790714070,0,251380,0,454.79,200.16,2424831,8866758655,21927821311,37278973951,42211475455,168576,43989860351,12196274047.76,12662462271.24,251380,10,10,10,0,0,0,0,0,0,3459071,5242879,5931007,3645422.08,200
1790714071,0,251580,0,454.33,200.01,2420735,8849981439,21927821311,37278973951,42211475455,168576,43989860351,12186580299.77,12662092848.79,251580,10,10,10,0,0,0,0,0,0,2371583,5033983,5550079,2508449.28,200
1790714072,0,251780,0,453.87,199.86,2420735,8833204223,21927821311,37245419519,42211475455,168576,43989860351,12176902744.86,12661715836.48,251780,10,10,10,0,0,0,0,0,0,3528703,5521407,6959103,3506414.08,200
1790714073,0,251980,0,453.42,200.07,2422783,8816427007,21927821311,37245419519,42211475455,168576,43989860351,12167240725.11,12661331866.18,251980,10,10,10,0,0,0,0,0,0,3594239,5328895,6115327,3724069.12,200
1790714074,0,252180,0,452.96,199.95,2422783,8791261183,21911044095,37245419519,42211475455,168576,43989860351,12157593932.13,12660941232.23,252180,10,10,10,0,0,0,0,0,0,3624959,5283839,5865471,3599458.56,200
1790714075,0,252380,0,452.51,199.95,2422783,8774483967,21911044095,37245419519,42211475455,168576,43989860351,12147962252.58,12660544041.11,252380,10,10,10,0,0,0,0,0,0,3391487,5238783,5701631,3377509.12,200
1790714076,0,252580,0,452.05,200.00,2424831,8757706751,21911044095,37245419519,42211475455,168576,43989860351,12138345879.06,12660140105.73,252580,10,10,10,0,0,0,0,0,0,3405823,5095423,5656575,3444131.84,200
1790714077,0,252780,0,451.60,200.05,2424831,8724152319,21894266879,37245419519,42211475455,168576,43989860351,12128744640.00,12659729588.43,252780,10,10,10,0,0,0,0,0,0,3342335,4857855,5312511,3339834.88,200
1790714078,0,252980,0,451.16,200.05,2424831,8673820671,21894266879,37245419519,42211475455,168576,43989860351,12119158552.08,12659312470.91,252980,10,10,10,0,0,0,0,0,0,3278847,4833279,5394431,3302018.56,200
1790714079,0,253180,0,450.71,200.02,2424831,8631877631,21877489663,36909875199,42211475455,168576,43989860351,12109587722.48,12658888648.42,253180,10,10,10,0,0,0,0,0,0,3463167,4943871,5750783,3445365.76,200
1790714080,0,253380,0,450.26,199.98,2424831,8615100415,21877489663,36909875199,42211475455,168576,43989860351,12100031892.06,12658458366.65,253380,10,10,10,0,0,0,0,0,0,3209215,4931583,5197823,3306159.36,200
1790714081,0,253580,0,449.82,200.07,2424831,8598323199,21860712447,36909875199,42211475455,168576,43989860351,12090491239.81,12658021452.18,253580,10,10,10,0,0,0,0,0,0,3414015,5328895,6078463,3438912.00,200
1790714082,0,253780,0,449.38,199.83,2426879,8585740287,21843935231,36909875199,42211475455,168576,43989860351,12080965562.07,12657578097.32,253780,10,10,10,0,0,0,0,0,0,3325951,5079039,5619711,3358758.40,200
1790714083,0,253980,0,448.94,200.02,2426879,8568963071,21843935231,36909875199,42211475455,168576,43989860351,12071455048.19,12657128119.14,253980,10,10,10,0,0,0,0,0,0,3479551,5095423,5763071,3563980.80,200
1790714084,0,254180,0,448.50,200.11,2426879,8556380159,21827158015,36876320767,42211475455,168576,43989860351,12061959440.55,12656671761.00,254180,10,10,10,0,0,0,0,0,0,3457023,5287935,5943295,3487303.68,200
1790714085,0,254380,0,448.06,199.88,2426879,8539602943,21827158015,36876320767,42211475455,168576,43989860351,12052478637.96,12656209116.83,254380,10,10,10,0,0,0,0,0,0,3330047,5038079,5713919,3326620.16,200
1790714086,0,254580,0,447.62,200.00,2426879,8527020031,21810380799,36876320767,42211475455,168576,43989860351,12043012863.17,12655739972.04,254580,10,10,10,0,0,0,0,0,0,3463167,5464063,6070271,3493911.04,200
1790714087,0,254780,0,447.19,200.10,2428927,8514437119,21793603583,36876320767,42211475455,168576,43989860351,12033562021.30,12655264414.72,254780,10,10,10,0,0,0,0,0,0,3577855,5357567,6098943,3585397.76,200
1790714088,0,254980,0,446.75,199.95,2428927,8480882687,21776826367,36876320767,42211475455,168576,43989860351,12024125902.25,12654782642.14,254980,10,10,10,0,0,0,0,0,0,3446783,5189631,5353471,3453854.72,200
1790714089,0,255180,0,446.32,200.09,2428927,8443133951,21760049151,36876320767,42211475455,168576,43989860351,12014704664.21,12654294501.48,255180,10,10,10,0,0,0,0,0,0,3543039,5259263,5607423,3568281.60,200
1790714090,0,255380,0,445.89,199.93,2430975,8392802303,21743271935,36876320767,42211475455,168576,43989860351,12005298383.11,12653799918.58,255380,10,10,10,0,0,0,0,0,0,3713023,5636095,6062079,3824330.24,200
1790714091,0,255580,0,445.46,199.92,2430975,8367636479,21709717503,36876320767,42211475455,168576,43989860351,11995906567.49,12653299356.82,255580,10,10,10,0,0,0,0,0,0,3495935,5201919,5562367,3497200.64,200
1790714092,0,255780,0,445.04,200.19,2430975,8350859263,21676163071,36876320767,42211475455,168576,43989860351,11986529444.83,12652792597.84,255780,10,10,10,0,0,0,0,0,0,3444735,5185535,5574655,3504391.68,200
1790714093,0,255980,0,444.61,199.84,2433023,8329887743,21659385855,36876320767,42211475455,168576,43989860351,11977167061.85,12652279594.93,255980,10,10,10,0,0,0,0,0,0,3522559,5296127,5922815,3615475.20,200
1790714094,0,256180,0,444.19,200.04,2433023,8313110527,21642608639,36876320767,42211475455,168576,43989860351,11967819172.77,12651760577.98,256180,10,10,10,0,0,0,0,0,0,3430399,5160959,5591039,3455942.40,200
1790714095,0,256380,0,443.77,200.07,2433023,8296333311,21625831423,36876320767,42211475455,168576,43989860351,11958485946.44,12651235384.64,256380,10,10,10,0,0,0,0,0,0,3557375,5357567,5988351,3556336.64,200
1790714096,0,256580,0,443.34,199.97,2435071,8275361791,21609054207,36876320767,42211475455,168576,43989860351,11949167261.78,12650704126.73,256580,10,10,10,0,0,0,0,0,0,3506175,5197823,5631999,3545393.92,200
1790714097,0,256780,0,442.92,199.90,2435071,8258584575,21592276991,36876320767,42211475455,168576,43989860351,11939863172.99,12650166750.45,256780,10,10,10,0,0,0,0,0,0,3659775,5574655,6234111,3647669.76,200
1790714098,0,256980,0,442.51,200.04,2435071,8237613055,21575499775,36876320767,42211475455,168576,43989860351,11930573382.74,12649623533.61,256980,10,10,10,0,0,0,0,0,0,3395583,5033983,5677055,3411676.16,200
1790714099,0,257180,0,442.09,200.02,2435071,8216641535,21575499775,36876320767,42211475455,168576,43989860351,11921298203.23,12649074178.96,257180,10,10,10,0,0,0,0,0,0,3618815,5484543,6791167,3620051.20,200
1790714100,0,257380,0,441.67,199.96,2437119,8199864319,21558722559,36876320767,42211475455,168576,43989860351,11912037499.80,12648518811.02,257380,10,10,10,0,0,0,0,0,0,3594239,5328895,5701631,3698956.80,200
1790714101,0,257580,0,441.26,200.11,2437119,8178892799,21558722559,36876320767,42211475455,168576,43989860351,11902791033.19,12647957651.99,257580,10,10,10,0,0,0,0,0,0,3493887,5210111,5582847,3513154.56,200
1790714102,0,257780,0,440.85,200.03,2437119,8166309887,21541945343,36876320767,42211475455,168576,43989860351,11893558827.21,12647390676.52,257780,10,10,10,0,0,0,0,0,0,3379199,5156863,5591039,3400751.36,200
1790714103,0,257980,0,440.44,199.88,2439167,8149532671,21541945343,36876320767,42211475455,168576,43989860351,11884341200.22,12646817582.63,257980,10,10,10,0,0,0,0,0,0,3682303,5451775,5890047,3741770.24,200
1790714104,0,258180,0,440.03,200.09,2439167,8132755455,21525168127,36876320767,42211475455,168576,43989860351,11875137705.95,12646238786.83,258180,10,10,10,0,0,0,0,0,0,3528703,5439487,5935103,3550443.52,200
1790714105,0,258380,0,439.62,199.98,2439167,8120172543,21525168127,36842766335,42211475455,168576,43989860351,11865948461.60,12645654176.10,258380,10,10,10,0,0,0,0,0,0,3553279,5488639,5980159,3552926.72,200
1790714106,0,258580,0,439.21,199.99,2441215,8103395327,21525168127,36842766335,42211475455,168576,43989860351,11856773478.74,12645063736.70,258580,10,10,10,0,0,0,0,0,0,3569663,5500927,5980159,3613130.24,200
1790714107,0,258780,0,438.81,199.95,2441215,8090812415,21508390911,36842766335,42211475455,168576,43989860351,11847612669.80,12644467547.87,258780,10,10,10,0,0,0,0,0,0,3545087,5300223,5799935,3602792.96,200
1790714108,0,258980,0,438.40,199.96,2441215,8078229503,21508390911,36842766335,42211475455,168576,43989860351,11838465904.70,12643865728.44,258980,10,10,10,0,0,0,0,0,0,3465215,5132287,5439487,3466542.08,200
1790714109,0,259180,0,438.00,200.10,2443263,8053063679,21491613695,36842766335,42211475455,168576,43989860351,11829333327.11,12643258140.87,259180,10,10,10,0,0,0,0,0,0,3495935,5357567,5689343,3558604.80,200
1790714110,0,259380,0,437.60,200.05,2443263,8011120639,21491613695,36842766335,42211475455,168576,43989860351,11820214946.04,12642644773.93,259380,10,10,10,0,0,0,0,0,0,3694591,5615615,5902335,3704915.20,200
1790714111,0,259580,0,437.20,199.93,2445311,7977566207,21491613695,36842766335,42211475455,168576,43989860351,11811110584.02,12642025790.64,259580,10,10,10,0,0,0,0,0,0,3577855,5672959,7270399,3663476.48,200
1790714112,0,259780,0,436.80,199.92,2445311,7944011775,21474836479,36842766335,42211475455,168576,43989860351,11802020058.44,12641401358.33,259780,10,10,10,0,0,0,0,0,0,3414015,5115903,6332415,3426906.88,200
1790714113,0,259980,0,436.40,200.04,2443263,7906263039,21474836479,36842766335,42211475455,168576,43989860351,11792943442.26,12640771405.62,259980,10,10,10,0,0,0,0,0,0,3225599,5107711,5742591,3326693.12,200
1790714114,0,260180,0,436.00,200.11,2443263,7864319999,21474836479,36842766335,42211475455,168576,43989860351,11783880747.03,12640135918.48,260180,10,10,10,0,0,0,0,0,0,3225599,5111807,5410815,3283212.80,200
1790714115,0,260380,0,435.61,199.84,2445311,7847542783,21458059263,36842766335,42211475455,168576,43989860351,11774832002.08,12639494866.49,260380,10,10,10,0,0,0,0,0,0,3260415,5173247,5296127,3319695.36,200
1790714116,0,260580,0,435.22,200.01,2445311,7826571263,21458059263,36842766335,42211475455,168576,43989860351,11765797172.70,12638848278.93,260580,10,10,10,0,0,0,0,0,0,3317759,5103615,5394431,3352806.40,200
1790714117,0,260780,0,434.82,200.05,2445311,7809794047,21441282047,36842766335,42211475455,168576,43989860351,11756776232.57,12638196177.25,260780,10,10,10,0,0,0,0,0,0,3354623,5218303,5443583,3393336.32,200
1790714118,0,261380,0,435.10,600.03,2451455,7755268095,21424504831,36842766335,42211475455,168576,43989860351,11730354921.76,12635694636.99,261380,10,10,10,0,0,0,0,0,0,266862591,291241983,293601279,246772532.05,600
1790714119,0,262480,0,436.20,1100.37,2465791,7696547839,21374173183,36842766335,42211475455,168576,43989860351,11684769056.78,12628762838.31,262480,10,10,10,0,0,0,0,0,0,671612927,1087373311,1093664767,852738703.36,1100
1790714120,0,263580,0,437.30,1099.80,2478079,7621050367,21323841535,36809211903,42211475455,168576,43989860351,11642733568.97,12619107922.68,263580,10,10,10,0,0,0,0,0,0,1434451967,1842348031,1849688063,1612301896.61,1100
1790714121,0,264680,0,438.40,1100.24,2488319,7428112383,21273509887,36809211903,42211475455,168576,43989860351,11604699380.16,12606623151.55,264680,10,10,10,0,0,0,0,0,0,2283798527,2749366271,2757754879,2491016210.62,1100
1790714122,0,265780,0,439.50,1099.36,2500607,7310671871,21172846591,36809211903,42177921023,168576,43989860351,11570804801.58,12591499297.70,265780,10,10,10,0,0,0,0,0,0,3208642559,3674210303,3682598911,3415152930.44,1100
1790714123,0,266849,0,440.54,1069.79,2510847,7247757311,21105737727,36809211903,42177921023,168576,43989860351,11541798211.69,12574582102.10,266849,10,10,10,0,0,0,0,0,0,4137680895,4588568575,4592762879,4330038190.58,1069
1790714124,0,267430,0,440.77,580.63,2514943,7210008575,21088960511,36809211903,42177921023,168576,43989860351,11527575059.50,12564614380.26,267430,10,10,10,0,0,0,0,0,0,5020581887,5045747711,5054136319,4994986526.84,581
1790714125,0,268530,0,441.85,1100.31,2525183,7084179455,21055406079,36775657471,42177921023,168576,43989860351,11503479719.83,12544488094.58,268530,10,10,10,0,0,0,0,0,0,5477761023,5884608511,5888802815,5645464549.93,1100
1790714126,0,269630,0,442.93,1100.00,2535423,6912212991,21021851647,36775657471,42177921023,168576,43989860351,11483182362.01,12522898309.54,269630,10,10,10,0,0,0,0,0,0,6329204735,6782189567,6790578175,6528228273.80,1100
1790714127,0,270730,0,444.01,1099.99,2545663,7084179455,20921188351,36775657471,42177921023,168576,43989860351,11466762924.89,12500083646.84,270730,10,10,10,0,0,0,0,0,0,7247757311,7692353535,7700742143,7442060351.30,1100
1790714128,0,271652,0,444.79,922.32,2553855,7193231359,20887633919,36775657471,42177921023,168576,43989860351,11456074955.74,12480203766.09,271652,10,10,10,0,0,0,0,0,0,8149532671,8615100415,8623489023,8317730176.28,922
1790714129,0,272380,0,445.26,727.98,2562047,7214202879,20837302271,36775657471,42177921023,168576,43989860351,11449317267.54,12464202557.06,272380,10,10,10,0,0,0,0,0,0,9042919423,9068085247,9076473855,8927697053.54,728
1790714130,0,273480,0,446.32,1099.69,2574335,7243563007,20786970623,36742103039,42177921023,168576,43989860351,11442346530.75,12439601709.94,273480,10,10,10,0,0,0,0,0,0,9529458687,9957277695,9965666303,9716265362.15,1100
1790714131,0,274580,0,447.39,1099.47,2594815,7310671871,20736638975,36742103039,42177921023,168576,43989860351,11439041025.68,12414777143.08,274580,10,10,10,0,0,0,0,0,0,10427039743,10871635967,10880024575,10617232365.38,1100
1790714132,0,275680,0,448.45,1099.95,2617343,7428112383,20703084543,36373004287,41842376703,168576,43989860351,11439378878.05,12389993645.87,275680,10,10,10,0,0,0,0,0,0,11333009407,11777605631,11785994239,11523712971.87,1100
1790714133,0,276230,0,448.62,550.20,2631679,7524581375,20686307327,36373004287,41842376703,168576,43989860351,11440891301.71,12377699014.11,276230,10,10,10,0,0,0,0,0,0,12205424639,12230590463,12230590463,12198973037.85,550
1790714134,0,277330,0,449.67,1099.94,2662399,7654604799,20635975679,36373004287,41842376703,168576,43989860351,11446476742.72,12353451922.65,277330,10,10,10,0,0,0,0,0,0,12683575295,13094617087,13103005695,12849082531.84,1100
1790714135,0,278430,0,450.73,1099.91,2686975,7683964927,20568866815,36373004287,41808822271,168576,43989860351,11455554594.75,12329875868.52,278430,10,10,10,0,0,0,0,0,0,13555990527,13992198143,14000586751,13744246143.53,1100
1790714136,0,279530,0,451.77,1099.70,2711551,7721713663,20434649087,36373004287,41808822271,168576,43989860351,11468121080.13,12307224107.59,279530,10,10,10,0,0,0,0,0,0,14453571583,14898167807,14906556415,14648927012.31,1100
1790714137,0,280630,0,452.82,1099.90,2729983,7805599743,20367540223,36339449855,41808822271,168576,43989860351,11484174692.43,12285753767.24,280630,10,10,10,0,0,0,0,0,0,15367929855,15820914687,15820914687,15563689462.69,1100
1790714138,0,281180,0,452.98,550.25,2738175,7855931391,20333985791,36339449855,41808822271,168576,43989860351,11493494879.00,12275537615.23,281180,10,10,10,0,0,0,0,0,0,16257122303,16282288127,16282288127,16248992980.25,550
1790714139,0,282280,0,454.02,1099.79,2752511,8053063679,20283654143,36339449855,41808822271,168576,43989860351,11514640052.37,12256267975.30,282280,10,10,10,0,0,0,0,0,0,16726884351,17171480575,17179869183,16919730823.91,1100
1790714140,0,283380,0,455.05,1099.80,2768895,8120172543,20250099711,36339449855,41808822271,168576,43989860351,11539129315.33,12238754360.45,283380,10,10,10,0,0,0,0,0,0,17632854015,18085838847,18085838847,17823519449.83,1100
1790714141,0,284480,0,456.09,1100.71,2783231,8153726975,20216545279,36339449855,41808822271,168576,43989860351,11566917742.66,12223218731.35,284480,10,10,10,0,0,0,0,0,0,18522046463,18991808511,18991808511,18725721866.24,1100
1790714142,0,285030,0,456.24,549.84,2791423,8183087103,20199768063,36339449855,41808822271,168576,43989860351,11582132480.70,12216321530.70,285030,10,10,10,0,0,0,0,0,0,19461570559,19478347775,19495124991,19451748262.63,550
1790714143,0,286130,0,457.27,1100.53,2805759,8292139007,20233322495,36305895423,41808822271,168576,43989860351,11614997495.87,12204296387.37,286130,10,10,10,0,0,0,0,0,0,19948109823,20384317439,20401094655,20130920470.34,1100
1790714144,0,287230,0,458.29,1099.35,2818047,8396996607,20350763007,36305895423,41808822271,168576,43989860351,11650593220.27,12194431276.07,287230,10,10,10,0,0,0,0,0,0,20770193407,21122514943,21139292159,20909688333.03,1100
1790714145,0,288330,0,459.32,1099.86,2832383,8552185855,20434649087,36305895423,41808822271,168576,43989860351,11689229088.45,12187157575.84,288330,10,10,10,0,0,0,0,0,0,21592276991,22028484607,22045261823,21777756740.89,1100
1790714146,0,289430,0,460.34,1100.73,2844671,8589934591,20686307327,36305895423,41808822271,168576,43989860351,11731011295.90,12182779351.10,289430,10,10,10,0,0,0,0,0,0,22498246655,22934454271,22951231487,22682887544.09,1100
1790714147,0,290530,0,461.35,1099.16,2856959,8631877631,20736638975,36272340991,41808822271,168576,43989860351,11775808360.34,12181394732.77,290530,10,10,10,0,0,0,0,0,0,23370661887,23823646719,23823646719,23562730507.17,1100
1790714148,0,291630,0,462.36,1100.52,2867199,8808038399,20870856703,36272340991,41808822271,168576,43989860351,11823131916.64,12182708136.83,291630,10,10,10,0,0,0,0,0,0,24125636607,24578621439,24595398655,24322143563.40,1100
1790714149,0,292180,0,462.50,549.89,2873343,8858370047,20971519999,36272340991,41808822271,168576,43989860351,11847951983.00,12184647701.69,292180,10,10,10,0,0,0,0,0,0,25014829055,25048383487,25048383487,25008453713.92,550
1790714150,0,293280,0,463.51,1100.33,2883583,8967421951,21088960511,36238786559,41808822271,168576,43989860351,11899850702.02,12191160986.70,293280,10,10,10,0,0,0,0,0,0,25501368319,25937575935,25937575935,25685094087.21,1100
1790714151,0,294380,0,464.51,1099.22,2893823,9034530815,21172846591,36238786559,41775267839,168576,43989860351,11954115403.43,12200585696.79,294380,10,10,10,0,0,0,0,0,0,26273120255,26675773439,26675773439,26422071430.05,1100
1790714152,0,295480,0,465.51,1100.27,2904063,9068085247,21374173183,36205232127,41775267839,168576,43989860351,12011185482.58,12213597833.27,295480,10,10,10,0,0,0,0,0,0,27095203839,27548188671,27548188671,27284176300.22,1100
1790714153,0,296580,0,466.51,1100.11,2914303,9252634623,21491613695,36205232127,41775267839,168576,43989860351,12071217363.63,12230574390.62,296580,10,10,10,0,0,0,0,0,0,28001173503,28454158335,28470935551,28196872102.63,1100
1790714154,0,297680,0,467.51,1099.69,2926591,9328132095,21558722559,35903242239,41775267839,168576,43989860351,12133952660.51,12251347773.73,297680,10,10,10,0,0,0,0,0,0,28856811519,29309796351,29309796351,29048529342.84,1100
1790714155,0,298681,0,468.34,1002.00,2938879,9386852351,21776826367,35903242239,41775267839,168576,43989860351,12193635116.07,12274035325.12,298681,10,10,10,0,0,0,0,0,0,29762781183,30215766015,30232543231,29942159959.46,1001
1790714156,0,299756,0,469.29,1075.00,2955263,9462349823,21927821311,35869687807,41775267839,168576,43989860351,12259882911.30,12301679518.44,299756,10,10,10,0,0,0,0,0,0,30534533119,31004295167,31004295167,30666355217.62,1075
1790714157,0,300430,0,469.61,673.74,2969599,9504292863,21978152959,35869687807,41775267839,168576,43989860351,12302718853.41,12321037383.36,300430,10,10,10,0,0,0,0,0,0,31440502783,31474057215,31490834431,31353654554.59,674
1790714158,0,301530,0,470.60,1100.20,2994175,9571401727,22028484607,35869687807,41775267839,168576,43989860351,12375038647.05,12356488052.47,301530,10,10,10,0,0,0,0,0,0,31943819263,32380026879,32396804095,32126889194.59,1100
1790714159,0,302630,0,471.58,1099.18,3018751,9646899199,22330474495,35836133375,41775267839,168576,43989860351,12450182160.38,12396605226.38,302630,10,10,10,0,0,0,0,0,0,32866566143,33319550975,33319550975,33048385409.40,1100
1790714160,0,303730,0,472.56,1100.30,3045375,9848225791,22431137791,35836133375,41775267839,168576,43989860351,12527971727.55,12441231783.44,303730,10,10,10,0,0,0,0,0,0,33738981375,34191966207,34191966207,33929296013.50,1100
1790714161,0,304280,0,472.68,550.04,3055615,9898557439,22447915007,35836133375,41775267839,168576,43989860351,12567897017.99,12465341958.90,304280,10,10,10,0,0,0,0,0,0,34628173823,34661728255,34661728255,34616094228.48,550
1790714162,0,305380,0,473.65,1099.86,3074047,9940500479,22531801087,35836133375,41775267839,168576,43989860351,12649772692.13,12517171322.72,305380,10,10,10,0,0,0,0,0,0,35131490303,35567697919,35567697919,35298072806.87,1100
1790714163,0,306480,0,474.62,1100.37,3090431,9999220735,22817013759,36205232127,41775267839,168576,43989860351,12734320065.93,12573857999.22,306480,10,10,10,0,0,0,0,0,0,36037459967,36473667583,36473667583,36206208256.93,1100
1790714164,0,307580,0,475.59,1099.89,3104767,10066329599,22900899839,36406558719,41775267839,168576,43989860351,12821470001.91,12635379146.03,307580,10,10,10,0,0,0,0,0,0,36909875199,37379637247,37379637247,37103026712.20,1100
1790714165,0,308680,0,476.55,1100.25,3121151,10225713151,22951231487,36809211903,41775267839,168576,43989860351,12911092496.13,12701572930.02,308680,10,10,10,0,0,0,0,0,0,37849399295,38218498047,38218498047,37971171380.13,1100
1790714166,0,309230,0,476.66,549.97,3129343,10359930879,23035117567,36876320767,41741713407,168576,43989860351,12956818963.27,12736424408.42,309230,10,10,10,0,0,0,0,0,0,38621151231,38654705663,38654705663,38620175103.07,550
1790714167,0,310330,0,477.62,1099.23,3143679,10393485311,23269998591,37312528383,41741713407,168576,43989860351,13050173590.23,12809826648.13,310330,10,10,10,0,0,0,0,0,0,39124467711,39560675327,39560675327,39293856585.54,1100
1790714168,0,310880,0,477.73,550.40,3149823,10385096703,23253221375,37312528383,41741713407,168576,43989860351,13031017001.02,12806576963.40,310880,10,10,10,0,0,0,0,0,0,2222981119,2248146943,2250244095,2222172763.23,550
1790714169,0,311430,0,477.85,550.06,3155967,10359930879,23219666943,37312528383,41741713407,168576,43989860351,13012806840.83,12802585886.35,311430,10,10,10,0,0,0,0,0,0,2720006143,2745171967,2747269119,2719762111.77,550
1790714170,0,312530,0,478.80,1099.29,3172351,10108272639,23119003647,37312528383,41741713407,168576,43989860351,12978996380.76,12792698944.65,312530,10,10,10,0,0,0,0,0,0,3202351103,3661627391,3663724543,3406640399.83,1100
1790714171,0,313630,0,479.75,1100.17,3188735,10024386559,23035117567,37278973951,41741713407,168576,43989860351,12948148904.89,12780831552.40,313630,10,10,10,0,0,0,0,0,0,4016046079,4404019199,4408213503,4183820146.50,1100
1790714172,0,314730,0,480.70,1100.28,3203071,9957277695,22984785919,37278973951,41741713407,168576,43989860351,12920346462.60,12767118179.01,314730,10,10,10,0,0,0,0,0,0,4798283775,5242879999,5247074303,4993364668.04,1100
1790714173,0,315830,0,481.64,1099.37,3215359,9923723263,22934454271,37278973951,41741713407,168576,43989860351,12895905704.72,12751576330.91,315830,10,10,10,0,0,0,0,0,0,5700059135,6157238271,6161432575,5902960498.50,1100
1790714174,0,316930,0,482.58,1100.78,3227647,9848225791,22917677055,37278973951,41741713407,168576,43989860351,12874491834.53,12734603942.61,316930,10,10,10,0,0,0,0,0,0,6555697151,6949961727,6954156031,6726180357.59,1100
1790714175,0,318030,0,483.52,1099.50,3237887,9646899199,22900899839,37245419519,41741713407,168576,43989860351,12856280158.71,12716326588.47,318030,10,10,10,0,0,0,0,0,0,7411335167,7860125695,7864319999,7609165235.67,1100
1790714176,0,319130,0,484.46,1099.75,3248127,9571401727,22900899839,36909875199,41741713407,168576,43989860351,12840932786.60,12697079813.94,319130,10,10,10,0,0,0,0,0,0,8225030143,8640266239,8640266239,8403728465.92,1100
1790714177,0,319680,0,484.56,550.03,3252223,9521070079,22884122623,36909875199,41741713407,168576,43989860351,12834473937.33,12687106631.51,319680,10,10,10,0,0,0,0,0,0,9093251071,9110028287,9118416895,9086814721.86,550
1790714178,0,320780,0,485.49,1100.52,3264511,9571401727,22850568191,36909875199,41741713407,168576,43989860351,12823974516.96,12666605660.13,320780,10,10,10,0,0,0,0,0,0,9596567551,10007609343,10007609343,9772652059.93,1100
1790714179,0,321880,0,486.42,1100.12,3276799,9604956159,22817013759,36909875199,41741713407,168576,43989860351,12816508463.50,12645594055.39,321880,10,10,10,0,0,0,0,0,0,10427039743,10905190399,10905190399,10639271526.40,1100
1790714180,0,322980,0,487.34,1099.48,3293183,9705619455,22733127679,36909875199,41741713407,168576,43989860351,12812343520.01,12624250326.98,322980,10,10,10,0,0,0,0,0,0,11383341055,11853103103,11861491711,11593605328.52,1100
1790714181,0,323530,0,487.44,550.40,3299327,9848225791,22666018815,36909875199,41741713407,168576,43989860351,12811484961.35,12613532343.26,323530,10,10,10,0,0,0,0,0,0,12314476543,12331253759,12339642367,12307308097.16,550
1790714182,0,324630,0,488.36,1099.81,3315711,9923723263,22565355519,36909875199,41708158975,168576,43989860351,12811903427.32,12592151833.41,324630,10,10,10,0,0,0,0,0,0,12759072767,13170114559,13170114559,12934981877.76,1100
1790714183,0,326224,0,490.02,1594.43,3350527,9974054911,22481469439,36876320767,41708158975,168576,43989860351,12817004265.33,12561578164.88,326224,10,10,10,0,0,0,0,0,0,13891534847,14243856383,14252244991,13855828006.54,1594
1790714184,0,327380,0,491.02,1155.36,3377151,9999220735,22464692223,36876320767,41708158975,168576,43989860351,12823475205.86,12539856017.95,327380,10,10,10,0,0,0,0,0,0,14562623487,14839447551,14839447551,14649579101.90,1156
1790714185,0,329030,0,492.75,1649.26,3411967,10108272639,22447915007,36876320767,41708158975,168576,43989860351,12835879381.37,12509600108.57,329030,10,10,10,0,0,0,0,0,0,15300820991,15518924799,15527313407,15297018156.37,1650
1790714186,0,331123,0,495.15,2095.06,3444735,10385096703,22397583359,36876320767,41406169087,168576,43989860351,12855404020.52,12472415605.91,331123,10,10,10,0,0,0,0,0,0,15871246335,16257122303,16265510911,15924774312.18,2093
1790714187,0,332880,0,497.03,1755.19,3473407,10418651135,22347251711,36876320767,41406169087,168576,43989860351,12875256148.46,12442449449.34,332880,10,10,10,0,0,0,0,0,0,16651386879,16869490687,16877879295,16616574395.52,1757
1790714188,0,334530,0,498.75,1650.67,3495935,10485759999,22213033983,36876320767,41406169087,168576,43989860351,12896879520.75,12415531842.76,334530,10,10,10,0,0,0,0,0,0,17263755263,17498636287,17498636287,17259296591.75,1650
1790714189,0,336180,0,500.46,1650.38,3520511,10770972671,22045261823,36842766335,41406169087,168576,43989860351,12921237077.38,12389887007.67,336180,10,10,10,0,0,0,0,0,0,17867735039,18085838847,18102616063,17859620968.26,1650
1790714190,0,338380,0,502.99,2198.71,3555327,10863247359,21994930175,36842766335,41406169087,168576,43989860351,12957308952.44,12357598864.53,338380,10,10,10,0,0,0,0,0,0,18438160383,18706595839,18723373055,18469419387.81,2200
1790714191,0,341071,0,506.24,2693.69,3590143,10997465087,21944598527,36809211903,41406169087,168576,43989860351,13005331664.90,12320534529.55,341071,10,10,10,0,0,0,0,0,0,19058917375,19277021183,19277021183,19043951301.30,2691
1790714192,0,343880,0,509.65,2807.69,3629055,11299454975,21860712447,36809211903,41406169087,168576,43989860351,13058258005.32,12283967044.88,343880,10,10,10,0,0,0,0,0,0,19511902207,19629342719,19629342719,19484616087.92,2809
1790714193,0,346630,0,512.96,2748.82,3672063,11374952447,21625831423,36775657471,41372614655,168576,43989860351,13112195073.71,12250004761.83,346630,10,10,10,0,0,0,0,0,0,19864223743,20048773119,20065550335,19856878373.79,2750
1790714194,0,349413,0,516.32,2785.44,3772415,11660165119,21558722559,36775657471,41372614655,168576,43989860351,13169280100.25,12217749711.60,349413,10,10,10,0,0,0,0,0,0,20283654143,20468203519,20568866815,20279370920.15,2783
1790714195,0,353823,0,522.07,4410.12,4085759,11878268927,21424504831,36473667583,41372614655,168576,43989860351,13262238818.08,12169535135.91,353823,10,10,10,0,0,0,0,0,0,20635975679,20719861759,20736638975,20627541419.71,4410
1790714196,0,357810,0,527.17,3986.68,4386815,12205424639,21206401023,36440113151,41372614655,168576,43989860351,13345425589.47,12126892472.56,357810,10,10,10,0,0,0,0,0,0,20719861759,20854079487,20870856703,20727766450.31,3987
1790714197,0,363659,0,535.00,5849.29,4878335,12616466431,21038628863,36373004287,41339060223,168576,43989860351,13466364397.40,12066111338.50,363659,10,10,10,0,0,0,0,0,0,20887633919,20954742783,20988297215,20864742729.66,5849
1790714198,0,371560,0,545.82,7899.76,24428543,12926844927,20921188351,36339449855,41305505791,168576,43989860351,13553888161.19,11970506227.93,371560,10,10,10,0,0,0,0,0,0,20417871871,20686307327,20719861759,17582340814.78,7901
1790714199,0,372850,0,546.91,1289.84,29360127,12809404415,20921188351,36339449855,41305505791,168576,43989860351,13515197556.62,11968243532.61,372850,10,10,10,0,0,0,0,0,0,2319450111,5150605311,5398069247,2371103732.49,1290
1790714200,0,373050,0,546.40,200.00,24428543,12792627199,20904411135,36339449855,41305505791,168576,43989860351,13507952818.57,11969123081.04,373050,10,10,10,0,0,0,0,0,0,1836031,3475455,3512319,1949898.24,200
1790714201,0,373250,0,545.90,199.87,21839871,12775849983,20904411135,36305895423,41305505791,168576,43989860351,13500715894.16,11969997188.56,373250,10,10,10,0,0,0,0,0,0,2071551,3491839,5218303,2042644.48,200
1790714202,0,373450,0,545.39,200.01,15106047,12750684159,20904411135,36305895423,41305505791,168576,43989860351,13493486660.45,11970865996.51,373450,10,10,10,0,0,0,0,0,0,1815551,3473407,3495935,1929248.00,200
1790714203,0,373650,0,544.89,200.05,9641983,12750684159,20904411135,36305895423,41305505791,168576,43989860351,13486265274.67,11971729330.46,373650,10,10,10,0,0,0,0,0,0,1921023,3491839,5361663,2132688.64,200
1790714204,0,373850,0,544.39,200.03,6078463,12742295551,20904411135,36305895423,41305505791,168576,43989860351,13479051512.39,11972587445.74,373850,10,10,10,0,0,0,0,0,0,1804287,3485695,3510271,1940120.32,200
1790714205,0,374050,0,543.88,200.01,5689343,12733906943,20904411135,36305895423,41305505791,168576,43989860351,13471845454.42,11973440253.93,374050,10,10,10,0,0,0,0,0,0,1823743,3485695,3512319,1921602.56,200
1790714206,0,374250,0,543.39,199.92,5505023,12725518335,20904411135,36305895423,41305505791,168576,43989860351,13464647135.35,11974287718.75,374250,10,10,10,0,0,0,0,0,0,1919999,3500031,4218879,1990892.80,200
1790714207,0,374450,0,542.89,199.96,5365759,12717129727,20904411135,36305895423,41305505791,168576,43989860351,13457456513.76,11975129889.43,374450,10,10,10,0,0,0,0,0,0,1880063,3430399,3647487,2005856.64,200
1790714208,0,374650,0,542.39,200.10,5267455,12708741119,20904411135,36305895423,41305505791,168576,43989860351,13450273444.39,11975966931.60,374650,10,10,10,0,0,0,0,0,0,1820671,3061759,3516415,1771816.96,200
1790714209,0,374850,0,541.90,199.94,5185535,12700352511,20904411135,36305895423,41305505791,168576,43989860351,13443098111.76,11976798640.53,374850,10,10,10,0,0,0,0,0,0,1836031,3338239,3600383,1906259.84,200
1790714210,0,375050,0,541.40,200.02,5099519,12675186687,20904411135,36305895423,41305505791,168576,43989860351,13435930447.95,11977625095.05,375050,10,10,10,0,0,0,0,0,0,1973247,3344383,3616767,1936554.88,200
1790714211,0,375250,0,540.91,200.06,5025791,12666798079,20904411135,36305895423,41305505791,168576,43989860351,13428770432.33,11978446320.82,375250,10,10,10,0,0,0,0,0,0,1960959,3530751,3733503,1951146.88,200
1790714212,0,375450,0,540.42,199.89,4952063,12658409471,20904411135,36305895423,41305505791,168576,43989860351,13421618022.07,11979262368.34,375450,10,10,10,0,0,0,0,0,0,1866751,3346431,3592191,1908271.36,200
1790714213,0,375650,0,539.93,200.00,4894719,12650020863,20904411135,36305895423,41305505791,168576,43989860351,13414473303.33,11980073143.64,375650,10,10,10,0,0,0,0,0,0,1866751,3383295,3598335,2050049.28,200
1790714214,0,375850,0,539.44,200.06,4833279,12641632255,20904411135,36305895423,41305505791,168576,43989860351,13407336115.14,11980878829.26,375850,10,10,10,0,0,0,0,0,0,1888255,3321855,3633151,1912394.24,200
1790714215,0,376050,0,538.96,199.97,4780031,12633243647,20887633919,36305895423,41305505791,168576,43989860351,13400206528.87,11981679347.73,376050,10,10,10,0,0,0,0,0,0,1861631,3514367,3573759,1931539.20,200
1790714216,0,376250,0,538.47,200.08,4730879,12633243647,20887633919,36305895423,41305505791,168576,43989860351,13393084503.69,11982474747.14,376250,10,10,10,0,0,0,0,0,0,1851391,3383295,3590143,1896657.92,200
1790714217,0,376450,0,537.99,200.02,4681727,12624855039,20887633919,36305895423,41305505791,168576,43989860351,13385970079.03,11983264985.79,376450,10,10,10,0,0,0,0,0,0,1868799,3381247,3620863,1958689.28,200
1790714218,0,376650,0,537.50,199.98,4624383,12616466431,20887633919,36305895423,41305505791,168576,43989860351,13378863191.76,11984050136.55,376650,10,10,10,0,0,0,0,0,0,1884159,3540991,3608575,1924618.24,200
1790714219,0,376850,0,537.02,199.91,4571135,12608077823,20887633919,36305895423,41305505791,168576,43989860351,13371763832.56,11984830212.14,376850,10,10,10,0,0,0,0,0,0,1862655,3305471,3600383,1895616.00,200
1790714220,0,377050,0,536.54,200.00,4526079,12599689215,20887633919,36305895423,41305505791,168576,43989860351,13364672013.10,11985605201.84,377050,10,10,10,0,0,0,0,0,0,1806335,3438591,3526655,1911202.56,200
1790714221,0,377250,0,536.07,199.97,4476927,12591300607,20887633919,36305895423,41305505791,168576,43989860351,13357587735.39,11986375105.74,377250,10,10,10,0,0,0,0,0,0,1960959,3526655,3973119,1953174.40,200
1790714222,0,377450,0,535.59,200.06,4435967,12582911999,20887633919,36305895423,41305505791,168576,43989860351,13350510928.29,11987140005.37,377450,10,10,10,0,0,0,0,0,0,1809407,3414015,3532799,1883548.16,200
1790714223,0,377650,0,535.11,200.05,4390911,12566134783,20887633919,36305895423,41305505791,168576,43989860351,13343441717.77,11987899762.87,377650,10,10,10,0,0,0,0,0,0,1816575,3444735,3516415,2074163.20,200
1790714224,0,377850,0,534.64,200.03,4349951,12549357567,20887633919,36305895423,41305505791,168576,43989860351,13336379917.90,11988654587.24,377850,10,10,10,0,0,0,0,0,0,1843199,3465215,3514367,1936302.08,200
1790714225,0,378050,0,534.17,199.86,4300799,12515803135,20887633919,36305895423,41305505791,168576,43989860351,13329325586.24,11989404416.69,378050,10,10,10,0,0,0,0,0,0,1805311,3457023,3475455,1929511.68,200
1790714226,0,378250,0,533.69,200.00,4243455,12490637311,20887633919,36272340991,41305505791,168576,43989860351,13322278727.08,11990149248.66,378250,10,10,10,0,0,0,0,0,0,1822719,3485695,3526655,1953195.52,200
1790714227,0,378450,0,533.22,200.03,4202495,12465471487,20887633919,36272340991,41305505791,168576,43989860351,13315239331.21,11990889095.61,378450,10,10,10,0,0,0,0,0,0,1809407,3502079,3553279,1981891.84,200
1790714228,0,378650,0,532.76,200.00,4157439,12448694271,20887633919,36272340991,41305505791,168576,43989860351,13308207355.22,11991624007.88,378650,10,10,10,0,0,0,0,0,0,1812479,3514367,3549183,1950785.28,200
1790714229,0,378850,0,532.29,200.04,4120575,12431917055,20887633919,36272340991,41305505791,168576,43989860351,13301182834.67,11992353948.17,378850,10,10,10,0,0,0,0,0,0,1980415,3530751,4722687,2009295.36,200
1790714230,0,379050,0,531.82,200.00,4077567,12406751231,20870856703,36272340991,41305505791,168576,43989860351,13294165649.02,11993079052.25,379050,10,10,10,0,0,0,0,0,0,1797119,3360767,3516415,1861734.40,200
1790714231,0,379250,0,531.36,200.04,4040703,12389974015,20870856703,36272340991,41305505791,168576,43989860351,13287155874.90,11993799237.23,379250,10,10,10,0,0,0,0,0,0,1817599,3403775,3581951,1881472.00,200
1790714232,0,379450,0,530.89,200.05,3999743,12373196799,20870856703,36272340991,41305505791,168576,43989860351,13280153497.66,11994514521.42,379450,10,10,10,0,0,0,0,0,0,1832959,3508223,3635199,1895655.68,200
1790714233,0,379650,0,530.43,199.85,3952639,12356419583,20870856703,36272340991,41305505791,168576,43989860351,13273158559.48,11995224860.35,379650,10,10,10,0,0,0,0,0,0,1851391,3362815,3598335,2012111.36,200
1790714234,0,379850,0,529.97,200.00,3905535,12339642367,20870856703,36272340991,41305505791,168576,43989860351,13266170914.42,11995930417.39,379850,10,10,10,0,0,0,0,0,0,1825791,3391487,3557375,1873670.40,200
1790714235,0,380050,0,529.51,200.12,3860479,12331253759,20870856703,36272340991,41271951359,168576,43989860351,13259190628.54,11996631121.53,380050,10,10,10,0,0,0,0,0,0,1819647,3457023,3571711,1882672.64,200
1790714236,0,380250,0,529.05,199.90,3821567,12322865151,20870856703,36272340991,41271951359,168576,43989860351,13252217705.43,11997326970.84,380250,10,10,10,0,0,0,0,0,0,1891327,3483647,4280319,1920565.76,200
1790714237,0,380450,0,528.60,200.13,3782655,12322865151,20870856703,36272340991,41271951359,168576,43989860351,13245252155.16,11998017956.27,380450,10,10,10,0,0,0,0,0,0,1805311,3483647,3657727,1999705.60,200
1790714238,0,380500,0,527.93,50.00,3770367,12314476543,20870856703,36272340991,41271951359,168576,43989860351,13243511893.96,11998189971.17,380500,10,10,10,0,0,0,0,0,0,1713151,3436543,3481599,1864424.96,50
1790714239,0,380500,0,527.20,0.00,3770367,12314476543,20870856703,36272340991,41271951359,168576,43989860351,13243511893.96,11998189971.17,380500,10,10,10,0,0,0,0,0,0,0,0,0,0.00,0
