timestamp,sent_count,received_count,error_count,total_throughput,interval_throughput,latency_ns_p25,latency_ns_p50,latency_ns_p75,latency_ns_p95,latency_ns_p99,latency_ns_min,latency_ns_max,latency_ns_mean,latency_ns_stddev,latency_sample_count,connections,active_connections,connection_attempts,connection_failures,crashes_injected,reconnects,reconnect_failures,duplicate_count,gap_count,interval_latency_ns_p50,interval_latency_ns_p95,interval_latency_ns_p99,interval_latency_ns_mean,interval_latency_sample_count
1790795793,0,0,0,0.00,0.00,0,0,0,0,0,0,0,0.00,0.00,0,0,0,1,0,0,0,0,0,0,0,0,0,0.00,0
1790795794,0,0,0,0.00,0.00,0,0,0,0,0,0,0,0.00,0.00,0,1,1,1,0,0,0,0,0,0,0,0,0,0.00,0
1790795795,0,0,0,0.00,0.00,0,0,0,0,0,0,0,0.00,0.00,0,1,1,1,0,0,0,0,0,0,0,0,0,0.00,0
1790795796,0,0,0,0.00,0.00,0,0,0,0,0,0,0,0.00,0.00,0,1,1,1,0,0,0,0,0,0,0,0,0,0.00,0
1790795797,0,0,0,0.00,0.00,0,0,0,0,0,0,0,0.00,0.00,0,1,1,1,0,0,0,0,0,0,0,0,0,0.00,0
1790795798,0,0,0,0.00,0.00,0,0,0,0,0,0,0,0.00,0.00,0,1,1,1,0,0,0,0,0,0,0,0,0,0.00,0
1790795799,0,0,0,0.00,0.00,0,0,0,0,0,0,0,0.00,0.00,0,1,1,1,0,0,0,0,0,0,0,0,0,0.00,0
1790795800,0,0,0,0.00,0.00,0,0,0,0,0,0,0,0.00,0.00,0,2,2,2,0,0,0,0,0,0,0,0,0,0.00,0
1790795801,0,0,0,0.00,0.00,0,0,0,0,0,0,0,0.00,0.00,0,2,2,2,0,0,0,0,0,0,0,0,0,0.00,0
1790795802,0,0,0,0.00,0.00,0,0,0,0,0,0,0,0.00,0.00,0,2,2,2,0,0,0,0,0,0,0,0,0,0.00,0
1790795803,0,0,0,0.00,0.00,0,0,0,0,0,0,0,0.00,0.00,0,2,2,2,0,0,0,0,0,0,0,0,0,0.00,0
1790795804,0,0,0,0.00,0.00,0,0,0,0,0,0,0,0.00,0.00,0,2,2,2,0,0,0,0,0,0,0,0,0,0.00,0
1790795805,0,0,0,0.00,0.00,0,0,0,0,0,0,0,0.00,0.00,0,2,2,2,0,0,0,0,0,0,0,0,0,0.00,0
1790795806,0,0,0,0.00,0.00,0,0,0,0,0,0,0,0.00,0.00,0,2,2,2,0,0,0,0,0,0,0,0,0,0.00,0
1790795807,0,0,0,0.00,0.00,0,0,0,0,0,0,0,0.00,0.00,0,3,3,3,0,0,0,0,0,0,0,0,0,0.00,0
1790795808,0,0,0,0.00,0.00,0,0,0,0,0,0,0,0.00,0.00,0,3,3,3,0,0,0,0,0,0,0,0,0,0.00,0
1790795809,0,0,0,0.00,0.00,0,0,0,0,0,0,0,0.00,0.00,0,3,3,3,0,0,0,0,0,0,0,0,0,0.00,0
1790795810,0,0,0,0.00,0.00,0,0,0,0,0,0,0,0.00,0.00,0,3,3,3,0,0,0,0,0,0,0,0,0,0.00,0
1790795811,0,0,0,0.00,0.00,0,0,0,0,0,0,0,0.00,0.00,0,3,3,3,0,0,0,0,0,0,0,0,0,0.00,0
1790795812,0,0,0,0.00,0.00,0,0,0,0,0,0,0,0.00,0.00,0,3,3,3,0,0,0,0,0,0,0,0,0,0.00,0
1790795813,0,0,0,0.00,0.00,0,0,0,0,0,0,0,0.00,0.00,0,3,3,3,0,0,0,0,0,0,0,0,0,0.00,0
1790795814,0,0,0,0.00,0.00,0,0,0,0,0,0,0,0.00,0.00,0,4,4,4,0,0,0,0,0,0,0,0,0,0.00,0
1790795815,0,0,0,0.00,0.00,0,0,0,0,0,0,0,0.00,0.00,0,4,4,4,0,0,0,0,0,0,0,0,0,0.00,0
1790795816,0,0,0,0.00,0.00,0,0,0,0,0,0,0,0.00,0.00,0,4,4,4,0,0,0,0,0,0,0,0,0,0.00,0
1790795817,0,0,0,0.00,0.00,0,0,0,0,0,0,0,0.00,0.00,0,4,4,4,0,0,0,0,0,0,0,0,0,0.00,0
1790795818,0,0,0,0.00,0.00,0,0,0,0,0,0,0,0.00,0.00,0,4,4,4,0,0,0,0,0,0,0,0,0,0.00,0
1790795819,0,0,0,0.00,0.00,0,0,0,0,0,0,0,0.00,0.00,0,4,4,4,0,0,0,0,0,0,0,0,0,0.00,0
1790795820,0,0,0,0.00,0.00,0,0,0,0,0,0,0,0.00,0.00,0,5,5,5,0,0,0,0,0,0,0,0,0,0.00,0
1790795821,0,0,0,0.00,0.00,0,0,0,0,0,0,0,0.00,0.00,0,5,5,5,0,0,0,0,0,0,0,0,0,0.00,0
1790795822,0,0,0,0.00,0.00,0,0,0,0,0,0,0,0.00,0.00,0,5,5,5,0,0,0,0,0,0,0,0,0,0.00,0
1790795823,0,0,0,0.00,0.00,0,0,0,0,0,0,0,0.00,0.00,0,5,5,5,0,0,0,0,0,0,0,0,0,0.00,0
1790795824,0,0,0,0.00,0.00,0,0,0,0,0,0,0,0.00,0.00,0,5,5,5,0,0,0,0,0,0,0,0,0,0.00,0
1790795825,0,0,0,0.00,0.00,0,0,0,0,0,0,0,0.00,0.00,0,5,5,5,0,0,0,0,0,0,0,0,0,0.00,0
1790795826,0,0,0,0.00,0.00,0,0,0,0,0,0,0,0.00,0.00,0,5,5,5,0,0,0,0,0,0,0,0,0,0.00,0
1790795827,0,0,0,0.00,0.00,0,0,0,0,0,0,0,0.00,0.00,0,6,6,6,0,0,0,0,0,0,0,0,0,0.00,0
1790795828,0,0,0,0.00,0.00,0,0,0,0,0,0,0,0.00,0.00,0,6,6,6,0,0,0,0,0,0,0,0,0,0.00,0
1790795829,0,0,0,0.00,0.00,0,0,0,0,0,0,0,0.00,0.00,0,6,6,6,0,0,0,0,0,0,0,0,0,0.00,0
1790795830,0,0,0,0.00,0.00,0,0,0,0,0,0,0,0.00,0.00,0,6,6,6,0,0,0,0,0,0,0,0,0,0.00,0
1790795831,0,0,0,0.00,0.00,0,0,0,0,0,0,0,0.00,0.00,0,6,6,6,0,0,0,0,0,0,0,0,0,0.00,0
1790795832,0,0,0,0.00,0.00,0,0,0,0,0,0,0,0.00,0.00,0,6,6,6,0,0,0,0,0,0,0,0,0,0.00,0
1790795833,0,0,0,0.00,0.00,0,0,0,0,0,0,0,0.00,0.00,0,6,6,6,0,0,0,0,0,0,0,0,0,0.00,0
1790795834,0,0,0,0.00,0.00,0,0,0,0,0,0,0,0.00,0.00,0,7,7,7,0,0,0,0,0,0,0,0,0,0.00,0
1790795835,0,0,0,0.00,0.00,0,0,0,0,0,0,0,0.00,0.00,0,7,7,7,0,0,0,0,0,0,0,0,0,0.00,0
1790795836,0,0,0,0.00,0.00,0,0,0,0,0,0,0,0.00,0.00,0,7,7,7,0,0,0,0,0,0,0,0,0,0.00,0
1790795837,0,0,0,0.00,0.00,0,0,0,0,0,0,0,0.00,0.00,0,7,7,7,0,0,0,0,0,0,0,0,0,0.00,0
1790795838,0,0,0,0.00,0.00,0,0,0,0,0,0,0,0.00,0.00,0,7,7,7,0,0,0,0,0,0,0,0,0,0.00,0
1790795839,0,0,0,0.00,0.00,0,0,0,0,0,0,0,0.00,0.00,0,7,7,7,0,0,0,0,0,0,0,0,0,0.00,0
1790795840,0,0,0,0.00,0.00,0,0,0,0,0,0,0,0.00,0.00,0,8,8,8,0,0,0,0,0,0,0,0,0,0.00,0
1790795841,0,0,0,0.00,0.00,0,0,0,0,0,0,0,0.00,0.00,0,8,8,8,0,0,0,0,0,0,0,0,0,0.00,0
1790795842,0,0,0,0.00,0.00,0,0,0,0,0,0,0,0.00,0.00,0,8,8,8,0,0,0,0,0,0,0,0,0,0.00,0
1790795843,0,0,0,0.00,0.00,0,0,0,0,0,0,0,0.00,0.00,0,8,8,8,0,0,0,0,0,0,0,0,0,0.00,0
1790795844,0,0,0,0.00,0.00,0,0,0,0,0,0,0,0.00,0.00,0,8,8,8,0,0,0,0,0,0,0,0,0,0.00,0
1790795845,0,0,0,0.00,0.00,0,0,0,0,0,0,0,0.00,0.00,0,8,8,8,0,0,0,0,0,0,0,0,0,0.00,0
1790795846,0,0,0,0.00,0.00,0,0,0,0,0,0,0,0.00,0.00,0,8,8,8,0,0,0,0,0,0,0,0,0,0.00,0
1790795847,0,0,0,0.00,0.00,0,0,0,0,0,0,0,0.00,0.00,0,9,9,9,0,0,0,0,0,0,0,0,0,0.00,0
1790795848,0,0,0,0.00,0.00,0,0,0,0,0,0,0,0.00,0.00,0,9,9,9,0,0,0,0,0,0,0,0,0,0.00,0
1790795849,0,0,0,0.00,0.00,0,0,0,0,0,0,0,0.00,0.00,0,9,9,9,0,0,0,0,0,0,0,0,0,0.00,0
1790795850,0,0,0,0.00,0.00,0,0,0,0,0,0,0,0.00,0.00,0,9,9,9,0,0,0,0,0,0,0,0,0,0.00,0
1790795851,0,0,0,0.00,0.00,0,0,0,0,0,0,0,0.00,0.00,0,9,9,9,0,0,0,0,0,0,0,0,0,0.00,0
1790795852,0,0,0,0.00,0.00,0,0,0,0,0,0,0,0.00,0.00,0,9,9,9,0,0,0,0,0,0,0,0,0,0.00,0
1790795853,0,0,0,0.00,0.00,0,0,0,0,0,0,0,0.00,0.00,0,9,9,9,0,0,0,0,0,0,0,0,0,0.00,0
1790795854,0,0,0,0.00,0.00,0,0,0,0,0,0,0,0.00,0.00,0,10,10,10,0,0,0,0,0,0,0,0,0,0.00,0
1790795855,0,169,0,223.63,169.00,5238783,7196671,9691135,18169855,22773759,1341440,27869183,8170771.69,4837335.27,169,10,10,10,0,0,0,0,0,0,7196671,18169855,22773759,8170771.69,169
1790795856,0,370,0,210.63,200.81,3854335,5672959,8351743,15884287,20922367,1341440,27869183,6618376.30,4023708.07,370,10,10,10,0,0,0,0,0,0,4595711,10690559,11911167,5313128.44,201
1790795857,0,568,0,206.08,198.08,3651583,5689343,8376319,17629183,22233087,888832,27869183,6829848.79,4496990.36,568,10,10,10,0,0,0,0,0,0,5709823,19300351,25542655,7225024.65,198
1790795858,0,770,0,205.01,202.05,3688447,5566463,8187903,17629183,21823487,888832,27869183,6755272.48,4504059.69,770,10,10,10,0,0,0,0,0,0,5324799,17416191,21250047,6545572.75,202
1790795859,0,970,0,203.93,199.87,3139583,4993023,7368703,16531455,20922367,888832,27869183,6082609.88,4332888.91,970,10,10,10,0,0,0,0,0,0,2715647,7315455,10379263,3492858.88,200
1790795860,0,1170,0,203.27,200.15,3098623,4931583,7315455,16318463,21823487,888832,27869183,6014875.57,4355932.50,1170,10,10,10,0,0,0,0,0,0,4390911,11567103,26345471,5686364.16,200
1790795861,0,1370,0,202.78,199.98,3053567,4673535,7122943,15540223,21823487,888832,28688383,5827545.69,4250040.53,1370,10,10,10,0,0,0,0,0,0,3821567,8863743,19808255,4731665.92,200
1790795862,0,1570,0,202.42,199.94,2920447,4587519,7254015,15450111,21250047,888832,28688383,5826293.73,4294408.00,1570,10,10,10,0,0,0,0,0,0,3616767,15056895,19693567,5817717.76,200
1790795863,0,1770,0,202.14,199.95,2844671,4534271,7254015,15482879,20922367,888832,28688383,5795925.48,4309010.27,1770,10,10,10,0,0,0,0,0,0,3536895,15482879,18677759,5557534.72,200
1790795864,0,1970,0,201.92,199.99,2740223,4366335,7053311,14876671,20561919,888832,28688383,5632207.53,4180422.46,1970,10,10,10,0,0,0,0,0,0,3627007,8798207,11296767,4183303.68,200
1790795865,0,2170,0,201.74,200.00,2701311,4304895,6856703,14237695,20479999,808960,28688383,5507627.41,4076325.53,2170,10,10,10,0,0,0,0,0,0,3790847,9027583,11517951,4280513.28,200
1790795866,0,2370,0,201.59,200.06,2557951,4145151,6709247,13402111,20316159,808960,28688383,5347901.68,4020848.38,2370,10,10,10,0,0,0,0,0,0,2392063,9469951,14090239,3614877.44,200
1790795867,0,2570,0,201.48,200.11,2539519,4134911,6655999,12951551,20103167,808960,28688383,5274241.00,3937204.13,2570,10,10,10,0,0,0,0,0,0,3667967,9125887,10682367,4401361.92,200
1790795868,0,2770,0,201.36,199.83,2541567,4141055,6672383,12763135,19955711,808960,28688383,5253429.05,3876677.14,2770,10,10,10,0,0,0,0,0,0,4222975,10043391,14761983,4985995.52,200
1790795869,0,2970,0,201.27,200.05,2516991,4073471,6508543,12500991,19890175,808960,28688383,5152735.16,3808666.89,2970,10,10,10,0,0,0,0,0,0,3287039,7913471,12500991,3758124.80,200
1790795870,0,3166,0,200.93,195.99,2535423,4085759,6389759,12058623,19857407,808960,28688383,5104175.30,3725870.84,3166,10,10,10,0,0,0,0,0,0,4151295,7716863,11206655,4368344.82,196
1790795871,0,3370,0,201.12,204.01,2512895,3983359,6283263,11911167,19709951,808960,28688383,5018121.80,3664718.02,3370,10,10,10,0,0,0,0,0,0,3192831,7151615,13565951,3682605.18,204
1790795872,0,3570,0,201.06,200.05,2484223,3936255,6217727,11747327,19677183,808960,28688383,4957643.08,3625045.21,3570,10,10,10,0,0,0,0,0,0,3194879,9584639,13647871,3938576.64,200
1790795873,0,3770,0,201.00,199.98,2437119,3866623,6143999,11542527,19595263,808960,28688383,4889396.42,3573621.44,3770,10,10,10,0,0,0,0,0,0,2637823,7942143,8855551,3671193.60,200
1790795874,0,3970,0,200.95,199.97,2416639,3823615,6111231,11452415,19300351,808960,28688383,4841696.92,3534729.65,3970,10,10,10,0,0,0,0,0,0,2975743,9699327,12451839,3942561.28,200
1790795875,0,4170,0,200.91,200.06,2381823,3762175,6041599,11362303,19021823,808960,28688383,4783909.82,3509981.70,4170,10,10,10,0,0,0,0,0,0,2664447,8945663,14729215,3636835.84,200
1790795876,0,4370,0,200.86,200.01,2347007,3696639,5967871,11255807,18907135,808960,28688383,4725275.94,3483803.18,4370,10,10,10,0,0,0,0,0,0,2506751,9527295,12050431,3502759.68,200
1790795877,0,4570,0,200.83,200.00,2318335,3672063,5992447,11247615,18890751,808960,28688383,4709680.90,3477342.04,4570,10,10,10,0,0,0,0,0,0,2744319,10747903,14934015,4368929.28,200
1790795878,0,4770,0,200.79,199.85,2334719,3721215,6025215,11214847,18677759,808960,28688383,4732339.41,3454011.70,4770,10,10,10,0,0,0,0,0,0,4878335,10690559,13139967,5250086.40,200
1790795879,0,4970,0,200.76,200.06,2351103,3768319,6053887,11206655,18644991,808960,28688383,4753369.42,3436645.40,4970,10,10,10,0,0,0,0,0,0,4714495,10625023,12795903,5254935.04,200
1790795880,0,5170,0,200.73,200.03,2342911,3778559,6119423,11214847,18644991,808960,28688383,4777161.93,3451118.29,5170,10,10,10,0,0,0,0,0,0,4382719,11386879,16596991,5368405.76,200
1790795881,0,5370,0,200.70,199.98,2357247,3821567,6156287,11296767,18644991,808960,28688383,4802803.70,3453494.33,5370,10,10,10,0,0,0,0,0,0,4567039,11788287,18219007,5465643.52,200
1790795882,0,5570,0,200.68,200.02,2363391,3784703,6111231,11214847,18284543,808960,28688383,4778336.93,3423014.84,5570,10,10,10,0,0,0,0,0,0,3430399,9306111,12394495,4121404.16,200
1790795883,0,5770,0,200.65,200.07,2334719,3747839,6057983,11157503,18219007,808960,28688383,4730600.93,3395974.29,5770,10,10,10,0,0,0,0,0,0,2447359,7487487,8503295,3401153.28,200
1790795884,0,5970,0,200.63,199.88,2312191,3717119,6012927,11157503,18399231,808960,34308095,4708945.30,3455024.96,5970,10,10,10,0,0,0,0,0,0,2476031,10084351,30965759,4084180.48,200
1790795885,0,6170,0,200.61,200.04,2293759,3682303,5963775,11026431,18235391,808960,34308095,4667196.37,3424268.40,6170,10,10,10,0,0,0,0,0,0,2799615,7004159,9396223,3420990.72,200
1790795886,0,6363,0,200.37,193.04,2277375,3661823,5955583,11059199,18644991,808960,34308095,4661036.98,3450520.85,6363,10,10,10,0,0,0,0,0,0,2596863,14344191,21807103,4464128.00,193
1790795887,0,6570,0,200.57,207.04,2265087,3667967,5988351,11157503,18841599,808960,34308095,4672066.90,3465271.90,6570,10,10,10,0,0,0,0,0,0,3858431,11911167,20660223,5011117.14,207
1790795888,0,6770,0,200.55,199.83,2260991,3651583,5980159,11157503,18841599,808960,34308095,4667527.68,3467958.12,6770,10,10,10,0,0,0,0,0,0,2955263,11100159,15712255,4518414.08,200
1790795889,0,6966,0,200.43,196.13,2250751,3665919,6017023,11141119,18808831,808960,34308095,4676916.81,3474754.78,6966,10,10,10,0,0,0,0,0,0,4550655,11026431,18808831,5001225.14,196
1790795890,0,7170,0,200.53,204.05,2242559,3629055,6000639,11100159,18644991,808960,34308095,4655787.92,3461188.16,7170,10,10,10,0,0,0,0,0,0,2916351,10338303,13492223,3934298.35,204
1790795891,0,7370,0,200.51,199.86,2254847,3680255,6037503,11157503,18464767,808960,34308095,4686140.79,3458231.35,7370,10,10,10,0,0,0,0,0,0,5038079,12165119,14983167,5774291.20,200
1790795892,0,7570,0,200.49,199.98,2279423,3725311,6053887,11026431,18284543,808960,34308095,4701777.57,3433102.36,7570,10,10,10,0,0,0,0,0,0,4747263,9846783,11026431,5277992.96,200
1790795893,0,7770,0,200.49,200.13,2291711,3747839,6070271,11026431,18219007,808960,34308095,4711896.33,3414134.30,7770,10,10,10,0,0,0,0,0,0,4481023,10444799,12140543,5094891.52,200
1790795894,0,7960,0,200.22,189.95,2291711,3758079,6098943,11075583,18169855,808960,34308095,4729418.03,3424262.48,7960,10,10,10,0,0,0,0,0,0,4374527,12238847,16662527,5445963.45,190
1790795895,0,8170,0,200.46,209.91,2299903,3762175,6086655,11075583,18202623,808960,34308095,4731526.92,3422352.14,8170,10,10,10,0,0,0,0,0,0,3885055,9904127,18202623,4811463.92,210
1790795896,0,8370,0,200.45,200.15,2289663,3764223,6123519,11214847,18202623,808960,34308095,4748656.62,3448999.51,8370,10,10,10,0,0,0,0,0,0,3792895,13230079,17940479,5448404.48,200
1790795897,0,8570,0,200.44,199.97,2281471,3745791,6107135,11173887,18120703,808960,34308095,4732640.31,3434828.82,8570,10,10,10,0,0,0,0,0,0,2895871,9486335,12197887,4062357.76,200
1790795898,0,8770,0,200.43,199.86,2267135,3717119,6086655,11157503,18055167,808960,34308095,4709041.89,3419886.25,8770,10,10,10,0,0,0,0,0,0,2590719,8560639,11739135,3697849.60,200
1790795899,0,8970,0,200.42,200.12,2250751,3667967,6053887,11157503,18235391,808960,34308095,4691452.06,3475688.13,8970,10,10,10,0,0,0,0,0,0,2324479,9011199,30883839,3920138.24,200
1790795900,0,9170,0,200.41,199.91,2230271,3610623,6004735,11149311,18399231,808960,34308095,4662226.10,3485888.86,9170,10,10,10,0,0,0,0,0,0,2299903,10280959,23052287,3351441.92,200
1790795901,0,9370,0,200.40,200.08,2213887,3575807,5959679,11075583,18235391,808960,34308095,4629860.30,3467141.71,9370,10,10,10,0,0,0,0,0,0,2494463,6443007,11395071,3145888.00,200
1790795902,0,9570,0,200.39,199.92,2205695,3569663,5959679,11042815,18219007,800256,34308095,4620212.08,3459756.45,9570,10,10,10,0,0,0,0,0,0,2992127,9101311,14344191,4168193.28,200
1790795903,0,9770,0,200.38,200.01,2205695,3600383,6004735,11100159,18169855,800256,34308095,4643714.99,3466078.71,9770,10,10,10,0,0,0,0,0,0,5595135,11952127,14917631,5768328.96,200
1790795904,0,9970,0,200.38,200.07,2191359,3561471,5984255,11132927,18464767,789504,34308095,4629869.02,3492122.10,9970,10,10,10,0,0,0,0,0,0,2326527,12361727,23740415,3953493.76,200
1790795905,0,10162,0,200.21,192.09,2177023,3522559,5963775,11132927,18284543,789504,34308095,4608396.70,3489237.30,10162,10,10,10,0,0,0,0,0,0,2207743,11288575,13983743,3493401.33,192
1790795906,0,10370,0,200.36,207.93,2181119,3530751,5967871,11141119,18284543,789504,34308095,4612159.07,3489356.36,10370,10,10,10,0,0,0,0,0,0,3938303,11591679,17022975,4795972.92,208
1790795907,0,10570,0,200.35,199.86,2181119,3528703,5959679,11100159,18219007,789504,34308095,4602902.06,3475580.35,10570,10,10,10,0,0,0,0,0,0,3301375,9330687,12468223,4122926.08,200
1790795908,0,10770,0,200.35,200.03,2189311,3547135,5955583,11026431,18169855,789504,34308095,4602792.93,3456803.02,10770,10,10,10,0,0,0,0,0,0,4390911,9224191,11526143,4597025.28,200
1790795909,0,10970,0,200.34,200.06,2191359,3579903,5971967,11124735,18202623,789504,34308095,4619263.98,3464175.04,10970,10,10,10,0,0,0,0,0,0,5079039,12451839,19382271,5506229.76,200
1790795910,0,11170,0,200.34,200.08,2199551,3600383,5976063,11100159,18169855,789504,34308095,4624942.07,3457503.04,11170,10,10,10,0,0,0,0,0,0,4288511,10534911,15269887,4936385.28,200
1790795911,0,11370,0,200.33,199.87,2201599,3610623,5976063,11026431,18087935,789504,34308095,4620603.60,3440348.80,11370,10,10,10,0,0,0,0,0,0,4186111,8527871,10158079,4378300.16,200
1790795912,0,11570,0,200.33,200.09,2201599,3620863,5988351,10985471,18055167,789504,34308095,4622806.12,3429811.80,11570,10,10,10,0,0,0,0,0,0,4841471,9363455,12156927,4748019.20,200
1790795913,0,11770,0,200.32,200.01,2205695,3649535,6012927,11100159,18055167,789504,34308095,4646139.54,3442140.95,11770,10,10,10,0,0,0,0,0,0,4947967,12820479,16424959,5995978.24,200
1790795914,0,11970,0,200.31,199.98,2207743,3659775,6029311,11100159,17940479,789504,34308095,4651185.83,3434200.37,11970,10,10,10,0,0,0,0,0,0,4304895,11124735,11870207,4948160.00,200
1790795915,0,12190,0,200.64,219.90,2213887,3680255,6045695,11214847,19300351,789504,44171263,4722992.30,3739199.94,12190,10,10,10,0,0,0,0,0,0,4882431,39419903,42729471,8629917.09,220
1790795916,0,12388,0,200.60,198.10,2224127,3706879,6094847,11362303,19267583,789504,44171263,4765083.82,3763089.94,12388,10,10,10,0,0,0,0,0,0,6885375,14516223,18366463,7356475.47,198
1790795917,0,12590,0,200.62,201.95,2236415,3731455,6082559,11337727,19021823,789504,44171263,4762040.59,3740236.00,12590,10,10,10,0,0,0,0,0,0,4489215,8163327,9748479,4575409.43,202
1790795918,0,12788,0,200.58,198.10,2244607,3747839,6078463,11304959,18907135,789504,44171263,4759443.12,3721112.28,12788,10,10,10,0,0,0,0,0,0,4292607,8323071,12361727,4594280.73,198
1790795919,0,12990,0,200.60,201.84,2246655,3758079,6090751,11272191,18890751,789504,44171263,4762001.52,3711364.01,12990,10,10,10,0,0,0,0,0,0,4098047,10231807,13082623,4923966.10,202
1790795920,0,13186,0,200.53,196.16,2242559,3737599,6090751,11255807,18841599,789504,44171263,4753453.10,3701197.58,13186,10,10,10,0,0,0,0,0,0,2992127,10313727,13418495,4186902.20,196
1790795921,0,13387,0,200.54,200.87,2236415,3733503,6098943,11239423,18808831,789504,44171263,4750423.87,3694884.45,13387,10,10,10,0,0,0,0,0,0,3162111,10526719,11706367,4551700.38,201
1790795922,0,13590,0,200.57,203.08,2242559,3735551,6082559,11206655,18644991,789504,44171263,4742435.49,3678810.25,13590,10,10,10,0,0,0,0,0,0,3823615,8478719,12107775,4215635.23,203
1790795923,0,13790,0,200.56,200.00,2242559,3741695,6094847,11239423,18464767,789504,44171263,4751220.25,3679093.39,13790,10,10,10,0,0,0,0,0,0,4411391,12156927,16097279,5348144.64,200
1790795924,0,13990,0,200.55,199.87,2244607,3745791,6107135,11247615,18399231,789504,44171263,4756105.88,3677850.84,13990,10,10,10,0,0,0,0,0,0,3839999,11919359,17268735,5092970.24,200
1790795925,0,14189,0,200.53,199.11,2252799,3768319,6090751,11214847,18284543,789504,44171263,4754796.52,3659039.11,14189,10,10,10,0,0,0,0,0,0,4448255,8896511,9764863,4662746.69,199
1790795926,0,14390,0,200.54,201.05,2258943,3780607,6086655,11198463,18219007,789504,44171263,4755176.80,3645578.29,14390,10,10,10,0,0,0,0,0,0,4276223,10215423,13410303,4782021.41,201
1790795927,0,14590,0,200.53,199.98,2277375,3801087,6086655,11157503,18169855,789504,44171263,4760853.55,3629230.87,14590,10,10,10,0,0,0,0,0,0,4718591,9330687,11345919,5169295.36,200
1790795928,0,14790,0,200.53,199.94,2279423,3801087,6082559,11149311,18087935,789504,44171263,4757972.83,3618049.82,14790,10,10,10,0,0,0,0,0,0,3932159,9936895,12230655,4547824.64,200
1790795929,0,14990,0,200.52,200.10,2277375,3819519,6098943,11157503,18055167,789504,44171263,4764904.28,3614027.00,14990,10,10,10,0,0,0,0,0,0,5189631,11411455,13402111,5277484.80,200
1790795930,0,15190,0,200.51,200.00,2273279,3819519,6127615,11214847,18169855,789504,44171263,4775636.45,3632952.34,15190,10,10,10,0,0,0,0,0,0,3813375,14065663,23396351,5580012.80,200
1790795931,0,15390,0,200.51,199.95,2269183,3807231,6119423,11173887,18087935,789504,44171263,4766356.19,3621181.63,15390,10,10,10,0,0,0,0,0,0,3174399,8626175,10625023,4061520.64,200
1790795932,0,15590,0,200.50,199.99,2267135,3796991,6107135,11149311,18055167,789504,44171263,4756992.48,3609632.05,15590,10,10,10,0,0,0,0,0,0,3231743,8372223,11542527,4036454.40,200
1790795933,0,15780,0,200.36,189.91,2256895,3776511,6090751,11132927,17989631,789504,44171263,4741682.76,3602155.16,15780,10,10,10,0,0,0,0,0,0,2363391,9928703,12845055,3485480.42,190
1790795934,0,15990,0,200.49,209.99,2258943,3780607,6098943,11173887,17940479,789504,44171263,4750010.00,3606832.30,15990,10,10,10,0,0,0,0,0,0,4243455,13664255,16072703,5375742.78,210
1790795935,0,16189,0,200.47,199.07,2263039,3794943,6107135,11173887,17940479,789504,44171263,4755227.74,3603709.94,16189,10,10,10,0,0,0,0,0,0,4423679,11780095,17137663,5174481.69,199
1790795936,0,16390,0,200.47,200.99,2277375,3829759,6152191,11206655,17891327,789504,44171263,4780266.34,3605284.17,16390,10,10,10,0,0,0,0,0,0,6393855,12967935,14753791,6796932.46,201
1790795937,0,16590,0,200.47,200.08,2285567,3844095,6148095,11206655,17891327,789504,44171263,4786618.64,3599880.95,16590,10,10,10,0,0,0,0,0,0,4734975,10846207,12951551,5307189.76,200
1790795938,0,16790,0,200.46,199.95,2291711,3856383,6143999,11182079,17809407,789504,44171263,4787265.21,3587011.16,16790,10,10,10,0,0,0,0,0,0,4378623,8790015,12763135,4840898.56,200
1790795939,0,16990,0,200.46,200.07,2301951,3866623,6139903,11157503,17678335,789504,44171263,4788560.99,3571635.04,16990,10,10,10,0,0,0,0,0,0,4554751,8626175,11223039,4897341.44,200
1790795940,0,17190,0,200.45,199.94,2316287,3889151,6139903,11149311,17661951,789504,44171263,4797228.99,3563598.70,17190,10,10,10,0,0,0,0,0,0,4927487,10518527,15695871,5533575.68,200
1790795941,0,17390,0,200.45,200.03,2320383,3893247,6127615,11141119,17661951,789504,44171263,4796714.62,3554724.46,17390,10,10,10,0,0,0,0,0,0,4169727,10444799,14770175,4752504.32,200
1790795942,0,17587,0,200.41,196.94,2326527,3899391,6127615,11132927,17547263,789504,44171263,4798830.48,3549810.71,17587,10,10,10,0,0,0,0,0,0,4165631,11124735,16728063,4985606.50,197
1790795943,0,17790,0,200.44,202.99,2330623,3923967,6148095,11165695,17530879,789504,44171263,4813097.10,3548668.76,17790,10,10,10,0,0,0,0,0,0,5455871,13271039,14581759,6049092.10,203
1790795944,0,17990,0,200.43,199.94,2328575,3899391,6123519,11132927,17514495,789504,44171263,4796014.74,3538722.90,17990,10,10,10,0,0,0,0,0,0,2781183,6868991,10239999,3276538.88,200
1790795945,0,18190,0,200.43,200.14,2334719,3917823,6123519,11124735,17416191,789504,44171263,4800430.96,3530691.47,18190,10,10,10,0,0,0,0,0,0,4689919,9830399,14385151,5197670.40,200
1790795946,0,18390,0,200.42,199.89,2340863,3932159,6127615,11132927,17383423,789504,44171263,4807426.67,3527850.06,18390,10,10,10,0,0,0,0,0,0,4730879,12681215,15777791,5443686.40,200
1790795947,0,18590,0,200.42,199.98,2342911,3934207,6127615,11132927,17350655,789504,44171263,4806431.29,3521327.46,18590,10,10,10,0,0,0,0,0,0,4169727,10625023,13426687,4714905.60,200
1790795948,0,18790,0,200.41,200.10,2351103,3942399,6107135,11091967,17301503,789504,44171263,4803657.93,3505985.20,18790,10,10,10,0,0,0,0,0,0,4464639,6946815,8675327,4545873.92,200
1790795949,0,18990,0,200.41,200.02,2361343,3954687,6090751,11051007,17268735,789504,44171263,4800867.68,3490576.28,18990,10,10,10,0,0,0,0,0,0,4333567,7200767,8773631,4538723.84,200
1790795950,0,19184,0,200.34,194.01,2361343,3954687,6086655,11042815,17170431,789504,44171263,4798804.23,3486348.88,19184,10,10,10,0,0,0,0,0,0,3911679,10698751,15974399,4596820.45,194
1790795951,0,19390,0,200.40,205.86,2351103,3940351,6086655,11100159,17514495,789504,44171263,4801470.09,3514762.27,19390,10,10,10,0,0,0,0,0,0,2660351,18759679,26722303,5049731.73,206
1790795952,0,19590,0,200.40,200.09,2351103,3948543,6098943,11124735,17547263,766976,44171263,4809787.33,3522078.42,19590,10,10,10,0,0,0,0,0,0,4689919,12861439,21135359,5616143.36,200
1790795953,0,19790,0,200.39,199.99,2357247,3973119,6115327,11124735,17530879,766976,44171263,4817620.29,3516686.76,19790,10,10,10,0,0,0,0,0,0,5398527,10919935,13582335,5584858.88,200
1790795954,0,19990,0,200.39,200.06,2347007,3954687,6115327,11132927,17514495,766976,44171263,4811879.57,3517506.63,19990,10,10,10,0,0,0,0,0,0,2482175,12058623,14155775,4243834.88,200
1790795955,0,20190,0,200.38,199.90,2342911,3946495,6119423,11165695,17629183,766976,44171263,4815101.40,3533472.38,20190,10,10,10,0,0,0,0,0,0,2988031,16236543,22560767,5137123.84,200
1790795956,0,20390,0,200.38,200.09,2353151,3969023,6127615,11149311,17530879,766976,44171263,4822970.81,3524100.14,20390,10,10,10,0,0,0,0,0,0,5193727,9904127,11878399,5617387.52,200
1790795957,0,20590,0,200.38,199.98,2361343,3983359,6135807,11157503,17563647,766976,44171263,4829638.35,3521216.38,20590,10,10,10,0,0,0,0,0,0,4919295,11608063,18169855,5509393.92,200
1790795958,0,20790,0,200.37,200.00,2363391,3989503,6135807,11141119,17629183,734720,44171263,4831107.66,3519371.62,20790,10,10,10,0,0,0,0,0,0,4472831,9363455,18071551,4982373.12,200
1790795959,0,20990,0,200.37,199.97,2361343,3987455,6127615,11141119,17547263,734720,44171263,4827396.93,3515326.11,20990,10,10,10,0,0,0,0,0,0,3663871,11010047,13729791,4441666.56,200
1790795960,0,21190,0,200.37,200.07,2357247,3971071,6115327,11124735,17530879,734720,44171263,4817179.62,3511975.96,21190,10,10,10,0,0,0,0,0,0,2852863,8953855,16924671,3744872.96,200
1790795961,0,21390,0,200.36,199.86,2349055,3946495,6103039,11141119,17629183,734720,44171263,4809881.61,3519330.97,21390,10,10,10,0,0,0,0,0,0,2613247,13418495,22003711,4036657.92,200
1790795962,0,21590,0,200.36,199.98,2342911,3932159,6086655,11124735,17547263,734720,44171263,4794942.97,3512005.03,21590,10,10,10,0,0,0,0,0,0,2537471,7155711,10895359,3197255.68,200
1790795963,0,21790,0,200.36,200.15,2332671,3921919,6086655,11149311,17629183,734720,44171263,4795919.80,3523518.63,21790,10,10,10,0,0,0,0,0,0,2424831,14934015,19709951,4901368.32,200
1790795964,0,21982,0,200.28,191.99,2332671,3919871,6094847,11149311,17547263,734720,44171263,4795331.24,3520484.70,21982,10,10,10,0,0,0,0,0,0,3530751,11059199,14491647,4728536.00,192
1790795965,0,22190,0,200.35,207.91,2330623,3917823,6094847,11173887,17547263,734720,44171263,4795787.23,3522957.43,22190,10,10,10,0,0,0,0,0,0,3588095,13639679,17006591,4843976.62,208
1790795966,0,22390,0,200.35,200.10,2328575,3917823,6098943,11157503,17530879,734720,44171263,4793772.60,3518779.78,22390,10,10,10,0,0,0,0,0,0,3641343,10502143,13565951,4570250.24,200
1790795967,0,22590,0,200.34,199.86,2326527,3903487,6090751,11132927,17514495,734720,44171263,4784736.52,3510439.36,22590,10,10,10,0,0,0,0,0,0,3205119,7806975,9396223,3773146.88,200
1790795968,0,22790,0,200.34,199.98,2326527,3899391,6090751,11124735,17514495,734720,44171263,4780681.07,3506210.07,22790,10,10,10,0,0,0,0,0,0,3158015,9781247,13156351,4322617.60,200
1790795969,0,22990,0,200.34,200.18,2324479,3899391,6094847,11173887,17514495,734720,44171263,4787317.50,3515456.49,22990,10,10,10,0,0,0,0,0,0,4227071,15155199,19038207,5543539.20,200
1790795970,0,23190,0,200.34,200.00,2324479,3911679,6107135,11173887,17514495,734720,44171263,4790864.39,3510406.34,23190,10,10,10,0,0,0,0,0,0,5087231,10887167,13082623,5198579.20,200
1790795971,0,23390,0,200.33,199.84,2324479,3913727,6123519,11214847,17416191,734720,44171263,4797428.17,3515581.37,23390,10,10,10,0,0,0,0,0,0,4143103,12419071,15843327,5558498.56,200
1790795972,0,23590,0,200.33,200.05,2318335,3913727,6123519,11198463,17383423,734720,44171263,4792934.47,3509029.04,23590,10,10,10,0,0,0,0,0,0,3491839,9191423,11345919,4267395.84,200
1790795973,0,23789,0,200.32,199.08,2310143,3897343,6107135,11173887,17334271,734720,44171263,4779637.46,3502932.98,23789,10,10,10,0,0,0,0,0,0,2277375,8138751,10960895,3203374.31,199
1790795974,0,23990,0,200.32,201.01,2318335,3911679,6111231,11190271,17334271,734720,44171263,4788234.51,3502987.91,23990,10,10,10,0,0,0,0,0,0,4808703,11862015,17285119,5805723.38,201
1790795975,0,24370,0,201.81,379.84,2332671,3981311,6258687,12156927,45711359,734720,163839999,5638882.91,8608160.23,24370,10,10,10,0,0,0,0,0,0,57606143,121110527,149684223,59341659.62,380
1790795976,0,24731,0,203.12,361.12,2347007,4038655,6414335,14024703,283639807,734720,491257855,10626693.36,43445043.38,24731,10,10,10,0,0,0,0,0,0,325844991,479199231,488636415,347338439.98,361
1790795977,0,25199,0,205.28,468.06,2369535,4116479,6606847,21823487,455344127,734720,524550143,18916030.09,74193814.98,25199,10,10,10,0,0,0,0,0,0,441188351,510918655,520093695,456957881.98,468
1790795978,0,25727,0,207.88,527.86,2394111,4188159,6852607,258342911,585629695,734720,701497343,30179067.74,107399560.71,25727,10,10,10,0,0,0,0,0,0,581435391,653787135,667418623,567711806.06,528
1790795979,0,26398,0,211.60,671.01,2428927,4296703,7184383,302776319,581959679,734720,701497343,32678483.57,108944032.81,26398,10,10,10,0,0,0,0,0,0,62619647,395575295,457965567,128509289.68,671
1790795980,0,26918,0,214.05,520.11,2449407,4382719,7458815,288096255,577241087,734720,701497343,33741424.38,108289073.00,26918,10,10,10,0,0,0,0,0,0,78512127,151781375,162791423,87702023.88,520
1790795981,0,27407,0,216.22,488.90,2473983,4472831,7790591,277348351,571473919,734720,701497343,34122977.23,107373549.02,27407,10,10,10,0,0,0,0,0,0,52068351,81068031,88014847,55126330.11,489
1790795982,0,27886,0,218.28,478.99,2500607,4550655,8122367,271056895,569901055,734720,701497343,35869829.20,107374895.32,27886,10,10,10,0,0,0,0,0,0,134610943,196214783,218365951,135819665.90,479
1790795983,0,28379,0,220.41,493.02,2529279,4628479,8560639,253886463,566231039,734720,701497343,38098904.71,107845004.21,28379,10,10,10,0,0,0,0,0,0,168820735,212205567,220725247,164184097.23,493
1790795984,0,28785,0,221.84,405.88,2553855,4698111,8945663,298057727,562561023,734720,701497343,41232239.68,110404377.27,28785,10,10,10,0,0,0,0,0,0,275775487,322174975,332136447,260249267.07,406
1790795985,0,29400,0,224.85,615.11,2586623,4804607,9568255,348389375,561512447,734720,701497343,45889715.77,115808907.97,29400,10,10,10,0,0,0,0,0,0,303038463,449052671,464257023,263882315.76,615
1790795986,0,29800,0,226.18,399.90,2605055,4866047,10084351,344195071,557842431,734720,701497343,47289245.63,115816429.96,29800,10,10,10,0,0,0,0,0,0,131530751,254410751,296747007,150154690.56,400
1790795987,0,30196,0,227.45,396.14,2627583,4935679,10723327,421265407,556793855,734720,701497343,52769622.35,124729148.13,30196,10,10,10,0,0,0,0,0,0,472121343,536608767,542638079,465181809.78,396
1790795988,0,30708,0,229.58,512.02,2662399,5025791,11780095,454557695,560463871,734720,701497343,60404594.79,136950933.47,30708,10,10,10,0,0,0,0,0,0,520617983,553123839,567803903,510689024.00,512
1790795989,0,31396,0,232.98,687.71,2703359,5165055,14368767,476577791,566755327,734720,701497343,68314007.54,146562304.98,31396,10,10,10,0,0,0,0,0,0,461111295,558366719,574619647,421340529.12,688
1790795990,0,31912,0,235.07,516.16,2734079,5255167,19709951,473694207,565182463,734720,701497343,69158984.94,145728494.39,31912,10,10,10,0,0,0,0,0,0,143261695,194510847,211156991,120571602.36,516
1790795991,0,32246,0,235.79,333.87,2756607,5316607,30048255,472121343,564133887,734720,701497343,71251233.72,146717204.29,32246,10,10,10,0,0,0,0,0,0,258473983,407633919,422576127,271154954.73,334
1790795992,0,32668,0,237.14,422.21,2787327,5406719,40599551,494403583,599785471,734720,701497343,77316283.61,155268197.34,32668,10,10,10,0,0,0,0,0,0,545783807,618135551,622854143,540760830.79,422
1790795993,0,33091,0,238.48,422.79,2818047,5488639,48037887,515899391,614465535,734720,735576063,83863555.07,164772569.80,33091,10,10,10,0,0,0,0,0,0,584056831,715653119,720371711,589504841.23,423
1790795994,0,33587,0,240.33,496.21,2848767,5595135,59310079,537919487,698875903,734720,799539199,93032675.97,179920025.35,33587,10,10,10,0,0,0,0,0,0,701497343,763887615,787480575,704757231.48,496
1790795995,0,34034,0,241.79,446.71,2871295,5681151,71892991,564133887,774897663,734720,855113727,102273868.17,195899954.87,34034,10,10,10,0,0,0,0,0,0,805306367,838860799,850919423,796645059.87,447
1790795996,0,34541,0,243.66,507.27,2904063,5787647,88539135,618659839,827326463,734720,900726783,112933758.93,213194211.61,34541,10,10,10,0,0,0,0,0,0,827850751,868745215,877133823,828513092.17,507
1790795997,0,34850,0,244.12,309.04,2922495,5853183,102170623,672137215,849870847,734720,1199570943,120453833.81,226980858.14,34850,10,10,10,0,0,0,0,0,0,983039999,1179647999,1192230911,961071654.11,309
1790795998,0,35236,0,245.11,385.82,2949119,5931007,116195327,721944575,1222639615,734720,1432354815,133697826.65,258546151.05,35236,10,10,10,0,0,0,0,0,0,1327497215,1423966207,1430257663,1329431376.91,386
1790795999,0,35650,0,246.28,414.12,2971647,6029311,131596287,801636351,1449132031,734720,1603272703,149583334.44,295929340.81,35650,10,10,10,0,0,0,0,0,0,1484783615,1588592639,1600126975,1501616553.43,414
1790796000,0,36085,0,247.57,434.87,2998271,6127615,148242431,826277887,1601175551,734720,1750073343,167688991.88,336764707.36,36085,10,10,10,0,0,0,0,0,0,1647312895,1730150399,1736441855,1651520457.86,435
1790796001,0,36561,0,249.13,476.27,3037183,6258687,166723583,1058537471,1722810367,734720,1785724927,188106862.67,378874570.06,36561,10,10,10,0,0,0,0,0,0,1732247551,1774190591,1781530623,1735961625.82,476
1790796002,0,36976,0,250.25,414.92,3063807,6377471,184025087,1392508927,1816133631,734720,1976565759,207032177.36,416562642.77,36976,10,10,10,0,0,0,0,0,0,1855979519,1963982847,1970274303,1874329600.00,415
1790796003,0,37350,0,251.08,373.89,3086335,6475775,199622655,1505755135,1950351359,734720,2202009599,225350981.58,452795525.65,37350,10,10,10,0,0,0,0,0,0,2056257535,2176843775,2193620991,2036463561.24,374
1790796004,0,37740,0,252.01,390.02,3110911,6590463,230686719,1635778559,2202009599,734720,2426404863,246622697.08,496261076.51,37740,10,10,10,0,0,0,0,0,0,2275409919,2405433343,2420113407,2283798528.00,390
1790796005,0,38212,0,253.47,471.83,3147775,6729727,270794751,1731198975,2445279231,734720,2623537151,274450592.18,552437048.51,38212,10,10,10,0,0,0,0,0,0,2499805183,2592079871,2602565631,2499503051.93,472
1790796006,0,38597,0,254.34,385.35,3174399,6852607,301203455,1836056575,2554331135,734720,2707423231,297449239.25,595534548.38,38597,10,10,10,0,0,0,0,0,0,2575302655,2657091583,2703228927,2580109764.16,385
1790796007,0,39111,0,256.04,514.01,3211263,7016447,355991551,2051014655,2707423231,734720,2852126719,329641167.89,654098634.64,39111,10,10,10,0,0,0,0,0,0,2743074815,2824863743,2843738111,2746979435.58,514
1790796008,0,39669,0,258.00,557.97,3254271,7204863,417857535,2365587455,2707423231,734720,2852126719,360048612.72,697639371.91,39669,10,10,10,0,0,0,0,0,0,2487222271,2640314367,2686451711,2491348925.94,558
1790796009,0,40070,0,258.92,400.69,3282943,7348223,435421183,2455764991,2709520383,734720,2852126719,383032236.36,730818968.63,40070,10,10,10,0,0,0,0,0,0,2654994431,2715811839,2747269119,2656691503.88,401
1790796010,0,40492,0,259.97,422.38,3315711,7499775,452198399,2512388095,2795503615,734720,2915041279,408539069.27,768327765.22,40492,10,10,10,0,0,0,0,0,0,2816475135,2902458367,2910846975,2830479340.59,422
1790796011,0,40831,0,260.47,338.67,3340287,7651327,467927039,2569011199,2894069759,734720,3240099839,430814153.79,802986271.61,40831,10,10,10,0,0,0,0,0,0,3135242239,3227516927,3240099839,3091471151.58,339
1790796012,0,41378,0,262.29,547.17,3383295,7917567,494403583,2654994431,3227516927,734720,3363831807,468208732.54,860628631.83,41378,10,10,10,0,0,0,0,0,0,3263168511,3347054591,3359637503,3259539710.60,547
1790796013,0,41779,0,263.16,400.92,3414015,8097791,509607935,2711617535,3256877055,734720,3363831807,494769839.12,897992206.18,41779,10,10,10,0,0,0,0,0,0,3248488447,3311403007,3334471679,3235531604.91,401
1790796014,0,42220,0,264.28,440.99,3444735,8347647,528220159,2797600767,3340763135,734720,3462397951,525095875.59,940803639.45,42220,10,10,10,0,0,0,0,0,0,3420454911,3449815039,3458203647,3398092423.84,441
1790796015,0,42665,0,265.40,445.06,3477503,8626175,541589503,2946498559,3441426431,734720,3577741311,555998162.36,983105827.30,42665,10,10,10,0,0,0,0,0,0,3487563775,3554672639,3569352703,3487896021.43,445
1790796016,0,43050,0,266.14,385.12,3504127,8855551,559415295,3191865343,3542089727,734720,3856662527,584590410.01,1023967642.60,43050,10,10,10,0,0,0,0,0,0,3795845119,3833593855,3839885311,3753131308.55,385
1790796017,0,43473,0,267.11,423.05,3536895,9117695,595066879,3250585599,3821010943,734720,3946840063,616629390.09,1069016248.21,43473,10,10,10,0,0,0,0,0,0,3892314111,3923771391,3944742911,3877334100.73,423
1790796018,0,44167,0,269.71,693.59,3602431,9617407,677904383,3405774847,3888119807,734720,3997171711,665469472.22,1129046025.11,44167,10,10,10,0,0,0,0,0,0,3690987519,3969908735,3980394495,3724871331.78,694
1790796019,0,44524,0,270.24,357.28,3631103,9887743,713031679,3454009343,3888119807,734720,3997171711,690294895.53,1157948104.66,44524,10,10,10,0,0,0,0,0,0,3795845119,3865051135,3869245439,3761623946.40,357
1790796020,0,45154,0,272.41,629.71,3686399,10551295,801112063,3560964095,3900702719,734720,3997171711,733485028.91,1205871877.68,45154,10,10,10,0,0,0,0,0,0,3839885311,3906994175,3923771391,3785862010.72,630
1790796021,0,45613,0,273.53,459.14,3723263,11116543,819462143,3634364415,3900702719,734720,3997171711,762695405.51,1234277376.19,45613,10,10,10,0,0,0,0,0,0,3642753023,3680501759,3690987519,3636258249.34,459
1790796022,0,45966,0,274.00,352.93,3749887,11558911,845676543,3665821695,3911188479,734720,3997171711,786435887.33,1258830373.60,45966,10,10,10,0,0,0,0,0,0,3881828351,3974103039,3982491647,3854069307.47,353
1790796023,0,46583,0,276.04,617.01,3801087,12705791,1261436927,3779067903,3961520127,734720,4118806527,828524807.16,1302209137.39,46583,10,10,10,0,0,0,0,0,0,3965714431,4089446399,4102029311,3964115226.14,617
1790796024,0,47242,0,278.29,658.86,3858431,14696447,1482686463,3770679295,3961520127,734720,4118806527,864506551.55,1328127985.07,47242,10,10,10,0,0,0,0,0,0,3380609023,3686793215,3741319167,3407962696.25,659
1790796025,0,47660,0,279.11,418.17,3887103,17285119,1603272703,3768582143,3961520127,734720,4118806527,887622057.10,1344943958.31,47660,10,10,10,0,0,0,0,0,0,3491758079,3598712831,3605004287,3500116585.34,418
1790796026,0,48067,0,279.86,407.03,3917823,22790143,1703935999,3776970751,3961520127,734720,4118806527,911212596.52,1363377882.68,48067,10,10,10,0,0,0,0,0,0,3690987519,3785359359,3791650815,3673682151.47,407
1790796027,0,48654,0,281.63,586.64,3973119,36208639,1767899135,3772776447,3959422975,734720,4118806527,944017589.36,1387277563.71,48654,10,10,10,0,0,0,0,0,0,3621781503,3745513471,3766484991,3630282650.82,587
1790796028,0,49301,0,283.74,647.27,4024319,43745279,1950351359,3770679295,3959422975,734720,4118806527,975841425.21,1405560212.67,49301,10,10,10,0,0,0,0,0,0,3326083071,3567255551,3598712831,3368974206.22,647
1790796029,0,49679,0,284.28,377.93,4057087,48758783,2085617663,3768582143,3959422975,734720,4118806527,994805835.92,1416864970.27,49679,10,10,10,0,0,0,0,0,0,3495952383,3527409663,3539992575,3468256662.35,378
1790796030,0,50230,0,285.79,550.94,4102143,56754175,2346713087,3764387839,3959422975,734720,4118806527,1021853290.26,1432324020.49,50230,10,10,10,0,0,0,0,0,0,3443523583,3628072959,3642753023,3460493007.22,551
1790796031,0,50680,0,286.72,449.92,4134911,64782335,2447376383,3762290687,3957325823,734720,4118806527,1043661191.20,1444449996.02,50680,10,10,10,0,0,0,0,0,0,3487563775,3529506815,3539992575,3477907556.12,450
1790796032,0,51101,0,287.48,420.94,4165631,72679423,2497708031,3758096383,3957325823,734720,4118806527,1064998911.10,1457419105.96,51101,10,10,10,0,0,0,0,0,0,3632267263,3707764735,3711959039,3633634646.95,421
1790796033,0,51475,0,287.96,374.04,4192255,79429631,2541748223,3781165055,3961520127,734720,4118806527,1084956024.14,1470762659.49,51475,10,10,10,0,0,0,0,0,0,3848273919,3963617279,3969908735,3811770017.54,374
1790796034,0,51951,0,289.01,476.25,4231167,93192191,2596274175,3829399551,3976200191,734720,4118806527,1111416997.75,1489648616.91,51951,10,10,10,0,0,0,0,0,0,3972005887,4034920447,4043309055,3972926696.34,476
1790796035,0,52363,0,289.69,412.05,4268031,104464383,2650800127,3856662527,4030726143,734720,4169138175,1134636917.65,1506516934.51,52363,10,10,10,0,0,0,0,0,0,4043309055,4143972351,4162846719,4062544826.41,412
1790796036,0,52845,0,290.75,482.02,4300799,115933183,2705326079,3894411263,4125097983,734720,4336910335,1163159301.78,1528818336.54,52845,10,10,10,0,0,0,0,0,0,4265607167,4320133119,4328521727,4261743535.27,482
1790796037,0,53265,0,291.45,420.00,4337663,126484479,2778726399,3923771391,4257218559,734720,4383047679,1187647639.90,1547374110.47,53265,10,10,10,0,0,0,0,0,0,4324327423,4362076159,4370464767,4268805324.80,420
1790796038,0,53668,0,292.06,403.07,4366335,136839167,2816475135,3953131519,4336910335,734720,4563402751,1211931988.19,1566640489.82,53668,10,10,10,0,0,0,0,0,0,4399824895,4546625535,4559208447,4421623828.33,403
1790796039,0,54052,0,292.56,383.78,4403199,146407423,2948595711,3969908735,4433379327,734720,4890558463,1237129108.27,1589251565.59,54052,10,10,10,0,0,0,0,0,0,4806672383,4865392639,4882169855,4758689109.33,384
1790796040,0,54549,0,293.66,497.26,4448255,159514623,3191865343,4003463167,4525654015,734720,4890558463,1263223488.35,1605752578.31,54549,10,10,10,0,0,0,0,0,0,4129292287,4714397695,4810866687,4101157960.11,497
1790796041,0,55003,0,294.52,453.60,4485119,171835391,3179282431,3999268863,4517265407,734720,4890558463,1274573351.31,1604331280.32,55003,10,10,10,0,0,0,0,0,0,2625634303,3246391295,3305111551,2638281885.89,454
1790796042,0,55608,0,296.17,605.19,4534271,181927935,3145727999,3992977407,4508876799,734720,4890558463,1270783547.10,1597404246.25,55608,10,10,10,0,0,0,0,0,0,905969663,1963982847,2051014655,926237098.53,605
1790796043,0,55810,0,295.67,202.05,4554751,176553983,3126853631,3992977407,4504682495,734720,4890558463,1266260969.79,1596275587.04,55810,10,10,10,0,0,0,0,0,0,17252351,43778047,53346303,21253647.21,202
1790796044,0,56010,0,295.17,200.03,4538367,171311103,3082813439,3990880255,4504682495,734720,4890558463,1261758942.02,1595196829.17,56010,10,10,10,0,0,0,0,0,0,4579327,14155775,15220735,5468093.44,200
1790796045,0,56210,0,294.67,199.99,4513791,165543935,3017801727,3988783103,4504682495,734720,4890558463,1257284710.27,1594115769.57,56210,10,10,10,0,0,0,0,0,0,4431871,6090751,6504447,4276110.08,200
1790796046,0,56410,0,294.18,199.95,4501503,160825343,2967470079,3988783103,4500488191,734720,4890558463,1252842521.64,1593028968.40,56410,10,10,10,0,0,0,0,0,0,4452351,6115327,6688767,4365406.72,200
1790796047,0,56610,0,293.69,199.95,4472831,155451391,2938109951,3986685951,4500488191,734720,4890558463,1248430802.21,1591937566.01,56610,10,10,10,0,0,0,0,0,0,3803135,6373375,7016447,4105336.32,200
1790796048,0,56810,0,293.20,200.15,4456447,150339583,2906652671,3984588799,4500488191,734720,4890558463,1244050829.09,1590840470.47,56810,10,10,10,0,0,0,0,0,0,4057087,7016447,8359935,4299436.80,200
1790796049,0,57010,0,292.72,199.81,4431871,145227775,2896166911,3984588799,4500488191,734720,4890558463,1239701283.43,1589738617.46,57010,10,10,10,0,0,0,0,0,0,4100095,6299647,7217151,4212840.96,200
1790796050,0,57210,0,292.25,200.09,4423679,139984895,2885681151,3982491647,4496293887,734720,4890558463,1235383915.41,1588630559.33,57210,10,10,10,0,0,0,0,0,0,4734975,6479871,7671807,4718159.36,200
1790796051,0,57410,0,291.78,200.02,4399103,135659519,2847932415,3982491647,4496293887,734720,4890558463,1231094195.35,1587519717.46,57410,10,10,10,0,0,0,0,0,0,4128767,5689343,6574079,4019773.44,200
1790796052,0,57610,0,291.32,200.03,4386815,130154495,2824863743,3980394495,4492099583,734720,4890558463,1226835331.89,1586403514.25,57610,10,10,10,0,0,0,0,0,0,4435967,6983679,7843839,4328576.00,200
1790796053,0,57810,0,290.86,200.04,4366335,125042687,2818572287,3980394495,4492099583,734720,4890558463,1222604261.57,1585284220.53,57810,10,10,10,0,0,0,0,0,0,3923967,6148095,7393279,3844455.68,200
1790796054,0,58010,0,290.40,199.91,4345855,120717311,2810183679,3978297343,4492099583,734720,4890558463,1218402156.21,1584160840.22,58010,10,10,10,0,0,0,0,0,0,3747839,6643711,9175039,3783600.64,200
1790796055,0,58210,0,289.95,199.96,4321279,114884607,2803892223,3978297343,4492099583,734720,4890558463,1214227760.44,1583034241.08,58210,10,10,10,0,0,0,0,0,0,3190783,5636095,6496255,3444268.80,200
1790796056,0,58410,0,289.51,199.98,4304895,110166015,2797600767,3976200191,4492099583,734720,4890558463,1210084750.59,1581901525.93,58410,10,10,10,0,0,0,0,0,0,4337663,6557695,6688767,4261731.84,200
1790796057,0,58610,0,289.07,200.02,4288511,105644031,2791309311,3976200191,4487905279,734720,4890558463,1205968893.46,1580765843.99,58610,10,10,10,0,0,0,0,0,0,4087807,5664767,7380991,3932820.48,200
1790796058,0,58810,0,288.63,199.98,4272127,100925439,2787115007,3974103039,4487905279,734720,4890558463,1201881391.44,1579626190.24,58810,10,10,10,0,0,0,0,0,0,3749887,8159231,9199615,4038924.80,200
1790796059,0,59010,0,288.20,200.07,4255743,95682559,2780823551,3974103039,4487905279,734720,4890558463,1197821987.84,1578482673.42,59010,10,10,10,0,0,0,0,0,0,4153343,6217727,7667711,4154359.04,200
1790796060,0,59210,0,287.77,199.94,4247551,89063423,2772434943,3972005887,4483710975,734720,4890558463,1193790111.76,1577335640.56,59210,10,10,10,0,0,0,0,0,0,4280319,5947391,6725631,4185072.64,200
1790796061,0,59410,0,287.34,200.01,4227071,82968575,2761949183,3972005887,4483710975,734720,4890558463,1189784010.41,1576186327.12,59410,10,10,10,0,0,0,0,0,0,3839999,5816319,6709247,3777707.52,200
1790796062,0,59610,0,286.92,200.09,4218879,78774271,2751463423,3972005887,4479516671,734720,4890558463,1185806654.94,1575032409.39,59610,10,10,10,0,0,0,0,0,0,4362239,5980159,6733823,4333212.16,200
1790796063,0,59810,0,286.51,200.00,4206591,74776575,2734686207,3972005887,4479516671,717312,4890558463,1181855277.96,1573875886.20,59810,10,10,10,0,0,0,0,0,0,4308991,5910527,7458815,4147368.96,200
1790796064,0,60010,0,286.09,199.88,4198399,71565311,2720006143,3969908735,4479516671,717312,4890558463,1177931123.62,1572715740.88,60010,10,10,10,0,0,0,0,0,0,4300799,6307839,7544831,4412766.72,200
1790796065,0,60210,0,285.69,200.16,4182015,67829759,2711617535,3969908735,4479516671,717312,4890558463,1174031993.50,1571553532.05,60210,10,10,10,0,0,0,0,0,0,4118527,5910527,6782975,4098003.20,200
1790796066,0,60410,0,285.28,199.95,4169727,63864831,2707423231,3969908735,4479516671,717312,4890558463,1170157970.23,1570389110.65,60410,10,10,10,0,0,0,0,0,0,4067327,6377471,7450623,3883265.28,200
1790796067,0,60610,0,284.88,199.97,4159487,60260351,2701131775,3969908735,4475322367,717312,4890558463,1166309013.14,1569222419.84,60610,10,10,10,0,0,0,0,0,0,3684351,5840895,7032831,3731521.28,200
1790796068,0,60810,0,284.48,200.06,4147199,57147391,2694840319,3969908735,4475322367,717312,4890558463,1162487060.51,1568051943.00,60810,10,10,10,0,0,0,0,0,0,4147199,6705151,8609791,4244316.16,200
1790796069,0,61010,0,284.09,199.92,4139007,53968895,2684354559,3967811583,4475322367,717312,4890558463,1158689628.52,1566879439.22,61010,10,10,10,0,0,0,0,0,0,4179967,6209535,6774783,4080433.92,200
1790796070,0,61210,0,283.70,199.96,4130815,51249151,2671771647,3967811583,4475322367,717312,4890558463,1154917420.70,1565704309.43,61210,10,10,10,0,0,0,0,0,0,4159487,7790591,9756671,4205425.92,200
1790796071,0,61410,0,283.31,200.12,4118527,48988159,2663383039,3967811583,4475322367,717312,4890558463,1151168889.56,1564527607.95,61410,10,10,10,0,0,0,0,0,0,3839999,6635519,7622655,3930932.48,200
1790796072,0,61610,0,282.93,199.97,4106239,46202879,2659188735,3965714431,4471128063,717312,4890558463,1147445400.79,1563348251.71,61610,10,10,10,0,0,0,0,0,0,4134911,6168575,7204863,4148172.80,200
1790796073,0,61810,0,282.55,199.94,4098047,44007423,2654994431,3965714431,4471128063,717312,4890558463,1143746895.36,1562166210.86,61810,10,10,10,0,0,0,0,0,0,4202495,6610943,10846207,4422298.88,200
1790796074,0,62010,0,282.18,200.08,4087807,42172415,2650800127,3965714431,4471128063,717312,4890558463,1140069913.21,1560983928.66,62010,10,10,10,0,0,0,0,0,0,3729407,5865471,8413183,3698580.48,200
1790796075,0,62210,0,281.80,199.88,4073471,40271871,2644508671,3965714431,4471128063,717312,4890558463,1136415764.64,1559800363.40,62210,10,10,10,0,0,0,0,0,0,3567615,5586943,6201343,3446999.04,200
1790796076,0,62410,0,281.44,200.07,4061183,38240255,2640314367,3965714431,4471128063,717312,4890558463,1132786510.37,1558613939.93,62410,10,10,10,0,0,0,0,0,0,3934207,5517311,5849087,3906969.60,200
1790796077,0,62610,0,281.07,200.02,4052991,35553279,2631925759,3963617279,4466933759,717312,4890558463,1129181336.48,1557425179.09,62610,10,10,10,0,0,0,0,0,0,4106239,6000639,6852607,4186826.24,200
1790796078,0,62810,0,280.71,200.04,4046847,31686655,2621439999,3963617279,4466933759,717312,4890558463,1125600527.37,1556233805.73,62810,10,10,10,0,0,0,0,0,0,4493311,7684095,8138751,4628234.24,200
1790796079,0,63010,0,280.35,199.97,4036607,27508735,2613051391,3963617279,4466933759,717312,4890558463,1122040856.08,1555042068.56,63010,10,10,10,0,0,0,0,0,0,4038655,5918719,6287359,4126087.68,200
1790796080,0,63210,0,279.99,200.06,4024319,23691263,2602565631,3963617279,4462739455,717312,4890558463,1118502940.92,1553849443.22,63210,10,10,10,0,0,0,0,0,0,3950591,6029311,7143423,3882768.64,200
1790796081,0,63410,0,279.64,199.86,4020223,20660223,2594177023,3963617279,4462739455,717312,4890558463,1114989484.50,1552653917.03,63410,10,10,10,0,0,0,0,0,0,4558847,6504447,12599295,4561584.64,200
1790796082,0,63610,0,279.29,200.00,4014079,18677759,2585788415,3961520127,4462739455,717312,4890558463,1111497531.01,1551457535.99,63610,10,10,10,0,0,0,0,0,0,4239359,6348799,11263999,4373676.80,200
1790796083,0,63810,0,278.94,200.01,4012031,16842751,2577399807,3961520127,4458545151,717312,4890558463,1108028128.93,1550259475.78,63810,10,10,10,0,0,0,0,0,0,4583423,6115327,6840319,4584796.16,200
1790796084,0,64010,0,278.60,200.04,4001791,15712255,2571108351,3961520127,4458545151,717312,4890558463,1104577511.87,1549062344.33,64010,10,10,10,0,0,0,0,0,0,3862527,5808127,6483967,3658140.16,200
1790796085,0,64210,0,278.26,199.96,3991551,14925823,2564816895,3961520127,4458545151,717312,4890558463,1101149247.87,1547863524.41,64210,10,10,10,0,0,0,0,0,0,3786751,6189055,6791167,3933355.52,200
1790796086,0,64410,0,277.92,200.14,3987455,14245887,2560622591,3959422975,4458545151,717312,4890558463,1097743738.90,1546662664.75,64410,10,10,10,0,0,0,0,0,0,4349951,6205439,6729727,4405081.60,200
1790796087,0,64610,0,277.59,199.86,3979263,13615103,2554331135,3959422975,4458545151,717312,4890558463,1094358186.90,1545461675.32,64610,10,10,10,0,0,0,0,0,0,3983359,6094847,7323647,4041164.80,200
1790796088,0,64810,0,277.26,200.10,3973119,13139967,2543845375,3959422975,4458545151,717312,4890558463,1090994067.84,1544259440.69,64810,10,10,10,0,0,0,0,0,0,4136959,5881855,7131135,4215406.08,200
1790796089,0,65010,0,276.93,199.86,3964927,12705791,2533359615,3959422975,4458545151,717312,4890558463,1087650842.27,1543056272.25,65010,10,10,10,0,0,0,0,0,0,4059135,6086655,9117695,4278597.12,200
1790796090,0,65210,0,276.60,200.05,3954687,12255231,2520776703,3957325823,4454350847,717312,4890558463,1084327379.21,1541852892.66,65210,10,10,10,0,0,0,0,0,0,3987455,5853183,6987775,4035713.28,200
1790796091,0,65410,0,276.28,199.96,3950591,11952127,2512388095,3957325823,4454350847,717312,4890558463,1081025015.14,1540648295.10,65410,10,10,10,0,0,0,0,0,0,4231167,6094847,6299647,4289208.32,200
1790796092,0,65610,0,275.95,200.02,3946495,11624447,2506096639,3957325823,4454350847,717312,4890558463,1077743033.54,1539442916.26,65610,10,10,10,0,0,0,0,0,0,4378623,8081407,9633791,4370952.96,200
1790796093,0,65810,0,275.64,200.04,3942399,11337727,2501902335,3957325823,4454350847,717312,4890558463,1074480697.64,1538237197.73,65810,10,10,10,0,0,0,0,0,0,4362239,5992447,6336511,4271403.52,200
1790796094,0,66010,0,275.32,199.93,3942399,11124735,2497708031,3957325823,4454350847,717312,4890558463,1071239179.40,1537030259.45,66010,10,10,10,0,0,0,0,0,0,4530175,7266303,7950335,4617602.56,200
1790796095,0,66277,0,275.29,267.24,3950591,11362303,2491416575,3955228671,4454350847,717312,4890558463,1068160794.27,1534748799.39,66277,10,10,10,0,0,0,0,0,0,278659071,613941247,628097023,307096365.06,267
1790796096,0,66761,0,276.15,483.93,3973119,12066815,2472542207,3955228671,4450156543,717312,4890558463,1067356418.98,1529231599.91,66761,10,10,10,0,0,0,0,0,0,1001390079,1066401791,1138753535,957208525.22,484
1790796097,0,67301,0,277.24,539.78,3993599,13238271,2447376383,3953131519,4445962239,717312,4890558463,1069531821.67,1523309847.17,67301,10,10,10,0,0,0,0,0,0,1292894207,1566572543,1603272703,1338480078.70,540
1790796098,0,67827,0,278.26,526.13,4014079,14753791,2428502015,3951034367,4445962239,717312,4890558463,1074973386.08,1518686582.10,67827,10,10,10,0,0,0,0,0,0,1689255935,2041577471,2082471935,1771214310.69,526
1790796099,0,68561,0,280.12,733.79,4044799,19595263,2401239039,3948937215,4437573631,717312,4890558463,1087115774.27,1515060326.36,68561,10,10,10,0,0,0,0,0,0,2235564031,2306867199,2332033023,2209161774.04,734
1790796100,0,69009,0,280.80,448.18,4063231,26279935,2424307711,3946840063,4433379327,717312,4890558463,1096405584.67,1514543244.50,69009,10,10,10,0,0,0,0,0,0,2459959295,2820669439,2894069759,2518099090.29,448
1790796101,0,69462,0,281.50,452.65,4081663,35454975,2472542207,3946840063,4429185023,717312,4890558463,1110074508.85,1519046683.25,69462,10,10,10,0,0,0,0,0,0,3196059647,3422552063,3445620735,3192367642.00,453
1790796102,0,69960,0,282.37,498.11,4100095,41156607,2514485247,3944742911,4424990719,717312,4890558463,1128529004.68,1529292243.18,69960,10,10,10,0,0,0,0,0,0,3649044479,3930062847,3953131519,3702597656.67,498
1790796103,0,70399,0,283.00,439.26,4120575,45547519,2564816895,3965714431,4466933759,717312,4890558463,1147927156.24,1544118542.31,70399,10,10,10,0,0,0,0,0,0,4227858431,4500488191,4513071103,4239259008.87,439
1790796104,0,70855,0,283.70,456.05,4136959,50987007,2613051391,4007657471,4638900223,717312,5066719231,1171132815.99,1565962430.64,70855,10,10,10,0,0,0,0,0,0,4777312255,5033164799,5054136319,4753710097.96,456
1790796105,0,71238,0,284.09,382.97,4151295,56459263,2650800127,4039114751,4815060991,717312,5679087615,1193608434.68,1591437938.70,71238,10,10,10,0,0,0,0,0,0,5351931903,5637144575,5674893311,5351597892.85,383
1790796106,0,71680,0,284.72,442.07,4165631,63832063,2696937471,4120903679,5238685695,717312,6236930047,1223021830.30,1629920105.71,71680,10,10,10,0,0,0,0,0,0,5934940159,6211764223,6228541439,5963636031.71,442
1790796107,0,72208,0,285.68,527.56,4186111,73596927,2770337791,4242538495,5964300287,717312,6706692095,1261533176.18,1684842284.05,72208,10,10,10,0,0,0,0,0,0,6564085759,6631194623,6698303487,6489740132.85,528
1790796108,0,72648,0,286.29,440.27,4202495,81788927,2810183679,4315938815,6513754111,717312,7264534527,1296486800.88,1738430690.88,72648,10,10,10,0,0,0,0,0,0,7042236415,7243563007,7264534527,7032694374.40,440
1790796109,0,73113,0,286.99,464.66,4222975,96665599,2919235583,4383047679,6996099071,717312,7809794047,1336263874.28,1802844104.96,73113,10,10,10,0,0,0,0,0,0,7532969983,7767851007,7793016831,7550725870.93,465
1790796110,0,73459,0,287.22,346.08,4239359,104857599,3051356159,4492099583,7419723775,717312,8459911167,1368573405.15,1858940634.62,73459,10,10,10,0,0,0,0,0,0,8204058623,8438939647,8455716863,8195876094.52,346
1790796111,0,73800,0,287.43,341.13,4251647,112459775,3152019455,4617928703,7746879487,717312,9118416895,1402606827.56,1920770014.42,73800,10,10,10,0,0,0,0,0,0,8715763711,9076473855,9110028287,8734164529.55,341
1790796112,0,74221,0,287.95,420.96,4268031,123142143,3204448255,4810866687,8493465599,717312,9697230847,1448220225.80,2008304095.20,74221,10,10,10,0,0,0,0,0,0,9437183999,9680453631,9697230847,9444108088.55,421
1790796113,0,74638,0,288.45,416.79,4284415,133365759,3242196991,5121245183,9344909311,717312,10284433407,1496045797.24,2101922869.77,74638,10,10,10,0,0,0,0,0,0,10057940991,10267656191,10276044799,10008424064.92,417
1790796114,0,75063,0,288.98,425.27,4300799,143523839,3258974207,5809111039,9772728319,717312,10846470143,1547614890.19,2204596707.94,75063,10,10,10,0,0,0,0,0,0,10653532159,10804527103,10838081535,10604118324.40,425
1790796115,0,75500,0,289.54,437.00,4321279,154402815,3282042879,6278873087,10485759999,717312,11416895487,1603038294.22,2315134486.60,75500,10,10,10,0,0,0,0,0,0,11123294207,11366563839,11408506879,11123054259.26,437
1790796116,0,75879,0,289.88,378.89,4333567,163184639,3309305855,6610223103,10972299263,717312,12037652479,1653711186.15,2417589971.20,75879,10,10,10,0,0,0,0,0,0,11760828415,12004098047,12029263871,11748179103.41,379
1790796117,0,76237,0,290.14,358.20,4349951,173146111,3336568831,7042236415,11349786623,717312,12675186687,1703840778.98,2519935007.38,76237,10,10,10,0,0,0,0,0,0,12356419583,12624855039,12666798079,12328934005.27,358
1790796118,0,76930,0,291.67,692.96,4378623,190447615,3378511871,7763656703,12490637311,717312,12977176575,1803364120.77,2717093371.08,76930,10,10,10,0,0,0,0,0,0,12700352511,12910067711,12960399359,12751937004.05,693
1790796119,0,77338,0,292.11,407.76,4395007,201588735,3409969151,8472494079,12691963903,717312,13581156351,1863952726.20,2834780230.76,77338,10,10,10,0,0,0,0,0,0,13295943679,13555990527,13564379135,13288171881.41,408
1790796120,0,77666,0,292.25,328.19,4411391,215875583,3424649215,9076473855,12910067711,717312,14243856383,1914867215.63,2934865481.58,77666,10,10,10,0,0,0,0,0,0,13958643711,14210301951,14243856383,13919820824.98,328
1790796121,0,78080,0,292.70,413.77,4427775,241041407,3439329279,9663676415,13530824703,717312,14839447551,1981692688.69,3066867277.79,78080,10,10,10,0,0,0,0,0,0,14487126015,14805893119,14831058943,14518086868.71,414
1790796122,0,78502,0,293.18,421.89,4448255,262275071,3458203647,10242490367,14294188031,717312,15409872895,2052220206.25,3205556983.99,78502,10,10,10,0,0,0,0,0,0,15099494399,15376318463,15409872895,15101482221.80,422
1790796123,0,78949,0,293.76,447.26,4464639,285474815,3479175167,10779361279,14923333631,717312,15971909631,2129255991.04,3355561877.84,78949,10,10,10,0,0,0,0,0,0,15619588095,15938355199,15963521023,15658256388.58,447
1790796124,0,79389,0,294.30,439.87,4481023,306708479,3500146687,11240734719,15502147583,717312,16525557759,2207657663.25,3507200699.64,79389,10,10,10,0,0,0,0,0,0,16273899519,16508780543,16517169151,16275234071.27,440
1790796125,0,79948,0,295.28,559.22,4505599,341311487,3519021055,12129927167,16231956479,717312,16970153983,2309391372.87,3699241972.19,79948,10,10,10,0,0,0,0,0,0,16802381823,16903045119,16961765375,16757580054.44,559
1790796126,0,80451,0,296.04,503.06,4521983,386924543,3535798271,12675186687,16793993215,717312,17481859071,2402191804.20,3868821145.56,80451,10,10,10,0,0,0,0,0,0,17079205887,17448304639,17465081855,17152110062.70,503
1790796127,0,80871,0,296.50,419.94,4538367,413138943,3548381183,12893290495,17028874239,717312,18052284415,2481588659.71,4012193165.98,80871,10,10,10,0,0,0,0,0,0,17649631231,18035507199,18052284415,17690056333.41,420
1790796128,0,81586,0,298.02,715.01,4567039,433848319,3586129919,13975420927,17834180607,717312,18337497087,2619459315.56,4255187041.18,81586,10,10,10,0,0,0,0,0,0,18236833791,18303942655,18320719871,18213498209.75,715
1790796129,0,82291,0,299.51,704.55,4599807,452984831,3607101439,14931722239,18287165439,717312,18622709759,2754837403.80,4480227009.35,82291,10,10,10,0,0,0,0,0,0,18438160383,18538823679,18605932543,18421442661.67,705
1790796130,0,82724,0,299.99,433.27,4616191,465829887,3623878655,15493758975,18421383167,717312,19209912319,2839354509.77,4617906409.82,82724,10,10,10,0,0,0,0,0,0,18907922431,19176357887,19193135103,18901703625.61,433
1790796131,0,83170,0,300.52,445.99,4632575,479199231,3636461567,16089350143,18689818623,717312,19746783231,2928389852.06,4762475886.36,83170,10,10,10,0,0,0,0,0,0,19444793343,19696451583,19746783231,19442649170.65,446
1790796132,0,83617,0,301.04,447.04,4657151,493617151,3651141631,16567500799,19243466751,717312,20300431359,3019854561.97,4910868002.72,83617,10,10,10,0,0,0,0,0,0,20031995903,20266876927,20300431359,20038019937.93,447
1790796133,0,84030,0,301.45,412.81,4669439,503578623,3670015999,16819159039,19780337663,717312,20887633919,3106280003.48,5050789433.77,84030,10,10,10,0,0,0,0,0,0,20585644031,20870856703,20887633919,20604188339.76,413
1790796134,0,84460,0,301.91,430.15,4685823,515637247,3690987519,17121148927,20300431359,717312,21441282047,3198130206.08,5198977527.28,84460,10,10,10,0,0,0,0,0,0,21122514943,21390950399,21441282047,21147368633.75,430
1790796135,0,84878,0,302.32,418.03,4706303,526909439,3714056191,17616076799,20887633919,717312,22045261823,3289735096.68,5347145414.14,84878,10,10,10,0,0,0,0,0,0,21843935231,22028484607,22045261823,21799182610.37,418
1790796136,0,85404,0,303.11,525.69,4726783,537395199,3758096383,18220056575,21642608639,717312,22515023871,3406461349.87,5533044758.88,85404,10,10,10,0,0,0,0,0,0,22263365631,22481469439,22515023871,22241995413.90,526
1790796137,0,85800,0,303.44,396.11,4743167,545259519,3789553663,18287165439,22078816255,717312,23119003647,3495874289.90,5674292743.89,85800,10,10,10,0,0,0,0,0,0,22783459327,23085449215,23119003647,22779265024.00,396
1790796138,0,86340,0,304.28,540.20,4767743,565182463,3829399551,18438160383,22615687167,717312,23588765695,3620061250.71,5869137260.75,86340,10,10,10,0,0,0,0,0,0,23337107455,23538434047,23571988479,23351989467.97,540
1790796139,0,87065,0,305.75,724.41,4800511,600834047,3862953983,19193135103,23471325183,717312,23857201151,3787085255.16,6122271487.23,87065,10,10,10,0,0,0,0,0,0,23672651775,23823646719,23857201151,23677916350.68,725
1790796140,0,87467,0,306.09,402.08,4816895,621281279,3883925503,19629342719,23655874559,717312,24461180927,3880684960.12,6261589607.23,87467,10,10,10,0,0,0,0,0,0,24142413823,24427626495,24444403711,24152471806.73,402
1790796141,0,87881,0,306.47,414.27,4833279,654835711,3906994175,20199768063,23790092287,717312,25048383487,3979164067.04,6408738153.58,87881,10,10,10,0,0,0,0,0,0,24813502463,25031606271,25031606271,24785135190.57,414
1790796142,0,88271,0,306.76,389.87,4849663,694157311,3925868543,20602421247,24343740415,717312,25652363263,4073439872.46,6549303118.44,88271,10,10,10,0,0,0,0,0,0,25316818943,25602031615,25635586047,25317163092.02,390
1790796143,0,88693,0,307.16,422.10,4866047,713555967,3948937215,21156069375,24998051839,717312,26239565823,4177539858.90,6704939725.94,88693,10,10,10,0,0,0,0,0,0,25954353151,26222788607,26222788607,25952444843.07,422
1790796144,0,89244,0,308.00,550.96,4890623,759693311,3967811583,21994930175,25753026559,717312,26692550655,4314923020.40,6907738843.72,89244,10,10,10,0,0,0,0,0,0,26407337983,26658996223,26675773439,26429124005.87,551
1790796145,0,89780,0,308.78,536.12,4911103,802684927,4009754623,22364028927,26407337983,717312,27145535487,4449778995.09,7103524530.86,89780,10,10,10,0,0,0,0,0,0,26860322815,27111981055,27128758271,26903298781.61,536
1790796146,0,90219,0,309.23,438.97,4935679,812646399,4037017599,22917677055,26809991167,717312,27699183615,4561599696.52,7264421917.37,90219,10,10,10,0,0,0,0,0,0,27447525375,27682406399,27699183615,27430079364.37,439
1790796147,0,90628,0,309.57,408.85,4952063,825753599,4093640703,23370661887,27095203839,717312,28286386175,4667430195.75,7416492585.18,90628,10,10,10,0,0,0,0,0,0,28017950719,28269608959,28286386175,28011982297.19,409
1790796148,0,91030,0,309.88,402.13,4968447,845152255,4171235327,23622320127,27581743103,717312,28890365951,4772879208.08,7567587732.08,91030,10,10,10,0,0,0,0,0,0,28487712767,28856811519,28890365951,28545598336.64,402
1790796149,0,91472,0,310.33,441.81,4988927,877133823,4244635647,23722983423,28202500095,717312,29444014079,4890451097.42,7735544740.85,91472,10,10,10,0,0,0,0,0,0,29108469759,29393682431,29444014079,29104408307.26,442
1790796150,0,91870,0,310.63,397.87,5009407,1000865791,4294967295,24159191039,28756148223,717312,30047993855,4997991197.85,7889075532.73,91870,10,10,10,0,0,0,0,0,0,29695672319,30014439423,30047993855,29713840611.70,398
1790796151,0,92327,0,311.12,456.94,5029887,1036517375,4349493247,24880611327,29293019135,717312,30584864767,5123201596.81,8067290127.27,92327,10,10,10,0,0,0,0,0,0,30282874879,30534533119,30584864767,30294053572.06,457
1790796152,0,92729,0,311.43,402.33,5050367,1172307967,4399824895,25350373375,29947330559,717312,31188844543,5234884207.19,8225803024.00,92729,10,10,10,0,0,0,0,0,0,30853300223,31172067327,31188844543,30884934875.06,402
1790796153,0,93093,0,311.60,363.81,5066751,1247805439,4504682495,25887244287,30299652095,717312,31826378751,5337363125.04,8371067466.98,93093,10,10,10,0,0,0,0,0,0,31406948351,31792824319,31809601535,31443867445.45,364
1790796154,0,93480,0,311.85,387.23,5083135,1285554175,4617928703,26390560767,30886854655,717312,32447135743,5448383957.37,8529345769.25,93480,10,10,10,0,0,0,0,0,0,32161923071,32413581311,32430358527,32154488207.55,387
1790796155,0,93930,0,312.31,450.04,5107711,1327497215,4794089471,26675773439,31574720511,717312,33000783871,5579137815.30,8715093403.55,93930,10,10,10,0,0,0,0,0,0,32732348415,32967229439,32984006655,32741072568.32,450
1790796156,0,94294,0,312.48,363.94,5128191,1404043263,4852809727,26893877247,32279363583,717312,33621540863,5686174104.77,8866577849.81,94294,10,10,10,0,0,0,0,0,0,33319550975,33587986431,33621540863,33306829790.24,364
1790796157,0,94748,0,312.95,453.83,5156863,1469054975,5364514815,27464302591,32866566143,717312,34175188991,5821236330.83,9056949167.78,94748,10,10,10,0,0,0,0,0,0,33856421887,34091302911,34175188991,33873125195.56,454
1790796158,0,95170,0,313.31,422.19,5177343,1510998015,5867831295,28001173503,33504100351,717312,34762391551,5948250100.09,9235085981.94,95170,10,10,10,0,0,0,0,0,0,34493956095,34728837119,34762391551,34465550122.46,422
1790796159,0,95647,0,313.85,476.64,5197823,1595932671,6287261695,28521267199,34057748479,717312,35299262463,6093438494.58,9437552086.90,95647,10,10,10,0,0,0,0,0,0,35097935871,35265708031,35299262463,35061110410.47,477
1790796160,0,96327,0,315.05,680.52,5230591,1654652927,6807355391,29477568511,35064381439,717312,35668361215,6300626214.21,9719912023.68,96327,10,10,10,0,0,0,0,0,0,35399925759,35634806783,35634806783,35443102418.82,680
1790796161,0,96866,0,315.77,538.65,5255167,1689255935,7264534527,30266097663,35366371327,717312,36071014399,6464841774.39,9938333395.42,96866,10,10,10,0,0,0,0,0,0,35869687807,36003905535,36037459967,35812508316.73,539
1790796162,0,97273,0,316.07,407.17,5275647,1717567487,7625244671,30719082495,35601252351,717312,36641439743,6589937238.31,10103550939.65,97273,10,10,10,0,0,0,0,0,0,36339449855,36607885311,36641439743,36362657651.11,407
1790796163,0,97696,0,316.42,423.03,5292031,1735393279,8187281407,31289507839,35970351103,717312,37245419519,6721462681.79,10277057649.27,97696,10,10,10,0,0,0,0,0,0,36976984063,37211865087,37245419519,36967028789.26,423
1790796164,0,98160,0,316.89,464.09,5316607,1775239167,8707375103,32111591423,36540776447,717312,37748735999,6866441601.99,10466344689.44,98160,10,10,10,0,0,0,0,0,0,37379637247,37715181567,37748735999,37392003213.24,464
1790796165,0,98550,0,317.13,389.89,5337087,1841299455,9361686527,32698793983,37077647359,717312,38386270207,6989860623.94,10627549789.86,98550,10,10,10,0,0,0,0,0,0,38050725887,38352715775,38386270207,38053479072.16,390
1790796166,0,98990,0,317.52,439.71,5361663,1896873983,9705619455,33202110463,37513854975,717312,38923141119,7130523760.35,10810853447.24,98990,10,10,10,0,0,0,0,0,0,38621151231,38923141119,38923141119,38635869426.04,440
1790796167,0,99480,0,318.08,490.34,5390335,1956642815,10259267583,33839644671,38252052479,717312,39460012031,7288563508.53,11015660053.26,99480,10,10,10,0,0,0,0,0,0,39258685439,39426457599,39426457599,39215817941.16,490
1790796168,0,99858,0,318.27,377.85,5414911,2038431743,10678697983,34326183935,38788923391,717312,40063991807,7411329055.88,11173717161.12,99858,10,10,10,0,0,0,0,0,0,39728447487,40030437375,40063991807,39720103264.17,378
1790796169,0,100240,0,318.47,382.22,5435391,2081423359,11039408127,34829500415,39292239871,717312,40701526015,7537202636.03,11336582811.17,100240,10,10,10,0,0,0,0,0,0,40533753855,40667971583,40701526015,40441610926.24,382
1790796170,0,101156,0,320.36,915.57,5484543,2216689663,12012486655,35534143487,40600862719,717312,40936407039,7837850908.38,11715200730.43,101156,10,10,10,0,0,0,0,0,0,40735080447,40902852607,40936407039,40738487175.27,916
1790796171,0,101696,0,321.05,540.12,5517311,2254438399,12658409471,35903242239,40735080447,717312,41238396927,8013855437.18,11929801345.75,101696,10,10,10,0,0,0,0,0,0,41037070335,41204842495,41238396927,40984066761.01,540
1790796172,0,102357,0,322.12,661.08,5558271,2287992831,12876513279,36607885311,40902852607,717312,41607495679,8229535812.60,12188437527.21,102357,10,10,10,0,0,0,0,0,0,41406169087,41573941247,41573941247,41412336808.86,661
1790796173,0,103046,0,323.27,688.57,5603327,2403336191,13514047487,37312528383,41406169087,717312,41875931135,8453047892.11,12449352906.01,103046,10,10,10,0,0,0,0,0,0,41674604543,41842376703,41875931135,41657729927.62,689
1790796174,0,103494,0,323.67,448.13,5627903,2422210559,14151581695,38017171455,41573941247,717312,42446356479,8598764477.81,12617431106.81,103494,10,10,10,0,0,0,0,0,0,42077257727,42412802047,42412802047,42115530752.00,448
1790796175,0,103900,0,323.92,405.87,5656575,2447376383,14571012095,38520487935,41708158975,717312,43016781823,8732009534.41,12771192107.55,103900,10,10,10,0,0,0,0,0,0,42681237503,42983227391,43016781823,42697684134.46,406
1790796176,0,104360,0,324.34,459.98,5681151,2485125119,15057551359,39124467711,42177921023,717312,43587207167,8884552073.67,12947598405.82,104360,10,10,10,0,0,0,0,0,0,43385880575,43520098303,43553652735,43339269093.29,460
1790796177,0,104800,0,324.70,439.96,5709823,2506096639,15502147583,39560675327,42815455231,717312,44124078079,9031254315.47,13116443864.58,104800,10,10,10,0,0,0,0,0,0,43822088191,44090523647,44124078079,43826358756.07,440
1790796178,0,105243,0,325.07,443.44,5738495,2541748223,15946743807,40332427263,43419435007,717312,44694503423,9180102113.70,13287527903.84,105243,10,10,10,0,0,0,0,0,0,44392513535,44660948991,44694503423,44392854382.37,443
1790796179,0,105690,0,325.44,446.73,5767167,2571108351,16408117247,40667971583,43922751487,717312,45231374335,9331267068.68,13460751343.61,105690,10,10,10,0,0,0,0,0,0,44895830015,45164265471,45231374335,44921990462.43,447
1790796180,0,106086,0,325.66,396.18,5791743,2594177023,16777215999,40768634879,44392513535,717312,45835354111,9466319815.12,13615560742.68,106086,10,10,10,0,0,0,0,0,0,45499809791,45801799679,45835354111,45511079336.08,396
1790796181,0,106510,0,325.96,423.98,5824511,2629828607,16827547647,40869298175,44895830015,717312,46405779455,9612340926.36,13783340096.06,106510,10,10,10,0,0,0,0,0,0,46204452863,46405779455,46405779455,46147236226.42,424
1790796182,0,106920,0,326.22,409.91,5849087,2652897279,17070817279,41104179199,45499809791,717312,47009759231,9754568242.23,13946579454.90,106920,10,10,10,0,0,0,0,0,0,46707769343,46976204799,47009759231,46702449738.93,410
1790796183,0,107251,0,326.23,331.14,5873663,2667577343,17465081855,41372614655,46036680703,717312,47680847871,9870330075.70,14079618045.20,107251,10,10,10,0,0,0,0,0,0,47244640255,47613739007,47647293439,47263850421.75,331
1790796184,0,107953,0,327.37,701.84,5926911,2724200447,18119393279,41607495679,46942650367,717312,48049946623,10117321302.47,14361993542.84,107953,10,10,10,0,0,0,0,0,0,47815065599,48049946623,48049946623,47852443898.89,702
1790796185,0,108686,0,328.60,732.67,5980159,2793406463,18287165439,42043703295,47815065599,717312,48251273215,10372819991.81,14645475575.50,108686,10,10,10,0,0,0,0,0,0,47982837759,48217718783,48251273215,48001537603.75,733
1790796186,0,109152,0,329.01,466.10,6021119,2822766591,18404605951,42681237503,47949283327,717312,48754589695,10535452099.74,14823735618.59,109152,10,10,10,0,0,0,0,0,0,48486154239,48721035263,48754589695,48466424810.03,466
1790796187,0,109710,0,329.70,557.96,6070271,2927624191,18605932543,43452989439,48184164351,717312,49190797311,10731200243.87,15037317133.97,109710,10,10,10,0,0,0,0,0,0,49056579583,49157242879,49190797311,49022063017.75,558
1790796188,0,110091,0,329.85,380.94,6094847,3034578943,18975031295,43822088191,48586817535,717312,49828331519,10865257075.24,15182664803.44,110091,10,10,10,0,0,0,0,0,0,49425678335,49794777087,49828331519,49467291115.84,381
1790796189,0,110593,0,330.37,502.23,6139903,3143630847,19444793343,44459622399,49123688447,717312,50331647999,11043108469.58,15375432175.89,110593,10,10,10,0,0,0,0,0,0,50063212543,50298093567,50331647999,50046769535.49,502
1790796190,0,111011,0,330.63,418.03,6176767,3185573887,19897778175,44895830015,49425678335,717312,50902073343,11192005533.43,15536396066.40,111011,10,10,10,0,0,0,0,0,0,50600083455,50868518911,50902073343,50586677737.95,418
1790796191,0,111479,0,331.04,467.72,6225919,3214934015,20283654143,45533364223,50096766975,717312,51438944255,11359889256.50,15717884844.06,111479,10,10,10,0,0,0,0,0,0,51204063231,51438944255,51438944255,51182410585.71,468
1790796192,0,111873,0,331.22,394.29,6258687,3238002687,20686307327,46204452863,50532974591,717312,52042924031,11502048879.04,15871358100.64,111873,10,10,10,0,0,0,0,0,0,51740934143,52009369599,52042924031,51724923399.80,394
1790796193,0,112351,0,331.66,477.57,6311935,3254779903,21156069375,46741323775,51170508799,717312,52579794943,11675700238.84,16058827131.00,112351,10,10,10,0,0,0,0,0,0,52378468351,52546240511,52546240511,52317747465.64,478
1790796194,0,113070,0,332.80,719.43,6389759,3273654271,22011707391,47781511167,52143587327,717312,52848230399,11936388563.62,16336011331.59,113070,10,10,10,0,0,0,0,0,0,52714012671,52747567103,52848230399,52671567948.91,719
1790796195,0,113634,0,333.48,563.88,6447103,3298820095,22313697279,47915728895,52646903807,717312,53284438015,12140075397.98,16548666010.27,113634,10,10,10,0,0,0,0,0,0,52915339263,53250883583,53284438015,52974951925.11,564
1790796196,0,114046,0,333.71,412.09,6492159,3321888767,22682796031,48049946623,52747567103,717312,53888417791,12289768247.37,16704773906.53,114046,10,10,10,0,0,0,0,0,0,53586427903,53854863359,53888417791,53576654768.47,412
1790796197,0,114483,0,334.01,436.83,6541311,3340763135,23202889727,48284827647,52915339263,717312,54458843135,12449612850.43,16871643682.34,114483,10,10,10,0,0,0,0,0,0,54190407679,54425288703,54458843135,54165030701.11,437
1790796198,0,114989,0,334.51,506.34,6602751,3361734655,23488102399,48955916287,53586427903,717312,54928605183,12635084521.11,17064081118.75,114989,10,10,10,0,0,0,0,0,0,54559506431,54928605183,54928605183,54598233286.32,506
1790796199,0,115392,0,334.71,402.78,6647807,3378511871,23639097343,49123688447,54190407679,717312,55532584959,12783776986.03,17218437460.49,115392,10,10,10,0,0,0,0,0,0,55230595071,55499030527,55532584959,55210570652.90,403
1790796200,0,115898,0,335.20,506.11,6709247,3403677695,23739760639,49861885951,54559506431,717312,56035901439,12971365988.88,17412788031.16,115898,10,10,10,0,0,0,0,0,0,55767465983,56002347007,56035901439,55750556141.79,506
1790796201,0,116271,0,335.31,373.09,6766591,3418357759,24075304959,50163875839,55096377343,717312,56673435647,13110545800.12,17557093598.03,116271,10,10,10,0,0,0,0,0,0,56405000191,56639881215,56639881215,56356287792.73,373
1790796202,0,116690,0,335.55,418.89,6823935,3428843519,24528289791,50667192319,55666802687,717312,57243860991,13268030171.10,17720808727.19,116690,10,10,10,0,0,0,0,0,0,56975425535,57210306559,57210306559,56969379331.67,419
1790796203,0,117128,0,335.84,437.99,6877183,3439329279,25031606271,51237617663,56170119167,717312,57814286335,13433450606.44,17892541670.42,117128,10,10,10,0,0,0,0,0,0,57512296447,57780731903,57814286335,57504022752.44,438
1790796204,0,117570,0,336.15,442.19,6938623,3451912191,25484591103,51774488575,56908316671,717312,58351157247,13601257634.46,18066589224.28,117570,10,10,10,0,0,0,0,0,0,58082721791,58351157247,58351157247,58069360751.20,442
1790796205,0,118082,0,336.65,511.87,7012351,3468689407,26105348095,52412022783,57512296447,717312,58854473727,13796269654.94,18267981520.27,118082,10,10,10,0,0,0,0,0,0,58586038271,58820919295,58854473727,58576666624.00,512
1790796206,0,118500,0,336.88,417.80,7077887,3481272319,26407337983,52646903807,58049167359,717312,59424899071,13956137623.59,18432633523.53,118500,10,10,10,0,0,0,0,0,0,59122909183,59391344639,59424899071,59117691389.55,418
1790796207,0,118918,0,337.11,418.26,7139327,3495952383,26642219007,52747567103,58552483839,717312,60028878847,14116971139.49,18598414989.62,118918,10,10,10,0,0,0,0,0,0,59726888959,59995324415,59995324415,59712118588.02,418
1790796208,0,119320,0,337.29,401.90,7196671,3504340991,26860322815,52915339263,58888028159,717312,60599304191,14272605310.74,18759024602.96,119320,10,10,10,0,0,0,0,0,0,60330868735,60565749759,60599304191,60311670926.65,402
1790796209,0,119788,0,337.66,467.95,7262207,3514826751,27212644351,53519319039,59559116799,717312,61136175103,14454582396.37,18946486006.24,119788,10,10,10,0,0,0,0,0,0,60800630783,61136175103,61136175103,60850962432.00,468
1790796210,0,120240,0,337.98,452.02,7344127,3525312511,27665629183,54156853247,60263759871,717312,61706600447,14630904848.43,19127448873.69,120240,10,10,10,0,0,0,0,0,0,61337501695,61639491583,61673046015,61359475394.83,452
1790796211,0,120673,0,338.25,432.99,7421951,3535798271,28152168447,54492397567,60767076351,717312,62243471359,14800841258.48,19301965891.50,120673,10,10,10,0,0,0,0,0,0,61975035903,62243471359,62243471359,61990573233.37,433
1790796212,0,121170,0,338.69,496.94,7499775,3544186879,28538044415,55096377343,61303947263,717312,62746787839,14996331776.59,19501714989.71,121170,10,10,10,0,0,0,0,0,0,62444797951,62713233407,62746787839,62461980251.69,497
1790796213,0,121590,0,338.92,420.02,7585791,3556769791,29024583679,55666802687,61874372607,717312,63350767615,15162426155.39,19671356349.70,121590,10,10,10,0,0,0,0,0,0,63115886591,63317213183,63350767615,63080654438.40,420
1790796214,0,121990,0,339.09,399.90,7663615,3573547007,29460791295,56035901439,62411243519,717312,63921192959,15321312207.03,19833489531.38,121990,10,10,10,0,0,0,0,0,0,63652757503,63887638527,63921192959,63618699755.52,400
1790796215,0,122406,0,339.30,416.10,7766015,3586129919,29947330559,56706990079,62780342271,717312,64525172735,15487430564.05,20003067960.27,122406,10,10,10,0,0,0,0,0,0,64223182847,64491618303,64525172735,64200840113.23,416
1790796216,0,122751,0,339.32,345.16,7843839,3592421375,30266097663,57143197695,63317213183,717312,65162706943,15626221175.11,20145289981.69,122751,10,10,10,0,0,0,0,0,0,64927825919,65129152511,65162706943,64869129978.81,345
1790796217,0,123169,0,339.54,417.91,7929855,3600809983,30668750847,57680068607,63854084095,717312,65766686719,15795491233.59,20319194179.58,123169,10,10,10,0,0,0,0,0,0,65531805695,65733132287,65766686719,65503790153.49,418
1790796218,0,123550,0,339.65,381.07,8015871,3609198591,31121735679,58116276223,64390955007,717312,66370666495,15950314906.75,20477931141.65,123550,10,10,10,0,0,0,0,0,0,66001567743,66337112063,66370666495,66001435639.94,381
1790796219,0,123936,0,339.78,385.87,8089599,3619684351,31490834431,58586038271,65095598079,717312,67008200703,16108221144.08,20640267983.61,123936,10,10,10,0,0,0,0,0,0,66639101951,66974646271,66974646271,66650489596.02,386
1790796220,0,124342,0,339.96,406.02,8179711,3628072959,32128368639,58888028159,65699577855,717312,67578626047,16275386577.65,20812496016.91,124342,10,10,10,0,0,0,0,0,0,67377299455,67545071615,67578626047,67304487991.49,406
1790796221,0,124757,0,340.16,414.86,8302591,3636461567,32614907903,59458453503,66270003199,717312,68182605823,16446924183.08,20988938343.23,124757,10,10,10,0,0,0,0,0,0,67779952639,68115496959,68149051391,67842897520.27,415
1790796222,0,125147,0,340.30,390.22,8404991,3642753023,32933675007,59961769983,66941091839,717312,68719476735,16601017303.42,21147436814.11,125128,10,10,10,0,0,0,0,0,0,68417486847,68685922303,68719476735,68418255615.31,371
1790796223,0,125480,0,340.28,332.93,8404991,3642753023,32933675007,59961769983,66941091839,717312,68719476735,16601017303.42,21147436814.11,125128,10,10,10,0,0,0,0,0,0,0,0,0,0.00,0
1790796224,0,125810,0,340.25,329.98,8404991,3642753023,32933675007,59961769983,66941091839,717312,68719476735,16601017303.42,21147436814.11,125128,10,10,10,0,0,0,0,0,0,0,0,0,0.00,0
1790796225,0,126190,0,340.36,380.14,8404991,3642753023,32933675007,59961769983,66941091839,717312,68719476735,16601017303.42,21147436814.11,125128,10,10,10,0,0,0,0,0,0,0,0,0,0.00,0
1790796226,0,126548,0,340.41,357.75,8404991,3642753023,32933675007,59961769983,66941091839,717312,68719476735,16601017303.42,21147436814.11,125128,10,10,10,0,0,0,0,0,0,0,0,0,0.00,0
1790796227,0,126948,0,340.57,399.93,8429567,3644850175,32967229439,60028878847,67008200703,717312,68719476735,16626782724.95,21173861144.27,125190,10,10,10,0,0,0,0,0,0,68652367871,68719476735,68719476735,68626390247.23,62
1790796228,0,127350,0,340.73,402.36,8536063,3655335935,33470545919,60599304191,67545071615,717312,68719476735,16791143996.18,21338006222.12,125592,10,10,10,0,0,0,0,0,0,67981279231,68518150143,68518150143,67976187639.08,402
1790796229,0,127728,0,340.83,377.86,8650751,3667918847,33839644671,61035511807,67545071615,717312,68719476735,16941971420.34,21482618219.15,125970,10,10,10,0,0,0,0,0,0,67041755135,67477962751,67511517183,67054981618.46,378
1790796230,0,128908,0,343.06,1179.47,8994815,3705667583,35064381439,62243471359,67545071615,717312,68719476735,17380998529.33,21858977596.91,127150,10,10,10,0,0,0,0,0,0,64424509439,66404220927,66639101951,64249002699.06,1180
1790796231,0,129299,0,343.19,391.30,9117695,3728736255,35332816895,62243471359,67511517183,717312,68719476735,17515557428.69,21959924706.39,127541,10,10,10,0,0,0,0,0,0,61270392831,61740154879,61740154879,61273010249.33,391
1790796232,0,129769,0,343.53,469.58,9273343,3753902079,35399925759,62209916927,67511517183,717312,68719476735,17671751941.12,22070085634.09,128011,10,10,10,0,0,0,0,0,0,60095987711,60699967487,60767076351,60057293026.59,470
1790796233,0,130384,0,344.24,615.23,9478143,3785359359,35668361215,62209916927,67511517183,717312,68719476735,17866889190.63,22196564853.17,128626,10,10,10,0,0,0,0,0,0,58552483839,59391344639,59424899071,58484311054.99,615
1790796234,0,130779,0,344.38,395.25,9609215,3806330879,36003905535,62209916927,67511517183,717312,68719476735,17986302969.14,22267078839.15,129021,10,10,10,0,0,0,0,0,0,56908316671,57310969855,57378078719,56871661640.59,395
1790796235,0,131304,0,344.85,525.01,9781247,3829399551,36507222015,62209916927,67511517183,717312,68719476735,18138676098.81,22349949544.84,129546,10,10,10,0,0,0,0,0,0,55666802687,56337891327,56371445759,55585025743.73,525
1790796236,0,131721,0,345.04,416.88,9969663,3844079615,36976984063,62176362495,67511517183,717312,68719476735,18254412686.44,22407122654.33,129963,10,10,10,0,0,0,0,0,0,54257516543,54727278591,54760833023,54209357485.12,417
1790796237,0,132108,0,345.15,386.83,10158079,3856662527,37211865087,62142808063,67477962751,717312,68719476735,18358186429.08,22454514026.09,130350,10,10,10,0,0,0,0,0,0,53217329151,53619982335,53687091199,53207661660.61,387
1790796238,0,132548,0,345.40,439.92,10371071,3869245439,37614518271,62109253631,67477962751,717312,68719476735,18471741897.71,22501767076.62,130790,10,10,10,0,0,0,0,0,0,52143587327,52714012671,52747567103,52112549478.40,440
1790796239,0,133092,0,345.91,544.45,10657791,3888119807,38319161343,62075699199,67477962751,717312,68719476735,18604729332.54,22549622112.31,131334,10,10,10,0,0,0,0,0,0,50532974591,51438944255,51506053119,50577939998.12,544
1790796240,0,133491,0,346.05,398.64,10870783,3902799871,38688260095,62042144767,67477962751,717312,68719476735,18697875544.16,22578783794.57,131733,10,10,10,0,0,0,0,0,0,49392123903,49794777087,49828331519,49357686460.63,399
1790796241,0,133988,0,346.44,497.36,11182079,3919577087,39158022143,62008590335,67477962751,717312,68719476735,18808199451.90,22607792601.10,132230,10,10,10,0,0,0,0,0,0,48016392191,48855252991,48855252991,48050250436.76,497
1790796242,0,134385,0,346.57,396.78,11411455,3936354303,39426457599,61975035903,67444408319,717312,68719476735,18891970512.37,22625649476.69,132627,10,10,10,0,0,0,0,0,0,46774878207,47345303551,47345303551,46793852943.48,397
1790796243,0,134772,0,346.67,386.93,11714559,3948937215,39862665215,61975035903,67444408319,717312,68719476735,18970591114.44,22639548574.71,133014,10,10,10,0,0,0,0,0,0,45969571839,46338670591,46372225023,45914298066.36,387
1790796244,0,135190,0,346.86,418.30,12017663,3959422975,40567308287,61941481471,67444408319,717312,68719476735,19051779479.91,22650415934.50,133432,10,10,10,0,0,0,0,0,0,44929384447,45365592063,45432700927,44887160449.84,418
1790796245,0,135598,0,347.01,407.91,12386303,3967811583,40667971583,61907927039,67444408319,717312,68719476735,19127315508.46,22657087431.78,133840,10,10,10,0,0,0,0,0,0,43822088191,44291850239,44325404671,43830559041.25,408
1790796246,0,136056,0,347.30,458.05,12845055,3984588799,40768634879,61907927039,67444408319,717312,68719476735,19207492907.07,22659918324.19,134298,10,10,10,0,0,0,0,0,0,42681237503,43218108415,43285217279,42637499521.68,458
1790796247,0,136513,0,347.58,456.89,13418495,4018143231,40835743743,61874372607,67444408319,717312,68719476735,19282647053.79,22658129479.05,134755,10,10,10,0,0,0,0,0,0,41406169087,41943039999,41976594431,41368099125.22,457
1790796248,0,136876,0,347.62,362.86,13950975,4030726143,40835743743,61840818175,67444408319,717312,68719476735,19338960612.33,22653675161.66,135118,10,10,10,0,0,0,0,0,0,40265318399,40667971583,40735080447,40244011797.86,363
1790796249,0,137326,0,347.88,450.09,14581759,4051697663,40802189311,61840818175,67444408319,717312,68719476735,19404936951.76,22644933482.47,135568,10,10,10,0,0,0,0,0,0,39191576575,39829110783,39896219647,39215139243.80,450
1790796250,0,137674,0,347.88,347.92,15196159,4091543551,40768634879,61807263743,67410853887,717312,68719476735,19453233687.47,22636007536.02,135916,10,10,10,0,0,0,0,0,0,38285606911,38621151231,38654705663,38267865488.18,348
1790796251,0,138201,0,348.33,527.18,16449535,4156555263,40735080447,61773709311,67410853887,717312,68719476735,19521481773.03,22618832784.73,136443,10,10,10,0,0,0,0,0,0,37044092927,37815844863,37916508159,37123012697.38,527
1790796252,0,138755,0,348.84,554.11,18923519,4225761279,40701526015,61773709311,67410853887,717312,68719476735,19592379881.60,22600462432.13,136997,10,10,10,0,0,0,0,0,0,36943429631,37480300543,37547409407,37053662603.55,554
1790796253,0,139140,0,348.94,385.04,20955135,4257218559,40667971583,61740154879,67410853887,717312,68719476735,19643802950.55,22589611130.10,137382,10,10,10,0,0,0,0,0,0,37950062591,38285606911,38319161343,37942000812.88,385
1790796254,0,139802,0,349.72,662.13,26411007,4315938815,40634417151,61740154879,67410853887,717312,68719476735,19734992744.68,22573639840.71,138044,10,10,10,0,0,0,0,0,0,38654705663,38956695551,39023804415,38659216758.33,662
1790796255,0,140265,0,350.00,462.86,31309823,4349493247,40600862719,61706600447,67410853887,717312,68719476735,19800710972.71,22564433171.89,138507,10,10,10,0,0,0,0,0,0,39460012031,39728447487,39762001919,39394678726.50,463
1790796256,0,140629,0,350.04,363.86,35061759,4378853375,40600862719,61706600447,67410853887,717312,68719476735,19854177314.55,22558967404.99,138871,10,10,10,0,0,0,0,0,0,40231763967,40567308287,40600862719,40198854813.54,364
1790796257,0,141030,0,350.16,400.97,37847039,4450156543,40667971583,61673046015,67410853887,717312,68719476735,19914951611.54,22554844474.72,139272,10,10,10,0,0,0,0,0,0,40969961471,41339060223,41372614655,40961802975.44,401
1790796258,0,141573,0,350.64,543.45,40534015,4538236927,40735080447,61639491583,67410853887,717312,68719476735,20000053990.35,22552229055.64,139815,10,10,10,0,0,0,0,0,0,41943039999,42077257727,42110812159,41827638707.62,543
1790796259,0,141985,0,350.79,411.83,42401791,4622123007,40802189311,61639491583,67410853887,717312,68719476735,20066170820.40,22551992080.30,140227,10,10,10,0,0,0,0,0,0,42479910911,42916118527,42916118527,42503366437.28,412
1790796260,0,142484,0,351.16,498.93,45187071,4756340735,40869298175,61605937151,67410853887,717312,68719476735,20148520947.52,22554264525.47,140726,10,10,10,0,0,0,0,0,0,43251662847,43654316031,43654316031,43290226909.63,499
1790796261,0,142856,0,351.21,372.14,47022079,4819255295,41003515903,61605937151,67410853887,717312,68719476735,20211415388.68,22557710057.13,141098,10,10,10,0,0,0,0,0,0,44023414783,44426067967,44493176831,44004111965.59,372
1790796262,0,143231,0,351.27,374.83,49446911,4857004031,41104179199,61572382719,67410853887,717312,68719476735,20276861231.67,22563537031.82,141473,10,10,10,0,0,0,0,0,0,44895830015,45264928767,45298483199,44901601378.30,375
1790796263,0,143696,0,351.54,464.91,52428799,5242879999,41339060223,61538828287,67410853887,717312,68719476735,20360276667.54,22573489445.22,141938,10,10,10,0,0,0,0,0,0,45801799679,46036680703,46070235135,45738840019.96,465
1790796264,0,144213,0,351.95,517.36,56328191,5653921791,41439723519,61505273855,67410853887,717312,68719476735,20455181244.17,22587296835.19,142455,10,10,10,0,0,0,0,0,0,46573551615,46741323775,46774878207,46510434236.66,517
1790796265,0,144941,0,352.86,727.78,62259199,6140461055,41607495679,61505273855,67410853887,717312,68719476735,20590640664.60,22609349764.64,143183,10,10,10,0,0,0,0,0,0,47076868095,47412412415,47445966847,47097332612.22,728
1790796266,0,145369,0,353.05,428.17,66125823,6358564863,41674604543,61471719423,67410853887,717312,68719476735,20671922682.26,22624535436.61,143611,10,10,10,0,0,0,0,0,0,47915728895,48217718783,48217718783,47863986080.30,428
1790796267,0,145715,0,353.03,345.93,69664767,6593445887,41741713407,61471719423,67377299455,717312,68719476735,20739185459.98,22638845935.90,143957,10,10,10,0,0,0,0,0,0,48653926399,49056579583,49056579583,48657320634.45,346
1790796268,0,146110,0,353.13,395.05,73007103,6627000319,41909485567,61438164991,67377299455,717312,68719476735,20817829711.34,22657651188.47,144352,10,10,10,0,0,0,0,0,0,49559896063,49828331519,49861885951,49479577797.02,395
1790796269,0,146524,0,353.28,414.12,76873727,6996099071,42010148863,61438164991,67377299455,717312,68719476735,20901912866.92,22679645864.85,144766,10,10,10,0,0,0,0,0,0,50230984703,50600083455,50633637887,50219718843.98,414
1790796270,0,146903,0,353.34,378.79,80019455,7201619967,42144366591,61404610559,67377299455,717312,68719476735,20980612272.11,22702183402.26,145145,10,10,10,0,0,0,0,0,0,51069845503,51405389823,51438944255,51041293249.86,379
1790796271,0,147330,0,353.52,426.87,85786623,7470055423,42379247615,61371056127,67377299455,717312,68719476735,21071213017.67,22730326213.71,145572,10,10,10,0,0,0,0,0,0,51875151871,52177141759,52244250623,51868040218.38,427
1790796272,0,148159,0,354.65,828.88,98893823,8095006719,42714791935,61337501695,67377299455,717312,68719476735,21249443241.54,22788599890.91,146401,10,10,10,0,0,0,0,0,0,52512686079,52814675967,52848230399,52546584556.24,829
1790796273,0,148991,0,355.79,832.46,108724223,8690597887,43117445119,61303947263,67377299455,717312,68719476735,21429607645.46,22849452485.02,147233,10,10,10,0,0,0,0,0,0,53217329151,53385101311,53418655743,53131829878.15,832
1790796274,0,149359,0,355.82,367.89,112459775,9118416895,43318771711,61303947263,67377299455,717312,68719476735,21510231633.00,22877862728.70,147601,10,10,10,0,0,0,0,0,0,53787754495,54190407679,54223962111,53767056517.57,368
1790796275,0,149818,0,356.07,459.23,118947839,9453961215,43486543871,61270392831,67377299455,717312,68719476735,21612813174.71,22916327658.68,148060,10,10,10,0,0,0,0,0,0,54626615295,54995714047,54995714047,54600042232.75,459
1790796276,0,150426,0,356.67,607.72,125632511,9839837183,43687870463,61270392831,67377299455,717312,68719476735,21750984923.37,22970844423.64,148668,10,10,10,0,0,0,0,0,0,55364812799,55700357119,55700357119,55398532796.63,608
1790796277,0,150949,0,357.06,523.08,132120575,10250878975,43922751487,61236838399,67377299455,717312,68719476735,21870917605.14,23019532779.45,149191,10,10,10,0,0,0,0,0,0,55935238143,56405000191,56438554623,55962986311.95,523
1790796278,0,151437,0,357.37,488.22,137625599,10645143551,44124078079,61236838399,67377299455,717312,68719476735,21984706309.07,23067938847.17,149679,10,10,10,0,0,0,0,0,0,56706990079,57143197695,57210306559,56772104930.62,488
1790796279,0,151821,0,357.43,383.75,142737407,10796138495,44291850239,61203283967,67377299455,717312,68719476735,22075725414.89,23108384906.25,150063,10,10,10,0,0,0,0,0,0,57545850879,57948504063,57982058495,57553977344.00,384
1790796280,0,152207,0,357.50,386.21,147062783,11081351167,44526731263,61203283967,67377299455,717312,68719476735,22168839316.32,23151635125.58,150449,10,10,10,0,0,0,0,0,0,58418266111,58753810431,58820919295,58368195249.74,386
1790796281,0,152631,0,357.65,423.95,152305663,11274289151,44728057855,61169729535,67377299455,717312,68719476735,22272969512.64,23202144884.03,150873,10,10,10,0,0,0,0,0,0,59190018047,59559116799,59592671231,59221752310.34,424
1790796282,0,153070,0,357.84,438.77,158466047,11710496767,44895830015,61169729535,67377299455,717312,68719476735,22382274962.10,23256910534.58,151312,10,10,10,0,0,0,0,0,0,59961769983,60297314303,60364423167,59947744384.29,439
1790796283,0,153507,0,358.03,437.30,163053567,12029263871,45097156607,61169729535,67377299455,717312,68719476735,22493007168.30,23314631101.79,151749,10,10,10,0,0,0,0,0,0,60834185215,61136175103,61169729535,60834223607.80,437
1790796284,0,154210,0,358.83,702.42,172752895,12650020863,45466255359,61404610559,67377299455,717312,68719476735,22672529668.30,23409877075.90,152452,10,10,10,0,0,0,0,0,0,61404610559,61740154879,61807263743,61424108405.62,703
1790796285,0,154834,0,359.45,624.29,180355071,12691963903,45734690815,61706600447,67377299455,717312,68719476735,22833276633.77,23496839551.98,153076,10,10,10,0,0,0,0,0,0,62042144767,62444797951,62478352383,62106027244.31,624
1790796286,0,155235,0,359.54,400.97,185597951,12868124671,45936017407,61907927039,67377299455,717312,68719476735,22937971906.94,23555112781.86,153477,10,10,10,0,0,0,0,0,0,62948114431,63283658751,63283658751,62903891196.81,401
1790796287,0,155742,0,359.88,506.95,192151551,13086228479,46170898431,62109253631,67343745023,717312,68719476735,23071708242.09,23631141543.88,153984,10,10,10,0,0,0,0,0,0,63451430911,63954747391,64021856255,63555833508.61,507
1790796288,0,156077,0,359.83,335.00,196345855,13337886719,46271561727,62277025791,67343745023,717312,68719476735,23161349228.62,23683586596.94,154319,10,10,10,0,0,0,0,0,0,64323846143,64827162623,64860717055,64365163168.48,335
1790796289,0,156488,0,359.94,411.02,202375167,13606322175,46405779455,62444797951,67343745023,717312,68719476735,23273215150.76,23751234241.81,154730,10,10,10,0,0,0,0,0,0,65263370239,65632468991,65666023423,65275738844.50,411
1790796290,0,156887,0,360.03,399.05,210763775,14067695615,46573551615,62679678975,67343745023,717312,68719476735,23383181896.73,23819314986.04,155129,10,10,10,0,0,0,0,0,0,66001567743,66437775359,66471329791,66027679651.61,399
1790796291,0,157409,0,360.41,522.27,225050623,14453571583,46741323775,63082332159,67343745023,717312,68719476735,23528804227.24,23911486534.88,155651,10,10,10,0,0,0,0,0,0,66773319679,67175972863,67209527295,66805138537.93,522
1790796292,0,158003,0,360.94,593.56,244187135,14898167807,47009759231,63384322047,67511517183,717312,68719476735,23695971093.74,24018915103.12,156245,10,10,10,0,0,0,0,0,0,67444408319,67880615935,67914170367,67500162906.51,594
1790796293,0,158471,0,361.18,468.02,255852543,15200157695,47110422527,63652757503,67746398207,717312,68719476735,23829135328.69,24106135184.21,156713,10,10,10,0,0,0,0,0,0,68316823551,68618813439,68652367871,68286925692.72,468
1790796294,0,158974,0,361.51,503.26,256245759,15233712127,47110422527,63686311935,67746398207,717312,68719476735,23839438287.87,24112950523.34,156749,10,10,10,0,0,0,0,0,0,68719476735,68719476735,68719476735,68689650574.22,36
1790796295,0,159677,0,362.28,702.54,256245759,15233712127,47110422527,63686311935,67746398207,717312,68719476735,23839438287.87,24112950523.34,156749,10,10,10,0,0,0,0,0,0,0,0,0,0.00,0
1790796296,0,160332,0,362.94,654.99,256245759,15233712127,47110422527,63686311935,67746398207,717312,68719476735,23839438287.87,24112950523.34,156749,10,10,10,0,0,0,0,0,0,0,0,0,0.00,0
1790796297,0,160730,0,363.02,398.26,256245759,15233712127,47110422527,63686311935,67746398207,717312,68719476735,23839438287.87,24112950523.34,156749,10,10,10,0,0,0,0,0,0,0,0,0,0.00,0
1790796298,0,161061,0,362.95,330.94,256245759,15233712127,47110422527,63686311935,67746398207,717312,68719476735,23839438287.87,24112950523.34,156749,10,10,10,0,0,0,0,0,0,0,0,0,0.00,0
1790796299,0,161500,0,363.12,439.07,256245759,15233712127,47110422527,63686311935,67746398207,717312,68719476735,23839438287.87,24112950523.34,156749,10,10,10,0,0,0,0,0,0,0,0,0,0.00,0
1790796300,0,161839,0,363.07,338.89,256245759,15233712127,47110422527,63686311935,67746398207,717312,68719476735,23839438287.87,24112950523.34,156749,10,10,10,0,0,0,0,0,0,0,0,0,0.00,0
1790796301,0,162577,0,363.91,738.06,256245759,15233712127,47110422527,63686311935,67746398207,717312,68719476735,23839438287.87,24112950523.34,156749,10,10,10,0,0,0,0,0,0,0,0,0,0.00,0
1790796302,0,163055,0,364.16,478.14,256245759,15233712127,47110422527,63686311935,67746398207,717312,68719476735,23839438287.87,24112950523.34,156749,10,10,10,0,0,0,0,0,0,0,0,0,0.00,0
1790796303,0,163660,0,364.70,604.96,256245759,15233712127,47110422527,63686311935,67746398207,717312,68719476735,23839438287.87,24112950523.34,156749,10,10,10,0,0,0,0,0,0,0,0,0,0.00,0
1790796304,0,164022,0,364.69,362.04,256245759,15233712127,47110422527,63686311935,67746398207,717312,68719476735,23839438287.87,24112950523.34,156749,10,10,10,0,0,0,0,0,0,0,0,0,0.00,0
1790796305,0,164440,0,364.81,417.92,256245759,15233712127,47110422527,63686311935,67746398207,717312,68719476735,23839438287.87,24112950523.34,156749,10,10,10,0,0,0,0,0,0,0,0,0,0.00,0
1790796306,0,164840,0,364.89,400.04,256245759,15233712127,47110422527,63686311935,67746398207,717312,68719476735,23839438287.87,24112950523.34,156749,10,10,10,0,0,0,0,0,0,0,0,0,0.00,0
1790796307,0,165260,0,365.01,419.83,256245759,15233712127,47110422527,63686311935,67746398207,717312,68719476735,23839438287.87,24112950523.34,156749,10,10,10,0,0,0,0,0,0,0,0,0,0.00,0
1790796308,0,165581,0,364.91,321.04,256245759,15233712127,47110422527,63686311935,67746398207,717312,68719476735,23839438287.87,24112950523.34,156749,10,10,10,0,0,0,0,0,0,0,0,0,0.00,0
1790796309,0,165975,0,364.98,394.18,256245759,15233712127,47110422527,63686311935,67746398207,717312,68719476735,23839438287.87,24112950523.34,156749,10,10,10,0,0,0,0,0,0,0,0,0,0.00,0
1790796310,0,166400,0,365.11,424.62,256245759,15233712127,47110422527,63686311935,67746398207,717312,68719476735,23839438287.87,24112950523.34,156749,10,10,10,0,0,0,0,0,0,0,0,0,0.00,0
1790796311,0,166861,0,365.32,461.17,256245759,15233712127,47110422527,63686311935,67746398207,717312,68719476735,23839438287.87,24112950523.34,156749,10,10,10,0,0,0,0,0,0,0,0,0,0.00,0
1790796312,0,167287,0,365.45,426.01,256245759,15233712127,47110422527,63686311935,67746398207,717312,68719476735,23839438287.87,24112950523.34,156749,10,10,10,0,0,0,0,0,0,0,0,0,0.00,0
1790796313,0,167625,0,365.39,338.07,256245759,15233712127,47110422527,63686311935,67746398207,717312,68719476735,23839438287.87,24112950523.34,156749,10,10,10,0,0,0,0,0,0,0,0,0,0.00,0
1790796314,0,168017,0,365.45,392.06,256245759,15233712127,47110422527,63686311935,67746398207,717312,68719476735,23839438287.87,24112950523.34,156749,10,10,10,0,0,0,0,0,0,0,0,0,0.00,0
1790796315,0,168447,0,365.59,429.75,256245759,15233712127,47110422527,63686311935,67746398207,717312,68719476735,23839438287.87,24112950523.34,156749,10,10,10,0,0,0,0,0,0,0,0,0,0.00,0
1790796316,0,168908,0,365.79,461.12,256245759,15233712127,47110422527,63686311935,67746398207,717312,68719476735,23839438287.87,24112950523.34,156749,10,10,10,0,0,0,0,0,0,0,0,0,0.00,0
1790796317,0,169677,0,366.67,768.76,256245759,15233712127,47110422527,63686311935,67746398207,717312,68719476735,23839438287.87,24112950523.34,156749,10,10,10,0,0,0,0,0,0,0,0,0,0.00,0
1790796318,0,170100,0,366.79,422.92,256245759,15233712127,47110422527,63686311935,67746398207,717312,68719476735,23839438287.87,24112950523.34,156749,10,10,10,0,0,0,0,0,0,0,0,0,0.00,0
1790796319,0,170471,0,366.80,371.16,256245759,15233712127,47110422527,63686311935,67746398207,717312,68719476735,23839438287.87,24112950523.34,156749,10,10,10,0,0,0,0,0,0,0,0,0,0.00,0
1790796320,0,170918,0,366.97,447.25,256245759,15233712127,47110422527,63686311935,67746398207,717312,68719476735,23839438287.87,24112950523.34,156749,10,10,10,0,0,0,0,0,0,0,0,0,0.00,0
1790796321,0,171346,0,367.10,427.65,256245759,15233712127,47110422527,63686311935,67746398207,717312,68719476735,23839438287.87,24112950523.34,156749,10,10,10,0,0,0,0,0,0,0,0,0,0.00,0
1790796322,0,171695,0,367.06,349.28,256245759,15233712127,47110422527,63686311935,67746398207,717312,68719476735,23839438287.87,24112950523.34,156749,10,10,10,0,0,0,0,0,0,0,0,0,0.00,0
1790796323,0,172072,0,367.08,376.72,256245759,15233712127,47110422527,63686311935,67746398207,717312,68719476735,23839438287.87,24112950523.34,156749,10,10,10,0,0,0,0,0,0,0,0,0,0.00,0
1790796324,0,172517,0,367.25,445.05,256245759,15233712127,47110422527,63686311935,67746398207,717312,68719476735,23839438287.87,24112950523.34,156749,10,10,10,0,0,0,0,0,0,0,0,0,0.00,0
1790796325,0,172921,0,367.33,404.05,256245759,15233712127,47110422527,63686311935,67746398207,717312,68719476735,23839438287.87,24112950523.34,156749,10,10,10,0,0,0,0,0,0,0,0,0,0.00,0
1790796326,0,173535,0,367.85,613.90,256245759,15233712127,47110422527,63686311935,67746398207,717312,68719476735,23839438287.87,24112950523.34,156749,10,10,10,0,0,0,0,0,0,0,0,0,0.00,0
1790796327,0,173912,0,367.87,376.98,256245759,15233712127,47110422527,63686311935,67746398207,717312,68719476735,23839438287.87,24112950523.34,156749,10,10,10,0,0,0,0,0,0,0,0,0,0.00,0
1790796328,0,174368,0,368.05,456.13,256245759,15233712127,47110422527,63686311935,67746398207,717312,68719476735,23839438287.87,24112950523.34,156749,10,10,10,0,0,0,0,0,0,0,0,0,0.00,0
1790796329,0,174727,0,368.04,359.01,256245759,15233712127,47110422527,63686311935,67746398207,717312,68719476735,23839438287.87,24112950523.34,156749,10,10,10,0,0,0,0,0,0,0,0,0,0.00,0
1790796330,0,175134,0,368.12,407.14,256245759,15233712127,47110422527,63686311935,67746398207,717312,68719476735,23839438287.87,24112950523.34,156749,10,10,10,0,0,0,0,0,0,0,0,0,0.00,0
1790796331,0,175606,0,368.33,471.56,256245759,15233712127,47110422527,63686311935,67746398207,717312,68719476735,23839438287.87,24112950523.34,156749,10,10,10,0,0,0,0,0,0,0,0,0,0.00,0
1790796332,0,175987,0,368.36,381.06,256245759,15233712127,47110422527,63686311935,67746398207,717312,68719476735,23839438287.87,24112950523.34,156749,10,10,10,0,0,0,0,0,0,0,0,0,0.00,0
1790796333,0,176485,0,368.63,498.12,256245759,15233712127,47110422527,63686311935,67746398207,717312,68719476735,23839438287.87,24112950523.34,156749,10,10,10,0,0,0,0,0,0,0,0,0,0.00,0
1790796334,0,176970,0,368.88,485.18,256245759,15233712127,47110422527,63686311935,67746398207,717312,68719476735,23839438287.87,24112950523.34,156749,10,10,10,0,0,0,0,0,0,0,0,0,0.00,0
1790796335,0,177331,0,368.86,360.74,256245759,15233712127,47110422527,63686311935,67746398207,717312,68719476735,23839438287.87,24112950523.34,156749,10,10,10,0,0,0,0,0,0,0,0,0,0.00,0
1790796336,0,177819,0,369.11,488.34,256245759,15233712127,47110422527,63686311935,67746398207,717312,68719476735,23839438287.87,24112950523.34,156749,10,10,10,0,0,0,0,0,0,0,0,0,0.00,0
1790796337,0,178209,0,369.15,389.72,256245759,15233712127,47110422527,63686311935,67746398207,717312,68719476735,23839438287.87,24112950523.34,156749,10,10,10,0,0,0,0,0,0,0,0,0,0.00,0
1790796338,0,178650,0,369.30,441.35,256245759,15233712127,47110422527,63686311935,67746398207,717312,68719476735,23839438287.87,24112950523.34,156749,10,10,10,0,0,0,0,0,0,0,0,0,0.00,0
1790796339,0,179086,0,369.44,436.02,256245759,15233712127,47110422527,63686311935,67746398207,717312,68719476735,23839438287.87,24112950523.34,156749,10,10,10,0,0,0,0,0,0,0,0,0,0.00,0
1790796340,0,179534,0,369.60,447.72,256245759,15233712127,47110422527,63686311935,67746398207,717312,68719476735,23839438287.87,24112950523.34,156749,10,10,10,0,0,0,0,0,0,0,0,0,0.00,0
1790796341,0,179922,0,369.63,388.19,256245759,15233712127,47110422527,63686311935,67746398207,717312,68719476735,23839438287.87,24112950523.34,156749,10,10,10,0,0,0,0,0,0,0,0,0,0.00,0
1790796342,0,180485,0,370.03,563.04,256245759,15233712127,47110422527,63686311935,67746398207,717312,68719476735,23839438287.87,24112950523.34,156749,10,10,10,0,0,0,0,0,0,0,0,0,0.00,0
1790796343,0,180832,0,369.98,346.92,256245759,15233712127,47110422527,63686311935,67746398207,717312,68719476735,23839438287.87,24112950523.34,156749,10,10,10,0,0,0,0,0,0,0,0,0,0.00,0
1790796344,0,181230,0,370.04,398.16,256245759,15233712127,47110422527,63686311935,67746398207,717312,68719476735,23839438287.87,24112950523.34,156749,10,10,10,0,0,0,0,0,0,0,0,0,0.00,0
1790796345,0,181623,0,370.09,392.80,256245759,15233712127,47110422527,63686311935,67746398207,717312,68719476735,23839438287.87,24112950523.34,156749,10,10,10,0,0,0,0,0,0,0,0,0,0.00,0
1790796346,0,182005,0,370.11,381.87,256245759,15233712127,47110422527,63686311935,67746398207,717312,68719476735,23839438287.87,24112950523.34,156749,10,10,10,0,0,0,0,0,0,0,0,0,0.00,0
1790796347,0,182447,0,370.26,442.21,256245759,15233712127,47110422527,63686311935,67746398207,717312,68719476735,23839438287.87,24112950523.34,156749,10,10,10,0,0,0,0,0,0,0,0,0,0.00,0
1790796348,0,182952,0,370.53,504.76,256245759,15233712127,47110422527,63686311935,67746398207,717312,68719476735,23839438287.87,24112950523.34,156749,10,10,10,0,0,0,0,0,0,0,0,0,0.00,0
1790796349,0,183484,0,370.86,532.29,256245759,15233712127,47110422527,63686311935,67746398207,717312,68719476735,23839438287.87,24112950523.34,156749,10,10,10,0,0,0,0,0,0,0,0,0,0.00,0
1790796350,0,184080,0,371.31,595.62,256245759,15233712127,47110422527,63686311935,67746398207,717312,68719476735,23839438287.87,24112950523.34,156749,10,10,10,0,0,0,0,0,0,0,0,0,0.00,0
1790796351,0,184468,0,371.35,388.12,256245759,15233712127,47110422527,63686311935,67746398207,717312,68719476735,23839438287.87,24112950523.34,156749,10,10,10,0,0,0,0,0,0,0,0,0,0.00,0
1790796352,0,184840,0,371.35,371.89,256245759,15233712127,47110422527,63686311935,67746398207,717312,68719476735,23839438287.87,24112950523.34,156749,10,10,10,0,0,0,0,0,0,0,0,0,0.00,0
1790796353,0,185233,0,371.39,393.39,256245759,15233712127,47110422527,63686311935,67746398207,717312,68719476735,23839438287.87,24112950523.34,156749,10,10,10,0,0,0,0,0,0,0,0,0,0.00,0
1790796354,0,185730,0,371.64,496.73,256245759,15233712127,47110422527,63686311935,67746398207,717312,68719476735,23839438287.87,24112950523.34,156749,10,10,10,0,0,0,0,0,0,0,0,0,0.00,0
1790796355,0,186140,0,371.72,409.92,256245759,15233712127,47110422527,63686311935,67746398207,717312,68719476735,23839438287.87,24112950523.34,156749,10,10,10,0,0,0,0,0,0,0,0,0,0.00,0
1790796356,0,186552,0,371.80,412.27,256245759,15233712127,47110422527,63686311935,67746398207,717312,68719476735,23839438287.87,24112950523.34,156749,10,10,10,0,0,0,0,0,0,0,0,0,0.00,0
1790796357,0,186985,0,371.92,432.72,256245759,15233712127,47110422527,63686311935,67746398207,717312,68719476735,23839438287.87,24112950523.34,156749,10,10,10,0,0,0,0,0,0,0,0,0,0.00,0
1790796358,0,187340,0,371.89,354.97,256245759,15233712127,47110422527,63686311935,67746398207,717312,68719476735,23839438287.87,24112950523.34,156749,10,10,10,0,0,0,0,0,0,0,0,0,0.00,0
1790796359,0,187847,0,372.15,507.21,256245759,15233712127,47110422527,63686311935,67746398207,717312,68719476735,23839438287.87,24112950523.34,156749,10,10,10,0,0,0,0,0,0,0,0,0,0.00,0
1790796360,0,188249,0,372.21,401.84,256245759,15233712127,47110422527,63686311935,67746398207,717312,68719476735,23839438287.87,24112950523.34,156749,10,10,10,0,0,0,0,0,0,0,0,0,0.00,0
1790796361,0,188683,0,372.34,434.25,256245759,15233712127,47110422527,63686311935,67746398207,717312,68719476735,23839438287.87,24112950523.34,156749,10,10,10,0,0,0,0,0,0,0,0,0,0.00,0
1790796362,0,189109,0,372.44,426.02,256245759,15233712127,47110422527,63686311935,67746398207,717312,68719476735,23839438287.87,24112950523.34,156749,10,10,10,0,0,0,0,0,0,0,0,0,0.00,0
1790796363,0,189528,0,372.53,418.96,256245759,15233712127,47110422527,63686311935,67746398207,717312,68719476735,23839438287.87,24112950523.34,156749,10,10,10,0,0,0,0,0,0,0,0,0,0.00,0
1790796364,0,189902,0,372.54,374.05,256245759,15233712127,47110422527,63686311935,67746398207,717312,68719476735,23839438287.87,24112950523.34,156749,10,10,10,0,0,0,0,0,0,0,0,0,0.00,0
1790796365,0,190335,0,372.65,432.82,256245759,15233712127,47110422527,63686311935,67746398207,717312,68719476735,23839438287.87,24112950523.34,156749,10,10,10,0,0,0,0,0,0,0,0,0,0.00,0
1790796366,0,190738,0,372.71,403.01,256245759,15233712127,47110422527,63686311935,67746398207,717312,68719476735,23839438287.87,24112950523.34,156749,10,10,10,0,0,0,0,0,0,0,0,0,0.00,0
1790796367,0,191135,0,372.76,396.89,256245759,15233712127,47110422527,63686311935,67746398207,717312,68719476735,23839438287.87,24112950523.34,156749,10,10,10,0,0,0,0,0,0,0,0,0,0.00,0
1790796368,0,191574,0,372.89,438.98,256245759,15233712127,47110422527,63686311935,67746398207,717312,68719476735,23839438287.87,24112950523.34,156749,10,10,10,0,0,0,0,0,0,0,0,0,0.00,0
1790796369,0,191888,0,372.77,314.01,256245759,15233712127,47110422527,63686311935,67746398207,717312,68719476735,23839438287.87,24112950523.34,156749,10,10,10,0,0,0,0,0,0,0,0,0,0.00,0
1790796370,0,192289,0,372.83,401.30,256245759,15233712127,47110422527,63686311935,67746398207,717312,68719476735,23839438287.87,24112950523.34,156749,10,10,10,0,0,0,0,0,0,0,0,0,0.00,0
1790796371,0,192748,0,373.00,458.83,256245759,15233712127,47110422527,63686311935,67746398207,717312,68719476735,23839438287.87,24112950523.34,156749,10,10,10,0,0,0,0,0,0,0,0,0,0.00,0
1790796372,0,193180,0,373.11,432.08,256245759,15233712127,47110422527,63686311935,67746398207,717312,68719476735,23839438287.87,24112950523.34,156749,10,10,10,0,0,0,0,0,0,0,0,0,0.00,0
1790796373,0,193550,0,373.10,369.73,256245759,15233712127,47110422527,63686311935,67746398207,717312,68719476735,23839438287.87,24112950523.34,156749,10,10,10,0,0,0,0,0,0,0,0,0,0.00,0
1790796374,0,193971,0,373.20,421.19,256245759,15233712127,47110422527,63686311935,67746398207,717312,68719476735,23839438287.87,24112950523.34,156749,10,10,10,0,0,0,0,0,0,0,0,0,0.00,0
1790796375,0,194410,0,373.32,439.05,256245759,15233712127,47110422527,63686311935,67746398207,717312,68719476735,23839438287.87,24112950523.34,156749,10,10,10,0,0,0,0,0,0,0,0,0,0.00,0
1790796376,0,194782,0,373.32,371.89,256245759,15233712127,47110422527,63686311935,67746398207,717312,68719476735,23839438287.87,24112950523.34,156749,10,10,10,0,0,0,0,0,0,0,0,0,0.00,0
1790796377,0,195181,0,373.37,398.98,256245759,15233712127,47110422527,63686311935,67746398207,717312,68719476735,23839438287.87,24112950523.34,156749,10,10,10,0,0,0,0,0,0,0,0,0,0.00,0
1790796378,0,195575,0,373.41,394.25,256245759,15233712127,47110422527,63686311935,67746398207,717312,68719476735,23839438287.87,24112950523.34,156749,10,10,10,0,0,0,0,0,0,0,0,0,0.00,0
1790796379,0,196070,0,373.64,495.01,256245759,15233712127,47110422527,63686311935,67746398207,717312,68719476735,23839438287.87,24112950523.34,156749,10,10,10,0,0,0,0,0,0,0,0,0,0.00,0
1790796380,0,196637,0,374.01,566.76,256245759,15233712127,47110422527,63686311935,67746398207,717312,68719476735,23839438287.87,24112950523.34,156749,10,10,10,0,0,0,0,0,0,0,0,0,0.00,0
1790796381,0,197080,0,374.14,443.20,256245759,15233712127,47110422527,63686311935,67746398207,717312,68719476735,23839438287.87,24112950523.34,156749,10,10,10,0,0,0,0,0,0,0,0,0,0.00,0
1790796382,0,197499,0,374.22,419.00,256245759,15233712127,47110422527,63686311935,67746398207,717312,68719476735,23839438287.87,24112950523.34,156749,10,10,10,0,0,0,0,0,0,0,0,0,0.00,0
1790796383,0,198096,0,374.65,596.76,256245759,15233712127,47110422527,63686311935,67746398207,717312,68719476735,23839438287.87,24112950523.34,156749,10,10,10,0,0,0,0,0,0,0,0,0,0.00,0
1790796384,0,198530,0,374.76,433.86,256245759,15233712127,47110422527,63686311935,67746398207,717312,68719476735,23839438287.87,24112950523.34,156749,10,10,10,0,0,0,0,0,0,0,0,0,0.00,0
1790796385,0,199221,0,375.35,691.58,256245759,15233712127,47110422527,63686311935,67746398207,717312,68719476735,23839438287.87,24112950523.34,156749,10,10,10,0,0,0,0,0,0,0,0,0,0.00,0
1790796386,0,199917,0,375.96,695.66,256245759,15233712127,47110422527,63686311935,67746398207,717312,68719476735,23839438287.87,24112950523.34,156749,10,10,10,0,0,0,0,0,0,0,0,0,0.00,0
1790796387,0,200627,0,376.58,710.34,256245759,15233712127,47110422527,63686311935,67746398207,717312,68719476735,23839438287.87,24112950523.34,156749,10,10,10,0,0,0,0,0,0,0,0,0,0.00,0
1790796388,0,201032,0,376.64,404.83,256245759,15233712127,47110422527,63686311935,67746398207,717312,68719476735,23839438287.87,24112950523.34,156749,10,10,10,0,0,0,0,0,0,0,0,0,0.00,0
1790796389,0,201419,0,376.66,387.13,256245759,15233712127,47110422527,63686311935,67746398207,717312,68719476735,23839438287.87,24112950523.34,156749,10,10,10,0,0,0,0,0,0,0,0,0,0.00,0
1790796390,0,201841,0,376.74,421.85,256245759,15233712127,47110422527,63686311935,67746398207,717312,68719476735,23839438287.87,24112950523.34,156749,10,10,10,0,0,0,0,0,0,0,0,0,0.00,0
1790796391,0,202199,0,376.71,358.08,256245759,15233712127,47110422527,63686311935,67746398207,717312,68719476735,23839438287.87,24112950523.34,156749,10,10,10,0,0,0,0,0,0,0,0,0,0.00,0
1790796392,0,202693,0,376.92,493.80,256245759,15233712127,47110422527,63686311935,67746398207,717312,68719476735,23839438287.87,24112950523.34,156749,10,10,10,0,0,0,0,0,0,0,0,0,0.00,0
1790796393,0,203111,0,377.00,418.08,256245759,15233712127,47110422527,63686311935,67746398207,717312,68719476735,23839438287.87,24112950523.34,156749,10,10,10,0,0,0,0,0,0,0,0,0,0.00,0
1790796394,0,203668,0,377.33,557.01,256245759,15233712127,47110422527,63686311935,67746398207,717312,68719476735,23839438287.87,24112950523.34,156749,10,10,10,0,0,0,0,0,0,0,0,0,0.00,0
1790796395,0,204029,0,377.30,360.88,256245759,15233712127,47110422527,63686311935,67746398207,717312,68719476735,23839438287.87,24112950523.34,156749,10,10,10,0,0,0,0,0,0,0,0,0,0.00,0
1790796396,0,204440,0,377.37,411.27,256245759,15233712127,47110422527,63686311935,67746398207,717312,68719476735,23839438287.87,24112950523.34,156749,10,10,10,0,0,0,0,0,0,0,0,0,0.00,0
1790796397,0,205029,0,377.75,588.55,256245759,15233712127,47110422527,63686311935,67746398207,717312,68719476735,23839438287.87,24112950523.34,156749,10,10,10,0,0,0,0,0,0,0,0,0,0.00,0
1790796398,0,205456,0,377.85,427.19,256245759,15233712127,47110422527,63686311935,67746398207,717312,68719476735,23839438287.87,24112950523.34,156749,10,10,10,0,0,0,0,0,0,0,0,0,0.00,0
1790796399,0,205936,0,378.03,480.10,256245759,15233712127,47110422527,63686311935,67746398207,717312,68719476735,23839438287.87,24112950523.34,156749,10,10,10,0,0,0,0,0,0,0,0,0,0.00,0
1790796400,0,206380,0,378.15,443.97,256245759,15233712127,47110422527,63686311935,67746398207,717312,68719476735,23839438287.87,24112950523.34,156749,10,10,10,0,0,0,0,0,0,0,0,0,0.00,0
1790796401,0,206766,0,378.17,386.09,256245759,15233712127,47110422527,63686311935,67746398207,717312,68719476735,23839438287.87,24112950523.34,156749,10,10,10,0,0,0,0,0,0,0,0,0,0.00,0
1790796402,0,207108,0,378.10,341.95,256245759,15233712127,47110422527,63686311935,67746398207,717312,68719476735,23839438287.87,24112950523.34,156749,10,10,10,0,0,0,0,0,0,0,0,0,0.00,0
1790796403,0,207560,0,378.24,451.86,256245759,15233712127,47110422527,63686311935,67746398207,717312,68719476735,23839438287.87,24112950523.34,156749,10,10,10,0,0,0,0,0,0,0,0,0,0.00,0
1790796404,0,207976,0,378.31,415.91,256245759,15233712127,47110422527,63686311935,67746398207,717312,68719476735,23839438287.87,24112950523.34,156749,10,10,10,0,0,0,0,0,0,0,0,0,0.00,0
1790796405,0,208376,0,378.35,400.20,256245759,15233712127,47110422527,63686311935,67746398207,717312,68719476735,23839438287.87,24112950523.34,156749,10,10,10,0,0,0,0,0,0,0,0,0,0.00,0
1790796406,0,208787,0,378.40,410.94,256245759,15233712127,47110422527,63686311935,67746398207,717312,68719476735,23839438287.87,24112950523.34,156749,10,10,10,0,0,0,0,0,0,0,0,0,0.00,0
1790796407,0,209288,0,378.63,500.87,256245759,15233712127,47110422527,63686311935,67746398207,717312,68719476735,23839438287.87,24112950523.34,156749,10,10,10,0,0,0,0,0,0,0,0,0,0.00,0
1790796408,0,209834,0,378.93,546.35,256245759,15233712127,47110422527,63686311935,67746398207,717312,68719476735,23839438287.87,24112950523.34,156749,10,10,10,0,0,0,0,0,0,0,0,0,0.00,0
1790796409,0,210203,0,378.91,368.79,256245759,15233712127,47110422527,63686311935,67746398207,717312,68719476735,23839438287.87,24112950523.34,156749,10,10,10,0,0,0,0,0,0,0,0,0,0.00,0
1790796410,0,210709,0,379.14,506.06,256245759,15233712127,47110422527,63686311935,67746398207,717312,68719476735,23839438287.87,24112950523.34,156749,10,10,10,0,0,0,0,0,0,0,0,0,0.00,0
1790796411,0,211116,0,379.19,406.77,256245759,15233712127,47110422527,63686311935,67746398207,717312,68719476735,23839438287.87,24112950523.34,156749,10,10,10,0,0,0,0,0,0,0,0,0,0.00,0
1790796412,0,211558,0,379.30,442.31,256245759,15233712127,47110422527,63686311935,67746398207,717312,68719476735,23839438287.87,24112950523.34,156749,10,10,10,0,0,0,0,0,0,0,0,0,0.00,0
1790796413,0,211969,0,379.36,411.07,256245759,15233712127,47110422527,63686311935,67746398207,717312,68719476735,23839438287.87,24112950523.34,156749,10,10,10,0,0,0,0,0,0,0,0,0,0.00,0
1790796414,0,212490,0,379.61,521.00,256245759,15233712127,47110422527,63686311935,67746398207,717312,68719476735,23839438287.87,24112950523.34,156749,10,10,10,0,0,0,0,0,0,0,0,0,0.00,0
1790796415,0,212918,0,379.70,428.00,256245759,15233712127,47110422527,63686311935,67746398207,717312,68719476735,23839438287.87,24112950523.34,156749,10,10,10,0,0,0,0,0,0,0,0,0,0.00,0
1790796416,0,213329,0,379.75,410.92,256245759,15233712127,47110422527,63686311935,67746398207,717312,68719476735,23839438287.87,24112950523.34,156749,10,10,10,0,0,0,0,0,0,0,0,0,0.00,0
1790796417,0,213702,0,379.74,373.07,256245759,15233712127,47110422527,63686311935,67746398207,717312,68719476735,23839438287.87,24112950523.34,156749,10,10,10,0,0,0,0,0,0,0,0,0,0.00,0
1790796418,0,214076,0,379.73,374.01,256245759,15233712127,47110422527,63686311935,67746398207,717312,68719476735,23839438287.87,24112950523.34,156749,10,10,10,0,0,0,0,0,0,0,0,0,0.00,0
1790796419,0,214445,0,379.71,368.89,256245759,15233712127,47110422527,63686311935,67746398207,717312,68719476735,23839438287.87,24112950523.34,156749,10,10,10,0,0,0,0,0,0,0,0,0,0.00,0
1790796420,0,214880,0,379.81,434.98,256245759,15233712127,47110422527,63686311935,67746398207,717312,68719476735,23839438287.87,24112950523.34,156749,10,10,10,0,0,0,0,0,0,0,0,0,0.00,0
1790796421,0,215266,0,379.82,386.09,256245759,15233712127,47110422527,63686311935,67746398207,717312,68719476735,23839438287.87,24112950523.34,156749,10,10,10,0,0,0,0,0,0,0,0,0,0.00,0
1790796422,0,215648,0,379.83,382.02,256245759,15233712127,47110422527,63686311935,67746398207,717312,68719476735,23839438287.87,24112950523.34,156749,10,10,10,0,0,0,0,0,0,0,0,0,0.00,0
1790796423,0,216049,0,379.86,400.84,256245759,15233712127,47110422527,63686311935,67746398207,717312,68719476735,23839438287.87,24112950523.34,156749,10,10,10,0,0,0,0,0,0,0,0,0,0.00,0
1790796424,0,216411,0,379.83,361.84,256245759,15233712127,47110422527,63686311935,67746398207,717312,68719476735,23839438287.87,24112950523.34,156749,10,10,10,0,0,0,0,0,0,0,0,0,0.00,0
1790796425,0,216720,0,379.71,309.09,256245759,15233712127,47110422527,63686311935,67746398207,717312,68719476735,23839438287.87,24112950523.34,156749,10,10,10,0,0,0,0,0,0,0,0,0,0.00,0
1790796426,0,217177,0,379.84,457.16,256245759,15233712127,47110422527,63686311935,67746398207,717312,68719476735,23839438287.87,24112950523.34,156749,10,10,10,0,0,0,0,0,0,0,0,0,0.00,0
1790796427,0,217581,0,379.88,404.13,256245759,15233712127,47110422527,63686311935,67746398207,717312,68719476735,23839438287.87,24112950523.34,156749,10,10,10,0,0,0,0,0,0,0,0,0,0.00,0
1790796428,0,218099,0,380.12,517.73,256245759,15233712127,47110422527,63686311935,67746398207,717312,68719476735,23839438287.87,24112950523.34,156749,10,10,10,0,0,0,0,0,0,0,0,0,0.00,0
1790796429,0,218840,0,380.75,741.29,256245759,15233712127,47110422527,63686311935,67746398207,717312,68719476735,23839438287.87,24112950523.34,156749,10,10,10,0,0,0,0,0,0,0,0,0,0.00,0
1790796430,0,219378,0,381.03,537.87,256245759,15233712127,47110422527,63686311935,67746398207,717312,68719476735,23839438287.87,24112950523.34,156749,10,10,10,0,0,0,0,0,0,0,0,0,0.00,0
1790796431,0,219866,0,381.21,487.81,256245759,15233712127,47110422527,63686311935,67746398207,717312,68719476735,23839438287.87,24112950523.34,156749,10,10,10,0,0,0,0,0,0,0,0,0,0.00,0
1790796432,0,220285,0,381.28,419.32,256245759,15233712127,47110422527,63686311935,67746398207,717312,68719476735,23839438287.87,24112950523.34,156749,10,10,10,0,0,0,0,0,0,0,0,0,0.00,0
1790796433,0,220662,0,381.27,376.69,256245759,15233712127,47110422527,63686311935,67746398207,717312,68719476735,23839438287.87,24112950523.34,156749,10,10,10,0,0,0,0,0,0,0,0,0,0.00,0
1790796434,0,221050,0,381.28,388.08,256245759,15233712127,47110422527,63686311935,67746398207,717312,68719476735,23839438287.87,24112950523.34,156749,10,10,10,0,0,0,0,0,0,0,0,0,0.00,0
1790796435,0,221484,0,381.37,434.23,256245759,15233712127,47110422527,63686311935,67746398207,717312,68719476735,23839438287.87,24112950523.34,156749,10,10,10,0,0,0,0,0,0,0,0,0,0.00,0
1790796436,0,221926,0,381.48,442.00,256245759,15233712127,47110422527,63686311935,67746398207,717312,68719476735,23839438287.87,24112950523.34,156749,10,10,10,0,0,0,0,0,0,0,0,0,0.00,0
1790796437,0,222301,0,381.46,374.90,256245759,15233712127,47110422527,63686311935,67746398207,717312,68719476735,23839438287.87,24112950523.34,156749,10,10,10,0,0,0,0,0,0,0,0,0,0.00,0
1790796438,0,222602,0,381.33,301.11,256245759,15233712127,47110422527,63686311935,67746398207,717312,68719476735,23839438287.87,24112950523.34,156749,10,10,10,0,0,0,0,0,0,0,0,0,0.00,0
1790796439,0,223073,0,381.48,470.93,256245759,15233712127,47110422527,63686311935,67746398207,717312,68719476735,23839438287.87,24112950523.34,156749,10,10,10,0,0,0,0,0,0,0,0,0,0.00,0
1790796440,0,223512,0,381.58,438.98,256245759,15233712127,47110422527,63686311935,67746398207,717312,68719476735,23839438287.87,24112950523.34,156749,10,10,10,0,0,0,0,0,0,0,0,0,0.00,0
1790796441,0,223945,0,381.67,432.85,256245759,15233712127,47110422527,63686311935,67746398207,717312,68719476735,23839438287.87,24112950523.34,156749,10,10,10,0,0,0,0,0,0,0,0,0,0.00,0
1790796442,0,224357,0,381.72,411.92,256245759,15233712127,47110422527,63686311935,67746398207,717312,68719476735,23839438287.87,24112950523.34,156749,10,10,10,0,0,0,0,0,0,0,0,0,0.00,0
1790796443,0,224815,0,381.85,458.01,256245759,15233712127,47110422527,63686311935,67746398207,717312,68719476735,23839438287.87,24112950523.34,156749,10,10,10,0,0,0,0,0,0,0,0,0,0.00,0
1790796444,0,225239,0,381.92,424.20,256245759,15233712127,47110422527,63686311935,67746398207,717312,68719476735,23839438287.87,24112950523.34,156749,10,10,10,0,0,0,0,0,0,0,0,0,0.00,0
1790796445,0,225680,0,382.02,440.82,256245759,15233712127,47110422527,63686311935,67746398207,717312,68719476735,23839438287.87,24112950523.34,156749,10,10,10,0,0,0,0,0,0,0,0,0,0.00,0
1790796446,0,226083,0,382.05,403.14,256245759,15233712127,47110422527,63686311935,67746398207,717312,68719476735,23839438287.87,24112950523.34,156749,10,10,10,0,0,0,0,0,0,0,0,0,0.00,0
1790796447,0,226481,0,382.08,397.97,256245759,15233712127,47110422527,63686311935,67746398207,717312,68719476735,23839438287.87,24112950523.34,156749,10,10,10,0,0,0,0,0,0,0,0,0,0.00,0
1790796448,0,226883,0,382.12,402.12,256245759,15233712127,47110422527,63686311935,67746398207,717312,68719476735,23839438287.87,24112950523.34,156749,10,10,10,0,0,0,0,0,0,0,0,0,0.00,0
1790796449,0,227311,0,382.19,428.03,256245759,15233712127,47110422527,63686311935,67746398207,717312,68719476735,23839438287.87,24112950523.34,156749,10,10,10,0,0,0,0,0,0,0,0,0,0.00,0
1790796450,0,227740,0,382.27,428.66,256245759,15233712127,47110422527,63686311935,67746398207,717312,68719476735,23839438287.87,24112950523.34,156749,10,10,10,0,0,0,0,0,0,0,0,0,0.00,0
1790796451,0,228110,0,382.25,370.25,256245759,15233712127,47110422527,63686311935,67746398207,717312,68719476735,23839438287.87,24112950523.34,156749,10,10,10,0,0,0,0,0,0,0,0,0,0.00,0
1790796452,0,228500,0,382.26,390.01,256245759,15233712127,47110422527,63686311935,67746398207,717312,68719476735,23839438287.87,24112950523.34,156749,10,10,10,0,0,0,0,0,0,0,0,0,0.00,0
1790796453,0,228950,0,382.38,450.00,256245759,15233712127,47110422527,63686311935,67746398207,717312,68719476735,23839438287.87,24112950523.34,156749,10,10,10,0,0,0,0,0,0,0,0,0,0.00,0
1790796454,0,229683,0,382.96,732.91,256245759,15233712127,47110422527,63686311935,67746398207,717312,68719476735,23839438287.87,24112950523.34,156749,10,10,10,0,0,0,0,0,0,0,0,0,0.00,0
1790796455,0,230244,0,383.26,560.65,256245759,15233712127,47110422527,63686311935,67746398207,717312,68719476735,23839438287.87,24112950523.34,156749,10,10,10,0,0,0,0,0,0,0,0,0,0.00,0
1790796456,0,230614,0,383.23,370.01,256245759,15233712127,47110422527,63686311935,67746398207,717312,68719476735,23839438287.87,24112950523.34,156749,10,10,10,0,0,0,0,0,0,0,0,0,0.00,0
1790796457,0,231213,0,383.59,599.21,256245759,15233712127,47110422527,63686311935,67746398207,717312,68719476735,23839438287.87,24112950523.34,156749,10,10,10,0,0,0,0,0,0,0,0,0,0.00,0
1790796458,0,231826,0,383.97,613.31,256245759,15233712127,47110422527,63686311935,67746398207,717312,68719476735,23839438287.87,24112950523.34,156749,10,10,10,0,0,0,0,0,0,0,0,0,0.00,0
1790796459,0,232188,0,383.94,361.73,256245759,15233712127,47110422527,63686311935,67746398207,717312,68719476735,23839438287.87,24112950523.34,156749,10,10,10,0,0,0,0,0,0,0,0,0,0.00,0
1790796460,0,232556,0,383.91,368.28,256245759,15233712127,47110422527,63686311935,67746398207,717312,68719476735,23839438287.87,24112950523.34,156749,10,10,10,0,0,0,0,0,0,0,0,0,0.00,0
1790796461,0,233037,0,384.07,480.95,256245759,15233712127,47110422527,63686311935,67746398207,717312,68719476735,23839438287.87,24112950523.34,156749,10,10,10,0,0,0,0,0,0,0,0,0,0.00,0
1790796462,0,233465,0,384.14,427.62,256245759,15233712127,47110422527,63686311935,67746398207,717312,68719476735,23839438287.87,24112950523.34,156749,10,10,10,0,0,0,0,0,0,0,0,0,0.00,0
1790796463,0,233962,0,384.33,497.31,256245759,15233712127,47110422527,63686311935,67746398207,717312,68719476735,23839438287.87,24112950523.34,156749,10,10,10,0,0,0,0,0,0,0,0,0,0.00,0
1790796464,0,234446,0,384.49,483.98,256245759,15233712127,47110422527,63686311935,67746398207,717312,68719476735,23839438287.87,24112950523.34,156749,10,10,10,0,0,0,0,0,0,0,0,0,0.00,0
1790796465,0,234880,0,384.57,433.97,256245759,15233712127,47110422527,63686311935,67746398207,717312,68719476735,23839438287.87,24112950523.34,156749,10,10,10,0,0,0,0,0,0,0,0,0,0.00,0
1790796466,0,235410,0,384.81,530.16,256245759,15233712127,47110422527,63686311935,67746398207,717312,68719476735,23839438287.87,24112950523.34,156749,10,10,10,0,0,0,0,0,0,0,0,0,0.00,0
1790796467,0,235879,0,384.95,468.81,256245759,15233712127,47110422527,63686311935,67746398207,717312,68719476735,23839438287.87,24112950523.34,156749,10,10,10,0,0,0,0,0,0,0,0,0,0.00,0
1790796468,0,236379,0,385.13,499.94,256245759,15233712127,47110422527,63686311935,67746398207,717312,68719476735,23839438287.87,24112950523.34,156749,10,10,10,0,0,0,0,0,0,0,0,0,0.00,0
1790796469,0,236770,0,385.14,391.17,256245759,15233712127,47110422527,63686311935,67746398207,717312,68719476735,23839438287.87,24112950523.34,156749,10,10,10,0,0,0,0,0,0,0,0,0,0.00,0
1790796470,0,237140,0,385.12,369.96,256245759,15233712127,47110422527,63686311935,67746398207,717312,68719476735,23839438287.87,24112950523.34,156749,10,10,10,0,0,0,0,0,0,0,0,0,0.00,0
1790796471,0,237538,0,385.14,397.83,256245759,15233712127,47110422527,63686311935,67746398207,717312,68719476735,23839438287.87,24112950523.34,156749,10,10,10,0,0,0,0,0,0,0,0,0,0.00,0
1790796472,0,237880,0,385.07,342.10,256245759,15233712127,47110422527,63686311935,67746398207,717312,68719476735,23839438287.87,24112950523.34,156749,10,10,10,0,0,0,0,0,0,0,0,0,0.00,0
1790796473,0,238330,0,385.18,449.80,256245759,15233712127,47110422527,63686311935,67746398207,717312,68719476735,23839438287.87,24112950523.34,156749,10,10,10,0,0,0,0,0,0,0,0,0,0.00,0
1790796474,0,238866,0,385.42,536.52,256245759,15233712127,47110422527,63686311935,67746398207,717312,68719476735,23839438287.87,24112950523.34,156749,10,10,10,0,0,0,0,0,0,0,0,0,0.00,0
1790796475,0,239293,0,385.49,426.57,256245759,15233712127,47110422527,63686311935,67746398207,717312,68719476735,23839438287.87,24112950523.34,156749,10,10,10,0,0,0,0,0,0,0,0,0,0.00,0
1790796476,0,239730,0,385.57,437.10,256245759,15233712127,47110422527,63686311935,67746398207,717312,68719476735,23839438287.87,24112950523.34,156749,10,10,10,0,0,0,0,0,0,0,0,0,0.00,0
1790796477,0,240150,0,385.62,420.00,256245759,15233712127,47110422527,63686311935,67746398207,717312,68719476735,23839438287.87,24112950523.34,156749,10,10,10,0,0,0,0,0,0,0,0,0,0.00,0
1790796478,0,240529,0,385.61,379.03,256245759,15233712127,47110422527,63686311935,67746398207,717312,68719476735,23839438287.87,24112950523.34,156749,10,10,10,0,0,0,0,0,0,0,0,0,0.00,0
1790796479,0,241049,0,385.83,519.94,256245759,15233712127,47110422527,63686311935,67746398207,717312,68719476735,23839438287.87,24112950523.34,156749,10,10,10,0,0,0,0,0,0,0,0,0,0.00,0
1790796480,0,241780,0,386.38,730.92,256245759,15233712127,47110422527,63686311935,67746398207,717312,68719476735,23839438287.87,24112950523.34,156749,10,10,10,0,0,0,0,0,0,0,0,0,0.00,0
1790796481,0,242199,0,386.43,418.95,256245759,15233712127,47110422527,63686311935,67746398207,717312,68719476735,23839438287.87,24112950523.34,156749,10,10,10,0,0,0,0,0,0,0,0,0,0.00,0
1790796482,0,242600,0,386.46,401.05,256245759,15233712127,47110422527,63686311935,67746398207,717312,68719476735,23839438287.87,24112950523.34,156749,10,10,10,0,0,0,0,0,0,0,0,0,0.00,0
1790796483,0,242978,0,386.44,378.17,256245759,15233712127,47110422527,63686311935,67746398207,717312,68719476735,23839438287.87,24112950523.34,156749,10,10,10,0,0,0,0,0,0,0,0,0,0.00,0
1790796484,0,243419,0,386.53,441.13,256245759,15233712127,47110422527,63686311935,67746398207,717312,68719476735,23839438287.87,24112950523.34,156749,10,10,10,0,0,0,0,0,0,0,0,0,0.00,0
1790796485,0,243809,0,386.53,390.04,256245759,15233712127,47110422527,63686311935,67746398207,717312,68719476735,23839438287.87,24112950523.34,156749,10,10,10,0,0,0,0,0,0,0,0,0,0.00,0
1790796486,0,244229,0,386.59,419.61,256245759,15233712127,47110422527,63686311935,67746398207,717312,68719476735,23839438287.87,24112950523.34,156749,10,10,10,0,0,0,0,0,0,0,0,0,0.00,0
1790796487,0,244684,0,386.70,455.17,256245759,15233712127,47110422527,63686311935,67746398207,717312,68719476735,23839438287.87,24112950523.34,156749,10,10,10,0,0,0,0,0,0,0,0,0,0.00,0
1790796488,0,245150,0,386.82,465.95,256245759,15233712127,47110422527,63686311935,67746398207,717312,68719476735,23839438287.87,24112950523.34,156749,10,10,10,0,0,0,0,0,0,0,0,0,0.00,0
1790796489,0,245537,0,386.82,386.94,256245759,15233712127,47110422527,63686311935,67746398207,717312,68719476735,23839438287.87,24112950523.34,156749,10,10,10,0,0,0,0,0,0,0,0,0,0.00,0
1790796490,0,246030,0,386.99,493.22,256245759,15233712127,47110422527,63686311935,67746398207,717312,68719476735,23839438287.87,24112950523.34,156749,10,10,10,0,0,0,0,0,0,0,0,0,0.00,0
1790796491,0,246601,0,387.28,571.13,256245759,15233712127,47110422527,63686311935,67746398207,717312,68719476735,23839438287.87,24112950523.34,156749,10,10,10,0,0,0,0,0,0,0,0,0,0.00,0
1790796492,0,247069,0,387.40,467.99,256245759,15233712127,47110422527,63686311935,67746398207,717312,68719476735,23839438287.87,24112950523.34,156749,10,10,10,0,0,0,0,0,0,0,0,0,0.00,0
1790796493,0,247592,0,387.62,523.00,256245759,15233712127,47110422527,63686311935,67746398207,717312,68719476735,23839438287.87,24112950523.34,156749,10,10,10,0,0,0,0,0,0,0,0,0,0.00,0
1790796494,0,248079,0,387.77,486.81,256245759,15233712127,47110422527,63686311935,67746398207,717312,68719476735,23839438287.87,24112950523.34,156749,10,10,10,0,0,0,0,0,0,0,0,0,0.00,0
1790796495,0,248507,0,387.83,428.22,256245759,15233712127,47110422527,63686311935,67746398207,717312,68719476735,23839438287.87,24112950523.34,156749,10,10,10,0,0,0,0,0,0,0,0,0,0.00,0
1790796496,0,249029,0,388.04,522.06,256245759,15233712127,47110422527,63686311935,67746398207,717312,68719476735,23839438287.87,24112950523.34,156749,10,10,10,0,0,0,0,0,0,0,0,0,0.00,0
1790796497,0,249439,0,388.08,409.90,256245759,15233712127,47110422527,63686311935,67746398207,717312,68719476735,23839438287.87,24112950523.34,156749,10,10,10,0,0,0,0,0,0,0,0,0,0.00,0
1790796498,0,249905,0,388.20,465.92,256245759,15233712127,47110422527,63686311935,67746398207,717312,68719476735,23839438287.87,24112950523.34,156749,10,10,10,0,0,0,0,0,0,0,0,0,0.00,0
1790796499,0,250306,0,388.22,401.02,256245759,15233712127,47110422527,63686311935,67746398207,717312,68719476735,23839438287.87,24112950523.34,156749,10,10,10,0,0,0,0,0,0,0,0,0,0.00,0
1790796500,0,250700,0,388.23,393.87,256245759,15233712127,47110422527,63686311935,67746398207,717312,68719476735,23839438287.87,24112950523.34,156749,10,10,10,0,0,0,0,0,0,0,0,0,0.00,0
1790796501,0,251092,0,388.23,392.01,256245759,15233712127,47110422527,63686311935,67746398207,717312,68719476735,23839438287.87,24112950523.34,156749,10,10,10,0,0,0,0,0,0,0,0,0,0.00,0
1790796502,0,251531,0,388.31,439.01,256245759,15233712127,47110422527,63686311935,67746398207,717312,68719476735,23839438287.87,24112950523.34,156749,10,10,10,0,0,0,0,0,0,0,0,0,0.00,0
1790796503,0,251938,0,388.34,407.04,256245759,15233712127,47110422527,63686311935,67746398207,717312,68719476735,23839438287.87,24112950523.34,156749,10,10,10,0,0,0,0,0,0,0,0,0,0.00,0
1790796504,0,252289,0,388.28,351.11,256245759,15233712127,47110422527,63686311935,67746398207,717312,68719476735,23839438287.87,24112950523.34,156749,10,10,10,0,0,0,0,0,0,0,0,0,0.00,0
1790796505,0,252743,0,388.38,453.98,256245759,15233712127,47110422527,63686311935,67746398207,717312,68719476735,23839438287.87,24112950523.34,156749,10,10,10,0,0,0,0,0,0,0,0,0,0.00,0
1790796506,0,253229,0,388.53,485.91,256245759,15233712127,47110422527,63686311935,67746398207,717312,68719476735,23839438287.87,24112950523.34,156749,10,10,10,0,0,0,0,0,0,0,0,0,0.00,0
1790796507,0,253660,0,388.60,430.98,256245759,15233712127,47110422527,63686311935,67746398207,717312,68719476735,23839438287.87,24112950523.34,156749,10,10,10,0,0,0,0,0,0,0,0,0,0.00,0
1790796508,0,253975,0,388.49,314.84,256245759,15233712127,47110422527,63686311935,67746398207,717312,68719476735,23839438287.87,24112950523.34,156749,10,10,10,0,0,0,0,0,0,0,0,0,0.00,0
1790796509,0,254401,0,388.54,426.27,256245759,15233712127,47110422527,63686311935,67746398207,717312,68719476735,23839438287.87,24112950523.34,156749,10,10,10,0,0,0,0,0,0,0,0,0,0.00,0
1790796510,0,254882,0,388.68,481.04,256245759,15233712127,47110422527,63686311935,67746398207,717312,68719476735,23839438287.87,24112950523.34,156749,10,10,10,0,0,0,0,0,0,0,0,0,0.00,0
1790796511,0,255360,0,388.82,477.74,256245759,15233712127,47110422527,63686311935,67746398207,717312,68719476735,23839438287.87,24112950523.34,156749,10,10,10,0,0,0,0,0,0,0,0,0,0.00,0
1790796512,0,255669,0,388.70,309.21,256245759,15233712127,47110422527,63686311935,67746398207,717312,68719476735,23839438287.87,24112950523.34,156749,10,10,10,0,0,0,0,0,0,0,0,0,0.00,0
1790796513,0,256102,0,388.77,432.86,256245759,15233712127,47110422527,63686311935,67746398207,717312,68719476735,23839438287.87,24112950523.34,156749,10,10,10,0,0,0,0,0,0,0,0,0,0.00,0
1790796514,0,256490,0,388.76,388.09,256245759,15233712127,47110422527,63686311935,67746398207,717312,68719476735,23839438287.87,24112950523.34,156749,10,10,10,0,0,0,0,0,0,0,0,0,0.00,0
1790796515,0,257278,0,389.37,788.11,256245759,15233712127,47110422527,63686311935,67746398207,717312,68719476735,23839438287.87,24112950523.34,156749,10,10,10,0,0,0,0,0,0,0,0,0,0.00,0
1790796516,0,257680,0,389.39,401.64,256245759,15233712127,47110422527,63686311935,67746398207,717312,68719476735,23839438287.87,24112950523.34,156749,10,10,10,0,0,0,0,0,0,0,0,0,0.00,0
1790796517,0,258107,0,389.45,427.45,256245759,15233712127,47110422527,63686311935,67746398207,717312,68719476735,23839438287.87,24112950523.34,156749,10,10,10,0,0,0,0,0,0,0,0,0,0.00,0
1790796518,0,258515,0,389.47,407.67,256245759,15233712127,47110422527,63686311935,67746398207,717312,68719476735,23839438287.87,24112950523.34,156749,10,10,10,0,0,0,0,0,0,0,0,0,0.00,0
1790796519,0,259423,0,390.25,908.16,256245759,15233712127,47110422527,63686311935,67746398207,717312,68719476735,23839438287.87,24112950523.34,156749,10,10,10,0,0,0,0,0,0,0,0,0,0.00,0
1790796520,0,259709,0,390.10,285.90,256245759,15233712127,47110422527,63686311935,67746398207,717312,68719476735,23839438287.87,24112950523.34,156749,10,10,10,0,0,0,0,0,0,0,0,0,0.00,0
1790796521,0,260038,0,390.00,329.23,256245759,15233712127,47110422527,63686311935,67746398207,717312,68719476735,23839438287.87,24112950523.34,156749,10,10,10,0,0,0,0,0,0,0,0,0,0.00,0
1790796522,0,260413,0,389.98,375.09,256245759,15233712127,47110422527,63686311935,67746398207,717312,68719476735,23839438287.87,24112950523.34,156749,10,10,10,0,0,0,0,0,0,0,0,0,0.00,0
1790796523,0,260878,0,390.09,464.87,256245759,15233712127,47110422527,63686311935,67746398207,717312,68719476735,23839438287.87,24112950523.34,156749,10,10,10,0,0,0,0,0,0,0,0,0,0.00,0
1790796524,0,261269,0,390.10,390.89,256245759,15233712127,47110422527,63686311935,67746398207,717312,68719476735,23839438287.87,24112950523.34,156749,10,10,10,0,0,0,0,0,0,0,0,0,0.00,0
1790796525,0,261810,0,390.32,541.29,256245759,15233712127,47110422527,63686311935,67746398207,717312,68719476735,23839438287.87,24112950523.34,156749,10,10,10,0,0,0,0,0,0,0,0,0,0.00,0
1790796526,0,262216,0,390.34,405.68,256245759,15233712127,47110422527,63686311935,67746398207,717312,68719476735,23839438287.87,24112950523.34,156749,10,10,10,0,0,0,0,0,0,0,0,0,0.00,0
1790796527,0,262689,0,390.47,473.07,256245759,15233712127,47110422527,63686311935,67746398207,717312,68719476735,23839438287.87,24112950523.34,156749,10,10,10,0,0,0,0,0,0,0,0,0,0.00,0
1790796528,0,263127,0,390.54,438.29,256245759,15233712127,47110422527,63686311935,67746398207,717312,68719476735,23839438287.87,24112950523.34,156749,10,10,10,0,0,0,0,0,0,0,0,0,0.00,0
1790796529,0,263550,0,390.59,422.90,256245759,15233712127,47110422527,63686311935,67746398207,717312,68719476735,23839438287.87,24112950523.34,156749,10,10,10,0,0,0,0,0,0,0,0,0,0.00,0
1790796530,0,263923,0,390.56,373.02,256245759,15233712127,47110422527,63686311935,67746398207,717312,68719476735,23839438287.87,24112950523.34,156749,10,10,10,0,0,0,0,0,0,0,0,0,0.00,0
1790796531,0,264340,0,390.60,416.98,256245759,15233712127,47110422527,63686311935,67746398207,717312,68719476735,23839438287.87,24112950523.34,156749,10,10,10,0,0,0,0,0,0,0,0,0,0.00,0
1790796532,0,264760,0,390.64,419.88,256245759,15233712127,47110422527,63686311935,67746398207,717312,68719476735,23839438287.87,24112950523.34,156749,10,10,10,0,0,0,0,0,0,0,0,0,0.00,0
1790796533,0,265228,0,390.76,468.05,256245759,15233712127,47110422527,63686311935,67746398207,717312,68719476735,23839438287.87,24112950523.34,156749,10,10,10,0,0,0,0,0,0,0,0,0,0.00,0
1790796534,0,265608,0,390.74,380.00,256245759,15233712127,47110422527,63686311935,67746398207,717312,68719476735,23839438287.87,24112950523.34,156749,10,10,10,0,0,0,0,0,0,0,0,0,0.00,0
1790796535,0,266000,0,390.74,392.14,256245759,15233712127,47110422527,63686311935,67746398207,717312,68719476735,23839438287.87,24112950523.34,156749,10,10,10,0,0,0,0,0,0,0,0,0,0.00,0
1790796536,0,266400,0,390.76,399.85,256245759,15233712127,47110422527,63686311935,67746398207,717312,68719476735,23839438287.87,24112950523.34,156749,10,10,10,0,0,0,0,0,0,0,0,0,0.00,0
1790796537,0,266855,0,390.85,454.97,256245759,15233712127,47110422527,63686311935,67746398207,717312,68719476735,23839438287.87,24112950523.34,156749,10,10,10,0,0,0,0,0,0,0,0,0,0.00,0
1790796538,0,267409,0,391.09,554.12,256245759,15233712127,47110422527,63686311935,67746398207,717312,68719476735,23839438287.87,24112950523.34,156749,10,10,10,0,0,0,0,0,0,0,0,0,0.00,0
1790796539,0,267857,0,391.17,448.03,256245759,15233712127,47110422527,63686311935,67746398207,717312,68719476735,23839438287.87,24112950523.34,156749,10,10,10,0,0,0,0,0,0,0,0,0,0.00,0
1790796540,0,268249,0,391.17,391.76,256245759,15233712127,47110422527,63686311935,67746398207,717312,68719476735,23839438287.87,24112950523.34,156749,10,10,10,0,0,0,0,0,0,0,0,0,0.00,0
1790796541,0,268770,0,391.36,521.13,256245759,15233712127,47110422527,63686311935,67746398207,717312,68719476735,23839438287.87,24112950523.34,156749,10,10,10,0,0,0,0,0,0,0,0,0,0.00,0
1790796542,0,269974,0,392.54,1204.00,256245759,15233712127,47110422527,63686311935,67746398207,717312,68719476735,23839438287.87,24112950523.34,156749,10,10,10,0,0,0,0,0,0,0,0,0,0.00,0
1790796543,0,270415,0,392.61,440.88,256245759,15233712127,47110422527,63686311935,67746398207,717312,68719476735,23839438287.87,24112950523.34,156749,10,10,10,0,0,0,0,0,0,0,0,0,0.00,0
1790796544,0,270902,0,392.75,487.30,256245759,15233712127,47110422527,63686311935,67746398207,717312,68719476735,23839438287.87,24112950523.34,156749,10,10,10,0,0,0,0,0,0,0,0,0,0.00,0
1790796545,0,271330,0,392.80,427.75,256245759,15233712127,47110422527,63686311935,67746398207,717312,68719476735,23839438287.87,24112950523.34,156749,10,10,10,0,0,0,0,0,0,0,0,0,0.00,0
1790796546,0,271856,0,392.99,526.34,256245759,15233712127,47110422527,63686311935,67746398207,717312,68719476735,23839438287.87,24112950523.34,156749,10,10,10,0,0,0,0,0,0,0,0,0,0.00,0
1790796547,0,272260,0,393.01,403.95,256245759,15233712127,47110422527,63686311935,67746398207,717312,68719476735,23839438287.87,24112950523.34,156749,10,10,10,0,0,0,0,0,0,0,0,0,0.00,0
1790796548,0,272636,0,392.99,375.90,256245759,15233712127,47110422527,63686311935,67746398207,717312,68719476735,23839438287.87,24112950523.34,156749,10,10,10,0,0,0,0,0,0,0,0,0,0.00,0
1790796549,0,273110,0,393.10,474.06,256245759,15233712127,47110422527,63686311935,67746398207,717312,68719476735,23839438287.87,24112950523.34,156749,10,10,10,0,0,0,0,0,0,0,0,0,0.00,0
1790796550,0,273551,0,393.17,441.01,256245759,15233712127,47110422527,63686311935,67746398207,717312,68719476735,23839438287.87,24112950523.34,156749,10,10,10,0,0,0,0,0,0,0,0,0,0.00,0
1790796551,0,274010,0,393.27,458.85,256245759,15233712127,47110422527,63686311935,67746398207,717312,68719476735,23839438287.87,24112950523.34,156749,10,10,10,0,0,0,0,0,0,0,0,0,0.00,0
1790796552,0,274431,0,393.30,421.05,256245759,15233712127,47110422527,63686311935,67746398207,717312,68719476735,23839438287.87,24112950523.34,156749,10,10,10,0,0,0,0,0,0,0,0,0,0.00,0
1790796553,0,274890,0,393.40,459.16,256245759,15233712127,47110422527,63686311935,67746398207,717312,68719476735,23839438287.87,24112950523.34,156749,10,10,10,0,0,0,0,0,0,0,0,0,0.00,0
1790796554,0,275289,0,393.41,399.00,256245759,15233712127,47110422527,63686311935,67746398207,717312,68719476735,23839438287.87,24112950523.34,156749,10,10,10,0,0,0,0,0,0,0,0,0,0.00,0
1790796555,0,276110,0,394.02,820.77,256245759,15233712127,47110422527,63686311935,67746398207,717312,68719476735,23839438287.87,24112950523.34,156749,10,10,10,0,0,0,0,0,0,0,0,0,0.00,0
1790796556,0,276573,0,394.12,463.21,256245759,15233712127,47110422527,63686311935,67746398207,717312,68719476735,23839438287.87,24112950523.34,156749,10,10,10,0,0,0,0,0,0,0,0,0,0.00,0
1790796557,0,276953,0,394.10,379.95,256245759,15233712127,47110422527,63686311935,67746398207,717312,68719476735,23839438287.87,24112950523.34,156749,10,10,10,0,0,0,0,0,0,0,0,0,0.00,0
1790796558,0,277369,0,394.13,415.96,256245759,15233712127,47110422527,63686311935,67746398207,717312,68719476735,23839438287.87,24112950523.34,156749,10,10,10,0,0,0,0,0,0,0,0,0,0.00,0
1790796559,0,277840,0,394.24,471.04,256245759,15233712127,47110422527,63686311935,67746398207,717312,68719476735,23839438287.87,24112950523.34,156749,10,10,10,0,0,0,0,0,0,0,0,0,0.00,0
1790796560,0,278239,0,394.24,399.06,256245759,15233712127,47110422527,63686311935,67746398207,717312,68719476735,23839438287.87,24112950523.34,156749,10,10,10,0,0,0,0,0,0,0,0,0,0.00,0
1790796561,0,278547,0,394.12,308.00,256245759,15233712127,47110422527,63686311935,67746398207,717312,68719476735,23839438287.87,24112950523.34,156749,10,10,10,0,0,0,0,0,0,0,0,0,0.00,0
1790796562,0,279141,0,394.40,593.65,256245759,15233712127,47110422527,63686311935,67746398207,717312,68719476735,23839438287.87,24112950523.34,156749,10,10,10,0,0,0,0,0,0,0,0,0,0.00,0
1790796563,0,279487,0,394.33,346.06,256245759,15233712127,47110422527,63686311935,67746398207,717312,68719476735,23839438287.87,24112950523.34,156749,10,10,10,0,0,0,0,0,0,0,0,0,0.00,0
1790796564,0,279964,0,394.45,476.94,256245759,15233712127,47110422527,63686311935,67746398207,717312,68719476735,23839438287.87,24112950523.34,156749,10,10,10,0,0,0,0,0,0,0,0,0,0.00,0
1790796565,0,280354,0,394.44,390.11,256245759,15233712127,47110422527,63686311935,67746398207,717312,68719476735,23839438287.87,24112950523.34,156749,10,10,10,0,0,0,0,0,0,0,0,0,0.00,0
1790796566,0,280760,0,394.46,405.89,256245759,15233712127,47110422527,63686311935,67746398207,717312,68719476735,23839438287.87,24112950523.34,156749,10,10,10,0,0,0,0,0,0,0,0,0,0.00,0
1790796567,0,281127,0,394.42,366.97,256245759,15233712127,47110422527,63686311935,67746398207,717312,68719476735,23839438287.87,24112950523.34,156749,10,10,10,0,0,0,0,0,0,0,0,0,0.00,0
1790796568,0,281514,0,394.41,387.08,256245759,15233712127,47110422527,63686311935,67746398207,717312,68719476735,23839438287.87,24112950523.34,156749,10,10,10,0,0,0,0,0,0,0,0,0,0.00,0
1790796569,0,281798,0,394.26,284.01,256245759,15233712127,47110422527,63686311935,67746398207,717312,68719476735,23839438287.87,24112950523.34,156749,10,10,10,0,0,0,0,0,0,0,0,0,0.00,0
1790796570,0,282405,0,394.55,606.78,256245759,15233712127,47110422527,63686311935,67746398207,717312,68719476735,23839438287.87,24112950523.34,156749,10,10,10,0,0,0,0,0,0,0,0,0,0.00,0
1790796571,0,282934,0,394.74,529.05,256245759,15233712127,47110422527,63686311935,67746398207,717312,68719476735,23839438287.87,24112950523.34,156749,10,10,10,0,0,0,0,0,0,0,0,0,0.00,0
1790796572,0,283317,0,394.73,383.19,256245759,15233712127,47110422527,63686311935,67746398207,717312,68719476735,23839438287.87,24112950523.34,156749,10,10,10,0,0,0,0,0,0,0,0,0,0.00,0
1790796573,0,283891,0,394.98,574.07,256245759,15233712127,47110422527,63686311935,67746398207,717312,68719476735,23839438287.87,24112950523.34,156749,10,10,10,0,0,0,0,0,0,0,0,0,0.00,0
1790796574,0,284320,0,395.02,428.84,256245759,15233712127,47110422527,63686311935,67746398207,717312,68719476735,23839438287.87,24112950523.34,156749,10,10,10,0,0,0,0,0,0,0,0,0,0.00,0
1790796575,0,284781,0,395.11,461.04,256245759,15233712127,47110422527,63686311935,67746398207,717312,68719476735,23839438287.87,24112950523.34,156749,10,10,10,0,0,0,0,0,0,0,0,0,0.00,0
1790796576,0,285190,0,395.13,409.13,256245759,15233712127,47110422527,63686311935,67746398207,717312,68719476735,23839438287.87,24112950523.34,156749,10,10,10,0,0,0,0,0,0,0,0,0,0.00,0
1790796577,0,285580,0,395.13,389.82,256245759,15233712127,47110422527,63686311935,67746398207,717312,68719476735,23839438287.87,24112950523.34,156749,10,10,10,0,0,0,0,0,0,0,0,0,0.00,0
1790796578,0,286121,0,395.33,541.12,256245759,15233712127,47110422527,63686311935,67746398207,717312,68719476735,23839438287.87,24112950523.34,156749,10,10,10,0,0,0,0,0,0,0,0,0,0.00,0
1790796579,0,286610,0,395.46,488.80,256245759,15233712127,47110422527,63686311935,67746398207,717312,68719476735,23839438287.87,24112950523.34,156749,10,10,10,0,0,0,0,0,0,0,0,0,0.00,0
1790796580,0,286940,0,395.37,330.16,256245759,15233712127,47110422527,63686311935,67746398207,717312,68719476735,23839438287.87,24112950523.34,156749,10,10,10,0,0,0,0,0,0,0,0,0,0.00,0
1790796581,0,287317,0,395.34,376.85,256245759,15233712127,47110422527,63686311935,67746398207,717312,68719476735,23839438287.87,24112950523.34,156749,10,10,10,0,0,0,0,0,0,0,0,0,0.00,0
1790796582,0,287930,0,395.64,612.93,256245759,15233712127,47110422527,63686311935,67746398207,717312,68719476735,23839438287.87,24112950523.34,156749,10,10,10,0,0,0,0,0,0,0,0,0,0.00,0
1790796583,0,288307,0,395.62,377.24,256245759,15233712127,47110422527,63686311935,67746398207,717312,68719476735,23839438287.87,24112950523.34,156749,10,10,10,0,0,0,0,0,0,0,0,0,0.00,0
1790796584,0,288751,0,395.68,443.94,256245759,15233712127,47110422527,63686311935,67746398207,717312,68719476735,23839438287.87,24112950523.34,156749,10,10,10,0,0,0,0,0,0,0,0,0,0.00,0
1790796585,0,289188,0,395.74,436.97,256245759,15233712127,47110422527,63686311935,67746398207,717312,68719476735,23839438287.87,24112950523.34,156749,10,10,10,0,0,0,0,0,0,0,0,0,0.00,0
1790796586,0,289598,0,395.76,410.05,256245759,15233712127,47110422527,63686311935,67746398207,717312,68719476735,23839438287.87,24112950523.34,156749,10,10,10,0,0,0,0,0,0,0,0,0,0.00,0
1790796587,0,290080,0,395.88,482.05,256245759,15233712127,47110422527,63686311935,67746398207,717312,68719476735,23839438287.87,24112950523.34,156749,10,10,10,0,0,0,0,0,0,0,0,0,0.00,0
1790796588,0,290648,0,396.11,567.98,256245759,15233712127,47110422527,63686311935,67746398207,717312,68719476735,23839438287.87,24112950523.34,156749,10,10,10,0,0,0,0,0,0,0,0,0,0.00,0
1790796589,0,291057,0,396.13,408.98,256245759,15233712127,47110422527,63686311935,67746398207,717312,68719476735,23839438287.87,24112950523.34,156749,10,10,10,0,0,0,0,0,0,0,0,0,0.00,0
1790796590,0,291640,0,396.38,582.63,256245759,15233712127,47110422527,63686311935,67746398207,717312,68719476735,23839438287.87,24112950523.34,156749,10,10,10,0,0,0,0,0,0,0,0,0,0.00,0
1790796591,0,292183,0,396.58,543.11,256245759,15233712127,47110422527,63686311935,67746398207,717312,68719476735,23839438287.87,24112950523.34,156749,10,10,10,0,0,0,0,0,0,0,0,0,0.00,0
1790796592,0,292653,0,396.68,470.22,256245759,15233712127,47110422527,63686311935,67746398207,717312,68719476735,23839438287.87,24112950523.34,156749,10,10,10,0,0,0,0,0,0,0,0,0,0.00,0
1790796593,0,293083,0,396.73,429.94,256245759,15233712127,47110422527,63686311935,67746398207,717312,68719476735,23839438287.87,24112950523.34,156749,10,10,10,0,0,0,0,0,0,0,0,0,0.00,0
1790796594,0,293477,0,396.72,393.89,256245759,15233712127,47110422527,63686311935,67746398207,717312,68719476735,23839438287.87,24112950523.34,156749,10,10,10,0,0,0,0,0,0,0,0,0,0.00,0
1790796595,0,294052,0,396.96,575.14,256245759,15233712127,47110422527,63686311935,67746398207,717312,68719476735,23839438287.87,24112950523.34,156749,10,10,10,0,0,0,0,0,0,0,0,0,0.00,0
1790796596,0,294549,0,397.10,497.07,256245759,15233712127,47110422527,63686311935,67746398207,717312,68719476735,23839438287.87,24112950523.34,156749,10,10,10,0,0,0,0,0,0,0,0,0,0.00,0
1790796597,0,294918,0,397.06,369.06,256245759,15233712127,47110422527,63686311935,67746398207,717312,68719476735,23839438287.87,24112950523.34,156749,10,10,10,0,0,0,0,0,0,0,0,0,0.00,0
1790796598,0,295403,0,397.18,484.67,256245759,15233712127,47110422527,63686311935,67746398207,717312,68719476735,23839438287.87,24112950523.34,156749,10,10,10,0,0,0,0,0,0,0,0,0,0.00,0
1790796599,0,295778,0,397.15,375.17,256245759,15233712127,47110422527,63686311935,67746398207,717312,68719476735,23839438287.87,24112950523.34,156749,10,10,10,0,0,0,0,0,0,0,0,0,0.00,0
1790796600,0,296151,0,397.12,372.98,256245759,15233712127,47110422527,63686311935,67746398207,717312,68719476735,23839438287.87,24112950523.34,156749,10,10,10,0,0,0,0,0,0,0,0,0,0.00,0
1790796601,0,296681,0,397.29,529.65,256245759,15233712127,47110422527,63686311935,67746398207,717312,68719476735,23839438287.87,24112950523.34,156749,10,10,10,0,0,0,0,0,0,0,0,0,0.00,0
1790796602,0,297099,0,397.32,418.28,256245759,15233712127,47110422527,63686311935,67746398207,717312,68719476735,23839438287.87,24112950523.34,156749,10,10,10,0,0,0,0,0,0,0,0,0,0.00,0
1790796603,0,297508,0,397.34,409.00,256245759,15233712127,47110422527,63686311935,67746398207,717312,68719476735,23839438287.87,24112950523.34,156749,10,10,10,0,0,0,0,0,0,0,0,0,0.00,0
1790796604,0,297931,0,397.37,422.74,256245759,15233712127,47110422527,63686311935,67746398207,717312,68719476735,23839438287.87,24112950523.34,156749,10,10,10,0,0,0,0,0,0,0,0,0,0.00,0
1790796605,0,298317,0,397.36,386.21,256245759,15233712127,47110422527,63686311935,67746398207,717312,68719476735,23839438287.87,24112950523.34,156749,10,10,10,0,0,0,0,0,0,0,0,0,0.00,0
1790796606,0,298886,0,397.58,568.93,256245759,15233712127,47110422527,63686311935,67746398207,717312,68719476735,23839438287.87,24112950523.34,156749,10,10,10,0,0,0,0,0,0,0,0,0,0.00,0
1790796607,0,299542,0,397.93,656.02,256245759,15233712127,47110422527,63686311935,67746398207,717312,68719476735,23839438287.87,24112950523.34,156749,10,10,10,0,0,0,0,0,0,0,0,0,0.00,0
1790796608,0,299991,0,397.99,449.02,256245759,15233712127,47110422527,63686311935,67746398207,717312,68719476735,23839438287.87,24112950523.34,156749,10,10,10,0,0,0,0,0,0,0,0,0,0.00,0
1790796609,0,300490,0,398.13,499.16,256245759,15233712127,47110422527,63686311935,67746398207,717312,68719476735,23839438287.87,24112950523.34,156749,10,10,10,0,0,0,0,0,0,0,0,0,0.00,0
1790796610,0,301010,0,398.29,519.82,256245759,15233712127,47110422527,63686311935,67746398207,717312,68719476735,23839438287.87,24112950523.34,156749,10,10,10,0,0,0,0,0,0,0,0,0,0.00,0
1790796611,0,301510,0,398.42,499.76,256245759,15233712127,47110422527,63686311935,67746398207,717312,68719476735,23839438287.87,24112950523.34,156749,10,10,10,0,0,0,0,0,0,0,0,0,0.00,0
1790796612,0,302331,0,398.98,820.97,256245759,15233712127,47110422527,63686311935,67746398207,717312,68719476735,23839438287.87,24112950523.34,156749,10,10,10,0,0,0,0,0,0,0,0,0,0.00,0
1790796613,0,302824,0,399.11,493.05,256245759,15233712127,47110422527,63686311935,67746398207,717312,68719476735,23839438287.87,24112950523.34,156749,10,10,10,0,0,0,0,0,0,0,0,0,0.00,0
1790796614,0,303221,0,399.10,397.01,256245759,15233712127,47110422527,63686311935,67746398207,717312,68719476735,23839438287.87,24112950523.34,156749,10,10,10,0,0,0,0,0,0,0,0,0,0.00,0
1790796615,0,303718,0,399.23,497.31,256245759,15233712127,47110422527,63686311935,67746398207,717312,68719476735,23839438287.87,24112950523.34,156749,10,10,10,0,0,0,0,0,0,0,0,0,0.00,0
1790796616,0,304074,0,399.18,356.05,256245759,15233712127,47110422527,63686311935,67746398207,717312,68719476735,23839438287.87,24112950523.34,156749,10,10,10,0,0,0,0,0,0,0,0,0,0.00,0
1790796617,0,304479,0,399.18,404.78,256245759,15233712127,47110422527,63686311935,67746398207,717312,68719476735,23839438287.87,24112950523.34,156749,10,10,10,0,0,0,0,0,0,0,0,0,0.00,0
1790796618,0,304920,0,399.24,441.08,256245759,15233712127,47110422527,63686311935,67746398207,717312,68719476735,23839438287.87,24112950523.34,156749,10,10,10,0,0,0,0,0,0,0,0,0,0.00,0
1790796619,0,305326,0,399.25,405.99,256245759,15233712127,47110422527,63686311935,67746398207,717312,68719476735,23839438287.87,24112950523.34,156749,10,10,10,0,0,0,0,0,0,0,0,0,0.00,0
1790796620,0,305776,0,399.31,450.04,256245759,15233712127,47110422527,63686311935,67746398207,717312,68719476735,23839438287.87,24112950523.34,156749,10,10,10,0,0,0,0,0,0,0,0,0,0.00,0
1790796621,0,306156,0,399.29,380.04,256245759,15233712127,47110422527,63686311935,67746398207,717312,68719476735,23839438287.87,24112950523.34,156749,10,10,10,0,0,0,0,0,0,0,0,0,0.00,0
1790796622,0,306644,0,399.40,487.85,256245759,15233712127,47110422527,63686311935,67746398207,717312,68719476735,23839438287.87,24112950523.34,156749,10,10,10,0,0,0,0,0,0,0,0,0,0.00,0
1790796623,0,307063,0,399.43,418.84,256245759,15233712127,47110422527,63686311935,67746398207,717312,68719476735,23839438287.87,24112950523.34,156749,10,10,10,0,0,0,0,0,0,0,0,0,0.00,0
1790796624,0,307567,0,399.56,504.08,256245759,15233712127,47110422527,63686311935,67746398207,717312,68719476735,23839438287.87,24112950523.34,156749,10,10,10,0,0,0,0,0,0,0,0,0,0.00,0
1790796625,0,308066,0,399.69,499.13,256245759,15233712127,47110422527,63686311935,67746398207,717312,68719476735,23839438287.87,24112950523.34,156749,10,10,10,0,0,0,0,0,0,0,0,0,0.00,0
1790796626,0,308520,0,399.76,453.81,256245759,15233712127,47110422527,63686311935,67746398207,717312,68719476735,23839438287.87,24112950523.34,156749,10,10,10,0,0,0,0,0,0,0,0,0,0.00,0
1790796627,0,308925,0,399.77,405.16,256245759,15233712127,47110422527,63686311935,67746398207,717312,68719476735,23839438287.87,24112950523.34,156749,10,10,10,0,0,0,0,0,0,0,0,0,0.00,0
1790796628,0,309418,0,399.89,492.95,256245759,15233712127,47110422527,63686311935,67746398207,717312,68719476735,23839438287.87,24112950523.34,156749,10,10,10,0,0,0,0,0,0,0,0,0,0.00,0
1790796629,0,309833,0,399.91,414.92,256245759,15233712127,47110422527,63686311935,67746398207,717312,68719476735,23839438287.87,24112950523.34,156749,10,10,10,0,0,0,0,0,0,0,0,0,0.00,0
1790796630,0,310381,0,400.10,547.94,256245759,15233712127,47110422527,63686311935,67746398207,717312,68719476735,23839438287.87,24112950523.34,156749,10,10,10,0,0,0,0,0,0,0,0,0,0.00,0
1790796631,0,310989,0,400.37,608.37,256245759,15233712127,47110422527,63686311935,67746398207,717312,68719476735,23839438287.87,24112950523.34,156749,10,10,10,0,0,0,0,0,0,0,0,0,0.00,0
1790796632,0,311397,0,400.38,408.08,256245759,15233712127,47110422527,63686311935,67746398207,717312,68719476735,23839438287.87,24112950523.34,156749,10,10,10,0,0,0,0,0,0,0,0,0,0.00,0
1790796633,0,311972,0,400.60,574.90,256245759,15233712127,47110422527,63686311935,67746398207,717312,68719476735,23839438287.87,24112950523.34,156749,10,10,10,0,0,0,0,0,0,0,0,0,0.00,0
1790796634,0,312499,0,400.77,527.01,256245759,15233712127,47110422527,63686311935,67746398207,717312,68719476735,23839438287.87,24112950523.34,156749,10,10,10,0,0,0,0,0,0,0,0,0,0.00,0
1790796635,0,312980,0,400.87,480.92,256245759,15233712127,47110422527,63686311935,67746398207,717312,68719476735,23839438287.87,24112950523.34,156749,10,10,10,0,0,0,0,0,0,0,0,0,0.00,0
1790796636,0,313327,0,400.80,346.90,256245759,15233712127,47110422527,63686311935,67746398207,717312,68719476735,23839438287.87,24112950523.34,156749,10,10,10,0,0,0,0,0,0,0,0,0,0.00,0
1790796637,0,313790,0,400.88,462.96,256245759,15233712127,47110422527,63686311935,67746398207,717312,68719476735,23839438287.87,24112950523.34,156749,10,10,10,0,0,0,0,0,0,0,0,0,0.00,0
1790796638,0,314372,0,401.11,582.46,256245759,15233712127,47110422527,63686311935,67746398207,717312,68719476735,23839438287.87,24112950523.34,156749,10,10,10,0,0,0,0,0,0,0,0,0,0.00,0
1790796639,0,314829,0,401.18,456.91,256245759,15233712127,47110422527,63686311935,67746398207,717312,68719476735,23839438287.87,24112950523.34,156749,10,10,10,0,0,0,0,0,0,0,0,0,0.00,0
1790796640,0,315309,0,401.28,479.93,256245759,15233712127,47110422527,63686311935,67746398207,717312,68719476735,23839438287.87,24112950523.34,156749,10,10,10,0,0,0,0,0,0,0,0,0,0.00,0
1790796641,0,315687,0,401.25,378.03,256245759,15233712127,47110422527,63686311935,67746398207,717312,68719476735,23839438287.87,24112950523.34,156749,10,10,10,0,0,0,0,0,0,0,0,0,0.00,0
1790796642,0,316043,0,401.19,355.91,256245759,15233712127,47110422527,63686311935,67746398207,717312,68719476735,23839438287.87,24112950523.34,156749,10,10,10,0,0,0,0,0,0,0,0,0,0.00,0
1790796643,0,316446,0,401.20,402.86,256245759,15233712127,47110422527,63686311935,67746398207,717312,68719476735,23839438287.87,24112950523.34,156749,10,10,10,0,0,0,0,0,0,0,0,0,0.00,0
1790796644,0,317028,0,401.43,582.39,256245759,15233712127,47110422527,63686311935,67746398207,717312,68719476735,23839438287.87,24112950523.34,156749,10,10,10,0,0,0,0,0,0,0,0,0,0.00,0
1790796645,0,317610,0,401.65,581.88,256245759,15233712127,47110422527,63686311935,67746398207,717312,68719476735,23839438287.87,24112950523.34,156749,10,10,10,0,0,0,0,0,0,0,0,0,0.00,0
1790796646,0,318055,0,401.71,445.17,256245759,15233712127,47110422527,63686311935,67746398207,717312,68719476735,23839438287.87,24112950523.34,156749,10,10,10,0,0,0,0,0,0,0,0,0,0.00,0
1790796647,0,318887,0,402.25,831.93,256245759,15233712127,47110422527,63686311935,67746398207,717312,68719476735,23839438287.87,24112950523.34,156749,10,10,10,0,0,0,0,0,0,0,0,0,0.00,0
1790796648,0,319353,0,402.33,465.96,256245759,15233712127,47110422527,63686311935,67746398207,717312,68719476735,23839438287.87,24112950523.34,156749,10,10,10,0,0,0,0,0,0,0,0,0,0.00,0
1790796649,0,319893,0,402.50,539.83,256245759,15233712127,47110422527,63686311935,67746398207,717312,68719476735,23839438287.87,24112950523.34,156749,10,10,10,0,0,0,0,0,0,0,0,0,0.00,0
1790796650,0,320394,0,402.63,501.27,256245759,15233712127,47110422527,63686311935,67746398207,717312,68719476735,23839438287.87,24112950523.34,156749,10,10,10,0,0,0,0,0,0,0,0,0,0.00,0
1790796651,0,320825,0,402.66,430.93,256245759,15233712127,47110422527,63686311935,67746398207,717312,68719476735,23839438287.87,24112950523.34,156749,10,10,10,0,0,0,0,0,0,0,0,0,0.00,0
1790796652,0,321279,0,402.73,453.92,256245759,15233712127,47110422527,63686311935,67746398207,717312,68719476735,23839438287.87,24112950523.34,156749,10,10,10,0,0,0,0,0,0,0,0,0,0.00,0
1790796653,0,321680,0,402.73,401.09,256245759,15233712127,47110422527,63686311935,67746398207,717312,68719476735,23839438287.87,24112950523.34,156749,10,10,10,0,0,0,0,0,0,0,0,0,0.00,0
1790796654,0,322042,0,402.68,361.86,256245759,15233712127,47110422527,63686311935,67746398207,717312,68719476735,23839438287.87,24112950523.34,156749,10,10,10,0,0,0,0,0,0,0,0,0,0.00,0
1790796655,0,322610,0,402.88,567.80,256245759,15233712127,47110422527,63686311935,67746398207,717312,68719476735,23839438287.87,24112950523.34,156749,10,10,10,0,0,0,0,0,0,0,0,0,0.00,0
1790796656,0,323079,0,402.96,469.19,256245759,15233712127,47110422527,63686311935,67746398207,717312,68719476735,23839438287.87,24112950523.34,156749,10,10,10,0,0,0,0,0,0,0,0,0,0.00,0
1790796657,0,323430,0,402.90,351.10,256245759,15233712127,47110422527,63686311935,67746398207,717312,68719476735,23839438287.87,24112950523.34,156749,10,10,10,0,0,0,0,0,0,0,0,0,0.00,0
1790796658,0,323899,0,402.98,468.74,256245759,15233712127,47110422527,63686311935,67746398207,717312,68719476735,23839438287.87,24112950523.34,156749,10,10,10,0,0,0,0,0,0,0,0,0,0.00,0
1790796659,0,324321,0,403.01,421.89,256245759,15233712127,47110422527,63686311935,67746398207,717312,68719476735,23839438287.87,24112950523.34,156749,10,10,10,0,0,0,0,0,0,0,0,0,0.00,0
1790796660,0,324743,0,403.03,422.36,256245759,15233712127,47110422527,63686311935,67746398207,717312,68719476735,23839438287.87,24112950523.34,156749,10,10,10,0,0,0,0,0,0,0,0,0,0.00,0
1790796661,0,325137,0,403.02,393.75,256245759,15233712127,47110422527,63686311935,67746398207,717312,68719476735,23839438287.87,24112950523.34,156749,10,10,10,0,0,0,0,0,0,0,0,0,0.00,0
1790796662,0,325575,0,403.06,438.27,256245759,15233712127,47110422527,63686311935,67746398207,717312,68719476735,23839438287.87,24112950523.34,156749,10,10,10,0,0,0,0,0,0,0,0,0,0.00,0
1790796663,0,326090,0,403.20,514.96,256245759,15233712127,47110422527,63686311935,67746398207,717312,68719476735,23839438287.87,24112950523.34,156749,10,10,10,0,0,0,0,0,0,0,0,0,0.00,0
1790796664,0,326542,0,403.26,452.05,256245759,15233712127,47110422527,63686311935,67746398207,717312,68719476735,23839438287.87,24112950523.34,156749,10,10,10,0,0,0,0,0,0,0,0,0,0.00,0
1790796665,0,326980,0,403.30,437.93,256245759,15233712127,47110422527,63686311935,67746398207,717312,68719476735,23839438287.87,24112950523.34,156749,10,10,10,0,0,0,0,0,0,0,0,0,0.00,0
1790796666,0,327381,0,403.30,401.14,256245759,15233712127,47110422527,63686311935,67746398207,717312,68719476735,23839438287.87,24112950523.34,156749,10,10,10,0,0,0,0,0,0,0,0,0,0.00,0
1790796667,0,327758,0,403.27,376.81,256245759,15233712127,47110422527,63686311935,67746398207,717312,68719476735,23839438287.87,24112950523.34,156749,10,10,10,0,0,0,0,0,0,0,0,0,0.00,0
1790796668,0,328121,0,403.22,362.83,256245759,15233712127,47110422527,63686311935,67746398207,717312,68719476735,23839438287.87,24112950523.34,156749,10,10,10,0,0,0,0,0,0,0,0,0,0.00,0
1790796669,0,328621,0,403.34,500.36,256245759,15233712127,47110422527,63686311935,67746398207,717312,68719476735,23839438287.87,24112950523.34,156749,10,10,10,0,0,0,0,0,0,0,0,0,0.00,0
1790796670,0,329040,0,403.36,418.75,256245759,15233712127,47110422527,63686311935,67746398207,717312,68719476735,23839438287.87,24112950523.34,156749,10,10,10,0,0,0,0,0,0,0,0,0,0.00,0
1790796671,0,329411,0,403.32,371.29,256245759,15233712127,47110422527,63686311935,67746398207,717312,68719476735,23839438287.87,24112950523.34,156749,10,10,10,0,0,0,0,0,0,0,0,0,0.00,0
1790796672,0,329898,0,403.42,486.57,256245759,15233712127,47110422527,63686311935,67746398207,717312,68719476735,23839438287.87,24112950523.34,156749,10,10,10,0,0,0,0,0,0,0,0,0,0.00,0
1790796673,0,330285,0,403.40,387.30,256245759,15233712127,47110422527,63686311935,67746398207,717312,68719476735,23839438287.87,24112950523.34,156749,10,10,10,0,0,0,0,0,0,0,0,0,0.00,0
1790796674,0,330700,0,403.41,414.97,256245759,15233712127,47110422527,63686311935,67746398207,717312,68719476735,23839438287.87,24112950523.34,156749,10,10,10,0,0,0,0,0,0,0,0,0,0.00,0
1790796675,0,331463,0,403.85,762.51,256245759,15233712127,47110422527,63686311935,67746398207,717312,68719476735,23839438287.87,24112950523.34,156749,10,10,10,0,0,0,0,0,0,0,0,0,0.00,0
1790796676,0,331916,0,403.91,453.32,256245759,15233712127,47110422527,63686311935,67746398207,717312,68719476735,23839438287.87,24112950523.34,156749,10,10,10,0,0,0,0,0,0,0,0,0,0.00,0
1790796677,0,332342,0,403.94,425.87,256245759,15233712127,47110422527,63686311935,67746398207,717312,68719476735,23839438287.87,24112950523.34,156749,10,10,10,0,0,0,0,0,0,0,0,0,0.00,0
1790796678,0,332870,0,404.09,527.97,256245759,15233712127,47110422527,63686311935,67746398207,717312,68719476735,23839438287.87,24112950523.34,156749,10,10,10,0,0,0,0,0,0,0,0,0,0.00,0
1790796679,0,333389,0,404.23,519.26,256245759,15233712127,47110422527,63686311935,67746398207,717312,68719476735,23839438287.87,24112950523.34,156749,10,10,10,0,0,0,0,0,0,0,0,0,0.00,0
1790796680,0,333865,0,404.31,476.02,256245759,15233712127,47110422527,63686311935,67746398207,717312,68719476735,23839438287.87,24112950523.34,156749,10,10,10,0,0,0,0,0,0,0,0,0,0.00,0
1790796681,0,334330,0,404.39,464.86,256245759,15233712127,47110422527,63686311935,67746398207,717312,68719476735,23839438287.87,24112950523.34,156749,10,10,10,0,0,0,0,0,0,0,0,0,0.00,0
1790796682,0,334749,0,404.41,419.04,256245759,15233712127,47110422527,63686311935,67746398207,717312,68719476735,23839438287.87,24112950523.34,156749,10,10,10,0,0,0,0,0,0,0,0,0,0.00,0
1790796683,0,335300,0,404.58,550.94,256245759,15233712127,47110422527,63686311935,67746398207,717312,68719476735,23839438287.87,24112950523.34,156749,10,10,10,0,0,0,0,0,0,0,0,0,0.00,0
1790796684,0,335824,0,404.73,523.89,256245759,15233712127,47110422527,63686311935,67746398207,717312,68719476735,23839438287.87,24112950523.34,156749,10,10,10,0,0,0,0,0,0,0,0,0,0.00,0
1790796685,0,336285,0,404.79,460.87,256245759,15233712127,47110422527,63686311935,67746398207,717312,68719476735,23839438287.87,24112950523.34,156749,10,10,10,0,0,0,0,0,0,0,0,0,0.00,0
1790796686,0,336784,0,404.91,498.93,256245759,15233712127,47110422527,63686311935,67746398207,717312,68719476735,23839438287.87,24112950523.34,156749,10,10,10,0,0,0,0,0,0,0,0,0,0.00,0
1790796687,0,337357,0,405.11,573.21,256245759,15233712127,47110422527,63686311935,67746398207,717312,68719476735,23839438287.87,24112950523.34,156749,10,10,10,0,0,0,0,0,0,0,0,0,0.00,0
1790796688,0,338180,0,405.61,823.17,256245759,15233712127,47110422527,63686311935,67746398207,717312,68719476735,23839438287.87,24112950523.34,156749,10,10,10,0,0,0,0,0,0,0,0,0,0.00,0
1790796689,0,338865,0,405.94,685.01,256245759,15233712127,47110422527,63686311935,67746398207,717312,68719476735,23839438287.87,24112950523.34,156749,10,10,10,0,0,0,0,0,0,0,0,0,0.00,0
1790796690,0,339289,0,405.97,423.96,256245759,15233712127,47110422527,63686311935,67746398207,717312,68719476735,23839438287.87,24112950523.34,156749,10,10,10,0,0,0,0,0,0,0,0,0,0.00,0
1790796691,0,339729,0,406.01,439.97,256245759,15233712127,47110422527,63686311935,67746398207,717312,68719476735,23839438287.87,24112950523.34,156749,10,10,10,0,0,0,0,0,0,0,0,0,0.00,0
1790796692,0,340180,0,406.06,451.09,256245759,15233712127,47110422527,63686311935,67746398207,717312,68719476735,23839438287.87,24112950523.34,156749,10,10,10,0,0,0,0,0,0,0,0,0,0.00,0
1790796693,0,340562,0,406.03,382.02,256245759,15233712127,47110422527,63686311935,67746398207,717312,68719476735,23839438287.87,24112950523.34,156749,10,10,10,0,0,0,0,0,0,0,0,0,0.00,0
1790796694,0,341100,0,406.19,537.68,256245759,15233712127,47110422527,63686311935,67746398207,717312,68719476735,23839438287.87,24112950523.34,156749,10,10,10,0,0,0,0,0,0,0,0,0,0.00,0
1790796695,0,341560,0,406.25,460.13,256245759,15233712127,47110422527,63686311935,67746398207,717312,68719476735,23839438287.87,24112950523.34,156749,10,10,10,0,0,0,0,0,0,0,0,0,0.00,0
1790796696,0,341914,0,406.19,354.20,256245759,15233712127,47110422527,63686311935,67746398207,717312,68719476735,23839438287.87,24112950523.34,156749,10,10,10,0,0,0,0,0,0,0,0,0,0.00,0
1790796697,0,342500,0,406.40,585.92,256245759,15233712127,47110422527,63686311935,67746398207,717312,68719476735,23839438287.87,24112950523.34,156749,10,10,10,0,0,0,0,0,0,0,0,0,0.00,0
1790796698,0,343035,0,406.56,534.82,256245759,15233712127,47110422527,63686311935,67746398207,717312,68719476735,23839438287.87,24112950523.34,156749,10,10,10,0,0,0,0,0,0,0,0,0,0.00,0
1790796699,0,343510,0,406.64,475.06,256245759,15233712127,47110422527,63686311935,67746398207,717312,68719476735,23839438287.87,24112950523.34,156749,10,10,10,0,0,0,0,0,0,0,0,0,0.00,0
1790796700,0,344000,0,406.74,489.79,256245759,15233712127,47110422527,63686311935,67746398207,717312,68719476735,23839438287.87,24112950523.34,156749,10,10,10,0,0,0,0,0,0,0,0,0,0.00,0
1790796701,0,344562,0,406.92,562.41,256245759,15233712127,47110422527,63686311935,67746398207,717312,68719476735,23839438287.87,24112950523.34,156749,10,10,10,0,0,0,0,0,0,0,0,0,0.00,0
1790796702,0,345460,0,407.50,898.03,256245759,15233712127,47110422527,63686311935,67746398207,717312,68719476735,23839438287.87,24112950523.34,156749,10,10,10,0,0,0,0,0,0,0,0,0,0.00,0
1790796703,0,345876,0,407.51,415.75,256245759,15233712127,47110422527,63686311935,67746398207,717312,68719476735,23839438287.87,24112950523.34,156749,10,10,10,0,0,0,0,0,0,0,0,0,0.00,0
1790796704,0,346376,0,407.62,499.83,256245759,15233712127,47110422527,63686311935,67746398207,717312,68719476735,23839438287.87,24112950523.34,156749,10,10,10,0,0,0,0,0,0,0,0,0,0.00,0
1790796705,0,346836,0,407.68,460.33,256245759,15233712127,47110422527,63686311935,67746398207,717312,68719476735,23839438287.87,24112950523.34,156749,10,10,10,0,0,0,0,0,0,0,0,0,0.00,0
1790796706,0,347562,0,408.05,726.06,256245759,15233712127,47110422527,63686311935,67746398207,717312,68719476735,23839438287.87,24112950523.34,156749,10,10,10,0,0,0,0,0,0,0,0,0,0.00,0
1790796707,0,347971,0,408.05,408.79,256245759,15233712127,47110422527,63686311935,67746398207,717312,68719476735,23839438287.87,24112950523.34,156749,10,10,10,0,0,0,0,0,0,0,0,0,0.00,0
1790796708,0,348429,0,408.11,457.85,256245759,15233712127,47110422527,63686311935,67746398207,717312,68719476735,23839438287.87,24112950523.34,156749,10,10,10,0,0,0,0,0,0,0,0,0,0.00,0
1790796709,0,348975,0,408.27,546.55,256245759,15233712127,47110422527,63686311935,67746398207,717312,68719476735,23839438287.87,24112950523.34,156749,10,10,10,0,0,0,0,0,0,0,0,0,0.00,0
1790796710,0,349441,0,408.34,465.71,256245759,15233712127,47110422527,63686311935,67746398207,717312,68719476735,23839438287.87,24112950523.34,156749,10,10,10,0,0,0,0,0,0,0,0,0,0.00,0
1790796711,0,349834,0,408.32,392.98,256245759,15233712127,47110422527,63686311935,67746398207,717312,68719476735,23839438287.87,24112950523.34,156749,10,10,10,0,0,0,0,0,0,0,0,0,0.00,0
1790796712,0,350260,0,408.34,426.17,256245759,15233712127,47110422527,63686311935,67746398207,717312,68719476735,23839438287.87,24112950523.34,156749,10,10,10,0,0,0,0,0,0,0,0,0,0.00,0
1790796713,0,350700,0,408.38,440.09,256245759,15233712127,47110422527,63686311935,67746398207,717312,68719476735,23839438287.87,24112950523.34,156749,10,10,10,0,0,0,0,0,0,0,0,0,0.00,0
1790796714,0,351146,0,408.43,445.88,256245759,15233712127,47110422527,63686311935,67746398207,717312,68719476735,23839438287.87,24112950523.34,156749,10,10,10,0,0,0,0,0,0,0,0,0,0.00,0
1790796715,0,351708,0,408.60,561.74,256245759,15233712127,47110422527,63686311935,67746398207,717312,68719476735,23839438287.87,24112950523.34,156749,10,10,10,0,0,0,0,0,0,0,0,0,0.00,0
1790796716,0,352221,0,408.72,513.06,256245759,15233712127,47110422527,63686311935,67746398207,717312,68719476735,23839438287.87,24112950523.34,156749,10,10,10,0,0,0,0,0,0,0,0,0,0.00,0
1790796717,0,353032,0,409.19,811.24,256245759,15233712127,47110422527,63686311935,67746398207,717312,68719476735,23839438287.87,24112950523.34,156749,10,10,10,0,0,0,0,0,0,0,0,0,0.00,0
1790796718,0,353516,0,409.28,484.15,256245759,15233712127,47110422527,63686311935,67746398207,717312,68719476735,23839438287.87,24112950523.34,156749,10,10,10,0,0,0,0,0,0,0,0,0,0.00,0
1790796719,0,354305,0,409.72,788.93,256245759,15233712127,47110422527,63686311935,67746398207,717312,68719476735,23839438287.87,24112950523.34,156749,10,10,10,0,0,0,0,0,0,0,0,0,0.00,0
1790796720,0,354800,0,409.81,494.60,256245759,15233712127,47110422527,63686311935,67746398207,717312,68719476735,23839438287.87,24112950523.34,156749,10,10,10,0,0,0,0,0,0,0,0,0,0.00,0
1790796721,0,355236,0,409.85,436.03,256245759,15233712127,47110422527,63686311935,67746398207,717312,68719476735,23839438287.87,24112950523.34,156749,10,10,10,0,0,0,0,0,0,0,0,0,0.00,0
1790796722,0,355716,0,409.93,480.21,256245759,15233712127,47110422527,63686311935,67746398207,717312,68719476735,23839438287.87,24112950523.34,156749,10,10,10,0,0,0,0,0,0,0,0,0,0.00,0
1790796723,0,356119,0,409.92,403.08,256245759,15233712127,47110422527,63686311935,67746398207,717312,68719476735,23839438287.87,24112950523.34,156749,10,10,10,0,0,0,0,0,0,0,0,0,0.00,0
1790796724,0,356562,0,409.96,442.69,256245759,15233712127,47110422527,63686311935,67746398207,717312,68719476735,23839438287.87,24112950523.34,156749,10,10,10,0,0,0,0,0,0,0,0,0,0.00,0
1790796725,0,357170,0,410.18,608.09,256245759,15233712127,47110422527,63686311935,67746398207,717312,68719476735,23839438287.87,24112950523.34,156749,10,10,10,0,0,0,0,0,0,0,0,0,0.00,0
1790796726,0,357670,0,410.29,500.09,256245759,15233712127,47110422527,63686311935,67746398207,717312,68719476735,23839438287.87,24112950523.34,156749,10,10,10,0,0,0,0,0,0,0,0,0,0.00,0
1790796727,0,358130,0,410.34,460.24,256245759,15233712127,47110422527,63686311935,67746398207,717312,68719476735,23839438287.87,24112950523.34,156749,10,10,10,0,0,0,0,0,0,0,0,0,0.00,0
1790796728,0,358590,0,410.40,459.61,256245759,15233712127,47110422527,63686311935,67746398207,717312,68719476735,23839438287.87,24112950523.34,156749,10,10,10,0,0,0,0,0,0,0,0,0,0.00,0
1790796729,0,359079,0,410.49,489.19,256245759,15233712127,47110422527,63686311935,67746398207,717312,68719476735,23839438287.87,24112950523.34,156749,10,10,10,0,0,0,0,0,0,0,0,0,0.00,0
1790796730,0,359519,0,410.52,440.27,256245759,15233712127,47110422527,63686311935,67746398207,717312,68719476735,23839438287.87,24112950523.34,156749,10,10,10,0,0,0,0,0,0,0,0,0,0.00,0
1790796731,0,359896,0,410.49,376.97,256245759,15233712127,47110422527,63686311935,67746398207,717312,68719476735,23839438287.87,24112950523.34,156749,10,10,10,0,0,0,0,0,0,0,0,0,0.00,0
1790796732,0,360260,0,410.43,363.84,256245759,15233712127,47110422527,63686311935,67746398207,717312,68719476735,23839438287.87,24112950523.34,156749,10,10,10,0,0,0,0,0,0,0,0,0,0.00,0
1790796733,0,360680,0,410.44,420.17,256245759,15233712127,47110422527,63686311935,67746398207,717312,68719476735,23839438287.87,24112950523.34,156749,10,10,10,0,0,0,0,0,0,0,0,0,0.00,0
1790796734,0,361167,0,410.53,487.02,256245759,15233712127,47110422527,63686311935,67746398207,717312,68719476735,23839438287.87,24112950523.34,156749,10,10,10,0,0,0,0,0,0,0,0,0,0.00,0
1790796735,0,361616,0,410.57,448.84,256245759,15233712127,47110422527,63686311935,67746398207,717312,68719476735,23839438287.87,24112950523.34,156749,10,10,10,0,0,0,0,0,0,0,0,0,0.00,0
1790796736,0,362180,0,410.75,564.00,256245759,15233712127,47110422527,63686311935,67746398207,717312,68719476735,23839438287.87,24112950523.34,156749,10,10,10,0,0,0,0,0,0,0,0,0,0.00,0
1790796737,0,362620,0,410.78,439.78,256245759,15233712127,47110422527,63686311935,67746398207,717312,68719476735,23839438287.87,24112950523.34,156749,10,10,10,0,0,0,0,0,0,0,0,0,0.00,0
1790796738,0,363132,0,410.90,512.43,256245759,15233712127,47110422527,63686311935,67746398207,717312,68719476735,23839438287.87,24112950523.34,156749,10,10,10,0,0,0,0,0,0,0,0,0,0.00,0
1790796739,0,363583,0,410.94,450.93,256245759,15233712127,47110422527,63686311935,67746398207,717312,68719476735,23839438287.87,24112950523.34,156749,10,10,10,0,0,0,0,0,0,0,0,0,0.00,0
1790796740,0,364060,0,411.02,477.08,256245759,15233712127,47110422527,63686311935,67746398207,717312,68719476735,23839438287.87,24112950523.34,156749,10,10,10,0,0,0,0,0,0,0,0,0,0.00,0
1790796741,0,364508,0,411.06,447.97,256245759,15233712127,47110422527,63686311935,67746398207,717312,68719476735,23839438287.87,24112950523.34,156749,10,10,10,0,0,0,0,0,0,0,0,0,0.00,0
1790796742,0,365036,0,411.19,528.02,256245759,15233712127,47110422527,63686311935,67746398207,717312,68719476735,23839438287.87,24112950523.34,156749,10,10,10,0,0,0,0,0,0,0,0,0,0.00,0
1790796743,0,365535,0,411.29,498.77,256245759,15233712127,47110422527,63686311935,67746398207,717312,68719476735,23839438287.87,24112950523.34,156749,10,10,10,0,0,0,0,0,0,0,0,0,0.00,0
1790796744,0,365986,0,411.33,451.18,256245759,15233712127,47110422527,63686311935,67746398207,717312,68719476735,23839438287.87,24112950523.34,156749,10,10,10,0,0,0,0,0,0,0,0,0,0.00,0
1790796745,0,366350,0,411.28,363.80,256245759,15233712127,47110422527,63686311935,67746398207,717312,68719476735,23839438287.87,24112950523.34,156749,10,10,10,0,0,0,0,0,0,0,0,0,0.00,0
1790796746,0,366893,0,411.43,543.10,256245759,15233712127,47110422527,63686311935,67746398207,717312,68719476735,23839438287.87,24112950523.34,156749,10,10,10,0,0,0,0,0,0,0,0,0,0.00,0
1790796747,0,367262,0,411.38,369.12,256245759,15233712127,47110422527,63686311935,67746398207,717312,68719476735,23839438287.87,24112950523.34,156749,10,10,10,0,0,0,0,0,0,0,0,0,0.00,0
1790796748,0,367717,0,411.43,454.92,256245759,15233712127,47110422527,63686311935,67746398207,717312,68719476735,23839438287.87,24112950523.34,156749,10,10,10,0,0,0,0,0,0,0,0,0,0.00,0
1790796749,0,368316,0,411.64,599.16,256245759,15233712127,47110422527,63686311935,67746398207,717312,68719476735,23839438287.87,24112950523.34,156749,10,10,10,0,0,0,0,0,0,0,0,0,0.00,0
1790796750,0,368924,0,411.86,607.89,256245759,15233712127,47110422527,63686311935,67746398207,717312,68719476735,23839438287.87,24112950523.34,156749,10,10,10,0,0,0,0,0,0,0,0,0,0.00,0
1790796751,0,369384,0,411.91,460.03,256245759,15233712127,47110422527,63686311935,67746398207,717312,68719476735,23839438287.87,24112950523.34,156749,10,10,10,0,0,0,0,0,0,0,0,0,0.00,0
1790796752,0,369996,0,412.13,611.58,256245759,15233712127,47110422527,63686311935,67746398207,717312,68719476735,23839438287.87,24112950523.34,156749,10,10,10,0,0,0,0,0,0,0,0,0,0.00,0
1790796753,0,370577,0,412.32,581.13,256245759,15233712127,47110422527,63686311935,67746398207,717312,68719476735,23839438287.87,24112950523.34,156749,10,10,10,0,0,0,0,0,0,0,0,0,0.00,0
1790796754,0,370960,0,412.29,383.16,256245759,15233712127,47110422527,63686311935,67746398207,717312,68719476735,23839438287.87,24112950523.34,156749,10,10,10,0,0,0,0,0,0,0,0,0,0.00,0
1790796755,0,371432,0,412.36,471.76,256245759,15233712127,47110422527,63686311935,67746398207,717312,68719476735,23839438287.87,24112950523.34,156749,10,10,10,0,0,0,0,0,0,0,0,0,0.00,0
1790796756,0,371824,0,412.33,391.90,256245759,15233712127,47110422527,63686311935,67746398207,717312,68719476735,23839438287.87,24112950523.34,156749,10,10,10,0,0,0,0,0,0,0,0,0,0.00,0
1790796757,0,372219,0,412.31,395.18,256245759,15233712127,47110422527,63686311935,67746398207,717312,68719476735,23839438287.87,24112950523.34,156749,10,10,10,0,0,0,0,0,0,0,0,0,0.00,0
1790796758,0,372670,0,412.36,450.98,256245759,15233712127,47110422527,63686311935,67746398207,717312,68719476735,23839438287.87,24112950523.34,156749,10,10,10,0,0,0,0,0,0,0,0,0,0.00,0
1790796759,0,373129,0,412.41,458.83,256245759,15233712127,47110422527,63686311935,67746398207,717312,68719476735,23839438287.87,24112950523.34,156749,10,10,10,0,0,0,0,0,0,0,0,0,0.00,0
1790796760,0,373629,0,412.51,500.34,256245759,15233712127,47110422527,63686311935,67746398207,717312,68719476735,23839438287.87,24112950523.34,156749,10,10,10,0,0,0,0,0,0,0,0,0,0.00,0
1790796761,0,373958,0,412.41,329.05,256245759,15233712127,47110422527,63686311935,67746398207,717312,68719476735,23839438287.87,24112950523.34,156749,10,10,10,0,0,0,0,0,0,0,0,0,0.00,0
1790796762,0,374460,0,412.51,502.02,256245759,15233712127,47110422527,63686311935,67746398207,717312,68719476735,23839438287.87,24112950523.34,156749,10,10,10,0,0,0,0,0,0,0,0,0,0.00,0
1790796763,0,375156,0,412.82,695.82,256245759,15233712127,47110422527,63686311935,67746398207,717312,68719476735,23839438287.87,24112950523.34,156749,10,10,10,0,0,0,0,0,0,0,0,0,0.00,0
1790796764,0,375634,0,412.90,477.99,256245759,15233712127,47110422527,63686311935,67746398207,717312,68719476735,23839438287.87,24112950523.34,156749,10,10,10,0,0,0,0,0,0,0,0,0,0.00,0
1790796765,0,376225,0,413.09,591.10,256245759,15233712127,47110422527,63686311935,67746398207,717312,68719476735,23839438287.87,24112950523.34,156749,10,10,10,0,0,0,0,0,0,0,0,0,0.00,0
1790796766,0,376674,0,413.13,448.74,256245759,15233712127,47110422527,63686311935,67746398207,717312,68719476735,23839438287.87,24112950523.34,156749,10,10,10,0,0,0,0,0,0,0,0,0,0.00,0
1790796767,0,377100,0,413.14,426.14,256245759,15233712127,47110422527,63686311935,67746398207,717312,68719476735,23839438287.87,24112950523.34,156749,10,10,10,0,0,0,0,0,0,0,0,0,0.00,0
1790796768,0,377420,0,413.04,320.00,256245759,15233712127,47110422527,63686311935,67746398207,717312,68719476735,23839438287.87,24112950523.34,156749,10,10,10,0,0,0,0,0,0,0,0,0,0.00,0
1790796769,0,377750,0,412.95,329.87,256245759,15233712127,47110422527,63686311935,67746398207,717312,68719476735,23839438287.87,24112950523.34,156749,10,10,10,0,0,0,0,0,0,0,0,0,0.00,0
1790796770,0,378170,0,412.96,420.24,256245759,15233712127,47110422527,63686311935,67746398207,717312,68719476735,23839438287.87,24112950523.34,156749,10,10,10,0,0,0,0,0,0,0,0,0,0.00,0
1790796771,0,378643,0,413.02,473.00,256245759,15233712127,47110422527,63686311935,67746398207,717312,68719476735,23839438287.87,24112950523.34,156749,10,10,10,0,0,0,0,0,0,0,0,0,0.00,0
1790796772,0,379109,0,413.08,465.80,256245759,15233712127,47110422527,63686311935,67746398207,717312,68719476735,23839438287.87,24112950523.34,156749,10,10,10,0,0,0,0,0,0,0,0,0,0.00,0
1790796773,0,379944,0,413.54,834.81,256245759,15233712127,47110422527,63686311935,67746398207,717312,68719476735,23839438287.87,24112950523.34,156749,10,10,10,0,0,0,0,0,0,0,0,0,0.00,0
1790796774,0,380320,0,413.50,376.10,256245759,15233712127,47110422527,63686311935,67746398207,717312,68719476735,23839438287.87,24112950523.34,156749,10,10,10,0,0,0,0,0,0,0,0,0,0.00,0
1790796775,0,380870,0,413.65,550.08,256245759,15233712127,47110422527,63686311935,67746398207,717312,68719476735,23839438287.87,24112950523.34,156749,10,10,10,0,0,0,0,0,0,0,0,0,0.00,0
1790796776,0,381358,0,413.73,487.90,256245759,15233712127,47110422527,63686311935,67746398207,717312,68719476735,23839438287.87,24112950523.34,156749,10,10,10,0,0,0,0,0,0,0,0,0,0.00,0
1790796777,0,381814,0,413.78,456.26,256245759,15233712127,47110422527,63686311935,67746398207,717312,68719476735,23839438287.87,24112950523.34,156749,10,10,10,0,0,0,0,0,0,0,0,0,0.00,0
1790796778,0,382232,0,413.78,417.99,256245759,15233712127,47110422527,63686311935,67746398207,717312,68719476735,23839438287.87,24112950523.34,156749,10,10,10,0,0,0,0,0,0,0,0,0,0.00,0
1790796779,0,382723,0,413.86,490.91,256245759,15233712127,47110422527,63686311935,67746398207,717312,68719476735,23839438287.87,24112950523.34,156749,10,10,10,0,0,0,0,0,0,0,0,0,0.00,0
1790796780,0,383102,0,413.83,379.06,256245759,15233712127,47110422527,63686311935,67746398207,717312,68719476735,23839438287.87,24112950523.34,156749,10,10,10,0,0,0,0,0,0,0,0,0,0.00,0
1790796781,0,383634,0,413.95,531.80,256245759,15233712127,47110422527,63686311935,67746398207,717312,68719476735,23839438287.87,24112950523.34,156749,10,10,10,0,0,0,0,0,0,0,0,0,0.00,0
1790796782,0,384307,0,414.23,673.17,256245759,15233712127,47110422527,63686311935,67746398207,717312,68719476735,23839438287.87,24112950523.34,156749,10,10,10,0,0,0,0,0,0,0,0,0,0.00,0
1790796783,0,384711,0,414.22,403.83,256245759,15233712127,47110422527,63686311935,67746398207,717312,68719476735,23839438287.87,24112950523.34,156749,10,10,10,0,0,0,0,0,0,0,0,0,0.00,0
1790796784,0,385082,0,414.18,371.05,256245759,15233712127,47110422527,63686311935,67746398207,717312,68719476735,23839438287.87,24112950523.34,156749,10,10,10,0,0,0,0,0,0,0,0,0,0.00,0
1790796785,0,385684,0,414.38,601.81,256245759,15233712127,47110422527,63686311935,67746398207,717312,68719476735,23839438287.87,24112950523.34,156749,10,10,10,0,0,0,0,0,0,0,0,0,0.00,0
1790796786,0,386164,0,414.45,480.09,256245759,15233712127,47110422527,63686311935,67746398207,717312,68719476735,23839438287.87,24112950523.34,156749,10,10,10,0,0,0,0,0,0,0,0,0,0.00,0
1790796787,0,386755,0,414.64,591.33,256245759,15233712127,47110422527,63686311935,67746398207,717312,68719476735,23839438287.87,24112950523.34,156749,10,10,10,0,0,0,0,0,0,0,0,0,0.00,0
1790796788,0,387206,0,414.68,450.92,256245759,15233712127,47110422527,63686311935,67746398207,717312,68719476735,23839438287.87,24112950523.34,156749,10,10,10,0,0,0,0,0,0,0,0,0,0.00,0
1790796789,0,387630,0,414.69,424.09,256245759,15233712127,47110422527,63686311935,67746398207,717312,68719476735,23839438287.87,24112950523.34,156749,10,10,10,0,0,0,0,0,0,0,0,0,0.00,0
1790796790,0,388039,0,414.68,408.90,256245759,15233712127,47110422527,63686311935,67746398207,717312,68719476735,23839438287.87,24112950523.34,156749,10,10,10,0,0,0,0,0,0,0,0,0,0.00,0
1790796791,0,388440,0,414.66,400.80,256245759,15233712127,47110422527,63686311935,67746398207,717312,68719476735,23839438287.87,24112950523.34,156749,10,10,10,0,0,0,0,0,0,0,0,0,0.00,0
1790796792,0,388890,0,414.70,450.33,256245759,15233712127,47110422527,63686311935,67746398207,717312,68719476735,23839438287.87,24112950523.34,156749,10,10,10,0,0,0,0,0,0,0,0,0,0.00,0
1790796793,0,389299,0,414.70,408.83,256245759,15233712127,47110422527,63686311935,67746398207,717312,68719476735,23839438287.87,24112950523.34,156749,10,10,10,0,0,0,0,0,0,0,0,0,0.00,0
1790796794,0,389675,0,414.66,375.92,256245759,15233712127,47110422527,63686311935,67746398207,717312,68719476735,23839438287.87,24112950523.34,156749,10,10,10,0,0,0,0,0,0,0,0,0,0.00,0
1790796795,0,390166,0,414.74,491.25,256245759,15233712127,47110422527,63686311935,67746398207,717312,68719476735,23839438287.87,24112950523.34,156749,10,10,10,0,0,0,0,0,0,0,0,0,0.00,0
1790796796,0,390600,0,414.76,433.97,256245759,15233712127,47110422527,63686311935,67746398207,717312,68719476735,23839438287.87,24112950523.34,156749,10,10,10,0,0,0,0,0,0,0,0,0,0.00,0
1790796797,0,391104,0,414.85,504.04,256245759,15233712127,47110422527,63686311935,67746398207,717312,68719476735,23839438287.87,24112950523.34,156749,10,10,10,0,0,0,0,0,0,0,0,0,0.00,0
1790796798,0,391612,0,414.95,508.03,256245759,15233712127,47110422527,63686311935,67746398207,717312,68719476735,23839438287.87,24112950523.34,156749,10,10,10,0,0,0,0,0,0,0,0,0,0.00,0
1790796799,0,392035,0,414.96,422.82,256245759,15233712127,47110422527,63686311935,67746398207,717312,68719476735,23839438287.87,24112950523.34,156749,10,10,10,0,0,0,0,0,0,0,0,0,0.00,0
1790796800,0,392434,0,414.94,398.92,256245759,15233712127,47110422527,63686311935,67746398207,717312,68719476735,23839438287.87,24112950523.34,156749,10,10,10,0,0,0,0,0,0,0,0,0,0.00,0
1790796801,0,392921,0,415.02,487.24,256245759,15233712127,47110422527,63686311935,67746398207,717312,68719476735,23839438287.87,24112950523.34,156749,10,10,10,0,0,0,0,0,0,0,0,0,0.00,0
1790796802,0,393450,0,415.14,528.94,256245759,15233712127,47110422527,63686311935,67746398207,717312,68719476735,23839438287.87,24112950523.34,156749,10,10,10,0,0,0,0,0,0,0,0,0,0.00,0
1790796803,0,394048,0,415.33,597.92,256245759,15233712127,47110422527,63686311935,67746398207,717312,68719476735,23839438287.87,24112950523.34,156749,10,10,10,0,0,0,0,0,0,0,0,0,0.00,0
1790796804,0,394601,0,415.48,553.24,256245759,15233712127,47110422527,63686311935,67746398207,717312,68719476735,23839438287.87,24112950523.34,156749,10,10,10,0,0,0,0,0,0,0,0,0,0.00,0
1790796805,0,395128,0,415.59,526.99,256245759,15233712127,47110422527,63686311935,67746398207,717312,68719476735,23839438287.87,24112950523.34,156749,10,10,10,0,0,0,0,0,0,0,0,0,0.00,0
1790796806,0,395672,0,415.73,543.67,256245759,15233712127,47110422527,63686311935,67746398207,717312,68719476735,23839438287.87,24112950523.34,156749,10,10,10,0,0,0,0,0,0,0,0,0,0.00,0
1790796807,0,396078,0,415.72,406.08,256245759,15233712127,47110422527,63686311935,67746398207,717312,68719476735,23839438287.87,24112950523.34,156749,10,10,10,0,0,0,0,0,0,0,0,0,0.00,0
1790796808,0,396522,0,415.75,444.15,256245759,15233712127,47110422527,63686311935,67746398207,717312,68719476735,23839438287.87,24112950523.34,156749,10,10,10,0,0,0,0,0,0,0,0,0,0.00,0
1790796809,0,397028,0,415.84,505.79,256245759,15233712127,47110422527,63686311935,67746398207,717312,68719476735,23839438287.87,24112950523.34,156749,10,10,10,0,0,0,0,0,0,0,0,0,0.00,0
1790796810,0,397481,0,415.88,453.03,256245759,15233712127,47110422527,63686311935,67746398207,717312,68719476735,23839438287.87,24112950523.34,156749,10,10,10,0,0,0,0,0,0,0,0,0,0.00,0
1790796811,0,397942,0,415.93,461.00,256245759,15233712127,47110422527,63686311935,67746398207,717312,68719476735,23839438287.87,24112950523.34,156749,10,10,10,0,0,0,0,0,0,0,0,0,0.00,0
1790796812,0,398330,0,415.90,387.96,256245759,15233712127,47110422527,63686311935,67746398207,717312,68719476735,23839438287.87,24112950523.34,156749,10,10,10,0,0,0,0,0,0,0,0,0,0.00,0
1790796813,0,398860,0,416.02,530.27,256245759,15233712127,47110422527,63686311935,67746398207,717312,68719476735,23839438287.87,24112950523.34,156749,10,10,10,0,0,0,0,0,0,0,0,0,0.00,0
1790796814,0,399595,0,416.35,734.53,256245759,15233712127,47110422527,63686311935,67746398207,717312,68719476735,23839438287.87,24112950523.34,156749,10,10,10,0,0,0,0,0,0,0,0,0,0.00,0
1790796815,0,400018,0,416.36,423.15,256245759,15233712127,47110422527,63686311935,67746398207,717312,68719476735,23839438287.87,24112950523.34,156749,10,10,10,0,0,0,0,0,0,0,0,0,0.00,0
1790796816,0,400366,0,416.29,348.06,256245759,15233712127,47110422527,63686311935,67746398207,717312,68719476735,23839438287.87,24112950523.34,156749,10,10,10,0,0,0,0,0,0,0,0,0,0.00,0
1790796817,0,400790,0,416.29,424.05,256245759,15233712127,47110422527,63686311935,67746398207,717312,68719476735,23839438287.87,24112950523.34,156749,10,10,10,0,0,0,0,0,0,0,0,0,0.00,0
1790796818,0,401249,0,416.34,458.80,256245759,15233712127,47110422527,63686311935,67746398207,717312,68719476735,23839438287.87,24112950523.34,156749,10,10,10,0,0,0,0,0,0,0,0,0,0.00,0
1790796819,0,401698,0,416.37,448.85,256245759,15233712127,47110422527,63686311935,67746398207,717312,68719476735,23839438287.87,24112950523.34,156749,10,10,10,0,0,0,0,0,0,0,0,0,0.00,0
1790796820,0,402104,0,416.36,406.33,256245759,15233712127,47110422527,63686311935,67746398207,717312,68719476735,23839438287.87,24112950523.34,156749,10,10,10,0,0,0,0,0,0,0,0,0,0.00,0
1790796821,0,402554,0,416.40,450.03,256245759,15233712127,47110422527,63686311935,67746398207,717312,68719476735,23839438287.87,24112950523.34,156749,10,10,10,0,0,0,0,0,0,0,0,0,0.00,0
1790796822,0,403269,0,416.71,714.65,256245759,15233712127,47110422527,63686311935,67746398207,717312,68719476735,23839438287.87,24112950523.34,156749,10,10,10,0,0,0,0,0,0,0,0,0,0.00,0
1790796823,0,403656,0,416.67,387.10,256245759,15233712127,47110422527,63686311935,67746398207,717312,68719476735,23839438287.87,24112950523.34,156749,10,10,10,0,0,0,0,0,0,0,0,0,0.00,0
1790796824,0,404146,0,416.75,489.83,256245759,15233712127,47110422527,63686311935,67746398207,717312,68719476735,23839438287.87,24112950523.34,156749,10,10,10,0,0,0,0,0,0,0,0,0,0.00,0
1790796825,0,404776,0,416.97,630.15,256245759,15233712127,47110422527,63686311935,67746398207,717312,68719476735,23839438287.87,24112950523.34,156749,10,10,10,0,0,0,0,0,0,0,0,0,0.00,0
1790796826,0,405160,0,416.94,384.03,256245759,15233712127,47110422527,63686311935,67746398207,717312,68719476735,23839438287.87,24112950523.34,156749,10,10,10,0,0,0,0,0,0,0,0,0,0.00,0
1790796827,0,405571,0,416.93,410.83,256245759,15233712127,47110422527,63686311935,67746398207,717312,68719476735,23839438287.87,24112950523.34,156749,10,10,10,0,0,0,0,0,0,0,0,0,0.00,0
1790796828,0,406271,0,417.22,700.09,256245759,15233712127,47110422527,63686311935,67746398207,717312,68719476735,23839438287.87,24112950523.34,156749,10,10,10,0,0,0,0,0,0,0,0,0,0.00,0
1790796829,0,406680,0,417.21,409.20,256245759,15233712127,47110422527,63686311935,67746398207,717312,68719476735,23839438287.87,24112950523.34,156749,10,10,10,0,0,0,0,0,0,0,0,0,0.00,0
1790796830,0,407095,0,417.21,414.84,256245759,15233712127,47110422527,63686311935,67746398207,717312,68719476735,23839438287.87,24112950523.34,156749,10,10,10,0,0,0,0,0,0,0,0,0,0.00,0
1790796831,0,407540,0,417.24,444.88,256245759,15233712127,47110422527,63686311935,67746398207,717312,68719476735,23839438287.87,24112950523.34,156749,10,10,10,0,0,0,0,0,0,0,0,0,0.00,0
1790796832,0,408080,0,417.36,540.15,256245759,15233712127,47110422527,63686311935,67746398207,717312,68719476735,23839438287.87,24112950523.34,156749,10,10,10,0,0,0,0,0,0,0,0,0,0.00,0
1790796833,0,408466,0,417.33,385.89,256245759,15233712127,47110422527,63686311935,67746398207,717312,68719476735,23839438287.87,24112950523.34,156749,10,10,10,0,0,0,0,0,0,0,0,0,0.00,0
1790796834,0,409010,0,417.46,543.91,256245759,15233712127,47110422527,63686311935,67746398207,717312,68719476735,23839438287.87,24112950523.34,156749,10,10,10,0,0,0,0,0,0,0,0,0,0.00,0
1790796835,0,409389,0,417.42,379.19,256245759,15233712127,47110422527,63686311935,67746398207,717312,68719476735,23839438287.87,24112950523.34,156749,10,10,10,0,0,0,0,0,0,0,0,0,0.00,0
1790796836,0,409788,0,417.40,398.88,256245759,15233712127,47110422527,63686311935,67746398207,717312,68719476735,23839438287.87,24112950523.34,156749,10,10,10,0,0,0,0,0,0,0,0,0,0.00,0
1790796837,0,410201,0,417.40,413.20,256245759,15233712127,47110422527,63686311935,67746398207,717312,68719476735,23839438287.87,24112950523.34,156749,10,10,10,0,0,0,0,0,0,0,0,0,0.00,0
1790796838,0,410620,0,417.40,418.89,256245759,15233712127,47110422527,63686311935,67746398207,717312,68719476735,23839438287.87,24112950523.34,156749,10,10,10,0,0,0,0,0,0,0,0,0,0.00,0
1790796839,0,411090,0,417.45,470.19,256245759,15233712127,47110422527,63686311935,67746398207,717312,68719476735,23839438287.87,24112950523.34,156749,10,10,10,0,0,0,0,0,0,0,0,0,0.00,0
1790796840,0,411531,0,417.48,440.74,256245759,15233712127,47110422527,63686311935,67746398207,717312,68719476735,23839438287.87,24112950523.34,156749,10,10,10,0,0,0,0,0,0,0,0,0,0.00,0
1790796841,0,412010,0,417.54,479.24,256245759,15233712127,47110422527,63686311935,67746398207,717312,68719476735,23839438287.87,24112950523.34,156749,10,10,10,0,0,0,0,0,0,0,0,0,0.00,0
1790796842,0,412385,0,417.50,375.06,256245759,15233712127,47110422527,63686311935,67746398207,717312,68719476735,23839438287.87,24112950523.34,156749,10,10,10,0,0,0,0,0,0,0,0,0,0.00,0
1790796843,0,412911,0,417.61,525.78,256245759,15233712127,47110422527,63686311935,67746398207,717312,68719476735,23839438287.87,24112950523.34,156749,10,10,10,0,0,0,0,0,0,0,0,0,0.00,0
1790796844,0,413290,0,417.57,378.95,256245759,15233712127,47110422527,63686311935,67746398207,717312,68719476735,23839438287.87,24112950523.34,156749,10,10,10,0,0,0,0,0,0,0,0,0,0.00,0
1790796845,0,413667,0,417.53,376.98,256245759,15233712127,47110422527,63686311935,67746398207,717312,68719476735,23839438287.87,24112950523.34,156749,10,10,10,0,0,0,0,0,0,0,0,0,0.00,0
1790796846,0,414166,0,417.61,499.09,256245759,15233712127,47110422527,63686311935,67746398207,717312,68719476735,23839438287.87,24112950523.34,156749,10,10,10,0,0,0,0,0,0,0,0,0,0.00,0
1790796847,0,414614,0,417.64,447.79,256245759,15233712127,47110422527,63686311935,67746398207,717312,68719476735,23839438287.87,24112950523.34,156749,10,10,10,0,0,0,0,0,0,0,0,0,0.00,0
1790796848,0,415000,0,417.61,386.15,256245759,15233712127,47110422527,63686311935,67746398207,717312,68719476735,23839438287.87,24112950523.34,156749,10,10,10,0,0,0,0,0,0,0,0,0,0.00,0
1790796849,0,415401,0,417.59,400.97,256245759,15233712127,47110422527,63686311935,67746398207,717312,68719476735,23839438287.87,24112950523.34,156749,10,10,10,0,0,0,0,0,0,0,0,0,0.00,0
1790796850,0,415857,0,417.63,455.99,256245759,15233712127,47110422527,63686311935,67746398207,717312,68719476735,23839438287.87,24112950523.34,156749,10,10,10,0,0,0,0,0,0,0,0,0,0.00,0
1790796851,0,416290,0,417.64,433.11,256245759,15233712127,47110422527,63686311935,67746398207,717312,68719476735,23839438287.87,24112950523.34,156749,10,10,10,0,0,0,0,0,0,0,0,0,0.00,0
1790796852,0,416629,0,417.57,339.09,256245759,15233712127,47110422527,63686311935,67746398207,717312,68719476735,23839438287.87,24112950523.34,156749,10,10,10,0,0,0,0,0,0,0,0,0,0.00,0
1790796853,0,416990,0,417.51,360.91,256245759,15233712127,47110422527,63686311935,67746398207,717312,68719476735,23839438287.87,24112950523.34,156749,10,10,10,0,0,0,0,0,0,0,0,0,0.00,0
1790796854,0,417334,0,417.44,343.96,256245759,15233712127,47110422527,63686311935,67746398207,717312,68719476735,23839438287.87,24112950523.34,156749,10,10,10,0,0,0,0,0,0,0,0,0,0.00,0
1790796855,0,417692,0,417.38,357.92,256245759,15233712127,47110422527,63686311935,67746398207,717312,68719476735,23839438287.87,24112950523.34,156749,10,10,10,0,0,0,0,0,0,0,0,0,0.00,0
1790796856,0,418092,0,417.36,399.91,256245759,15233712127,47110422527,63686311935,67746398207,717312,68719476735,23839438287.87,24112950523.34,156749,10,10,10,0,0,0,0,0,0,0,0,0,0.00,0
1790796857,0,418541,0,417.39,448.95,256245759,15233712127,47110422527,63686311935,67746398207,717312,68719476735,23839438287.87,24112950523.34,156749,10,10,10,0,0,0,0,0,0,0,0,0,0.00,0
1790796858,0,419074,0,417.51,533.40,256245759,15233712127,47110422527,63686311935,67746398207,717312,68719476735,23839438287.87,24112950523.34,156749,10,10,10,0,0,0,0,0,0,0,0,0,0.00,0
1790796859,0,419453,0,417.47,378.82,256245759,15233712127,47110422527,63686311935,67746398207,717312,68719476735,23839438287.87,24112950523.34,156749,10,10,10,0,0,0,0,0,0,0,0,0,0.00,0
1790796860,0,419787,0,417.38,334.19,256245759,15233712127,47110422527,63686311935,67746398207,717312,68719476735,23839438287.87,24112950523.34,156749,10,10,10,0,0,0,0,0,0,0,0,0,0.00,0
1790796861,0,420220,0,417.40,432.94,256245759,15233712127,47110422527,63686311935,67746398207,717312,68719476735,23839438287.87,24112950523.34,156749,10,10,10,0,0,0,0,0,0,0,0,0,0.00,0
1790796862,0,420652,0,417.41,431.99,256245759,15233712127,47110422527,63686311935,67746398207,717312,68719476735,23839438287.87,24112950523.34,156749,10,10,10,0,0,0,0,0,0,0,0,0,0.00,0
1790796863,0,421111,0,417.46,458.73,256245759,15233712127,47110422527,63686311935,67746398207,717312,68719476735,23839438287.87,24112950523.34,156749,10,10,10,0,0,0,0,0,0,0,0,0,0.00,0
1790796864,0,421842,0,417.77,731.60,256245759,15233712127,47110422527,63686311935,67746398207,717312,68719476735,23839438287.87,24112950523.34,156749,10,10,10,0,0,0,0,0,0,0,0,0,0.00,0
1790796865,0,422460,0,417.96,617.66,256245759,15233712127,47110422527,63686311935,67746398207,717312,68719476735,23839438287.87,24112950523.34,156749,10,10,10,0,0,0,0,0,0,0,0,0,0.00,0
1790796866,0,422949,0,418.03,488.87,256245759,15233712127,47110422527,63686311935,67746398207,717312,68719476735,23839438287.87,24112950523.34,156749,10,10,10,0,0,0,0,0,0,0,0,0,0.00,0
1790796867,0,423361,0,418.03,412.24,256245759,15233712127,47110422527,63686311935,67746398207,717312,68719476735,23839438287.87,24112950523.34,156749,10,10,10,0,0,0,0,0,0,0,0,0,0.00,0
1790796868,0,423824,0,418.07,462.84,256245759,15233712127,47110422527,63686311935,67746398207,717312,68719476735,23839438287.87,24112950523.34,156749,10,10,10,0,0,0,0,0,0,0,0,0,0.00,0
1790796869,0,424380,0,418.21,555.98,256245759,15233712127,47110422527,63686311935,67746398207,717312,68719476735,23839438287.87,24112950523.34,156749,10,10,10,0,0,0,0,0,0,0,0,0,0.00,0
1790796870,0,424863,0,418.27,483.12,256245759,15233712127,47110422527,63686311935,67746398207,717312,68719476735,23839438287.87,24112950523.34,156749,10,10,10,0,0,0,0,0,0,0,0,0,0.00,0
1790796871,0,425222,0,418.21,358.84,256245759,15233712127,47110422527,63686311935,67746398207,717312,68719476735,23839438287.87,24112950523.34,156749,10,10,10,0,0,0,0,0,0,0,0,0,0.00,0
1790796872,0,425687,0,418.26,465.29,256245759,15233712127,47110422527,63686311935,67746398207,717312,68719476735,23839438287.87,24112950523.34,156749,10,10,10,0,0,0,0,0,0,0,0,0,0.00,0
1790796873,0,426150,0,418.30,463.01,256245759,15233712127,47110422527,63686311935,67746398207,717312,68719476735,23839438287.87,24112950523.34,156749,10,10,10,0,0,0,0,0,0,0,0,0,0.00,0
1790796874,0,426620,0,418.35,469.93,256245759,15233712127,47110422527,63686311935,67746398207,717312,68719476735,23839438287.87,24112950523.34,156749,10,10,10,0,0,0,0,0,0,0,0,0,0.00,0
1790796875,0,427060,0,418.38,440.11,256245759,15233712127,47110422527,63686311935,67746398207,717312,68719476735,23839438287.87,24112950523.34,156749,10,10,10,0,0,0,0,0,0,0,0,0,0.00,0
1790796876,0,427430,0,418.33,369.72,256245759,15233712127,47110422527,63686311935,67746398207,717312,68719476735,23839438287.87,24112950523.34,156749,10,10,10,0,0,0,0,0,0,0,0,0,0.00,0
1790796877,0,427931,0,418.41,500.93,256245759,15233712127,47110422527,63686311935,67746398207,717312,68719476735,23839438287.87,24112950523.34,156749,10,10,10,0,0,0,0,0,0,0,0,0,0.00,0
1790796878,0,428328,0,418.39,397.14,256245759,15233712127,47110422527,63686311935,67746398207,717312,68719476735,23839438287.87,24112950523.34,156749,10,10,10,0,0,0,0,0,0,0,0,0,0.00,0
1790796879,0,428740,0,418.38,411.92,256245759,15233712127,47110422527,63686311935,67746398207,717312,68719476735,23839438287.87,24112950523.34,156749,10,10,10,0,0,0,0,0,0,0,0,0,0.00,0
1790796880,0,429221,0,418.44,480.96,256245759,15233712127,47110422527,63686311935,67746398207,717312,68719476735,23839438287.87,24112950523.34,156749,10,10,10,0,0,0,0,0,0,0,0,0,0.00,0
1790796881,0,429550,0,418.36,329.06,256245759,15233712127,47110422527,63686311935,67746398207,717312,68719476735,23839438287.87,24112950523.34,156749,10,10,10,0,0,0,0,0,0,0,0,0,0.00,0
1790796882,0,430000,0,418.39,450.13,256245759,15233712127,47110422527,63686311935,67746398207,717312,68719476735,23839438287.87,24112950523.34,156749,10,10,10,0,0,0,0,0,0,0,0,0,0.00,0
1790796883,0,430400,0,418.37,399.97,256245759,15233712127,47110422527,63686311935,67746398207,717312,68719476735,23839438287.87,24112950523.34,156749,10,10,10,0,0,0,0,0,0,0,0,0,0.00,0
1790796884,0,430888,0,418.44,488.16,256245759,15233712127,47110422527,63686311935,67746398207,717312,68719476735,23839438287.87,24112950523.34,156749,10,10,10,0,0,0,0,0,0,0,0,0,0.00,0
1790796885,0,431313,0,418.44,424.91,256245759,15233712127,47110422527,63686311935,67746398207,717312,68719476735,23839438287.87,24112950523.34,156749,10,10,10,0,0,0,0,0,0,0,0,0,0.00,0
1790796886,0,431820,0,418.53,506.72,256245759,15233712127,47110422527,63686311935,67746398207,717312,68719476735,23839438287.87,24112950523.34,156749,10,10,10,0,0,0,0,0,0,0,0,0,0.00,0
1790796887,0,432301,0,418.59,481.14,256245759,15233712127,47110422527,63686311935,67746398207,717312,68719476735,23839438287.87,24112950523.34,156749,10,10,10,0,0,0,0,0,0,0,0,0,0.00,0
1790796888,0,432753,0,418.62,452.16,256245759,15233712127,47110422527,63686311935,67746398207,717312,68719476735,23839438287.87,24112950523.34,156749,10,10,10,0,0,0,0,0,0,0,0,0,0.00,0
1790796889,0,433170,0,418.62,417.02,256245759,15233712127,47110422527,63686311935,67746398207,717312,68719476735,23839438287.87,24112950523.34,156749,10,10,10,0,0,0,0,0,0,0,0,0,0.00,0
1790796890,0,433563,0,418.60,393.01,256245759,15233712127,47110422527,63686311935,67746398207,717312,68719476735,23839438287.87,24112950523.34,156749,10,10,10,0,0,0,0,0,0,0,0,0,0.00,0
1790796891,0,434110,0,418.72,547.09,256245759,15233712127,47110422527,63686311935,67746398207,717312,68719476735,23839438287.87,24112950523.34,156749,10,10,10,0,0,0,0,0,0,0,0,0,0.00,0
1790796892,0,434564,0,418.75,453.67,256245759,15233712127,47110422527,63686311935,67746398207,717312,68719476735,23839438287.87,24112950523.34,156749,10,10,10,0,0,0,0,0,0,0,0,0,0.00,0
1790796893,0,435004,0,418.77,440.37,256245759,15233712127,47110422527,63686311935,67746398207,717312,68719476735,23839438287.87,24112950523.34,156749,10,10,10,0,0,0,0,0,0,0,0,0,0.00,0
1790796894,0,435478,0,418.83,473.56,256245759,15233712127,47110422527,63686311935,67746398207,717312,68719476735,23839438287.87,24112950523.34,156749,10,10,10,0,0,0,0,0,0,0,0,0,0.00,0
1790796895,0,435890,0,418.82,412.22,256245759,15233712127,47110422527,63686311935,67746398207,717312,68719476735,23839438287.87,24112950523.34,156749,10,10,10,0,0,0,0,0,0,0,0,0,0.00,0
1790796896,0,436390,0,418.90,499.94,256245759,15233712127,47110422527,63686311935,67746398207,717312,68719476735,23839438287.87,24112950523.34,156749,10,10,10,0,0,0,0,0,0,0,0,0,0.00,0
1790796897,0,436819,0,418.91,429.05,256245759,15233712127,47110422527,63686311935,67746398207,717312,68719476735,23839438287.87,24112950523.34,156749,10,10,10,0,0,0,0,0,0,0,0,0,0.00,0
1790796898,0,437259,0,418.93,440.19,256245759,15233712127,47110422527,63686311935,67746398207,717312,68719476735,23839438287.87,24112950523.34,156749,10,10,10,0,0,0,0,0,0,0,0,0,0.00,0
1790796899,0,437651,0,418.90,391.92,256245759,15233712127,47110422527,63686311935,67746398207,717312,68719476735,23839438287.87,24112950523.34,156749,10,10,10,0,0,0,0,0,0,0,0,0,0.00,0
1790796900,0,438149,0,418.98,497.96,256245759,15233712127,47110422527,63686311935,67746398207,717312,68719476735,23839438287.87,24112950523.34,156749,10,10,10,0,0,0,0,0,0,0,0,0,0.00,0
1790796901,0,438556,0,418.97,406.88,256245759,15233712127,47110422527,63686311935,67746398207,717312,68719476735,23839438287.87,24112950523.34,156749,10,10,10,0,0,0,0,0,0,0,0,0,0.00,0
1790796902,0,439014,0,419.00,458.06,256245759,15233712127,47110422527,63686311935,67746398207,717312,68719476735,23839438287.87,24112950523.34,156749,10,10,10,0,0,0,0,0,0,0,0,0,0.00,0
1790796903,0,439381,0,418.95,366.93,256245759,15233712127,47110422527,63686311935,67746398207,717312,68719476735,23839438287.87,24112950523.34,156749,10,10,10,0,0,0,0,0,0,0,0,0,0.00,0
1790796904,0,439929,0,419.08,548.06,256245759,15233712127,47110422527,63686311935,67746398207,717312,68719476735,23839438287.87,24112950523.34,156749,10,10,10,0,0,0,0,0,0,0,0,0,0.00,0
1790796905,0,440354,0,419.08,425.03,256245759,15233712127,47110422527,63686311935,67746398207,717312,68719476735,23839438287.87,24112950523.34,156749,10,10,10,0,0,0,0,0,0,0,0,0,0.00,0
1790796906,0,440689,0,419.00,335.05,256245759,15233712127,47110422527,63686311935,67746398207,717312,68719476735,23839438287.87,24112950523.34,156749,10,10,10,0,0,0,0,0,0,0,0,0,0.00,0
1790796907,0,441129,0,419.02,439.97,256245759,15233712127,47110422527,63686311935,67746398207,717312,68719476735,23839438287.87,24112950523.34,156749,10,10,10,0,0,0,0,0,0,0,0,0,0.00,0
1790796908,0,441668,0,419.14,538.76,256245759,15233712127,47110422527,63686311935,67746398207,717312,68719476735,23839438287.87,24112950523.34,156749,10,10,10,0,0,0,0,0,0,0,0,0,0.00,0
1790796909,0,442058,0,419.11,390.16,256245759,15233712127,47110422527,63686311935,67746398207,717312,68719476735,23839438287.87,24112950523.34,156749,10,10,10,0,0,0,0,0,0,0,0,0,0.00,0
1790796910,0,442461,0,419.09,403.12,256245759,15233712127,47110422527,63686311935,67746398207,717312,68719476735,23839438287.87,24112950523.34,156749,10,10,10,0,0,0,0,0,0,0,0,0,0.00,0
1790796911,0,442940,0,419.15,479.01,256245759,15233712127,47110422527,63686311935,67746398207,717312,68719476735,23839438287.87,24112950523.34,156749,10,10,10,0,0,0,0,0,0,0,0,0,0.00,0
1790796912,0,443403,0,419.19,462.61,256245759,15233712127,47110422527,63686311935,67746398207,717312,68719476735,23839438287.87,24112950523.34,156749,10,10,10,0,0,0,0,0,0,0,0,0,0.00,0
1790796913,0,443881,0,419.25,478.25,256245759,15233712127,47110422527,63686311935,67746398207,717312,68719476735,23839438287.87,24112950523.34,156749,10,10,10,0,0,0,0,0,0,0,0,0,0.00,0
1790796914,0,444330,0,419.28,449.14,256245759,15233712127,47110422527,63686311935,67746398207,717312,68719476735,23839438287.87,24112950523.34,156749,10,10,10,0,0,0,0,0,0,0,0,0,0.00,0
1790796915,0,444751,0,419.28,420.96,256245759,15233712127,47110422527,63686311935,67746398207,717312,68719476735,23839438287.87,24112950523.34,156749,10,10,10,0,0,0,0,0,0,0,0,0,0.00,0
1790796916,0,445272,0,419.37,520.98,256245759,15233712127,47110422527,63686311935,67746398207,717312,68719476735,23839438287.87,24112950523.34,156749,10,10,10,0,0,0,0,0,0,0,0,0,0.00,0
1790796917,0,445653,0,419.34,380.76,256245759,15233712127,47110422527,63686311935,67746398207,717312,68719476735,23839438287.87,24112950523.34,156749,10,10,10,0,0,0,0,0,0,0,0,0,0.00,0
1790796918,0,446000,0,419.27,346.95,256245759,15233712127,47110422527,63686311935,67746398207,717312,68719476735,23839438287.87,24112950523.34,156749,10,10,10,0,0,0,0,0,0,0,0,0,0.00,0
1790796919,0,446471,0,419.32,471.44,256245759,15233712127,47110422527,63686311935,67746398207,717312,68719476735,23839438287.87,24112950523.34,156749,10,10,10,0,0,0,0,0,0,0,0,0,0.00,0
1790796920,0,446980,0,419.40,508.85,256245759,15233712127,47110422527,63686311935,67746398207,717312,68719476735,23839438287.87,24112950523.34,156749,10,10,10,0,0,0,0,0,0,0,0,0,0.00,0
1790796921,0,447466,0,419.46,486.06,256245759,15233712127,47110422527,63686311935,67746398207,717312,68719476735,23839438287.87,24112950523.34,156749,10,10,10,0,0,0,0,0,0,0,0,0,0.00,0
1790796922,0,447826,0,419.41,359.86,256245759,15233712127,47110422527,63686311935,67746398207,717312,68719476735,23839438287.87,24112950523.34,156749,10,10,10,0,0,0,0,0,0,0,0,0,0.00,0
1790796923,0,448289,0,419.45,462.98,256245759,15233712127,47110422527,63686311935,67746398207,717312,68719476735,23839438287.87,24112950523.34,156749,10,10,10,0,0,0,0,0,0,0,0,0,0.00,0
1790796924,0,448633,0,419.38,344.13,256245759,15233712127,47110422527,63686311935,67746398207,717312,68719476735,23839438287.87,24112950523.34,156749,10,10,10,0,0,0,0,0,0,0,0,0,0.00,0
1790796925,0,449204,0,419.52,571.02,256245759,15233712127,47110422527,63686311935,67746398207,717312,68719476735,23839438287.87,24112950523.34,156749,10,10,10,0,0,0,0,0,0,0,0,0,0.00,0
1790796926,0,449690,0,419.58,485.80,256245759,15233712127,47110422527,63686311935,67746398207,717312,68719476735,23839438287.87,24112950523.34,156749,10,10,10,0,0,0,0,0,0,0,0,0,0.00,0
1790796927,0,450052,0,419.53,362.06,256245759,15233712127,47110422527,63686311935,67746398207,717312,68719476735,23839438287.87,24112950523.34,156749,10,10,10,0,0,0,0,0,0,0,0,0,0.00,0
1790796928,0,450464,0,419.52,411.85,256245759,15233712127,47110422527,63686311935,67746398207,717312,68719476735,23839438287.87,24112950523.34,156749,10,10,10,0,0,0,0,0,0,0,0,0,0.00,0
1790796929,0,450907,0,419.54,443.27,256245759,15233712127,47110422527,63686311935,67746398207,717312,68719476735,23839438287.87,24112950523.34,156749,10,10,10,0,0,0,0,0,0,0,0,0,0.00,0
1790796930,0,451283,0,419.50,375.87,256245759,15233712127,47110422527,63686311935,67746398207,717312,68719476735,23839438287.87,24112950523.34,156749,10,10,10,0,0,0,0,0,0,0,0,0,0.00,0
1790796931,0,451640,0,419.45,357.11,256245759,15233712127,47110422527,63686311935,67746398207,717312,68719476735,23839438287.87,24112950523.34,156749,10,10,10,0,0,0,0,0,0,0,0,0,0.00,0
1790796932,0,452091,0,419.47,451.08,256245759,15233712127,47110422527,63686311935,67746398207,717312,68719476735,23839438287.87,24112950523.34,156749,10,10,10,0,0,0,0,0,0,0,0,0,0.00,0
1790796933,0,452465,0,419.43,373.84,256245759,15233712127,47110422527,63686311935,67746398207,717312,68719476735,23839438287.87,24112950523.34,156749,10,10,10,0,0,0,0,0,0,0,0,0,0.00,0
1790796934,0,452889,0,419.44,424.11,256245759,15233712127,47110422527,63686311935,67746398207,717312,68719476735,23839438287.87,24112950523.34,156749,10,10,10,0,0,0,0,0,0,0,0,0,0.00,0
1790796935,0,453296,0,419.42,406.97,256245759,15233712127,47110422527,63686311935,67746398207,717312,68719476735,23839438287.87,24112950523.34,156749,10,10,10,0,0,0,0,0,0,0,0,0,0.00,0
1790796936,0,453813,0,419.51,516.71,256245759,15233712127,47110422527,63686311935,67746398207,717312,68719476735,23839438287.87,24112950523.34,156749,10,10,10,0,0,0,0,0,0,0,0,0,0.00,0
1790796937,0,454367,0,419.64,554.08,256245759,15233712127,47110422527,63686311935,67746398207,717312,68719476735,23839438287.87,24112950523.34,156749,10,10,10,0,0,0,0,0,0,0,0,0,0.00,0
1790796938,0,454918,0,419.76,551.26,256245759,15233712127,47110422527,63686311935,67746398207,717312,68719476735,23839438287.87,24112950523.34,156749,10,10,10,0,0,0,0,0,0,0,0,0,0.00,0
1790796939,0,455464,0,419.88,545.95,256245759,15233712127,47110422527,63686311935,67746398207,717312,68719476735,23839438287.87,24112950523.34,156749,10,10,10,0,0,0,0,0,0,0,0,0,0.00,0
1790796940,0,455920,0,419.91,456.16,256245759,15233712127,47110422527,63686311935,67746398207,717312,68719476735,23839438287.87,24112950523.34,156749,10,10,10,0,0,0,0,0,0,0,0,0,0.00,0
1790796941,0,456360,0,419.93,439.85,256245759,15233712127,47110422527,63686311935,67746398207,717312,68719476735,23839438287.87,24112950523.34,156749,10,10,10,0,0,0,0,0,0,0,0,0,0.00,0
1790796942,0,456801,0,419.95,440.86,256245759,15233712127,47110422527,63686311935,67746398207,717312,68719476735,23839438287.87,24112950523.34,156749,10,10,10,0,0,0,0,0,0,0,0,0,0.00,0
1790796943,0,457248,0,419.97,447.26,256245759,15233712127,47110422527,63686311935,67746398207,717312,68719476735,23839438287.87,24112950523.34,156749,10,10,10,0,0,0,0,0,0,0,0,0,0.00,0
1790796944,0,457670,0,419.97,421.93,256245759,15233712127,47110422527,63686311935,67746398207,717312,68719476735,23839438287.87,24112950523.34,156749,10,10,10,0,0,0,0,0,0,0,0,0,0.00,0
1790796945,0,458135,0,420.02,464.75,256245759,15233712127,47110422527,63686311935,67746398207,717312,68719476735,23839438287.87,24112950523.34,156749,10,10,10,0,0,0,0,0,0,0,0,0,0.00,0
1790796946,0,458619,0,420.07,484.41,256245759,15233712127,47110422527,63686311935,67746398207,717312,68719476735,23839438287.87,24112950523.34,156749,10,10,10,0,0,0,0,0,0,0,0,0,0.00,0
1790796947,0,459034,0,420.07,414.61,256245759,15233712127,47110422527,63686311935,67746398207,717312,68719476735,23839438287.87,24112950523.34,156749,10,10,10,0,0,0,0,0,0,0,0,0,0.00,0
1790796948,0,459500,0,420.11,466.13,256245759,15233712127,47110422527,63686311935,67746398207,717312,68719476735,23839438287.87,24112950523.34,156749,10,10,10,0,0,0,0,0,0,0,0,0,0.00,0
1790796949,0,459892,0,420.09,392.04,256245759,15233712127,47110422527,63686311935,67746398207,717312,68719476735,23839438287.87,24112950523.34,156749,10,10,10,0,0,0,0,0,0,0,0,0,0.00,0
1790796950,0,460333,0,420.11,440.85,256245759,15233712127,47110422527,63686311935,67746398207,717312,68719476735,23839438287.87,24112950523.34,156749,10,10,10,0,0,0,0,0,0,0,0,0,0.00,0
1790796951,0,460760,0,420.11,427.30,256245759,15233712127,47110422527,63686311935,67746398207,717312,68719476735,23839438287.87,24112950523.34,156749,10,10,10,0,0,0,0,0,0,0,0,0,0.00,0
1790796952,0,461179,0,420.11,418.74,256245759,15233712127,47110422527,63686311935,67746398207,717312,68719476735,23839438287.87,24112950523.34,156749,10,10,10,0,0,0,0,0,0,0,0,0,0.00,0
1790796953,0,461656,0,420.16,477.43,256245759,15233712127,47110422527,63686311935,67746398207,717312,68719476735,23839438287.87,24112950523.34,156749,10,10,10,0,0,0,0,0,0,0,0,0,0.00,0
1790796954,0,462082,0,420.17,425.93,256245759,15233712127,47110422527,63686311935,67746398207,717312,68719476735,23839438287.87,24112950523.34,156749,10,10,10,0,0,0,0,0,0,0,0,0,0.00,0
1790796955,0,462443,0,420.11,360.79,256245759,15233712127,47110422527,63686311935,67746398207,717312,68719476735,23839438287.87,24112950523.34,156749,10,10,10,0,0,0,0,0,0,0,0,0,0.00,0
1790796956,0,462919,0,420.16,476.01,256245759,15233712127,47110422527,63686311935,67746398207,717312,68719476735,23839438287.87,24112950523.34,156749,10,10,10,0,0,0,0,0,0,0,0,0,0.00,0
1790796957,0,463267,0,420.10,348.04,256245759,15233712127,47110422527,63686311935,67746398207,717312,68719476735,23839438287.87,24112950523.34,156749,10,10,10,0,0,0,0,0,0,0,0,0,0.00,0
1790796958,0,463580,0,420.00,312.98,256245759,15233712127,47110422527,63686311935,67746398207,717312,68719476735,23839438287.87,24112950523.34,156749,10,10,10,0,0,0,0,0,0,0,0,0,0.00,0
1790796959,0,464038,0,420.04,458.24,256245759,15233712127,47110422527,63686311935,67746398207,717312,68719476735,23839438287.87,24112950523.34,156749,10,10,10,0,0,0,0,0,0,0,0,0,0.00,0
1790796960,0,464529,0,420.10,490.58,256245759,15233712127,47110422527,63686311935,67746398207,717312,68719476735,23839438287.87,24112950523.34,156749,10,10,10,0,0,0,0,0,0,0,0,0,0.00,0
1790796961,0,464909,0,420.06,380.18,256245759,15233712127,47110422527,63686311935,67746398207,717312,68719476735,23839438287.87,24112950523.34,156749,10,10,10,0,0,0,0,0,0,0,0,0,0.00,0
1790796962,0,465370,0,420.10,460.90,256245759,15233712127,47110422527,63686311935,67746398207,717312,68719476735,23839438287.87,24112950523.34,156749,10,10,10,0,0,0,0,0,0,0,0,0,0.00,0
1790796963,0,465739,0,420.06,369.06,256245759,15233712127,47110422527,63686311935,67746398207,717312,68719476735,23839438287.87,24112950523.34,156749,10,10,10,0,0,0,0,0,0,0,0,0,0.00,0
1790796964,0,466153,0,420.05,413.88,256245759,15233712127,47110422527,63686311935,67746398207,717312,68719476735,23839438287.87,24112950523.34,156749,10,10,10,0,0,0,0,0,0,0,0,0,0.00,0
1790796965,0,466670,0,420.14,517.27,256245759,15233712127,47110422527,63686311935,67746398207,717312,68719476735,23839438287.87,24112950523.34,156749,10,10,10,0,0,0,0,0,0,0,0,0,0.00,0
1790796966,0,467090,0,420.14,420.09,256245759,15233712127,47110422527,63686311935,67746398207,717312,68719476735,23839438287.87,24112950523.34,156749,10,10,10,0,0,0,0,0,0,0,0,0,0.00,0
1790796967,0,467630,0,420.24,540.03,256245759,15233712127,47110422527,63686311935,67746398207,717312,68719476735,23839438287.87,24112950523.34,156749,10,10,10,0,0,0,0,0,0,0,0,0,0.00,0
1790796968,0,468124,0,420.31,493.73,256245759,15233712127,47110422527,63686311935,67746398207,717312,68719476735,23839438287.87,24112950523.34,156749,10,10,10,0,0,0,0,0,0,0,0,0,0.00,0
1790796969,0,468606,0,420.37,482.22,256245759,15233712127,47110422527,63686311935,67746398207,717312,68719476735,23839438287.87,24112950523.34,156749,10,10,10,0,0,0,0,0,0,0,0,0,0.00,0
1790796970,0,469090,0,420.42,483.82,256245759,15233712127,47110422527,63686311935,67746398207,717312,68719476735,23839438287.87,24112950523.34,156749,10,10,10,0,0,0,0,0,0,0,0,0,0.00,0
1790796971,0,469679,0,420.57,588.88,256245759,15233712127,47110422527,63686311935,67746398207,717312,68719476735,23839438287.87,24112950523.34,156749,10,10,10,0,0,0,0,0,0,0,0,0,0.00,0
1790796972,0,470091,0,420.57,412.13,256245759,15233712127,47110422527,63686311935,67746398207,717312,68719476735,23839438287.87,24112950523.34,156749,10,10,10,0,0,0,0,0,0,0,0,0,0.00,0
1790796973,0,470570,0,420.62,478.87,256245759,15233712127,47110422527,63686311935,67746398207,717312,68719476735,23839438287.87,24112950523.34,156749,10,10,10,0,0,0,0,0,0,0,0,0,0.00,0
1790796974,0,471117,0,420.73,547.00,256245759,15233712127,47110422527,63686311935,67746398207,717312,68719476735,23839438287.87,24112950523.34,156749,10,10,10,0,0,0,0,0,0,0,0,0,0.00,0
1790796975,0,471590,0,420.78,472.92,256245759,15233712127,47110422527,63686311935,67746398207,717312,68719476735,23839438287.87,24112950523.34,156749,10,10,10,0,0,0,0,0,0,0,0,0,0.00,0
1790796976,0,472124,0,420.88,534.48,256245759,15233712127,47110422527,63686311935,67746398207,717312,68719476735,23839438287.87,24112950523.34,156749,10,10,10,0,0,0,0,0,0,0,0,0,0.00,0
1790796977,0,472519,0,420.86,394.96,256245759,15233712127,47110422527,63686311935,67746398207,717312,68719476735,23839438287.87,24112950523.34,156749,10,10,10,0,0,0,0,0,0,0,0,0,0.00,0
1790796978,0,473192,0,421.08,672.93,256245759,15233712127,47110422527,63686311935,67746398207,717312,68719476735,23839438287.87,24112950523.34,156749,10,10,10,0,0,0,0,0,0,0,0,0,0.00,0
1790796979,0,473589,0,421.06,396.90,256245759,15233712127,47110422527,63686311935,67746398207,717312,68719476735,23839438287.87,24112950523.34,156749,10,10,10,0,0,0,0,0,0,0,0,0,0.00,0
1790796980,0,473930,0,420.99,340.98,256245759,15233712127,47110422527,63686311935,67746398207,717312,68719476735,23839438287.87,24112950523.34,156749,10,10,10,0,0,0,0,0,0,0,0,0,0.00,0
1790796981,0,474363,0,421.00,433.00,256245759,15233712127,47110422527,63686311935,67746398207,717312,68719476735,23839438287.87,24112950523.34,156749,10,10,10,0,0,0,0,0,0,0,0,0,0.00,0
1790796982,0,474803,0,421.02,439.81,256245759,15233712127,47110422527,63686311935,67746398207,717312,68719476735,23839438287.87,24112950523.34,156749,10,10,10,0,0,0,0,0,0,0,0,0,0.00,0
1790796983,0,475203,0,421.00,400.15,256245759,15233712127,47110422527,63686311935,67746398207,717312,68719476735,23839438287.87,24112950523.34,156749,10,10,10,0,0,0,0,0,0,0,0,0,0.00,0
1790796984,0,475663,0,421.03,459.89,256245759,15233712127,47110422527,63686311935,67746398207,717312,68719476735,23839438287.87,24112950523.34,156749,10,10,10,0,0,0,0,0,0,0,0,0,0.00,0
1790796985,0,476106,0,421.05,443.18,256245759,15233712127,47110422527,63686311935,67746398207,717312,68719476735,23839438287.87,24112950523.34,156749,10,10,10,0,0,0,0,0,0,0,0,0,0.00,0
1790796986,0,476500,0,421.03,394.08,256245759,15233712127,47110422527,63686311935,67746398207,717312,68719476735,23839438287.87,24112950523.34,156749,10,10,10,0,0,0,0,0,0,0,0,0,0.00,0
1790796987,0,476988,0,421.09,487.83,256245759,15233712127,47110422527,63686311935,67746398207,717312,68719476735,23839438287.87,24112950523.34,156749,10,10,10,0,0,0,0,0,0,0,0,0,0.00,0
1790796988,0,477419,0,421.10,431.21,256245759,15233712127,47110422527,63686311935,67746398207,717312,68719476735,23839438287.87,24112950523.34,156749,10,10,10,0,0,0,0,0,0,0,0,0,0.00,0
1790796989,0,477900,0,421.15,480.61,256245759,15233712127,47110422527,63686311935,67746398207,717312,68719476735,23839438287.87,24112950523.34,156749,10,10,10,0,0,0,0,0,0,0,0,0,0.00,0
1790796990,0,478430,0,421.24,530.39,256245759,15233712127,47110422527,63686311935,67746398207,717312,68719476735,23839438287.87,24112950523.34,156749,10,10,10,0,0,0,0,0,0,0,0,0,0.00,0
1790796991,0,478935,0,421.32,504.89,256245759,15233712127,47110422527,63686311935,67746398207,717312,68719476735,23839438287.87,24112950523.34,156749,10,10,10,0,0,0,0,0,0,0,0,0,0.00,0
1790796992,0,479390,0,421.35,455.07,256245759,15233712127,47110422527,63686311935,67746398207,717312,68719476735,23839438287.87,24112950523.34,156749,10,10,10,0,0,0,0,0,0,0,0,0,0.00,0
1790796993,0,479915,0,421.44,524.80,256245759,15233712127,47110422527,63686311935,67746398207,717312,68719476735,23839438287.87,24112950523.34,156749,10,10,10,0,0,0,0,0,0,0,0,0,0.00,0
1790796994,0,480864,0,421.90,948.92,256245759,15233712127,47110422527,63686311935,67746398207,717312,68719476735,23839438287.87,24112950523.34,156749,10,10,10,0,0,0,0,0,0,0,0,0,0.00,0
1790796995,0,481470,0,422.06,606.34,256245759,15233712127,47110422527,63686311935,67746398207,717312,68719476735,23839438287.87,24112950523.34,156749,10,10,10,0,0,0,0,0,0,0,0,0,0.00,0
1790796996,0,481939,0,422.10,468.73,256245759,15233712127,47110422527,63686311935,67746398207,717312,68719476735,23839438287.87,24112950523.34,156749,10,10,10,0,0,0,0,0,0,0,0,0,0.00,0
1790796997,0,482544,0,422.26,605.25,256245759,15233712127,47110422527,63686311935,67746398207,717312,68719476735,23839438287.87,24112950523.34,156749,10,10,10,0,0,0,0,0,0,0,0,0,0.00,0
1790796998,0,483421,0,422.66,876.48,256245759,15233712127,47110422527,63686311935,67746398207,717312,68719476735,23839438287.87,24112950523.34,156749,10,10,10,0,0,0,0,0,0,0,0,0,0.00,0
1790796999,0,484151,0,422.93,730.32,256245759,15233712127,47110422527,63686311935,67746398207,717312,68719476735,23839438287.87,24112950523.34,156749,10,10,10,0,0,0,0,0,0,0,0,0,0.00,0
1790797000,0,484695,0,423.04,544.13,256245759,15233712127,47110422527,63686311935,67746398207,717312,68719476735,23839438287.87,24112950523.34,156749,10,10,10,0,0,0,0,0,0,0,0,0,0.00,0
1790797001,0,485133,0,423.05,437.99,256245759,15233712127,47110422527,63686311935,67746398207,717312,68719476735,23839438287.87,24112950523.34,156749,10,10,10,0,0,0,0,0,0,0,0,0,0.00,0
1790797002,0,485950,0,423.39,816.59,256245759,15233712127,47110422527,63686311935,67746398207,717312,68719476735,23839438287.87,24112950523.34,156749,10,10,10,0,0,0,0,0,0,0,0,0,0.00,0
1790797003,0,486280,0,423.31,330.20,256245759,15233712127,47110422527,63686311935,67746398207,717312,68719476735,23839438287.87,24112950523.34,156749,10,10,10,0,0,0,0,0,0,0,0,0,0.00,0
1790797004,0,486660,0,423.27,379.90,256245759,15233712127,47110422527,63686311935,67746398207,717312,68719476735,23839438287.87,24112950523.34,156749,10,10,10,0,0,0,0,0,0,0,0,0,0.00,0
1790797005,0,487101,0,423.29,440.91,256245759,15233712127,47110422527,63686311935,67746398207,717312,68719476735,23839438287.87,24112950523.34,156749,10,10,10,0,0,0,0,0,0,0,0,0,0.00,0
1790797006,0,487742,0,423.48,640.87,256245759,15233712127,47110422527,63686311935,67746398207,717312,68719476735,23839438287.87,24112950523.34,156749,10,10,10,0,0,0,0,0,0,0,0,0,0.00,0
1790797007,0,488118,0,423.44,376.16,256245759,15233712127,47110422527,63686311935,67746398207,717312,68719476735,23839438287.87,24112950523.34,156749,10,10,10,0,0,0,0,0,0,0,0,0,0.00,0
1790797008,0,488585,0,423.47,466.81,256245759,15233712127,47110422527,63686311935,67746398207,717312,68719476735,23839438287.87,24112950523.34,156749,10,10,10,0,0,0,0,0,0,0,0,0,0.00,0
1790797009,0,489114,0,423.56,529.10,256245759,15233712127,47110422527,63686311935,67746398207,717312,68719476735,23839438287.87,24112950523.34,156749,10,10,10,0,0,0,0,0,0,0,0,0,0.00,0
1790797010,0,490009,0,423.97,895.55,256245759,15233712127,47110422527,63686311935,67746398207,717312,68719476735,23839438287.87,24112950523.34,156749,10,10,10,0,0,0,0,0,0,0,0,0,0.00,0
1790797011,0,490518,0,424.05,508.64,256245759,15233712127,47110422527,63686311935,67746398207,717312,68719476735,23839438287.87,24112950523.34,156749,10,10,10,0,0,0,0,0,0,0,0,0,0.00,0
1790797012,0,491014,0,424.11,496.17,256245759,15233712127,47110422527,63686311935,67746398207,717312,68719476735,23839438287.87,24112950523.34,156749,10,10,10,0,0,0,0,0,0,0,0,0,0.00,0
1790797013,0,491369,0,424.05,354.89,256245759,15233712127,47110422527,63686311935,67746398207,717312,68719476735,23839438287.87,24112950523.34,156749,10,10,10,0,0,0,0,0,0,0,0,0,0.00,0
1790797014,0,491810,0,424.06,441.19,256245759,15233712127,47110422527,63686311935,67746398207,717312,68719476735,23839438287.87,24112950523.34,156749,10,10,10,0,0,0,0,0,0,0,0,0,0.00,0
1790797015,0,492190,0,424.03,379.85,256245759,15233712127,47110422527,63686311935,67746398207,717312,68719476735,23839438287.87,24112950523.34,156749,10,10,10,0,0,0,0,0,0,0,0,0,0.00,0
1790797016,0,492652,0,424.06,462.16,256245759,15233712127,47110422527,63686311935,67746398207,717312,68719476735,23839438287.87,24112950523.34,156749,10,10,10,0,0,0,0,0,0,0,0,0,0.00,0
1790797017,0,493055,0,424.04,403.08,256245759,15233712127,47110422527,63686311935,67746398207,717312,68719476735,23839438287.87,24112950523.34,156749,10,10,10,0,0,0,0,0,0,0,0,0,0.00,0
1790797018,0,493530,0,424.08,474.67,256245759,15233712127,47110422527,63686311935,67746398207,717312,68719476735,23839438287.87,24112950523.34,156749,10,10,10,0,0,0,0,0,0,0,0,0,0.00,0
1790797019,0,493974,0,424.10,444.20,256245759,15233712127,47110422527,63686311935,67746398207,717312,68719476735,23839438287.87,24112950523.34,156749,10,10,10,0,0,0,0,0,0,0,0,0,0.00,0
1790797020,0,494437,0,424.13,463.01,256245759,15233712127,47110422527,63686311935,67746398207,717312,68719476735,23839438287.87,24112950523.34,156749,10,10,10,0,0,0,0,0,0,0,0,0,0.00,0
1790797021,0,494939,0,424.20,501.64,256245759,15233712127,47110422527,63686311935,67746398207,717312,68719476735,23839438287.87,24112950523.34,156749,10,10,10,0,0,0,0,0,0,0,0,0,0.00,0
1790797022,0,495340,0,424.18,401.29,256245759,15233712127,47110422527,63686311935,67746398207,717312,68719476735,23839438287.87,24112950523.34,156749,10,10,10,0,0,0,0,0,0,0,0,0,0.00,0
1790797023,0,495827,0,424.23,486.98,256245759,15233712127,47110422527,63686311935,67746398207,717312,68719476735,23839438287.87,24112950523.34,156749,10,10,10,0,0,0,0,0,0,0,0,0,0.00,0
1790797024,0,496185,0,424.18,357.82,256245759,15233712127,47110422527,63686311935,67746398207,717312,68719476735,23839438287.87,24112950523.34,156749,10,10,10,0,0,0,0,0,0,0,0,0,0.00,0
1790797025,0,496780,0,424.32,594.88,256245759,15233712127,47110422527,63686311935,67746398207,717312,68719476735,23839438287.87,24112950523.34,156749,10,10,10,0,0,0,0,0,0,0,0,0,0.00,0
1790797026,0,497176,0,424.30,396.28,256245759,15233712127,47110422527,63686311935,67746398207,717312,68719476735,23839438287.87,24112950523.34,156749,10,10,10,0,0,0,0,0,0,0,0,0,0.00,0
1790797027,0,497660,0,424.35,483.91,256245759,15233712127,47110422527,63686311935,67746398207,717312,68719476735,23839438287.87,24112950523.34,156749,10,10,10,0,0,0,0,0,0,0,0,0,0.00,0
1790797028,0,498074,0,424.34,414.18,256245759,15233712127,47110422527,63686311935,67746398207,717312,68719476735,23839438287.87,24112950523.34,156749,10,10,10,0,0,0,0,0,0,0,0,0,0.00,0
1790797029,0,498531,0,424.37,456.66,256245759,15233712127,47110422527,63686311935,67746398207,717312,68719476735,23839438287.87,24112950523.34,156749,10,10,10,0,0,0,0,0,0,0,0,0,0.00,0
1790797030,0,499199,0,424.58,668.22,256245759,15233712127,47110422527,63686311935,67746398207,717312,68719476735,23839438287.87,24112950523.34,156749,10,10,10,0,0,0,0,0,0,0,0,0,0.00,0
1790797031,0,499790,0,424.72,591.13,256245759,15233712127,47110422527,63686311935,67746398207,717312,68719476735,23839438287.87,24112950523.34,156749,10,10,10,0,0,0,0,0,0,0,0,0,0.00,0
1790797032,0,500350,0,424.83,559.75,256245759,15233712127,47110422527,63686311935,67746398207,717312,68719476735,23839438287.87,24112950523.34,156749,10,10,10,0,0,0,0,0,0,0,0,0,0.00,0
1790797033,0,501076,0,425.09,726.07,256245759,15233712127,47110422527,63686311935,67746398207,717312,68719476735,23839438287.87,24112950523.34,156749,10,10,10,0,0,0,0,0,0,0,0,0,0.00,0
1790797034,0,501425,0,425.02,349.15,256245759,15233712127,47110422527,63686311935,67746398207,717312,68719476735,23839438287.87,24112950523.34,156749,10,10,10,0,0,0,0,0,0,0,0,0,0.00,0
1790797035,0,501867,0,425.04,441.77,256245759,15233712127,47110422527,63686311935,67746398207,717312,68719476735,23839438287.87,24112950523.34,156749,10,10,10,0,0,0,0,0,0,0,0,0,0.00,0
1790797036,0,502397,0,425.13,530.37,256245759,15233712127,47110422527,63686311935,67746398207,717312,68719476735,23839438287.87,24112950523.34,156749,10,10,10,0,0,0,0,0,0,0,0,0,0.00,0
1790797037,0,502880,0,425.18,482.96,256245759,15233712127,47110422527,63686311935,67746398207,717312,68719476735,23839438287.87,24112950523.34,156749,10,10,10,0,0,0,0,0,0,0,0,0,0.00,0
1790797038,0,503309,0,425.18,428.81,256245759,15233712127,47110422527,63686311935,67746398207,717312,68719476735,23839438287.87,24112950523.34,156749,10,10,10,0,0,0,0,0,0,0,0,0,0.00,0
1790797039,0,503640,0,425.10,330.92,256245759,15233712127,47110422527,63686311935,67746398207,717312,68719476735,23839438287.87,24112950523.34,156749,10,10,10,0,0,0,0,0,0,0,0,0,0.00,0
1790797040,0,504169,0,425.19,529.36,256245759,15233712127,47110422527,63686311935,67746398207,717312,68719476735,23839438287.87,24112950523.34,156749,10,10,10,0,0,0,0,0,0,0,0,0,0.00,0
1790797041,0,504504,0,425.11,334.91,256245759,15233712127,47110422527,63686311935,67746398207,717312,68719476735,23839438287.87,24112950523.34,156749,10,10,10,0,0,0,0,0,0,0,0,0,0.00,0
1790797042,0,504919,0,425.10,414.79,256245759,15233712127,47110422527,63686311935,67746398207,717312,68719476735,23839438287.87,24112950523.34,156749,10,10,10,0,0,0,0,0,0,0,0,0,0.00,0
1790797043,0,505361,0,425.12,442.27,256245759,15233712127,47110422527,63686311935,67746398207,717312,68719476735,23839438287.87,24112950523.34,156749,10,10,10,0,0,0,0,0,0,0,0,0,0.00,0
1790797044,0,505929,0,425.24,567.78,256245759,15233712127,47110422527,63686311935,67746398207,717312,68719476735,23839438287.87,24112950523.34,156749,10,10,10,0,0,0,0,0,0,0,0,0,0.00,0
1790797045,0,506372,0,425.25,443.02,256245759,15233712127,47110422527,63686311935,67746398207,717312,68719476735,23839438287.87,24112950523.34,156749,10,10,10,0,0,0,0,0,0,0,0,0,0.00,0
1790797046,0,506739,0,425.20,367.00,256245759,15233712127,47110422527,63686311935,67746398207,717312,68719476735,23839438287.87,24112950523.34,156749,10,10,10,0,0,0,0,0,0,0,0,0,0.00,0
1790797047,0,507136,0,425.18,396.89,256245759,15233712127,47110422527,63686311935,67746398207,717312,68719476735,23839438287.87,24112950523.34,156749,10,10,10,0,0,0,0,0,0,0,0,0,0.00,0
1790797048,0,507558,0,425.18,422.00,256245759,15233712127,47110422527,63686311935,67746398207,717312,68719476735,23839438287.87,24112950523.34,156749,10,10,10,0,0,0,0,0,0,0,0,0,0.00,0
1790797049,0,508056,0,425.24,498.46,256245759,15233712127,47110422527,63686311935,67746398207,717312,68719476735,23839438287.87,24112950523.34,156749,10,10,10,0,0,0,0,0,0,0,0,0,0.00,0
1790797050,0,508454,0,425.22,397.75,256245759,15233712127,47110422527,63686311935,67746398207,717312,68719476735,23839438287.87,24112950523.34,156749,10,10,10,0,0,0,0,0,0,0,0,0,0.00,0
1790797051,0,509150,0,425.44,696.23,256245759,15233712127,47110422527,63686311935,67746398207,717312,68719476735,23839438287.87,24112950523.34,156749,10,10,10,0,0,0,0,0,0,0,0,0,0.00,0
1790797052,0,509570,0,425.44,420.06,256245759,15233712127,47110422527,63686311935,67746398207,717312,68719476735,23839438287.87,24112950523.34,156749,10,10,10,0,0,0,0,0,0,0,0,0,0.00,0
1790797053,0,509908,0,425.36,337.74,256245759,15233712127,47110422527,63686311935,67746398207,717312,68719476735,23839438287.87,24112950523.34,156749,10,10,10,0,0,0,0,0,0,0,0,0,0.00,0
1790797054,0,510362,0,425.39,454.38,256245759,15233712127,47110422527,63686311935,67746398207,717312,68719476735,23839438287.87,24112950523.34,156749,10,10,10,0,0,0,0,0,0,0,0,0,0.00,0
1790797055,0,510860,0,425.45,497.71,256245759,15233712127,47110422527,63686311935,67746398207,717312,68719476735,23839438287.87,24112950523.34,156749,10,10,10,0,0,0,0,0,0,0,0,0,0.00,0
1790797056,0,511287,0,425.45,427.03,256245759,15233712127,47110422527,63686311935,67746398207,717312,68719476735,23839438287.87,24112950523.34,156749,10,10,10,0,0,0,0,0,0,0,0,0,0.00,0
1790797057,0,511895,0,425.60,607.99,256245759,15233712127,47110422527,63686311935,67746398207,717312,68719476735,23839438287.87,24112950523.34,156749,10,10,10,0,0,0,0,0,0,0,0,0,0.00,0
1790797058,0,512370,0,425.64,475.16,256245759,15233712127,47110422527,63686311935,67746398207,717312,68719476735,23839438287.87,24112950523.34,156749,10,10,10,0,0,0,0,0,0,0,0,0,0.00,0
1790797059,0,512860,0,425.70,489.61,256245759,15233712127,47110422527,63686311935,67746398207,717312,68719476735,23839438287.87,24112950523.34,156749,10,10,10,0,0,0,0,0,0,0,0,0,0.00,0
1790797060,0,513428,0,425.81,568.15,256245759,15233712127,47110422527,63686311935,67746398207,717312,68719476735,23839438287.87,24112950523.34,156749,10,10,10,0,0,0,0,0,0,0,0,0,0.00,0
1790797061,0,513813,0,425.78,385.02,256245759,15233712127,47110422527,63686311935,67746398207,717312,68719476735,23839438287.87,24112950523.34,156749,10,10,10,0,0,0,0,0,0,0,0,0,0.00,0
1790797062,0,514360,0,425.88,547.13,256245759,15233712127,47110422527,63686311935,67746398207,717312,68719476735,23839438287.87,24112950523.34,156749,10,10,10,0,0,0,0,0,0,0,0,0,0.00,0
1790797063,0,514860,0,425.94,499.85,256245759,15233712127,47110422527,63686311935,67746398207,717312,68719476735,23839438287.87,24112950523.34,156749,10,10,10,0,0,0,0,0,0,0,0,0,0.00,0
1790797064,0,515300,0,425.95,440.08,256245759,15233712127,47110422527,63686311935,67746398207,717312,68719476735,23839438287.87,24112950523.34,156749,10,10,10,0,0,0,0,0,0,0,0,0,0.00,0
1790797065,0,515750,0,425.97,449.85,256245759,15233712127,47110422527,63686311935,67746398207,717312,68719476735,23839438287.87,24112950523.34,156749,10,10,10,0,0,0,0,0,0,0,0,0,0.00,0
1790797066,0,516217,0,426.01,466.98,256245759,15233712127,47110422527,63686311935,67746398207,717312,68719476735,23839438287.87,24112950523.34,156749,10,10,10,0,0,0,0,0,0,0,0,0,0.00,0
1790797067,0,516537,0,425.92,320.19,256245759,15233712127,47110422527,63686311935,67746398207,717312,68719476735,23839438287.87,24112950523.34,156749,10,10,10,0,0,0,0,0,0,0,0,0,0.00,0
1790797068,0,516895,0,425.86,358.00,256245759,15233712127,47110422527,63686311935,67746398207,717312,68719476735,23839438287.87,24112950523.34,156749,10,10,10,0,0,0,0,0,0,0,0,0,0.00,0
1790797069,0,517549,0,426.05,654.03,256245759,15233712127,47110422527,63686311935,67746398207,717312,68719476735,23839438287.87,24112950523.34,156749,10,10,10,0,0,0,0,0,0,0,0,0,0.00,0
1790797070,0,518010,0,426.08,460.83,256245759,15233712127,47110422527,63686311935,67746398207,717312,68719476735,23839438287.87,24112950523.34,156749,10,10,10,0,0,0,0,0,0,0,0,0,0.00,0
1790797071,0,518430,0,426.08,420.14,256245759,15233712127,47110422527,63686311935,67746398207,717312,68719476735,23839438287.87,24112950523.34,156749,10,10,10,0,0,0,0,0,0,0,0,0,0.00,0
1790797072,0,518909,0,426.12,478.96,256245759,15233712127,47110422527,63686311935,67746398207,717312,68719476735,23839438287.87,24112950523.34,156749,10,10,10,0,0,0,0,0,0,0,0,0,0.00,0
1790797073,0,519670,0,426.39,760.68,256245759,15233712127,47110422527,63686311935,67746398207,717312,68719476735,23839438287.87,24112950523.34,156749,10,10,10,0,0,0,0,0,0,0,0,0,0.00,0
1790797074,0,520105,0,426.40,435.05,256245759,15233712127,47110422527,63686311935,67746398207,717312,68719476735,23839438287.87,24112950523.34,156749,10,10,10,0,0,0,0,0,0,0,0,0,0.00,0
1790797075,0,520580,0,426.44,475.13,256245759,15233712127,47110422527,63686311935,67746398207,717312,68719476735,23839438287.87,24112950523.34,156749,10,10,10,0,0,0,0,0,0,0,0,0,0.00,0
1790797076,0,520928,0,426.38,348.13,256245759,15233712127,47110422527,63686311935,67746398207,717312,68719476735,23839438287.87,24112950523.34,156749,10,10,10,0,0,0,0,0,0,0,0,0,0.00,0
1790797077,0,521429,0,426.44,501.04,256245759,15233712127,47110422527,63686311935,67746398207,717312,68719476735,23839438287.87,24112950523.34,156749,10,10,10,0,0,0,0,0,0,0,0,0,0.00,0
1790797078,0,521854,0,426.44,424.87,256245759,15233712127,47110422527,63686311935,67746398207,717312,68719476735,23839438287.87,24112950523.34,156749,10,10,10,0,0,0,0,0,0,0,0,0,0.00,0
1790797079,0,522207,0,426.38,353.14,256245759,15233712127,47110422527,63686311935,67746398207,717312,68719476735,23839438287.87,24112950523.34,156749,10,10,10,0,0,0,0,0,0,0,0,0,0.00,0
1790797080,0,522670,0,426.41,462.89,256245759,15233712127,47110422527,63686311935,67746398207,717312,68719476735,23839438287.87,24112950523.34,156749,10,10,10,0,0,0,0,0,0,0,0,0,0.00,0
1790797081,0,523033,0,426.35,363.00,256245759,15233712127,47110422527,63686311935,67746398207,717312,68719476735,23839438287.87,24112950523.34,156749,10,10,10,0,0,0,0,0,0,0,0,0,0.00,0
1790797082,0,523450,0,426.35,416.97,256245759,15233712127,47110422527,63686311935,67746398207,717312,68719476735,23839438287.87,24112950523.34,156749,10,10,10,0,0,0,0,0,0,0,0,0,0.00,0
1790797083,0,523890,0,426.36,439.81,256245759,15233712127,47110422527,63686311935,67746398207,717312,68719476735,23839438287.87,24112950523.34,156749,10,10,10,0,0,0,0,0,0,0,0,0,0.00,0
1790797084,0,524431,0,426.45,541.34,256245759,15233712127,47110422527,63686311935,67746398207,717312,68719476735,23839438287.87,24112950523.34,156749,10,10,10,0,0,0,0,0,0,0,0,0,0.00,0
1790797085,0,524860,0,426.45,428.61,256245759,15233712127,47110422527,63686311935,67746398207,717312,68719476735,23839438287.87,24112950523.34,156749,10,10,10,0,0,0,0,0,0,0,0,0,0.00,0
1790797086,0,525233,0,426.41,373.26,256245759,15233712127,47110422527,63686311935,67746398207,717312,68719476735,23839438287.87,24112950523.34,156749,10,10,10,0,0,0,0,0,0,0,0,0,0.00,0
1790797087,0,525673,0,426.42,440.02,256245759,15233712127,47110422527,63686311935,67746398207,717312,68719476735,23839438287.87,24112950523.34,156749,10,10,10,0,0,0,0,0,0,0,0,0,0.00,0
1790797088,0,526167,0,426.48,494.12,256245759,15233712127,47110422527,63686311935,67746398207,717312,68719476735,23839438287.87,24112950523.34,156749,10,10,10,0,0,0,0,0,0,0,0,0,0.00,0
1790797089,0,526621,0,426.50,453.91,256245759,15233712127,47110422527,63686311935,67746398207,717312,68719476735,23839438287.87,24112950523.34,156749,10,10,10,0,0,0,0,0,0,0,0,0,0.00,0
1790797090,0,527035,0,426.49,413.67,256245759,15233712127,47110422527,63686311935,67746398207,717312,68719476735,23839438287.87,24112950523.34,156749,10,10,10,0,0,0,0,0,0,0,0,0,0.00,0
1790797091,0,527428,0,426.46,393.05,256245759,15233712127,47110422527,63686311935,67746398207,717312,68719476735,23839438287.87,24112950523.34,156749,10,10,10,0,0,0,0,0,0,0,0,0,0.00,0
1790797092,0,527788,0,426.41,360.33,256245759,15233712127,47110422527,63686311935,67746398207,717312,68719476735,23839438287.87,24112950523.34,156749,10,10,10,0,0,0,0,0,0,0,0,0,0.00,0
1790797093,0,528230,0,426.42,441.89,256245759,15233712127,47110422527,63686311935,67746398207,717312,68719476735,23839438287.87,24112950523.34,156749,10,10,10,0,0,0,0,0,0,0,0,0,0.00,0
1790797094,0,528724,0,426.47,494.00,256245759,15233712127,47110422527,63686311935,67746398207,717312,68719476735,23839438287.87,24112950523.34,156749,10,10,10,0,0,0,0,0,0,0,0,0,0.00,0
1790797095,0,529218,0,426.53,493.82,256245759,15233712127,47110422527,63686311935,67746398207,717312,68719476735,23839438287.87,24112950523.34,156749,10,10,10,0,0,0,0,0,0,0,0,0,0.00,0
1790797096,0,529660,0,426.54,441.89,256245759,15233712127,47110422527,63686311935,67746398207,717312,68719476735,23839438287.87,24112950523.34,156749,10,10,10,0,0,0,0,0,0,0,0,0,0.00,0
1790797097,0,530183,0,426.62,523.41,256245759,15233712127,47110422527,63686311935,67746398207,717312,68719476735,23839438287.87,24112950523.34,156749,10,10,10,0,0,0,0,0,0,0,0,0,0.00,0
1790797098,0,530666,0,426.66,482.60,256245759,15233712127,47110422527,63686311935,67746398207,717312,68719476735,23839438287.87,24112950523.34,156749,10,10,10,0,0,0,0,0,0,0,0,0,0.00,0
1790797099,0,531068,0,426.64,402.33,256245759,15233712127,47110422527,63686311935,67746398207,717312,68719476735,23839438287.87,24112950523.34,156749,10,10,10,0,0,0,0,0,0,0,0,0,0.00,0
1790797100,0,531597,0,426.73,528.97,256245759,15233712127,47110422527,63686311935,67746398207,717312,68719476735,23839438287.87,24112950523.34,156749,10,10,10,0,0,0,0,0,0,0,0,0,0.00,0
1790797101,0,532129,0,426.81,531.80,256245759,15233712127,47110422527,63686311935,67746398207,717312,68719476735,23839438287.87,24112950523.34,156749,10,10,10,0,0,0,0,0,0,0,0,0,0.00,0
1790797102,0,532540,0,426.80,411.00,256245759,15233712127,47110422527,63686311935,67746398207,717312,68719476735,23839438287.87,24112950523.34,156749,10,10,10,0,0,0,0,0,0,0,0,0,0.00,0
1790797103,0,532997,0,426.82,457.21,256245759,15233712127,47110422527,63686311935,67746398207,717312,68719476735,23839438287.87,24112950523.34,156749,10,10,10,0,0,0,0,0,0,0,0,0,0.00,0
1790797104,0,533501,0,426.88,503.88,256245759,15233712127,47110422527,63686311935,67746398207,717312,68719476735,23839438287.87,24112950523.34,156749,10,10,10,0,0,0,0,0,0,0,0,0,0.00,0
1790797105,0,533919,0,426.88,418.05,256245759,15233712127,47110422527,63686311935,67746398207,717312,68719476735,23839438287.87,24112950523.34,156749,10,10,10,0,0,0,0,0,0,0,0,0,0.00,0
1790797106,0,534546,0,427.04,626.76,256245759,15233712127,47110422527,63686311935,67746398207,717312,68719476735,23839438287.87,24112950523.34,156749,10,10,10,0,0,0,0,0,0,0,0,0,0.00,0
1790797107,0,535037,0,427.09,491.05,256245759,15233712127,47110422527,63686311935,67746398207,717312,68719476735,23839438287.87,24112950523.34,156749,10,10,10,0,0,0,0,0,0,0,0,0,0.00,0
1790797108,0,535480,0,427.10,443.05,256245759,15233712127,47110422527,63686311935,67746398207,717312,68719476735,23839438287.87,24112950523.34,156749,10,10,10,0,0,0,0,0,0,0,0,0,0.00,0
1790797109,0,535910,0,427.10,429.93,256245759,15233712127,47110422527,63686311935,67746398207,717312,68719476735,23839438287.87,24112950523.34,156749,10,10,10,0,0,0,0,0,0,0,0,0,0.00,0
1790797110,0,536400,0,427.15,490.06,256245759,15233712127,47110422527,63686311935,67746398207,717312,68719476735,23839438287.87,24112950523.34,156749,10,10,10,0,0,0,0,0,0,0,0,0,0.00,0
1790797111,0,536798,0,427.13,397.87,256245759,15233712127,47110422527,63686311935,67746398207,717312,68719476735,23839438287.87,24112950523.34,156749,10,10,10,0,0,0,0,0,0,0,0,0,0.00,0
1790797112,0,537385,0,427.26,587.27,256245759,15233712127,47110422527,63686311935,67746398207,717312,68719476735,23839438287.87,24112950523.34,156749,10,10,10,0,0,0,0,0,0,0,0,0,0.00,0
1790797113,0,537965,0,427.38,579.97,256245759,15233712127,47110422527,63686311935,67746398207,717312,68719476735,23839438287.87,24112950523.34,156749,10,10,10,0,0,0,0,0,0,0,0,0,0.00,0
1790797114,0,538449,0,427.42,484.01,256245759,15233712127,47110422527,63686311935,67746398207,717312,68719476735,23839438287.87,24112950523.34,156749,10,10,10,0,0,0,0,0,0,0,0,0,0.00,0
1790797115,0,538920,0,427.46,470.90,256245759,15233712127,47110422527,63686311935,67746398207,717312,68719476735,23839438287.87,24112950523.34,156749,10,10,10,0,0,0,0,0,0,0,0,0,0.00,0
1790797116,0,539391,0,427.49,471.17,256245759,15233712127,47110422527,63686311935,67746398207,717312,68719476735,23839438287.87,24112950523.34,156749,10,10,10,0,0,0,0,0,0,0,0,0,0.00,0
1790797117,0,539790,0,427.47,398.89,256245759,15233712127,47110422527,63686311935,67746398207,717312,68719476735,23839438287.87,24112950523.34,156749,10,10,10,0,0,0,0,0,0,0,0,0,0.00,0
1790797118,0,540250,0,427.50,460.10,256245759,15233712127,47110422527,63686311935,67746398207,717312,68719476735,23839438287.87,24112950523.34,156749,10,10,10,0,0,0,0,0,0,0,0,0,0.00,0
1790797119,0,540739,0,427.54,488.72,256245759,15233712127,47110422527,63686311935,67746398207,717312,68719476735,23839438287.87,24112950523.34,156749,10,10,10,0,0,0,0,0,0,0,0,0,0.00,0
1790797120,0,541221,0,427.59,482.14,256245759,15233712127,47110422527,63686311935,67746398207,717312,68719476735,23839438287.87,24112950523.34,156749,10,10,10,0,0,0,0,0,0,0,0,0,0.00,0
1790797121,0,541959,0,427.83,737.64,256245759,15233712127,47110422527,63686311935,67746398207,717312,68719476735,23839438287.87,24112950523.34,156749,10,10,10,0,0,0,0,0,0,0,0,0,0.00,0
1790797122,0,542350,0,427.80,391.14,256245759,15233712127,47110422527,63686311935,67746398207,717312,68719476735,23839438287.87,24112950523.34,156749,10,10,10,0,0,0,0,0,0,0,0,0,0.00,0
1790797123,0,542786,0,427.81,436.06,256245759,15233712127,47110422527,63686311935,67746398207,717312,68719476735,23839438287.87,24112950523.34,156749,10,10,10,0,0,0,0,0,0,0,0,0,0.00,0
1790797124,0,543172,0,427.78,386.01,256245759,15233712127,47110422527,63686311935,67746398207,717312,68719476735,23839438287.87,24112950523.34,156749,10,10,10,0,0,0,0,0,0,0,0,0,0.00,0
1790797125,0,543579,0,427.76,407.14,256245759,15233712127,47110422527,63686311935,67746398207,717312,68719476735,23839438287.87,24112950523.34,156749,10,10,10,0,0,0,0,0,0,0,0,0,0.00,0
1790797126,0,544081,0,427.82,501.77,256245759,15233712127,47110422527,63686311935,67746398207,717312,68719476735,23839438287.87,24112950523.34,156749,10,10,10,0,0,0,0,0,0,0,0,0,0.00,0
1790797127,0,544549,0,427.85,468.13,256245759,15233712127,47110422527,63686311935,67746398207,717312,68719476735,23839438287.87,24112950523.34,156749,10,10,10,0,0,0,0,0,0,0,0,0,0.00,0
1790797128,0,544961,0,427.84,412.05,256245759,15233712127,47110422527,63686311935,67746398207,717312,68719476735,23839438287.87,24112950523.34,156749,10,10,10,0,0,0,0,0,0,0,0,0,0.00,0
1790797129,0,545552,0,427.97,590.80,256245759,15233712127,47110422527,63686311935,67746398207,717312,68719476735,23839438287.87,24112950523.34,156749,10,10,10,0,0,0,0,0,0,0,0,0,0.00,0
1790797130,0,546245,0,428.17,693.15,256245759,15233712127,47110422527,63686311935,67746398207,717312,68719476735,23839438287.87,24112950523.34,156749,10,10,10,0,0,0,0,0,0,0,0,0,0.00,0
1790797131,0,546680,0,428.18,434.66,256245759,15233712127,47110422527,63686311935,67746398207,717312,68719476735,23839438287.87,24112950523.34,156749,10,10,10,0,0,0,0,0,0,0,0,0,0.00,0
1790797132,0,547080,0,428.16,400.15,256245759,15233712127,47110422527,63686311935,67746398207,717312,68719476735,23839438287.87,24112950523.34,156749,10,10,10,0,0,0,0,0,0,0,0,0,0.00,0
1790797133,0,547526,0,428.17,446.03,256245759,15233712127,47110422527,63686311935,67746398207,717312,68719476735,23839438287.87,24112950523.34,156749,10,10,10,0,0,0,0,0,0,0,0,0,0.00,0
1790797134,0,547912,0,428.14,385.93,256245759,15233712127,47110422527,63686311935,67746398207,717312,68719476735,23839438287.87,24112950523.34,156749,10,10,10,0,0,0,0,0,0,0,0,0,0.00,0
1790797135,0,548463,0,428.23,551.18,256245759,15233712127,47110422527,63686311935,67746398207,717312,68719476735,23839438287.87,24112950523.34,156749,10,10,10,0,0,0,0,0,0,0,0,0,0.00,0
1790797136,0,549456,0,428.67,992.49,256245759,15233712127,47110422527,63686311935,67746398207,717312,68719476735,23839438287.87,24112950523.34,156749,10,10,10,0,0,0,0,0,0,0,0,0,0.00,0
1790797137,0,549887,0,428.68,431.10,256245759,15233712127,47110422527,63686311935,67746398207,717312,68719476735,23839438287.87,24112950523.34,156749,10,10,10,0,0,0,0,0,0,0,0,0,0.00,0
1790797138,0,550310,0,428.67,423.00,256245759,15233712127,47110422527,63686311935,67746398207,717312,68719476735,23839438287.87,24112950523.34,156749,10,10,10,0,0,0,0,0,0,0,0,0,0.00,0
1790797139,0,550744,0,428.68,434.04,256245759,15233712127,47110422527,63686311935,67746398207,717312,68719476735,23839438287.87,24112950523.34,156749,10,10,10,0,0,0,0,0,0,0,0,0,0.00,0
1790797140,0,551210,0,428.70,466.04,256245759,15233712127,47110422527,63686311935,67746398207,717312,68719476735,23839438287.87,24112950523.34,156749,10,10,10,0,0,0,0,0,0,0,0,0,0.00,0
1790797141,0,551682,0,428.74,472.01,256245759,15233712127,47110422527,63686311935,67746398207,717312,68719476735,23839438287.87,24112950523.34,156749,10,10,10,0,0,0,0,0,0,0,0,0,0.00,0
1790797142,0,552207,0,428.81,524.87,256245759,15233712127,47110422527,63686311935,67746398207,717312,68719476735,23839438287.87,24112950523.34,156749,10,10,10,0,0,0,0,0,0,0,0,0,0.00,0
1790797143,0,552659,0,428.83,452.01,256245759,15233712127,47110422527,63686311935,67746398207,717312,68719476735,23839438287.87,24112950523.34,156749,10,10,10,0,0,0,0,0,0,0,0,0,0.00,0
1790797144,0,553157,0,428.89,498.28,256245759,15233712127,47110422527,63686311935,67746398207,717312,68719476735,23839438287.87,24112950523.34,156749,10,10,10,0,0,0,0,0,0,0,0,0,0.00,0
1790797145,0,553794,0,429.05,637.04,256245759,15233712127,47110422527,63686311935,67746398207,717312,68719476735,23839438287.87,24112950523.34,156749,10,10,10,0,0,0,0,0,0,0,0,0,0.00,0
1790797146,0,554470,0,429.24,675.77,256245759,15233712127,47110422527,63686311935,67746398207,717312,68719476735,23839438287.87,24112950523.34,156749,10,10,10,0,0,0,0,0,0,0,0,0,0.00,0
1790797147,0,554920,0,429.25,449.72,256245759,15233712127,47110422527,63686311935,67746398207,717312,68719476735,23839438287.87,24112950523.34,156749,10,10,10,0,0,0,0,0,0,0,0,0,0.00,0
1790797148,0,555525,0,429.39,605.40,256245759,15233712127,47110422527,63686311935,67746398207,717312,68719476735,23839438287.87,24112950523.34,156749,10,10,10,0,0,0,0,0,0,0,0,0,0.00,0
1790797149,0,556100,0,429.50,575.16,256245759,15233712127,47110422527,63686311935,67746398207,717312,68719476735,23839438287.87,24112950523.34,156749,10,10,10,0,0,0,0,0,0,0,0,0,0.00,0
1790797150,0,556675,0,429.61,574.85,256245759,15233712127,47110422527,63686311935,67746398207,717312,68719476735,23839438287.87,24112950523.34,156749,10,10,10,0,0,0,0,0,0,0,0,0,0.00,0
1790797151,0,557152,0,429.65,477.02,256245759,15233712127,47110422527,63686311935,67746398207,717312,68719476735,23839438287.87,24112950523.34,156749,10,10,10,0,0,0,0,0,0,0,0,0,0.00,0
1790797152,0,557573,0,429.64,421.07,256245759,15233712127,47110422527,63686311935,67746398207,717312,68719476735,23839438287.87,24112950523.34,156749,10,10,10,0,0,0,0,0,0,0,0,0,0.00,0
1790797153,0,558012,0,429.65,438.80,256245759,15233712127,47110422527,63686311935,67746398207,717312,68719476735,23839438287.87,24112950523.34,156749,10,10,10,0,0,0,0,0,0,0,0,0,0.00,0
1790797154,0,558493,0,429.69,481.28,256245759,15233712127,47110422527,63686311935,67746398207,717312,68719476735,23839438287.87,24112950523.34,156749,10,10,10,0,0,0,0,0,0,0,0,0,0.00,0
1790797155,0,558923,0,429.69,429.92,256245759,15233712127,47110422527,63686311935,67746398207,717312,68719476735,23839438287.87,24112950523.34,156749,10,10,10,0,0,0,0,0,0,0,0,0,0.00,0
1790797156,0,559378,0,429.71,454.70,256245759,15233712127,47110422527,63686311935,67746398207,717312,68719476735,23839438287.87,24112950523.34,156749,10,10,10,0,0,0,0,0,0,0,0,0,0.00,0
1790797157,0,559746,0,429.66,368.17,256245759,15233712127,47110422527,63686311935,67746398207,717312,68719476735,23839438287.87,24112950523.34,156749,10,10,10,0,0,0,0,0,0,0,0,0,0.00,0
1790797158,0,560117,0,429.62,370.78,256245759,15233712127,47110422527,63686311935,67746398207,717312,68719476735,23839438287.87,24112950523.34,156749,10,10,10,0,0,0,0,0,0,0,0,0,0.00,0
1790797159,0,560574,0,429.64,457.21,256245759,15233712127,47110422527,63686311935,67746398207,717312,68719476735,23839438287.87,24112950523.34,156749,10,10,10,0,0,0,0,0,0,0,0,0,0.00,0
1790797160,0,561093,0,429.71,518.80,256245759,15233712127,47110422527,63686311935,67746398207,717312,68719476735,23839438287.87,24112950523.34,156749,10,10,10,0,0,0,0,0,0,0,0,0,0.00,0
1790797161,0,561505,0,429.69,412.13,256245759,15233712127,47110422527,63686311935,67746398207,717312,68719476735,23839438287.87,24112950523.34,156749,10,10,10,0,0,0,0,0,0,0,0,0,0.00,0
1790797162,0,561888,0,429.66,382.91,256245759,15233712127,47110422527,63686311935,67746398207,717312,68719476735,23839438287.87,24112950523.34,156749,10,10,10,0,0,0,0,0,0,0,0,0,0.00,0
1790797163,0,562369,0,429.70,480.92,256245759,15233712127,47110422527,63686311935,67746398207,717312,68719476735,23839438287.87,24112950523.34,156749,10,10,10,0,0,0,0,0,0,0,0,0,0.00,0
1790797164,0,562772,0,429.68,403.20,256245759,15233712127,47110422527,63686311935,67746398207,717312,68719476735,23839438287.87,24112950523.34,156749,10,10,10,0,0,0,0,0,0,0,0,0,0.00,0
1790797165,0,563160,0,429.65,388.14,256245759,15233712127,47110422527,63686311935,67746398207,717312,68719476735,23839438287.87,24112950523.34,156749,10,10,10,0,0,0,0,0,0,0,0,0,0.00,0
1790797166,0,563550,0,429.61,389.84,256245759,15233712127,47110422527,63686311935,67746398207,717312,68719476735,23839438287.87,24112950523.34,156749,10,10,10,0,0,0,0,0,0,0,0,0,0.00,0
1790797167,0,563980,0,429.62,429.97,256245759,15233712127,47110422527,63686311935,67746398207,717312,68719476735,23839438287.87,24112950523.34,156749,10,10,10,0,0,0,0,0,0,0,0,0,0.00,0
1790797168,0,564516,0,429.70,535.99,256245759,15233712127,47110422527,63686311935,67746398207,717312,68719476735,23839438287.87,24112950523.34,156749,10,10,10,0,0,0,0,0,0,0,0,0,0.00,0
1790797169,0,565019,0,429.75,502.89,256245759,15233712127,47110422527,63686311935,67746398207,717312,68719476735,23839438287.87,24112950523.34,156749,10,10,10,0,0,0,0,0,0,0,0,0,0.00,0
1790797170,0,565456,0,429.76,437.33,256245759,15233712127,47110422527,63686311935,67746398207,717312,68719476735,23839438287.87,24112950523.34,156749,10,10,10,0,0,0,0,0,0,0,0,0,0.00,0
1790797171,0,565981,0,429.83,524.66,256245759,15233712127,47110422527,63686311935,67746398207,717312,68719476735,23839438287.87,24112950523.34,156749,10,10,10,0,0,0,0,0,0,0,0,0,0.00,0
1790797172,0,566300,0,429.75,319.20,256245759,15233712127,47110422527,63686311935,67746398207,717312,68719476735,23839438287.87,24112950523.34,156749,10,10,10,0,0,0,0,0,0,0,0,0,0.00,0
1790797173,0,566857,0,429.84,556.48,256245759,15233712127,47110422527,63686311935,67746398207,717312,68719476735,23839438287.87,24112950523.34,156749,10,10,10,0,0,0,0,0,0,0,0,0,0.00,0
1790797174,0,567307,0,429.86,450.17,256245759,15233712127,47110422527,63686311935,67746398207,717312,68719476735,23839438287.87,24112950523.34,156749,10,10,10,0,0,0,0,0,0,0,0,0,0.00,0
1790797175,0,567770,0,429.88,462.97,256245759,15233712127,47110422527,63686311935,67746398207,717312,68719476735,23839438287.87,24112950523.34,156749,10,10,10,0,0,0,0,0,0,0,0,0,0.00,0
1790797176,0,568330,0,429.98,559.85,256245759,15233712127,47110422527,63686311935,67746398207,717312,68719476735,23839438287.87,24112950523.34,156749,10,10,10,0,0,0,0,0,0,0,0,0,0.00,0
1790797177,0,569079,0,430.22,749.25,256245759,15233712127,47110422527,63686311935,67746398207,717312,68719476735,23839438287.87,24112950523.34,156749,10,10,10,0,0,0,0,0,0,0,0,0,0.00,0
1790797178,0,569680,0,430.35,601.25,256245759,15233712127,47110422527,63686311935,67746398207,717312,68719476735,23839438287.87,24112950523.34,156749,10,10,10,0,0,0,0,0,0,0,0,0,0.00,0
1790797179,0,570169,0,430.40,488.97,256245759,15233712127,47110422527,63686311935,67746398207,717312,68719476735,23839438287.87,24112950523.34,156749,10,10,10,0,0,0,0,0,0,0,0,0,0.00,0
1790797180,0,570581,0,430.38,411.93,256245759,15233712127,47110422527,63686311935,67746398207,717312,68719476735,23839438287.87,24112950523.34,156749,10,10,10,0,0,0,0,0,0,0,0,0,0.00,0
1790797181,0,570991,0,430.37,409.82,256245759,15233712127,47110422527,63686311935,67746398207,717312,68719476735,23839438287.87,24112950523.34,156749,10,10,10,0,0,0,0,0,0,0,0,0,0.00,0
1790797182,0,571368,0,430.33,377.07,256245759,15233712127,47110422527,63686311935,67746398207,717312,68719476735,23839438287.87,24112950523.34,156749,10,10,10,0,0,0,0,0,0,0,0,0,0.00,0
1790797183,0,571868,0,430.38,499.89,256245759,15233712127,47110422527,63686311935,67746398207,717312,68719476735,23839438287.87,24112950523.34,156749,10,10,10,0,0,0,0,0,0,0,0,0,0.00,0
1790797184,0,572310,0,430.39,442.16,256245759,15233712127,47110422527,63686311935,67746398207,717312,68719476735,23839438287.87,24112950523.34,156749,10,10,10,0,0,0,0,0,0,0,0,0,0.00,0
1790797185,0,572720,0,430.37,410.07,256245759,15233712127,47110422527,63686311935,67746398207,717312,68719476735,23839438287.87,24112950523.34,156749,10,10,10,0,0,0,0,0,0,0,0,0,0.00,0
1790797186,0,573230,0,430.43,509.86,256245759,15233712127,47110422527,63686311935,67746398207,717312,68719476735,23839438287.87,24112950523.34,156749,10,10,10,0,0,0,0,0,0,0,0,0,0.00,0
1790797187,0,573610,0,430.39,380.07,256245759,15233712127,47110422527,63686311935,67746398207,717312,68719476735,23839438287.87,24112950523.34,156749,10,10,10,0,0,0,0,0,0,0,0,0,0.00,0
1790797188,0,574222,0,430.53,612.04,256245759,15233712127,47110422527,63686311935,67746398207,717312,68719476735,23839438287.87,24112950523.34,156749,10,10,10,0,0,0,0,0,0,0,0,0,0.00,0
1790797189,0,574736,0,430.59,513.82,256245759,15233712127,47110422527,63686311935,67746398207,717312,68719476735,23839438287.87,24112950523.34,156749,10,10,10,0,0,0,0,0,0,0,0,0,0.00,0
1790797190,0,575200,0,430.62,464.08,256245759,15233712127,47110422527,63686311935,67746398207,717312,68719476735,23839438287.87,24112950523.34,156749,10,10,10,0,0,0,0,0,0,0,0,0,0.00,0
1790797191,0,575684,0,430.66,484.01,256245759,15233712127,47110422527,63686311935,67746398207,717312,68719476735,23839438287.87,24112950523.34,156749,10,10,10,0,0,0,0,0,0,0,0,0,0.00,0
1790797192,0,576090,0,430.64,405.89,256245759,15233712127,47110422527,63686311935,67746398207,717312,68719476735,23839438287.87,24112950523.34,156749,10,10,10,0,0,0,0,0,0,0,0,0,0.00,0
1790797193,0,576529,0,430.65,439.17,256245759,15233712127,47110422527,63686311935,67746398207,717312,68719476735,23839438287.87,24112950523.34,156749,10,10,10,0,0,0,0,0,0,0,0,0,0.00,0
1790797194,0,577112,0,430.76,583.17,256245759,15233712127,47110422527,63686311935,67746398207,717312,68719476735,23839438287.87,24112950523.34,156749,10,10,10,0,0,0,0,0,0,0,0,0,0.00,0
1790797195,0,577540,0,430.76,427.73,256245759,15233712127,47110422527,63686311935,67746398207,717312,68719476735,23839438287.87,24112950523.34,156749,10,10,10,0,0,0,0,0,0,0,0,0,0.00,0
1790797196,0,577987,0,430.77,447.29,256245759,15233712127,47110422527,63686311935,67746398207,717312,68719476735,23839438287.87,24112950523.34,156749,10,10,10,0,0,0,0,0,0,0,0,0,0.00,0
1790797197,0,578360,0,430.73,373.02,256245759,15233712127,47110422527,63686311935,67746398207,717312,68719476735,23839438287.87,24112950523.34,156749,10,10,10,0,0,0,0,0,0,0,0,0,0.00,0
1790797198,0,578743,0,430.69,383.02,256245759,15233712127,47110422527,63686311935,67746398207,717312,68719476735,23839438287.87,24112950523.34,156749,10,10,10,0,0,0,0,0,0,0,0,0,0.00,0
1790797199,0,579189,0,430.70,446.00,256245759,15233712127,47110422527,63686311935,67746398207,717312,68719476735,23839438287.87,24112950523.34,156749,10,10,10,0,0,0,0,0,0,0,0,0,0.00,0
1790797200,0,579646,0,430.72,456.85,256245759,15233712127,47110422527,63686311935,67746398207,717312,68719476735,23839438287.87,24112950523.34,156749,10,10,10,0,0,0,0,0,0,0,0,0,0.00,0
1790797201,0,580106,0,430.74,459.81,256245759,15233712127,47110422527,63686311935,67746398207,717312,68719476735,23839438287.87,24112950523.34,156749,10,10,10,0,0,0,0,0,0,0,0,0,0.00,0
1790797202,0,580488,0,430.71,382.24,256245759,15233712127,47110422527,63686311935,67746398207,717312,68719476735,23839438287.87,24112950523.34,156749,10,10,10,0,0,0,0,0,0,0,0,0,0.00,0
1790797203,0,581122,0,430.86,633.77,256245759,15233712127,47110422527,63686311935,67746398207,717312,68719476735,23839438287.87,24112950523.34,156749,10,10,10,0,0,0,0,0,0,0,0,0,0.00,0
1790797204,0,581456,0,430.79,333.90,256245759,15233712127,47110422527,63686311935,67746398207,717312,68719476735,23839438287.87,24112950523.34,156749,10,10,10,0,0,0,0,0,0,0,0,0,0.00,0
1790797205,0,581900,0,430.80,444.26,256245759,15233712127,47110422527,63686311935,67746398207,717312,68719476735,23839438287.87,24112950523.34,156749,10,10,10,0,0,0,0,0,0,0,0,0,0.00,0
1790797206,0,582320,0,430.79,420.08,256245759,15233712127,47110422527,63686311935,67746398207,717312,68719476735,23839438287.87,24112950523.34,156749,10,10,10,0,0,0,0,0,0,0,0,0,0.00,0
1790797207,0,582699,0,430.75,378.77,256245759,15233712127,47110422527,63686311935,67746398207,717312,68719476735,23839438287.87,24112950523.34,156749,10,10,10,0,0,0,0,0,0,0,0,0,0.00,0
1790797208,0,583210,0,430.81,510.89,256245759,15233712127,47110422527,63686311935,67746398207,717312,68719476735,23839438287.87,24112950523.34,156749,10,10,10,0,0,0,0,0,0,0,0,0,0.00,0
1790797209,0,583699,0,430.85,489.00,256245759,15233712127,47110422527,63686311935,67746398207,717312,68719476735,23839438287.87,24112950523.34,156749,10,10,10,0,0,0,0,0,0,0,0,0,0.00,0
1790797210,0,584346,0,431.01,647.01,256245759,15233712127,47110422527,63686311935,67746398207,717312,68719476735,23839438287.87,24112950523.34,156749,10,10,10,0,0,0,0,0,0,0,0,0,0.00,0
1790797211,0,584973,0,431.16,627.23,256245759,15233712127,47110422527,63686311935,67746398207,717312,68719476735,23839438287.87,24112950523.34,156749,10,10,10,0,0,0,0,0,0,0,0,0,0.00,0
1790797212,0,585590,0,431.29,616.96,256245759,15233712127,47110422527,63686311935,67746398207,717312,68719476735,23839438287.87,24112950523.34,156749,10,10,10,0,0,0,0,0,0,0,0,0,0.00,0
1790797213,0,586229,0,431.45,639.11,256245759,15233712127,47110422527,63686311935,67746398207,717312,68719476735,23839438287.87,24112950523.34,156749,10,10,10,0,0,0,0,0,0,0,0,0,0.00,0
1790797214,0,586673,0,431.45,443.80,256245759,15233712127,47110422527,63686311935,67746398207,717312,68719476735,23839438287.87,24112950523.34,156749,10,10,10,0,0,0,0,0,0,0,0,0,0.00,0
1790797215,0,587090,0,431.44,417.28,256245759,15233712127,47110422527,63686311935,67746398207,717312,68719476735,23839438287.87,24112950523.34,156749,10,10,10,0,0,0,0,0,0,0,0,0,0.00,0
1790797216,0,587521,0,431.44,430.76,256245759,15233712127,47110422527,63686311935,67746398207,717312,68719476735,23839438287.87,24112950523.34,156749,10,10,10,0,0,0,0,0,0,0,0,0,0.00,0
1790797217,0,587981,0,431.46,460.03,256245759,15233712127,47110422527,63686311935,67746398207,717312,68719476735,23839438287.87,24112950523.34,156749,10,10,10,0,0,0,0,0,0,0,0,0,0.00,0
1790797218,0,588911,0,431.83,930.44,256245759,15233712127,47110422527,63686311935,67746398207,717312,68719476735,23839438287.87,24112950523.34,156749,10,10,10,0,0,0,0,0,0,0,0,0,0.00,0
1790797219,0,589310,0,431.81,398.82,256245759,15233712127,47110422527,63686311935,67746398207,717312,68719476735,23839438287.87,24112950523.34,156749,10,10,10,0,0,0,0,0,0,0,0,0,0.00,0
1790797220,0,589670,0,431.75,360.14,256245759,15233712127,47110422527,63686311935,67746398207,717312,68719476735,23839438287.87,24112950523.34,156749,10,10,10,0,0,0,0,0,0,0,0,0,0.00,0
1790797221,0,590210,0,431.83,540.05,256245759,15233712127,47110422527,63686311935,67746398207,717312,68719476735,23839438287.87,24112950523.34,156749,10,10,10,0,0,0,0,0,0,0,0,0,0.00,0
1790797222,0,590598,0,431.80,387.74,256245759,15233712127,47110422527,63686311935,67746398207,717312,68719476735,23839438287.87,24112950523.34,156749,10,10,10,0,0,0,0,0,0,0,0,0,0.00,0
1790797223,0,590936,0,431.73,338.04,256245759,15233712127,47110422527,63686311935,67746398207,717312,68719476735,23839438287.87,24112950523.34,156749,10,10,10,0,0,0,0,0,0,0,0,0,0.00,0
1790797224,0,591414,0,431.77,478.24,256245759,15233712127,47110422527,63686311935,67746398207,717312,68719476735,23839438287.87,24112950523.34,156749,10,10,10,0,0,0,0,0,0,0,0,0,0.00,0
1790797225,0,591800,0,431.73,385.79,256245759,15233712127,47110422527,63686311935,67746398207,717312,68719476735,23839438287.87,24112950523.34,156749,10,10,10,0,0,0,0,0,0,0,0,0,0.00,0
1790797226,0,592494,0,431.92,693.86,256245759,15233712127,47110422527,63686311935,67746398207,717312,68719476735,23839438287.87,24112950523.34,156749,10,10,10,0,0,0,0,0,0,0,0,0,0.00,0
1790797227,0,592979,0,431.96,485.28,256245759,15233712127,47110422527,63686311935,67746398207,717312,68719476735,23839438287.87,24112950523.34,156749,10,10,10,0,0,0,0,0,0,0,0,0,0.00,0
1790797228,0,593461,0,432.00,482.15,256245759,15233712127,47110422527,63686311935,67746398207,717312,68719476735,23839438287.87,24112950523.34,156749,10,10,10,0,0,0,0,0,0,0,0,0,0.00,0
1790797229,0,593933,0,432.03,471.63,256245759,15233712127,47110422527,63686311935,67746398207,717312,68719476735,23839438287.87,24112950523.34,156749,10,10,10,0,0,0,0,0,0,0,0,0,0.00,0
1790797230,0,594429,0,432.07,496.05,256245759,15233712127,47110422527,63686311935,67746398207,717312,68719476735,23839438287.87,24112950523.34,156749,10,10,10,0,0,0,0,0,0,0,0,0,0.00,0
1790797231,0,594860,0,432.07,431.07,256245759,15233712127,47110422527,63686311935,67746398207,717312,68719476735,23839438287.87,24112950523.34,156749,10,10,10,0,0,0,0,0,0,0,0,0,0.00,0
1790797232,0,595295,0,432.08,435.20,256245759,15233712127,47110422527,63686311935,67746398207,717312,68719476735,23839438287.87,24112950523.34,156749,10,10,10,0,0,0,0,0,0,0,0,0,0.00,0
1790797233,0,595903,0,432.20,607.59,256245759,15233712127,47110422527,63686311935,67746398207,717312,68719476735,23839438287.87,24112950523.34,156749,10,10,10,0,0,0,0,0,0,0,0,0,0.00,0
1790797234,0,596288,0,432.17,385.17,256245759,15233712127,47110422527,63686311935,67746398207,717312,68719476735,23839438287.87,24112950523.34,156749,10,10,10,0,0,0,0,0,0,0,0,0,0.00,0
1790797235,0,596748,0,432.19,460.16,256245759,15233712127,47110422527,63686311935,67746398207,717312,68719476735,23839438287.87,24112950523.34,156749,10,10,10,0,0,0,0,0,0,0,0,0,0.00,0
1790797236,0,597174,0,432.18,426.01,256245759,15233712127,47110422527,63686311935,67746398207,717312,68719476735,23839438287.87,24112950523.34,156749,10,10,10,0,0,0,0,0,0,0,0,0,0.00,0
1790797237,0,597570,0,432.16,395.74,256245759,15233712127,47110422527,63686311935,67746398207,717312,68719476735,23839438287.87,24112950523.34,156749,10,10,10,0,0,0,0,0,0,0,0,0,0.00,0
1790797238,0,597977,0,432.14,407.12,256245759,15233712127,47110422527,63686311935,67746398207,717312,68719476735,23839438287.87,24112950523.34,156749,10,10,10,0,0,0,0,0,0,0,0,0,0.00,0
1790797239,0,598339,0,432.09,361.95,256245759,15233712127,47110422527,63686311935,67746398207,717312,68719476735,23839438287.87,24112950523.34,156749,10,10,10,0,0,0,0,0,0,0,0,0,0.00,0
1790797240,0,598691,0,432.03,351.90,256245759,15233712127,47110422527,63686311935,67746398207,717312,68719476735,23839438287.87,24112950523.34,156749,10,10,10,0,0,0,0,0,0,0,0,0,0.00,0
1790797241,0,599338,0,432.19,647.23,256245759,15233712127,47110422527,63686311935,67746398207,717312,68719476735,23839438287.87,24112950523.34,156749,10,10,10,0,0,0,0,0,0,0,0,0,0.00,0
1790797242,0,599749,0,432.17,411.03,256245759,15233712127,47110422527,63686311935,67746398207,717312,68719476735,23839438287.87,24112950523.34,156749,10,10,10,0,0,0,0,0,0,0,0,0,0.00,0
1790797243,0,600201,0,432.19,451.88,256245759,15233712127,47110422527,63686311935,67746398207,717312,68719476735,23839438287.87,24112950523.34,156749,10,10,10,0,0,0,0,0,0,0,0,0,0.00,0
1790797244,0,600771,0,432.29,570.31,256245759,15233712127,47110422527,63686311935,67746398207,717312,68719476735,23839438287.87,24112950523.34,156749,10,10,10,0,0,0,0,0,0,0,0,0,0.00,0
1790797245,0,601394,0,432.42,622.52,256245759,15233712127,47110422527,63686311935,67746398207,717312,68719476735,23839438287.87,24112950523.34,156749,10,10,10,0,0,0,0,0,0,0,0,0,0.00,0
1790797246,0,601943,0,432.51,549.21,256245759,15233712127,47110422527,63686311935,67746398207,717312,68719476735,23839438287.87,24112950523.34,156749,10,10,10,0,0,0,0,0,0,0,0,0,0.00,0
1790797247,0,602366,0,432.50,422.95,256245759,15233712127,47110422527,63686311935,67746398207,717312,68719476735,23839438287.87,24112950523.34,156749,10,10,10,0,0,0,0,0,0,0,0,0,0.00,0
1790797248,0,603189,0,432.78,823.04,256245759,15233712127,47110422527,63686311935,67746398207,717312,68719476735,23839438287.87,24112950523.34,156749,10,10,10,0,0,0,0,0,0,0,0,0,0.00,0
1790797249,0,603600,0,432.76,410.86,256245759,15233712127,47110422527,63686311935,67746398207,717312,68719476735,23839438287.87,24112950523.34,156749,10,10,10,0,0,0,0,0,0,0,0,0,0.00,0
1790797250,0,603990,0,432.73,390.28,256245759,15233712127,47110422527,63686311935,67746398207,717312,68719476735,23839438287.87,24112950523.34,156749,10,10,10,0,0,0,0,0,0,0,0,0,0.00,0
1790797251,0,604480,0,432.77,489.85,256245759,15233712127,47110422527,63686311935,67746398207,717312,68719476735,23839438287.87,24112950523.34,156749,10,10,10,0,0,0,0,0,0,0,0,0,0.00,0
1790797252,0,604859,0,432.74,378.88,256245759,15233712127,47110422527,63686311935,67746398207,717312,68719476735,23839438287.87,24112950523.34,156749,10,10,10,0,0,0,0,0,0,0,0,0,0.00,0
1790797253,0,605233,0,432.69,374.13,256245759,15233712127,47110422527,63686311935,67746398207,717312,68719476735,23839438287.87,24112950523.34,156749,10,10,10,0,0,0,0,0,0,0,0,0,0.00,0
1790797254,0,605752,0,432.76,518.88,256245759,15233712127,47110422527,63686311935,67746398207,717312,68719476735,23839438287.87,24112950523.34,156749,10,10,10,0,0,0,0,0,0,0,0,0,0.00,0
1790797255,0,606171,0,432.75,419.09,256245759,15233712127,47110422527,63686311935,67746398207,717312,68719476735,23839438287.87,24112950523.34,156749,10,10,10,0,0,0,0,0,0,0,0,0,0.00,0
1790797256,0,606609,0,432.75,438.00,256245759,15233712127,47110422527,63686311935,67746398207,717312,68719476735,23839438287.87,24112950523.34,156749,10,10,10,0,0,0,0,0,0,0,0,0,0.00,0
1790797257,0,606963,0,432.69,353.99,256245759,15233712127,47110422527,63686311935,67746398207,717312,68719476735,23839438287.87,24112950523.34,156749,10,10,10,0,0,0,0,0,0,0,0,0,0.00,0
1790797258,0,607367,0,432.67,403.80,256245759,15233712127,47110422527,63686311935,67746398207,717312,68719476735,23839438287.87,24112950523.34,156749,10,10,10,0,0,0,0,0,0,0,0,0,0.00,0
1790797259,0,607805,0,432.68,438.06,256245759,15233712127,47110422527,63686311935,67746398207,717312,68719476735,23839438287.87,24112950523.34,156749,10,10,10,0,0,0,0,0,0,0,0,0,0.00,0
1790797260,0,608217,0,432.66,412.12,256245759,15233712127,47110422527,63686311935,67746398207,717312,68719476735,23839438287.87,24112950523.34,156749,10,10,10,0,0,0,0,0,0,0,0,0,0.00,0
1790797261,0,608649,0,432.66,431.95,256245759,15233712127,47110422527,63686311935,67746398207,717312,68719476735,23839438287.87,24112950523.34,156749,10,10,10,0,0,0,0,0,0,0,0,0,0.00,0
1790797262,0,609110,0,432.68,461.19,256245759,15233712127,47110422527,63686311935,67746398207,717312,68719476735,23839438287.87,24112950523.34,156749,10,10,10,0,0,0,0,0,0,0,0,0,0.00,0
1790797263,0,609570,0,432.70,460.00,256245759,15233712127,47110422527,63686311935,67746398207,717312,68719476735,23839438287.87,24112950523.34,156749,10,10,10,0,0,0,0,0,0,0,0,0,0.00,0
1790797264,0,609974,0,432.68,404.02,256245759,15233712127,47110422527,63686311935,67746398207,717312,68719476735,23839438287.87,24112950523.34,156749,10,10,10,0,0,0,0,0,0,0,0,0,0.00,0
1790797265,0,610439,0,432.70,464.83,256245759,15233712127,47110422527,63686311935,67746398207,717312,68719476735,23839438287.87,24112950523.34,156749,10,10,10,0,0,0,0,0,0,0,0,0,0.00,0
1790797266,0,610965,0,432.77,526.31,256245759,15233712127,47110422527,63686311935,67746398207,717312,68719476735,23839438287.87,24112950523.34,156749,10,10,10,0,0,0,0,0,0,0,0,0,0.00,0
1790797267,0,611434,0,432.80,468.86,256245759,15233712127,47110422527,63686311935,67746398207,717312,68719476735,23839438287.87,24112950523.34,156749,10,10,10,0,0,0,0,0,0,0,0,0,0.00,0
1790797268,0,611807,0,432.75,372.74,256245759,15233712127,47110422527,63686311935,67746398207,717312,68719476735,23839438287.87,24112950523.34,156749,10,10,10,0,0,0,0,0,0,0,0,0,0.00,0
1790797269,0,612299,0,432.79,492.06,256245759,15233712127,47110422527,63686311935,67746398207,717312,68719476735,23839438287.87,24112950523.34,156749,10,10,10,0,0,0,0,0,0,0,0,0,0.00,0
1790797270,0,612696,0,432.77,397.13,256245759,15233712127,47110422527,63686311935,67746398207,717312,68719476735,23839438287.87,24112950523.34,156749,10,10,10,0,0,0,0,0,0,0,0,0,0.00,0
1790797271,0,613200,0,432.82,504.13,256245759,15233712127,47110422527,63686311935,67746398207,717312,68719476735,23839438287.87,24112950523.34,156749,10,10,10,0,0,0,0,0,0,0,0,0,0.00,0
1790797272,0,613704,0,432.87,504.00,256245759,15233712127,47110422527,63686311935,67746398207,717312,68719476735,23839438287.87,24112950523.34,156749,10,10,10,0,0,0,0,0,0,0,0,0,0.00,0
1790797273,0,614185,0,432.90,480.67,256245759,15233712127,47110422527,63686311935,67746398207,717312,68719476735,23839438287.87,24112950523.34,156749,10,10,10,0,0,0,0,0,0,0,0,0,0.00,0
1790797274,0,614549,0,432.86,364.20,256245759,15233712127,47110422527,63686311935,67746398207,717312,68719476735,23839438287.87,24112950523.34,156749,10,10,10,0,0,0,0,0,0,0,0,0,0.00,0
1790797275,0,615089,0,432.93,540.18,256245759,15233712127,47110422527,63686311935,67746398207,717312,68719476735,23839438287.87,24112950523.34,156749,10,10,10,0,0,0,0,0,0,0,0,0,0.00,0
1790797276,0,615560,0,432.96,470.68,256245759,15233712127,47110422527,63686311935,67746398207,717312,68719476735,23839438287.87,24112950523.34,156749,10,10,10,0,0,0,0,0,0,0,0,0,0.00,0
1790797277,0,615970,0,432.94,410.09,256245759,15233712127,47110422527,63686311935,67746398207,717312,68719476735,23839438287.87,24112950523.34,156749,10,10,10,0,0,0,0,0,0,0,0,0,0.00,0
1790797278,0,616506,0,433.01,535.94,256245759,15233712127,47110422527,63686311935,67746398207,717312,68719476735,23839438287.87,24112950523.34,156749,10,10,10,0,0,0,0,0,0,0,0,0,0.00,0
1790797279,0,617417,0,433.35,911.50,256245759,15233712127,47110422527,63686311935,67746398207,717312,68719476735,23839438287.87,24112950523.34,156749,10,10,10,0,0,0,0,0,0,0,0,0,0.00,0
1790797280,0,617917,0,433.40,499.69,256245759,15233712127,47110422527,63686311935,67746398207,717312,68719476735,23839438287.87,24112950523.34,156749,10,10,10,0,0,0,0,0,0,0,0,0,0.00,0
1790797281,0,618659,0,433.61,742.41,256245759,15233712127,47110422527,63686311935,67746398207,717312,68719476735,23839438287.87,24112950523.34,156749,10,10,10,0,0,0,0,0,0,0,0,0,0.00,0
1790797282,0,619340,0,433.79,681.05,256245759,15233712127,47110422527,63686311935,67746398207,717312,68719476735,23839438287.87,24112950523.34,156749,10,10,10,0,0,0,0,0,0,0,0,0,0.00,0
1790797283,0,620044,0,433.97,703.62,256245759,15233712127,47110422527,63686311935,67746398207,717312,68719476735,23839438287.87,24112950523.34,156749,10,10,10,0,0,0,0,0,0,0,0,0,0.00,0
1790797284,0,620521,0,434.00,476.98,256245759,15233712127,47110422527,63686311935,67746398207,717312,68719476735,23839438287.87,24112950523.34,156749,10,10,10,0,0,0,0,0,0,0,0,0,0.00,0
1790797285,0,620959,0,434.01,438.27,256245759,15233712127,47110422527,63686311935,67746398207,717312,68719476735,23839438287.87,24112950523.34,156749,10,10,10,0,0,0,0,0,0,0,0,0,0.00,0
1790797286,0,621473,0,434.06,513.77,256245759,15233712127,47110422527,63686311935,67746398207,717312,68719476735,23839438287.87,24112950523.34,156749,10,10,10,0,0,0,0,0,0,0,0,0,0.00,0
1790797287,0,621859,0,434.03,386.19,256245759,15233712127,47110422527,63686311935,67746398207,717312,68719476735,23839438287.87,24112950523.34,156749,10,10,10,0,0,0,0,0,0,0,0,0,0.00,0
1790797288,0,622284,0,434.02,424.96,256245759,15233712127,47110422527,63686311935,67746398207,717312,68719476735,23839438287.87,24112950523.34,156749,10,10,10,0,0,0,0,0,0,0,0,0,0.00,0
1790797289,0,622842,0,434.11,557.65,256245759,15233712127,47110422527,63686311935,67746398207,717312,68719476735,23839438287.87,24112950523.34,156749,10,10,10,0,0,0,0,0,0,0,0,0,0.00,0
1790797290,0,623234,0,434.08,392.12,256245759,15233712127,47110422527,63686311935,67746398207,717312,68719476735,23839438287.87,24112950523.34,156749,10,10,10,0,0,0,0,0,0,0,0,0,0.00,0
1790797291,0,623640,0,434.06,406.03,256245759,15233712127,47110422527,63686311935,67746398207,717312,68719476735,23839438287.87,24112950523.34,156749,10,10,10,0,0,0,0,0,0,0,0,0,0.00,0
1790797292,0,624127,0,434.10,486.94,256245759,15233712127,47110422527,63686311935,67746398207,717312,68719476735,23839438287.87,24112950523.34,156749,10,10,10,0,0,0,0,0,0,0,0,0,0.00,0
1790797293,0,624497,0,434.05,370.18,256245759,15233712127,47110422527,63686311935,67746398207,717312,68719476735,23839438287.87,24112950523.34,156749,10,10,10,0,0,0,0,0,0,0,0,0,0.00,0
1790797294,0,624875,0,434.01,377.88,256245759,15233712127,47110422527,63686311935,67746398207,717312,68719476735,23839438287.87,24112950523.34,156749,10,10,10,0,0,0,0,0,0,0,0,0,0.00,0
1790797295,0,625305,0,434.01,429.93,256245759,15233712127,47110422527,63686311935,67746398207,717312,68719476735,23839438287.87,24112950523.34,156749,10,10,10,0,0,0,0,0,0,0,0,0,0.00,0
1790797296,0,625983,0,434.18,678.08,256245759,15233712127,47110422527,63686311935,67746398207,717312,68719476735,23839438287.87,24112950523.34,156749,10,10,10,0,0,0,0,0,0,0,0,0,0.00,0
1790797297,0,626418,0,434.18,435.09,256245759,15233712127,47110422527,63686311935,67746398207,717312,68719476735,23839438287.87,24112950523.34,156749,10,10,10,0,0,0,0,0,0,0,0,0,0.00,0
1790797298,0,626780,0,434.13,361.90,256245759,15233712127,47110422527,63686311935,67746398207,717312,68719476735,23839438287.87,24112950523.34,156749,10,10,10,0,0,0,0,0,0,0,0,0,0.00,0
1790797299,0,627210,0,434.13,429.91,256245759,15233712127,47110422527,63686311935,67746398207,717312,68719476735,23839438287.87,24112950523.34,156749,10,10,10,0,0,0,0,0,0,0,0,0,0.00,0
1790797300,0,627616,0,434.11,406.11,256245759,15233712127,47110422527,63686311935,67746398207,717312,68719476735,23839438287.87,24112950523.34,156749,10,10,10,0,0,0,0,0,0,0,0,0,0.00,0
