timestamp,sent_count,received_count,error_count,total_throughput,interval_throughput,latency_ns_p25,latency_ns_p50,latency_ns_p75,latency_ns_p95,latency_ns_p99,latency_ns_min,latency_ns_max,latency_ns_mean,latency_ns_stddev,latency_sample_count,connections,active_connections,connection_attempts,connection_failures,crashes_injected,reconnects,reconnect_failures,duplicate_count,gap_count,interval_latency_ns_p50,interval_latency_ns_p95,interval_latency_ns_p99,interval_latency_ns_mean,interval_latency_sample_count
1790619513,0,0,0,0.00,0.00,0,0,0,0,0,0,0,0.00,0.00,0,0,0,1,0,0,0,0,0,0,0,0,0,0.00,0
1790619514,0,0,0,0.00,0.00,0,0,0,0,0,0,0,0.00,0.00,0,1,1,1,0,0,0,0,0,0,0,0,0,0.00,0
1790619515,0,0,0,0.00,0.00,0,0,0,0,0,0,0,0.00,0.00,0,1,1,1,0,0,0,0,0,0,0,0,0,0.00,0
1790619516,0,0,0,0.00,0.00,0,0,0,0,0,0,0,0.00,0.00,0,1,1,1,0,0,0,0,0,0,0,0,0,0.00,0
1790619517,0,0,0,0.00,0.00,0,0,0,0,0,0,0,0.00,0.00,0,1,1,1,0,0,0,0,0,0,0,0,0,0.00,0
1790619518,0,0,0,0.00,0.00,0,0,0,0,0,0,0,0.00,0.00,0,1,1,1,0,0,0,0,0,0,0,0,0,0.00,0
1790619519,0,0,0,0.00,0.00,0,0,0,0,0,0,0,0.00,0.00,0,1,1,1,0,0,0,0,0,0,0,0,0,0.00,0
1790619520,0,0,0,0.00,0.00,0,0,0,0,0,0,0,0.00,0.00,0,2,2,2,0,0,0,0,0,0,0,0,0,0.00,0
1790619521,0,0,0,0.00,0.00,0,0,0,0,0,0,0,0.00,0.00,0,2,2,2,0,0,0,0,0,0,0,0,0,0.00,0
1790619522,0,0,0,0.00,0.00,0,0,0,0,0,0,0,0.00,0.00,0,2,2,2,0,0,0,0,0,0,0,0,0,0.00,0
1790619523,0,0,0,0.00,0.00,0,0,0,0,0,0,0,0.00,0.00,0,2,2,2,0,0,0,0,0,0,0,0,0,0.00,0
1790619524,0,0,0,0.00,0.00,0,0,0,0,0,0,0,0.00,0.00,0,2,2,2,0,0,0,0,0,0,0,0,0,0.00,0
1790619525,0,0,0,0.00,0.00,0,0,0,0,0,0,0,0.00,0.00,0,2,2,2,0,0,0,0,0,0,0,0,0,0.00,0
1790619526,0,0,0,0.00,0.00,0,0,0,0,0,0,0,0.00,0.00,0,2,2,2,0,0,0,0,0,0,0,0,0,0.00,0
1790619527,0,0,0,0.00,0.00,0,0,0,0,0,0,0,0.00,0.00,0,3,3,3,0,0,0,0,0,0,0,0,0,0.00,0
1790619528,0,0,0,0.00,0.00,0,0,0,0,0,0,0,0.00,0.00,0,3,3,3,0,0,0,0,0,0,0,0,0,0.00,0
1790619529,0,0,0,0.00,0.00,0,0,0,0,0,0,0,0.00,0.00,0,3,3,3,0,0,0,0,0,0,0,0,0,0.00,0
1790619530,0,0,0,0.00,0.00,0,0,0,0,0,0,0,0.00,0.00,0,3,3,3,0,0,0,0,0,0,0,0,0,0.00,0
1790619531,0,0,0,0.00,0.00,0,0,0,0,0,0,0,0.00,0.00,0,3,3,3,0,0,0,0,0,0,0,0,0,0.00,0
1790619532,0,0,0,0.00,0.00,0,0,0,0,0,0,0,0.00,0.00,0,3,3,3,0,0,0,0,0,0,0,0,0,0.00,0
1790619533,0,0,0,0.00,0.00,0,0,0,0,0,0,0,0.00,0.00,0,3,3,3,0,0,0,0,0,0,0,0,0,0.00,0
1790619534,0,0,0,0.00,0.00,0,0,0,0,0,0,0,0.00,0.00,0,4,4,4,0,0,0,0,0,0,0,0,0,0.00,0
1790619535,0,0,0,0.00,0.00,0,0,0,0,0,0,0,0.00,0.00,0,4,4,4,0,0,0,0,0,0,0,0,0,0.00,0
1790619536,0,0,0,0.00,0.00,0,0,0,0,0,0,0,0.00,0.00,0,4,4,4,0,0,0,0,0,0,0,0,0,0.00,0
1790619537,0,0,0,0.00,0.00,0,0,0,0,0,0,0,0.00,0.00,0,4,4,4,0,0,0,0,0,0,0,0,0,0.00,0
1790619538,0,0,0,0.00,0.00,0,0,0,0,0,0,0,0.00,0.00,0,4,4,4,0,0,0,0,0,0,0,0,0,0.00,0
1790619539,0,0,0,0.00,0.00,0,0,0,0,0,0,0,0.00,0.00,0,4,4,4,0,0,0,0,0,0,0,0,0,0.00,0
1790619540,0,0,0,0.00,0.00,0,0,0,0,0,0,0,0.00,0.00,0,5,5,5,0,0,0,0,0,0,0,0,0,0.00,0
1790619541,0,0,0,0.00,0.00,0,0,0,0,0,0,0,0.00,0.00,0,5,5,5,0,0,0,0,0,0,0,0,0,0.00,0
1790619542,0,0,0,0.00,0.00,0,0,0,0,0,0,0,0.00,0.00,0,5,5,5,0,0,0,0,0,0,0,0,0,0.00,0
1790619543,0,0,0,0.00,0.00,0,0,0,0,0,0,0,0.00,0.00,0,5,5,5,0,0,0,0,0,0,0,0,0,0.00,0
1790619544,0,0,0,0.00,0.00,0,0,0,0,0,0,0,0.00,0.00,0,5,5,5,0,0,0,0,0,0,0,0,0,0.00,0
1790619545,0,0,0,0.00,0.00,0,0,0,0,0,0,0,0.00,0.00,0,5,5,5,0,0,0,0,0,0,0,0,0,0.00,0
1790619546,0,0,0,0.00,0.00,0,0,0,0,0,0,0,0.00,0.00,0,5,5,5,0,0,0,0,0,0,0,0,0,0.00,0
1790619547,0,0,0,0.00,0.00,0,0,0,0,0,0,0,0.00,0.00,0,6,6,6,0,0,0,0,0,0,0,0,0,0.00,0
1790619548,0,0,0,0.00,0.00,0,0,0,0,0,0,0,0.00,0.00,0,6,6,6,0,0,0,0,0,0,0,0,0,0.00,0
1790619549,0,0,0,0.00,0.00,0,0,0,0,0,0,0,0.00,0.00,0,6,6,6,0,0,0,0,0,0,0,0,0,0.00,0
1790619550,0,0,0,0.00,0.00,0,0,0,0,0,0,0,0.00,0.00,0,6,6,6,0,0,0,0,0,0,0,0,0,0.00,0
1790619551,0,0,0,0.00,0.00,0,0,0,0,0,0,0,0.00,0.00,0,6,6,6,0,0,0,0,0,0,0,0,0,0.00,0
1790619552,0,0,0,0.00,0.00,0,0,0,0,0,0,0,0.00,0.00,0,6,6,6,0,0,0,0,0,0,0,0,0,0.00,0
1790619553,0,0,0,0.00,0.00,0,0,0,0,0,0,0,0.00,0.00,0,6,6,6,0,0,0,0,0,0,0,0,0,0.00,0
1790619554,0,0,0,0.00,0.00,0,0,0,0,0,0,0,0.00,0.00,0,7,7,7,0,0,0,0,0,0,0,0,0,0.00,0
1790619555,0,0,0,0.00,0.00,0,0,0,0,0,0,0,0.00,0.00,0,7,7,7,0,0,0,0,0,0,0,0,0,0.00,0
1790619556,0,0,0,0.00,0.00,0,0,0,0,0,0,0,0.00,0.00,0,7,7,7,0,0,0,0,0,0,0,0,0,0.00,0
1790619557,0,0,0,0.00,0.00,0,0,0,0,0,0,0,0.00,0.00,0,7,7,7,0,0,0,0,0,0,0,0,0,0.00,0
1790619558,0,0,0,0.00,0.00,0,0,0,0,0,0,0,0.00,0.00,0,7,7,7,0,0,0,0,0,0,0,0,0,0.00,0
1790619559,0,0,0,0.00,0.00,0,0,0,0,0,0,0,0.00,0.00,0,7,7,7,0,0,0,0,0,0,0,0,0,0.00,0
1790619560,0,0,0,0.00,0.00,0,0,0,0,0,0,0,0.00,0.00,0,8,8,8,0,0,0,0,0,0,0,0,0,0.00,0
1790619561,0,0,0,0.00,0.00,0,0,0,0,0,0,0,0.00,0.00,0,8,8,8,0,0,0,0,0,0,0,0,0,0.00,0
1790619562,0,0,0,0.00,0.00,0,0,0,0,0,0,0,0.00,0.00,0,8,8,8,0,0,0,0,0,0,0,0,0,0.00,0
1790619563,0,0,0,0.00,0.00,0,0,0,0,0,0,0,0.00,0.00,0,8,8,8,0,0,0,0,0,0,0,0,0,0.00,0
1790619564,0,0,0,0.00,0.00,0,0,0,0,0,0,0,0.00,0.00,0,8,8,8,0,0,0,0,0,0,0,0,0,0.00,0
1790619565,0,0,0,0.00,0.00,0,0,0,0,0,0,0,0.00,0.00,0,8,8,8,0,0,0,0,0,0,0,0,0,0.00,0
1790619566,0,0,0,0.00,0.00,0,0,0,0,0,0,0,0.00,0.00,0,8,8,8,0,0,0,0,0,0,0,0,0,0.00,0
1790619567,0,0,0,0.00,0.00,0,0,0,0,0,0,0,0.00,0.00,0,9,9,9,0,0,0,0,0,0,0,0,0,0.00,0
1790619568,0,0,0,0.00,0.00,0,0,0,0,0,0,0,0.00,0.00,0,9,9,9,0,0,0,0,0,0,0,0,0,0.00,0
1790619569,0,0,0,0.00,0.00,0,0,0,0,0,0,0,0.00,0.00,0,9,9,9,0,0,0,0,0,0,0,0,0,0.00,0
1790619570,0,0,0,0.00,0.00,0,0,0,0,0,0,0,0.00,0.00,0,9,9,9,0,0,0,0,0,0,0,0,0,0.00,0
1790619571,0,0,0,0.00,0.00,0,0,0,0,0,0,0,0.00,0.00,0,9,9,9,0,0,0,0,0,0,0,0,0,0.00,0
1790619572,0,0,0,0.00,0.00,0,0,0,0,0,0,0,0.00,0.00,0,9,9,9,0,0,0,0,0,0,0,0,0,0.00,0
1790619573,0,0,0,0.00,0.00,0,0,0,0,0,0,0,0.00,0.00,0,9,9,9,0,0,0,0,0,0,0,0,0,0.00,0
1790619574,0,0,0,0.00,0.00,0,0,0,0,0,0,0,0.00,0.00,0,10,10,10,0,0,0,0,0,0,0,0,0,0.00,0
1790619575,0,180,0,215.75,180.06,1328127,2024447,3031039,45940735,48168959,601600,48168959,4758449.78,10322624.59,180,10,10,10,0,0,0,0,0,0,2024447,45940735,48168959,4758449.78,180
1790619576,0,380,0,207.19,200.04,1328127,2001919,2742271,6119423,47054847,601600,48168959,3370344.42,7269094.73,380,10,10,10,0,0,0,0,0,0,1999871,4202495,6373375,2121049.60,200
1790619577,0,580,0,204.65,199.99,1283071,1945599,2660351,4657151,46825471,555520,48168959,2841689.16,5947019.77,580,10,10,10,0,0,0,0,0,0,1761279,3039231,3143679,1837244.16,200
1790619578,0,780,0,203.43,199.99,1279999,1919999,2631679,4386815,46301183,525824,48168959,2624808.37,5167625.29,780,10,10,10,0,0,0,0,0,0,1883135,3758079,5390335,1995854.08,200
1790619579,0,980,0,202.70,199.91,1267711,1894399,2611199,4020223,45940735,525824,48168959,2471744.78,4635566.03,980,10,10,10,0,0,0,0,0,0,1811455,3196927,3844095,1874796.80,200
1790619580,0,1180,0,202.25,200.03,1247231,1881087,2562047,3655679,7331839,525824,48168959,2357059.69,4242399.08,1180,10,10,10,0,0,0,0,0,0,1702911,2942975,3127295,1795102.72,200
1790619581,0,1380,0,201.93,200.12,1250303,1894399,2570239,3635199,7331839,520192,48168959,2316528.32,3949429.43,1380,10,10,10,0,0,0,0,0,0,1954815,3618815,6606847,2077393.28,200
1790619582,0,1580,0,201.69,199.99,1250303,1914879,2559999,3538943,6836223,520192,48168959,2265872.93,3703599.94,1580,10,10,10,0,0,0,0,0,0,2019327,3086335,3448831,1916350.72,200
1790619583,0,1780,0,201.49,199.96,1230847,1899519,2545663,3510271,6606847,508416,48168959,2223443.99,3506766.67,1780,10,10,10,0,0,0,0,0,0,1838079,3172351,5623807,1888255.36,200
1790619584,0,1980,0,201.34,199.97,1221631,1898495,2547711,3432447,6438911,483584,48168959,2188805.11,3337251.77,1980,10,10,10,0,0,0,0,0,0,1831935,3069951,3721215,1880519.04,200
1790619585,0,2180,0,201.21,200.01,1225727,1892351,2525183,3340287,6373375,483584,48168959,2156217.72,3189570.52,2180,10,10,10,0,0,0,0,0,0,1845247,2969599,3307519,1833602.56,200
1790619586,0,2380,0,201.11,199.97,1209343,1881087,2521087,3256319,6299647,483584,48168959,2125994.33,3062846.81,2380,10,10,10,0,0,0,0,0,0,1735679,2955263,3530751,1796559.36,200
1790619587,0,2580,0,201.02,199.97,1216511,1878015,2519039,3209215,6119423,483584,48168959,2107255.32,2950992.72,2580,10,10,10,0,0,0,0,0,0,1838079,3117055,3952639,1884261.12,200
1790619588,0,2780,0,200.95,200.08,1211391,1870847,2514943,3188735,5857279,483584,48168959,2084858.29,2851267.83,2780,10,10,10,0,0,0,0,0,0,1748991,2947071,3237887,1795936.64,200
1790619589,0,2980,0,200.89,200.10,1200127,1867775,2508799,3164159,5734399,483584,48168959,2063945.45,2761885.43,2980,10,10,10,0,0,0,0,0,0,1802239,2949119,3106815,1773256.96,200
1790619590,0,3180,0,200.84,199.97,1206271,1870847,2516991,3178495,5623807,483584,48168959,2057250.29,2682923.97,3180,10,10,10,0,0,0,0,0,0,1940479,3317759,4460543,1957492.48,200
1790619591,0,3380,0,200.78,199.87,1206271,1870847,2514943,3162111,5488639,483584,48168959,2044351.24,2609417.01,3380,10,10,10,0,0,0,0,0,0,1856511,2932735,3442687,1839256.32,200
1790619592,0,3580,0,200.74,200.14,1208319,1869823,2514943,3160063,5312511,483584,48168959,2034282.48,2542827.00,3580,10,10,10,0,0,0,0,0,0,1808383,3059711,3833855,1864120.32,200
1790619593,0,3780,0,200.70,199.92,1196031,1864703,2508799,3145727,5246975,483584,48168959,2019533.10,2481449.09,3780,10,10,10,0,0,0,0,0,0,1768447,2977791,3207167,1755519.36,200
1790619594,0,3980,0,200.66,200.00,1196031,1865727,2512895,3149823,5111807,483584,48168959,2013448.33,2425381.09,3980,10,10,10,0,0,0,0,0,0,1932287,3174399,3639295,1898446.08,200
1790619595,0,4180,0,200.63,200.03,1192959,1865727,2514943,3145727,5111807,483584,48168959,2008380.17,2374724.06,4180,10,10,10,0,0,0,0,0,0,1843199,3080191,5042175,1907523.84,200
1790619596,0,4380,0,200.61,200.03,1200127,1870847,2519039,3151871,5009407,483584,48168959,2006984.56,2327098.54,4380,10,10,10,0,0,0,0,0,0,1944575,3307519,4386815,1977816.32,200
1790619597,0,4580,0,200.58,200.00,1204223,1875967,2516991,3145727,4923391,483584,48168959,2002913.31,2281434.12,4580,10,10,10,0,0,0,0,0,0,1968127,3049471,3336191,1913752.96,200
1790619598,0,4780,0,200.55,199.90,1204223,1874943,2516991,3145727,4829183,483584,48168959,1996627.87,2239317.46,4780,10,10,10,0,0,0,0,0,0,1804287,3166207,3764223,1852691.20,200
1790619599,0,4980,0,200.53,200.11,1204223,1875967,2519039,3141631,4718591,483584,48168959,1992803.78,2199679.40,4980,10,10,10,0,0,0,0,0,0,1878015,3045375,3327999,1901408.00,200
1790619600,0,5180,0,200.51,199.95,1205247,1874943,2516991,3139583,4628479,483584,48168959,1988626.09,2161837.19,5180,10,10,10,0,0,0,0,0,0,1818623,3071999,3241983,1884601.60,200
1790619601,0,5380,0,200.49,199.91,1206271,1874943,2514943,3129343,4583423,483584,48168959,1983720.45,2126287.12,5380,10,10,10,0,0,0,0,0,0,1944575,2996223,3110911,1856664.32,200
1790619602,0,5580,0,200.48,200.15,1209343,1874943,2512895,3119103,4546559,483584,48168959,1978593.12,2092566.28,5580,10,10,10,0,0,0,0,0,0,1860607,2969599,3176447,1840668.16,200
1790619603,0,5780,0,200.45,199.89,1210367,1867775,2504703,3112959,4505599,448256,48168959,1971007.34,2060737.61,5780,10,10,10,0,0,0,0,0,0,1743871,2969599,3162111,1759363.84,200
1790619604,0,5980,0,200.44,200.00,1208319,1861631,2500607,3117055,4583423,413184,48168959,1969599.23,2038215.44,5980,10,10,10,0,0,0,0,0,0,1721343,3559423,7806975,1928904.96,200
1790619605,0,6180,0,200.43,200.06,1206271,1857535,2498559,3112959,4546559,413184,48168959,1965042.95,2009848.94,6180,10,10,10,0,0,0,0,0,0,1771519,3061759,3600383,1828810.24,200
1790619606,0,6380,0,200.41,199.95,1205247,1857535,2496511,3112959,4505599,413184,48168959,1961172.83,1983130.02,6380,10,10,10,0,0,0,0,0,0,1867775,3067903,3629055,1841585.92,200
1790619607,0,6580,0,200.40,200.10,1200127,1851391,2494463,3106815,4464639,413184,48168959,1953973.75,1957492.04,6580,10,10,10,0,0,0,0,0,0,1654783,2990079,3141631,1724323.20,200
1790619608,0,6780,0,200.39,199.97,1200127,1856511,2498559,3110911,4538367,413184,48168959,1955575.26,1937634.45,6780,10,10,10,0,0,0,0,0,0,1969151,3170303,6873087,2008264.96,200
1790619609,0,6980,0,200.38,199.96,1197055,1859583,2492415,3104767,4468735,413184,48168959,1951904.92,1913946.78,6980,10,10,10,0,0,0,0,0,0,1896447,3004415,3264511,1827480.32,200
1790619610,0,7180,0,200.37,199.96,1200127,1859583,2492415,3100671,4460543,413184,48168959,1949254.03,1891156.10,7180,10,10,10,0,0,0,0,0,0,1864703,3022847,3254271,1856737.92,200
1790619611,0,7380,0,200.36,199.99,1196031,1854463,2488319,3094527,4435967,413184,48168959,1943717.50,1869438.70,7380,10,10,10,0,0,0,0,0,0,1737727,2902015,3037183,1744956.16,200
1790619612,0,7580,0,200.35,200.08,1199103,1856511,2492415,3098623,4435967,413184,48168959,1944113.88,1850471.93,7580,10,10,10,0,0,0,0,0,0,1889279,3336191,4456447,1958740.48,200
1790619613,0,7780,0,200.34,200.02,1195007,1856511,2490367,3094527,4399103,413184,48168959,1940300.73,1830819.24,7780,10,10,10,0,0,0,0,0,0,1862655,3018751,3143679,1795782.40,200
1790619614,0,7980,0,200.33,200.04,1192959,1857535,2490367,3094527,4386815,413184,48168959,1937992.63,1811829.78,7980,10,10,10,0,0,0,0,0,0,1880063,3004415,3371007,1848207.36,200
1790619615,0,8180,0,200.32,199.98,1195007,1860607,2492415,3096575,4382719,413184,48168959,1939041.58,1794419.34,8180,10,10,10,0,0,0,0,0,0,2012159,3184639,3952639,1980894.72,200
1790619616,0,8380,0,200.32,200.01,1193983,1856511,2486271,3094527,4358143,413184,48168959,1934425.43,1776657.85,8380,10,10,10,0,0,0,0,0,0,1726463,2985983,3121151,1745624.96,200
1790619617,0,8580,0,200.31,199.86,1196031,1857535,2490367,3094527,4358143,413184,48168959,1934654.52,1760227.44,8580,10,10,10,0,0,0,0,0,0,1880063,3078143,4235263,1944253.44,200
1790619618,0,8780,0,200.30,200.07,1196031,1859583,2492415,3094527,4349951,413184,48168959,1934236.36,1744264.95,8780,10,10,10,0,0,0,0,0,0,1905663,3043327,4171775,1916296.96,200
1790619619,0,8980,0,200.30,200.06,1198079,1858559,2490367,3092479,4313087,413184,48168959,1932718.65,1728379.29,8980,10,10,10,0,0,0,0,0,0,1793023,2988031,3493887,1866091.52,200
1790619620,0,9180,0,200.29,199.92,1204223,1860607,2494463,3098623,4386815,413184,48168959,1937429.75,1719779.46,9180,10,10,10,0,0,0,0,0,0,1919999,3780607,6832127,2148958.08,200
1790619621,0,9380,0,200.28,200.11,1205247,1860607,2494463,3096575,4382719,413184,48168959,1935839.19,1704739.37,9380,10,10,10,0,0,0,0,0,0,1891327,3043327,3176447,1862832.64,200
1790619622,0,9580,0,200.28,199.96,1206271,1862655,2494463,3098623,4456447,413184,48168959,1936987.92,1693392.92,9580,10,10,10,0,0,0,0,0,0,1918975,4308991,5267455,1990863.36,200
1790619623,0,9780,0,200.27,200.02,1206271,1863679,2496511,3102719,4538367,413184,48168959,1946064.15,1715937.32,9780,10,10,10,0,0,0,0,0,0,1943551,3436543,14884863,2380815.36,200
1790619624,0,9980,0,200.26,199.92,1210367,1866751,2500607,3112959,4714495,413184,48168959,1950763.68,1705685.25,9980,10,10,10,0,0,0,0,0,0,2035711,4521983,5779455,2180570.88,200
1790619625,0,10180,0,200.26,199.98,1211391,1867775,2500607,3110911,4657151,413184,48168959,1949683.60,1692207.46,10180,10,10,10,0,0,0,0,0,0,1879039,3051519,3280895,1895787.52,200
1790619626,0,10380,0,200.25,200.06,1211391,1868799,2500607,3110911,4677631,413184,48168959,1949793.10,1680357.64,10380,10,10,10,0,0,0,0,0,0,1936383,3201023,5419007,1955366.40,200
1790619627,0,10580,0,200.25,199.94,1211391,1869823,2500607,3115007,4628479,413184,48168959,1949178.65,1668557.36,10580,10,10,10,0,0,0,0,0,0,1891327,3284991,4227071,1917288.96,200
1790619628,0,10780,0,200.24,200.03,1210367,1869823,2500607,3119103,4657151,413184,48168959,1949515.59,1659414.28,10780,10,10,10,0,0,0,0,0,0,1906687,3227647,6885375,1967339.52,200
1790619629,0,10980,0,200.24,200.04,1215487,1874943,2504703,3141631,4796415,413184,48168959,1956737.35,1654975.15,10980,10,10,10,0,0,0,0,0,0,2121727,4685823,7208959,2345990.40,200
1790619630,0,11180,0,200.24,199.98,1215487,1872895,2502655,3135487,4767743,413184,48168959,1954508.34,1643163.85,11180,10,10,10,0,0,0,0,0,0,1782783,3063807,3287039,1832135.68,200
1790619631,0,11380,0,200.23,200.03,1216511,1873919,2504703,3143679,4726783,413184,48168959,1954949.56,1632561.60,11380,10,10,10,0,0,0,0,0,0,1910783,3502079,4079615,1979613.44,200
1790619632,0,11580,0,200.23,200.02,1215487,1874943,2504703,3145727,4714495,413184,48168959,1954785.03,1622863.99,11580,10,10,10,0,0,0,0,0,0,1906687,3493887,4440063,1945423.36,200
1790619633,0,11780,0,200.23,200.00,1215487,1873919,2502655,3143679,4677631,413184,48168959,1952067.69,1611690.83,11780,10,10,10,0,0,0,0,0,0,1825791,2859007,3055615,1794734.08,200
1790619634,0,11980,0,200.22,199.95,1213439,1872895,2502655,3141631,4628479,413184,48168959,1950440.15,1601389.95,11980,10,10,10,0,0,0,0,0,0,1844223,3061759,3256319,1854577.92,200
1790619635,0,12200,0,200.55,220.05,1211391,1874943,2508799,3158015,5107711,413184,48168959,2004458.54,2009279.03,12200,10,10,10,0,0,0,0,0,0,2002943,30982143,36896767,4946005.53,220
1790619636,0,12400,0,200.53,199.84,1211391,1873919,2508799,3153919,5062655,413184,48168959,2002186.52,1995288.81,12400,10,10,10,0,0,0,0,0,0,1840127,2971647,3553279,1863592.96,200
1790619637,0,12600,0,200.53,200.04,1210367,1871871,2508799,3151871,5009407,413184,48168959,1999865.71,1981960.66,12600,10,10,10,0,0,0,0,0,0,1738751,3084287,3244031,1855975.68,200
1790619638,0,12800,0,200.52,200.05,1213439,1871871,2508799,3151871,4988927,413184,48168959,1998396.97,1968563.48,12800,10,10,10,0,0,0,0,0,0,1867775,3041279,3414015,1905866.24,200
1790619639,0,13000,0,200.51,200.08,1213439,1871871,2508799,3153919,4939775,413184,48168959,1997292.38,1955892.12,13000,10,10,10,0,0,0,0,0,0,1906687,3268607,3807231,1926598.40,200
1790619640,0,13200,0,200.50,199.90,1211391,1870847,2506751,3151871,4919295,413184,48168959,1994250.83,1943327.42,13200,10,10,10,0,0,0,0,0,0,1690623,3055615,3274751,1796550.40,200
1790619641,0,13400,0,200.50,200.08,1210367,1870847,2506751,3151871,4915199,413184,48168959,1992800.47,1931472.05,13400,10,10,10,0,0,0,0,0,0,1908735,3088383,4464639,1897076.48,200
1790619642,0,13600,0,200.49,199.93,1211391,1871871,2508799,3149823,4870143,413184,48168959,1991961.77,1919565.23,13600,10,10,10,0,0,0,0,0,0,1896447,3100671,3741695,1935768.96,200
1790619643,0,13800,0,200.48,200.05,1211391,1871871,2508799,3149823,4812799,413184,48168959,1989995.43,1907962.28,13800,10,10,10,0,0,0,0,0,0,1884159,3037183,3258367,1856284.16,200
1790619644,0,14000,0,200.47,199.95,1209343,1871871,2508799,3151871,4812799,413184,48168959,1989033.09,1897780.46,14000,10,10,10,0,0,0,0,0,0,1844223,3387391,4775935,1922631.68,200
1790619645,0,14200,0,200.47,200.10,1210367,1871871,2510847,3149823,4796415,413184,48168959,1988235.21,1886569.13,14200,10,10,10,0,0,0,0,0,0,1917951,3121151,3287039,1932384.00,200
1790619646,0,14400,0,200.46,199.86,1213439,1873919,2514943,3151871,4792319,413184,48168959,1989334.97,1876472.61,14400,10,10,10,0,0,0,0,0,0,1959935,3667967,4562943,2067417.60,200
1790619647,0,14600,0,200.46,200.10,1214463,1873919,2516991,3151871,4767743,413184,48168959,1988832.77,1865922.87,14600,10,10,10,0,0,0,0,0,0,1903615,3129343,3964927,1952674.56,200
1790619648,0,14800,0,200.45,200.04,1215487,1871871,2516991,3151871,4763647,413184,48168959,1987508.69,1855640.29,14800,10,10,10,0,0,0,0,0,0,1802239,3100671,3926015,1890850.56,200
1790619649,0,15000,0,200.44,199.90,1215487,1870847,2516991,3149823,4718591,413184,48168959,1985448.93,1845451.90,15000,10,10,10,0,0,0,0,0,0,1717247,2985983,3209215,1833027.20,200
1790619650,0,15200,0,200.44,200.05,1213439,1870847,2516991,3149823,4726783,413184,48168959,1985109.68,1836417.39,15200,10,10,10,0,0,0,0,0,0,1874943,3164159,4849663,1959665.28,200
1790619651,0,15400,0,200.43,200.06,1214463,1871871,2519039,3151871,4763647,413184,48168959,1985259.77,1827563.97,15400,10,10,10,0,0,0,0,0,0,1874943,3284991,5005311,1996666.88,200
1790619652,0,15600,0,200.43,199.87,1215487,1872895,2519039,3153919,4763647,413184,48168959,1985642.60,1818877.12,15600,10,10,10,0,0,0,0,0,0,2006015,3409919,4669439,2015120.64,200
1790619653,0,15800,0,200.42,200.07,1213439,1872895,2519039,3151871,4763647,413184,48168959,1983500.64,1809483.56,15800,10,10,10,0,0,0,0,0,0,1816575,3076095,3418111,1816427.52,200
1790619654,0,16000,0,200.42,199.98,1211391,1871871,2519039,3151871,4718591,413184,48168959,1981689.50,1800362.62,16000,10,10,10,0,0,0,0,0,0,1773567,3080191,3254271,1838609.92,200
1790619655,0,16200,0,200.41,200.03,1210367,1869823,2519039,3151871,4714495,413184,48168959,1979560.11,1791459.73,16200,10,10,10,0,0,0,0,0,0,1759231,3061759,3248127,1809208.32,200
1790619656,0,16400,0,200.41,200.04,1209343,1869823,2519039,3151871,4677631,413184,48168959,1978687.14,1783362.74,16400,10,10,10,0,0,0,0,0,0,1763327,3162111,4505599,1907976.96,200
1790619657,0,16600,0,200.40,199.82,1209343,1868799,2516991,3149823,4657151,413184,48168959,1976464.32,1774694.89,16600,10,10,10,0,0,0,0,0,0,1747967,2992127,3172351,1794193.28,200
1790619658,0,16800,0,200.40,200.08,1208319,1867775,2514943,3145727,4628479,413184,48168959,1973660.26,1766037.33,16800,10,10,10,0,0,0,0,0,0,1702911,2893823,3086335,1740922.88,200
1790619659,0,17000,0,200.39,200.08,1207295,1864703,2512895,3145727,4599807,413184,48168959,1971303.15,1757577.24,17000,10,10,10,0,0,0,0,0,0,1716223,3039231,3237887,1773306.24,200
1790619660,0,17200,0,200.39,199.91,1207295,1865727,2512895,3143679,4591615,413184,48168959,1970138.50,1749515.05,17200,10,10,10,0,0,0,0,0,0,1882111,3123199,3545087,1871143.04,200
1790619661,0,17400,0,200.38,200.08,1208319,1866751,2512895,3143679,4575231,413184,48168959,1969231.72,1741309.12,17400,10,10,10,0,0,0,0,0,0,1905663,3102719,3321855,1891248.64,200
1790619662,0,17600,0,200.38,199.94,1208319,1866751,2510847,3141631,4571135,413184,48168959,1967980.40,1733703.06,17600,10,10,10,0,0,0,0,0,0,1855487,3049471,3188735,1859115.52,200
1790619663,0,17800,0,200.37,200.05,1206271,1863679,2508799,3137535,4546559,413184,48168959,1965564.07,1725868.61,17800,10,10,10,0,0,0,0,0,0,1696767,2981887,3190783,1752926.72,200
1790619664,0,18000,0,200.37,200.01,1207295,1865727,2510847,3135487,4538367,413184,48168959,1965110.36,1718174.44,18000,10,10,10,0,0,0,0,0,0,2042879,3049471,3155967,1924730.88,200
1790619665,0,18200,0,200.37,200.02,1207295,1865727,2508799,3135487,4521983,413184,48168959,1963962.00,1710562.76,18200,10,10,10,0,0,0,0,0,0,1901567,3067903,3311615,1860609.28,200
1790619666,0,18400,0,200.36,199.84,1207295,1865727,2510847,3133439,4505599,413184,48168959,1963109.37,1703237.37,18400,10,10,10,0,0,0,0,0,0,1866751,3041279,3311615,1885520.00,200
1790619667,0,18600,0,200.36,200.03,1206271,1863679,2508799,3133439,4505599,413184,48168959,1961506.79,1695885.82,18600,10,10,10,0,0,0,0,0,0,1775615,3008511,3364863,1814069.76,200
1790619668,0,18800,0,200.35,200.01,1207295,1864703,2510847,3135487,4505599,413184,48168959,1961710.76,1689133.84,18800,10,10,10,0,0,0,0,0,0,1951743,3424255,4587519,1980679.68,200
1790619669,0,19000,0,200.35,200.04,1207295,1863679,2510847,3131391,4493311,413184,48168959,1960539.11,1681932.84,19000,10,10,10,0,0,0,0,0,0,1821695,3004415,3225599,1850403.84,200
1790619670,0,19200,0,200.35,200.06,1207295,1862655,2510847,3133439,4489215,413184,48168959,1959590.39,1675511.93,19200,10,10,10,0,0,0,0,0,0,1710079,3176447,4048895,1869461.76,200
1790619671,0,19400,0,200.34,199.88,1207295,1863679,2512895,3139583,4468735,413184,48168959,1960131.06,1669223.21,19400,10,10,10,0,0,0,0,0,0,1918975,3614719,4020223,2012035.84,200
1790619672,0,19600,0,200.34,200.07,1208319,1863679,2512895,3137535,4464639,413184,48168959,1959169.95,1662447.79,19600,10,10,10,0,0,0,0,0,0,1869823,2963455,3465215,1865941.76,200
1790619673,0,19800,0,200.34,200.00,1208319,1863679,2514943,3141631,4464639,413184,48168959,1959540.47,1656578.60,19800,10,10,10,0,0,0,0,0,0,1905663,3510271,4325375,1995852.16,200
1790619674,0,20000,0,200.33,200.08,1208319,1863679,2512895,3141631,4460543,413184,48168959,1958194.50,1650069.53,20000,10,10,10,0,0,0,0,0,0,1867775,3088383,3391487,1824943.36,200
1790619675,0,20200,0,200.33,199.97,1208319,1865727,2514943,3145727,4468735,413184,48168959,1959097.51,1645076.15,20200,10,10,10,0,0,0,0,0,0,2006015,3782655,5189631,2049398.40,200
1790619676,0,20400,0,200.33,200.03,1207295,1863679,2514943,3145727,4464639,413184,48168959,1957879.12,1638855.45,20400,10,10,10,0,0,0,0,0,0,1726463,3170303,3399679,1834821.12,200
1790619677,0,20600,0,200.32,199.99,1208319,1864703,2514943,3143679,4460543,413184,48168959,1957353.15,1632557.21,20600,10,10,10,0,0,0,0,0,0,1888255,3020799,3342335,1903704.32,200
1790619678,0,20800,0,200.32,199.82,1208319,1865727,2516991,3147775,4468735,413184,48168959,1958055.72,1627563.68,20800,10,10,10,0,0,0,0,0,0,1909759,3434495,5165055,2030421.12,200
1790619679,0,21000,0,200.32,200.09,1209343,1867775,2516991,3149823,4464639,413184,48168959,1958117.10,1621423.97,21000,10,10,10,0,0,0,0,0,0,1926143,3153919,3391487,1964499.84,200
1790619680,0,21200,0,200.31,200.02,1210367,1867775,2516991,3147775,4460543,413184,48168959,1957739.95,1615486.25,21200,10,10,10,0,0,0,0,0,0,1955839,3094527,3227647,1918140.16,200
1790619681,0,21400,0,200.31,200.06,1210367,1868799,2519039,3147775,4460543,413184,48168959,1958136.00,1609851.56,21400,10,10,10,0,0,0,0,0,0,2002943,3178495,3672063,2000116.48,200
1790619682,0,21600,0,200.31,199.98,1211391,1868799,2519039,3149823,4464639,413184,48168959,1958563.86,1605217.60,21600,10,10,10,0,0,0,0,0,0,1854463,3637247,5451775,2004345.60,200
1790619683,0,21800,0,200.30,199.88,1210367,1866751,2519039,3145727,4460543,413184,48168959,1956782.93,1599361.05,21800,10,10,10,0,0,0,0,0,0,1703935,2957311,3117055,1764441.60,200
1790619684,0,22000,0,200.30,200.08,1210367,1865727,2519039,3145727,4456447,413184,48168959,1955798.32,1593912.13,22000,10,10,10,0,0,0,0,0,0,1675263,3221503,3618815,1848476.16,200
1790619685,0,22200,0,200.30,199.93,1209343,1865727,2516991,3145727,4448255,413184,48168959,1954523.72,1588394.71,22200,10,10,10,0,0,0,0,0,0,1799167,3026943,3366911,1814318.08,200
1790619686,0,22400,0,200.30,200.10,1209343,1865727,2516991,3145727,4435967,413184,48168959,1954185.37,1582979.36,22400,10,10,10,0,0,0,0,0,0,1895423,3168255,3745791,1916628.48,200
1790619687,0,22600,0,200.29,199.92,1209343,1866751,2516991,3145727,4399103,413184,48168959,1953463.70,1577750.00,22600,10,10,10,0,0,0,0,0,0,1894399,3065855,3676159,1872636.80,200
1790619688,0,22800,0,200.29,200.14,1210367,1867775,2521087,3145727,4390911,413184,48168959,1954455.39,1572852.56,22800,10,10,10,0,0,0,0,0,0,2099199,3229695,4268031,2066516.48,200
1790619689,0,23000,0,200.29,199.93,1211391,1868799,2521087,3149823,4399103,413184,48168959,1955015.03,1568450.07,23000,10,10,10,0,0,0,0,0,0,1969151,3397631,4476927,2018813.44,200
1790619690,0,23200,0,200.29,200.01,1211391,1869823,2523135,3151871,4452351,413184,48168959,1955800.40,1564881.62,23200,10,10,10,0,0,0,0,0,0,1940479,3555327,5877759,2046118.40,200
1790619691,0,23400,0,200.28,200.00,1211391,1869823,2523135,3151871,4460543,413184,48168959,1955850.90,1560673.24,23400,10,10,10,0,0,0,0,0,0,1911807,3311615,4993023,1961708.80,200
1790619692,0,23600,0,200.28,200.01,1213439,1869823,2523135,3151871,4456447,413184,48168959,1956381.97,1555964.47,23600,10,10,10,0,0,0,0,0,0,2012159,3340287,4415487,2018517.12,200
1790619693,0,23800,0,200.28,199.86,1212415,1869823,2525183,3153919,4452351,413184,48168959,1955990.78,1551319.85,23800,10,10,10,0,0,0,0,0,0,1810431,3260415,3737599,1909830.40,200
1790619694,0,24000,0,200.28,200.17,1211391,1868799,2523135,3151871,4444159,413184,48168959,1954559.87,1546519.41,24000,10,10,10,0,0,0,0,0,0,1799167,3033087,3244031,1784280.96,200
1790619695,0,24470,0,202.51,469.76,1195007,1852415,2519039,3164159,4763647,357376,48168959,1971228.35,1694923.19,24470,10,10,10,0,0,0,0,0,0,1107967,16924671,24182783,2822385.02,470
1790619696,0,24970,0,204.95,499.95,1172479,1827839,2506751,3158015,4730879,320768,48168959,1951404.94,1684405.93,24970,10,10,10,0,0,0,0,0,0,961023,1559551,1836031,981246.98,500
1790619697,0,25470,0,207.35,500.03,1151999,1802239,2496511,3155967,4730879,320768,48168959,1933544.22,1674885.99,25470,10,10,10,0,0,0,0,0,0,970751,1579007,4722687,1041580.03,500
1790619698,0,25970,0,209.72,500.22,1133567,1774591,2482175,3149823,4714495,320768,48168959,1915697.09,1664472.46,25970,10,10,10,0,0,0,0,0,0,1009663,1581055,2146303,1006564.35,500
1790619699,0,26470,0,212.04,499.85,1115135,1747967,2467839,3141631,4665343,320768,48168959,1898078.02,1654345.56,26470,10,10,10,0,0,0,0,0,0,962047,1553407,1701887,982943.49,500
1790619700,0,26970,0,214.33,500.02,1097727,1720319,2455551,3135487,4599807,320768,48168959,1881182.27,1644260.34,26970,10,10,10,0,0,0,0,0,0,959999,1551359,1669119,986721.54,500
1790619701,0,27470,0,216.58,500.16,1083391,1694719,2441215,3129343,4583423,320768,48168959,1865438.20,1634821.71,27470,10,10,10,0,0,0,0,0,0,968703,1625087,3110911,1016202.75,500
1790619702,0,27970,0,218.80,499.66,1070079,1670143,2428927,3127295,4546559,320768,48168959,1850357.34,1625600.75,27970,10,10,10,0,0,0,0,0,0,978943,1600511,3137535,1021815.04,500
1790619703,0,28470,0,220.98,500.11,1057791,1645567,2414591,3121151,4521983,303104,48168959,1834685.62,1616423.38,28470,10,10,10,0,0,0,0,0,0,934911,1539071,1922047,958009.34,500
1790619704,0,28970,0,223.13,499.96,1047551,1623039,2400255,3112959,4505599,303104,48168959,1820631.10,1607002.10,28970,10,10,10,0,0,0,0,0,0,1021439,1639423,2373631,1020367.10,500
1790619705,0,29470,0,225.25,500.19,1037823,1600511,2385919,3108863,4489215,303104,48168959,1807223.92,1597522.41,29470,10,10,10,0,0,0,0,0,0,989183,1565695,2717695,1030411.78,500
1790619706,0,29970,0,227.33,500.10,1027071,1582079,2371583,3102719,4468735,303104,48168959,1793652.51,1588309.87,29970,10,10,10,0,0,0,0,0,0,974847,1563647,1956863,993753.34,500
1790619707,0,30470,0,229.38,499.74,1015295,1558527,2359295,3098623,4460543,303104,48168959,1779734.08,1579537.16,30470,10,10,10,0,0,0,0,0,0,928767,1486847,1612799,945463.55,500
1790619708,0,30970,0,231.41,500.15,1005567,1543167,2344959,3094527,4440063,303104,48168959,1767251.17,1571020.53,30970,10,10,10,0,0,0,0,0,0,936447,1625087,3282943,1006542.85,500
1790619709,0,31470,0,233.40,500.03,996351,1526783,2332671,3090431,4415487,303104,48168959,1754622.98,1562379.50,31470,10,10,10,0,0,0,0,0,0,976895,1533951,2084863,972432.64,500
1790619710,0,31970,0,235.36,499.79,986111,1508351,2320383,3086335,4386815,303104,48168959,1741500.38,1554164.57,31970,10,10,10,0,0,0,0,0,0,898047,1448959,1537023,915564.03,500
1790619711,0,32470,0,237.29,499.99,977919,1494015,2306047,3084287,4386815,303104,48168959,1730795.34,1546487.34,32470,10,10,10,0,0,0,0,0,0,978431,1580031,4706303,1046315.01,500
1790619712,0,32970,0,239.20,500.15,970751,1478655,2295807,3082239,4382719,303104,48168959,1720580.10,1538287.18,32970,10,10,10,0,0,0,0,0,0,1026047,1651711,3366911,1057202.18,500
1790619713,0,33470,0,241.08,500.10,963071,1464319,2281471,3076095,4358143,303104,48168959,1709563.30,1530081.91,33470,10,10,10,0,0,0,0,0,0,958463,1564671,1931263,983115.78,500
1790619714,0,33970,0,242.93,499.70,954879,1453055,2267135,3074047,4345855,303104,48168959,1699386.06,1522189.66,33970,10,10,10,0,0,0,0,0,0,971263,1613823,2484223,1018121.47,500
1790619715,0,34470,0,244.76,500.21,949247,1439743,2252799,3069951,4325375,303104,48168959,1688688.70,1514264.14,34470,10,10,10,0,0,0,0,0,0,963071,1532927,1646591,961910.27,500
1790619716,0,34970,0,246.56,500.03,944127,1429503,2240511,3065855,4308991,303104,48168959,1678506.28,1506388.99,34970,10,10,10,0,0,0,0,0,0,989183,1549311,1595391,976530.18,500
1790619717,0,35470,0,248.33,499.92,936959,1418239,2226175,3061759,4296703,303104,48168959,1668392.00,1498722.77,35470,10,10,10,0,0,0,0,0,0,926207,1525759,1644543,960999.42,500
1790619718,0,35970,0,250.08,500.21,931327,1410047,2213887,3059711,4284415,303104,48168959,1659637.36,1490976.74,35970,10,10,10,0,0,0,0,0,0,984575,1647615,2195455,1038582.78,500
1790619719,0,36470,0,251.80,499.63,925183,1399807,2201599,3055615,4268031,303104,48168959,1650055.30,1483531.89,36470,10,10,10,0,0,0,0,0,0,948735,1544191,1739775,960721.92,500
1790619720,0,36970,0,253.51,500.15,920575,1390591,2187263,3051519,4239359,303104,48168959,1641196.09,1475999.09,36970,10,10,10,0,0,0,0,0,0,977407,1558527,1704959,995005.18,500
1790619721,0,37470,0,255.19,500.07,917503,1383423,2177023,3047423,4227071,303104,48168959,1633904.67,1468627.80,37470,10,10,10,0,0,0,0,0,0,1070079,2080767,2871295,1094777.34,500
1790619722,0,37970,0,256.84,499.78,913407,1375231,2166783,3045375,4227071,303104,48168959,1626416.47,1462338.73,37970,10,10,10,0,0,0,0,0,0,978431,1859583,3268607,1065251.07,500
1790619723,0,38470,0,258.48,500.07,906751,1364991,2154495,3041279,4206591,303104,48168959,1617694.39,1455413.76,38470,10,10,10,0,0,0,0,0,0,932863,1559551,1817599,955339.78,500
1790619724,0,38970,0,260.09,500.07,901631,1359871,2142207,3039231,4194303,303104,48168959,1609901.91,1448359.85,38970,10,10,10,0,0,0,0,0,0,977407,1628159,1957887,1010348.03,500
1790619725,0,39470,0,261.68,500.00,898047,1352703,2131967,3039231,4239359,303104,48168959,1608770.17,1477275.94,39470,10,10,10,0,0,0,0,0,0,1007103,3649535,21151743,1520562.18,500
1790619726,0,39970,0,263.25,500.03,893439,1345535,2119679,3037183,4227071,303104,48168959,1601863.05,1470653.52,39970,10,10,10,0,0,0,0,0,0,962047,2069503,3123199,1056615.42,500
1790619727,0,40470,0,264.80,500.21,889343,1338367,2105343,3033087,4210687,303104,48168959,1593524.86,1463937.13,40470,10,10,10,0,0,0,0,0,0,924159,1464319,1574911,926969.60,500
1790619728,0,40970,0,266.32,499.59,886783,1330175,2092031,3028991,4198399,303104,48168959,1586173.59,1457017.72,40970,10,10,10,0,0,0,0,0,0,977407,1570815,1739775,991161.86,500
1790619729,0,41470,0,267.83,500.11,882687,1325055,2081791,3026943,4184063,303104,48168959,1579040.33,1450213.63,41470,10,10,10,0,0,0,0,0,0,964095,1589247,1769471,994540.80,500
1790619730,0,41970,0,269.32,499.97,880127,1318911,2066431,3022847,4171775,303104,48168959,1572065.29,1443456.40,41970,10,10,10,0,0,0,0,0,0,994303,1557503,1670143,993555.71,500
1790619731,0,42470,0,270.80,500.06,877055,1312767,2053119,3018751,4151295,303104,48168959,1565104.36,1436865.55,42470,10,10,10,0,0,0,0,0,0,987647,1550335,1665023,980804.35,500
1790619732,0,42970,0,272.25,500.07,875007,1307647,2040831,3016703,4161535,303104,48168959,1559514.64,1431199.43,42970,10,10,10,0,0,0,0,0,0,1013247,1614847,5275647,1084723.20,500
1790619733,0,43470,0,273.68,500.05,871935,1300479,2027519,3010559,4136959,303104,48168959,1552883.32,1424779.21,43470,10,10,10,0,0,0,0,0,0,965631,1591295,1702911,982988.29,500
1790619734,0,43970,0,275.10,499.73,869375,1296383,2015231,3008511,4126719,303104,48168959,1547788.63,1418865.65,43970,10,10,10,0,0,0,0,0,0,1020927,1746943,3813375,1104855.81,500
1790619735,0,44470,0,276.50,500.42,866815,1291263,2002943,3004415,4106239,303104,48168959,1541602.37,1412582.74,44470,10,10,10,0,0,0,0,0,0,1013759,1591295,1765375,997583.10,500
1790619736,0,44970,0,277.88,499.67,863231,1287167,1987583,3002367,4083711,303104,48168959,1535416.99,1406412.86,44970,10,10,10,0,0,0,0,0,0,961023,1582079,1701887,985288.96,500
1790619737,0,45470,0,279.24,500.37,860159,1282047,1972223,2998271,4079615,303104,48168959,1529567.27,1400506.87,45470,10,10,10,0,0,0,0,0,0,989183,1546239,2859007,1003443.20,500
1790619738,0,45970,0,280.59,499.65,857599,1277951,1961983,2994175,4069375,303104,48168959,1523590.96,1394680.19,45970,10,10,10,0,0,0,0,0,0,963583,1553407,1922047,980105.73,500
1790619739,0,46470,0,281.92,499.93,855039,1271807,1949695,2992127,4048895,303104,48168959,1517720.48,1388840.52,46470,10,10,10,0,0,0,0,0,0,972287,1526783,1697791,977988.10,500
1790619740,0,46970,0,283.23,500.26,852479,1267711,1938431,2988031,4036607,303104,48168959,1512038.06,1383080.69,46970,10,10,10,0,0,0,0,0,0,964607,1551359,1780735,983914.75,500
1790619741,0,47470,0,284.53,499.99,850431,1264639,1927167,2983935,4026367,303104,48168959,1506745.89,1377218.85,47470,10,10,10,0,0,0,0,0,0,986623,1577983,1704959,1009599.23,500
1790619742,0,47970,0,285.82,500.16,848383,1260543,1915903,2979839,4020223,303104,48168959,1501430.89,1371574.46,47970,10,10,10,0,0,0,0,0,0,968703,1591295,2150399,996824.58,500
1790619743,0,48470,0,287.09,499.56,846847,1256447,1905663,2977791,4018175,303104,48168959,1496906.12,1366267.63,48470,10,10,10,0,0,0,0,0,0,997375,1630207,2899967,1062799.87,500
1790619744,0,48970,0,288.34,500.07,844799,1253375,1892351,2973695,4003839,303104,48168959,1491820.07,1360692.32,48970,10,10,10,0,0,0,0,0,0,982015,1554431,1833983,998778.62,500
1790619745,0,49470,0,289.58,500.31,842239,1249279,1881087,2969599,3993599,303104,48168959,1486570.37,1355346.37,49470,10,10,10,0,0,0,0,0,0,937983,1545215,1769471,972414.46,500
1790619746,0,49970,0,290.80,499.95,839679,1245183,1869823,2965503,3975167,303104,48168959,1481545.42,1349938.36,49970,10,10,10,0,0,0,0,0,0,989183,1567743,1676287,984377.09,500
1790619747,0,50470,0,292.01,499.74,836607,1241087,1857535,2963455,3964927,303104,48168959,1476434.34,1344679.15,50470,10,10,10,0,0,0,0,0,0,942079,1515519,1679359,965632.77,500
1790619748,0,50970,0,293.21,500.39,834047,1238015,1844223,2957311,3952639,303104,48168959,1471402.43,1339521.02,50970,10,10,10,0,0,0,0,0,0,952831,1558527,1741823,963480.83,500
1790619749,0,51470,0,294.39,499.54,831999,1233919,1831935,2955263,3932159,303104,48168959,1466437.29,1334424.09,51470,10,10,10,0,0,0,0,0,0,956927,1523711,1723391,960291.84,500
1790619750,0,51970,0,295.56,500.20,829951,1230847,1820671,2953215,3911679,302592,48168959,1461730.06,1329515.40,51970,10,10,10,0,0,0,0,0,0,939007,1573887,2213887,977167.36,500
1790619751,0,52470,0,296.72,500.11,827391,1226751,1808383,2949119,3897343,302592,48168959,1456890.62,1324648.14,52470,10,10,10,0,0,0,0,0,0,930303,1507327,1773567,953879.30,500
1790619752,0,52970,0,297.86,500.03,825343,1222655,1799167,2947071,3889151,302592,48168959,1452445.50,1319710.09,52970,10,10,10,0,0,0,0,0,0,957439,1588223,2019327,985974.53,500
1790619753,0,53470,0,298.99,499.66,823295,1220607,1784831,2942975,3878911,302592,48168959,1448114.10,1314726.04,53470,10,10,10,0,0,0,0,0,0,993791,1543167,1685503,989245.70,500
1790619754,0,53970,0,300.11,500.20,821759,1217535,1774591,2940927,3868671,302592,48168959,1444166.13,1309927.36,53970,10,10,10,0,0,0,0,0,0,1000959,1614847,2338815,1021969.66,500
1790619755,0,54240,0,299.94,270.10,822271,1217535,1775615,2938879,3862527,302592,48168959,1444260.21,1307509.13,54240,10,10,10,0,0,0,0,0,0,1354751,2551807,3162111,1463066.55,270
1790619756,0,54440,0,299.39,200.01,822783,1218559,1779711,2938879,3858431,302592,48168959,1444982.44,1305774.94,54440,10,10,10,0,0,0,0,0,0,1696767,2619391,2750463,1640851.20,200
1790619757,0,54640,0,298.85,199.93,823807,1220607,1784831,2938879,3858431,302592,48168959,1446662.10,1304458.32,54640,10,10,10,0,0,0,0,0,0,1852415,3112959,3641343,1903865.60,200
1790619758,0,54840,0,298.31,199.92,824319,1222655,1789951,2940927,3858431,302592,48168959,1448347.08,1303247.46,54840,10,10,10,0,0,0,0,0,0,1868799,3074047,3573759,1908682.24,200
1790619759,0,55040,0,297.78,200.13,825855,1223679,1796095,2940927,3868671,302592,48168959,1450076.67,1302192.86,55040,10,10,10,0,0,0,0,0,0,1871871,3196927,4341759,1924330.24,200
1790619760,0,55240,0,297.25,200.03,826367,1225727,1802239,2942975,3862527,302592,48168959,1451660.18,1300949.74,55240,10,10,10,0,0,0,0,0,0,1799167,3184639,3440639,1887443.20,200
1790619761,0,55440,0,296.73,199.88,827903,1226751,1807359,2945023,3878911,302592,48168959,1454210.57,1301607.17,55440,10,10,10,0,0,0,0,0,0,2029567,3559423,7925759,2158629.12,200
1790619762,0,55640,0,296.22,200.06,828415,1228799,1812479,2945023,3872767,302592,48168959,1455863.17,1300380.41,55640,10,10,10,0,0,0,0,0,0,1994751,3053567,3241983,1913962.24,200
1790619763,0,55840,0,295.71,199.92,829439,1229823,1818623,2947071,3870719,302592,48168959,1457503.70,1299151.16,55840,10,10,10,0,0,0,0,0,0,2001919,2981887,3256319,1913898.88,200
1790619764,0,56040,0,295.20,200.01,829951,1230847,1824767,2947071,3870719,302592,48168959,1458989.93,1298070.42,56040,10,10,10,0,0,0,0,0,0,1868799,3160063,3543039,1873945.60,200
1790619765,0,56240,0,294.71,200.12,830975,1232895,1829887,2949119,3868671,302592,48168959,1460453.88,1296778.26,56240,10,10,10,0,0,0,0,0,0,1846271,3108863,3201023,1870653.44,200
1790619766,0,56440,0,294.21,199.85,831999,1233919,1835007,2949119,3866623,302592,48168959,1462185.40,1295663.20,56440,10,10,10,0,0,0,0,0,0,2027519,3078143,3678207,1949090.56,200
1790619767,0,56640,0,293.72,200.01,832511,1235967,1840127,2953215,3862527,302592,48168959,1464013.50,1294668.18,56640,10,10,10,0,0,0,0,0,0,1924095,3340287,3733503,1979902.08,200
1790619768,0,56840,0,293.24,200.02,833535,1236991,1844223,2953215,3862527,302592,48168959,1465321.12,1293436.96,56840,10,10,10,0,0,0,0,0,0,1780735,3117055,3393535,1835637.76,200
1790619769,0,57040,0,292.76,200.14,834047,1238015,1847295,2953215,3858431,302592,48168959,1466605.72,1292143.15,57040,10,10,10,0,0,0,0,0,0,1786879,3067903,3418111,1831690.88,200
1790619770,0,57240,0,292.29,199.94,834559,1239039,1851391,2953215,3850239,302592,48168959,1467530.55,1290763.18,57240,10,10,10,0,0,0,0,0,0,1728511,2920447,3180543,1731290.88,200
1790619771,0,57440,0,291.82,199.94,836095,1240063,1856511,2955263,3848191,302592,48168959,1469007.17,1289484.97,57440,10,10,10,0,0,0,0,0,0,1901567,3035135,3534847,1891616.00,200
1790619772,0,57640,0,291.35,200.00,836607,1242111,1861631,2955263,3844095,302592,48168959,1470656.65,1288384.26,57640,10,10,10,0,0,0,0,0,0,1992703,3168255,3266559,1944387.84,200
1790619773,0,57840,0,290.90,200.11,838143,1243135,1866751,2957311,3852287,302592,48168959,1472357.24,1287572.77,57840,10,10,10,0,0,0,0,0,0,1840127,3149823,5185535,1962466.56,200
1790619774,0,58040,0,290.44,199.95,839167,1245183,1870847,2959359,3850239,302592,48168959,1473886.64,1286387.83,58040,10,10,10,0,0,0,0,0,0,1916927,3151871,3344383,1916189.44,200
1790619775,0,58240,0,289.99,199.95,839679,1246207,1874943,2961407,3862527,302592,48168959,1475651.51,1285686.52,58240,10,10,10,0,0,0,0,0,0,1925119,3166207,5197823,1987818.24,200
1790619776,0,58440,0,289.55,200.12,840703,1248255,1879039,2961407,3858431,302592,48168959,1476866.25,1284401.84,58440,10,10,10,0,0,0,0,0,0,1793023,3098623,3231743,1830595.84,200
1790619777,0,58640,0,289.10,199.88,841215,1249279,1883135,2963455,3850239,302592,48168959,1478068.07,1283164.49,58640,10,10,10,0,0,0,0,0,0,1892351,3010559,3151871,1829242.24,200
1790619778,0,58840,0,288.67,200.06,842239,1250303,1887231,2963455,3848191,302592,48168959,1479503.96,1281970.21,58840,10,10,10,0,0,0,0,0,0,1860607,3006463,3491839,1900505.60,200
1790619779,0,59040,0,288.23,200.01,842751,1251327,1891327,2963455,3848191,302592,48168959,1480779.93,1280863.95,59040,10,10,10,0,0,0,0,0,0,1755135,3110911,3665919,1856170.24,200
1790619780,0,59240,0,287.81,200.03,843263,1252351,1894399,2963455,3846143,302592,48168959,1481932.00,1279594.31,59240,10,10,10,0,0,0,0,0,0,1756159,2985983,3182591,1822024.96,200
1790619781,0,59440,0,287.38,200.01,844287,1253375,1898495,2965503,3844095,302592,48168959,1483208.19,1278375.31,59440,10,10,10,0,0,0,0,0,0,1893375,3041279,3397631,1861214.72,200
1790619782,0,59640,0,286.96,199.94,845311,1255423,1902591,2967551,3850239,302592,48168959,1485039.74,1277692.81,59640,10,10,10,0,0,0,0,0,0,1978367,3254271,4734975,2029374.72,200
1790619783,0,59840,0,286.54,199.90,846335,1256447,1905663,2967551,3866623,302592,48168959,1487230.39,1280184.63,59840,10,10,10,0,0,0,0,0,0,1812479,3330047,9609215,2140483.20,200
1790619784,0,60040,0,286.13,200.01,846847,1257471,1909759,2969599,3878911,302592,48168959,1489094.64,1280147.69,60040,10,10,10,0,0,0,0,0,0,1879039,3393535,6221823,2046879.36,200
1790619785,0,60240,0,285.72,200.14,846847,1259519,1912831,2971647,3885055,302592,48168959,1490465.90,1279272.30,60240,10,10,10,0,0,0,0,0,0,1867775,3229695,4870143,1902117.76,200
1790619786,0,60440,0,285.32,199.86,847871,1260543,1915903,2971647,3880959,302592,48168959,1491637.93,1278055.16,60440,10,10,10,0,0,0,0,0,0,1807359,3065855,3463167,1844652.80,200
1790619787,0,60640,0,284.92,200.02,848895,1261567,1919999,2975743,3899391,302592,48168959,1493432.70,1277663.29,60640,10,10,10,0,0,0,0,0,0,1891327,3991551,5099519,2035811.84,200
1790619788,0,60840,0,284.52,200.07,849407,1263615,1923071,2975743,3897343,302592,48168959,1494725.51,1276587.63,60840,10,10,10,0,0,0,0,0,0,1869823,3180543,3409919,1886704.64,200
1790619789,0,61040,0,284.13,200.04,850431,1264639,1927167,2977791,3893247,302592,48168959,1496092.22,1275529.25,61040,10,10,10,0,0,0,0,0,0,1974271,3145727,3485695,1911846.40,200
1790619790,0,61240,0,283.74,199.89,851455,1265663,1930239,2977791,3889151,302592,48168959,1497482.93,1274367.38,61240,10,10,10,0,0,0,0,0,0,1925119,3053567,3397631,1921927.68,200
1790619791,0,61440,0,283.35,200.00,851967,1266687,1933311,2977791,3895295,302592,48168959,1499022.59,1273566.16,61440,10,10,10,0,0,0,0,0,0,1936383,3411967,4317183,1970465.92,200
1790619792,0,61640,0,282.97,200.00,852479,1268735,1937407,2979839,3891199,302592,48168959,1500485.66,1272497.33,61640,10,10,10,0,0,0,0,0,0,1972223,3110911,3307519,1949943.04,200
1790619793,0,61840,0,282.59,200.03,853503,1269759,1941503,2979839,3889151,302592,48168959,1501801.86,1271336.75,61840,10,10,10,0,0,0,0,0,0,1984511,3010559,3217407,1907453.44,200
1790619794,0,62040,0,282.21,200.10,854015,1270783,1944575,2979839,3889151,302592,48168959,1503057.61,1270224.69,62040,10,10,10,0,0,0,0,0,0,1848319,3057663,3661823,1891334.40,200
1790619795,0,62240,0,281.84,199.95,855039,1272831,1947647,2979839,3880959,302592,48168959,1504172.22,1269019.36,62240,10,10,10,0,0,0,0,0,0,1796095,3119103,3305471,1849926.40,200
1790619796,0,62440,0,281.47,199.91,856063,1273855,1949695,2981887,3880959,302592,48168959,1505382.88,1267965.77,62440,10,10,10,0,0,0,0,0,0,1776639,3168255,3842047,1882138.88,200
1790619797,0,62640,0,281.11,200.04,856575,1274879,1954815,2983935,3878911,302592,48168959,1506795.70,1267015.69,62640,10,10,10,0,0,0,0,0,0,1989631,3137535,3629055,1947877.76,200
1790619798,0,62840,0,280.74,199.94,857087,1275903,1956863,2985983,3872767,302592,48168959,1508031.64,1265980.59,62840,10,10,10,0,0,0,0,0,0,1894399,3117055,3360767,1895129.60,200
1790619799,0,63040,0,280.38,200.14,858111,1276927,1959935,2985983,3878911,302592,48168959,1509391.83,1265228.70,63040,10,10,10,0,0,0,0,0,0,1861631,3198975,4636671,1936760.96,200
1790619800,0,63240,0,280.03,199.97,858623,1278975,1964031,2988031,3878911,302592,48168959,1510745.80,1264316.27,63240,10,10,10,0,0,0,0,0,0,1949695,3186687,3807231,1937519.36,200
1790619801,0,63440,0,279.68,200.04,859135,1279999,1966079,2988031,3872767,302592,48168959,1511908.25,1263235.92,63440,10,10,10,0,0,0,0,0,0,1897471,3014655,3330047,1879472.64,200
1790619802,0,63640,0,279.33,199.85,859647,1281023,1971199,2990079,3880959,302592,48168959,1513529.76,1262583.96,63640,10,10,10,0,0,0,0,0,0,2041855,3311615,4579327,2027873.28,200
1790619803,0,63840,0,278.98,200.10,860671,1282047,1974271,2992127,3876863,302592,48168959,1514854.97,1261586.71,63840,10,10,10,0,0,0,0,0,0,1974271,3217407,3438591,1936536.32,200
1790619804,0,64040,0,278.64,200.04,861695,1283071,1978367,2992127,3876863,302592,48168959,1516153.08,1260665.06,64040,10,10,10,0,0,0,0,0,0,1907711,3182591,3688447,1930512.00,200
1790619805,0,64240,0,278.30,200.03,862207,1285119,1982463,2994175,3878911,302592,48168959,1517376.11,1259620.04,64240,10,10,10,0,0,0,0,0,0,1919999,3094527,3883007,1908988.16,200
1790619806,0,64440,0,277.96,199.99,862719,1286143,1987583,2994175,3883007,302592,48168959,1518840.97,1258865.24,64440,10,10,10,0,0,0,0,0,0,2002943,3201023,4497407,1989355.52,200
1790619807,0,64640,0,277.62,199.96,863743,1287167,1990655,2996223,3889151,302592,48168959,1520376.38,1258286.23,64640,10,10,10,0,0,0,0,0,0,1949695,3643391,4562943,2015084.80,200
1790619808,0,64840,0,277.29,199.85,864255,1288191,1993727,2998271,3891199,302592,48168959,1521619.18,1257452.36,64840,10,10,10,0,0,0,0,0,0,1883135,3379199,4190207,1923293.44,200
1790619809,0,65040,0,276.96,200.03,865279,1289215,1997823,3000319,3897343,302592,48168959,1523336.98,1256830.66,65040,10,10,10,0,0,0,0,0,0,2113535,3313663,4718591,2080248.32,200
1790619810,0,65240,0,276.64,200.11,866303,1290239,2000895,3000319,3899391,302592,48168959,1524557.89,1256017.39,65240,10,10,10,0,0,0,0,0,0,1796095,3141631,4591615,1921598.08,200
1790619811,0,65440,0,276.31,199.96,866815,1291263,2002943,3000319,3897343,302592,48168959,1525542.83,1254970.51,65440,10,10,10,0,0,0,0,0,0,1796095,3041279,3581951,1846830.08,200
1790619812,0,65640,0,275.99,199.99,867839,1293311,2006015,3002367,3899391,302592,48168959,1527170.73,1254241.43,65640,10,10,10,0,0,0,0,0,0,1974271,3350527,4341759,2059816.96,200
1790619813,0,65840,0,275.67,199.91,868351,1294335,2009087,3002367,3899391,302592,48168959,1528318.04,1253321.55,65840,10,10,10,0,0,0,0,0,0,1931263,3039231,4505599,1904865.28,200
1790619814,0,66040,0,275.36,200.15,869375,1296383,2014207,3004415,3919871,302592,48168959,1530444.92,1253562.72,66040,10,10,10,0,0,0,0,0,0,2129919,3475455,6594559,2230614.40,200
1790619815,0,66904,0,277.80,863.52,873983,1308671,2061311,3086335,18513919,302592,51380223,1812268.66,2944610.26,66904,10,10,10,0,0,0,0,0,0,23216127,37650431,44793855,23353518.81,864
1790619816,0,67928,0,280.89,1024.82,875519,1312767,2083839,3145727,18710527,240512,51380223,1862586.86,3022105.15,67928,10,10,10,0,0,0,0,0,0,2768895,15589375,22527999,5150173.25,1024
1790619817,0,68926,0,283.84,998.08,875519,1313791,2095103,3186687,18563071,240512,51380223,1882009.66,3031618.92,68926,10,10,10,0,0,0,0,0,0,1583103,10625023,13877247,3204005.64,998
1790619818,0,69923,0,286.77,996.99,873471,1312767,2101247,3231743,18464767,240512,51380223,1897783.01,3048769.85,69923,10,10,10,0,0,0,0,0,0,1160191,13139967,16252927,2988248.46,997
1790619819,0,70920,0,289.67,996.81,871935,1312767,2109439,3289087,18219007,240512,51380223,1908283.55,3047490.50,70920,10,10,10,0,0,0,0,0,0,1241087,8822783,13197311,2644722.26,997
1790619820,0,71920,0,292.56,1000.03,869887,1310719,2113535,3362815,17973247,240512,51380223,1918154.10,3050859.22,71920,10,10,10,0,0,0,0,0,0,1105919,10641407,12509183,2618173.12,1000
1790619821,0,72921,0,295.43,1001.17,867839,1309695,2121727,3485695,18513919,240512,51380223,1935755.21,3080536.97,72921,10,10,10,0,0,0,0,0,0,1231871,15843327,20791295,3200362.90,1001
1790619822,0,73920,0,298.26,998.29,863231,1304575,2115583,3536895,18300927,227968,51380223,1933052.75,3070961.93,73920,10,10,10,0,0,0,0,0,0,983551,6713343,12042239,1735789.04,999
1790619823,0,74920,0,301.08,1000.23,861695,1303551,2123775,3663871,18104319,227968,51380223,1943120.89,3072335.46,74920,10,10,10,0,0,0,0,0,0,1173503,9936895,13049855,2687358.21,1000
1790619824,0,75924,0,303.90,1004.42,858623,1299455,2121727,3739647,17989631,227968,51380223,1948467.58,3079574.23,75924,10,10,10,0,0,0,0,0,0,1012735,11902975,16941055,2347445.61,1004
1790619825,0,76927,0,306.69,1003.04,860671,1305599,2140159,4009983,17825791,227968,51380223,1967289.25,3082133.56,76927,10,10,10,0,0,0,0,0,0,2297855,9773055,12287999,3392031.07,1003
1790619826,0,77925,0,309.43,997.88,857599,1300479,2138111,4079615,17711103,227968,51380223,1967467.18,3078210.97,77925,10,10,10,0,0,0,0,0,0,987647,8863743,14147583,1981182.85,998
1790619827,0,78921,0,312.15,996.12,854527,1297407,2140159,4202495,17432575,227968,51380223,1968424.42,3070135.32,78921,10,10,10,0,0,0,0,0,0,999423,7344127,11165695,2043316.69,996
1790619828,0,79923,0,314.86,1001.95,851455,1293311,2138111,4300799,17252351,227968,51380223,1967991.79,3062390.05,79923,10,10,10,0,0,0,0,0,0,987135,7766015,10600447,1933916.55,1002
1790619829,0,80924,0,317.56,1000.97,850431,1294335,2146303,4464639,17104895,224256,51380223,1975987.42,3058317.91,80924,10,10,10,0,0,0,0,0,0,1391615,8032255,12402687,2614383.06,1001
1790619830,0,81924,0,320.22,1000.01,847871,1290239,2144255,4505599,16941055,224256,51380223,1973181.71,3046551.73,81924,10,10,10,0,0,0,0,0,0,1000447,5894143,8273919,1746132.99,1000
1790619831,0,82927,0,322.88,1003.08,843263,1286143,2142207,4579327,16793599,224256,51380223,1972207.09,3042149.71,82927,10,10,10,0,0,0,0,0,0,883199,8171519,12779519,1892601.11,1003
1790619832,0,83929,0,325.52,1001.93,838143,1277951,2129919,4554751,16613375,224256,51380223,1961150.69,3027844.32,83929,10,10,10,0,0,0,0,0,0,825855,2547711,6909951,1046106.25,1002
1790619833,0,84929,0,328.12,999.76,832511,1270783,2121727,4562943,16433151,224256,51380223,1954284.32,3017761.15,84929,10,10,10,0,0,0,0,0,0,857599,5578751,9584639,1377996.80,1000
1790619834,0,85921,0,330.68,992.32,825855,1261567,2105343,4513791,16326655,224256,51380223,1940667.17,3003229.33,85921,10,10,10,0,0,0,0,0,0,722943,1396735,2295807,774849.55,992
1790619835,0,86926,0,333.26,1004.89,819711,1252351,2092031,4493311,16228351,224256,51380223,1930011.07,2989346.00,86926,10,10,10,0,0,0,0,0,0,774143,3264511,5935103,1018983.74,1005
1790619836,0,87924,0,335.80,998.06,813567,1245183,2081791,4468735,16121855,224256,51380223,1918910.69,2975471.17,87924,10,10,10,0,0,0,0,0,0,758271,2545663,5165055,952065.54,998
1790619837,0,88928,0,338.34,1004.04,808447,1236991,2067455,4435967,15998975,224256,51380223,1907663.51,2961621.73,88928,10,10,10,0,0,0,0,0,0,766463,1766399,4460543,922705.85,1004
1790619838,0,89920,0,340.82,991.05,804351,1229823,2058239,4419583,15933439,224256,51380223,1898620.31,2948709.45,89920,10,10,10,0,0,0,0,0,0,808447,3831807,5984255,1087941.29,992
1790619839,0,90920,0,343.31,1000.72,799743,1223679,2045951,4390911,15843327,224256,51380223,1889355.42,2935384.43,90920,10,10,10,0,0,0,0,0,0,842751,2881535,5668863,1056256.64,1000
1790619840,0,91920,0,345.78,999.27,795135,1216511,2034687,4366335,15745023,224256,51380223,1879179.59,2922168.27,91920,10,10,10,0,0,0,0,0,0,792575,1943551,4907007,953993.41,1000
1790619841,0,92920,0,348.23,1000.15,789503,1209343,2020351,4325375,15622143,224256,51380223,1868368.10,2909070.50,92920,10,10,10,0,0,0,0,0,0,755711,1641471,4243455,874576.00,1000
1790619842,0,93929,0,350.70,1009.73,785919,1204223,2013183,4374527,15532031,224256,51380223,1865678.43,2903567.14,93929,10,10,10,0,0,0,0,0,0,819711,6778879,12132351,1617983.43,1009
1790619843,0,94928,0,353.11,999.10,780799,1196031,2001919,4345855,15409151,224256,51380223,1856088.44,2891303.56,94928,10,10,10,0,0,0,0,0,0,762879,2281471,6123519,954408.30,999
1790619844,0,95922,0,355.49,994.00,777215,1188863,1988607,4321279,15253503,220672,51380223,1846779.58,2879330.37,95922,10,10,10,0,0,0,0,0,0,763903,2291711,6115327,957773.84,994
1790619845,0,96920,0,357.86,997.98,774143,1183743,1982463,4374527,15785983,219136,51380223,1855363.03,2928539.73,96920,10,10,10,0,0,0,0,0,0,832511,17154047,33275903,2680355.33,998
1790619846,0,97928,0,360.25,1008.00,770559,1178623,1971199,4337663,15712255,205440,51380223,1846459.02,2915890.35,97928,10,10,10,0,0,0,0,0,0,781311,2648063,4399103,990331.49,1008
1790619847,0,98926,0,362.59,997.93,766463,1171455,1958911,4296703,15597567,205440,51380223,1836768.42,2903338.62,98926,10,10,10,0,0,0,0,0,0,764927,1851391,3960831,885885.43,998
1790619848,0,99923,0,364.90,996.91,765439,1170431,1960959,4403199,15474687,205440,51380223,1842786.25,2907185.34,99923,10,10,10,0,0,0,0,0,0,967679,10600447,13484031,2439896.97,997
1790619849,0,100927,0,367.23,1004.19,764415,1168383,1960959,4460543,15359999,205440,51380223,1842673.73,2899242.92,100927,10,10,10,0,0,0,0,0,0,1039871,6250495,8380415,1831475.63,1004
1790619850,0,101922,0,369.51,994.77,763903,1168383,1969151,4591615,15589375,205440,51380223,1855818.76,2914879.51,101922,10,10,10,0,0,0,0,0,0,1158143,12468223,18612223,3189173.45,995
1790619851,0,102921,0,371.78,999.20,761855,1165311,1965055,4624383,15441919,205440,51380223,1853104.55,2906945.12,102921,10,10,10,0,0,0,0,0,0,869887,5910527,9789439,1576189.82,999
1790619852,0,103926,0,374.06,1004.97,758783,1160191,1957887,4640767,15335423,205440,51380223,1849068.82,2900138.56,103926,10,10,10,0,0,0,0,0,0,814079,5922815,11034623,1435774.03,1005
1790619853,0,104922,0,376.29,996.05,755711,1154047,1948671,4620287,15204351,205440,51380223,1840622.57,2888860.76,104922,10,10,10,0,0,0,0,0,0,789503,2056191,4861951,959312.64,996
1790619854,0,105926,0,378.53,1003.99,752639,1148927,1940479,4616191,15130623,205440,51380223,1834625.48,2879359.09,105926,10,10,10,0,0,0,0,0,0,804351,4337663,8044543,1207906.23,1004
1790619855,0,106928,0,380.75,1002.01,749567,1142783,1929215,4587519,15048703,205440,51380223,1825754.55,2867817.37,106928,10,10,10,0,0,0,0,0,0,785407,1665023,3209215,887967.36,1002
1790619856,0,107930,0,382.96,1001.00,746495,1137663,1921023,4571135,14925823,205440,51380223,1818886.99,2857755.83,107930,10,10,10,0,0,0,0,0,0,785919,3272703,6815743,1086018.17,1002
1790619857,0,108928,0,385.13,998.83,742911,1131519,1908735,4550655,14868479,205440,51380223,1810388.72,2846990.49,108928,10,10,10,0,0,0,0,0,0,745983,1700863,5353471,891333.00,998
1790619858,0,109928,0,387.30,1000.01,740863,1128447,1901567,4542463,14794751,205440,51380223,1805848.53,2839088.99,109928,10,10,10,0,0,0,0,0,0,848383,4280319,10878975,1311293.95,1000
1790619859,0,110929,0,389.45,1001.14,737791,1123327,1891327,4505599,14761983,205440,51380223,1797510.39,2828215.01,110929,10,10,10,0,0,0,0,0,0,757759,1750015,3569663,881831.90,1001
1790619860,0,111930,0,391.59,1000.05,735743,1119231,1883135,4505599,14639103,205440,51380223,1792519.90,2818981.37,111930,10,10,10,0,0,0,0,0,0,834047,4272127,7925759,1239482.63,1001
1790619861,0,112930,0,393.71,1000.05,732159,1114111,1870847,4476927,14532607,200832,51380223,1784047.39,2808435.04,112930,10,10,10,0,0,0,0,0,0,733695,1561599,3784703,835718.72,1000
1790619862,0,113920,0,395.78,990.36,729599,1108991,1861631,4476927,14483455,200832,51380223,1779279.10,2801475.85,113920,10,10,10,0,0,0,0,0,0,806911,4677631,11067391,1235356.77,990
1790619863,0,114920,0,397.88,1000.36,727039,1104895,1850367,4460543,14401535,200832,51380223,1771684.02,2791351.32,114920,10,10,10,0,0,0,0,0,0,753663,1615871,4886527,906453.12,1000
1790619864,0,115920,0,399.95,999.47,724479,1098751,1838079,4427775,14352383,200832,51380223,1763616.32,2781235.05,115920,10,10,10,0,0,0,0,0,0,754175,1429503,3858431,836475.78,1000
1790619865,0,116930,0,402.05,1009.71,722943,1094655,1830911,4448255,14311423,200832,51380223,1760870.70,2778122.75,116930,10,10,10,0,0,0,0,0,0,802815,6590463,12984319,1445749.73,1010
1790619866,0,117923,0,404.08,994.00,720383,1090559,1818623,4419583,14237695,200832,51380223,1753595.10,2768320.48,117923,10,10,10,0,0,0,0,0,0,766463,1787903,4763647,896862.42,993
1790619867,0,118927,0,406.12,1003.87,717823,1086463,1809407,4419583,14188543,200832,51380223,1748610.59,2761942.69,118927,10,10,10,0,0,0,0,0,0,766975,4161535,10452991,1163164.37,1004
1790619868,0,119922,0,408.13,995.13,715775,1081343,1799167,4395007,14147583,200832,51380223,1741355.48,2752392.77,119922,10,10,10,0,0,0,0,0,0,738815,1603583,4730879,874190.86,995
1790619869,0,120930,0,410.16,1007.02,713215,1078271,1788927,4386815,14082047,200832,51380223,1735626.90,2743711.69,120930,10,10,10,0,0,0,0,0,0,782847,2992127,6574079,1054095.62,1008
1790619870,0,121923,0,412.13,993.91,711679,1074175,1778687,4370431,14016511,200832,51380223,1729328.64,2734569.10,121923,10,10,10,0,0,0,0,0,0,766463,2361343,6045695,962311.99,993
1790619871,0,122926,0,414.12,1003.04,709119,1071103,1769471,4349951,13983743,200832,51380223,1722986.52,2725606.50,122926,10,10,10,0,0,0,0,0,0,770047,2065407,5648383,952048.05,1003
1790619872,0,123927,0,416.09,1000.94,707071,1067007,1759231,4329471,13893631,200832,51380223,1716332.72,2716814.32,123927,10,10,10,0,0,0,0,0,0,742911,1475583,6463487,899225.45,1001
1790619873,0,124920,0,418.03,992.98,705023,1062911,1751039,4321279,13836287,200832,51380223,1711003.67,2708916.48,124920,10,10,10,0,0,0,0,0,0,742911,2797567,7270399,1045934.92,993
1790619874,0,125924,0,419.98,1003.98,702463,1058815,1741823,4292607,13746175,200832,51380223,1704009.30,2699669.89,125924,10,10,10,0,0,0,0,0,0,750079,1455103,3583999,833753.31,1004
1790619875,0,126280,0,419.77,355.78,702975,1058815,1742847,4284415,13729791,200832,51380223,1703088.96,2696224.11,126280,10,10,10,0,0,0,0,0,0,1138687,2867199,3094527,1377548.76,356
1790619876,0,126480,0,419.04,200.05,703487,1059839,1744895,4276223,13721599,200832,51380223,1703311.63,2694256.79,126480,10,10,10,0,0,0,0,0,0,1742847,3041279,3162111,1843902.72,200
1790619877,0,126680,0,418.32,200.08,703999,1060863,1746943,4268031,13713407,200832,51380223,1703611.42,2692311.42,126680,10,10,10,0,0,0,0,0,0,1904639,3002367,3567615,1893202.56,200
1790619878,0,126880,0,417.60,199.86,704511,1060863,1751039,4259839,13697023,200832,51380223,1703983.01,2690393.20,126880,10,10,10,0,0,0,0,0,0,1885183,3143679,3426303,1939345.92,200
1790619879,0,127080,0,416.88,200.01,705023,1061887,1754111,4255743,13697023,200832,51380223,1704304.21,2688478.69,127080,10,10,10,0,0,0,0,0,0,1866751,3125247,3500031,1908074.24,200
1790619880,0,127280,0,416.17,199.98,705535,1062911,1757183,4251647,13688831,200832,51380223,1704722.72,2686551.27,127280,10,10,10,0,0,0,0,0,0,2014207,3117055,3518463,1970640.00,200
1790619881,0,127480,0,415.47,200.12,705535,1063935,1760255,4247551,13680639,200832,51380223,1705180.04,2684720.18,127480,10,10,10,0,0,0,0,0,0,1970175,3301375,4833279,1996221.44,200
1790619882,0,127680,0,414.77,199.98,706047,1064959,1762303,4239359,13680639,200832,51380223,1705451.62,2682782.04,127680,10,10,10,0,0,0,0,0,0,1847295,3022847,3143679,1878557.44,200
1790619883,0,127880,0,414.07,199.92,706559,1064959,1766399,4235263,13664255,200832,51380223,1705723.76,2680855.24,127880,10,10,10,0,0,0,0,0,0,1935359,3031039,3180543,1879454.72,200
1790619884,0,128080,0,413.38,200.12,707071,1065983,1768447,4231167,13647871,200832,51380223,1705942.39,2678930.47,128080,10,10,10,0,0,0,0,0,0,1823743,2985983,3203071,1845739.52,200
1790619885,0,128280,0,412.70,199.94,707071,1067007,1771519,4227071,13639679,200832,51380223,1706355.17,2677039.02,128280,10,10,10,0,0,0,0,0,0,2056191,3127295,3270655,1970694.40,200
1790619886,0,128480,0,412.01,199.99,707583,1068031,1774591,4218879,13631487,200832,51380223,1706595.02,2675129.88,128480,10,10,10,0,0,0,0,0,0,1891327,3018751,3657727,1860434.56,200
1790619887,0,128680,0,411.34,199.98,708095,1069055,1777663,4214783,13631487,200832,51380223,1706847.66,2673237.51,128680,10,10,10,0,0,0,0,0,0,1927167,3086335,3334143,1869143.04,200
1790619888,0,128880,0,410.66,199.98,708607,1069055,1780735,4210687,13615103,200832,51380223,1707244.66,2671378.51,128880,10,10,10,0,0,0,0,0,0,1970175,3088383,4235263,1962677.76,200
1790619889,0,129080,0,409.99,199.93,709119,1070079,1783807,4206591,13615103,200832,51380223,1707679.08,2669561.16,129080,10,10,10,0,0,0,0,0,0,1927167,3168255,4706303,1987619.20,200
1790619890,0,129280,0,409.33,200.00,709631,1071103,1785855,4202495,13606911,200832,51380223,1707943.53,2667674.43,129280,10,10,10,0,0,0,0,0,0,1826815,3039231,3473407,1878619.52,200
1790619891,0,129480,0,408.67,200.07,710143,1072127,1788927,4198399,13590527,200832,51380223,1708284.87,2665804.14,129480,10,10,10,0,0,0,0,0,0,1927167,3076095,3944447,1928928.00,200
1790619892,0,129680,0,408.01,199.95,710655,1073151,1791999,4190207,13582335,200832,51380223,1708598.82,2663933.02,129680,10,10,10,0,0,0,0,0,0,1868799,3035135,3414015,1911851.52,200
1790619893,0,129880,0,407.36,200.01,710655,1073151,1795071,4186111,13582335,200832,51380223,1708979.11,2662137.14,129880,10,10,10,0,0,0,0,0,0,1862655,3366911,4399103,1955559.68,200
1790619894,0,130080,0,406.71,200.15,711167,1074175,1798143,4182015,13574143,200832,51380223,1709307.43,2660299.49,130080,10,10,10,0,0,0,0,0,0,1827839,3158015,3293183,1922517.12,200
1790619895,0,130280,0,406.07,199.94,711679,1075199,1801215,4175871,13565951,200832,51380223,1709803.71,2658494.21,130280,10,10,10,0,0,0,0,0,0,1983487,3250175,3657727,2032584.96,200
1790619896,0,130480,0,405.43,199.97,711679,1076223,1804287,4169727,13557759,200832,51380223,1710352.10,2656691.14,130480,10,10,10,0,0,0,0,0,0,2123775,3221503,3502079,2067569.92,200
1790619897,0,130680,0,404.79,200.04,712191,1077247,1807359,4165631,13557759,200832,51380223,1710600.06,2654831.39,130680,10,10,10,0,0,0,0,0,0,1836031,3061759,3186687,1872367.36,200
1790619898,0,130880,0,404.16,200.03,712703,1077247,1810431,4161535,13541375,200832,51380223,1710952.77,2652980.97,130880,10,10,10,0,0,0,0,0,0,1955839,3143679,3244031,1941415.68,200
1790619899,0,131080,0,403.53,199.98,713215,1078271,1813503,4157439,13516799,200832,51380223,1711371.53,2651131.16,131080,10,10,10,0,0,0,0,0,0,1940479,3053567,3284991,1985406.72,200
1790619900,0,131280,0,402.90,200.00,713215,1079295,1816575,4151295,13508607,200832,51380223,1711728.35,2649313.28,131280,10,10,10,0,0,0,0,0,0,1865727,3174399,4003839,1945587.20,200
1790619901,0,131480,0,402.28,200.04,713727,1080319,1818623,4147199,13500415,200832,51380223,1712055.14,2647503.46,131480,10,10,10,0,0,0,0,0,0,1863679,3278847,3721215,1926563.84,200
1790619902,0,131680,0,401.67,199.95,714239,1081343,1821695,4141055,13492223,200832,51380223,1712395.91,2645684.06,131680,10,10,10,0,0,0,0,0,0,1898495,3186687,3663871,1936414.72,200
1790619903,0,131880,0,401.05,200.01,714751,1081343,1824767,4134911,13484031,200832,51380223,1712593.73,2643866.98,131880,10,10,10,0,0,0,0,0,0,1823743,3162111,3676159,1842837.76,200
1790619904,0,132080,0,400.44,200.00,715263,1082367,1826815,4126719,13475839,200832,51380223,1712750.63,2642019.26,132080,10,10,10,0,0,0,0,0,0,1828863,2902015,3172351,1816214.40,200
1790619905,0,132280,0,399.84,199.88,715775,1082367,1829887,4122623,13443071,200832,51380223,1713038.79,2640214.03,132280,10,10,10,0,0,0,0,0,0,1851391,3164159,3368959,1903338.88,200
1790619906,0,132480,0,399.24,200.10,715775,1083391,1829887,4118527,13434879,200832,51380223,1712586.75,2638347.32,132480,10,10,10,0,0,0,0,0,0,1383423,2351103,2756607,1413608.96,200
1790619907,0,132680,0,398.64,200.07,716287,1083391,1829887,4112383,13418495,200832,51380223,1712129.24,2636520.34,132680,10,10,10,0,0,0,0,0,0,1344511,2306047,4055039,1409074.56,200
1790619908,0,132880,0,398.04,199.96,716287,1084415,1830911,4104191,13410303,200832,51380223,1711884.33,2634659.14,132880,10,10,10,0,0,0,0,0,0,1520639,2519039,2942975,1549411.20,200
1790619909,0,133080,0,397.45,199.85,716799,1084415,1831935,4098047,13402111,200832,51380223,1711614.76,2632801.23,133080,10,10,10,0,0,0,0,0,0,1463295,2576383,2869247,1532509.44,200
1790619910,0,133280,0,396.86,200.09,716799,1085439,1832959,4098047,13393919,200832,51380223,1711666.42,2631101.06,133280,10,10,10,0,0,0,0,0,0,1636351,2879487,5373951,1746042.88,200
1790619911,0,133480,0,396.28,199.90,717311,1086463,1835007,4089855,13385727,200832,51380223,1711984.46,2629321.92,133480,10,10,10,0,0,0,0,0,0,1911807,3106815,3366911,1923927.04,200
1790619912,0,133680,0,395.70,200.03,717823,1086463,1837055,4087807,13377535,200832,51380223,1712129.13,2627514.64,133680,10,10,10,0,0,0,0,0,0,1715199,3078143,3244031,1808683.52,200
1790619913,0,133880,0,395.12,200.02,718335,1087487,1840127,4081663,13369343,200832,51380223,1712449.91,2625767.27,133880,10,10,10,0,0,0,0,0,0,1919999,3164159,3909631,1926855.68,200
1790619914,0,134080,0,394.55,200.00,718847,1088511,1843199,4077567,13361151,200832,51380223,1712762.27,2624003.26,134080,10,10,10,0,0,0,0,0,0,1953791,3090431,3454975,1921854.72,200
1790619915,0,134280,0,393.97,199.98,718847,1088511,1846271,4071423,13352959,200832,51380223,1713064.21,2622238.30,134280,10,10,10,0,0,0,0,0,0,1960959,3057663,3211263,1915484.16,200
1790619916,0,134480,0,393.41,200.08,719359,1089535,1848319,4069375,13336575,200832,51380223,1713407.79,2620570.29,134480,10,10,10,0,0,0,0,0,0,1846271,3266559,5234687,1944093.44,200
1790619917,0,134680,0,392.84,199.88,719871,1090559,1850367,4065279,13328383,200832,51380223,1713356.92,2618756.36,134680,10,10,10,0,0,0,0,0,0,1663999,2783231,3082239,1679147.52,200
1790619918,0,134880,0,392.28,200.16,719871,1090559,1852415,4061183,13320191,200832,51380223,1713493.46,2616970.32,134880,10,10,10,0,0,0,0,0,0,1766399,2969599,3166207,1805441.28,200
1790619919,0,135080,0,391.73,200.03,720383,1091583,1854463,4055039,13311999,200832,51380223,1713705.94,2615206.52,135080,10,10,10,0,0,0,0,0,0,1837055,3049471,3201023,1857000.96,200
1790619920,0,135280,0,391.17,199.93,720895,1092607,1857535,4052991,13295615,200832,51380223,1713871.33,2613438.34,135280,10,10,10,0,0,0,0,0,0,1907711,3071999,3272703,1825575.68,200
1790619921,0,135480,0,390.62,199.97,720895,1093631,1859583,4044799,13295615,200832,51380223,1714203.94,2611689.36,135480,10,10,10,0,0,0,0,0,0,1994751,3074047,3246079,1939182.08,200
1790619922,0,135680,0,390.07,199.98,721407,1093631,1861631,4040703,13287423,200832,51380223,1714577.12,2610045.71,135680,10,10,10,0,0,0,0,0,0,1998847,3067903,3891199,1967370.24,200
1790619923,0,135880,0,389.53,199.95,721919,1094655,1863679,4036607,13279231,200832,51380223,1714833.78,2608347.26,135880,10,10,10,0,0,0,0,0,0,1786879,3106815,3971071,1888949.76,200
1790619924,0,136080,0,388.98,200.09,722431,1095679,1866751,4040703,13271039,200832,51380223,1715843.68,2607446.24,136080,10,10,10,0,0,0,0,0,0,2013183,6918143,9043967,2401971.20,200
1790619925,0,136280,0,388.45,199.94,722943,1096703,1868799,4036607,13238271,200832,51380223,1716072.72,2605681.76,136280,10,10,10,0,0,0,0,0,0,1904639,2910207,3252223,1871909.12,200
1790619926,0,136480,0,387.91,200.00,722943,1097727,1870847,4034559,13221887,200832,51380223,1716154.04,2603936.49,136480,10,10,10,0,0,0,0,0,0,1720319,3026943,3502079,1771566.72,200
1790619927,0,136680,0,387.38,200.08,723455,1097727,1872895,4030463,13205503,200832,51380223,1716402.05,2602211.33,136680,10,10,10,0,0,0,0,0,0,1865727,3071999,3606527,1885647.36,200
1790619928,0,136880,0,386.85,200.05,723967,1098751,1875967,4028415,13189119,200832,51380223,1716816.00,2600545.97,136880,10,10,10,0,0,0,0,0,0,1918975,3319807,4362239,1999704.32,200
1790619929,0,137080,0,386.32,199.95,724479,1099775,1876991,4024319,13189119,200832,51380223,1717081.65,2598831.48,137080,10,10,10,0,0,0,0,0,0,1819647,3149823,3244031,1898894.08,200
1790619930,0,137280,0,385.80,199.88,724991,1100799,1880063,4020223,13164543,200832,51380223,1717575.06,2597177.44,137280,10,10,10,0,0,0,0,0,0,2067455,3291135,4919295,2055760.64,200
1790619931,0,137480,0,385.28,200.03,724991,1101823,1882111,4020223,13156351,200832,51380223,1718121.00,2595712.12,137480,10,10,10,0,0,0,0,0,0,1945599,3592191,6270975,2092853.12,200
1790619932,0,137680,0,384.76,199.98,725503,1101823,1883135,4018175,13139967,200832,51380223,1718007.16,2593973.00,137680,10,10,10,0,0,0,0,0,0,1552383,2815999,2992127,1639755.52,200
1790619933,0,137880,0,384.24,200.02,726015,1102847,1885183,4014079,13139967,200832,51380223,1718161.78,2592254.62,137880,10,10,10,0,0,0,0,0,0,1850367,3039231,3223551,1824602.88,200
1790619934,0,138080,0,383.73,200.08,726015,1103871,1887231,4007935,13115391,200832,51380223,1718399.39,2590560.58,138080,10,10,10,0,0,0,0,0,0,1943551,3135487,3414015,1882206.72,200
1790619935,0,139013,0,385.26,933.39,728575,1108991,1916927,4476927,23281663,200832,396099583,3065085.28,18883368.62,139013,10,10,10,0,0,0,0,0,0,205783039,375390207,386924543,202368822.88,933
1790619936,0,140168,0,387.38,1154.97,731135,1117183,1952767,5226495,284688383,200832,819462143,8192901.95,60379163.24,140168,10,10,10,0,0,0,0,0,0,641728511,805306367,815267839,625364484.88,1155
1790619937,0,141291,0,389.41,1122.99,734719,1125375,1990655,6270975,737148927,200832,1257242623,16366030.52,109934701.80,141291,10,10,10,0,0,0,0,0,0,1044381695,1235222527,1248854015,1036500568.90,1123
1790619938,0,142332,0,391.20,1040.27,737279,1132543,2028543,7946239,1105199103,200832,1738539007,27123458.10,166868025.85,142332,10,10,10,0,0,0,0,0,0,1475346431,1699741695,1729101823,1487188491.31,1041
1790619939,0,143364,0,392.96,1032.58,739839,1139711,2064383,10518527,1541406719,200832,2218786815,41142298.49,234287406.08,143364,10,10,10,0,0,0,0,0,0,1974468607,2195718143,2212495359,1974601204.09,1032
1790619940,0,144432,0,394.80,1067.85,742399,1145855,2103295,16629759,2042626047,200832,2686451711,58896402.18,311333204.86,144432,10,10,10,0,0,0,0,0,0,2430599167,2661285887,2675965951,2442135467.63,1068
1790619941,0,145483,0,396.59,1050.86,745471,1153023,2140159,65601535,2485125119,200832,3162505215,79595191.71,394003413.81,145483,10,10,10,0,0,0,0,0,0,2929721343,3137339391,3156213759,2924093354.26,1051
1790619942,0,146529,0,398.36,1045.75,748031,1161215,2177023,471859199,2975858687,200832,3638558719,103297867.92,482075800.77,146529,10,10,10,0,0,0,0,0,0,3401580543,3609198591,3630170111,3399986628.28,1046
1790619943,0,147598,0,400.17,1068.70,750591,1168383,2213887,826802175,3454009343,200832,4104126463,130563622.49,576843652.42,147598,10,10,10,0,0,0,0,0,0,3867148287,4081057791,4093640703,3867910442.87,1069
1790619944,0,148674,0,402.00,1076.83,753663,1176575,2250751,1236271103,3923771391,200832,4571791359,160931558.69,675994484.89,148674,10,10,10,0,0,0,0,0,0,4320133119,4538236927,4559208447,4326588294.19,1076
1790619945,0,149727,0,403.76,1052.96,756223,1183743,2289663,1678770175,4357881855,200832,5037359103,193508332.86,776993153.63,149727,10,10,10,0,0,0,0,0,0,4794089471,5016387583,5033164799,4793051849.79,1053
1790619946,0,150814,0,405.60,1087.14,759295,1191935,2328575,2174746623,4831838207,200832,5494538239,230109129.01,885445681.73,150814,10,10,10,0,0,0,0,0,0,5272240127,5473566719,5490343935,5271624680.45,1087
1790619947,0,151882,0,407.37,1067.66,762367,1200127,2365439,2619342847,5309988863,200832,5960105983,268708619.07,994492830.11,151882,10,10,10,0,0,0,0,0,0,5716836351,5934940159,5951717375,5719404774.11,1068
1790619948,0,152939,0,409.11,1057.34,764927,1208319,2406399,3072327679,5750390783,200832,6434062335,309659753.73,1106025369.64,152939,10,10,10,0,0,0,0,0,0,6199181311,6417285119,6429868031,6193992993.67,1057
1790619949,0,153998,0,410.84,1058.96,767487,1216511,2445311,3521118207,6220152831,200832,6899630079,353311912.33,1220735734.53,153998,10,10,10,0,0,0,0,0,0,6664749055,6870269951,6895435775,6657483285.76,1059
1790619950,0,155050,0,412.55,1051.15,769535,1223679,2484223,3969908735,6681526271,200832,7381975039,399348695.76,1338080188.40,155050,10,10,10,0,0,0,0,0,0,7147094015,7348420607,7369392127,7138486124.05,1052
1790619951,0,156075,0,414.17,1025.53,772095,1231871,2519039,4383047679,7142899711,200832,7868514303,446749263.55,1455578957.34,156075,10,10,10,0,0,0,0,0,0,7616856063,7843348479,7860125695,7616952226.09,1025
1790619952,0,157111,0,415.82,1036.44,775167,1240063,2555903,4815060991,7612661759,200832,8350859263,497190318.78,1577393972.17,157111,10,10,10,0,0,0,0,0,0,8090812415,8317304831,8342470655,8096213189.68,1036
1790619953,0,158152,0,417.47,1040.92,777727,1247231,2594815,5259657215,8082423807,200832,8833204223,550395591.58,1702689791.76,158152,10,10,10,0,0,0,0,0,0,8585740287,8799649791,8816427007,8580303003.42,1041
1790619954,0,159225,0,419.20,1072.89,780287,1256447,2635775,5683281919,8585740287,200832,9294577663,607748094.18,1834271883.28,159225,10,10,10,0,0,0,0,0,0,9059696639,9269411839,9286189055,9061068681.66,1073
1790619955,0,160311,0,420.95,1085.85,782847,1265663,2676735,6140461055,9068085247,200832,9747562495,668081340.48,1968648097.13,160311,10,10,10,0,0,0,0,0,0,9512681471,9722396671,9739173887,9513901914.05,1086
1790619956,0,161362,0,422.60,1050.90,785919,1274879,2719743,6576668671,9504292863,200832,10225713151,728709819.03,2100269096.29,161362,10,10,10,0,0,0,0,0,0,9974054911,10192158719,10217324543,9976485293.67,1051
1790619957,0,162456,0,424.35,1094.18,788479,1283071,2764799,7054819327,9974054911,200832,10678697983,794106857.59,2238828510.38,162456,10,10,10,0,0,0,0,0,0,10443816959,10653532159,10670309375,10439990711.93,1094
1790619958,0,163545,0,426.08,1089.17,791551,1292287,2809855,7520387071,10443816959,200832,11131682815,861361361.53,2377784817.02,163545,10,10,10,0,0,0,0,0,0,10880024575,11114905599,11131682815,10894325265.40,1089
1790619959,0,164614,0,427.75,1068.40,794623,1301503,2852863,7990149119,10880024575,200832,11601444863,929602649.74,2515891550.24,164614,10,10,10,0,0,0,0,0,0,11383341055,11576279039,11593056255,11369753708.24,1069
1790619960,0,165655,0,429.34,1041.10,797183,1311743,2893823,8459911167,11333009407,200832,12079595519,998108427.78,2651824947.69,165655,10,10,10,0,0,0,0,0,0,11836325887,12062818303,12071206911,11830971200.18,1041
1790619961,0,166726,0,431.00,1070.65,800255,1320959,2940927,8933867519,11794382847,200832,12540968959,1070735493.77,2793379787.81,166726,10,10,10,0,0,0,0,0,0,12306087935,12515803135,12532580351,12304196387.14,1071
1790619962,0,167770,0,432.58,1044.56,802815,1330175,2988031,9361686527,12264144895,200832,13019119615,1143526838.50,2932696483.78,167770,10,10,10,0,0,0,0,0,0,12767461375,12993953791,13010731007,12768248812.38,1044
1790619963,0,168853,0,434.26,1083.34,805887,1339391,3041279,9789505535,12733906943,200832,13480493055,1221134615.22,3078747182.68,168853,10,10,10,0,0,0,0,0,0,13254000639,13455327231,13472104447,13243532307.86,1083
1790619964,0,169953,0,435.96,1100.05,808447,1349631,3098623,10259267583,13220446207,200832,13925089279,1301874805.63,3227711298.73,169953,10,10,10,0,0,0,0,0,0,13698596863,13899923455,13916700671,13695714233.25,1100
1790619965,0,171008,0,437.55,1054.48,811519,1359871,3168255,10678697983,13656653823,200832,14403239935,1381225322.18,3371689975.04,171008,10,10,10,0,0,0,0,0,0,14168358911,14378074111,14403239935,14164029436.12,1055
1790619966,0,172137,0,439.31,1129.17,814079,1370111,3274751,11123294207,14134804479,200832,14831058943,1468015504.19,3526296809.83,172137,10,10,10,0,0,0,0,0,0,14612955135,14805893119,14831058943,14613999068.17,1129
1790619967,0,173335,0,441.24,1198.13,817151,1381375,3500031,11618222079,14621343743,200832,15233712127,1561814921.56,3689596091.61,173335,10,10,10,0,0,0,0,0,0,15049162751,15216934911,15225323519,15039569769.56,1198
1790619968,0,174450,0,442.95,1114.92,820223,1392639,3837951,12113149951,15040774143,200832,15678308351,1650491602.40,3840397750.26,174450,10,10,10,0,0,0,0,0,0,15443427327,15644753919,15669919743,15435937768.12,1115
1790619969,0,175493,0,444.47,1042.90,822783,1402879,4218879,12540968959,15376318463,200832,16156459007,1735333837.81,3983096763.87,175493,10,10,10,0,0,0,0,0,0,15929966591,16131293183,16148070399,15925868801.23,1043
1790619970,0,176559,0,446.04,1066.44,826367,1413119,4689919,13002342399,15854469119,200832,16626221055,1823805162.03,4130128649.47,176559,10,10,10,0,0,0,0,0,0,16399728639,16601055231,16617832447,16388625144.80,1066
1790619971,0,177684,0,447.75,1124.06,828927,1423359,5308415,13455327231,16349396991,200832,17062428671,1918835317.67,4285715133.75,177684,10,10,10,0,0,0,0,0,0,16835936255,17037262847,17062428671,16832994650.79,1125
1790619972,0,178771,0,449.36,1087.66,831999,1435647,6078463,13874757631,16777215999,200832,17515413503,2012230210.30,4436394289.83,178771,10,10,10,0,0,0,0,0,0,17280532479,17498636287,17515413503,17278815400.63,1087
1790619973,0,179908,0,451.08,1136.13,835071,1446911,7368703,14369685503,17230200831,200832,17951621119,2111598919.60,4594542556.52,179908,10,10,10,0,0,0,0,0,0,17750294527,17934843903,17951621119,17735383906.39,1137
1790619974,0,181023,0,452.74,1115.25,838143,1459199,9248767,14763950079,17699962879,200832,18404605951,2210490763.87,4749510763.62,181023,10,10,10,0,0,0,0,0,0,18169724927,18387828735,18387828735,18166933740.94,1115
1790619975,0,182106,0,454.32,1083.84,841215,1471487,12115967,15133048831,18119393279,200832,18857590783,2308030917.29,4900416509.91,182106,10,10,10,0,0,0,0,0,0,18605932543,18824036351,18857590783,18611827032.17,1083
1790619976,0,183157,0,455.80,1050.96,843775,1483775,18890751,15476981759,18522046463,200832,19327352831,2404305290.91,5048007453.33,183157,10,10,10,0,0,0,0,0,0,19092471807,19310575615,19327352831,19085695472.90,1051
1790619977,0,184275,0,457.45,1117.81,846335,1496063,63504383,15971909631,19008585727,200832,19763560447,2508243539.64,5205546678.23,184275,10,10,10,0,0,0,0,0,0,19562233855,19730006015,19763560447,19535987567.28,1118
1790619978,0,185393,0,459.08,1117.82,849407,1510399,401866751,16441671679,19461570559,200832,20216545279,2613581981.12,5363146586.36,185393,10,10,10,0,0,0,0,0,0,19981664255,20182990847,20199768063,19976051842.06,1118
1790619979,0,186503,0,460.69,1109.58,852479,1524735,736100351,16861102079,19897778175,200832,20652752895,2719642631.70,5520058872.38,186503,10,10,10,0,0,0,0,0,0,20451426303,20635975679,20652752895,20433968930.59,1110
1790619980,0,187589,0,462.23,1086.43,855039,1537023,1029701631,17280532479,20333985791,200832,21122514943,2824724942.45,5673718926.08,187589,10,10,10,0,0,0,0,0,0,20870856703,21088960511,21105737727,20870918498.53,1086
1790619981,0,188685,0,463.79,1096.18,858111,1550335,1353711615,17716740095,20770193407,200832,21558722559,2932213032.92,5829383159.15,188685,10,10,10,0,0,0,0,0,0,21323841535,21541945343,21558722559,21329643146.28,1096
1790619982,0,189821,0,465.44,1136.08,860671,1565695,1745879039,18119393279,21239955455,200832,21994930175,3044956115.84,5990800050.89,189821,10,10,10,0,0,0,0,0,0,21776826367,21978152959,21994930175,21771125659.04,1136
1790619983,0,190913,0,466.97,1091.99,863231,1579007,2133852159,18538823679,21692940287,200832,22447915007,3154619179.31,6146134183.96,190913,10,10,10,0,0,0,0,0,0,22229811199,22431137791,22447915007,22217212924.25,1092
1790619984,0,192009,0,468.50,1095.72,866303,1594367,2474639359,18991808511,22112370687,200832,22900899839,3265963833.07,6302300105.90,192009,10,10,10,0,0,0,0,0,0,22666018815,22884122623,22900899839,22661166281.81,1096
1790619985,0,193095,0,470.01,1085.96,869375,1611775,2864709631,19428016127,22548578303,200832,23370661887,3377590125.21,6457456388.77,193095,10,10,10,0,0,0,0,0,0,23119003647,23337107455,23353884671,23113550280.37,1086
1790619986,0,194178,0,471.50,1083.28,871935,1628159,3244294143,19830669311,23001563135,200832,23823646719,3490313465.47,6613002842.12,194178,10,10,10,0,0,0,0,0,0,23605542911,23790092287,23806869503,23588479104.59,1083
1790619987,0,195294,0,473.06,1115.12,875007,1646591,3607101439,20266876927,23471325183,200832,24259854335,3607661420.24,6773330037.36,195294,10,10,10,0,0,0,0,0,0,24024973311,24243077119,24259854335,24025574645.91,1116
1790619988,0,196345,0,474.45,1051.87,877567,1665023,3957325823,20669530111,23890755583,200832,24729616383,3719413719.05,6924818471.34,196345,10,10,10,0,0,0,0,0,0,24494735359,24712839167,24729616383,24484926036.28,1051
1790619989,0,197418,0,475.90,1072.79,880127,1684479,4288675839,21088960511,24326963199,200832,25199378431,3834822748.15,7080240989.85,197418,10,10,10,0,0,0,0,0,0,24947720191,25149046783,25182601215,24953169269.14,1073
1790619990,0,198502,0,477.36,1083.73,883199,1707007,4647288831,21525168127,24830279679,200832,25652363263,3952663170.81,7237757903.12,198502,10,10,10,0,0,0,0,0,0,25417482239,25635586047,25652363263,25413752250.10,1084
1790619991,0,199615,0,478.88,1113.37,885759,1729535,5028970495,21927821311,25283264511,200832,26105348095,4074870957.57,7399779356.20,199615,10,10,10,0,0,0,0,0,0,25887244287,26071793663,26088570879,25870459535.07,1113
1790619992,0,200794,0,480.56,1179.09,888831,1753087,5410652159,22380806143,25769803775,200832,26508001279,4205410415.26,7571024663.66,200794,10,10,10,0,0,0,0,0,0,26306674687,26491224063,26508001279,26306881023.57,1179
1790619993,0,201866,0,481.97,1071.90,891391,1774591,5750390783,22783459327,26189234175,200832,26977763327,4325089042.62,7726507511.46,201866,10,10,10,0,0,0,0,0,0,26742882303,26944208895,26960986111,26741833728.00,1072
1790619994,0,202977,0,483.47,1110.26,893951,1798143,6115295231,23236444159,26575110143,200832,27430748159,4450220243.52,7887789678.86,202977,10,10,10,0,0,0,0,0,0,27195867135,27397193727,27413970943,27186255346.64,1111
1790619995,0,204087,0,484.96,1110.48,897023,1821695,6480199679,23706206207,27061649407,200832,27850178559,4576296375.51,8048946878.93,204087,10,10,10,0,0,0,0,0,0,27648851967,27833401343,27850178559,27630850468.67,1110
1790619996,0,205174,0,486.39,1086.83,900095,1846271,6845104127,24092082175,27481079807,200832,28319940607,4700870407.18,8207075172.68,205174,10,10,10,0,0,0,0,0,0,28101836799,28303163391,28319940607,28089960012.78,1087
1790619997,0,206263,0,487.81,1088.82,902655,1868799,7222591487,24545067007,27900510207,200832,28772925439,4826713765.48,8365659328.30,206263,10,10,10,0,0,0,0,0,0,28554821631,28739371007,28772925439,28536342044.68,1089
1790619998,0,207402,0,489.35,1139.90,905727,1893375,7612661759,25031606271,28387049471,200832,29209133055,4959443027.15,8531723306.23,207402,10,10,10,0,0,0,0,0,0,29007806463,29192355839,29209133055,28995558654.43,1139
1790619999,0,208524,0,490.84,1121.70,909311,1916927,7994343423,25484591103,28840034303,200832,29645340671,5090997487.37,8694702584.28,208524,10,10,10,0,0,0,0,0,0,29410459647,29611786239,29628563455,29408874634.72,1122
1790620000,0,209647,0,492.32,1123.19,911871,1939455,8401190911,25920798719,29259464703,200832,30081548287,5223613367.27,8857687588.75,209647,10,10,10,0,0,0,0,0,0,29863444479,30064771071,30081548287,29848362913.17,1123
1790620001,0,210767,0,493.79,1119.37,914943,1963007,8791261183,26323451903,29678895103,200832,30517755903,5356841035.71,9020213667.92,210767,10,10,10,0,0,0,0,0,0,30299652095,30500978687,30517755903,30295038361.60,1120
1790620002,0,211870,0,495.21,1102.66,918015,1989631,9160359935,26726105087,30115102719,200832,30970740735,5489019457.70,9180372405.43,211870,10,10,10,0,0,0,0,0,0,30769414143,30953963519,30970740735,30746362583.85,1103
1790620003,0,213011,0,496.72,1141.92,920575,2016255,9512681471,27162312703,30568087551,200832,31406948351,5626641392.65,9345842797.28,213011,10,10,10,0,0,0,0,0,0,31188844543,31373393919,31390171135,31181382285.35,1141
1790620004,0,214096,0,498.09,1084.91,923647,2042879,9865003007,27581743103,30987517951,200832,31859933183,5758460564.91,9503346387.23,214096,10,10,10,0,0,0,0,0,0,31658606591,31843155967,31843155967,31637662132.03,1085
1790620005,0,215191,0,499.48,1095.22,926719,2068479,10242490367,28017950719,31423725567,200832,32312918015,5892333188.52,9662206300.87,215191,10,10,10,0,0,0,0,0,0,32061259775,32296140799,32312918015,32067304170.26,1095
1790620006,0,216270,0,500.82,1078.69,929279,2093055,10569646079,28420603903,31859933183,200832,32765902847,6025213552.76,9819063926.35,216270,10,10,10,0,0,0,0,0,0,32531021823,32749125631,32765902847,32526287197.24,1079
1790620007,0,217362,0,502.18,1092.21,932351,2121727,10896801791,28873588735,32312918015,200832,33235664895,6160678234.24,9978180043.51,217362,10,10,10,0,0,0,0,0,0,33000783871,33202110463,33218887679,32989383968.82,1092
1790620008,0,218493,0,503.63,1131.21,935423,2146303,11282677759,29259464703,32782680063,200832,33671872511,6301896670.11,10143050323.18,218493,10,10,10,0,0,0,0,0,0,33453768703,33655095295,33655095295,33442057287.53,1131
1790620009,0,219583,0,504.98,1089.65,938495,2170879,11626610687,29662117887,33235664895,200832,34124857343,6438805354.01,10301850997.47,219583,10,10,10,0,0,0,0,0,0,33889976319,34108080127,34108080127,33882465052.65,1090
1790620010,0,220656,0,506.28,1072.69,941567,2195455,12004098047,30081548287,33655095295,200832,34594619391,6574415074.56,10458276441.09,220656,10,10,10,0,0,0,0,0,0,34326183935,34561064959,34594619391,34326129210.69,1073
1790620011,0,221725,0,507.57,1069.55,944127,2222079,12356419583,30484201471,34091302911,200832,35064381439,6710529662.21,10614733335.50,221725,10,10,10,0,0,0,0,0,0,34829500415,35030827007,35064381439,34806414087.90,1069
1790620012,0,222795,0,508.86,1069.95,947199,2246655,12700352511,30886854655,34561064959,200832,35534143487,6847683224.29,10771701615.57,222795,10,10,10,0,0,0,0,0,0,35299262463,35500589055,35500589055,35268593085.97,1070
1790620013,0,223854,0,510.11,1059.04,949759,2271231,13069451263,31289507839,34997272575,200832,36003905535,6984269596.84,10927287049.17,223854,10,10,10,0,0,0,0,0,0,35735470079,35970351103,35970351103,35719643414.48,1059
1790620014,0,224962,0,511.47,1107.44,952831,2297855,13413384191,31725715455,35467034623,200832,36440113151,7128151831.28,11090541551.33,224962,10,10,10,0,0,0,0,0,0,36238786559,36406558719,36440113151,36197297776.75,1108
1790620015,0,226054,0,512.79,1092.42,955903,2324479,13740539903,32111591423,35970351103,200832,36876320767,7270717044.27,11251360651.93,226054,10,10,10,0,0,0,0,0,0,36641439743,36842766335,36876320767,36640456463.94,1092
1790620016,0,227110,0,514.02,1055.91,958975,2349055,14101250047,32547799039,36373004287,200832,37379637247,7409424667.09,11407154514.59,227110,10,10,10,0,0,0,0,0,0,37111201791,37312528383,37346082815,37102050583.27,1056
1790620017,0,228210,0,515.34,1099.85,962047,2375679,14470348799,32984006655,36809211903,200832,37815844863,7554869129.47,11569943562.39,228210,10,10,10,0,0,0,0,0,0,37614518271,37782290431,37815844863,37583861722.76,1100
1790620018,0,229324,0,516.69,1114.03,965119,2404351,14780727295,33420214271,37312528383,200832,38252052479,7702834973.04,11734500525.03,229324,10,10,10,0,0,0,0,0,0,38050725887,38218498047,38252052479,38014581077.95,1114
1790620019,0,230447,0,518.05,1122.98,968191,2430975,15082717183,33839644671,37782290431,200832,38688260095,7852742307.89,11900274474.54,230447,10,10,10,0,0,0,0,0,0,38486933503,38654705663,38688260095,38464807896.79,1123
1790620020,0,231550,0,519.36,1103.33,971263,2459647,15351152639,34259075071,38218498047,200832,39158022143,8000640108.47,12062837394.78,231550,10,10,10,0,0,0,0,0,0,38923141119,39124467711,39124467711,38900553481.05,1103
1790620021,0,232646,0,520.65,1096.01,974335,2486271,15711862783,34728837119,38654705663,200832,39594229759,8148325608.29,12224344272.14,232646,10,10,10,0,0,0,0,0,0,39359348735,39560675327,39594229759,39349582436.91,1096
1790620022,0,233873,0,522.23,1226.55,977407,2514943,16114515967,35265708031,39124467711,200832,39996882943,8314213827.99,12404369959.47,233873,10,10,10,0,0,0,0,0,0,39795556351,39963328511,39963328511,39767539631.88,1227
1790620023,0,235051,0,523.69,1177.54,980991,2541567,16525557759,35735470079,39594229759,200832,40399536127,8473878107.74,12576108078.95,235051,10,10,10,0,0,0,0,0,0,40198209535,40365981695,40399536127,40172659174.79,1178
1790620024,0,236285,0,525.27,1234.13,984575,2570239,16886267903,36238786559,39996882943,200832,40768634879,8641460558.98,12754683918.47,236285,10,10,10,0,0,0,0,0,0,40567308287,40735080447,40768634879,40562386608.75,1234
1790620025,0,237414,0,526.61,1129.24,987647,2598911,17213423615,36674994175,40399536127,200832,41204842495,8795120451.80,12917041844.72,237414,10,10,10,0,0,0,0,0,0,40969961471,41171288063,41204842495,40954135311.65,1129
1790620026,0,238605,0,528.08,1191.60,990719,2629631,17599299583,37178310655,40735080447,200832,41607495679,8957818561.93,13087928473.79,238605,10,10,10,0,0,0,0,0,0,41406169087,41607495679,41607495679,41390068031.84,1191
1790620027,0,239778,0,529.50,1172.19,994815,2660351,17918066687,37648072703,41204842495,200832,42043703295,9118553015.96,13255613811.66,239778,10,10,10,0,0,0,0,0,0,41842376703,42010148863,42010148863,41814243043.41,1173
1790620028,0,240932,0,530.88,1154.66,997887,2689023,18253611007,38084280319,41573941247,200832,42446356479,9277138947.39,13419959732.69,240932,10,10,10,0,0,0,0,0,0,42245029887,42446356479,42446356479,42228107288.85,1154
1790620029,0,242112,0,532.31,1180.10,1001471,2721791,18622709759,38520487935,42010148863,200832,42849009663,9439688636.62,13587220189.66,242112,10,10,10,0,0,0,0,0,0,42647683071,42815455231,42849009663,42629029082.68,1180
1790620030,0,243309,0,533.77,1196.12,1004543,2752511,18605932543,38621151231,42110812159,200832,42949672959,9451808624.99,13604465279.28,243309,10,10,10,0,0,0,0,0,0,3636461567,42916118527,42949672959,11903266121.36,1197
1790620031,0,243737,0,533.54,428.13,1005567,2756607,18555600895,38587596799,42077257727,200832,42949672959,9435848019.62,13597850593.99,243737,10,10,10,0,0,0,0,0,0,248119295,1045954559,1132462079,362579490.09,428
1790620032,0,243937,0,532.81,200.06,1006079,2752511,18538823679,38587596799,42077257727,200832,42949672959,9428113277.34,13594956871.35,243937,10,10,10,0,0,0,0,0,0,1850367,3069951,3223551,1898879.36,200
1790620033,0,244137,0,532.08,199.95,1006079,2750463,18522046463,38587596799,42077257727,200832,42949672959,9420391286.49,13592062830.07,244137,10,10,10,0,0,0,0,0,0,1953791,3768319,4587519,1994881.28,200
1790620034,0,244337,0,531.36,199.93,1006591,2746367,18505269247,38587596799,42077257727,200832,42949672959,9412682003.44,13589168488.68,244337,10,10,10,0,0,0,0,0,0,1908735,3293183,6979583,2075816.96,200
1790620035,0,244537,0,530.64,200.00,1006591,2742271,18488492031,38587596799,42077257727,200832,42949672959,9404985135.61,13586274037.90,244537,10,10,10,0,0,0,0,0,0,1752063,3080191,3198975,1837167.36,200
1790620036,0,244737,0,529.92,200.11,1006591,2738175,18454937599,38587596799,42077257727,200832,42949672959,9397300829.78,13583379364.25,244737,10,10,10,0,0,0,0,0,0,1770495,2938879,3719167,1815357.44,200
1790620037,0,244937,0,529.21,199.95,1007103,2736127,18438160383,38587596799,42077257727,200832,42949672959,9389629032.68,13580484492.79,244937,10,10,10,0,0,0,0,0,0,1733631,3067903,3268607,1765995.52,200
1790620038,0,245137,0,528.50,200.07,1007103,2732031,18421383167,38587596799,42077257727,200832,42949672959,9381969980.99,13577589248.27,245137,10,10,10,0,0,0,0,0,0,1818623,3960831,8151039,2044261.12,200
1790620039,0,245337,0,527.80,199.99,1007615,2729983,18404605951,38587596799,42077257727,200832,42949672959,9374323421.64,13574693793.98,245337,10,10,10,0,0,0,0,0,0,1875967,3430399,6234111,2050327.04,200
1790620040,0,245537,0,527.09,199.96,1007615,2727935,18387828735,38554042367,42077257727,200832,42949672959,9366689553.78,13571797980.89,245537,10,10,10,0,0,0,0,0,0,2007039,4808703,8888319,2338356.48,200
1790620041,0,245737,0,526.39,200.07,1008127,2723839,18371051519,38554042367,42077257727,200832,42949672959,9359067815.47,13568902185.07,245737,10,10,10,0,0,0,0,0,0,1790975,3205119,4788223,1974017.28,200
1790620042,0,245937,0,525.69,199.92,1008127,2721791,18337497087,38554042367,42077257727,200832,42949672959,9351459026.69,13566005829.63,245937,10,10,10,0,0,0,0,0,0,2037759,7262207,11870207,2654380.80,200
1790620043,0,246137,0,525.00,200.07,1008127,2717695,18320719871,38554042367,42077257727,200832,42949672959,9343862007.88,13563109715.79,246137,10,10,10,0,0,0,0,0,0,2000895,3080191,3391487,1921930.24,200
1790620044,0,246337,0,524.31,199.85,1008639,2713599,18287165439,38554042367,42077257727,200832,42949672959,9336277319.96,13560213445.29,246337,10,10,10,0,0,0,0,0,0,1901567,3090431,3430399,1915673.60,200
1790620045,0,246537,0,523.62,199.96,1008639,2711551,18270388223,38554042367,42077257727,200832,42949672959,9328704912.80,13557317041.06,246537,10,10,10,0,0,0,0,0,0,1954815,3022847,3219455,1884604.16,200
1790620046,0,246737,0,522.93,200.07,1008639,2707455,18253611007,38554042367,42077257727,200832,42949672959,9321144696.39,13554420553.45,246737,10,10,10,0,0,0,0,0,0,1650687,3000319,3137535,1779328.64,200
1790620047,0,246937,0,522.25,200.12,1008639,2701311,18236833791,38554042367,42077257727,200832,42949672959,9313596419.53,13551524143.46,246937,10,10,10,0,0,0,0,0,0,1293311,2701311,3051519,1400483.84,200
1790620048,0,247137,0,521.57,199.85,1008639,2699263,18220056575,38554042367,42077257727,200832,42949672959,9306060677.02,13548627390.76,247137,10,10,10,0,0,0,0,0,0,1700863,3014655,3960831,1792430.08,200
1790620049,0,247337,0,520.89,200.06,1008639,2695167,18203279359,38554042367,42077257727,200832,42949672959,9298537164.47,13545730493.22,247337,10,10,10,0,0,0,0,0,0,1824767,3022847,3137535,1845553.92,200
1790620050,0,247537,0,520.22,200.06,1009151,2693119,18186502143,38520487935,42077257727,200832,42949672959,9291025809.34,13542833489.19,247537,10,10,10,0,0,0,0,0,0,1847295,3084287,3223551,1845594.88,200
1790620051,0,247737,0,519.54,199.85,1009151,2691071,18169724927,38520487935,42077257727,200832,42949672959,9283526600.38,13539936375.01,247737,10,10,10,0,0,0,0,0,0,1746943,3174399,4276223,1868163.84,200
1790620052,0,247937,0,518.88,200.08,1009151,2686975,18136170495,38520487935,42077257727,200832,42949672959,9276039488.03,13537039173.25,247937,10,10,10,0,0,0,0,0,0,1828863,3143679,3434495,1865728.64,200
1790620053,0,248137,0,518.21,199.98,1009663,2684927,18136170495,38520487935,42077257727,200832,42949672959,9268564438.34,13534141895.82,248137,10,10,10,0,0,0,0,0,0,1791999,3123199,3270655,1857463.68,200
1790620054,0,248337,0,517.55,200.08,1009663,2680831,18119393279,38520487935,42077257727,200832,42949672959,9261101514.52,13531244488.11,248337,10,10,10,0,0,0,0,0,0,1939455,3137535,4235263,1963870.72,200
1790620055,0,249204,0,518.27,866.46,1012223,2701311,18018729983,38520487935,42077257727,200832,42949672959,9229872941.50,13518025306.11,249204,10,10,10,0,0,0,0,0,0,288358399,533987327,558366719,284993888.55,867
1790620056,0,250229,0,519.33,1025.27,1014783,2727935,17918066687,38486933503,42077257727,200832,42949672959,9195662429.94,13500857816.00,250229,10,10,10,0,0,0,0,0,0,875036671,1179647999,1210056703,878202604.27,1025
1790620057,0,251295,0,520.46,1065.68,1017855,2754559,17834180607,38453379071,42077257727,200832,42949672959,9163223904.01,13481361739.54,251295,10,10,10,0,0,0,0,0,0,1548746751,1840250879,1857028095,1548721176.98,1066
1790620058,0,252313,0,521.49,1018.35,1020927,2779135,17733517311,38453379071,42043703295,200832,42949672959,9135115916.31,13461389398.14,252313,10,10,10,0,0,0,0,0,0,2199912447,2499805183,2520776703,2196612214.70,1018
1790620059,0,253367,0,522.58,1054.11,1023487,2805759,17632854015,38419824639,42043703295,200832,42949672959,9108945151.69,13439467641.80,253367,10,10,10,0,0,0,0,0,0,2841640959,3143630847,3168796671,2844026619.63,1054
1790620060,0,254428,0,523.69,1061.50,1026559,2834431,17515413503,38386270207,42043703295,200832,42949672959,9085519191.06,13416306583.07,254428,10,10,10,0,0,0,0,0,0,3483369471,3791650815,3812622335,3491395377.46,1061
1790620061,0,255471,0,524.76,1043.02,1029119,2861055,17397972991,38352715775,42043703295,200832,42949672959,9065297636.86,13392621386.68,255471,10,10,10,0,0,0,0,0,0,4120903679,4445962239,4466933759,4132479235.19,1043
1790620062,0,256512,0,525.82,1040.01,1032703,2885631,17297309695,38352715775,42043703295,200832,42949672959,9047982959.73,13368175845.51,256512,10,10,10,0,0,0,0,0,0,4789895167,5100273663,5121245183,4798801516.70,1041
1790620063,0,257615,0,527.00,1104.04,1035775,2914303,17179869183,38319161343,42043703295,200832,42949672959,9032530550.72,13341613386.63,257615,10,10,10,0,0,0,0,0,0,5448400895,5729419263,5750390783,5438941846.86,1103
1790620064,0,258629,0,527.99,1013.04,1038847,2940927,17079205887,38319161343,42043703295,200832,42949672959,9020968358.43,13316714121.34,258629,10,10,10,0,0,0,0,0,0,6090129407,6371147775,6400507903,6083498767.65,1014
1790620065,0,259644,0,528.99,1015.89,1040895,2969599,16961765375,38285606911,42043703295,200832,42949672959,9012048032.29,13291427705.64,259644,10,10,10,0,0,0,0,0,0,6731857919,7050625023,7075790847,6739087412.46,1015
1790620066,0,260744,0,530.15,1099.64,1043967,3000319,16869490687,38252052479,42010148863,200832,42949672959,9005203017.48,13263783723.47,260744,10,10,10,0,0,0,0,0,0,7390363647,7675576319,7704936447,7389505722.18,1100
1790620067,0,261816,0,531.25,1071.92,1047551,3033087,16752050175,38218498047,42010148863,200832,42949672959,9001212436.18,13236753093.03,261816,10,10,10,0,0,0,0,0,0,8036286463,8313110527,8338276351,8030577984.96,1072
1790620068,0,262839,0,532.24,1023.15,1050623,3067903,16668164095,38218498047,42010148863,200832,42949672959,8999943758.54,13210989252.26,262839,10,10,10,0,0,0,0,0,0,8673820671,8984199167,9009364991,8675251573.36,1023
1790620069,0,263913,0,533.34,1074.02,1053695,3100671,16567500799,38184943615,42010148863,200832,42949672959,9001352816.58,13184104561.27,263913,10,10,10,0,0,0,0,0,0,9344909311,9638510591,9655287807,9346190254.00,1074
1790620070,0,264943,0,534.34,1029.71,1056767,3139583,16441671679,38184943615,42010148863,200832,42949672959,9005244093.06,13158604666.52,264943,10,10,10,0,0,0,0,0,0,9999220735,10292822015,10309599231,10002291129.41,1030
1790620071,0,266004,0,535.40,1061.56,1059839,3184639,16332619775,38151389183,42010148863,200832,42949672959,9011692114.57,13132736245.14,266004,10,10,10,0,0,0,0,0,0,10619977727,10921967615,10955522047,10621831760.59,1061
1790620072,0,267063,0,536.45,1058.89,1062911,3250175,16198402047,38117834751,42010148863,200832,42949672959,9020733677.18,13107460934.25,267063,10,10,10,0,0,0,0,0,0,11299454975,11584667647,11601444863,11291830769.01,1059
1790620073,0,268084,0,537.42,1020.90,1065983,3332095,16097738751,38117834751,42010148863,200832,42949672959,9031855669.77,13083719168.74,268084,10,10,10,0,0,0,0,0,0,11936989183,12238979071,12255756287,11941035598.73,1021
1790620074,0,269107,0,538.39,1022.88,1069055,3469311,15980298239,38084280319,42010148863,200832,42949672959,9045498562.43,13060699494.37,269107,10,10,10,0,0,0,0,0,0,12641632255,12901679103,12926844927,12620709936.05,1023
1790620075,0,270135,0,539.37,1027.71,1072127,3649535,15879634943,38084280319,42010148863,200832,42949672959,9061507732.84,13038402862.83,270135,10,10,10,0,0,0,0,0,0,13245612031,13539213311,13581156351,13252344134.72,1028
1790620076,0,271184,0,540.39,1049.61,1076223,3864575,15762194431,38050725887,42010148863,200832,42949672959,9080253233.51,13016642467.97,271184,10,10,10,0,0,0,0,0,0,13916700671,14201913343,14235467775,13907532379.27,1049
1790620077,0,272232,0,541.40,1047.91,1078271,4110335,15602810879,38050725887,41976594431,200832,42949672959,9101341780.78,12995997036.57,272232,10,10,10,0,0,0,0,0,0,14571012095,14847836159,14881390591,14558285104.85,1048
1790620078,0,273326,0,542.49,1093.57,1081343,4411391,15510536191,38017171455,41976594431,200832,42949672959,9125743336.58,12975678448.00,273326,10,10,10,0,0,0,0,0,0,15200157695,15493758975,15518924799,15197849678.63,1094
1790620079,0,274442,0,543.63,1116.09,1085439,4734975,15720251391,37983617023,41976594431,200832,42949672959,9152977666.33,12956286782.54,274442,10,10,10,0,0,0,0,0,0,15820914687,16114515967,16148070399,15823094523.41,1116
1790620080,0,275531,0,544.71,1089.36,1088511,5111807,15929966591,37950062591,41976594431,200832,42949672959,9181883836.23,12938802516.75,275531,10,10,10,0,0,0,0,0,0,16466837503,16760438783,16777215999,16466610264.39,1089
1790620081,0,276627,0,545.79,1095.37,1091583,5591039,16131293183,37916508159,41976594431,200832,42949672959,9213250235.77,12922723966.83,276627,10,10,10,0,0,0,0,0,0,17087594495,17397972991,17414750207,17098665774.72,1096
1790620082,0,277690,0,546.81,1063.38,1094655,6094847,16341008383,37916508159,41976594431,200832,42949672959,9245892574.50,12908715866.75,277690,10,10,10,0,0,0,0,0,0,17750294527,18035507199,18069061631,17740485459.57,1063
1790620083,0,278804,0,547.93,1114.25,1098751,6885375,16550723583,37882953727,41976594431,200832,42949672959,9282377782.17,12895777851.38,278804,10,10,10,0,0,0,0,0,0,18387828735,18673041407,18689818623,18377150956.70,1114
1790620084,0,279904,0,549.01,1099.83,1102847,7860223,16735272959,37882953727,41976594431,200832,42949672959,9320593197.82,12884790088.04,279904,10,10,10,0,0,0,0,0,0,19008585727,19293798399,19327352831,19006602966.11,1100
1790620085,0,280983,0,550.05,1079.08,1105919,9084927,16919822335,37849399295,41976594431,200832,42949672959,9360260121.64,12875891924.26,280983,10,10,10,0,0,0,0,0,0,19646119935,19948109823,19964887039,19650279255.07,1079
1790620086,0,282127,0,551.21,1143.79,1108991,10805247,17121148927,37849399295,41976594431,200832,42949672959,9404512128.07,12868466868.58,282127,10,10,10,0,0,0,0,0,0,20283654143,20568866815,20585644031,20273447026.57,1144
1790620087,0,283258,0,552.34,1130.35,1113087,13598719,17330864127,37815844863,41976594431,200832,42949672959,9450412436.05,12863199795.32,283258,10,10,10,0,0,0,0,0,0,20921188351,21172846591,21206401023,20900205706.53,1131
1790620088,0,284369,0,553.43,1111.69,1117183,19038207,17548967935,37782290431,41943039999,200832,42949672959,9497551581.83,12860098777.48,284369,10,10,10,0,0,0,0,0,0,21525168127,21827158015,21843935231,21516039570.78,1111
1790620089,0,285491,0,554.53,1121.57,1121279,31457279,17750294527,37782290431,41943039999,200832,42949672959,9547275107.55,12859196962.13,285491,10,10,10,0,0,0,0,0,0,22162702335,22447915007,22464692223,22149618499.99,1122
1790620090,0,286611,0,555.63,1119.75,1124351,121438207,17934843903,37748735999,41943039999,200832,42949672959,9598951903.31,12860544663.09,286611,10,10,10,0,0,0,0,0,0,22783459327,23068671999,23085449215,22771505561.60,1120
1790620091,0,287714,0,556.69,1103.84,1127423,248381439,18136170495,37715181567,41943039999,200832,42949672959,9651861165.71,12864178526.90,287714,10,10,10,0,0,0,0,0,0,23404216319,23689428991,23722983423,23400162713.41,1103
1790620092,0,288788,0,557.68,1074.01,1131519,378535935,18320719871,37715181567,41943039999,200832,42949672959,9705392779.91,12870098825.33,288788,10,10,10,0,0,0,0,0,0,24058527743,24326963199,24360517631,24045983885.11,1074
1790620093,0,289871,0,558.70,1082.88,1134591,510656511,18505269247,37681627135,41943039999,200832,42949672959,9761336220.46,12878480472.49,289871,10,10,10,0,0,0,0,0,0,24696061951,24981274623,24998051839,24678967161.74,1083
1790620094,0,290996,0,559.79,1124.53,1138687,641728511,18723373055,37681627135,41943039999,200832,42949672959,9821471253.37,12889761286.20,290996,10,10,10,0,0,0,0,0,0,25333596159,25602031615,25635586047,25316050920.33,1125
1790620095,0,292145,0,560.92,1149.35,1142783,755499007,18941476863,37648072703,41943039999,200832,42949672959,9884910073.98,12903947546.73,292145,10,10,10,0,0,0,0,0,0,25971130367,26222788607,26256343039,25951440136.69,1149
1790620096,0,293316,0,562.09,1171.12,1145855,870318079,19159580671,37648072703,41943039999,200832,42949672959,9951420816.57,12920946452.97,293316,10,10,10,0,0,0,0,0,0,26558332927,26826768383,26860322815,26544743526.31,1171
1790620097,0,294394,0,563.07,1077.35,1149951,1001914367,19360907263,37614518271,41909485567,200832,42949672959,10014540641.03,12939230558.89,294394,10,10,10,0,0,0,0,0,0,27195867135,27464302591,27497857023,27188988166.17,1078
1790620098,0,295538,0,564.18,1143.94,1154047,1129316351,19562233855,37580963839,41909485567,200832,42949672959,10083376250.15,12961291743.44,295538,10,10,10,0,0,0,0,0,0,27799846911,28101836799,28118614015,27797353794.24,1144
1790620099,0,296613,0,565.16,1075.93,1157119,1257242623,19746783231,37580963839,41909485567,200832,42949672959,10149885506.89,12984700488.47,296613,10,10,10,0,0,0,0,0,0,28437381119,28739371007,28756148223,28434548501.67,1075
1790620100,0,297762,0,566.27,1148.87,1162239,1391460351,19948109823,37547409407,41909485567,200832,42949672959,10222855883.31,13012552659.93,297762,10,10,10,0,0,0,0,0,0,29074915327,29343350783,29376905215,29060072821.42,1149
1790620101,0,298835,0,567.23,1072.19,1165311,1529872383,20132659199,37513854975,41909485567,200832,42949672959,10292818209.59,13041356171.18,298835,10,10,10,0,0,0,0,0,0,29712449535,29980884991,30014439423,29707657162.56,1073
1790620102,0,299945,0,568.26,1110.84,1169407,1669332991,20333985791,37480300543,41909485567,200832,42949672959,10366983815.90,13073964859.68,299945,10,10,10,0,0,0,0,0,0,30349983743,30618419199,30651973631,30333901800.01,1110
1790620103,0,301075,0,569.32,1129.88,1172479,1814036479,20535312383,37480300543,41909485567,200832,42949672959,10444222031.64,13109945913.54,301075,10,10,10,0,0,0,0,0,0,30937186303,31239176191,31272730623,30946183642.85,1130
1790620104,0,302179,0,570.33,1104.02,1176575,1947205631,20719861759,37446746111,41909485567,200832,42949672959,10521475339.93,13148020748.01,302179,10,10,10,0,0,0,0,0,0,31591497727,31876710399,31910264831,31589446166.26,1104
1790620105,0,303253,0,571.28,1074.21,1180671,2085617663,20904411135,37413191679,41909485567,200832,42949672959,10598296396.35,13187826304.65,303253,10,10,10,0,0,0,0,0,0,32212254719,32514244607,32547799039,32212551523.63,1074
1790620106,0,304383,0,572.33,1129.87,1184767,2233466879,21105737727,37379637247,41875931135,200832,42949672959,10680944636.04,13232775753.81,304383,10,10,10,0,0,0,0,0,0,32883343359,33135001599,33168556031,32860879707.07,1130
1790620107,0,305437,0,573.23,1053.30,1188863,2359295999,21290287103,37346082815,41875931135,200832,42949672959,10759680715.87,13277519494.81,305437,10,10,10,0,0,0,0,0,0,33504100351,33789313023,33806090239,33497749204.77,1054
1790620108,0,306577,0,574.29,1140.75,1191935,2489319423,21508390911,37312528383,41875931135,200832,42949672959,10846556427.85,13328887825.30,306577,10,10,10,0,0,0,0,0,0,34124857343,34426847231,34460401663,34122922077.42,1140
1790620109,0,307673,0,575.27,1095.73,1197055,2625634303,21692940287,37312528383,41875931135,200832,42949672959,10931699484.26,13381117979.64,307673,10,10,10,0,0,0,0,0,0,34762391551,35064381439,35097935871,34748216641.40,1096
1790620110,0,308805,0,576.31,1132.00,1201151,2764046335,21894266879,37278973951,41875931135,200832,42949672959,11021314519.52,13438036270.12,308805,10,10,10,0,0,0,0,0,0,35399925759,35668361215,35701915647,35378316942.93,1132
1790620111,0,309918,0,577.31,1113.20,1205247,2904555519,22078816255,37245419519,41875931135,200832,42949672959,11111097961.59,13496999211.48,309918,10,10,10,0,0,0,0,0,0,36037459967,36305895423,36339449855,36021768070.56,1113
1790620112,0,310942,0,578.14,1024.24,1208319,3030384639,22263365631,37245419519,41875931135,200832,42949672959,11195185103.58,13553934815.75,310942,10,10,10,0,0,0,0,0,0,36641439743,36976984063,36976984063,36644519936.00,1024
1790620113,0,312067,0,579.15,1125.10,1212415,3170893823,22464692223,37413191679,41875931135,200832,42949672959,11289304719.21,13619670640.73,312067,10,10,10,0,0,0,0,0,0,37312528383,37580963839,37614518271,37303297186.93,1125
1790620114,0,313103,0,580.00,1035.09,1216511,3294625791,22649241599,37648072703,41875931135,200832,42949672959,11377478662.09,13682970278.25,313103,10,10,10,0,0,0,0,0,0,37950062591,38252052479,38285606911,37937495874.22,1036
1790620115,0,314265,0,581.07,1162.23,1220607,3439329279,22850568191,37882953727,41842376703,200832,42949672959,11477960075.21,13756890994.35,314265,10,10,10,0,0,0,0,0,0,38554042367,38856032255,38889586687,38552858433.65,1162
1790620116,0,315354,0,582.01,1088.88,1224703,3567255551,23051894783,38151389183,41842376703,200832,42949672959,11573635801.49,13828964260.85,315354,10,10,10,0,0,0,0,0,0,39191576575,39493566463,39527120895,39183858132.28,1089
1790620117,0,316478,0,583.01,1124.35,1228799,3709861887,23236444159,38386270207,41842376703,200832,42949672959,11673915664.29,13906204739.37,316478,10,10,10,0,0,0,0,0,0,39829110783,40097546239,40131100671,39808840802.39,1124
1790620118,0,317605,0,584.01,1126.70,1232895,3841982463,23454547967,38621151231,41842376703,200832,42949672959,11776017061.75,13986559484.66,317605,10,10,10,0,0,0,0,0,0,40466644991,40735080447,40768634879,40447575237.17,1127
1790620119,0,318692,0,584.93,1087.68,1236991,3969908735,23672651775,38889586687,41842376703,200832,42949672959,11875963447.99,14066820491.31,318692,10,10,10,0,0,0,0,0,0,41104179199,41372614655,41406169087,41078789576.89,1087
1790620120,0,319801,0,585.89,1108.69,1241087,4095737855,23857201151,39124467711,41909485567,200832,42949672959,11979408217.02,14151482087.38,319801,10,10,10,0,0,0,0,0,0,41708158975,42010148863,42043703295,41706207433.29,1109
1790620121,0,320887,0,586.81,1085.50,1245183,4227858431,24058527743,39359348735,42144366591,200832,42949672959,12082170563.64,14237151655.65,320887,10,10,10,0,0,0,0,0,0,42345693183,42647683071,42681237503,42343221402.64,1086
1790620122,0,322019,0,587.80,1132.53,1250303,4366270463,24259854335,39627784191,42412802047,200832,43318771711,12190756628.07,14329215761.57,322019,10,10,10,0,0,0,0,0,0,42983227391,43285217279,43285217279,42971548552.59,1132
1790620123,0,323117,0,588.73,1097.54,1253375,4504682495,24461180927,39829110783,42614128639,200832,43956305919,12297548865.44,14421286993.86,323117,10,10,10,0,0,0,0,0,0,43654316031,43922751487,43922751487,43617338925.70,1098
1790620124,0,324236,0,589.70,1119.74,1258495,4638900223,24679284735,40063991807,42849009663,200832,44560285695,12407787257.55,14517747071.57,324236,10,10,10,0,0,0,0,0,0,44258295807,44526731263,44560285695,44239689440.66,1119
1790620125,0,325319,0,590.59,1082.60,1262591,4609540095,24696061951,40097546239,42916118527,200832,44728057855,12417090513.25,14534185412.19,325319,10,10,10,0,0,0,0,0,0,4085252095,44694503423,44728057855,15202363287.99,1083
1790620126,0,325895,0,590.57,576.19,1263615,4542431231,24645730303,40097546239,42916118527,200832,44728057855,12396441672.24,14529647791.05,325895,10,10,10,0,0,0,0,0,0,664272895,1750073343,1880096767,734184192.00,576
1790620127,0,326095,0,589.86,199.95,1264639,4521459711,24628953087,40097546239,42916118527,200832,44728057855,12388840124.03,14528432253.51,326095,10,10,10,0,0,0,0,0,0,2092031,4182015,5648383,2307352.96,200
1790620128,0,326295,0,589.16,199.89,1264639,4496293887,24628953087,40097546239,42916118527,200832,44728057855,12381247982.98,14527214058.81,326295,10,10,10,0,0,0,0,0,0,2463743,4214783,4624383,2451804.80,200
1790620129,0,326495,0,588.46,200.14,1264639,4471128063,24612175871,40097546239,42916118527,200832,44728057855,12373665208.29,14525993238.45,326495,10,10,10,0,0,0,0,0,0,2619391,4198399,4366335,2557863.68,200
1790620130,0,326695,0,587.76,199.93,1265663,4450156543,24595398655,40097546239,42916118527,200832,44728057855,12366091944.94,14524769665.71,326695,10,10,10,0,0,0,0,0,0,2953215,4407295,5455871,2928855.04,200
1790620131,0,326895,0,587.06,200.08,1265663,4429185023,24595398655,40097546239,42916118527,200832,44728057855,12358527866.30,14523543615.39,326895,10,10,10,0,0,0,0,0,0,2785279,4317183,4808703,2794515.20,200
1790620132,0,327095,0,586.37,199.91,1266687,4399824895,24578621439,40097546239,42916118527,200832,44728057855,12350973177.20,14522314909.85,327095,10,10,10,0,0,0,0,0,0,2959359,5607423,6721535,3022710.40,200
1790620133,0,327295,0,585.67,200.03,1266687,4374659071,24561844223,40097546239,42916118527,200832,44728057855,12343427601.12,14521083780.86,327295,10,10,10,0,0,0,0,0,0,2861055,4362239,4640767,2826562.56,200
1790620134,0,327495,0,584.99,199.97,1267711,4353687551,24545067007,40097546239,42916118527,200832,44728057855,12335891266.32,14519850115.94,327495,10,10,10,0,0,0,0,0,0,2916351,4378623,5431295,2867772.16,200
1790620135,0,327695,0,584.30,199.96,1267711,4328521727,24545067007,40063991807,42916118527,200832,44728057855,12328364021.76,14518614039.94,327695,10,10,10,0,0,0,0,0,0,2627583,4296703,4505599,2689244.16,200
1790620136,0,327895,0,583.62,200.14,1268735,4303355903,24528289791,40063991807,42916118527,200832,44728057855,12320846013.41,14517375425.50,327895,10,10,10,0,0,0,0,0,0,2859007,4151295,4501503,2777278.72,200
1790620137,0,328095,0,582.93,199.95,1269759,4280287231,24511512575,40063991807,42916118527,200832,44728057855,12313337125.49,14516134367.46,328095,10,10,10,0,0,0,0,0,0,2781183,4087807,4431871,2703107.20,200
1790620138,0,328295,0,582.25,199.97,1269759,4261412863,24494735359,40063991807,42916118527,200832,44728057855,12305837408.04,14514890819.97,328295,10,10,10,0,0,0,0,0,0,2793471,4093951,4661247,2738414.08,200
1790620139,0,328495,0,581.58,199.92,1270783,4240441343,24494735359,40063991807,42916118527,200832,44728057855,12298346881.04,14513644762.73,328495,10,10,10,0,0,0,0,0,0,2818047,4378623,4886527,2834078.72,200
1790620140,0,328695,0,580.90,200.19,1271807,4217372671,24477958143,40063991807,42916118527,200832,44728057855,12290865561.61,14512396177.94,328695,10,10,10,0,0,0,0,0,0,2922495,4632575,6094847,2985433.60,200
1790620141,0,328895,0,580.23,199.90,1271807,4194303999,24461180927,40063991807,42916118527,200832,44728057855,12283393188.77,14511145283.17,328895,10,10,10,0,0,0,0,0,0,2719743,4341759,4661247,2735224.96,200
1790620142,0,329095,0,579.56,200.02,1272831,4173332479,24444403711,40063991807,42916118527,200832,44728057855,12275929850.06,14509892000.78,329095,10,10,10,0,0,0,0,0,0,2707455,3966975,4403199,2655938.56,200
1790620143,0,329295,0,578.89,199.98,1272831,4150263807,24427626495,40063991807,42916118527,200832,44728057855,12268475622.34,14508636262.35,329295,10,10,10,0,0,0,0,0,0,2754559,4407295,4648959,2730259.84,200
1790620144,0,329495,0,578.23,199.91,1273855,4129292287,24427626495,40063991807,42916118527,200832,44728057855,12261030557.84,14507378020.41,329495,10,10,10,0,0,0,0,0,0,2945023,4632575,5373951,2917982.72,200
1790620145,0,329695,0,577.57,200.04,1274879,4104126463,24410849279,40063991807,42916118527,200832,44728057855,12253594483.32,14506117417.99,329695,10,10,10,0,0,0,0,0,0,2820095,4382719,4907007,2847621.76,200
1790620146,0,329895,0,576.91,200.09,1274879,4083154943,24394072063,40063991807,42916118527,200832,44728057855,12246167528.98,14504854341.79,329895,10,10,10,0,0,0,0,0,0,2842623,4657151,7815167,3018965.76,200
1790620147,0,330095,0,576.25,199.90,1275903,4060086271,24394072063,40063991807,42916118527,200832,44728057855,12238749651.92,14503588824.71,330095,10,10,10,0,0,0,0,0,0,2983935,5926911,6995967,3146881.28,200
1790620148,0,330295,0,575.59,200.13,1275903,4041211903,24377294847,40063991807,42916118527,200832,44728057855,12231340615.64,14502321062.84,330295,10,10,10,0,0,0,0,0,0,2918399,4395007,5677055,2911475.20,200
1790620149,0,330495,0,574.94,199.89,1275903,4016046079,24377294847,40063991807,42916118527,200832,44728057855,12223940237.96,14501051206.16,330495,10,10,10,0,0,0,0,0,0,2291711,4296703,4603903,2401509.12,200
1790620150,0,330695,0,574.29,199.99,1276927,3999268863,24360517631,40063991807,42916118527,200832,44728057855,12216549158.64,14499778711.98,330695,10,10,10,0,0,0,0,0,0,2963455,4493311,5525503,2975352.32,200
1790620151,0,330895,0,573.64,200.09,1277951,3972005887,24343740415,40063991807,42916118527,200832,44728057855,12209166890.05,14498503987.88,330895,10,10,10,0,0,0,0,0,0,2594815,4366335,6410239,2770335.36,200
1790620152,0,331095,0,572.99,199.95,1277951,3957325823,24326963199,40030437375,42916118527,200832,44728057855,12201793545.38,14497226935.05,331095,10,10,10,0,0,0,0,0,0,2770943,4255743,4644863,2779118.08,200
1790620153,0,331295,0,572.35,199.97,1277951,3932159999,24310185983,40030437375,42916118527,200832,44728057855,12194428525.02,14495948054.43,331295,10,10,10,0,0,0,0,0,0,1595391,3987455,4313087,1821441.92,200
1790620154,0,331495,0,571.71,200.03,1277951,3904897023,24293408767,40030437375,42916118527,200832,44728057855,12187072553.67,14494666732.62,331495,10,10,10,0,0,0,0,0,0,2013183,3676159,4032511,2089921.28,200
1790620155,0,331695,0,571.07,199.95,1278975,3881828351,24276631551,40030437375,42916118527,200832,44728057855,12179725877.72,14493382759.46,331695,10,10,10,0,0,0,0,0,0,2750463,4296703,4509695,2794150.40,200
1790620156,0,331895,0,570.43,200.06,1278975,3860856831,24276631551,40030437375,42916118527,200832,44728057855,12172388165.33,14492096410.78,331895,10,10,10,0,0,0,0,0,0,2799615,4259839,7884799,2975605.76,200
1790620157,0,332095,0,569.79,199.98,1279999,3839885311,24259854335,40030437375,42916118527,200832,44728057855,12165059088.42,14490807958.61,332095,10,10,10,0,0,0,0,0,0,2609151,3960831,4431871,2639193.60,200
1790620158,0,332295,0,569.16,200.04,1281023,3816816639,24243077119,40030437375,42916118527,200832,44728057855,12157739059.38,14489517053.41,332295,10,10,10,0,0,0,0,0,0,3092479,4427775,5070847,3013829.12,200
1790620159,0,332495,0,568.53,199.86,1281023,3793747967,24243077119,40030437375,42916118527,200832,44728057855,12150427853.36,14488223880.56,332495,10,10,10,0,0,0,0,0,0,3037183,4796415,5431295,3041843.84,200
1790620160,0,332695,0,567.90,200.17,1282047,3770679295,24226299903,40030437375,42916118527,200832,44728057855,12143125503.77,14486928408.70,332695,10,10,10,0,0,0,0,0,0,3082239,4825087,5300223,3151859.20,200
1790620161,0,332895,0,567.27,199.89,1283071,3751804927,24209522687,40030437375,42916118527,200832,44728057855,12135831752.60,14485630850.61,332895,10,10,10,0,0,0,0,0,0,2805759,4448255,5242879,2859032.32,200
1790620162,0,333095,0,566.65,200.07,1283071,3730833407,24209522687,40030437375,42916118527,200832,44728057855,12128546795.69,14484331038.73,333095,10,10,10,0,0,0,0,0,0,2947071,4378623,5222399,2918137.60,200
1790620163,0,333295,0,566.03,200.01,1284095,3705667583,24192745471,40030437375,42916118527,200832,44728057855,12121270705.19,14483028909.32,333295,10,10,10,0,0,0,0,0,0,3049471,5115903,5820415,3123883.52,200
1790620164,0,333495,0,565.40,199.95,1284095,3680501759,24175968255,40030437375,42916118527,200832,44728057855,12114003043.36,14481724825.22,333495,10,10,10,0,0,0,0,0,0,2760703,4202495,4448255,2626288.64,200
1790620165,0,333695,0,564.79,199.92,1285119,3657433087,24159191039,40030437375,42916118527,200832,44728057855,12106744138.30,14480418508.40,333695,10,10,10,0,0,0,0,0,0,2699263,4358143,5021695,2701433.60,200
1790620166,0,333895,0,564.17,200.10,1285119,3634364415,24159191039,39996882943,42916118527,200832,44728057855,12099493874.87,14479110051.72,333895,10,10,10,0,0,0,0,0,0,2678783,3880959,4098047,2610594.56,200
1790620167,0,334095,0,563.56,200.07,1286143,3607101439,24142413823,39996882943,42916118527,200832,44728057855,12092252102.71,14477799577.26,334095,10,10,10,0,0,0,0,0,0,2260991,3807231,4374527,2294522.88,200
1790620168,0,334295,0,562.94,199.82,1286143,3586129919,24125636607,39996882943,42916118527,200832,44728057855,12085018992.85,14476486938.65,334295,10,10,10,0,0,0,0,0,0,2051071,4284415,6438911,2289798.40,200
1790620169,0,334495,0,562.33,200.19,1286143,3565158399,24108859391,39996882943,42916118527,200832,44728057855,12077794496.35,14475172173.28,334495,10,10,10,0,0,0,0,0,0,2134015,3823615,4165631,2229217.28,200
1790620170,0,334695,0,561.72,199.88,1287167,3535798271,24108859391,39996882943,42916118527,200832,44728057855,12070578978.32,14473854973.32,334695,10,10,10,0,0,0,0,0,0,2805759,4243455,4775935,2805451.52,200
1790620171,0,334895,0,561.12,200.09,1287167,3508535295,24092082175,39996882943,42916118527,200832,44728057855,12063371921.92,14472535766.49,334895,10,10,10,0,0,0,0,0,0,2562047,4022271,4345855,2543223.04,200
1790620172,0,335095,0,560.51,199.88,1288191,3489660927,24092082175,39996882943,42916118527,200832,44728057855,12056173732.31,14471214211.76,335095,10,10,10,0,0,0,0,0,0,2969599,4734975,6332415,2985175.04,200
1790620173,0,335295,0,559.91,199.98,1288191,3470786559,24075304959,39996882943,42916118527,200832,44728057855,12048984140.63,14469890529.87,335295,10,10,10,0,0,0,0,0,0,2996223,4718591,5165055,3003019.52,200
1790620174,0,335495,0,559.31,200.15,1289215,3454009343,24058527743,39996882943,42916118527,200832,44728057855,12041803043.29,14468564803.63,335495,10,10,10,0,0,0,0,0,0,2779135,4640767,5345279,2872884.48,200
1790620175,0,336349,0,559.80,853.90,1292287,3351248895,24008196095,39996882943,42916118527,200832,44728057855,12012086684.37,14462187236.61,336349,10,10,10,0,0,0,0,0,0,334233599,636485631,664272895,337976806.22,854
1790620176,0,337354,0,560.54,1005.25,1296383,3240099839,23941087231,39963328511,42916118527,200832,44728057855,11979478490.77,14452951156.41,337354,10,10,10,0,0,0,0,0,0,1067974655,1426063359,1457520639,1066311019.75,1005
1790620177,0,338379,0,561.31,1024.47,1300479,3122659327,23890755583,39963328511,42882564095,200832,44728057855,11948835796.38,14441753578.06,338379,10,10,10,0,0,0,0,0,0,1871708159,2220883967,2256535551,1863532847.70,1025
1790620178,0,339438,0,562.14,1059.28,1304575,3011510271,23823646719,39963328511,42882564095,200832,44728057855,11919895232.91,14428490443.17,339438,10,10,10,0,0,0,0,0,0,2678063103,3019898879,3049259007,2672606350.14,1059
1790620179,0,340596,0,563.12,1157.90,1309695,3110076415,23756537855,39929774079,42882564095,200832,44728057855,11891030200.50,14412422557.75,340596,10,10,10,0,0,0,0,0,0,3428843519,3787456511,3816816639,3429986268.63,1158
1790620180,0,341766,0,564.12,1169.79,1314815,3212836863,23689428991,39929774079,42882564095,200832,44728057855,11864666638.10,14394767091.33,341766,10,10,10,0,0,0,0,0,0,4185915391,4546625535,4580179967,4190030828.75,1170
1790620181,0,342959,0,565.16,1193.65,1319935,3309305855,23622320127,39929774079,42882564095,200832,44728057855,11840615524.88,14375479357.17,342959,10,10,10,0,0,0,0,0,0,4945084415,5301600255,5335154687,4950546152.18,1193
1790620182,0,344129,0,566.16,1170.03,1325055,3412066303,23538434047,39896219647,42882564095,200832,44728057855,11819868052.85,14355422364.01,344129,10,10,10,0,0,0,0,0,0,5758779391,6073352191,6106906623,5738216547.77,1170
1790620183,0,345382,0,567.28,1252.57,1330175,3506438143,23454547967,39896219647,42882564095,200832,44728057855,11800541529.99,14332943803.67,345382,10,10,10,0,0,0,0,0,0,6496976895,6819938303,6849298431,6492626937.46,1253
1790620184,0,346569,0,568.30,1186.30,1335295,3611295743,23387439103,39896219647,42882564095,200832,44728057855,11784956113.30,14310852725.17,346569,10,10,10,0,0,0,0,0,0,7247757311,7591690239,7616856063,7250059408.93,1187
1790620185,0,347819,0,569.42,1250.97,1340415,3728736255,23303553023,39862665215,42882564095,200832,44728057855,11771341123.47,14286918523.81,347819,10,10,10,0,0,0,0,0,0,7994343423,8325693439,8367636479,7996514395.75,1250
1790620186,0,349014,0,570.44,1194.84,1345535,3829399551,23219666943,39862665215,42882564095,200832,44728057855,11761013939.33,14263532680.86,349014,10,10,10,0,0,0,0,0,0,8766095359,9110028287,9135194111,8755163845.52,1195
1790620187,0,350146,0,571.36,1131.84,1349631,3919577087,23152558079,39862665215,42882564095,200832,44728057855,11753765537.76,14241032438.62,350146,10,10,10,0,0,0,0,0,0,9529458687,9890168831,9906946047,9518965517.57,1132
1790620188,0,351239,0,572.20,1092.67,1354751,4009754623,23102226431,39829110783,42882564095,200832,44728057855,11749200362.40,14219098226.01,351239,10,10,10,0,0,0,0,0,0,10284433407,10661920767,10687086591,10286732024.74,1093
1790620189,0,352335,0,573.06,1095.75,1359871,4095737855,23035117567,39829110783,42882564095,200832,44728057855,11747169398.22,14197017403.71,352335,10,10,10,0,0,0,0,0,0,11098128383,11433672703,11467227135,11096299116.38,1096
1790620190,0,353348,0,573.77,1013.51,1363967,4183818239,22968008703,39829110783,42882564095,200832,44728057855,11747541408.43,14176659435.57,353348,10,10,10,0,0,0,0,0,0,11886657535,12238979071,12264144895,11876931553.67,1013
1790620191,0,354393,0,574.54,1045.21,1368063,4265607167,22917677055,39795556351,42882564095,200832,44728057855,11750239680.01,14155835192.77,354393,10,10,10,0,0,0,0,0,0,12666798079,13027508223,13061062655,12662611803.38,1045
1790620192,0,355490,0,575.38,1096.47,1373183,4366270463,22850568191,39795556351,42849009663,200832,44728057855,11755508964.61,14134299480.44,355490,10,10,10,0,0,0,0,0,0,13463715839,13807648767,13841203199,13457785698.25,1097
1790620193,0,356547,0,576.16,1057.75,1378303,4454350847,22783459327,39795556351,42849009663,200832,44728057855,11762865045.76,14113983749.18,356547,10,10,10,0,0,0,0,0,0,14252244991,14596177919,14629732351,14236860586.51,1057
1790620194,0,357578,0,576.89,1030.66,1382399,4550819839,22716350463,39762001919,42849009663,200832,44728057855,11772315013.75,14094722713.79,357578,10,10,10,0,0,0,0,0,0,15057551359,15393095679,15418261503,15040363256.80,1031
1790620195,0,358620,0,577.64,1042.41,1387519,4638900223,22649241599,39762001919,42849009663,200832,44728057855,11784089197.23,14075926423.47,358620,10,10,10,0,0,0,0,0,0,15829303295,16173236223,16206790655,15824577659.82,1042
1790620196,0,359682,0,578.42,1061.00,1392639,4726980607,22598909951,39728447487,42849009663,200832,44728057855,11798326736.60,14057571012.28,359682,10,10,10,0,0,0,0,0,0,16609443839,16970153983,17003708415,16606110513.66,1062
1790620197,0,360763,0,579.23,1081.82,1396735,4806672383,22531801087,39728447487,42849009663,200832,44728057855,11815050792.25,14039814107.75,360763,10,10,10,0,0,0,0,0,0,17381195775,17750294527,17783848959,17379659287.21,1081
1790620198,0,361854,0,580.05,1090.50,1401855,4907335679,22481469439,39728447487,42849009663,200832,44728057855,11834245527.63,14022982886.11,361854,10,10,10,0,0,0,0,0,0,18186502143,18538823679,18572378111,18181404392.30,1091
1790620199,0,362910,0,580.81,1056.41,1406975,4999610367,22414360575,39728447487,42849009663,200832,44728057855,11855001730.23,14007841629.96,362910,10,10,10,0,0,0,0,0,0,18958254079,19327352831,19360907263,18967421176.24,1056
1790620200,0,363979,0,581.59,1068.75,1411071,5096079359,22347251711,39694893055,42849009663,200832,44728057855,11878169868.26,13993773988.68,363979,10,10,10,0,0,0,0,0,0,19746783231,20115881983,20149436415,19743416802.78,1069
1790620201,0,365047,0,582.37,1067.60,1416191,5192548351,22280142847,39694893055,42849009663,200832,44728057855,11903510879.27,13981122796.16,365047,10,10,10,0,0,0,0,0,0,20535312383,20904411135,20937965567,20539836577.08,1068
1790620202,0,366102,0,583.12,1055.36,1421311,5284823039,22229811199,39694893055,42849009663,200832,44728057855,11930670033.37,13970106379.66,366102,10,10,10,0,0,0,0,0,0,21323841535,21676163071,21726494719,21328174987.53,1055
1790620203,0,367140,0,583.84,1037.72,1426431,5381292031,22246588415,39661338623,42849009663,200832,44728057855,11959453325.80,13960818057.71,367140,10,10,10,0,0,0,0,0,0,22129147903,22481469439,22515023871,22111303928.60,1038
1790620204,0,368220,0,584.63,1080.71,1431551,5473566719,22397583359,39661338623,42849009663,200832,44728057855,11991512056.62,13952860176.22,368220,10,10,10,0,0,0,0,0,0,22884122623,23269998591,23286775807,22889699494.87,1080
1790620205,0,369295,0,585.41,1074.53,1436671,5574230015,22531801087,39661338623,42849009663,200832,44728057855,12025536213.75,13946765536.78,369295,10,10,10,0,0,0,0,0,0,23689428991,24041750527,24075304959,23679838667.13,1075
1790620206,0,370398,0,586.23,1103.00,1441791,5674893311,22666018815,39661338623,42815455231,200832,44728057855,12062571917.43,13942468480.87,370398,10,10,10,0,0,0,0,0,0,24461180927,24830279679,24863834111,24462481428.42,1103
1790620207,0,371449,0,586.96,1050.53,1446911,5767167999,22817013759,39627784191,42815455231,200832,44728057855,12099889927.22,13940349336.11,371449,10,10,10,0,0,0,0,0,0,25266487295,25602031615,25652363263,25251665559.51,1051
1790620208,0,372589,0,587.83,1140.44,1453055,5863636991,22968008703,39627784191,42815455231,200832,44728057855,12142560159.39,13940307086.40,372589,10,10,10,0,0,0,0,0,0,26055016447,26407337983,26424115199,26045906714.05,1140
1790620209,0,373662,0,588.60,1073.44,1458175,5968494591,23119003647,39594229759,42815455231,200832,44728057855,12184733917.30,13942448928.72,373662,10,10,10,0,0,0,0,0,0,26843545599,27179089919,27212644351,26829168479.67,1073
1790620210,0,374745,0,589.38,1082.74,1463295,6064963583,23269998591,39594229759,42815455231,200832,44728057855,12229279200.86,13946858753.53,374745,10,10,10,0,0,0,0,0,0,27598520319,27967619071,28001173503,27598512574.29,1083
1790620211,0,375856,0,590.19,1111.35,1469439,6178209791,23420993535,39594229759,42815455231,200832,44728057855,12277020960.00,13953811683.12,375856,10,10,10,0,0,0,0,0,0,28387049471,28739371007,28772925439,28380518287.55,1111
1790620212,0,376987,0,591.04,1130.08,1475583,6283067391,23588765695,39560675327,42815455231,200832,44728057855,12327626414.84,13963377584.22,376987,10,10,10,0,0,0,0,0,0,29158801407,29511122943,29544677375,29144924232.43,1131
1790620213,0,378067,0,591.81,1081.02,1480703,6379536383,23722983423,39560675327,42815455231,200832,44728057855,12377930527.48,13975063074.28,378067,10,10,10,0,0,0,0,0,0,29947330559,30299652095,30316429311,29937186558.10,1080
1790620214,0,379175,0,592.61,1107.36,1486847,6480199679,23873978367,39560675327,42815455231,200832,44728057855,12431517106.95,13989697841.85,379175,10,10,10,0,0,0,0,0,0,30719082495,31071404031,31104958463,30716099543.34,1108
1790620215,0,380198,0,593.29,1022.89,1492991,6568280063,24024973311,39560675327,42815455231,200832,44728057855,12482836016.21,14005761022.76,380198,10,10,10,0,0,0,0,0,0,31524388863,31876710399,31910264831,31504192244.74,1023
1790620216,0,381285,0,594.06,1087.25,1498111,6673137663,24159191039,39527120895,42815455231,200832,44728057855,12539322739.93,14025629075.75,381285,10,10,10,0,0,0,0,0,0,32312918015,32648462335,32682016767,32296580681.01,1087
1790620217,0,382394,0,594.86,1109.25,1504255,6765412351,24310185983,39527120895,42815455231,200832,44728057855,12598856941.37,14048717944.18,382394,10,10,10,0,0,0,0,0,0,33084669951,33436991487,33470545919,33067295170.60,1109
1790620218,0,383490,0,595.64,1096.18,1510399,6866075647,24461180927,39493566463,42815455231,200832,44728057855,12659563101.48,14074385847.57,383490,10,10,10,0,0,0,0,0,0,33856421887,34208743423,34242297855,33839920210.22,1096
1790620219,0,384579,0,596.40,1088.51,1516543,6979321855,24612175871,39493566463,42815455231,200832,44728057855,12721778087.03,14102858732.83,384579,10,10,10,0,0,0,0,0,0,34628173823,34997272575,35030827007,34630708123.39,1089
1790620220,0,385633,0,597.11,1054.26,1522687,6941573119,24628953087,39460012031,42815455231,200832,44728057855,12728370524.93,14103203308.37,385633,10,10,10,0,0,0,0,0,0,5440012287,35265708031,35265708031,15133790993.00,1054
1790620221,0,386713,0,597.86,1079.98,1528831,6832521215,24578621439,39460012031,42781900799,200832,44728057855,12709465615.40,14088031156.50,386713,10,10,10,0,0,0,0,0,0,5960105983,6316621823,6345981951,5959135080.30,1080
1790620222,0,387784,0,598.59,1071.32,1534975,6815743999,24528289791,39460012031,42781900799,200832,44728057855,12692991850.05,14072050569.62,387784,10,10,10,0,0,0,0,0,0,6736052223,7100956671,7134511103,6744701262.64,1071
1790620223,0,388905,0,599.39,1120.57,1541119,6903824383,24477958143,39426457599,42781900799,200832,44728057855,12678117628.22,14054483150.82,388905,10,10,10,0,0,0,0,0,0,7541358591,7876902911,7902068735,7532724910.93,1121
1790620224,0,389989,0,600.14,1083.67,1546239,6987710463,24427626495,39426457599,42781900799,200832,44728057855,12665982723.66,14036823778.03,389989,10,10,10,0,0,0,0,0,0,8317304831,8665432063,8698986495,8312361821.52,1084
1790620225,0,391066,0,600.87,1077.32,1552383,7075790847,24377294847,39392903167,42781900799,200832,44728057855,12656130822.66,14018740268.33,391066,10,10,10,0,0,0,0,0,0,9093251071,9445572607,9479127039,9088690691.33,1077
1790620226,0,392154,0,601.62,1087.82,1558527,7151288319,24326963199,39392903167,42781900799,200832,44728057855,12648423811.04,14000047510.34,392154,10,10,10,0,0,0,0,0,0,9890168831,10234101759,10259267583,9878248990.12,1088
1790620227,0,393274,0,602.41,1120.54,1565695,7235174399,24276631551,39392903167,42781900799,200832,44728057855,12642734905.73,13980508643.88,393274,10,10,10,0,0,0,0,0,0,10653532159,11014242303,11039408127,10650835821.71,1120
1790620228,0,394362,0,603.15,1087.57,1571839,7306477567,24226299903,39359348735,42781900799,200832,44728057855,12639383244.29,13961360202.45,394362,10,10,10,0,0,0,0,0,0,11425284095,11785994239,11819548671,11427874695.53,1088
1790620229,0,395484,0,603.95,1122.51,1579007,7386169343,24175968255,39359348735,42781900799,200832,44728057855,12638170077.60,13941565237.41,395484,10,10,10,0,0,0,0,0,0,12222201855,12566134783,12599689215,12211764693.11,1122
1790620230,0,396623,0,604.76,1139.02,1585151,7465861119,24125636607,39325794303,42781900799,200832,44728057855,12639168648.84,13921550087.63,396623,10,10,10,0,0,0,0,0,0,12993953791,13337886719,13371441151,12985892921.54,1139
1790620231,0,397706,0,605.49,1082.82,1592319,7545552895,24075304959,39325794303,42781900799,200832,44728057855,12642220173.80,13902709821.63,397706,10,10,10,0,0,0,0,0,0,13774094335,14109638655,14143193087,13759768638.40,1083
1790620232,0,398821,0,606.26,1114.80,1599487,7629438975,24024973311,39292239871,42781900799,200832,44728057855,12647523403.80,13883628428.93,398821,10,10,10,0,0,0,0,0,0,14537457663,14898167807,14923333631,14539116577.06,1115
1790620233,0,399923,0,607.02,1102.29,1606655,7717519359,23974641663,39292239871,42781900799,200832,44728057855,12654914353.19,13865204980.08,399923,10,10,10,0,0,0,0,0,0,15342764031,15686696959,15703474175,15329747226.48,1102
1790620234,0,401037,0,607.78,1113.78,1614847,7797211135,23924310015,39292239871,42748346367,200832,44728057855,12664548107.94,13847142309.11,401037,10,10,10,0,0,0,0,0,0,16139681791,16458448895,16483614719,16123040119.04,1114
1790620235,0,402231,0,608.67,1193.97,1622015,7876902911,23873978367,39258685439,42748346367,200832,44728057855,12677043339.50,13828476260.35,402231,10,10,10,0,0,0,0,0,0,16869490687,17230200831,17246978047,16873902786.68,1194
1790620236,0,403472,0,609.63,1241.29,1631231,7969177599,23823646719,39258685439,42748346367,200832,44728057855,12692263208.47,13809916729.78,403472,10,10,10,0,0,0,0,0,0,17632854015,17968398335,18001952767,17625303592.84,1241
1790620237,0,404687,0,610.54,1214.71,1639423,8053063679,23756537855,39258685439,42748346367,200832,44728057855,12709332131.24,13792683208.49,404687,10,10,10,0,0,0,0,0,0,18387828735,18723373055,18756927487,18377506950.85,1215
1790620238,0,405935,0,611.50,1247.96,1648639,8145338367,23706206207,39225131007,42748346367,200832,44728057855,12729102329.53,13776071244.02,405935,10,10,10,0,0,0,0,0,0,19142803455,19478347775,19511902207,19139953480.21,1248
1790620239,0,407156,0,612.42,1221.23,1657855,8229224447,23655874559,39225131007,42748346367,200832,44728057855,12750596058.35,13760986380.71,407156,10,10,10,0,0,0,0,0,0,19914555391,20233322495,20266876927,19896424731.47,1221
1790620240,0,408358,0,613.30,1202.12,1668095,8317304831,23588765695,39191576575,42748346367,200832,44728057855,12773827263.49,13747374201.72,408358,10,10,10,0,0,0,0,0,0,20669530111,20988297215,21021851647,20642982470.71,1202
1790620241,0,409455,0,614.03,1096.64,1676287,8405385215,23555211263,39191576575,42748346367,200832,44728057855,12797009706.66,13736235182.80,409455,10,10,10,0,0,0,0,0,0,21441282047,21776826367,21810380799,21426668894.05,1097
1790620242,0,410730,0,615.02,1275.20,1686527,8501854207,23488102399,39158022143,42748346367,200832,44728057855,12826167740.44,13724853456.71,410730,10,10,10,0,0,0,0,0,0,22196256767,22531801087,22548578303,22190013011.93,1275
1790620243,0,412142,0,616.21,1411.46,1697791,8606711807,23420993535,39158022143,42714791935,200832,44728057855,12860736484.81,13714007360.74,412142,10,10,10,0,0,0,0,0,0,22934454271,23236444159,23269998591,22916274994.04,1412
1790620244,0,413660,0,617.56,1518.87,1711103,8715763711,23538434047,39124467711,42714791935,200832,44728057855,12900232235.00,13704287677.55,413660,10,10,10,0,0,0,0,0,0,23639097343,23941087231,23974641663,23623458503.00,1518
1790620245,0,415183,0,618.91,1522.09,1723391,8833204223,23689428991,39124467711,42714791935,200832,44728057855,12942126999.88,13696548510.57,415183,10,10,10,0,0,0,0,0,0,24343740415,24628953087,24662507519,24321108249.05,1523
1790620246,0,416640,0,620.15,1457.85,1737727,8942256127,23823646719,39090913279,42714791935,200832,44728057855,12984344056.64,13691144458.84,416640,10,10,10,0,0,0,0,0,0,25031606271,25333596159,25367150591,25014408761.98,1457
1790620247,0,418095,0,621.39,1454.09,1748991,9051308031,23957864447,39090913279,42714791935,200832,44728057855,13028657158.62,13687861344.00,418095,10,10,10,0,0,0,0,0,0,25719472127,26038239231,26071793663,25717736752.74,1455
1790620248,0,419584,0,622.68,1489.19,1762303,9160359935,24108859391,39057358847,42714791935,200832,44728057855,13076252569.88,13686814347.31,419584,10,10,10,0,0,0,0,0,0,26457669631,26759659519,26776436735,26440526224.25,1489
1790620249,0,421083,0,623.98,1498.72,1774591,9261023231,24259854335,39057358847,42714791935,200832,44728057855,13126296225.46,13688066306.24,421083,10,10,10,0,0,0,0,0,0,27128758271,27464302591,27481079807,27133979466.97,1499
1790620250,0,422576,0,625.27,1493.61,1787903,9370075135,24394072063,39023804415,42714791935,200832,44728057855,13178236047.92,13691683754.82,422576,10,10,10,0,0,0,0,0,0,27833401343,28152168447,28185722879,27827248948.98,1493
1790620251,0,424065,0,626.54,1488.50,1802239,9487515647,24545067007,39023804415,42714791935,200832,44728057855,13232148556.60,13697773512.89,424065,10,10,10,0,0,0,0,0,0,28538044415,28856811519,28890365951,28532438865.32,1489
1790620252,0,425575,0,627.84,1509.53,1815551,9596567551,24696061951,38990249983,42714791935,200832,44728057855,13288927344.98,13706523487.21,425575,10,10,10,0,0,0,0,0,0,29242687487,29561454591,29578231807,29234554427.00,1510
1790620253,0,427066,0,629.12,1492.26,1828863,9705619455,24847056895,38990249983,42681237503,200832,44728057855,13347022875.72,13717739373.83,427066,10,10,10,0,0,0,0,0,0,29930553343,30249320447,30282874879,29929186186.56,1491
1790620254,0,428516,0,630.32,1450.00,1842175,9823059967,24998051839,38956695551,42681237503,200832,44728057855,13405488189.89,13731224291.64,428516,10,10,10,0,0,0,0,0,0,30618419199,30953963519,30987517951,30625176368.38,1450
1790620255,0,430174,0,631.83,1657.99,1858559,9940500479,25165823999,38956695551,42681237503,200832,44728057855,13474671763.48,13749800436.67,430174,10,10,10,0,0,0,0,0,0,31373393919,31641829375,31658606591,31355412549.17,1658
1790620256,0,432175,0,633.84,2000.43,1874943,10083106815,25367150591,38923141119,42681237503,200832,44728057855,13560244990.65,13775196791.24,432175,10,10,10,0,0,0,0,0,0,31960596479,32229031935,32262586367,31956735456.53,2001
1790620257,0,434178,0,635.85,2003.01,1893375,10242490367,25551699967,38889586687,42681237503,200832,44728057855,13647858010.36,13803513699.02,434178,10,10,10,0,0,0,0,0,0,32564576255,32833011711,32866566143,32551580823.84,2003
1790620258,0,436161,0,637.82,1983.21,1910783,10376708095,25753026559,38889586687,42681237503,200832,44728057855,13736530914.61,13834465355.59,436161,10,10,10,0,0,0,0,0,0,33151778815,33436991487,33470545919,33151470006.93,1983
1790620259,0,438128,0,639.76,1966.10,1929215,10519314431,25954353151,38856032255,42681237503,200832,44728057855,13826497897.68,13868239490.20,438128,10,10,10,0,0,0,0,0,0,33772535807,34040971263,34074525695,33775704458.61,1967
1790620260,0,440131,0,641.75,2004.27,1944575,10670309375,26138902527,38822477823,42681237503,200832,44728057855,13919973672.67,13905545174.55,440131,10,10,10,0,0,0,0,0,0,34393292799,34661728255,34695282687,34366481083.37,2003
1790620261,0,442105,0,643.68,1972.63,1963007,10812915711,26323451903,38788923391,42681237503,200832,44728057855,14013976094.59,13945291646.58,442105,10,10,10,0,0,0,0,0,0,34997272575,35265708031,35299262463,34973135142.65,1974
1790620262,0,444114,0,645.67,2009.29,1982463,10963910655,26491224063,38788923391,42681237503,200832,44728057855,14111502296.80,13988733722.40,444114,10,10,10,0,0,0,0,0,0,35601252351,35869687807,35869687807,35573334864.15,2009
1790620263,0,446477,0,648.16,2364.40,2006015,11140071423,26726105087,38755368959,42647683071,200832,44728057855,14228132820.73,14042993441.08,446477,10,10,10,0,0,0,0,0,0,36171677695,36406558719,36406558719,36148254913.27,2363
1790620264,0,448861,0,650.68,2382.54,2029567,11316232191,26960986111,38721814527,42647683071,200832,44728057855,14347315462.11,14100305263.30,448861,10,10,10,0,0,0,0,0,0,36674994175,36909875199,36943429631,36667914528.64,2384
1790620265,0,451279,0,653.24,2417.69,2054143,11492392959,27179089919,38688260095,42647683071,200832,44728057855,14469675911.06,14160958723.02,451279,10,10,10,0,0,0,0,0,0,37211865087,37413191679,37446746111,37183833676.65,2418
1790620266,0,453701,0,655.79,2423.88,2076671,11668553727,27430748159,38654705663,42647683071,200832,44728057855,14593673284.08,14224175783.60,453701,10,10,10,0,0,0,0,0,0,37715181567,37950062591,37983617023,37697476132.78,2422
1790620267,0,456076,0,658.28,2374.10,2101247,11869880319,27648851967,38621151231,42647683071,200832,44728057855,14716714670.49,14288658195.73,456076,10,10,10,0,0,0,0,0,0,38252052479,38453379071,38486933503,38221556799.38,2375
1790620268,0,458550,0,660.89,2473.98,2123775,12062818303,27883732991,38822477823,42647683071,200832,44728057855,14846327981.94,14358318592.44,458550,10,10,10,0,0,0,0,0,0,38755368959,38990249983,38990249983,38740232845.97,2474
1790620269,0,460997,0,663.46,2447.31,2146303,12238979071,28135391231,39057358847,42647683071,200832,44728057855,14975837358.22,14429490357.11,460997,10,10,10,0,0,0,0,0,0,39258685439,39493566463,39493566463,39244952393.96,2447
1790620270,0,463468,0,666.06,2470.86,2170879,12431917055,28370272255,39325794303,42614128639,200832,44728057855,15107927493.86,14503631818.86,463468,10,10,10,0,0,0,0,0,0,39762001919,39996882943,40030437375,39751050220.52,2471
1790620271,0,465886,0,668.58,2418.05,2193407,12616466431,28605153279,39594229759,42614128639,200832,44728057855,15238467540.86,14578406842.23,465886,10,10,10,0,0,0,0,0,0,40265318399,40500199423,40533753855,40259614979.18,2418
1790620272,0,468314,0,671.10,2428.55,2215935,12801015807,28840034303,39829110783,42614128639,200832,44728057855,15370873462.38,14655787552.03,468314,10,10,10,0,0,0,0,0,0,40802189311,41037070335,41037070335,40776995848.43,2428
1790620273,0,470736,0,673.60,2421.77,2240511,12985565183,29074915327,40063991807,42614128639,200832,44728057855,15504198150.97,14735132414.55,470736,10,10,10,0,0,0,0,0,0,41305505791,41540386815,41573941247,41283644151.33,2422
1790620274,0,473139,0,676.07,2402.80,2263039,13161725951,29276241919,40298872831,42614128639,200832,44728057855,15637789286.80,14816125229.26,473139,10,10,10,0,0,0,0,0,0,41808822271,42043703295,42077257727,41807642351.27,2403
1790620275,0,475532,0,678.52,2393.23,2287615,13337886719,29511122943,40533753855,42614128639,200832,44728057855,15772092320.33,14898970279.24,475532,10,10,10,0,0,0,0,0,0,42345693183,42580574207,42614128639,42326209739.26,2393
1790620276,0,477929,0,680.97,2397.25,2312191,13514047487,29746003967,40768634879,42849009663,200832,44728057855,15907901290.04,14984163779.29,477929,10,10,10,0,0,0,0,0,0,42882564095,43083890687,43117445119,42850542501.01,2397
1790620277,0,480288,0,683.36,2359.13,2332671,13690208255,29964107775,41003515903,43184553983,200832,44728057855,16042800359.93,15070146859.48,480288,10,10,10,0,0,0,0,0,0,43385880575,43620761599,43654316031,43373100305.91,2359
1790620278,0,482657,0,685.75,2367.56,2357247,13857980415,30198988799,41271951359,43587207167,200832,44728057855,16179576189.14,15158743274.55,482657,10,10,10,0,0,0,0,0,0,43922751487,44157632511,44191186943,43909331131.60,2369
1790620279,0,485068,0,688.20,2410.20,2379775,14042529791,30433869823,41506832383,43855642623,200832,44728057855,16317045677.98,15245748991.91,485068,10,10,10,0,0,0,0,0,0,44291850239,44493176831,44526731263,43837000499.71,2411
1790620280,0,487456,0,690.61,2388.57,2406399,14227079167,30635196415,41506832383,43855642623,200832,44728057855,16411139997.89,15268972306.11,487456,10,10,10,0,0,0,0,0,0,35534143487,40433090559,40902852607,35524265445.41,2388
1790620281,0,489842,0,693.01,2387.06,2428927,14403239935,30568087551,41473277951,43855642623,200832,44728057855,16450994769.19,15243979254.12,489842,10,10,10,0,0,0,0,0,0,24595398655,29544677375,29947330559,24593261072.74,2386
1790620282,0,492244,0,695.42,2401.95,2453503,14386462719,30500978687,41473277951,43855642623,200832,44728057855,16437106829.84,15209700968.42,492244,10,10,10,0,0,0,0,0,0,13639876607,18589155327,19008585727,13604926984.95,2402
1790620283,0,492966,0,695.46,721.98,2455551,14336131071,30484201471,41473277951,43855642623,200832,44728057855,16414547635.18,15210004669.26,492966,10,10,10,0,0,0,0,0,0,982515711,2451570687,2587885567,1034176148.57,722
1790620284,0,493166,0,694.76,200.01,2451455,14319353855,30467424255,41473277951,43855642623,200832,44728057855,16407891571.65,15210510241.99,493166,10,10,10,0,0,0,0,0,0,1831935,3012607,3141631,1826482.56,200
1790620285,0,493366,0,694.07,200.02,2447359,14302576639,30467424255,41473277951,43855642623,200832,44728057855,16401240920.74,15211012461.57,493366,10,10,10,0,0,0,0,0,0,1851391,3071999,3297279,1866397.44,200
1790620286,0,493566,0,693.37,199.88,2443263,14285799423,30450647039,41473277951,43855642623,200832,44728057855,16394595659.29,15211511353.82,493566,10,10,10,0,0,0,0,0,0,1800191,3080191,3545087,1865358.08,200
1790620287,0,493766,0,692.68,200.08,2441215,14269022207,30450647039,41473277951,43855642623,200832,44728057855,16387955781.80,15212006925.49,493766,10,10,10,0,0,0,0,0,0,1778687,3045375,3192831,1866906.88,200
1790620288,0,493966,0,691.99,199.96,2437119,14260633599,30450647039,41473277951,43855642623,200832,44728057855,16381321276.61,15212499189.93,493966,10,10,10,0,0,0,0,0,0,1795071,3178495,3268607,1855845.12,200
1790620289,0,494166,0,691.30,199.94,2433023,14243856383,30433869823,41439723519,43855642623,200832,44728057855,16374692135.48,15212988156.85,494166,10,10,10,0,0,0,0,0,0,1833983,2985983,3258367,1840492.80,200
1790620290,0,494366,0,690.61,200.00,2428927,14227079167,30433869823,41439723519,43855642623,200832,44728057855,16368068386.65,15213473796.63,494366,10,10,10,0,0,0,0,0,0,1909759,3108863,3332095,1911064.32,200
1790620291,0,494566,0,689.93,200.03,2424831,14210301951,30433869823,41439723519,43855642623,200832,44728057855,16361450001.01,15213956141.44,494566,10,10,10,0,0,0,0,0,0,1925119,3162111,4016127,1925821.44,200
1790620292,0,494766,0,689.25,200.04,2422783,14193524735,30417092607,41439723519,43855642623,200832,44728057855,16354836977.21,15214435193.50,494766,10,10,10,0,0,0,0,0,0,1858559,3153919,4130815,1953332.48,200
1790620293,0,494966,0,688.57,200.01,2420735,14176747519,30417092607,41439723519,43855642623,200832,44728057855,16348229289.07,15214910981.76,494966,10,10,10,0,0,0,0,0,0,1805311,3178495,3622911,1932128.00,200
1790620294,0,495166,0,687.89,200.05,2416639,14159970303,30400315391,41439723519,43855642623,200832,44728057855,16341626909.35,15215383536.21,495166,10,10,10,0,0,0,0,0,0,1854463,3024895,3282943,1859522.56,200
1790620295,0,496081,0,688.20,914.51,2422783,14092861439,30366760959,41439723519,43855642623,200832,44728057855,16312183578.49,15216770883.27,496081,10,10,10,0,0,0,0,0,0,385875967,711983103,740818943,378482628.41,915
1790620296,0,497135,0,688.71,1054.71,2433023,14017363967,30349983743,41439723519,43855642623,200832,44728057855,16280157781.69,15216506521.49,497135,10,10,10,0,0,0,0,0,0,1217396735,1601175551,1632632831,1206733394.58,1054
1790620297,0,498182,0,689.21,1046.28,2443263,13941866495,30316429311,41439723519,43855642623,200832,44728057855,16250356854.14,15214377397.56,498182,10,10,10,0,0,0,0,0,0,2110783487,2501902335,2539651071,2100324267.89,1047
1790620298,0,499192,0,689.65,1009.76,2453503,13866369023,30282874879,41439723519,43855642623,200832,44728057855,16223526217.98,15210659325.55,499192,10,10,10,0,0,0,0,0,0,2984247295,3399483391,3435134975,2989328217.73,1010
1790620299,0,500234,0,690.14,1043.04,2463743,13790871551,30249320447,41439723519,43822088191,200832,44728057855,16197801205.56,15205242269.73,500234,10,10,10,0,0,0,0,0,0,3869245439,4290772991,4328521727,3873693334.36,1042
1790620300,0,501255,0,690.59,1020.38,2471935,13723762687,30215766015,41406169087,43822088191,200832,44728057855,16174542122.51,15198475486.09,501255,10,10,10,0,0,0,0,0,0,4777312255,5200936959,5221908479,4778867147.35,1021
1790620301,0,502302,0,691.08,1047.26,2482175,13648265215,30182211583,41406169087,43822088191,200832,44728057855,16152672363.00,15190170913.89,502302,10,10,10,0,0,0,0,0,0,5687476223,6090129407,6123683839,5682446664.62,1047
1790620302,0,503361,0,691.59,1059.33,2492415,13572767743,30148657151,41406169087,43822088191,200832,44728057855,16132501451.95,15180545669.68,503361,10,10,10,0,0,0,0,0,0,6564085759,6962544639,7012876287,6565089778.95,1059
1790620303,0,504411,0,692.08,1049.12,2502655,13497270271,30115102719,41406169087,43822088191,200832,44728057855,16114489949.40,15169868753.90,504411,10,10,10,0,0,0,0,0,0,7478444031,7885291519,7914651647,7479930013.99,1050
1790620304,0,505619,0,692.79,1208.43,2512895,13413384191,30081548287,41406169087,43822088191,200832,44728057855,16095954066.22,15156474780.68,505619,10,10,10,0,0,0,0,0,0,8346664959,8757706751,8791261183,8356133392.95,1208
1790620305,0,506787,0,693.44,1168.13,2523135,13329498111,30047993855,41406169087,43822088191,200832,44728057855,16080126758.53,15142584888.33,506787,10,10,10,0,0,0,0,0,0,9227468799,9621733375,9680453631,9228596378.30,1168
1790620306,0,507895,0,694.00,1108.34,2533375,13254000639,29997662207,41372614655,43822088191,200832,44728057855,16067140065.62,15128613145.77,507895,10,10,10,0,0,0,0,0,0,10125049855,10527703039,10561257471,10127169720.84,1108
1790620307,0,508906,0,694.44,1010.99,2543615,13178503167,29964107775,41372614655,43822088191,200832,44728057855,16057126145.19,15115249389.10,508906,10,10,10,0,0,0,0,0,0,11031019519,11425284095,11458838527,11026443538.48,1011
1790620308,0,509971,0,694.94,1064.91,2551807,13103005695,29947330559,41372614655,43822088191,200832,44728057855,16048498112.56,15100640574.31,509971,10,10,10,0,0,0,0,0,0,11920211967,12322865151,12356419583,11925627149.22,1065
1790620309,0,511019,0,695.42,1047.27,2562047,13069451263,29913776127,41372614655,43822088191,200832,44728057855,16041866182.82,15085862100.70,511019,10,10,10,0,0,0,0,0,0,12826181631,13212057599,13245612031,12814679313.59,1048
1790620310,0,512096,0,695.94,1077.96,2572287,13128171519,29880221695,41372614655,43822088191,200832,44728057855,16036938895.99,15070376729.47,512096,10,10,10,0,0,0,0,0,0,13706985471,14101250047,14143193087,13699021357.16,1077
1790620311,0,513102,0,696.36,1005.31,2582527,13186891775,29846667263,41372614655,43822088191,200832,44728057855,16034121070.30,15055734427.25,513102,10,10,10,0,0,0,0,0,0,14612955135,15007219711,15040774143,14599730153.61,1006
1790620312,0,514190,0,696.89,1087.70,2592767,13254000639,29813112831,41339060223,43822088191,200832,44728057855,16032986321.70,15039822203.81,514190,10,10,10,0,0,0,0,0,0,15502147583,15896412159,15938355199,15497837628.24,1088
1790620313,0,515212,0,697.33,1022.68,2603007,13304332287,29779558399,41339060223,43822088191,200832,44728057855,16030788180.04,15025894258.08,515212,10,10,10,0,0,0,0,0,0,16290676735,16676552703,16718495743,14924856221.81,1022
1790620314,0,516277,0,697.83,1065.19,2613247,13237223423,29746003967,41339060223,43822088191,200832,44728057855,16009253724.98,15017863696.13,516277,10,10,10,0,0,0,0,0,0,5595201535,5997854719,6048186367,5591592071.57,1065
1790620315,0,517343,0,698.32,1065.33,2623487,13170114559,29712449535,41339060223,43822088191,200832,44728057855,15989650910.31,15008589138.11,517343,10,10,10,0,0,0,0,0,0,6505365503,6899630079,6937378815,6495765033.31,1066
1790620316,0,518402,0,698.81,1058.97,2633727,13111394303,29678895103,41339060223,43822088191,200832,44728057855,15972088770.96,14998279698.91,518402,10,10,10,0,0,0,0,0,0,7402946559,7801405439,7830765567,7392627146.33,1059
1790620317,0,519450,0,699.28,1048.58,2643967,13044285439,29645340671,41339060223,43822088191,200832,44728057855,15956579731.30,14987116918.38,519450,10,10,10,0,0,0,0,0,0,8300527615,8690597887,8724152319,8284903033.16,1048
1790620318,0,520522,0,699.78,1071.28,2654207,12977176575,29611786239,41305505791,43788533759,200832,44728057855,15942631944.00,14974828643.25,520522,10,10,10,0,0,0,0,0,0,9193914367,9588178943,9621733375,9184070273.91,1072
1790620319,0,521609,0,700.30,1087.53,2664447,12910067711,29578231807,41305505791,43788533759,200832,44728057855,15930383988.64,14961622541.75,521609,10,10,10,0,0,0,0,0,0,10066329599,10468982783,10502537215,10065314786.80,1087
1790620320,0,522681,0,700.80,1071.60,2676735,12842958847,29544677375,41305505791,43788533759,200832,44728057855,15920186599.08,14947968816.47,522681,10,10,10,0,0,0,0,0,0,10955522047,11366563839,11408506879,10958386069.01,1072
1790620321,0,523793,0,701.35,1111.84,2686975,12775849983,29511122943,41305505791,43788533759,200832,44728057855,15911540619.18,14933274377.39,523793,10,10,10,0,0,0,0,0,0,11844714495,12255756287,12289310719,11847611281.50,1112
1790620322,0,524871,0,701.85,1078.52,2697215,12767461375,29477568511,41305505791,43788533759,200832,44728057855,15905018461.76,14918628867.17,524871,10,10,10,0,0,0,0,0,0,12733906943,13153337343,13186891775,12735945733.70,1078
1790620323,0,525924,0,702.32,1053.37,2707455,12826181631,29444014079,41271951359,43788533759,200832,44728057855,15900482379.03,14904035052.89,525924,10,10,10,0,0,0,0,0,0,13656653823,14050918399,14076084223,13639458372.56,1053
1790620324,0,527013,0,702.84,1088.96,2717695,12884901887,29410459647,41271951359,43788533759,200832,44728057855,15897653547.68,14888762822.46,527013,10,10,10,0,0,0,0,0,0,14537457663,14940110847,14965276671,14531491661.34,1089
1790620325,0,528030,0,703.26,1016.60,2729983,12935233535,29376905215,41271951359,43788533759,200832,44728057855,15896744626.91,14874436629.85,528030,10,10,10,0,0,0,0,0,0,15435038719,15837691903,15871246335,15425738665.41,1017
1790620326,0,529147,0,703.81,1116.56,2740223,13002342399,29343350783,41271951359,43788533759,200832,44728057855,15897617913.14,14858745476.20,529147,10,10,10,0,0,0,0,0,0,16315842559,16710107135,16752050175,16310439154.94,1117
1790620327,0,530265,0,704.36,1119.05,2752511,13069451263,29309796351,41271951359,43788533759,200832,44728057855,15900366954.29,14843198553.33,530265,10,10,10,0,0,0,0,0,0,17213423615,17616076799,17649631231,17201482229.92,1118
1790620328,0,531338,0,704.85,1072.80,2764799,13119782911,29276241919,41271951359,43788533759,200832,44728057855,15904781641.03,14828532777.62,531338,10,10,10,0,0,0,0,0,0,18085838847,18505269247,18538823679,18086472098.00,1073
1790620329,0,532403,0,705.32,1064.33,2775039,13178503167,29242687487,41238396927,43788533759,200832,44728057855,15910955165.24,14814340249.68,532403,10,10,10,0,0,0,0,0,0,19008585727,19394461695,19428016127,18990981466.14,1065
1790620330,0,533500,0,705.84,1097.35,2785279,13237223423,29209133055,41238396927,43788533759,200832,44728057855,15919128140.79,14800201254.20,533500,10,10,10,0,0,0,0,0,0,19897778175,20283654143,20317208575,19885688486.62,1097
1790620331,0,534576,0,706.33,1076.41,2797567,13295943679,29175578623,41238396927,43788533759,200832,44728057855,15928903743.89,14786905506.58,534576,10,10,10,0,0,0,0,0,0,20770193407,21189623807,21223178239,20775822195.15,1076
1790620332,0,535697,0,706.88,1121.13,2807807,13354663935,29142024191,41238396927,43788533759,200832,44728057855,15940919361.27,14773760973.65,535697,10,10,10,0,0,0,0,0,0,21676163071,22078816255,22112370687,21670857520.64,1121
1790620333,0,536785,0,707.38,1087.98,2820095,13404995583,29108469759,41238396927,43788533759,200832,44728057855,15954334374.06,14761787024.86,536785,10,10,10,0,0,0,0,0,0,22565355519,22951231487,23001563135,22559464990.12,1088
1790620334,0,537843,0,707.84,1057.69,2832383,13463715839,29091692543,41238396927,43788533759,200832,44728057855,15969084801.31,14751007338.17,537843,10,10,10,0,0,0,0,0,0,23471325183,23857201151,23890755583,23452835359.94,1058
1790620335,0,538949,0,708.37,1105.18,2842623,13522436095,29058138111,41204842495,43788533759,200832,44728057855,15986259049.90,14740734567.20,538949,10,10,10,0,0,0,0,0,0,24343740415,24729616383,24779948031,24338021600.06,1106
1790620336,0,540059,0,708.89,1110.66,2854911,13589544959,29024583679,41204842495,43754979327,200832,44728057855,16005250946.57,14731527994.89,540059,10,10,10,0,0,0,0,0,0,25232932863,25635586047,25669140479,25226569613.61,1110
1790620337,0,541131,0,709.37,1071.42,2863103,13639876607,28991029247,41204842495,43754979327,200832,44728057855,16025299380.89,14723811494.73,541131,10,10,10,0,0,0,0,0,0,26122125311,26541555711,26558332927,26125427543.88,1072
1790620338,0,542268,0,709.93,1138.03,2875391,13706985471,28957474815,41204842495,43754979327,200832,44728057855,16048309632.40,14716935667.67,542268,10,10,10,0,0,0,0,0,0,27011317759,27397193727,27447525375,26999550099.70,1137
1790620339,0,543358,0,710.43,1090.05,2887679,13757317119,28923920383,41204842495,43754979327,200832,44728057855,16072080942.87,14711728781.49,543358,10,10,10,0,0,0,0,0,0,27900510207,28303163391,28336717823,27898155240.98,1090
1790620340,0,544431,0,710.90,1072.04,2897919,13807648767,28940697599,41204842495,43754979327,200832,44728057855,16097147306.98,14708049310.64,544431,10,10,10,0,0,0,0,0,0,28806479871,29209133055,29225910271,28790539171.43,1073
1790620341,0,545465,0,711.32,1034.98,2908159,13866369023,29007806463,41171288063,43754979327,200832,44728057855,16122913549.38,14705996408.61,545465,10,10,10,0,0,0,0,0,0,29712449535,30098325503,30131879935,29689587739.73,1034
1790620342,0,546503,0,711.75,1037.35,2920447,13916700671,29091692543,41171288063,43754979327,200832,44728057855,16150370331.70,14705504179.91,546503,10,10,10,0,0,0,0,0,0,30601641983,30987517951,31021072383,30578803635.05,1038
1790620343,0,547578,0,712.22,1075.26,2932735,13983809535,29175578623,41171288063,43754979327,200832,44728057855,16180476277.11,14706740629.13,547578,10,10,10,0,0,0,0,0,0,31507611647,31893487615,31927042047,31485582773.22,1075
1790620344,0,548609,0,712.63,1030.53,2942975,14034141183,29259464703,41171288063,43754979327,200832,44728057855,16210878184.98,14709615106.32,548609,10,10,10,0,0,0,0,0,0,32346472447,32782680063,32816234495,32357741334.60,1031
1790620345,0,549648,0,713.06,1039.03,2955263,14000586751,29242687487,41171288063,43754979327,200832,44728057855,16201031729.20,14705314688.50,549648,10,10,10,0,0,0,0,0,0,5502926847,32967229439,33000783871,11001941972.64,1039
1790620346,0,550686,0,713.48,1037.79,2965503,13941866495,29225910271,41137733631,43754979327,200832,44728057855,16182205628.61,14697839227.95,550686,10,10,10,0,0,0,0,0,0,6220152831,6610223103,6647971839,6213295670.26,1038
1790620347,0,551744,0,713.92,1057.98,2977791,13891534847,29209133055,41137733631,43754979327,200832,44728057855,16164818789.42,14689101909.87,551744,10,10,10,0,0,0,0,0,0,7130316799,7516192767,7541358591,7115018294.20,1058
1790620348,0,552848,0,714.43,1105.04,2992127,13832814591,29175578623,41137733631,43754979327,200832,44728057855,16148514594.81,14678958431.03,552848,10,10,10,0,0,0,0,0,0,7998537727,8388607999,8426356735,8000197973.33,1104
1790620349,0,553930,0,714.90,1081.85,3004415,13774094335,29142024191,41137733631,43754979327,200832,44728057855,16134326559.95,14668125713.94,553930,10,10,10,0,0,0,0,0,0,8891924479,9277800447,9319743487,8884948833.01,1082
1790620350,0,555095,0,715.48,1164.78,3018751,13715374079,29108469759,41137733631,43754979327,200832,44728057855,16120970014.09,14655624231.34,555095,10,10,10,0,0,0,0,0,0,9772728319,10166992895,10208935935,9770247740.21,1165
1790620351,0,556186,0,715.96,1090.76,3031039,13656653823,29091692543,41137733631,43754979327,200832,44728057855,16110245116.99,14643245952.40,556186,10,10,10,0,0,0,0,0,0,10645143551,11064573951,11098128383,10653474493.13,1091
1790620352,0,557263,0,716.43,1077.32,3045375,13597933567,29058138111,41137733631,43754979327,200832,44728057855,16101413625.33,14630470045.34,557263,10,10,10,0,0,0,0,0,0,11525947391,11962155007,11987320831,11540641086.51,1077
1790620353,0,558366,0,716.93,1102.49,3059711,13539213311,29024583679,41104179199,43754979327,200832,44728057855,16094178480.58,14616921685.09,558366,10,10,10,0,0,0,0,0,0,12440305663,12851347455,12876513279,12438803624.04,1103
1790620354,0,559506,0,717.47,1140.71,3074047,13514047487,28991029247,41104179199,43721424895,200832,44728057855,16088531693.60,14602562379.61,559506,10,10,10,0,0,0,0,0,0,13321109503,13723762687,13765705727,13322765150.32,1140
1790620355,0,560613,0,717.97,1106.92,3086335,13564379135,28974252031,41104179199,43721424895,200832,44728057855,16084847817.03,14588377442.62,560613,10,10,10,0,0,0,0,0,0,14235467775,14621343743,14654898175,14222922752.93,1107
1790620356,0,561697,0,718.44,1083.72,3100671,13614710783,28940697599,41104179199,43721424895,200832,44728057855,16082953937.95,14574361846.18,561697,10,10,10,0,0,0,0,0,0,15116271615,15502147583,15544090623,15103495239.79,1084
1790620357,0,562822,0,718.95,1125.43,3119103,13673431039,28907143167,41104179199,43721424895,200832,44728057855,16082765027.24,14559793464.78,562822,10,10,10,0,0,0,0,0,0,15988686847,16382951423,16433283071,15988444510.44,1125
1790620358,0,563938,0,719.46,1115.97,3135487,13723762687,28873588735,41104179199,43721424895,200832,44728057855,16084357514.31,14545428300.59,563938,10,10,10,0,0,0,0,0,0,16894656511,17297309695,17330864127,16887481846.82,1116
1790620359,0,564998,0,719.90,1060.01,3149823,13774094335,28856811519,41070624767,43721424895,200832,44728057855,16087560947.64,14531969561.70,564998,10,10,10,0,0,0,0,0,0,17800626175,18186502143,18220056575,17791841878.94,1060
1790620360,0,566107,0,720.39,1108.91,3166207,13824425983,28823257087,41070624767,43721424895,200832,44728057855,16092620804.76,14518181926.58,566107,10,10,10,0,0,0,0,0,0,18673041407,19075694591,19109249023,18670446915.17,1109
1790620361,0,567258,0,720.94,1150.81,3186687,13874757631,28789702655,41070624767,43721424895,200832,44728057855,16099646968.73,14504286993.95,567258,10,10,10,0,0,0,0,0,0,19562233855,19964887039,19998441471,19555390326.10,1151
1790620362,0,568416,0,721.49,1158.16,3211263,13933477887,28756148223,41070624767,43721424895,200832,44728057855,16108475487.83,14490827332.35,568416,10,10,10,0,0,0,0,0,0,20434649087,20854079487,20887633919,20433214766.42,1158
1790620363,0,569829,0,722.37,1412.99,3244031,14000586751,28722593791,41037070335,43721424895,200832,44728057855,16121427785.63,14475186474.94,569829,10,10,10,0,0,0,0,0,0,21357395967,21709717503,21743271935,21331826445.95,1413
1790620364,0,571567,0,723.65,1736.82,3284991,14084472831,28672262143,41037070335,43721424895,200832,44728057855,16139726133.24,14456965072.32,571567,10,10,10,0,0,0,0,0,0,22145925119,22515023871,22548578303,22139109979.32,1738
1790620365,0,573250,0,724.87,1684.23,3334143,14168358911,28621930495,41037070335,43721424895,200832,44728057855,16159792475.30,14440469102.80,573250,10,10,10,0,0,0,0,0,0,22984785919,23353884671,23387439103,22974563082.80,1683
1790620366,0,574904,0,726.04,1653.01,3395583,14252244991,28571598847,41037070335,43721424895,200832,44728057855,16181803725.07,14425508722.69,574904,10,10,10,0,0,0,0,0,0,23823646719,24192745471,24226299903,23810551565.31,1654
1790620367,0,576566,0,727.22,1662.10,3452927,14327742463,28538044415,41003515903,43721424895,200832,44728057855,16206216254.74,14411862142.49,576566,10,10,10,0,0,0,0,0,0,24662507519,25031606271,25065160703,24650777601.23,1662
1790620368,0,578271,0,728.45,1705.67,3520511,14411628543,28487712767,41003515903,43721424895,200832,44728057855,16233525462.49,14399366034.90,578271,10,10,10,0,0,0,0,0,0,25484591103,25853689855,25887244287,25468458408.61,1705
1790620369,0,579967,0,729.67,1696.51,3596287,14487126015,28437381119,41003515903,43721424895,200832,44728057855,16262982069.09,14388586623.37,579967,10,10,10,0,0,0,0,0,0,26306674687,26692550655,26726105087,26306555981.28,1696
1790620370,0,581703,0,730.94,1735.40,3676159,14562623487,28387049471,41003515903,43721424895,200832,44728057855,16295431167.98,14379343318.77,581703,10,10,10,0,0,0,0,0,0,27145535487,27514634239,27548188671,27136103136.15,1736
1790620371,0,583360,0,732.10,1656.94,3753983,14638120959,28353495039,40969961471,43687870463,200832,44728057855,16328597831.89,14372353575.33,583360,10,10,10,0,0,0,0,0,0,27967619071,28353495039,28387049471,27972018408.36,1657
1790620372,0,585071,0,733.32,1711.70,3844095,14722007039,28470935551,40969961471,43687870463,200832,44728057855,16365079867.51,14367129544.72,585071,10,10,10,0,0,0,0,0,0,28806479871,29175578623,29209133055,28803513707.28,1711
1790620373,0,586791,0,734.56,1719.09,3938303,14797504511,28588376063,40969961471,43687870463,200832,44728057855,16403938365.37,14363953873.58,586791,10,10,10,0,0,0,0,0,0,29628563455,30014439423,30047993855,29621950111.55,1720
1790620374,0,588511,0,735.79,1720.04,4040703,14881390591,28705816575,40936407039,43687870463,200832,44728057855,16445001307.00,14362993414.99,588511,10,10,10,0,0,0,0,0,0,30450647039,30836523007,30870077439,30453934203.83,1720
1790620375,0,590152,0,736.92,1641.88,4151295,14956888063,28806479871,40936407039,43687870463,200832,44728057855,16486254492.76,14364276163.97,590152,10,10,10,0,0,0,0,0,0,31272730623,31675383807,31692161023,31280863637.61,1641
1790620376,0,591846,0,738.12,1692.96,4276223,15032385535,28923920383,40936407039,43687870463,200832,44728057855,16530995732.82,14367999303.76,591846,10,10,10,0,0,0,0,0,0,32128368639,32497467391,32531021823,32117850692.31,1694
1790620377,0,593560,0,739.33,1714.55,4423679,15116271615,29041360895,40936407039,43687870463,200832,44728057855,16578384257.68,14374243422.41,593560,10,10,10,0,0,0,0,0,0,32950452223,33319550975,33353105407,32941691659.05,1714
1790620378,0,595197,0,740.45,1637.29,4587519,15183380479,29142024191,40902852607,43687870463,200832,44728057855,16625696219.07,14382711541.01,595197,10,10,10,0,0,0,0,0,0,33789313023,34175188991,34208743423,33780545211.97,1637
1790620379,0,596813,0,741.54,1615.78,4780031,15250489343,29242687487,40902852607,43687870463,200832,44728057855,16674433997.48,14393655106.30,596813,10,10,10,0,0,0,0,0,0,34661728255,34997272575,35064381439,34625287644.51,1616
1790620380,0,598460,0,742.66,1646.66,5009407,15325986815,29343350783,40902852607,43687870463,200832,44728057855,16726111752.87,14407464179.74,598460,10,10,10,0,0,0,0,0,0,35467034623,35836133375,35869687807,35452253968.01,1647
1790620381,0,600182,0,743.87,1722.53,5308415,15409872895,29460791295,40902852607,43687870463,200832,44728057855,16782245531.39,14424795512.49,600182,10,10,10,0,0,0,0,0,0,36305895423,36674994175,36708548607,36290852438.23,1722
1790620382,0,601902,0,745.08,1719.85,5668863,15485370367,29578231807,40869298175,43687870463,200832,44728057855,16840368214.22,14445037354.67,601902,10,10,10,0,0,0,0,0,0,37144756223,37513854975,37547409407,37121872881.71,1720
1790620383,0,603608,0,746.27,1705.91,6045695,15560867839,29695672319,40869298175,43687870463,200832,44728057855,16900013437.75,14468057150.65,603608,10,10,10,0,0,0,0,0,0,37950062591,38319161343,38352715775,37943729340.47,1706
1790620384,0,605485,0,747.67,1877.05,6606847,15653142527,29829890047,40869298175,43654316031,200832,44728057855,16967852833.31,14496755307.43,605485,10,10,10,0,0,0,0,0,0,38822477823,39158022143,39191576575,38783730231.37,1877
1790620385,0,607471,0,749.19,1985.98,7413759,15753805823,29947330559,40869298175,43654316031,200832,44728057855,17041748947.80,14530445525.65,607471,10,10,10,0,0,0,0,0,0,39594229759,39929774079,39963328511,39570947782.51,1986
1790620386,0,609431,0,750.68,1960.50,8347647,15846080511,30081548287,40835743743,43654316031,200832,44728057855,17116790986.18,14567097253.01,609431,10,10,10,0,0,0,0,0,0,40399536127,40735080447,40802189311,40374883892.24,1960
1790620387,0,611431,0,752.22,1998.98,9584639,15938355199,30215766015,41003515903,43654316031,200832,44728057855,17195530023.15,14608065020.35,611431,10,10,10,0,0,0,0,0,0,41204842495,41540386815,41573941247,41188535042.05,2000
1790620388,0,613420,0,753.74,1989.81,11313151,16030629887,30349983743,41137733631,43654316031,200832,44728057855,17275918666.82,14652316163.62,613420,10,10,10,0,0,0,0,0,0,42010148863,42345693183,42379247615,41987888897.67,1989
1790620389,0,615436,0,755.29,2015.65,13967359,16122904575,30484201471,41305505791,43654316031,200832,44728057855,17359475176.12,14700735882.67,615436,10,10,10,0,0,0,0,0,0,42781900799,43150999551,43184553983,42783698358.86,2016
1790620390,0,617418,0,756.79,1980.63,18989055,16215179263,30618419199,41473277951,43754979327,200832,44728057855,17443669617.30,14751921696.77,617418,10,10,10,0,0,0,0,0,0,43620761599,43956305919,43989860351,43587105590.51,1982
1790620391,0,619373,0,758.26,1956.35,28164095,16315842559,30752636927,41641050111,43956305919,200832,44795166719,17528717154.52,14805971264.44,619373,10,10,10,0,0,0,0,0,0,44426067967,44761612287,44795166719,44387990982.12,1955
1790620392,0,621379,0,759.79,2006.29,66191359,16408117247,30886854655,41775267839,44191186943,200832,45600473087,17618015819.77,14865106575.01,621379,10,10,10,0,0,0,0,0,0,45197819903,45566918655,45600473087,45189891289.46,2006
1790620393,0,623367,0,761.29,1988.32,134742015,16500391935,31004295167,41943039999,44392513535,200832,46405779455,17708471500.15,14927301748.71,623367,10,10,10,0,0,0,0,0,0,46003126271,46372225023,46405779455,45981741229.07,1988
1790620394,0,625360,0,762.79,1991.42,206700543,16584278015,31138512895,42110812159,44694503423,200832,47211085823,17801141023.72,14993345203.76,625360,10,10,10,0,0,0,0,0,0,46808432639,47143976959,47177531391,46786150005.40,1993
1790620395,0,627369,0,764.31,2009.20,277610495,16676552703,31289507839,42278584319,45499809791,200832,47982837759,17896537616.76,15063648353.61,627369,10,10,10,0,0,0,0,0,0,47613739007,47949283327,47982837759,47591516921.50,2009
1790620396,0,629336,0,765.77,1967.17,344195071,16768827391,31406948351,42412802047,46271561727,200832,48788144127,17991836379.41,15136085364.92,629336,10,10,10,0,0,0,0,0,0,48419045375,48754589695,48788144127,48387102989.67,1967
1790620397,0,631347,0,767.28,2011.78,416808959,16869490687,31541166079,42580574207,47076868095,200832,49593450495,18091164735.74,15213779094.23,631347,10,10,10,0,0,0,0,0,0,49190797311,49559896063,49593450495,49175655269.71,2011
1790620398,0,633326,0,768.75,1979.43,482082815,16970153983,31675383807,42748346367,47848620031,200832,50398756863,18190823791.71,15293936956.29,633326,10,10,10,0,0,0,0,0,0,49996103679,50365202431,50398756863,49984379127.33,1979
1790620399,0,635425,0,770.37,2099.00,557842431,17079205887,31792824319,42916118527,48687480831,200832,51204063231,18298555375.43,15382909711.82,635425,10,10,10,0,0,0,0,0,0,50834964479,51170508799,51204063231,50804135646.22,2099
1790620400,0,638586,0,773.26,3160.51,659030015,17246978047,31977373695,43218108415,49928994815,200832,51875151871,18463010771.02,15520936690.44,638586,10,10,10,0,0,0,0,0,0,51539607551,51841597439,51875151871,51521874974.13,3161
1790620401,0,641865,0,776.29,3278.45,765984767,17414750207,32178700287,43587207167,51204063231,200832,52546240511,18635479112.60,15667225338.40,641865,10,10,10,0,0,0,0,0,0,52244250623,52512686079,52546240511,52223728082.56,3279
1790620402,0,646484,0,780.93,4618.78,915931135,17649631231,32463912959,44090523647,52210696191,200832,53083111423,18879585249.53,15874154631.60,646484,10,10,10,0,0,0,0,0,0,52814675967,53049556991,53083111423,52801036988.55,4619
1790620403,0,651138,0,785.61,4655.53,1082130431,17884512255,32749125631,44593840127,52881784831,200832,53619982335,19125853160.04,16081431186.90,651138,10,10,10,0,0,0,0,0,0,53351546879,53586427903,53619982335,53334762454.20,4654
1790620404,0,655674,0,790.13,4535.98,1240465407,18119393279,33034338303,46204452863,53385101311,200832,54156853247,19366279477.10,16282546727.50,655674,10,10,10,0,0,0,0,0,0,53888417791,54156853247,54156853247,53879222871.59,4536
1790620405,0,660275,0,794.71,4599.93,1395654655,18337497087,33336328191,47949283327,53921972223,200832,54693724159,19610544148.21,16485652924.96,660275,10,10,10,0,0,0,0,0,0,54425288703,54693724159,54693724159,54419932101.02,4601
1790620406,0,664935,0,799.36,4660.28,1570766847,18572378111,33655095295,49727668223,54458843135,200832,55264149503,19858242690.39,16690283926.17,664935,10,10,10,0,0,0,0,0,0,54962159615,55230595071,55230595071,54954627870.10,4660
1790620407,0,669558,0,803.95,4622.95,1735393279,18824036351,33973862399,51338280959,54995714047,200832,55767465983,20104301987.47,16892326709.33,669558,10,10,10,0,0,0,0,0,0,55499030527,55767465983,55767465983,55495484921.24,4623
1790620408,0,678142,0,813.28,8585.84,2049966079,19260243967,34561064959,52814675967,55834574847,200832,55935238143,20556677396.26,17254015527.96,678142,10,10,10,0,0,0,0,0,0,55868129279,55901683711,55935238143,55842275480.69,8584
1790620409,0,687062,0,822.99,8919.68,2369781759,19713228799,35198599167,53821308927,55935238143,200832,56035901439,21016285206.82,17603849389.50,687062,10,10,10,0,0,0,0,0,0,55968792575,56035901439,56035901439,55957917479.26,8920
1790620410,0,690432,0,826.04,3367.97,2403336191,19763560447,35299262463,54056189951,55968792575,200832,56069455871,21097562900.89,17689236740.40,690432,10,10,10,0,0,0,0,0,0,56035901439,56069455871,56069455871,37668131162.40,3370
1790620411,0,690632,0,825.29,200.03,2384461823,19746783231,35299262463,54056189951,55968792575,200832,56069455871,21091453795.07,17690317120.72,690632,10,10,10,0,0,0,0,0,0,1829887,2961407,3287039,1843042.56,200
1790620412,0,690832,0,824.54,199.95,2361393151,19746783231,35299262463,54056189951,55968792575,200832,56069455871,21085348243.06,17691394682.07,690832,10,10,10,0,0,0,0,0,0,1980415,2988031,3168255,1900281.60,200
1790620413,0,691032,0,823.80,199.95,2342518783,19730006015,35299262463,54056189951,55968792575,200832,56069455871,21079246235.11,17692469437.19,691032,10,10,10,0,0,0,0,0,0,1938431,3217407,3741695,1934440.96,200
1790620414,0,691232,0,823.06,200.16,2319450111,19730006015,35299262463,54056189951,55968792575,200832,56069455871,21073147745.00,17693541418.33,691232,10,10,10,0,0,0,0,0,0,1915903,3049471,3231743,1888647.68,200
1790620415,0,692081,0,823.09,848.28,2233466879,19679674367,35265708031,54056189951,55968792575,200832,56069455871,21047789893.66,17697484655.73,692081,10,10,10,0,0,0,0,0,0,404750335,765460479,795344895,402138188.29,849
1790620416,0,693114,0,823.34,1032.99,2122317823,19629342719,35265708031,54056189951,55968792575,200832,56069455871,21018338954.40,17700717293.15,693114,10,10,10,0,0,0,0,0,0,1299185663,1706033151,1729101823,1287036444.25,1033
1790620417,0,694143,0,823.58,1029.13,2101346303,19579011071,35232153599,54056189951,55968792575,200832,56069455871,20990459743.05,17702389334.47,694143,10,10,10,0,0,0,0,0,0,2212495359,2644508671,2680160255,2211575690.57,1029
1790620418,0,695170,0,823.82,1027.46,2133852159,19528679423,35198599167,54022635519,55968792575,200832,56069455871,20964129649.25,17702551240.38,695170,10,10,10,0,0,0,0,0,0,3177185279,3598712831,3630170111,3167780768.28,1027
1790620419,0,696239,0,824.11,1069.07,2166358015,19478347775,35165044735,54022635519,55968792575,200832,56069455871,20938275221.56,17701241868.28,696239,10,10,10,0,0,0,0,0,0,4141875199,4538236927,4580179967,4125157818.55,1069
1790620420,0,697240,0,824.32,1000.93,2197815295,19428016127,35165044735,54022635519,55968792575,200832,56069455871,20915481459.21,17698745701.68,697240,10,10,10,0,0,0,0,0,0,5049942015,5490343935,5532286975,5061429213.22,1001
1790620421,0,698253,0,824.55,1013.05,2231369727,19377684479,35131490303,54022635519,55968792575,200832,56069455871,20893867727.31,17694993633.86,698253,10,10,10,0,0,0,0,0,0,6018826239,6442450943,6480199679,6017304614.41,1013
1790620422,0,699260,0,824.76,1007.31,2258632703,19327352831,35097935871,54022635519,55968792575,200832,56069455871,20873806163.86,17690140251.83,699260,10,10,10,0,0,0,0,0,0,6966738943,7390363647,7428112383,6963134008.44,1007
1790620423,0,700271,0,824.98,1010.55,2287992831,19277021183,35097935871,53989081087,55968792575,200832,56069455871,20855100485.73,17684212763.95,700271,10,10,10,0,0,0,0,0,0,7923040255,8342470655,8380219391,7917283978.26,1011
1790620424,0,701277,0,825.19,1006.00,2319450111,19226689535,35064381439,53989081087,55968792575,200832,56069455871,20837908972.87,17677347029.00,701277,10,10,10,0,0,0,0,0,0,8866758655,9302966271,9336520703,8870992568.24,1006
1790620425,0,702301,0,825.43,1024.04,2353004543,19176357887,35030827007,53989081087,55968792575,200832,56069455871,20821842738.34,17669461028.94,702301,10,10,10,0,0,0,0,0,0,9823059967,10242490367,10276044799,9819029504.00,1024
1790620426,0,703345,0,825.68,1044.06,2384461823,19109249023,34997272575,53989081087,55968792575,200832,56069455871,20806899090.66,17660599177.41,703345,10,10,10,0,0,0,0,0,0,10762584063,11182014463,11223957503,10754275806.65,1044
1790620427,0,704361,0,825.91,1016.32,2409627647,19058917375,34997272575,53989081087,55968792575,200832,56069455871,20793793348.32,17651228893.59,704361,10,10,10,0,0,0,0,0,0,11727273983,12138315775,12180258815,11721098119.06,1016
1790620428,0,705427,0,826.19,1065.96,2443182079,19008585727,34963718143,53989081087,55968792575,200832,56069455871,20781478084.84,17640730866.91,705427,10,10,10,0,0,0,0,0,0,12633243647,13077839871,13119782911,12644150412.25,1066
1790620429,0,706442,0,826.41,1014.18,2474639359,18941476863,34930163711,53955526655,55968792575,200832,56069455871,20771157184.71,17630156151.96,706442,10,10,10,0,0,0,0,0,0,13597933567,14034141183,14076084223,13598111257.73,1015
1790620430,0,707465,0,826.64,1022.98,2503999487,18891145215,34930163711,53955526655,55968792575,200832,56069455871,20762158721.01,17618994854.48,707465,10,10,10,0,0,0,0,0,0,14554234879,14982053887,15015608319,14548187374.23,1023
1790620431,0,708498,0,826.88,1034.00,2535456767,18840813567,34896609279,53955526655,55968792575,200832,56069455871,20754477279.01,17607296452.88,708498,10,10,10,0,0,0,0,0,0,15485370367,15938355199,15971909631,15493730553.80,1033
1790620432,0,709547,0,827.14,1049.01,2573205503,18790481919,34863054847,53955526655,55968792575,200832,56069455871,20748092390.64,17595061896.66,709547,10,10,10,0,0,0,0,0,0,16433283071,16869490687,16919822335,16435718087.38,1049
1790620433,0,710628,0,827.43,1080.98,2602565631,18740150271,34863054847,53955526655,55968792575,200832,56069455871,20742991218.38,17582163016.26,710628,10,10,10,0,0,0,0,0,0,17397972991,17834180607,17867735039,17394682733.17,1081
1790620434,0,711661,0,827.67,1032.32,2634022911,18689818623,34829500415,53921972223,55968792575,200832,56069455871,20739490144.22,17569640906.56,711661,10,10,10,0,0,0,0,0,0,18337497087,18773704703,18824036351,18331008706.79,1033
1790620435,0,712695,0,827.91,1033.99,2661285887,18740150271,34795945983,53921972223,55968792575,200832,56069455871,20737382779.26,17556981101.84,712695,10,10,10,0,0,0,0,0,0,19293798399,19730006015,19763560447,19286967444.55,1034
1790620436,0,713870,0,828.32,1175.52,2696937471,18807259135,34762391551,53921972223,55968792575,200832,56069455871,20736576818.78,17542540613.43,713870,10,10,10,0,0,0,0,0,0,20250099711,20652752895,20703084543,20247722344.80,1175
1790620437,0,714984,0,828.65,1113.30,2730491903,18857590783,34762391551,53921972223,55968792575,200832,56069455871,20737261300.56,17528880841.55,714984,10,10,10,0,0,0,0,0,0,21172846591,21609054207,21642608639,21175888780.18,1114
1790620438,0,716164,0,829.05,1181.08,2768240639,18907922431,34728837119,53888417791,55968792575,200832,56069455871,20739559422.17,17514528773.40,716164,10,10,10,0,0,0,0,0,0,22145925119,22548578303,22582132735,22132034153.87,1180
1790620439,0,717350,0,829.47,1185.16,2808086527,18958254079,34695282687,53888417791,55968792575,200832,56069455871,20743407658.54,17500303142.53,717350,10,10,10,0,0,0,0,0,0,23068671999,23488102399,23521656831,23067158372.59,1186
1790620440,0,718474,0,829.81,1124.16,2839543807,19008585727,34661728255,53888417791,55968792575,200832,56069455871,20748512822.68,17487087701.31,718474,10,10,10,0,0,0,0,0,0,24008196095,24427626495,24477958143,24006688534.78,1124
1790620441,0,719588,0,830.13,1114.16,2875195391,18975031295,34628173823,53888417791,55968792575,200832,56069455871,20727963359.09,17482865277.61,719588,10,10,10,0,0,0,0,0,0,5498732543,24528289791,24578621439,7474592350.68,1114
1790620442,0,720743,0,830.51,1154.98,2912944127,18907922431,34628173823,53888417791,55968792575,200832,56069455871,20704898970.39,17478338404.48,720743,10,10,10,0,0,0,0,0,0,6345981951,6761218047,6803161087,6335325514.69,1155
1790620443,0,721907,0,830.89,1164.32,2948595711,18857590783,34594619391,53854863359,55968792575,200832,56069455871,20683239638.04,17472559707.66,721907,10,10,10,0,0,0,0,0,0,7272923135,7700742143,7742685183,7271888973.42,1164
1790620444,0,723083,0,831.29,1176.17,2984247295,18807259135,34561064959,53854863359,55968792575,200832,56069455871,20662954362.68,17465581873.98,723083,10,10,10,0,0,0,0,0,0,8208252927,8640266239,8682209279,8210503443.16,1176
1790620445,0,724274,0,831.70,1190.40,3019898879,18756927487,34527510527,53854863359,55968792575,200832,56069455871,20644038989.60,17457441740.47,724274,10,10,10,0,0,0,0,0,0,9168748543,9579790335,9621733375,9160088767.73,1191
1790620446,0,725420,0,832.06,1146.17,3053453311,18706595839,34493956095,53854863359,55968792575,200832,56069455871,20627381463.96,17448676055.02,725420,10,10,10,0,0,0,0,0,0,10091495423,10536091647,10569646079,10099796193.17,1146
1790620447,0,726618,0,832.48,1197.23,3091202047,18639486975,34460401663,53821308927,55968792575,200832,56069455871,20611603933.34,17438611850.10,726618,10,10,10,0,0,0,0,0,0,11064573951,11475615743,11509170175,11057900877.36,1198
1790620448,0,727774,0,832.85,1157.18,3128950783,18589155327,34460401663,53821308927,55968792575,200832,56069455871,20597908419.94,17428142628.43,727774,10,10,10,0,0,0,0,0,0,12004098047,12415139839,12457082879,11989425240.58,1156
1790620449,0,728938,0,833.23,1163.30,3162505215,18538823679,34426847231,53821308927,55968792575,200832,56069455871,20585668862.48,17416914787.67,728938,10,10,10,0,0,0,0,0,0,12943622143,13354663935,13396606975,12933064316.92,1164
1790620450,0,730112,0,833.62,1174.72,3196059647,18488492031,34393292799,53821308927,55968792575,200832,56069455871,20574881578.57,17404985499.70,730112,10,10,10,0,0,0,0,0,0,13883146239,14310965247,14336131071,13877044135.03,1174
1790620451,0,731295,0,834.02,1182.06,3235905535,18421383167,34359738367,53821308927,55968792575,200832,56069455871,20565577275.09,17392441423.36,731295,10,10,10,0,0,0,0,0,0,14839447551,15242100735,15275655167,14823241158.44,1183
1790620452,0,732444,0,834.38,1149.55,3267362815,18371051519,34326183935,53787754495,55968792575,200832,56069455871,20558018338.92,17379843586.12,732444,10,10,10,0,0,0,0,0,0,15753805823,16181624831,16215179263,15747041641.83,1149
1790620453,0,733590,0,834.73,1145.93,3300917247,18320719871,34309406719,53787754495,55968792575,200832,56069455871,20551976366.82,17366938131.17,733590,10,10,10,0,0,0,0,0,0,16684941311,17129537535,17163091967,16690365359.58,1146
1790620454,0,734756,0,835.11,1165.99,3338665983,18270388223,34275852287,53787754495,55968792575,200832,56069455871,20547358225.96,17353542609.04,734756,10,10,10,0,0,0,0,0,0,17649631231,18052284415,18102616063,17641850546.28,1166
1790620455,0,735948,0,835.51,1192.32,3374317567,18303942655,34259075071,53787754495,55968792575,200832,56069455871,20544165819.54,17339667935.65,735948,10,10,10,0,0,0,0,0,0,18572378111,19008585727,19042140159,18576347218.47,1192
1790620456,0,737103,0,835.88,1154.85,3407871999,18354274303,34225520639,53787754495,55968792575,200832,56069455871,20542547124.08,17326128973.74,737103,10,10,10,0,0,0,0,0,0,19511902207,19948109823,19981664255,19511139607.27,1155
1790620457,0,738240,0,836.22,1137.28,3441426431,18404605951,34208743423,53754200063,55968792575,200832,56069455871,20542443430.01,17312785024.89,738240,10,10,10,0,0,0,0,0,0,20484980735,20904411135,20921188351,20475219849.12,1137
1790620458,0,739374,0,836.55,1133.09,3472883711,18438160383,34175188991,53754200063,55968792575,200832,56069455871,20543761057.34,17299539324.37,739374,10,10,10,0,0,0,0,0,0,21407727615,21843935231,21877489663,21401543421.74,1134
1790620459,0,740533,0,836.92,1159.38,3506438143,18471714815,34158411775,53754200063,55968792575,200832,56069455871,20543002114.17,17287511902.75,740533,10,10,10,0,0,0,0,0,0,22229811199,22632464383,22666018815,20058840897.16,1159
1790620460,0,741732,0,837.33,1199.00,3544186879,18421383167,34124857343,53754200063,55968792575,200832,56069455871,20518934194.10,17283890032.86,741732,10,10,10,0,0,0,0,0,0,5658116095,6069157887,6115295231,5653972515.44,1199
1790620461,0,742903,0,837.70,1170.47,3579838463,18387828735,34108080127,53754200063,55968792575,200832,56069455871,20496995944.83,17279089757.31,742903,10,10,10,0,0,0,0,0,0,6606028799,7012876287,7046430719,6600922924.38,1171
1790620462,0,744092,0,838.10,1189.42,3613392895,18337497087,34074525695,53720645631,55968792575,200832,56069455871,20476282164.69,17273044193.13,744092,10,10,10,0,0,0,0,0,0,7541358591,7952400383,7994343423,7534037079.85,1189
1790620463,0,745292,0,838.51,1199.99,3649044479,18287165439,34040971263,53720645631,55968792575,200832,56069455871,20456950339.03,17265848505.72,745292,10,10,10,0,0,0,0,0,0,8464105471,8891924479,8925478911,8469736325.12,1200
1790620464,0,746457,0,838.87,1164.68,3684696063,18236833791,34024194047,53720645631,55968792575,200832,56069455871,20439723700.69,17257874262.00,746457,10,10,10,0,0,0,0,0,0,9420406783,9839837183,9881780223,9419229498.67,1165
1790620465,0,747574,0,839.18,1117.87,3724541951,18186502143,33990639615,53720645631,55968792575,200832,56069455871,20424656601.41,17249377600.53,747574,10,10,10,0,0,0,0,0,0,10359930879,10787749887,10821304319,10355774125.72,1117
1790620466,0,748734,0,839.54,1159.78,3760193535,18152947711,33973862399,53720645631,55968792575,200832,56069455871,20410515226.83,17239751758.46,748734,10,10,10,0,0,0,0,0,0,11307843583,11710496767,11760828415,11296960088.28,1160
1790620467,0,749910,0,839.92,1176.15,3791650815,18102616063,33940307967,53687091199,55968792575,200832,56069455871,20397694780.55,17229269457.33,749910,10,10,10,0,0,0,0,0,0,12247367679,12650020863,12700352511,12235191358.69,1176
1790620468,0,751148,0,840.37,1236.95,3829399551,18052284415,33906753535,53687091199,55968792575,200832,56069455871,20385811780.15,17217553169.09,751148,10,10,10,0,0,0,0,0,0,13195280383,13606322175,13648265215,13187765871.66,1238
1790620469,0,752328,0,840.75,1181.06,3862953983,18001952767,33889976319,53687091199,55968792575,200832,56069455871,20375997527.54,17205830627.27,752328,10,10,10,0,0,0,0,0,0,14143193087,14545846271,14587789311,14128577004.91,1180
1790620470,0,753507,0,841.12,1178.60,3896508415,17951621119,33856421887,53687091199,55968792575,200832,56069455871,20367696643.92,17193646566.03,753507,10,10,10,0,0,0,0,0,0,15082717183,15485370367,15527313407,15070845773.95,1179
1790620471,0,754662,0,841.47,1155.29,3932159999,17901289471,33839644671,53653536767,55968792575,200832,56069455871,20361014686.87,17181335210.85,754662,10,10,10,0,0,0,0,0,0,16005464063,16433283071,16466837503,16001792686.21,1155
1790620472,0,755818,0,841.82,1156.05,3963617279,17867735039,33806090239,53653536767,55968792575,200832,56069455871,20355790319.61,17168713345.11,755818,10,10,10,0,0,0,0,0,0,16944988159,17397972991,17397972991,16945209485.73,1156
1790620473,0,757019,0,842.22,1201.09,4001366015,17867735039,33789313023,53653536767,55968792575,200832,56069455871,20351872209.28,17155373864.40,757019,10,10,10,0,0,0,0,0,0,17884512255,18320719871,18354274303,17886111749.12,1201
1790620474,0,758203,0,842.60,1183.71,4034920447,17901289471,33755758591,53653536767,55968792575,200832,56069455871,20349468304.44,17142085124.39,758203,10,10,10,0,0,0,0,0,0,18824036351,19260243967,19293798399,18812473676.11,1184
1790620475,0,759429,0,843.03,1225.24,4068474879,17951621119,33722204159,53653536767,55968792575,200832,56069455871,20348538360.15,17128261813.07,759429,10,10,10,0,0,0,0,0,0,19780337663,20199768063,20233322495,19773426983.67,1226
1790620476,0,760572,0,843.36,1143.82,4104126463,17968398335,33705426943,53619982335,55968792575,200832,56069455871,20340915437.93,17118838367.46,760572,10,10,10,0,0,0,0,0,0,20384317439,20786970623,20837302271,15276113862.66,1143
1790620477,0,761734,0,843.71,1161.64,4139778047,17918066687,33671872511,53619982335,55968792575,200832,56069455871,20318785512.42,17115146786.61,761734,10,10,10,0,0,0,0,0,0,5842665471,6262095871,6304038911,5833930346.63,1162
1790620478,0,762918,0,844.09,1183.92,4171235327,17884512255,33655095295,53619982335,55968792575,200832,56069455871,20297767387.49,17110171451.99,762918,10,10,10,0,0,0,0,0,0,6773800959,7201619967,7247757311,6775621798.05,1184
1790620479,0,764081,0,844.44,1162.75,4204789759,17834180607,33621540863,53619982335,55968792575,200832,56069455871,20278632109.11,17104171105.01,764081,10,10,10,0,0,0,0,0,0,7725907967,8141144063,8183087103,7726054029.32,1163
1790620480,0,765274,0,844.83,1193.09,4242538495,17783848959,33604763647,53619982335,55968792575,200832,56069455871,20260493999.57,17097000511.44,765274,10,10,10,0,0,0,0,0,0,8640266239,9084862463,9126805503,8643574571.99,1193
1790620481,0,766493,0,845.24,1219.57,4276092927,17750294527,33571209215,53586427903,55968792575,200832,56069455871,20243549590.38,17088678199.46,766493,10,10,10,0,0,0,0,0,0,9613344767,10032775167,10066329599,9606046885.49,1219
1790620482,0,767799,0,845.75,1305.78,4315938815,17699962879,33537654783,53586427903,55968792575,200832,56069455871,20227043958.61,17078823591.01,767799,10,10,10,0,0,0,0,0,0,10544480255,10963910655,10997465087,10539868448.54,1306
1790620483,0,769129,0,846.28,1330.37,4357881855,17649631231,33504100351,53586427903,55968792575,200832,56069455871,20211886568.00,17067939854.99,769129,10,10,10,0,0,0,0,0,0,11458838527,11878268927,11936989183,11461638935.48,1330
1790620484,0,770521,0,846.88,1392.01,4399824895,17599299583,33470545919,53586427903,55968792575,200832,56069455871,20197778425.05,17055743751.81,770521,10,10,10,0,0,0,0,0,0,12398362623,12817793023,12859736063,12402532822.80,1392
1790620485,0,772177,0,847.77,1655.10,4445962239,17532190719,33436991487,53552873471,55968792575,200832,56069455871,20183101799.65,17040390569.25,772177,10,10,10,0,0,0,0,0,0,13371441151,13748928511,13790871551,13354208033.39,1656
1790620486,0,773957,0,848.79,1780.29,4504682495,17465081855,33403437055,53552873471,55968792575,200832,56069455871,20169466470.26,17023157612.75,773957,10,10,10,0,0,0,0,0,0,14260633599,14654898175,14696841215,14254360994.80,1780
1790620487,0,775822,0,849.90,1865.50,4563402751,17397972991,33353105407,53552873471,55968792575,200832,56069455871,20157409548.55,17004463087.80,775822,10,10,10,0,0,0,0,0,0,15158214655,15560867839,15594422271,15153903406.26,1865
1790620488,0,777660,0,850.99,1836.80,4617928703,17330864127,33302773759,53552873471,55968792575,200832,56069455871,20147744268.69,16985521771.65,777660,10,10,10,0,0,0,0,0,0,16072572927,16475226111,16508780543,16068018069.03,1838
1790620489,0,779468,0,852.03,1809.04,4672454655,17280532479,33269219327,53519319039,55968792575,200832,56069455871,20140369171.07,16966505235.90,779468,10,10,10,0,0,0,0,0,0,16970153983,17381195775,17414750207,16968179784.50,1808
1790620490,0,781262,0,853.06,1794.41,4726980607,17347641343,33235664895,53519319039,55968792575,200832,56069455871,20135158716.33,16947366791.99,781262,10,10,10,0,0,0,0,0,0,17884512255,18287165439,18320719871,17871288742.39,1794
1790620491,0,783106,0,854.14,1842.43,4777312255,17397972991,33185333247,53519319039,55968792575,200832,56069455871,20131973775.04,16927533615.09,783106,10,10,10,0,0,0,0,0,0,18790481919,19193135103,19243466751,18782584618.76,1844
1790620492,0,784969,0,855.24,1863.65,4831838207,17465081855,33151778815,53485764607,55968792575,200832,56069455871,20130933645.14,16907452673.15,784969,10,10,10,0,0,0,0,0,0,19696451583,20115881983,20149436415,19693718419.72,1863
1790620493,0,786819,0,856.32,1850.18,4886364159,17515413503,33101447167,53485764607,55968792575,200832,56069455871,20132036446.98,16887584240.91,786819,10,10,10,0,0,0,0,0,0,20602421247,21021851647,21038628863,20599963612.58,1850
1790620494,0,788669,0,857.40,1850.45,4945084415,17582522367,33067892735,53485764607,55968792575,200832,56069455871,20135251274.06,16867900753.49,788669,10,10,10,0,0,0,0,0,0,21508390911,21927821311,21961375743,21502541558.31,1850
1790620495,0,790516,0,858.48,1846.88,5003804671,17649631231,33017561087,53452210175,55968792575,200832,56069455871,20140579850.66,16848548218.02,790516,10,10,10,0,0,0,0,0,0,22431137791,22833790975,22867345407,22415882061.48,1847
1790620496,0,792332,0,859.52,1816.44,5054136319,17699962879,32984006655,53452210175,55968792575,200832,56069455871,20147862444.83,16829919715.93,792332,10,10,10,0,0,0,0,0,0,23320330239,23739760639,23773315071,23318020601.23,1816
1790620497,0,794389,0,860.81,2055.30,5091885055,17767071743,32950452223,53418655743,55968792575,200832,56069455871,20158460357.65,16809407863.22,794389,10,10,10,0,0,0,0,0,0,24259854335,24645730303,24679284735,24240650663.14,2057
1790620498,0,796539,0,862.21,2150.16,5129633791,17834180607,32900120575,53418655743,55968792575,200832,56069455871,20171852987.80,16788686003.19,796539,10,10,10,0,0,0,0,0,0,25132269567,25534922751,25568477183,25120205579.19,2150
1790620499,0,798693,0,863.61,2155.52,5163188223,17901289471,32849788927,53418655743,55968792575,200832,56069455871,20187605139.31,16768773466.48,798693,10,10,10,0,0,0,0,0,0,26021462015,26424115199,26457669631,26012676175.87,2154
1790620500,0,800823,0,864.97,2129.70,5200936959,17968398335,32816234495,53385101311,55968792575,200832,56069455871,20205461722.35,16750032983.92,800823,10,10,10,0,0,0,0,0,0,26893877247,27330084863,27346862079,26901202511.32,2130
1790620501,0,802912,0,866.30,2089.30,5230297087,18035507199,32765902847,53385101311,55968792575,200832,56069455871,20225231200.88,16732711664.04,802912,10,10,10,0,0,0,0,0,0,27816624127,28219277311,28252831743,27803906693.09,2089
1790620502,0,805038,0,867.65,2124.30,5268045823,18102616063,32732348415,53385101311,55968792575,200832,56069455871,20247618397.33,16716270414.28,805038,10,10,10,0,0,0,0,0,0,28705816575,29108469759,29142024191,28702439036.75,2126
1790620503,0,807204,0,869.05,2167.12,5301600255,18169724927,32682016767,53351546879,55968792575,200832,56069455871,20272674029.88,16700819897.65,807204,10,10,10,0,0,0,0,0,0,29595009023,29997662207,30031216639,29585110001.82,2166
1790620504,0,809367,0,870.44,2161.69,5339348991,18236833791,32648462335,53351546879,55968792575,200832,56069455871,20299959346.04,16686821136.06,809367,10,10,10,0,0,0,0,0,0,30484201471,30886854655,30937186303,30482491173.28,2163
1790620505,0,811501,0,871.80,2135.81,5372903423,18320719871,32598130687,53351546879,55968792575,200832,56069455871,20329064607.22,16674508214.45,811501,10,10,10,0,0,0,0,0,0,31373393919,31776047103,31826378751,31367882753.92,2134
1790620506,0,813654,0,873.17,2152.18,5406457855,18387828735,32581353471,53317992447,55968792575,200832,56069455871,20360656982.26,16663729373.63,813654,10,10,10,0,0,0,0,0,0,32279363583,32682016767,32715571199,32268341116.73,2153
1790620507,0,815790,0,874.53,2135.27,5440012287,18454937599,32682016767,53317992447,55968792575,200832,56069455871,20394183616.63,16654764123.59,815790,10,10,10,0,0,0,0,0,0,33185333247,33571209215,33604763647,33165288559.22,2136
1790620508,0,817931,0,875.88,2141.41,5477761023,18522046463,32799457279,53284438015,55968792575,200832,56069455871,20429925782.00,16647583654.42,817931,10,10,10,0,0,0,0,0,0,34057748479,34460401663,34493956095,34048842685.52,2141
1790620509,0,820079,0,877.25,2147.97,5515509759,18589155327,32900120575,53284438015,55968792575,200832,56069455871,20467939469.75,16642312401.73,820079,10,10,10,0,0,0,0,0,0,34963718143,35366371327,35399925759,34943066859.50,2148
1790620510,0,822213,0,878.59,2135.22,5549064191,18656264191,33017561087,53284438015,55968792575,200832,56069455871,20507813265.83,16639076779.80,822213,10,10,10,0,0,0,0,0,0,35836133375,36272340991,36305895423,35830991717.49,2134
1790620511,0,824386,0,879.97,2172.28,5582618623,18740150271,33135001599,53250883583,55968792575,200832,56069455871,20550570509.37,16637939200.01,824386,10,10,10,0,0,0,0,0,0,36742103039,37144756223,37178310655,36728923699.13,2173
1790620512,0,826565,0,881.36,2179.32,5620367359,18807259135,33252442111,53250883583,55968792575,200832,56069455871,20595584660.85,16639051689.89,826565,10,10,10,0,0,0,0,0,0,37648072703,38050725887,38084280319,37625890437.23,2179
1790620513,0,828698,0,882.69,2133.67,5653921791,18874367999,33369882623,53250883583,55968792575,200832,56069455871,20641696874.02,16642403198.37,828698,10,10,10,0,0,0,0,0,0,38520487935,38923141119,38956695551,38510773982.99,2133
1790620514,0,830866,0,884.06,2166.91,5691670527,18941476863,33504100351,53217329151,55968792575,200832,56069455871,20690663890.15,16648230520.85,830866,10,10,10,0,0,0,0,0,0,39426457599,39829110783,39862665215,39407854081.89,2168
1790620515,0,833053,0,885.44,2187.96,5725224959,19008585727,33587986431,53217329151,55968792575,200832,56069455871,20731978803.33,16646421703.63,833053,10,10,10,0,0,0,0,0,0,36574330879,39963328511,39996882943,36427980931.10,2187
1790620516,0,835249,0,886.83,2196.12,5762973695,19092471807,33554431999,53183774719,55968792575,200832,56069455871,20747415205.89,16627898824.12,835249,10,10,10,0,0,0,0,0,0,26591887359,31088181247,31507611647,26603217328.73,2196
1790620517,0,837414,0,888.19,2164.98,5796528127,19058917375,33504100351,53183774719,55968792575,200832,56069455871,20736966682.95,16608286038.04,837414,10,10,10,0,0,0,0,0,0,16701718527,21139292159,21508390911,16705965139.72,2165
1790620518,0,839603,0,889.57,2188.09,5775556607,18975031295,33470545919,53183774719,55968792575,200832,56069455871,20700675811.30,16602448910.05,839603,10,10,10,0,0,0,0,0,0,6836715519,11282677759,11693719551,6817403087.70,2189
1790620519,0,840170,0,889.22,566.95,5750390783,18958254079,33453768703,53183774719,55968792575,200832,56069455871,20687146352.31,16605017149.36,840170,10,10,10,0,0,0,0,0,0,550502399,1695547391,1829765119,652976415.60,567
1790620520,0,840370,0,888.50,199.93,5742002175,18958254079,33453768703,53183774719,55968792575,200832,56069455871,20682223465.21,16606106740.54,840370,10,10,10,0,0,0,0,0,0,1864703,3155967,3497983,1913219.20,200
1790620521,0,840570,0,887.77,200.05,5729419263,18958254079,33453768703,53183774719,55968792575,200832,56069455871,20677302990.70,16607194196.46,840570,10,10,10,0,0,0,0,0,0,2177023,3725311,4202495,2207145.60,200
1790620522,0,840770,0,887.04,200.11,5721030655,18941476863,33453768703,53183774719,55968792575,200832,56069455871,20672384888.49,16608279568.09,840770,10,10,10,0,0,0,0,0,0,2277375,3885055,4145151,2339015.68,200
1790620523,0,840970,0,886.32,199.80,5708447743,18941476863,33453768703,53183774719,55968792575,200832,56069455871,20667469090.26,16609362941.26,840970,10,10,10,0,0,0,0,0,0,2021375,3850239,5439487,2190696.32,200
1790620524,0,841170,0,885.60,200.16,5700059135,18941476863,33436991487,53183774719,55968792575,200832,56069455871,20662555582.51,16610444333.47,841170,10,10,10,0,0,0,0,0,0,1973247,3678207,4530175,1992543.36,200
1790620525,0,841370,0,884.88,199.99,5691670527,18924699647,33436991487,53150220287,55968792575,200832,56069455871,20657644404.37,16611523696.79,841370,10,10,10,0,0,0,0,0,0,1953791,3106815,3600383,1965812.48,200
1790620526,0,841570,0,884.16,199.98,5683281919,18924699647,33436991487,53150220287,55968792575,200832,56069455871,20652735617.70,16612600955.08,841570,10,10,10,0,0,0,0,0,0,2179071,3532799,3958783,2206421.76,200
1790620527,0,841770,0,883.44,200.01,5670699007,18907922431,33436991487,53150220287,55968792575,200832,56069455871,20647829153.54,16613676194.86,841770,10,10,10,0,0,0,0,0,0,1881087,4280319,5132287,2163943.04,200
1790620528,0,841970,0,882.72,199.91,5662310399,18907922431,33420214271,53150220287,55968792575,200832,56069455871,20642924820.03,16614749655.23,841970,10,10,10,0,0,0,0,0,0,1232895,2334719,3225599,1320703.36,200
1790620529,0,842170,0,882.01,200.01,5649727487,18907922431,33420214271,53150220287,55968792575,200832,56069455871,20638022801.97,16615821107.21,842170,10,10,10,0,0,0,0,0,0,1262591,1938431,2154495,1262077.44,200
1790620530,0,842370,0,881.29,200.08,5641338879,18891145215,33420214271,53150220287,55968792575,200832,56069455871,20633123249.21,16616890365.48,842370,10,10,10,0,0,0,0,0,0,1757183,3053567,3411967,1841526.40,200
1790620531,0,842570,0,880.58,199.88,5632950271,18891145215,33420214271,53150220287,55968792575,200832,56069455871,20628226027.68,16617957597.37,842570,10,10,10,0,0,0,0,0,0,1891327,2975743,3090431,1863534.08,200
1790620532,0,842770,0,879.87,200.05,5624561663,18874367999,33403437055,53150220287,55968792575,200832,56069455871,20623331118.70,16619022826.82,842770,10,10,10,0,0,0,0,0,0,1830911,2924543,3063807,1813818.88,200
1790620533,0,842970,0,879.16,200.09,5611978751,18874367999,33403437055,53150220287,55968792575,200832,56069455871,20618438546.75,16620086024.18,842970,10,10,10,0,0,0,0,0,0,1987583,3041279,3213311,1874228.48,200
1790620534,0,843170,0,878.45,199.95,5599395839,18874367999,33403437055,53150220287,55968792575,200832,56069455871,20613548292.30,16621147214.44,843170,10,10,10,0,0,0,0,0,0,1904639,2887679,3188735,1859329.28,200
1790620535,0,844175,0,878.59,1005.14,5553258495,18840813567,33386659839,53150220287,55968792575,200832,56069455871,20589477742.37,16625877488.08,844175,10,10,10,0,0,0,0,0,0,384040959,762839039,796917759,394885121.27,1005
1790620536,0,845354,0,878.90,1179.44,5494538239,18807259135,33369882623,53150220287,55968792575,200832,56069455871,20562571151.15,16629875479.60,845354,10,10,10,0,0,0,0,0,0,1302331391,1730150399,1768947711,1297200795.90,1179
1790620537,0,846537,0,879.21,1182.03,5440012287,18756927487,33336328191,53150220287,55968792575,200832,56069455871,20536997387.29,16632310385.68,846537,10,10,10,0,0,0,0,0,0,2267021311,2701131775,2738880511,2262370527.32,1183
1790620538,0,847678,0,879.49,1141.29,5385486335,18723373055,33319550975,53150220287,55968792575,200832,56069455871,20513726898.41,16633197458.35,847678,10,10,10,0,0,0,0,0,0,3250585599,3676307455,3711959039,3248757714.23,1141
1790620539,0,848803,0,879.74,1125.32,5335154687,18689818623,33302773759,53116665855,55968792575,200832,56069455871,20492135071.20,16632737445.21,848803,10,10,10,0,0,0,0,0,0,4229955583,4647288831,4689231871,4222875598.85,1125
1790620540,0,849973,0,880.04,1169.46,5305794559,18656264191,33285996543,53116665855,55968792575,200832,56069455871,20471058277.24,16630981115.43,849973,10,10,10,0,0,0,0,0,0,5175771135,5624561663,5662310399,5180420719.15,1170
1790620541,0,851183,0,880.38,1210.73,5322571775,18605932543,33252442111,53116665855,55968792575,200832,56069455871,20450693423.01,16627921829.52,851183,10,10,10,0,0,0,0,0,0,6144655359,6589251583,6631194623,6145258507.85,1210
1790620542,0,852358,0,880.69,1174.46,5343543295,18572378111,33235664895,53116665855,55968792575,200832,56069455871,20432318055.19,16623818792.06,852358,10,10,10,0,0,0,0,0,0,7130316799,7553941503,7600078847,7120998305.88,1175
1790620543,0,853535,0,880.99,1176.47,5360320511,18538823679,33218887679,53116665855,55968792575,200832,56069455871,20415321710.57,16618651434.34,853535,10,10,10,0,0,0,0,0,0,8115978239,8531214335,8573157375,8106935719.69,1177
1790620544,0,854739,0,881.32,1204.69,5377097727,18488492031,33185333247,53083111423,55968792575,200832,56069455871,20399334508.65,16612400429.69,854739,10,10,10,0,0,0,0,0,0,9076473855,9504292863,9537847295,9065749466.58,1204
1790620545,0,855952,0,881.67,1213.55,5389680639,18454937599,33168556031,53083111423,55968792575,200832,56069455871,20384645477.53,16605207381.43,855952,10,10,10,0,0,0,0,0,0,10032775167,10468982783,10510925823,10034037262.77,1213
1790620546,0,857189,0,882.03,1237.03,5410652159,18421383167,33151778815,53083111423,55968792575,200832,56069455871,20371117265.58,16597040535.03,857189,10,10,10,0,0,0,0,0,0,11022630911,11442061311,11475615743,11010163284.02,1237
1790620547,0,858351,0,882.32,1161.27,5427429375,18387828735,33118224383,53083111423,55968792575,200832,56069455871,20359741770.35,16588683411.67,858351,10,10,10,0,0,0,0,0,0,11953766399,12415139839,12457082879,11968219061.98,1162
1790620548,0,859571,0,882.67,1220.00,5419040767,18337497087,33101447167,53083111423,55968792575,200832,56069455871,20345145574.96,16581988752.38,859571,10,10,10,0,0,0,0,0,0,12599689215,13035896831,13069451263,10075753032.18,1220
1790620549,0,860768,0,882.99,1196.70,5431623679,18303942655,33084669951,53049556991,55968792575,200832,56069455871,20325021141.17,16579231497.97,860768,10,10,10,0,0,0,0,0,0,5876219903,6308233215,6341787647,5873576125.91,1197
1790620550,0,861973,0,883.32,1206.07,5452595199,18270388223,33051115519,53049556991,55968792575,200832,56069455871,20306164726.00,16575305713.86,861973,10,10,10,0,0,0,0,0,0,6840909823,7281311743,7306477567,6836456204.11,1205
1790620551,0,863132,0,883.60,1158.62,5465178111,18220056575,33034338303,53049556991,55968792575,200832,56069455871,20289385975.48,16570495628.79,863132,10,10,10,0,0,0,0,0,0,7805599743,8250195967,8287944703,7810671631.02,1159
1790620552,0,864342,0,883.94,1210.24,5481955327,18186502143,33017561087,53049556991,55968792575,200832,56069455871,20273269505.89,16564490163.20,864342,10,10,10,0,0,0,0,0,0,8782872575,9227468799,9261023231,8776872294.82,1210
1790620553,0,865551,0,884.27,1209.07,5502926847,18152947711,33000783871,53016002559,55968792575,200832,56069455871,20258565662.74,16557589210.38,865551,10,10,10,0,0,0,0,0,0,9739173887,10200547327,10225713151,9746448871.86,1209
1790620554,0,866740,0,884.58,1187.97,5519704063,18119393279,32984006655,53016002559,55968792575,200832,56069455871,20245478020.62,16549999287.22,866740,10,10,10,0,0,0,0,0,0,10729029631,11165237247,11207180287,10718125852.64,1189
1790620555,0,867902,0,884.86,1163.00,5536481279,18085838847,32950452223,53016002559,55968792575,200832,56069455871,20234023090.13,16541878253.92,867902,10,10,10,0,0,0,0,0,0,11702108159,12129927167,12171870207,11689749040.47,1162
1790620556,0,869050,0,885.13,1147.11,5549064191,18052284415,32933675007,53016002559,55968792575,200832,56069455871,20224013490.15,16533242868.53,869050,10,10,10,0,0,0,0,0,0,12650020863,13103005695,13144948735,12656633834.59,1148
1790620557,0,870176,0,885.37,1125.96,5565841407,18018729983,32916897791,53016002559,55968792575,200832,56069455871,20215478704.50,16524246585.95,870176,10,10,10,0,0,0,0,0,0,13623099391,14076084223,14109638655,13628306884.89,1126
1790620558,0,871330,0,885.65,1154.85,5578424319,17968398335,32900120575,53016002559,55968792575,200832,56069455871,20207527005.14,16514877110.22,871330,10,10,10,0,0,0,0,0,0,14545846271,14998831103,15040774143,14211532256.94,1154
1790620559,0,872493,0,885.93,1163.10,5565841407,17934843903,32883343359,52982448127,55968792575,200832,56069455871,20188013120.09,16512510696.68,872493,10,10,10,0,0,0,0,0,0,5586812927,6006243327,6035603455,5568035934.21,1163
1790620560,0,873689,0,886.24,1195.36,5582618623,17901289471,32866566143,52982448127,55935238143,200832,56069455871,20169316595.34,16508933202.53,873689,10,10,10,0,0,0,0,0,0,6538919935,6966738943,7008681983,6530029835.13,1196
1790620561,0,874871,0,886.54,1181.90,5595201535,17867735039,32833011711,52982448127,55935238143,200832,56069455871,20152207589.99,16504336319.00,874871,10,10,10,0,0,0,0,0,0,7507804159,7931428863,7977566207,7505887980.51,1182
1790620562,0,876110,0,886.90,1239.52,5611978751,17817403391,32816234495,52982448127,55935238143,200832,56069455871,20135668794.03,16498519607.14,876110,10,10,10,0,0,0,0,0,0,8459911167,8900313087,8942256127,8457450103.43,1239
1790620563,0,877246,0,887.15,1135.42,5628755967,17783848959,32799457279,52982448127,55935238143,200832,56069455871,20121813996.26,16492325485.13,877246,10,10,10,0,0,0,0,0,0,9437183999,9881780223,9923723263,9436667096.34,1136
1790620564,0,878413,0,887.43,1167.20,5645533183,17750294527,32782680063,52948893695,55935238143,200832,56069455871,20108914651.57,16485163803.42,878413,10,10,10,0,0,0,0,0,0,10410262527,10854858751,10896801791,10412343506.59,1167
1790620565,0,879619,0,887.76,1206.10,5658116095,17699962879,32765902847,52948893695,55935238143,200832,56069455871,20096951269.79,16477025883.70,879619,10,10,10,0,0,0,0,0,0,11383341055,11819548671,11861491711,11383194985.71,1206
1790620566,0,880838,0,888.09,1219.32,5674893311,17666408447,32749125631,52948893695,55935238143,200832,56069455871,20086241184.57,16468137049.52,880838,10,10,10,0,0,0,0,0,0,12389974015,12784238591,12826181631,12357943847.06,1219
1790620567,0,882046,0,888.41,1207.56,5691670527,17632854015,32715571199,52948893695,55935238143,200832,56069455871,20076986753.96,16458756911.47,882046,10,10,10,0,0,0,0,0,0,13346275327,13765705727,13799260159,13328928686.62,1208
1790620568,0,883264,0,888.74,1217.64,5704253439,17599299583,32698793983,52948893695,55935238143,200832,56069455871,20068985345.13,16448817547.11,883264,10,10,10,0,0,0,0,0,0,14269022207,14730395647,14772338687,14274559515.74,1218
1790620569,0,884470,0,889.06,1206.16,5721030655,17548967935,32682016767,52915339263,55935238143,200832,56069455871,20062423231.50,16438562088.62,884470,10,10,10,0,0,0,0,0,0,15258877951,15703474175,15745417215,15256387801.37,1206
1790620570,0,885640,0,889.35,1170.92,5737807871,17515413503,32665239551,52915339263,55935238143,200832,56069455871,20057378247.33,16428289004.22,885640,10,10,10,0,0,0,0,0,0,16265510911,16676552703,16710107135,16243585815.19,1170
1790620571,0,886851,0,889.67,1210.69,5750390783,17498636287,32631685119,52915339263,55935238143,200832,56069455871,20053487788.17,16417409217.60,886851,10,10,10,0,0,0,0,0,0,17213423615,17649631231,17683185663,17208280311.76,1211
1790620572,0,888043,0,889.97,1191.64,5767167999,17532190719,32614907903,52915339263,55935238143,200832,56069455871,20050960446.18,16406535301.87,888043,10,10,10,0,0,0,0,0,0,18186502143,18622709759,18656264191,18170611643.28,1192
1790620573,0,889221,0,890.26,1178.49,5783945215,17565745151,32598130687,52881784831,55935238143,200832,56069455871,20049760152.99,16395700748.64,889221,10,10,10,0,0,0,0,0,0,19142803455,19595788287,19629342719,19144911289.59,1178
1790620574,0,890369,0,890.52,1148.02,5783945215,17582522367,32581353471,52881784831,55935238143,200832,56069455871,20045250788.72,16387153770.79,890369,10,10,10,0,0,0,0,0,0,19881000959,20333985791,20350763007,16552374999.86,1148
1790620575,0,891579,0,890.84,1209.86,5767167999,17548967935,32564576255,52881784831,55935238143,200832,56069455871,20025824029.00,16384510314.64,891579,10,10,10,0,0,0,0,0,0,5725224959,6169821183,6220152831,5730795411.68,1210
1790620576,0,892748,0,891.11,1169.12,5779750911,17515413503,32547799039,52881784831,55935238143,200832,56069455871,20008376745.52,16380870734.02,892748,10,10,10,0,0,0,0,0,0,6685720575,7147094015,7180648447,6701591836.69,1169
1790620577,0,893977,0,891.45,1228.84,5792333823,17481859071,32514244607,52848230399,55935238143,200832,56069455871,19991423787.89,16375985846.80,893977,10,10,10,0,0,0,0,0,0,7671382015,8115978239,8153726975,7676762260.31,1229
1790620578,0,895178,0,891.76,1200.61,5809111039,17448304639,32497467391,52848230399,55935238143,200832,56069455871,19976217490.02,16370257919.36,895178,10,10,10,0,0,0,0,0,0,8657043455,9093251071,9126805503,8657249504.24,1201
1790620579,0,896370,0,892.06,1191.46,5821693951,17414750207,32480690175,52848230399,55935238143,200832,56069455871,19962462529.09,16363714827.51,896370,10,10,10,0,0,0,0,0,0,9630121983,10066329599,10099884031,9632648418.79,1192
1790620580,0,897474,0,892.27,1105.01,5838471167,17381195775,32447135743,52848230399,55935238143,200832,56069455871,19950930855.39,16356950879.23,897474,10,10,10,0,0,0,0,0,0,10586423295,11031019519,11072962559,10588026553.51,1104
1790620581,0,898664,0,892.56,1189.60,5851054079,17330864127,32430358527,52848230399,55935238143,200832,56069455871,19939801290.95,16348977919.73,898664,10,10,10,0,0,0,0,0,0,11542724607,11995709439,12037652479,11546108248.20,1190
1790620582,0,899854,0,892.86,1189.76,5863636991,17297309695,32413581311,52814675967,55935238143,200832,56069455871,19930005262.29,16340384934.89,899854,10,10,10,0,0,0,0,0,0,12524191743,12968787967,13010731007,12532241987.98,1190
1790620583,0,901049,0,893.16,1195.38,5880414207,17263755263,32396804095,52814675967,55935238143,200832,56069455871,19921474470.81,16331226846.52,901049,10,10,10,0,0,0,0,0,0,13514047487,13941866495,13983809535,13497652848.68,1195
1790620584,0,902236,0,893.45,1186.91,5897191423,17230200831,32380026879,52814675967,55935238143,200832,56069455871,19914300902.06,16321680323.33,902236,10,10,10,0,0,0,0,0,0,14478737407,14906556415,14948499455,14468861182.49,1187
1790620585,0,903401,0,893.72,1165.38,5909774335,17196646399,32363249663,52814675967,55935238143,200832,56069455871,19908534969.33,16311945202.45,903401,10,10,10,0,0,0,0,0,0,15451815935,15871246335,15921577983,15443099704.25,1165
1790620586,0,904586,0,894.01,1184.78,5884608511,17154703359,32346472447,52814675967,55935238143,200832,56069455871,19893866343.75,16307277590.09,904586,10,10,10,0,0,0,0,0,0,5519704063,16198402047,16231956479,8711038483.44,1185
1790620587,0,905797,0,894.32,1211.03,5888802815,17112760319,32329695231,52781121535,55935238143,200832,56069455871,19875546495.53,16304066173.30,905797,10,10,10,0,0,0,0,0,0,6194987007,6622806015,6656360447,6191088833.64,1211
1790620588,0,907006,0,894.63,1209.12,5901385727,17079205887,32296140799,52781121535,55935238143,200832,56069455871,19858600119.97,16299800894.68,907006,10,10,10,0,0,0,0,0,0,7172259839,7608467455,7633633279,7162176511.15,1209
1790620589,0,908129,0,894.85,1122.34,5918162943,17054040063,32279363583,52781121535,55935238143,200832,56069455871,19844109378.76,16294927152.59,908129,10,10,10,0,0,0,0,0,0,8145338367,8568963071,8606711807,8140468045.28,1123
1790620590,0,909315,0,895.14,1186.79,5930745855,17012097023,32262586367,52781121535,55935238143,200832,56069455871,19830102127.25,16288912399.65,909315,10,10,10,0,0,0,0,0,0,9118416895,9537847295,9579790335,9104645715.75,1186
1790620591,0,910535,0,895.46,1219.74,5943328767,16978542591,32245809151,52781121535,55935238143,200832,56069455871,19817020920.59,16281916527.56,910535,10,10,10,0,0,0,0,0,0,10066329599,10502537215,10544480255,10067072198.09,1220
1790620592,0,911722,0,895.75,1186.54,5955911679,16944988159,32212254719,52747567103,55935238143,200832,56069455871,19805599860.88,16274391732.02,911722,10,10,10,0,0,0,0,0,0,11047796735,11492392959,11525947391,11044627156.65,1187
1790620593,0,912927,0,896.05,1205.31,5972688895,16911433727,32195477503,52747567103,55935238143,200832,56069455871,19795323230.13,16266107355.97,912927,10,10,10,0,0,0,0,0,0,12020875263,12457082879,12490637311,12019862365.69,1205
1790620594,0,914153,0,896.37,1225.94,5985271807,16877879295,32178700287,52747567103,55935238143,200832,56069455871,19786186067.39,16257111487.45,914153,10,10,10,0,0,0,0,0,0,12985565183,13421772799,13463715839,12982301427.05,1226
1790620595,0,915330,0,896.65,1177.45,6002049023,16835936255,32161923071,52747567103,55935238143,200832,56069455871,19778681839.83,16248004920.31,915330,10,10,10,0,0,0,0,0,0,13958643711,14394851327,14428405759,13950294303.10,1177
1790620596,0,916524,0,896.94,1192.92,6014631935,16802381823,32128368639,52714012671,55935238143,200832,56069455871,19772355161.60,16238365962.66,916524,10,10,10,0,0,0,0,0,0,14940110847,15351152639,15401484287,14922272761.14,1194
1790620597,0,917700,0,897.21,1177.12,6027214847,16768827391,32111591423,52714012671,55935238143,200832,56069455871,19767373725.80,16228557159.62,917700,10,10,10,0,0,0,0,0,0,15888023551,16341008383,16374562815,15885056153.25,1176
1790620598,0,918939,0,897.55,1237.74,6043992063,16777215999,32094814207,52714012671,55935238143,200832,56069455871,19763458676.72,16217966299.37,918939,10,10,10,0,0,0,0,0,0,16877879295,17314086911,17347641343,16863668086.81,1239
1790620599,0,920112,0,897.82,1173.92,6056574975,16810770431,32078036991,52714012671,55935238143,200832,56069455871,19760994870.76,16207775194.72,920112,10,10,10,0,0,0,0,0,0,17834180607,18287165439,18320719871,17830826595.08,1173
1790620600,0,921232,0,898.03,1119.96,6056574975,16827547647,32061259775,52714012671,55935238143,200832,56069455871,19756134739.95,16199746523.71,921232,10,10,10,0,0,0,0,0,0,18605932543,19025362943,19058917375,15763398421.94,1120
1790620601,0,922259,0,898.16,1026.84,6023020543,16793993215,32044482559,52714012671,55935238143,200832,56069455871,19736366641.52,16201597701.76,922259,10,10,10,0,0,0,0,0,0,2010120191,3925868543,4089446399,2004132120.68,1027
1790620602,0,922459,0,897.48,200.01,6018826239,16793993215,32044482559,52714012671,55935238143,200832,56069455871,19732088637.03,16202445789.86,922459,10,10,10,0,0,0,0,0,0,4849663,8159231,12943359,4947909.12,200
1790620603,0,922659,0,896.80,200.04,6010437631,16785604607,32044482559,52680458239,55935238143,200832,56069455871,19727812364.63,16203292486.36,922659,10,10,10,0,0,0,0,0,0,3817471,8716287,13787135,4382547.20,200
1790620604,0,922859,0,896.12,200.02,6002049023,16785604607,32027705343,52680458239,55935238143,200832,56069455871,19723537843.60,16204137768.15,922859,10,10,10,0,0,0,0,0,0,3889151,7176191,9314303,3911345.92,200
1790620605,0,923059,0,895.45,199.82,5993660415,16777215999,32027705343,52680458239,55935238143,200832,56069455871,19719265025.34,16204981694.73,923059,10,10,10,0,0,0,0,0,0,3174399,5464063,6459391,3221090.56,200
1790620606,0,923259,0,894.77,200.15,5989466111,16768827391,32027705343,52680458239,55935238143,200832,56069455871,19714994030.84,16205824119.28,923259,10,10,10,0,0,0,0,0,0,2916351,5365759,6234111,3094476.80,200
1790620607,0,923459,0,894.10,200.04,5981077503,16768827391,32027705343,52680458239,55935238143,200832,56069455871,19710724841.89,16206665064.42,923459,10,10,10,0,0,0,0,0,0,2967551,4780031,6193151,2889233.92,200
1790620608,0,923659,0,893.43,199.99,5972688895,16760438783,32027705343,52680458239,55935238143,200832,56069455871,19706457566.28,16207504399.51,923659,10,10,10,0,0,0,0,0,0,3219455,5136383,6197247,3187220.48,200
1790620609,0,923859,0,892.76,199.96,5964300287,16752050175,32010928127,52680458239,55935238143,200832,56069455871,19702192082.63,16208342272.63,923859,10,10,10,0,0,0,0,0,0,2955263,4554751,5009407,2930265.60,200
1790620610,0,924059,0,892.09,199.97,5960105983,16752050175,32010928127,52680458239,55935238143,200832,56069455871,19697928497.57,16209178554.63,924059,10,10,10,0,0,0,0,0,0,3057663,4960255,5177343,3171348.48,200
1790620611,0,924259,0,891.42,200.04,5951717375,16743661567,32010928127,52680458239,55935238143,200832,56069455871,19693666705.98,16210013373.72,924259,10,10,10,0,0,0,0,0,0,2756607,5119999,7573503,2932375.04,200
1790620612,0,924459,0,890.76,199.89,5943328767,16743661567,32010928127,52680458239,55935238143,200832,56069455871,19689406778.33,16210846644.77,924459,10,10,10,0,0,0,0,0,0,2809855,5775359,7254015,3024407.04,200
1790620613,0,924659,0,890.09,199.95,5939134463,16735272959,32010928127,52680458239,55935238143,200832,56069455871,19685148704.67,16211678380.31,924659,10,10,10,0,0,0,0,0,0,2998271,4481023,5603327,3076098.56,200
1790620614,0,924859,0,889.43,200.14,5930745855,16726884351,31994150911,52680458239,55935238143,200832,56069455871,19680892553.16,16212508498.12,924859,10,10,10,0,0,0,0,0,0,3272703,5836799,6488063,3448570.88,200
1790620615,0,925059,0,888.77,200.00,5922357247,16726884351,31994150911,52680458239,55935238143,200832,56069455871,19676638193.76,16213337156.51,925059,10,10,10,0,0,0,0,0,0,3158015,5152767,6946815,3225301.76,200
1790620616,0,925259,0,888.11,200.02,5918162943,16718495743,31994150911,52680458239,55935238143,200832,56069455871,19672385576.02,16214164417.14,925259,10,10,10,0,0,0,0,0,0,2875391,4923391,6004735,2773992.96,200
1790620617,0,925459,0,887.45,199.97,5909774335,16710107135,31994150911,52680458239,55935238143,200832,56069455871,19668134846.68,16214990102.38,925459,10,10,10,0,0,0,0,0,0,2969599,5287935,5881855,3006955.52,200
1790620618,0,925659,0,886.79,199.90,5901385727,16710107135,31994150911,52680458239,55935238143,200832,56069455871,19663885953.25,16215814276.40,925659,10,10,10,0,0,0,0,0,0,2754559,5390335,6221823,3002618.88,200
1790620619,0,925859,0,886.13,200.10,5897191423,16701718527,31977373695,52680458239,55935238143,200832,56069455871,19659638889.80,16216636946.84,925859,10,10,10,0,0,0,0,0,0,2758655,5464063,8130559,2976378.88,200
1790620620,0,926059,0,885.47,200.01,5888802815,16693329919,31977373695,52680458239,55935238143,200832,56069455871,19655393639.14,16217458134.99,926059,10,10,10,0,0,0,0,0,0,2793471,5402623,6557695,2875996.16,200
1790620621,0,926259,0,884.82,200.03,5880414207,16693329919,31977373695,52680458239,55935238143,200832,56069455871,19651150319.19,16218277698.45,926259,10,10,10,0,0,0,0,0,0,3045375,5890047,8421375,3327141.12,200
1790620622,0,926459,0,884.17,199.87,5872025599,16684941311,31977373695,52680458239,55935238143,200832,56069455871,19646908692.44,16219095925.40,926459,10,10,10,0,0,0,0,0,0,2439167,4882431,5496831,2683972.48,200
1790620623,0,926659,0,883.51,199.97,5867831295,16684941311,31977373695,52680458239,55935238143,200832,56069455871,19642669033.99,16219912483.10,926659,10,10,10,0,0,0,0,0,0,3071999,6606847,12083199,3320367.36,200
1790620624,0,926859,0,882.86,199.99,5859442687,16676552703,31960596479,52680458239,55935238143,200832,56069455871,19638431087.09,16220727682.90,926859,10,10,10,0,0,0,0,0,0,2439167,5406719,7245823,2772908.16,200
1790620625,0,927059,0,882.21,200.11,5851054079,16668164095,31960596479,52680458239,55935238143,200832,56069455871,19634195050.21,16221541284.96,927059,10,10,10,0,0,0,0,0,0,3160063,4644863,5808127,3150540.80,200
1790620626,0,927259,0,881.56,199.89,5846859775,16668164095,31960596479,52680458239,55935238143,200832,56069455871,19629960865.43,16222353359.92,927259,10,10,10,0,0,0,0,0,0,2985983,6037503,7409663,3265308.16,200
1790620627,0,927459,0,880.92,200.04,5838471167,16659775487,31960596479,52680458239,55935238143,200832,56069455871,19625728425.60,16223164037.83,927459,10,10,10,0,0,0,0,0,0,2840575,5054463,5840895,2888805.12,200
1790620628,0,927659,0,880.27,200.05,5834276863,16651386879,31943819263,52680458239,55935238143,200832,56069455871,19621497862.83,16223973159.31,927659,10,10,10,0,0,0,0,0,0,3000319,5206015,7294975,3130279.68,200
1790620629,0,927859,0,879.63,200.02,5825888255,16651386879,31943819263,52680458239,55935238143,200832,56069455871,19617269161.77,16224780743.44,927859,10,10,10,0,0,0,0,0,0,3303423,5496831,7294975,3306183.68,200
1790620630,0,928059,0,878.98,199.95,5817499647,16642998271,31943819263,52680458239,55935238143,200832,56069455871,19613042176.40,16225586967.16,928059,10,10,10,0,0,0,0,0,0,2795519,4554751,5099519,2810056.96,200
1790620631,0,928259,0,878.34,199.99,5813305343,16642998271,31943819263,52680458239,55935238143,200832,56069455871,19608817073.86,16226391628.87,928259,10,10,10,0,0,0,0,0,0,2764799,6463487,7208959,3094880.00,200
1790620632,0,928459,0,877.70,200.05,5804916735,16634609663,31943819263,52680458239,55935238143,200832,56069455871,19604593771.25,16227194829.23,928459,10,10,10,0,0,0,0,0,0,2619391,6533119,7454719,3000494.08,200
1790620633,0,928659,0,877.06,200.09,5796528127,16626221055,31943819263,52646903807,55935238143,200832,56069455871,19600372304.55,16227996525.18,928659,10,10,10,0,0,0,0,0,0,2865151,5345279,6311935,3078581.12,200
1790620634,0,928859,0,876.42,199.98,5792333823,16626221055,31927042047,52646903807,55935238143,200832,56069455871,19596152657.15,16228796737.27,928859,10,10,10,0,0,0,0,0,0,2975743,5533695,5988351,3084943.36,200
1790620635,0,929059,0,875.78,199.92,5783945215,16617832447,31927042047,52646903807,55935238143,200832,56069455871,19591934808.42,16229595490.81,929059,10,10,10,0,0,0,0,0,0,2893823,4677631,5603327,3001077.76,200
1790620636,0,929259,0,875.15,200.11,5775556607,16609443839,31927042047,52646903807,55935238143,200832,56069455871,19587718822.51,16230392708.84,929259,10,10,10,0,0,0,0,0,0,3184639,5287935,6103039,3220531.20,200
1790620637,0,929459,0,874.51,199.82,5771362303,16609443839,31927042047,52646903807,55935238143,200832,56069455871,19583504533.60,16231188591.88,929459,10,10,10,0,0,0,0,0,0,2557951,4489215,5357567,2675029.12,200
1790620638,0,929659,0,873.88,200.11,5762973695,16601055231,31927042047,52646903807,55935238143,200832,56069455871,19579292069.09,16231982986.60,929659,10,10,10,0,0,0,0,0,0,2674687,4771839,5533695,2726823.68,200
1790620639,0,929859,0,873.24,199.94,5758779391,16592666623,31910264831,52646903807,55935238143,200832,56069455871,19575081545.67,16232775752.76,929859,10,10,10,0,0,0,0,0,0,3229695,5320703,6299647,3326590.72,200
1790620640,0,930059,0,872.61,199.99,5750390783,16592666623,31910264831,52646903807,55935238143,200832,56069455871,19570872810.11,16233567075.63,930059,10,10,10,0,0,0,0,0,0,3045375,5779455,7450623,3219603.20,200
1790620641,0,930259,0,871.98,200.09,5742002175,16584278015,31910264831,52646903807,55935238143,200832,56069455871,19566665964.87,16234356832.13,930259,10,10,10,0,0,0,0,0,0,3303423,6017023,12361727,3594613.76,200
1790620642,0,930459,0,871.35,199.95,5733613567,16584278015,31910264831,52646903807,55935238143,200832,56069455871,19562460715.36,16235145377.70,930459,10,10,10,0,0,0,0,0,0,2516991,4358143,4976639,2604691.20,200
1790620643,0,930659,0,870.72,199.98,5729419263,16575889407,31910264831,52646903807,55935238143,200832,56069455871,19558257346.81,16235932369.01,930659,10,10,10,0,0,0,0,0,0,2658303,5545983,6582271,2946859.52,200
1790620644,0,930859,0,870.10,199.94,5721030655,16567500799,31910264831,52646903807,55935238143,200832,56069455871,19554055794.93,16236717884.01,930859,10,10,10,0,0,0,0,0,0,2607103,5115903,10117119,2995411.20,200
1790620645,0,931059,0,869.47,200.05,5716836351,16567500799,31893487615,52646903807,55935238143,200832,56069455871,19549856088.55,16237501888.38,931059,10,10,10,0,0,0,0,0,0,3158015,4894719,5414911,3183677.44,200
1790620646,0,931259,0,868.85,200.02,5708447743,16559112191,31893487615,52646903807,55935238143,200832,56069455871,19545658131.14,16238284498.78,931259,10,10,10,0,0,0,0,0,0,2902015,4435967,5066751,2928016.64,200
1790620647,0,931459,0,868.22,200.01,5704253439,16559112191,31893487615,52646903807,55935238143,200832,56069455871,19541462062.46,16239065547.45,931459,10,10,10,0,0,0,0,0,0,3155967,5582847,7081983,3328446.08,200
1790620648,0,931659,0,867.60,199.97,5695864831,16550723583,31893487615,52646903807,55935238143,200832,56069455871,19537267637.92,16239845329.10,931659,10,10,10,0,0,0,0,0,0,2281471,4902911,5668863,2595214.08,200
1790620649,0,931859,0,866.98,200.11,5687476223,16542334975,31876710399,52646903807,55935238143,200832,56069455871,19533075114.08,16240623535.48,931859,10,10,10,0,0,0,0,0,0,3184639,5210111,5812223,3062234.88,200
1790620650,0,932059,0,866.36,199.96,5683281919,16542334975,31876710399,52646903807,55935238143,200832,56069455871,19528884410.90,16241400263.32,932059,10,10,10,0,0,0,0,0,0,3209215,4997119,5980159,3162071.04,200
1790620651,0,932259,0,865.74,199.94,5674893311,16533946367,31876710399,52646903807,55935238143,200832,56069455871,19524695528.74,16242175512.67,932259,10,10,10,0,0,0,0,0,0,2977791,5595135,10100735,3268907.52,200
1790620652,0,932459,0,865.12,200.06,5666504703,16525557759,31876710399,52646903807,55935238143,200832,56069455871,19520508361.70,16242949411.17,932459,10,10,10,0,0,0,0,0,0,2734079,5021695,7561215,2887584.00,200
1790620653,0,932659,0,864.51,199.98,5662310399,16525557759,31876710399,52646903807,55935238143,200832,56069455871,19516322972.39,16243721883.99,932659,10,10,10,0,0,0,0,0,0,2775039,4907007,6610943,2803330.56,200
1790620654,0,932859,0,863.89,200.07,5653921791,16517169151,31876710399,52646903807,55935238143,200832,56069455871,19512139409.80,16244492872.68,932859,10,10,10,0,0,0,0,0,0,2848767,4759551,5783551,2952897.28,200
1790620655,0,933879,0,864.04,1019.74,5620367359,16492003327,31859933183,52613349375,55935238143,200832,56069455871,19491253451.62,16247902947.39,933879,10,10,10,0,0,0,0,0,0,394264575,774373375,805306367,389631827.33,1020
1790620656,0,935018,0,864.29,1138.77,5578424319,16466837503,31843155967,52613349375,55935238143,200832,56069455871,19469096248.99,16250396557.66,935018,10,10,10,0,0,0,0,0,0,1299185663,1740636159,1788870655,1302154864.83,1139
1790620657,0,936227,0,864.61,1208.77,5536481279,16433283071,31809601535,52613349375,55935238143,200832,56069455871,19446909581.76,16251620707.18,936227,10,10,10,0,0,0,0,0,0,2283798527,2726297599,2764046335,2288155886.00,1209
1790620658,0,937409,0,864.90,1182.88,5494538239,16399728639,31792824319,52613349375,55935238143,200832,56069455871,19426510921.15,16251517778.04,937409,10,10,10,0,0,0,0,0,0,3273654271,3705667583,3745513471,3269339319.66,1182
1790620659,0,938621,0,865.22,1211.88,5452595199,16374562815,31776047103,52613349375,55935238143,200832,56069455871,19406907880.40,16250172759.30,938621,10,10,10,0,0,0,0,0,0,4232052735,4689231871,4726980607,4245136576.63,1212
1790620660,0,939789,0,865.50,1167.91,5427429375,16341008383,31759269887,52579794943,55935238143,200832,56069455871,19389281123.02,16247760010.42,939789,10,10,10,0,0,0,0,0,0,5217714175,5674893311,5708447743,5224174409.64,1168
1790620661,0,940964,0,865.78,1175.04,5440012287,16307453951,31742492671,52579794943,55935238143,200832,56069455871,19372806843.62,16244298304.74,940964,10,10,10,0,0,0,0,0,0,6186598399,6643777535,6685720575,6196341678.95,1175
1790620662,0,942105,0,866.04,1140.82,5452595199,16273899519,31725715455,52579794943,55935238143,200832,56069455871,19358050840.41,16239990918.08,942105,10,10,10,0,0,0,0,0,0,7189037055,7629438975,7671382015,7189016838.06,1141
1790620663,0,943299,0,866.34,1194.23,5465178111,16248733695,31692161023,52579794943,55935238143,200832,56069455871,19343880932.66,16234592600.40,943299,10,10,10,0,0,0,0,0,0,8157921279,8598323199,8648654847,8163360877.78,1194
1790620664,0,944534,0,866.68,1234.05,5481955327,16215179263,31675383807,52579794943,55935238143,200832,56069455871,19330553483.46,16228159375.07,944534,10,10,10,0,0,0,0,0,0,9160359935,9596567551,9630121983,9150983034.51,1235
1790620665,0,945735,0,866.98,1202.08,5494538239,16181624831,31658606591,52579794943,55935238143,200832,56069455871,19318850892.65,16221175274.25,945735,10,10,10,0,0,0,0,0,0,10108272639,10569646079,10611589119,10115274787.81,1201
1790620666,0,946946,0,867.30,1210.48,5507121151,16156459007,31641829375,52546240511,55935238143,200832,56069455871,19308335574.73,16213466065.46,946946,10,10,10,0,0,0,0,0,0,11081351167,11551113215,11593056255,11096358533.18,1211
1790620667,0,948145,0,867.60,1199.20,5519704063,16122904575,31608274943,52546240511,55935238143,200832,56069455871,19299197182.98,16205249591.41,948145,10,10,10,0,0,0,0,0,0,12087984127,12540968959,12566134783,12081879824.01,1199
1790620668,0,949332,0,867.89,1186.91,5532286975,16097738751,31591497727,52546240511,55935238143,200832,56069455871,19291395100.01,16196619496.42,949332,10,10,10,0,0,0,0,0,0,13052674047,13514047487,13547601919,13059292355.83,1187
1790620669,0,950524,0,868.19,1191.65,5544869887,16064184319,31574720511,52546240511,55935238143,200832,56069455871,19284828962.67,16187524405.50,950524,10,10,10,0,0,0,0,0,0,14059307007,14495514623,14529069055,14055429388.03,1192
1790620670,0,951659,0,868.43,1135.52,5557452799,16039018495,31557943295,52512686079,55935238143,200832,56069455871,19279758701.01,16178536691.12,951659,10,10,10,0,0,0,0,0,0,15040774143,15468593151,15510536191,15033586548.16,1135
1790620671,0,952820,0,868.70,1160.83,5570035711,16039018495,31524388863,52512686079,55935238143,200832,56069455871,19275784704.48,16169080326.02,952820,10,10,10,0,0,0,0,0,0,16022241279,16458448895,16492003327,16018343214.53,1161
1790620672,0,953966,0,868.95,1145.99,5582618623,16064184319,31507611647,52512686079,55935238143,200832,56069455871,19273032918.05,16159563220.54,953966,10,10,10,0,0,0,0,0,0,16978542591,17431527423,17465081855,16985112204.29,1146
1790620673,0,955064,0,869.16,1098.05,5595201535,16089350143,31490834431,52512686079,55935238143,200832,56069455871,19271530008.88,16150335126.01,955064,10,10,10,0,0,0,0,0,0,17968398335,18421383167,18471714815,17965770211.09,1098
1790620674,0,956224,0,869.43,1160.17,5607784447,16114515967,31474057215,52512686079,55935238143,200832,56069455871,19271137515.17,16140543244.13,956224,10,10,10,0,0,0,0,0,0,18958254079,19411238911,19444793343,18947985266.76,1160
1790620675,0,957384,0,869.69,1159.68,5624561663,16139681791,31440502783,52479131647,55935238143,200832,56069455871,19271939235.65,16130781549.79,957384,10,10,10,0,0,0,0,0,0,19948109823,20384317439,20417871871,19932822309.08,1160
1790620676,0,958608,0,870.01,1224.17,5637144575,16173236223,31423725567,52479131647,55935238143,200832,56069455871,19274046254.36,16120590965.79,958608,10,10,10,0,0,0,0,0,0,20937965567,21374173183,21407727615,20922106712.68,1224
1790620677,0,959750,0,870.26,1141.90,5645533183,16190013439,31406948351,52479131647,55935238143,200832,56069455871,19274958230.85,16112018889.85,959750,10,10,10,0,0,0,0,0,0,21810380799,22229811199,22280142847,20040481840.42,1142
1790620678,0,960942,0,870.55,1191.75,5628755967,16164847615,31390171135,52479131647,55935238143,200832,56069455871,19258001379.04,16109213121.54,960942,10,10,10,0,0,0,0,0,0,5603590143,6048186367,6098518015,5605032815.68,1192
1790620679,0,962139,0,870.84,1197.01,5641338879,16139681791,31356616703,52445577215,55935238143,200832,56069455871,19242248643.83,16105378147.43,962139,10,10,10,0,0,0,0,0,0,6597640191,7042236415,7079985151,6596079154.05,1197
1790620680,0,963307,0,871.11,1167.42,5653921791,16106127359,31339839487,52445577215,55935238143,200832,56069455871,19228107346.56,16100730938.67,963307,10,10,10,0,0,0,0,0,0,7591690239,8027897855,8057257983,7579225831.45,1168
1790620681,0,964510,0,871.41,1203.80,5666504703,16080961535,31323062271,52445577215,55935238143,200832,56069455871,19214799163.85,16095096363.45,964510,10,10,10,0,0,0,0,0,0,8560574463,9000976383,9034530815,8558219308.26,1203
1790620682,0,965684,0,871.69,1174.14,5679087615,16055795711,31306285055,52412022783,55935238143,200832,56069455871,19203051157.40,16088837081.53,965684,10,10,10,0,0,0,0,0,0,9563013119,9990832127,10024386559,9551373390.50,1174
1790620683,0,966845,0,871.95,1161.18,5691670527,16022241279,31272730623,52412022783,55935238143,200832,56069455871,19192638376.53,16081981454.97,966845,10,10,10,0,0,0,0,0,0,10527703039,10972299263,10997465087,10531608330.80,1161
1790620684,0,968041,0,872.24,1196.00,5704253439,15997075455,31255953407,52378468351,55935238143,200832,56069455871,19183133020.18,16074319065.23,968041,10,10,10,0,0,0,0,0,0,11492392959,11945377791,11987320831,11499014068.66,1196
1790620685,0,969226,0,872.52,1183.95,5712642047,15971909631,31239176191,52378468351,55935238143,200832,56069455871,19174951537.59,16066194606.60,969226,10,10,10,0,0,0,0,0,0,12490637311,12935233535,12968787967,12491398303.86,1185
1790620686,0,970444,0,872.83,1218.51,5725224959,15938355199,31222398975,52378468351,55935238143,200832,56069455871,19167777763.46,16057387476.16,970444,10,10,10,0,0,0,0,0,0,13463715839,13899923455,13933477887,13459232273.66,1218
1790620687,0,971626,0,873.11,1182.22,5737807871,15913189375,31188844543,52344913919,55935238143,200832,56069455871,19162030313.35,16048465550.26,971626,10,10,10,0,0,0,0,0,0,14453571583,14898167807,14923333631,14443266796.51,1182
1790620688,0,972804,0,873.38,1178.49,5750390783,15888023551,31172067327,52344913919,55935238143,200832,56069455871,19157502320.38,16039276094.22,972804,10,10,10,0,0,0,0,0,0,15435038719,15871246335,15904800767,15422769134.61,1178
1790620689,0,974032,0,873.70,1227.85,5762973695,15913189375,31138512895,52311359487,55935238143,200832,56069455871,19154019390.44,16029465176.33,974032,10,10,10,0,0,0,0,0,0,16399728639,16844324863,16886267903,16394892211.28,1228
1790620690,0,975222,0,873.98,1189.56,5775556607,15938355199,31121735679,52311359487,55935238143,200832,56069455871,19151856735.47,16019804781.16,975222,10,10,10,0,0,0,0,0,0,17381195775,17817403391,17884512255,17381692748.15,1190
1790620691,0,976391,0,874.25,1169.18,5762973695,15938355199,31104958463,52311359487,55935238143,200832,56069455871,19142059887.87,16014217306.40,976391,10,10,10,0,0,0,0,0,0,5536481279,18236833791,18287165439,10969175960.64,1169
1790620692,0,977575,0,874.53,1183.95,5767167999,15913189375,31088181247,52277805055,55935238143,200832,56069455871,19126258305.41,16010951148.48,977575,10,10,10,0,0,0,0,0,0,6106906623,6543114239,6568280063,6095411255.35,1184
1790620693,0,978754,0,874.80,1178.33,5775556607,15888023551,31054626815,52277805055,55935238143,200832,56069455871,19111737344.76,16006770140.09,978754,10,10,10,0,0,0,0,0,0,7071596543,7524581375,7553941503,7071594765.25,1179
1790620694,0,979949,0,875.08,1195.16,5788139519,15854469119,31037849599,52277805055,55935238143,200832,56069455871,19098249073.17,16001667232.98,979949,10,10,10,0,0,0,0,0,0,8048869375,8493465599,8531214335,8050801563.74,1195
1790620695,0,981131,0,875.36,1182.52,5800722431,15829303295,31021072383,52244250623,55935238143,200832,56069455871,19086109878.97,15995847775.13,981131,10,10,10,0,0,0,0,0,0,9026142207,9479127039,9512681471,9021988711.53,1182
1790620696,0,982304,0,875.62,1173.40,5813305343,15804137471,31004295167,52244250623,55935238143,200832,56069455871,19075273811.72,15989368795.50,982304,10,10,10,0,0,0,0,0,0,10015997951,10460594175,10502537215,10011674922.56,1173
1790620697,0,983447,0,875.86,1142.26,5821693951,15778971647,30970740735,52210696191,55935238143,200832,56069455871,19065871111.22,15982454545.16,983447,10,10,10,0,0,0,0,0,0,10989076479,11433672703,11475615743,10985109688.55,1143
1790620698,0,984634,0,876.14,1187.35,5834276863,15753805823,30953963519,52210696191,55935238143,200832,56069455871,19057319001.19,15974717822.51,984634,10,10,10,0,0,0,0,0,0,11978932223,12423528447,12457082879,11971769752.05,1187
1790620699,0,985809,0,876.40,1175.29,5846859775,15728639999,30937186303,52210696191,55935238143,200832,56069455871,19050053428.34,15966583093.20,985809,10,10,10,0,0,0,0,0,0,12968787967,13404995583,13438550015,12961602322.08,1175
1790620700,0,986958,0,876.65,1149.07,5855248383,15695085567,30920409087,52177141759,55935238143,200832,56069455871,19044088870.91,15958245592.78,986958,10,10,10,0,0,0,0,0,0,13933477887,14378074111,14420017151,13926669901.09,1149
1790620701,0,988103,0,876.88,1144.78,5867831295,15669919743,30886854655,52177141759,55935238143,200832,56069455871,19039300667.93,15949619340.07,988103,10,10,10,0,0,0,0,0,0,14914945023,15367929855,15401484287,14912003516.48,1145
1790620702,0,989259,0,877.13,1156.14,5880414207,15686696959,30870077439,52177141759,55935238143,200832,56069455871,19035626887.90,15940662363.67,989259,10,10,10,0,0,0,0,0,0,15904800767,16341008383,16382951423,15895425264.94,1156
1790620703,0,990462,0,877.42,1202.85,5892997119,15711862783,30853300223,52143587327,55935238143,200832,56069455871,19032997863.01,15931160156.43,990462,10,10,10,0,0,0,0,0,0,16877879295,17314086911,17364418559,16871080548.87,1203
1790620704,0,991592,0,877.64,1129.59,5905580031,15737028607,30836523007,52143587327,55935238143,200832,56069455871,19031668817.33,15922131667.62,991592,10,10,10,0,0,0,0,0,0,17867735039,18303942655,18337497087,17866740284.72,1130
1790620705,0,992765,0,877.91,1173.74,5918162943,15762194431,30819745791,52110032895,55935238143,200832,56069455871,19031437693.52,15912726968.99,992765,10,10,10,0,0,0,0,0,0,18840813567,19293798399,19327352831,18836057878.04,1173
1790620706,0,993944,0,878.17,1178.96,5930745855,15787360255,30786191359,52110032895,55935238143,200832,56069455871,19032374664.43,15903312846.43,993944,10,10,10,0,0,0,0,0,0,19830669311,20266876927,20300431359,19821341521.42,1179
1790620707,0,995146,0,878.46,1201.93,5939134463,15812526079,30769414143,52110032895,55935238143,200832,56069455871,19034513616.70,15893827555.71,995146,10,10,10,0,0,0,0,0,0,20820525055,21239955455,21290287103,20803231403.23,1202
1790620708,0,996293,0,878.69,1146.45,5951717375,15837691903,30752636927,52076478463,55935238143,200832,56069455871,19037674011.40,15884951554.56,996293,10,10,10,0,0,0,0,0,0,21793603583,22229811199,22263365631,21779656700.43,1147
1790620709,0,997464,0,878.95,1171.09,5964300287,15862857727,30735859711,52076478463,55935238143,200832,56069455871,19042036501.06,15876137423.66,997464,10,10,10,0,0,0,0,0,0,22766682111,23202889727,23253221375,22753665800.53,1171
1790620710,0,998677,0,879.25,1213.17,5947523071,15854469119,30702305279,52042924031,55935238143,200832,56069455871,19033388744.78,15871317665.91,998677,10,10,10,0,0,0,0,0,0,5540675583,23538434047,23588765695,11922238235.23,1213
1790620711,0,999862,0,879.51,1185.22,5943328767,15829303295,30685528063,52042924031,55935238143,200832,56069455871,19018141113.14,15868087899.45,999862,10,10,10,0,0,0,0,0,0,6165626879,6601834495,6643777535,6167964717.80,1185
1790620712,0,1001002,0,879.74,1139.33,5955911679,15804137471,30651973631,52009369599,55935238143,200832,56069455871,19004611098.49,15864113777.29,1001002,10,10,10,0,0,0,0,0,0,7130316799,7583301631,7621050367,7137815038.20,1140
1790620713,0,1002191,0,880.02,1189.86,5968494591,15778971647,30635196415,52009369599,55935238143,200832,56069455871,18991703188.73,15859126429.91,1002191,10,10,10,0,0,0,0,0,0,8120172543,8560574463,8606711807,8124719606.96,1189
1790620714,0,1003361,0,880.27,1169.51,5976883199,15753805823,30618419199,52009369599,55935238143,200832,56069455871,18980188400.14,15853462511.23,1003361,10,10,10,0,0,0,0,0,0,9118416895,9546235903,9588178943,9116925587.91,1170
1790620715,0,1004489,0,880.49,1128.48,5989466111,15728639999,30601641983,51975815167,55935238143,200832,56069455871,18970199596.78,15847361932.68,1004489,10,10,10,0,0,0,0,0,0,10083106815,10544480255,10578034687,10085114727.49,1128
1790620716,0,1005715,0,880.79,1225.94,6002049023,15703474175,30584864767,51975815167,55935238143,200832,56069455871,18960563535.84,15840104384.47,1005715,10,10,10,0,0,0,0,0,0,11072962559,11517558783,11551113215,11065525025.83,1226
1790620717,0,1006853,0,881.01,1137.84,6014631935,15678308351,30551310335,51942260735,55935238143,200832,56069455871,18952757273.04,15832853966.06,1006853,10,10,10,0,0,0,0,0,0,12062818303,12507414527,12540968959,12053921072.14,1138
1790620718,0,1008039,0,881.28,1185.25,6023020543,15653142527,30534533119,51942260735,55935238143,200832,56069455871,18945781942.27,15824845343.16,1008039,10,10,10,0,0,0,0,0,0,13027508223,13472104447,13514047487,13024084879.76,1186
1790620719,0,1009216,0,881.54,1177.37,6031409151,15627976703,30517755903,51942260735,55935238143,200832,56069455871,18940025060.02,15816515089.99,1009216,10,10,10,0,0,0,0,0,0,14008975359,14461960191,14495514623,14009556219.43,1177
1790620720,0,1010391,0,881.80,1175.19,6023020543,15602810879,30500978687,51908706303,55935238143,200832,56069455871,18928895159.82,15811780640.69,1010391,10,10,10,0,0,0,0,0,0,14520680447,14948499455,14982053887,9369343363.81,1175
1790620721,0,1011121,0,881.66,729.76,6002049023,15586033663,30484201471,51908706303,55935238143,200832,56069455871,18916070910.96,15813287317.96,1011121,10,10,10,0,0,0,0,0,0,1143996415,2516582399,2640314367,1166063208.33,730
1790620722,0,1011321,0,881.07,200.09,5997854719,15586033663,30484201471,51908706303,55935238143,200832,56069455871,18912331049.28,15813959472.18,1011321,10,10,10,0,0,0,0,0,0,5005311,7548927,8142847,5067600.64,200
1790620723,0,1011521,0,880.48,199.95,5989466111,15577645055,30467424255,51908706303,55935238143,200832,56069455871,18908592437.01,15814630722.49,1011521,10,10,10,0,0,0,0,0,0,3717119,6811647,10518527,3906968.96,200
1790620724,0,1011721,0,879.88,199.95,5985271807,15577645055,30467424255,51908706303,55935238143,200832,56069455871,18904855164.57,15815300960.95,1011721,10,10,10,0,0,0,0,0,0,2809855,5853183,7983103,3207368.96,200
1790620725,0,1011921,0,879.29,200.06,5981077503,15569256447,30467424255,51908706303,55935238143,200832,56069455871,18901119274.75,15815970136.64,1011921,10,10,10,0,0,0,0,0,0,2588671,5165055,5861375,2728356.48,200
1790620726,0,1012121,0,878.70,199.99,5972688895,15569256447,30467424255,51908706303,55935238143,200832,56069455871,18897384812.36,15816638196.23,1012121,10,10,10,0,0,0,0,0,0,2232319,4694015,7602175,2480241.28,200
1790620727,0,1012321,0,878.11,199.92,5968494591,15560867839,30450647039,51908706303,55935238143,200832,56069455871,18893651680.75,15817305255.45,1012321,10,10,10,0,0,0,0,0,0,1735679,2736127,3190783,1747171.20,200
1790620728,0,1012521,0,877.53,199.99,5960105983,15560867839,30450647039,51875151871,55935238143,200832,56069455871,18889920017.87,15817971149.73,1012521,10,10,10,0,0,0,0,0,0,1649663,2885631,3082239,1716544.64,200
1790620729,0,1012721,0,876.94,200.09,5955911679,15552479231,30450647039,51875151871,55935238143,200832,56069455871,18886189808.92,15818635897.07,1012721,10,10,10,0,0,0,0,0,0,1590271,2586623,3342335,1615311.36,200
1790620730,0,1012921,0,876.35,199.96,5951717375,15552479231,30450647039,51875151871,55935238143,200832,56069455871,18882461142.69,15819299391.75,1012921,10,10,10,0,0,0,0,0,0,1883135,2990079,4890623,1968179.84,200
1790620731,0,1013121,0,875.77,200.12,5943328767,15544090623,30450647039,51875151871,55935238143,200832,56069455871,18878733902.23,15819961773.71,1013121,10,10,10,0,0,0,0,0,0,1645567,2865151,3854335,1733235.20,200
1790620732,0,1013321,0,875.19,199.98,5939134463,15544090623,30433869823,51875151871,55935238143,200832,56069455871,18875008193.53,15820622916.76,1013321,10,10,10,0,0,0,0,0,0,1972223,3680255,4923391,2039570.56,200
1790620733,0,1013521,0,874.60,200.01,5934940159,15535702015,30433869823,51875151871,55935238143,200832,56069455871,18871283902.94,15821282956.80,1013521,10,10,10,0,0,0,0,0,0,1708031,3192831,3674111,1774577.28,200
1790620734,0,1013721,0,874.02,199.87,5926551551,15535702015,30433869823,51875151871,55935238143,200832,56069455871,18867561064.40,15821941853.61,1013721,10,10,10,0,0,0,0,0,0,1608703,2740223,3373055,1685852.80,200
1790620735,0,1013921,0,873.44,200.14,5922357247,15527313407,30433869823,51875151871,55935238143,200832,56069455871,18863839710.38,15822599568.76,1013921,10,10,10,0,0,0,0,0,0,1668095,3059711,3737599,1766152.96,200
1790620736,0,1014121,0,872.86,200.00,5918162943,15527313407,30433869823,51875151871,55935238143,200832,56069455871,18860119796.77,15823256155.16,1014121,10,10,10,0,0,0,0,0,0,1575935,2623487,2793471,1627157.12,200
1790620737,0,1014321,0,872.28,200.00,5909774335,15518924799,30417092607,51875151871,55935238143,200832,56069455871,18856401374.22,15823911552.73,1014321,10,10,10,0,0,0,0,0,0,1665023,2762751,4780031,1749385.60,200
1790620738,0,1014521,0,871.71,199.91,5905580031,15518924799,30417092607,51875151871,55935238143,200832,56069455871,18852684395.68,15824565817.81,1014521,10,10,10,0,0,0,0,0,0,1592319,2646015,3315711,1637469.12,200
1790620739,0,1014721,0,871.13,199.90,5897191423,15510536191,30417092607,51875151871,55935238143,200832,56069455871,18848968870.57,15825218939.48,1014721,10,10,10,0,0,0,0,0,0,1537023,2476031,2973695,1577601.92,200
1790620740,0,1014921,0,870.55,200.18,5892997119,15510536191,30417092607,51875151871,55935238143,200832,56069455871,18845254767.51,15825870955.39,1014921,10,10,10,0,0,0,0,0,0,1303551,2285567,2742271,1362890.24,200
1790620741,0,1015121,0,869.98,199.92,5884608511,15502147583,30400315391,51875151871,55935238143,200832,56069455871,18841542107.01,15826521841.37,1015121,10,10,10,0,0,0,0,0,0,1218559,2036735,2250751,1256578.56,200
1790620742,0,1015321,0,869.41,199.98,5880414207,15502147583,30400315391,51875151871,55935238143,200832,56069455871,18837830897.01,15827171588.25,1015321,10,10,10,0,0,0,0,0,0,1123327,1915903,3803135,1194862.72,200
1790620743,0,1015521,0,868.83,199.96,5872025599,15493758975,30400315391,51875151871,55935238143,200832,56069455871,18834121140.09,15827820193.25,1015521,10,10,10,0,0,0,0,0,0,1064959,1917951,2373631,1150647.68,200
1790620744,0,1015721,0,868.26,200.08,5867831295,15485370367,30400315391,51875151871,55935238143,200832,56069455871,18830412900.02,15828467580.81,1015721,10,10,10,0,0,0,0,0,0,1252351,2203647,5472255,1434567.68,200
1790620745,0,1015921,0,867.69,199.99,5863636991,15485370367,30400315391,51875151871,55935238143,200832,56069455871,18826706087.39,15829113857.58,1015921,10,10,10,0,0,0,0,0,0,1184767,2049023,2256895,1268921.60,200
1790620746,0,1016121,0,867.12,199.96,5855248383,15485370367,30383538175,51841597439,55935238143,200832,56069455871,18823000746.46,15829758971.21,1016121,10,10,10,0,0,0,0,0,0,1241087,2234367,3338239,1332455.68,200
1790620747,0,1016321,0,866.55,200.01,5851054079,15476981759,30383538175,51841597439,55935238143,200832,56069455871,18819296856.24,15830402946.95,1016321,10,10,10,0,0,0,0,0,0,1253375,1975295,2134015,1293672.32,200
1790620748,0,1016521,0,865.98,200.05,5846859775,15476981759,30383538175,51841597439,55935238143,200832,56069455871,18815594423.87,15831045776.60,1016521,10,10,10,0,0,0,0,0,0,1174527,2516991,4110335,1295560.32,200
1790620749,0,1016721,0,865.42,200.03,5838471167,15468593151,30383538175,51841597439,55935238143,200832,56069455871,18811893434.40,15831687478.20,1016721,10,10,10,0,0,0,0,0,0,1217535,1901567,2267135,1225876.48,200
1790620750,0,1016921,0,864.85,199.89,5834276863,15468593151,30366760959,51841597439,55935238143,200832,56069455871,18808193890.13,15832328049.32,1016921,10,10,10,0,0,0,0,0,0,1154047,1878015,2148351,1172142.08,200
1790620751,0,1017121,0,864.29,200.10,5825888255,15460204543,30366760959,51841597439,55935238143,200832,56069455871,18804495794.18,15832967486.52,1017121,10,10,10,0,0,0,0,0,0,1127423,1827839,2256895,1138601.60,200
1790620752,0,1017321,0,863.72,199.95,5821693951,15460204543,30366760959,51841597439,55935238143,200832,56069455871,18800799157.16,15833605777.47,1017321,10,10,10,0,0,0,0,0,0,1107967,1930239,2164735,1163460.48,200
1790620753,0,1017521,0,863.16,200.01,5817499647,15451815935,30366760959,51841597439,55935238143,200832,56069455871,18797103974.16,15834242928.31,1017521,10,10,10,0,0,0,0,0,0,1137663,1890303,2007039,1167646.08,200
1790620754,0,1017721,0,862.60,199.99,5813305343,15451815935,30366760959,51841597439,55935238143,200832,56069455871,18793410257.10,15834878925.17,1017721,10,10,10,0,0,0,0,0,0,1187839,1915903,2502655,1236880.64,200
1790620755,0,1017921,0,862.04,199.93,5804916735,15443427327,30349983743,51841597439,55935238143,200832,56069455871,18789717977.39,15835513802.26,1017921,10,10,10,0,0,0,0,0,0,1122303,1953791,2156543,1164993.28,200
1790620756,0,1018121,0,861.48,199.97,5800722431,15443427327,30349983743,51841597439,55935238143,200832,56069455871,18786027173.96,15836147513.70,1018121,10,10,10,0,0,0,0,0,0,1245183,2158591,2334719,1295553.92,200
1790620757,0,1018321,0,860.92,200.15,5792333823,15435038719,30349983743,51841597439,55935238143,200832,56069455871,18782337796.02,15836780120.00,1018321,10,10,10,0,0,0,0,0,0,1100799,1984511,2185215,1172039.04,200
1790620758,0,1018521,0,860.36,199.95,5788139519,15435038719,30349983743,51808043007,55935238143,200832,56069455871,18778649881.85,15837411576.05,1018521,10,10,10,0,0,0,0,0,0,1159167,2028543,2580479,1247644.80,200
1790620759,0,1018721,0,859.80,199.89,5783945215,15426650111,30349983743,51808043007,55935238143,200832,56069455871,18774963406.46,15838041911.77,1018721,10,10,10,0,0,0,0,0,0,1114111,2121727,2256895,1200400.64,200
1790620760,0,1018921,0,859.24,200.11,5779750911,15426650111,30333206527,51808043007,55935238143,200832,56069455871,18771278388.13,15838671105.76,1018921,10,10,10,0,0,0,0,0,0,1241087,1945599,2285567,1250576.64,200
1790620761,0,1019121,0,858.69,200.00,5771362303,15418261503,30333206527,51808043007,55935238143,200832,56069455871,18767594802.93,15839299186.65,1019121,10,10,10,0,0,0,0,0,0,1159167,1893375,2205695,1183258.24,200
1790620762,0,1019321,0,858.13,200.03,5767167999,15418261503,30333206527,51808043007,55935238143,200832,56069455871,18763912685.56,15839926113.63,1019321,10,10,10,0,0,0,0,0,0,1253375,1977343,2236415,1297009.92,200
1790620763,0,1019521,0,857.58,199.99,5762973695,15409872895,30333206527,51808043007,55935238143,200832,56069455871,18760231999.80,15840551929.89,1019521,10,10,10,0,0,0,0,0,0,1178623,2029567,2371583,1230513.92,200
1790620764,0,1019721,0,857.03,199.93,5754585087,15409872895,30333206527,51808043007,55935238143,200832,56069455871,18756552764.81,15841176612.99,1019721,10,10,10,0,0,0,0,0,0,1176575,2044927,2990079,1266112.64,200
1790620765,0,1019921,0,856.48,200.03,5750390783,15401484287,30316429311,51808043007,55935238143,200832,56069455871,18752874960.47,15841800187.05,1019921,10,10,10,0,0,0,0,0,0,1161215,1977343,2195455,1203347.20,200
1790620766,0,1020121,0,855.93,199.99,5746196479,15401484287,30316429311,51808043007,55935238143,200832,56069455871,18749198591.33,15842422646.94,1020121,10,10,10,0,0,0,0,0,0,1079295,1899519,3676159,1168163.84,200
1790620767,0,1020321,0,855.38,200.00,5737807871,15393095679,30316429311,51808043007,55935238143,200832,56069455871,18745523699.87,15843043942.68,1020321,10,10,10,0,0,0,0,0,0,1296383,2250751,2869247,1353950.08,200
1790620768,0,1020521,0,854.83,199.99,5733613567,15393095679,30316429311,51808043007,55935238143,200832,56069455871,18741850378.97,15843663964.71,1020521,10,10,10,0,0,0,0,0,0,2027519,3383295,4820991,2018108.16,200
1790620769,0,1020721,0,854.28,200.08,5725224959,15393095679,30316429311,51808043007,55935238143,200832,56069455871,18738178428.14,15844282950.52,1020721,10,10,10,0,0,0,0,0,0,1542143,2916351,3299327,1663722.24,200
1790620770,0,1020921,0,853.73,199.92,5721030655,15384707071,30299652095,51808043007,55935238143,200832,56069455871,18734507920.97,15844900813.28,1020921,10,10,10,0,0,0,0,0,0,1628159,2949119,3098623,1689201.28,200
1790620771,0,1021121,0,853.19,200.06,5716836351,15376318463,30299652095,51808043007,55935238143,200832,56069455871,18730838888.01,15845517517.20,1021121,10,10,10,0,0,0,0,0,0,1894399,3065855,3252223,1874917.12,200
1790620772,0,1021321,0,852.64,200.01,5708447743,15376318463,30299652095,51808043007,55935238143,200832,56069455871,18727171270.63,15846133131.85,1021321,10,10,10,0,0,0,0,0,0,1722367,2961407,3295231,1765627.52,200
1790620773,0,1021521,0,852.10,199.98,5704253439,15367929855,30299652095,51808043007,55935238143,200832,56069455871,18723505079.52,15846747644.86,1021521,10,10,10,0,0,0,0,0,0,1700863,3100671,3301375,1715209.60,200
1790620774,0,1021721,0,851.55,199.86,5700059135,15367929855,30299652095,51808043007,55935238143,200832,56069455871,18719840370.06,15847360991.07,1021721,10,10,10,0,0,0,0,0,0,1873919,3166207,3452927,1952011.52,200
1790620775,0,1022698,0,851.66,977.15,5670699007,15342764031,30266097663,51774488575,55935238143,200832,56069455871,18702348151.57,15849888701.01,1022698,10,10,10,0,0,0,0,0,0,406847487,784859135,814743551,409444392.61,977
1790620776,0,1023866,0,851.92,1168.79,5637144575,15325986815,30249320447,51774488575,55935238143,200832,56069455871,18682515738.93,15851715261.63,1023866,10,10,10,0,0,0,0,0,0,1330642943,1768947711,1807745023,1317302776.99,1168
1790620777,0,1024995,0,852.15,1128.81,5607784447,15300820991,30232543231,51774488575,55935238143,200832,56069455871,18664469289.66,15852303892.72,1024995,10,10,10,0,0,0,0,0,0,2302672895,2749366271,2780823551,2298529674.09,1129
1790620778,0,1026118,0,852.38,1122.87,5574230015,15275655167,30215766015,51740934143,55935238143,200832,56069455871,18647639981.51,15851785977.04,1026118,10,10,10,0,0,0,0,0,0,3294625791,3737124863,3774873599,3287037388.48,1123
1790620779,0,1027280,0,852.63,1161.97,5540675583,15250489343,30182211583,51740934143,55935238143,200832,56069455871,18631386146.17,15850182005.59,1027280,10,10,10,0,0,0,0,0,0,4278190079,4722786303,4764729343,4278242418.56,1162
1790620780,0,1028436,0,852.88,1155.69,5519704063,15225323519,30165434367,51740934143,55935238143,200832,56069455871,18616351290.42,15847613326.14,1028436,10,10,10,0,0,0,0,0,0,5259657215,5700059135,5746196479,5255618928.50,1156
1790620781,0,1029612,0,853.15,1176.16,5528092671,15208546303,30148657151,51707379711,55935238143,200832,56069455871,18602230268.11,15844067266.00,1029612,10,10,10,0,0,0,0,0,0,6257901567,6694109183,6731857919,6253108077.71,1176
1790620782,0,1030734,0,853.37,1121.63,5540675583,15183380479,30131879935,51707379711,55935238143,200832,56069455871,18589859177.88,15839878007.13,1030734,10,10,10,0,0,0,0,0,0,7243563007,7679770623,7713325055,7237432296.27,1122
1790620783,0,1031896,0,853.63,1162.05,5549064191,15158214655,30098325503,51707379711,55935238143,200832,56069455871,18578176199.39,15834783363.36,1031896,10,10,10,0,0,0,0,0,0,8216641535,8665432063,8707375103,8214972116.38,1162
1790620784,0,1033049,0,853.88,1153.79,5557452799,15133048831,30081548287,51673825279,55935238143,200832,56069455871,18567705094.91,15829047006.89,1033049,10,10,10,0,0,0,0,0,0,9185525759,9646899199,9688842239,9196420764.75,1153
1790620785,0,1034212,0,854.13,1163.03,5570035711,15107883007,30064771071,51673825279,55935238143,200832,56069455871,18558282144.85,15822639840.28,1034212,10,10,10,0,0,0,0,0,0,10175381503,10636754943,10678697983,10188231293.47,1163
1790620786,0,1035339,0,854.36,1126.99,5582618623,15091105791,30047993855,51640270847,55935238143,200832,56069455871,18550241564.49,15815904246.30,1035339,10,10,10,0,0,0,0,0,0,11173625855,11618222079,11668553727,11171657101.06,1127
1790620787,0,1036530,0,854.63,1190.74,5591007231,15065939967,30014439423,51640270847,55935238143,200832,56069455871,18542888317.95,15808304939.46,1036530,10,10,10,0,0,0,0,0,0,12146704383,12616466431,12650020863,12150694431.38,1191
1790620788,0,1037721,0,854.91,1191.27,5603590143,15040774143,29997662207,51640270847,55935238143,200832,56069455871,18536698952.08,15800288696.33,1037721,10,10,10,0,0,0,0,0,0,13153337343,13597933567,13631487999,13150079803.11,1191
1790620789,0,1038844,0,855.13,1122.43,5607784447,15015608319,29980884991,51606716415,55935238143,200832,56069455871,18531151472.58,15792834936.89,1038844,10,10,10,0,0,0,0,0,0,14025752575,14461960191,14503903231,13404939560.35,1123
1790620790,0,1040040,0,855.41,1195.75,5599395839,14998831103,29964107775,51606716415,55935238143,200832,56069455871,18516302355.27,15789820722.01,1040040,10,10,10,0,0,0,0,0,0,5611978751,6069157887,6119489535,5618378923.24,1196
1790620791,0,1041210,0,855.67,1170.77,5607784447,14973665279,29930553343,51573161983,55935238143,200832,56069455871,18502926091.43,15785988207.75,1041210,10,10,10,0,0,0,0,0,0,6618611711,7067402239,7096762367,6612456481.26,1170
1790620792,0,1042426,0,855.97,1216.23,5620367359,14948499455,29913776127,51573161983,55935238143,200832,56069455871,18490206104.75,15781171271.77,1042426,10,10,10,0,0,0,0,0,0,7595884543,8044675071,8086618111,7598612911.16,1216
1790620793,0,1043600,0,856.23,1172.85,5632950271,14923333631,29896998911,51573161983,55935238143,200832,56069455871,18479073542.26,15775783258.99,1043600,10,10,10,0,0,0,0,0,0,8598323199,9034530815,9068085247,8594173554.26,1174
1790620794,0,1044761,0,856.48,1161.88,5641338879,14906556415,29880221695,51539607551,55935238143,200832,56069455871,18469162676.18,15769817691.52,1044761,10,10,10,0,0,0,0,0,0,9571401727,10015997951,10057940991,9560480641.87,1161
1790620795,0,1045915,0,856.72,1153.27,5649727487,14881390591,29863444479,51539607551,55935238143,200832,56069455871,18460424116.83,15763311348.02,1045915,10,10,10,0,0,0,0,0,0,10552868863,10997465087,11039408127,10549067094.52,1154
1790620796,0,1047065,0,856.96,1150.87,5662310399,14864613375,29829890047,51506053119,55935238143,200832,56069455871,18452833072.92,15756318403.72,1047065,10,10,10,0,0,0,0,0,0,11551113215,11995709439,12029263871,11548844644.62,1150
1790620797,0,1048212,0,857.20,1146.67,5670699007,14839447551,29813112831,51506053119,55935238143,200832,56069455871,18446344662.62,15748918417.65,1048212,10,10,10,0,0,0,0,0,0,12515803135,12985565183,13019119615,12523251956.62,1147
1790620798,0,1049376,0,857.45,1164.46,5683281919,14814281727,29796335615,51506053119,55935238143,200832,56069455871,18440876205.54,15741039653.45,1049376,10,10,10,0,0,0,0,0,0,13514047487,13950255103,13992198143,13516389668.07,1164
1790620799,0,1050520,0,857.68,1143.16,5691670527,14805893119,29762781183,51472498687,55935238143,200832,56069455871,18436586124.14,15733005718.40,1050520,10,10,10,0,0,0,0,0,0,14512291839,14948499455,14990442495,14501351452.64,1144
1790620800,0,1051702,0,857.95,1182.76,5700059135,14822670335,29746003967,51472498687,55935238143,200832,56069455871,18433279300.97,15724474017.03,1051702,10,10,10,0,0,0,0,0,0,15502147583,15929966591,15971909631,15494291248.08,1182
1790620801,0,1052847,0,858.18,1145.00,5708447743,14847836159,29729226751,51438944255,55935238143,200832,56069455871,18431137534.62,15716058067.99,1052847,10,10,10,0,0,0,0,0,0,16466837503,16903045119,16961765375,16463888670.18,1145
1790620802,0,1053983,0,858.41,1135.92,5721030655,14873001983,29712449535,51438944255,55935238143,200832,56069455871,18430083470.29,15707621841.20,1053983,10,10,10,0,0,0,0,0,0,17465081855,17901289471,17951621119,17453174610.93,1136
1790620803,0,1055156,0,858.66,1172.38,5729419263,14889779199,29678895103,51438944255,55935238143,200832,56069455871,18430101695.25,15698891356.29,1055156,10,10,10,0,0,0,0,0,0,18471714815,18891145215,18941476863,18446477477.87,1173
1790620804,0,1056358,0,858.94,1202.77,5742002175,14914945023,29662117887,51405389823,55935238143,200832,56069455871,18431249296.14,15689996997.02,1056358,10,10,10,0,0,0,0,0,0,19444793343,19881000959,19914555391,19438651933.82,1202
1790620805,0,1057529,0,859.20,1170.80,5750390783,14931722239,29645340671,51405389823,55935238143,200832,56069455871,18432948303.58,15681613086.96,1057529,10,10,10,0,0,0,0,0,0,20401094655,20803747839,20837302271,19965621311.84,1171
1790620806,0,1058708,0,859.46,1178.64,5733613567,14906556415,29628563455,51405389823,55935238143,200832,56069455871,18418645148.02,15678734937.13,1058708,10,10,10,0,0,0,0,0,0,5595201535,6039797759,6073352191,5589127088.09,1179
1790620807,0,1059856,0,859.69,1147.50,5742002175,14889779199,29595009023,51371835391,55935238143,200832,56069455871,18405822738.04,15675081369.88,1059856,10,10,10,0,0,0,0,0,0,6576668671,7033847807,7067402239,6580746061.60,1148
1790620808,0,1061085,0,859.99,1229.98,5754585087,14864613375,29578231807,51371835391,55935238143,200832,56069455871,18393260139.56,15670347071.45,1061085,10,10,10,0,0,0,0,0,0,7558135807,8002732031,8048869375,7559618659.98,1229
1790620809,0,1062237,0,860.23,1151.22,5762973695,14847836159,29561454591,51371835391,55935238143,200832,56069455871,18382580591.14,15665203769.56,1062237,10,10,10,0,0,0,0,0,0,8535408639,9000976383,9042919423,8545854350.22,1152
1790620810,0,1063432,0,860.50,1195.34,5775556607,14822670335,29527900159,51338280959,55935238143,200832,56069455871,18372627998.34,15659214443.52,1063432,10,10,10,0,0,0,0,0,0,9521070079,9982443519,10015997951,9525755766.90,1195
1790620811,0,1064609,0,860.75,1176.85,5783945215,14797504511,29511122943,51338280959,55935238143,200832,56069455871,18363952909.16,15652730957.26,1064609,10,10,10,0,0,0,0,0,0,10536091647,10972299263,11005853695,10525917699.05,1177
1790620812,0,1065779,0,861.00,1169.91,5792333823,14780727295,29494345727,51338280959,55935238143,200832,56069455871,18356425178.18,15645787639.22,1065779,10,10,10,0,0,0,0,0,0,11517558783,11953766399,11987320831,11506775479.36,1170
1790620813,0,1066979,0,861.28,1200.26,5800722431,14755561471,29477568511,51304726527,55935238143,200832,56069455871,18349825150.28,15638226887.70,1066979,10,10,10,0,0,0,0,0,0,12482248703,12935233535,12968787967,12488015872.00,1200
1790620814,0,1068138,0,861.52,1159.61,5813305343,14738784255,29444014079,51304726527,55935238143,200832,56069455871,18344535420.00,15630567100.87,1068138,10,10,10,0,0,0,0,0,0,13472104447,13916700671,13958643711,13474793289.99,1159
1790620815,0,1069318,0,861.77,1179.85,5821693951,14722007039,29427236863,51271172095,55935238143,200832,56069455871,18340241125.44,15622477763.25,1069318,10,10,10,0,0,0,0,0,0,14461960191,14914945023,14948499455,14453038409.76,1180
1790620816,0,1070505,0,862.04,1186.08,5834276863,14747172863,29410459647,51271172095,55935238143,200832,56069455871,18337022244.02,15614115822.51,1070505,10,10,10,0,0,0,0,0,0,15435038719,15879634943,15921577983,15437268379.50,1187
1790620817,0,1071646,0,862.26,1141.13,5821693951,14747172863,29376905215,51271172095,55935238143,200832,56069455871,18329197150.68,15608655081.31,1071646,10,10,10,0,0,0,0,0,0,15963521023,16399728639,16433283071,10987565648.32,1141
1790620818,0,1072791,0,862.49,1145.08,5821693951,14722007039,29360127999,51237617663,55935238143,200832,56069455871,18316034402.15,15605522256.22,1072791,10,10,10,0,0,0,0,0,0,6002049023,6442450943,6480199679,5996552471.03,1145
1790620819,0,1074010,0,862.77,1219.56,5830082559,14705229823,29343350783,51237617663,55935238143,200832,56069455871,18303186963.44,15601322569.55,1074010,10,10,10,0,0,0,0,0,0,7000293375,7432306687,7474249727,6996692605.58,1219
1790620820,0,1075202,0,863.04,1191.96,5838471167,14680063999,29326573567,51204063231,55935238143,200832,56069455871,18291729457.59,15596467290.75,1075202,10,10,10,0,0,0,0,0,0,7960788991,8409579519,8455716863,7968343665.40,1192
1790620821,0,1076365,0,863.28,1163.17,5851054079,14654898175,29309796351,51204063231,55935238143,200832,56069455871,18281644146.96,15591057877.26,1076365,10,10,10,0,0,0,0,0,0,8967421951,9403629567,9445572607,8957700759.88,1163
1790620822,0,1077557,0,863.54,1191.91,5859442687,14638120959,29276241919,51204063231,55935238143,200832,56069455871,18272422752.37,15584898507.90,1077557,10,10,10,0,0,0,0,0,0,9940500479,10393485311,10427039743,9945588536.70,1192
1790620823,0,1078773,0,863.82,1216.31,5867831295,14612955135,29259464703,51170508799,55935238143,200832,56069455871,18264160358.27,15578056972.10,1078773,10,10,10,0,0,0,0,0,0,10947133439,11383341055,11416895487,10942449340.63,1216
1790620824,0,1079979,0,864.10,1205.27,5880414207,14596177919,29242687487,51170508799,55935238143,200832,56069455871,18257081092.64,15570799002.17,1079979,10,10,10,0,0,0,0,0,0,11928600575,12364808191,12398362623,11924642766.75,1206
1790620825,0,1081089,0,864.29,1110.58,5888802815,14571012095,29225910271,51136954367,55935238143,200832,56069455871,18251587370.11,15563749434.61,1081089,10,10,10,0,0,0,0,0,0,12926844927,13346275327,13388218367,12906447763.14,1110
1790620826,0,1082242,0,864.53,1152.79,5897191423,14554234879,29209133055,51136954367,55935238143,200832,56069455871,18246952628.15,15556106635.70,1082242,10,10,10,0,0,0,0,0,0,13899923455,14336131071,14378074111,13901273054.25,1153
1790620827,0,1083359,0,864.73,1117.23,5901385727,14562623487,29175578623,51103399935,55935238143,200832,56069455871,18241945478.46,15549249957.29,1083359,10,10,10,0,0,0,0,0,0,14722007039,15149826047,15191769087,13390604652.86,1117
1790620828,0,1084526,0,864.97,1166.84,5884608511,14545846271,29158801407,51103399935,55935238143,200832,56069455871,18228447600.69,15546325422.36,1084526,10,10,10,0,0,0,0,0,0,5704253439,6153043967,6182404095,5697987142.64,1167
1790620829,0,1085674,0,865.19,1147.64,5897191423,14529069055,29142024191,51069845503,55935238143,200832,56069455871,18216237786.08,15542637923.59,1085674,10,10,10,0,0,0,0,0,0,6689914879,7113539583,7155482623,6681515311.28,1148
1790620830,0,1086825,0,865.42,1150.95,5905580031,14512291839,29125246975,51036291071,55935238143,200832,56069455871,18205055350.58,15538204262.55,1086825,10,10,10,0,0,0,0,0,0,7675576319,8103395327,8145338367,7657288644.39,1151
1790620831,0,1087978,0,865.65,1152.91,5913968639,14487126015,29108469759,51036291071,55935238143,200832,56069455871,18194927529.57,15533083997.77,1087978,10,10,10,0,0,0,0,0,0,8657043455,9110028287,9143582719,8648380199.30,1153
1790620832,0,1089171,0,865.91,1192.75,5922357247,14470348799,29091692543,51002736639,55935238143,200832,56069455871,18185547351.77,15527161748.60,1089171,10,10,10,0,0,0,0,0,0,9646899199,10066329599,10116661247,9631123976.15,1193
1790620833,0,1090313,0,866.13,1142.22,5930745855,14453571583,29058138111,50969182207,55935238143,200832,56069455871,18177631079.03,15520956285.17,1090313,10,10,10,0,0,0,0,0,0,10636754943,11081351167,11106516991,10627565672.01,1142
1790620834,0,1091497,0,866.38,1184.74,5939134463,14428405759,29041360895,50969182207,55935238143,200832,56069455871,18170487670.48,15514053254.19,1091497,10,10,10,0,0,0,0,0,0,11593056255,12046041087,12087984127,11592319418.81,1184
1790620835,0,1092657,0,866.61,1160.00,5951717375,14411628543,29024583679,50935627775,55935238143,200832,56069455871,18164558061.04,15506885598.73,1092657,10,10,10,0,0,0,0,0,0,12574523391,13035896831,13077839871,12585117625.38,1160
1790620836,0,1093864,0,866.88,1206.19,5960105983,14394851327,29007806463,50902073343,55935238143,200832,56069455871,18159487130.07,15499081836.68,1093864,10,10,10,0,0,0,0,0,0,13564379135,14025752575,14059307007,13568941788.16,1207
1790620837,0,1095069,0,867.15,1204.83,5968494591,14403239935,28991029247,50868518911,55935238143,200832,56069455871,18155519623.12,15491016047.93,1095069,10,10,10,0,0,0,0,0,0,14545846271,15007219711,15049162751,14553932054.73,1205
1790620838,0,1096219,0,867.38,1150.69,5976883199,14420017151,28957474815,50868518911,55935238143,200832,56069455871,18152778354.46,15483122273.99,1096219,10,10,10,0,0,0,0,0,0,15535702015,15988686847,16030629887,15542449374.61,1150
1790620839,0,1097330,0,867.57,1110.53,5989466111,14436794367,28940697599,50834964479,55935238143,200832,56069455871,18151132578.96,15475371179.71,1097330,10,10,10,0,0,0,0,0,0,16525557759,16978542591,17020485631,16527252847.76,1111
1790620840,0,1098502,0,867.81,1171.67,5997854719,14453571583,28923920383,50801410047,55935238143,200832,56069455871,18150453031.15,15467130294.06,1098502,10,10,10,0,0,0,0,0,0,17515413503,17968398335,18001952767,17514200305.15,1172
1790620841,0,1099654,0,868.03,1152.15,6006243327,14470348799,28907143167,50801410047,55935238143,200832,56069455871,18150819748.44,15459033596.38,1099654,10,10,10,0,0,0,0,0,0,18522046463,18958254079,18991808511,18500506965.33,1152
1790620842,0,1101011,0,868.42,1358.09,6014631935,14495514623,28873588735,50767855615,55935238143,200832,56069455871,18152461561.93,15449577964.89,1101011,10,10,10,0,0,0,0,0,0,19495124991,19931332607,19964887039,19482916074.68,1357
1790620843,0,1102486,0,868.90,1474.10,6027214847,14512291839,28856811519,50734301183,55935238143,200832,56069455871,18155544488.56,15439472800.72,1102486,10,10,10,0,0,0,0,0,0,20451426303,20921188351,20954742783,20456789325.93,1475
1790620844,0,1103914,0,869.34,1428.46,6002049023,14503903231,28823257087,50700746751,55935238143,200832,56069455871,18139812370.57,15437945872.20,1103914,10,10,10,0,0,0,0,0,0,3099590655,21122514943,21156069375,5993846098.46,1428
1790620845,0,1104114,0,868.81,199.88,5997854719,14495514623,28823257087,50700746751,55935238143,200832,56069455871,18136527169.52,15438476986.69,1104114,10,10,10,0,0,0,0,0,0,3428351,6266879,7651327,3629990.40,200
1790620846,0,1104314,0,868.28,199.99,5993660415,14495514623,28823257087,50700746751,55935238143,200832,56069455871,18133243139.25,15439007214.36,1104314,10,10,10,0,0,0,0,0,0,3438591,5783551,6463487,3524199.68,200
1790620847,0,1104514,0,867.76,200.00,5989466111,14495514623,28806479871,50700746751,55935238143,200832,56069455871,18129960322.81,15439536504.90,1104514,10,10,10,0,0,0,0,0,0,3522559,6758399,7950335,3659533.44,200
1790620848,0,1104714,0,867.24,200.02,5985271807,14487126015,28806479871,50700746751,55935238143,200832,56069455871,18126678665.19,15440064923.07,1104714,10,10,10,0,0,0,0,0,0,3516415,5308415,5599231,3494758.40,200
1790620849,0,1104914,0,866.71,200.14,5976883199,14487126015,28806479871,50700746751,55935238143,200832,56069455871,18123398279.87,15440592335.89,1104914,10,10,10,0,0,0,0,0,0,3768319,6418431,8187903,3960321.28,200
1790620850,0,1105114,0,866.19,200.00,5972688895,14478737407,28806479871,50700746751,55935238143,200832,56069455871,18120119082.76,15441118842.28,1105114,10,10,10,0,0,0,0,0,0,3864575,7925759,9527295,3965075.84,200
1790620851,0,1105314,0,865.67,200.00,5968494591,14478737407,28789702655,50667192319,55935238143,200832,56069455871,18116840998.25,15441644531.10,1105314,10,10,10,0,0,0,0,0,0,3461119,5591039,5959679,3555607.04,200
1790620852,0,1105514,0,865.15,199.95,5964300287,14478737407,28789702655,50667192319,55935238143,200832,56069455871,18113564113.82,15442169299.93,1105514,10,10,10,0,0,0,0,0,0,3422207,7213055,9789439,3632923.52,200
1790620853,0,1105714,0,864.63,199.88,5960105983,14470348799,28789702655,50667192319,55935238143,200832,56069455871,18110288430.09,15442693148.23,1105714,10,10,10,0,0,0,0,0,0,3553279,6651903,8577023,3717317.12,200
1790620854,0,1105914,0,864.11,200.04,5955911679,14470348799,28789702655,50667192319,55935238143,200832,56069455871,18107013848.02,15443216192.31,1105914,10,10,10,0,0,0,0,0,0,3055615,5521407,6651903,3257660.16,200
1790620855,0,1106114,0,863.59,199.99,5951717375,14470348799,28789702655,50667192319,55935238143,200832,56069455871,18103740445.09,15443738341.51,1106114,10,10,10,0,0,0,0,0,0,3143679,5230591,6131711,3229765.12,200
1790620856,0,1106314,0,863.07,200.08,5947523071,14461960191,28772925439,50667192319,55935238143,200832,56069455871,18100468238.70,15444259575.60,1106314,10,10,10,0,0,0,0,0,0,3168255,5484543,6828031,3301770.24,200
1790620857,0,1106514,0,862.55,199.96,5939134463,14461960191,28772925439,50667192319,55935238143,200832,56069455871,18097197257.68,15444779861.04,1106514,10,10,10,0,0,0,0,0,0,3260415,6160383,7565311,3536782.72,200
1790620858,0,1106714,0,862.04,199.97,5934940159,14461960191,28772925439,50667192319,55935238143,200832,56069455871,18093927416.57,15445299298.13,1106714,10,10,10,0,0,0,0,0,0,3158015,5656575,6565887,3302599.68,200
1790620859,0,1106914,0,861.52,199.99,5930745855,14453571583,28772925439,50667192319,55935238143,200832,56069455871,18090658790.92,15445817798.58,1106914,10,10,10,0,0,0,0,0,0,3467263,5148671,5898239,3489917.44,200
1790620860,0,1107114,0,861.01,200.00,5926551551,14453571583,28772925439,50633637887,55935238143,200832,56069455871,18087391370.92,15446335374.07,1107114,10,10,10,0,0,0,0,0,0,3457023,6316031,7143423,3626686.72,200
1790620861,0,1107314,0,860.49,200.03,5922357247,14453571583,28756148223,50633637887,55935238143,200832,56069455871,18084125074.94,15446852120.38,1107314,10,10,10,0,0,0,0,0,0,3287039,5672959,6209535,3315024.00,200
1790620862,0,1107514,0,859.98,199.98,5918162943,14445182975,28756148223,50633637887,55935238143,200832,56069455871,18080859965.40,15447367964.59,1107514,10,10,10,0,0,0,0,0,0,3141631,5791743,7434239,3352451.20,200
1790620863,0,1107714,0,859.47,200.05,5909774335,14445182975,28756148223,50633637887,55935238143,200832,56069455871,18077595983.22,15447882976.05,1107714,10,10,10,0,0,0,0,0,0,2979839,5681151,6311935,3066187.52,200
1790620864,0,1107914,0,858.96,199.95,5905580031,14436794367,28756148223,50633637887,55935238143,200832,56069455871,18074333166.55,15448397110.25,1107914,10,10,10,0,0,0,0,0,0,2885631,4874239,5914623,2994648.32,200
1790620865,0,1108114,0,858.45,199.98,5901385727,14436794367,28739371007,50633637887,55935238143,200832,56069455871,18071071566.59,15448910307.52,1108114,10,10,10,0,0,0,0,0,0,3033087,5685247,8151039,3210268.16,200
1790620866,0,1108314,0,857.94,200.01,5897191423,14436794367,28739371007,50633637887,55935238143,200832,56069455871,18067811042.88,15449422732.30,1108314,10,10,10,0,0,0,0,0,0,2549759,4702207,5328895,2651200.64,200
1790620867,0,1108514,0,857.43,200.05,5892997119,14428405759,28739371007,50633637887,55935238143,200832,56069455871,18064551748.09,15449934206.24,1108514,10,10,10,0,0,0,0,0,0,2871295,4956159,6451199,2941477.76,200
1790620868,0,1108714,0,856.92,200.07,5888802815,14428405759,28739371007,50633637887,55935238143,200832,56069455871,18061293676.61,15450444736.12,1108714,10,10,10,0,0,0,0,0,0,2871295,5545983,12533759,3204431.36,200
1790620869,0,1108914,0,856.41,200.03,5884608511,14420017151,28739371007,50600083455,55935238143,200832,56069455871,18058036775.98,15450954383.44,1108914,10,10,10,0,0,0,0,0,0,3028991,5312511,7663615,3180192.00,200
1790620870,0,1109114,0,855.91,199.98,5880414207,14420017151,28722593791,50600083455,55935238143,200832,56069455871,18054780934.49,15451463278.92,1109114,10,10,10,0,0,0,0,0,0,2299903,5586943,6053887,2539865.60,200
1790620871,0,1109314,0,855.40,199.91,5872025599,14420017151,28722593791,50600083455,55935238143,200832,56069455871,18051526345.28,15451971197.06,1109314,10,10,10,0,0,0,0,0,0,2994175,4648959,6086655,2974046.72,200
1790620872,0,1109514,0,854.90,200.03,5867831295,14411628543,28722593791,50600083455,55935238143,200832,56069455871,18048272998.23,15452478149.93,1109514,10,10,10,0,0,0,0,0,0,3348479,4898815,5701631,3355842.56,200
1790620873,0,1109714,0,854.39,200.02,5863636991,14411628543,28722593791,50600083455,55935238143,200832,56069455871,18045020788.70,15452984259.92,1109714,10,10,10,0,0,0,0,0,0,3024895,6062079,6868991,3160776.32,200
1790620874,0,1109914,0,853.89,200.05,5859442687,14411628543,28705816575,50600083455,55935238143,200832,56069455871,18041769720.90,15453489522.29,1109914,10,10,10,0,0,0,0,0,0,2934783,4792319,5898239,2992464.64,200
1790620875,0,1110114,0,853.39,199.93,5855248383,14403239935,28705816575,50600083455,55935238143,200832,56069455871,18038519825.77,15453993901.09,1110114,10,10,10,0,0,0,0,0,0,2938879,5160959,5869567,2999322.24,200
1790620876,0,1110314,0,852.88,200.07,5851054079,14403239935,28705816575,50600083455,55935238143,200832,56069455871,18035271068.61,15454497437.00,1110314,10,10,10,0,0,0,0,0,0,2699263,4714495,5623807,2817022.72,200
1790620877,0,1110514,0,852.38,199.98,5846859775,14403239935,28705816575,50566529023,55935238143,200832,56069455871,18032023487.58,15455000085.66,1110514,10,10,10,0,0,0,0,0,0,2744319,5054463,5664767,2850070.40,200
1790620878,0,1110714,0,851.88,199.95,5838471167,14394851327,28705816575,50566529023,55935238143,200832,56069455871,18028777118.11,15455501805.94,1110714,10,10,10,0,0,0,0,0,0,2848767,5763071,6602751,3083381.76,200
1790620879,0,1110914,0,851.38,199.91,5834276863,14394851327,28689039359,50566529023,55935238143,200832,56069455871,18025531881.83,15456002689.42,1110914,10,10,10,0,0,0,0,0,0,2775039,4734975,5447679,2885040.64,200
1790620880,0,1111114,0,850.88,200.14,5830082559,14386462719,28689039359,50566529023,55935238143,200832,56069455871,18022287775.84,15456502739.66,1111114,10,10,10,0,0,0,0,0,0,2549759,4501503,5685247,2673963.52,200
1790620881,0,1111314,0,850.39,199.85,5825888255,14386462719,28689039359,50566529023,55935238143,200832,56069455871,18019044825.35,15457001927.42,1111314,10,10,10,0,0,0,0,0,0,2500607,4472831,5451775,2606358.40,200
1790620882,0,1111514,0,849.89,200.09,5821693951,14386462719,28689039359,50566529023,55935238143,200832,56069455871,18015803016.05,15457500269.55,1111514,10,10,10,0,0,0,0,0,0,2361343,4354047,5754879,2462723.20,200
1790620883,0,1111714,0,849.39,199.99,5817499647,14378074111,28689039359,50566529023,55935238143,200832,56069455871,18012562397.34,15457997708.65,1111714,10,10,10,0,0,0,0,0,0,2453503,4607999,5394431,2597109.76,200
1790620884,0,1111914,0,848.90,200.04,5813305343,14378074111,28672262143,50566529023,55935238143,200832,56069455871,18009322957.03,15458494259.14,1111914,10,10,10,0,0,0,0,0,0,2668543,4141055,7020543,2667190.40,200
1790620885,0,1112114,0,848.40,199.93,5809111039,14378074111,28672262143,50532974591,55935238143,200832,56069455871,18006084660.89,15458989961.06,1112114,10,10,10,0,0,0,0,0,0,2437119,4607999,6385663,2550626.56,200
1790620886,0,1112314,0,847.91,200.12,5800722431,14369685503,28672262143,50532974591,55935238143,200832,56069455871,18002847607.37,15459484699.94,1112314,10,10,10,0,0,0,0,0,0,2914303,5119999,7213055,2984901.76,200
1790620887,0,1112514,0,847.41,199.86,5796528127,14369685503,28672262143,50532974591,55935238143,200832,56069455871,17999611667.07,15459978626.67,1112514,10,10,10,0,0,0,0,0,0,2553855,4591615,6103039,2703164.16,200
1790620888,0,1112714,0,846.92,199.97,5792333823,14361296895,28655484927,50532974591,55935238143,200832,56069455871,17996377001.23,15460471553.71,1112714,10,10,10,0,0,0,0,0,0,3330047,5193727,5664767,3321850.24,200
1790620889,0,1112914,0,846.43,200.14,5788139519,14361296895,28655484927,50532974591,55935238143,200832,56069455871,17993143418.84,15460963703.60,1112914,10,10,10,0,0,0,0,0,0,2625535,4947967,5574655,2881413.76,200
1790620890,0,1113114,0,845.94,199.90,5783945215,14361296895,28655484927,50532974591,55935238143,200832,56069455871,17989910960.03,15461455029.76,1113114,10,10,10,0,0,0,0,0,0,2494463,6377471,7450623,2667693.44,200
1790620891,0,1113314,0,845.45,199.93,5779750911,14352908287,28655484927,50532974591,55935238143,200832,56069455871,17986679670.15,15461945479.61,1113314,10,10,10,0,0,0,0,0,0,2502655,5533695,6733823,2709636.48,200
1790620892,0,1113514,0,844.96,200.10,5775556607,14352908287,28655484927,50532974591,55935238143,200832,56069455871,17983449534.77,15462435070.09,1113514,10,10,10,0,0,0,0,0,0,2527231,4669439,5582847,2674844.80,200
1790620893,0,1113714,0,844.47,200.06,5771362303,14352908287,28638707711,50532974591,55935238143,200832,56069455871,17980220617.25,15462923727.73,1113714,10,10,10,0,0,0,0,0,0,3043327,5378047,6610943,2996298.88,200
1790620894,0,1113914,0,843.98,199.84,5767167999,14344519679,28638707711,50499420159,55935238143,200832,56069455871,17976992865.42,15463411513.38,1113914,10,10,10,0,0,0,0,0,0,2963455,4886527,5808127,3030849.28,200
1790620895,0,1114893,0,844.08,980.03,5746196479,14336131071,28621930495,50499420159,55935238143,200832,56069455871,17961559594.48,15465386923.46,1114893,10,10,10,0,0,0,0,0,0,395575295,795344895,821559295,401460959.58,979
1790620896,0,1116066,0,844.33,1172.62,5716836351,14310965247,28605153279,50465865727,55935238143,200832,56069455871,17944069325.76,15466662759.83,1116066,10,10,10,0,0,0,0,0,0,1318060031,1762656255,1801453567,1320217524.05,1173
1790620897,0,1117251,0,844.59,1185.33,5691670527,14294188031,28571598847,50432311295,55935238143,200832,56069455871,17927495198.57,15466827048.22,1117251,10,10,10,0,0,0,0,0,0,2325741567,2751463423,2793406463,2317520643.67,1185
1790620898,0,1118404,0,844.82,1152.20,5662310399,14277410815,28554821631,50398756863,55935238143,200832,56069455871,17912417267.34,15465978643.21,1118404,10,10,10,0,0,0,0,0,0,3305111551,3749707775,3781165055,3301980374.92,1153
1790620899,0,1119545,0,845.05,1141.29,5637144575,14260633599,28538044415,50398756863,55935238143,200832,56069455871,17898529879.36,15464211355.40,1119545,10,10,10,0,0,0,0,0,0,4269801471,4726980607,4764729343,4286163301.19,1141
1790620900,0,1120716,0,845.29,1171.39,5616173055,14243856383,28521267199,50365202431,55935238143,200832,56069455871,17885332351.53,15461518853.52,1120716,10,10,10,0,0,0,0,0,0,5268045823,5716836351,5758779391,5267718088.03,1171
1790620901,0,1121872,0,845.53,1155.99,5624561663,14227079167,28487712767,50365202431,55935238143,200832,56069455871,17873347098.73,15458058766.15,1121872,10,10,10,0,0,0,0,0,0,6253707263,6710886399,6757023743,6253914076.57,1156
1790620902,0,1123042,0,845.77,1169.00,5632950271,14201913343,28470935551,50331647999,55935238143,200832,56069455871,17862286817.20,15453802778.91,1123042,10,10,10,0,0,0,0,0,0,7260340223,7692353535,7738490879,7256970441.30,1170
1790620903,0,1124270,0,846.06,1228.97,5641338879,14185136127,28454158335,50298093567,55935238143,200832,56069455871,17851784010.25,15448628825.69,1124270,10,10,10,0,0,0,0,0,0,8262778879,8682209279,8724152319,8246659158.72,1228
1790620904,0,1125441,0,846.30,1171.22,5649727487,14168358911,28420603903,50298093567,55935238143,200832,56069455871,17842818158.02,15443091367.66,1125441,10,10,10,0,0,0,0,0,0,9244246015,9672065023,9714008063,9234757791.15,1171
1790620905,0,1126633,0,846.56,1191.79,5658116095,14143193087,28403826687,50264539135,55935238143,200832,56069455871,17834741992.51,15436917252.28,1126633,10,10,10,0,0,0,0,0,0,10208935935,10670309375,10712252415,10209534116.94,1192
1790620906,0,1127772,0,846.78,1138.83,5666504703,14126415871,28387049471,50230984703,55935238143,200832,56069455871,17828047119.66,15430559212.78,1127772,10,10,10,0,0,0,0,0,0,11207180287,11660165119,11693719551,11205865655.40,1139
1790620907,0,1128983,0,847.05,1210.89,5679087615,14109638655,28370272255,50197430271,55935238143,200832,56069455871,17821993038.80,15423390696.36,1128983,10,10,10,0,0,0,0,0,0,12188647423,12641632255,12675186687,12183989010.39,1211
1790620908,0,1130196,0,847.33,1213.50,5687476223,14092861439,28336717823,50197430271,55935238143,200832,56069455871,17817018668.93,15415861629.88,1130196,10,10,10,0,0,0,0,0,0,13203668991,13623099391,13665042431,13187192604.07,1213
1790620909,0,1131378,0,847.58,1181.72,5670699007,14067695615,28319940607,50163875839,55935238143,200832,56069455871,17805251374.44,15412372795.44,1131378,10,10,10,0,0,0,0,0,0,5519704063,13765705727,13799260159,6553686937.77,1182
1790620910,0,1132557,0,847.83,1178.44,5683281919,14050918399,28303163391,50130321407,55935238143,200832,56069455871,17793353150.89,15408760093.99,1132557,10,10,10,0,0,0,0,0,0,6387924991,6819938303,6857687039,6375720954.79,1179
1790620911,0,1133743,0,848.08,1186.50,5691670527,14034141183,28286386175,50096766975,55935238143,200832,56069455871,17782441872.39,15404391876.90,1133743,10,10,10,0,0,0,0,0,0,7369392127,7801405439,7843348479,7362842506.58,1186
1790620912,0,1134962,0,848.36,1219.21,5700059135,14017363967,28252831743,50063212543,55935238143,200832,56069455871,17772294491.14,15399229750.24,1134962,10,10,10,0,0,0,0,0,0,8329887743,8791261183,8833204223,8334622249.58,1219
1790620913,0,1136172,0,848.63,1209.21,5704253439,13992198143,28236054527,50063212543,55935238143,200832,56069455871,17763313746.33,15393488026.03,1136172,10,10,10,0,0,0,0,0,0,9336520703,9797894143,9823059967,9339508712.30,1210
1790620914,0,1137412,0,848.92,1240.88,5712642047,13975420927,28219277311,50029658111,55935238143,200832,56069455871,17755210170.29,15387052946.79,1137412,10,10,10,0,0,0,0,0,0,10343153663,10779361279,10804527103,10330164851.61,1240
1790620915,0,1138620,0,849.19,1207.78,5725224959,13958643711,28185722879,49996103679,55935238143,200832,56069455871,17748371918.12,15380322784.72,1138620,10,10,10,0,0,0,0,0,0,11316232191,11760828415,11794382847,11309704632.79,1208
1790620916,0,1139781,0,849.42,1161.02,5729419263,13933477887,28168945663,49962549247,55935238143,200832,56069455871,17742828769.21,15373470232.28,1139781,10,10,10,0,0,0,0,0,0,12322865151,12750684159,12784238591,12306532293.79,1161
1790620917,0,1140919,0,849.64,1137.61,5742002175,13916700671,28152168447,49962549247,55935238143,200832,56069455871,17738387592.54,15366446719.24,1140919,10,10,10,0,0,0,0,0,0,13295943679,13740539903,13774094335,13290260361.22,1138
1790620918,0,1142130,0,849.90,1210.68,5750390783,13933477887,28135391231,49928994815,55935238143,200832,56069455871,17734714067.89,15358714735.39,1142130,10,10,10,0,0,0,0,0,0,14269022207,14722007039,14763950079,14273777599.74,1211
1790620919,0,1143287,0,850.13,1157.35,5733613567,13925089279,28101836799,49895440383,55935238143,200832,56069455871,17720991750.90,15358321316.59,1143287,10,10,10,0,0,0,0,0,0,513015807,14982053887,15015608319,4175036770.02,1157
1790620920,0,1144471,0,850.38,1183.82,5708447743,13908312063,28085059583,49895440383,55935238143,200832,56069455871,17703920870.51,15359540628.61,1144471,10,10,10,0,0,0,0,0,0,1213202431,1673527295,1715470335,1220039430.92,1184
1790620921,0,1145631,0,850.61,1160.07,5683281919,13891534847,28068282367,49861885951,55935238143,200832,56069455871,17688254558.89,15359649883.21,1145631,10,10,10,0,0,0,0,0,0,2239758335,2675965951,2709520383,2231668933.74,1160
1790620922,0,1146781,0,850.83,1146.18,5658116095,13874757631,28051505151,49828331519,55935238143,200832,56069455871,17673752922.92,15358770914.07,1146781,10,10,10,0,0,0,0,0,0,3223322623,3672113151,3711959039,3227210561.45,1150
1790620923,0,1147976,0,851.09,1198.99,5632950271,13857980415,28017950719,49828331519,55935238143,200832,56069455871,17659756504.52,15356899863.22,1147976,10,10,10,0,0,0,0,0,0,4227858431,4689231871,4718591999,4228102368.51,1195
1790620924,0,1149115,0,851.30,1139.09,5611978751,13841203199,28001173503,49794777087,55935238143,200832,56069455871,17647430820.68,15354276821.88,1149115,10,10,10,0,0,0,0,0,0,5230297087,5679087615,5716836351,5224613235.30,1139
1790620925,0,1150346,0,851.58,1231.70,5620367359,13816037375,27967619071,49761222655,55901683711,200832,56069455871,17635199574.80,15350611448.30,1150346,10,10,10,0,0,0,0,0,0,6211764223,6668943359,6719275007,6217565038.43,1231
1790620926,0,1151524,0,851.82,1177.62,5628755967,13799260159,27950841855,49727668223,55901683711,200832,56069455871,17624540135.38,15346375862.57,1151524,10,10,10,0,0,0,0,0,0,7210008575,7679770623,7713325055,7215335128.45,1178
1790620927,0,1152714,0,852.07,1190.32,5637144575,13782482943,27934064639,49727668223,55901683711,200832,56069455871,17614838731.26,15341423737.02,1152714,10,10,10,0,0,0,0,0,0,8225030143,8690597887,8724152319,8227107910.56,1190
1790620928,0,1153861,0,852.29,1146.51,5645533183,13765705727,27900510207,49694113791,55901683711,200832,56069455871,17606494018.16,15336081082.25,1153861,10,10,10,0,0,0,0,0,0,9210691583,9672065023,9714008063,9220210130.92,1147
1790620929,0,1154986,0,852.49,1124.56,5653921791,13748928511,27883732991,49660559359,55901683711,200832,56069455871,17599297926.26,15330345244.61,1154986,10,10,10,0,0,0,0,0,0,10208935935,10678697983,10712252415,10218595884.15,1125
1790620930,0,1156192,0,852.75,1206.07,5662310399,13732151295,27866955775,49660559359,55901683711,200832,56069455871,17592651067.38,15323731203.55,1156192,10,10,10,0,0,0,0,0,0,11223957503,11676942335,11718885375,11226955422.78,1206
1790620931,0,1157374,0,853.00,1182.99,5653921791,13715374079,27850178559,49627004927,55901683711,200832,56069455871,17583554145.05,15318918932.23,1157374,10,10,10,0,0,0,0,0,0,11744051199,12171870207,12213813247,8685255650.54,1182
1790620932,0,1158579,0,853.26,1204.74,5658116095,13698596863,27816624127,49593450495,55901683711,200832,56069455871,17571531084.95,15315486604.30,1158579,10,10,10,0,0,0,0,0,0,6027214847,6463422463,6509559807,6023666223.16,1205
1790620933,0,1159760,0,853.50,1181.07,5666504703,13681819647,27799846911,49593450495,55901683711,200832,56069455871,17560788943.31,15311386418.08,1159760,10,10,10,0,0,0,0,0,0,7033847807,7457472511,7503609855,7022584272.75,1181
1790620934,0,1160932,0,853.73,1171.80,5674893311,13665042431,27783069695,49559896063,55901683711,200832,56069455871,17551143570.54,15306665932.93,1160932,10,10,10,0,0,0,0,0,0,8006926335,8443133951,8485076991,8006504042.59,1172
1790620935,0,1162105,0,853.97,1172.38,5683281919,13648265215,27749515263,49526341631,55901683711,200832,56069455871,17542515358.59,15301349266.71,1162105,10,10,10,0,0,0,0,0,0,9017753599,9437183999,9470738431,9003071748.15,1173
1790620936,0,1163298,0,854.21,1193.09,5691670527,13631487999,27732738047,49492787199,55901683711,200832,56069455871,17534753363.77,15295422564.69,1163298,10,10,10,0,0,0,0,0,0,9974054911,10427039743,10468982783,9973770135.28,1193
1790620937,0,1164462,0,854.44,1164.87,5695864831,13614710783,27715960831,49492787199,55901683711,200832,56069455871,17528190012.25,15289186727.04,1164462,10,10,10,0,0,0,0,0,0,10963910655,11425284095,11458838527,10968796803.96,1164
1790620938,0,1165679,0,854.71,1215.96,5704253439,13597933567,27699183615,49459232767,55901683711,200832,56069455871,17522378624.45,15282263564.90,1165679,10,10,10,0,0,0,0,0,0,11962155007,12415139839,12448694271,11961868954.40,1217
1790620939,0,1166881,0,854.96,1203.02,5712642047,13581156351,27665629183,49425678335,55901683711,200832,56069455871,17517673745.54,15275095796.23,1166881,10,10,10,0,0,0,0,0,0,12968787967,13388218367,13421772799,12954962816.21,1202
1790620940,0,1168062,0,855.20,1181.04,5721030655,13589544959,27648851967,49392123903,55901683711,200832,56069455871,17514042599.58,15267800910.10,1168062,10,10,10,0,0,0,0,0,0,13941866495,14361296895,14420017151,13926307439.42,1181
1790620941,0,1169259,0,855.45,1196.02,5729419263,13606322175,27632074751,49392123903,55901683711,200832,56069455871,17511379387.66,15260213468.05,1169259,10,10,10,0,0,0,0,0,0,14914945023,15376318463,15409872895,14912551782.87,1197
1790620942,0,1170477,0,855.72,1218.94,5733613567,13623099391,27615297535,49358569471,55901683711,200832,56069455871,17509704462.14,15252362572.83,1170477,10,10,10,0,0,0,0,0,0,15904800767,16349396991,16391340031,15901804836.57,1218
1790620943,0,1171668,0,855.96,1190.08,5746196479,13639876607,27581743103,49325015039,55901683711,200832,56069455871,17509074837.99,15244624083.64,1171668,10,10,10,0,0,0,0,0,0,16894656511,17347641343,17397972991,16890300211.37,1191
1790620944,0,1172859,0,856.21,1191.62,5750390783,13656653823,27564965887,49291460607,55901683711,200832,56069455871,17509472740.07,15236889813.30,1172859,10,10,10,0,0,0,0,0,0,17934843903,18337497087,18371051519,17900916175.42,1191
1790620945,0,1174000,0,856.41,1140.75,5750390783,13665042431,27548188671,49291460607,55901683711,200832,56069455871,17505541216.36,15231374847.61,1174000,10,10,10,0,0,0,0,0,0,18488492031,18941476863,18975031295,13464241506.50,1141
1790620946,0,1175182,0,856.65,1181.82,5746196479,13648265215,27531411455,49257906175,55901683711,200832,56069455871,17493876422.43,15228153692.09,1175182,10,10,10,0,0,0,0,0,0,5905580031,6354370559,6396313599,5908032032.05,1182
1790620947,0,1176362,0,856.89,1180.59,5754585087,13631487999,27514634239,49224351743,55901683711,200832,56069455871,17483251295.06,15224209815.37,1176362,10,10,10,0,0,0,0,0,0,6895435775,7352614911,7394557951,6901506853.32,1180
1790620948,0,1177561,0,857.13,1198.16,5762973695,13614710783,27481079807,49224351743,55901683711,200832,56069455871,17473482882.44,15219535999.00,1177561,10,10,10,0,0,0,0,0,0,7889485823,8350859263,8380219391,7889505063.93,1199
1790620949,0,1178713,0,857.35,1152.85,5767167999,13597933567,27464302591,49190797311,55901683711,200832,56069455871,17465091970.71,15214464888.81,1178713,10,10,10,0,0,0,0,0,0,8900313087,9328132095,9361686527,8887999601.78,1152
1790620950,0,1179881,0,857.58,1168.09,5775556607,13581156351,27447525375,49157242879,55901683711,200832,56069455871,17457578436.74,15208808082.62,1179881,10,10,10,0,0,0,0,0,0,9890168831,10326376447,10359930879,9875129666.63,1168
1790620951,0,1181049,0,857.80,1167.12,5783945215,13564379135,27430748159,49123688447,55901683711,200832,56069455871,17451056353.31,15202701809.36,1181049,10,10,10,0,0,0,0,0,0,10880024575,11307843583,11341398015,10862629705.64,1168
1790620952,0,1182184,0,858.00,1135.07,5792333823,13547601919,27397193727,49123688447,55901683711,200832,56069455871,17445669201.67,15196398221.69,1182184,10,10,10,0,0,0,0,0,0,11844714495,12297699327,12331253759,11839951097.01,1135
1790620953,0,1183366,0,858.24,1182.47,5796528127,13530824703,27380416511,49090134015,55901683711,200832,56069455871,17441057832.42,15189509609.97,1183366,10,10,10,0,0,0,0,0,0,12826181631,13287555071,13321109503,12828970737.71,1182
1790620954,0,1184493,0,858.43,1127.41,5804916735,13539213311,27363639295,49056579583,55901683711,200832,56069455871,17437615296.62,15182694200.28,1184493,10,10,10,0,0,0,0,0,0,13824425983,14277410815,14310965247,13822903827.54,1127
1790620955,0,1185635,0,858.64,1141.46,5813305343,13555990527,27330084863,49056579583,55901683711,200832,56069455871,17435078491.27,15175603077.76,1185635,10,10,10,0,0,0,0,0,0,14805893119,15258877951,15300820991,14803880441.72,1142
1790620956,0,1186768,0,858.84,1133.19,5821693951,13572767743,27313307647,49023025151,55901683711,200832,56069455871,17433514546.79,15168444264.27,1186768,10,10,10,0,0,0,0,0,0,15812526079,16240345087,16282288127,15796914976.76,1133
1790620957,0,1187951,0,859.07,1182.18,5825888255,13589544959,27296530431,49023025151,55901683711,200832,56069455871,17432875466.44,15160906017.67,1187951,10,10,10,0,0,0,0,0,0,16810770431,17246978047,17280532479,16791759562.98,1183
1790620958,0,1189091,0,859.27,1140.62,5834276863,13606322175,27279753215,48989470719,55901683711,200832,56069455871,17433231181.12,15153643620.15,1189091,10,10,10,0,0,0,0,0,0,17817403391,18236833791,18270388223,17803908034.92,1140
1790620959,0,1190247,0,859.49,1156.09,5825888255,13597933567,27246198783,48955916287,55901683711,200832,56069455871,17426641955.83,15149095582.20,1190247,10,10,10,0,0,0,0,0,0,5523898367,18639486975,18673041407,10648797240.69,1156
1790620960,0,1191459,0,859.74,1211.94,5825888255,13581156351,27229421567,48955916287,55901683711,200832,56069455871,17415112981.16,15145700970.54,1191459,10,10,10,0,0,0,0,0,0,6077546495,6555697151,6589251583,6093060575.89,1212
1790620961,0,1192679,0,860.00,1219.56,5834276863,13564379135,27212644351,48922361855,55901683711,200832,56069455871,17404555849.50,15141550082.57,1192679,10,10,10,0,0,0,0,0,0,7100956671,7532969983,7574913023,7094400493.53,1220
1790620962,0,1193810,0,860.20,1131.58,5842665471,13547601919,27195867135,48888807423,55901683711,200832,56069455871,17395718106.99,15137099350.24,1193810,10,10,10,0,0,0,0,0,0,8078229503,8518631423,8568963071,8076009971.78,1131
1790620963,0,1195028,0,860.45,1217.32,5846859775,13539213311,27179089919,48888807423,55901683711,200832,56069455871,17387250224.30,15131708597.67,1195028,10,10,10,0,0,0,0,0,0,9118416895,9521070079,9554624511,9087543306.09,1218
1790620964,0,1196204,0,860.68,1176.75,5855248383,13522436095,27145535487,48855252991,55901683711,200832,56069455871,17380056937.93,15126009502.76,1196204,10,10,10,0,0,0,0,0,0,10083106815,10510925823,10552868863,10070381240.60,1176
1790620965,0,1197621,0,861.08,1416.48,5863636991,13497270271,27128758271,48821698559,55901683711,200832,56069455871,17372571671.58,15118625911.89,1197621,10,10,10,0,0,0,0,0,0,11056185343,11500781567,11525947391,11053654553.65,1417
1790620966,0,1198986,0,861.44,1365.33,5872025599,13480493055,27095203839,48788144127,55901683711,200832,56069455871,17366496421.15,15111092097.02,1198986,10,10,10,0,0,0,0,0,0,12046041087,12482248703,12515803135,12036205214.66,1365
1790620967,0,1200555,0,861.95,1568.65,5884608511,13463715839,27078426623,48754589695,55901683711,200832,56069455871,17360816918.44,15102034280.65,1200555,10,10,10,0,0,0,0,0,0,13027508223,13472104447,13505658879,13020699497.24,1569
1790620968,0,1202141,0,862.47,1586.44,5892997119,13480493055,27044872191,48754589695,55901683711,200832,56069455871,17356383207.42,15092565422.78,1202141,10,10,10,0,0,0,0,0,0,14017363967,14445182975,14487126015,14000195354.15,1586
1790620969,0,1203714,0,862.98,1572.65,5905580031,13505658879,27011317759,48721035263,55901683711,200832,56069455871,17353287718.55,15082946898.66,1203714,10,10,10,0,0,0,0,0,0,14990442495,15418261503,15460204543,14987608074.42,1573
1790620970,0,1205301,0,863.50,1586.59,5913968639,13522436095,26994540543,48687480831,55901683711,200832,56069455871,17351462355.97,15073101261.44,1205301,10,10,10,0,0,0,0,0,0,15988686847,16416505855,16450060287,15966954168.86,1587
1790620971,0,1206932,0,864.05,1630.81,5926551551,13547601919,26960986111,48653926399,55901683711,200832,56069455871,17350923627.42,15062924014.19,1206932,10,10,10,0,0,0,0,0,0,16953376767,17397972991,17448304639,16952805869.48,1631
1790620972,0,1208516,0,864.56,1584.35,5934940159,13564379135,26927431679,48620371967,55901683711,200832,56069455871,17351684431.22,15053067428.42,1208516,10,10,10,0,0,0,0,0,0,17934843903,18387828735,18421383167,17931380425.70,1584
1790620973,0,1210117,0,865.09,1601.78,5947523071,13589544959,26893877247,48586817535,55901683711,200832,56069455871,17353748115.98,15043216919.09,1210117,10,10,10,0,0,0,0,0,0,18907922431,19360907263,19411238911,18911522040.80,1601
1790620974,0,1211797,0,865.67,1679.71,5955911679,13606322175,26860322815,48553263103,55901683711,200832,56069455871,17357304602.36,15033092409.53,1211797,10,10,10,0,0,0,0,0,0,19914555391,20350763007,20384317439,19919069262.02,1680
1790620975,0,1213588,0,866.33,1791.15,5968494591,13631487999,26826768383,48519708671,55901683711,200832,56069455871,17362513068.80,15022610478.48,1213588,10,10,10,0,0,0,0,0,0,20904411135,21340618751,21374173183,20886580074.77,1791
1790620976,0,1215396,0,867.00,1807.65,5981077503,13656653823,26793213951,48486154239,55901683711,200832,56069455871,17369211296.27,15012439730.40,1215396,10,10,10,0,0,0,0,0,0,21877489663,22313697279,22364028927,21865277929.35,1808
1790620977,0,1217247,0,867.71,1850.85,5993660415,13681819647,26759659519,48419045375,55901683711,200832,56069455871,17377549958.09,15002546981.04,1217247,10,10,10,0,0,0,0,0,0,22867345407,23303553023,23337107455,22852847754.30,1851
1790620978,0,1219071,0,868.39,1824.18,6002049023,13706985471,26742882303,48385490943,55901683711,200832,56069455871,17387220384.54,14993404573.85,1219071,10,10,10,0,0,0,0,0,0,23840423935,24276631551,24326963199,23840782659.37,1824
1790620979,0,1220906,0,869.08,1835.38,6014631935,13723762687,26709327871,48351936511,55901683711,200832,56069455871,17398380779.50,14984898165.62,1220906,10,10,10,0,0,0,0,0,0,24813502463,25266487295,25300041727,24812720746.31,1835
1790620980,0,1222700,0,869.73,1794.09,6023020543,13748928511,26675773439,48318382079,55901683711,200832,56069455871,17410698804.34,14977352372.53,1222700,10,10,10,0,0,0,0,0,0,25803358207,26239565823,26273120255,25793725804.16,1794
1790620981,0,1224542,0,870.42,1840.46,6035603455,13774094335,26709327871,48284827647,55901683711,200832,56069455871,17424794522.82,14970493040.22,1224542,10,10,10,0,0,0,0,0,0,26793213951,27229421567,27279753215,26781382462.54,1842
1790620982,0,1226369,0,871.10,1827.11,6048186367,13799260159,26793213951,48251273215,55901683711,200832,56069455871,17440185445.23,14964647437.49,1226369,10,10,10,0,0,0,0,0,0,27766292479,28219277311,28252831743,27755911175.85,1827
1790620983,0,1228151,0,871.75,1781.98,6060769279,13824425983,26877100031,48217718783,55901683711,200832,56069455871,17456575499.22,14959970972.02,1228151,10,10,10,0,0,0,0,0,0,28739371007,29192355839,29225910271,28736179382.73,1782
1790620984,0,1229998,0,872.44,1848.14,6069157887,13849591807,26977763327,48184164351,55901683711,200832,56069455871,17474990555.58,14956278764.52,1229998,10,10,10,0,0,0,0,0,0,29729226751,30165434367,30215766015,29719966128.44,1847
1790620985,0,1231817,0,873.11,1819.24,6081740799,13866369023,27061649407,48117055487,55901683711,200832,56069455871,17494520681.47,14953862085.49,1231817,10,10,10,0,0,0,0,0,0,30702305279,31155290111,31188844543,30700686587.64,1819
1790620986,0,1233644,0,873.79,1827.15,6094323711,13891534847,27145535487,48083501055,55901683711,200832,56069455871,17515535539.43,14952748620.77,1233644,10,10,10,0,0,0,0,0,0,31692161023,32128368639,32178700287,31684369306.55,1827
1790620987,0,1235451,0,874.45,1807.10,6106906623,13916700671,27229421567,48049946623,55901683711,200832,56069455871,17537703396.47,14953035765.07,1235451,10,10,10,0,0,0,0,0,0,32682016767,33118224383,33151778815,32671761961.65,1807
1790620988,0,1237239,0,875.10,1788.09,6119489535,13941866495,27313307647,48016392191,55901683711,200832,56069455871,17560995077.88,14954769035.36,1237239,10,10,10,0,0,0,0,0,0,33671872511,34108080127,34141634559,33654804415.86,1788
1790620989,0,1239061,0,875.76,1820.74,6127878143,13967032319,27397193727,47982837759,55901683711,200832,56069455871,17586107354.96,14958094839.82,1239061,10,10,10,0,0,0,0,0,0,34661728255,35097935871,35131490303,34638735551.09,1822
1790620990,0,1240882,0,876.43,1821.22,6140461055,13992198143,27497857023,47949283327,55901683711,200832,56069455871,17612560386.71,14963038205.56,1240882,10,10,10,0,0,0,0,0,0,35634806783,36071014399,36104568831,35611967290.06,1821
1790620991,0,1242732,0,877.12,1850.99,6153043967,14017363967,27581743103,47915728895,55901683711,200832,56069455871,17640818821.90,14969801228.62,1242732,10,10,10,0,0,0,0,0,0,36607885311,37044092927,37077647359,36595080215.25,1850
1790620992,0,1244565,0,877.79,1832.92,6161432575,14042529791,27665629183,47882174463,55901683711,200832,56069455871,17670185893.01,14978308451.76,1244565,10,10,10,0,0,0,0,0,0,37580963839,38050725887,38084280319,37580387209.01,1833
1790620993,0,1246410,0,878.47,1843.54,6174015487,14067695615,27749515263,47848620031,55901683711,200832,56069455871,17701115791.19,14988764954.61,1246410,10,10,10,0,0,0,0,0,0,38587596799,39023804415,39057358847,38565218085.32,1845
1790620994,0,1248244,0,879.15,1833.73,6186598399,14092861439,27833401343,47815065599,55901683711,200832,56069455871,17733216562.26,15001113904.09,1248244,10,10,10,0,0,0,0,0,0,39560675327,39996882943,40030437375,39549313658.28,1834
1790620995,0,1250040,0,879.79,1797.65,6194987007,14118027263,27934064639,47781511167,55901683711,200832,56069455871,17765964964.69,15015178626.60,1250040,10,10,10,0,0,0,0,0,0,40567308287,40969961471,41037070335,40526542268.72,1796
1790620996,0,1251835,0,880.44,1794.67,6207569919,14143193087,28017950719,47747956735,55901683711,200832,56069455871,17800003512.85,15031277119.28,1251835,10,10,10,0,0,0,0,0,0,41540386815,41943039999,42010148863,41504486377.75,1795
1790620997,0,1253653,0,881.10,1817.75,6220152831,14168358911,28101836799,47714402303,55901683711,200832,56069455871,17835799239.48,15049719651.10,1253653,10,10,10,0,0,0,0,0,0,42513465343,42949672959,42983227391,42483952947.54,1818
1790620998,0,1255495,0,881.77,1842.38,6232735743,14193524735,28202500095,47680847871,55901683711,200832,56069455871,17873409140.79,15070653019.66,1255495,10,10,10,0,0,0,0,0,0,43486543871,43922751487,43956305919,43470458875.55,1842
1790620999,0,1257323,0,882.43,1828.31,6245318655,14218690559,28286386175,47647293439,55901683711,200832,56069455871,17912045373.22,15093698512.79,1257323,10,10,10,0,0,0,0,0,0,44459622399,44895830015,44962938879,44447929745.09,1828
1790621000,0,1259136,0,883.09,1813.00,6257901567,14243856383,28370272255,47613739007,55901683711,200832,56069455871,17951661997.58,15118870861.99,1259136,10,10,10,0,0,0,0,0,0,45432700927,45902462975,45936017407,45425954877.00,1813
1790621001,0,1260970,0,883.75,1833.01,6266290175,14269022207,28454158335,47546630143,55901683711,200832,56069455871,17993049081.58,15146745698.93,1260970,10,10,10,0,0,0,0,0,0,46439333887,46875541503,46909095935,46407426074.80,1834
1790621002,0,1262849,0,884.45,1879.10,6278873087,14294188031,28554821631,47680847871,55901683711,200832,56069455871,18036810451.03,15177873129.84,1262849,10,10,10,0,0,0,0,0,0,47412412415,47848620031,47882174463,47404438997.22,1879
1790621003,0,1264672,0,885.11,1823.72,6291455999,14319353855,28638707711,48083501055,55901683711,200832,56069455871,18080554231.34,15210569706.40,1264672,10,10,10,0,0,0,0,0,0,48385490943,48821698559,48855252991,48383236189.24,1823
1790621004,0,1266496,0,885.76,1824.21,6304038911,14336131071,28722593791,48486154239,55901683711,200832,56069455871,18125603027.15,15245832974.63,1266496,10,10,10,0,0,0,0,0,0,49358569471,49828331519,49861885951,49360225118.32,1824
1790621005,0,1268332,0,886.43,1834.44,6316621823,14361296895,28806479871,48788144127,55901683711,200832,56069455871,18171126912.26,15281680776.37,1268332,10,10,10,0,0,0,0,0,0,49996103679,50398756863,50432311295,49574078111.51,1836
1790621006,0,1270147,0,887.08,1815.73,6325010431,14386462719,28907143167,48788144127,55901683711,200832,56069455871,18206679561.17,15299906484.46,1270147,10,10,10,0,0,0,0,0,0,43050336255,46707769343,47009759231,43051066503.97,1815
1790621007,0,1271964,0,887.73,1817.39,6337593343,14411628543,28991029247,48754589695,55901683711,200832,56069455871,18230627673.73,15302333888.15,1271964,10,10,10,0,0,0,0,0,0,34997272575,38654705663,38956695551,34971201871.89,1817
1790621008,0,1273828,0,888.41,1862.65,6345981951,14436794367,28991029247,48754589695,55901683711,200832,56069455871,18243124785.40,15294893796.12,1273828,10,10,10,0,0,0,0,0,0,26776436735,30534533119,30853300223,26770955338.71,1864
1790621009,0,1275673,0,889.07,1846.37,6358564863,14461960191,28957474815,48721035263,55901683711,200832,56069455871,18243494974.03,15284099312.97,1275673,10,10,10,0,0,0,0,0,0,18505269247,22196256767,22548578303,18499081228.77,1845
1790621010,0,1277463,0,889.70,1789.37,6371147775,14436794367,28923920383,48687480831,55901683711,200832,56069455871,18232520374.55,15276439311.26,1277463,10,10,10,0,0,0,0,0,0,10427039743,13992198143,14302576639,10411291186.91,1790
1790621011,0,1278949,0,890.12,1486.47,6341787647,14420017151,28907143167,48687480831,55901683711,200832,56069455871,18214964632.50,15276375769.93,1278949,10,10,10,0,0,0,0,0,0,3133145087,6119489535,6387924991,3122898074.87,1486
1790621012,0,1279149,0,889.64,199.89,6341787647,14420017151,28907143167,48687480831,55901683711,200832,56069455871,18212117070.42,15276878647.19,1279149,10,10,10,0,0,0,0,0,0,2600959,4444159,5558271,2683692.80,200
1790621013,0,1279349,0,889.16,200.03,6337593343,14411628543,28890365951,48687480831,55901683711,200832,56069455871,18209270430.17,15277380782.61,1279349,10,10,10,0,0,0,0,0,0,2852863,4423679,4866047,2885301.76,200
1790621014,0,1279549,0,888.68,200.03,6333399039,14411628543,28890365951,48687480831,55901683711,200832,56069455871,18206424650.43,15277882249.42,1279549,10,10,10,0,0,0,0,0,0,2613247,4141055,5001215,2697326.72,200
1790621015,0,1279579,0,888.08,30.00,6333399039,14411628543,28890365951,48687480831,55901683711,200832,56069455871,18205997875.10,15277957391.04,1279579,10,10,10,0,0,0,0,0,0,3518463,4546559,4583423,3333000.53,30
1790621016,0,1279579,0,887.47,0.00,6333399039,14411628543,28890365951,48687480831,55901683711,200832,56069455871,18205997875.10,15277957391.04,1279579,10,10,10,0,0,0,0,0,0,0,0,0,0.00,0
1790621017,0,1279579,0,886.85,0.00,6333399039,14411628543,28890365951,48687480831,55901683711,200832,56069455871,18205997875.10,15277957391.04,1279579,10,10,10,0,0,0,0,0,0,0,0,0,0.00,0
1790621018,0,1279579,0,886.24,0.00,6333399039,14411628543,28890365951,48687480831,55901683711,200832,56069455871,18205997875.10,15277957391.04,1279579,10,10,10,0,0,0,0,0,0,0,0,0,0.00,0
