timestamp,sent_count,received_count,error_count,total_throughput,interval_throughput,latency_ns_p25,latency_ns_p50,latency_ns_p75,latency_ns_p95,latency_ns_p99,latency_ns_min,latency_ns_max,latency_ns_mean,latency_ns_stddev,latency_sample_count,connections,active_connections,connection_attempts,connection_failures,crashes_injected,reconnects,reconnect_failures,duplicate_count,gap_count,interval_latency_ns_p50,interval_latency_ns_p95,interval_latency_ns_p99,interval_latency_ns_mean,interval_latency_sample_count
1790619513,0,0,0,0.00,0.00,0,0,0,0,0,0,0,0.00,0.00,0,0,0,1,0,0,0,0,0,0,0,0,0,0.00,0
1790619514,0,0,0,0.00,0.00,0,0,0,0,0,0,0,0.00,0.00,0,1,1,1,0,0,0,0,0,0,0,0,0,0.00,0
1790619515,0,0,0,0.00,0.00,0,0,0,0,0,0,0,0.00,0.00,0,1,1,1,0,0,0,0,0,0,0,0,0,0.00,0
1790619516,0,0,0,0.00,0.00,0,0,0,0,0,0,0,0.00,0.00,0,1,1,1,0,0,0,0,0,0,0,0,0,0.00,0
1790619517,0,0,0,0.00,0.00,0,0,0,0,0,0,0,0.00,0.00,0,1,1,1,0,0,0,0,0,0,0,0,0,0.00,0
1790619518,0,0,0,0.00,0.00,0,0,0,0,0,0,0,0.00,0.00,0,1,1,1,0,0,0,0,0,0,0,0,0,0.00,0
1790619519,0,0,0,0.00,0.00,0,0,0,0,0,0,0,0.00,0.00,0,1,1,1,0,0,0,0,0,0,0,0,0,0.00,0
1790619520,0,0,0,0.00,0.00,0,0,0,0,0,0,0,0.00,0.00,0,2,2,2,0,0,0,0,0,0,0,0,0,0.00,0
1790619521,0,0,0,0.00,0.00,0,0,0,0,0,0,0,0.00,0.00,0,2,2,2,0,0,0,0,0,0,0,0,0,0.00,0
1790619522,0,0,0,0.00,0.00,0,0,0,0,0,0,0,0.00,0.00,0,2,2,2,0,0,0,0,0,0,0,0,0,0.00,0
1790619523,0,0,0,0.00,0.00,0,0,0,0,0,0,0,0.00,0.00,0,2,2,2,0,0,0,0,0,0,0,0,0,0.00,0
1790619524,0,0,0,0.00,0.00,0,0,0,0,0,0,0,0.00,0.00,0,2,2,2,0,0,0,0,0,0,0,0,0,0.00,0
1790619525,0,0,0,0.00,0.00,0,0,0,0,0,0,0,0.00,0.00,0,2,2,2,0,0,0,0,0,0,0,0,0,0.00,0
1790619526,0,0,0,0.00,0.00,0,0,0,0,0,0,0,0.00,0.00,0,2,2,2,0,0,0,0,0,0,0,0,0,0.00,0
1790619527,0,0,0,0.00,0.00,0,0,0,0,0,0,0,0.00,0.00,0,3,3,3,0,0,0,0,0,0,0,0,0,0.00,0
1790619528,0,0,0,0.00,0.00,0,0,0,0,0,0,0,0.00,0.00,0,3,3,3,0,0,0,0,0,0,0,0,0,0.00,0
1790619529,0,0,0,0.00,0.00,0,0,0,0,0,0,0,0.00,0.00,0,3,3,3,0,0,0,0,0,0,0,0,0,0.00,0
1790619530,0,0,0,0.00,0.00,0,0,0,0,0,0,0,0.00,0.00,0,3,3,3,0,0,0,0,0,0,0,0,0,0.00,0
1790619531,0,0,0,0.00,0.00,0,0,0,0,0,0,0,0.00,0.00,0,3,3,3,0,0,0,0,0,0,0,0,0,0.00,0
1790619532,0,0,0,0.00,0.00,0,0,0,0,0,0,0,0.00,0.00,0,3,3,3,0,0,0,0,0,0,0,0,0,0.00,0
1790619533,0,0,0,0.00,0.00,0,0,0,0,0,0,0,0.00,0.00,0,3,3,3,0,0,0,0,0,0,0,0,0,0.00,0
1790619534,0,0,0,0.00,0.00,0,0,0,0,0,0,0,0.00,0.00,0,4,4,4,0,0,0,0,0,0,0,0,0,0.00,0
1790619535,0,0,0,0.00,0.00,0,0,0,0,0,0,0,0.00,0.00,0,4,4,4,0,0,0,0,0,0,0,0,0,0.00,0
1790619536,0,0,0,0.00,0.00,0,0,0,0,0,0,0,0.00,0.00,0,4,4,4,0,0,0,0,0,0,0,0,0,0.00,0
1790619537,0,0,0,0.00,0.00,0,0,0,0,0,0,0,0.00,0.00,0,4,4,4,0,0,0,0,0,0,0,0,0,0.00,0
1790619538,0,0,0,0.00,0.00,0,0,0,0,0,0,0,0.00,0.00,0,4,4,4,0,0,0,0,0,0,0,0,0,0.00,0
1790619539,0,0,0,0.00,0.00,0,0,0,0,0,0,0,0.00,0.00,0,4,4,4,0,0,0,0,0,0,0,0,0,0.00,0
1790619540,0,0,0,0.00,0.00,0,0,0,0,0,0,0,0.00,0.00,0,5,5,5,0,0,0,0,0,0,0,0,0,0.00,0
1790619541,0,0,0,0.00,0.00,0,0,0,0,0,0,0,0.00,0.00,0,5,5,5,0,0,0,0,0,0,0,0,0,0.00,0
1790619542,0,0,0,0.00,0.00,0,0,0,0,0,0,0,0.00,0.00,0,5,5,5,0,0,0,0,0,0,0,0,0,0.00,0
1790619543,0,0,0,0.00,0.00,0,0,0,0,0,0,0,0.00,0.00,0,5,5,5,0,0,0,0,0,0,0,0,0,0.00,0
1790619544,0,0,0,0.00,0.00,0,0,0,0,0,0,0,0.00,0.00,0,5,5,5,0,0,0,0,0,0,0,0,0,0.00,0
1790619545,0,0,0,0.00,0.00,0,0,0,0,0,0,0,0.00,0.00,0,5,5,5,0,0,0,0,0,0,0,0,0,0.00,0
1790619546,0,0,0,0.00,0.00,0,0,0,0,0,0,0,0.00,0.00,0,5,5,5,0,0,0,0,0,0,0,0,0,0.00,0
1790619547,0,0,0,0.00,0.00,0,0,0,0,0,0,0,0.00,0.00,0,6,6,6,0,0,0,0,0,0,0,0,0,0.00,0
1790619548,0,0,0,0.00,0.00,0,0,0,0,0,0,0,0.00,0.00,0,6,6,6,0,0,0,0,0,0,0,0,0,0.00,0
1790619549,0,0,0,0.00,0.00,0,0,0,0,0,0,0,0.00,0.00,0,6,6,6,0,0,0,0,0,0,0,0,0,0.00,0
1790619550,0,0,0,0.00,0.00,0,0,0,0,0,0,0,0.00,0.00,0,6,6,6,0,0,0,0,0,0,0,0,0,0.00,0
1790619551,0,0,0,0.00,0.00,0,0,0,0,0,0,0,0.00,0.00,0,6,6,6,0,0,0,0,0,0,0,0,0,0.00,0
1790619552,0,0,0,0.00,0.00,0,0,0,0,0,0,0,0.00,0.00,0,6,6,6,0,0,0,0,0,0,0,0,0,0.00,0
1790619553,0,0,0,0.00,0.00,0,0,0,0,0,0,0,0.00,0.00,0,6,6,6,0,0,0,0,0,0,0,0,0,0.00,0
1790619554,0,0,0,0.00,0.00,0,0,0,0,0,0,0,0.00,0.00,0,7,7,7,0,0,0,0,0,0,0,0,0,0.00,0
1790619555,0,0,0,0.00,0.00,0,0,0,0,0,0,0,0.00,0.00,0,7,7,7,0,0,0,0,0,0,0,0,0,0.00,0
1790619556,0,0,0,0.00,0.00,0,0,0,0,0,0,0,0.00,0.00,0,7,7,7,0,0,0,0,0,0,0,0,0,0.00,0
1790619557,0,0,0,0.00,0.00,0,0,0,0,0,0,0,0.00,0.00,0,7,7,7,0,0,0,0,0,0,0,0,0,0.00,0
1790619558,0,0,0,0.00,0.00,0,0,0,0,0,0,0,0.00,0.00,0,7,7,7,0,0,0,0,0,0,0,0,0,0.00,0
1790619559,0,0,0,0.00,0.00,0,0,0,0,0,0,0,0.00,0.00,0,7,7,7,0,0,0,0,0,0,0,0,0,0.00,0
1790619560,0,0,0,0.00,0.00,0,0,0,0,0,0,0,0.00,0.00,0,8,8,8,0,0,0,0,0,0,0,0,0,0.00,0
1790619561,0,0,0,0.00,0.00,0,0,0,0,0,0,0,0.00,0.00,0,8,8,8,0,0,0,0,0,0,0,0,0,0.00,0
1790619562,0,0,0,0.00,0.00,0,0,0,0,0,0,0,0.00,0.00,0,8,8,8,0,0,0,0,0,0,0,0,0,0.00,0
1790619563,0,0,0,0.00,0.00,0,0,0,0,0,0,0,0.00,0.00,0,8,8,8,0,0,0,0,0,0,0,0,0,0.00,0
1790619564,0,0,0,0.00,0.00,0,0,0,0,0,0,0,0.00,0.00,0,8,8,8,0,0,0,0,0,0,0,0,0,0.00,0
1790619565,0,0,0,0.00,0.00,0,0,0,0,0,0,0,0.00,0.00,0,8,8,8,0,0,0,0,0,0,0,0,0,0.00,0
1790619566,0,0,0,0.00,0.00,0,0,0,0,0,0,0,0.00,0.00,0,8,8,8,0,0,0,0,0,0,0,0,0,0.00,0
1790619567,0,0,0,0.00,0.00,0,0,0,0,0,0,0,0.00,0.00,0,9,9,9,0,0,0,0,0,0,0,0,0,0.00,0
1790619568,0,0,0,0.00,0.00,0,0,0,0,0,0,0,0.00,0.00,0,9,9,9,0,0,0,0,0,0,0,0,0,0.00,0
1790619569,0,0,0,0.00,0.00,0,0,0,0,0,0,0,0.00,0.00,0,9,9,9,0,0,0,0,0,0,0,0,0,0.00,0
1790619570,0,0,0,0.00,0.00,0,0,0,0,0,0,0,0.00,0.00,0,9,9,9,0,0,0,0,0,0,0,0,0,0.00,0
1790619571,0,0,0,0.00,0.00,0,0,0,0,0,0,0,0.00,0.00,0,9,9,9,0,0,0,0,0,0,0,0,0,0.00,0
1790619572,0,0,0,0.00,0.00,0,0,0,0,0,0,0,0.00,0.00,0,9,9,9,0,0,0,0,0,0,0,0,0,0.00,0
1790619573,0,0,0,0.00,0.00,0,0,0,0,0,0,0,0.00,0.00,0,9,9,9,0,0,0,0,0,0,0,0,0,0.00,0
1790619574,0,0,0,0.00,0.00,0,0,0,0,0,0,0,0.00,0.00,0,10,10,10,0,0,0,0,0,0,0,0,0,0.00,0
1790619575,0,160,0,213.78,160.03,1412095,2057215,2689023,44007423,49643519,565760,52068351,4920318.40,10923961.39,160,10,10,10,0,0,0,0,0,0,2057215,44007423,49643519,4920318.40,160
1790619576,0,360,0,205.98,200.13,1371135,1968127,2668543,4235263,48693247,550400,52068351,3271176.53,7453363.64,360,10,10,10,0,0,0,0,0,0,1929215,3031039,3803135,1951863.04,200
1790619577,0,560,0,203.74,199.84,1302527,1948671,2613247,3715071,46825471,550400,52068351,2791472.46,6028488.63,560,10,10,10,0,0,0,0,0,0,1915903,3141631,3381247,1928005.12,200
1790619578,0,760,0,202.75,200.01,1305599,1964031,2660351,3760127,44204031,550400,52068351,2596040.42,5204979.77,760,10,10,10,0,0,0,0,0,0,2002943,3760127,4202495,2048830.72,200
1790619579,0,960,0,202.20,200.15,1313791,1998847,2676735,3688447,43188223,550400,52068351,2491089.33,4652692.53,960,10,10,10,0,0,0,0,0,0,2080767,3610623,4362239,2092275.20,200
1790619580,0,1160,0,201.79,199.84,1321983,1990655,2648063,3360767,5332991,550400,52068351,2394333.79,4248447.44,1160,10,10,10,0,0,0,0,0,0,1910783,3004415,3131391,1929907.20,200
1790619581,0,1360,0,201.53,200.03,1296383,1956863,2611199,3262463,4718591,518656,52068351,2310250.26,3939542.35,1360,10,10,10,0,0,0,0,0,0,1764351,3031039,3115007,1822565.76,200
1790619582,0,1560,0,201.34,200.05,1302527,1966079,2609151,3280895,4468735,518656,52068351,2271506.46,3691174.92,1560,10,10,10,0,0,0,0,0,0,1988607,3321855,3727359,2008048.64,200
1790619583,0,1760,0,201.19,200.03,1302527,1966079,2607103,3254271,4440063,518656,52068351,2233941.45,3486127.85,1760,10,10,10,0,0,0,0,0,0,1954815,3061759,3387391,1940934.40,200
1790619584,0,1960,0,201.07,200.00,1301503,1966079,2596863,3241983,4374527,518656,52068351,2203748.38,3314021.47,1960,10,10,10,0,0,0,0,0,0,1980415,3110911,3514367,1938049.28,200
1790619585,0,2160,0,200.97,200.05,1294335,1971199,2607103,3254271,4263935,518656,52068351,2186086.10,3168080.49,2160,10,10,10,0,0,0,0,0,0,2041855,3321855,3866623,2012995.84,200
1790619586,0,2360,0,200.88,199.84,1297407,1968127,2605055,3235839,4235263,518656,52068351,2166557.56,3039032.50,2360,10,10,10,0,0,0,0,0,0,1906687,3047423,3356671,1955649.28,200
1790619587,0,2560,0,200.81,200.00,1302527,1965055,2596863,3205119,4231167,518656,52068351,2148895.15,2925393.33,2560,10,10,10,0,0,0,0,0,0,1887231,3061759,3205119,1940478.72,200
1790619588,0,2760,0,200.76,200.16,1300479,1965055,2596863,3186687,4214783,518656,52068351,2133816.16,2825984.94,2760,10,10,10,0,0,0,0,0,0,1964031,3112959,3819519,1940805.12,200
1790619589,0,2960,0,200.71,199.96,1299455,1966079,2592767,3196927,4231167,518656,52068351,2124732.84,2738246.15,2960,10,10,10,0,0,0,0,0,0,2013183,3303423,4296703,1999383.04,200
1790619590,0,3160,0,200.66,199.92,1294335,1968127,2596863,3217407,4288511,518656,52068351,2118294.08,2661351.01,3160,10,10,10,0,0,0,0,0,0,2013183,3422207,5173247,2023000.32,200
1790619591,0,3360,0,200.62,199.99,1291263,1964031,2590719,3190783,4235263,518656,52068351,2103123.24,2587741.09,3360,10,10,10,0,0,0,0,0,0,1845247,3010559,3211263,1863424.00,200
1790619592,0,3560,0,200.58,199.96,1290239,1963007,2586623,3174399,4235263,513536,52068351,2091315.63,2520637.50,3560,10,10,10,0,0,0,0,0,0,1887231,2951167,3143679,1892947.84,200
1790619593,0,3760,0,200.56,200.16,1281023,1950719,2574335,3162111,4214783,513536,52068351,2077475.57,2459133.07,3760,10,10,10,0,0,0,0,0,0,1783807,3045375,3166207,1831122.56,200
1790619594,0,3960,0,200.52,199.86,1279999,1949695,2574335,3153919,4192255,513536,52068351,2069466.15,2402702.95,3960,10,10,10,0,0,0,0,0,0,1909759,3110911,3303423,1918888.96,200
1790619595,0,4160,0,200.50,200.09,1281023,1951743,2580479,3151871,4167679,513536,52068351,2065722.74,2350397.57,4160,10,10,10,0,0,0,0,0,0,2015231,3098623,3409919,1991603.20,200
1790619596,0,4360,0,200.47,199.89,1286143,1949695,2580479,3149823,4095999,513536,52068351,2060697.28,2301331.61,4360,10,10,10,0,0,0,0,0,0,1886207,3106815,3313663,1956167.68,200
1790619597,0,4560,0,200.45,199.99,1286143,1949695,2582527,3143679,4077567,513536,52068351,2055856.03,2255988.43,4560,10,10,10,0,0,0,0,0,0,1916927,3061759,3467263,1950316.80,200
1790619598,0,4760,0,200.43,200.00,1285119,1945599,2574335,3137535,4095999,513536,52068351,2049215.01,2214095.12,4760,10,10,10,0,0,0,0,0,0,1886207,2975743,4481023,1897799.68,200
1790619599,0,4960,0,200.42,200.09,1273855,1942527,2568191,3131391,4077567,513536,52068351,2039676.36,2174898.15,4960,10,10,10,0,0,0,0,0,0,1809407,3006463,3143679,1812656.64,200
1790619600,0,5160,0,200.40,200.05,1277951,1947647,2578431,3145727,4165631,513536,52068351,2042012.80,2140236.27,5160,10,10,10,0,0,0,0,0,0,2071551,3545087,4390911,2099956.48,200
1790619601,0,5360,0,200.39,199.96,1272831,1944575,2576383,3141631,4124671,513536,52068351,2037131.20,2105523.86,5360,10,10,10,0,0,0,0,0,0,1906687,3016703,3657727,1911185.92,200
1790619602,0,5560,0,200.37,200.01,1273855,1949695,2574335,3141631,4169727,513536,52068351,2035961.12,2074300.48,5560,10,10,10,0,0,0,0,0,0,2034687,3131391,4980735,2004602.88,200
1790619603,0,5760,0,200.36,199.93,1277951,1954815,2574335,3143679,4165631,513536,52068351,2034628.47,2043526.21,5760,10,10,10,0,0,0,0,0,0,2059263,3174399,3764223,1997580.80,200
1790619604,0,5960,0,200.35,200.02,1270783,1943551,2566143,3143679,4202495,422912,52068351,2027632.56,2017166.02,5960,10,10,10,0,0,0,0,0,0,1707007,3174399,5476351,1826150.40,200
1790619605,0,6160,0,200.34,200.07,1267711,1941503,2566143,3143679,4192255,422912,52068351,2023749.51,1989338.13,6160,10,10,10,0,0,0,0,0,0,1837055,3153919,3557375,1908034.56,200
1790619606,0,6360,0,200.33,199.94,1266687,1936383,2564095,3139583,4192255,422912,52068351,2018667.37,1964144.98,6360,10,10,10,0,0,0,0,0,0,1816575,3043327,4102143,1862137.60,200
1790619607,0,6560,0,200.32,200.03,1266687,1936383,2564095,3139583,4167679,422912,52068351,2015322.91,1938507.01,6560,10,10,10,0,0,0,0,0,0,1937407,3127295,3315711,1908968.96,200
1790619608,0,6760,0,200.31,199.98,1265663,1937407,2564095,3135487,4132863,422912,52068351,2012522.13,1914074.66,6760,10,10,10,0,0,0,0,0,0,1942527,3018751,3227647,1920656.64,200
1790619609,0,6960,0,200.30,199.93,1266687,1935359,2562047,3137535,4169727,422912,52068351,2010978.04,1891958.89,6960,10,10,10,0,0,0,0,0,0,1922047,3149823,4993023,1958787.84,200
1790619610,0,7160,0,200.29,200.13,1264639,1933311,2559999,3133439,4165631,422912,52068351,2007246.43,1869548.93,7160,10,10,10,0,0,0,0,0,0,1790975,3031039,3201023,1877386.24,200
1790619611,0,7360,0,200.28,199.92,1264639,1933311,2555903,3131391,4124671,422912,52068351,2004018.35,1847553.50,7360,10,10,10,0,0,0,0,0,0,1944575,2977791,3354623,1888453.12,200
1790619612,0,7560,0,200.27,200.01,1263615,1934335,2551807,3127295,4116479,422912,52068351,1999931.31,1826584.70,7560,10,10,10,0,0,0,0,0,0,1934335,2934783,3141631,1849528.32,200
1790619613,0,7760,0,200.27,199.96,1264639,1936383,2555903,3131391,4132863,422912,52068351,2002464.45,1808447.63,7760,10,10,10,0,0,0,0,0,0,2047999,3409919,4607999,2098216.96,200
1790619614,0,7960,0,200.26,199.97,1266687,1934335,2555903,3127295,4118527,422912,52068351,1999913.09,1789275.46,7960,10,10,10,0,0,0,0,0,0,1813503,3016703,3129343,1900920.32,200
1790619615,0,8160,0,200.25,200.08,1269759,1934335,2555903,3127295,4106239,422912,52068351,1998370.93,1770752.72,8160,10,10,10,0,0,0,0,0,0,1955839,3016703,3254271,1936993.28,200
1790619616,0,8360,0,200.25,200.07,1272831,1937407,2557951,3127295,4102143,422912,52068351,1999089.07,1753755.56,8360,10,10,10,0,0,0,0,0,0,2016255,3153919,3977215,2028389.12,200
1790619617,0,8560,0,200.24,199.97,1274879,1942527,2562047,3129343,4165631,422912,52068351,2001238.27,1739186.28,8560,10,10,10,0,0,0,0,0,0,2037759,3856383,5017599,2091074.56,200
1790619618,0,8760,0,200.24,199.95,1276927,1943551,2566143,3131391,4198399,422912,52068351,2003343.24,1725177.27,8760,10,10,10,0,0,0,0,0,0,1993727,3524607,4444159,2093436.16,200
1790619619,0,8960,0,200.23,200.03,1276927,1944575,2566143,3135487,4169727,422912,52068351,2002911.50,1709708.01,8960,10,10,10,0,0,0,0,0,0,1983487,3176447,3432447,1984001.28,200
1790619620,0,9160,0,200.23,200.04,1278975,1947647,2568191,3143679,4231167,422912,52068351,2014074.70,1730971.62,9160,10,10,10,0,0,0,0,0,0,2074623,3942399,14057471,2514186.24,200
1790619621,0,9360,0,200.22,200.00,1279999,1950719,2570239,3143679,4235263,422912,52068351,2015122.91,1716818.65,9360,10,10,10,0,0,0,0,0,0,2078719,3237887,4354047,2063130.88,200
1790619622,0,9560,0,200.22,199.92,1275903,1945599,2566143,3141631,4222975,422912,52068351,2010392.27,1702056.31,9560,10,10,10,0,0,0,0,0,0,1709055,2906111,3098623,1788998.40,200
1790619623,0,9760,0,200.21,200.02,1278975,1949695,2568191,3141631,4210687,422912,52068351,2010667.92,1688062.45,9760,10,10,10,0,0,0,0,0,0,2069503,3151871,3463167,2023843.84,200
1790619624,0,9960,0,200.21,199.91,1278975,1950719,2570239,3147775,4251647,422912,52068351,2015113.09,1682716.18,9960,10,10,10,0,0,0,0,0,0,1995775,4227071,8036351,2232037.12,200
1790619625,0,10160,0,200.20,200.07,1279999,1951743,2574335,3155967,4333567,422912,52068351,2019976.86,1677074.20,10160,10,10,10,0,0,0,0,0,0,1973247,4333567,7643135,2262192.64,200
1790619626,0,10360,0,200.20,200.09,1282047,1956863,2576383,3168255,4468735,422912,52068351,2029586.05,1684726.14,10360,10,10,10,0,0,0,0,0,0,2095103,6811647,10690559,2517733.12,200
1790619627,0,10560,0,200.20,199.92,1282047,1956863,2576383,3176447,4501503,422912,52068351,2030842.00,1674725.35,10560,10,10,10,0,0,0,0,0,0,1931263,3975167,5459967,2095900.16,200
1790619628,0,10760,0,200.19,200.03,1282047,1955839,2580479,3176447,4501503,422912,52068351,2030667.48,1662874.09,10760,10,10,10,0,0,0,0,0,0,1932287,3190783,4444159,2021452.80,200
1790619629,0,10960,0,200.19,200.04,1282047,1952767,2578431,3174399,4497407,422912,52068351,2027812.85,1650968.58,10960,10,10,10,0,0,0,0,0,0,1800191,3051519,3215359,1874233.60,200
1790619630,0,11160,0,200.19,200.01,1282047,1951743,2580479,3174399,4481023,422912,52068351,2026053.49,1639593.46,11160,10,10,10,0,0,0,0,0,0,1929215,3135487,3327999,1929640.96,200
1790619631,0,11360,0,200.18,199.92,1282047,1950719,2578431,3170303,4464639,422912,52068351,2023443.30,1628080.05,11360,10,10,10,0,0,0,0,0,0,1908735,3033087,3276799,1877794.56,200
1790619632,0,11560,0,200.18,199.93,1282047,1952767,2580479,3170303,4456447,422912,52068351,2022876.31,1617515.88,11560,10,10,10,0,0,0,0,0,0,1976319,3186687,3432447,1990671.36,200
1790619633,0,11760,0,200.17,199.99,1284095,1954815,2582527,3170303,4444159,422912,52068351,2022675.23,1606720.28,11760,10,10,10,0,0,0,0,0,0,2040831,3147775,3512319,2011052.80,200
1790619634,0,11960,0,200.17,200.06,1283071,1953791,2580479,3168255,4440063,422912,52068351,2020936.83,1596211.85,11960,10,10,10,0,0,0,0,0,0,1880063,3153919,3405823,1918718.72,200
1790619635,0,12180,0,200.50,220.09,1285119,1957887,2584575,3188735,4771839,422912,52068351,2069464.79,1952113.80,12180,10,10,10,0,0,0,0,0,0,2273279,26951679,36601855,4707621.24,220
1790619636,0,12380,0,200.49,199.90,1285119,1959935,2584575,3184639,4759551,422912,52068351,2067548.65,1938749.41,12380,10,10,10,0,0,0,0,0,0,2011135,3082239,3284991,1950855.68,200
1790619637,0,12580,0,200.48,200.03,1286143,1959935,2586623,3184639,4759551,422912,52068351,2066785.99,1926546.49,12580,10,10,10,0,0,0,0,0,0,1972223,3186687,4268031,2019577.60,200
1790619638,0,12780,0,200.48,200.00,1286143,1959935,2586623,3190783,4718591,422912,52068351,2066029.28,1914407.18,12780,10,10,10,0,0,0,0,0,0,1949695,3434495,4153343,2018432.00,200
1790619639,0,12980,0,200.47,200.04,1288191,1960959,2586623,3192831,4755455,422912,52068351,2066286.54,1902934.80,12980,10,10,10,0,0,0,0,0,0,2029567,3327999,5222399,2082725.12,200
1790619640,0,13180,0,200.46,199.93,1288191,1961983,2586623,3196927,4718591,422912,52068351,2065158.89,1890923.32,13180,10,10,10,0,0,0,0,0,0,2030591,3278847,3524607,1991974.40,200
1790619641,0,13380,0,200.46,200.11,1288191,1963007,2588671,3196927,4718591,422912,52068351,2064368.53,1879699.22,13380,10,10,10,0,0,0,0,0,0,2063359,3194879,4595711,2012284.16,200
1790619642,0,13580,0,200.45,199.90,1290239,1964031,2590719,3196927,4718591,422912,52068351,2065566.77,1869601.25,13580,10,10,10,0,0,0,0,0,0,2064383,3274751,6553599,2145729.28,200
1790619643,0,13780,0,200.44,200.10,1290239,1965055,2590719,3196927,4710399,422912,52068351,2064580.91,1858135.07,13780,10,10,10,0,0,0,0,0,0,2029567,3123199,3567615,1997640.96,200
1790619644,0,13980,0,200.44,199.95,1291263,1965055,2590719,3194879,4653055,422912,52068351,2062972.86,1847090.21,13980,10,10,10,0,0,0,0,0,0,1968127,3141631,3379199,1952177.92,200
1790619645,0,14180,0,200.43,200.03,1292287,1964031,2590719,3192831,4648959,422912,52068351,2061470.95,1836764.02,14180,10,10,10,0,0,0,0,0,0,1818623,3112959,3330047,1956487.68,200
1790619646,0,14380,0,200.42,199.97,1291263,1964031,2590719,3190783,4620287,422912,52068351,2059703.55,1826437.07,14380,10,10,10,0,0,0,0,0,0,1925119,3061759,4390911,1934394.88,200
1790619647,0,14580,0,200.42,199.99,1291263,1964031,2588671,3186687,4595711,422912,52068351,2057605.84,1815971.31,14580,10,10,10,0,0,0,0,0,0,1945599,3026943,3149823,1906780.16,200
1790619648,0,14780,0,200.41,200.00,1291263,1964031,2588671,3182591,4579327,422912,52068351,2055860.87,1805713.21,14780,10,10,10,0,0,0,0,0,0,1948671,2961407,3213311,1928652.80,200
1790619649,0,14980,0,200.41,200.02,1291263,1964031,2588671,3178495,4542463,422912,52068351,2054591.74,1795676.03,14980,10,10,10,0,0,0,0,0,0,2033663,3020799,3315711,1960802.56,200
1790619650,0,15180,0,200.40,199.91,1290239,1963007,2588671,3178495,4513791,422912,52068351,2052371.47,1786263.81,15180,10,10,10,0,0,0,0,0,0,1773567,3145727,3317759,1886073.60,200
1790619651,0,15380,0,200.40,200.13,1290239,1960959,2586623,3176447,4501503,422912,52068351,2049813.26,1776763.87,15380,10,10,10,0,0,0,0,0,0,1772543,3018751,3983359,1855645.44,200
1790619652,0,15580,0,200.39,199.94,1291263,1961983,2588671,3176447,4501503,422912,52068351,2049664.39,1768190.94,15580,10,10,10,0,0,0,0,0,0,2018303,3311615,4171775,2038215.68,200
1790619653,0,15780,0,200.38,199.95,1291263,1963007,2588671,3176447,4481023,422912,52068351,2048790.72,1759094.12,15780,10,10,10,0,0,0,0,0,0,2019327,3088383,3518463,1980732.16,200
1790619654,0,15980,0,200.38,200.09,1290239,1960959,2586623,3176447,4468735,422912,52068351,2046640.84,1750363.24,15980,10,10,10,0,0,0,0,0,0,1853439,3131391,3282943,1877015.04,200
1790619655,0,16180,0,200.37,199.88,1290239,1959935,2586623,3174399,4464639,422912,52068351,2044740.11,1741495.11,16180,10,10,10,0,0,0,0,0,0,1902591,3049471,3280895,1892871.68,200
1790619656,0,16380,0,200.37,199.99,1290239,1959935,2586623,3172351,4456447,422912,52068351,2042943.52,1733027.70,16380,10,10,10,0,0,0,0,0,0,1904639,3065855,3547135,1897600.00,200
1790619657,0,16580,0,200.37,200.04,1289215,1957887,2584575,3172351,4460543,422912,52068351,2041206.40,1725082.80,16580,10,10,10,0,0,0,0,0,0,1828863,3158015,4673535,1898935.68,200
1790619658,0,16780,0,200.36,200.11,1289215,1958911,2586623,3172351,4464639,422912,52068351,2041155.01,1717961.72,16780,10,10,10,0,0,0,0,0,0,1980415,3174399,4636671,2036894.72,200
1790619659,0,16980,0,200.36,199.98,1288191,1957887,2586623,3170303,4456447,422912,52068351,2039371.16,1709938.75,16980,10,10,10,0,0,0,0,0,0,1856511,3092479,3491839,1889706.24,200
1790619660,0,17180,0,200.35,200.04,1288191,1957887,2586623,3170303,4448255,422912,52068351,2038395.28,1701912.80,17180,10,10,10,0,0,0,0,0,0,1956863,3080191,3682303,1955543.04,200
1790619661,0,17380,0,200.35,200.02,1288191,1956863,2586623,3168255,4444159,422912,52068351,2037001.78,1694051.12,17380,10,10,10,0,0,0,0,0,0,1842175,2994175,3377151,1917300.48,200
1790619662,0,17580,0,200.35,199.92,1289215,1956863,2586623,3172351,4456447,422912,52068351,2037216.76,1687229.66,17580,10,10,10,0,0,0,0,0,0,1992703,3346431,4726783,2055898.88,200
1790619663,0,17780,0,200.34,200.04,1288191,1956863,2586623,3170303,4448255,422912,52068351,2035737.08,1679577.81,17780,10,10,10,0,0,0,0,0,0,1889279,3067903,3237887,1905672.96,200
1790619664,0,17980,0,200.34,200.00,1288191,1956863,2584575,3168255,4444159,422912,52068351,2034151.12,1672102.96,17980,10,10,10,0,0,0,0,0,0,1913855,3033087,3344383,1893159.04,200
1790619665,0,18180,0,200.33,199.92,1288191,1955839,2582527,3166207,4423679,422912,52068351,2032701.99,1664669.09,18180,10,10,10,0,0,0,0,0,0,1925119,3051519,3317759,1902425.60,200
1790619666,0,18380,0,200.33,200.08,1286143,1955839,2582527,3164159,4390911,422912,52068351,2030960.34,1657434.07,18380,10,10,10,0,0,0,0,0,0,1917951,3022847,3223551,1872643.84,200
1790619667,0,18580,0,200.33,199.95,1288191,1956863,2582527,3164159,4390911,422912,52068351,2030682.50,1650404.29,18580,10,10,10,0,0,0,0,0,0,2038783,3153919,3420159,2005149.44,200
1790619668,0,18780,0,200.32,200.01,1288191,1957887,2584575,3164159,4423679,422912,52068351,2031351.69,1645404.29,18780,10,10,10,0,0,0,0,0,0,2014207,3258367,6070271,2093519.36,200
1790619669,0,18980,0,200.32,200.06,1288191,1957887,2584575,3164159,4395007,422912,52068351,2030551.34,1638637.21,18980,10,10,10,0,0,0,0,0,0,2013183,3088383,3301375,1955398.40,200
1790619670,0,19180,0,200.32,199.87,1288191,1957887,2582527,3162111,4390911,422912,52068351,2029069.51,1631802.81,19180,10,10,10,0,0,0,0,0,0,1922047,2969599,3178495,1888444.16,200
1790619671,0,19380,0,200.31,200.09,1288191,1958911,2582527,3160063,4374527,422912,52068351,2028162.33,1625263.50,19380,10,10,10,0,0,0,0,0,0,1988607,3076095,3438591,1941163.52,200
1790619672,0,19580,0,200.31,199.92,1288191,1958911,2584575,3164159,4366335,422912,52068351,2028448.78,1619305.56,19580,10,10,10,0,0,0,0,0,0,2045951,3680255,4235263,2056206.08,200
1790619673,0,19780,0,200.31,200.00,1289215,1960959,2584575,3164159,4362239,422912,52068351,2028870.36,1613077.34,19780,10,10,10,0,0,0,0,0,0,2079743,3270655,3577855,2070142.72,200
1790619674,0,19980,0,200.30,199.97,1288191,1959935,2582527,3162111,4354047,422912,52068351,2027083.77,1606764.30,19980,10,10,10,0,0,0,0,0,0,1886207,2973695,3244031,1850389.76,200
1790619675,0,20180,0,200.30,200.09,1289215,1960959,2584575,3166207,4362239,422912,52068351,2027862.31,1601287.16,20180,10,10,10,0,0,0,0,0,0,2105343,3379199,4984831,2105638.40,200
1790619676,0,20380,0,200.30,199.91,1289215,1960959,2582527,3162111,4354047,422912,52068351,2026094.01,1595103.14,20380,10,10,10,0,0,0,0,0,0,1844223,2959359,3160063,1847672.32,200
1790619677,0,20580,0,200.29,200.01,1290239,1959935,2582527,3162111,4345855,422912,52068351,2024916.11,1588891.03,20580,10,10,10,0,0,0,0,0,0,1895423,3033087,3264511,1904888.96,200
1790619678,0,20780,0,200.29,200.06,1290239,1960959,2582527,3162111,4345855,422912,52068351,2024999.90,1583437.40,20780,10,10,10,0,0,0,0,0,0,2028543,3389439,4179967,2033621.76,200
1790619679,0,20980,0,200.29,200.02,1291263,1963007,2582527,3168255,4366335,422912,52068351,2026311.48,1578630.19,20980,10,10,10,0,0,0,0,0,0,2123775,4026367,4734975,2162584.32,200
1790619680,0,21180,0,200.29,199.98,1291263,1961983,2582527,3166207,4362239,422912,52068351,2025469.64,1572788.53,21180,10,10,10,0,0,0,0,0,0,1923071,3086335,3325951,1937160.96,200
1790619681,0,21380,0,200.28,199.90,1291263,1961983,2582527,3170303,4362239,422912,52068351,2025119.23,1567842.82,21380,10,10,10,0,0,0,0,0,0,1885183,3641343,4276223,1988010.24,200
1790619682,0,21580,0,200.28,200.02,1291263,1960959,2582527,3168255,4354047,422912,52068351,2024054.26,1562273.67,21580,10,10,10,0,0,0,0,0,0,1924095,3020799,3217407,1910209.28,200
1790619683,0,21780,0,200.28,200.01,1291263,1959935,2582527,3166207,4345855,422912,52068351,2023119.61,1556736.67,21780,10,10,10,0,0,0,0,0,0,1869823,3115007,3266559,1922270.72,200
1790619684,0,21980,0,200.28,200.04,1291263,1960959,2584575,3170303,4366335,422912,52068351,2024375.66,1552698.38,21980,10,10,10,0,0,0,0,0,0,2138111,3405823,5505023,2161159.68,200
1790619685,0,22180,0,200.27,200.07,1291263,1960959,2582527,3168255,4362239,422912,52068351,2023633.36,1547282.98,22180,10,10,10,0,0,0,0,0,0,1969151,3100671,3317759,1942054.40,200
1790619686,0,22380,0,200.27,199.99,1291263,1961983,2584575,3168255,4345855,422912,52068351,2023061.05,1542276.32,22380,10,10,10,0,0,0,0,0,0,1992703,3174399,3588095,1959591.68,200
1790619687,0,22580,0,200.27,200.02,1291263,1960959,2582527,3168255,4337663,422912,52068351,2022015.21,1537156.77,22580,10,10,10,0,0,0,0,0,0,1914879,3086335,3438591,1904985.60,200
1790619688,0,22780,0,200.27,199.94,1290239,1960959,2582527,3166207,4333567,422912,52068351,2021197.32,1532025.81,22780,10,10,10,0,0,0,0,0,0,1996799,3115007,3211263,1928857.60,200
1790619689,0,22980,0,200.26,199.93,1290239,1960959,2582527,3164159,4329471,422912,52068351,2020422.76,1526942.93,22980,10,10,10,0,0,0,0,0,0,1936383,3002367,3452927,1932200.96,200
1790619690,0,23180,0,200.26,200.00,1291263,1960959,2582527,3164159,4308991,422912,52068351,2020526.19,1521933.73,23180,10,10,10,0,0,0,0,0,0,1995775,3141631,4001791,2032409.60,200
1790619691,0,23380,0,200.26,200.18,1291263,1959935,2582527,3162111,4300799,422912,52068351,2019249.36,1516964.94,23380,10,10,10,0,0,0,0,0,0,1815551,3047423,3149823,1871265.28,200
1790619692,0,23580,0,200.26,199.85,1291263,1960959,2582527,3164159,4292607,422912,52068351,2019594.64,1512371.07,23580,10,10,10,0,0,0,0,0,0,2095103,3379199,3981311,2059957.76,200
1790619693,0,23780,0,200.26,200.11,1291263,1960959,2582527,3162111,4292607,422912,52068351,2019156.25,1507664.31,23780,10,10,10,0,0,0,0,0,0,1975295,3102719,3555327,1967470.08,200
1790619694,0,23980,0,200.25,200.00,1291263,1960959,2582527,3162111,4280319,422912,52068351,2018010.08,1503016.11,23980,10,10,10,0,0,0,0,0,0,1841151,3006463,3252223,1881730.56,200
1790619695,0,24430,0,202.32,449.64,1275903,1947647,2580479,3174399,4579327,344576,52068351,2042410.45,1709800.81,24430,10,10,10,0,0,0,0,0,0,1166335,20692991,28688383,3342679.04,450
1790619696,0,24930,0,204.77,500.50,1250303,1924095,2568191,3170303,4542463,344576,52068351,2022648.19,1699469.72,24930,10,10,10,0,0,0,0,0,0,1030143,1662975,2877439,1057064.19,500
1790619697,0,25430,0,207.17,499.61,1225727,1896447,2555903,3162111,4501503,344576,52068351,2002499.95,1689395.86,25430,10,10,10,0,0,0,0,0,0,1001983,1552383,1669119,997908.48,500
1790619698,0,25930,0,209.54,500.03,1203199,1869823,2543615,3158015,4468735,344576,52068351,1983172.22,1679382.28,25930,10,10,10,0,0,0,0,0,0,992767,1548287,1671167,1000163.84,500
1790619699,0,26430,0,211.87,500.00,1182719,1842175,2531327,3151871,4448255,339456,52068351,1964423.54,1669624.49,26430,10,10,10,0,0,0,0,0,0,999935,1546239,1735679,992116.99,500
1790619700,0,26930,0,214.16,499.98,1166335,1815551,2519039,3147775,4444159,339456,52068351,1946227.41,1660044.51,26930,10,10,10,0,0,0,0,0,0,975359,1544191,1712127,984380.42,500
1790619701,0,27430,0,216.41,500.17,1150975,1786879,2506751,3143679,4390911,316928,52068351,1928485.12,1650703.02,27430,10,10,10,0,0,0,0,0,0,966655,1531903,1669119,972885.25,500
1790619702,0,27930,0,218.63,500.08,1134591,1761279,2494463,3139583,4366335,316928,52068351,1911503.59,1641496.44,27930,10,10,10,0,0,0,0,0,0,948223,1560575,1823743,979896.83,500
1790619703,0,28430,0,220.82,500.12,1118207,1734655,2482175,3133439,4345855,316928,52068351,1894857.27,1632433.72,28430,10,10,10,0,0,0,0,0,0,964607,1529855,1632255,964993.79,500
1790619704,0,28930,0,222.97,499.79,1100799,1710079,2469887,3131391,4329471,316928,52068351,1878608.67,1623588.29,28930,10,10,10,0,0,0,0,0,0,955903,1523711,1717247,954713.34,500
1790619705,0,29430,0,225.09,499.72,1088511,1681407,2457599,3127295,4300799,316928,52068351,1863400.59,1614569.87,29430,10,10,10,0,0,0,0,0,0,953855,1532927,1680383,983460.86,500
1790619706,0,29930,0,227.18,500.12,1074175,1655807,2445311,3123199,4292607,316928,52068351,1849219.95,1606074.19,29930,10,10,10,0,0,0,0,0,0,969215,1558527,3219455,1014547.71,500
1790619707,0,30430,0,229.23,500.05,1062911,1633279,2433023,3119103,4272127,316160,52068351,1834652.59,1597443.65,30430,10,10,10,0,0,0,0,0,0,947711,1513471,1708031,962650.11,500
1790619708,0,30930,0,231.26,500.25,1052671,1613823,2420735,3117055,4259839,316160,52068351,1821763.34,1588863.66,30930,10,10,10,0,0,0,0,0,0,1022975,1604607,3401727,1037324.03,500
1790619709,0,31430,0,233.25,499.94,1044479,1593343,2408447,3112959,4235263,316160,52068351,1809453.95,1579811.89,31430,10,10,10,0,0,0,0,0,0,1044479,1597439,1811455,1047994.88,500
1790619710,0,31930,0,235.22,500.00,1036287,1573887,2398207,3110911,4222975,316160,52068351,1796926.29,1571194.21,31930,10,10,10,0,0,0,0,0,0,1016319,1595391,1874943,1009437.70,500
1790619711,0,32430,0,237.15,499.73,1028095,1553407,2383871,3104767,4202495,316160,52068351,1784643.86,1562801.69,32430,10,10,10,0,0,0,0,0,0,978943,1545215,2021375,1000287.74,500
1790619712,0,32930,0,239.06,500.05,1020415,1537023,2369535,3102719,4192255,316160,52068351,1772944.89,1554421.13,32930,10,10,10,0,0,0,0,0,0,1021439,1551359,1964031,1014149.89,500
1790619713,0,33430,0,240.94,500.25,1012223,1520639,2357247,3096575,4179967,316160,52068351,1761081.67,1546379.26,33430,10,10,10,0,0,0,0,0,0,979455,1512447,1742847,979769.60,500
1790619714,0,33930,0,242.79,499.65,1005567,1506303,2344959,3092479,4169727,316160,52068351,1750351.34,1538577.57,33930,10,10,10,0,0,0,0,0,0,988671,1766399,2557951,1032921.60,500
1790619715,0,34430,0,244.62,500.40,999935,1494015,2332671,3090431,4179967,316160,52068351,1741065.20,1531038.35,34430,10,10,10,0,0,0,0,0,0,1039359,1625087,4673535,1110907.90,500
1790619716,0,34930,0,246.42,499.84,994815,1480703,2316287,3086335,4167679,316160,52068351,1731071.34,1522877.58,34930,10,10,10,0,0,0,0,0,0,1071103,1580031,1682431,1042894.08,500
1790619717,0,35430,0,248.20,500.16,986111,1468415,2303999,3082239,4139007,316160,52068351,1721055.82,1515293.10,35430,10,10,10,0,0,0,0,0,0,970751,1562623,2926591,1021371.65,500
1790619718,0,35930,0,249.95,500.01,978943,1458175,2291711,3080191,4124671,316160,52068351,1711746.50,1508053.29,35930,10,10,10,0,0,0,0,0,0,977919,1587199,3588095,1052088.06,500
1790619719,0,36430,0,251.68,500.03,973311,1446911,2279423,3078143,4106239,316160,52068351,1702384.23,1500497.67,36430,10,10,10,0,0,0,0,0,0,1011199,1615871,1761279,1029611.52,500
1790619720,0,36930,0,253.38,499.65,967167,1436671,2267135,3074047,4091903,316160,52068351,1692805.35,1493148.12,36930,10,10,10,0,0,0,0,0,0,980479,1550335,1750015,994887.94,500
1790619721,0,37430,0,255.06,500.04,963071,1426431,2254847,3069951,4081663,316160,52068351,1683892.08,1485735.98,37430,10,10,10,0,0,0,0,0,0,999423,1596415,2004991,1025558.02,500
1790619722,0,37930,0,256.72,499.85,957439,1417215,2244607,3067903,4085759,316160,52068351,1676375.58,1479216.67,37930,10,10,10,0,0,0,0,0,0,1022975,1788927,4448255,1113690.11,500
1790619723,0,38430,0,258.36,500.15,950783,1406975,2230271,3065855,4077567,316160,52068351,1667400.92,1472580.50,38430,10,10,10,0,0,0,0,0,0,937983,1513471,3362815,986583.55,500
1790619724,0,38930,0,259.97,499.91,945663,1398783,2217983,3063807,4067327,316160,52068351,1658943.69,1465817.65,38930,10,10,10,0,0,0,0,0,0,974335,1534975,2308095,1008921.34,500
1790619725,0,39430,0,261.56,499.96,941055,1391615,2207743,3061759,4079615,316160,52068351,1656590.64,1494512.56,39430,10,10,10,0,0,0,0,0,0,997375,2682879,21905407,1473382.14,500
1790619726,0,39930,0,263.13,500.14,936959,1383423,2193407,3057663,4067327,316160,52068351,1648421.75,1487567.69,39930,10,10,10,0,0,0,0,0,0,995839,1586175,2189311,1004222.72,500
1790619727,0,40430,0,264.68,500.16,931839,1375231,2181119,3055615,4052991,316160,52068351,1640415.09,1480826.01,40430,10,10,10,0,0,0,0,0,0,982015,1548287,2267135,1001003.26,500
1790619728,0,40930,0,266.21,499.81,927231,1368063,2168831,3051519,4034559,316160,52068351,1632791.45,1474051.56,40930,10,10,10,0,0,0,0,0,0,992767,1603583,2254847,1016344.06,500
1790619729,0,41430,0,267.72,500.01,924159,1359871,2156543,3049471,4026367,316160,52068351,1625258.31,1467247.07,41430,10,10,10,0,0,0,0,0,0,999423,1539071,1976319,1008594.94,500
1790619730,0,41930,0,269.22,499.92,920063,1352703,2146303,3045375,4009983,316160,52068351,1618002.91,1460687.24,41930,10,10,10,0,0,0,0,0,0,993279,1584127,2654207,1016821.25,500
1790619731,0,42430,0,270.69,500.13,916991,1346559,2134015,3041279,4001791,316160,52068351,1611243.66,1454247.87,42430,10,10,10,0,0,0,0,0,0,1013247,1663999,2775039,1044412.16,500
1790619732,0,42930,0,272.14,499.79,913407,1340415,2119679,3037183,3993599,316160,52068351,1603959.16,1447779.03,42930,10,10,10,0,0,0,0,0,0,972287,1504255,1777663,985797.12,500
1790619733,0,43430,0,273.58,500.03,910335,1335295,2109439,3035135,3991551,316160,52068351,1598029.86,1441611.09,43430,10,10,10,0,0,0,0,0,0,1032191,1688575,3301375,1088939.78,500
1790619734,0,43930,0,274.99,499.97,905727,1330175,2095103,3031039,3981311,316160,52068351,1591175.14,1435332.23,43930,10,10,10,0,0,0,0,0,0,986623,1623039,1848319,995773.95,500
1790619735,0,44430,0,276.40,500.25,902655,1325055,2082815,3028991,3975167,316160,52068351,1585424.14,1429363.41,44430,10,10,10,0,0,0,0,0,0,1040895,1602559,3653631,1080142.08,500
1790619736,0,44930,0,277.78,500.14,900095,1319935,2072575,3026943,3958783,316160,52068351,1579016.97,1423167.04,44930,10,10,10,0,0,0,0,0,0,1006079,1545215,1721343,1009675.26,500
1790619737,0,45430,0,279.14,499.65,897023,1313791,2060287,3024895,3950591,316160,52068351,1573037.98,1417430.32,45430,10,10,10,0,0,0,0,0,0,993791,1566719,3375103,1035766.53,500
1790619738,0,45930,0,280.49,500.10,892927,1309695,2049023,3020799,3932159,316160,52068351,1566653.60,1411457.49,45930,10,10,10,0,0,0,0,0,0,981503,1517567,1715199,986568.70,500
1790619739,0,46430,0,281.82,500.23,890367,1302527,2037759,3018751,3926015,316160,52068351,1560360.81,1405633.96,46430,10,10,10,0,0,0,0,0,0,1002495,1511423,1608703,982305.02,500
1790619740,0,46930,0,283.14,500.06,886783,1297407,2025471,3016703,3917823,316160,52068351,1553934.44,1399935.08,46930,10,10,10,0,0,0,0,0,0,938495,1486847,1617919,957181.70,500
1790619741,0,47430,0,284.44,499.58,884735,1293311,2015231,3012607,3909631,316160,52068351,1548664.34,1394208.08,47430,10,10,10,0,0,0,0,0,0,1009151,1654783,2603007,1054012.42,500
1790619742,0,47930,0,285.73,500.06,881151,1289215,2002943,3008511,3895295,316160,52068351,1542759.55,1388555.50,47930,10,10,10,0,0,0,0,0,0,965119,1529855,1638399,982631.68,500
1790619743,0,48430,0,287.00,500.14,879615,1285119,1991679,3004415,3880959,316160,52068351,1537404.80,1382822.40,48430,10,10,10,0,0,0,0,0,0,1010175,1575935,1774591,1024098.56,500
1790619744,0,48930,0,288.25,500.20,877567,1281023,1981439,3002367,3866623,316160,52068351,1532365.34,1377226.20,48930,10,10,10,0,0,0,0,0,0,1023999,1571839,2344959,1044242.94,500
1790619745,0,49430,0,289.49,499.66,875519,1276927,1969151,3000319,3848191,316160,52068351,1527052.98,1371771.66,49430,10,10,10,0,0,0,0,0,0,991743,1580031,1950719,1007185.66,500
1790619746,0,49930,0,290.72,500.27,873471,1272831,1957887,2996223,3844095,316160,52068351,1522149.57,1366463.39,49930,10,10,10,0,0,0,0,0,0,1012223,1582079,2869247,1037398.53,500
1790619747,0,50430,0,291.93,499.82,870399,1268735,1946623,2994175,3831807,316160,52068351,1516725.15,1361174.84,50430,10,10,10,0,0,0,0,0,0,994303,1509375,1600511,975041.79,500
1790619748,0,50930,0,293.12,499.90,868863,1265663,1934335,2992127,3833855,316160,52068351,1512586.04,1356487.59,50930,10,10,10,0,0,0,0,0,0,1002495,1712127,4165631,1095115.78,500
1790619749,0,51430,0,294.31,500.10,866815,1261567,1924095,2990079,3821567,316160,52068351,1507818.88,1351198.54,51430,10,10,10,0,0,0,0,0,0,1006079,1572863,1923071,1022235.65,500
1790619750,0,51930,0,295.48,500.21,864767,1257471,1910783,2985983,3811327,316160,52068351,1502749.89,1346064.92,51930,10,10,10,0,0,0,0,0,0,968703,1514495,1647615,981353.73,500
1790619751,0,52430,0,296.64,499.64,862719,1254399,1899519,2981887,3790847,316160,52068351,1498170.84,1340969.19,52430,10,10,10,0,0,0,0,0,0,994303,1598463,2179071,1022590.72,500
1790619752,0,52930,0,297.78,500.35,860671,1251327,1887231,2979839,3778559,316160,52068351,1493769.29,1335925.40,52930,10,10,10,0,0,0,0,0,0,1006079,1633279,2026495,1032222.46,500
1790619753,0,53430,0,298.91,499.87,859135,1248255,1876991,2977791,3768319,316160,52068351,1489298.17,1331008.35,53430,10,10,10,0,0,0,0,0,0,1015295,1572863,2191359,1015986.18,500
1790619754,0,53930,0,300.03,500.08,856575,1244159,1863679,2973695,3764223,316160,52068351,1484501.34,1326143.09,53930,10,10,10,0,0,0,0,0,0,972799,1520639,1625087,971911.94,500
1790619755,0,54220,0,299.98,290.01,857087,1244159,1862655,2973695,3760127,316160,52068351,1483903.38,1323474.43,54220,10,10,10,0,0,0,0,0,0,1219583,2578431,3211263,1372702.90,290
1790619756,0,54420,0,299.43,200.04,858111,1246207,1865727,2971647,3758079,316160,52068351,1484673.16,1321637.59,54420,10,10,10,0,0,0,0,0,0,1739775,2609151,2750463,1693360.64,200
1790619757,0,54620,0,298.88,199.99,858623,1247231,1871871,2973695,3764223,316160,52068351,1486249.21,1320381.17,54620,10,10,10,0,0,0,0,0,0,1901567,3239935,3817471,1915091.20,200
1790619758,0,54820,0,298.34,199.94,859647,1248255,1878015,2973695,3760127,316160,52068351,1487883.85,1319031.38,54820,10,10,10,0,0,0,0,0,0,1936383,3104767,3352575,1934306.56,200
1790619759,0,55020,0,297.81,199.93,860671,1250303,1882111,2975743,3760127,316160,52068351,1489599.10,1317836.09,55020,10,10,10,0,0,0,0,0,0,1889279,3166207,3725311,1959749.12,200
1790619760,0,55220,0,297.28,200.00,861183,1251327,1886207,2977791,3760127,316160,52068351,1491418.19,1316765.60,55220,10,10,10,0,0,0,0,0,0,1902591,3424255,3811327,1991849.60,200
1790619761,0,55420,0,296.76,200.09,862207,1253375,1892351,2979839,3764223,316160,52068351,1493340.08,1315660.38,55420,10,10,10,0,0,0,0,0,0,2020351,3272703,3878911,2023971.84,200
1790619762,0,55620,0,296.25,200.07,863231,1254399,1897471,2981887,3764223,316160,52068351,1495243.07,1314580.55,55620,10,10,10,0,0,0,0,0,0,2042879,3244031,3786751,2022562.56,200
1790619763,0,55820,0,295.74,199.98,864255,1256447,1903615,2983935,3766271,316160,52068351,1497051.75,1313548.25,55820,10,10,10,0,0,0,0,0,0,1967103,3280895,3944447,2000044.80,200
1790619764,0,56020,0,295.23,199.98,865279,1257471,1910783,2985983,3768319,316160,52068351,1499251.34,1312695.25,56020,10,10,10,0,0,0,0,0,0,2144255,3354623,4579327,2113158.40,200
1790619765,0,56220,0,294.73,199.93,866303,1258495,1915903,2988031,3770367,316160,52068351,1501019.59,1311585.23,56220,10,10,10,0,0,0,0,0,0,2011135,3205119,3997695,1996305.92,200
1790619766,0,56420,0,294.24,200.12,866815,1260543,1921023,2990079,3768319,316160,52068351,1502882.73,1310504.01,56420,10,10,10,0,0,0,0,0,0,2050047,3168255,3663871,2026612.48,200
1790619767,0,56620,0,293.75,199.84,867839,1261567,1925119,2990079,3766271,316160,52068351,1504475.56,1309174.88,56620,10,10,10,0,0,0,0,0,0,2022399,3102719,3391487,1953811.20,200
1790619768,0,56820,0,293.27,200.12,868863,1263615,1930239,2994175,3778559,316160,52068351,1506686.18,1308863.81,56820,10,10,10,0,0,0,0,0,0,2081791,3913727,5750783,2132514.56,200
1790619769,0,57020,0,292.79,199.95,869375,1265663,1934335,2994175,3784703,316160,52068351,1508167.75,1307583.37,57020,10,10,10,0,0,0,0,0,0,1898495,3053567,3807231,1929080.32,200
1790619770,0,57220,0,292.31,200.06,870399,1266687,1939455,2996223,3774463,316160,52068351,1509560.66,1306197.09,57220,10,10,10,0,0,0,0,0,0,1839103,3082239,3260415,1906680.32,200
1790619771,0,57420,0,291.85,199.94,871423,1268735,1943551,2996223,3788799,316160,52068351,1511353.45,1305440.77,57420,10,10,10,0,0,0,0,0,0,1859583,3543039,4714495,2024268.80,200
1790619772,0,57620,0,291.38,199.99,872447,1269759,1948671,2998271,3788799,316160,52068351,1512908.84,1304232.38,57620,10,10,10,0,0,0,0,0,0,2018303,3076095,3602431,1959463.68,200
1790619773,0,57820,0,290.92,200.01,873471,1271807,1952767,2998271,3786751,316160,52068351,1514355.47,1302869.17,57820,10,10,10,0,0,0,0,0,0,1961983,3028991,3123199,1931129.60,200
1790619774,0,58020,0,290.47,199.96,874495,1272831,1956863,2998271,3784703,316160,52068351,1515713.22,1301533.10,58020,10,10,10,0,0,0,0,0,0,1890303,3088383,3452927,1908236.80,200
1790619775,0,58220,0,290.02,200.13,875519,1274879,1960959,3000319,3788799,316160,52068351,1517683.77,1300797.53,58220,10,10,10,0,0,0,0,0,0,1978367,3393535,4739071,2089340.16,200
1790619776,0,58420,0,289.57,199.82,876543,1275903,1965055,3002367,3788799,316160,52068351,1519050.63,1299550.55,58420,10,10,10,0,0,0,0,0,0,1886207,3121151,3258367,1916943.36,200
1790619777,0,58620,0,289.13,200.03,877055,1277951,1968127,3002367,3786751,316160,52068351,1520377.46,1298207.94,58620,10,10,10,0,0,0,0,0,0,1868799,3137535,3307519,1907944.96,200
1790619778,0,58820,0,288.69,199.96,878079,1278975,1973247,3004415,3790847,316160,52068351,1522146.24,1297322.08,58820,10,10,10,0,0,0,0,0,0,2057215,3278847,4370431,2040576.00,200
1790619779,0,59020,0,288.26,200.07,878591,1281023,1978367,3004415,3790847,316160,52068351,1523773.05,1296120.14,59020,10,10,10,0,0,0,0,0,0,2111487,3010559,3821567,2002218.24,200
1790619780,0,59220,0,287.83,200.05,879615,1282047,1982463,3006463,3807231,316160,52068351,1525189.84,1295139.54,59220,10,10,10,0,0,0,0,0,0,1878015,3211263,4292607,1943283.20,200
1790619781,0,59420,0,287.40,199.99,880639,1283071,1987583,3006463,3817471,316160,52068351,1526989.10,1294303.94,59420,10,10,10,0,0,0,0,0,0,2088959,3330047,4653055,2059751.68,200
1790619782,0,59620,0,286.98,199.98,881151,1284095,1990655,3006463,3811327,316160,52068351,1528112.17,1292947.23,59620,10,10,10,0,0,0,0,0,0,1843199,3059711,3215359,1861776.64,200
1790619783,0,59820,0,286.57,199.96,882175,1286143,1992703,3008511,3821567,316160,52068351,1530299.55,1294833.25,59820,10,10,10,0,0,0,0,0,0,1876991,3710975,10903551,2182355.20,200
1790619784,0,60020,0,286.15,200.02,883199,1287167,1995775,3008511,3821567,316160,52068351,1531626.35,1293625.66,60020,10,10,10,0,0,0,0,0,0,1907711,3141631,3325951,1928472.96,200
1790619785,0,60220,0,285.74,200.03,884223,1289215,1998847,3010559,3833855,316160,52068351,1533548.30,1293928.62,60220,10,10,10,0,0,0,0,0,0,1945599,3805183,6930431,2110325.76,200
1790619786,0,60420,0,285.34,199.93,885247,1290239,2002943,3012607,3833855,316160,52068351,1535133.67,1293147.88,60420,10,10,10,0,0,0,0,0,0,1986559,3123199,3555327,2012488.96,200
1790619787,0,60620,0,284.94,200.01,886271,1291263,2004991,3012607,3831807,316160,52068351,1536408.78,1291868.37,60620,10,10,10,0,0,0,0,0,0,1917951,3174399,3282943,1921620.48,200
1790619788,0,60820,0,284.54,200.05,886783,1292287,2008063,3012607,3821567,316160,52068351,1537612.76,1290630.82,60820,10,10,10,0,0,0,0,0,0,1990655,3002367,3217407,1902538.24,200
1790619789,0,61020,0,284.15,200.00,887807,1294335,2011135,3012607,3821567,316160,52068351,1538700.52,1289421.83,61020,10,10,10,0,0,0,0,0,0,1875967,3184639,3606527,1869488.64,200
1790619790,0,61220,0,283.76,199.98,888319,1295359,2014207,3014655,3821567,316160,52068351,1539910.33,1288102.59,61220,10,10,10,0,0,0,0,0,0,1871871,3086335,3311615,1909022.72,200
1790619791,0,61420,0,283.37,199.93,889343,1296383,2017279,3014655,3819519,316160,52068351,1541113.79,1286842.89,61420,10,10,10,0,0,0,0,0,0,1839103,3069951,3330047,1909493.76,200
1790619792,0,61620,0,282.99,200.20,890367,1298431,2020351,3016703,3821567,316160,52068351,1542471.86,1285837.39,61620,10,10,10,0,0,0,0,0,0,1900543,3307519,4057087,1959534.08,200
1790619793,0,61820,0,282.61,199.82,890879,1299455,2023423,3016703,3819519,316160,52068351,1543616.51,1284619.10,61820,10,10,10,0,0,0,0,0,0,1888255,3006463,3315711,1896284.16,200
1790619794,0,62020,0,282.23,200.15,891903,1300479,2025471,3016703,3817471,316160,52068351,1544869.10,1283485.72,62020,10,10,10,0,0,0,0,0,0,1883135,3125247,3627007,1932043.52,200
1790619795,0,62220,0,281.86,199.96,892415,1301503,2028543,3018751,3817471,316160,52068351,1546088.15,1282423.47,62220,10,10,10,0,0,0,0,0,0,1844223,3307519,3919871,1924117.76,200
1790619796,0,62420,0,281.49,200.04,893439,1302527,2030591,3018751,3811327,316160,52068351,1547403.13,1281415.93,62420,10,10,10,0,0,0,0,0,0,1955839,3239935,3557375,1956492.80,200
1790619797,0,62620,0,281.12,199.96,893439,1303551,2032639,3020799,3807231,316160,52068351,1548352.68,1280201.37,62620,10,10,10,0,0,0,0,0,0,1833983,3088383,3233791,1844705.28,200
1790619798,0,62820,0,280.76,200.05,894463,1305599,2035711,3020799,3807231,316160,52068351,1549784.54,1279214.42,62820,10,10,10,0,0,0,0,0,0,1966079,3178495,3762175,1998100.48,200
1790619799,0,63020,0,280.40,199.91,895487,1306623,2039807,3020799,3803135,316160,52068351,1551026.34,1278079.71,63020,10,10,10,0,0,0,0,0,0,1940479,3110911,3315711,1941076.48,200
1790619800,0,63220,0,280.05,200.10,895999,1308671,2043903,3022847,3799039,316160,52068351,1552372.68,1277025.81,63220,10,10,10,0,0,0,0,0,0,2034687,3207167,3313663,1976605.44,200
1790619801,0,63420,0,279.69,199.96,897535,1309695,2047999,3024895,3803135,316160,52068351,1554119.15,1276162.81,63420,10,10,10,0,0,0,0,0,0,2089983,3301375,3848191,2106176.00,200
1790619802,0,63620,0,279.34,199.88,898047,1310719,2051071,3024895,3817471,316160,52068351,1555663.96,1275423.75,63620,10,10,10,0,0,0,0,0,0,2022399,3375103,4579327,2045525.76,200
1790619803,0,63820,0,279.00,200.04,898559,1312767,2053119,3026943,3811327,316160,52068351,1556992.80,1274376.24,63820,10,10,10,0,0,0,0,0,0,1993727,3162111,3588095,1979696.64,200
1790619804,0,64020,0,278.65,200.13,899583,1313791,2056191,3028991,3827711,316160,52068351,1558898.55,1274237.50,64020,10,10,10,0,0,0,0,0,0,2103295,4198399,5873663,2167022.72,200
1790619805,0,64220,0,278.31,200.00,900607,1314815,2059263,3028991,3825663,316160,52068351,1560155.87,1273130.71,64220,10,10,10,0,0,0,0,0,0,1965055,3000319,3483647,1962622.72,200
1790619806,0,64420,0,277.97,199.86,901631,1315839,2061311,3031039,3827711,316160,52068351,1561451.43,1272166.70,64420,10,10,10,0,0,0,0,0,0,1883135,3256319,3852287,1977455.36,200
1790619807,0,64620,0,277.64,199.97,902143,1316863,2064383,3031039,3821567,316160,52068351,1562762.51,1271185.85,64620,10,10,10,0,0,0,0,0,0,1950719,3182591,3297279,1985061.12,200
1790619808,0,64820,0,277.31,200.04,903167,1318911,2066431,3031039,3821567,316160,52068351,1563827.53,1269978.06,64820,10,10,10,0,0,0,0,0,0,1826815,2996223,3172351,1907937.28,200
1790619809,0,65020,0,276.98,200.04,904191,1319935,2071551,3033087,3825663,316160,52068351,1565805.95,1269459.65,65020,10,10,10,0,0,0,0,0,0,2314239,3620863,3977215,2207011.84,200
1790619810,0,65220,0,276.65,200.03,904703,1321983,2074623,3033087,3821567,316160,52068351,1567054.04,1268385.81,65220,10,10,10,0,0,0,0,0,0,1993727,3067903,3205119,1972806.40,200
1790619811,0,65420,0,276.33,200.03,905727,1323007,2076671,3033087,3821567,316160,52068351,1568041.98,1267255.68,65420,10,10,10,0,0,0,0,0,0,1912831,3139583,3346431,1890210.56,200
1790619812,0,65620,0,276.01,200.04,906751,1324031,2079743,3035135,3819519,316160,52068351,1569443.51,1266321.88,65620,10,10,10,0,0,0,0,0,0,2044927,3262463,3500031,2027883.52,200
1790619813,0,65820,0,275.69,199.82,907263,1325055,2081791,3035135,3817471,316160,52068351,1570630.61,1265341.13,65820,10,10,10,0,0,0,0,0,0,1964031,3166207,3371007,1960117.76,200
1790619814,0,66020,0,275.37,200.07,908287,1326079,2084863,3037183,3819519,316160,52068351,1571840.99,1264606.67,66020,10,10,10,0,0,0,0,0,0,1935359,3162111,5165055,1970178.56,200
1790619815,0,66822,0,277.56,802.05,913407,1336319,2125823,3104767,9084927,316160,52068351,1753669.28,2345813.35,66822,10,10,10,0,0,0,0,0,0,17334271,32587775,35356671,16721628.89,802
1790619816,0,67840,0,280.62,1017.62,919551,1347583,2168831,3174399,11993087,316160,52068351,1808529.61,2419920.80,67840,10,10,10,0,0,0,0,0,0,4134911,14057471,18841599,5409587.17,1018
1790619817,0,68840,0,283.59,1000.06,925183,1359871,2203647,3252223,13041663,316160,52068351,1853836.97,2478491.56,68840,10,10,10,0,0,0,0,0,0,3340287,13688831,18694143,4927488.90,1000
1790619818,0,69830,0,286.48,990.06,930815,1371135,2226175,3307519,13647871,316160,52068351,1881137.41,2507747.80,69830,10,10,10,0,0,0,0,0,0,2377727,12754943,15892479,3779482.89,990
1790619819,0,70832,0,289.41,1002.40,936447,1383423,2256895,3393535,13549567,316160,52068351,1906845.07,2518553.38,70832,10,10,10,0,0,0,0,0,0,2662399,9248767,12640255,3698427.78,1002
1790619820,0,71825,0,292.27,993.34,942591,1394687,2279423,3483647,13647871,316160,52068351,1924593.50,2521706.49,71825,10,10,10,0,0,0,0,0,0,2529279,7176191,15450111,3190612.69,993
1790619821,0,72830,0,295.16,1004.82,948223,1404927,2303999,3657727,13697023,316160,52068351,1953174.88,2542394.33,72830,10,10,10,0,0,0,0,0,0,2828287,9658367,16621567,3995819.05,1005
1790619822,0,73840,0,298.04,1009.19,954879,1417215,2324479,3737599,13647871,316160,52068351,1964758.76,2532021.45,73840,10,10,10,0,0,0,0,0,0,2504703,5521407,8142847,2800059.69,1010
1790619823,0,74840,0,300.87,1000.20,961023,1428479,2347007,3985407,13737983,316160,52068351,1997240.60,2558262.19,74840,10,10,10,0,0,0,0,0,0,3012607,10756095,16056319,4395699.97,1000
1790619824,0,75840,0,303.67,1000.42,966143,1439743,2367487,4085759,13672447,316160,52068351,2014089.79,2559911.59,75840,10,10,10,0,0,0,0,0,0,2586623,9052159,12337151,3275082.88,1000
1790619825,0,76830,0,306.40,989.37,971775,1451007,2394111,4333567,13697023,316160,52068351,2040488.58,2570361.92,76830,10,10,10,0,0,0,0,0,0,3440639,9076735,13967359,4062796.15,990
1790619826,0,77840,0,309.20,1010.19,976895,1462271,2406399,4374527,13672447,316160,52068351,2051277.95,2566368.26,77840,10,10,10,0,0,0,0,0,0,2357247,6393855,11984895,2872017.49,1010
1790619827,0,78840,0,311.93,1000.30,983039,1473535,2420735,4476927,13549567,316160,52068351,2065082.83,2562027.27,78840,10,10,10,0,0,0,0,0,0,2541567,7426047,10215423,3139654.66,1000
1790619828,0,79840,0,314.64,999.88,989695,1484799,2435071,4579327,13508607,316160,52068351,2079712.96,2562690.89,79840,10,10,10,0,0,0,0,0,0,2443263,8413183,12754943,3233152.77,1000
1790619829,0,80840,0,317.33,999.92,994815,1497087,2453503,4857855,13639679,316160,52068351,2107212.80,2581853.63,80840,10,10,10,0,0,0,0,0,0,3094527,11329535,14090239,4302799.74,1000
1790619830,0,81840,0,320.00,1000.14,999423,1508351,2463743,4939775,13565951,316160,52068351,2119070.16,2580843.57,81840,10,10,10,0,0,0,0,0,0,2390015,8159231,12935167,3077618.82,1000
1790619831,0,82840,0,322.65,999.91,1004543,1519615,2471935,4997119,13639679,316160,52068351,2129914.05,2581463.74,82840,10,10,10,0,0,0,0,0,0,2246655,8355839,15024127,3017378.18,1000
1790619832,0,83840,0,325.28,1000.26,1010175,1529855,2473983,4976639,13492223,316160,52068351,2131923.88,2568925.41,83840,10,10,10,0,0,0,0,0,0,2091007,3768319,7880703,2298418.30,1000
1790619833,0,84840,0,327.89,999.71,1015295,1540095,2478079,4997119,13484031,316160,52068351,2138021.25,2564229.23,84840,10,10,10,0,0,0,0,0,0,2127871,7172095,12517375,2649224.83,1000
1790619834,0,85840,0,330.47,1000.33,1018367,1544191,2473983,4947967,13369343,316160,52068351,2134404.60,2550565.57,85840,10,10,10,0,0,0,0,0,0,1711103,3082239,3825663,1827568.00,1000
1790619835,0,86840,0,333.04,1000.14,1022975,1550335,2473983,4923391,13303807,316160,52068351,2133834.68,2538098.92,86840,10,10,10,0,0,0,0,0,0,1921023,3856383,6668287,2084912.90,1000
1790619836,0,87840,0,335.59,999.40,1026559,1557503,2473983,4890623,13197311,316160,52068351,2133042.46,2525647.26,87840,10,10,10,0,0,0,0,0,0,1954815,3633151,5644287,2064245.50,1000
1790619837,0,88831,0,338.08,991.60,1031167,1564671,2471935,4866047,13099007,316160,52068351,2132343.36,2512994.39,88831,10,10,10,0,0,0,0,0,0,1990655,3268607,5165055,2070377.40,991
1790619838,0,89836,0,340.61,1004.59,1035263,1570815,2469887,4833279,12992511,316160,52068351,2130568.21,2500117.48,89836,10,10,10,0,0,0,0,0,0,1891327,3188735,4186111,1973664.22,1005
1790619839,0,90840,0,343.12,1003.88,1039871,1580031,2471935,4849663,12926975,316160,52068351,2134119.64,2491836.64,90840,10,10,10,0,0,0,0,0,0,2078719,5877759,8953855,2451894.44,1004
1790619840,0,91840,0,345.59,1000.18,1044479,1589247,2473983,4841471,12869631,316160,52068351,2135682.99,2480958.14,91840,10,10,10,0,0,0,0,0,0,2060287,4198399,6942719,2277697.54,1000
1790619841,0,92840,0,348.04,999.83,1049599,1596415,2471935,4829183,12820479,316160,52068351,2136235.82,2470110.07,92840,10,10,10,0,0,0,0,0,0,1986559,3575807,6918143,2187007.74,1000
1790619842,0,93840,0,350.48,1000.46,1053695,1603583,2473983,4870143,12779519,316160,52068351,2142138.32,2467487.92,93840,10,10,10,0,0,0,0,0,0,2024447,7249919,11108351,2690126.72,1000
1790619843,0,94840,0,352.90,999.86,1057791,1609727,2471935,4866047,12697599,316160,52068351,2142275.60,2457986.48,94840,10,10,10,0,0,0,0,0,0,1929215,4020223,8560639,2155157.63,1000
1790619844,0,95840,0,355.29,999.50,1061887,1614847,2471935,4861951,12640255,316160,52068351,2142056.58,2448798.19,95840,10,10,10,0,0,0,0,0,0,1832959,4395007,7860223,2121285.50,1000
1790619845,0,96840,0,357.68,1000.13,1067007,1623039,2476031,4882431,12787711,316160,52068351,2151361.12,2472362.38,96840,10,10,10,0,0,0,0,0,0,2125823,6488063,24150015,3043108.35,1000
1790619846,0,97840,0,360.04,1000.01,1072127,1629183,2476031,4870143,12722175,316160,52068351,2152213.45,2462569.45,97840,10,10,10,0,0,0,0,0,0,2013183,4177919,7389183,2234752.38,1000
1790619847,0,98840,0,362.39,1000.01,1076223,1636351,2476031,4853759,12640255,316160,52068351,2152143.54,2451496.38,98840,10,10,10,0,0,0,0,0,0,2052095,3637247,5296127,2145304.06,1000
1790619848,0,99840,0,364.71,999.91,1080319,1644543,2484223,4968447,12673023,293632,52068351,2164852.77,2457897.54,99840,10,10,10,0,0,0,0,0,0,2373631,9322495,13385727,3421032.70,1000
1790619849,0,100840,0,367.03,1000.88,1085439,1653759,2492415,5033983,12681215,293632,52068351,2174940.77,2459222.32,100840,10,10,10,0,0,0,0,0,0,2420735,7979007,12705791,3182126.59,1000
1790619850,0,101840,0,369.32,999.70,1090559,1665023,2504703,5189631,13123583,293632,52068351,2198516.43,2492300.94,101840,10,10,10,0,0,0,0,0,0,2719743,14491647,17661951,4575885.95,1000
1790619851,0,102840,0,371.60,999.39,1094655,1670143,2506751,5222399,13041663,293632,52068351,2202339.16,2487358.76,102840,10,10,10,0,0,0,0,0,0,2040831,6942719,10199039,2591645.70,1000
1790619852,0,103840,0,373.86,1000.14,1097727,1676287,2506751,5222399,12976127,293632,52068351,2204605.31,2481278.63,103840,10,10,10,0,0,0,0,0,0,2034687,5189631,11304959,2437656.83,1000
1790619853,0,104840,0,376.11,999.76,1101823,1681407,2504703,5193727,12926975,293632,52068351,2203006.07,2470907.73,104840,10,10,10,0,0,0,0,0,0,1964031,3248127,5230591,2036940.93,1000
1790619854,0,105840,0,378.34,1000.85,1105919,1687551,2504703,5185535,12869631,293632,52068351,2203648.61,2462378.30,105840,10,10,10,0,0,0,0,0,0,1984511,4542463,7909375,2271012.22,1000
1790619855,0,106840,0,380.55,999.15,1110015,1690623,2502655,5160959,12828671,293632,52068351,2201544.55,2452125.30,106840,10,10,10,0,0,0,0,0,0,1855487,3311615,4808703,1978850.69,1000
1790619856,0,107840,0,382.75,1000.36,1113087,1694719,2502655,5148671,12779519,293632,52068351,2201142.34,2443273.73,107840,10,10,10,0,0,0,0,0,0,1888255,4243455,7368703,2158170.75,1000
1790619857,0,108840,0,384.94,999.74,1117183,1698815,2498559,5119999,12722175,293632,52068351,2199590.86,2433541.45,108840,10,10,10,0,0,0,0,0,0,1927167,3209215,6074367,2032278.78,1000
1790619858,0,109840,0,387.10,1000.03,1121279,1704959,2502655,5148671,12722175,293632,52068351,2203982.44,2431111.46,109840,10,10,10,0,0,0,0,0,0,2134015,6987775,12689407,2681961.98,1000
1790619859,0,110840,0,389.26,999.93,1124351,1710079,2500607,5111807,12673023,274432,52068351,2202660.20,2421241.02,110840,10,10,10,0,0,0,0,0,0,1974271,3330047,4653055,2057426.05,1000
1790619860,0,111830,0,391.36,990.44,1128447,1714175,2500607,5107711,12640255,274432,52068351,2202973.63,2413584.23,111830,10,10,10,0,0,0,0,0,0,1968127,4358143,8421375,2238065.26,990
1790619861,0,112834,0,393.50,1004.43,1131519,1717247,2498559,5095423,12574719,274432,52068351,2201638.96,2404537.99,112834,10,10,10,0,0,0,0,0,0,1934335,3403775,6139903,2052977.47,1004
1790619862,0,113840,0,395.62,1006.06,1134591,1721343,2500607,5070847,12517375,274432,52068351,2200953.97,2395305.67,113840,10,10,10,0,0,0,0,0,0,1974271,3766271,5373951,2124124.50,1006
1790619863,0,114840,0,397.72,999.46,1138687,1725439,2498559,5070847,12484607,274432,52068351,2201261.88,2389167.32,114840,10,10,10,0,0,0,0,0,0,1928191,5103615,10444799,2236314.62,1000
1790619864,0,115840,0,399.80,1000.14,1141759,1727487,2496511,5054463,12427263,274432,52068351,2199407.79,2380323.46,115840,10,10,10,0,0,0,0,0,0,1857535,3411967,6193151,1986483.07,1000
1790619865,0,116840,0,401.86,1000.04,1144831,1731583,2496511,5042175,12386303,274432,52068351,2200052.88,2373826.35,116840,10,10,10,0,0,0,0,0,0,1949695,4460543,9215999,2274780.54,1000
1790619866,0,117840,0,403.91,999.77,1147903,1733631,2494463,5033983,12361727,274432,52068351,2198657.92,2365100.46,117840,10,10,10,0,0,0,0,0,0,1902591,3405823,5537791,2035671.17,1000
1790619867,0,118840,0,405.95,1000.33,1149951,1736703,2494463,5025791,12328959,274432,52068351,2198135.68,2358183.51,118840,10,10,10,0,0,0,0,0,0,1880063,4501503,7905279,2136594.94,1000
1790619868,0,119840,0,407.97,999.49,1153023,1737727,2492415,5005311,12271615,274432,52068351,2196319.29,2349478.14,119840,10,10,10,0,0,0,0,0,0,1895423,3323903,5115903,1980459.52,1000
1790619869,0,120840,0,409.98,1000.01,1156095,1741823,2492415,4997119,12238847,274432,52068351,2196803.31,2342502.74,120840,10,10,10,0,0,0,0,0,0,2033663,3960831,8454143,2254807.94,1000
1790619870,0,121840,0,411.97,1000.06,1159167,1743871,2490367,4980735,12197887,274432,52068351,2195113.74,2334338.15,121840,10,10,10,0,0,0,0,0,0,1876991,3364863,6082559,1990946.43,1000
1790619871,0,122840,0,413.95,999.93,1161215,1744895,2488319,4964351,12165119,274432,52068351,2193468.23,2326452.14,122840,10,10,10,0,0,0,0,0,0,1846271,3522559,6037503,1992978.94,1000
1790619872,0,123840,0,415.92,1000.77,1164287,1746943,2486271,4935679,12115967,274432,52068351,2191555.02,2318053.55,123840,10,10,10,0,0,0,0,0,0,1879039,3141631,4468735,1956535.94,1000
1790619873,0,124840,0,417.88,999.17,1167359,1750015,2486271,4923391,12083199,274432,52068351,2191354.59,2310815.08,124840,10,10,10,0,0,0,0,0,0,1959935,4345855,7180287,2166533.63,1000
1790619874,0,125840,0,419.82,1000.62,1170431,1752063,2484223,4898815,12034047,274432,52068351,2189738.06,2302868.96,125840,10,10,10,0,0,0,0,0,0,1860607,3307519,5324799,1987931.01,1000
1790619875,0,126260,0,419.82,419.68,1170431,1753087,2484223,4894719,12025855,274432,52068351,2189462.78,2299868.69,126260,10,10,10,0,0,0,0,0,0,1969151,3600383,6909951,2106983.92,420
1790619876,0,126460,0,419.09,200.13,1170431,1753087,2484223,4886527,12017663,274432,52068351,2189047.54,2298251.83,126460,10,10,10,0,0,0,0,0,0,1910783,3057663,3198975,1926905.60,200
1790619877,0,126660,0,418.37,199.96,1171455,1754111,2484223,4882431,11993087,274432,52068351,2188628.24,2296643.80,126660,10,10,10,0,0,0,0,0,0,1881087,3006463,3284991,1923500.80,200
1790619878,0,126860,0,417.65,200.10,1171455,1754111,2484223,4878335,11993087,274432,52068351,2188221.11,2295034.51,126860,10,10,10,0,0,0,0,0,0,1967103,3031039,3256319,1930385.92,200
1790619879,0,127060,0,416.93,199.86,1171455,1755135,2484223,4870143,11984895,274432,52068351,2187934.88,2293432.78,127060,10,10,10,0,0,0,0,0,0,1969151,3174399,3903487,2006382.08,200
1790619880,0,127260,0,416.22,199.97,1171455,1755135,2486271,4866047,11984895,274432,52068351,2187554.50,2291858.54,127260,10,10,10,0,0,0,0,0,0,1923071,3147775,3371007,1945895.68,200
1790619881,0,127460,0,415.52,200.06,1171455,1755135,2486271,4861951,11968511,274432,52068351,2187206.55,2290267.54,127460,10,10,10,0,0,0,0,0,0,1949695,3096575,3481599,1965807.36,200
1790619882,0,127660,0,414.82,200.05,1172479,1756159,2486271,4857855,11960319,274432,52068351,2186977.03,2288662.73,127660,10,10,10,0,0,0,0,0,0,2121727,3090431,3307519,2040706.56,200
1790619883,0,127860,0,414.12,200.02,1172479,1756159,2486271,4853759,11952127,274432,52068351,2186646.71,2287119.03,127860,10,10,10,0,0,0,0,0,0,1972223,3246079,4007935,1975799.04,200
1790619884,0,128060,0,413.43,199.88,1172479,1756159,2486271,4849663,11943935,274432,52068351,2186222.20,2285575.07,128060,10,10,10,0,0,0,0,0,0,1906687,3086335,3391487,1914833.92,200
1790619885,0,128260,0,412.75,200.07,1172479,1757183,2486271,4845567,11935743,274432,52068351,2185812.19,2284000.73,128260,10,10,10,0,0,0,0,0,0,1943551,3057663,3256319,1923281.92,200
1790619886,0,128460,0,412.06,199.94,1172479,1757183,2486271,4837375,11935743,274432,52068351,2185387.31,2282438.48,128460,10,10,10,0,0,0,0,0,0,1925119,3133439,3287039,1912915.20,200
1790619887,0,128660,0,411.39,200.08,1172479,1757183,2486271,4833279,11919359,274432,52068351,2184971.07,2280866.87,128660,10,10,10,0,0,0,0,0,0,1996799,3024895,3131391,1917621.76,200
1790619888,0,128860,0,410.71,200.06,1173503,1757183,2486271,4829183,11902975,274432,52068351,2184570.17,2279287.47,128860,10,10,10,0,0,0,0,0,0,1953791,3071999,3264511,1926668.80,200
1790619889,0,129060,0,410.04,200.02,1173503,1758207,2486271,4820991,11902975,274432,52068351,2184441.99,2277751.97,129060,10,10,10,0,0,0,0,0,0,2166783,3225599,3960831,2101858.56,200
1790619890,0,129260,0,409.38,199.92,1173503,1758207,2486271,4816895,11894783,274432,52068351,2184041.28,2276212.94,129260,10,10,10,0,0,0,0,0,0,1898495,3119103,3414015,1925463.04,200
1790619891,0,129460,0,408.72,200.00,1173503,1758207,2488319,4816895,11878399,274432,52068351,2183775.55,2274706.28,129460,10,10,10,0,0,0,0,0,0,1963007,3241983,4259839,2012032.00,200
1790619892,0,129660,0,408.06,199.92,1173503,1759231,2488319,4808703,11853823,274432,52068351,2183315.83,2273188.80,129660,10,10,10,0,0,0,0,0,0,1860607,3115007,3198975,1885739.52,200
1790619893,0,129860,0,407.41,200.06,1174527,1759231,2488319,4804607,11853823,274432,52068351,2182951.75,2271635.06,129860,10,10,10,0,0,0,0,0,0,1885183,3088383,3194879,1946914.56,200
1790619894,0,130060,0,406.76,199.94,1174527,1759231,2488319,4796415,11837439,274432,52068351,2182700.74,2270093.77,130060,10,10,10,0,0,0,0,0,0,2070527,3207167,3360767,2019719.68,200
1790619895,0,130260,0,406.11,200.00,1174527,1760255,2488319,4784127,11837439,274432,52068351,2182369.22,2268570.87,130260,10,10,10,0,0,0,0,0,0,1957887,3207167,3270655,1966786.56,200
1790619896,0,130460,0,405.47,200.03,1174527,1760255,2488319,4780031,11829247,274432,52068351,2182138.02,2267050.22,130460,10,10,10,0,0,0,0,0,0,1961983,3237887,3540991,2031557.12,200
1790619897,0,130660,0,404.84,200.00,1175551,1760255,2488319,4780031,11821055,274432,52068351,2181959.15,2265688.06,130660,10,10,10,0,0,0,0,0,0,1987583,3221503,6955007,2065282.56,200
1790619898,0,130860,0,404.20,200.09,1175551,1761279,2488319,4771839,11812863,274432,52068351,2181663.25,2264318.19,130860,10,10,10,0,0,0,0,0,0,1940479,3092479,3317759,1988353.28,200
1790619899,0,131060,0,403.57,199.84,1175551,1761279,2490367,4767743,11804671,274432,52068351,2181427.19,2262805.32,131060,10,10,10,0,0,0,0,0,0,1945599,3201023,3936255,2026967.04,200
1790619900,0,131260,0,402.95,199.99,1175551,1762303,2490367,4763647,11796479,274432,52068351,2181188.58,2261295.10,131260,10,10,10,0,0,0,0,0,0,2125823,3145727,3393535,2024828.16,200
1790619901,0,131460,0,402.33,200.09,1176575,1762303,2490367,4763647,11788287,274432,52068351,2181216.13,2260196.80,131460,10,10,10,0,0,0,0,0,0,2065407,3418111,6655999,2199299.84,200
1790619902,0,131660,0,401.71,200.06,1176575,1762303,2490367,4759551,11788287,274432,52068351,2180827.13,2258695.23,131660,10,10,10,0,0,0,0,0,0,1882111,3164159,3639295,1925135.36,200
1790619903,0,131860,0,401.10,199.96,1176575,1762303,2490367,4759551,11771903,274432,52068351,2180880.29,2257557.78,131860,10,10,10,0,0,0,0,0,0,2023423,4386815,7028735,2215874.56,200
1790619904,0,132060,0,400.49,200.06,1176575,1763327,2490367,4755455,11755519,274432,52068351,2180619.74,2256028.35,132060,10,10,10,0,0,0,0,0,0,2001919,3080191,3235839,2008839.68,200
1790619905,0,132260,0,399.88,199.97,1176575,1763327,2492415,4751359,11739135,274432,52068351,2180240.04,2254562.83,132260,10,10,10,0,0,0,0,0,0,1851391,3100671,3399679,1929523.20,200
1790619906,0,132460,0,399.28,200.02,1176575,1762303,2490367,4747263,11714559,274432,52068351,2179232.59,2253154.62,132460,10,10,10,0,0,0,0,0,0,1448959,2701311,3076095,1513008.64,200
1790619907,0,132660,0,398.68,199.85,1175551,1762303,2490367,4743167,11706367,274432,52068351,2178119.85,2251771.42,132660,10,10,10,0,0,0,0,0,0,1418239,2320383,2949119,1441150.08,200
1790619908,0,132860,0,398.08,200.05,1175551,1762303,2488319,4743167,11698175,274432,52068351,2177281.13,2250364.68,132860,10,10,10,0,0,0,0,0,0,1574911,2592767,3966975,1620963.20,200
1790619909,0,133060,0,397.49,200.06,1175551,1761279,2488319,4734975,11681791,274432,52068351,2176273.63,2248929.78,133060,10,10,10,0,0,0,0,0,0,1443839,2371583,2471935,1506986.88,200
1790619910,0,133260,0,396.90,199.92,1175551,1761279,2486271,4730879,11673599,274432,52068351,2175488.45,2247483.01,133260,10,10,10,0,0,0,0,0,0,1667071,2799615,3266559,1653112.96,200
1790619911,0,133460,0,396.32,199.98,1175551,1761279,2488319,4726783,11665407,274432,52068351,2175126.60,2246006.58,133460,10,10,10,0,0,0,0,0,0,1958911,3084287,3545087,1934023.68,200
1790619912,0,133660,0,395.74,200.04,1175551,1762303,2488319,4722687,11657215,274432,52068351,2174912.89,2244622.85,133660,10,10,10,0,0,0,0,0,0,2071551,3252223,5005311,2032302.08,200
1790619913,0,133860,0,395.16,200.04,1175551,1762303,2488319,4718591,11649023,274432,52068351,2174480.95,2243159.04,133860,10,10,10,0,0,0,0,0,0,1861631,3033087,3205119,1885813.76,200
1790619914,0,134060,0,394.59,200.10,1175551,1762303,2488319,4714495,11649023,274432,52068351,2174145.53,2241705.03,134060,10,10,10,0,0,0,0,0,0,1945599,3039231,3960831,1949652.48,200
1790619915,0,134260,0,394.02,199.97,1175551,1762303,2488319,4706303,11640831,274432,52068351,2173789.62,2240228.94,134260,10,10,10,0,0,0,0,0,0,1991679,3080191,3194879,1935221.76,200
1790619916,0,134460,0,393.45,199.89,1175551,1763327,2488319,4702207,11632639,274432,52068351,2173415.78,2238792.14,134460,10,10,10,0,0,0,0,0,0,1908735,3102719,3659775,1922455.04,200
1790619917,0,134660,0,392.88,200.14,1175551,1763327,2488319,4698111,11616255,274432,52068351,2172881.49,2237320.89,134660,10,10,10,0,0,0,0,0,0,1823743,2965503,3162111,1813681.92,200
1790619918,0,134860,0,392.32,199.94,1175551,1763327,2486271,4694015,11608063,274432,52068351,2172237.69,2235892.36,134860,10,10,10,0,0,0,0,0,0,1764351,2910207,3276799,1738767.36,200
1790619919,0,135060,0,391.76,200.05,1175551,1763327,2488319,4689919,11567103,274432,52068351,2171820.93,2234459.08,135060,10,10,10,0,0,0,0,0,0,1819647,3104767,3244031,1890795.52,200
1790619920,0,135260,0,391.21,199.84,1176575,1763327,2488319,4685823,11567103,274432,52068351,2171554.72,2233024.62,135260,10,10,10,0,0,0,0,0,0,2001919,3178495,3708927,1991783.68,200
1790619921,0,135460,0,390.66,200.13,1176575,1764351,2488319,4677631,11550719,274432,52068351,2171450.35,2231612.36,135460,10,10,10,0,0,0,0,0,0,2150399,3293183,4423679,2100867.84,200
1790619922,0,135660,0,390.11,200.03,1176575,1764351,2488319,4673535,11550719,274432,52068351,2171084.23,2230192.35,135660,10,10,10,0,0,0,0,0,0,1914879,3043327,3602431,1923111.68,200
1790619923,0,135860,0,389.56,199.97,1176575,1764351,2488319,4673535,11542527,274432,52068351,2170935.84,2228795.58,135860,10,10,10,0,0,0,0,0,0,2040831,3184639,5046271,2070279.68,200
1790619924,0,136060,0,389.02,199.96,1176575,1765375,2488319,4669439,11534335,274432,52068351,2170586.32,2227368.36,136060,10,10,10,0,0,0,0,0,0,1938431,3137535,3336191,1933159.68,200
1790619925,0,136260,0,388.48,200.01,1177599,1765375,2488319,4669439,11517951,274432,52068351,2170552.35,2226255.08,136260,10,10,10,0,0,0,0,0,0,1917951,3321855,7577599,2147441.28,200
1790619926,0,136460,0,387.95,200.00,1177599,1765375,2488319,4669439,11501567,274432,52068351,2170611.10,2225255.13,136460,10,10,10,0,0,0,0,0,0,2038783,5611519,6889471,2210636.80,200
1790619927,0,136660,0,387.42,200.08,1177599,1766399,2490367,4669439,11501567,274432,52068351,2170728.48,2224447.97,136660,10,10,10,0,0,0,0,0,0,1961983,4419583,9019391,2250822.40,200
1790619928,0,136860,0,386.88,199.82,1177599,1766399,2488319,4669439,11493375,274432,52068351,2170257.90,2223054.38,136860,10,10,10,0,0,0,0,0,0,1814527,2928639,3217407,1848707.84,200
1790619929,0,137060,0,386.36,200.03,1177599,1766399,2490367,4661247,11493375,274432,52068351,2169915.22,2221636.40,137060,10,10,10,0,0,0,0,0,0,1899519,3121151,3276799,1935421.44,200
1790619930,0,137260,0,385.83,200.06,1177599,1766399,2490367,4661247,11476991,274432,52068351,2170034.96,2220789.84,137260,10,10,10,0,0,0,0,0,0,2072575,3622911,8855551,2252089.60,200
1790619931,0,137460,0,385.31,199.98,1177599,1767423,2490367,4653055,11468799,274432,52068351,2169671.84,2219409.50,137460,10,10,10,0,0,0,0,0,0,1847295,3096575,4024319,1920464.00,200
1790619932,0,137660,0,384.80,200.04,1177599,1766399,2490367,4648959,11468799,274432,52068351,2169043.96,2217989.23,137660,10,10,10,0,0,0,0,0,0,1742847,2736127,2914303,1737502.72,200
1790619933,0,137860,0,384.28,199.97,1177599,1767423,2490367,4640767,11452415,274432,52068351,2168682.30,2216600.26,137860,10,10,10,0,0,0,0,0,0,1824767,3139583,3452927,1919749.12,200
1790619934,0,138060,0,383.77,200.08,1178623,1767423,2490367,4640767,11444223,274432,52068351,2168599.56,2215393.51,138060,10,10,10,0,0,0,0,0,0,2054143,3330047,6348799,2111569.92,200
1790619935,0,138939,0,385.14,879.06,1181695,1775615,2504703,5046271,17235967,274432,344457215,3236441.15,15600494.62,138939,10,10,10,0,0,0,0,0,0,175374335,325844991,340787199,170956815.73,879
1790619936,0,140046,0,387.14,1105.91,1185791,1786879,2527231,5713919,225968127,274432,790626303,7655376.37,53160565.79,140046,10,10,10,0,0,0,0,0,0,560988159,767557631,786431999,562273660.18,1107
1790619937,0,141164,0,389.15,1118.38,1190911,1798143,2547711,6590463,670564351,274432,1234173951,15621802.81,104293758.60,141164,10,10,10,0,0,0,0,0,0,1020788735,1201668095,1226833919,1013534287.69,1118
1790619938,0,142236,0,391.03,1072.55,1195007,1808383,2568191,7663615,1091567615,274432,1694498815,26470013.06,162573373.33,142236,10,10,10,0,0,0,0,0,0,1453326335,1668284415,1685061631,1454993102.33,1072
1790619939,0,143262,0,392.77,1026.13,1199103,1818623,2588671,9486335,1508900863,274432,2181038079,40170978.61,228930473.18,143262,10,10,10,0,0,0,0,0,0,1934622719,2160066559,2176843775,1939557465.82,1026
1790619940,0,144328,0,394.61,1065.55,1204223,1828863,2609151,13254655,2005925887,274432,2648702975,57761577.03,306180334.50,144328,10,10,10,0,0,0,0,0,0,2420113407,2625634303,2644508671,2421799392.30,1066
1790619941,0,145363,0,396.36,1035.33,1208319,1839103,2631679,33374207,2472542207,274432,3135242239,77980363.02,387581754.59,145363,10,10,10,0,0,0,0,0,0,2891972607,3112173567,3131047935,2897436347.49,1035
1790619942,0,146388,0,398.07,1024.89,1212415,1848319,2652159,388497407,2929721343,274432,3621781503,101071554.99,474268549.93,146388,10,10,10,0,0,0,0,0,0,3368026111,3605004287,3615490047,3375808080.42,1025
1790619943,0,147419,0,399.78,1031.18,1216511,1857535,2672639,789577727,3409969151,274432,4106223615,127368881.29,567172274.98,147419,10,10,10,0,0,0,0,0,0,3862953983,4085252095,4102029311,3861232122.54,1031
1790619944,0,148466,0,401.53,1046.23,1220607,1867775,2695167,1180696575,3894411263,274432,4584374271,157056957.16,666076059.12,148466,10,10,10,0,0,0,0,0,0,4345298943,4555014143,4580179967,4337177737.90,1047
1790619945,0,149520,0,403.29,1054.67,1225727,1879039,2719743,1606418431,4383047679,274432,5054136319,190007508.62,770453993.42,149520,10,10,10,0,0,0,0,0,0,4848615423,5033164799,5049942015,4831408431.12,1054
1790619946,0,150539,0,404.95,1019.21,1229823,1888255,2744319,2071986175,4865392639,274432,5544869887,224618449.03,874922283.87,150539,10,10,10,0,0,0,0,0,0,5318377471,5515509759,5540675583,5303154083.05,1019
1790619947,0,151580,0,406.65,1040.07,1233919,1898495,2768895,2527068159,5330960383,274432,6023020543,262805531.22,985512709.26,151580,10,10,10,0,0,0,0,0,0,5796528127,5985271807,6014631935,5785039119.49,1041
1790619948,0,152620,0,408.35,1039.93,1238015,1908735,2793471,2952790015,5809111039,274432,6505365503,303747510.78,1099576397.40,152620,10,10,10,0,0,0,0,0,0,6287261695,6480199679,6501171199,6271041031.88,1040
1790619949,0,153640,0,409.98,1020.41,1242111,1918975,2818047,3414163455,6287261695,274432,6996099071,346528717.33,1214505702.33,153640,10,10,10,0,0,0,0,0,0,6752829439,6966738943,6987710463,6747771602.82,1020
1790619950,0,154654,0,411.59,1014.39,1247231,1929215,2842623,3869245439,6748635135,274432,7491026943,391732665.05,1332332585.34,154654,10,10,10,0,0,0,0,0,0,7247757311,7465861119,7482638335,7240977761.45,1014
1790619951,0,155690,0,413.25,1036.13,1251327,1939455,2869247,4320133119,7243563007,274432,7973371903,440602984.73,1456007801.30,155690,10,10,10,0,0,0,0,0,0,7755268095,7944011775,7964983295,7735960532.51,1036
1790619952,0,156719,0,414.88,1028.34,1255423,1949695,2895871,4794089471,7742685183,274432,8455716863,491621327.86,1581136663.66,156719,10,10,10,0,0,0,0,0,0,8208252927,8434745343,8451522559,8210810678.98,1029
1790619953,0,157735,0,416.46,1016.25,1259519,1959935,2924543,5213519871,8183087103,274432,8950644735,544460795.39,1707248050.19,157735,10,10,10,0,0,0,0,0,0,8690597887,8925478911,8942256127,8695000668.72,1016
1790619954,0,158805,0,418.19,1070.25,1263615,1969151,2953215,5691670527,8682209279,274432,9412018175,602634165.20,1842297967.98,158805,10,10,10,0,0,0,0,0,0,9185525759,9395240959,9412018175,9178313125.08,1070
1790619955,0,159904,0,419.97,1099.09,1267711,1981439,2985983,6178209791,9202302975,274432,9865003007,664705415.23,1981810672.92,159904,10,10,10,0,0,0,0,0,0,9638510591,9831448575,9856614399,9633972805.42,1099
1790619956,0,160985,0,421.71,1080.97,1272831,1991679,3020799,6652166143,9646899199,274432,10326376447,727987470.92,2119831496.54,160985,10,10,10,0,0,0,0,0,0,10091495423,10301210623,10317987839,10088814328.66,1081
1790619957,0,162075,0,423.45,1089.29,1277951,2001919,3055615,7151288319,10099884031,274432,10779361279,794012152.18,2259956474.97,162075,10,10,10,0,0,0,0,0,0,10544480255,10754195455,10770972671,10545372988.59,1090
1790619958,0,163138,0,425.12,1063.79,1282047,2013183,3090431,7646216191,10536091647,274432,11249123327,860594456.54,2397950194.76,163138,10,10,10,0,0,0,0,0,0,11014242303,11223957503,11240734719,11012360193.93,1063
1790619959,0,164190,0,426.75,1051.15,1286143,2023423,3129343,8103395327,10997465087,274432,11727273983,928593498.11,2535839951.63,164190,10,10,10,0,0,0,0,0,0,11484004351,11693719551,11718885375,11473486696.15,1052
1790619960,0,165265,0,428.43,1075.63,1290239,2033663,3174399,8585740287,11450449919,274432,12180258815,1000207397.43,2678071366.62,165265,10,10,10,0,0,0,0,0,0,11936989183,12163481599,12180258815,11938147982.41,1075
1790619961,0,166332,0,430.08,1066.67,1295359,2043903,3225599,9068085247,11911823359,274432,12650020863,1073270563.68,2820104594.34,166332,10,10,10,0,0,0,0,0,0,12389974015,12616466431,12650020863,12389844295.26,1067
1790619962,0,167438,0,431.82,1106.16,1299455,2055167,3297279,9537847295,12373196799,274432,13103005695,1151214515.13,2968876505.85,167438,10,10,10,0,0,0,0,0,0,12876513279,13069451263,13086228479,12873251886.29,1106
1790619963,0,168548,0,433.57,1110.16,1303551,2066431,3385343,9957277695,12859736063,274432,13547601919,1231351115.82,3118491640.55,168548,10,10,10,0,0,0,0,0,0,13321109503,13522436095,13539213311,13319560256.58,1110
1790619964,0,169591,0,435.13,1042.95,1307647,2076671,3497983,10385096703,13279166463,274432,14025752575,1308637202.38,3260450734.39,169591,10,10,10,0,0,0,0,0,0,13790871551,14000586751,14017363967,13798009509.43,1043
1790619965,0,170698,0,436.85,1106.64,1311743,2087935,3653631,10812915711,13757317119,274432,14470348799,1392493678.93,3411597125.10,170698,10,10,10,0,0,0,0,0,0,14243856383,14445182975,14461960191,14239199835.11,1107
1790619966,0,171779,0,438.49,1081.47,1315839,2099199,3829759,11265900543,14201913343,274432,14923333631,1476212379.64,3559859561.25,171779,10,10,10,0,0,0,0,0,0,14705229823,14898167807,14914945023,14696022531.32,1081
1790619967,0,172893,0,440.21,1113.52,1319935,2111487,4065279,11760828415,14671675391,274432,15367929855,1564353691.60,3713357580.39,172893,10,10,10,0,0,0,0,0,0,15166603263,15351152639,15367929855,15155759820.98,1114
1790619968,0,174053,0,442.04,1160.30,1325055,2123775,4358143,12213813247,15158214655,274432,15795748863,1657676965.44,3872375859.72,174053,10,10,10,0,0,0,0,0,0,15569256447,15762194431,15787360255,15567108675.09,1160
1790619969,0,175127,0,443.64,1074.14,1329151,2134015,4710399,12666798079,15544090623,274432,16257122303,1745755137.90,4020033805.65,175127,10,10,10,0,0,0,0,0,0,16030629887,16240345087,16248733695,16019749691.59,1074
1790619970,0,176252,0,445.36,1124.86,1334271,2146303,5165055,13103005695,15988686847,274432,16693329919,1839786177.80,4175405953.42,176252,10,10,10,0,0,0,0,0,0,16483614719,16668164095,16676552703,16477451889.32,1125
1790619971,0,177348,0,447.00,1096.31,1338367,2158591,5689343,13522436095,16441671679,274432,17146314751,1932905162.11,4326755839.38,177348,10,10,10,0,0,0,0,0,0,16903045119,17121148927,17137926143,16907729269.72,1096
1790619972,0,178422,0,448.58,1074.12,1342463,2168831,6340607,13983809535,16852713471,274432,17616076799,2025832103.86,4475956916.30,178422,10,10,10,0,0,0,0,0,0,17381195775,17599299583,17616076799,17370717826.62,1074
1790619973,0,179511,0,450.19,1088.07,1346559,2181119,7114751,14411628543,17297309695,274432,18069061631,2121648982.15,4627845545.92,179511,10,10,10,0,0,0,0,0,0,17834180607,18035507199,18069061631,17820307437.19,1089
1790619974,0,180581,0,451.74,1070.75,1350655,2191359,8118271,14822670335,17750294527,274432,18538823679,2217453216.81,4778075743.94,180581,10,10,10,0,0,0,0,0,0,18303942655,18505269247,18522046463,18290270008.94,1070
1790619975,0,181672,0,453.33,1090.42,1354751,2203647,9846783,15267266559,18203279359,274432,18991808511,2316683300.92,4931816667.29,181672,10,10,10,0,0,0,0,0,0,18740150271,18958254079,18975031295,18741126764.41,1091
1790619976,0,182747,0,454.88,1075.47,1359871,2213887,12910591,15611199487,18656264191,274432,19444793343,2416073071.33,5084217053.11,182747,10,10,10,0,0,0,0,0,0,19226689535,19428016127,19444793343,19212666904.77,1075
1790619977,0,183811,0,456.39,1063.80,1363967,2226175,24035327,16039018495,19109249023,274432,19914555391,2515999896.69,5235912229.82,183811,10,10,10,0,0,0,0,0,0,19696451583,19897778175,19914555391,19678901733.05,1064
1790619978,0,184910,0,457.98,1099.03,1368063,2238463,236716031,16475226111,19595788287,274432,20367540223,2620698911.78,5393083775.44,184910,10,10,10,0,0,0,0,0,0,20132659199,20333985791,20350763007,20131918804.21,1099
1790619979,0,185988,0,459.52,1078.13,1373183,2250751,560463871,16869490687,20031995903,274432,20837302271,2724847684.39,5547744782.66,185988,10,10,10,0,0,0,0,0,0,20602421247,20803747839,20820525055,20589550415.32,1078
1790619980,0,187073,0,461.06,1084.51,1377279,2263039,897581055,17297309695,20468203519,274432,21290287103,2831145725.01,5704031067.42,187073,10,10,10,0,0,0,0,0,0,21072183295,21273509887,21273509887,21052491328.65,1085
1790619981,0,188158,0,462.59,1085.73,1381375,2273279,1207959551,17733517311,20954742783,274432,21743271935,2938842612.14,5860738371.32,188158,10,10,10,0,0,0,0,0,0,21508390911,21726494719,21743271935,21507671888.46,1085
1790619982,0,189274,0,464.19,1115.99,1385471,2285567,1568669695,18186502143,21441282047,274432,22196256767,3050992191.54,6022159423.87,189274,10,10,10,0,0,0,0,0,0,21961375743,22162702335,22179479551,21959451475.50,1116
1790619983,0,190345,0,465.68,1070.84,1389567,2297855,1940914175,18622709759,21860712447,274432,22649241599,3159856012.10,6177125924.39,190345,10,10,10,0,0,0,0,0,0,22397583359,22615687167,22649241599,22398969712.58,1071
1790619984,0,191445,0,467.23,1099.09,1393663,2310143,2334130175,19075694591,22296920063,274432,23102226431,3273028251.67,6336722148.46,191445,10,10,10,0,0,0,0,0,0,22850568191,23085449215,23085449215,22856455469.61,1100
1790619985,0,192535,0,468.74,1090.12,1398783,2322431,2684354559,19511902207,22749904895,274432,23555211263,3386438469.35,6495063226.60,192535,10,10,10,0,0,0,0,0,0,23303553023,23521656831,23538434047,23305538584.43,1090
1790619986,0,193637,0,470.28,1102.84,1402879,2334719,3076521983,19964887039,23202889727,274432,24008196095,3502440808.98,6655591795.22,193637,10,10,10,0,0,0,0,0,0,23773315071,23974641663,23991418879,23769691680.52,1102
1790619987,0,194691,0,471.69,1053.70,1406975,2344959,3439329279,20384317439,23655874559,274432,24477958143,3614683515.20,6809679065.80,194691,10,10,10,0,0,0,0,0,0,24243077119,24461180927,24477958143,24235500312.77,1054
1790619988,0,195802,0,473.24,1111.19,1411071,2357247,3831496703,20837302271,24108859391,274432,24914165759,3734307477.24,6972543265.08,195802,10,10,10,0,0,0,0,0,0,24712839167,24897388543,24914165759,24697141673.82,1111
1790619989,0,196931,0,474.82,1128.61,1415167,2371583,4211081215,21290287103,24595398655,274432,25367150591,3856981106.48,7137761609.16,196931,10,10,10,0,0,0,0,0,0,25132269567,25333596159,25350373375,25132217557.14,1129
1790619990,0,198008,0,476.27,1076.70,1419263,2383871,4605345791,21726494719,25014829055,274432,25820135423,3975129171.02,7295412087.93,198008,10,10,10,0,0,0,0,0,0,25585254399,25786580991,25820135423,25578672808.77,1077
1790619991,0,199120,0,477.79,1112.81,1423359,2396159,4982833151,22145925119,25451036671,274432,26256343039,4098336049.54,7458479475.66,199120,10,10,10,0,0,0,0,0,0,26055016447,26239565823,26256343039,26037137850.01,1112
1790619992,0,200231,0,479.31,1110.68,1428479,2408447,5372903423,22582132735,25904021503,274432,26709327871,4222475061.42,7621174685.42,200231,10,10,10,0,0,0,0,0,0,26474446847,26675773439,26692550655,26471403995.59,1111
1790619993,0,201314,0,480.75,1083.46,1432575,2420735,5771362303,23018340351,26340229119,274432,27162312703,4344597450.12,7779928840.54,201314,10,10,10,0,0,0,0,0,0,26927431679,27145535487,27162312703,26923256740.28,1083
1790619994,0,202371,0,482.12,1056.37,1436671,2433023,6111100927,23420993535,26759659519,274432,27632074751,4465060424.00,7935681641.54,202371,10,10,10,0,0,0,0,0,0,27430748159,27615297535,27632074751,27408185423.44,1057
1790619995,0,203451,0,483.55,1080.19,1440767,2445311,6492782591,23840423935,27229421567,274432,28101836799,4589272613.62,8095175512.91,203451,10,10,10,0,0,0,0,0,0,27883732991,28068282367,28085059583,27864221711.17,1080
1790619996,0,204537,0,484.97,1085.72,1444863,2457599,6874464255,24293408767,27699183615,274432,28554821631,4715311138.33,8255909191.01,204537,10,10,10,0,0,0,0,0,0,28353495039,28538044415,28554821631,28327340503.45,1086
1790619997,0,205638,0,486.43,1101.14,1448959,2471935,7285506047,24763170815,28152168447,274432,29007806463,4844090541.01,8418794255.09,205638,10,10,10,0,0,0,0,0,0,28789702655,28974252031,28991029247,28767934942.05,1101
1790619998,0,206752,0,487.91,1114.38,1454079,2486271,7688159231,25165823999,28605153279,274432,29444014079,4975420136.77,8583593786.74,206752,10,10,10,0,0,0,0,0,0,29225910271,29427236863,29444014079,29218109017.16,1114
1790619999,0,207862,0,489.38,1109.57,1458175,2498559,8069840895,25585254399,29058138111,274432,29896998911,5107280993.99,8747761293.30,207862,10,10,10,0,0,0,0,0,0,29678895103,29880221695,29880221695,29668088158.56,1110
1790620000,0,208949,0,490.78,1087.65,1462271,2510847,8451522559,26021462015,29511122943,274432,30349983743,5237298696.56,8908305483.91,208949,10,10,10,0,0,0,0,0,0,30098325503,30299652095,30333206527,30099984704.29,1087
1790620001,0,210091,0,492.31,1141.10,1467391,2527231,8875147263,26440892415,29947330559,274432,30786191359,5374883184.36,9076899944.85,210091,10,10,10,0,0,0,0,0,0,30551310335,30752636927,30769414143,30548386810.62,1142
1790620002,0,211164,0,493.66,1073.79,1471487,2541567,9227468799,26860322815,30383538175,274432,31239176191,5505101790.59,9235349291.76,211164,10,10,10,0,0,0,0,0,0,31004295167,31222398975,31239176191,31001613627.88,1073
1790620003,0,212293,0,495.15,1128.34,1476607,2555903,9588178943,27346862079,30819745791,274432,31675383807,5643159054.58,9402289724.51,212293,10,10,10,0,0,0,0,0,0,31474057215,31658606591,31675383807,31464881015.04,1129
1790620004,0,213388,0,496.54,1095.53,1480703,2568191,9923723263,27799846911,31272730623,274432,32128368639,5777887828.69,9563925975.06,213388,10,10,10,0,0,0,0,0,0,31910264831,32111591423,32128368639,31898413529.19,1095
1790620005,0,214509,0,497.99,1120.49,1485823,2582527,10276044799,28252831743,31708938239,274432,32564576255,5916671074.08,9729190935.16,214509,10,10,10,0,0,0,0,0,0,32346472447,32547799039,32564576255,32334761322.65,1121
1790620006,0,215611,0,499.39,1102.23,1489919,2596863,10619977727,28655484927,32145145855,274432,33017561087,6053980172.65,9891582717.53,215611,10,10,10,0,0,0,0,0,0,32782680063,32984006655,33017561087,32781781828.30,1102
1790620007,0,216690,0,500.73,1079.50,1495039,2611199,10989076479,29091692543,32564576255,274432,33487323135,6189325934.46,10050710041.18,216690,10,10,10,0,0,0,0,0,0,33235664895,33453768703,33470545919,33234770836.76,1079
1790620008,0,217770,0,502.07,1079.65,1499135,2627583,11324620799,29511122943,33000783871,274432,33940307967,6325724571.14,10210224720.70,217770,10,10,10,0,0,0,0,0,0,33688649727,33923530751,33940307967,33692595480.65,1080
1790620009,0,218857,0,503.41,1086.52,1503231,2641919,11693719551,29913776127,33470545919,274432,34393292799,6463924603.00,10370986070.27,218857,10,10,10,0,0,0,0,0,0,34158411775,34393292799,34393292799,34150972384.91,1087
1790620010,0,219897,0,504.64,1040.62,1507327,2656255,12004098047,30299652095,33906753535,274432,34863054847,6597086463.83,10525221286.66,219897,10,10,10,0,0,0,0,0,0,34628173823,34863054847,34863054847,34619591632.74,1040
1790620011,0,220937,0,505.87,1039.40,1512447,2670591,12348030975,30702305279,34342961151,274432,35366371327,6731300267.80,10680245272.20,220937,10,10,10,0,0,0,0,0,0,35131490303,35332816895,35366371327,35109389548.31,1040
1790620012,0,222033,0,507.22,1096.38,1516543,2684927,12742295551,31155290111,34829500415,274432,35802578943,6873577602.35,10843675989.80,222033,10,10,10,0,0,0,0,0,0,35567697919,35802578943,35802578943,35554533316.20,1096
1790620013,0,223112,0,508.52,1079.20,1521663,2701311,13052674047,31574720511,35332816895,274432,36272340991,7014577876.93,11004898716.69,223112,10,10,10,0,0,0,0,0,0,36037459967,36238786559,36272340991,36029141329.85,1079
1790620014,0,224188,0,509.81,1075.78,1525759,2717695,13379829759,31960596479,35769024511,274432,36742103039,7156008163.62,11165760530.70,224188,10,10,10,0,0,0,0,0,0,36507222015,36708548607,36742103039,36482025007.58,1076
1790620015,0,225249,0,511.06,1061.39,1529855,2734079,13740539903,32363249663,36205232127,274432,37211865087,7296393176.27,11324809165.18,225249,10,10,10,0,0,0,0,0,0,36976984063,37178310655,37211865087,36959574342.21,1061
1790620016,0,226326,0,512.34,1076.65,1534975,2752511,14084472831,32782680063,36674994175,274432,37648072703,7439719141.73,11486401327.28,226326,10,10,10,0,0,0,0,0,0,37446746111,37648072703,37648072703,37415606228.26,1077
1790620017,0,227377,0,513.56,1050.68,1539071,2768895,14411628543,33185333247,37144756223,274432,38151389183,7580455827.99,11644437286.63,227377,10,10,10,0,0,0,0,0,0,37916508159,38117834751,38117834751,37887183948.97,1051
1790620018,0,228466,0,514.85,1089.08,1544191,2785279,14755561471,33621540863,37614518271,274432,38587596799,7727164691.38,11808499929.39,228466,10,10,10,0,0,0,0,0,0,38386270207,38587596799,38587596799,38359140109.40,1089
1790620019,0,229547,0,516.13,1081.09,1548287,2803711,15091105791,34057748479,38084280319,274432,39057358847,7873560661.25,11971367008.65,229547,10,10,10,0,0,0,0,0,0,38822477823,39023804415,39057358847,38813895214.89,1081
1790620020,0,230616,0,517.37,1069.25,1553407,2822143,15384707071,34493956095,38520487935,274432,39527120895,8019079341.66,12132454689.20,230616,10,10,10,0,0,0,0,0,0,39258685439,39493566463,39527120895,39266391345.57,1069
1790620021,0,231748,0,518.74,1132.19,1558527,2840575,15695085567,34997272575,38990249983,274432,39963328511,8173964100.06,12303037734.63,231748,10,10,10,0,0,0,0,0,0,39728447487,39929774079,39963328511,39727765728.34,1132
1790620022,0,232891,0,520.14,1143.02,1563647,2859007,16055795711,35467034623,39493566463,274432,40399536127,8330914882.11,12474633422.22,232891,10,10,10,0,0,0,0,0,0,40164655103,40365981695,40365981695,40153338189.27,1143
1790620023,0,234079,0,521.63,1187.64,1567743,2879487,16433283071,35970351103,39963328511,274432,40802189311,8494528934.43,12652057877.10,234079,10,10,10,0,0,0,0,0,0,40600862719,40768634879,40802189311,40568805244.98,1188
1790620024,0,235271,0,523.12,1192.36,1573887,2899967,16768827391,36440113151,40399536127,274432,41204842495,8659105004.61,12828970897.63,235271,10,10,10,0,0,0,0,0,0,41003515903,41171288063,41204842495,40977730786.79,1192
1790620025,0,236482,0,524.64,1209.97,1579007,2922495,17146314751,36943429631,40802189311,274432,41573941247,8826571547.37,13007240040.31,236482,10,10,10,0,0,0,0,0,0,41372614655,41573941247,41573941247,41361683835.67,1211
1790620026,0,237637,0,526.04,1155.31,1584127,2942975,17515413503,37413191679,41204842495,274432,42010148863,8986833126.73,13176672895.46,237637,10,10,10,0,0,0,0,0,0,41842376703,42010148863,42010148863,41799801794.83,1155
1790620027,0,238826,0,527.50,1189.50,1589247,2965503,17884512255,37916508159,41573941247,274432,42412802047,9152122053.61,13349933332.26,238826,10,10,10,0,0,0,0,0,0,42211475455,42379247615,42412802047,42187247970.83,1189
1790620028,0,239983,0,528.89,1156.15,1594367,2988031,18270388223,38386270207,42010148863,274432,42849009663,9313378816.98,13517736746.22,239983,10,10,10,0,0,0,0,0,0,42614128639,42815455231,42849009663,42599729525.49,1157
1790620029,0,241191,0,530.38,1208.92,1599487,3014655,18639486975,38889586687,42379247615,274432,43251662847,9482203575.92,13692198229.52,241191,10,10,10,0,0,0,0,0,0,43050336255,43218108415,43218108415,43021170565.93,1208
1790620030,0,242361,0,531.79,1169.49,1604607,3039231,18673041407,38990249983,42513465343,274432,43352326143,9511707582.72,13725572272.68,242361,10,10,10,0,0,0,0,0,0,4066377727,43318771711,43352326143,15593845107.09,1170
1790620031,0,242890,0,531.78,529.09,1606655,3045375,18622709759,38990249983,42513465343,274432,43352326143,9492334016.70,13716910867.42,242890,10,10,10,0,0,0,0,0,0,547880959,1556086783,1645215743,616347566.46,529
1790620032,0,243090,0,531.06,199.99,1605631,3041279,18605932543,38990249983,42513465343,274432,43352326143,9484525857.48,13713966746.06,243090,10,10,10,0,0,0,0,0,0,1943551,3039231,3176447,1906883.84,200
1790620033,0,243290,0,530.33,199.96,1605631,3037183,18589155327,38990249983,42513465343,274432,43352326143,9476730598.74,13711022355.50,243290,10,10,10,0,0,0,0,0,0,2006015,3104767,4085759,1983372.80,200
1790620034,0,243490,0,529.62,200.03,1604607,3033087,18572378111,38990249983,42513465343,274432,43352326143,9468948156.20,13708077741.99,243490,10,10,10,0,0,0,0,0,0,1995775,3135487,3579903,1995918.08,200
1790620035,0,243690,0,528.90,200.08,1604607,3031039,18538823679,38990249983,42513465343,274432,43352326143,9461178414.77,13705132972.89,243690,10,10,10,0,0,0,0,0,0,1893375,3047423,3330047,1906720.00,200
1790620036,0,243890,0,528.19,199.85,1603583,3026943,18522046463,38990249983,42513465343,274432,43352326143,9453421599.23,13702187881.11,243890,10,10,10,0,0,0,0,0,0,1960959,3260415,7069695,2129702.40,200
1790620037,0,244090,0,527.48,200.07,1603583,3024895,18505269247,38956695551,42513465343,274432,43352326143,9445677249.59,13699242771.90,244090,10,10,10,0,0,0,0,0,0,1755135,3188735,3661823,1830073.60,200
1790620038,0,244290,0,526.77,199.96,1602559,3020799,18488492031,38956695551,42513465343,274432,43352326143,9437945913.30,13696297255.93,244290,10,10,10,0,0,0,0,0,0,1906687,3307519,11550719,2236538.88,200
1790620039,0,244490,0,526.07,200.07,1602559,3018751,18471714815,38956695551,42513465343,274432,43352326143,9430227032.30,13693351705.74,244490,10,10,10,0,0,0,0,0,0,2001919,3221503,3528703,1999843.84,200
1790620040,0,244690,0,525.37,200.00,1602559,3014655,18454937599,38956695551,42513465343,274432,43352326143,9422521014.31,13690405828.84,244690,10,10,10,0,0,0,0,0,0,1844223,3293183,14286847,2299322.88,200
1790620041,0,244890,0,524.67,199.95,1601535,3010559,18421383167,38956695551,42513465343,274432,43352326143,9414827411.07,13687459921.63,244890,10,10,10,0,0,0,0,0,0,2067455,3508223,4743167,2088523.52,200
1790620042,0,245090,0,523.98,200.12,1601535,3008511,18404605951,38956695551,42513465343,274432,43352326143,9407146148.24,13684514023.24,245090,10,10,10,0,0,0,0,0,0,1809407,3033087,3137535,1823878.40,200
1790620043,0,245290,0,523.29,199.99,1600511,3004415,18387828735,38956695551,42513465343,274432,43352326143,9399477462.84,13681567958.77,245290,10,10,10,0,0,0,0,0,0,1878015,3067903,3221503,1886935.04,200
1790620044,0,245490,0,522.60,200.02,1600511,3000319,18354274303,38956695551,42513465343,274432,43352326143,9391821364.25,13678621710.01,245490,10,10,10,0,0,0,0,0,0,1872895,3155967,5042175,1999246.08,200
1790620045,0,245690,0,521.91,199.85,1599487,2998271,18337497087,38923141119,42513465343,274432,43352326143,9384177648.53,13675675405.18,245690,10,10,10,0,0,0,0,0,0,2010111,3022847,3160063,1898792.96,200
1790620046,0,245890,0,521.23,200.11,1599487,2994175,18303942655,38923141119,42513465343,274432,43352326143,9376546429.49,13672728954.39,245890,10,10,10,0,0,0,0,0,0,1959935,3217407,3997695,1975399.68,200
1790620047,0,246090,0,520.55,199.99,1597439,2990079,18287165439,38923141119,42513465343,274432,43352326143,9368927213.94,13669782683.90,246090,10,10,10,0,0,0,0,0,0,1459199,2725887,3172351,1482656.64,200
1790620048,0,246290,0,519.87,199.88,1597439,2985983,18270388223,38923141119,42513465343,274432,43352326143,9361320664.82,13666836127.50,246290,10,10,10,0,0,0,0,0,0,1853439,2924543,3127295,1842295.04,200
1790620049,0,246490,0,519.20,200.14,1596415,2983935,18236833791,38923141119,42513465343,274432,43352326143,9353726505.30,13663889463.31,246490,10,10,10,0,0,0,0,0,0,1816575,3104767,3291135,1898772.48,200
1790620050,0,246690,0,518.53,199.88,1596415,2981887,18220056575,38923141119,42513465343,274432,43352326143,9346144813.25,13660942626.48,246690,10,10,10,0,0,0,0,0,0,1961983,3280895,5050367,2088437.76,200
1790620051,0,246890,0,517.86,199.97,1596415,2979839,18186502143,38923141119,42513465343,274432,43352326143,9338575360.38,13657995761.56,246890,10,10,10,0,0,0,0,0,0,2001919,3309567,4677631,2033720.32,200
1790620052,0,247090,0,517.20,200.16,1595391,2975743,18169724927,38923141119,42513465343,274432,43352326143,9331018123.97,13655048872.40,247090,10,10,10,0,0,0,0,0,0,1980415,3131391,3737599,1987641.60,200
1790620053,0,247290,0,516.53,199.87,1595391,2973695,18152947711,38923141119,42513465343,274432,43352326143,9323473113.67,13652101940.76,247290,10,10,10,0,0,0,0,0,0,2099199,3100671,3270655,1990136.32,200
1790620054,0,247490,0,515.87,200.02,1595391,2969599,18136170495,38889586687,42479910911,274432,43352326143,9315940273.82,13649154993.05,247490,10,10,10,0,0,0,0,0,0,1992703,3201023,3327999,1960442.88,200
1790620055,0,248303,0,516.49,813.46,1597439,2983935,18052284415,38889586687,42479910911,274432,43352326143,9286225398.13,13636653276.76,248303,10,10,10,0,0,0,0,0,0,245497855,475004927,492044287,240549403.39,813
1790620056,0,249331,0,517.55,1027.53,1602559,3002367,17934843903,38856032255,42479910911,274432,43352326143,9251332563.03,13619318052.51,249331,10,10,10,0,0,0,0,0,0,821035007,1114636287,1149239295,823321245.39,1028
1790620057,0,250335,0,518.56,1004.21,1607679,3022847,17834180607,38856032255,42479910911,274432,43352326143,9220158294.92,13600860582.65,250335,10,10,10,0,0,0,0,0,0,1468006399,1790967807,1814036479,1478413830.12,1004
1790620058,0,251384,0,519.66,1049.21,1611775,3045375,17716740095,38822477823,42479910911,274432,43352326143,9190613861.75,13580130747.58,251384,10,10,10,0,0,0,0,0,0,2132803583,2441084927,2462056447,2140084140.05,1049
1790620059,0,252330,0,520.54,946.20,1615871,3063807,17616076799,38788923391,42479910911,274432,43352326143,9166699844.75,13560260562.74,252330,10,10,10,0,0,0,0,0,0,2797600767,3128950783,3152019455,2811941652.03,946
1790620060,0,253358,0,521.58,1027.57,1620991,3084287,17515413503,38788923391,42479910911,274432,43352326143,9143698188.84,13537525033.05,253358,10,10,10,0,0,0,0,0,0,3504340991,3781165055,3806330879,3497776171.83,1028
1790620061,0,254374,0,522.60,1015.87,1625087,3106815,17414750207,38755368959,42479910911,274432,43352326143,9123715514.91,13514152735.78,254374,10,10,10,0,0,0,0,0,0,4135583743,4441767935,4471128063,4140673878.68,1016
1790620062,0,255403,0,523.64,1029.15,1630207,3131391,17280532479,38721814527,42479910911,274432,43352326143,9106295326.15,13489687261.95,255403,10,10,10,0,0,0,0,0,0,4798283775,5083496447,5117050879,4799936633.41,1029
1790620063,0,256474,0,524.76,1070.34,1634303,3158015,17179869183,38721814527,42479910911,274432,43352326143,9091047227.10,13463556734.97,256474,10,10,10,0,0,0,0,0,0,5448400895,5742002175,5771362303,5454809839.51,1071
1790620064,0,257538,0,525.86,1064.79,1639423,3186687,17054040063,38688260095,42479910911,274432,43352326143,9078711084.00,13437086020.80,257538,10,10,10,0,0,0,0,0,0,6098518015,6387924991,6417285119,6105120891.19,1064
1790620065,0,258577,0,526.90,1039.17,1644543,3219455,16953376767,38654705663,42446356479,274432,43352326143,9069396813.30,13410869928.40,258577,10,10,10,0,0,0,0,0,0,6773800959,7042236415,7067402239,6760658942.03,1039
1790620066,0,259616,0,527.95,1038.66,1649663,3258367,16861102079,38654705663,42446356479,274432,43352326143,9062775837.20,13384420412.37,259616,10,10,10,0,0,0,0,0,0,7419723775,7700742143,7721713663,7415006697.82,1039
1790620067,0,260673,0,529.02,1057.33,1654783,3307519,16743661567,38621151231,42446356479,274432,43352326143,9058729749.17,13357412319.24,260673,10,10,10,0,0,0,0,0,0,8069840895,8342470655,8367636479,8064946218.63,1057
1790620068,0,261708,0,530.04,1035.10,1659903,3358719,16642998271,38587596799,42446356479,274432,43352326143,9057312713.83,13330997527.67,261708,10,10,10,0,0,0,0,0,0,8698986495,8992587775,9026142207,8700421069.54,1035
1790620069,0,262739,0,531.06,1030.81,1663999,3422207,16550723583,38587596799,42446356479,274432,43352326143,9058504584.46,13304834665.61,262739,10,10,10,0,0,0,0,0,0,9370075135,9646899199,9680453631,9361047822.15,1031
1790620070,0,263830,0,532.19,1091.04,1668095,3502079,16450060287,38554042367,42446356479,274432,43352326143,9062463841.32,13277444505.80,263830,10,10,10,0,0,0,0,0,0,10032775167,10301210623,10317987839,10015947974.04,1091
1790620071,0,264908,0,533.28,1078.21,1673215,3600383,16341008383,38520487935,42446356479,274432,43352326143,9068887199.17,13250787902.81,264908,10,10,10,0,0,0,0,0,0,10645143551,10938744831,10963910655,10640941466.36,1078
1790620072,0,265970,0,534.35,1061.74,1678335,3702783,16223567871,38520487935,42446356479,274432,43352326143,9077708924.93,13225045745.90,265970,10,10,10,0,0,0,0,0,0,11291066367,11576279039,11601444863,11278222793.04,1062
1790620073,0,267009,0,535.36,1039.17,1683455,3819519,16114515967,38486933503,42446356479,274432,43352326143,9088898150.50,13200508692.97,267009,10,10,10,0,0,0,0,0,0,11970543615,12238979071,12264144895,11953189128.13,1039
1790620074,0,268075,0,536.42,1065.72,1689599,3964927,16005464063,38453379071,42446356479,274432,43352326143,9102851172.81,13176092471.33,268075,10,10,10,0,0,0,0,0,0,12608077823,12884901887,12901679103,12597769121.86,1066
1790620075,0,269166,0,537.53,1091.27,1694719,4118527,15879634943,38453379071,42446356479,274432,43352326143,9119547980.66,13151971831.87,269166,10,10,10,0,0,0,0,0,0,13228834815,13514047487,13539213311,13222203125.44,1091
1790620076,0,270211,0,538.54,1044.30,1698815,4292607,15762194431,38419824639,42412802047,274432,43352326143,9137947329.59,13129841765.54,270211,10,10,10,0,0,0,0,0,0,13891534847,14168358911,14193524735,13877161831.13,1045
1790620077,0,271249,0,539.53,1038.35,1703935,4493311,15661531135,38419824639,42412802047,274432,43352326143,9158510220.63,13108899545.46,271249,10,10,10,0,0,0,0,0,0,14512291839,14814281727,14839447551,14511419036.86,1038
1790620078,0,272295,0,540.54,1045.73,1709055,4739071,15569256447,38386270207,42412802047,274432,43352326143,9181626101.25,13088996191.60,272295,10,10,10,0,0,0,0,0,0,15166603263,15468593151,15502147583,15176042452.93,1046
1790620079,0,273373,0,541.60,1078.42,1714175,5017599,15728639999,38352715775,42412802047,274432,43352326143,9207820970.22,13069801117.47,273373,10,10,10,0,0,0,0,0,0,15829303295,16122904575,16139681791,15824455334.23,1078
1790620080,0,274452,0,542.66,1078.25,1719295,5337087,15938355199,38352715775,42412802047,274432,43352326143,9236355775.79,13051994735.51,274452,10,10,10,0,0,0,0,0,0,16475226111,16760438783,16785604607,16465869587.69,1079
1790620081,0,275552,0,543.77,1100.46,1724415,5689343,16139681791,38319161343,42379247615,274432,43352326143,9267777853.08,13035374760.27,275552,10,10,10,0,0,0,0,0,0,17112760319,17397972991,17414750207,17107643269.12,1100
1790620082,0,276621,0,544.80,1068.49,1730559,6123519,16332619775,38285606911,42379247615,274432,43352326143,9300525397.03,13020787478.38,276621,10,10,10,0,0,0,0,0,0,17750294527,18035507199,18069061631,17741733282.60,1069
1790620083,0,277722,0,545.89,1101.22,1735679,6578175,16533946367,38285606911,42379247615,274432,43352326143,9336491290.69,13007456136.43,277722,10,10,10,0,0,0,0,0,0,18371051519,18673041407,18689818623,18372750575.03,1101
1790620084,0,278819,0,546.97,1097.34,1739775,7118847,16718495743,38252052479,42379247615,274432,43352326143,9374542283.22,12995957204.02,278819,10,10,10,0,0,0,0,0,0,19008585727,19293798399,19327352831,19007721632.55,1097
1790620085,0,279913,0,548.04,1093.49,1744895,7749631,16911433727,38218498047,42379247615,274432,43352326143,9414736666.40,12986403694.07,279913,10,10,10,0,0,0,0,0,0,19679674367,19948109823,19964887039,19658756522.82,1094
1790620086,0,281045,0,549.19,1132.58,1750015,8724479,17129537535,38184943615,42379247615,274432,43352326143,9458494703.15,12978482223.39,281045,10,10,10,0,0,0,0,0,0,20300431359,20568866815,20585644031,20278674334.30,1132
1790620087,0,282184,0,550.34,1139.41,1756159,9986047,17347641343,38151389183,42379247615,274432,43352326143,9504656080.18,12972548672.75,282184,10,10,10,0,0,0,0,0,0,20904411135,21172846591,21206401023,20894844145.84,1139
1790620088,0,283293,0,551.42,1109.02,1761279,11968511,17532190719,38151389183,42345693183,274432,43352326143,9551726009.39,12968890057.69,283293,10,10,10,0,0,0,0,0,0,21541945343,21810380799,21843935231,21528624930.39,1109
1790620089,0,284405,0,552.51,1111.75,1765375,15196159,17750294527,38117834751,42345693183,274432,43352326143,9600949467.06,12967339341.76,284405,10,10,10,0,0,0,0,0,0,22145925119,22431137791,22464692223,22141112231.60,1112
1790620090,0,285511,0,553.59,1106.34,1771519,26755071,17951621119,38084280319,42345693183,274432,43352326143,9651993142.77,12968061717.69,285511,10,10,10,0,0,0,0,0,0,22800236543,23068671999,23102226431,22777740512.06,1106
1790620091,0,286631,0,554.68,1119.61,1776639,112394239,18152947711,38050725887,42345693183,274432,43352326143,9705772348.99,12971157176.08,286631,10,10,10,0,0,0,0,0,0,23420993535,23706206207,23722983423,23415196408.69,1120
1790620092,0,287777,0,555.82,1146.46,1781759,243531775,18371051519,38050725887,42345693183,274432,43352326143,9762805657.88,12976694415.23,287777,10,10,10,0,0,0,0,0,0,24024973311,24310185983,24343740415,24027652396.23,1146
1790620093,0,288882,0,556.88,1104.83,1786879,370671615,18572378111,38017171455,42345693183,274432,43352326143,9819787487.25,12984459835.56,288882,10,10,10,0,0,0,0,0,0,24679284735,24947720191,24964497407,24659660707.33,1105
1790620094,0,289993,0,557.95,1111.15,1791999,499384319,18773704703,37983617023,42345693183,274432,43352326143,9879038853.66,12994740093.28,289993,10,10,10,0,0,0,0,0,0,25300041727,25585254399,25602031615,25285567415.19,1111
1790620095,0,291155,0,559.11,1161.94,1798143,637009919,18991808511,37983617023,42345693183,274432,43352326143,9943020050.51,13008115803.65,291155,10,10,10,0,0,0,0,0,0,25920798719,26189234175,26222788607,25910403198.90,1162
1790620096,0,292284,0,560.20,1128.91,1803263,768606207,19193135103,37950062591,42345693183,274432,43352326143,10007056067.72,13023635755.96,292284,10,10,10,0,0,0,0,0,0,26524778495,26809991167,26826768383,26521145166.23,1129
1790620097,0,293351,0,561.17,1067.08,1809407,896008191,19411238911,37916508159,42312138751,274432,43352326143,10069448235.98,13040882790.58,293351,10,10,10,0,0,0,0,0,0,27179089919,27447525375,27481079807,27160575232.24,1067
1790620098,0,294482,0,562.26,1129.97,1814527,1024458751,19629342719,37882953727,42312138751,274432,43352326143,10137535779.29,13061930447.78,294482,10,10,10,0,0,0,0,0,0,27799846911,28085059583,28101836799,27797614400.06,1131
1790620099,0,295562,0,563.25,1080.38,1818623,1140850687,19813892095,37882953727,42312138751,274432,43352326143,10204346249.93,13084640182.07,295562,10,10,10,0,0,0,0,0,0,28420603903,28722593791,28739371007,28421458299.26,1080
1790620100,0,296667,0,564.28,1104.88,1824767,1272971263,20015218687,37849399295,42312138751,274432,43352326143,10274578290.47,13110666177.43,296667,10,10,10,0,0,0,0,0,0,29074915327,29343350783,29376905215,29060028395.61,1105
1790620101,0,297817,0,565.39,1150.69,1829887,1401946111,20233322495,37815844863,42312138751,274432,43352326143,10349531690.18,13140595200.29,297817,10,10,10,0,0,0,0,0,0,29695672319,29964107775,29997662207,29685357979.38,1150
1790620102,0,298951,0,566.47,1133.91,1835007,1552941055,20417871871,37782290431,42312138751,274432,43352326143,10425229646.22,13172898789.51,298951,10,10,10,0,0,0,0,0,0,30316429311,30584864767,30618419199,30305422038.01,1134
1790620103,0,300041,0,567.46,1089.66,1840127,1692401663,20619198463,37748735999,42312138751,274432,43352326143,10499758595.66,13206756887.13,300041,10,10,10,0,0,0,0,0,0,30953963519,31222398975,31255953407,30940587923.02,1090
1790620104,0,301126,0,568.43,1084.74,1844223,1830813695,20820525055,37748735999,42312138751,274432,43352326143,10575691379.40,13243282830.87,301126,10,10,10,0,0,0,0,0,0,31574720511,31876710399,31893487615,31573800471.12,1085
1790620105,0,302227,0,569.44,1100.96,1849343,1968177151,21005074431,37715181567,42312138751,274432,43352326143,10654479838.48,13283205192.28,302227,10,10,10,0,0,0,0,0,0,32195477503,32497467391,32514244607,32203302300.02,1101
1790620106,0,303362,0,570.50,1135.55,1854463,2113929215,21223178239,37681627135,42312138751,274432,43352326143,10737468462.16,13327317993.19,303362,10,10,10,0,0,0,0,0,0,32849788927,33118224383,33135001599,32835620679.95,1135
1790620107,0,304460,0,571.49,1097.49,1859583,2256535551,21424504831,37648072703,42312138751,274432,43352326143,10819427786.03,13372840652.35,304460,10,10,10,0,0,0,0,0,0,33470545919,33755758591,33772535807,33463639452.21,1098
1790620108,0,305577,0,572.51,1117.58,1864703,2394947583,21625831423,37648072703,42278584319,274432,43352326143,10904486901.13,13422046715.05,305577,10,10,10,0,0,0,0,0,0,34091302911,34393292799,34393292799,34088997359.04,1117
1790620109,0,306674,0,573.49,1097.21,1870847,2537553919,21810380799,37614518271,42278584319,274432,43352326143,10989648256.07,13473205435.02,306674,10,10,10,0,0,0,0,0,0,34728837119,35030827007,35064381439,34711937554.20,1097
1790620110,0,307772,0,574.47,1097.93,1875967,2665480191,21994930175,37580963839,42278584319,274432,43352326143,11076542330.64,13527330733.54,307772,10,10,10,0,0,0,0,0,0,35366371327,35668361215,35701915647,35346263116.47,1098
1790620111,0,308811,0,575.34,1038.40,1880063,2805989375,22179479551,37580963839,42278584319,274432,43352326143,11160421364.65,13581503603.29,308811,10,10,10,0,0,0,0,0,0,36037459967,36305895423,36339449855,36007021996.72,1039
1790620112,0,309870,0,576.24,1059.28,1885183,2940207103,22364028927,37547409407,42278584319,274432,43352326143,11247520735.23,13639617724.19,309870,10,10,10,0,0,0,0,0,0,36641439743,36943429631,36976984063,36646240023.93,1059
1790620113,0,310965,0,577.20,1095.44,1890303,3097493503,22565355519,37580963839,42278584319,274432,43352326143,11339227339.76,13702705450.04,310965,10,10,10,0,0,0,0,0,0,37312528383,37614518271,37614518271,37290940167.25,1095
1790620114,0,312067,0,578.17,1102.06,1895423,3229614079,22766682111,37849399295,42278584319,274432,43352326143,11433130147.81,13769147290.61,312067,10,10,10,0,0,0,0,0,0,37950062591,38218498047,38252052479,37930849482.57,1102
1790620115,0,313118,0,579.05,1050.46,1900543,3368026111,22968008703,38084280319,42278584319,274432,43352326143,11524162797.81,13835236022.21,313118,10,10,10,0,0,0,0,0,0,38554042367,38856032255,38889586687,38553930626.31,1051
1790620116,0,314237,0,580.04,1119.03,1906687,3521118207,23169335295,38352715775,42245029887,274432,43352326143,11622709008.70,13908618651.76,314237,10,10,10,0,0,0,0,0,0,39225131007,39493566463,39527120895,39197858661.35,1119
1790620117,0,315351,0,581.03,1113.40,1910783,3653238783,23353884671,38621151231,42245029887,274432,43352326143,11722382703.20,13984592833.06,315351,10,10,10,0,0,0,0,0,0,39862665215,40131100671,40164655103,39838327710.56,1114
1790620118,0,316518,0,582.10,1168.10,1916927,3800039423,23588765695,38889586687,42245029887,274432,43352326143,11828369042.48,14067100975.04,316518,10,10,10,0,0,0,0,0,0,40500199423,40735080447,40768634879,40468384531.96,1167
1790620119,0,317633,0,583.08,1113.95,1922047,3936354303,23773315071,39158022143,42245029887,274432,43352326143,11931055499.89,14148572503.95,317633,10,10,10,0,0,0,0,0,0,41104179199,41372614655,41406169087,41080931846.89,1115
1790620120,0,318733,0,584.03,1100.42,1927167,4081057791,23957864447,39392903167,42245029887,274432,43352326143,12033828023.79,14231699323.06,318733,10,10,10,0,0,0,0,0,0,41741713407,42010148863,42010148863,41710141737.89,1100
1790620121,0,319879,0,585.06,1146.42,1932287,4215275519,24175968255,39661338623,42412802047,274432,43352326143,12142347193.23,14321001693.21,319879,10,10,10,0,0,0,0,0,0,42345693183,42614128639,42647683071,42324406908.20,1146
1790620122,0,320968,0,585.98,1088.72,1938431,4357881855,24377294847,39896219647,42647683071,274432,43352326143,12246938726.21,14408631249.09,320968,10,10,10,0,0,0,0,0,0,42983227391,43251662847,43285217279,42969284893.85,1089
1790620123,0,322054,0,586.89,1086.45,1942527,4500488191,24578621439,40131100671,42882564095,274432,43922751487,12352662149.33,14498696382.12,322054,10,10,10,0,0,0,0,0,0,43620761599,43889197055,43922751487,43599287999.41,1086
1790620124,0,323176,0,587.86,1121.76,1948671,4651483135,24779948031,40365981695,43117445119,274432,44560285695,12463362323.53,14594518911.91,323176,10,10,10,0,0,0,0,0,0,44258295807,44526731263,44560285695,44238258847.71,1122
1790620125,0,324295,0,588.83,1119.17,1953791,4630511615,24796725247,40433090559,43184553983,274432,44761612287,12479941337.88,14616578728.73,324295,10,10,10,0,0,0,0,0,0,4307550207,44728057855,44761612287,17268091064.85,1119
1790620126,0,324890,0,588.84,594.84,1954815,4550819839,24763170815,40433090559,43184553983,274432,44761612287,12458563793.12,14611740147.62,324890,10,10,10,0,0,0,0,0,0,752877567,1862270975,1947205631,807083324.02,595
1790620127,0,325090,0,588.13,199.90,1952767,4529848319,24763170815,40433090559,43184553983,274432,44761612287,12450900118.67,14610510159.80,325090,10,10,10,0,0,0,0,0,0,1457151,2947071,3102719,1644164.48,200
1790620128,0,325290,0,587.43,200.03,1951743,4504682495,24746393599,40433090559,43184553983,274432,44761612287,12443246013.50,14609277444.44,325290,10,10,10,0,0,0,0,0,0,1806335,3084287,3295231,1880762.24,200
1790620129,0,325490,0,586.73,200.10,1950719,4479516671,24729616383,40433090559,43184553983,274432,44761612287,12435601372.79,14608042087.53,325490,10,10,10,0,0,0,0,0,0,1943551,3289087,3649535,1975480.32,200
1790620130,0,325690,0,586.04,199.97,1949695,4454350847,24712839167,40433090559,43184553983,274432,44761612287,12427966097.54,14606804169.91,325690,10,10,10,0,0,0,0,0,0,1915903,3102719,3293183,1937391.36,200
1790620131,0,325890,0,585.35,199.96,1949695,4433379327,24696061951,40433090559,43184553983,274432,44761612287,12420340238.60,14605563644.86,325890,10,10,10,0,0,0,0,0,0,1971199,3284991,3936255,2010254.08,200
1790620132,0,326090,0,584.66,200.12,1948671,4408213503,24696061951,40433090559,43184553983,274432,44761612287,12412723780.32,14604320522.31,326090,10,10,10,0,0,0,0,0,0,2096127,3149823,3903487,2085836.80,200
1790620133,0,326290,0,583.97,199.94,1947647,4383047679,24679284735,40433090559,43184553983,274432,44761612287,12405116548.39,14603074946.91,326290,10,10,10,0,0,0,0,0,0,1905663,3094527,3258367,1905245.44,200
1790620134,0,326490,0,583.28,199.96,1946623,4357881855,24679284735,40433090559,43184553983,274432,44761612287,12397518741.09,14601826746.75,326490,10,10,10,0,0,0,0,0,0,2134015,3194879,3747839,2076024.32,200
1790620135,0,326690,0,582.60,200.03,1945599,4336910335,24662507519,40399536127,43184553983,274432,44761612287,12389930170.57,14600576077.90,326690,10,10,10,0,0,0,0,0,0,1912831,3198975,3518463,1968222.72,200
1790620136,0,326890,0,581.92,200.05,1944575,4311744511,24645730303,40399536127,43184553983,274432,44761612287,12382350895.35,14599322887.20,326890,10,10,10,0,0,0,0,0,0,2020351,3188735,3354623,1983779.84,200
1790620137,0,327090,0,581.24,199.98,1943551,4288675839,24628953087,40399536127,43184553983,274432,44761612287,12374780862.91,14598067215.72,327090,10,10,10,0,0,0,0,0,0,1966079,3088383,3209215,1941349.12,200
1790620138,0,327290,0,580.56,200.01,1943551,4261412863,24628953087,40399536127,43184553983,274432,44761612287,12367220128.54,14596809013.14,327290,10,10,10,0,0,0,0,0,0,2053119,3172351,3295231,2017107.20,200
1790620139,0,327490,0,579.89,200.00,1942527,4238344191,24612175871,40399536127,43184553983,274432,44761612287,12359668567.41,14595548381.77,327490,10,10,10,0,0,0,0,0,0,1864703,3153919,3231743,1916346.88,200
1790620140,0,327690,0,579.22,200.00,1941503,4206886911,24595398655,40399536127,43184553983,274432,44761612287,12352126272.95,14594285238.99,327690,10,10,10,0,0,0,0,0,0,1993727,3078143,3364863,1996208.64,200
1790620141,0,327890,0,578.55,199.98,1940479,4185915391,24595398655,40399536127,43184553983,274432,44761612287,12344593166.84,14593019647.67,327890,10,10,10,0,0,0,0,0,0,2015231,3174399,3409919,1975462.40,200
1790620142,0,328090,0,577.88,199.87,1939455,4162846719,24578621439,40399536127,43184553983,274432,44761612287,12337069319.29,14591751544.99,328090,10,10,10,0,0,0,0,0,0,2111487,3244031,4579327,2097450.24,200
1790620143,0,328290,0,577.21,200.00,1939455,4139778047,24561844223,40399536127,43184553983,274432,44761612287,12329554559.12,14590481072.21,328290,10,10,10,0,0,0,0,0,0,1895423,3176447,3315711,1966242.56,200
1790620144,0,328490,0,576.55,200.16,1938431,4120903679,24545067007,40399536127,43184553983,274432,44761612287,12322049001.73,14589208128.33,328490,10,10,10,0,0,0,0,0,0,2043903,3221503,6713343,2051829.76,200
1790620145,0,328690,0,575.89,199.87,1937407,4102029311,24545067007,40399536127,43184553983,274432,44761612287,12314552563.58,14587932780.47,328690,10,10,10,0,0,0,0,0,0,2066431,3139583,3289087,2027719.68,200
1790620146,0,328890,0,575.24,200.14,1936383,4074766335,24528289791,40399536127,43184553983,274432,44761612287,12307065231.55,14586655036.22,328890,10,10,10,0,0,0,0,0,0,2008063,3198975,4567039,2009404.16,200
1790620147,0,329090,0,574.58,199.88,1935359,4053794815,24511512575,40399536127,43184553983,274432,44761612287,12299587038.68,14585374864.24,329090,10,10,10,0,0,0,0,0,0,2066431,3307519,5058559,2072785.92,200
1790620148,0,329290,0,573.93,199.98,1935359,4026531839,24494735359,40399536127,43184553983,274432,44761612287,12292117950.48,14584092290.22,329290,10,10,10,0,0,0,0,0,0,2121727,3389439,3583999,2106755.84,200
1790620149,0,329490,0,573.28,200.11,1934335,4003463167,24494735359,40399536127,43184553983,274432,44761612287,12284657806.24,14582807446.05,329490,10,10,10,0,0,0,0,0,0,1880063,3047423,3186687,1903322.88,200
1790620150,0,329690,0,572.63,200.01,1932287,3980394495,24477958143,40399536127,43184553983,274432,44761612287,12277206727.91,14581520225.47,329690,10,10,10,0,0,0,0,0,0,1913855,3090431,3289087,1927737.60,200
1790620151,0,329890,0,571.98,199.85,1932287,3948937215,24461180927,40399536127,43184553983,274432,44761612287,12269764643.36,14580230685.73,329890,10,10,10,0,0,0,0,0,0,1783807,3065855,3158015,1860369.92,200
1790620152,0,330090,0,571.34,200.09,1931263,3927965695,24461180927,40365981695,43184553983,274432,44761612287,12262331642.91,14578938747.37,330090,10,10,10,0,0,0,0,0,0,1953791,3143679,3446783,1969056.00,200
1790620153,0,330290,0,570.70,200.02,1929215,3904897023,24444403711,40365981695,43184553983,274432,44761612287,12254907492.43,14577644603.81,330290,10,10,10,0,0,0,0,0,0,1663999,2957311,3186687,1718320.00,200
1790620154,0,330490,0,570.06,199.98,1928191,3879731199,24427626495,40365981695,43184553983,274432,44761612287,12247492316.09,14576348147.06,330490,10,10,10,0,0,0,0,0,0,1686527,2799615,3139583,1699363.84,200
1790620155,0,330690,0,569.42,199.93,1927167,3856662527,24410849279,40365981695,43184553983,274432,44761612287,12240086313.16,14575049206.36,330690,10,10,10,0,0,0,0,0,0,1984511,3176447,4308991,2036756.48,200
1790620156,0,330890,0,568.79,200.09,1927167,3831496703,24410849279,40365981695,43184553983,274432,44761612287,12232689257.29,14573747968.45,330890,10,10,10,0,0,0,0,0,0,2006015,3332095,3575807,2027238.40,200
1790620157,0,331090,0,568.15,199.87,1926143,3810525183,24394072063,40365981695,43184553983,274432,44761612287,12225301153.69,14572444425.51,331090,10,10,10,0,0,0,0,0,0,2015231,3207167,3469311,2053148.16,200
1790620158,0,331290,0,567.52,200.00,1925119,3791650815,24377294847,40365981695,43184553983,274432,44761612287,12217921996.71,14571138578.81,331290,10,10,10,0,0,0,0,0,0,2170879,3239935,3799039,2096584.96,200
1790620159,0,331490,0,566.89,200.03,1924095,3768582143,24360517631,40365981695,43184553983,274432,44761612287,12210551719.93,14569830480.62,331490,10,10,10,0,0,0,0,0,0,2065407,3301375,3862527,2056744.96,200
1790620160,0,331690,0,566.27,200.06,1924095,3743416319,24343740415,40365981695,43184553983,274432,44761612287,12203190324.78,14568520126.23,331690,10,10,10,0,0,0,0,0,0,1998847,3198975,3340287,2045934.08,200
1790620161,0,331890,0,565.64,199.96,1923071,3720347647,24343740415,40365981695,43184553983,274432,44761612287,12195837803.29,14567207518.84,331890,10,10,10,0,0,0,0,0,0,2027519,3270655,3454975,2048536.32,200
1790620162,0,332090,0,565.02,200.08,1923071,3703570431,24326963199,40365981695,43184553983,274432,44761612287,12188494132.64,14565892674.10,332090,10,10,10,0,0,0,0,0,0,1983487,3291135,5296127,2039868.16,200
1790620163,0,332290,0,564.40,200.02,1922047,3674210303,24310185983,40365981695,43184553983,274432,44761612287,12181159339.19,14564575566.50,332290,10,10,10,0,0,0,0,0,0,2083839,3440639,3930111,2101553.92,200
1790620164,0,332490,0,563.78,199.92,1921023,3649044479,24293408767,40365981695,43184553983,274432,44761612287,12173833245.52,14563256340.90,332490,10,10,10,0,0,0,0,0,0,1860607,3031039,3190783,1894913.28,200
1790620165,0,332690,0,563.17,200.04,1919999,3623878655,24276631551,40365981695,43184553983,274432,44761612287,12166516024.49,14561934849.29,332690,10,10,10,0,0,0,0,0,0,1968127,3237887,3979263,2001932.80,200
1790620166,0,332890,0,562.55,200.05,1918975,3607101439,24276631551,40332427263,43184553983,274432,44761612287,12159207567.22,14560611179.21,332890,10,10,10,0,0,0,0,0,0,2054143,3129343,3600383,1954321.92,200
1790620167,0,333090,0,561.94,200.03,1917951,3586129919,24259854335,40332427263,43184553983,274432,44761612287,12151907808.71,14559285381.40,333090,10,10,10,0,0,0,0,0,0,1735679,3041279,3303423,1824747.52,200
1790620168,0,333290,0,561.33,199.83,1916927,3558866943,24243077119,40332427263,43184553983,274432,44761612287,12144616810.31,14557957401.13,333290,10,10,10,0,0,0,0,0,0,1726463,3069951,3747839,1823536.00,200
1790620169,0,333490,0,560.72,200.00,1915903,3533701119,24243077119,40332427263,43184553983,274432,44761612287,12137334570.07,14556627236.58,333490,10,10,10,0,0,0,0,0,0,1856511,2988031,3512319,1845318.40,200
1790620170,0,333690,0,560.12,200.03,1914879,3510632447,24226299903,40332427263,43184553983,274432,44761612287,12130061144.41,14555294837.30,333690,10,10,10,0,0,0,0,0,0,2011135,3155967,3917823,1987521.28,200
1790620171,0,333890,0,559.52,200.01,1914879,3483369471,24226299903,40332427263,43184553983,274432,44761612287,12122796364.94,14553960340.16,333890,10,10,10,0,0,0,0,0,0,1899519,3141631,3368959,1875065.60,200
1790620172,0,334090,0,558.91,200.00,1913855,3462397951,24209522687,40332427263,43184553983,274432,44761612287,12115540439.91,14552623568.30,334090,10,10,10,0,0,0,0,0,0,2111487,3358719,4943871,2136396.80,200
1790620173,0,334290,0,558.31,199.97,1912831,3437232127,24192745471,40332427263,43184553983,274432,44761612287,12108293106.84,14551284736.81,334290,10,10,10,0,0,0,0,0,0,2099199,3158015,3407871,1985583.36,200
1790620174,0,334490,0,557.72,200.08,1911807,3414163455,24192745471,40332427263,43184553983,274432,44761612287,12101054466.57,14549943758.29,334490,10,10,10,0,0,0,0,0,0,2014207,3284991,3590143,2029178.88,200
1790620175,0,335283,0,558.11,793.34,1914879,3315597311,24125636607,40332427263,43184553983,274432,44761612287,12073096701.08,14544068487.70,335283,10,10,10,0,0,0,0,0,0,278659071,567279615,586678271,280419554.62,793
1790620176,0,336327,0,558.92,1043.82,1919999,3175088127,24058527743,40298872831,43184553983,274432,44761612287,12038712732.81,14534550427.64,336327,10,10,10,0,0,0,0,0,0,997195775,1335885823,1375731711,996222277.64,1044
1790620177,0,337364,0,559.71,1036.80,1924095,3061841919,23991418879,40298872831,43184553983,274432,44761612287,12007189162.16,14523300677.47,337364,10,10,10,0,0,0,0,0,0,1796210687,2147483647,2176843775,1783247073.14,1037
1790620178,0,338418,0,560.53,1053.61,1929215,2933915647,23941087231,40298872831,43184553983,274432,44761612287,11977831013.75,14510181923.73,338418,10,10,10,0,0,0,0,0,0,2589982719,2936012799,2965372927,2580883786.32,1054
1790620179,0,339597,0,561.55,1179.13,1934335,3051356159,23857201151,40265318399,43184553983,274432,44761612287,11947899540.12,14493851706.16,339597,10,10,10,0,0,0,0,0,0,3368026111,3695181823,3728736255,3356424183.31,1179
1790620180,0,340767,0,562.56,1170.23,1939455,3147825151,23806869503,40265318399,43150999551,274432,44761612287,11921004100.47,14476207970.06,340767,10,10,10,0,0,0,0,0,0,4110417919,4462739455,4496293887,4114499300.43,1170
1790620181,0,341966,0,563.60,1199.31,1945599,3254779903,23739760639,40231763967,43150999551,274432,44761612287,11896310980.54,14456808082.76,341966,10,10,10,0,0,0,0,0,0,4882169855,5217714175,5255462911,4878295634.42,1199
1790620182,0,343125,0,564.58,1158.55,1950719,3359637503,23672651775,40231763967,43150999551,274432,44761612287,11875191625.35,14436935875.19,343125,10,10,10,0,0,0,0,0,0,5666504703,5993660415,6023020543,5643870299.89,1159
1790620183,0,344319,0,565.62,1194.07,1955839,3468689407,23605542911,40198209535,43150999551,274432,44761612287,11856238863.90,14415469295.11,344319,10,10,10,0,0,0,0,0,0,6400507903,6752829439,6782189567,6409700947.19,1194
1790620184,0,345473,0,566.58,1153.57,1960959,3567255551,23521656831,40198209535,43150999551,274432,44761612287,11840647462.94,14393898335.53,345473,10,10,10,0,0,0,0,0,0,7205814271,7524581375,7549747199,7188640886.90,1154
1790620185,0,346665,0,567.61,1191.90,1966079,3670015999,23454547967,40198209535,43150999551,274432,44761612287,11827222627.03,14370953977.59,346665,10,10,10,0,0,0,0,0,0,7931428863,8283750399,8313110527,7936351541.26,1192
1790620186,0,347831,0,568.59,1166.94,1971199,3770679295,23370661887,40164655103,43150999551,274432,44761612287,11816757766.39,14347987178.49,347831,10,10,10,0,0,0,0,0,0,8707375103,9059696639,9084862463,8705436227.62,1166
1790620187,0,348984,0,569.54,1153.27,1976319,3865051135,23303553023,40164655103,43150999551,274432,44761612287,11809006868.58,14324903798.00,348984,10,10,10,0,0,0,0,0,0,9470738431,9823059967,9856614399,9470756620.66,1153
1790620188,0,350145,0,570.50,1160.96,1982463,3972005887,23236444159,40164655103,43150999551,274432,44761612287,11803744226.78,14301432117.36,350145,10,10,10,0,0,0,0,0,0,10234101759,10586423295,10619977727,10221851213.17,1161
1790620189,0,351206,0,571.30,1060.99,1986559,4064280575,23186112511,40131100671,43150999551,274432,44761612287,11801426016.83,14279880773.08,351206,10,10,10,0,0,0,0,0,0,11039408127,11383341055,11416895487,11036383959.71,1061
1790620190,0,352215,0,572.01,1008.50,1990655,4143972351,23119003647,40131100671,43150999551,274432,44761612287,11801449174.60,14259417528.32,352215,10,10,10,0,0,0,0,0,0,11819548671,12171870207,12205424639,11809509777.89,1009
1790620191,0,353302,0,572.85,1087.48,1995775,4238344191,23051894783,40131100671,43150999551,274432,44761612287,11803922407.21,14237540238.50,353302,10,10,10,0,0,0,0,0,0,12616466431,12960399359,12993953791,12605311203.97,1087
1790620192,0,354366,0,573.64,1063.50,1999871,4341104639,22984785919,40131100671,43150999551,274432,44761612287,11808687305.26,14216420506.38,354366,10,10,10,0,0,0,0,0,0,13396606975,13748928511,13782482943,13390875286.14,1064
1790620193,0,355468,0,574.50,1102.02,2004991,4437573631,22917677055,40097546239,43150999551,274432,44761612287,11815980548.99,14194975253.52,355468,10,10,10,0,0,0,0,0,0,14151581695,14529069055,14562623487,14161241535.88,1102
1790620194,0,356580,0,575.36,1112.53,2010111,4534042623,22850568191,40097546239,43150999551,274432,44761612287,11825738439.81,14173903652.83,356580,10,10,10,0,0,0,0,0,0,14948499455,15292432383,15334375423,14944999173.53,1112
1790620195,0,357673,0,576.20,1092.76,2015231,4630511615,22783459327,40063991807,43150999551,274432,44761612287,11837631273.97,14153866084.14,357673,10,10,10,0,0,0,0,0,0,15720251391,16080961535,16114515967,15717546008.36,1093
1790620196,0,358746,0,577.00,1072.52,2019327,4718591999,22733127679,40063991807,43117445119,274432,44761612287,11851592353.79,14134987288.64,358746,10,10,10,0,0,0,0,0,0,16500391935,16877879295,16903045119,16505368030.12,1073
1790620197,0,359848,0,577.84,1102.28,2024447,4819255295,22666018815,40063991807,43117445119,274432,44761612287,11868294062.93,14116549434.92,359848,10,10,10,0,0,0,0,0,0,17314086911,17649631231,17683185663,17305382399.07,1102
1790620198,0,360893,0,578.59,1044.88,2029567,4911529983,22598909951,40030437375,43117445119,274432,44761612287,11886273822.94,14100050197.62,360893,10,10,10,0,0,0,0,0,0,18069061631,18454937599,18471714815,18077642897.03,1045
1790620199,0,361986,0,579.41,1093.09,2033663,4999610367,22531801087,40030437375,43117445119,274432,44761612287,11907356090.67,14083963374.96,361986,10,10,10,0,0,0,0,0,0,18874367999,19226689535,19260243967,18868419993.41,1093
1790620200,0,363075,0,580.23,1089.55,2038783,5091885055,22464692223,39996882943,43117445119,274432,44761612287,11930539699.50,14069182034.30,363075,10,10,10,0,0,0,0,0,0,19629342719,19998441471,20031995903,19636822369.56,1089
1790620201,0,364148,0,581.01,1072.39,2043903,5192548351,22397583359,39996882943,43117445119,274432,44761612287,11955529548.67,14055962724.03,364148,10,10,10,0,0,0,0,0,0,20417871871,20786970623,20820525055,20411437739.30,1073
1790620202,0,365262,0,581.86,1114.30,2049023,5314183167,22330474495,39996882943,43117445119,274432,44761612287,11983756507.82,14043792763.83,365262,10,10,10,0,0,0,0,0,0,21223178239,21558722559,21609054207,21210678159.86,1114
1790620203,0,366328,0,582.63,1065.56,2054143,5398069247,22296920063,39963328511,43117445119,274432,44761612287,12012870308.14,14033701277.93,366328,10,10,10,0,0,0,0,0,0,21994930175,22364028927,22380806143,21988634785.38,1066
1790620204,0,367407,0,583.42,1078.88,2058239,5502926847,22447915007,39963328511,43117445119,274432,44761612287,12044490640.08,14025191117.00,367407,10,10,10,0,0,0,0,0,0,22783459327,23135780863,23169335295,22779813121.19,1079
1790620205,0,368451,0,584.15,1044.65,2063359,5607784447,22598909951,39929774079,43117445119,274432,44761612287,12077130079.04,14018690479.00,368451,10,10,10,0,0,0,0,0,0,23571988479,23924310015,23957864447,23563680222.65,1044
1790620206,0,369546,0,584.96,1094.54,2068479,5700059135,22733127679,39929774079,43117445119,274432,44761612287,12113502841.99,14013803170.84,369546,10,10,10,0,0,0,0,0,0,24343740415,24712839167,24746393599,24352389492.19,1095
1790620207,0,370625,0,585.74,1078.97,2072575,5813305343,22884122623,39929774079,43117445119,274432,44761612287,12151429413.29,14010986337.24,370625,10,10,10,0,0,0,0,0,0,25149046783,25501368319,25534922751,25140875859.99,1079
1790620208,0,371701,0,586.51,1076.68,2077695,5913968639,23035117567,39896219647,43117445119,274432,44761612287,12191297873.38,14010250165.15,371701,10,10,10,0,0,0,0,0,0,25937575935,26289897471,26306674687,25923870385.01,1076
1790620209,0,372795,0,587.31,1093.32,2082815,6010437631,23186112511,39896219647,43117445119,274432,44761612287,12233913571.34,14011719163.64,372795,10,10,10,0,0,0,0,0,0,26726105087,27061649407,27095203839,26713161787.90,1094
1790620210,0,373851,0,588.05,1056.18,2086911,6106906623,23320330239,39896219647,43083890687,274432,44761612287,12277000714.13,14015322104.72,373851,10,10,10,0,0,0,0,0,0,27514634239,27850178559,27883732991,27487863776.97,1056
1790620211,0,374931,0,588.82,1079.41,2093055,6211764223,23471325183,39862665215,43083890687,274432,44761612287,12323103923.96,14021388568.09,374931,10,10,10,0,0,0,0,0,0,28303163391,28638707711,28655484927,28282114199.70,1080
1790620212,0,376030,0,589.62,1099.87,2099199,6316621823,23622320127,39862665215,43083890687,274432,44761612287,12372001161.22,14029988837.44,376030,10,10,10,0,0,0,0,0,0,29058138111,29427236863,29444014079,29053611774.84,1099
1790620213,0,377114,0,590.40,1083.77,2103295,6413090815,23773315071,39862665215,43083890687,274432,44761612287,12422186231.00,14040961044.51,377114,10,10,10,0,0,0,0,0,0,29829890047,30198988799,30232543231,29830942493.28,1084
1790620214,0,378201,0,591.17,1087.42,2109439,6509559807,23907532799,39829110783,43083890687,274432,44761612287,12474466682.01,14054548881.24,378201,10,10,10,0,0,0,0,0,0,30618419199,30970740735,31004295167,30612175976.57,1087
1790620215,0,379329,0,592.01,1127.75,2113535,6627000319,24058527743,39829110783,43083890687,274432,44761612287,12530725555.94,14071399976.12,379329,10,10,10,0,0,0,0,0,0,31406948351,31742492671,31792824319,31393458161.48,1128
1790620216,0,380414,0,592.78,1085.18,2119679,6736052223,24209522687,39829110783,43083890687,274432,44761612287,12586763957.62,14090336855.73,380414,10,10,10,0,0,0,0,0,0,32195477503,32547799039,32564576255,32178460613.49,1085
1790620217,0,381537,0,593.60,1123.14,2123775,6840909823,24360517631,39795556351,43083890687,274432,44761612287,12646721744.88,14112801143.29,381537,10,10,10,0,0,0,0,0,0,32967229439,33319550975,33336328191,32957302049.05,1123
1790620218,0,382646,0,594.40,1107.94,2129919,6945767423,24528289791,39795556351,43083890687,274432,44761612287,12707860136.49,14137893649.13,382646,10,10,10,0,0,0,0,0,0,33755758591,34091302911,34124857343,33741727151.21,1109
1790620219,0,383764,0,595.22,1118.80,2134015,7046430719,24679284735,39762001919,43083890687,274432,44761612287,12771387647.23,14166127074.12,383764,10,10,10,0,0,0,0,0,0,34527510527,34863054847,34896609279,34514274835.23,1118
1790620220,0,384887,0,596.03,1122.35,2140159,7025459199,24696061951,39762001919,43083890687,274432,44761612287,12781984025.13,14168195380.16,384887,10,10,10,0,0,0,0,0,0,5414846463,35165044735,35198599167,16403095661.42,1123
1790620221,0,385985,0,596.81,1098.42,2144255,6916407295,24645730303,39762001919,43083890687,274432,44761612287,12762444352.82,14152763122.47,385985,10,10,10,0,0,0,0,0,0,5922357247,6253707263,6287261695,5913112971.42,1098
1790620222,0,387080,0,597.58,1094.74,2150399,6870269951,24595398655,39728447487,43083890687,274432,44761612287,12745247178.57,14136423539.49,387080,10,10,10,0,0,0,0,0,0,6685720575,7038042111,7067402239,6683282517.10,1095
1790620223,0,388169,0,598.34,1089.66,2156543,6949961727,24545067007,39728447487,43083890687,274432,44761612287,12730414982.14,14119354405.44,388169,10,10,10,0,0,0,0,0,0,7453278207,7826571263,7847542783,7458379544.68,1089
1790620224,0,389234,0,599.05,1065.10,2160639,7029653503,24494735359,39728447487,43083890687,274432,44761612287,12718159704.43,14101971177.29,389234,10,10,10,0,0,0,0,0,0,8262778879,8606711807,8640266239,8251381400.40,1065
1790620225,0,390310,0,599.79,1075.72,2164735,7113539583,24461180927,39694893055,43050336255,274432,44761612287,12708002589.46,14083849728.07,390310,10,10,10,0,0,0,0,0,0,9042919423,9395240959,9420406783,9033751205.59,1076
1790620226,0,391423,0,600.57,1112.98,2170879,7205814271,24394072063,39694893055,43050336255,274432,44761612287,12699756722.75,14064664451.26,391423,10,10,10,0,0,0,0,0,0,9814671359,10158604287,10200547327,9808072773.92,1113
1790620227,0,392537,0,601.36,1114.31,2174975,7289700351,24343740415,39661338623,43050336255,274432,44761612287,12693785197.77,14045144192.48,392537,10,10,10,0,0,0,0,0,0,10611589119,10947133439,10980687871,10595587511.38,1114
1790620228,0,393626,0,602.11,1088.24,2181119,7373586431,24293408767,39661338623,43050336255,274432,44761612287,12690109053.47,14025880932.44,393626,10,10,10,0,0,0,0,0,0,11366563839,11727273983,11760828415,11365019380.95,1089
1790620229,0,394762,0,602.92,1136.02,2185215,7457472511,24243077119,39661338623,43050336255,274432,44761612287,12688503954.87,14005722185.97,394762,10,10,10,0,0,0,0,0,0,12129927167,12482248703,12524191743,12132334462.20,1136
1790620230,0,395811,0,603.60,1049.02,2191359,7537164287,24209522687,39627784191,43050336255,274432,44761612287,12689159557.20,13987161282.10,395811,10,10,10,0,0,0,0,0,0,12935233535,13295943679,13321109503,12935877275.70,1049
1790620231,0,396911,0,604.36,1100.36,2195455,7612661759,24159191039,39627784191,43050336255,274432,44761612287,12692005998.56,13967875154.04,396911,10,10,10,0,0,0,0,0,0,13723762687,14067695615,14101250047,13716235818.82,1100
1790620232,0,398055,0,605.18,1144.33,2201599,7704936447,24092082175,39627784191,43050336255,274432,44761612287,12697197413.43,13948129348.77,398055,10,10,10,0,0,0,0,0,0,14503903231,14839447551,14873001983,14498359711.33,1144
1790620233,0,399190,0,605.98,1134.94,2205695,7793016831,24041750527,39594229759,43050336255,274432,44761612287,12704513576.45,13928965103.20,399190,10,10,10,0,0,0,0,0,0,15284043775,15619588095,15644753919,15270359628.24,1135
1790620234,0,400292,0,606.73,1101.93,2211839,7864319999,23991418879,39594229759,43050336255,274432,44761612287,12713708252.25,13910884384.62,400292,10,10,10,0,0,0,0,0,0,16047407103,16391340031,16424894463,16044400298.05,1102
1790620235,0,401474,0,607.61,1181.98,2217983,7956594687,23941087231,39560675327,43050336255,274432,44761612287,12725778613.32,13892172458.72,401474,10,10,10,0,0,0,0,0,0,16819159039,17154703359,17179869183,16813485019.61,1182
1790620236,0,402698,0,608.54,1224.22,2224127,8053063679,23873978367,39560675327,43050336255,274432,44761612287,12740507516.10,13873613789.68,402698,10,10,10,0,0,0,0,0,0,17582522367,17918066687,17951621119,17571611694.85,1224
1790620237,0,403903,0,609.44,1204.99,2230271,8141144063,23823646719,39527120895,43050336255,274432,44761612287,12757201757.28,13856269503.85,403903,10,10,10,0,0,0,0,0,0,18354274303,18673041407,18706595839,18336237056.42,1205
1790620238,0,405132,0,610.37,1228.94,2234367,8233418751,23773315071,39527120895,43016781823,274432,44761612287,12776403839.44,13839620327.68,405132,10,10,10,0,0,0,0,0,0,19092471807,19428016127,19461570559,19087045491.19,1229
1790620239,0,406368,0,611.31,1235.42,2240511,8321499135,23722983423,39493566463,43016781823,274432,44761612287,12797885205.54,13824034120.96,406368,10,10,10,0,0,0,0,0,0,19847446527,20182990847,20216545279,19838976477.20,1236
1790620240,0,407591,0,612.23,1222.78,2246655,8409579519,23672651775,39493566463,43016781823,274432,44761612287,12821271321.54,13809864748.79,407591,10,10,10,0,0,0,0,0,0,20602421247,20937965567,20971519999,20591810310.49,1223
1790620241,0,408683,0,612.95,1092.31,2252799,8501854207,23622320127,39493566463,43016781823,274432,44761612287,12844079292.53,13798445067.95,408683,10,10,10,0,0,0,0,0,0,21374173183,21726494719,21760049151,21357196239.24,1092
1790620242,0,409976,0,613.97,1293.53,2258943,8598323199,23571988479,39460012031,43016781823,274432,44761612287,12873418412.94,13786544740.43,409976,10,10,10,0,0,0,0,0,0,22179479551,22464692223,22498246655,22146736083.65,1293
1790620243,0,411382,0,615.15,1405.82,2267135,8698986495,23504879615,39426457599,43016781823,274432,44761612287,12907583048.57,13775329854.98,411382,10,10,10,0,0,0,0,0,0,22900899839,23186112511,23219666943,22869660329.70,1406
1790620244,0,412839,0,616.41,1456.65,2273279,8816427007,23571988479,39426457599,43016781823,274432,44761612287,12945189753.66,13765517555.76,412839,10,10,10,0,0,0,0,0,0,23571988479,23890755583,23924310015,23563392603.72,1457
1790620245,0,414312,0,617.69,1473.32,2279423,8933867519,23706206207,39392903167,43016781823,274432,44761612287,12985436184.27,13757539979.84,414312,10,10,10,0,0,0,0,0,0,24276631551,24595398655,24628953087,24265338537.97,1473
1790620246,0,415733,0,618.88,1421.01,2287615,9034530815,23840423935,39392903167,43016781823,274432,44761612287,13026452612.97,13751859020.86,415733,10,10,10,0,0,0,0,0,0,24981274623,25316818943,25333596159,24985353813.39,1421
1790620247,0,417185,0,620.12,1452.22,2293759,9143582719,23991418879,39359348735,42983227391,274432,44761612287,13070538639.70,13748165527.49,417185,10,10,10,0,0,0,0,0,0,25702694911,26021462015,26055016447,25693139293.80,1452
1790620248,0,418647,0,621.37,1460.78,2301951,9252634623,24142413823,39359348735,42983227391,274432,44761612287,13117087912.84,13746652043.23,418647,10,10,10,0,0,0,0,0,0,26407337983,26726105087,26759659519,26400028075.25,1462
1790620249,0,420085,0,622.58,1438.66,2308095,9361686527,24276631551,39325794303,42983227391,274432,44761612287,13165000096.57,13747437432.84,420085,10,10,10,0,0,0,0,0,0,27128758271,27447525375,27464302591,27113742780.35,1438
1790620250,0,421553,0,623.83,1468.19,2316287,9462349823,24427626495,39292239871,42983227391,274432,44761612287,13216054587.04,13750634199.18,421553,10,10,10,0,0,0,0,0,0,27833401343,28152168447,28185722879,27825881311.22,1468
1790620251,0,422998,0,625.04,1444.44,2322431,9563013119,24561844223,39292239871,42983227391,274432,44761612287,13268371934.82,13756186699.52,422998,10,10,10,0,0,0,0,0,0,28538044415,28856811519,28890365951,28531025850.55,1445
1790620252,0,424509,0,626.35,1511.94,2330623,9672065023,24712839167,39258685439,42983227391,274432,44761612287,13325153294.95,13764513606.43,424509,10,10,10,0,0,0,0,0,0,29225910271,29561454591,29595009023,29220852679.75,1511
1790620253,0,426024,0,627.66,1513.95,2336767,9781116927,24863834111,39258685439,42983227391,274432,44761612287,13384234451.12,13775569155.08,426024,10,10,10,0,0,0,0,0,0,29947330559,30266097663,30282874879,29939008396.42,1515
1790620254,0,427527,0,628.95,1502.60,2344959,9890168831,25014829055,39225131007,42983227391,274432,44761612287,13444850075.41,13789154149.11,427527,10,10,10,0,0,0,0,0,0,30651973631,30953963519,30987517951,30626294333.66,1503
1790620255,0,429158,0,630.42,1632.10,2353151,10007609343,25165823999,39225131007,42983227391,274432,44761612287,13512862661.46,13806911928.86,429158,10,10,10,0,0,0,0,0,0,31356616703,31625052159,31658606591,31340708693.86,1631
1790620256,0,431199,0,632.49,2041.16,2363391,10150215679,25367150591,39191576575,42983227391,274432,44761612287,13600120111.30,13832194204.81,431199,10,10,10,0,0,0,0,0,0,31943819263,32229031935,32245809151,31947612838.32,2041
1790620257,0,433201,0,634.50,2002.40,2373631,10292822015,25568477183,39191576575,42949672959,274432,44761612287,13687710341.20,13859940742.37,433201,10,10,10,0,0,0,0,0,0,32564576255,32816234495,32849788927,32553254568.28,2002
1790620258,0,435256,0,636.57,2053.32,2383871,10443816959,25769803775,39158022143,42949672959,274432,44761612287,13779570720.10,13891362895.70,435256,10,10,10,0,0,0,0,0,0,33151778815,33420214271,33436991487,33144051499.73,2055
1790620259,0,437200,0,638.48,1944.97,2394111,10578034687,25954353151,39124467711,42949672959,274432,44761612287,13868387330.84,13924016998.31,437200,10,10,10,0,0,0,0,0,0,33755758591,34024194047,34057748479,33754170625.05,1944
1790620260,0,439209,0,640.48,2008.33,2404351,10729029631,26155679743,39090913279,42949672959,274432,44761612287,13962058843.05,13960696240.40,439209,10,10,10,0,0,0,0,0,0,34342961151,34628173823,34661728255,34346919539.45,2009
1790620261,0,441189,0,642.43,1981.30,2412543,10880024575,26340229119,39090913279,42949672959,274432,44761612287,14056231831.99,13999776045.95,441189,10,10,10,0,0,0,0,0,0,34963718143,35232153599,35265708031,34945941073.71,1980
1790620262,0,443174,0,644.38,1984.91,2422783,11022630911,26524778495,39057358847,42949672959,274432,44761612287,14152538733.41,14041989942.79,443174,10,10,10,0,0,0,0,0,0,35567697919,35836133375,35869687807,35557851342.35,1985
1790620263,0,445521,0,646.86,2345.99,2435071,11198791679,26759659519,39023804415,42949672959,274432,44761612287,14268366058.18,14095110745.17,445521,10,10,10,0,0,0,0,0,0,36171677695,36373004287,36406558719,36139545788.92,2347
1790620264,0,447942,0,649.43,2422.07,2449407,11366563839,26994540543,38990249983,42949672959,274432,44761612287,14389299798.54,14152379125.63,447942,10,10,10,0,0,0,0,0,0,36674994175,36876320767,36909875199,36643955286.92,2421
1790620265,0,450375,0,652.01,2432.32,2461695,11559501823,27246198783,38956695551,42949672959,274432,44761612287,14512303438.76,14212442987.04,450375,10,10,10,0,0,0,0,0,0,37178310655,37413191679,37413191679,37158623458.43,2433
1790620266,0,452769,0,654.53,2394.65,2473983,11760828415,27497857023,38956695551,42916118527,274432,44761612287,14634784772.72,14274026733.40,452769,10,10,10,0,0,0,0,0,0,37715181567,37916508159,37950062591,37676777581.50,2394
1790620267,0,455168,0,657.05,2398.58,2486271,11928600575,27732738047,38923141119,42916118527,274432,44761612287,14758963054.39,14338214251.48,455168,10,10,10,0,0,0,0,0,0,38218498047,38453379071,38453379071,38195426753.47,2399
1790620268,0,457648,0,659.67,2480.37,2500607,12104761343,27984396287,38923141119,42916118527,274432,44761612287,14888719639.38,14406962969.14,457648,10,10,10,0,0,0,0,0,0,38721814527,38956695551,38956695551,38703657250.68,2480
1790620269,0,460045,0,662.18,2396.89,2512895,12280922111,28219277311,39191576575,42916118527,274432,44761612287,15015513770.02,14475796807.43,460045,10,10,10,0,0,0,0,0,0,39258685439,39460012031,39493566463,39223724157.60,2397
1790620270,0,462507,0,664.76,2461.79,2527231,12465471487,28454158335,39460012031,42916118527,274432,44761612287,15147065244.26,14548782710.10,462507,10,10,10,0,0,0,0,0,0,39728447487,39963328511,39996882943,39728542890.53,2462
1790620271,0,464909,0,667.26,2401.39,2541567,12658409471,28689039359,39728447487,42916118527,274432,44761612287,15276749973.36,14622309779.13,464909,10,10,10,0,0,0,0,0,0,40265318399,40500199423,40533753855,40247647144.18,2402
1790620272,0,467313,0,669.74,2404.52,2553855,12842958847,28940697599,39963328511,42882564095,274432,44761612287,15407867364.05,14698192484.25,467313,10,10,10,0,0,0,0,0,0,40768634879,41003515903,41037070335,40764629005.63,2404
1790620273,0,469733,0,672.25,2420.34,2568191,13010731007,29158801407,40198209535,42882564095,274432,44761612287,15541160795.05,14776836718.63,469733,10,10,10,0,0,0,0,0,0,41305505791,41540386815,41540386815,41280728201.10,2420
1790620274,0,472147,0,674.74,2414.02,2580479,13186891775,29393682431,40466644991,42882564095,274432,44761612287,15675392685.44,14857480101.22,472147,10,10,10,0,0,0,0,0,0,41808822271,42043703295,42077257727,41795172540.34,2414
1790620275,0,474532,0,677.18,2385.19,2594815,13354663935,29628563455,40701526015,42882564095,274432,44761612287,15809301867.22,14939384694.73,474532,10,10,10,0,0,0,0,0,0,42345693183,42580574207,42580574207,42318659707.65,2385
1790620276,0,476910,0,679.60,2377.76,2609151,13530824703,29863444479,40936407039,42983227391,274432,44761612287,15944100892.97,15023264054.14,476910,10,10,10,0,0,0,0,0,0,42849009663,43083890687,43117445119,42843365520.69,2378
1790620277,0,479359,0,682.12,2447.74,2623487,13723762687,30081548287,41204842495,43251662847,274432,44761612287,16084150209.84,15111751378.41,479359,10,10,10,0,0,0,0,0,0,43352326143,43620761599,43620761599,43356881819.23,2449
1790620278,0,481710,0,684.49,2350.48,2637823,13899923455,30316429311,41406169087,43553652735,274432,44761612287,16219837582.73,15198833667.73,481710,10,10,10,0,0,0,0,0,0,43922751487,44157632511,44157632511,43885921538.29,2351
1790620279,0,484133,0,686.96,2424.81,2652159,14067695615,30534533119,41674604543,43922751487,274432,44761612287,16359995195.60,15289033899.60,484133,10,10,10,0,0,0,0,0,0,44325404671,44560285695,44560285695,44224346699.44,2423
1790620280,0,486565,0,689.43,2431.62,2666495,14243856383,30769414143,41674604543,43922751487,274432,44761612287,16463376147.86,15322066282.08,486565,10,10,10,0,0,0,0,0,0,37044092927,42077257727,42513465343,37043199568.84,2432
1790620281,0,488936,0,691.81,2370.87,2680831,14420017151,30719082495,41674604543,43922751487,274432,44761612287,16509774728.01,15300873976.29,488936,10,10,10,0,0,0,0,0,0,26038239231,30953963519,31356616703,26031463953.92,2371
1790620282,0,491370,0,694.27,2434.32,2695167,14436794367,30651973631,41641050111,43889197055,274432,44761612287,16502389016.49,15264978673.62,491370,10,10,10,0,0,0,0,0,0,15032385535,20048773119,20518535167,15018765248.89,2434
1790620283,0,492454,0,694.82,1083.52,2699263,14361296895,30618419199,41641050111,43889197055,274432,44761612287,16474107032.09,15260991168.55,492454,10,10,10,0,0,0,0,0,0,1966079999,9177137151,9403629567,3654071356.81,1084
1790620284,0,492654,0,694.13,200.04,2697215,14344519679,30601641983,41641050111,43889197055,274432,44761612287,16467419909.89,15261500909.69,492654,10,10,10,0,0,0,0,0,0,1880063,3137535,3276799,1919531.52,200
1790620285,0,492854,0,693.43,199.87,2693119,14336131071,30601641983,41641050111,43889197055,274432,44761612287,16460738217.84,15262007290.58,492854,10,10,10,0,0,0,0,0,0,1973247,3037183,3147775,1926643.20,200
1790620286,0,493054,0,692.74,200.08,2691071,14319353855,30584864767,41641050111,43889197055,274432,44761612287,16454061934.14,15262510335.56,493054,10,10,10,0,0,0,0,0,0,1769471,3018751,3352575,1896300.80,200
1790620287,0,493254,0,692.04,199.93,2689023,14302576639,30584864767,41641050111,43889197055,274432,44761612287,16447391119.65,15263009979.89,493254,10,10,10,0,0,0,0,0,0,1986559,3217407,3977215,2032267.52,200
1790620288,0,493454,0,691.36,200.04,2686975,14285799423,30584864767,41641050111,43889197055,274432,44761612287,16440725667.54,15263506339.49,493454,10,10,10,0,0,0,0,0,0,1948671,3149823,3299327,1921103.36,200
1790620289,0,493654,0,690.67,199.98,2684927,14269022207,30568087551,41641050111,43889197055,274432,44761612287,16434065684.96,15263999299.79,493654,10,10,10,0,0,0,0,0,0,2095103,3258367,4198399,2090465.28,200
1790620290,0,493854,0,689.98,200.14,2680831,14260633599,30568087551,41641050111,43889197055,274432,44761612287,16427411041.19,15264489002.36,493854,10,10,10,0,0,0,0,0,0,1996799,3061759,3250175,1953459.20,200
1790620291,0,494054,0,689.30,199.84,2678783,14243856383,30551310335,41641050111,43889197055,274432,44761612287,16420761769.84,15264975411.78,494054,10,10,10,0,0,0,0,0,0,1883135,3131391,3260415,1915500.80,200
1790620292,0,494254,0,688.62,200.06,2676735,14227079167,30551310335,41641050111,43889197055,274432,44761612287,16414117867.45,15265458532.53,494254,10,10,10,0,0,0,0,0,0,1830911,3039231,3207167,1885120.00,200
1790620293,0,494454,0,687.94,200.07,2674687,14218690559,30551310335,41641050111,43889197055,274432,44761612287,16407479352.63,15265938345.41,494454,10,10,10,0,0,0,0,0,0,1850367,3088383,3280895,1916817.92,200
1790620294,0,494654,0,687.26,199.86,2670591,14201913343,30534533119,41641050111,43889197055,274432,44761612287,16400846286.78,15266414785.26,494654,10,10,10,0,0,0,0,0,0,2029567,3534847,4126719,2116569.60,200
1790620295,0,495444,0,687.40,790.64,2674687,14143193087,30517755903,41641050111,43889197055,274432,44761612287,16375186939.47,15267747574.31,495444,10,10,10,0,0,0,0,0,0,296484863,638582783,669515775,308732783.15,790
1790620296,0,496515,0,687.93,1071.14,2680831,14076084223,30484201471,41641050111,43889197055,274432,44761612287,16342284661.97,15267685942.80,496515,10,10,10,0,0,0,0,0,0,1119879167,1530920959,1561329663,1121709525.45,1071
1790620297,0,497575,0,688.45,1059.50,2686975,14000586751,30450647039,41607495679,43889197055,274432,44761612287,16311739823.41,15265739799.90,497575,10,10,10,0,0,0,0,0,0,1987051519,2426404863,2457862143,2004220468.17,1060
1790620298,0,498556,0,688.85,981.48,2693119,13933477887,30417092607,41607495679,43889197055,274432,44761612287,16285354076.39,15262290790.39,498556,10,10,10,0,0,0,0,0,0,2904555519,3328180223,3357540351,2902185802.37,981
1790620299,0,499602,0,689.35,1045.67,2699263,13866369023,30383538175,41607495679,43889197055,274432,44761612287,16259257402.67,15256951348.63,499602,10,10,10,0,0,0,0,0,0,3814719487,4217372671,4259315711,3820774362.80,1046
1790620300,0,500615,0,689.79,1012.95,2705407,13782482943,30366760959,41607495679,43889197055,274432,44761612287,16235880541.81,15250350592.01,500615,10,10,10,0,0,0,0,0,0,4697620479,5112856575,5154799615,4706634300.15,1013
1790620301,0,501686,0,690.32,1071.30,2713599,13706985471,30333206527,41607495679,43889197055,274432,44761612287,16213199488.03,15241958283.66,501686,10,10,10,0,0,0,0,0,0,5607784447,6006243327,6043992063,5611448100.09,1071
1790620302,0,502743,0,690.82,1056.56,2719743,13631487999,30299652095,41607495679,43889197055,274432,44761612287,16192758092.22,15232442876.02,502743,10,10,10,0,0,0,0,0,0,6492782591,6899630079,6937378815,6490617981.94,1057
1790620303,0,503812,0,691.34,1069.07,2725887,13547601919,30266097663,41573941247,43889197055,274432,44761612287,16174118984.04,15221646605.78,503812,10,10,10,0,0,0,0,0,0,7415529471,7801405439,7839154175,7408280663.17,1069
1790620304,0,504991,0,692.01,1178.98,2734079,13463715839,30215766015,41573941247,43889197055,274432,44761612287,16155679966.48,15208649523.75,504991,10,10,10,0,0,0,0,0,0,8262778879,8673820671,8724152319,8276292080.80,1179
1790620305,0,506187,0,692.70,1196.60,2742271,13379829759,30182211583,41573941247,43889197055,274432,44761612287,16139173225.75,15194462851.43,506187,10,10,10,0,0,0,0,0,0,9185525759,9563013119,9596567551,9169477988.17,1196
1790620306,0,507285,0,693.25,1098.01,2750463,13295943679,30148657151,41573941247,43889197055,274432,44761612287,16125984326.26,15180656279.92,507285,10,10,10,0,0,0,0,0,0,10049552383,10460594175,10485759999,10045793554.19,1098
1790620307,0,508302,0,693.69,1016.91,2756607,13237223423,30115102719,41573941247,43889197055,274432,44761612287,16115612679.66,15167235471.38,508302,10,10,10,0,0,0,0,0,0,10947133439,11349786623,11383341055,10942180284.54,1017
1790620308,0,509392,0,694.23,1089.34,2764799,13153337343,30081548287,41540386815,43889197055,274432,44761612287,16106444012.65,15152297585.49,509392,10,10,10,0,0,0,0,0,0,11827937279,12238979071,12280922111,11830800181.08,1090
1790620309,0,510429,0,694.70,1037.58,2770943,13086228479,30047993855,41540386815,43889197055,274432,44761612287,16099607379.15,15137660477.56,510429,10,10,10,0,0,0,0,0,0,12759072767,13128171519,13170114559,12741336969.50,1037
1790620310,0,511479,0,695.18,1049.85,2777087,13161725951,30014439423,41540386815,43889197055,274432,44761612287,16094545669.02,15122530944.05,511479,10,10,10,0,0,0,0,0,0,13639876607,14034141183,14067695615,13633932680.05,1050
1790620311,0,512563,0,695.71,1083.69,2785279,13228834815,29997662207,41540386815,43855642623,274432,44761612287,16091209109.23,15106709918.52,512563,10,10,10,0,0,0,0,0,0,14520680447,14923333631,14956888063,14516873072.41,1084
1790620312,0,513607,0,696.18,1043.70,2791423,13212057599,29964107775,41540386815,43855642623,274432,44761612287,16076672763.41,15096285719.13,513607,10,10,10,0,0,0,0,0,0,5486149631,15250489343,15284043775,8939897836.38,1044
1790620313,0,514684,0,696.70,1077.82,2799615,13144948735,29930553343,41540386815,43855642623,274432,44761612287,16055671186.89,15087459591.64,514684,10,10,10,0,0,0,0,0,0,6035603455,6455033855,6492782591,6040298194.60,1077
1790620314,0,515784,0,697.24,1100.08,2807807,13069451263,29896998911,41506832383,43855642623,274432,44761612287,16036236015.88,15077229357.75,515784,10,10,10,0,0,0,0,0,0,6949961727,7344226303,7373586431,6942625509.00,1100
1790620315,0,516830,0,697.71,1045.95,2813951,13010731007,29863444479,41506832383,43855642623,274432,44761612287,16019612294.63,15066491978.93,516830,10,10,10,0,0,0,0,0,0,7809794047,8233418751,8275361791,7822433097.91,1046
1790620316,0,517898,0,698.21,1067.59,2822143,12952010751,29829890047,41506832383,43855642623,274432,44761612287,16004552979.71,15054598887.01,517898,10,10,10,0,0,0,0,0,0,8707375103,9126805503,9168748543,8717000796.04,1068
1790620317,0,518958,0,698.70,1060.15,2828287,12884901887,29796335615,41506832383,43855642623,274432,44761612287,15991531676.97,15041974803.29,518958,10,10,10,0,0,0,0,0,0,9638510591,10032775167,10057940991,9629544277.98,1060
1790620318,0,520022,0,699.19,1064.10,2836479,12826181631,29762781183,41506832383,43855642623,274432,44761612287,15980301405.72,15028629827.87,520022,10,10,10,0,0,0,0,0,0,10494148607,10921967615,10955522047,10502821041.08,1064
1790620319,0,521077,0,699.67,1054.60,2842623,12759072767,29729226751,41506832383,43855642623,274432,44761612287,15971054583.22,15014816338.66,521077,10,10,10,0,0,0,0,0,0,11416895487,11827937279,11844714495,11413186212.52,1055
1790620320,0,522193,0,700.23,1116.22,2850815,12700352511,29695672319,41473277951,43855642623,274432,44761612287,15963181872.75,14999732809.43,522193,10,10,10,0,0,0,0,0,0,12297699327,12708741119,12733906943,12287296251.41,1116
1790620321,0,523237,0,700.69,1043.44,2856959,12759072767,29662117887,41473277951,43855642623,274432,44761612287,15957663004.84,14985273585.28,523237,10,10,10,0,0,0,0,0,0,13195280383,13589544959,13631487999,13197208799.63,1044
1790620322,0,524269,0,701.13,1032.27,2865151,12809404415,29628563455,41473277951,43855642623,274432,44761612287,15953993762.70,14970749975.01,524269,10,10,10,0,0,0,0,0,0,14101250047,14512291839,14529069055,14093641775.63,1032
1790620323,0,525328,0,701.61,1059.66,2871295,12868124671,29595009023,41473277951,43855642623,274432,44761612287,15952027171.66,14955721127.75,525328,10,10,10,0,0,0,0,0,0,14982053887,15384707071,15426650111,14978445756.80,1059
1790620324,0,526432,0,702.14,1103.25,2879487,12926844927,29561454591,41473277951,43855642623,274432,44761612287,15951864153.05,14940035936.97,526432,10,10,10,0,0,0,0,0,0,15879634943,16282288127,16315842559,15874293285.10,1104
1790620325,0,527517,0,702.66,1085.70,2889727,12985565183,29527900159,41473277951,43855642623,274432,44761612287,15953547254.70,14924714001.35,527517,10,10,10,0,0,0,0,0,0,16777215999,17154703359,17213423615,16770172661.85,1085
1790620326,0,528570,0,703.12,1052.21,2895871,13035896831,29494345727,41439723519,43855642623,274432,44761612287,15956944658.89,14910038575.11,528570,10,10,10,0,0,0,0,0,0,17683185663,18069061631,18102616063,17658928008.39,1053
1790620327,0,529658,0,703.63,1088.75,2904063,13086228479,29460791295,41439723519,43822088191,274432,44761612287,15962274436.09,14895184637.91,529658,10,10,10,0,0,0,0,0,0,18572378111,18958254079,18991808511,18551576214.59,1088
1790620328,0,530760,0,704.16,1101.11,2912255,13153337343,29427236863,41439723519,43822088191,274432,44761612287,15969504667.71,14880561977.82,530760,10,10,10,0,0,0,0,0,0,19444793343,19847446527,19881000959,19444595427.66,1102
1790620329,0,531840,0,704.66,1080.74,2920447,13212057599,29393682431,41439723519,43822088191,274432,44761612287,15978366800.98,14866748128.23,531840,10,10,10,0,0,0,0,0,0,20333985791,20753416191,20786970623,20333612964.98,1080
1790620330,0,532910,0,705.14,1070.10,2928639,13262389247,29360127999,41439723519,43822088191,274432,44761612287,15988919474.38,14853683304.37,532910,10,10,10,0,0,0,0,0,0,21239955455,21642608639,21676163071,21234091270.22,1070
1790620331,0,534022,0,705.68,1112.12,2936831,13321109503,29309796351,41439723519,43822088191,274432,44761612287,16001682343.88,14840845170.02,534022,10,10,10,0,0,0,0,0,0,22129147903,22531801087,22565355519,22118103909.29,1112
1790620332,0,535123,0,706.20,1100.41,2945023,13379829759,29276241919,41406169087,43822088191,274432,44761612287,16016102500.73,14828975736.53,535123,10,10,10,0,0,0,0,0,0,23018340351,23404216319,23454547967,23010363174.37,1101
1790620333,0,536213,0,706.71,1089.98,2953215,13438550015,29259464703,41406169087,43822088191,274432,44761612287,16032129197.96,14818156274.48,536213,10,10,10,0,0,0,0,0,0,23907532799,24293408767,24343740415,23900252411.77,1090
1790620334,0,537303,0,707.21,1090.47,2961407,13497270271,29225910271,41406169087,43822088191,274432,44761612287,16049873935.00,14808353776.24,537303,10,10,10,0,0,0,0,0,0,24779948031,25199378431,25232932863,24779193826.88,1090
1790620335,0,538408,0,707.73,1104.48,2971647,13555990527,29192355839,41406169087,43822088191,274432,44761612287,16069643568.77,14799576688.94,538408,10,10,10,0,0,0,0,0,0,25685917695,26088570879,26122125311,25682569844.30,1105
1790620336,0,539495,0,708.23,1087.67,2979839,13623099391,29158801407,41406169087,43822088191,274432,44761612287,16090802315.65,14792161728.32,539495,10,10,10,0,0,0,0,0,0,26591887359,26977763327,27011317759,26571058608.40,1087
1790620337,0,540583,0,708.73,1087.76,2990079,13681819647,29125246975,41406169087,43822088191,274432,44761612287,16113669232.70,14786043572.55,540583,10,10,10,0,0,0,0,0,0,27464302591,27883732991,27900510207,27452444431.06,1088
1790620338,0,541676,0,709.23,1093.11,2998271,13740539903,29091692543,41372614655,43822088191,274432,44761612287,16138341200.64,14781310177.97,541676,10,10,10,0,0,0,0,0,0,28353495039,28756148223,28789702655,28340762468.48,1093
1790620339,0,542724,0,709.68,1047.33,3006463,13790871551,29125246975,41372614655,43822088191,274432,44761612287,16163639015.06,14778231987.58,542724,10,10,10,0,0,0,0,0,0,29242687487,29645340671,29695672319,29239229588.52,1048
1790620340,0,543807,0,710.16,1083.21,3016703,13857980415,29225910271,41372614655,43822088191,274432,44761612287,16191475631.26,14776658848.97,543807,10,10,10,0,0,0,0,0,0,30148657151,30551310335,30568087551,30141244503.93,1083
1790620341,0,544872,0,710.63,1065.26,3026943,13908312063,29309796351,41372614655,43822088191,274432,44761612287,16220472660.64,14776749748.43,544872,10,10,10,0,0,0,0,0,0,31021072383,31440502783,31474057215,31026845951.76,1065
1790620342,0,545939,0,711.09,1066.65,3035135,13967032319,29393682431,41372614655,43822088191,274432,44761612287,16251138395.48,14778563027.87,545939,10,10,10,0,0,0,0,0,0,31910264831,32329695231,32380026879,31910838748.01,1067
1790620343,0,546992,0,711.54,1052.87,3045375,14025752575,29477568511,41372614655,43822088191,274432,44761612287,16283024591.81,14782176701.32,546992,10,10,10,0,0,0,0,0,0,32816234495,33235664895,33269219327,32814760713.97,1053
1790620344,0,548046,0,711.98,1053.76,3053567,14025752575,29511122943,41339060223,43822088191,274432,44761612287,16288934795.62,14781525435.72,548046,10,10,10,0,0,0,0,0,0,5486149631,33671872511,33705426943,19356139924.16,1054
1790620345,0,549117,0,712.45,1071.76,3063807,13967032319,29477568511,41339060223,43788533759,274432,44761612287,16268714188.60,14774190279.49,549117,10,10,10,0,0,0,0,0,0,5918162943,6329204735,6371147775,5921540709.83,1071
1790620346,0,550238,0,712.98,1120.45,3074047,13908312063,29444014079,41339060223,43788533759,274432,44761612287,16249455364.48,14765291057.96,550238,10,10,10,0,0,0,0,0,0,6803161087,7226785791,7256145919,6815603690.99,1121
1790620347,0,551322,0,713.46,1084.67,3082239,13849591807,29410459647,41339060223,43788533759,274432,44761612287,16232676790.41,14755615858.13,551322,10,10,10,0,0,0,0,0,0,7725907967,8128561151,8153726975,7715878783.53,1084
1790620348,0,552425,0,713.96,1103.18,3094527,13782482943,29393682431,41339060223,43788533759,274432,44761612287,16217447563.00,14744813658.69,552425,10,10,10,0,0,0,0,0,0,8598323199,9009364991,9042919423,8605291524.64,1103
1790620349,0,553516,0,714.45,1090.81,3102719,13732151295,29360127999,41305505791,43788533759,274432,44761612287,16204196923.33,14733297149.72,553516,10,10,10,0,0,0,0,0,0,9512681471,9898557439,9940500479,9494770140.80,1091
1790620350,0,554585,0,714.90,1069.22,3112959,13673431039,29326573567,41305505791,43788533759,274432,44761612287,16192974474.82,14721309927.60,554585,10,10,10,0,0,0,0,0,0,10385096703,10779361279,10829692927,10382118708.92,1069
1790620351,0,555660,0,715.37,1074.07,3123199,13614710783,29293019135,41305505791,43788533759,274432,44761612287,16183463883.98,14708653451.49,555660,10,10,10,0,0,0,0,0,0,11291066367,11676942335,11710496767,11277016425.02,1075
1790620352,0,556764,0,715.87,1103.99,3135487,13547601919,29276241919,41305505791,43788533759,274432,44761612287,16175510342.14,14695151171.76,556764,10,10,10,0,0,0,0,0,0,12171870207,12574523391,12608077823,12172371700.87,1104
1790620353,0,557846,0,716.34,1082.62,3145727,13488881663,29242687487,41305505791,43788533759,274432,44761612287,16169499789.22,14681530172.88,557846,10,10,10,0,0,0,0,0,0,13094617087,13463715839,13497270271,13076653682.51,1082
1790620354,0,558915,0,716.79,1068.33,3158015,13539213311,29209133055,41305505791,43788533759,274432,44761612287,16165273443.84,14667805140.57,558915,10,10,10,0,0,0,0,0,0,13967032319,14361296895,14394851327,13959801167.27,1069
1790620355,0,560047,0,717.32,1132.89,3172351,13606322175,29175578623,41305505791,43788533759,274432,44761612287,16162600137.00,14653098568.18,560047,10,10,10,0,0,0,0,0,0,14847836159,15233712127,15275655167,14842678499.96,1132
1790620356,0,561165,0,717.83,1117.31,3182591,13665042431,29158801407,41271951359,43788533759,274432,44761612287,16161735460.56,14638512115.17,561165,10,10,10,0,0,0,0,0,0,15737028607,16139681791,16164847615,15728587477.41,1118
1790620357,0,562261,0,718.32,1096.86,3196927,13715374079,29125246975,41271951359,43788533759,274432,44761612287,16162609538.85,14624255840.52,562261,10,10,10,0,0,0,0,0,0,16609443839,17028874239,17054040063,16610147993.23,1096
1790620358,0,563354,0,718.79,1091.88,3213311,13757317119,29091692543,41271951359,43788533759,274432,44761612287,16165235594.71,14610188297.14,563354,10,10,10,0,0,0,0,0,0,17532190719,17934843903,17951621119,17516131102.21,1093
1790620359,0,564422,0,719.24,1068.11,3229695,13816037375,29074915327,41271951359,43788533759,274432,44761612287,16169491155.22,14596690612.03,564422,10,10,10,0,0,0,0,0,0,18421383167,18807259135,18840813567,18414235571.30,1068
1790620360,0,565497,0,719.69,1075.90,3246079,13765705727,29041360895,41271951359,43788533759,274432,44761612287,16149638499.46,14590131129.90,565497,10,10,10,0,0,0,0,0,0,5477761023,5867831295,18857590783,5726126247.65,1075
1790620361,0,566617,0,720.20,1119.61,3266559,13715374079,29007806463,41271951359,43788533759,274432,44761612287,16130267364.68,14582206469.74,566617,10,10,10,0,0,0,0,0,0,6345981951,6744440831,6777995263,6349625753.60,1120
1790620362,0,567738,0,720.71,1121.01,3287039,13656653823,28974252031,41238396927,43754979327,274432,44761612287,16110113242.73,14574917516.73,567738,10,10,10,0,0,0,0,0,0,6186598399,7017070591,7046430719,5923076565.52,1121
1790620363,0,568713,0,721.03,975.18,3307519,13614710783,28957474815,41238396927,43754979327,274432,44761612287,16085654058.73,14574455860.31,568713,10,10,10,0,0,0,0,0,0,1847590911,3680501759,3850371071,1843184102.27,975
1790620364,0,568913,0,720.37,199.89,3305471,13606322175,28957474815,41238396927,43754979327,274432,44761612287,16080000485.24,14575012119.68,568913,10,10,10,0,0,0,0,0,0,3581951,5902335,7770111,3696800.00,200
1790620365,0,569113,0,719.72,200.15,3301375,13597933567,28940697599,41238396927,43754979327,274432,44761612287,16074350878.69,14575565783.63,569113,10,10,10,0,0,0,0,0,0,3487743,6422527,7675903,3677830.40,200
1790620366,0,569313,0,719.06,199.95,3301375,13581156351,28940697599,41238396927,43754979327,274432,44761612287,16068705400.30,14576116675.17,569313,10,10,10,0,0,0,0,0,0,4001791,6385663,8445951,4129674.24,200
1790620367,0,569513,0,718.40,199.94,3299327,13572767743,28940697599,41238396927,43754979327,274432,44761612287,16063063907.53,14576664952.25,569513,10,10,10,0,0,0,0,0,0,3934207,7213055,8151039,4188032.00,200
1790620368,0,569713,0,717.75,200.02,3297279,13564379135,28923920383,41238396927,43754979327,274432,44761612287,16057426239.08,14577210793.24,569713,10,10,10,0,0,0,0,0,0,3690495,7262207,7778303,3798898.56,200
1790620369,0,569913,0,717.10,200.00,3291135,13547601919,28923920383,41238396927,43754979327,274432,44761612287,16051792364.88,14577754231.76,569913,10,10,10,0,0,0,0,0,0,2998271,6557695,10330111,3335498.24,200
1790620370,0,570113,0,716.45,200.02,3287039,13530824703,28923920383,41238396927,43754979327,274432,44761612287,16046162601.48,14578294919.93,570113,10,10,10,0,0,0,0,0,0,3516415,6053887,7573503,3785857.28,200
1790620371,0,570313,0,715.80,199.96,3284991,13522436095,28907143167,41238396927,43754979327,274432,44761612287,16040536709.76,14578833121.71,570313,10,10,10,0,0,0,0,0,0,3461119,6430719,8269823,3566665.60,200
1790620372,0,570513,0,715.15,199.92,3280895,13522436095,28907143167,41238396927,43754979327,254080,44761612287,16034914723.64,14579368800.35,570513,10,10,10,0,0,0,0,0,0,3401727,6164479,6803455,3455895.36,200
1790620373,0,570713,0,714.51,200.16,3280895,13505658879,28890365951,41238396927,43754979327,254080,44761612287,16029296786.89,14579901798.48,570713,10,10,10,0,0,0,0,0,0,3692543,6012927,6590463,3767018.88,200
1790620374,0,570913,0,713.87,199.86,3278847,13497270271,28890365951,41238396927,43754979327,254080,44761612287,16023682760.77,14580432269.35,570913,10,10,10,0,0,0,0,0,0,3721215,6123519,6582271,3694339.20,200
1790620375,0,571113,0,713.22,200.01,3276799,13488881663,28890365951,41238396927,43754979327,254080,44761612287,16018072790.24,14580960054.40,571113,10,10,10,0,0,0,0,0,0,3911679,6909951,9879551,4047257.60,200
1790620376,0,571313,0,712.58,200.02,3274751,13480493055,28890365951,41238396927,43754979327,254080,44761612287,16012466738.94,14581485304.16,571313,10,10,10,0,0,0,0,0,0,3983359,7110655,9388031,4022866.56,200
1790620377,0,571513,0,711.95,199.97,3272703,13472104447,28873588735,41238396927,43754979327,254080,44761612287,16006864491.33,14582008146.07,571513,10,10,10,0,0,0,0,0,0,3717119,6500351,7827455,3680040.96,200
1790620378,0,571713,0,711.31,200.00,3270655,13463715839,28873588735,41238396927,43754979327,254080,44761612287,16001266182.79,14582528432.11,571713,10,10,10,0,0,0,0,0,0,3530751,6557695,8929279,3735641.60,200
1790620379,0,571913,0,710.67,200.10,3266559,13446938623,28873588735,41238396927,43754979327,254080,44761612287,15995671736.60,14583046247.11,571913,10,10,10,0,0,0,0,0,0,3422207,6451199,7471103,3583660.80,200
1790620380,0,572113,0,710.04,200.06,3262463,13438550015,28856811519,41238396927,43754979327,254080,44761612287,15990081023.36,14583561733.50,572113,10,10,10,0,0,0,0,0,0,3080191,5177343,6062079,3073123.20,200
1790620381,0,572313,0,709.41,199.99,3262463,13430161407,28856811519,41238396927,43754979327,254080,44761612287,15984494585.30,14584074297.54,572313,10,10,10,0,0,0,0,0,0,4032511,6373375,7294975,4125388.80,200
1790620382,0,572513,0,708.78,200.01,3260415,13421772799,28856811519,41238396927,43754979327,254080,44761612287,15978911879.70,14584584534.80,572513,10,10,10,0,0,0,0,0,0,3545087,5689343,7647231,3636929.28,200
1790620383,0,572713,0,708.15,199.94,3258367,13413384191,28840034303,41238396927,43754979327,254080,44761612287,15973333244.02,14585092076.25,572713,10,10,10,0,0,0,0,0,0,3813375,7991295,9609215,4125982.72,200
1790620384,0,572913,0,707.52,199.91,3258367,13404995583,28840034303,41238396927,43754979327,254080,44761612287,15967758483.29,14585597136.11,572913,10,10,10,0,0,0,0,0,0,3725311,8224767,8798207,4068773.76,200
1790620385,0,573113,0,706.89,200.06,3254271,13396606975,28840034303,41238396927,43754979327,254080,44761612287,15962187288.02,14586100053.55,573113,10,10,10,0,0,0,0,0,0,2967551,5115903,5697535,3136330.24,200
1790620386,0,573313,0,706.27,200.04,3250175,13388218367,28840034303,41238396927,43754979327,254080,44761612287,15956620093.04,14586600353.29,573313,10,10,10,0,0,0,0,0,0,3209215,6184959,8065023,3460995.20,200
1790620387,0,573513,0,705.65,199.96,3248127,13379829759,28823257087,41238396927,43754979327,254080,44761612287,15951056930.96,14587098000.48,573513,10,10,10,0,0,0,0,0,0,3364863,10903551,12328959,3891215.36,200
1790620388,0,573713,0,705.03,200.10,3244031,13363052543,28823257087,41238396927,43754979327,254080,44761612287,15945497707.39,14587593099.01,573713,10,10,10,0,0,0,0,0,0,3571711,8536063,13205503,4062773.76,200
1790620389,0,573913,0,704.40,199.81,3241983,13354663935,28823257087,41238396927,43754979327,254080,44761612287,15939942028.37,14588086079.91,573913,10,10,10,0,0,0,0,0,0,2899967,5758975,7229439,3115645.44,200
1790620390,0,574113,0,703.79,200.16,3237887,13346275327,28806479871,41204842495,43754979327,254080,44761612287,15934390272.00,14588576530.55,574113,10,10,10,0,0,0,0,0,0,2959359,6152191,7413759,3264517.12,200
1790620391,0,574313,0,703.17,199.87,3233791,13337886719,28806479871,41204842495,43754979327,254080,44761612287,15928842287.14,14589064616.57,574313,10,10,10,0,0,0,0,0,0,2981887,4800511,6348799,2991106.56,200
1790620392,0,574513,0,702.55,200.02,3229695,13329498111,28789702655,41204842495,43754979327,254080,44761612287,15923298258.51,14589550136.90,574513,10,10,10,0,0,0,0,0,0,3180543,5828607,6975487,3259688.32,200
1790620393,0,574713,0,701.94,200.06,3225599,13321109503,28789702655,41204842495,43754979327,254080,44761612287,15917757980.82,14590033316.17,574713,10,10,10,0,0,0,0,0,0,2914303,4448255,4841471,2950220.16,200
1790620394,0,574913,0,701.33,199.97,3221503,13312720895,28789702655,41204842495,43754979327,254080,44761612287,15912221612.55,14590513982.09,574913,10,10,10,0,0,0,0,0,0,2852863,5697535,7020543,3107498.88,200
1790620395,0,575113,0,700.72,200.06,3217407,13304332287,28772925439,41204842495,43754979327,254080,44761612287,15906689139.64,14590992150.59,575113,10,10,10,0,0,0,0,0,0,3024895,5627903,8486911,3236162.56,200
1790620396,0,575313,0,700.11,200.00,3213311,13295943679,28772925439,41204842495,43754979327,254080,44761612287,15901160375.41,14591468025.74,575313,10,10,10,0,0,0,0,0,0,2822143,4751359,5074943,2839456.64,200
1790620397,0,575513,0,699.50,200.04,3211263,13279166463,28772925439,41204842495,43754979327,254080,44761612287,15895635646.92,14591941251.75,575513,10,10,10,0,0,0,0,0,0,3256319,5496831,7860223,3395046.40,200
1790620398,0,575713,0,698.89,199.92,3209215,13270777855,28756148223,41204842495,43754979327,254080,44761612287,15890114719.91,14592412084.46,575713,10,10,10,0,0,0,0,0,0,3284991,4993023,5988351,3288387.84,200
1790620399,0,575913,0,698.29,200.02,3207167,13262389247,28756148223,41204842495,43754979327,254080,44761612287,15884597671.82,14592880440.14,575913,10,10,10,0,0,0,0,0,0,3327999,5574655,6492159,3416145.92,200
1790620400,0,576113,0,697.69,199.94,3201023,13262389247,28739371007,41204842495,43754979327,254080,44761612287,15879084142.04,14593346711.75,576113,10,10,10,0,0,0,0,0,0,2236415,5439487,7892991,2516740.48,200
1790620401,0,576313,0,697.08,199.95,3194879,13245612031,28739371007,41204842495,43754979327,254080,44761612287,15873574347.18,14593810663.86,576313,10,10,10,0,0,0,0,0,0,2258943,3516415,4190207,2252135.04,200
1790620402,0,576513,0,696.48,200.07,3188735,13237223423,28739371007,41204842495,43754979327,254080,44761612287,15868068233.20,14594272355.71,576513,10,10,10,0,0,0,0,0,0,1784831,2971647,3444735,1842905.60,200
1790620403,0,576713,0,695.88,199.99,3182591,13228834815,28739371007,41204842495,43754979327,254080,44761612287,15862565908.10,14594731670.33,576713,10,10,10,0,0,0,0,0,0,1752063,2672639,3020799,1756155.52,200
1790620404,0,576913,0,695.29,199.94,3176447,13220446207,28722593791,41204842495,43754979327,254080,44761612287,15857067402.61,14595188574.85,576913,10,10,10,0,0,0,0,0,0,1776639,2637823,2963455,1769413.76,200
1790620405,0,577113,0,694.69,200.00,3170303,13212057599,28722593791,41204842495,43754979327,254080,44761612287,15851572756.91,14595643026.21,577113,10,10,10,0,0,0,0,0,0,1786879,3383295,5173247,1910090.88,200
1790620406,0,577313,0,694.10,200.16,3164159,13203668991,28705816575,41204842495,43754979327,254080,44761612287,15846081950.38,14596095047.41,577313,10,10,10,0,0,0,0,0,0,1933311,3248127,5496831,2002798.72,200
1790620407,0,577513,0,693.50,199.98,3158015,13195280383,28705816575,41204842495,43754979327,254080,44761612287,15840594854.81,14596544778.16,577513,10,10,10,0,0,0,0,0,0,1703935,2674687,3031039,1736812.80,200
1790620408,0,577713,0,692.91,199.92,3151871,13186891775,28705816575,41204842495,43754979327,254080,44761612287,15835111430.76,14596992261.65,577713,10,10,10,0,0,0,0,0,0,1422335,2088959,2400255,1368076.80,200
1790620409,0,577913,0,692.32,199.96,3145727,13178503167,28689039359,41204842495,43754979327,254080,44761612287,15829631795.36,14597437371.29,577913,10,10,10,0,0,0,0,0,0,1353727,2069503,2265087,1348750.08,200
1790620410,0,578113,0,691.73,200.12,3139583,13170114559,28689039359,41204842495,43754979327,254080,44761612287,15824155995.82,14597880056.43,578113,10,10,10,0,0,0,0,0,0,1350655,2899967,3069951,1477322.88,200
1790620411,0,578313,0,691.14,199.84,3135487,13161725951,28689039359,41204842495,43754979327,254080,44761612287,15818684165.47,14598320173.21,578313,10,10,10,0,0,0,0,0,0,2049023,3088383,3327999,2002865.92,200
1790620412,0,578513,0,690.56,200.08,3129343,13144948735,28672262143,41204842495,43754979327,254080,44761612287,15813216138.94,14598757901.50,578513,10,10,10,0,0,0,0,0,0,2121727,3137535,4493311,2061992.96,200
1790620413,0,578713,0,689.97,199.95,3125247,13136560127,28672262143,41204842495,43754979327,254080,44761612287,15807751871.44,14599193290.32,578713,10,10,10,0,0,0,0,0,0,2039807,3158015,3360767,2002955.52,200
1790620414,0,578913,0,689.39,200.10,3119103,13128171519,28672262143,41204842495,43754979327,254080,44761612287,15802291394.11,14599626306.49,578913,10,10,10,0,0,0,0,0,0,2081791,3211263,3350527,2045322.24,200
1790620415,0,579757,0,689.57,843.41,3125247,13086228479,28638707711,41204842495,43754979327,254080,44761612287,15779791757.21,14600893430.46,579757,10,10,10,0,0,0,0,0,0,342097919,675282943,704643071,346933580.44,844
1790620416,0,580808,0,690.00,1052.03,3135487,13035896831,28621930495,41204842495,43754979327,254080,44761612287,15753377650.72,14600867116.98,580808,10,10,10,0,0,0,0,0,0,1190133759,1609564159,1641021439,1182718152.71,1051
1790620417,0,581804,0,690.37,995.36,3145727,12993953791,28588376063,41171288063,43754979327,254080,44761612287,15730072714.99,14599219390.51,581804,10,10,10,0,0,0,0,0,0,2160066559,2558525439,2594177023,2140019387.12,996
1790620418,0,582823,0,690.75,1019.48,3153919,12943622143,28554821631,41171288063,43754979327,254080,44761612287,15707972017.29,14596012084.12,582823,10,10,10,0,0,0,0,0,0,3099590655,3510632447,3535798271,3089449619.22,1019
1790620419,0,583888,0,691.20,1064.40,3166207,12893290495,28521267199,41171288063,43754979327,254080,44761612287,15686673441.72,14591208529.82,583888,10,10,10,0,0,0,0,0,0,4028628991,4450156543,4496293887,4030992964.75,1065
1790620420,0,584928,0,691.61,1039.99,3176447,12851347455,28504489983,41171288063,43754979327,254080,44761612287,15667607243.74,14585233865.72,584928,10,10,10,0,0,0,0,0,0,4949278719,5398069247,5448400895,4963257044.68,1040
1790620421,0,585980,0,692.04,1052.73,3186687,12801015807,28470935551,41171288063,43754979327,254080,44761612287,15650126112.28,14577969080.47,585980,10,10,10,0,0,0,0,0,0,5926551551,6354370559,6396313599,5930351144.88,1052
1790620422,0,586985,0,692.41,1004.77,3198975,12750684159,28437381119,41171288063,43754979327,254080,44761612287,15635089914.65,14570012950.16,586985,10,10,10,0,0,0,0,0,0,6874464255,7302283263,7340031999,6868014209.40,1005
1790620423,0,588010,0,692.80,1025.32,3211263,12700352511,28420603903,41137733631,43754979327,254080,44761612287,15621445085.57,14560974493.27,588010,10,10,10,0,0,0,0,0,0,7813988351,8241807359,8279556095,7807484111.80,1025
1790620424,0,589100,0,693.26,1090.02,3227647,12650020863,28387049471,41137733631,43754979327,254080,44761612287,15608718569.12,14550504822.65,589100,10,10,10,0,0,0,0,0,0,8740929535,9185525759,9227468799,8743288351.00,1090
1790620425,0,590139,0,693.67,1038.70,3241983,12599689215,28370272255,41137733631,43721424895,254080,44761612287,15598328381.66,14539799976.67,590139,10,10,10,0,0,0,0,0,0,9705619455,10150215679,10183770111,9707222091.89,1039
1790620426,0,591152,0,694.05,1012.36,3256319,12549357567,28336717823,41137733631,43721424895,254080,44761612287,15589896263.47,14528766796.85,591152,10,10,10,0,0,0,0,0,0,10687086591,11089739775,11140071423,10677633881.21,1013
1790620427,0,592163,0,694.42,1011.32,3270655,12490637311,28303163391,41137733631,43721424895,254080,44761612287,15583118249.53,14517288588.16,592163,10,10,10,0,0,0,0,0,0,11626610687,12046041087,12079595519,11619877398.79,1011
1790620428,0,593231,0,694.86,1068.52,3289087,12499025919,28286386175,41137733631,43721424895,254080,44761612287,15577689019.13,14504783039.78,593231,10,10,10,0,0,0,0,0,0,12582911999,13002342399,13027508223,12567399358.80,1068
1790620429,0,594286,0,695.28,1054.04,3307519,12549357567,28252831743,41104179199,43721424895,254080,44761612287,15574013160.70,14492169194.27,594286,10,10,10,0,0,0,0,0,0,13514047487,13941866495,13975420927,13507062282.19,1055
1790620430,0,595338,0,695.69,1053.06,3327999,12599689215,28219277311,41104179199,43721424895,254080,44761612287,15572029309.95,14479440435.03,595338,10,10,10,0,0,0,0,0,0,14453571583,14881390591,14923333631,14451330900.68,1052
1790620431,0,596406,0,696.13,1067.42,3348479,12650020863,28185722879,41104179199,43721424895,254080,44761612287,15571720183.17,14466476659.85,596406,10,10,10,0,0,0,0,0,0,15393095679,15829303295,15871246335,15399402845.00,1068
1790620432,0,597430,0,696.51,1023.68,3366911,12691963903,28152168447,41104179199,43721424895,254080,44761612287,15573032178.30,14454112548.38,597430,10,10,10,0,0,0,0,0,0,16341008383,16768827391,16810770431,16337174528.00,1024
1790620433,0,598463,0,696.90,1033.48,3389439,12742295551,28135391231,41104179199,43721424895,254080,44761612287,15576008405.56,14441814536.55,598463,10,10,10,0,0,0,0,0,0,17314086911,17733517311,17767071743,17297293454.75,1033
1790620434,0,599472,0,697.26,1009.05,3414015,12775849983,28101836799,41104179199,43721424895,254080,44761612287,15580524708.06,14430078982.59,599472,10,10,10,0,0,0,0,0,0,18270388223,18689818623,18723373055,18259256067.30,1009
1790620435,0,600540,0,697.70,1067.92,3440639,12826181631,28068282367,41070624767,43721424895,254080,44761612287,15586930487.03,14418045502.70,600540,10,10,10,0,0,0,0,0,0,19176357887,19629342719,19662897151,19182515817.47,1068
1790620436,0,601649,0,698.17,1109.17,3469311,12876513279,28051505151,41070624767,43721424895,254080,44761612287,15595342510.91,14406086013.17,601649,10,10,10,0,0,0,0,0,0,20166213631,20568866815,20619198463,20150578597.97,1109
1790620437,0,602847,0,698.75,1198.20,3504127,12926844927,28001173503,41070624767,43721424895,254080,44761612287,15606225485.73,14393836222.06,602847,10,10,10,0,0,0,0,0,0,21088960511,21508390911,21541945343,21071777169.74,1198
1790620438,0,603970,0,699.24,1122.97,3536895,12968787967,27967619071,41070624767,43721424895,254080,44761612287,15618165482.88,14383113705.93,603970,10,10,10,0,0,0,0,0,0,22028484607,22447915007,22498246655,22027774975.09,1123
1790620439,0,605132,0,699.78,1161.92,3573759,13019119615,27950841855,41070624767,43721424895,254080,44761612287,15632294959.22,14372912743.00,605132,10,10,10,0,0,0,0,0,0,23001563135,23404216319,23437770751,22976339559.10,1162
1790620440,0,606270,0,700.28,1138.03,3612671,13019119615,27917287423,41070624767,43721424895,254080,44761612287,15632813758.45,14364888555.44,606270,10,10,10,0,0,0,0,0,0,23521656831,23974641663,24008196095,15908685474.87,1138
1790620441,0,607442,0,700.83,1171.90,3651583,12977176575,27883732991,41037070335,43721424895,254080,44761612287,15613961606.14,14357432941.27,607442,10,10,10,0,0,0,0,0,0,5855248383,6287261695,6325010431,5861833298.13,1172
1790620442,0,608601,0,701.36,1158.44,3688447,12926844927,27850178559,41037070335,43721424895,254080,44761612287,15597191814.25,14348897141.19,608601,10,10,10,0,0,0,0,0,0,6807355391,7230980095,7268728831,6807997746.58,1159
1790620443,0,609821,0,701.95,1220.66,3731455,12876513279,27816624127,41037070335,43721424895,254080,44761612287,15581480260.20,14338836806.18,609821,10,10,10,0,0,0,0,0,0,7734296575,8170504191,8204058623,7743720008.18,1220
1790620444,0,610958,0,702.45,1137.20,3772415,12826181631,27783069695,41037070335,43721424895,254080,44761612287,15568663318.41,14328567902.37,610958,10,10,10,0,0,0,0,0,0,8698986495,9110028287,9151971327,8694397477.38,1137
1790620445,0,612142,0,703.01,1183.82,3821567,12775849983,27749515263,41037070335,43687870463,254080,44761612287,15557199405.25,14317077661.42,612142,10,10,10,0,0,0,0,0,0,9672065023,10057940991,10091495423,9641684659.89,1184
1790620446,0,613310,0,703.54,1167.84,3866623,12725518335,27715960831,41037070335,43687870463,254080,44761612287,15547694592.77,14305098400.10,613310,10,10,10,0,0,0,0,0,0,10578034687,10997465087,11031019519,10566277709.15,1168
1790620447,0,614471,0,704.06,1160.34,3919871,12675186687,27682406399,41003515903,43687870463,254080,44761612287,15540071571.18,14292656557.20,614471,10,10,10,0,0,0,0,0,0,11509170175,11945377791,11970543615,11513133269.44,1161
1790620448,0,615596,0,704.55,1125.75,3966975,12658409471,27648851967,41003515903,43687870463,254080,44761612287,15534444783.10,14280200753.01,615596,10,10,10,0,0,0,0,0,0,12457082879,12876513279,12926844927,12461113140.11,1125
1790620449,0,616784,0,705.10,1187.91,4020223,12700352511,27615297535,41003515903,43687870463,254080,44761612287,15530316211.29,14266755928.38,616784,10,10,10,0,0,0,0,0,0,13396606975,13832814591,13866369023,13390979265.08,1188
1790620450,0,617911,0,705.58,1127.22,4077567,12750684159,27581743103,41003515903,43687870463,254080,44761612287,15528128751.02,14253836284.81,617911,10,10,10,0,0,0,0,0,0,14327742463,14772338687,14805893119,14330976581.28,1127
1790620451,0,619058,0,706.08,1146.91,4132863,12792627199,27548188671,41003515903,43687870463,254080,44761612287,15527658342.12,14240634360.84,619058,10,10,10,0,0,0,0,0,0,15258877951,15703474175,15745417215,15274240001.79,1147
1790620452,0,620218,0,706.60,1159.56,4194303,12834570239,27531411455,41003515903,43687870463,254080,44761612287,15528947560.19,14227346824.76,620218,10,10,10,0,0,0,0,0,0,16215179263,16651386879,16684941311,16216965458.98,1160
1790620453,0,621400,0,707.14,1182.10,4263935,12884901887,27497857023,40969961471,43687870463,254080,44761612287,15532069275.76,14213993896.28,621400,10,10,10,0,0,0,0,0,0,17179869183,17599299583,17632854015,17170093120.11,1182
1790620454,0,622585,0,707.69,1185.20,4329471,12926844927,27464302591,40969961471,43687870463,254080,44761612287,15536970008.54,14200908636.07,622585,10,10,10,0,0,0,0,0,0,18119393279,18538823679,18572378111,18106856381.46,1185
1790620455,0,623759,0,708.21,1173.78,4403199,12977176575,27430748159,40969961471,43687870463,254080,44761612287,15543549521.38,14188352261.26,623759,10,10,10,0,0,0,0,0,0,19025362943,19495124991,19528679423,19032736916.28,1174
1790620456,0,624871,0,708.67,1112.54,4468735,13010731007,27397193727,40969961471,43687870463,254080,44761612287,15551445780.60,14176960367.77,624871,10,10,10,0,0,0,0,0,0,19998441471,20417871871,20451426303,19980728835.68,1112
1790620457,0,626046,0,709.20,1174.02,4546559,13061062655,27363639295,40969961471,43687870463,254080,44761612287,15561543472.13,14165568996.50,626046,10,10,10,0,0,0,0,0,0,20937965567,21357395967,21407727615,20931547390.47,1175
1790620458,0,627210,0,709.72,1164.07,4636671,13103005695,27330084863,40936407039,43687870463,254080,44761612287,15573263559.60,14155033015.30,627210,10,10,10,0,0,0,0,0,0,21877489663,22296920063,22347251711,21876797820.04,1164
1790620459,0,628406,0,710.27,1196.99,4722687,13086228479,27296530431,40936407039,43687870463,254080,44761612287,15563425510.21,14147452136.44,628406,10,10,10,0,0,0,0,0,0,5507121151,22582132735,22632464383,10404125377.50,1196
1790620460,0,629584,0,710.79,1177.95,4816895,13035896831,27262975999,40936407039,43687870463,254080,44761612287,15545835111.92,14140053228.35,629584,10,10,10,0,0,0,0,0,0,6165626879,6593445887,6618611711,6162208771.48,1178
1790620461,0,630745,0,711.30,1160.64,4915199,12993953791,27212644351,40936407039,43687870463,254080,44761612287,15530279122.14,14131681965.34,630745,10,10,10,0,0,0,0,0,0,7096762367,7520387071,7562330111,7094618251.36,1161
1790620462,0,631890,0,711.79,1145.10,5013503,12952010751,27195867135,40936407039,43687870463,254080,44761612287,15516706320.75,14122470738.08,631890,10,10,10,0,0,0,0,0,0,8057257983,8464105471,8497659903,8039870853.92,1145
1790620463,0,633051,0,712.30,1160.92,5115903,12910067711,27145535487,40936407039,43687870463,254080,44761612287,15504729291.65,14112286036.83,633051,10,10,10,0,0,0,0,0,0,8992587775,9403629567,9445572607,8986068722.11,1161
1790620464,0,634220,0,712.81,1169.31,5238783,12868124671,27111981055,40902852607,43687870463,254080,44761612287,15494438303.70,14101312563.51,634220,10,10,10,0,0,0,0,0,0,9923723263,10343153663,10385096703,9921538207.43,1169
1790620465,0,635378,0,713.31,1157.44,5365759,12817793023,27095203839,40902852607,43687870463,254080,44761612287,15485995000.48,14089847001.71,635378,10,10,10,0,0,0,0,0,0,10863247359,11299454975,11333009407,10861718865.80,1158
1790620466,0,636580,0,713.86,1202.48,5496831,12767461375,27061649407,40902852607,43654316031,254080,44761612287,15479050679.13,14077448761.12,636580,10,10,10,0,0,0,0,0,0,11811160063,12230590463,12264144895,11808277788.54,1202
1790620467,0,637751,0,714.37,1169.95,5640191,12767461375,27028094975,40902852607,43654316031,254080,44761612287,15474035104.28,14065009601.15,637751,10,10,10,0,0,0,0,0,0,12759072767,13170114559,13203668991,12747464109.36,1171
1790620468,0,638935,0,714.89,1184.00,5795839,12817793023,26994540543,40902852607,43654316031,254080,44761612287,15470712482.42,14052188124.55,638935,10,10,10,0,0,0,0,0,0,13681819647,14118027263,14151581695,13681011961.08,1184
1790620469,0,640141,0,715.44,1206.80,5959679,12859736063,26944208895,40869298175,43654316031,254080,44761612287,15469144319.58,14038996364.58,640141,10,10,10,0,0,0,0,0,0,14654898175,15057551359,15091105791,14638336587.57,1206
1790620470,0,641356,0,716.00,1215.22,6148095,12893290495,26910654463,40869298175,43654316031,254080,44761612287,15469336688.36,14025697814.64,641356,10,10,10,0,0,0,0,0,0,15569256447,15997075455,16039018495,15570689070.35,1215
1790620471,0,642559,0,716.54,1203.02,6344703,12935233535,26893877247,40869298175,43654316031,254080,44761612287,15471282286.43,14012638915.87,642559,10,10,10,0,0,0,0,0,0,16508780543,16928210943,16970153983,16508539972.95,1203
1790620472,0,643739,0,717.06,1179.89,6541311,12977176575,26860322815,40869298175,43654316031,254080,44761612287,15474905617.52,14000050357.59,643739,10,10,10,0,0,0,0,0,0,17465081855,17884512255,17918066687,17447959853.99,1180
1790620473,0,644904,0,717.56,1165.04,6766591,13019119615,26826768383,40869298175,43654316031,254080,44761612287,15480161626.43,13987949629.82,644904,10,10,10,0,0,0,0,0,0,18387828735,18824036351,18857590783,18384451691.23,1165
1790620474,0,646089,0,718.08,1184.83,7016447,13061062655,26793213951,40835743743,43654316031,254080,44761612287,15487197878.51,13976084802.44,646089,10,10,10,0,0,0,0,0,0,19327352831,19763560447,19797114879,19316486576.07,1185
1790620475,0,647281,0,718.60,1192.40,7286783,13094617087,26759659519,40835743743,43654316031,254080,44761612287,15496013527.73,13964723337.62,647281,10,10,10,0,0,0,0,0,0,20283654143,20703084543,20736638975,20274280296.81,1192
1790620476,0,648473,0,719.13,1190.82,7573503,13144948735,26726105087,40835743743,43654316031,254080,44761612287,15506507726.93,13954030612.62,648473,10,10,10,0,0,0,0,0,0,21206401023,21625831423,21676163071,21205077988.51,1192
1790620477,0,649637,0,719.62,1164.14,7917567,13186891775,26692550655,40835743743,43654316031,254080,44761612287,15518391509.55,13944349879.91,649637,10,10,10,0,0,0,0,0,0,22145925119,22582132735,22615687167,22138934613.33,1164
1790620478,0,650826,0,720.14,1190.11,8302591,13228834815,26658996223,40835743743,43654316031,254080,44761612287,15532223119.20,13935362404.37,650826,10,10,10,0,0,0,0,0,0,23102226431,23521656831,23571988479,23089435392.22,1189
1790620479,0,651996,0,720.64,1169.91,8822783,13262389247,26625441791,40802189311,43654316031,254080,44761612287,15547468005.26,13927499871.04,651996,10,10,10,0,0,0,0,0,0,24024973311,24461180927,24494735359,24027611780.16,1170
1790620480,0,653128,0,721.09,1131.99,9379839,13287555071,26591887359,40802189311,43654316031,254080,44761612287,15556588420.69,13921231338.53,653128,10,10,10,0,0,0,0,0,0,24779948031,25182601215,25232932863,20809657658.80,1132
1790620481,0,654152,0,721.43,1023.68,9879551,13254000639,26575110143,40802189311,43620761599,254080,44761612287,15535376818.86,13920726427.76,654152,10,10,10,0,0,0,0,0,0,2008023039,3932159999,4095737855,2006186310.00,1024
1790620482,0,654352,0,720.85,200.00,9560063,13245612031,26558332927,40802189311,43620761599,254080,44761612287,15530629668.23,13921246431.43,654352,10,10,10,0,0,0,0,0,0,3459071,6598655,7446527,3839292.16,200
1790620483,0,654552,0,720.28,199.99,9215999,13237223423,26558332927,40802189311,43620761599,254080,44761612287,15525885566.63,13921764315.65,654552,10,10,10,0,0,0,0,0,0,4231167,7061503,9240575,4323722.24,200
1790620484,0,654752,0,719.71,199.91,8962047,13237223423,26558332927,40802189311,43620761599,254080,44761612287,15521144537.44,13922280055.11,654752,10,10,10,0,0,0,0,0,0,4333567,7458815,18006015,4893824.00,200
1790620485,0,654952,0,719.14,200.10,8708095,13228834815,26541555711,40802189311,43620761599,254080,44761612287,15516406252.51,13922794015.99,654952,10,10,10,0,0,0,0,0,0,4143103,7294975,10878975,4398602.24,200
1790620486,0,655152,0,718.57,200.04,8445951,13220446207,26541555711,40802189311,43620761599,254080,44761612287,15511670634.88,13923306284.39,655152,10,10,10,0,0,0,0,0,0,3538943,5574655,7200767,3659445.76,200
1790620487,0,655352,0,718.00,199.81,8204287,13212057599,26541555711,40802189311,43620761599,254080,44761612287,15506937795.61,13923816736.93,655352,10,10,10,0,0,0,0,0,0,3158015,5636095,8241151,3292221.44,200
1790620488,0,655552,0,717.43,200.01,8019967,13203668991,26541555711,40802189311,43620761599,254080,44761612287,15502207942.93,13924325142.20,655552,10,10,10,0,0,0,0,0,0,3352575,6430719,8404991,3615886.08,200
1790620489,0,655752,0,716.87,200.02,7856127,13195280383,26524778495,40802189311,43620761599,254080,44761612287,15497480969.97,13924831619.73,655752,10,10,10,0,0,0,0,0,0,3602431,5566463,7450623,3598059.52,200
1790620490,0,655952,0,716.30,200.01,7675903,13195280383,26524778495,40802189311,43620761599,254080,44761612287,15492757010.99,13925336020.68,655952,10,10,10,0,0,0,0,0,0,3758079,8343551,11526143,4029277.44,200
1790620491,0,656152,0,715.74,200.14,7516159,13186891775,26524778495,40802189311,43620761599,254080,44761612287,15488035668.41,13925838787.72,656152,10,10,10,0,0,0,0,0,0,3039231,5525503,6447103,3165128.96,200
1790620492,0,656352,0,715.18,200.00,7389183,13178503167,26508001279,40802189311,43620761599,254080,44761612287,15483317213.31,13926339619.78,656352,10,10,10,0,0,0,0,0,0,2942975,5574655,11034623,3198466.56,200
1790620493,0,656552,0,714.62,200.00,7254015,13170114559,26508001279,40802189311,43620761599,254080,44761612287,15478601709.34,13926838446.60,656552,10,10,10,0,0,0,0,0,0,3358719,5914623,6930431,3449384.96,200
1790620494,0,656752,0,714.06,200.01,7131135,13161725951,26491224063,40802189311,43620761599,254080,44761612287,15473889116.56,13927335313.12,656752,10,10,10,0,0,0,0,0,0,3491839,5816319,6086655,3578048.00,200
1790620495,0,656952,0,713.50,199.98,7012351,13161725951,26491224063,40802189311,43620761599,254080,44761612287,15469179266.21,13927830407.27,656952,10,10,10,0,0,0,0,0,0,3194879,5390335,5812223,3161082.24,200
1790620496,0,657152,0,712.94,199.89,6897663,13153337343,26491224063,40802189311,43620761599,254080,44761612287,15464472215.14,13928323666.28,657152,10,10,10,0,0,0,0,0,0,2807807,5107711,6643711,2939133.44,200
1790620497,0,657352,0,712.39,200.06,6770687,13144948735,26491224063,40802189311,43620761599,254080,44761612287,15459768005.74,13928815043.51,657352,10,10,10,0,0,0,0,0,0,2770943,4734975,4927487,2864919.04,200
1790620498,0,657552,0,711.83,200.06,6668287,13136560127,26474446847,40802189311,43620761599,254080,44761612287,15455066673.29,13929304500.28,657552,10,10,10,0,0,0,0,0,0,2838527,4890623,5943295,2915233.28,200
1790620499,0,657752,0,711.28,199.86,6553599,13128171519,26474446847,40802189311,43620761599,254080,44761612287,15450368212.37,13929792043.10,657752,10,10,10,0,0,0,0,0,0,2916351,4878335,5517311,2956341.12,200
1790620500,0,657952,0,710.72,199.98,6447103,13119782911,26474446847,40802189311,43620761599,254080,44761612287,15445672636.47,13930277657.47,657952,10,10,10,0,0,0,0,0,0,2963455,5169151,6569983,3050456.32,200
1790620501,0,658152,0,710.17,200.16,6365183,13111394303,26457669631,40802189311,43620761599,254080,44761612287,15440979978.65,13930761307.30,658152,10,10,10,0,0,0,0,0,0,3321855,5537791,8220671,3261974.40,200
1790620502,0,658352,0,709.62,200.00,6275071,13103005695,26457669631,40768634879,43620761599,254080,44761612287,15436290233.81,13931242998.75,658352,10,10,10,0,0,0,0,0,0,3418111,6385663,7028735,3465510.40,200
1790620503,0,658552,0,709.08,199.95,6189055,13094617087,26440892415,40768634879,43620761599,254080,44761612287,15431603175.53,13931722983.10,658552,10,10,10,0,0,0,0,0,0,2697215,5029887,5967871,2932207.36,200
1790620504,0,658752,0,708.53,199.92,6119423,13086228479,26440892415,40768634879,43620761599,254080,44761612287,15426919116.69,13932200914.27,658752,10,10,10,0,0,0,0,0,0,3250175,6369279,8994815,3437543.68,200
1790620505,0,658952,0,707.98,199.94,6025215,13086228479,26440892415,40768634879,43620761599,254080,44761612287,15422237765.66,13932677115.60,658952,10,10,10,0,0,0,0,0,0,2865151,5345279,6385663,2991001.60,200
1790620506,0,659152,0,707.44,200.11,5955583,13077839871,26440892415,40768634879,43620761599,254080,44761612287,15417559422.04,13933151255.99,659152,10,10,10,0,0,0,0,0,0,3313663,6823935,9150463,3539985.92,200
1790620507,0,659352,0,706.89,199.96,5890047,13069451263,26424115199,40768634879,43620761599,254080,44761612287,15412883756.96,13933623699.75,659352,10,10,10,0,0,0,0,0,0,2975743,4882431,5943295,3013793.92,200
1790620508,0,659552,0,706.35,200.11,5816319,13061062655,26424115199,40768634879,43620761599,254080,44761612287,15408210917.13,13934094284.97,659552,10,10,10,0,0,0,0,0,0,2951167,5140479,6184959,2979481.60,200
1790620509,0,659752,0,705.81,199.85,5754879,13061062655,26407337983,40768634879,43620761599,254080,44761612287,15403540954.21,13934562954.99,659752,10,10,10,0,0,0,0,0,0,3006463,5263359,6246399,3124056.32,200
1790620510,0,659952,0,705.27,200.13,5689343,13052674047,26407337983,40768634879,43620761599,254080,44761612287,15398873772.13,13935029816.46,659952,10,10,10,0,0,0,0,0,0,2869247,5050367,5726207,2960219.52,200
1790620511,0,660152,0,704.73,200.01,5631999,13044285439,26407337983,40768634879,43620761599,254080,44761612287,15394209435.10,13935494798.87,660152,10,10,10,0,0,0,0,0,0,2783231,5808127,6434815,3016646.40,200
1790620512,0,660352,0,704.19,199.93,5574655,13035896831,26390560767,40768634879,43620761599,254080,44761612287,15389547986.61,13935957854.64,660352,10,10,10,0,0,0,0,0,0,2967551,5902335,7872511,3225282.56,200
1790620513,0,660552,0,703.65,199.98,5521407,13027508223,26390560767,40768634879,43620761599,254080,44761612287,15384889395.35,13936419018.84,660552,10,10,10,0,0,0,0,0,0,3219455,5799935,8052735,3339101.44,200
1790620514,0,660752,0,703.12,200.02,5468159,13027508223,26390560767,40768634879,43620761599,254080,44761612287,15380233467.06,13936878506.27,660752,10,10,10,0,0,0,0,0,0,2811903,4345855,5230591,2819750.40,200
1790620515,0,660952,0,702.58,200.06,5419007,13019119615,26390560767,40768634879,43620761599,254080,44761612287,15375580367.30,13937336134.61,660952,10,10,10,0,0,0,0,0,0,2627583,5185535,6234111,2855504.00,200
1790620516,0,661152,0,702.05,199.92,5365759,13010731007,26373783551,40768634879,43620761599,254080,44761612287,15370930056.24,13937791948.21,661152,10,10,10,0,0,0,0,0,0,2777087,4665343,5496831,2768081.92,200
1790620517,0,661352,0,701.52,200.03,5320703,13002342399,26373783551,40768634879,43620761599,254080,44761612287,15366282632.84,13938245838.40,661352,10,10,10,0,0,0,0,0,0,2992127,4882431,5664767,3016262.40,200
1790620518,0,661552,0,700.98,199.92,5267455,12993953791,26373783551,40768634879,43620761599,254080,44761612287,15361637984.44,13938697929.83,661552,10,10,10,0,0,0,0,0,0,2842623,4546559,5259263,2900431.36,200
1790620519,0,661752,0,700.45,199.97,5218303,12993953791,26357006335,40768634879,43620761599,254080,44761612287,15356996068.36,13939148269.91,661752,10,10,10,0,0,0,0,0,0,2430975,4845567,6041599,2651736.96,200
1790620520,0,661952,0,699.92,200.02,5169151,12985565183,26357006335,40768634879,43620761599,254080,44761612287,15352356892.29,13939596850.49,661952,10,10,10,0,0,0,0,0,0,2316287,3667967,4861951,2436674.56,200
1790620521,0,662152,0,699.40,200.15,5119999,12977176575,26340229119,40768634879,43620761599,254080,44761612287,15347720364.40,13940043773.03,662152,10,10,10,0,0,0,0,0,0,1857535,3508223,4026367,1925828.48,200
1790620522,0,662352,0,698.87,199.98,5074943,12968787967,26340229119,40768634879,43620761599,254080,44761612287,15343086654.01,13940488851.46,662352,10,10,10,0,0,0,0,0,0,1851391,3551231,3858431,1983639.04,200
1790620523,0,662552,0,698.34,199.95,5033983,12968787967,26340229119,40768634879,43620761599,254080,44761612287,15338455767.10,13940932079.63,662552,10,10,10,0,0,0,0,0,0,1939455,3551231,4132863,2069748.48,200
1790620524,0,662752,0,697.82,200.06,4997119,12960399359,26340229119,40768634879,43620761599,254080,44761612287,15333827655.03,13941373511.47,662752,10,10,10,0,0,0,0,0,0,1989631,3293183,3737599,2003118.08,200
1790620525,0,662952,0,697.30,200.00,4947967,12952010751,26323451903,40768634879,43620761599,254080,44761612287,15329202396.00,13941813061.43,662952,10,10,10,0,0,0,0,0,0,2087935,3829759,4739071,2204011.52,200
1790620526,0,663152,0,696.77,199.87,4907007,12943622143,26323451903,40768634879,43620761599,254080,44761612287,15324579889.64,13942250840.28,663152,10,10,10,0,0,0,0,0,0,2064383,3401727,3915775,2080709.76,200
1790620527,0,663352,0,696.25,199.99,4870143,12935233535,26323451903,40768634879,43620761599,254080,44761612287,15319960149.77,13942686833.19,663352,10,10,10,0,0,0,0,0,0,1927167,3227647,3500031,2011480.96,200
1790620528,0,663552,0,695.73,200.00,4833279,12926844927,26306674687,40768634879,43620761599,254080,44761612287,15315343028.95,13943121202.50,663552,10,10,10,0,0,0,0,0,0,1406975,2469887,2867199,1461372.80,200
1790620529,0,663752,0,695.21,200.10,4792319,12918456319,26306674687,40768634879,43620761599,254080,44761612287,15310728607.80,13943553859.91,663752,10,10,10,0,0,0,0,0,0,1178623,1874943,2129919,1186716.80,200
1790620530,0,663952,0,694.69,199.86,4755455,12918456319,26289897471,40768634879,43620761599,254080,44761612287,15306117160.14,13943984505.21,663952,10,10,10,0,0,0,0,0,0,1767423,3166207,3327999,1829109.76,200
1790620531,0,664152,0,694.18,200.12,4722687,12910067711,26289897471,40768634879,43620761599,254080,44761612287,15301508582.69,13944413252.33,664152,10,10,10,0,0,0,0,0,0,2082815,3719167,5197823,2137515.52,200
1790620532,0,664352,0,693.66,200.08,4689919,12901679103,26289897471,40735080447,43620761599,254080,44761612287,15296902745.69,13944840244.10,664352,10,10,10,0,0,0,0,0,0,2010111,3194879,4661247,2023457.28,200
1790620533,0,664552,0,693.15,199.91,4657151,12893290495,26289897471,40735080447,43620761599,254080,44761612287,15292299641.07,13945265489.71,664552,10,10,10,0,0,0,0,0,0,1790975,3000319,3278847,1890851.84,200
1790620534,0,664752,0,692.63,199.97,4620287,12884901887,26273120255,40735080447,43620761599,254080,44761612287,15287699322.97,13945688930.19,664752,10,10,10,0,0,0,0,0,0,1906687,3121151,3960831,1946347.52,200
1790620535,0,665759,0,692.96,1007.68,4669439,12851347455,26256343039,40735080447,43620761599,254080,44761612287,15265084217.41,13947249215.71,665759,10,10,10,0,0,0,0,0,0,318242815,675807231,715653119,336150102.94,1007
1790620536,0,666908,0,693.43,1148.33,4734975,12809404415,26222788607,40735080447,43620761599,254080,44761612287,15240887355.63,13947401215.49,666908,10,10,10,0,0,0,0,0,0,1221591039,1651507199,1679818751,1220627563.84,1149
1790620537,0,668076,0,693.93,1167.96,4800511,12767461375,26189234175,40735080447,43620761599,254080,44761612287,15218026978.98,13945911034.77,668076,10,10,10,0,0,0,0,0,0,2162163711,2615148543,2650800127,2165143355.62,1168
1790620538,0,669234,0,694.41,1158.61,4874239,12733906943,26155679743,40735080447,43620761599,254080,44761612287,15197174838.85,13942843770.16,669234,10,10,10,0,0,0,0,0,0,3168796671,3594518527,3625975807,3167110619.74,1158
1790620539,0,670468,0,694.97,1233.84,4960255,12683575295,26122125311,40735080447,43620761599,254080,44761612287,15176785232.53,13938102558.74,670468,10,10,10,0,0,0,0,0,0,4112515071,4567597055,4596957183,4118910195.97,1234
1790620540,0,671649,0,695.47,1180.10,5038079,12641632255,26105348095,40701526015,43620761599,254080,44761612287,15159049014.42,13932258581.94,671649,10,10,10,0,0,0,0,0,0,5079302143,5532286975,5561647103,5089983235.69,1181
1790620541,0,672843,0,695.99,1195.00,5124095,12599689215,26071793663,40701526015,43620761599,254080,44761612287,15142930878.47,13925144333.68,672843,10,10,10,0,0,0,0,0,0,6098518015,6505365503,6530531327,6076155420.30,1194
1790620542,0,674024,0,696.49,1180.99,5226495,12557746175,26038239231,40701526015,43620761599,254080,44761612287,15128735170.81,13917069819.53,674024,10,10,10,0,0,0,0,0,0,7050625023,7478444031,7511998463,7041112370.94,1181
1790620543,0,675209,0,696.99,1184.92,5328895,12507414527,26004684799,40701526015,43620761599,254080,44761612287,15116247960.11,13908046010.60,675209,10,10,10,0,0,0,0,0,0,8027897855,8443133951,8485076991,8013564662.71,1185
1790620544,0,676371,0,697.47,1161.88,5427199,12465471487,25971130367,40701526015,43587207167,254080,44761612287,15105702501.60,13898423541.90,676371,10,10,10,0,0,0,0,0,0,8975810559,9412018175,9453961215,8978001560.45,1162
1790620545,0,677625,0,698.04,1253.96,5537791,12423528447,25937575935,40701526015,43587207167,254080,44761612287,15096126582.44,13887343637.44,677625,10,10,10,0,0,0,0,0,0,9915334655,10385096703,10427039743,9931155276.35,1254
1790620546,0,678879,0,698.62,1254.07,5656575,12373196799,25904021503,40667971583,43587207167,254080,44761612287,15088372761.12,13875687493.61,678879,10,10,10,0,0,0,0,0,0,10905190399,11341398015,11374952447,10898434025.14,1254
1790620547,0,680071,0,699.12,1191.47,5787647,12339642367,25870467071,40667971583,43587207167,254080,44761612287,15082739058.82,13864178983.54,680071,10,10,10,0,0,0,0,0,0,11861491711,12331253759,12356419583,11874180185.34,1192
1790620548,0,681317,0,699.69,1246.68,5926911,12381585407,25836912639,40667971583,43587207167,254080,44761612287,15078662476.22,13851828334.39,681317,10,10,10,0,0,0,0,0,0,12851347455,13295943679,13329498111,12853649947.12,1246
1790620549,0,682563,0,700.25,1245.19,6094847,12415139839,25803358207,40667971583,43587207167,254080,44761612287,15076370665.21,13839288515.61,682563,10,10,10,0,0,0,0,0,0,13832814591,14260633599,14294188031,13823200681.71,1246
1790620550,0,683773,0,700.77,1209.88,6250495,12457082879,25769803775,40667971583,43587207167,254080,44761612287,15075846711.58,13827048754.04,683773,10,10,10,0,0,0,0,0,0,14772338687,15216934911,15258877951,14780283601.03,1210
1790620551,0,684942,0,701.25,1169.96,6422527,12499025919,25736249343,40634417151,43587207167,254080,44761612287,15077007572.04,13815277446.53,684942,10,10,10,0,0,0,0,0,0,15762194431,16198402047,16231956479,15756019584.11,1169
1790620552,0,686107,0,701.72,1164.46,6615039,12540968959,25702694911,40634417151,43587207167,254080,44761612287,15079810421.10,13803715473.20,686107,10,10,10,0,0,0,0,0,0,16743661567,17163091967,17213423615,16727698010.97,1165
1790620553,0,687278,0,702.20,1171.11,6840319,12574523391,25669140479,40634417151,43587207167,254080,44761612287,15083242549.56,13792646392.41,687278,10,10,10,0,0,0,0,0,0,17683185663,18085838847,18119393279,17094179660.73,1171
1790620554,0,688418,0,702.65,1139.73,7041023,12540968959,25635586047,40634417151,43587207167,254080,44761612287,15067502971.43,13786643791.82,688418,10,10,10,0,0,0,0,0,0,5582618623,6018826239,6052380671,5578497904.28,1140
1790620555,0,689613,0,703.15,1195.81,7290879,12490637311,25602031615,40634417151,43587207167,254080,44761612287,15052711694.08,13779272867.97,689613,10,10,10,0,0,0,0,0,0,6530531327,6983516159,7021264895,6531722931.52,1195
1790620556,0,690759,0,703.60,1145.67,7540735,12457082879,25568477183,40600862719,43587207167,254080,44761612287,15040203518.54,13771261377.68,690759,10,10,10,0,0,0,0,0,0,7528775679,7944011775,7985954815,7513327026.26,1146
1790620557,0,691894,0,704.04,1134.28,7868415,12415139839,25534922751,40600862719,43587207167,254080,44761612287,15029453761.30,13762521366.23,691894,10,10,10,0,0,0,0,0,0,8489271295,8925478911,8959033343,8487170448.58,1135
1790620558,0,693068,0,704.52,1175.09,8204287,12381585407,25501368319,40600862719,43587207167,254080,44761612287,15020019407.20,13752772251.21,693068,10,10,10,0,0,0,0,0,0,9462349823,9898557439,9932111871,9459906123.88,1174
1790620559,0,694304,0,705.06,1234.80,8708095,12339642367,25467813887,40600862719,43587207167,254080,44761612287,15011827410.93,13741899471.26,694304,10,10,10,0,0,0,0,0,0,10418651135,10854858751,10905190399,10418291430.32,1236
1790620560,0,695499,0,705.55,1195.44,9224191,12297699327,25451036671,40600862719,43587207167,254080,44761612287,15005609689.87,13730911571.07,695499,10,10,10,0,0,0,0,0,0,11383341055,11836325887,11869880319,11393066927.45,1195
1790620561,0,696644,0,706.00,1145.53,9846783,12306087935,25417482239,40600862719,43587207167,254080,44761612287,15001276743.67,13720043218.30,696644,10,10,10,0,0,0,0,0,0,12381585407,12801015807,12842958847,12369346831.87,1145
1790620562,0,697802,0,706.46,1157.18,10657791,12339642367,25383927807,40567308287,43587207167,254080,44761612287,14998490808.06,13708829360.45,697802,10,10,10,0,0,0,0,0,0,13321109503,13774094335,13816037375,13322493117.24,1158
1790620563,0,699037,0,706.99,1235.46,11739135,12381585407,25350373375,40567308287,43587207167,254080,44761612287,14997250603.01,13696750724.95,699037,10,10,10,0,0,0,0,0,0,14294188031,14738784255,14780727295,14296507634.94,1235
1790620564,0,700275,0,707.53,1238.04,13107199,12415139839,25316818943,40567308287,43553652735,254080,44761612287,14997743782.27,13684648324.20,700275,10,10,10,0,0,0,0,0,0,15275655167,15720251391,15753805823,15276217570.64,1238
1790620565,0,701438,0,707.99,1163.02,14909439,12448694271,25283264511,40567308287,43553652735,254080,44761612287,14999811392.12,13673397792.04,701438,10,10,10,0,0,0,0,0,0,16248733695,16684941311,16726884351,16244777417.85,1163
1790620566,0,702589,0,708.43,1150.56,18841599,12482248703,25249710079,40567308287,43553652735,254080,44761612287,15003437718.95,13662491325.94,702589,10,10,10,0,0,0,0,0,0,17213423615,17649631231,17699962879,17213379887.37,1151
1790620567,0,703800,0,708.94,1211.98,25001983,12524191743,25216155647,40533753855,43553652735,254080,44761612287,15008905856.29,13651372449.87,703800,10,10,10,0,0,0,0,0,0,18186502143,18622709759,18673041407,18181369230.27,1211
1790620568,0,704974,0,709.41,1173.89,36667391,12540968959,25182601215,40533753855,43553652735,254080,44761612287,15008270738.15,13642526677.08,704974,10,10,10,0,0,0,0,0,0,18857590783,19293798399,19327352831,14627524447.51,1174
1790620569,0,706187,0,709.92,1212.81,67502079,12499025919,25165823999,40533753855,43553652735,254080,44761612287,14992504399.75,13636108080.71,706187,10,10,10,0,0,0,0,0,0,5838471167,6262095871,6308233215,5829389272.32,1213
1790620570,0,707397,0,710.42,1209.63,94896127,12465471487,25132269567,40533753855,43553652735,254080,44761612287,14978491162.17,13628651104.43,707397,10,10,10,0,0,0,0,0,0,6811549695,7235174399,7277117439,6800006694.08,1210
1790620571,0,708549,0,710.86,1152.50,124321791,12423528447,25098715135,40533753855,43553652735,254080,44761612287,14966768135.68,13620670440.84,708549,10,10,10,0,0,0,0,0,0,7759462399,8212447231,8254390271,7768127715.56,1152
1790620572,0,709717,0,711.32,1168.19,151912447,12389974015,25081937919,40533753855,43553652735,254080,44761612287,14956513687.27,13611806223.38,709717,10,10,10,0,0,0,0,0,0,8740929535,9185525759,9219080191,8735812341.48,1168
1790620573,0,710860,0,711.75,1142.93,176816127,12356419583,25048383487,40533753855,43553652735,254080,44761612287,14948057349.58,13602495563.62,710860,10,10,10,0,0,0,0,0,0,9697230847,10150215679,10192158719,9697307908.70,1143
1790620574,0,712030,0,712.21,1169.74,203030527,12322865151,25014829055,40500199423,43553652735,254080,44761612287,14941065393.78,13592412656.90,712030,10,10,10,0,0,0,0,0,0,10687086591,11114905599,11165237247,10692944278.10,1170
1790620575,0,713200,0,712.67,1169.49,231866367,12289310719,24981274623,40500199423,43553652735,254080,44761612287,14935680686.84,13581913289.72,713200,10,10,10,0,0,0,0,0,0,11660165119,12087984127,12129927167,11658695321.16,1170
1790620576,0,714405,0,713.16,1205.54,262275071,12306087935,24964497407,40500199423,43553652735,254080,44761612287,14931776229.06,13570791453.77,714405,10,10,10,0,0,0,0,0,0,12616466431,13069451263,13103005695,12620855658.01,1205
1790620577,0,715502,0,713.54,1097.07,288096255,12339642367,24930942975,40500199423,43553652735,254080,44761612287,14929726207.19,13560489452.99,715502,10,10,10,0,0,0,0,0,0,13606322175,14034141183,14067695615,13594679828.07,1097
1790620578,0,716666,0,713.99,1163.40,316145663,12373196799,24897388543,40500199423,43553652735,254080,44761612287,14929146455.93,13549484830.50,716666,10,10,10,0,0,0,0,0,0,14571012095,15007219711,15040774143,14572777739.44,1164
1790620579,0,717783,0,714.39,1117.15,343670783,12339642367,24880611327,40466644991,43553652735,254080,44761612287,14914600293.59,13543982765.23,717783,10,10,10,0,0,0,0,0,0,5532286975,5968494591,6002049023,5581798162.56,1117
1790620580,0,718968,0,714.86,1185.00,373293055,12306087935,24847056895,40466644991,43553652735,254080,44761612287,14900702370.23,13537143361.62,718968,10,10,10,0,0,0,0,0,0,6476005375,6924795903,6975127551,6482395937.92,1185
1790620581,0,720117,0,715.29,1149.08,400293887,12280922111,24830279679,40466644991,43553652735,254080,44761612287,14888837401.60,13529599456.92,720117,10,10,10,0,0,0,0,0,0,7465861119,7893680127,7935623167,7464526900.58,1149
1790620582,0,721331,0,715.79,1214.43,430440447,12247367679,24796725247,40466644991,43520098303,254080,44761612287,14877981200.95,13520799940.15,721331,10,10,10,0,0,0,0,0,0,8451522559,8883535871,8917090303,8438331577.57,1214
1790620583,0,722496,0,716.23,1164.02,463208447,12213813247,24763170815,40466644991,43520098303,254080,44761612287,14869156440.88,13511683536.55,722496,10,10,10,0,0,0,0,0,0,9412018175,9831448575,9881780223,9405145277.86,1165
1790620584,0,723659,0,716.67,1163.00,492044287,12180258815,24746393599,40466644991,43520098303,254080,44761612287,14861919974.39,13502031032.78,723659,10,10,10,0,0,0,0,0,0,10359930879,10796138495,10846470143,10366375610.22,1163
1790620585,0,724806,0,717.10,1147.74,520617983,12146704383,24712839167,40433090559,43520098303,254080,44761612287,14856349070.21,13492073516.22,724806,10,10,10,0,0,0,0,0,0,11341398015,11777605631,11819548671,11341584510.77,1147
1790620586,0,725949,0,717.52,1142.44,552599551,12155092991,24679284735,40433090559,43520098303,254080,44761612287,14852345603.84,13481829459.89,725949,10,10,10,0,0,0,0,0,0,12322865151,12759072767,12792627199,12313643554.49,1143
1790620587,0,727118,0,717.97,1169.15,576716799,12188647423,24662507519,40433090559,43520098303,254080,44761612287,14849833387.93,13471137731.03,727118,10,10,10,0,0,0,0,0,0,13287555071,13732151295,13757317119,13289747304.46,1169
1790620588,0,728286,0,718.41,1168.81,609746943,12222201855,24628953087,40433090559,43520098303,254080,44761612287,14848892331.26,13460356315.62,728286,10,10,10,0,0,0,0,0,0,14277410815,14713618431,14738784255,14263053943.23,1168
1790620589,0,729510,0,718.91,1223.04,640155647,12255756287,24595398655,40433090559,43520098303,254080,44761612287,14849543803.73,13449073476.01,729510,10,10,10,0,0,0,0,0,0,15250489343,15661531135,15703474175,15237173114.14,1224
1790620590,0,730714,0,719.39,1204.67,668991487,12280922111,24561844223,40433090559,43520098303,254080,44761612287,14851781372.45,13438106351.47,730714,10,10,10,0,0,0,0,0,0,16215179263,16642998271,16676552703,16207536155.22,1204
1790620591,0,731945,0,719.89,1231.33,698875903,12314476543,24545067007,40399536127,43520098303,254080,44761612287,14855674930.89,13427141457.58,731945,10,10,10,0,0,0,0,0,0,17171480575,17616076799,17649631231,17166867182.32,1231
1790620592,0,733135,0,720.35,1188.92,728760319,12348030975,24511512575,40399536127,43520098303,254080,44761612287,14861006723.19,13416896234.16,733135,10,10,10,0,0,0,0,0,0,18136170495,18589155327,18622709759,18140484637.26,1190
1790620593,0,734392,0,720.88,1258.03,760217599,12381585407,24477958143,40399536127,43520098303,254080,44761612287,14868291520.94,13406568398.63,734392,10,10,10,0,0,0,0,0,0,19126026239,19562233855,19579011071,19117090403.79,1257
1790620594,0,735567,0,721.32,1175.11,790626303,12406751231,24444403711,40399536127,43520098303,254080,44761612287,14876632810.31,13397483846.62,735567,10,10,10,0,0,0,0,0,0,20099104767,20518535167,20552089599,20090059349.84,1175
1790620595,0,736757,0,721.78,1189.28,818937855,12440305663,24427626495,40399536127,43520098303,254080,44761612287,14886583511.26,13388950450.91,736757,10,10,10,0,0,0,0,0,0,21038628863,21491613695,21525168127,21037345900.42,1190
1790620596,0,737938,0,722.23,1181.07,850919423,12473860095,24394072063,40399536127,43520098303,254080,44761612287,14897991020.39,13381270797.13,737938,10,10,10,0,0,0,0,0,0,22028484607,22464692223,22498246655,22014470447.47,1181
1790620597,0,739128,0,722.69,1189.80,884998143,12457082879,24360517631,40365981695,43520098303,254080,44761612287,14888590305.52,13375496453.63,739128,10,10,10,0,0,0,0,0,0,5549064191,22666018815,22699573247,9059056920.52,1190
1790620598,0,740308,0,723.13,1180.21,914882559,12423528447,24326963199,40365981695,43520098303,254080,44761612287,14874889937.61,13369234990.78,740308,10,10,10,0,0,0,0,0,0,6295650303,6731857919,6769606655,6293258128.92,1180
1790620599,0,741462,0,723.56,1153.92,940572671,12389974015,24293408767,40365981695,43520098303,254080,44761612287,14863047487.22,13362198553.48,741462,10,10,10,0,0,0,0,0,0,7272923135,7700742143,7742685183,7265941110.02,1154
1790620600,0,742659,0,724.02,1196.54,973602815,12364808191,24276631551,40365981695,43486543871,254080,44761612287,14852365133.48,13354077396.67,742659,10,10,10,0,0,0,0,0,0,8229224447,8673820671,8715763711,8235356471.39,1197
1790620601,0,743789,0,724.41,1130.49,998768639,12331253759,24243077119,40365981695,43486543871,254080,44761612287,14843788956.66,13345745204.71,743789,10,10,10,0,0,0,0,0,0,9202302975,9655287807,9697230847,9207350987.89,1130
1790620602,0,745072,0,724.96,1283.37,1029701631,12297699327,24226299903,40332427263,43486543871,254080,44761612287,14835772423.49,13335651998.25,745072,10,10,10,0,0,0,0,0,0,10192158719,10619977727,10653532159,10188376327.38,1283
1790620603,0,746541,0,725.68,1469.32,1066401791,12264144895,24192745471,40332427263,43486543871,254080,44761612287,14828510075.48,13323534598.58,746541,10,10,10,0,0,0,0,0,0,11148460031,11584667647,11626610687,11145070897.32,1469
1790620604,0,748230,0,726.61,1688.60,1107296255,12247367679,24142413823,40332427263,43486543871,254080,44761612287,14822434505.93,13309107643.94,748230,10,10,10,0,0,0,0,0,0,12155092991,12557746175,12574523391,12137021973.52,1689
1790620605,0,750248,0,727.87,2018.44,1156579327,12297699327,24092082175,40298872831,43486543871,254080,44761612287,14817731737.81,13291512517.31,750248,10,10,10,0,0,0,0,0,0,13086228479,13497270271,13522436095,13074048786.52,2018
1790620606,0,752347,0,729.20,2098.53,1209008127,12348030975,24041750527,40298872831,43486543871,254080,44761612287,14815465474.85,13273035223.72,752347,10,10,10,0,0,0,0,0,0,14008975359,14436794367,14470348799,14005432481.97,2099
1790620607,0,754533,0,730.61,2186.63,1263534079,12398362623,23991418879,40298872831,43486543871,254080,44761612287,14815851261.96,13253804460.87,754533,10,10,10,0,0,0,0,0,0,14948499455,15384707071,15426650111,14948626090.98,2186
1790620608,0,756681,0,731.98,2146.77,1310719999,12448694271,23941087231,40265318399,43486543871,254080,44761612287,14818910338.33,13235111194.65,756681,10,10,10,0,0,0,0,0,0,15896412159,16332619775,16366174207,15893479271.45,2148
1790620609,0,758867,0,733.38,2187.14,1364197375,12507414527,23890755583,40265318399,43486543871,254080,44761612287,14824739163.57,13216487730.78,758867,10,10,10,0,0,0,0,0,0,16844324863,17280532479,17314086911,16842379290.23,2186
1790620610,0,761015,0,734.75,2146.03,1420820479,12557746175,23840423935,40265318399,43486543871,254080,44761612287,14833097979.40,13198765550.66,761015,10,10,10,0,0,0,0,0,0,17800626175,18220056575,18253611007,17786184335.97,2148
1790620611,0,763173,0,736.12,2158.76,1478492159,12616466431,23806869503,40231763967,43452989439,254080,44761612287,14844114588.25,13181723068.96,763173,10,10,10,0,0,0,0,0,0,18740150271,19159580671,19209912319,18729102809.56,2158
1790620612,0,765340,0,737.50,2168.35,1534066687,12666798079,23756537855,40231763967,43452989439,254080,44761612287,14857798017.37,13165560887.63,765340,10,10,10,0,0,0,0,0,0,19679674367,20115881983,20166213631,19676821389.64,2167
1790620613,0,767523,0,738.89,2182.97,1595932671,12717129727,23706206207,40198209535,43452989439,254080,44761612287,14874227071.07,13150431004.28,767523,10,10,10,0,0,0,0,0,0,20635975679,21055406079,21105737727,20634104286.46,2183
1790620614,0,769655,0,740.23,2131.99,1646264319,12767461375,23655874559,40198209535,43452989439,254080,44761612287,14892787051.03,13136933101.99,769655,10,10,10,0,0,0,0,0,0,21575499775,22011707391,22045261823,21574405951.88,2132
1790620615,0,771832,0,741.61,2176.34,1703935999,12817793023,23622320127,40198209535,43452989439,254080,44761612287,14914338265.31,13124658284.47,771832,10,10,10,0,0,0,0,0,0,22548578303,22968008703,22984785919,22533538920.89,2177
1790620616,0,773998,0,742.98,2166.42,1762656255,12868124671,23639097343,40164655103,43452989439,254080,44761612287,14938278316.18,13114077860.68,773998,10,10,10,0,0,0,0,0,0,23488102399,23890755583,23941087231,23469071181.30,2166
1790620617,0,776102,0,744.29,2103.70,1817182207,12918456319,23756537855,40164655103,43452989439,254080,44761612287,14963961394.50,13105558448.63,776102,10,10,10,0,0,0,0,0,0,24410849279,24847056895,24880611327,24411989556.56,2104
1790620618,0,778263,0,745.64,2161.18,1868562431,12968787967,23857201151,40164655103,43452989439,254080,44761612287,14992838546.48,13098795404.77,778263,10,10,10,0,0,0,0,0,0,25367150591,25803358207,25836912639,25363785056.07,2161
1790620619,0,780471,0,747.04,2208.41,1923088383,13019119615,23974641663,40164655103,43452989439,254080,44761612287,15024857922.53,13094068100.78,780471,10,10,10,0,0,0,0,0,0,26323451903,26742882303,26776436735,26310861393.62,2208
1790620620,0,782586,0,748.35,2114.56,1976565759,13069451263,24108859391,40131100671,43452989439,254080,44761612287,15057922180.51,13091786601.46,782586,10,10,10,0,0,0,0,0,0,27279753215,27682406399,27732738047,27259196168.59,2115
1790620621,0,784720,0,749.67,2132.49,2033188863,13119782911,24226299903,40131100671,43419435007,254080,44761612287,15093671124.89,13091892654.94,784720,10,10,10,0,0,0,0,0,0,28219277311,28638707711,28672262143,28203616480.57,2134
1790620622,0,786860,0,751.00,2141.97,2095054847,13170114559,24360517631,40131100671,43419435007,254080,44761612287,15131893369.20,13094557281.80,786860,10,10,10,0,0,0,0,0,0,29158801407,29578231807,29611786239,29147668862.80,2140
1790620623,0,789030,0,752.35,2168.89,2151677951,13220446207,24494735359,40097546239,43419435007,254080,44761612287,15173046261.08,13100006256.13,789030,10,10,10,0,0,0,0,0,0,30098325503,30534533119,30568087551,30095426215.52,2170
1790620624,0,791181,0,753.69,2151.06,2204106751,13270777855,24628953087,40097546239,43419435007,254080,44761612287,15216182966.45,13108256003.46,791181,10,10,10,0,0,0,0,0,0,31054626815,31474057215,31507611647,31039592839.32,2151
1790620625,0,793345,0,755.03,2164.22,2260729855,13321109503,24746393599,40097546239,43419435007,254080,44761612287,15261917414.47,13119550888.11,793345,10,10,10,0,0,0,0,0,0,31994150911,32413581311,32447135743,31982909246.94,2164
1790620626,0,795509,0,756.37,2164.71,2313158655,13371441151,24880611327,40063991807,43419435007,254080,44761612287,15309963758.53,13133959865.22,795509,10,10,10,0,0,0,0,0,0,32933675007,33353105407,33403437055,32924255267.96,2164
1790620627,0,797659,0,757.69,2150.09,2373976063,13413384191,24998051839,40063991807,43419435007,254080,44761612287,15359987910.53,13151503932.51,797659,10,10,10,0,0,0,0,0,0,33873199103,34309406719,34342961151,33869133555.38,2150
1790620628,0,799814,0,759.02,2154.24,2428502015,13472104447,25132269567,40063991807,43419435007,254080,44761612287,15412413865.65,13172454716.06,799814,10,10,10,0,0,0,0,0,0,34829500415,35265708031,35299262463,34817534485.15,2155
1790620629,0,801994,0,760.37,2179.09,2478833663,13522436095,25283264511,40030437375,43419435007,254080,44761612287,15467748923.38,13197178327.76,801994,10,10,10,0,0,0,0,0,0,35769024511,36205232127,36238786559,35769470878.30,2180
1790620630,0,804169,0,761.71,2174.68,2541748223,13572767743,25417482239,40030437375,43419435007,254080,44761612287,15525197110.83,13225414474.02,804169,10,10,10,0,0,0,0,0,0,36708548607,37144756223,37211865087,36708232347.84,2175
1790620631,0,806380,0,763.08,2213.06,2596274175,13631487999,25551699967,39996882943,43385880575,254080,44761612287,15585872497.71,13257873803.60,806380,10,10,10,0,0,0,0,0,0,37681627135,38084280319,38151389183,37654287330.82,2211
1790620632,0,808618,0,764.47,2237.49,2657091583,13681819647,25719472127,39996882943,43385880575,254080,44761612287,15649544401.62,13294573859.71,808618,10,10,10,0,0,0,0,0,0,38621151231,39057358847,39090913279,38591345060.95,2238
1790620633,0,810830,0,765.84,2211.57,2717908991,13732151295,25853689855,39996882943,43385880575,254080,44761612287,15714725951.75,13334798607.59,810830,10,10,10,0,0,0,0,0,0,39560675327,39996882943,40030437375,39542472200.33,2212
1790620634,0,813049,0,767.21,2218.39,2780823551,13782482943,26004684799,40164655103,43385880575,254080,44761612287,15782355864.65,13379201460.24,813049,10,10,10,0,0,0,0,0,0,40500199423,40936407039,40969961471,40494551573.46,2219
1790620635,0,815198,0,768.51,2150.01,2833252351,13841203199,26138902527,40365981695,43385880575,254080,44761612287,15849970660.39,13426131880.29,815198,10,10,10,0,0,0,0,0,0,41439723519,41875931135,41909485567,41431237324.66,2149
1790620636,0,817408,0,769.87,2209.96,2889875455,13891534847,26273120255,40533753855,43385880575,254080,44761612287,15921700060.03,13478565099.19,817408,10,10,10,0,0,0,0,0,0,42412802047,42849009663,42849009663,42380371158.07,2210
1790620637,0,819562,0,771.17,2153.11,2952790015,13941866495,26424115199,40701526015,43486543871,254080,44761612287,15993714631.08,13533753185.46,819562,10,10,10,0,0,0,0,0,0,43352326143,43754979327,43788533759,43322074190.92,2154
1790620638,0,821797,0,772.55,2235.99,3017801727,13992198143,26558332927,40869298175,43754979327,254080,44761612287,16070622058.21,13595346354.14,821797,10,10,10,0,0,0,0,0,0,44291850239,44694503423,44761612287,44272145456.11,2235
1790620639,0,824001,0,773.89,2204.12,3078619135,14042529791,26709327871,41037070335,43989860351,254080,45701136383,16148568914.92,13660332533.11,824001,10,10,10,0,0,0,0,0,0,45231374335,45667581951,45701136383,45212313469.91,2204
1790620640,0,826184,0,775.22,2182.87,3133145087,14092861439,26843545599,41204842495,44258295807,254080,46640660479,16227874142.11,13729013409.82,826184,10,10,10,0,0,0,0,0,0,46170898431,46607106047,46640660479,46162636633.01,2183
1790620641,0,828356,0,776.52,2170.30,3185573887,14143193087,26994540543,41372614655,44459622399,254080,47580184575,16308852337.65,13801670432.17,828356,10,10,10,0,0,0,0,0,0,47143976959,47546630143,47580184575,47111287651.48,2172
1790620642,0,830507,0,777.81,2152.91,3248488447,14193524735,27145535487,41573941247,44929384447,254080,48553263103,16391068603.06,13877897712.18,830507,10,10,10,0,0,0,0,0,0,48083501055,48486154239,48519708671,48052777925.44,2151
1790620643,0,832724,0,779.16,2215.02,3309305855,14243856383,27296530431,41741713407,45868908543,254080,49492787199,16477869242.27,13960870875.23,832724,10,10,10,0,0,0,0,0,0,49023025151,49425678335,49459232767,48994124751.50,2217
1790620644,0,834898,0,780.46,2176.00,3363831807,14294188031,27447525375,41909485567,46808432639,254080,50432311295,16565035849.60,14046669262.97,834898,10,10,10,0,0,0,0,0,0,49962549247,50398756863,50432311295,49953134250.98,2174
1790620645,0,837060,0,781.75,2162.11,3424649215,14352908287,27581743103,42077257727,47747956735,254080,51371835391,16653684406.24,14136273610.05,837060,10,10,10,0,0,0,0,0,0,50902073343,51338280959,51371835391,50887034377.95,2162
1790620646,0,839275,0,783.09,2214.85,3481272319,14403239935,27732738047,42278584319,48687480831,254080,52311359487,16746530885.32,14232524431.51,839275,10,10,10,0,0,0,0,0,0,51841597439,52277805055,52311359487,51833697378.47,2215
1790620647,0,841446,0,784.38,2170.45,3533701119,14453571583,27883732991,42446356479,49627004927,254080,53250883583,16839504912.21,14331225107.90,841446,10,10,10,0,0,0,0,0,0,52814675967,53217329151,53250883583,52781824772.60,2171
1790620648,0,843611,0,785.67,2163.51,3594518527,14503903231,28034727935,42614128639,50532974591,254080,54223962111,16934176437.41,14434006567.87,843611,10,10,10,0,0,0,0,0,0,53754200063,54156853247,54190407679,53729084610.39,2165
1790620649,0,845746,0,786.92,2136.67,3642753023,14554234879,28168945663,42781900799,51472498687,254080,55163486207,17029438284.53,14539620705.08,845746,10,10,10,0,0,0,0,0,0,54693724159,55129931775,55163486207,54670628966.64,2135
1790620650,0,847875,0,788.17,2128.44,3701473279,14596177919,28319940607,42983227391,52378468351,254080,56103010303,17126351051.30,14649264277.43,847875,10,10,10,0,0,0,0,0,0,55633248255,56069455871,56103010303,55624981793.07,2129
1790620651,0,850048,0,789.46,2173.66,3753902079,14654898175,28454158335,43150999551,53317992447,254080,57042534399,17227165782.07,14765440979.13,850048,10,10,10,0,0,0,0,0,0,56606326783,57008979967,57042534399,56563700456.56,2173
1790620652,0,852182,0,790.71,2133.26,3806330879,14696841215,28605153279,43318771711,54223962111,254080,58015612927,17328041860.01,14883747606.30,852182,10,10,10,0,0,0,0,0,0,57545850879,57948504063,57982058495,57510566838.10,2134
1790620653,0,854376,0,792.01,2193.66,3860856831,14747172863,28739371007,43520098303,55197040639,254080,58955137023,17433646740.15,15009630844.51,854376,10,10,10,0,0,0,0,0,0,58485374975,58888028159,58921582591,58452141712.22,2194
1790620654,0,856509,0,793.25,2133.83,3915382783,14797504511,28890365951,43754979327,56136564735,254080,59894661119,17538170313.64,15136190124.92,856509,10,10,10,0,0,0,0,0,0,59424899071,59861106687,59894661119,59405227333.97,2133
1790620655,0,857965,0,793.86,1456.05,3951034367,14831058943,28974252031,43922751487,56774098943,254080,60867739647,17610716137.71,15225358865.84,857965,10,10,10,0,0,0,0,0,0,60263759871,60767076351,60834185215,60286644178.99,1456
1790620656,0,859143,0,794.22,1178.20,3982491647,14856224767,29058138111,44056969215,57277415423,254080,61840818175,17670650789.62,15300655900.05,859143,10,10,10,0,0,0,0,0,0,61337501695,61773709311,61807263743,61322462018.50,1178
1790620657,0,860283,0,794.54,1139.47,4013948927,14889779199,29125246975,44157632511,57780731903,254080,62780342271,17729800698.20,15376498158.87,860283,10,10,10,0,0,0,0,0,0,62344134655,62746787839,62780342271,62307195347.09,1140
1790620658,0,861441,0,794.87,1158.58,4039114751,14914945023,29209133055,44291850239,58284048383,254080,63753420799,17791017415.78,15456487039.81,861441,10,10,10,0,0,0,0,0,0,63283658751,63719866367,63753420799,63269170655.28,1158
1790620659,0,862568,0,795.18,1126.53,4070572031,14940110847,29276241919,44392513535,58753810431,254080,63753420799,17847866930.41,15526220469.16,862568,10,10,10,0,0,0,0,0,0,61337501695,63417876479,63585648639,61301729158.25,1127
1790620660,0,863758,0,795.54,1190.17,4102029311,14965276671,29360127999,44526731263,58787364863,254080,63753420799,17901116868.91,15581706405.42,863758,10,10,10,0,0,0,0,0,0,56505663487,58753810431,58921582591,56499178177.61,1190
1790620661,0,864876,0,795.84,1118.07,4127195135,14990442495,29427236863,44728057855,58787364863,254080,63753420799,17944846104.50,15619071163.66,864876,10,10,10,0,0,0,0,0,0,51740934143,53821308927,53989081087,51729709316.12,1118
1790620662,0,866038,0,796.18,1162.24,4154458111,14973665279,29427236863,44795166719,58753810431,254080,63753420799,17941852640.81,15623518159.18,866038,10,10,10,0,0,0,0,0,0,5498732543,49224351743,49425678335,15713819163.32,1162
1790620663,0,867191,0,796.50,1152.80,4183818239,14948499455,29410459647,44761612287,58753810431,254080,63753420799,17926297632.25,15618950741.85,867191,10,10,10,0,0,0,0,0,0,6236930047,6689914879,6723469311,6242664931.14,1153
1790620664,0,868361,0,796.85,1169.36,4215275519,14923333631,29376905215,44761612287,58753810431,254080,63753420799,17911879402.72,15613363472.45,868361,10,10,10,0,0,0,0,0,0,7218397183,7679770623,7709130751,7225247880.53,1170
1790620665,0,869539,0,797.20,1178.52,4246732799,14898167807,29343350783,44728057855,58753810431,254080,63753420799,17898729352.88,15606871753.39,869539,10,10,10,0,0,0,0,0,0,8199864319,8648654847,8690597887,8205189092.18,1178
1790620666,0,870736,0,797.56,1196.87,4278190079,14864613375,29326573567,44728057855,58753810431,254080,63753420799,17886757567.30,15599481725.35,870736,10,10,10,0,0,0,0,0,0,9193914367,9630121983,9672065023,9190070465.34,1197
1790620667,0,871905,0,797.90,1169.19,4311744511,14839447551,29293019135,44694503423,58753810431,254080,63753420799,17876419267.13,15591577294.50,871905,10,10,10,0,0,0,0,0,0,10183770111,10611589119,10645143551,10175880227.91,1169
1790620668,0,873104,0,798.27,1199.22,4345298943,14814281727,29276241919,44694503423,58720255999,254080,63753420799,17867183330.47,15582861879.85,873104,10,10,10,0,0,0,0,0,0,11148460031,11584667647,11626610687,11150870270.08,1199
1790620669,0,874276,0,798.61,1171.16,4370464767,14789115903,29242687487,44660948991,58720255999,254080,63753420799,17859492916.77,15573831548.62,874276,10,10,10,0,0,0,0,0,0,12129927167,12566134783,12608077823,12130370933.95,1172
1790620670,0,875399,0,798.90,1122.85,4399824895,14763950079,29225910271,44660948991,58720255999,254080,63753420799,17853397177.35,15564771659.00,875399,10,10,10,0,0,0,0,0,0,13111394303,13564379135,13589544959,13107752766.69,1123
1790620671,0,876551,0,799.23,1152.26,4429185023,14738784255,29192355839,44660948991,58720255999,254080,63753420799,17848450751.41,15555141407.87,876551,10,10,10,0,0,0,0,0,0,14076084223,14545846271,14579400703,14089686584.89,1152
1790620672,0,877703,0,799.55,1152.57,4458545151,14722007039,29175578623,44627394559,58720255999,254080,63753420799,17837421069.83,15548835865.93,877703,10,10,10,0,0,0,0,0,0,5553258495,14948499455,14990442495,9444991886.22,1152
1790620673,0,878905,0,799.91,1201.71,4492099583,14696841215,29142024191,44627394559,58720255999,254080,63753420799,17821370378.89,15544255581.96,878905,10,10,10,0,0,0,0,0,0,6102712319,6551502847,6580862975,6101121136.45,1202
1790620674,0,880109,0,800.28,1203.81,4521459711,14671675391,29125246975,44593840127,58720255999,254080,63753420799,17806679409.87,15538693569.11,880109,10,10,10,0,0,0,0,0,0,7084179455,7520387071,7553941503,7082455053.61,1204
1790620675,0,881290,0,800.63,1181.61,4550819839,14646509567,29091692543,44593840127,58686701567,254080,63753420799,17793622897.74,15532371994.99,881290,10,10,10,0,0,0,0,0,0,8065646591,8506048511,8535408639,8063602712.28,1181
1790620676,0,882450,0,800.95,1159.07,4580179967,14621343743,29074915327,44593840127,58686701567,254080,63753420799,17782117114.88,15525402709.03,882450,10,10,10,0,0,0,0,0,0,9034530815,9487515647,9529458687,9040796961.54,1160
1790620677,0,883599,0,801.27,1149.13,4609540095,14596177919,29041360895,44560285695,58686701567,254080,63753420799,17772030141.39,15517826611.58,883599,10,10,10,0,0,0,0,0,0,10041163775,10468982783,10519314431,10025076484.68,1149
1790620678,0,884793,0,801.63,1194.58,4643094527,14571012095,29024583679,44560285695,58686701567,254080,63753420799,17762891162.70,15509348905.73,884793,10,10,10,0,0,0,0,0,0,11014242303,11450449919,11492392959,10999748419.32,1194
1790620679,0,885900,0,801.90,1106.85,4668260351,14545846271,28991029247,44560285695,58686701567,254080,63753420799,17755678325.15,15501000339.71,885900,10,10,10,0,0,0,0,0,0,12004098047,12423528447,12473860095,11990666424.08,1107
1790620680,0,887067,0,802.23,1167.10,4697620479,14520680447,28974252031,44560285695,58686701567,254080,63753420799,17749357655.65,15491782983.07,887067,10,10,10,0,0,0,0,0,0,12943622143,13413384191,13446938623,12951173328.84,1167
1790620681,0,888224,0,802.55,1156.33,4726980607,14495514623,28957474815,44560285695,58686701567,254080,63753420799,17744399280.97,15482302017.01,888224,10,10,10,0,0,0,0,0,0,13950255103,14394851327,14428405759,13942834412.31,1157
1790620682,0,889381,0,802.87,1157.86,4756340735,14520680447,28923920383,44526731263,58686701567,254080,63753420799,17740731564.39,15472565168.64,889381,10,10,10,0,0,0,0,0,0,14931722239,15367929855,15409872895,14925041079.87,1157
1790620683,0,890587,0,803.24,1205.47,4789895167,14545846271,28890365951,44526731263,58686701567,254080,63753420799,17738240234.21,15462236962.39,890587,10,10,10,0,0,0,0,0,0,15904800767,16349396991,16382951423,15900975117.59,1206
1790620684,0,891739,0,803.55,1152.36,4819255295,14562623487,28873588735,44526731263,58653147135,254080,63753420799,17737162343.86,15452278512.76,891739,10,10,10,0,0,0,0,0,0,16903045119,17347641343,17381195775,16903867960.89,1152
1790620685,0,892936,0,803.91,1197.22,4852809727,14587789311,28840034303,44526731263,58653147135,254080,63753420799,17737326340.95,15441922044.60,892936,10,10,10,0,0,0,0,0,0,17850957823,18303942655,18354274303,17859500608.59,1197
1790620686,0,894106,0,804.23,1169.44,4882169855,14612955135,28823257087,44526731263,58653147135,254080,63753420799,17738785529.90,15431871369.70,894106,10,10,10,0,0,0,0,0,0,18857590783,19293798399,19327352831,18852428563.69,1170
1790620687,0,895277,0,804.56,1170.79,4911529983,14638120959,28789702655,44493176831,58653147135,254080,63753420799,17741519160.00,15421964144.34,895277,10,10,10,0,0,0,0,0,0,19830669311,20266876927,20317208575,19828756623.41,1171
1790620688,0,896476,0,804.92,1199.95,4936695807,14663286783,28772925439,44493176831,58653147135,254080,63753420799,17745614737.59,15412057352.79,896476,10,10,10,0,0,0,0,0,0,20803747839,21256732671,21290287103,20803726850.99,1199
1790620689,0,897667,0,805.26,1190.95,4966055935,14638120959,28739371007,44493176831,58653147135,254080,63753420799,17730424203.11,15407985846.84,897667,10,10,10,0,0,0,0,0,0,5528092671,21307064319,21340618751,6296377527.99,1191
1790620690,0,898914,0,805.66,1246.32,4999610367,14612955135,28705816575,44493176831,58653147135,254080,63753420799,17714782562.91,15403016769.24,898914,10,10,10,0,0,0,0,0,0,6467616767,6899630079,6933184511,6454971630.96,1247
1790620691,0,900104,0,806.00,1189.84,5024776191,14587789311,28689039359,44493176831,58619592703,254080,63753420799,17701182106.32,15397372935.42,900104,10,10,10,0,0,0,0,0,0,7440695295,7872708607,7918845951,7427534345.47,1190
1790620692,0,901286,0,806.34,1182.91,5041553407,14571012095,28655484927,44493176831,58619592703,254080,63753420799,17688989875.68,15390954357.93,901286,10,10,10,0,0,0,0,0,0,8405385215,8849981439,8900313087,8404492773.14,1182
1790620693,0,902458,0,806.67,1171.05,5058330623,14545846271,28621930495,44459622399,58619592703,254080,63753420799,17678221572.11,15383858975.81,902458,10,10,10,0,0,0,0,0,0,9412018175,9839837183,9873391615,9397230749.27,1172
1790620694,0,903632,0,807.00,1174.79,5070913535,14520680447,28605153279,44459622399,58619592703,254080,63753420799,17668715457.78,15376124817.70,903632,10,10,10,0,0,0,0,0,0,10359930879,10812915711,10854858751,10361331363.11,1174
1790620695,0,904845,0,807.36,1212.18,5083496447,14495514623,28588376063,44459622399,58619592703,254080,63753420799,17660256696.99,15367552975.78,904845,10,10,10,0,0,0,0,0,0,11366563839,11802771455,11836325887,11358849501.81,1213
1790620696,0,906029,0,807.69,1184.61,5096079359,14470348799,28554821631,44459622399,58619592703,254080,63753420799,17653305182.66,15358714256.91,906029,10,10,10,0,0,0,0,0,0,12364808191,12784238591,12817793023,12340768878.70,1184
1790620697,0,907196,0,808.01,1167.26,5108662271,14445182975,28521267199,44459622399,58586038271,254080,63753420799,17647726358.24,15349622930.58,907196,10,10,10,0,0,0,0,0,0,13329498111,13765705727,13799260159,13316469532.74,1167
1790620698,0,908422,0,808.39,1225.53,5121245183,14436794367,28504489983,44426067967,58586038271,254080,63753420799,17643193234.33,15339760673.39,908422,10,10,10,0,0,0,0,0,0,14285799423,14738784255,14772338687,14288844228.70,1226
1790620699,0,909591,0,808.71,1169.35,5125439487,14420017151,28470935551,44426067967,58586038271,254080,63753420799,17629584237.87,15335125079.52,909591,10,10,10,0,0,0,0,0,0,5528092671,14914945023,14948499455,7054125061.26,1169
1790620700,0,910742,0,809.01,1151.11,5138022399,14394851327,28454158335,44426067967,58586038271,254080,63753420799,17615300750.55,15330694230.39,910742,10,10,10,0,0,0,0,0,0,6329204735,6773800959,6807355391,6327610463.19,1151
1790620701,0,911930,0,809.35,1187.93,5150605311,14378074111,28420603903,44426067967,58586038271,254080,63753420799,17601851578.42,15325233380.05,911930,10,10,10,0,0,0,0,0,0,7285506047,7742685183,7788822527,7291476223.14,1188
1790620702,0,913073,0,809.64,1142.26,5158993919,14352908287,28403826687,44426067967,58586038271,254080,63753420799,17590202208.24,15319175899.94,913073,10,10,10,0,0,0,0,0,0,8313110527,8740929535,8774483967,8295880121.67,1143
1790620703,0,914241,0,809.96,1167.90,5171576831,14327742463,28370272255,44392513535,58586038271,254080,63753420799,17579570502.33,15312276118.35,914241,10,10,10,0,0,0,0,0,0,9269411839,9722396671,9755951103,9268334535.89,1168
1790620704,0,915410,0,810.28,1169.99,5184159743,14302576639,28353495039,44392513535,58552483839,254080,63753420799,17570215591.67,15304735440.81,915410,10,10,10,0,0,0,0,0,0,10276044799,10687086591,10729029631,10254011249.22,1169
1790620705,0,916556,0,810.58,1145.72,5192548351,14277410815,28319940607,44392513535,58552483839,254080,63753420799,17562295776.86,15296805269.40,916556,10,10,10,0,0,0,0,0,0,11249123327,11660165119,11710496767,11236049982.55,1146
1790620706,0,917742,0,810.91,1186.07,5205131263,14252244991,28303163391,44392513535,58552483839,254080,63753420799,17555386498.77,15288128020.40,917742,10,10,10,0,0,0,0,0,0,12230590463,12658409471,12691963903,12215807841.13,1186
1790620707,0,918931,0,811.24,1188.97,5217714175,14227079167,28269608959,44392513535,58552483839,254080,63753420799,17549756295.31,15279038429.97,918931,10,10,10,0,0,0,0,0,0,13220446207,13631487999,13673431039,13204025278.55,1189
1790620708,0,920091,0,811.55,1159.84,5230297087,14227079167,28252831743,44392513535,58552483839,254080,63753420799,17545501576.37,15269876942.09,920091,10,10,10,0,0,0,0,0,0,14159970303,14612955135,14654898175,14174990251.26,1160
1790620709,0,921229,0,811.84,1137.23,5230297087,14227079167,28219277311,44358959103,58552483839,254080,63753420799,17536103157.24,15263718054.17,921229,10,10,10,0,0,0,0,0,0,5511315455,15091105791,15133048831,9937332637.92,1138
1790620710,0,922415,0,812.17,1187.08,5242879999,14201913343,28202500095,44358959103,58518929407,254080,63753420799,17521282911.92,15259496813.06,922415,10,10,10,0,0,0,0,0,0,6014631935,6455033855,6496976895,6009613624.55,1186
1790620711,0,923594,0,812.49,1178.71,5255462911,14185136127,28168945663,44358959103,58518929407,254080,63753420799,17507845759.77,15254388360.94,923594,10,10,10,0,0,0,0,0,0,6987710463,7440695295,7478444031,6995012252.77,1179
1790620712,0,924783,0,812.82,1188.49,5268045823,14159970303,28135391231,44358959103,58518929407,254080,63753420799,17495568200.35,15248422314.29,924783,10,10,10,0,0,0,0,0,0,7944011775,8426356735,8459911167,7958578957.13,1189
1790620713,0,925960,0,813.14,1176.97,5280628735,14134804479,28118614015,44358959103,58518929407,254080,63753420799,17484695141.08,15241778886.47,925960,10,10,10,0,0,0,0,0,0,8942256127,9403629567,9437183999,8941602215.69,1177
1790620714,0,927181,0,813.50,1221.76,5289017343,14118027263,28085059583,44325404671,58518929407,254080,63753420799,17474761798.77,15234199168.12,927181,10,10,10,0,0,0,0,0,0,9948889087,10385096703,10418651135,9941692473.03,1221
1790620715,0,928361,0,813.82,1180.01,5301600255,14092861439,28068282367,44325404671,58518929407,254080,63753420799,17466417415.81,15226314388.37,928361,10,10,10,0,0,0,0,0,0,10905190399,11358175231,11400118271,10909846788.34,1180
1790620716,0,929563,0,814.16,1201.66,5309988863,14067695615,28034727935,44325404671,58518929407,254080,63753420799,17459214347.12,15217786792.10,929563,10,10,10,0,0,0,0,0,0,11903434751,12339642367,12381585407,11895946418.90,1202
1790620717,0,930749,0,814.48,1186.41,5322571775,14050918399,28001173503,44325404671,58518929407,254080,63753420799,17453373964.04,15208970278.51,930749,10,10,10,0,0,0,0,0,0,12884901887,13312720895,13363052543,12875798904.45,1186
1790620718,0,931906,0,814.78,1156.30,5330960383,14042529791,27967619071,44325404671,58518929407,254080,63753420799,17448900632.49,15200058949.57,931906,10,10,10,0,0,0,0,0,0,13857980415,14302576639,14344519679,13850327714.41,1157
1790620719,0,933076,0,815.09,1170.64,5343543295,14059307007,27950841855,44325404671,58518929407,254080,63753420799,17445602882.33,15190814530.28,933076,10,10,10,0,0,0,0,0,0,14822670335,15275655167,15317598207,14818942065.78,1170
1790620720,0,934221,0,815.38,1144.23,5351931903,14084472831,27934064639,44291850239,58485374975,254080,63753420799,17443596407.56,15181613914.18,934221,10,10,10,0,0,0,0,0,0,15804137471,16248733695,16299065343,15808492954.49,1145
1790620721,0,935399,0,815.70,1178.89,5360320511,14101250047,27900510207,44291850239,58485374975,254080,63753420799,17442777492.10,15172072079.98,935399,10,10,10,0,0,0,0,0,0,16810770431,17230200831,17280532479,16793330957.47,1178
1790620722,0,936800,0,816.21,1401.12,5339348991,14092861439,27866955775,44291850239,58485374975,254080,63753420799,17427853466.91,15167889115.95,936800,10,10,10,0,0,0,0,0,0,3904897023,17565745151,17599299583,7463600619.17,1401
1790620723,0,937174,0,815.82,373.82,5330960383,14084472831,27866955775,44291850239,58485374975,254080,63753420799,17420996277.91,15168746157.77,937174,10,10,10,0,0,0,0,0,0,72089599,805830655,900202495,245021251.76,374
1790620724,0,937374,0,815.29,199.99,5326766079,14084472831,27866955775,44291850239,58485374975,254080,63753420799,17417280057.23,15169261043.42,937374,10,10,10,0,0,0,0,0,0,3387391,6004735,6868991,3553056.00,200
1790620725,0,937574,0,814.75,200.05,5318377471,14084472831,27850178559,44291850239,58485374975,254080,63753420799,17413565234.33,15169774997.54,937574,10,10,10,0,0,0,0,0,0,2478079,5189631,6287359,2673264.00,200
1790620726,0,937774,0,814.22,199.99,5314183167,14076084223,27850178559,44291850239,58485374975,254080,63753420799,17409851910.40,15170287904.13,937774,10,10,10,0,0,0,0,0,0,2234367,4014079,4689919,2272035.20,200
1790620727,0,937974,0,813.69,199.98,5309988863,14076084223,27850178559,44291850239,58485374975,254080,63753420799,17406140033.43,15170799823.02,937974,10,10,10,0,0,0,0,0,0,1552383,2758655,3280895,1631489.92,200
1790620728,0,938174,0,813.15,199.96,5305794559,14067695615,27833401343,44291850239,58485374975,254080,63753420799,17402429726.50,15171310613.21,938174,10,10,10,0,0,0,0,0,0,1535999,2566143,2951167,1572563.84,200
1790620729,0,938374,0,812.62,200.05,5301600255,14067695615,27833401343,44291850239,58485374975,254080,63753420799,17398721034.54,15171820223.43,938374,10,10,10,0,0,0,0,0,0,1691647,2654207,4280319,1729143.04,200
1790620730,0,938574,0,812.09,199.98,5297405951,14059307007,27833401343,44291850239,58485374975,254080,63753420799,17395013874.18,15172328749.51,938574,10,10,10,0,0,0,0,0,0,1464319,2537471,2963455,1499418.24,200
1790620731,0,938774,0,811.56,200.00,5289017343,14059307007,27816624127,44291850239,58485374975,254080,63753420799,17391308288.05,15172836142.83,938774,10,10,10,0,0,0,0,0,0,1508351,2281471,2715647,1474313.60,200
1790620732,0,938974,0,811.03,200.02,5284823039,14050918399,27816624127,44291850239,58485374975,254080,63753420799,17387604337.61,15173342333.21,938974,10,10,10,0,0,0,0,0,0,1690623,2689023,3618815,1742471.04,200
1790620733,0,939174,0,810.51,200.06,5276434431,14050918399,27816624127,44291850239,58485374975,254080,63753420799,17383901953.15,15173847400.80,939174,10,10,10,0,0,0,0,0,0,1653759,2744319,3033087,1688208.64,200
1790620734,0,939374,0,809.98,199.99,5272240127,14050918399,27816624127,44291850239,58485374975,254080,63753420799,17380201159.03,15174351317.93,939374,10,10,10,0,0,0,0,0,0,1708031,2672639,3076095,1753117.44,200
1790620735,0,939574,0,809.46,200.00,5268045823,14042529791,27816624127,44291850239,58485374975,254080,63753420799,17376501921.19,15174854123.89,939574,10,10,10,0,0,0,0,0,0,1631231,2531327,5603327,1662676.48,200
1790620736,0,939774,0,808.93,199.98,5259657215,14042529791,27799846911,44291850239,58485374975,254080,63753420799,17372804286.90,15175355764.79,939774,10,10,10,0,0,0,0,0,0,1766399,2861055,3551231,1799060.48,200
1790620737,0,939974,0,808.41,199.87,5255462911,14034141183,27799846911,44258295807,58485374975,254080,63753420799,17369108201.55,15175856303.39,939974,10,10,10,0,0,0,0,0,0,1611775,2809855,3252223,1683634.56,200
1790620738,0,940174,0,807.88,200.00,5247074303,14034141183,27799846911,44258295807,58485374975,254080,63753420799,17365413697.50,15176355702.90,940174,10,10,10,0,0,0,0,0,0,1643519,2840575,3088383,1724959.36,200
1790620739,0,940374,0,807.36,200.14,5242879999,14025752575,27799846911,44258295807,58485374975,254080,63753420799,17361720743.18,15176853999.70,940374,10,10,10,0,0,0,0,0,0,1554431,2633727,3702783,1622554.88,200
1790620740,0,940574,0,806.84,199.84,5234491391,14025752575,27783069695,44258295807,58485374975,254080,63753420799,17358029337.42,15177351195.33,940574,10,10,10,0,0,0,0,0,0,1438719,2582527,3721215,1519338.24,200
1790620741,0,940774,0,806.32,200.09,5230297087,14025752575,27783069695,44258295807,58485374975,254080,63753420799,17354339475.05,15177847295.95,940774,10,10,10,0,0,0,0,0,0,1263615,2453503,4243455,1396451.84,200
1790620742,0,940974,0,805.80,199.90,5226102783,14017363967,27783069695,44258295807,58485374975,254080,63753420799,17350651174.34,15178342280.89,940974,10,10,10,0,0,0,0,0,0,1170431,1983487,5566463,1364112.64,200
1790620743,0,941174,0,805.28,200.19,5217714175,14017363967,27783069695,44258295807,58485374975,254080,63753420799,17346964446.58,15178836137.50,941174,10,10,10,0,0,0,0,0,0,1313791,2353151,2736127,1389608.32,200
1790620744,0,941374,0,804.77,199.90,5213519871,14008975359,27766292479,44258295807,58485374975,254080,63753420799,17343279261.34,15179328900.77,941374,10,10,10,0,0,0,0,0,0,1197055,2064383,2433023,1276592.64,200
1790620745,0,941574,0,804.25,199.90,5209325567,14008975359,27766292479,44258295807,58485374975,254080,63753420799,17339595627.17,15179820561.18,941574,10,10,10,0,0,0,0,0,0,1164287,1945599,2129919,1208483.84,200
1790620746,0,941774,0,803.73,200.02,5200936959,14000586751,27766292479,44258295807,58485374975,254080,63753420799,17335913569.59,15180311089.81,941774,10,10,10,0,0,0,0,0,0,1214463,1964031,2160639,1265121.28,200
1790620747,0,941974,0,803.22,200.16,5196742655,14000586751,27749515263,44258295807,58485374975,254080,63753420799,17332233052.80,15180800527.77,941974,10,10,10,0,0,0,0,0,0,1134591,1917951,2150399,1157969.92,200
1790620748,0,942174,0,802.71,199.85,5192548351,14000586751,27749515263,44258295807,58485374975,254080,63753420799,17328554123.63,15181288821.86,942174,10,10,10,0,0,0,0,0,0,1151999,2025471,6004735,1275971.84,200
1790620749,0,942374,0,802.19,200.13,5184159743,13992198143,27749515263,44258295807,58485374975,254080,63753420799,17324876754.78,15181776003.46,942374,10,10,10,0,0,0,0,0,0,1185791,2222079,3010559,1270195.20,200
1790620750,0,942574,0,801.68,200.00,5179965439,13992198143,27749515263,44258295807,58485374975,254080,63753420799,17321200930.98,15182262090.26,942574,10,10,10,0,0,0,0,0,0,1145855,1949695,2201599,1197045.76,200
1790620751,0,942774,0,801.17,199.87,5171576831,13983809535,27732738047,44258295807,58451820543,254080,63753420799,17317526663.12,15182747070.04,942774,10,10,10,0,0,0,0,0,0,1166335,1848319,2291711,1179889.92,200
1790620752,0,942974,0,800.66,200.06,5167382527,13983809535,27732738047,44258295807,58451820543,254080,63753420799,17313853936.84,15183230959.43,942974,10,10,10,0,0,0,0,0,0,995839,1876991,2244607,1099676.80,200
1790620753,0,943174,0,800.15,200.11,5163188223,13975420927,27732738047,44258295807,58451820543,254080,63753420799,17310182826.19,15183713674.21,943174,10,10,10,0,0,0,0,0,0,1314815,2051071,2637823,1373356.80,200
1790620754,0,943374,0,799.64,199.88,5154799615,13975420927,27732738047,44258295807,58451820543,254080,63753420799,17306513250.05,15184195307.14,943374,10,10,10,0,0,0,0,0,0,1254399,2075647,2367487,1269245.44,200
1790620755,0,943574,0,799.13,200.05,5150605311,13967032319,27715960831,44258295807,58451820543,254080,63753420799,17302845224.92,15184675839.63,943574,10,10,10,0,0,0,0,0,0,1246207,1853439,2022399,1247502.08,200
1790620756,0,943774,0,798.63,199.93,5146411007,13967032319,27715960831,44258295807,58451820543,254080,63753420799,17299178769.98,15185155250.06,943774,10,10,10,0,0,0,0,0,0,1238015,2342911,2625535,1321027.84,200
1790620757,0,943974,0,798.12,200.07,5138022399,13958643711,27715960831,44258295807,58451820543,254080,63753420799,17295513861.38,15185633565.85,943974,10,10,10,0,0,0,0,0,0,1186815,2385919,2899967,1286608.00,200
1790620758,0,944174,0,797.61,200.05,5133828095,13958643711,27699183615,44258295807,58451820543,254080,63753420799,17291850497.29,15186110789.29,944174,10,10,10,0,0,0,0,0,0,1249279,1793023,2125823,1248231.04,200
1790620759,0,944374,0,797.11,199.88,5129633791,13958643711,27699183615,44258295807,58451820543,254080,63753420799,17288188694.14,15186586901.92,944374,10,10,10,0,0,0,0,0,0,1255423,1895423,2168831,1292058.88,200
1790620760,0,944574,0,796.61,199.98,5125439487,13950255103,27699183615,44258295807,58451820543,254080,63753420799,17284528419.67,15187061940.70,944574,10,10,10,0,0,0,0,0,0,1173503,1777663,1918975,1188183.04,200
1790620761,0,944774,0,796.10,200.01,5117050879,13950255103,27699183615,44258295807,58451820543,254080,63753420799,17280869686.18,15187535891.82,944774,10,10,10,0,0,0,0,0,0,1117183,1755135,2075647,1147056.64,200
1790620762,0,944974,0,795.60,200.06,5112856575,13941866495,27699183615,44258295807,58451820543,254080,63753420799,17277212521.79,15188008723.54,944974,10,10,10,0,0,0,0,0,0,1241087,1917951,2085887,1243366.40,200
1790620763,0,945174,0,795.10,199.94,5108662271,13941866495,27682406399,44258295807,58451820543,254080,63753420799,17273556903.65,15188480462.08,945174,10,10,10,0,0,0,0,0,0,1255423,1813503,2018303,1236460.80,200
1790620764,0,945374,0,794.60,200.05,5104467967,13941866495,27682406399,44258295807,58451820543,254080,63753420799,17269902815.12,15188951126.61,945374,10,10,10,0,0,0,0,0,0,1112063,1855487,2236415,1155418.88,200
1790620765,0,945574,0,794.10,200.08,5096079359,13933477887,27682406399,44258295807,58451820543,254080,63753420799,17266250305.61,15189420661.15,945574,10,10,10,0,0,0,0,0,0,1248255,2156543,2750463,1312689.28,200
1790620766,0,945774,0,793.60,200.03,5091885055,13933477887,27682406399,44258295807,58451820543,254080,63753420799,17262599315.50,15189889133.73,945774,10,10,10,0,0,0,0,0,0,1170431,1800191,2183167,1192685.44,200
1790620767,0,945974,0,793.10,199.87,5083496447,13925089279,27665629183,44258295807,58451820543,254080,63753420799,17258949897.84,15190356484.27,945974,10,10,10,0,0,0,0,0,0,1270783,2172927,2574335,1328237.44,200
1790620768,0,946174,0,792.61,200.09,5079302143,13925089279,27665629183,44258295807,58451820543,254080,63753420799,17255302172.89,15190822576.44,946174,10,10,10,0,0,0,0,0,0,1972223,3219455,5488639,2037361.92,200
1790620769,0,946374,0,792.11,199.97,5075107839,13916700671,27665629183,44258295807,58451820543,254080,63753420799,17251655930.03,15191287649.76,946374,10,10,10,0,0,0,0,0,0,1712127,2949119,3852287,1754940.16,200
1790620770,0,946574,0,791.62,199.97,5066719231,13916700671,27648851967,44224741375,58451820543,254080,63753420799,17248011201.96,15191751667.26,946574,10,10,10,0,0,0,0,0,0,1580031,2760703,3643391,1631805.44,200
1790620771,0,946774,0,791.12,200.03,5062524927,13908312063,27648851967,44224741375,58451820543,254080,63753420799,17244368079.04,15192214526.59,946774,10,10,10,0,0,0,0,0,0,1907711,3112959,3663871,1940924.16,200
1790620772,0,946974,0,790.63,199.92,5058330623,13908312063,27648851967,44224741375,58451820543,254080,63753420799,17240726470.12,15192676331.48,946974,10,10,10,0,0,0,0,0,0,1739775,3049471,3319807,1823230.72,200
1790620773,0,947174,0,790.14,200.01,5049942015,13908312063,27632074751,44224741375,58451820543,254080,63753420799,17237086410.23,15193137042.37,947174,10,10,10,0,0,0,0,0,0,1845247,3141631,3579903,1876055.04,200
1790620774,0,947374,0,789.64,200.00,5041553407,13899923455,27632074751,44224741375,58451820543,254080,63753420799,17233447907.04,15193596650.81,947374,10,10,10,0,0,0,0,0,0,1864703,3323903,4132863,1969779.20,200
1790620775,0,948249,0,789.72,875.50,4991221759,13883146239,27615297535,44224741375,58451820543,254080,63753420799,17217886155.97,15195216605.02,948249,10,10,10,0,0,0,0,0,0,377749503,698351615,733478911,368973746.76,875
1790620776,0,949431,0,790.04,1181.73,4907335679,13866369023,27581743103,44224741375,58451820543,254080,63753420799,17197988197.54,15196212810.55,949431,10,10,10,0,0,0,0,0,0,1242562559,1665138687,1711276031,1235027805.13,1182
1790620777,0,950578,0,790.34,1147.42,4823449599,13841203199,27564965887,44224741375,58418266111,254080,63753420799,17179921603.36,15195937714.93,950578,10,10,10,0,0,0,0,0,0,2237661183,2669674495,2705326079,2225270709.01,1147
1790620778,0,951738,0,790.65,1159.41,4735369215,13824425983,27548188671,44224741375,58418266111,254080,63753420799,17162892031.86,15194499926.00,951738,10,10,10,0,0,0,0,0,0,3212836863,3653238783,3688890367,3207774772.97,1160
1790620779,0,952863,0,790.92,1125.45,4651483135,13799260159,27514634239,44191186943,58418266111,254080,63753420799,17147569583.11,15192069109.30,952863,10,10,10,0,0,0,0,0,0,4167041023,4638900223,4676648959,4184941381.40,1125
1790620780,0,953955,0,791.17,1092.21,4676648959,13782482943,27497857023,44191186943,58418266111,254080,63753420799,17133864049.62,15188771056.23,953955,10,10,10,0,0,0,0,0,0,5171576831,5607784447,5645533183,5174618854.68,1092
1790620781,0,955123,0,791.48,1167.18,4701814783,13757317119,27464302591,44191186943,58418266111,254080,63753420799,17120432338.19,15184337397.72,955123,10,10,10,0,0,0,0,0,0,6153043967,6606028799,6643777535,6150185521.10,1168
1790620782,0,956325,0,791.83,1202.81,4731174911,13732151295,27447525375,44191186943,58418266111,254080,63753420799,17107894505.60,15178910268.58,956325,10,10,10,0,0,0,0,0,0,7147094015,7583301631,7625244671,7145188783.07,1202
1790620783,0,957454,0,792.10,1128.37,4756340735,13715374079,27413970943,44191186943,58384711679,254080,63753420799,17097312669.53,15173087455.27,957454,10,10,10,0,0,0,0,0,0,8136949759,8581545983,8623489023,8133916412.60,1129
1790620784,0,958595,0,792.39,1140.54,4781506559,13690208255,27380416511,44157632511,58384711679,254080,63753420799,17087832098.63,15166544392.48,958595,10,10,10,0,0,0,0,0,0,9143582719,9571401727,9604956159,9132345220.15,1141
1790620785,0,959770,0,792.71,1175.67,4810866687,13673431039,27363639295,44157632511,58384711679,254080,63753420799,17079284534.03,15159227053.97,959770,10,10,10,0,0,0,0,0,0,10125049855,10552868863,10586423295,10105963095.58,1175
1790620786,0,960936,0,793.02,1165.93,4823449599,13648265215,27330084863,44157632511,58384711679,254080,63753420799,17070600516.22,15152390043.08,960936,10,10,10,0,0,0,0,0,0,10955522047,11383341055,11425284095,9922521808.14,1166
1790620787,0,962094,0,793.32,1157.63,4743757823,13631487999,27313307647,44157632511,58384711679,254080,63753420799,17053984117.08,15150834720.17,962094,10,10,10,0,0,0,0,0,0,3267362815,3718250495,3755999231,3265300073.23,1158
1790620788,0,963270,0,793.63,1176.78,4672454655,13606322175,27279753215,44157632511,58384711679,254080,63753420799,17038369045.05,15148172461.04,963270,10,10,10,0,0,0,0,0,0,4265607167,4701814783,4739563519,4263567081.36,1176
1790620789,0,964397,0,793.91,1126.29,4693426175,13589544959,27246198783,44124078079,58384711679,254080,63753420799,17024573618.22,15144693230.72,964397,10,10,10,0,0,0,0,0,0,5234491391,5679087615,5725224959,5233339540.10,1127
1790620790,0,965616,0,794.26,1219.08,4718591999,13564379135,27229421567,44124078079,58351157247,254080,63753420799,17010942588.04,15139989595.66,965616,10,10,10,0,0,0,0,0,0,6232735743,6664749055,6706692095,6226919114.87,1219
1790620791,0,966795,0,794.57,1179.78,4743757823,13539213311,27195867135,44124078079,58351157247,254080,63753420799,16998985375.93,15134627518.07,966795,10,10,10,0,0,0,0,0,0,7222591487,7654604799,7696547839,7205876528.42,1179
1790620792,0,967925,0,794.85,1129.67,4768923647,13522436095,27179089919,44124078079,58351157247,254080,63753420799,16988724162.68,15128771215.54,967925,10,10,10,0,0,0,0,0,0,8212447231,8648654847,8690597887,8209529778.07,1130
1790620793,0,969080,0,795.14,1154.51,4789895167,13497270271,27145535487,44124078079,58351157247,254080,63753420799,16979416594.34,15122156644.36,969080,10,10,10,0,0,0,0,0,0,9177137151,9621733375,9672065023,9179392271.29,1155
1790620794,0,970281,0,795.48,1201.13,4819255295,13472104447,27111981055,44090523647,58351157247,254080,63753420799,16970991928.96,15114692571.51,970281,10,10,10,0,0,0,0,0,0,10183770111,10611589119,10661920767,10173177835.54,1201
1790620795,0,971417,0,795.76,1136.07,4836032511,13455327231,27095203839,44090523647,58351157247,254080,63753420799,16964188376.78,15107163988.88,971417,10,10,10,0,0,0,0,0,0,11165237247,11601444863,11634999295,11153134317.97,1136
1790620796,0,972671,0,796.13,1254.20,4865392639,13430161407,27061649407,44090523647,58351157247,254080,63753420799,16957959473.18,15098421225.71,972671,10,10,10,0,0,0,0,0,0,12121538559,12582911999,12624855039,12132709991.71,1254
1790620797,0,973884,0,796.47,1212.68,4886364159,13413384191,27028094975,44090523647,58351157247,254080,63753420799,16945346552.28,15093582830.62,973884,10,10,10,0,0,0,0,0,0,5528092671,12767461375,12801015807,6831395704.09,1213
1790620798,0,975015,0,796.74,1131.32,4911529983,13388218367,27011317759,44090523647,58351157247,254080,63753420799,16933054780.12,15089140896.09,975015,10,10,10,0,0,0,0,0,0,6371147775,6786383871,6815743999,6348828219.30,1131
1790620799,0,976157,0,797.03,1141.38,4932501503,13371441151,26977763327,44090523647,58351157247,254080,63753420799,16921808485.02,15083895001.52,976157,10,10,10,0,0,0,0,0,0,7314866175,7763656703,7797211135,7319963981.56,1142
1790620800,0,977277,0,797.29,1120.79,4957667327,13346275327,26960986111,44056969215,58317602815,254080,63753420799,16911931733.75,15078071798.69,977277,10,10,10,0,0,0,0,0,0,8313110527,8740929535,8791261183,8303663981.71,1120
1790620801,0,978452,0,797.60,1175.17,4978638847,13329498111,26927431679,44056969215,58317602815,254080,63753420799,16902781716.08,15071329269.43,978452,10,10,10,0,0,0,0,0,0,9302966271,9747562495,9781116927,9292482296.81,1175
1790620802,0,979634,0,797.91,1182.13,4999610367,13304332287,26910654463,44056969215,58317602815,254080,63753420799,16894794114.46,15063990703.52,979634,10,10,10,0,0,0,0,0,0,10292822015,10729029631,10762584063,10282708846.46,1182
1790620803,0,980775,0,798.19,1140.23,5020581887,13287555071,26877100031,44056969215,58317602815,254080,63753420799,16888234828.84,15056455690.84,980775,10,10,10,0,0,0,0,0,0,11249123327,11710496767,11744051199,11256596614.62,1141
1790620804,0,981939,0,798.49,1164.80,5037359103,13262389247,26843545599,44023414783,58317602815,254080,63753420799,16882740744.36,15048377335.47,981939,10,10,10,0,0,0,0,0,0,12272533503,12691963903,12725518335,12253478968.30,1164
1790620805,0,983104,0,798.79,1164.54,5049942015,13262389247,26826768383,44023414783,58317602815,254080,63753420799,16878417820.24,15039985205.69,983104,10,10,10,0,0,0,0,0,0,13245612031,13681819647,13723762687,13234771646.30,1165
1790620806,0,984282,0,799.09,1178.15,5062524927,13287555071,26809991167,44023414783,58317602815,254080,63753420799,16875218043.20,15031269986.60,984282,10,10,10,0,0,0,0,0,0,14201913343,14654898175,14696841215,14204832978.36,1178
1790620807,0,985414,0,799.36,1131.43,5070913535,13279166463,26776436735,44023414783,58317602815,254080,63753420799,16865704992.26,15026024700.90,985414,10,10,10,0,0,0,0,0,0,5549064191,14973665279,15015608319,8594039970.83,1132
1790620808,0,986577,0,799.66,1163.85,5079302143,13262389247,26759659519,44023414783,58284048383,254080,63753420799,16853121137.31,15021635482.04,986577,10,10,10,0,0,0,0,0,0,6182404095,6639583231,6677331967,6190776474.96,1163
1790620809,0,987745,0,799.96,1167.68,5087690751,13237223423,26726105087,43989860351,58284048383,254080,63753420799,16841686013.83,15016432640.62,987745,10,10,10,0,0,0,0,0,0,7189037055,7625244671,7662993407,7182756373.04,1168
1790620810,0,988870,0,800.22,1125.10,5100273663,13220446207,26692550655,43989860351,58284048383,254080,63753420799,16831811098.55,15010743563.79,988870,10,10,10,0,0,0,0,0,0,8162115583,8606711807,8648654847,8161679376.38,1125
1790620811,0,990041,0,800.52,1170.85,5108662271,13195280383,26675773439,43989860351,58284048383,254080,63753420799,16822713956.61,15004196060.19,990041,10,10,10,0,0,0,0,0,0,9143582719,9596567551,9638510591,9140484451.03,1171
1790620812,0,991216,0,800.82,1175.30,5117050879,13178503167,26642219007,43989860351,58284048383,254080,63753420799,16814786076.15,14997069193.79,991216,10,10,10,0,0,0,0,0,0,10141827071,10569646079,10611589119,10134848464.07,1175
1790620813,0,992393,0,801.13,1176.92,5125439487,13153337343,26625441791,43989860351,58284048383,254080,63753420799,16808023174.50,14989461227.84,992393,10,10,10,0,0,0,0,0,0,11123294207,11567890431,11609833471,11112614234.26,1177
1790620814,0,993582,0,801.44,1188.81,5133828095,13136560127,26591887359,43956305919,58250493951,254080,63753420799,16802386958.63,14981377902.28,993582,10,10,10,0,0,0,0,0,0,12104761343,12549357567,12582911999,12098147113.55,1189
1790620815,0,994782,0,801.76,1200.21,5142216703,13136560127,26575110143,43956305919,58250493951,254080,63753420799,16797896967.43,14972899912.71,994782,10,10,10,0,0,0,0,0,0,13086228479,13539213311,13572767743,13080251596.80,1200
1790620816,0,995999,0,802.09,1216.42,5154799615,13153337343,26541555711,43956305919,58250493951,254080,63753420799,16794566544.81,14964055713.12,995999,10,10,10,0,0,0,0,0,0,14076084223,14512291839,14562623487,14072262134.32,1217
1790620817,0,997155,0,802.38,1156.47,5163188223,13170114559,26524778495,43956305919,58250493951,254080,63753420799,16792551707.36,14955499373.83,997155,10,10,10,0,0,0,0,0,0,15065939967,15502147583,15544090623,15056586234.69,1156
1790620818,0,998328,0,802.68,1172.07,5171576831,13195280383,26491224063,43956305919,58250493951,254080,63753420799,16791656346.00,14946736532.31,998328,10,10,10,0,0,0,0,0,0,16030629887,16483614719,16525557759,16030519041.09,1173
1790620819,0,999482,0,802.96,1154.02,5179965439,13212057599,26474446847,43922751487,58250493951,254080,63753420799,16791948240.22,14938110856.35,999482,10,10,10,0,0,0,0,0,0,17045651455,17498636287,17532190719,17044466583.29,1154
1790620820,0,1000642,0,803.25,1161.13,5184159743,13195280383,26440892415,43922751487,58250493951,254080,63753420799,16780746720.68,14933747119.71,1000642,10,10,10,0,0,0,0,0,0,5536481279,17616076799,17666408447,7129266416.11,1160
1790620821,0,1001835,0,803.56,1192.08,5196742655,13178503167,26424115199,43922751487,58250493951,254080,63753420799,16768358784.85,14929167577.12,1001835,10,10,10,0,0,0,0,0,0,6379536383,6819938303,6853492735,6377840028.86,1193
1790620822,0,1003027,0,803.87,1192.84,5205131263,13161725951,26390560767,43922751487,58216939519,254080,63753420799,16757189219.81,14923810631.09,1003027,10,10,10,0,0,0,0,0,0,7386169343,7797211135,7834959871,7369553988.72,1192
1790620823,0,1004184,0,804.15,1156.89,5213519871,13136560127,26373783551,43922751487,58216939519,254080,63753420799,16747493322.63,14917945691.22,1004184,10,10,10,0,0,0,0,0,0,8350859263,8799649791,8833204223,8341921445.06,1157
1790620824,0,1005347,0,804.44,1162.26,5221908479,13119782911,26340229119,43922751487,58216939519,254080,63753420799,16738916985.34,14911447473.42,1005347,10,10,10,0,0,0,0,0,0,9344909311,9772728319,9814671359,9333740129.29,1163
1790620825,0,1006488,0,804.71,1141.75,5230297087,13094617087,26323451903,43889197055,58216939519,254080,63753420799,16731636844.03,14904562685.64,1006488,10,10,10,0,0,0,0,0,0,10326376447,10762584063,10796138495,10317028406.74,1141
1790620826,0,1007639,0,804.99,1151.05,5238685695,13077839871,26289897471,43889197055,58216939519,254080,63753420799,16725429326.32,14897181764.30,1007639,10,10,10,0,0,0,0,0,0,11299454975,11752439807,11794382847,11297286764.98,1151
1790620827,0,1008845,0,805.31,1205.73,5251268607,13061062655,26273120255,43889197055,58216939519,254080,63753420799,16720115230.38,14889070561.55,1008845,10,10,10,0,0,0,0,0,0,12280922111,12733906943,12767461375,12280073513.18,1206
1790620828,0,1010012,0,805.59,1166.80,5259657215,13069451263,26239565823,43889197055,58183385087,254080,63753420799,16716132243.72,14880930434.87,1010012,10,10,10,0,0,0,0,0,0,13270777855,13723762687,13757317119,13272930716.41,1167
1790620829,0,1011181,0,805.88,1169.57,5268045823,13086228479,26222788607,43889197055,58183385087,254080,63753420799,16713295899.09,14872562965.03,1011181,10,10,10,0,0,0,0,0,0,14277410815,14696841215,14738784255,14262703842.44,1169
1790620830,0,1012292,0,806.13,1109.98,5255462911,13077839871,26189234175,43855642623,58183385087,254080,63753420799,16700506728.85,14871104715.22,1012292,10,10,10,0,0,0,0,0,0,499384319,15015608319,15049162751,5060393363.70,1111
1790620831,0,1013463,0,806.42,1171.89,5226102783,13061062655,26172456959,43855642623,58183385087,254080,63753420799,16682566294.94,14871871507.78,1013463,10,10,10,0,0,0,0,0,0,1181745151,1614807039,1658847231,1173635701.62,1171
1790620832,0,1014656,0,806.72,1193.02,5196742655,13044285439,26138902527,43855642623,58183385087,254080,63753420799,16665493753.71,14871456469.54,1014656,10,10,10,0,0,0,0,0,0,2162163711,2621439999,2657091583,2162234027.24,1193
1790620833,0,1015822,0,807.01,1166.12,5171576831,13019119615,26122125311,43855642623,58183385087,254080,63753420799,16649988249.09,14869958784.22,1015822,10,10,10,0,0,0,0,0,0,3154116607,3623878655,3659530239,3157060894.30,1166
1790620834,0,1017023,0,807.32,1200.97,5142216703,13002342399,26088570879,43822088191,58183385087,254080,63753420799,16635255756.38,14867354753.86,1017023,10,10,10,0,0,0,0,0,0,4181721087,4613734399,4659871743,4174314701.48,1201
1790620835,0,1018188,0,807.61,1165.06,5133828095,12985565183,26071793663,43822088191,58183385087,254080,63753420799,16622123512.78,14863915193.07,1018188,10,10,10,0,0,0,0,0,0,5154799615,5611978751,5658116095,5157922842.37,1165
1790620836,0,1019400,0,807.93,1211.90,5142216703,12968787967,26038239231,43822088191,58183385087,254080,63753420799,16609683443.45,14859455102.16,1019400,10,10,10,0,0,0,0,0,0,6148849663,6622806015,6660554751,6158916685.73,1212
1790620837,0,1020534,0,808.19,1133.84,5150605311,12943622143,26021462015,43822088191,58183385087,254080,63753420799,16599177270.43,14854540333.29,1020534,10,10,10,0,0,0,0,0,0,7147094015,7612661759,7650410495,7154739189.16,1134
1790620838,0,1021712,0,808.48,1177.87,5158993919,12926844927,25987907583,43822088191,58149830655,254080,63753420799,16589439273.50,14848744288.49,1021712,10,10,10,0,0,0,0,0,0,8141144063,8615100415,8665432063,8153143049.13,1178
1790620839,0,1022921,0,808.79,1208.86,5167382527,12910067711,25971130367,43788533759,58149830655,254080,63753420799,16580658999.92,14842164994.92,1022921,10,10,10,0,0,0,0,0,0,9160359935,9621733375,9655287807,9160550743.87,1209
1790620840,0,1024109,0,809.09,1187.81,5179965439,12884901887,25937575935,43788533759,58149830655,254080,63753420799,16573200941.16,14835171507.45,1024109,10,10,10,0,0,0,0,0,0,10150215679,10619977727,10653532159,10151479620.09,1188
1790620841,0,1025318,0,809.41,1209.80,5188354047,12868124671,25920798719,43788533759,58149830655,254080,63753420799,16566823493.60,14827587644.61,1025318,10,10,10,0,0,0,0,0,0,11173625855,11618222079,11660165119,11164671762.85,1209
1790620842,0,1026597,0,809.78,1278.18,5196742655,12851347455,25887244287,43788533759,58149830655,254080,63753420799,16561336561.21,14819166089.24,1026597,10,10,10,0,0,0,0,0,0,12171870207,12616466431,12658409471,12162704391.21,1279
1790620843,0,1027965,0,810.22,1368.15,5192548351,12842958847,25853689855,43754979327,58149830655,254080,63753420799,16552098127.91,14812327914.96,1027965,10,10,10,0,0,0,0,0,0,12817793023,13262389247,13295943679,9619241474.99,1368
1790620844,0,1028734,0,810.19,769.31,5175771135,12834570239,25836912639,43754979327,58116276223,254080,63753420799,16540644139.03,14812732574.00,1028734,10,10,10,0,0,0,0,0,0,1193279487,2713714687,2847932415,1229461189.74,769
1790620845,0,1028934,0,809.71,199.92,5171576831,12834570239,25836912639,43754979327,58116276223,254080,63753420799,16537429585.96,14813087060.67,1028934,10,10,10,0,0,0,0,0,0,2715647,5197823,6062079,2829429.76,200
1790620846,0,1029134,0,809.23,200.03,5167382527,12826181631,25836912639,43754979327,58116276223,254080,63753420799,16534216305.79,14813440677.73,1029134,10,10,10,0,0,0,0,0,0,2764799,5324799,6995967,2950189.44,200
1790620847,0,1029334,0,808.75,200.01,5163188223,12826181631,25820135423,43754979327,58116276223,254080,63753420799,16531004312.80,14813793409.39,1029334,10,10,10,0,0,0,0,0,0,2975743,5570559,7790591,3148359.68,200
1790620848,0,1029534,0,808.27,199.86,5158993919,12817793023,25820135423,43754979327,58116276223,254080,63753420799,16527793646.05,14814145212.26,1029534,10,10,10,0,0,0,0,0,0,3641343,5718015,6238207,3551392.00,200
1790620849,0,1029734,0,807.79,200.02,5150605311,12817793023,25820135423,43754979327,58116276223,254080,63753420799,16524584199.63,14814496204.64,1029734,10,10,10,0,0,0,0,0,0,3321855,5926911,6733823,3413176.32,200
1790620850,0,1029934,0,807.32,200.09,5146411007,12817793023,25820135423,43754979327,58116276223,254080,63753420799,16521375955.20,14814846407.10,1029934,10,10,10,0,0,0,0,0,0,3190783,5386239,5640191,3184104.96,200
1790620851,0,1030134,0,806.84,199.91,5142216703,12809404415,25803358207,43754979327,58116276223,254080,63753420799,16518169040.99,14815195676.82,1030134,10,10,10,0,0,0,0,0,0,3692543,5644287,6373375,3619112.32,200
1790620852,0,1030334,0,806.37,200.08,5138022399,12809404415,25803358207,43754979327,58116276223,254080,63753420799,16514963416.49,14815544059.14,1030334,10,10,10,0,0,0,0,0,0,3487743,7004159,8232959,3849500.16,200
1790620853,0,1030534,0,805.89,200.01,5133828095,12801015807,25803358207,43754979327,58116276223,254080,63753420799,16511758903.60,14815891752.67,1030534,10,10,10,0,0,0,0,0,0,3115007,5312511,6660095,3165939.20,200
1790620854,0,1030734,0,805.42,199.98,5129633791,12801015807,25803358207,43754979327,58116276223,254080,63753420799,16508555630.76,14816238614.36,1030734,10,10,10,0,0,0,0,0,0,3014655,5578751,6254591,3147787.52,200
1790620855,0,1030934,0,804.95,199.91,5125439487,12801015807,25786580991,43754979327,58116276223,254080,63753420799,16505353643.24,14816584593.94,1030934,10,10,10,0,0,0,0,0,0,3162111,5844991,7192575,3366617.60,200
1790620856,0,1031134,0,804.47,200.14,5121245183,12792627199,25786580991,43754979327,58116276223,254080,63753420799,16502152938.04,14816929694.92,1031134,10,10,10,0,0,0,0,0,0,3188735,7520255,8839167,3573868.80,200
1790620857,0,1031334,0,804.00,199.91,5117050879,12792627199,25786580991,43754979327,58116276223,254080,63753420799,16498953400.15,14817274045.49,1031334,10,10,10,0,0,0,0,0,0,2985983,5443583,6275071,3191892.48,200
1790620858,0,1031534,0,803.53,199.98,5112856575,12792627199,25786580991,43754979327,58116276223,254080,63753420799,16495755185.56,14817617472.14,1031534,10,10,10,0,0,0,0,0,0,3481599,6529023,8110079,3617928.96,200
1790620859,0,1031734,0,803.06,200.09,5108662271,12784238591,25769803775,43754979327,58116276223,254080,63753420799,16492558138.88,14817960147.94,1031734,10,10,10,0,0,0,0,0,0,3016703,5869567,6684671,3246392.32,200
1790620860,0,1031934,0,802.59,199.94,5104467967,12784238591,25769803775,43754979327,58116276223,254080,63753420799,16489362404.92,14818301911.89,1031934,10,10,10,0,0,0,0,0,0,3485695,6049791,7106559,3625495.04,200
1790620861,0,1032134,0,802.13,200.08,5100273663,12784238591,25769803775,43754979327,58116276223,254080,63753420799,16486167780.73,14818642989.91,1032134,10,10,10,0,0,0,0,0,0,2775039,5709823,8790015,2961226.24,200
1790620862,0,1032334,0,801.66,199.91,5096079359,12775849983,25769803775,43754979327,58116276223,254080,63753420799,16482974444.60,14818983183.79,1032334,10,10,10,0,0,0,0,0,0,2809855,6569983,9404415,3220466.56,200
1790620863,0,1032534,0,801.19,199.95,5091885055,12775849983,25753026559,43754979327,58116276223,254080,63753420799,16479782358.95,14819322535.46,1032534,10,10,10,0,0,0,0,0,0,3229695,5496831,7380991,3289633.28,200
1790620864,0,1032734,0,800.73,200.06,5087690751,12767461375,25753026559,43754979327,58116276223,254080,63753420799,16476591476.34,14819661097.81,1032734,10,10,10,0,0,0,0,0,0,3031039,5599231,6717439,3117527.68,200
1790620865,0,1032934,0,800.26,199.90,5083496447,12767461375,25753026559,43754979327,58116276223,254080,63753420799,16473401803.38,14819998863.59,1032934,10,10,10,0,0,0,0,0,0,2983935,4653055,6602751,2983251.84,200
1790620866,0,1033134,0,799.79,200.02,5079302143,12767461375,25753026559,43721424895,58116276223,254080,63753420799,16470213370.47,14820335799.16,1033134,10,10,10,0,0,0,0,0,0,2971647,5300223,7794687,3009574.40,200
1790620867,0,1033334,0,799.33,200.01,5075107839,12759072767,25736249343,43721424895,58116276223,254080,63753420799,16467026206.55,14820671872.48,1033334,10,10,10,0,0,0,0,0,0,3110911,5136383,5926911,3189144.32,200
1790620868,0,1033534,0,798.87,199.98,5070913535,12759072767,25736249343,43721424895,58116276223,254080,63753420799,16463840154.15,14821007258.61,1033534,10,10,10,0,0,0,0,0,0,2459647,4526079,5562367,2558822.40,200
1790620869,0,1033734,0,798.41,200.02,5066719231,12759072767,25736249343,43721424895,58116276223,254080,63753420799,16460655431.67,14821341715.09,1033734,10,10,10,0,0,0,0,0,0,2912255,5435391,7086079,3060588.80,200
1790620870,0,1033934,0,797.94,200.12,5062524927,12759072767,25736249343,43721424895,58116276223,254080,63753420799,16457471935.93,14821675356.67,1033934,10,10,10,0,0,0,0,0,0,2949119,4714495,5787647,3032988.16,200
1790620871,0,1034134,0,797.48,200.02,5058330623,12750684159,25719472127,43721424895,58116276223,254080,63753420799,16454289605.36,14822008251.79,1034134,10,10,10,0,0,0,0,0,0,2627583,4706303,5890047,2690727.04,200
1790620872,0,1034334,0,797.02,199.93,5049942015,12750684159,25719472127,43721424895,58116276223,254080,63753420799,16451108575.19,14822340250.49,1034334,10,10,10,0,0,0,0,0,0,3024895,4947967,6320127,3051344.64,200
1790620873,0,1034534,0,796.56,199.99,5045747711,12750684159,25719472127,43721424895,58116276223,254080,63753420799,16447928797.89,14822671405.68,1034534,10,10,10,0,0,0,0,0,0,3147775,5349375,6139903,3169900.80,200
1790620874,0,1034734,0,796.10,199.99,5037359103,12742295551,25719472127,43721424895,58116276223,254080,63753420799,16444750248.61,14823001745.07,1034734,10,10,10,0,0,0,0,0,0,2908159,6426623,7802879,3163781.12,200
1790620875,0,1034934,0,795.65,200.00,5033164799,12742295551,25702694911,43721424895,58116276223,254080,63753420799,16441572879.02,14823331322.38,1034934,10,10,10,0,0,0,0,0,0,2619391,5267455,6574079,2911129.60,200
1790620876,0,1035134,0,795.19,200.02,5020581887,12742295551,25702694911,43721424895,58116276223,254080,63753420799,16438396613.08,14823660222.03,1035134,10,10,10,0,0,0,0,0,0,1891327,4743167,5668863,2268521.60,200
1790620877,0,1035334,0,794.73,200.01,5012193279,12733906943,25702694911,43721424895,58116276223,254080,63753420799,16435221726.78,14823988138.09,1035334,10,10,10,0,0,0,0,0,0,3098623,5050367,6193151,3057946.88,200
1790620878,0,1035534,0,794.27,200.08,5003804671,12733906943,25685917695,43721424895,58116276223,254080,63753420799,16432048118.45,14824315183.49,1035534,10,10,10,0,0,0,0,0,0,2947071,5963775,6959103,3325116.16,200
1790620879,0,1035734,0,793.82,199.93,4991221759,12725518335,25685917695,43721424895,58116276223,254080,63753420799,16428875749.50,14824641401.16,1035734,10,10,10,0,0,0,0,0,0,3201023,5877759,6975487,3396220.16,200
1790620880,0,1035934,0,793.36,200.06,4982833151,12725518335,25685917695,43721424895,58116276223,254080,63753420799,16425704482.50,14824966943.48,1035934,10,10,10,0,0,0,0,0,0,2639871,4825087,5668863,2759182.08,200
1790620881,0,1036134,0,792.91,199.91,4970250239,12725518335,25685917695,43721424895,58116276223,254080,63753420799,16422534437.40,14825291677.63,1036134,10,10,10,0,0,0,0,0,0,2361343,6356991,7372799,2746938.88,200
1790620882,0,1036334,0,792.46,200.00,4961861631,12717129727,25669140479,43721424895,58116276223,254080,63753420799,16419365578.07,14825615643.74,1036334,10,10,10,0,0,0,0,0,0,2525183,4345855,6131711,2551127.04,200
1790620883,0,1036534,0,792.00,200.04,4949278719,12717129727,25669140479,43721424895,58116276223,254080,63753420799,16416197954.12,14825938786.99,1036534,10,10,10,0,0,0,0,0,0,2557951,4648959,4984831,2615969.28,200
1790620884,0,1036734,0,791.55,199.96,4940890111,12717129727,25669140479,43721424895,58116276223,254080,63753420799,16413031655.32,14826261008.17,1036734,10,10,10,0,0,0,0,0,0,2981887,5300223,7372799,3149829.12,200
1790620885,0,1036934,0,791.10,200.09,4928307199,12708741119,25652363263,43721424895,58082721791,254080,63753420799,16409866494.19,14826582514.91,1036934,10,10,10,0,0,0,0,0,0,2770943,4317183,4882431,2715724.80,200
1790620886,0,1037134,0,790.65,199.83,4915724287,12708741119,25652363263,43721424895,58082721791,254080,63753420799,16406702497.44,14826903277.76,1037134,10,10,10,0,0,0,0,0,0,2271231,4048895,4661247,2423421.44,200
1790620887,0,1037334,0,790.20,200.11,4907335679,12700352511,25652363263,43721424895,58082721791,254080,63753420799,16403539742.44,14827223211.19,1037334,10,10,10,0,0,0,0,0,0,2279423,4440063,5701631,2536071.04,200
1790620888,0,1037534,0,789.75,199.98,4898947071,12700352511,25652363263,43721424895,58082721791,254080,63753420799,16400378183.83,14827542365.52,1037534,10,10,10,0,0,0,0,0,0,2297855,4476927,5001215,2416976.64,200
1790620889,0,1037734,0,789.30,199.99,4886364159,12700352511,25635586047,43721424895,58082721791,254080,63753420799,16397217897.99,14827860656.42,1037734,10,10,10,0,0,0,0,0,0,2729983,4276223,5361663,2697819.52,200
1790620890,0,1037934,0,788.85,199.97,4873781247,12691963903,25635586047,43721424895,58082721791,254080,63753420799,16394058801.63,14828178176.09,1037934,10,10,10,0,0,0,0,0,0,2600959,3987455,4923391,2550290.56,200
1790620891,0,1038134,0,788.41,200.08,4865392639,12691963903,25635586047,43721424895,58082721791,254080,63753420799,16390900922.84,14828494893.60,1038134,10,10,10,0,0,0,0,0,0,2535423,3993599,4669439,2552129.28,200
1790620892,0,1038334,0,787.96,199.87,4857004031,12691963903,25635586047,43721424895,58082721791,254080,63753420799,16387744295.94,14828810771.17,1038334,10,10,10,0,0,0,0,0,0,2662399,4636671,6623231,2735740.16,200
1790620893,0,1038534,0,787.51,200.03,4844421119,12683575295,25618808831,43721424895,58082721791,254080,63753420799,16384588903.45,14829125828.24,1038534,10,10,10,0,0,0,0,0,0,2672639,4878335,7962623,2832378.24,200
1790620894,0,1038734,0,787.07,200.09,4831838207,12683575295,25618808831,43721424895,58082721791,254080,63753420799,16381434702.57,14829440112.22,1038734,10,10,10,0,0,0,0,0,0,2615295,4689919,6782975,2710441.60,200
1790620895,0,1039663,0,787.18,928.83,4781506559,12666798079,25602031615,43687870463,58082721791,254080,63753420799,16367103544.50,14830558879.98,1039663,10,10,10,0,0,0,0,0,0,335806463,704643071,731906047,343141056.62,929
1790620896,0,1040842,0,787.47,1179.33,4714397695,12650020863,25568477183,43687870463,58082721791,254080,63753420799,16349965776.74,14830894189.36,1040842,10,10,10,0,0,0,0,0,0,1242562559,1677721599,1713373183,1237579822.90,1179
1790620897,0,1041996,0,787.75,1154.30,4655677439,12633243647,25551699967,43687870463,58082721791,254080,63753420799,16334303159.07,14830144151.79,1041996,10,10,10,0,0,0,0,0,0,2210398207,2659188735,2705326079,2207517804.26,1154
1790620898,0,1043156,0,788.03,1159.45,4592762879,12616466431,25518145535,43687870463,58082721791,254080,63753420799,16319713843.88,14828347617.72,1043156,10,10,10,0,0,0,0,0,0,3217031167,3653238783,3690987519,3214534472.39,1160
1790620899,0,1044332,0,788.33,1176.26,4542431231,12599689215,25501368319,43687870463,58049167359,254080,63753420799,16306064207.71,14825574062.53,1044332,10,10,10,0,0,0,0,0,0,4196401151,4643094527,4685037567,4198326216.27,1176
1790620900,0,1045486,0,788.60,1153.82,4559208447,12582911999,25467813887,43654316031,58049167359,254080,63753420799,16293786757.33,14821995062.02,1045486,10,10,10,0,0,0,0,0,0,5179965439,5637144575,5674893311,5183098446.97,1154
1790620901,0,1046710,0,788.93,1224.24,4580179967,12566134783,25451036671,43654316031,58049167359,254080,63753420799,16281958261.53,14817362674.65,1046710,10,10,10,0,0,0,0,0,0,6174015487,6627000319,6664749055,6178586731.08,1224
1790620902,0,1047880,0,789.22,1169.12,4596957183,12549357567,25417482239,43654316031,58049167359,254080,63753420799,16271784488.68,14812217361.23,1047880,10,10,10,0,0,0,0,0,0,7172259839,7604273151,7642021887,7170083820.75,1170
1790620903,0,1049042,0,789.50,1163.05,4617928703,12524191743,25400705023,43654316031,58049167359,254080,63753420799,16262786925.12,14806480138.11,1049042,10,10,10,0,0,0,0,0,0,8149532671,8598323199,8640266239,8148873928.04,1162
1790620904,0,1050241,0,789.80,1198.56,4638900223,12507414527,25367150591,43620761599,58049167359,254080,63753420799,16254650786.99,14799985756.52,1050241,10,10,10,0,0,0,0,0,0,9143582719,9588178943,9630121983,9136093141.30,1199
1790620905,0,1051406,0,790.09,1165.34,4659871743,12490637311,25350373375,43620761599,58049167359,254080,63753420799,16247871385.84,14793187544.31,1051406,10,10,10,0,0,0,0,0,0,10150215679,10578034687,10619977727,10136279069.88,1165
1790620906,0,1052539,0,790.34,1132.21,4676648959,12473860095,25316818943,43620761599,58049167359,254080,63753420799,16242354269.03,14786181470.55,1052539,10,10,10,0,0,0,0,0,0,11140071423,11567890431,11601444863,11122557520.89,1133
1790620907,0,1053674,0,790.60,1135.41,4697620479,12457082879,25300041727,43620761599,58015612927,254080,63753420799,16237900670.89,14778840890.22,1053674,10,10,10,0,0,0,0,0,0,12113149951,12566134783,12599689215,12107869193.92,1135
1790620908,0,1054846,0,790.89,1171.95,4714397695,12473860095,25266487295,43620761599,58015612927,254080,63753420799,16234403315.60,14771003811.40,1054846,10,10,10,0,0,0,0,0,0,13094617087,13539213311,13564379135,13090143640.90,1172
1790620909,0,1056013,0,791.17,1167.46,4735369215,12457082879,25249710079,43620761599,58015612927,254080,63753420799,16222564671.72,14767132846.98,1056013,10,10,10,0,0,0,0,0,0,5523898367,5964300287,6002049023,5521668234.64,1167
1790620910,0,1057163,0,791.44,1149.83,4756340735,12440305663,25216155647,43587207167,58015612927,254080,63753420799,16212004634.23,14762570463.33,1057163,10,10,10,0,0,0,0,0,0,6526337023,6958350335,6996099071,6515016050.42,1150
1790620911,0,1058344,0,791.73,1181.12,4777312255,12423528447,25199378431,43587207167,58015612927,254080,63753420799,16202271009.28,14757208285.98,1058344,10,10,10,0,0,0,0,0,0,7491026943,7935623167,7985954815,7489292043.49,1181
1790620912,0,1059540,0,792.03,1195.17,4794089471,12406751231,25165823999,43587207167,58015612927,254080,63753420799,16193564627.03,14751153931.63,1059540,10,10,10,0,0,0,0,0,0,8485076991,8942256127,8975810559,8489260775.17,1196
1790620913,0,1060735,0,792.33,1196.03,4815060991,12389974015,25149046783,43587207167,58015612927,254080,63753420799,16186001816.24,14744565431.66,1060735,10,10,10,0,0,0,0,0,0,9487515647,9932111871,9965666303,9480478342.96,1195
1790620914,0,1061908,0,792.62,1172.27,4831838207,12373196799,25115492351,43587207167,58015612927,254080,63753420799,16179676198.23,14737650370.01,1061908,10,10,10,0,0,0,0,0,0,10452205567,10905190399,10938744831,10459467828.38,1173
1790620915,0,1063088,0,792.91,1180.72,4852809727,12356419583,25098715135,43553652735,58015612927,254080,63753420799,16174428158.51,14730313312.74,1063088,10,10,10,0,0,0,0,0,0,11458838527,11886657535,11936989183,11451601576.35,1180
1790620916,0,1064294,0,793.21,1206.00,4873781247,12356419583,25081937919,43553652735,57982058495,254080,63753420799,16170194174.42,14722504962.48,1064294,10,10,10,0,0,0,0,0,0,12457082879,12893290495,12926844927,12437940716.47,1206
1790620917,0,1065436,0,793.47,1141.92,4890558463,12373196799,25048383487,43553652735,57982058495,254080,63753420799,16167256490.38,14714888909.75,1065436,10,10,10,0,0,0,0,0,0,13430161407,13874757631,13916700671,13429463581.59,1142
1790620918,0,1066591,0,793.74,1154.50,4911529983,12389974015,25031606271,43553652735,57982058495,254080,63753420799,16165361234.36,14707035044.89,1066591,10,10,10,0,0,0,0,0,0,14411628543,14864613375,14906556415,14417072060.62,1155
1790620919,0,1067768,0,794.03,1177.43,4928307199,12406751231,24998051839,43553652735,57982058495,254080,63753420799,16164509483.36,14698952428.10,1067768,10,10,10,0,0,0,0,0,0,15393095679,15846080511,15896412159,15392657362.76,1177
1790620920,0,1068938,0,794.31,1169.52,4949278719,12423528447,24981274623,43520098303,57982058495,254080,63753420799,16164762742.68,14690910946.13,1068938,10,10,10,0,0,0,0,0,0,16399728639,16835936255,16877879295,16395892823.52,1170
1790620921,0,1070137,0,794.61,1199.66,4970250239,12440305663,24964497407,43520098303,57982058495,254080,63753420799,16166133854.69,14682738745.71,1070137,10,10,10,0,0,0,0,0,0,17397972991,17834180607,17867735039,17388513944.45,1199
1790620922,0,1071299,0,794.88,1161.43,4987027455,12448694271,24930942975,43520098303,57982058495,254080,63753420799,16165542408.16,14675800971.90,1071299,10,10,10,0,0,0,0,0,0,18152947711,18572378111,18605932543,15620853245.36,1162
1790620923,0,1072448,0,795.14,1149.42,5003804671,12431917055,24914165759,43520098303,57982058495,254080,63753420799,16154389250.87,14671893205.03,1072448,10,10,10,0,0,0,0,0,0,5754585087,6211764223,6241124351,5755463008.03,1149
1790620924,0,1073608,0,795.41,1160.12,5024776191,12415139839,24880611327,43520098303,57948504063,254080,63753420799,16144235780.04,14667217306.38,1073608,10,10,10,0,0,0,0,0,0,6769606655,7197425663,7235174399,6757106906.92,1160
1790620925,0,1074801,0,795.71,1191.93,5037359103,12398362623,24863834111,43486543871,57948504063,254080,63753420799,16134897465.09,14661754438.05,1074801,10,10,10,0,0,0,0,0,0,7738490879,8178892799,8220835839,7731134148.13,1193
1790620926,0,1075962,0,795.98,1161.04,5049942015,12389974015,24847056895,43486543871,57948504063,254080,63753420799,16126899495.93,14655865402.47,1075962,10,10,10,0,0,0,0,0,0,8724152319,9168748543,9210691583,8722743380.67,1161
1790620927,0,1077111,0,796.24,1149.99,5058330623,12373196799,24813502463,43486543871,57948504063,254080,63753420799,16120073440.51,14649538530.26,1077111,10,10,10,0,0,0,0,0,0,9739173887,10166992895,10200547327,9727927020.62,1149
1790620928,0,1078340,0,796.56,1228.72,5066719231,12356419583,24796725247,43486543871,57948504063,254080,63753420799,16113900487.07,14642331544.25,1078340,10,10,10,0,0,0,0,0,0,10712252415,11148460031,11182014463,10703846744.11,1229
1790620929,0,1079576,0,796.88,1235.75,5075107839,12331253759,24779948031,43486543871,57948504063,254080,63753420799,16108846080.56,14634711879.40,1079576,10,10,10,0,0,0,0,0,0,11718885375,12138315775,12180258815,11699162645.54,1236
1790620930,0,1080754,0,797.16,1177.70,5083496447,12348030975,24746393599,43452989439,57914949631,254080,63753420799,16105100038.31,14627176660.07,1080754,10,10,10,0,0,0,0,0,0,12658409471,13128171519,13170114559,12672046300.79,1178
1790620931,0,1081915,0,797.43,1161.18,5091885055,12364808191,24729616383,43452989439,57914949631,254080,63753420799,16102483902.63,14619547237.59,1081915,10,10,10,0,0,0,0,0,0,13673431039,14109638655,14159970303,13667170291.65,1161
1790620932,0,1083126,0,797.74,1210.79,5100273663,12381585407,24696061951,43452989439,57914949631,254080,63753420799,16100859230.51,14611456046.29,1083126,10,10,10,0,0,0,0,0,0,14654898175,15099494399,15141437439,14649366959.25,1211
1790620933,0,1084266,0,797.99,1140.65,5108662271,12389974015,24679284735,43452989439,57914949631,254080,63753420799,16100385150.06,14603782914.10,1084266,10,10,10,0,0,0,0,0,0,15653142527,16080961535,16122904575,15649956328.65,1140
1790620934,0,1085443,0,798.27,1176.97,5112856575,12406751231,24662507519,43452989439,57914949631,254080,63753420799,16100970908.79,14595876780.47,1085443,10,10,10,0,0,0,0,0,0,16659775487,17079205887,17121148927,16640578618.29,1177
1790620935,0,1086616,0,798.54,1173.15,5121245183,12423528447,24628953087,43419435007,57914949631,254080,63753420799,16102601190.13,14588083884.36,1086616,10,10,10,0,0,0,0,0,0,17616076799,18069061631,18119393279,17611192384.60,1173
1790620936,0,1087787,0,798.82,1170.72,5125439487,12423528447,24612175871,43419435007,57914949631,254080,63753420799,16098701312.07,14582285445.71,1087787,10,10,10,0,0,0,0,0,0,18169724927,18605932543,18656264191,12479854261.45,1171
1790620937,0,1088960,0,799.09,1172.51,5133828095,12415139839,24578621439,43419435007,57914949631,254080,63753420799,16087788577.45,14578220665.04,1088960,10,10,10,0,0,0,0,0,0,5976883199,6413090815,6450839551,5967813419.87,1173
1790620938,0,1090143,0,799.37,1183.53,5142216703,12398362623,24561844223,43419435007,57881395199,254080,63753420799,16077878775.43,14573413331.20,1090143,10,10,10,0,0,0,0,0,0,6954156031,7411335167,7449083903,6955834817.24,1183
1790620939,0,1091294,0,799.63,1150.86,5150605311,12381585407,24545067007,43419435007,57881395199,254080,63753420799,16069308721.26,14568116486.01,1091294,10,10,10,0,0,0,0,0,0,7960788991,8396996607,8422162431,7952380341.71,1151
1790620940,0,1092480,0,799.91,1186.15,5158993919,12364808191,24511512575,43385880575,57881395199,254080,63753420799,16061552829.37,14562110394.02,1092480,10,10,10,0,0,0,0,0,0,8933867519,9378463743,9412018175,8924994409.77,1186
1790620941,0,1093626,0,800.17,1146.14,5163188223,12348030975,24494735359,43385880575,57881395199,254080,63753420799,16055114844.67,14555838900.98,1093626,10,10,10,0,0,0,0,0,0,9923723263,10368319487,10401873919,9917794143.16,1146
1790620942,0,1094781,0,800.43,1154.18,5171576831,12331253759,24477958143,43385880575,57881395199,254080,63753420799,16049681634.45,14549122186.96,1094781,10,10,10,0,0,0,0,0,0,10913579007,11349786623,11391729663,10905179505.70,1155
1790620943,0,1095960,0,800.70,1180.04,5179965439,12322865151,24444403711,43385880575,57881395199,254080,63753420799,16045223621.72,14541931902.24,1095960,10,10,10,0,0,0,0,0,0,11911823359,12348030975,12389974015,11905658195.60,1179
1790620944,0,1097180,0,801.01,1219.66,5188354047,12331253759,24427626495,43385880575,57847840767,254080,63753420799,16041714980.08,14534228351.07,1097180,10,10,10,0,0,0,0,0,0,12893290495,13337886719,13379829759,12889804410.54,1220
1790620945,0,1098342,0,801.27,1161.78,5196742655,12348030975,24394072063,43352326143,57847840767,254080,63753420799,16039433969.92,14526710096.21,1098342,10,10,10,0,0,0,0,0,0,13874757631,14319353855,14361296895,13885665710.04,1162
1790620946,0,1099532,0,801.56,1190.01,5205131263,12364808191,24377294847,43352326143,57847840767,254080,63753420799,16038150752.90,14518902327.58,1099532,10,10,10,0,0,0,0,0,0,14856224767,15309209599,15351152639,14853771628.85,1190
1790620947,0,1100711,0,801.83,1178.65,5213519871,12381585407,24343740415,43352326143,57847840767,254080,63753420799,16037939111.35,14511128966.63,1100711,10,10,10,0,0,0,0,0,0,15846080511,16299065343,16332619775,15840562814.37,1179
1790620948,0,1101882,0,802.10,1170.98,5217714175,12398362623,24326963199,43352326143,57847840767,254080,63753420799,16038783080.27,14503442234.10,1101882,10,10,10,0,0,0,0,0,0,16835936255,17280532479,17330864127,16832092969.76,1171
1790620949,0,1103044,0,802.36,1162.75,5226102783,12415139839,24293408767,43352326143,57847840767,254080,63753420799,16040665465.17,14495919692.47,1103044,10,10,10,0,0,0,0,0,0,17834180607,18270388223,18320719871,17825662055.99,1162
1790620950,0,1104179,0,802.60,1134.99,5230297087,12415139839,24276631551,43352326143,57847840767,254080,63753420799,16038540176.47,14490070395.24,1104179,10,10,10,0,0,0,0,0,0,18471714815,18907922431,18941476863,13973089116.70,1135
1790620951,0,1105330,0,802.86,1150.00,5238685695,12398362623,24243077119,43318771711,57814286335,254080,63753420799,16027960605.04,14486233522.20,1105330,10,10,10,0,0,0,0,0,0,5872025599,6325010431,6366953471,5878750698.20,1151
1790620952,0,1106497,0,803.12,1167.73,5242879999,12389974015,24226299903,43318771711,57814286335,254080,63753420799,16018297358.00,14481649114.71,1106497,10,10,10,0,0,0,0,0,0,6861881343,7306477567,7356809215,6865703659.60,1167
1790620953,0,1107674,0,803.39,1177.38,5251268607,12373196799,24209522687,43318771711,57814286335,254080,63753420799,16009615873.55,14476403464.04,1107674,10,10,10,0,0,0,0,0,0,7839154175,8292139007,8342470655,7848157497.20,1177
1790620954,0,1108823,0,803.64,1148.65,5259657215,12356419583,24192745471,43318771711,57814286335,254080,63753420799,16002186940.98,14470742554.68,1108823,10,10,10,0,0,0,0,0,0,8841592831,9302966271,9328132095,8840450258.33,1149
1790620955,0,1109976,0,803.89,1153.09,5268045823,12339642367,24159191039,43318771711,57814286335,254080,63753420799,15995771254.83,14464595988.47,1109976,10,10,10,0,0,0,0,0,0,9831448575,10276044799,10309599231,9825901036.02,1153
1790620956,0,1111132,0,804.15,1156.25,5276434431,12322865151,24142413823,43318771711,57814286335,254080,63753420799,15990387561.31,14458035046.62,1111132,10,10,10,0,0,0,0,0,0,10838081535,11265900543,11299454975,10821035826.49,1156
1790620957,0,1112327,0,804.43,1194.90,5280628735,12306087935,24125636607,43318771711,57814286335,254080,63753420799,15985901316.44,14450917284.11,1112327,10,10,10,0,0,0,0,0,0,11827937279,12264144895,12297699327,11814511997.32,1195
1790620958,0,1113470,0,804.68,1142.09,5289017343,12322865151,24092082175,43285217279,57814286335,254080,63753420799,15982648219.62,14443857543.79,1113470,10,10,10,0,0,0,0,0,0,12826181631,13245612031,13287555071,12816849947.77,1143
1790620959,0,1114615,0,804.92,1145.89,5297405951,12339642367,24075304959,43285217279,57780731903,254080,63753420799,15980395606.44,14436610460.87,1114615,10,10,10,0,0,0,0,0,0,13799260159,14227079167,14277410815,13789812902.34,1145
1790620960,0,1115777,0,805.18,1162.15,5305794559,12356419583,24041750527,43285217279,57780731903,254080,63753420799,15979135376.02,14429147006.15,1115777,10,10,10,0,0,0,0,0,0,14772338687,15225323519,15267266559,14770295679.34,1162
1790620961,0,1116936,0,805.44,1158.48,5309988863,12373196799,24024973311,43285217279,57780731903,254080,63753420799,15978917741.62,14421663343.99,1116936,10,10,10,0,0,0,0,0,0,15787360255,16206790655,16240345087,15769399660.01,1159
1790620962,0,1118133,0,805.72,1197.58,5318377471,12381585407,24008196095,43285217279,57780731903,254080,63753420799,15979739839.87,14413966777.62,1118133,10,10,10,0,0,0,0,0,0,16743661567,17213423615,17246978047,16746850220.16,1197
1790620963,0,1119323,0,805.99,1190.00,5326766079,12398362623,23974641663,43285217279,57780731903,254080,63753420799,15981615027.43,14406420389.47,1119323,10,10,10,0,0,0,0,0,0,17767071743,18203279359,18236833791,17743555444.60,1190
1790620964,0,1120464,0,806.24,1140.94,5318377471,12398362623,23957864447,43285217279,57780731903,254080,63753420799,15975879078.28,14402113732.26,1120464,10,10,10,0,0,0,0,0,0,4794089471,18639486975,18673041407,10348902911.55,1141
1790620965,0,1121146,0,806.15,681.62,5305794559,12389974015,23941087231,43285217279,57780731903,254080,63753420799,15966787315.80,14402460710.44,1121146,10,10,10,0,0,0,0,0,0,1009254399,2273312767,2399141887,1029848085.02,682
1790620966,0,1121346,0,805.71,200.04,5301600255,12389974015,23941087231,43285217279,57780731903,254080,63753420799,15963940194.11,14402753846.73,1121346,10,10,10,0,0,0,0,0,0,3598335,6713343,9027583,3744709.12,200
1790620967,0,1121546,0,805.28,199.96,5297405951,12381585407,23941087231,43285217279,57780731903,254080,63753420799,15961094050.38,14403046351.52,1121546,10,10,10,0,0,0,0,0,0,3446783,6467583,7856127,3534612.48,200
1790620968,0,1121746,0,804.84,199.94,5293211647,12381585407,23941087231,43285217279,57780731903,254080,63753420799,15958248997.18,14403338100.18,1121746,10,10,10,0,0,0,0,0,0,3897343,6242303,6873087,3958833.28,200
1790620969,0,1121946,0,804.41,200.11,5289017343,12381585407,23941087231,43251662847,57780731903,254080,63753420799,15955404909.87,14403629230.90,1121946,10,10,10,0,0,0,0,0,0,3659775,6111231,7327743,3687062.40,200
1790620970,0,1122146,0,803.97,199.99,5284823039,12373196799,23924310015,43251662847,57747177471,254080,63753420799,15952561853.21,14403919672.05,1122146,10,10,10,0,0,0,0,0,0,3608575,7192575,8396799,3781634.56,200
1790620971,0,1122346,0,803.54,199.97,5280628735,12373196799,23924310015,43251662847,57747177471,254080,63753420799,15949719796.17,14404209458.06,1122346,10,10,10,0,0,0,0,0,0,3436543,6586367,8196095,3705107.20,200
1790620972,0,1122546,0,803.11,200.04,5276434431,12373196799,23924310015,43251662847,57747177471,254080,63753420799,15946878771.42,14404498552.90,1122546,10,10,10,0,0,0,0,0,0,3342335,6770687,10690559,3814926.72,200
1790620973,0,1122746,0,802.68,199.96,5276434431,12373196799,23924310015,43251662847,57747177471,254080,63753420799,15944038720.01,14404787021.86,1122746,10,10,10,0,0,0,0,0,0,3330047,6279167,8044543,3596957.44,200
1790620974,0,1122946,0,802.25,199.92,5272240127,12364808191,23907532799,43251662847,57747177471,254080,63753420799,15941199729.30,14405074768.39,1122946,10,10,10,0,0,0,0,0,0,3696639,6615039,8732671,3872431.36,200
1790620975,0,1123146,0,801.82,200.17,5268045823,12364808191,23907532799,43251662847,57747177471,254080,63753420799,15938361690.36,14405361913.10,1123146,10,10,10,0,0,0,0,0,0,3348479,6393855,7495679,3539315.20,200
1790620976,0,1123346,0,801.39,199.88,5263851519,12364808191,23907532799,43251662847,57747177471,254080,63753420799,15935524558.57,14405648505.39,1123346,10,10,10,0,0,0,0,0,0,2967551,5091327,6324223,2958455.68,200
1790620977,0,1123546,0,800.96,200.07,5259657215,12356419583,23907532799,43251662847,57747177471,254080,63753420799,15932688487.18,14405934375.84,1123546,10,10,10,0,0,0,0,0,0,3186687,5332991,6713343,3241219.84,200
1790620978,0,1123746,0,800.53,199.94,5255462911,12356419583,23907532799,43251662847,57747177471,254080,63753420799,15929853448.46,14406219555.23,1123746,10,10,10,0,0,0,0,0,0,3489791,5488639,6213631,3371387.52,200
1790620979,0,1123946,0,800.11,200.13,5251268607,12356419583,23890755583,43251662847,57747177471,254080,63753420799,15927019373.24,14406504120.12,1123946,10,10,10,0,0,0,0,0,0,3094527,4874239,5922815,3115896.32,200
1790620980,0,1124146,0,799.68,199.82,5247074303,12348030975,23890755583,43251662847,57747177471,254080,63753420799,15924186441.83,14406787871.34,1124146,10,10,10,0,0,0,0,0,0,3598335,6676479,7266303,3876797.44,200
1790620981,0,1124346,0,799.25,200.08,5242879999,12348030975,23890755583,43251662847,57747177471,254080,63753420799,15921354387.88,14407071103.32,1124346,10,10,10,0,0,0,0,0,0,3115007,5165055,6311935,3143792.00,200
1790620982,0,1124546,0,798.83,200.08,5238685695,12348030975,23890755583,43251662847,57747177471,254080,63753420799,15918523390.91,14407353617.78,1124546,10,10,10,0,0,0,0,0,0,3411967,5636095,6250495,3422782.72,200
1790620983,0,1124746,0,798.40,199.86,5234491391,12339642367,23873978367,43251662847,57747177471,254080,63753420799,15915693381.61,14407635491.39,1124746,10,10,10,0,0,0,0,0,0,2967551,5980159,7016447,3315230.08,200
1790620984,0,1124946,0,797.98,199.97,5230297087,12339642367,23873978367,43251662847,57747177471,254080,63753420799,15912864395.72,14407916684.78,1124946,10,10,10,0,0,0,0,0,0,3196927,7639039,10600447,3411571.84,200
1790620985,0,1125146,0,797.55,200.04,5226102783,12339642367,23873978367,43251662847,57747177471,254080,63753420799,15910036504.17,14408197119.72,1125146,10,10,10,0,0,0,0,0,0,3926015,6389759,7282687,3910037.76,200
1790620986,0,1125346,0,797.13,200.03,5221908479,12331253759,23873978367,43251662847,57747177471,254080,63753420799,15907209568.39,14408476949.31,1125346,10,10,10,0,0,0,0,0,0,3704831,5410815,6537215,3632175.36,200
1790620987,0,1125546,0,796.71,199.96,5217714175,12331253759,23857201151,43251662847,57747177471,254080,63753420799,15904383624.67,14408756133.60,1125546,10,10,10,0,0,0,0,0,0,3510271,5799935,11616255,3561284.48,200
1790620988,0,1125746,0,796.28,199.97,5213519871,12331253759,23857201151,43251662847,57747177471,254080,63753420799,15901558659.54,14409034687.48,1125746,10,10,10,0,0,0,0,0,0,3282943,5210111,7712767,3417657.60,200
1790620989,0,1125946,0,795.86,200.12,5213519871,12331253759,23857201151,43251662847,57747177471,254080,63753420799,15898734814.55,14409312454.93,1125946,10,10,10,0,0,0,0,0,0,3696639,7053311,7913471,4073797.12,200
1790620990,0,1126146,0,795.44,200.06,5209325567,12322865151,23857201151,43251662847,57747177471,254080,63753420799,15895911825.40,14409589727.57,1126146,10,10,10,0,0,0,0,0,0,3033087,6295551,8429567,3245159.68,200
1790620991,0,1126346,0,795.02,199.97,5205131263,12322865151,23857201151,43251662847,57747177471,254080,63753420799,15893089810.18,14409866375.21,1126346,10,10,10,0,0,0,0,0,0,3047423,4673535,8560639,3084042.24,200
1790620992,0,1126546,0,794.60,199.99,5200936959,12322865151,23840423935,43251662847,57747177471,254080,63753420799,15890268831.54,14410142328.84,1126546,10,10,10,0,0,0,0,0,0,3094527,5644287,6770687,3278779.52,200
1790620993,0,1126746,0,794.18,199.93,5196742655,12314476543,23840423935,43251662847,57747177471,254080,63753420799,15887448986.45,14410417481.70,1126746,10,10,10,0,0,0,0,0,0,3633151,9527295,11943935,4022951.04,200
1790620994,0,1126946,0,793.76,199.99,5192548351,12314476543,23840423935,43251662847,57747177471,254080,63753420799,15884630053.18,14410692078.29,1126946,10,10,10,0,0,0,0,0,0,3461119,5263359,8089599,3521102.08,200
1790620995,0,1127146,0,793.35,200.03,5188354047,12314476543,23840423935,43251662847,57747177471,254080,63753420799,15881812120.05,14410966021.37,1127146,10,10,10,0,0,0,0,0,0,2887679,7696383,14172159,3519770.88,200
1790620996,0,1127346,0,792.93,200.01,5184159743,12306087935,23840423935,43251662847,57747177471,254080,63753420799,15878995252.79,14411239238.58,1127346,10,10,10,0,0,0,0,0,0,3813375,6844415,8781823,3891936.00,200
1790620997,0,1127546,0,792.51,199.96,5179965439,12306087935,23840423935,43251662847,57747177471,254080,63753420799,15876179341.71,14411511850.89,1127546,10,10,10,0,0,0,0,0,0,3172351,7794687,8699903,3648880.00,200
1790620998,0,1127746,0,792.10,199.98,5175771135,12306087935,23823646719,43251662847,57747177471,254080,63753420799,15873364452.81,14411783785.65,1127746,10,10,10,0,0,0,0,0,0,3616767,6365183,7118847,3780881.92,200
1790620999,0,1127946,0,791.68,200.14,5171576831,12297699327,23823646719,43251662847,57747177471,254080,63753420799,15870550528.45,14412055106.46,1127946,10,10,10,0,0,0,0,0,0,3471359,6406143,8044543,3590805.76,200
1790621000,0,1128146,0,791.27,199.97,5167382527,12297699327,23823646719,43251662847,57747177471,254080,63753420799,15867737634.73,14412325740.62,1128146,10,10,10,0,0,0,0,0,0,3561471,6275071,10756095,3776546.56,200
1790621001,0,1128346,0,790.85,199.93,5167382527,12297699327,23823646719,43251662847,57747177471,254080,63753420799,15864925650.32,14412595821.74,1128346,10,10,10,0,0,0,0,0,0,3190783,5308415,6000639,3280812.16,200
1790621002,0,1128546,0,790.44,200.02,5163188223,12289310719,23823646719,43251662847,57747177471,254080,63753420799,15862114662.10,14412865254.28,1128546,10,10,10,0,0,0,0,0,0,3160063,6397951,6819839,3278117.76,200
1790621003,0,1128746,0,790.02,199.94,5158993919,12289310719,23806869503,43251662847,57747177471,254080,63753420799,15859304615.71,14413134098.13,1128746,10,10,10,0,0,0,0,0,0,2760703,5292031,6197247,2971550.72,200
1790621004,0,1128946,0,789.61,199.98,5154799615,12289310719,23806869503,43251662847,57747177471,254080,63753420799,15856495627.00,14413402225.92,1128946,10,10,10,0,0,0,0,0,0,3059711,6397951,10551295,3321753.60,200
1790621005,0,1129146,0,789.20,199.98,5150605311,12280922111,23806869503,43251662847,57747177471,254080,63753420799,15853687705.29,14413669627.53,1129146,10,10,10,0,0,0,0,0,0,3053567,8511487,10264575,3727767.68,200
1790621006,0,1129346,0,788.79,200.03,5146411007,12280922111,23806869503,43251662847,57747177471,254080,63753420799,15850880881.47,14413936269.11,1129346,10,10,10,0,0,0,0,0,0,4202495,6639615,7704575,4311454.72,200
1790621007,0,1129546,0,788.38,199.99,5142216703,12280922111,23806869503,43251662847,57747177471,254080,63753420799,15848074913.14,14414202417.27,1129546,10,10,10,0,0,0,0,0,0,3203071,6594559,8773631,3529384.96,200
1790621008,0,1129746,0,787.97,200.09,5138022399,12280922111,23790092287,43218108415,57747177471,254080,63753420799,15845269956.24,14414467900.65,1129746,10,10,10,0,0,0,0,0,0,3547135,5615615,6828031,3630707.20,200
1790621009,0,1129946,0,787.56,199.89,5133828095,12272533503,23790092287,43218108415,57747177471,254080,63753420799,15842466039.17,14414732688.13,1129946,10,10,10,0,0,0,0,0,0,3600383,6623231,10403839,3895577.60,200
1790621010,0,1130146,0,787.15,200.02,5129633791,12272533503,23790092287,43218108415,57747177471,254080,63753420799,15839663011.74,14414996944.80,1130146,10,10,10,0,0,0,0,0,0,3256319,5357567,5865471,3314873.60,200
1790621011,0,1130346,0,786.74,200.14,5125439487,12272533503,23790092287,43218108415,57747177471,254080,63753420799,15836861092.52,14415260430.66,1130346,10,10,10,0,0,0,0,0,0,3719167,7180287,8114175,3972043.52,200
1790621012,0,1130546,0,786.33,199.92,5125439487,12264144895,23773315071,43218108415,57747177471,254080,63753420799,15834060100.48,14415523344.61,1130546,10,10,10,0,0,0,0,0,0,3510271,5955583,7045119,3609406.08,200
1790621013,0,1130746,0,785.92,200.05,5121245183,12264144895,23773315071,43218108415,57747177471,254080,63753420799,15831259943.98,14415785787.33,1130746,10,10,10,0,0,0,0,0,0,2744319,4423679,4943871,2731293.44,200
1790621014,0,1130946,0,785.52,199.96,5117050879,12264144895,23773315071,43218108415,57713623039,254080,63753420799,15828460803.44,14416047560.78,1130946,10,10,10,0,0,0,0,0,0,2637823,4673535,7831551,2875964.16,200
1790621015,0,1130996,0,785.01,49.99,5117050879,12264144895,23773315071,43218108415,57713623039,254080,63753420799,15827761201.74,14416112872.47,1130996,10,10,10,0,0,0,0,0,0,2902015,7569407,10035199,3526282.24,50
1790621016,0,1130996,0,784.46,0.00,5117050879,12264144895,23773315071,43218108415,57713623039,254080,63753420799,15827761201.74,14416112872.47,1130996,10,10,10,0,0,0,0,0,0,0,0,0,0.00,0
1790621017,0,1130996,0,783.92,0.00,5117050879,12264144895,23773315071,43218108415,57713623039,254080,63753420799,15827761201.74,14416112872.47,1130996,10,10,10,0,0,0,0,0,0,0,0,0,0.00,0
1790621018,0,1130996,0,783.37,0.00,5117050879,12264144895,23773315071,43218108415,57713623039,254080,63753420799,15827761201.74,14416112872.47,1130996,10,10,10,0,0,0,0,0,0,0,0,0,0.00,0
