timestamp,sent_count,received_count,error_count,total_throughput,interval_throughput,latency_ns_p25,latency_ns_p50,latency_ns_p75,latency_ns_p95,latency_ns_p99,latency_ns_min,latency_ns_max,latency_ns_mean,latency_ns_stddev,latency_sample_count,connections,active_connections,connection_attempts,connection_failures,crashes_injected,reconnects,reconnect_failures,duplicate_count,gap_count,interval_latency_ns_p50,interval_latency_ns_p95,interval_latency_ns_p99,interval_latency_ns_mean,interval_latency_sample_count
1790619513,0,0,0,0.00,0.00,0,0,0,0,0,0,0,0.00,0.00,0,0,0,1,0,0,0,0,0,0,0,0,0,0.00,0
1790619514,0,0,0,0.00,0.00,0,0,0,0,0,0,0,0.00,0.00,0,1,1,1,0,0,0,0,0,0,0,0,0,0.00,0
1790619515,0,0,0,0.00,0.00,0,0,0,0,0,0,0,0.00,0.00,0,1,1,1,0,0,0,0,0,0,0,0,0,0.00,0
1790619516,0,0,0,0.00,0.00,0,0,0,0,0,0,0,0.00,0.00,0,1,1,1,0,0,0,0,0,0,0,0,0,0.00,0
1790619517,0,0,0,0.00,0.00,0,0,0,0,0,0,0,0.00,0.00,0,1,1,1,0,0,0,0,0,0,0,0,0,0.00,0
1790619518,0,0,0,0.00,0.00,0,0,0,0,0,0,0,0.00,0.00,0,1,1,1,0,0,0,0,0,0,0,0,0,0.00,0
1790619519,0,0,0,0.00,0.00,0,0,0,0,0,0,0,0.00,0.00,0,1,1,1,0,0,0,0,0,0,0,0,0,0.00,0
1790619520,0,0,0,0.00,0.00,0,0,0,0,0,0,0,0.00,0.00,0,2,2,2,0,0,0,0,0,0,0,0,0,0.00,0
1790619521,0,0,0,0.00,0.00,0,0,0,0,0,0,0,0.00,0.00,0,2,2,2,0,0,0,0,0,0,0,0,0,0.00,0
1790619522,0,0,0,0.00,0.00,0,0,0,0,0,0,0,0.00,0.00,0,2,2,2,0,0,0,0,0,0,0,0,0,0.00,0
1790619523,0,0,0,0.00,0.00,0,0,0,0,0,0,0,0.00,0.00,0,2,2,2,0,0,0,0,0,0,0,0,0,0.00,0
1790619524,0,0,0,0.00,0.00,0,0,0,0,0,0,0,0.00,0.00,0,2,2,2,0,0,0,0,0,0,0,0,0,0.00,0
1790619525,0,0,0,0.00,0.00,0,0,0,0,0,0,0,0.00,0.00,0,2,2,2,0,0,0,0,0,0,0,0,0,0.00,0
1790619526,0,0,0,0.00,0.00,0,0,0,0,0,0,0,0.00,0.00,0,2,2,2,0,0,0,0,0,0,0,0,0,0.00,0
1790619527,0,0,0,0.00,0.00,0,0,0,0,0,0,0,0.00,0.00,0,3,3,3,0,0,0,0,0,0,0,0,0,0.00,0
1790619528,0,0,0,0.00,0.00,0,0,0,0,0,0,0,0.00,0.00,0,3,3,3,0,0,0,0,0,0,0,0,0,0.00,0
1790619529,0,0,0,0.00,0.00,0,0,0,0,0,0,0,0.00,0.00,0,3,3,3,0,0,0,0,0,0,0,0,0,0.00,0
1790619530,0,0,0,0.00,0.00,0,0,0,0,0,0,0,0.00,0.00,0,3,3,3,0,0,0,0,0,0,0,0,0,0.00,0
1790619531,0,0,0,0.00,0.00,0,0,0,0,0,0,0,0.00,0.00,0,3,3,3,0,0,0,0,0,0,0,0,0,0.00,0
1790619532,0,0,0,0.00,0.00,0,0,0,0,0,0,0,0.00,0.00,0,3,3,3,0,0,0,0,0,0,0,0,0,0.00,0
1790619533,0,0,0,0.00,0.00,0,0,0,0,0,0,0,0.00,0.00,0,3,3,3,0,0,0,0,0,0,0,0,0,0.00,0
1790619534,0,0,0,0.00,0.00,0,0,0,0,0,0,0,0.00,0.00,0,4,4,4,0,0,0,0,0,0,0,0,0,0.00,0
1790619535,0,0,0,0.00,0.00,0,0,0,0,0,0,0,0.00,0.00,0,4,4,4,0,0,0,0,0,0,0,0,0,0.00,0
1790619536,0,0,0,0.00,0.00,0,0,0,0,0,0,0,0.00,0.00,0,4,4,4,0,0,0,0,0,0,0,0,0,0.00,0
1790619537,0,0,0,0.00,0.00,0,0,0,0,0,0,0,0.00,0.00,0,4,4,4,0,0,0,0,0,0,0,0,0,0.00,0
1790619538,0,0,0,0.00,0.00,0,0,0,0,0,0,0,0.00,0.00,0,4,4,4,0,0,0,0,0,0,0,0,0,0.00,0
1790619539,0,0,0,0.00,0.00,0,0,0,0,0,0,0,0.00,0.00,0,4,4,4,0,0,0,0,0,0,0,0,0,0.00,0
1790619540,0,0,0,0.00,0.00,0,0,0,0,0,0,0,0.00,0.00,0,5,5,5,0,0,0,0,0,0,0,0,0,0.00,0
1790619541,0,0,0,0.00,0.00,0,0,0,0,0,0,0,0.00,0.00,0,5,5,5,0,0,0,0,0,0,0,0,0,0.00,0
1790619542,0,0,0,0.00,0.00,0,0,0,0,0,0,0,0.00,0.00,0,5,5,5,0,0,0,0,0,0,0,0,0,0.00,0
1790619543,0,0,0,0.00,0.00,0,0,0,0,0,0,0,0.00,0.00,0,5,5,5,0,0,0,0,0,0,0,0,0,0.00,0
1790619544,0,0,0,0.00,0.00,0,0,0,0,0,0,0,0.00,0.00,0,5,5,5,0,0,0,0,0,0,0,0,0,0.00,0
1790619545,0,0,0,0.00,0.00,0,0,0,0,0,0,0,0.00,0.00,0,5,5,5,0,0,0,0,0,0,0,0,0,0.00,0
1790619546,0,0,0,0.00,0.00,0,0,0,0,0,0,0,0.00,0.00,0,5,5,5,0,0,0,0,0,0,0,0,0,0.00,0
1790619547,0,0,0,0.00,0.00,0,0,0,0,0,0,0,0.00,0.00,0,6,6,6,0,0,0,0,0,0,0,0,0,0.00,0
1790619548,0,0,0,0.00,0.00,0,0,0,0,0,0,0,0.00,0.00,0,6,6,6,0,0,0,0,0,0,0,0,0,0.00,0
1790619549,0,0,0,0.00,0.00,0,0,0,0,0,0,0,0.00,0.00,0,6,6,6,0,0,0,0,0,0,0,0,0,0.00,0
1790619550,0,0,0,0.00,0.00,0,0,0,0,0,0,0,0.00,0.00,0,6,6,6,0,0,0,0,0,0,0,0,0,0.00,0
1790619551,0,0,0,0.00,0.00,0,0,0,0,0,0,0,0.00,0.00,0,6,6,6,0,0,0,0,0,0,0,0,0,0.00,0
1790619552,0,0,0,0.00,0.00,0,0,0,0,0,0,0,0.00,0.00,0,6,6,6,0,0,0,0,0,0,0,0,0,0.00,0
1790619553,0,0,0,0.00,0.00,0,0,0,0,0,0,0,0.00,0.00,0,6,6,6,0,0,0,0,0,0,0,0,0,0.00,0
1790619554,0,0,0,0.00,0.00,0,0,0,0,0,0,0,0.00,0.00,0,7,7,7,0,0,0,0,0,0,0,0,0,0.00,0
1790619555,0,0,0,0.00,0.00,0,0,0,0,0,0,0,0.00,0.00,0,7,7,7,0,0,0,0,0,0,0,0,0,0.00,0
1790619556,0,0,0,0.00,0.00,0,0,0,0,0,0,0,0.00,0.00,0,7,7,7,0,0,0,0,0,0,0,0,0,0.00,0
1790619557,0,0,0,0.00,0.00,0,0,0,0,0,0,0,0.00,0.00,0,7,7,7,0,0,0,0,0,0,0,0,0,0.00,0
1790619558,0,0,0,0.00,0.00,0,0,0,0,0,0,0,0.00,0.00,0,7,7,7,0,0,0,0,0,0,0,0,0,0.00,0
1790619559,0,0,0,0.00,0.00,0,0,0,0,0,0,0,0.00,0.00,0,7,7,7,0,0,0,0,0,0,0,0,0,0.00,0
1790619560,0,0,0,0.00,0.00,0,0,0,0,0,0,0,0.00,0.00,0,8,8,8,0,0,0,0,0,0,0,0,0,0.00,0
1790619561,0,0,0,0.00,0.00,0,0,0,0,0,0,0,0.00,0.00,0,8,8,8,0,0,0,0,0,0,0,0,0,0.00,0
1790619562,0,0,0,0.00,0.00,0,0,0,0,0,0,0,0.00,0.00,0,8,8,8,0,0,0,0,0,0,0,0,0,0.00,0
1790619563,0,0,0,0.00,0.00,0,0,0,0,0,0,0,0.00,0.00,0,8,8,8,0,0,0,0,0,0,0,0,0,0.00,0
1790619564,0,0,0,0.00,0.00,0,0,0,0,0,0,0,0.00,0.00,0,8,8,8,0,0,0,0,0,0,0,0,0,0.00,0
1790619565,0,0,0,0.00,0.00,0,0,0,0,0,0,0,0.00,0.00,0,8,8,8,0,0,0,0,0,0,0,0,0,0.00,0
1790619566,0,0,0,0.00,0.00,0,0,0,0,0,0,0,0.00,0.00,0,8,8,8,0,0,0,0,0,0,0,0,0,0.00,0
1790619567,0,0,0,0.00,0.00,0,0,0,0,0,0,0,0.00,0.00,0,9,9,9,0,0,0,0,0,0,0,0,0,0.00,0
1790619568,0,0,0,0.00,0.00,0,0,0,0,0,0,0,0.00,0.00,0,9,9,9,0,0,0,0,0,0,0,0,0,0.00,0
1790619569,0,0,0,0.00,0.00,0,0,0,0,0,0,0,0.00,0.00,0,9,9,9,0,0,0,0,0,0,0,0,0,0.00,0
1790619570,0,0,0,0.00,0.00,0,0,0,0,0,0,0,0.00,0.00,0,9,9,9,0,0,0,0,0,0,0,0,0,0.00,0
1790619571,0,0,0,0.00,0.00,0,0,0,0,0,0,0,0.00,0.00,0,9,9,9,0,0,0,0,0,0,0,0,0,0.00,0
1790619572,0,0,0,0.00,0.00,0,0,0,0,0,0,0,0.00,0.00,0,9,9,9,0,0,0,0,0,0,0,0,0,0.00,0
1790619573,0,0,0,0.00,0.00,0,0,0,0,0,0,0,0.00,0.00,0,9,9,9,0,0,0,0,0,0,0,0,0,0.00,0
1790619574,0,0,0,0.00,0.00,0,0,0,0,0,0,0,0.00,0.00,0,10,10,10,0,0,0,0,0,0,0,0,0,0.00,0
1790619575,0,140,0,222.09,139.95,1225727,2066431,2940927,44367871,47054847,487424,49577983,5332345.60,11385090.05,140,10,10,10,0,0,0,0,0,0,2066431,44367871,47054847,5332345.60,140
1790619576,0,340,0,208.57,200.04,1172479,1948671,2621439,4734975,46792703,487424,49577983,3274715.48,7531504.70,340,10,10,10,0,0,0,0,0,0,1891327,3061759,3446783,1834374.40,200
1790619577,0,540,0,205.30,199.97,1204223,1927167,2566143,3375103,46006271,487424,49577983,2749128.77,6031736.36,540,10,10,10,0,0,0,0,0,0,1821695,2985983,3266559,1855631.36,200
1790619578,0,740,0,203.83,199.96,1216511,1906687,2555903,3231743,44367871,487424,49577983,2515886.18,5181787.79,740,10,10,10,0,0,0,0,0,0,1863679,3000319,3266559,1886131.20,200
1790619579,0,940,0,202.99,199.93,1235967,1906687,2555903,3231743,43614207,487424,49577983,2401651.61,4619833.64,940,10,10,10,0,0,0,0,0,0,1899519,3227647,4231167,1978983.68,200
1790619580,0,1140,0,202.46,200.02,1245183,1907711,2566143,3266559,7184383,487424,49577983,2334148.15,4217459.17,1140,10,10,10,0,0,0,0,0,0,1910783,3674111,5328895,2016881.92,200
1790619581,0,1340,0,202.10,200.08,1235967,1900543,2549759,3266559,5828607,487424,49577983,2266992.24,3908446.27,1340,10,10,10,0,0,0,0,0,0,1888255,3123199,4567039,1884203.52,200
1790619582,0,1540,0,201.82,199.96,1232895,1897471,2543615,3213311,5529599,487424,49577983,2208310.28,3658899.23,1540,10,10,10,0,0,0,0,0,0,1813503,3004415,3127295,1815141.12,200
1790619583,0,1740,0,201.61,200.04,1227775,1874943,2527231,3180543,5378047,487424,49577983,2160515.53,3453764.10,1740,10,10,10,0,0,0,0,0,0,1708031,2965503,3180543,1792496.00,200
1790619584,0,1940,0,201.44,199.95,1193983,1855487,2498559,3164159,5316607,487424,49577983,2115790.32,3282452.71,1940,10,10,10,0,0,0,0,0,0,1676287,3031039,3360767,1726680.96,200
1790619585,0,2140,0,201.31,200.08,1203199,1863679,2510847,3186687,5529599,487424,49577983,2112270.18,3147517.09,2140,10,10,10,0,0,0,0,0,0,1931263,3602431,7528447,2078124.80,200
1790619586,0,2340,0,201.20,200.03,1203199,1858559,2514943,3188735,5378047,487424,49577983,2089641.96,3020256.20,2340,10,10,10,0,0,0,0,0,0,1759231,3211263,3667967,1847520.00,200
1790619587,0,2540,0,201.10,199.89,1198079,1859583,2508799,3164159,5316607,487424,49577983,2068316.77,2907372.83,2540,10,10,10,0,0,0,0,0,0,1885183,2949119,3129343,1818812.16,200
1790619588,0,2740,0,201.02,199.97,1204223,1863679,2510847,3151871,5173247,487424,49577983,2058868.51,2807206.17,2740,10,10,10,0,0,0,0,0,0,1967103,3016703,3674111,1938875.52,200
1790619589,0,2940,0,200.95,200.03,1208319,1862655,2510847,3149823,5074943,487424,49577983,2048089.16,2718808.63,2940,10,10,10,0,0,0,0,0,0,1847295,3096575,4091903,1900412.16,200
1790619590,0,3140,0,200.88,199.93,1207295,1860607,2504703,3129343,4734975,487424,49577983,2032659.16,2638237.47,3140,10,10,10,0,0,0,0,0,0,1803263,3022847,3158015,1805838.08,200
1790619591,0,3340,0,200.83,200.00,1214463,1863679,2508799,3147775,4726783,487424,49577983,2029451.65,2567654.14,3340,10,10,10,0,0,0,0,0,0,1970175,3422207,4575231,1979093.76,200
1790619592,0,3540,0,200.78,200.02,1214463,1861631,2498559,3143679,4616191,487424,49577983,2017645.52,2501804.73,3540,10,10,10,0,0,0,0,0,0,1790975,3022847,4276223,1820483.20,200
1790619593,0,3740,0,200.74,199.98,1215487,1862655,2498559,3133439,4616191,487424,49577983,2012069.20,2443489.80,3740,10,10,10,0,0,0,0,0,0,1895423,3069951,3184639,1913368.32,200
1790619594,0,3940,0,200.71,200.13,1215487,1858559,2498559,3137535,4616191,487424,49577983,2007044.32,2389456.42,3940,10,10,10,0,0,0,0,0,0,1764351,3155967,3788799,1913079.04,200
1790619595,0,4140,0,200.67,199.93,1215487,1862655,2506751,3137535,4575231,487424,49577983,2001982.49,2337212.95,4140,10,10,10,0,0,0,0,0,0,1922047,3082239,3327999,1902264.32,200
1790619596,0,4340,0,200.64,199.99,1215487,1863679,2508799,3137535,4538367,487424,49577983,1996840.02,2289787.65,4340,10,10,10,0,0,0,0,0,0,1900543,3141631,3592191,1890391.04,200
1790619597,0,4540,0,200.61,200.03,1214463,1864703,2506751,3137535,4411391,487424,49577983,1990885.13,2245181.33,4540,10,10,10,0,0,0,0,0,0,1879039,3168255,3315711,1861664.00,200
1790619598,0,4740,0,200.59,200.02,1214463,1864703,2500607,3137535,4313087,487424,49577983,1985158.83,2203107.09,4740,10,10,10,0,0,0,0,0,0,1860607,3121151,3868671,1855171.84,200
1790619599,0,4940,0,200.56,199.97,1214463,1863679,2500607,3141631,4292607,487424,49577983,1980023.79,2163663.07,4940,10,10,10,0,0,0,0,0,0,1798143,3153919,3444735,1858323.20,200
1790619600,0,5140,0,200.54,200.07,1214463,1864703,2504703,3139583,4268031,487424,49577983,1976872.09,2126854.14,5140,10,10,10,0,0,0,0,0,0,1914879,3106815,3350527,1899025.28,200
1790619601,0,5340,0,200.52,199.95,1214463,1869823,2504703,3137535,4231167,487424,49577983,1973327.87,2092470.68,5340,10,10,10,0,0,0,0,0,0,1948671,3115007,3481599,1882241.28,200
1790619602,0,5540,0,200.51,200.08,1212415,1868799,2504703,3137535,4292607,457472,49577983,1971814.95,2062808.59,5540,10,10,10,0,0,0,0,0,0,1863679,3133439,5492735,1931420.16,200
1790619603,0,5740,0,200.49,200.03,1209343,1870847,2508799,3143679,4321279,457472,49577983,1971223.66,2033968.56,5740,10,10,10,0,0,0,0,0,0,1890303,3282943,4919295,1954844.80,200
1790619604,0,5940,0,200.47,199.93,1204223,1864703,2496511,3137535,4300799,457472,49577983,1961300.97,2004412.05,5940,10,10,10,0,0,0,0,0,0,1703935,2826239,3151871,1676519.68,200
1790619605,0,6140,0,200.46,200.04,1201151,1862655,2492415,3129343,4276223,457472,49577983,1955872.54,1976429.19,6140,10,10,10,0,0,0,0,0,0,1788927,2949119,3135487,1794648.32,200
1790619606,0,6340,0,200.44,199.92,1201151,1862655,2494463,3123199,4268031,457472,49577983,1953010.74,1950335.87,6340,10,10,10,0,0,0,0,0,0,1859583,3035135,3184639,1865153.28,200
1790619607,0,6540,0,200.43,200.08,1197055,1860607,2494463,3123199,4231167,457472,49577983,1948631.15,1925431.75,6540,10,10,10,0,0,0,0,0,0,1769471,3108863,3276799,1809798.40,200
1790619608,0,6740,0,200.41,199.92,1200127,1859583,2496511,3121151,4147199,457472,49577983,1947081.97,1901014.94,6740,10,10,10,0,0,0,0,0,0,1843199,3098623,3350527,1896423.68,200
1790619609,0,6940,0,200.40,200.09,1202175,1858559,2492415,3121151,4102143,457472,49577983,1943889.02,1877807.32,6940,10,10,10,0,0,0,0,0,0,1823743,3004415,3252223,1836286.72,200
1790619610,0,7140,0,200.39,199.93,1201151,1857535,2492415,3121151,4073471,457472,49577983,1940437.24,1855807.30,7140,10,10,10,0,0,0,0,0,0,1786879,3043327,3198975,1820660.48,200
1790619611,0,7340,0,200.38,199.97,1200127,1855487,2492415,3121151,4059135,457472,49577983,1938081.64,1835597.73,7340,10,10,10,0,0,0,0,0,0,1789951,3160063,3948543,1853986.56,200
1790619612,0,7540,0,200.37,200.06,1197055,1852415,2488319,3115007,4028415,457472,49577983,1933272.19,1815217.77,7540,10,10,10,0,0,0,0,0,0,1717247,2902015,3119103,1756765.44,200
1790619613,0,7740,0,200.36,199.94,1199103,1855487,2488319,3112959,4003839,457472,49577983,1931866.24,1796273.29,7740,10,10,10,0,0,0,0,0,0,1883135,3006463,3975167,1878862.08,200
1790619614,0,7940,0,200.35,199.95,1197055,1852415,2488319,3115007,4073471,457472,49577983,1930605.44,1780117.16,7940,10,10,10,0,0,0,0,0,0,1782783,3239935,5033983,1881812.48,200
1790619615,0,8140,0,200.34,200.02,1197055,1852415,2486271,3117055,4059135,457472,49577983,1929198.37,1762555.04,8140,10,10,10,0,0,0,0,0,0,1842175,3162111,3436543,1873337.60,200
1790619616,0,8340,0,200.33,200.04,1197055,1849343,2482175,3112959,4028415,457472,49577983,1925427.55,1744735.74,8340,10,10,10,0,0,0,0,0,0,1684479,2891775,3078143,1771955.20,200
1790619617,0,8540,0,200.32,199.92,1198079,1847295,2484223,3112959,4003839,457472,49577983,1924686.88,1728395.60,8540,10,10,10,0,0,0,0,0,0,1819647,3139583,3796991,1893800.96,200
1790619618,0,8740,0,200.32,200.13,1195007,1842175,2480127,3108863,4001791,457472,49577983,1920129.33,1712245.38,8740,10,10,10,0,0,0,0,0,0,1717247,2834431,3082239,1725521.92,200
1790619619,0,8940,0,200.31,200.04,1197055,1848319,2482175,3112959,3997695,457472,49577983,1921282.75,1698062.18,8940,10,10,10,0,0,0,0,0,0,1961983,3399679,3788799,1971687.04,200
1790619620,0,9140,0,200.30,199.82,1197055,1847295,2484223,3117055,3989503,457472,49577983,1920388.59,1683608.31,9140,10,10,10,0,0,0,0,0,0,1808383,3178495,3297279,1880419.84,200
1790619621,0,9340,0,200.30,200.07,1197055,1849343,2482175,3119103,4003839,457472,49577983,1920371.61,1670909.49,9340,10,10,10,0,0,0,0,0,0,1854463,3426303,4825087,1919595.52,200
1790619622,0,9540,0,200.29,200.06,1197055,1843199,2480127,3115007,3997695,457472,49577983,1916522.96,1656834.01,9540,10,10,10,0,0,0,0,0,0,1680383,2902015,3086335,1736791.04,200
1790619623,0,9740,0,200.29,199.96,1197055,1843199,2478079,3115007,3989503,457472,49577983,1914696.25,1643402.86,9740,10,10,10,0,0,0,0,0,0,1789951,3182591,3448831,1827562.24,200
1790619624,0,9940,0,200.28,200.03,1192959,1841151,2478079,3115007,3993599,457472,49577983,1913234.59,1631944.88,9940,10,10,10,0,0,0,0,0,0,1737727,3117055,4476927,1842051.84,200
1790619625,0,10140,0,200.27,199.90,1190911,1839103,2478079,3117055,4036607,457472,49577983,1916968.77,1636770.44,10140,10,10,10,0,0,0,0,0,0,1764351,3407871,12075007,2102557.44,200
1790619626,0,10340,0,200.27,200.07,1191935,1841151,2480127,3121151,4059135,457472,49577983,1917469.03,1625130.27,10340,10,10,10,0,0,0,0,0,0,1934335,3282943,4059135,1942832.00,200
1790619627,0,10540,0,200.26,199.99,1192959,1842175,2480127,3123199,4073471,457472,49577983,1918842.21,1616436.38,10540,10,10,10,0,0,0,0,0,0,1894399,3315711,6459391,1989835.52,200
1790619628,0,10740,0,200.26,199.97,1195007,1843199,2482175,3123199,4069375,457472,49577983,1919065.85,1605099.71,10740,10,10,10,0,0,0,0,0,0,1953791,3258367,3491839,1930851.84,200
1790619629,0,10940,0,200.25,200.04,1197055,1843199,2482175,3123199,4065279,457472,49577983,1918222.57,1594283.16,10940,10,10,10,0,0,0,0,0,0,1837055,3149823,3399679,1872938.24,200
1790619630,0,11140,0,200.25,200.05,1197055,1843199,2484223,3127295,4059135,457472,49577983,1917987.38,1583698.43,11140,10,10,10,0,0,0,0,0,0,1862655,3203071,3418111,1905122.56,200
1790619631,0,11340,0,200.24,199.94,1196031,1841151,2482175,3127295,4028415,457472,49577983,1914989.20,1573055.26,11340,10,10,10,0,0,0,0,0,0,1690623,3061759,3348479,1747990.40,200
1790619632,0,11540,0,200.24,200.05,1193983,1840127,2482175,3127295,4003839,457472,49577983,1913725.94,1562971.17,11540,10,10,10,0,0,0,0,0,0,1763327,3131391,3411967,1842099.20,200
1790619633,0,11740,0,200.24,199.95,1193983,1842175,2482175,3129343,4003839,457472,49577983,1914151.95,1553587.40,11740,10,10,10,0,0,0,0,0,0,1979391,3289087,3960831,1938732.80,200
1790619634,0,11940,0,200.23,200.12,1192959,1842175,2482175,3129343,4003839,457472,49577983,1913662.01,1545499.39,11940,10,10,10,0,0,0,0,0,0,1843199,3209215,3598335,1884902.40,200
1790619635,0,12160,0,200.56,219.98,1193983,1846271,2488319,3147775,4313087,457472,49577983,1941853.26,1672187.87,12160,10,10,10,0,0,0,0,0,0,2068479,12787711,27443199,3471869.67,220
1790619636,0,12360,0,200.55,200.00,1195007,1848319,2488319,3143679,4292607,457472,49577983,1940948.57,1661562.64,12360,10,10,10,0,0,0,0,0,0,1887231,3071999,3588095,1885943.04,200
1790619637,0,12560,0,200.54,200.03,1196031,1851391,2488319,3149823,4456447,457472,49577983,1944863.58,1659036.65,12560,10,10,10,0,0,0,0,0,0,2078719,3903487,7725055,2186811.52,200
1790619638,0,12760,0,200.53,199.94,1197055,1850367,2488319,3147775,4411391,457472,49577983,1942522.63,1648632.75,12760,10,10,10,0,0,0,0,0,0,1801215,2967551,3190783,1795511.04,200
1790619639,0,12960,0,200.52,199.92,1195007,1851391,2488319,3145727,4321279,457472,49577983,1941494.75,1638779.22,12960,10,10,10,0,0,0,0,0,0,1927167,3057663,3645439,1875915.52,200
1790619640,0,13160,0,200.52,200.11,1193983,1851391,2488319,3145727,4313087,457472,49577983,1940150.94,1629454.42,13160,10,10,10,0,0,0,0,0,0,1827839,3174399,3305471,1853072.64,200
1790619641,0,13360,0,200.51,199.95,1193983,1852415,2488319,3143679,4313087,457472,49577983,1939373.69,1620182.99,13360,10,10,10,0,0,0,0,0,0,1865727,3061759,4026367,1888230.40,200
1790619642,0,13560,0,200.50,200.01,1192959,1851391,2488319,3137535,4296703,457472,49577983,1937691.13,1610969.39,13560,10,10,10,0,0,0,0,0,0,1819647,3020799,3129343,1825296.00,200
1790619643,0,13760,0,200.49,200.03,1193983,1851391,2488319,3137535,4292607,457472,49577983,1937522.72,1602474.50,13760,10,10,10,0,0,0,0,0,0,1814527,3137535,3719167,1926104.32,200
1790619644,0,13960,0,200.49,199.87,1193983,1850367,2490367,3143679,4276223,457472,49577983,1936486.17,1594023.66,13960,10,10,10,0,0,0,0,0,0,1782783,3211263,3506175,1865171.84,200
1790619645,0,14160,0,200.48,200.00,1196031,1851391,2490367,3139583,4268031,457472,49577983,1935842.40,1585358.55,14160,10,10,10,0,0,0,0,0,0,1938431,3055615,3229695,1890907.52,200
1790619646,0,14360,0,200.47,199.98,1195007,1849343,2488319,3139583,4231167,457472,49577983,1933659.69,1576916.82,14360,10,10,10,0,0,0,0,0,0,1738751,3004415,3416063,1779123.20,200
1790619647,0,14560,0,200.47,200.01,1195007,1848319,2488319,3139583,4218879,457472,49577983,1931903.47,1568725.98,14560,10,10,10,0,0,0,0,0,0,1780735,3090431,3407871,1805807.36,200
1790619648,0,14760,0,200.46,200.17,1196031,1849343,2488319,3139583,4231167,457472,49577983,1932014.55,1561461.67,14760,10,10,10,0,0,0,0,0,0,1926143,3260415,4448255,1940101.12,200
1790619649,0,14960,0,200.46,199.99,1196031,1849343,2488319,3139583,4218879,457472,49577983,1930726.88,1553675.94,14960,10,10,10,0,0,0,0,0,0,1837055,3180543,3524607,1835696.64,200
1790619650,0,15160,0,200.45,199.94,1197055,1848319,2486271,3139583,4159487,457472,49577983,1929471.39,1545912.79,15160,10,10,10,0,0,0,0,0,0,1824767,3055615,3258367,1835560.96,200
1790619651,0,15360,0,200.44,200.06,1197055,1849343,2486271,3137535,4132863,457472,49577983,1928879.18,1538158.02,15360,10,10,10,0,0,0,0,0,0,1852415,3065855,3252223,1883989.76,200
1790619652,0,15560,0,200.44,199.95,1196031,1846271,2484223,3137535,4118527,457472,49577983,1926716.03,1530953.67,15560,10,10,10,0,0,0,0,0,0,1741823,3061759,3223551,1760586.24,200
1790619653,0,15760,0,200.43,199.91,1197055,1845247,2484223,3137535,4116479,457472,49577983,1925758.98,1523733.90,15760,10,10,10,0,0,0,0,0,0,1823743,3065855,3418111,1851300.48,200
1790619654,0,15960,0,200.43,200.11,1198079,1847295,2484223,3137535,4116479,457472,49577983,1925657.17,1516960.20,15960,10,10,10,0,0,0,0,0,0,1919999,3119103,4179967,1917634.56,200
1790619655,0,16160,0,200.42,199.97,1199103,1847295,2484223,3135487,4102143,457472,49577983,1924790.83,1509807.12,16160,10,10,10,0,0,0,0,0,0,1849343,3041279,3192831,1855656.32,200
1790619656,0,16360,0,200.41,199.88,1200127,1847295,2482175,3135487,4091903,457472,49577983,1923702.05,1502687.80,16360,10,10,10,0,0,0,0,0,0,1850367,2979839,3239935,1835728.64,200
1790619657,0,16560,0,200.41,200.06,1199103,1845247,2482175,3131391,4073471,457472,49577983,1921550.28,1495947.64,16560,10,10,10,0,0,0,0,0,0,1690623,3018751,3092479,1745536.00,200
1790619658,0,16760,0,200.41,200.07,1198079,1843199,2480127,3129343,4065279,457472,49577983,1919587.57,1489452.37,16760,10,10,10,0,0,0,0,0,0,1698815,3006463,3239935,1757075.20,200
1790619659,0,16960,0,200.40,199.98,1197055,1842175,2480127,3129343,4069375,457472,49577983,1918445.98,1483883.49,16960,10,10,10,0,0,0,0,0,0,1741823,3166207,5079039,1822780.16,200
1790619660,0,17160,0,200.40,199.92,1197055,1842175,2480127,3133439,4098047,457472,49577983,1918588.70,1479126.61,17160,10,10,10,0,0,0,0,0,0,1775615,3665919,4415487,1930691.20,200
1790619661,0,17360,0,200.39,200.14,1195007,1841151,2480127,3133439,4083711,457472,49577983,1917215.46,1472818.96,17360,10,10,10,0,0,0,0,0,0,1773567,3110911,3311615,1799392.00,200
1790619662,0,17560,0,200.39,199.83,1195007,1841151,2480127,3133439,4091903,457472,49577983,1917403.14,1467471.37,17560,10,10,10,0,0,0,0,0,0,1845247,3244031,4866047,1933693.44,200
1790619663,0,17760,0,200.38,200.02,1193983,1841151,2480127,3133439,4073471,457472,49577983,1915968.93,1461557.37,17760,10,10,10,0,0,0,0,0,0,1904639,2988031,3301375,1790045.44,200
1790619664,0,17960,0,200.38,200.00,1191935,1840127,2480127,3131391,4073471,449280,49577983,1914234.91,1455890.95,17960,10,10,10,0,0,0,0,0,0,1724415,2963455,3510271,1760254.08,200
1790619665,0,18160,0,200.37,200.07,1192959,1840127,2480127,3129343,4065279,449280,49577983,1913613.70,1449876.52,18160,10,10,10,0,0,0,0,0,0,1846271,2992127,3223551,1857829.12,200
1790619666,0,18360,0,200.37,200.04,1192959,1841151,2480127,3127295,4059135,449280,49577983,1912845.95,1444170.79,18360,10,10,10,0,0,0,0,0,0,1880063,3020799,3332095,1843134.08,200
1790619667,0,18560,0,200.37,199.91,1191935,1840127,2478079,3127295,4040703,449280,49577983,1911475.33,1438704.78,18560,10,10,10,0,0,0,0,0,0,1747967,2994175,3547135,1785652.48,200
1790619668,0,18760,0,200.36,199.96,1190911,1839103,2476031,3127295,4028415,449280,49577983,1909907.93,1433203.90,18760,10,10,10,0,0,0,0,0,0,1782783,2990079,3155967,1764453.12,200
1790619669,0,18960,0,200.36,200.04,1191935,1840127,2478079,3127295,4065279,449280,49577983,1910786.57,1429783.74,18960,10,10,10,0,0,0,0,0,0,1899519,3649535,5566463,1993203.20,200
1790619670,0,19160,0,200.36,200.13,1190911,1838079,2476031,3125247,4059135,449280,49577983,1908969.49,1424333.35,19160,10,10,10,0,0,0,0,0,0,1720319,3002367,3166207,1736710.40,200
1790619671,0,19360,0,200.35,199.87,1190911,1838079,2476031,3127295,4063231,449280,49577983,1909157.93,1420541.81,19360,10,10,10,0,0,0,0,0,0,1884159,3129343,4300799,1927210.24,200
1790619672,0,19560,0,200.35,199.96,1189887,1838079,2473983,3127295,4059135,449280,49577983,1908078.98,1415399.79,19560,10,10,10,0,0,0,0,0,0,1802239,3172351,3430399,1803636.48,200
1790619673,0,19760,0,200.34,200.02,1189887,1841151,2476031,3127295,4036607,449280,49577983,1908463.44,1410455.43,19760,10,10,10,0,0,0,0,0,0,2021375,3174399,3350527,1946063.36,200
1790619674,0,19960,0,200.34,200.06,1189887,1839103,2476031,3125247,4026367,449280,49577983,1906713.08,1405530.65,19960,10,10,10,0,0,0,0,0,0,1677311,3033087,3278847,1733777.92,200
1790619675,0,20160,0,200.34,200.01,1189887,1838079,2476031,3123199,4014079,449280,49577983,1906239.31,1400653.80,20160,10,10,10,0,0,0,0,0,0,1815551,3067903,3371007,1858956.80,200
1790619676,0,20360,0,200.33,199.93,1189887,1838079,2473983,3123199,4003839,449280,49577983,1904954.08,1395814.66,20360,10,10,10,0,0,0,0,0,0,1734655,3028991,3209215,1775403.52,200
1790619677,0,20560,0,200.33,200.11,1189887,1838079,2473983,3123199,4040703,449280,49577983,1905128.57,1392694.71,20560,10,10,10,0,0,0,0,0,0,1783807,3733503,5316607,1922890.88,200
1790619678,0,20760,0,200.33,199.93,1189887,1838079,2473983,3123199,4036607,449280,49577983,1904441.23,1387893.35,20760,10,10,10,0,0,0,0,0,0,1868799,3033087,3223551,1833783.04,200
1790619679,0,20960,0,200.32,199.99,1188863,1838079,2473983,3121151,4036607,449280,49577983,1903878.34,1383379.69,20960,10,10,10,0,0,0,0,0,0,1818623,3004415,3489791,1845450.24,200
1790619680,0,21160,0,200.32,199.98,1188863,1838079,2473983,3123199,4059135,449280,49577983,1904340.92,1379839.48,21160,10,10,10,0,0,0,0,0,0,1844223,3567615,4444159,1952819.20,200
1790619681,0,21360,0,200.32,200.01,1189887,1838079,2476031,3123199,4063231,449280,49577983,1904589.08,1375619.13,21360,10,10,10,0,0,0,0,0,0,1866751,3145727,4325375,1930844.16,200
1790619682,0,21560,0,200.31,200.00,1189887,1839103,2476031,3123199,4059135,449280,49577983,1904716.50,1371438.43,21560,10,10,10,0,0,0,0,0,0,1903615,3125247,3682303,1918325.76,200
1790619683,0,21760,0,200.31,199.97,1189887,1838079,2476031,3123199,4040703,449280,49577983,1903182.78,1367286.23,21760,10,10,10,0,0,0,0,0,0,1677311,2975743,3432447,1737847.04,200
1790619684,0,21960,0,200.31,200.03,1189887,1837055,2476031,3123199,4036607,449280,49577983,1902335.43,1363238.42,21960,10,10,10,0,0,0,0,0,0,1775615,3024895,3565567,1810144.00,200
1790619685,0,22160,0,200.31,199.97,1189887,1838079,2476031,3121151,4026367,449280,49577983,1902043.32,1358961.42,22160,10,10,10,0,0,0,0,0,0,1899519,3004415,3287039,1869969.28,200
1790619686,0,22360,0,200.30,200.09,1188863,1838079,2476031,3123199,4040703,449280,49577983,1902236.58,1355596.57,22360,10,10,10,0,0,0,0,0,0,1839103,3168255,4698111,1923650.56,200
1790619687,0,22560,0,200.30,200.08,1189887,1840127,2478079,3123199,4065279,449280,49577983,1902868.80,1352431.03,22560,10,10,10,0,0,0,0,0,0,1903615,3627007,4685823,1973550.72,200
1790619688,0,22760,0,200.30,199.87,1189887,1840127,2478079,3123199,4065279,449280,49577983,1902960.88,1348931.57,22760,10,10,10,0,0,0,0,0,0,1906687,3102719,4134911,1913347.84,200
1790619689,0,22960,0,200.30,199.98,1189887,1841151,2478079,3123199,4063231,449280,49577983,1902694.00,1345125.60,22960,10,10,10,0,0,0,0,0,0,1878015,3127295,3303423,1872322.56,200
1790619690,0,23160,0,200.29,200.05,1189887,1840127,2478079,3123199,4059135,449280,49577983,1902515.77,1341117.26,23160,10,10,10,0,0,0,0,0,0,1798143,3076095,3368959,1882055.68,200
1790619691,0,23360,0,200.29,199.97,1189887,1841151,2478079,3123199,4057087,449280,49577983,1902296.63,1337381.72,23360,10,10,10,0,0,0,0,0,0,1869823,3098623,3346431,1876919.68,200
1790619692,0,23560,0,200.29,200.13,1189887,1841151,2478079,3123199,4057087,449280,49577983,1902261.10,1333731.81,23560,10,10,10,0,0,0,0,0,0,1870847,3106815,3577855,1898110.72,200
1790619693,0,23760,0,200.29,200.02,1189887,1840127,2478079,3121151,4040703,449280,49577983,1901597.51,1329966.65,23760,10,10,10,0,0,0,0,0,0,1750015,3061759,3297279,1823426.56,200
1790619694,0,23960,0,200.28,199.92,1190911,1841151,2478079,3121151,4028415,449280,49577983,1901656.75,1326191.36,23960,10,10,10,0,0,0,0,0,0,1926143,3053567,3379199,1908694.40,200
1790619695,0,24370,0,202.02,409.83,1186815,1832959,2476031,3127295,4268031,321536,49577983,1911349.62,1412720.60,24370,10,10,10,0,0,0,0,0,0,1427455,7491583,25198591,2477791.53,410
1790619696,0,24870,0,204.47,500.33,1174527,1814527,2463743,3123199,4231167,289792,49577983,1897552.02,1403623.95,24870,10,10,10,0,0,0,0,0,0,1197055,2197503,2658303,1225057.02,500
1790619697,0,25370,0,206.88,500.09,1165311,1793023,2451455,3119103,4222975,289792,49577983,1884546.43,1394280.41,25370,10,10,10,0,0,0,0,0,0,1227775,1985535,2478079,1237648.38,500
1790619698,0,25870,0,209.25,499.70,1156095,1774591,2437119,3112959,4179967,289792,49577983,1871959.78,1385241.60,25870,10,10,10,0,0,0,0,0,0,1206271,2058239,2381823,1233313.54,500
1790619699,0,26370,0,211.59,500.15,1146879,1758207,2426879,3108863,4179967,289792,49577983,1861194.30,1376945.93,26370,10,10,10,0,0,0,0,0,0,1244159,2150399,3643391,1304187.90,500
1790619700,0,26870,0,213.88,500.05,1135615,1740799,2414591,3106815,4132863,289792,49577983,1849729.53,1368505.85,26870,10,10,10,0,0,0,0,0,0,1188863,2170879,2637823,1245078.02,500
1790619701,0,27370,0,216.14,500.08,1127423,1724415,2404351,3102719,4108287,275712,49577983,1838437.85,1360093.37,27370,10,10,10,0,0,0,0,0,0,1198079,2119679,2445311,1231622.91,500
1790619702,0,27870,0,218.37,500.01,1118207,1709055,2394111,3096575,4073471,275712,49577983,1828039.47,1351867.61,27870,10,10,10,0,0,0,0,0,0,1244159,2256895,2557951,1258831.87,500
1790619703,0,28370,0,220.55,499.90,1114111,1697791,2381823,3092479,4065279,275712,49577983,1818941.16,1343456.37,28370,10,10,10,0,0,0,0,0,0,1275903,2127871,2723839,1311801.34,500
1790619704,0,28870,0,222.71,499.87,1110015,1685503,2373631,3090431,4102143,275712,49577983,1812131.63,1339250.35,28870,10,10,10,0,0,0,0,0,0,1293311,2293759,7180287,1425759.23,500
1790619705,0,29370,0,224.83,499.85,1105919,1674239,2363391,3086335,4073471,263680,49577983,1804237.72,1331139.12,29370,10,10,10,0,0,0,0,0,0,1308671,2328575,3004415,1348443.14,500
1790619706,0,29870,0,226.92,500.00,1098751,1663999,2351103,3082239,4065279,263680,49577983,1795081.92,1323685.66,29870,10,10,10,0,0,0,0,0,0,1187839,2183167,2506751,1257270.27,500
1790619707,0,30370,0,228.98,500.00,1093631,1650687,2340863,3080191,4057087,263680,49577983,1786578.48,1316196.74,30370,10,10,10,0,0,0,0,0,0,1267711,2103295,3239935,1278583.04,500
1790619708,0,30870,0,231.01,500.36,1089535,1641471,2328575,3074047,4028415,263680,49577983,1778433.91,1308482.28,30870,10,10,10,0,0,0,0,0,0,1296383,2111487,2473983,1283732.48,500
1790619709,0,31370,0,233.01,499.81,1085439,1631231,2318335,3067903,4003839,263680,49577983,1769917.21,1301117.24,31370,10,10,10,0,0,0,0,0,0,1207295,2038783,2375679,1244096.26,500
1790619710,0,31870,0,234.98,499.95,1080319,1619967,2306047,3063807,3985407,263680,49577983,1762051.82,1293958.83,31870,10,10,10,0,0,0,0,0,0,1228799,2119679,2670591,1268577.02,500
1790619711,0,32370,0,236.92,499.89,1075199,1608703,2293759,3061759,3985407,263680,49577983,1753806.83,1287771.98,32370,10,10,10,0,0,0,0,0,0,1186815,1996799,3035135,1228271.36,500
1790619712,0,32870,0,238.83,500.31,1072127,1601535,2283519,3057663,3960831,263680,49577983,1747233.64,1280634.55,32870,10,10,10,0,0,0,0,0,0,1328127,2211839,2519039,1321685.25,500
1790619713,0,33370,0,240.71,500.06,1069055,1592319,2273279,3053567,3948543,263680,49577983,1739703.87,1273884.15,33370,10,10,10,0,0,0,0,0,0,1207295,2095103,2459647,1244696.83,500
1790619714,0,33870,0,242.57,499.81,1062911,1584127,2260991,3047423,3913727,263680,49577983,1732028.52,1267369.90,33870,10,10,10,0,0,0,0,0,0,1187839,2069503,2371583,1219776.00,500
1790619715,0,34370,0,244.40,499.89,1058815,1574911,2250751,3043327,3889151,263680,49577983,1724660.61,1260948.24,34370,10,10,10,0,0,0,0,0,0,1187839,2040831,2414591,1225558.02,500
1790619716,0,34870,0,246.20,500.31,1054719,1567743,2238463,3041279,3889151,263680,49577983,1718452.67,1255307.51,34870,10,10,10,0,0,0,0,0,0,1209343,2238463,3741695,1291719.17,500
1790619717,0,35370,0,247.98,499.98,1051647,1560575,2228223,3037183,3874815,263680,49577983,1711150.88,1249159.61,35370,10,10,10,0,0,0,0,0,0,1188863,1990655,2326527,1201923.58,500
1790619718,0,35870,0,249.74,499.57,1048575,1553407,2217983,3035135,3868671,263680,49577983,1705260.31,1243196.66,35870,10,10,10,0,0,0,0,0,0,1241087,2115583,3153919,1288561.66,500
1790619719,0,36370,0,251.47,500.35,1045503,1547263,2209791,3031039,3854335,263680,49577983,1699932.17,1237247.71,36370,10,10,10,0,0,0,0,0,0,1270783,2306047,2924543,1317691.39,500
1790619720,0,36870,0,253.18,500.09,1042431,1542143,2203647,3028991,3842047,263680,49577983,1694594.39,1231256.37,36870,10,10,10,0,0,0,0,0,0,1267711,2363391,2551807,1306324.22,500
1790619721,0,37370,0,254.86,499.81,1040383,1535999,2195455,3024895,3831807,263680,49577983,1688685.23,1225239.61,37370,10,10,10,0,0,0,0,0,0,1208319,2121727,2289663,1252943.87,500
1790619722,0,37870,0,256.52,499.83,1037823,1530879,2187263,3024895,3864575,263680,49577983,1685314.16,1222387.14,37870,10,10,10,0,0,0,0,0,0,1265663,2723839,6098943,1433360.64,500
1790619723,0,38370,0,258.16,499.91,1033727,1524735,2179071,3020799,3848191,263680,49577983,1679113.15,1216808.43,38370,10,10,10,0,0,0,0,0,0,1161215,2055167,2381823,1209448.45,500
1790619724,0,38870,0,259.77,499.99,1029119,1517567,2170879,3018751,3842047,262400,49577983,1673843.14,1211829.36,38870,10,10,10,0,0,0,0,0,0,1189887,2312191,3538943,1269422.34,500
1790619725,0,39370,0,261.37,499.99,1026047,1511423,2164735,3016703,3854335,262400,49577983,1673583.42,1248587.83,39370,10,10,10,0,0,0,0,0,0,1196031,2713599,21774335,1653392.90,500
1790619726,0,39870,0,262.94,500.31,1023999,1506303,2154495,3012607,3842047,262400,49577983,1667952.85,1243085.41,39870,10,10,10,0,0,0,0,0,0,1211391,2136063,2715647,1224602.11,500
1790619727,0,40370,0,264.50,500.15,1021439,1500159,2148351,3008511,3831807,262400,49577983,1662740.76,1237576.24,40370,10,10,10,0,0,0,0,0,0,1211391,2183167,2443263,1247128.83,500
1790619728,0,40870,0,266.03,500.00,1018367,1492991,2138111,3004415,3829759,262400,49577983,1656984.11,1232231.01,40870,10,10,10,0,0,0,0,0,0,1174527,2003967,2213887,1192192.00,500
1790619729,0,41370,0,267.54,499.70,1016831,1487871,2127871,3000319,3811327,262400,49577983,1651686.68,1226753.63,41370,10,10,10,0,0,0,0,0,0,1212415,2052095,2369535,1218674.69,500
1790619730,0,41870,0,269.04,500.27,1014271,1483775,2121727,2998271,3811327,262400,49577983,1647677.85,1222047.62,41870,10,10,10,0,0,0,0,0,0,1266687,2248703,3667967,1315987.20,500
1790619731,0,42370,0,270.51,499.83,1011711,1479679,2111487,2994175,3801087,262400,49577983,1642745.08,1216759.37,42370,10,10,10,0,0,0,0,0,0,1203199,2033663,2285567,1229674.50,500
1790619732,0,42870,0,271.96,499.94,1008639,1474559,2105343,2992127,3796991,262400,49577983,1637865.97,1212017.78,42870,10,10,10,0,0,0,0,0,0,1169407,2187263,2832383,1224410.62,500
1790619733,0,43370,0,273.40,499.90,1006079,1470463,2096127,2988031,3782655,262400,49577983,1632983.12,1207008.77,43370,10,10,10,0,0,0,0,0,0,1222655,2024447,2379775,1214327.55,500
1790619734,0,43870,0,274.82,500.15,1003519,1466367,2088959,2985983,3768319,262400,49577983,1628784.77,1202289.49,43870,10,10,10,0,0,0,0,0,0,1230847,2197503,2998271,1264620.03,500
1790619735,0,44370,0,276.22,500.21,1001983,1462271,2081791,2983935,3760127,262400,49577983,1623997.27,1197395.57,44370,10,10,10,0,0,0,0,0,0,1204223,2001919,2394111,1203941.38,500
1790619736,0,44870,0,277.61,499.94,999423,1458175,2074623,2979839,3735551,262400,49577983,1619605.25,1192500.62,44870,10,10,10,0,0,0,0,0,0,1208319,2086911,2351103,1229857.79,500
1790619737,0,45370,0,278.98,499.96,997375,1454079,2068479,2975743,3731455,262400,49577983,1615850.52,1187861.01,45370,10,10,10,0,0,0,0,0,0,1272831,2265087,3041279,1278900.99,500
1790619738,0,45870,0,280.33,500.03,995839,1451007,2061311,2973695,3733503,262400,49577983,1612619.91,1183818.04,45870,10,10,10,0,0,0,0,0,0,1227775,2246655,4284415,1319474.69,500
1790619739,0,46370,0,281.66,499.73,993791,1445887,2054143,2971647,3719167,262400,49577983,1607952.92,1179338.79,46370,10,10,10,0,0,0,0,0,0,1161215,2045951,2344959,1179802.88,500
1790619740,0,46870,0,282.98,499.96,991743,1441791,2047999,2969599,3713023,262400,49577983,1603285.21,1174831.42,46870,10,10,10,0,0,0,0,0,0,1155071,1999871,2228223,1170402.05,500
1790619741,0,47370,0,284.28,500.41,989695,1438719,2041855,2965503,3696639,262400,49577983,1599286.74,1170244.73,47370,10,10,10,0,0,0,0,0,0,1254399,2070527,2242559,1224470.27,500
1790619742,0,47870,0,285.57,499.81,988671,1435647,2035711,2961407,3688447,262400,49577983,1595561.22,1165786.80,47870,10,10,10,0,0,0,0,0,0,1221631,2136063,2324479,1242605.06,500
1790619743,0,48370,0,286.84,499.90,987647,1432575,2029567,2959359,3678207,262400,49577983,1592169.75,1161254.85,48370,10,10,10,0,0,0,0,0,0,1267711,2127871,2375679,1267470.34,500
1790619744,0,48870,0,288.10,500.08,984575,1428479,2022399,2957311,3680255,262400,49577983,1588335.72,1157568.80,48870,10,10,10,0,0,0,0,0,0,1153023,2046975,3819519,1217432.32,500
1790619745,0,49370,0,289.34,499.76,983551,1425407,2015231,2953215,3680255,262400,49577983,1585188.36,1153883.57,49370,10,10,10,0,0,0,0,0,0,1245183,2123775,4476927,1277565.18,500
1790619746,0,49870,0,290.57,500.31,982015,1422335,2009087,2951167,3676159,262400,49577983,1581580.08,1149614.25,49870,10,10,10,0,0,0,0,0,0,1229823,2044927,2267135,1225298.43,500
1790619747,0,50370,0,291.78,500.12,980479,1418239,2002943,2947071,3667967,262400,49577983,1577918.97,1145429.66,50370,10,10,10,0,0,0,0,0,0,1211391,1989631,2447359,1212759.81,500
1790619748,0,50870,0,292.98,499.95,978943,1415167,1996799,2945023,3667967,262400,49577983,1574690.83,1141882.17,50870,10,10,10,0,0,0,0,0,0,1195007,2127871,4464639,1249488.13,500
1790619749,0,51370,0,294.16,499.81,977407,1413119,1991679,2942975,3663871,262400,49577983,1572030.85,1138163.03,51370,10,10,10,0,0,0,0,0,0,1255423,2310143,3213311,1301404.42,500
1790619750,0,51870,0,295.34,500.23,974335,1409023,1986559,2938879,3649535,262400,49577983,1567954.40,1134295.19,51870,10,10,10,0,0,0,0,0,0,1134591,1974271,2258943,1149139.46,500
1790619751,0,52370,0,296.49,499.83,971775,1404927,1979391,2936831,3643391,262400,49577983,1563938.94,1130451.47,52370,10,10,10,0,0,0,0,0,0,1130495,1884159,2193407,1147375.62,500
1790619752,0,52870,0,297.64,500.21,970751,1402879,1972223,2932735,3631103,262400,49577983,1560799.74,1126497.75,52870,10,10,10,0,0,0,0,0,0,1221631,2033663,2484223,1231999.74,500
1790619753,0,53370,0,298.77,500.00,969727,1400831,1968127,2928639,3620863,262400,49577983,1557946.55,1122615.37,53370,10,10,10,0,0,0,0,0,0,1231871,2111487,2416639,1256250.62,500
1790619754,0,53870,0,299.89,500.00,967679,1397759,1963007,2926591,3610623,262400,49577983,1554366.79,1118957.32,53870,10,10,10,0,0,0,0,0,0,1146879,2019327,2297855,1172263.17,500
1790619755,0,54200,0,300.06,329.98,967167,1397759,1961983,2924543,3610623,262400,49577983,1553633.12,1117178.30,54200,10,10,10,0,0,0,0,0,0,1327103,2533375,4567039,1433866.86,330
1790619756,0,54400,0,299.51,200.00,967679,1397759,1963007,2924543,3610623,262400,49577983,1553666.86,1115849.25,54400,10,10,10,0,0,0,0,0,0,1576959,2617343,2811903,1562808.96,200
1790619757,0,54600,0,298.96,199.93,968191,1398783,1964031,2924543,3606527,262400,49577983,1554075.86,1114712.94,54600,10,10,10,0,0,0,0,0,0,1577983,3031039,3387391,1665324.80,200
1790619758,0,54800,0,298.43,200.03,968703,1398783,1966079,2926591,3620863,262400,49577983,1555459.38,1114152.79,54800,10,10,10,0,0,0,0,0,0,1822719,3559423,4081663,1933160.96,200
1790619759,0,55000,0,297.89,200.02,969215,1400831,1968127,2926591,3616767,262400,49577983,1556359.32,1113198.75,55000,10,10,10,0,0,0,0,0,0,1744895,3061759,3264511,1802942.08,200
1790619760,0,55200,0,297.36,199.87,969727,1401855,1971199,2928639,3620863,262400,49577983,1557854.00,1112622.62,55200,10,10,10,0,0,0,0,0,0,1980415,3227647,4399103,1968890.24,200
1790619761,0,55400,0,296.84,200.05,970239,1402879,1974271,2930687,3620863,262400,49577983,1559142.67,1111915.01,55400,10,10,10,0,0,0,0,0,0,1968127,3100671,3551231,1914816.64,200
1790619762,0,55600,0,296.33,199.95,971263,1403903,1978367,2932735,3622911,262400,49577983,1560789.09,1111472.80,55600,10,10,10,0,0,0,0,0,0,2043903,3207167,4038655,2016846.08,200
1790619763,0,55800,0,295.82,200.07,971775,1404927,1979391,2934783,3622911,262400,49577983,1561698.75,1110597.92,55800,10,10,10,0,0,0,0,0,0,1732607,3045375,3321855,1814586.24,200
1790619764,0,56000,0,295.31,199.98,971775,1405951,1982463,2936831,3622911,262400,49577983,1562945.28,1109973.05,56000,10,10,10,0,0,0,0,0,0,1934335,3186687,3758079,1910725.12,200
1790619765,0,56200,0,294.81,200.09,972287,1406975,1984511,2936831,3624959,262400,49577983,1563958.90,1109140.95,56200,10,10,10,0,0,0,0,0,0,1778687,3104767,3989503,1847773.44,200
1790619766,0,56400,0,294.32,199.95,973311,1409023,1988607,2940927,3655679,262400,49577983,1566120.14,1110261.87,56400,10,10,10,0,0,0,0,0,0,2095103,4792319,6610943,2173429.76,200
1790619767,0,56600,0,293.83,200.05,973311,1410047,1989631,2940927,3649535,262400,49577983,1566862.49,1109282.39,56600,10,10,10,0,0,0,0,0,0,1820671,2998271,3260415,1776204.80,200
1790619768,0,56800,0,293.34,199.99,973823,1410047,1991679,2942975,3651583,262400,49577983,1567971.42,1109239.21,56800,10,10,10,0,0,0,0,0,0,1825791,3071999,4354047,1881798.40,200
1790619769,0,57000,0,292.86,199.89,974847,1411071,1994751,2942975,3649535,262400,49577983,1569270.73,1108556.15,57000,10,10,10,0,0,0,0,0,0,2033663,3176447,3590143,1938273.28,200
1790619770,0,57200,0,292.39,200.01,974847,1412095,1995775,2942975,3645439,262400,49577983,1569643.74,1107556.48,57200,10,10,10,0,0,0,0,0,0,1544191,2895871,3229695,1675952.00,200
1790619771,0,57400,0,291.92,199.97,975359,1412095,1997823,2942975,3645439,262400,49577983,1570383.34,1106630.75,57400,10,10,10,0,0,0,0,0,0,1742847,2981887,3153919,1781911.04,200
1790619772,0,57600,0,291.45,200.07,975871,1413119,1999871,2942975,3641343,262400,49577983,1570882.80,1105558.06,57600,10,10,10,0,0,0,0,0,0,1631231,2912255,3065855,1714225.92,200
1790619773,0,57800,0,290.99,199.90,976895,1414143,2001919,2945023,3645439,262400,49577983,1572277.83,1105573.19,57800,10,10,10,0,0,0,0,0,0,1909759,3090431,6807551,1974048.00,200
1790619774,0,58000,0,290.54,200.08,977407,1415167,2003967,2945023,3643391,262400,49577983,1573099.23,1104640.34,58000,10,10,10,0,0,0,0,0,0,1798143,2942975,3151871,1810483.84,200
1790619775,0,58200,0,290.09,199.94,977919,1416191,2006015,2945023,3645439,262400,49577983,1574065.69,1103897.10,58200,10,10,10,0,0,0,0,0,0,1865727,3129343,3684351,1854338.56,200
1790619776,0,58400,0,289.64,200.00,978431,1418239,2008063,2947071,3643391,262400,49577983,1575105.24,1103111.34,58400,10,10,10,0,0,0,0,0,0,1901567,3106815,3391487,1877615.36,200
1790619777,0,58600,0,289.20,200.08,978431,1418239,2010111,2947071,3645439,262400,49577983,1575926.03,1102325.37,58600,10,10,10,0,0,0,0,0,0,1781759,2959359,3778559,1815594.88,200
1790619778,0,58800,0,288.76,200.02,979455,1419263,2012159,2949119,3645439,262400,49577983,1577144.14,1102269.64,58800,10,10,10,0,0,0,0,0,0,1879039,3112959,3846143,1934050.56,200
1790619779,0,59000,0,288.32,200.02,979455,1420287,2014207,2951167,3645439,262400,49577983,1577941.69,1101455.50,59000,10,10,10,0,0,0,0,0,0,1762303,3063807,3250175,1812421.12,200
1790619780,0,59200,0,287.89,199.84,979967,1421311,2015231,2951167,3641343,262400,49577983,1578552.55,1100480.33,59200,10,10,10,0,0,0,0,0,0,1665023,3061759,3164159,1758755.84,200
1790619781,0,59400,0,287.47,200.11,979967,1422335,2017279,2953215,3637247,262400,49577983,1579479.19,1099654.10,59400,10,10,10,0,0,0,0,0,0,1910783,3078143,3225599,1853765.12,200
1790619782,0,59600,0,287.05,200.05,980991,1423359,2020351,2953215,3635199,262400,49577983,1580418.15,1098782.84,59600,10,10,10,0,0,0,0,0,0,1849343,3041279,3266559,1859288.32,200
1790619783,0,59800,0,286.63,199.84,980991,1424383,2021375,2953215,3637247,262400,49577983,1581006.92,1098356.60,59800,10,10,10,0,0,0,0,0,0,1641471,3039231,4935679,1756461.44,200
1790619784,0,60000,0,286.22,200.04,982015,1425407,2023423,2955263,3645439,262400,49577983,1582197.13,1097752.04,60000,10,10,10,0,0,0,0,0,0,1880063,3270655,4079615,1938069.76,200
1790619785,0,60200,0,285.81,200.14,982527,1426431,2024447,2955263,3645439,262400,49577983,1582786.10,1096926.90,60200,10,10,10,0,0,0,0,0,0,1626111,3047423,3352575,1759478.40,200
1790619786,0,60400,0,285.40,200.00,983039,1426431,2025471,2955263,3641343,262400,49577983,1583383.32,1096043.51,60400,10,10,10,0,0,0,0,0,0,1672191,3061759,3389439,1763144.96,200
1790619787,0,60600,0,285.00,199.86,983039,1427455,2028543,2957311,3649535,262400,49577983,1584502.47,1095651.31,60600,10,10,10,0,0,0,0,0,0,1866751,3268607,4521983,1922487.68,200
1790619788,0,60800,0,284.60,199.98,983551,1428479,2031615,2961407,3678207,262400,49577983,1586503.82,1096933.98,60800,10,10,10,0,0,0,0,0,0,2000895,4431871,6479871,2192912.64,200
1790619789,0,61000,0,284.21,200.09,984575,1429503,2033663,2961407,3678207,262400,49577983,1587495.04,1096219.03,61000,10,10,10,0,0,0,0,0,0,1938431,3084287,3565567,1888823.68,200
1790619790,0,61200,0,283.82,200.08,984575,1431551,2035711,2961407,3678207,262400,49577983,1588496.07,1095520.02,61200,10,10,10,0,0,0,0,0,0,1849343,3092479,3676159,1893812.48,200
1790619791,0,61400,0,283.43,199.94,985599,1432575,2037759,2961407,3680255,262400,49577983,1589681.58,1095190.48,61400,10,10,10,0,0,0,0,0,0,1861631,3106815,4894719,1952445.44,200
1790619792,0,61600,0,283.05,200.03,986111,1433599,2039807,2963455,3678207,262400,49577983,1590582.27,1094463.63,61600,10,10,10,0,0,0,0,0,0,1886207,3045375,3305471,1867095.04,200
1790619793,0,61800,0,282.67,200.01,987135,1434623,2041855,2963455,3680255,262400,49577983,1591610.53,1093861.81,61800,10,10,10,0,0,0,0,0,0,1784831,3180543,3860479,1908315.52,200
1790619794,0,62000,0,282.29,199.94,987647,1435647,2043903,2963455,3678207,262400,49577983,1592313.09,1092998.21,62000,10,10,10,0,0,0,0,0,0,1816575,2990079,3239935,1809404.16,200
1790619795,0,62200,0,281.92,200.04,987647,1436671,2045951,2965503,3676159,262400,49577983,1593152.71,1092226.36,62200,10,10,10,0,0,0,0,0,0,1835007,3014655,3143679,1853434.88,200
1790619796,0,62400,0,281.55,200.00,988159,1436671,2046975,2965503,3676159,262400,49577983,1593780.37,1091409.37,62400,10,10,10,0,0,0,0,0,0,1726463,2998271,3276799,1788981.12,200
1790619797,0,62600,0,281.18,199.95,988671,1437695,2050047,2967551,3676159,262400,49577983,1594881.70,1090877.42,62600,10,10,10,0,0,0,0,0,0,1901567,3231743,3594239,1938497.92,200
1790619798,0,62800,0,280.82,199.91,989183,1438719,2051071,2967551,3674111,262400,49577983,1595526.89,1090032.48,62800,10,10,10,0,0,0,0,0,0,1779711,3084287,3233791,1797472.00,200
1790619799,0,63000,0,280.46,200.10,989695,1439743,2052095,2969599,3676159,262400,49577983,1596572.36,1089594.60,63000,10,10,10,0,0,0,0,0,0,1887231,3241983,4222975,1924849.92,200
1790619800,0,63200,0,280.10,200.05,990207,1439743,2054143,2969599,3674111,262400,49577983,1597336.99,1088779.37,63200,10,10,10,0,0,0,0,0,0,1856511,3031039,3170303,1838193.28,200
1790619801,0,63400,0,279.75,199.83,990719,1440767,2057215,2969599,3674111,262400,49577983,1598421.47,1088407.28,63400,10,10,10,0,0,0,0,0,0,1908735,3176447,3792895,1941118.08,200
1790619802,0,63600,0,279.40,200.15,991231,1441791,2058239,2971647,3674111,262400,49577983,1599276.06,1087762.34,63600,10,10,10,0,0,0,0,0,0,1903615,3092479,3381247,1870182.40,200
1790619803,0,63800,0,279.05,200.02,991743,1442815,2061311,2973695,3688447,262400,49577983,1600690.96,1087659.02,63800,10,10,10,0,0,0,0,0,0,2119679,3831807,4091903,2050629.12,200
1790619804,0,64000,0,278.71,199.85,992255,1443839,2063359,2973695,3682303,262400,49577983,1601245.87,1086847.41,64000,10,10,10,0,0,0,0,0,0,1804287,3033087,3219455,1778259.84,200
1790619805,0,64200,0,278.37,200.05,992255,1444863,2065407,2973695,3682303,262400,49577983,1602225.08,1086254.35,64200,10,10,10,0,0,0,0,0,0,1966079,3198975,3450879,1915573.76,200
1790619806,0,64400,0,278.03,199.94,992767,1445887,2067455,2973695,3680255,262400,49577983,1602964.23,1085532.51,64400,10,10,10,0,0,0,0,0,0,1841151,3010559,3231743,1840231.68,200
1790619807,0,64600,0,277.69,200.04,992767,1446911,2068479,2975743,3680255,262400,49577983,1603648.63,1084922.60,64600,10,10,10,0,0,0,0,0,0,1874943,3162111,3639295,1824026.24,200
1790619808,0,64800,0,277.36,200.14,993279,1446911,2070527,2977791,3680255,262400,49577983,1604413.43,1084285.71,64800,10,10,10,0,0,0,0,0,0,1812479,3149823,3477503,1851441.28,200
1790619809,0,65000,0,277.03,199.98,993791,1448959,2072575,2977791,3682303,262400,49577983,1605466.46,1083748.88,65000,10,10,10,0,0,0,0,0,0,1921023,3250175,3813375,1946649.60,200
1790619810,0,65200,0,276.70,199.99,993791,1449983,2073599,2979839,3682303,262400,49577983,1606476.64,1083254.86,65200,10,10,10,0,0,0,0,0,0,1979391,3176447,3852287,1934786.56,200
1790619811,0,65400,0,276.38,199.92,994303,1449983,2074623,2979839,3682303,262400,49577983,1606761.98,1082375.89,65400,10,10,10,0,0,0,0,0,0,1651711,2904063,3301375,1699782.40,200
1790619812,0,65600,0,276.06,200.10,994303,1451007,2075647,2979839,3680255,262400,49577983,1607441.66,1081647.10,65600,10,10,10,0,0,0,0,0,0,1874943,3092479,3211263,1829694.72,200
1790619813,0,65800,0,275.74,199.97,995327,1452031,2078719,2981887,3690495,262400,49577983,1608778.71,1081579.86,65800,10,10,10,0,0,0,0,0,0,1926143,3563519,4866047,2047333.12,200
1790619814,0,66000,0,275.42,199.86,995327,1453055,2080767,2983935,3688447,262400,49577983,1609495.72,1080837.57,66000,10,10,10,0,0,0,0,0,0,1799167,3061759,3311615,1845392.64,200
1790619815,0,66703,0,277.20,703.58,1000959,1462271,2105343,3043327,10543103,262400,49577983,1832415.41,2620512.88,66703,10,10,10,0,0,0,0,0,0,23494655,36929535,44335103,22760863.50,703
1790619816,0,67720,0,280.26,1016.77,1007103,1473535,2131967,3112959,18743295,262400,49577983,1924085.28,2854839.32,67720,10,10,10,0,0,0,0,0,0,4968447,24428543,27328511,7936529.62,1017
1790619817,0,68720,0,283.23,999.34,1013759,1482751,2152447,3168255,18563071,262400,49577983,1946522.95,2856659.00,68720,10,10,10,0,0,0,0,0,0,2619391,8847359,11354111,3466001.41,1000
1790619818,0,69714,0,286.15,994.33,1018367,1488895,2160639,3192831,18284543,262400,49577983,1954036.75,2844438.38,69714,10,10,10,0,0,0,0,0,0,1874943,6230015,9003007,2473502.00,994
1790619819,0,70720,0,289.09,1006.12,1023487,1498111,2172927,3254271,17989631,262400,49577983,1975132.65,2848971.44,70720,10,10,10,0,0,0,0,0,0,2230271,9142271,14008319,3437040.73,1006
1790619820,0,71720,0,291.98,1000.13,1028607,1506303,2187263,3325951,17678335,262400,49577983,1994126.77,2852300.74,71720,10,10,10,0,0,0,0,0,0,2154495,9666559,11608063,3337391.10,1000
1790619821,0,72720,0,294.85,999.75,1034751,1515519,2203647,3493887,17481727,262400,49577983,2021054.92,2866404.22,72720,10,10,10,0,0,0,0,0,0,2639871,10788863,14417919,3952342.14,1000
1790619822,0,73720,0,297.70,1000.57,1039359,1522687,2211839,3565567,17039359,262400,49577983,2026911.52,2852168.55,73720,10,10,10,0,0,0,0,0,0,2027519,5480447,8183807,2452803.20,1000
1790619823,0,74720,0,300.53,999.26,1044479,1529855,2226175,3792895,16826367,262400,49577983,2048778.28,2861255.42,74720,10,10,10,0,0,0,0,0,0,2324479,10534911,14622719,3660796.03,1000
1790619824,0,75720,0,303.33,1000.55,1049599,1535999,2232319,3874815,16670719,262400,49577983,2057525.56,2855490.33,75720,10,10,10,0,0,0,0,0,0,1927167,8032255,12435455,2711122.18,1000
1790619825,0,76720,0,306.11,999.93,1054719,1543167,2248703,4073471,16482303,262400,49577983,2073718.32,2852133.34,76720,10,10,10,0,0,0,0,0,0,2453503,7598079,11083775,3299834.24,1000
1790619826,0,77720,0,308.87,1000.25,1058815,1550335,2260991,4268031,16408575,262400,49577983,2091589.63,2858891.94,77720,10,10,10,0,0,0,0,0,0,2215935,9601023,15237119,3462676.48,1000
1790619827,0,78720,0,311.60,999.62,1062911,1557503,2271231,4431871,16293887,262400,49577983,2109377.21,2869217.16,78720,10,10,10,0,0,0,0,0,0,2146303,11763711,15826943,3491827.84,1000
1790619828,0,79720,0,314.32,1000.03,1068031,1561599,2275327,4521983,16072703,262400,49577983,2117334.11,2866974.24,79720,10,10,10,0,0,0,0,0,0,1825791,8945663,13205503,2743701.50,1000
1790619829,0,80720,0,317.01,1000.27,1072127,1568767,2287615,4755455,15826943,262400,49577983,2139920.78,2879278.69,80720,10,10,10,0,0,0,0,0,0,2510847,11460607,13041663,3940530.18,1000
1790619830,0,81720,0,319.68,999.52,1076223,1571839,2291711,4820991,15695871,262400,49577983,2144043.87,2868512.15,81720,10,10,10,0,0,0,0,0,0,1861631,6422527,8495103,2476859.26,1000
1790619831,0,82720,0,322.33,999.89,1079295,1576959,2295807,4853759,15630335,262400,49577983,2147364.43,2858055.91,82720,10,10,10,0,0,0,0,0,0,1912831,5771263,9961471,2418720.90,1000
1790619832,0,83720,0,324.96,999.96,1082367,1577983,2293759,4829183,15540223,262400,49577983,2143695.33,2843125.21,83720,10,10,10,0,0,0,0,0,0,1674239,3334143,6172671,1840187.26,1000
1790619833,0,84720,0,327.57,1000.47,1085439,1579007,2289663,4800511,15425535,262400,49577983,2140362.35,2828488.74,84720,10,10,10,0,0,0,0,0,0,1659903,3799039,6115327,1861324.93,1000
1790619834,0,85720,0,330.16,1000.01,1086463,1577983,2285567,4763647,15335423,262400,49577983,2134333.46,2813735.93,85720,10,10,10,0,0,0,0,0,0,1515519,2985983,4192255,1623566.34,1000
1790619835,0,86720,0,332.73,999.83,1085439,1574911,2279423,4718591,15220735,262400,49577983,2126161.86,2799239.79,86720,10,10,10,0,0,0,0,0,0,1345535,2463743,3217407,1425692.29,1000
1790619836,0,87720,0,335.28,1000.36,1085439,1573887,2275327,4702207,15048703,262400,49577983,2121935.17,2785937.07,87720,10,10,10,0,0,0,0,0,0,1528831,3692543,6471679,1755395.97,1000
1790619837,0,88720,0,337.81,1000.01,1086463,1573887,2271231,4689919,14835711,262400,49577983,2117455.52,2772703.41,88720,10,10,10,0,0,0,0,0,0,1532927,3483647,6426623,1724500.74,1000
1790619838,0,89720,0,340.33,999.99,1087487,1573887,2265087,4661247,14663679,259328,49577983,2112219.19,2758699.89,89720,10,10,10,0,0,0,0,0,0,1573887,2871295,4726783,1647651.90,1000
1790619839,0,90720,0,342.82,999.76,1090559,1574911,2267135,4681727,14467071,259328,49577983,2112926.28,2748134.81,90720,10,10,10,0,0,0,0,0,0,1714175,5840895,8015871,2176366.46,1000
1790619840,0,91720,0,345.29,1000.31,1091583,1575935,2267135,4669439,14352383,259328,49577983,2110665.22,2735728.03,91720,10,10,10,0,0,0,0,0,0,1661951,3909631,6750207,1905542.27,1000
1790619841,0,92720,0,347.75,999.06,1091583,1574911,2260991,4653055,14262271,259328,49577983,2105901.43,2723482.40,92720,10,10,10,0,0,0,0,0,0,1480703,3223551,7049215,1668966.91,1000
1790619842,0,93720,0,350.18,1000.31,1092607,1575935,2263039,4698111,14319615,259328,49577983,2110713.86,2725522.42,93720,10,10,10,0,0,0,0,0,0,1670143,8511487,16203775,2556921.79,1000
1790619843,0,94720,0,352.60,999.95,1093631,1575935,2258943,4694015,14229503,259328,49577983,2107887.58,2715019.80,94720,10,10,10,0,0,0,0,0,0,1535999,4304895,8585215,1843008.51,1000
1790619844,0,95720,0,355.00,1000.09,1093631,1573887,2252799,4673535,14155775,259328,49577983,2103072.43,2703130.67,95720,10,10,10,0,0,0,0,0,0,1442815,3055615,6782975,1646981.89,1000
1790619845,0,96720,0,357.39,1000.61,1094655,1574911,2252799,4706303,14303231,259328,49577983,2108046.13,2719844.61,96720,10,10,10,0,0,0,0,0,0,1639423,6655999,23478271,2584128.90,1000
1790619846,0,97720,0,359.75,999.12,1095679,1574911,2250751,4681727,14204927,259328,49577983,2104176.08,2707787.05,97720,10,10,10,0,0,0,0,0,0,1558527,3184639,6053887,1729864.13,1000
1790619847,0,98720,0,362.10,1000.43,1096703,1573887,2246655,4661247,14131199,259328,49577983,2099574.08,2695545.56,98720,10,10,10,0,0,0,0,0,0,1534975,2922495,4820991,1649867.39,1000
1790619848,0,99720,0,364.43,999.77,1098751,1575935,2250751,4734975,14155775,259328,49577983,2107075.95,2697331.30,99720,10,10,10,0,0,0,0,0,0,1785855,8724479,14761983,2847660.03,1000
1790619849,0,100720,0,366.75,1000.44,1100799,1577983,2256895,4808703,14073855,231936,49577983,2113814.53,2695849.22,100720,10,10,10,0,0,0,0,0,0,1856511,8527871,11821055,2785785.54,1000
1790619850,0,101720,0,369.04,999.84,1104895,1583103,2265087,4984831,14876671,231936,49577983,2140113.19,2745395.14,101720,10,10,10,0,0,0,0,0,0,2238463,16941055,22708223,4788914.69,1000
1790619851,0,102720,0,371.33,1000.01,1104895,1583103,2267135,5009407,14745599,231936,49577983,2140260.91,2737076.73,102720,10,10,10,0,0,0,0,0,0,1586175,6049791,8404991,2155287.30,1000
1790619852,0,103720,0,373.59,999.56,1105919,1584127,2265087,5013503,14688255,231936,49577983,2140803.40,2731753.14,103720,10,10,10,0,0,0,0,0,0,1642495,6135807,12525567,2196527.17,1000
1790619853,0,104720,0,375.84,1000.05,1105919,1583103,2260991,4993023,14581759,231936,49577983,2135921.00,2720643.74,104720,10,10,10,0,0,0,0,0,0,1497087,3143679,5496831,1629518.53,1000
1790619854,0,105720,0,378.07,1000.24,1105919,1582079,2258943,5009407,14467071,231936,49577983,2135995.98,2717338.64,105720,10,10,10,0,0,0,0,0,0,1507327,7102463,13058047,2143848.19,1000
1790619855,0,106720,0,380.29,999.67,1106943,1580031,2254847,4976639,14409727,231936,49577983,2131446.07,2706237.33,106720,10,10,10,0,0,0,0,0,0,1487871,3065855,5308415,1650429.06,1000
1790619856,0,107720,0,382.49,1000.43,1105919,1579007,2250751,4968447,14303231,231936,49577983,2127317.94,2696031.06,107720,10,10,10,0,0,0,0,0,0,1429503,3420159,6443007,1686764.67,1000
1790619857,0,108713,0,384.65,993.42,1105919,1576959,2246655,4931583,14229503,231936,49577983,2121857.00,2685166.97,108713,10,10,10,0,0,0,0,0,0,1418239,2803711,4481023,1529457.31,993
1790619858,0,109720,0,386.84,1006.75,1105919,1576959,2244607,4898815,14155775,230144,49577983,2117847.94,2674212.14,109720,10,10,10,0,0,0,0,0,0,1571839,2973695,3909631,1685040.87,1007
1790619859,0,110720,0,389.00,1000.01,1106943,1577983,2242559,4915199,14114815,230144,49577983,2118760.98,2671937.88,110720,10,10,10,0,0,0,0,0,0,1631231,6664191,13025279,2218939.39,1000
1790619860,0,111720,0,391.13,999.43,1107967,1576959,2240511,4886527,14032895,230144,49577983,2114527.21,2661406.56,111720,10,10,10,0,0,0,0,0,0,1508351,2938879,5095423,1645764.80,1000
1790619861,0,112720,0,393.26,1000.54,1107967,1575935,2236415,4902911,13926399,224768,49577983,2113223.66,2654577.12,112720,10,10,10,0,0,0,0,0,0,1489919,6008831,9469951,1967590.72,1000
1790619862,0,113720,0,395.37,999.37,1107967,1574911,2234367,4878335,13811711,224768,49577983,2109175.06,2644286.07,113720,10,10,10,0,0,0,0,0,0,1522687,3000319,4587519,1652816.51,1000
1790619863,0,114720,0,397.46,1000.20,1106943,1573887,2232319,4874239,13721599,216704,49577983,2105730.59,2635530.52,114720,10,10,10,0,0,0,0,0,0,1419263,4648959,6737919,1714026.05,1000
1790619864,0,115720,0,399.54,999.73,1106943,1572863,2230271,4857855,13623295,216704,49577983,2102090.30,2626127.20,115720,10,10,10,0,0,0,0,0,0,1498111,3327999,6733823,1684475.52,1000
1790619865,0,116720,0,401.61,1000.32,1107967,1572863,2228223,4866047,13541375,216704,49577983,2101853.36,2620613.91,116720,10,10,10,0,0,0,0,0,0,1603583,6066175,11665407,2074435.58,1000
1790619866,0,117720,0,403.66,1000.60,1106943,1571839,2224127,4849663,13500415,216704,49577983,2097848.56,2611398.87,117720,10,10,10,0,0,0,0,0,0,1471487,3037183,6029311,1630407.30,1000
1790619867,0,118720,0,405.70,999.70,1106943,1571839,2222079,4853759,13475839,216704,49577983,2096312.64,2604957.75,118720,10,10,10,0,0,0,0,0,0,1501183,5431295,8019967,1915505.02,1000
1790619868,0,119720,0,407.72,999.60,1107967,1570815,2217983,4825087,13410303,216704,49577983,2092312.19,2595325.95,119720,10,10,10,0,0,0,0,0,0,1523711,2922495,4081663,1617378.88,1000
1790619869,0,120720,0,409.73,999.96,1107967,1570815,2215935,4812799,13344767,216704,49577983,2089656.36,2586672.83,120720,10,10,10,0,0,0,0,0,0,1543167,3690495,6119423,1771700.48,1000
1790619870,0,121720,0,411.73,1000.21,1108991,1569791,2211839,4792319,13287423,216704,49577983,2085916.96,2577483.15,121720,10,10,10,0,0,0,0,0,0,1479679,2992127,5619711,1634495.87,1000
1790619871,0,122720,0,413.71,1000.47,1108991,1568767,2209791,4784127,13189119,216704,49577983,2083035.81,2568798.21,122720,10,10,10,0,0,0,0,0,0,1474559,3704831,5722111,1732342.78,1000
1790619872,0,123720,0,415.68,999.86,1110015,1567743,2207743,4755455,13139967,216704,49577983,2079329.38,2560126.69,123720,10,10,10,0,0,0,0,0,0,1496063,2887679,4710399,1624476.54,1000
1790619873,0,124720,0,417.64,999.50,1110015,1566719,2203647,4747263,13058047,216704,49577983,2076198.46,2552101.53,124720,10,10,10,0,0,0,0,0,0,1424383,3930111,6635519,1688840.64,1000
1790619874,0,125720,0,419.58,999.93,1108991,1564671,2201599,4726783,13008895,216704,49577983,2071998.06,2543279.70,125720,10,10,10,0,0,0,0,0,0,1434623,2942975,4259839,1548123.71,1000
1790619875,0,126240,0,419.92,520.11,1108991,1564671,2201599,4718591,13000703,216704,49577983,2070756.19,2539374.83,126240,10,10,10,0,0,0,0,0,0,1486847,3780607,7360511,1770510.28,520
1790619876,0,126440,0,419.19,199.95,1108991,1564671,2201599,4714495,12984319,216704,49577983,2070320.99,2537581.11,126440,10,10,10,0,0,0,0,0,0,1765375,3022847,3846143,1795623.68,200
1790619877,0,126640,0,418.46,200.13,1108991,1565695,2201599,4710399,12967935,216704,49577983,2069884.39,2535757.19,126640,10,10,10,0,0,0,0,0,0,1846271,2920447,3377151,1793868.80,200
1790619878,0,126840,0,417.74,199.88,1108991,1565695,2201599,4706303,12959743,216704,49577983,2069628.09,2533989.71,126840,10,10,10,0,0,0,0,0,0,1874943,3176447,3835903,1907333.12,200
1790619879,0,127040,0,417.03,199.97,1108991,1566719,2203647,4698111,12943359,216704,49577983,2069458.78,2532214.27,127040,10,10,10,0,0,0,0,0,0,1862655,3254271,3893247,1962082.56,200
1790619880,0,127240,0,416.32,200.00,1108991,1566719,2203647,4694015,12935167,216704,49577983,2069062.73,2530441.80,127240,10,10,10,0,0,0,0,0,0,1782783,3112959,3338239,1817493.76,200
1790619881,0,127440,0,415.61,200.06,1108991,1566719,2203647,4689919,12926975,216704,49577983,2068802.06,2528661.98,127440,10,10,10,0,0,0,0,0,0,1940479,3164159,3340287,1902961.92,200
1790619882,0,127640,0,414.91,200.05,1108991,1567743,2205695,4685823,12910591,216704,49577983,2068463.84,2526893.55,127640,10,10,10,0,0,0,0,0,0,1821695,2998271,3409919,1852951.04,200
1790619883,0,127840,0,414.22,199.96,1110015,1567743,2205695,4681727,12910591,216704,49577983,2068373.25,2525193.83,127840,10,10,10,0,0,0,0,0,0,1947647,3282943,5398527,2010561.28,200
1790619884,0,128040,0,413.53,200.12,1110015,1567743,2205695,4673535,12877823,216704,49577983,2067964.04,2523441.64,128040,10,10,10,0,0,0,0,0,0,1735679,3090431,3678207,1806396.80,200
1790619885,0,128240,0,412.84,199.93,1110015,1568767,2207743,4673535,12869631,216704,49577983,2067768.93,2521743.04,128240,10,10,10,0,0,0,0,0,0,1893375,3258367,4579327,1942858.88,200
1790619886,0,128440,0,412.15,199.97,1110015,1568767,2207743,4669439,12861439,216704,49577983,2067230.46,2520002.92,128440,10,10,10,0,0,0,0,0,0,1601535,2953215,3278847,1721966.08,200
1790619887,0,128640,0,411.48,199.94,1110015,1568767,2207743,4665343,12853247,216704,49577983,2066941.05,2518317.17,128640,10,10,10,0,0,0,0,0,0,1871871,3340287,4595711,1881080.96,200
1790619888,0,128840,0,410.80,200.15,1110015,1568767,2209791,4661247,12820479,216704,49577983,2066642.90,2516602.98,128840,10,10,10,0,0,0,0,0,0,1784831,3217407,3698687,1874872.96,200
1790619889,0,129040,0,410.13,200.00,1110015,1568767,2209791,4653055,12804095,216704,49577983,2066348.68,2514854.33,129040,10,10,10,0,0,0,0,0,0,1867775,3092479,3287039,1876812.16,200
1790619890,0,129240,0,409.47,200.00,1110015,1569791,2209791,4648959,12795903,216704,49577983,2066029.39,2513108.97,129240,10,10,10,0,0,0,0,0,0,1788927,3043327,3446783,1860024.32,200
1790619891,0,129440,0,408.80,199.82,1110015,1569791,2209791,4644863,12787711,216704,49577983,2065747.50,2511406.14,129440,10,10,10,0,0,0,0,0,0,1786879,3239935,4061183,1883587.84,200
1790619892,0,129640,0,408.15,200.03,1110015,1569791,2211839,4640767,12771327,216704,49577983,2065386.45,2509695.29,129640,10,10,10,0,0,0,0,0,0,1757183,3071999,3327999,1831717.12,200
1790619893,0,129840,0,407.49,200.05,1110015,1569791,2211839,4636671,12763135,216704,49577983,2065218.08,2508102.95,129840,10,10,10,0,0,0,0,0,0,1851391,3723263,6283263,1956079.36,200
1790619894,0,130040,0,406.84,199.93,1110015,1570815,2211839,4628479,12754943,216704,49577983,2064914.05,2506369.86,130040,10,10,10,0,0,0,0,0,0,1799167,3106815,3567615,1867536.00,200
1790619895,0,130240,0,406.20,200.16,1110015,1570815,2211839,4624383,12738559,216704,49577983,2064554.00,2504657.17,130240,10,10,10,0,0,0,0,0,0,1833983,3024895,3524607,1830451.20,200
1790619896,0,130440,0,405.56,199.94,1110015,1570815,2213887,4624383,12722175,216704,49577983,2064209.70,2502945.47,130440,10,10,10,0,0,0,0,0,0,1773567,3121151,3532799,1840002.56,200
1790619897,0,130640,0,404.92,199.91,1110015,1571839,2213887,4620287,12713983,216704,49577983,2063787.55,2501240.64,130640,10,10,10,0,0,0,0,0,0,1787903,3035135,3321855,1788459.52,200
1790619898,0,130840,0,404.29,200.11,1110015,1571839,2213887,4612095,12689407,216704,49577983,2063566.16,2499545.79,130840,10,10,10,0,0,0,0,0,0,1946623,3139583,3710975,1918954.88,200
1790619899,0,131040,0,403.66,200.08,1110015,1571839,2215935,4607999,12689407,216704,49577983,2063544.64,2497954.82,131040,10,10,10,0,0,0,0,0,0,2007039,3287039,4517887,2049466.24,200
1790619900,0,131240,0,403.03,199.94,1110015,1572863,2215935,4607999,12656639,216704,49577983,2063341.77,2496276.60,131240,10,10,10,0,0,0,0,0,0,1841151,3213311,3899391,1930423.04,200
1790619901,0,131440,0,402.41,199.98,1110015,1572863,2217983,4603903,12648447,216704,49577983,2063089.68,2494617.23,131440,10,10,10,0,0,0,0,0,0,1809407,3194879,4194303,1897662.72,200
1790619902,0,131640,0,401.79,199.99,1111039,1572863,2217983,4595711,12640255,216704,49577983,2062710.83,2492936.05,131640,10,10,10,0,0,0,0,0,0,1768447,3133439,3629055,1813733.12,200
1790619903,0,131840,0,401.18,200.07,1111039,1573887,2217983,4591615,12640255,216704,49577983,2062404.56,2491267.50,131840,10,10,10,0,0,0,0,0,0,1883135,3184639,3860479,1860819.20,200
1790619904,0,132040,0,400.57,199.96,1111039,1573887,2217983,4591615,12615679,216704,49577983,2062225.56,2489666.66,132040,10,10,10,0,0,0,0,0,0,1844223,3196927,5320703,1944225.28,200
1790619905,0,132240,0,399.96,200.01,1111039,1573887,2220031,4587519,12607487,216704,49577983,2062017.04,2487993.33,132240,10,10,10,0,0,0,0,0,0,1821695,3282943,3887103,1924353.28,200
1790619906,0,132440,0,399.36,200.07,1111039,1573887,2220031,4583423,12607487,216704,49577983,2061560.86,2486411.70,132440,10,10,10,0,0,0,0,0,0,1728511,3090431,6287359,1759936.00,200
1790619907,0,132640,0,398.76,199.99,1111039,1573887,2217983,4575231,12591103,216704,49577983,2060701.80,2484750.63,132640,10,10,10,0,0,0,0,0,0,1508351,2392063,2992127,1491829.12,200
1790619908,0,132840,0,398.17,199.99,1111039,1573887,2217983,4571135,12574719,216704,49577983,2059919.75,2483089.30,132840,10,10,10,0,0,0,0,0,0,1548287,2580479,2707455,1541265.92,200
1790619909,0,133040,0,397.57,199.99,1111039,1573887,2217983,4567039,12574719,216704,49577983,2059302.98,2481451.25,133040,10,10,10,0,0,0,0,0,0,1580031,2723839,4542463,1649644.80,200
1790619910,0,133240,0,396.98,199.84,1110015,1573887,2217983,4567039,12558335,216704,49577983,2058568.20,2479778.39,133240,10,10,10,0,0,0,0,0,0,1613823,2598911,2914303,1569793.28,200
1790619911,0,133440,0,396.40,200.19,1110015,1574911,2217983,4558847,12541951,216704,49577983,2058136.97,2478144.05,133440,10,10,10,0,0,0,0,0,0,1712127,3057663,3655679,1770851.84,200
1790619912,0,133640,0,395.82,200.00,1110015,1574911,2217983,4554751,12533759,216704,49577983,2057722.16,2476515.12,133640,10,10,10,0,0,0,0,0,0,1695743,3117055,3608575,1780958.72,200
1790619913,0,133840,0,395.24,199.99,1110015,1574911,2217983,4546559,12525567,216704,49577983,2057427.06,2474919.66,133840,10,10,10,0,0,0,0,0,0,1783807,3119103,4300799,1860241.28,200
1790619914,0,134040,0,394.66,199.97,1110015,1574911,2220031,4542463,12517375,216704,49577983,2057046.71,2473316.71,134040,10,10,10,0,0,0,0,0,0,1659903,3164159,4095999,1802517.12,200
1790619915,0,134240,0,394.09,200.03,1110015,1574911,2220031,4538367,12484607,216704,49577983,2056721.23,2471698.84,134240,10,10,10,0,0,0,0,0,0,1811455,3149823,4022271,1838588.16,200
1790619916,0,134440,0,393.52,199.94,1110015,1575935,2220031,4534271,12476415,216704,49577983,2056361.43,2470074.37,134440,10,10,10,0,0,0,0,0,0,1809407,3106815,3295231,1814862.72,200
1790619917,0,134640,0,392.96,199.92,1110015,1575935,2220031,4530175,12468223,216704,49577983,2055915.76,2468439.41,134640,10,10,10,0,0,0,0,0,0,1713151,3022847,3371007,1756336.64,200
1790619918,0,134840,0,392.40,200.02,1110015,1575935,2220031,4526079,12468223,216704,49577983,2055419.55,2466798.55,134840,10,10,10,0,0,0,0,0,0,1689599,2877439,3020799,1721368.32,200
1790619919,0,135040,0,391.84,200.00,1111039,1575935,2222079,4521983,12451839,216704,49577983,2055327.36,2465218.85,135040,10,10,10,0,0,0,0,0,0,1882111,3551231,4354047,1993173.12,200
1790619920,0,135240,0,391.28,199.96,1111039,1575935,2222079,4517887,12443647,216704,49577983,2055023.11,2463596.98,135240,10,10,10,0,0,0,0,0,0,1870847,3047423,3651583,1849592.96,200
1790619921,0,135440,0,390.73,200.00,1111039,1576959,2222079,4509695,12435455,216704,49577983,2054885.20,2461995.28,135440,10,10,10,0,0,0,0,0,0,1917951,3241983,3839999,1961630.72,200
1790619922,0,135640,0,390.18,200.16,1111039,1576959,2224127,4505599,12435455,216704,49577983,2054593.89,2460416.63,135640,10,10,10,0,0,0,0,0,0,1734655,3112959,3876863,1857319.68,200
1790619923,0,135840,0,389.64,199.83,1111039,1576959,2224127,4501503,12419071,216704,49577983,2054194.72,2458817.78,135840,10,10,10,0,0,0,0,0,0,1734655,3094527,3313663,1783476.48,200
1790619924,0,136040,0,389.10,200.01,1111039,1576959,2224127,4501503,12402687,216704,49577983,2054088.87,2457224.66,136040,10,10,10,0,0,0,0,0,0,2029567,3262463,4272127,1982193.92,200
1790619925,0,136240,0,388.56,200.03,1111039,1576959,2224127,4501503,12435455,216704,49577983,2054472.68,2458015.07,136240,10,10,10,0,0,0,0,0,0,1678335,4448255,17285119,2315544.96,200
1790619926,0,136440,0,388.02,199.99,1111039,1577983,2226175,4497407,12427263,216704,49577983,2054166.47,2456464.43,136440,10,10,10,0,0,0,0,0,0,1818623,3282943,4472831,1845576.96,200
1790619927,0,136640,0,387.49,200.00,1111039,1577983,2226175,4493311,12410879,216704,49577983,2053821.55,2454879.36,136640,10,10,10,0,0,0,0,0,0,1753087,3088383,3586047,1818515.84,200
1790619928,0,136840,0,386.96,200.14,1111039,1577983,2226175,4489215,12402687,216704,49577983,2053705.77,2453392.08,136840,10,10,10,0,0,0,0,0,0,1863679,4116479,5529599,1974605.44,200
1790619929,0,137040,0,386.43,199.94,1111039,1577983,2226175,4481023,12378111,216704,49577983,2053347.31,2451858.04,137040,10,10,10,0,0,0,0,0,0,1626111,3262463,4179967,1808089.60,200
1790619930,0,137240,0,385.91,199.95,1111039,1577983,2228223,4481023,12369919,216704,49577983,2053108.92,2450261.88,137240,10,10,10,0,0,0,0,0,0,1849343,3076095,3270655,1889760.64,200
1790619931,0,137440,0,385.38,200.04,1111039,1579007,2228223,4476927,12361727,216704,49577983,2052891.79,2448703.81,137440,10,10,10,0,0,0,0,0,0,1867775,3305471,4128767,1903897.60,200
1790619932,0,137640,0,384.87,200.07,1111039,1579007,2228223,4468735,12361727,216704,49577983,2052180.29,2447126.93,137640,10,10,10,0,0,0,0,0,0,1540095,2701311,2957311,1563240.96,200
1790619933,0,137840,0,384.35,200.00,1111039,1579007,2228223,4464639,12361727,216704,49577983,2051794.33,2445552.04,137840,10,10,10,0,0,0,0,0,0,1673215,3014655,3434495,1786175.36,200
1790619934,0,138040,0,383.84,199.99,1111039,1579007,2228223,4460543,12337151,216704,49577983,2051467.26,2443981.20,138040,10,10,10,0,0,0,0,0,0,1875967,3117055,3342335,1826051.84,200
1790619935,0,138821,0,384.94,781.18,1114111,1585151,2242559,4784127,19283967,216704,283115519,2793589.28,12092839.23,138821,10,10,10,0,0,0,0,0,0,135004159,267649023,276824063,133961992.52,781
1790619936,0,139982,0,387.09,1160.23,1118207,1592319,2267135,5459967,193462271,216704,703594495,6910271.96,47810724.34,139982,10,10,10,0,0,0,0,0,0,499384319,683147263,696254463,499142835.93,1161
1790619937,0,141106,0,389.12,1124.42,1122303,1600511,2291711,6320127,598736895,216704,1145044991,14230464.15,95205660.28,141106,10,10,10,0,0,0,0,0,0,929562623,1121976319,1139802111,925880946.79,1124
1790619938,0,142226,0,391.13,1120.29,1126399,1608703,2314239,7573503,1026555903,216704,1584398335,24780544.40,152162146.16,142226,10,10,10,0,0,0,0,0,0,1348468735,1558183935,1580204031,1353958780.34,1120
1790619939,0,143253,0,392.87,1026.02,1129471,1615871,2336767,9601023,1421869055,216704,2073034751,37668608.33,214786895.38,143253,10,10,10,0,0,0,0,0,0,1816133631,2037383167,2064646143,1822496048.11,1027
1790619940,0,144275,0,394.59,1022.10,1133567,1624063,2359295,14442495,1866465279,216704,2556428287,53669202.88,286053747.50,144275,10,10,10,0,0,0,0,0,0,2275409919,2524971007,2552233983,2296460955.30,1022
1790619941,0,145315,0,396.35,1040.16,1136639,1632255,2381823,32342015,2323644415,216704,3038773247,73346869.95,367547020.93,145315,10,10,10,0,0,0,0,0,0,2812280831,3013607423,3034578943,2803150154.83,1040
1790619942,0,146380,0,398.17,1065.59,1140735,1640447,2406399,384565247,2871001087,216704,3510632447,96626670.39,456277235.81,146380,10,10,10,0,0,0,0,0,0,3275751423,3483369471,3500146687,3273062540.38,1065
1790619943,0,147460,0,400.02,1080.02,1144831,1648639,2433023,745013247,3332374527,216704,3965714431,123294118.34,550610835.89,147460,10,10,10,0,0,0,0,0,0,3741319167,3936354303,3955228671,3737720998.87,1080
1790619944,0,148514,0,401.79,1054.00,1147903,1655807,2457599,1134559231,3783262207,216704,4445962239,152236120.11,646799169.95,148514,10,10,10,0,0,0,0,0,0,4213178367,4416602111,4437573631,4201370447.18,1054
1790619945,0,149569,0,403.55,1055.14,1151999,1663999,2484223,1526726655,4242538495,216704,4915724287,184135991.04,747512228.42,149569,10,10,10,0,0,0,0,0,0,4676648959,4890558463,4907335679,4674730711.96,1055
1790619946,0,150643,0,405.36,1074.08,1156095,1672191,2512895,1995440127,4714397695,216704,5377097727,219437713.79,853502935.00,150643,10,10,10,0,0,0,0,0,0,5142216703,5351931903,5368709119,5135679213.41,1074
1790619947,0,151683,0,407.06,1039.61,1159167,1681407,2541567,2462056447,5163188223,216704,5859442687,256461482.53,960291539.17,151683,10,10,10,0,0,0,0,0,0,5637144575,5834276863,5851054079,5619318784.00,1040
1790619948,0,152735,0,408.79,1051.90,1163263,1689599,2572287,2936012799,5653921791,216704,6329204735,296619791.55,1071662247.13,152735,10,10,10,0,0,0,0,0,0,6077546495,6304038911,6320816127,6086860083.59,1052
1790619949,0,153768,0,410.45,1033.05,1167359,1697791,2600959,3363831807,6090129407,216704,6815743999,338818390.42,1184969231.33,153768,10,10,10,0,0,0,0,0,0,6576668671,6786383871,6807355391,6578124294.44,1033
1790619950,0,154803,0,412.12,1035.16,1170431,1704959,2631679,3795845119,6576668671,216704,7298088959,383732380.98,1301764408.99,154803,10,10,10,0,0,0,0,0,0,7054819327,7277117439,7289700351,7056519338.17,1035
1790619951,0,155885,0,413.89,1081.40,1174527,1714175,2666495,4250927103,7067402239,216704,7755268095,433260038.30,1426147945.20,155885,10,10,10,0,0,0,0,0,0,7511998463,7730102271,7751073791,7519239646.88,1082
1790619952,0,156940,0,415.59,1055.89,1178623,1722367,2699263,4701814783,7528775679,216704,8225030143,484090248.55,1549877926.18,156940,10,10,10,0,0,0,0,0,0,8006926335,8208252927,8220835839,7994675390.24,1055
1790619953,0,158001,0,417.30,1060.25,1181695,1730559,2734079,5142216703,8011120639,216704,8698986495,537670444.29,1676533047.74,158001,10,10,10,0,0,0,0,0,0,8464105471,8673820671,8690597887,8463095439.32,1061
1790619954,0,159030,0,418.91,1029.66,1185791,1738751,2768895,5582618623,8455716863,216704,9185525759,591950768.50,1801419159.22,159030,10,10,10,0,0,0,0,0,0,8917090303,9160359935,9177137151,8926591686.53,1029
1790619955,0,160105,0,420.63,1074.78,1188863,1747967,2809855,6039797759,8908701695,216704,9646899199,651136183.02,1934333461.25,160105,10,10,10,0,0,0,0,0,0,9395240959,9621733375,9638510591,9406723598.76,1075
1790619956,0,161169,0,422.32,1063.37,1192959,1756159,2848767,6513754111,9395240959,216704,10116661247,712022945.33,2067582918.79,161169,10,10,10,0,0,0,0,0,0,9881780223,10091495423,10116661247,9873935614.08,1064
1790619957,0,162248,0,424.03,1079.86,1196031,1764351,2887679,6996099071,9873391615,216704,10578034687,776016908.90,2204152019.75,162248,10,10,10,0,0,0,0,0,0,10343153663,10544480255,10578034687,10334722296.65,1079
1790619958,0,163333,0,425.76,1085.06,1200127,1773567,2930687,7449083903,10334765055,216704,11031019519,842596101.04,2342861928.12,163333,10,10,10,0,0,0,0,0,0,10796138495,11005853695,11031019519,10798670541.27,1085
1790619959,0,164401,0,427.43,1067.25,1203199,1782783,2973695,7889485823,10787749887,216704,11500781567,910296778.67,2480807177.17,164401,10,10,10,0,0,0,0,0,0,11265900543,11475615743,11492392959,11263999754.55,1068
1790619960,0,165495,0,429.15,1094.27,1207295,1791999,3022847,8359247871,11249123327,216704,11953766399,981774829.31,2623282191.48,165495,10,10,10,0,0,0,0,0,0,11735662591,11928600575,11945377791,11723148690.49,1094
1790619961,0,166564,0,430.81,1068.41,1210367,1801215,3071999,8808038399,11710496767,216704,12415139839,1053636282.09,2763515413.23,166564,10,10,10,0,0,0,0,0,0,12180258815,12389974015,12406751231,12178716850.17,1069
1790619962,0,167636,0,432.46,1072.63,1214463,1810431,3129343,9286189055,12155092991,216704,12884901887,1127765060.02,2905532143.39,167636,10,10,10,0,0,0,0,0,0,12650020863,12859736063,12876513279,12645662230.93,1072
1790619963,0,168710,0,434.11,1073.80,1217535,1819647,3201023,9722396671,12624855039,216704,13346275327,1204049650.21,3049066907.34,168710,10,10,10,0,0,0,0,0,0,13119782911,13321109503,13337886719,13110980341.04,1074
1790619964,0,169810,0,435.82,1100.69,1220607,1829887,3297279,10175381503,13094617087,216704,13790871551,1284089730.85,3196757004.66,169810,10,10,10,0,0,0,0,0,0,13564379135,13765705727,13790871551,13560055189.88,1100
1790619965,0,170875,0,437.43,1064.83,1224703,1838079,3438591,10611589119,13530824703,216704,14269022207,1363486152.88,3340777787.52,170875,10,10,10,0,0,0,0,0,0,14025752575,14243856383,14260633599,14022928805.14,1065
1790619966,0,171956,0,439.08,1080.58,1228799,1848319,3627007,11047796735,13983809535,216704,14722007039,1445994760.14,3488099637.33,171956,10,10,10,0,0,0,0,0,0,14487126015,14696841215,14713618431,14488231822.33,1081
1790619967,0,173052,0,440.75,1095.95,1231871,1857535,3883007,11500781567,14453571583,216704,15174991871,1531444573.73,3638061675.88,173052,10,10,10,0,0,0,0,0,0,14931722239,15158214655,15166603263,14938021349.84,1096
1790619968,0,174221,0,442.60,1169.55,1235967,1867775,4206591,11953766399,14923333631,216704,15586033663,1624345973.70,3797948749.90,174221,10,10,10,0,0,0,0,0,0,15384707071,15560867839,15586033663,15376932002.05,1169
1790619969,0,175314,0,444.25,1092.41,1240063,1878015,4595711,12406751231,15359541247,216704,16039018495,1712745229.37,3947174592.28,175314,10,10,10,0,0,0,0,0,0,15812526079,16013852671,16039018495,15803327775.62,1093
1790619970,0,176400,0,445.87,1086.59,1243135,1887231,5021695,12859736063,15770583039,216704,16500391935,1802250858.60,4096051914.16,176400,10,10,10,0,0,0,0,0,0,16248733695,16483614719,16492003327,16251228650.31,1086
1790619971,0,177458,0,447.41,1057.91,1246207,1896447,5529599,13295943679,16181624831,216704,16978542591,1891221871.85,4242350455.55,177458,10,10,10,0,0,0,0,0,0,16735272959,16953376767,16970153983,16725330318.76,1058
1790619972,0,178551,0,449.04,1092.20,1250303,1907711,6205439,13706985471,16642998271,216704,17431527423,1984961977.38,4394786754.16,178551,10,10,10,0,0,0,0,0,0,17213423615,17414750207,17431527423,17204478581.58,1093
1790619973,0,179619,0,450.59,1068.35,1254399,1917951,7057407,14159970303,17129537535,216704,17901289471,2078104511.04,4544207324.61,179619,10,10,10,0,0,0,0,0,0,17649631231,17867735039,17884512255,17649913994.07,1068
1790619974,0,180718,0,452.21,1099.65,1258495,1928191,8208383,14604566527,17582522367,216704,18337497087,2175607024.72,4698734703.68,180718,10,10,10,0,0,0,0,0,0,18119393279,18320719871,18337497087,18111279458.07,1099
1790619975,0,181820,0,453.84,1101.87,1261567,1939455,10682367,15049162751,18052284415,216704,18790481919,2274936202.19,4854108392.59,181820,10,10,10,0,0,0,0,0,0,18572378111,18756927487,18790481919,18564019952.67,1102
1790619976,0,182863,0,455.30,1042.83,1265663,1949695,15327231,15409872895,18488492031,216704,19277021183,2370446508.90,5001830974.36,182863,10,10,10,0,0,0,0,0,0,19025362943,19260243967,19260243967,19020191443.57,1043
1790619977,0,183965,0,456.91,1102.15,1269759,1960959,29540351,15812526079,18924699647,216704,19713228799,2473001416.19,5158855442.19,183965,10,10,10,0,0,0,0,0,0,19495124991,19696451583,19713228799,19490694710.82,1102
1790619978,0,185100,0,458.59,1134.38,1272831,1972223,287834111,16248733695,19444793343,216704,20149436415,2580032151.39,5320475268.88,185100,10,10,10,0,0,0,0,0,0,19931332607,20132659199,20149436415,19927969773.96,1135
1790619979,0,186174,0,460.11,1074.10,1275903,1984511,581959679,16701718527,19864223743,216704,20619198463,2682727129.33,5473743464.42,186174,10,10,10,0,0,0,0,0,0,20401094655,20585644031,20602421247,20381833662.21,1074
1790619980,0,187276,0,461.69,1101.59,1279999,1994751,899153919,17179869183,20283654143,216704,21072183295,2789515019.06,5631359536.71,187276,10,10,10,0,0,0,0,0,0,20837302271,21038628863,21055406079,20830466546.06,1102
1790619981,0,188350,0,463.20,1074.15,1283071,2004991,1189085183,17599299583,20736638975,216704,21525168127,2894997977.86,5785469622.94,188350,10,10,10,0,0,0,0,0,0,21307064319,21491613695,21525168127,21288318827.26,1074
1790619982,0,189390,0,464.61,1039.83,1286143,2016255,1507852287,18018729983,21172846591,216704,22011707391,2998593141.82,5935619869.59,189390,10,10,10,0,0,0,0,0,0,21776826367,21994930175,22011707391,21760274999.14,1040
1790619983,0,190463,0,466.10,1073.87,1290239,2027519,1871708159,18454937599,21609054207,216704,22481469439,3106903765.04,6091290489.37,190463,10,10,10,0,0,0,0,0,0,22229811199,22447915007,22464692223,22224283943.84,1073
1790619984,0,191566,0,467.66,1102.74,1293311,2040831,2248146943,18857590783,22112370687,216704,22917677055,3219626069.95,6251748966.82,191566,10,10,10,0,0,0,0,0,0,22699573247,22900899839,22917677055,22684203006.14,1103
1790619985,0,192640,0,469.13,1073.41,1297407,2052095,2657091583,19344130047,22565355519,216704,23387439103,3330661592.89,6408246715.44,192640,10,10,10,0,0,0,0,0,0,23135780863,23337107455,23370661887,23135718379.02,1074
1790619986,0,193760,0,470.71,1120.20,1301503,2064383,3040870399,19763560447,23018340351,216704,23823646719,3447716647.21,6571534335.21,193760,10,10,10,0,0,0,0,0,0,23588765695,23790092287,23806869503,23581185989.49,1120
1790619987,0,194857,0,472.23,1096.98,1304575,2075647,3401580543,20166213631,23471325183,216704,24276631551,3563678310.10,6731802200.42,194857,10,10,10,0,0,0,0,0,0,24058527743,24259854335,24276631551,24045658074.66,1097
1790619988,0,195952,0,473.74,1095.36,1308671,2089983,3762290687,20602421247,23924310015,216704,24729616383,3680732046.89,6892186311.27,195952,10,10,10,0,0,0,0,0,0,24528289791,24712839167,24712839167,24510631580.64,1095
1790619989,0,197057,0,475.26,1104.51,1311743,2101247,4106223615,21038628863,24394072063,216704,25182601215,3799966857.57,7053869456.46,197057,10,10,10,0,0,0,0,0,0,24947720191,25165823999,25165823999,24944129412.29,1105
1790619990,0,198140,0,476.72,1083.62,1315839,2115583,4483710975,21458059263,24830279679,216704,25635586047,3918023512.22,7212570941.90,198140,10,10,10,0,0,0,0,0,0,25400705023,25602031615,25635586047,25398993221.26,1083
1790619991,0,199237,0,478.21,1096.50,1319935,2127871,4848615423,21961375743,25249710079,216704,26088570879,4038767937.38,7373475595.94,199237,10,10,10,0,0,0,0,0,0,25853689855,26055016447,26071793663,25847610600.43,1097
1790619992,0,200285,0,479.58,1048.77,1323007,2140159,5184159743,22380806143,25685917695,216704,26558332927,4155361288.47,7527825016.24,200285,10,10,10,0,0,0,0,0,0,26340229119,26541555711,26558332927,26321114620.09,1048
1790619993,0,201365,0,481.01,1079.01,1326079,2154495,5553258495,22800236543,26122125311,216704,27011317759,4276744786.57,7687438282.51,201365,10,10,10,0,0,0,0,0,0,26793213951,26994540543,27011317759,26787202116.27,1080
1790619994,0,202422,0,482.38,1057.09,1329151,2166783,5922357247,23219666943,26625441791,216704,27497857023,4396787271.08,7844325856.59,202422,10,10,10,0,0,0,0,0,0,27296530431,27481079807,27481079807,27265618768.65,1057
1790619995,0,203484,0,483.76,1062.31,1333247,2181119,6274678783,23622320127,27078426623,216704,27967619071,4518423058.50,8002026649.71,203484,10,10,10,0,0,0,0,0,0,27699183615,27917287423,27934064639,27702753908.67,1062
1790619996,0,204554,0,485.15,1070.30,1337343,2195455,6652166143,24058527743,27531411455,216704,28437381119,4642185940.81,8161524902.11,204554,10,10,10,0,0,0,0,0,0,28185722879,28403826687,28420603903,28178416167.24,1070
1790619997,0,205648,0,486.59,1094.34,1341439,2209791,7038042111,24511512575,28001173503,216704,28890365951,4769832528.36,8324829057.13,205648,10,10,10,0,0,0,0,0,0,28655484927,28856811519,28873588735,28636944110.68,1094
1790619998,0,206729,0,487.99,1080.97,1344511,2222079,7398752255,24897388543,28470935551,216704,29343350783,4897002597.63,8486286735.60,206729,10,10,10,0,0,0,0,0,0,29091692543,29309796351,29326573567,29089667172.41,1081
1790619999,0,207844,0,489.47,1114.74,1347583,2238463,7751073791,25350373375,28923920383,216704,29779558399,5029295368.31,8653073899.31,207844,10,10,10,0,0,0,0,0,0,29561454591,29762781183,29779558399,29557324237.03,1115
1790620000,0,208986,0,491.00,1141.64,1351679,2254847,8145338367,25803358207,29410459647,216704,30215766015,5165645662.36,8823279198.23,208986,10,10,10,0,0,0,0,0,0,29980884991,30182211583,30198988799,29981399179.88,1142
1790620001,0,210107,0,492.48,1121.67,1355775,2269183,8522825727,26256343039,29829890047,216704,30651973631,5300395640.13,8989997977.33,210107,10,10,10,0,0,0,0,0,0,30433869823,30635196415,30651973631,30421589979.46,1121
1790620002,0,211206,0,493.90,1099.01,1358847,2283519,8866758655,26726105087,30249320447,216704,31104958463,5433443953.85,9153352302.92,211206,10,10,10,0,0,0,0,0,0,30886854655,31071404031,31104958463,30869642362.06,1099
1790620003,0,212319,0,495.34,1112.88,1362943,2299903,9277800447,27195867135,30685528063,216704,31541166079,5569095005.32,9318616227.76,212319,10,10,10,0,0,0,0,0,0,31306285055,31524388863,31541166079,31310618793.29,1113
1790620004,0,213419,0,496.75,1099.95,1366015,2316287,9630121983,27615297535,31121735679,216704,31994150911,5704110222.98,9481964338.67,213419,10,10,10,0,0,0,0,0,0,31759269887,31960596479,31994150911,31764379312.87,1100
1790620005,0,214520,0,498.15,1100.26,1370111,2332671,9982443519,28085059583,31591497727,216704,32447135743,5840105223.64,9645274362.25,214520,10,10,10,0,0,0,0,0,0,32212254719,32413581311,32430358527,32201519435.10,1101
1790620006,0,215594,0,499.49,1074.09,1373183,2347007,10334765055,28538044415,31994150911,216704,32900120575,5973687671.63,9804701071.50,215594,10,10,10,0,0,0,0,0,0,32665239551,32883343359,32900120575,32655351304.58,1074
1790620007,0,216707,0,500.91,1113.72,1377279,2363391,10687086591,28974252031,32447135743,216704,33353105407,6113063684.29,9970023683.44,216707,10,10,10,0,0,0,0,0,0,33118224383,33336328191,33336328191,33110936168.42,1113
1790620008,0,217842,0,502.37,1135.11,1380351,2379775,11056185343,29427236863,32933675007,216704,33789313023,6256058946.16,10138424273.65,217842,10,10,10,0,0,0,0,0,0,33571209215,33772535807,33772535807,33558326974.82,1135
1790620009,0,218948,0,503.76,1105.66,1384447,2398207,11408506879,29829890047,33369882623,216704,34225520639,6396216872.10,10302315755.02,218948,10,10,10,0,0,0,0,0,0,34007416831,34208743423,34225520639,34002259279.16,1106
1790620010,0,220049,0,505.13,1101.16,1387519,2414591,11760828415,30232543231,33789313023,216704,34695282687,6536511944.36,10465223203.82,220049,10,10,10,0,0,0,0,0,0,34426847231,34661728255,34695282687,34435990129.00,1101
1790620011,0,221114,0,506.41,1065.16,1390591,2430975,12104761343,30635196415,34208743423,216704,35165044735,6673148906.54,10623133858.04,221114,10,10,10,0,0,0,0,0,0,34930163711,35131490303,35165044735,34904911245.10,1065
1790620012,0,222150,0,507.62,1035.68,1394687,2447359,12431917055,31037849599,34628173823,216704,35634806783,6807027261.69,10777299732.28,222150,10,10,10,0,0,0,0,0,0,35399925759,35634806783,35634806783,35380751798.86,1036
1790620013,0,223210,0,508.88,1059.53,1397759,2463743,12792627199,31440502783,35097935871,216704,36104568831,6944995321.06,10935630038.41,223210,10,10,10,0,0,0,0,0,0,35869687807,36071014399,36104568831,35859716443.77,1060
1790620014,0,224292,0,510.18,1082.27,1401855,2482175,13144948735,31859933183,35601252351,216704,36574330879,7086789454.86,11097695443.81,224292,10,10,10,0,0,0,0,0,0,36373004287,36540776447,36574330879,36338054338.96,1082
1790620015,0,225381,0,511.50,1089.40,1404927,2502655,13488881663,32262586367,36071014399,216704,37010538495,7230257414.20,11260691317.05,225381,10,10,10,0,0,0,0,0,0,36809211903,37010538495,37010538495,36779123838.94,1089
1790620016,0,226438,0,512.73,1056.55,1409023,2521087,13799260159,32682016767,36540776447,216704,37513854975,7370310731.67,11419009867.86,226438,10,10,10,0,0,0,0,0,0,37245419519,37480300543,37480300543,37233467539.25,1057
1790620017,0,227471,0,513.91,1033.45,1412095,2541567,14143193087,33101447167,36943429631,216704,37983617023,7508173687.13,11574453189.64,227471,10,10,10,0,0,0,0,0,0,37748735999,37950062591,37983617023,37728320742.97,1033
1790620018,0,228537,0,515.15,1065.14,1415167,2562047,14487126015,33504100351,37413191679,216704,38453379071,7651315560.66,11735220095.24,228537,10,10,10,0,0,0,0,0,0,38218498047,38419824639,38453379071,38195992026.54,1066
1790620019,0,229639,0,516.47,1102.35,1419263,2582527,14814281727,33906753535,37916508159,216704,38889586687,7800061420.91,11901388068.58,229639,10,10,10,0,0,0,0,0,0,38654705663,38856032255,38889586687,38647550227.05,1102
1790620020,0,230748,0,517.80,1109.70,1422335,2603007,15174991871,34326183935,38419824639,216704,39325794303,7950427938.52,12068313935.94,230748,10,10,10,0,0,0,0,0,0,39090913279,39325794303,39325794303,39086601732.16,1109
1790620021,0,231837,0,519.08,1088.93,1426431,2623487,15468593151,34795945983,38856032255,216704,39795556351,8098784838.88,12232080825.69,231837,10,10,10,0,0,0,0,0,0,39560675327,39762001919,39795556351,39534099848.11,1089
1790620022,0,232973,0,520.46,1135.23,1430527,2648063,15795748863,35232153599,39292239871,216704,40231763967,8254374765.33,12403014015.19,232973,10,10,10,0,0,0,0,0,0,40030437375,40198209535,40231763967,40007457316.06,1136
1790620023,0,234199,0,522.03,1226.49,1434623,2674687,16164847615,35769024511,39795556351,216704,40600862719,8422691014.71,12586224723.83,234199,10,10,10,0,0,0,0,0,0,40433090559,40600862719,40600862719,40407308932.80,1226
1790620024,0,235375,0,523.49,1176.40,1438719,2699263,16550723583,36305895423,40231763967,216704,41037070335,8584495507.32,12760701440.24,235375,10,10,10,0,0,0,0,0,0,40835743743,41003515903,41037070335,40807667586.61,1176
1790620025,0,236581,0,525.00,1205.42,1441791,2725887,16961765375,36775657471,40600862719,216704,41439723519,8750702210.26,12938199133.40,236581,10,10,10,0,0,0,0,0,0,41204842495,41406169087,41406169087,41189261665.22,1206
1790620026,0,237809,0,526.56,1227.48,1445887,2752511,17347641343,37245419519,41037070335,216704,41808822271,8920386441.50,13117916604.93,237809,10,10,10,0,0,0,0,0,0,41641050111,41775267839,41808822271,41610993210.37,1228
1790620027,0,239001,0,528.03,1192.44,1449983,2781183,17733517311,37815844863,41439723519,216704,42211475455,9085295382.46,13290864621.55,239001,10,10,10,0,0,0,0,0,0,41976594431,42177921023,42211475455,41985320836.30,1192
1790620028,0,240223,0,529.56,1222.55,1454079,2811903,18119393279,38319161343,41808822271,216704,42614128639,9254688356.02,13467018049.16,240223,10,10,10,0,0,0,0,0,0,42412802047,42580574207,42614128639,42384876632.82,1222
1790620029,0,241424,0,531.03,1200.04,1458175,2840575,18505269247,38788923391,42211475455,216704,42983227391,9421473613.67,13639004176.31,241424,10,10,10,0,0,0,0,0,0,42781900799,42983227391,42983227391,42781719198.16,1201
1790620030,0,242561,0,532.36,1137.96,1462271,2867199,18572378111,38956695551,42379247615,216704,43150999551,9474477045.33,13694235538.96,242561,10,10,10,0,0,0,0,0,0,4697620479,43150999551,43150999551,20728918985.06,1137
1790620031,0,243236,0,532.68,674.90,1463295,2879487,18505269247,38956695551,42379247615,216704,43150999551,9450953462.67,13682548047.77,243236,10,10,10,0,0,0,0,0,0,963641343,2243952639,2338324479,997762746.31,675
1790620032,0,243436,0,531.95,199.84,1463295,2875391,18488492031,38923141119,42379247615,216704,43150999551,9443190366.58,13679605509.28,243436,10,10,10,0,0,0,0,0,0,1866751,3053567,3432447,1868163.84,200
1790620033,0,243636,0,531.22,200.03,1462271,2871295,18471714815,38923141119,42379247615,216704,43150999551,9435439916.74,13676662843.08,243636,10,10,10,0,0,0,0,0,0,1745919,2973695,3080191,1747384.32,200
1790620034,0,243836,0,530.50,200.13,1462271,2867199,18454937599,38923141119,42379247615,216704,43150999551,9427702244.73,13673719946.33,243836,10,10,10,0,0,0,0,0,0,1849343,3076095,3579903,1824958.72,200
1790620035,0,244036,0,529.79,199.97,1462271,2865151,18438160383,38923141119,42379247615,216704,43150999551,9419977269.45,13670776863.00,244036,10,10,10,0,0,0,0,0,0,1776639,3057663,3393535,1841905.28,200
1790620036,0,244236,0,529.07,199.91,1462271,2861055,18404605951,38923141119,42379247615,216704,43150999551,9412265104.39,13667833503.02,244236,10,10,10,0,0,0,0,0,0,1890303,4163583,7192575,2035539.20,200
1790620037,0,244436,0,528.36,200.01,1461247,2856959,18387828735,38923141119,42345693183,216704,43150999551,9404565317.00,13664890152.24,244436,10,10,10,0,0,0,0,0,0,1697791,3024895,3434495,1738951.04,200
1790620038,0,244636,0,527.65,200.06,1461247,2852863,18354274303,38923141119,42345693183,216704,43150999551,9396878196.34,13661946599.69,244636,10,10,10,0,0,0,0,0,0,1808383,3008511,3815423,1833062.40,200
1790620039,0,244836,0,526.95,199.95,1461247,2848767,18337497087,38889586687,42345693183,216704,43150999551,9389203645.50,13659002900.18,244836,10,10,10,0,0,0,0,0,0,1743871,3084287,4263935,1846556.16,200
1790620040,0,245036,0,526.25,199.92,1460223,2846719,18303942655,38889586687,42345693183,216704,43150999551,9381541638.08,13656059060.00,245036,10,10,10,0,0,0,0,0,0,1860607,3102719,4030463,1865392.64,200
1790620041,0,245236,0,525.55,200.09,1460223,2842623,18287165439,38889586687,42345693183,216704,43150999551,9373892113.45,13653115108.93,245236,10,10,10,0,0,0,0,0,0,1796095,3067903,3424255,1847530.24,200
1790620042,0,245436,0,524.85,200.06,1460223,2838527,18270388223,38889586687,42345693183,216704,43150999551,9366255144.18,13650170985.37,245436,10,10,10,0,0,0,0,0,0,1861631,3336191,4304895,1956166.40,200
1790620043,0,245636,0,524.16,199.99,1459199,2836479,18253611007,38889586687,42345693183,216704,43150999551,9358630475.57,13647226852.27,245636,10,10,10,0,0,0,0,0,0,1763327,3119103,3614719,1789640.96,200
1790620044,0,245836,0,523.47,199.93,1459199,2832383,18236833791,38889586687,42345693183,216704,43150999551,9351018249.57,13644282600.41,245836,10,10,10,0,0,0,0,0,0,1795071,3153919,3553279,1834529.28,200
1790620045,0,246036,0,522.78,200.03,1459199,2828287,18220056575,38889586687,42345693183,216704,43150999551,9343418371.19,13641338283.16,246036,10,10,10,0,0,0,0,0,0,1697791,2953215,3336191,1799858.56,200
1790620046,0,246236,0,522.09,199.93,1459199,2826239,18203279359,38889586687,42345693183,216704,43150999551,9335830833.79,13638393893.31,246236,10,10,10,0,0,0,0,0,0,1724415,3102719,3272703,1794075.52,200
1790620047,0,246436,0,521.41,200.14,1458175,2822143,18186502143,38889586687,42345693183,216704,43150999551,9328255418.46,13635449568.90,246436,10,10,10,0,0,0,0,0,0,1454079,2846719,3162111,1555574.40,200
1790620048,0,246636,0,520.74,199.98,1457151,2815999,18169724927,38856032255,42345693183,216704,43150999551,9320692356.73,13632505139.73,246636,10,10,10,0,0,0,0,0,0,1584127,2762751,3008511,1638960.00,200
1790620049,0,246836,0,520.06,199.91,1457151,2811903,18136170495,38856032255,42345693183,216704,43150999551,9313141681.75,13629560571.64,246836,10,10,10,0,0,0,0,0,0,1691647,3047423,5804031,1800309.12,200
1790620050,0,247036,0,519.39,200.01,1457151,2807807,18119393279,38856032255,42345693183,216704,43150999551,9305603311.67,13626615909.02,247036,10,10,10,0,0,0,0,0,0,1828863,3168255,4231167,1897724.80,200
1790620051,0,247236,0,518.72,199.97,1457151,2805759,18102616063,38856032255,42345693183,216704,43150999551,9298077100.85,13623671239.76,247236,10,10,10,0,0,0,0,0,0,1826815,3129343,3506175,1852017.92,200
1790620052,0,247436,0,518.05,200.15,1456127,2801663,18085838847,38856032255,42345693183,216704,43150999551,9290563056.32,13620726547.44,247436,10,10,10,0,0,0,0,0,0,1881087,3129343,3653631,1851486.72,200
1790620053,0,247636,0,517.38,199.93,1456127,2799615,18052284415,38856032255,42345693183,216704,43150999551,9283061187.60,13617781814.04,247636,10,10,10,0,0,0,0,0,0,1748991,3366911,4268031,1899248.64,200
1790620054,0,247836,0,516.72,200.06,1456127,2795519,18035507199,38856032255,42345693183,216704,43150999551,9275571376.66,13614837108.46,247836,10,10,10,0,0,0,0,0,0,1751039,3323903,4067327,1837267.20,200
1790620055,0,248541,0,517.11,704.50,1458175,2809855,17968398335,38822477823,42345693183,216704,43150999551,9249821298.82,13604085425.41,248541,10,10,10,0,0,0,0,0,0,192020479,403439615,421003263,197627975.90,705
1790620056,0,249570,0,518.18,1029.80,1461247,2834431,17850957823,38822477823,42345693183,216704,43150999551,9214777007.43,13586937026.91,249570,10,10,10,0,0,0,0,0,0,752353279,1042284543,1069547519,750303512.63,1029
1790620057,0,250588,0,519.21,1017.30,1464319,2856959,17733517311,38788923391,42345693183,216704,43150999551,9183093392.82,13568388618.27,250588,10,10,10,0,0,0,0,0,0,1431306239,1708130303,1733296127,1415628071.73,1018
1790620058,0,251634,0,520.30,1046.30,1468415,2879487,17616076799,38755368959,42345693183,216704,43150999551,9153475845.83,13547921970.33,251634,10,10,10,0,0,0,0,0,0,2056257535,2353004543,2380267519,2058062971.35,1046
1790620059,0,252714,0,521.46,1080.31,1471487,2904063,17498636287,38755368959,42345693183,216704,43150999551,9125974023.48,13525463433.80,252714,10,10,10,0,0,0,0,0,0,2715811839,3003121663,3024093183,2718202204.92,1080
1790620060,0,253743,0,522.50,1029.21,1474559,2930687,17397972991,38721814527,42345693183,216704,43150999551,9102550660.43,13503006706.22,253743,10,10,10,0,0,0,0,0,0,3340763135,3657433087,3684696063,3349963906.36,1029
1790620061,0,254818,0,523.64,1074.11,1478655,2957311,17297309695,38688260095,42312138751,216704,43150999551,9081073172.67,13478539239.74,254818,10,10,10,0,0,0,0,0,0,4011851775,4303355903,4332716031,4011526961.29,1075
1790620062,0,255875,0,524.73,1057.29,1481727,2985983,17196646399,38688260095,42312138751,216704,43150999551,9062853172.37,13453650888.01,255875,10,10,10,0,0,0,0,0,0,4685037567,4940890111,4970250239,4670436866.42,1057
1790620063,0,256949,0,525.86,1074.03,1485823,3014655,17070817279,38654705663,42312138751,216704,43150999551,9047138545.82,13427700791.47,256949,10,10,10,0,0,0,0,0,0,5305794559,5591007231,5620367359,5303209244.13,1074
1790620064,0,257996,0,526.92,1046.86,1489919,3045375,16961765375,38621151231,42312138751,216704,43150999551,9034624293.12,13401866094.21,257996,10,10,10,0,0,0,0,0,0,5976883199,6236930047,6257901567,5963445002.51,1047
1790620065,0,259078,0,528.05,1082.07,1492991,3080191,16827547647,38621151231,42312138751,216704,43150999551,9024353995.31,13374796727.65,259078,10,10,10,0,0,0,0,0,0,6572474367,6870269951,6899630079,6575466976.77,1082
1790620066,0,260074,0,529.00,996.51,1496063,3112959,16718495743,38587596799,42312138751,216704,43150999551,9017527444.17,13349620774.47,260074,10,10,10,0,0,0,0,0,0,7243563007,7537164287,7579107327,7241815381.33,996
1790620067,0,261062,0,529.93,987.81,1500159,3149823,16592666623,38554042367,42312138751,216704,43150999551,9013327971.20,13324515178.13,261062,10,10,10,0,0,0,0,0,0,7918845951,8199864319,8246001663,7907888969.59,988
1790620068,0,262111,0,530.99,1048.82,1503231,3192831,16492003327,38554042367,42312138751,216704,43150999551,9011564962.94,13297859504.35,262111,10,10,10,0,0,0,0,0,0,8577351679,8875147263,8891924479,8572809516.66,1049
1790620069,0,263149,0,532.01,1038.10,1507327,3244031,16357785599,38520487935,42278584319,216704,43150999551,9012381186.60,13271618124.38,263149,10,10,10,0,0,0,0,0,0,9219080191,9521070079,9546235903,9218490241.73,1038
1790620070,0,264143,0,532.94,994.22,1510399,3307519,16257122303,38520487935,42278584319,216704,43150999551,9015665981.30,13246736566.35,264143,10,10,10,0,0,0,0,0,0,9890168831,10200547327,10217324543,9885274070.79,994
1790620071,0,265218,0,534.04,1075.09,1513471,3393535,16156459007,38486933503,42278584319,216704,43150999551,9021850136.45,13220223535.20,265218,10,10,10,0,0,0,0,0,0,10544480255,10838081535,10863247359,10541386225.24,1075
1790620072,0,266279,0,535.09,1061.04,1517567,3497983,16055795711,38486933503,42278584319,216704,43150999551,9030503822.87,13194573450.05,266279,10,10,10,0,0,0,0,0,0,11207180287,11484004351,11509170175,11193664429.96,1061
1790620073,0,267328,0,536.13,1049.04,1521663,3624959,15938355199,38453379071,42278584319,216704,43150999551,9041478665.56,13169826365.61,267328,10,10,10,0,0,0,0,0,0,11827937279,12129927167,12163481599,11827341520.90,1049
1790620074,0,268385,0,537.17,1056.40,1524735,3784703,15829303295,38419824639,42278584319,216704,43150999551,9055081442.43,13145652081.23,268385,10,10,10,0,0,0,0,0,0,12499025919,12775849983,12809404415,12495387152.95,1057
1790620075,0,269391,0,538.10,1006.07,1528831,3938303,15728639999,38419824639,42278584319,216704,43150999551,9070380186.17,13123468399.73,269391,10,10,10,0,0,0,0,0,0,13153337343,13446938623,13472104447,13151844738.80,1006
1790620076,0,270462,0,539.17,1070.99,1531903,4122623,15611199487,38386270207,42278584319,216704,43150999551,9089105057.73,13100830698.12,270462,10,10,10,0,0,0,0,0,0,13799260159,14092861439,14109638655,13799013436.24,1071
1790620077,0,271533,0,540.22,1071.12,1535999,4362239,15518924799,38352715775,42278584319,216704,43150999551,9110216566.57,13079277358.37,271533,10,10,10,0,0,0,0,0,0,14453571583,14730395647,14755561471,14441552612.03,1071
1790620078,0,272572,0,541.21,1038.83,1539071,4607999,15426650111,38352715775,42245029887,216704,43150999551,9132964129.93,13059509488.32,272572,10,10,10,0,0,0,0,0,0,15082717183,15384707071,15409872895,15077828539.01,1039
1790620079,0,273650,0,542.28,1078.45,1542143,4874239,15602810879,38319161343,42245029887,216704,43150999551,9158956233.19,13040317943.98,273650,10,10,10,0,0,0,0,0,0,15728639999,16022241279,16047407103,15731052308.42,1078
1790620080,0,274688,0,543.26,1037.19,1546239,5197823,15787360255,38285606911,42245029887,216704,43150999551,9186255296.53,13023206365.92,274688,10,10,10,0,0,0,0,0,0,16391340031,16676552703,16701718527,16383161543.28,1038
1790620081,0,275785,0,544.35,1097.81,1550335,5541887,15988686847,38252052479,42245029887,216704,43150999551,9217440216.24,13006648763.18,275785,10,10,10,0,0,0,0,0,0,17020485631,17314086911,17347641343,17026121369.55,1097
1790620082,0,276868,0,545.41,1083.22,1554431,5959679,16190013439,38252052479,42245029887,216704,43150999551,9250420003.90,12991854471.09,276868,10,10,10,0,0,0,0,0,0,17649631231,17968398335,17985175551,17648694000.64,1083
1790620083,0,277983,0,546.53,1114.69,1558527,6479871,16408117247,38218498047,42245029887,216704,43150999551,9286734286.62,12978399754.77,277983,10,10,10,0,0,0,0,0,0,18320719871,18589155327,18605932543,18304010366.74,1115
1790620084,0,279090,0,547.63,1107.20,1561599,7114751,16617832447,38184943615,42245029887,216704,43150999551,9324945992.05,12966786166.94,279090,10,10,10,0,0,0,0,0,0,18941476863,19209912319,19243466751,18920433355.04,1107
1790620085,0,280198,0,548.73,1107.81,1565695,7843839,16835936255,38184943615,42245029887,216704,43150999551,9365379096.77,12957028505.46,280198,10,10,10,0,0,0,0,0,0,19562233855,19847446527,19864223743,19549923498.05,1108
1790620086,0,281281,0,549.77,1082.97,1569791,8970239,17037262847,38151389183,42245029887,216704,43150999551,9407046253.59,12949420755.72,281281,10,10,10,0,0,0,0,0,0,20182990847,20468203519,20501757951,20187336193.42,1083
1790620087,0,282390,0,550.86,1108.46,1572863,10805247,17263755263,38117834751,42245029887,216704,43150999551,9451857690.25,12943662444.03,282390,10,10,10,0,0,0,0,0,0,20820525055,21122514943,21139292159,20817597741.94,1109
1790620088,0,283450,0,551.86,1060.07,1576959,13369343,17431527423,38117834751,42245029887,216704,43150999551,9496743558.86,12940198331.89,283450,10,10,10,0,0,0,0,0,0,21458059263,21760049151,21793603583,21454593027.86,1060
1790620089,0,284589,0,553.00,1139.76,1580031,20561919,17632854015,38050725887,42245029887,216704,43150999551,9547241365.50,12938828389.25,284589,10,10,10,0,0,0,0,0,0,22129147903,22397583359,22414360575,22114057247.47,1139
1790620090,0,285684,0,554.05,1094.43,1584127,30900223,17850957823,38050725887,42245029887,216704,43150999551,9597775553.87,12939684765.66,285684,10,10,10,0,0,0,0,0,0,22733127679,23018340351,23051894783,22731541888.35,1095
1790620091,0,286767,0,555.07,1083.06,1588223,121569279,18052284415,38017171455,42211475455,216704,43150999551,9649773446.10,12942815200.96,286767,10,10,10,0,0,0,0,0,0,23370661887,23655874559,23689428991,23366270068.30,1083
1790620092,0,287885,0,556.16,1117.69,1591295,255983615,18253611007,37983617023,42211475455,216704,43150999551,9705484483.50,12948441942.16,287885,10,10,10,0,0,0,0,0,0,24008196095,24276631551,24310185983,23995365577.50,1118
1790620093,0,288994,0,557.23,1109.77,1595391,384565247,18471714815,37983617023,42211475455,216704,43150999551,9762743925.79,12956464924.01,288994,10,10,10,0,0,0,0,0,0,24645730303,24914165759,24947720191,24626706544.65,1109
1790620094,0,290108,0,558.30,1113.67,1599487,498860031,18639486975,37950062591,42211475455,216704,43150999551,9822269128.19,12967061755.20,290108,10,10,10,0,0,0,0,0,0,25283264511,25551699967,25568477183,25264303547.06,1114
1790620095,0,291205,0,559.33,1097.46,1603583,616038399,18840813567,37916508159,42211475455,216704,43150999551,9882846957.12,12980056352.54,291205,10,10,10,0,0,0,0,0,0,25920798719,26189234175,26206011391,25903004471.31,1097
1790620096,0,292365,0,560.48,1158.92,1607679,745013247,19058917375,37882953727,42211475455,216704,43150999551,9948755638.57,12996307274.61,292365,10,10,10,0,0,0,0,0,0,26508001279,26776436735,26809991167,26494391486.68,1160
1790620097,0,293488,0,561.56,1123.24,1611775,876085247,19277021183,37882953727,42211475455,216704,43150999551,10014465416.05,13014681556.72,293488,10,10,10,0,0,0,0,0,0,27128758271,27413970943,27447525375,27121534955.94,1123
1790620098,0,294584,0,562.58,1096.06,1614847,999292927,19478347775,37849399295,42211475455,216704,43150999551,10080457795.10,13035262119.81,294584,10,10,10,0,0,0,0,0,0,27766292479,28051505151,28068282367,27751964492.61,1096
1790620099,0,295667,0,563.57,1082.89,1618943,1124073471,19662897151,37849399295,42211475455,216704,43150999551,10147550742.46,13058339120.89,295667,10,10,10,0,0,0,0,0,0,28403826687,28689039359,28722593791,28397328034.16,1083
1790620100,0,296773,0,564.60,1106.21,1623039,1237319679,19864223743,37815844863,42211475455,216704,43150999551,10217918327.67,13084669296.75,296773,10,10,10,0,0,0,0,0,0,29024583679,29326573567,29343350783,29029286154.65,1106
1790620101,0,297867,0,565.61,1094.26,1627135,1379926015,20048773119,37782290431,42177921023,216704,43150999551,10289368588.90,13113534195.84,297867,10,10,10,0,0,0,0,0,0,29678895103,29964107775,29980884991,29671917377.05,1094
1790620102,0,298994,0,566.67,1127.02,1632255,1507852287,20250099711,37748735999,42177921023,216704,43150999551,10364776168.12,13146087246.66,298994,10,10,10,0,0,0,0,0,0,30299652095,30584864767,30601641983,30295059575.03,1127
1790620103,0,300112,0,567.72,1118.11,1635327,1645215743,20451426303,37748735999,42177921023,216704,43150999551,10441337037.16,13181180837.28,300112,10,10,10,0,0,0,0,0,0,30920409087,31205621759,31239176191,30916507409.86,1118
1790620104,0,301250,0,568.79,1137.49,1639423,1779433471,20669530111,37715181567,42177921023,216704,43150999551,10521035647.31,13219774012.83,301250,10,10,10,0,0,0,0,0,0,31541166079,31826378751,31859933183,31539057870.96,1138
1790620105,0,302365,0,569.82,1115.33,1643519,1927282687,20854079487,37681627135,42177921023,216704,43150999551,10600850901.01,13260439726.63,302365,10,10,10,0,0,0,0,0,0,32161923071,32463912959,32480690175,32165286038.62,1115
1790620106,0,303472,0,570.83,1106.26,1647615,2068840447,21055406079,37648072703,42177921023,216704,43150999551,10681790250.42,13303659059.13,303472,10,10,10,0,0,0,0,0,0,32799457279,33084669951,33118224383,32789492492.72,1107
1790620107,0,304610,0,571.90,1139.20,1652735,2208301055,21273509887,37614518271,42177921023,216704,43150999551,10766715770.48,13351014173.03,304610,10,10,10,0,0,0,0,0,0,33420214271,33705426943,33738981375,33413919130.32,1138
1790620108,0,305661,0,572.80,1050.98,1655807,2325741567,21458059263,37580963839,42177921023,216704,43150999551,10846801091.35,13397599021.34,305661,10,10,10,0,0,0,0,0,0,34074525695,34359738367,34393292799,34057828295.49,1051
1790620109,0,306752,0,573.76,1090.69,1659903,2480930815,21692940287,37547409407,42177921023,216704,43150999551,10931641455.30,13448939889.92,306752,10,10,10,0,0,0,0,0,0,34728837119,34997272575,35030827007,34701018619.78,1091
1790620110,0,307852,0,574.75,1099.99,1663999,2625634303,21911044095,37513854975,42177921023,216704,43150999551,11018836728.17,13503630388.72,307852,10,10,10,0,0,0,0,0,0,35332816895,35634806783,35668361215,35334586129.69,1100
1790620111,0,308911,0,575.65,1058.91,1668095,2759852031,22095593471,37513854975,42144366591,216704,43150999551,11104358894.75,13559101493.92,308911,10,10,10,0,0,0,0,0,0,35970351103,36272340991,36305895423,35965709249.15,1059
1790620112,0,309988,0,576.58,1076.43,1672191,2891972607,22296920063,37480300543,42144366591,216704,43150999551,11193007590.37,13618540419.48,309988,10,10,10,0,0,0,0,0,0,36641439743,36909875199,36943429631,36619708809.63,1077
1790620113,0,311072,0,577.52,1084.70,1676287,3013607423,22481469439,37513854975,42144366591,216704,43150999551,11283823900.09,13681264715.75,311072,10,10,10,0,0,0,0,0,0,37278973951,37547409407,37580963839,37254272442.10,1084
1790620114,0,312109,0,578.37,1036.21,1680383,3135242239,22682796031,37782290431,42144366591,216704,43150999551,11372325901.33,13744263683.70,312109,10,10,10,0,0,0,0,0,0,37950062591,38218498047,38252052479,37920536633.27,1037
1790620115,0,313206,0,579.34,1098.09,1684479,3269459967,22867345407,38050725887,42144366591,216704,43150999551,11467511355.91,13813797634.59,313206,10,10,10,0,0,0,0,0,0,38554042367,38822477823,38889586687,38548857795.33,1097
1790620116,0,314324,0,580.33,1117.48,1688575,3403677695,23068671999,38319161343,42144366591,216704,43150999551,11566106566.11,13887610783.63,314324,10,10,10,0,0,0,0,0,0,39191576575,39493566463,39493566463,39187404781.68,1118
1790620117,0,315386,0,581.22,1062.28,1692671,3537895423,23286775807,38587596799,42144366591,216704,43150999551,11661270793.39,13960545246.74,315386,10,10,10,0,0,0,0,0,0,39862665215,40131100671,40164655103,39827373030.93,1062
1790620118,0,316480,0,582.16,1094.19,1696767,3680501759,23471325183,38822477823,42110812159,216704,43150999551,11760819985.44,14038524303.66,316480,10,10,10,0,0,0,0,0,0,40466644991,40768634879,40768634879,40459559915.41,1094
1790620119,0,317571,0,583.09,1090.10,1700863,3795845119,23655874559,39057358847,42110812159,216704,43150999551,11861618449.06,14119155461.70,317571,10,10,10,0,0,0,0,0,0,41104179199,41406169087,41406169087,41101488079.19,1091
1790620120,0,318699,0,584.09,1128.27,1704959,3930062847,23857201151,39325794303,42110812159,216704,43150999551,11967326163.79,14205315394.56,318699,10,10,10,0,0,0,0,0,0,41741713407,42010148863,42043703295,41727702647.83,1128
1790620121,0,319807,0,585.05,1107.72,1709055,4060086271,24075304959,39560675327,42312138751,216704,43150999551,12072558579.83,14292557582.13,319807,10,10,10,0,0,0,0,0,0,42345693183,42647683071,42681237503,42341029481.36,1108
1790620122,0,320932,0,586.04,1125.96,1714175,4208984063,24259854335,39862665215,42547019775,216704,43318771711,12180864960.90,14383874327.35,320932,10,10,10,0,0,0,0,0,0,42983227391,43285217279,43318771711,42969432792.18,1125
1790620123,0,322058,0,587.02,1125.65,1718271,4341104639,24477958143,40097546239,42781900799,216704,43922751487,12290760592.23,14478079608.74,322058,10,10,10,0,0,0,0,0,0,43620761599,43889197055,43922751487,43613162683.34,1126
1790620124,0,323143,0,587.93,1085.22,1722367,4479516671,24662507519,40332427263,43016781823,216704,44560285695,12398067879.01,14571513810.38,323143,10,10,10,0,0,0,0,0,0,44258295807,44526731263,44560285695,44249837617.08,1085
1790620125,0,324242,0,588.86,1098.14,1726463,4500488191,24712839167,40399536127,43083890687,216704,44862275583,12431498612.91,14606280727.35,324242,10,10,10,0,0,0,0,0,0,4819255295,44828721151,44862275583,22261259892.94,1099
1790620126,0,324949,0,589.07,707.52,1728511,4412407807,24679284735,40399536127,43083890687,216704,44862275583,12406869673.77,14599961006.22,324949,10,10,10,0,0,0,0,0,0,1095761919,2403336191,2497708031,1111627117.71,707
1790620127,0,325149,0,588.37,200.02,1728511,4395630591,24662507519,40399536127,43083890687,216704,44862275583,12399239627.22,14598710065.70,325149,10,10,10,0,0,0,0,0,0,2131967,4505599,5218303,2359649.28,200
1790620128,0,325349,0,587.66,199.92,1728511,4366270463,24645730303,40399536127,43083890687,216704,44862275583,12391619387.00,14597456214.10,325349,10,10,10,0,0,0,0,0,0,3057663,4743167,5533695,3051946.24,200
1790620129,0,325549,0,586.97,199.99,1729535,4341104639,24645730303,40399536127,43083890687,216704,44862275583,12384008844.51,14596199540.66,325549,10,10,10,0,0,0,0,0,0,3606527,5517311,7118847,3596903.68,200
1790620130,0,325749,0,586.27,200.10,1730559,4320133119,24628953087,40399536127,43083890687,216704,44862275583,12376407779.85,14594940228.74,325749,10,10,10,0,0,0,0,0,0,3741695,5742591,7196671,3812792.32,200
1790620131,0,325949,0,585.58,199.97,1731583,4292870143,24612175871,40399536127,43083890687,216704,44862275583,12368815919.89,14593678506.46,325949,10,10,10,0,0,0,0,0,0,3635199,5042175,5574655,3611965.44,200
1790620132,0,326149,0,584.88,199.93,1731583,4271898623,24612175871,40399536127,43083890687,216704,44862275583,12361233325.77,14592414318.40,326149,10,10,10,0,0,0,0,0,0,3454975,5447679,6770687,3538475.52,200
1790620133,0,326349,0,584.19,200.03,1732607,4248829951,24595398655,40399536127,43083890687,216704,44862275583,12353659946.67,14591147704.01,326349,10,10,10,0,0,0,0,0,0,3471359,4788223,5353471,3409835.52,200
1790620134,0,326549,0,583.51,199.90,1732607,4232052735,24595398655,40399536127,43083890687,216704,44862275583,12346095909.99,14589878551.91,326549,10,10,10,0,0,0,0,0,0,3512319,5062655,6995967,3516881.92,200
1790620135,0,326749,0,582.82,200.08,1733631,4208984063,24578621439,40365981695,43083890687,216704,44862275583,12338541188.31,14588606881.89,326749,10,10,10,0,0,0,0,0,0,3616767,5132287,6041599,3607144.96,200
1790620136,0,326949,0,582.14,200.09,1734655,4181721087,24561844223,40365981695,43083890687,216704,44862275583,12330995569.55,14587332869.75,326949,10,10,10,0,0,0,0,0,0,3424255,4825087,4993023,3378649.60,200
1790620137,0,327149,0,581.46,199.88,1734655,4156555263,24561844223,40365981695,43083890687,216704,44862275583,12323459215.14,14586056375.46,327149,10,10,10,0,0,0,0,0,0,3399679,4988927,5599231,3441528.32,200
1790620138,0,327349,0,580.79,200.00,1735679,4127195135,24545067007,40365981695,43083890687,216704,44862275583,12315932137.29,14584777385.28,327349,10,10,10,0,0,0,0,0,0,3577855,4874239,8380415,3552168.96,200
1790620139,0,327549,0,580.11,200.02,1736703,4106223615,24528289791,40365981695,43083890687,216704,44862275583,12308414204.41,14583496006.82,327549,10,10,10,0,0,0,0,0,0,3534847,4935679,6422527,3475164.16,200
1790620140,0,327749,0,579.44,199.96,1736703,4083154943,24528289791,40365981695,43083890687,216704,44862275583,12300905530.94,14582212140.02,327749,10,10,10,0,0,0,0,0,0,3579903,5419007,6172671,3613086.72,200
1790620141,0,327949,0,578.77,200.06,1737727,4060086271,24511512575,40365981695,43083890687,216704,44862275583,12293406039.34,14580925846.84,327949,10,10,10,0,0,0,0,0,0,3653631,5570559,6041599,3651683.84,200
1790620142,0,328149,0,578.10,199.92,1738751,4039114751,24494735359,40365981695,43083890687,216704,44862275583,12285915536.09,14579637286.87,328149,10,10,10,0,0,0,0,0,0,3356671,4956159,5976063,3400282.88,200
1790620143,0,328349,0,577.44,200.13,1738751,4016046079,24494735359,40365981695,43083890687,216704,44862275583,12278434256.18,14578346258.52,328349,10,10,10,0,0,0,0,0,0,3575807,5349375,6406143,3561652.48,200
1790620144,0,328549,0,576.78,199.97,1739775,3997171711,24477958143,40365981695,43083890687,216704,44862275583,12270961993.90,14577052931.55,328549,10,10,10,0,0,0,0,0,0,3438591,5025791,5771263,3412757.76,200
1790620145,0,328749,0,576.12,199.90,1740799,3974103039,24461180927,40365981695,43083890687,216704,44862275583,12263498944.05,14575757138.51,328749,10,10,10,0,0,0,0,0,0,3520511,5152767,6619135,3611115.52,200
1790620146,0,328949,0,575.46,200.11,1741823,3951034367,24444403711,40365981695,43083890687,216704,44862275583,12256044923.40,14574459030.06,328949,10,10,10,0,0,0,0,0,0,3518463,4780031,5156863,3535751.68,200
1790620147,0,329149,0,574.80,199.94,1741823,3925868543,24427626495,40365981695,43083890687,216704,44862275583,12248599992.58,14573158551.74,329149,10,10,10,0,0,0,0,0,0,3504127,5201919,7172095,3587252.48,200
1790620148,0,329349,0,574.15,200.00,1742847,3904897023,24427626495,40365981695,43083890687,216704,44862275583,12241163979.74,14571855844.39,329349,10,10,10,0,0,0,0,0,0,3323903,4956159,5300223,3383022.08,200
1790620149,0,329549,0,573.50,200.06,1743871,3883925503,24410849279,40365981695,43083890687,216704,44862275583,12233736969.63,14570550833.22,329549,10,10,10,0,0,0,0,0,0,3330047,4993023,5189631,3345214.72,200
1790620150,0,329749,0,572.85,199.86,1743871,3865051135,24394072063,40365981695,43083890687,216704,44862275583,12226319121.31,14569243381.26,329749,10,10,10,0,0,0,0,0,0,3561471,5160959,5537791,3596641.28,200
1790620151,0,329949,0,572.20,200.00,1744895,3839885311,24377294847,40332427263,43083890687,216704,44862275583,12218910164.56,14567933711.80,329949,10,10,10,0,0,0,0,0,0,3426303,4947967,5455871,3429757.44,200
1790620152,0,330149,0,571.56,200.09,1744895,3816816639,24377294847,40332427263,43083890687,216704,44862275583,12211510192.48,14566621743.17,330149,10,10,10,0,0,0,0,0,0,3461119,4984831,5611519,3443264.00,200
1790620153,0,330349,0,570.92,200.06,1744895,3791650815,24360517631,40332427263,43083890687,216704,44862275583,12204118813.65,14565307799.79,330349,10,10,10,0,0,0,0,0,0,2605055,4759551,5713919,2837164.80,200
1790620154,0,330549,0,570.28,200.00,1745919,3772776447,24343740415,40332427263,43083890687,216704,44862275583,12196736218.27,14563991718.43,330549,10,10,10,0,0,0,0,0,0,2506751,4259839,4644863,2571202.56,200
1790620155,0,330749,0,569.64,199.98,1745919,3753902079,24326963199,40332427263,43083890687,216704,44862275583,12189363065.37,14562672943.89,330749,10,10,10,0,0,0,0,0,0,3426303,4833279,5808127,3421473.28,200
1790620156,0,330949,0,569.00,200.04,1746943,3730833407,24310185983,40332427263,43083890687,216704,44862275583,12181999013.88,14561351758.63,330949,10,10,10,0,0,0,0,0,0,3569663,5963775,11788287,3735695.36,200
1790620157,0,331149,0,568.37,199.87,1746943,3709861887,24293408767,40332427263,43083890687,216704,44862275583,12174643704.89,14560028459.40,331149,10,10,10,0,0,0,0,0,0,3491839,5201919,5640191,3482918.40,200
1790620158,0,331349,0,567.74,200.06,1747967,3693084671,24276631551,40332427263,43083890687,216704,44862275583,12167297365.51,14558702852.75,331349,10,10,10,0,0,0,0,0,0,3518463,5668863,7626751,3632675.84,200
1790620159,0,331549,0,567.11,200.09,1748991,3667918847,24276631551,40332427263,43083890687,216704,44862275583,12159959886.86,14557375026.23,331549,10,10,10,0,0,0,0,0,0,3555327,5091327,5783551,3628815.36,200
1790620160,0,331749,0,566.48,199.82,1750015,3646947327,24259854335,40332427263,43083890687,216704,44862275583,12152631311.79,14556044940.56,331749,10,10,10,0,0,0,0,0,0,3700735,5124095,6586367,3722639.36,200
1790620161,0,331949,0,565.86,200.04,1750015,3623878655,24259854335,40332427263,43083890687,216704,44862275583,12145311480.80,14554712725.41,331949,10,10,10,0,0,0,0,0,0,3624959,5267455,6426623,3578429.44,200
1790620162,0,332149,0,565.23,200.09,1751039,3600809983,24243077119,40332427263,43083890687,216704,44862275583,12138000378.50,14553378390.00,332149,10,10,10,0,0,0,0,0,0,3325951,4968447,6561791,3434880.00,200
1790620163,0,332349,0,564.61,200.01,1751039,3575644159,24226299903,40332427263,43083890687,216704,44862275583,12130698204.99,14552041763.94,332349,10,10,10,0,0,0,0,0,0,3555327,6123519,7180287,3650059.52,200
1790620164,0,332549,0,564.00,199.91,1752063,3548381183,24226299903,40332427263,43083890687,216704,44862275583,12123404716.39,14550703047.04,332549,10,10,10,0,0,0,0,0,0,3434495,5300223,7110655,3486513.28,200
1790620165,0,332749,0,563.38,200.09,1753087,3523215359,24209522687,40332427263,43083890687,216704,44862275583,12116120043.44,14549362126.84,332749,10,10,10,0,0,0,0,0,0,3622911,5218303,5521407,3566520.32,200
1790620166,0,332949,0,562.76,199.86,1753087,3500146687,24192745471,40332427263,43083890687,216704,44862275583,12108844067.94,14548019098.27,332949,10,10,10,0,0,0,0,0,0,3454975,5136383,8380415,3476207.36,200
1790620167,0,333149,0,562.15,200.00,1753087,3477078015,24175968255,40332427263,43083890687,216704,44862275583,12101576672.44,14546674055.45,333149,10,10,10,0,0,0,0,0,0,3176447,4710399,7487487,3216353.28,200
1790620168,0,333349,0,561.54,200.12,1754111,3454009343,24175968255,40332427263,43083890687,216704,44862275583,12094317867.64,14545326985.78,333349,10,10,10,0,0,0,0,0,0,2912255,4767743,5222399,3000056.32,200
1790620169,0,333549,0,560.94,200.04,1754111,3430940671,24159191039,40298872831,43083890687,216704,44862275583,12087067748.35,14543977806.84,333549,10,10,10,0,0,0,0,0,0,2836479,4861951,5976063,2967676.16,200
1790620170,0,333749,0,560.33,199.85,1755135,3403677695,24142413823,40298872831,43083890687,216704,44862275583,12079826675.57,14542626215.33,333749,10,10,10,0,0,0,0,0,0,3598335,4923391,6049791,3563745.28,200
1790620171,0,333949,0,559.72,200.06,1755135,3378511871,24142413823,40298872831,43083890687,216704,44862275583,12072594089.95,14541272672.45,333949,10,10,10,0,0,0,0,0,0,3325951,4710399,4984831,3253003.52,200
1790620172,0,334149,0,559.12,199.96,1756159,3353346047,24125636607,40298872831,43083890687,216704,44862275583,12065370296.77,14539916921.24,334149,10,10,10,0,0,0,0,0,0,3434495,5234687,5660671,3477758.72,200
1790620173,0,334349,0,558.52,200.12,1757183,3334471679,24108859391,40298872831,43083890687,216704,44862275583,12058155171.09,14538559061.98,334349,10,10,10,0,0,0,0,0,0,3481599,4939775,5885951,3520010.24,200
1790620174,0,334549,0,557.93,199.90,1757183,3319791615,24108859391,40298872831,43083890687,216704,44862275583,12050948623.88,14537199164.98,334549,10,10,10,0,0,0,0,0,0,3463167,5005311,5906431,3439367.68,200
1790620175,0,335259,0,558.18,710.12,1760255,3238002687,24058527743,40298872831,43083890687,216704,44862275583,12025936417.45,14531945817.87,335259,10,10,10,0,0,0,0,0,0,233046015,486014975,507772927,240290432.36,710
1790620176,0,336300,0,558.98,1041.07,1764351,3110076415,23991418879,40265318399,43083890687,216704,44862275583,11991546404.11,14522562118.94,336300,10,10,10,0,0,0,0,0,0,927989759,1268776959,1298137087,916079079.90,1041
1790620177,0,337338,0,559.78,1038.39,1768447,2992635903,23941087231,40265318399,43083890687,216704,44862275583,11959906292.22,14511387094.41,337338,10,10,10,0,0,0,0,0,0,1721761791,2059403263,2094006271,1708875823.35,1038
1790620178,0,338405,0,560.62,1067.12,1772543,2885681151,23873978367,40265318399,43083890687,216704,44862275583,11930081386.76,14498199363.21,338405,10,10,10,0,0,0,0,0,0,2514485247,2845835263,2877292543,2500771210.44,1067
1790620179,0,339623,0,561.70,1218.06,1776639,2980052991,23790092287,40231763967,43083890687,216704,44862275583,11899016783.39,14481444352.52,339623,10,10,10,0,0,0,0,0,0,3277848575,3602907135,3634364415,3268132460.45,1218
1790620180,0,340785,0,562.69,1160.84,1781759,3074424831,23722983423,40231763967,43050336255,216704,44862275583,11872157628.02,14464030327.93,340785,10,10,10,0,0,0,0,0,0,4020240383,4370464767,4404019199,4021910706.01,1162
1790620181,0,342001,0,563.77,1216.68,1785855,3179282431,23655874559,40231763967,43050336255,216704,44862275583,11846989225.75,14444445810.42,342001,10,10,10,0,0,0,0,0,0,4794089471,5125439487,5158993919,4793523792.84,1216
1790620182,0,343133,0,564.71,1132.18,1790975,3277848575,23588765695,40198209535,43050336255,216704,44862275583,11826208064.02,14425129019.84,343133,10,10,10,0,0,0,0,0,0,5553258495,5901385727,5930745855,5547782187.42,1132
1790620183,0,344329,0,565.74,1195.95,1795071,3370123263,23504879615,40198209535,43050336255,216704,44862275583,11807086804.53,14403702724.55,344329,10,10,10,0,0,0,0,0,0,6329204735,6660554751,6689914879,6321187863.97,1196
1790620184,0,345527,0,566.78,1198.18,1801215,3474980863,23454547967,40198209535,43050336255,216704,44862275583,11790690583.98,14381403528.90,345527,10,10,10,0,0,0,0,0,0,7092568063,7423918079,7453278207,7078091063.13,1198
1790620185,0,346690,0,567.76,1163.15,1805311,3577741311,23387439103,40164655103,43050336255,216704,44862275583,11777431716.19,14359086189.40,346690,10,10,10,0,0,0,0,0,0,7843348479,8195670015,8225030143,7838225514.54,1163
1790620186,0,347900,0,568.81,1209.97,1810431,3682598911,23303553023,40164655103,43050336255,216704,44862275583,11766384169.88,14335319646.66,347900,10,10,10,0,0,0,0,0,0,8615100415,8950644735,8984199167,8601033898.95,1210
1790620187,0,349067,0,569.78,1166.91,1815551,3772776447,23219666943,40131100671,43050336255,216704,44862275583,11758308947.20,14312021423.63,349067,10,10,10,0,0,0,0,0,0,9344909311,9714008063,9739173887,9350965355.05,1167
1790620188,0,350172,0,570.66,1104.53,1819647,3860856831,23169335295,40131100671,43050336255,216704,44862275583,11753149022.85,14289722229.19,350172,10,10,10,0,0,0,0,0,0,10125049855,10494148607,10519314431,10123140593.64,1105
1790620189,0,351236,0,571.46,1064.34,1823743,3948937215,23085449215,40131100671,43050336255,216704,44862275583,11750628949.79,14268140892.33,351236,10,10,10,0,0,0,0,0,0,10913579007,11291066367,11307843583,10921250169.26,1064
1790620190,0,352322,0,572.30,1086.25,1828863,4043309055,23035117567,40131100671,43050336255,216704,44862275583,11750509555.57,14246139981.14,352322,10,10,10,0,0,0,0,0,0,11718885375,12071206911,12096372735,11711894869.33,1086
1790620191,0,353370,0,573.07,1047.20,1832959,4125097983,22968008703,40097546239,43050336255,216704,44862275583,11752746996.01,14225064121.28,353370,10,10,10,0,0,0,0,0,0,12515803135,12859736063,12884901887,12504941169.34,1048
1790620192,0,354427,0,573.85,1057.49,1837055,4227858431,22900899839,40097546239,43050336255,216704,44862275583,11757299996.76,14204086317.90,354427,10,10,10,0,0,0,0,0,0,13279166463,13639876607,13673431039,13279432328.11,1057
1790620193,0,355482,0,574.63,1054.60,1841151,4307550207,22833790975,40097546239,43050336255,216704,44862275583,11764174195.67,14183558332.89,355482,10,10,10,0,0,0,0,0,0,14084472831,14436794367,14461960191,14073559690.31,1055
1790620194,0,356535,0,575.40,1053.62,1846271,4408213503,22766682111,40063991807,43050336255,216704,44862275583,11773358114.18,14163608353.04,356535,10,10,10,0,0,0,0,0,0,14881390591,15225323519,15258877951,14873754807.79,1053
1790620195,0,357589,0,576.17,1053.29,1850367,4500488191,22716350463,40063991807,43050336255,216704,44862275583,11784790306.14,14144287594.23,357589,10,10,10,0,0,0,0,0,0,15653142527,16005464063,16039018495,15651940744.50,1054
1790620196,0,358714,0,577.05,1125.07,1855487,4592762879,22649241599,40063991807,43016781823,216704,44862275583,11799334653.05,14124476448.20,358714,10,10,10,0,0,0,0,0,0,16416505855,16785604607,16819159039,16422355511.98,1125
1790620197,0,359793,0,577.86,1078.69,1859583,4689231871,22582132735,40030437375,43016781823,216704,44862275583,11815571834.68,14106393844.08,359793,10,10,10,0,0,0,0,0,0,17230200831,17582522367,17599299583,17213629638.35,1079
1790620198,0,360879,0,578.67,1086.77,1863679,4773117951,22515023871,40030437375,43016781823,216704,44862275583,11834173565.11,14089226907.30,360879,10,10,10,0,0,0,0,0,0,18001952767,18371051519,18387828735,17996947410.74,1086
1790620199,0,361965,0,579.49,1085.59,1867775,4861198335,22447915007,39996882943,43016781823,216704,44862275583,11855044647.13,14073224066.78,361965,10,10,10,0,0,0,0,0,0,18807259135,19142803455,19176357887,18790528265.90,1086
1790620200,0,363003,0,580.22,1037.88,1871871,4945084415,22380806143,39996882943,43016781823,216704,44862275583,11877095914.29,14059125415.51,363003,10,10,10,0,0,0,0,0,0,19579011071,19914555391,19964887039,19566678686.83,1038
1790620201,0,364051,0,580.97,1047.74,1876991,5028970495,22330474495,39996882943,43016781823,216704,44862275583,11901490452.69,14046219104.75,364051,10,10,10,0,0,0,0,0,0,20350763007,20719861759,20753416191,20351195245.44,1048
1790620202,0,365112,0,581.73,1061.62,1881087,5125439487,22263365631,39963328511,43016781823,216704,44862275583,11928350024.05,14034622264.36,365112,10,10,10,0,0,0,0,0,0,21156069375,21508390911,21541945343,21144423363.20,1061
1790620203,0,366191,0,582.52,1079.22,1886207,5217714175,22229811199,39963328511,43016781823,216704,44862275583,11957848989.62,14024437286.97,366191,10,10,10,0,0,0,0,0,0,21944598527,22296920063,22330474495,21939708412.68,1079
1790620204,0,367257,0,583.29,1066.16,1890303,5322571775,22380806143,39929774079,43016781823,216704,44862275583,11989066195.46,14016021371.09,367257,10,10,10,0,0,0,0,0,0,22716350463,23085449215,23102226431,22712762091.35,1066
1790620205,0,368317,0,584.05,1059.63,1895423,5410652159,22515023871,39929774079,43016781823,216704,44862275583,12022250922.90,14009467397.13,368317,10,10,10,0,0,0,0,0,0,23538434047,23873978367,23907532799,23519725869.40,1060
1790620206,0,369400,0,584.84,1083.48,1899519,5519704063,22666018815,39896219647,43016781823,216704,44862275583,12058227069.21,14004645491.85,369400,10,10,10,0,0,0,0,0,0,24310185983,24662507519,24696061951,24293339056.58,1083
1790620207,0,370498,0,585.65,1097.80,1904639,5637144575,22800236543,39896219647,43016781823,216704,44862275583,12096810050.67,14001779143.46,370498,10,10,10,0,0,0,0,0,0,25081937919,25434259455,25467813887,25077277582.22,1098
1790620208,0,371577,0,586.43,1078.48,1909759,5733613567,22968008703,39896219647,43016781823,216704,44862275583,12136791483.12,14001055494.60,371577,10,10,10,0,0,0,0,0,0,25887244287,26206011391,26239565823,25865281528.41,1079
1790620209,0,372660,0,587.21,1083.52,1914879,5838471167,23102226431,39862665215,43016781823,216704,44862275583,12178936546.44,14002479389.08,372660,10,10,10,0,0,0,0,0,0,26642219007,26994540543,27028094975,26638896096.80,1083
1790620210,0,373743,0,587.99,1082.07,1918975,5943328767,23269998591,39862665215,43016781823,216704,44862275583,12223102630.73,14006164467.11,373743,10,10,10,0,0,0,0,0,0,27430748159,27783069695,27816624127,27420640003.55,1083
1790620211,0,374813,0,588.74,1070.39,1924095,6035603455,23420993535,39862665215,43016781823,216704,44862275583,12268729012.59,14012134493.42,374813,10,10,10,0,0,0,0,0,0,28236054527,28571598847,28605153279,28205683063.15,1070
1790620212,0,375888,0,589.51,1075.48,1929215,6132072447,23555211263,39829110783,42983227391,216704,44862275583,12316567598.86,14020573404.41,375888,10,10,10,0,0,0,0,0,0,29007806463,29360127999,29393682431,28996124839.65,1075
1790620213,0,376951,0,590.25,1063.17,1934335,6228541439,23689428991,39829110783,42983227391,216704,44862275583,12365821493.79,14031397606.24,376951,10,10,10,0,0,0,0,0,0,29813112831,30148657151,30165434367,29782517692.57,1063
1790620214,0,378036,0,591.02,1084.78,1938431,6333399039,23857201151,39795556351,42983227391,216704,44862275583,12418056019.20,14045038966.39,378036,10,10,10,0,0,0,0,0,0,30568087551,30937186303,30953963519,30565389280.86,1085
1790620215,0,379147,0,591.83,1110.88,1943551,6434062335,23991418879,39795556351,42983227391,216704,44862275583,12473510893.31,14061708328.59,379147,10,10,10,0,0,0,0,0,0,31339839487,31708938239,31725715455,31342942744.42,1111
1790620216,0,380179,0,592.52,1032.38,1949695,6530531327,24142413823,39795556351,42983227391,216704,44862275583,12526879088.60,14079823482.67,380179,10,10,10,0,0,0,0,0,0,32145145855,32497467391,32531021823,32133847246.39,1032
1790620217,0,381231,0,593.23,1051.15,1953791,6618611711,24276631551,39762001919,42983227391,216704,44862275583,12583140969.05,14101009212.69,381231,10,10,10,0,0,0,0,0,0,32916897791,33285996543,33319550975,32915446530.92,1052
1790620218,0,382326,0,594.02,1095.79,1958911,6723469311,24427626495,39728447487,42983227391,216704,44862275583,12643647201.52,14125994552.30,382326,10,10,10,0,0,0,0,0,0,33722204159,34074525695,34108080127,33709265019.44,1095
1790620219,0,383448,0,594.83,1122.13,1965055,6824132607,24578621439,39728447487,42983227391,216704,44862275583,12707527719.76,14154522619.74,383448,10,10,10,0,0,0,0,0,0,34493956095,34863054847,34863054847,34475070513.28,1122
1790620220,0,384489,0,595.52,1040.10,1970175,6832521215,24628953087,39728447487,42983227391,216704,44862275583,12731003099.89,14163661402.03,384489,10,10,10,0,0,0,0,0,0,34930163711,35265708031,35299262463,21378061275.60,1041
1790620221,0,385578,0,596.29,1089.48,1975295,6731857919,24595398655,39694893055,42983227391,216704,44862275583,12711439498.02,14148427252.52,385578,10,10,10,0,0,0,0,0,0,5800722431,6165626879,6194987007,5804194576.22,1089
1790620222,0,386680,0,597.07,1102.32,1980415,6702497791,24545067007,39694893055,42983227391,216704,44862275583,12693993610.47,14132025596.82,386680,10,10,10,0,0,0,0,0,0,6597640191,6949961727,6975127551,6589864363.44,1102
1790620223,0,387764,0,597.82,1083.83,1985535,6782189567,24494735359,39661338623,42983227391,216704,44862275583,12679119998.16,14115059328.68,387764,10,10,10,0,0,0,0,0,0,7369392127,7725907967,7759462399,7373466484.19,1084
1790620224,0,388795,0,598.49,1030.77,1990655,6861881343,24444403711,39661338623,42983227391,216704,44862275583,12667148996.97,14098248353.76,388795,10,10,10,0,0,0,0,0,0,8162115583,8522825727,8552185855,8164798555.38,1031
1790620225,0,389864,0,599.21,1068.68,1994751,6945767423,24394072063,39661338623,42983227391,216704,44862275583,12656946511.09,14080255910.58,389864,10,10,10,0,0,0,0,0,0,8942256127,9302966271,9336520703,8946305259.64,1069
1790620226,0,390932,0,599.93,1068.31,1999871,7025459199,24343740415,39627784191,42983227391,216704,44862275583,12649011100.99,14061831757.18,390932,10,10,10,0,0,0,0,0,0,9764339711,10091495423,10125049855,9752259488.12,1068
1790620227,0,392020,0,600.68,1088.49,2004991,7105150975,24293408767,39627784191,42983227391,216704,44862275583,12643110208.19,14042755269.08,392020,10,10,10,0,0,0,0,0,0,10527703039,10880024575,10913579007,10522845665.88,1088
1790620228,0,393115,0,601.43,1094.49,2010111,7189037055,24243077119,39594229759,42949672959,216704,44862275583,12639359134.34,14023368440.01,393115,10,10,10,0,0,0,0,0,0,11299454975,11643387903,11693719551,11296440439.70,1095
1790620229,0,394200,0,602.17,1085.07,2015231,7272923135,24192745471,39594229759,42949672959,216704,44862275583,12637827128.32,14004091257.14,394200,10,10,10,0,0,0,0,0,0,12087984127,12440305663,12473860095,12082753811.58,1085
1790620230,0,395328,0,602.97,1128.52,2021375,7356809215,24142413823,39560675327,42949672959,216704,44862275583,12638494597.53,13984108561.30,395328,10,10,10,0,0,0,0,0,0,12884901887,13220446207,13245612031,12871753786.10,1128
1790620231,0,396403,0,603.69,1074.92,2026495,7432306687,24092082175,39560675327,42949672959,216704,44862275583,12641258682.01,13965239435.53,396403,10,10,10,0,0,0,0,0,0,13673431039,14000586751,14034141183,13657742392.20,1075
1790620232,0,397453,0,604.37,1049.84,2032639,7499415551,24041750527,39560675327,42949672959,216704,44862275583,12645971859.24,13947086131.40,397453,10,10,10,0,0,0,0,0,0,14420017151,14797504511,14831058943,14425321947.92,1050
1790620233,0,398539,0,605.10,1085.65,2037759,7587495935,23991418879,39527120895,42949672959,216704,44862275583,12652986705.35,13928721937.52,398539,10,10,10,0,0,0,0,0,0,15225323519,15569256447,15602810879,15220271816.84,1086
1790620234,0,399632,0,605.84,1093.15,2043903,7667187711,23957864447,39527120895,42949672959,216704,44862275583,12662139171.04,13910764037.41,399632,10,10,10,0,0,0,0,0,0,16005464063,16357785599,16382951423,15999389422.43,1093
1790620235,0,400806,0,606.70,1174.37,2049023,7759462399,23890755583,39493566463,42949672959,216704,44862275583,12674246966.39,13892177308.87,400806,10,10,10,0,0,0,0,0,0,16802381823,17129537535,17154703359,16795765255.85,1174
1790620236,0,402035,0,607.64,1228.55,2055167,7851737087,23840423935,39493566463,42949672959,216704,44862275583,12689115505.73,13873531152.40,402035,10,10,10,0,0,0,0,0,0,17548967935,17884512255,17901289471,17538098238.49,1229
1790620237,0,403308,0,608.65,1272.49,2062335,7956594687,23773315071,39460012031,42949672959,216704,44862275583,12706788021.05,13855184259.20,403308,10,10,10,0,0,0,0,0,0,18303942655,18639486975,18656264191,18288068220.28,1273
1790620238,0,404497,0,609.52,1189.30,2068479,8044675071,23722983423,39460012031,42949672959,216704,44862275583,12725407526.56,13839060201.63,404497,10,10,10,0,0,0,0,0,0,19075694591,19377684479,19411238911,19041131269.38,1189
1790620239,0,405695,0,610.41,1197.91,2073599,8136949759,23672651775,39460012031,42949672959,216704,44862275583,12746278438.37,13823937741.13,405695,10,10,10,0,0,0,0,0,0,19797114879,20149436415,20182990847,19793207665.26,1198
1790620240,0,406915,0,611.32,1220.07,2080767,8225030143,23622320127,39426457599,42949672959,216704,44862275583,12769710647.93,13809816423.11,406915,10,10,10,0,0,0,0,0,0,20585644031,20921188351,20937965567,20561784630.56,1220
1790620241,0,408042,0,612.10,1127.68,2086911,8308916223,23571988479,39426457599,42916118527,216704,44862275583,12793348891.22,13798049945.39,408042,10,10,10,0,0,0,0,0,0,21340618751,21676163071,21709717503,21328180984.50,1127
1790620242,0,409264,0,613.01,1222.03,2093055,8401190911,23521656831,39426457599,42916118527,216704,44862275583,12821174973.50,13786819773.15,409264,10,10,10,0,0,0,0,0,0,22145925119,22431137791,22464692223,22112672732.81,1222
1790620243,0,410647,0,614.16,1382.95,2101247,8506048511,23454547967,39392903167,42916118527,216704,44862275583,12854921823.57,13775827323.86,410647,10,10,10,0,0,0,0,0,0,22850568191,23169335295,23186112511,22841451722.13,1383
1790620244,0,412163,0,615.51,1515.14,2109439,8615100415,23521656831,39392903167,42916118527,216704,44862275583,12894209474.81,13765669574.08,412163,10,10,10,0,0,0,0,0,0,23538434047,23857201151,23890755583,23536264962.03,1516
1790620245,0,413691,0,616.87,1528.22,2117631,8724152319,23672651775,39359348735,42916118527,216704,44862275583,12936077155.74,13757424176.80,413691,10,10,10,0,0,0,0,0,0,24226299903,24561844223,24578621439,24229473081.63,1528
1790620246,0,415187,0,618.18,1495.93,2125823,8833204223,23823646719,39359348735,42916118527,216704,44862275583,12979273728.83,13751396157.48,415187,10,10,10,0,0,0,0,0,0,24930942975,25249710079,25283264511,24924483299.25,1496
1790620247,0,416696,0,619.50,1508.75,2134015,8942256127,23974641663,39325794303,42916118527,216704,44862275583,13025079123.74,13747491638.29,416696,10,10,10,0,0,0,0,0,0,25635586047,25954353151,25987907583,25627997943.35,1509
1790620248,0,418190,0,620.80,1494.72,2142207,9059696639,24108859391,39325794303,42916118527,216704,44862275583,13072587996.22,13745836543.68,418190,10,10,10,0,0,0,0,0,0,26323451903,26658996223,26675773439,26323429444.54,1494
1790620249,0,419632,0,622.02,1442.13,2150399,9168748543,24243077119,39292239871,42916118527,216704,44862275583,13120572428.34,13746512986.11,419632,10,10,10,0,0,0,0,0,0,27044872191,27363639295,27397193727,27036390506.52,1442
1790620250,0,421093,0,623.26,1459.97,2158591,9277800447,24394072063,39292239871,42916118527,216704,44862275583,13171298542.58,13749552590.17,421093,10,10,10,0,0,0,0,0,0,27749515263,28068282367,28101836799,27740977372.08,1461
1790620251,0,422601,0,624.57,1508.21,2166783,9378463743,24545067007,39258685439,42882564095,216704,44862275583,13225798186.61,13755185735.76,422601,10,10,10,0,0,0,0,0,0,28454158335,28772925439,28806479871,28444245537.95,1508
1790620252,0,424061,0,625.80,1460.44,2174975,9495904255,24679284735,39225131007,42882564095,216704,44862275583,13280637439.94,13763151638.67,424061,10,10,10,0,0,0,0,0,0,29175578623,29477568511,29511122943,29154009559.32,1460
1790620253,0,425554,0,627.08,1492.88,2185215,9613344767,24830279679,39225131007,42882564095,216704,44862275583,13338806625.39,13773924064.77,425554,10,10,10,0,0,0,0,0,0,29880221695,30182211583,30215766015,29860764395.60,1493
1790620254,0,427105,0,628.44,1551.18,2193407,9730785279,24964497407,39191576575,42882564095,216704,44862275583,13401312373.99,13787825867.27,427105,10,10,10,0,0,0,0,0,0,30551310335,30870077439,30903631871,30551261659.36,1551
1790620255,0,428635,0,629.76,1529.80,2201599,9848225791,25115492351,39191576575,42882564095,216704,44862275583,13465104227.01,13804408781.00,428635,10,10,10,0,0,0,0,0,0,31289507839,31574720511,31591497727,31272829313.51,1530
1790620256,0,430645,0,631.79,2009.26,2213887,9990832127,25316818943,39158022143,42882564095,216704,44862275583,13551140132.20,13829350384.50,430645,10,10,10,0,0,0,0,0,0,31910264831,32178700287,32195477503,31898403924.57,2010
1790620257,0,432642,0,633.79,1996.80,2226175,10150215679,25518145535,39124467711,42882564095,216704,44862275583,13638585841.55,13857030029.06,432642,10,10,10,0,0,0,0,0,0,32514244607,32765902847,32799457279,32495900566.37,1997
1790620258,0,434634,0,635.77,1993.70,2238463,10301210623,25702694911,39124467711,42882564095,216704,44862275583,13727772707.79,13887583216.53,434634,10,10,10,0,0,0,0,0,0,33118224383,33369882623,33386659839,33098246695.07,1992
1790620259,0,436565,0,637.67,1930.74,2250751,10443816959,25904021503,39090913279,42849009663,216704,44862275583,13816110831.03,13920075036.85,436565,10,10,10,0,0,0,0,0,0,33705426943,33973862399,34007416831,33699462387.41,1931
1790620260,0,438523,0,639.59,1958.10,2263039,10586423295,26088570879,39057358847,42849009663,216704,44862275583,13907613154.40,13956011809.32,438523,10,10,10,0,0,0,0,0,0,34326183935,34594619391,34628173823,34309406720.00,1958
1790620261,0,440522,0,641.57,1998.20,2275327,10720641023,26289897471,39023804415,42849009663,216704,44862275583,14002947590.03,13995726472.77,440522,10,10,10,0,0,0,0,0,0,34930163711,35198599167,35232153599,34916575761.67,1999
1790620262,0,442512,0,643.53,1989.71,2287615,10880024575,26474446847,39023804415,42849009663,216704,44862275583,14099706202.89,14038237245.80,442512,10,10,10,0,0,0,0,0,0,35534143487,35802578943,35836133375,35518951255.22,1990
1790620263,0,444741,0,645.83,2229.18,2301951,11047796735,26692550655,38990249983,42849009663,216704,44862275583,14210051991.72,14089066537.82,444741,10,10,10,0,0,0,0,0,0,36138123263,36373004287,36373004287,36116438580.60,2229
1790620264,0,447166,0,648.41,2426.25,2316287,11232346111,26944208895,38956695551,42849009663,216704,44862275583,14331628301.72,14146950389.54,447166,10,10,10,0,0,0,0,0,0,36641439743,36876320767,36909875199,36628523017.29,2425
1790620265,0,449560,0,650.94,2394.01,2332671,11400118271,27179089919,38956695551,42815455231,216704,44862275583,14453122257.03,14206606579.44,449560,10,10,10,0,0,0,0,0,0,37178310655,37413191679,37413191679,37146508230.68,2394
1790620266,0,452013,0,653.55,2451.22,2347007,11576279039,27430748159,38923141119,42815455231,216704,44862275583,14579034358.62,14270179818.15,452013,10,10,10,0,0,0,0,0,0,37681627135,37916508159,37916508159,37654877975.06,2453
1790620267,0,454426,0,656.09,2414.06,2363391,11769217023,27648851967,38889586687,42815455231,216704,44862275583,14704297268.53,14335135236.31,454426,10,10,10,0,0,0,0,0,0,38184943615,38419824639,38453379071,38169056364.21,2413
1790620268,0,456860,0,658.65,2434.95,2379775,11945377791,27900510207,38923141119,42815455231,216704,44862275583,14832082333.45,14403125442.39,456860,10,10,10,0,0,0,0,0,0,38721814527,38923141119,38956695551,38689459453.27,2434
1790620269,0,459220,0,661.10,2359.07,2394111,12113149951,28152168447,39158022143,42815455231,216704,44862275583,14957344810.22,14471403022.63,459220,10,10,10,0,0,0,0,0,0,39225131007,39460012031,39493566463,39206249531.01,2360
1790620270,0,461700,0,663.71,2478.91,2412543,12306087935,28403826687,39426457599,42815455231,216704,44862275583,15090360424.86,14545547529.66,461700,10,10,10,0,0,0,0,0,0,39728447487,39963328511,39996882943,39720775970.68,2480
1790620271,0,464105,0,666.21,2406.85,2430975,12490637311,28621930495,39694893055,42815455231,216704,44862275583,15220647545.75,14619692905.84,464105,10,10,10,0,0,0,0,0,0,40231763967,40466644991,40500199423,40232524349.10,2405
1790620272,0,466486,0,668.67,2381.12,2445311,12675186687,28873588735,39929774079,42815455231,216704,44862275583,15350971228.27,14695413608.80,466486,10,10,10,0,0,0,0,0,0,40768634879,41003515903,41037070335,40753689699.35,2381
1790620273,0,468880,0,671.14,2392.49,2463743,12851347455,29108469759,40198209535,42781900799,216704,44862275583,15483344632.08,14773865202.81,468880,10,10,10,0,0,0,0,0,0,41305505791,41540386815,41540386815,41277137299.78,2394
1790620274,0,471264,0,673.59,2383.92,2480127,13027508223,29343350783,40433090559,42781900799,216704,44862275583,15616486152.85,14854275318.18,471264,10,10,10,0,0,0,0,0,0,41808822271,42043703295,42077257727,41802474516.62,2384
1790620275,0,473745,0,676.17,2482.57,2500607,13212057599,29595009023,40701526015,42781900799,216704,44862275583,15756302367.22,14940124007.04,473745,10,10,10,0,0,0,0,0,0,42345693183,42580574207,42580574207,42314282394.67,2481
1790620276,0,476175,0,678.67,2428.86,2519039,13396606975,29829890047,40936407039,42949672959,216704,44862275583,15894440377.61,15026261713.09,476175,10,10,10,0,0,0,0,0,0,42849009663,43083890687,43083890687,42825383477.52,2430
1790620277,0,478616,0,681.18,2439.92,2537471,13581156351,30047993855,41171288063,43218108415,216704,44862275583,16034398777.79,15114836283.85,478616,10,10,10,0,0,0,0,0,0,43352326143,43587207167,43620761599,43336607384.07,2441
1790620278,0,480981,0,683.57,2366.23,2557951,13748928511,30282874879,41439723519,43587207167,216704,44862275583,16171186493.77,15202686031.21,480981,10,10,10,0,0,0,0,0,0,43855642623,44124078079,44124078079,43853549905.73,2365
1790620279,0,483434,0,686.08,2453.98,2578431,13933477887,30500978687,41674604543,43956305919,216704,44862275583,16314324557.63,15295959864.26,483434,10,10,10,0,0,0,0,0,0,44392513535,44627394559,44627394559,44380647058.32,2453
1790620280,0,485874,0,688.57,2439.16,2596863,14109638655,30735859711,41741713407,43989860351,216704,44862275583,16428432660.38,15343522691.39,485874,10,10,10,0,0,0,0,0,0,39057358847,44090523647,44560285695,39036521408.21,2440
1790620281,0,488303,0,691.03,2428.91,2617343,14294188031,30735859711,41708158975,43956305919,216704,44862275583,16485311857.27,15328116746.34,488303,10,10,10,0,0,0,0,0,0,27883732991,32883343359,33336328191,27862884072.08,2429
1790620282,0,490753,0,693.52,2450.93,2639871,14378074111,30651973631,41708158975,43956305919,216704,44862275583,16486268713.90,15291538846.57,490753,10,10,10,0,0,0,0,0,0,16684941311,21743271935,22196256767,16676977270.28,2450
1790620283,0,492271,0,694.68,1517.85,2650111,14260633599,30618419199,41708158975,43956305919,216704,44862275583,16452525569.84,15281673747.86,492271,10,10,10,0,0,0,0,0,0,7558135807,10712252415,10989076479,5543731646.57,1518
1790620284,0,492471,0,693.98,199.86,2646015,14252244991,30618419199,41708158975,43956305919,216704,44862275583,16445844690.16,15282165197.13,492471,10,10,10,0,0,0,0,0,0,1762303,2936831,3180543,1828078.08,200
1790620285,0,492671,0,693.29,200.15,2641919,14235467775,30601641983,41708158975,43956305919,216704,44862275583,16439169258.05,15282653289.46,492671,10,10,10,0,0,0,0,0,0,1884159,3084287,3319807,1885619.20,200
1790620286,0,492871,0,692.59,199.89,2637823,14218690559,30601641983,41708158975,43956305919,216704,44862275583,16432499281.91,15283138016.66,492871,10,10,10,0,0,0,0,0,0,1850367,3731455,5292031,1980216.32,200
1790620287,0,493071,0,691.90,200.01,2633727,14201913343,30584864767,41708158975,43956305919,216704,44862275583,16425834663.00,15283619485.69,493071,10,10,10,0,0,0,0,0,0,1827839,3080191,3309567,1847735.04,200
1790620288,0,493271,0,691.21,200.04,2631679,14185136127,30584864767,41708158975,43956305919,216704,44862275583,16419175449.30,15284097645.74,493271,10,10,10,0,0,0,0,0,0,1821695,3119103,3731455,1849655.68,200
1790620289,0,493471,0,690.53,200.01,2627583,14168358911,30568087551,41708158975,43956305919,216704,44862275583,16412521611.32,15284572529.26,493471,10,10,10,0,0,0,0,0,0,1759231,3039231,3264511,1795036.80,200
1790620290,0,493671,0,689.84,200.01,2623487,14159970303,30568087551,41708158975,43956305919,216704,44862275583,16405873155.02,15285044130.58,493671,10,10,10,0,0,0,0,0,0,1700863,3026943,3178495,1771266.56,200
1790620291,0,493871,0,689.16,199.98,2619391,14143193087,30568087551,41708158975,43956305919,216704,44862275583,16399230139.17,15285512387.45,493871,10,10,10,0,0,0,0,0,0,1899519,3110911,3975167,1908745.60,200
1790620292,0,494071,0,688.48,200.01,2615295,14134804479,30551310335,41708158975,43956305919,216704,44862275583,16392592475.94,15285977394.87,494071,10,10,10,0,0,0,0,0,0,1791999,3166207,3418111,1845578.24,200
1790620293,0,494271,0,687.80,200.04,2611199,14118027263,30551310335,41708158975,43956305919,216704,44862275583,16385960186.16,15286439131.24,494271,10,10,10,0,0,0,0,0,0,1856511,3084287,3391487,1849968.64,200
1790620294,0,494471,0,687.12,199.95,2609151,14101250047,30534533119,41708158975,43956305919,216704,44862275583,16379333268.27,15286897599.00,494471,10,10,10,0,0,0,0,0,0,1899519,3012607,3246079,1866604.80,200
1790620295,0,495189,0,687.16,718.10,2611199,14050918399,30517755903,41674604543,43956305919,216704,44862275583,16355949388.33,15288133245.33,495189,10,10,10,0,0,0,0,0,0,247332863,544210943,563609599,251979341.01,718
1790620296,0,496201,0,687.61,1011.87,2621439,13975420927,30484201471,41674604543,43956305919,216704,44862275583,16324637786.91,15288237288.63,496201,10,10,10,0,0,0,0,0,0,994574335,1411383295,1442840575,1003332846.80,1012
1790620297,0,497216,0,688.06,1014.90,2629631,13908312063,30450647039,41674604543,43956305919,216704,44862275583,16295234858.69,15286459642.24,497216,10,10,10,0,0,0,0,0,0,1923088383,2319450111,2357198847,1921084725.72,1015
1790620298,0,498261,0,688.56,1045.18,2637823,13832814591,30433869823,41674604543,43956305919,216704,44862275583,16266957263.22,15282878274.07,498261,10,10,10,0,0,0,0,0,0,2812280831,3219128319,3256877055,2812342040.74,1045
1790620299,0,499286,0,689.02,1024.86,2648063,13757317119,30400315391,41674604543,43956305919,216704,44862275583,16241184918.06,15277757817.10,499286,10,10,10,0,0,0,0,0,0,3705667583,4116709375,4148166655,3713034214.03,1025
1790620300,0,500339,0,689.52,1053.31,2656255,13673431039,30366760959,41674604543,43956305919,216704,44862275583,16216691139.75,15270994251.32,500339,10,10,10,0,0,0,0,0,0,4601151487,5012193279,5049942015,4602825425.57,1053
1790620301,0,501372,0,690.00,1032.81,2664447,13606322175,30333206527,41641050111,43956305919,216704,44862275583,16194628053.88,15262984673.14,501372,10,10,10,0,0,0,0,0,0,5494538239,5918162943,5947523071,5508256009.67,1033
1790620302,0,502444,0,690.52,1072.09,2674687,13530824703,30299652095,41641050111,43956305919,216704,44862275583,16173727628.58,15253396654.55,502444,10,10,10,0,0,0,0,0,0,6400507903,6794772479,6840909823,6398645507.82,1072
1790620303,0,503473,0,690.99,1028.40,2682879,13463715839,30266097663,41641050111,43956305919,216704,44862275583,16155589818.55,15243075744.18,503473,10,10,10,0,0,0,0,0,0,7310671871,7696547839,7734296575,7299191544.29,1029
1790620304,0,504694,0,691.71,1221.69,2693119,13371441151,30232543231,41641050111,43956305919,216704,44862275583,16136307326.11,15229665348.93,504694,10,10,10,0,0,0,0,0,0,8191475711,8589934591,8615100415,8185271852.03,1221
1790620305,0,505864,0,692.37,1169.78,2703359,13287555071,30198988799,41641050111,43956305919,216704,44862275583,16119955401.73,15215838851.33,505864,10,10,10,0,0,0,0,0,0,9076473855,9462349823,9495904255,9066350168.40,1170
1790620306,0,506926,0,692.87,1062.40,2711551,13203668991,30165434367,41641050111,43956305919,216704,44862275583,16107018252.90,15202519119.97,506926,10,10,10,0,0,0,0,0,0,9940500479,10351542271,10393485311,9944647390.73,1062
1790620307,0,508007,0,693.40,1080.51,2723839,13128171519,30131879935,41607495679,43922751487,216704,44862275583,16095814838.30,15188278135.55,508007,10,10,10,0,0,0,0,0,0,10846470143,11257511935,11282677759,10842066318.80,1081
1790620308,0,509101,0,693.95,1094.01,2734079,13044285439,30098325503,41607495679,43922751487,216704,44862275583,16086462422.28,15173293855.16,509101,10,10,10,0,0,0,0,0,0,11760828415,12155092991,12180258815,11743598797.92,1094
1790620309,0,510166,0,694.45,1065.10,2742271,12985565183,30064771071,41607495679,43922751487,216704,44862275583,16079216778.59,15158280672.25,510166,10,10,10,0,0,0,0,0,0,12633243647,13035896831,13069451263,12615588188.06,1065
1790620310,0,511225,0,694.95,1059.25,2752511,13052674047,30031216639,41607495679,43922751487,216704,44862275583,16073897439.77,15143027121.08,511225,10,10,10,0,0,0,0,0,0,13514047487,13925089279,13967032319,13511342379.75,1059
1790620311,0,512310,0,695.48,1084.66,2762751,13119782911,29997662207,41607495679,43922751487,216704,44862275583,16070370137.19,15127181429.64,512310,10,10,10,0,0,0,0,0,0,14411628543,14814281727,14847836159,14408392938.06,1085
1790620312,0,513373,0,695.98,1062.36,2770943,13086228479,29964107775,41607495679,43922751487,216704,44862275583,16053781762.81,15117179615.30,513373,10,10,10,0,0,0,0,0,0,5477761023,15065939967,15099494399,8059059206.74,1063
1790620313,0,514453,0,696.50,1080.10,2783231,13019119615,29930553343,41573941247,43922751487,216704,44862275583,16032940776.07,15108142424.20,514453,10,10,10,0,0,0,0,0,0,6119489535,6534725631,6564085759,6126274211.08,1080
1790620314,0,515539,0,697.02,1086.42,2793471,12952010751,29896998911,41573941247,43922751487,216704,44862275583,16013944128.82,15097888198.18,515539,10,10,10,0,0,0,0,0,0,7012876287,7423918079,7449083903,7014973440.00,1086
1790620315,0,516618,0,697.54,1078.97,2805759,12884901887,29880221695,41573941247,43922751487,216704,44862275583,15996997368.27,15086666538.71,516618,10,10,10,0,0,0,0,0,0,7885291519,8317304831,8350859263,7899948260.72,1079
1790620316,0,517696,0,698.05,1078.59,2815999,12826181631,29846667263,41573941247,43922751487,216704,44862275583,15981985488.83,15074538142.83,517696,10,10,10,0,0,0,0,0,0,8774483967,9202302975,9244246015,8787730264.82,1078
1790620317,0,518745,0,698.52,1048.11,2826239,12759072767,29813112831,41573941247,43922751487,216704,44862275583,15969253658.54,15061949091.40,518745,10,10,10,0,0,0,0,0,0,9697230847,10108272639,10133438463,9685919421.86,1049
1790620318,0,519798,0,699.00,1052.95,2836479,12691963903,29779558399,41573941247,43922751487,216704,44862275583,15958348295.42,15048636402.04,519798,10,10,10,0,0,0,0,0,0,10594811903,10997465087,11039408127,10585981161.39,1053
1790620319,0,520849,0,699.47,1051.92,2846719,12633243647,29746003967,41573941247,43922751487,216704,44862275583,15949288107.65,15034800434.36,520849,10,10,10,0,0,0,0,0,0,11467227135,11886657535,11920211967,11468348543.63,1051
1790620320,0,521929,0,699.98,1080.02,2856959,12599689215,29712449535,41540386815,43922751487,216704,44862275583,15941885993.22,15020121262.94,521929,10,10,10,0,0,0,0,0,0,12373196799,12784238591,12809404415,12372086086.16,1080
1790620321,0,523010,0,700.49,1080.15,2867199,12658409471,29678895103,41540386815,43922751487,216704,44862275583,15936329560.96,15005092270.29,523010,10,10,10,0,0,0,0,0,0,13245612031,13673431039,13715374079,13253569957.54,1081
1790620322,0,524089,0,701.00,1079.34,2877439,12717129727,29645340671,41540386815,43922751487,216704,44862275583,15932684322.19,14989857363.72,524089,10,10,10,0,0,0,0,0,0,14168358911,14571012095,14604566527,14165773914.63,1079
1790620323,0,525135,0,701.46,1045.50,2887679,12767461375,29611786239,41540386815,43922751487,216704,44862275583,15930922817.83,14974977440.26,525135,10,10,10,0,0,0,0,0,0,15040774143,15460204543,15493758975,15048336722.72,1046
1790620324,0,526237,0,702.00,1102.76,2897919,12826181631,29578231807,41540386815,43922751487,216704,44862275583,15930957622.56,14959294086.89,526237,10,10,10,0,0,0,0,0,0,15963521023,16349396991,16382951423,15947543085.53,1102
1790620325,0,527398,0,702.61,1161.22,2910207,12884901887,29527900159,41540386815,43922751487,216704,44862275583,15932948991.48,14942884325.71,527398,10,10,10,0,0,0,0,0,0,16844324863,17230200831,17280532479,16835560538.85,1161
1790620326,0,528477,0,703.11,1079.06,2920447,12943622143,29494345727,41506832383,43889197055,216704,44862275583,15936606939.04,14927845570.34,528477,10,10,10,0,0,0,0,0,0,17733517311,18119393279,18169724927,17724553396.32,1079
1790620327,0,529592,0,703.66,1114.83,2932735,13002342399,29460791295,41506832383,43889197055,216704,44862275583,15942220253.53,14912628111.81,529592,10,10,10,0,0,0,0,0,0,18605932543,19025362943,19058917375,18602765186.18,1115
1790620328,0,530663,0,704.14,1070.32,2945023,13061062655,29427236863,41506832383,43889197055,216704,44862275583,15949434256.54,14898439885.45,530663,10,10,10,0,0,0,0,0,0,19511902207,19914555391,19948109823,19516640870.78,1071
1790620329,0,531721,0,704.61,1058.72,2955263,13119782911,29393682431,41506832383,43889197055,216704,44862275583,15958310884.47,14884942016.21,531721,10,10,10,0,0,0,0,0,0,20434649087,20803747839,20837302271,20410577430.26,1058
1790620330,0,532828,0,705.14,1106.93,2967551,13178503167,29360127999,41506832383,43889197055,216704,44862275583,15969368018.37,14871450720.28,532828,10,10,10,0,0,0,0,0,0,21290287103,21692940287,21726494719,21280398094.57,1107
1790620331,0,533889,0,705.61,1061.16,2979839,13153337343,29326573567,41473277951,43889197055,216704,44862275583,15958887238.62,14862526025.39,533889,10,10,10,0,0,0,0,0,0,5473566719,21961375743,22011707391,10695500895.55,1061
1790620332,0,534942,0,706.07,1052.62,2990079,13103005695,29293019135,41473277951,43889197055,216704,44862275583,15939462611.06,14854336276.79,534942,10,10,10,0,0,0,0,0,0,6106906623,6496976895,6534725631,6090844391.45,1053
1790620333,0,535989,0,706.52,1046.77,3002367,13044285439,29259464703,41473277951,43889197055,216704,44862275583,15921970471.16,14845091756.51,535989,10,10,10,0,0,0,0,0,0,6991904767,7394557951,7428112383,6984739999.42,1047
1790620334,0,537043,0,706.98,1054.43,3014655,12985565183,29225910271,41473277951,43889197055,216704,44862275583,15906204519.84,14834782434.83,537043,10,10,10,0,0,0,0,0,0,7897874431,8287944703,8317304831,7888769529.20,1054
1790620335,0,538132,0,707.48,1088.90,3028991,12926844927,29192355839,41473277951,43889197055,216704,44862275583,15891773203.83,14823234005.24,538132,10,10,10,0,0,0,0,0,0,8766095359,9185525759,9219080191,8774934595.70,1089
1790620336,0,539218,0,707.98,1085.68,3041279,12876513279,29158801407,41473277951,43889197055,216704,44862275583,15879233782.40,14810934546.77,539218,10,10,10,0,0,0,0,0,0,9655287807,10074718207,10108272639,9665731084.26,1086
1790620337,0,540352,0,708.54,1134.76,3055615,12817793023,29108469759,41439723519,43889197055,216704,44862275583,15868069006.89,14797392532.46,540352,10,10,10,0,0,0,0,0,0,10561257471,10947133439,10989076479,10559208402.85,1134
1790620338,0,541457,0,709.06,1104.02,3067903,12759072767,29074915327,41439723519,43889197055,216704,44862275583,15859027430.42,14783642320.36,541457,10,10,10,0,0,0,0,0,0,11442061311,11844714495,11886657535,11437639262.99,1105
1790620339,0,542553,0,709.56,1096.28,3084287,12708741119,29041360895,41439723519,43889197055,216704,44862275583,15851901574.09,14769556658.75,542553,10,10,10,0,0,0,0,0,0,12331253759,12742295551,12775849983,12331513990.54,1096
1790620340,0,543601,0,710.00,1048.37,3096575,12759072767,29007806463,41439723519,43889197055,216704,44862275583,15846846610.17,14755765207.17,543601,10,10,10,0,0,0,0,0,0,13237223423,13631487999,13665042431,13229875387.60,1048
1790620341,0,544718,0,710.54,1116.90,3110911,12809404415,28974252031,41439723519,43889197055,216704,44862275583,15843309304.64,14740839356.23,544718,10,10,10,0,0,0,0,0,0,14143193087,14520680447,14554234879,14121838560.83,1117
1790620342,0,545798,0,711.02,1079.68,3125247,12859736063,28940697599,41406169087,43889197055,216704,44862275583,15841663203.85,14726298862.95,545798,10,10,10,0,0,0,0,0,0,15032385535,15418261503,15443427327,15011421783.23,1080
1790620343,0,546866,0,711.48,1068.60,3139583,12910067711,28907143167,41406169087,43889197055,216704,44862275583,15841762087.77,14711916381.87,546866,10,10,10,0,0,0,0,0,0,15888023551,16290676735,16341008383,15892296401.02,1068
1790620344,0,547931,0,711.94,1065.07,3158015,12960399359,28873588735,41406169087,43889197055,216704,44862275583,15843595126.21,14697674877.19,547931,10,10,10,0,0,0,0,0,0,16785604607,17196646399,17230200831,16784840575.16,1065
1790620345,0,549006,0,712.41,1074.53,3174399,13010731007,28840034303,41406169087,43855642623,216704,44862275583,15847196573.00,14683507847.37,549006,10,10,10,0,0,0,0,0,0,17699962879,18102616063,18119393279,17682865726.39,1075
1790620346,0,550067,0,712.86,1060.57,3192831,13061062655,28789702655,41406169087,43855642623,216704,44862275583,15852443829.25,14669829735.83,550067,10,10,10,0,0,0,0,0,0,18572378111,18975031295,19025362943,18567594786.99,1061
1790620347,0,551189,0,713.39,1122.06,3211263,13119782911,28756148223,41372614655,43855642623,216704,44862275583,15859796470.49,14655800000.45,551189,10,10,10,0,0,0,0,0,0,19478347775,19864223743,19914555391,19464471433.35,1122
1790620348,0,552247,0,713.84,1058.74,3231743,13161725951,28722593791,41372614655,43855642623,216704,44862275583,15868399182.40,14643075493.45,552247,10,10,10,0,0,0,0,0,0,20350763007,20770193407,20803747839,20350176281.16,1058
1790620349,0,553330,0,714.31,1082.70,3252223,13212057599,28689039359,41372614655,43855642623,216704,44862275583,15878951375.69,14630683364.28,553330,10,10,10,0,0,0,0,0,0,21256732671,21659385855,21709717503,21259761246.08,1083
1790620350,0,554465,0,714.86,1135.22,3276799,13270777855,28655484927,41372614655,43855642623,216704,44862275583,15891794585.28,14618456239.65,554465,10,10,10,0,0,0,0,0,0,22162702335,22548578303,22582132735,22153057284.51,1135
1790620351,0,555532,0,715.31,1066.32,3301375,13321109503,28621930495,41372614655,43855642623,216704,44862275583,15905539865.46,14607775936.31,555532,10,10,10,0,0,0,0,0,0,23068671999,23437770751,23471325183,23048254741.35,1067
1790620352,0,556601,0,715.77,1069.07,3327999,13371441151,28588376063,41339060223,43855642623,216704,44862275583,15920990411.97,14597995539.70,556601,10,10,10,0,0,0,0,0,0,23974641663,24343740415,24360517631,23950244861.13,1069
1790620353,0,557706,0,716.27,1105.86,3356671,13430161407,28554821631,41339060223,43855642623,216704,44862275583,15938633710.45,14588905860.90,557706,10,10,10,0,0,0,0,0,0,24847056895,25232932863,25249710079,24825762737.23,1105
1790620354,0,558785,0,716.73,1078.59,3385343,13480493055,28521267199,41339060223,43855642623,216704,44862275583,15957510614.40,14581135147.66,558785,10,10,10,0,0,0,0,0,0,25736249343,26122125311,26155679743,25714473170.68,1079
1790620355,0,559841,0,717.17,1056.27,3416063,13530824703,28487712767,41339060223,43855642623,216704,44862275583,15977589514.63,14574701711.54,559841,10,10,10,0,0,0,0,0,0,26608664575,27011317759,27044872191,26602389007.52,1056
1790620356,0,560938,0,717.65,1097.14,3446783,13581156351,28454158335,41339060223,43855642623,216704,44862275583,16000125035.81,14569344911.85,560938,10,10,10,0,0,0,0,0,0,27514634239,27900510207,27934064639,27500862240.90,1097
1790620357,0,562046,0,718.15,1107.79,3479551,13631487999,28470935551,41339060223,43855642623,216704,44862275583,16024542233.34,14565346523.06,562046,10,10,10,0,0,0,0,0,0,28387049471,28789702655,28823257087,28386034965.26,1108
1790620358,0,563141,0,718.63,1095.09,3514367,13681819647,28571598847,41305505791,43855642623,216704,44862275583,16050286289.12,14562867708.15,563141,10,10,10,0,0,0,0,0,0,29259464703,29678895103,29712449535,29264298687.24,1095
1790620359,0,564276,0,719.16,1133.96,3553279,13740539903,28655484927,41305505791,43855642623,216704,44862275583,16078687735.79,14561967507.03,564276,10,10,10,0,0,0,0,0,0,30182211583,30568087551,30601641983,30170334497.61,1135
1790620360,0,565393,0,719.67,1117.69,3586047,13790871551,28739371007,41305505791,43855642623,216704,44862275583,16108252066.34,14562748614.79,565393,10,10,10,0,0,0,0,0,0,31054626815,31457279999,31490834431,31043294309.76,1117
1790620361,0,566491,0,720.15,1098.33,3627007,13841203199,28840034303,41305505791,43855642623,216704,44862275583,16138937088.19,14565286595.77,566491,10,10,10,0,0,0,0,0,0,31943819263,32346472447,32380026879,31939571480.71,1098
1790620362,0,567598,0,720.64,1106.03,3663871,13790871551,28806479871,41305505791,43855642623,216704,44862275583,16113177982.24,14563169230.15,567598,10,10,10,0,0,0,0,0,0,2801795071,4831838207,5003804671,2931333636.16,1107
1790620363,0,567897,0,720.11,299.04,3667967,13774094335,28806479871,41305505791,43855642623,216704,44862275583,16104750471.69,14563964793.10,567897,10,10,10,0,0,0,0,0,0,7598079,440926207,483917823,106629626.86,299
1790620364,0,568097,0,719.45,200.02,3657727,13765705727,28789702655,41305505791,43855642623,216704,44862275583,16099081857.62,14564533588.60,568097,10,10,10,0,0,0,0,0,0,3153919,5337087,7553023,3137231.36,200
1790620365,0,568297,0,718.79,199.95,3651583,13757317119,28789702655,41305505791,43855642623,216704,44862275583,16093417488.58,14565099475.87,568297,10,10,10,0,0,0,0,0,0,3729407,6242303,9584639,3862192.64,200
1790620366,0,568497,0,718.13,200.00,3637247,13748928511,28789702655,41305505791,43855642623,216704,44862275583,16087756874.60,14565662997.01,568497,10,10,10,0,0,0,0,0,0,3127295,5582847,7827455,3207171.84,200
1790620367,0,568697,0,717.48,200.04,3633151,13740539903,28772925439,41305505791,43855642623,216704,44862275583,16082100471.13,14566223649.75,568697,10,10,10,0,0,0,0,0,0,3586047,6742015,8953855,3858444.80,200
1790620368,0,568897,0,716.83,200.02,3627007,13732151295,28772925439,41271951359,43855642623,216704,44862275583,16076447990.00,14566781753.02,568897,10,10,10,0,0,0,0,0,0,3518463,6762495,8200191,3702700.80,200
1790620369,0,569097,0,716.18,200.08,3612671,13715374079,28772925439,41271951359,43855642623,216704,44862275583,16070799222.95,14567337537.19,569097,10,10,10,0,0,0,0,0,0,2893823,5443583,6983679,2966074.88,200
1790620370,0,569297,0,715.53,199.99,3604479,13706985471,28756148223,41271951359,43855642623,216704,44862275583,16065154718.50,14567890397.89,569297,10,10,10,0,0,0,0,0,0,3536895,7045119,8056831,3801978.88,200
1790620371,0,569497,0,714.88,199.99,3598335,13698596863,28756148223,41271951359,43822088191,216704,44862275583,16059514114.16,14568440735.68,569497,10,10,10,0,0,0,0,0,0,3702783,5648383,6389759,3618453.76,200
1790620372,0,569697,0,714.24,199.96,3590143,13690208255,28756148223,41271951359,43822088191,216704,44862275583,16053877411.71,14568988549.24,569697,10,10,10,0,0,0,0,0,0,3549183,5853183,6316031,3451728.64,200
1790620373,0,569897,0,713.59,199.98,3586047,13681819647,28739371007,41271951359,43822088191,216704,44862275583,16048244773.24,14569533660.68,569897,10,10,10,0,0,0,0,0,0,3678207,5779455,8290303,3758597.12,200
1790620374,0,570097,0,712.95,199.98,3577855,13673431039,28739371007,41271951359,43822088191,216704,44862275583,16042615910.31,14570076388.37,570097,10,10,10,0,0,0,0,0,0,3158015,5267455,7151615,3255425.92,200
1790620375,0,570297,0,712.31,199.98,3569663,13656653823,28739371007,41271951359,43822088191,216704,44862275583,16036991148.81,14570616374.18,570297,10,10,10,0,0,0,0,0,0,3375103,6316031,13066239,3692859.52,200
1790620376,0,570497,0,711.67,200.01,3567615,13648265215,28722593791,41271951359,43822088191,216704,44862275583,16031370408.73,14571153706.97,570497,10,10,10,0,0,0,0,0,0,3930111,6168575,6721535,3914369.92,200
1790620377,0,570697,0,711.03,200.04,3561471,13639876607,28722593791,41271951359,43822088191,216704,44862275583,16025753478.83,14571688619.78,570697,10,10,10,0,0,0,0,0,0,3594239,5808127,6131711,3545203.20,200
1790620378,0,570897,0,710.40,200.09,3557375,13631487999,28722593791,41271951359,43822088191,216704,44862275583,16020140519.82,14572220936.53,570897,10,10,10,0,0,0,0,0,0,3645439,5619711,7393279,3646167.04,200
1790620379,0,571097,0,709.76,199.91,3549183,13623099391,28705816575,41271951359,43822088191,216704,44862275583,16014531446.35,14572750751.67,571097,10,10,10,0,0,0,0,0,0,3387391,5844991,6742015,3515368.96,200
1790620380,0,571297,0,709.13,199.94,3545087,13614710783,28705816575,41271951359,43822088191,216704,44862275583,16008926385.41,14573277926.39,571297,10,10,10,0,0,0,0,0,0,3573759,6479871,8155135,3758937.60,200
1790620381,0,571497,0,708.50,200.07,3538943,13606322175,28705816575,41271951359,43822088191,216704,44862275583,16003325309.00,14573802492.19,571497,10,10,10,0,0,0,0,0,0,3461119,8527871,10543103,3934584.96,200
1790620382,0,571697,0,707.87,200.01,3536895,13597933567,28689039359,41271951359,43822088191,216704,44862275583,15997728163.29,14574324508.85,571697,10,10,10,0,0,0,0,0,0,3966975,6283263,7032831,3968230.40,200
1790620383,0,571897,0,707.24,200.01,3530751,13589544959,28689039359,41271951359,43822088191,216704,44862275583,15992134914.96,14574844013.62,571897,10,10,10,0,0,0,0,0,0,3524607,7299071,8855551,3918466.56,200
1790620384,0,572097,0,706.62,200.08,3526655,13581156351,28689039359,41271951359,43822088191,216704,44862275583,15986545539.90,14575361033.57,572097,10,10,10,0,0,0,0,0,0,3829759,6098943,10051583,3811405.44,200
1790620385,0,572297,0,705.99,199.96,3518463,13572767743,28672262143,41271951359,43822088191,216704,44862275583,15980959965.95,14575875648.38,572297,10,10,10,0,0,0,0,0,0,3430399,5558271,6467583,3509474.56,200
1790620386,0,572497,0,705.37,200.02,3510271,13564379135,28672262143,41271951359,43822088191,216704,44862275583,15975378226.56,14576387821.94,572497,10,10,10,0,0,0,0,0,0,3061759,5902335,8060927,3314690.56,200
1790620387,0,572697,0,704.74,199.98,3500031,13547601919,28672262143,41271951359,43822088191,216704,44862275583,15969800201.85,14576897686.11,572697,10,10,10,0,0,0,0,0,0,2832383,4509695,5046271,2788120.32,200
1790620388,0,572897,0,704.12,199.88,3491839,13539213311,28672262143,41271951359,43822088191,216704,44862275583,15964226187.63,14577404917.40,572897,10,10,10,0,0,0,0,0,0,2992127,5697535,6168575,3120099.84,200
1790620389,0,573097,0,703.51,200.05,3485695,13530824703,28655484927,41271951359,43822088191,216704,44862275583,15958656165.57,14577909536.66,573097,10,10,10,0,0,0,0,0,0,3307519,5488639,6238207,3411509.76,200
1790620390,0,573297,0,702.89,200.03,3477503,13522436095,28655484927,41271951359,43822088191,216704,44862275583,15953089966.71,14578411729.52,573297,10,10,10,0,0,0,0,0,0,2842623,6062079,8568831,3230632.96,200
1790620391,0,573497,0,702.27,199.94,3469311,13514047487,28655484927,41271951359,43822088191,216704,44862275583,15947527736.36,14578911337.61,573497,10,10,10,0,0,0,0,0,0,2938879,8310783,9904127,3477866.24,200
1790620392,0,573697,0,701.66,200.04,3461119,13505658879,28638707711,41271951359,43822088191,216704,44862275583,15941969279.72,14579408574.56,573697,10,10,10,0,0,0,0,0,0,3063807,4997119,5652479,3178241.28,200
1790620393,0,573897,0,701.04,199.92,3454975,13497270271,28638707711,41271951359,43822088191,216704,44862275583,15936414760.73,14579903261.77,573897,10,10,10,0,0,0,0,0,0,3100671,5955583,6795263,3360358.40,200
1790620394,0,574097,0,700.43,200.06,3446783,13488881663,28638707711,41271951359,43822088191,216704,44862275583,15930863997.88,14580395598.19,574097,10,10,10,0,0,0,0,0,0,2908159,5079039,6598655,3033250.56,200
1790620395,0,574297,0,699.82,200.07,3442687,13480493055,28621930495,41271951359,43822088191,216704,44862275583,15925317352.73,14580885189.49,574297,10,10,10,0,0,0,0,0,0,3596287,7610367,10223615,3755665.92,200
1790620396,0,574497,0,699.22,199.91,3436543,13472104447,28621930495,41271951359,43822088191,216704,44862275583,15919774366.32,14581372537.55,574497,10,10,10,0,0,0,0,0,0,3115007,5484543,6275071,3172014.08,200
1790620397,0,574697,0,698.61,199.95,3428351,13463715839,28621930495,41271951359,43822088191,216704,44862275583,15914235142.60,14581857529.30,574697,10,10,10,0,0,0,0,0,0,2717695,5201919,5804031,2898113.28,200
1790620398,0,574897,0,698.00,200.01,3420159,13455327231,28605153279,41271951359,43822088191,216704,44862275583,15908699828.93,14582340004.52,574897,10,10,10,0,0,0,0,0,0,2582527,7602175,9666559,3059021.44,200
1790620399,0,575097,0,697.40,200.04,3411967,13438550015,28605153279,41271951359,43822088191,216704,44862275583,15903168352.53,14582820043.19,575097,10,10,10,0,0,0,0,0,0,2979839,4833279,5611519,3022420.48,200
1790620400,0,575297,0,696.80,200.10,3399679,13430161407,28605153279,41271951359,43822088191,216704,44862275583,15897640548.40,14583297825.74,575297,10,10,10,0,0,0,0,0,0,2347007,4685823,5079039,2522686.72,200
1790620401,0,575497,0,696.20,199.89,3389439,13421772799,28588376063,41271951359,43822088191,216704,44862275583,15892116527.51,14583773231.65,575497,10,10,10,0,0,0,0,0,0,2105343,4288511,5873663,2353308.16,200
1790620402,0,575697,0,695.60,199.94,3379199,13413384191,28588376063,41238396927,43822088191,216704,44862275583,15886596196.63,14584246362.96,575697,10,10,10,0,0,0,0,0,0,1934335,3049471,3303423,1926894.08,200
1790620403,0,575897,0,695.00,200.07,3364863,13396606975,28571598847,41238396927,43822088191,216704,44862275583,15881079608.16,14584717163.04,575897,10,10,10,0,0,0,0,0,0,1646591,2656255,2949119,1662437.76,200
1790620404,0,576097,0,694.40,200.08,3354623,13388218367,28571598847,41238396927,43822088191,216704,44862275583,15875566860.51,14585185525.24,576097,10,10,10,0,0,0,0,0,0,1625087,2693119,3442687,1692678.40,200
1790620405,0,576297,0,693.81,199.89,3342335,13379829759,28571598847,41238396927,43822088191,216704,44862275583,15870057919.02,14585651487.84,576297,10,10,10,0,0,0,0,0,0,1571839,2711551,3358719,1634608.64,200
1790620406,0,576497,0,693.21,200.08,3330047,13371441151,28571598847,41238396927,43822088191,216704,44862275583,15864552818.82,14586115013.22,576497,10,10,10,0,0,0,0,0,0,1697791,2586623,3166207,1689147.52,200
1790620407,0,576697,0,692.62,199.99,3315711,13363052543,28554821631,41238396927,43822088191,216704,44862275583,15859051620.92,14586576035.61,576697,10,10,10,0,0,0,0,0,0,1903615,3094527,3827711,1931198.72,200
1790620408,0,576897,0,692.03,200.08,3303423,13346275327,28554821631,41238396927,43822088191,216704,44862275583,15853554066.74,14587034836.70,576897,10,10,10,0,0,0,0,0,0,1342463,2607103,2977791,1439052.80,200
1790620409,0,577097,0,691.44,199.88,3291135,13337886719,28554821631,41238396927,43822088191,216704,44862275583,15848060268.83,14587491294.56,577097,10,10,10,0,0,0,0,0,0,1286143,1965055,2461695,1282608.64,200
1790620410,0,577297,0,690.85,199.99,3280895,13329498111,28538044415,41238396927,43822088191,216704,44862275583,15842570325.80,14587945302.62,577297,10,10,10,0,0,0,0,0,0,1281023,2770943,2967551,1422053.76,200
1790620411,0,577497,0,690.27,200.13,3270655,13321109503,28538044415,41238396927,43822088191,216704,44862275583,15837084342.21,14588396747.99,577497,10,10,10,0,0,0,0,0,0,1839103,3221503,4366335,1875008.64,200
1790620412,0,577697,0,689.68,199.94,3260415,13312720895,28538044415,41238396927,43822088191,216704,44862275583,15831602170.20,14588845791.83,577697,10,10,10,0,0,0,0,0,0,1918975,3149823,4284415,1912737.28,200
1790620413,0,577897,0,689.10,199.99,3250175,13304332287,28521267199,41238396927,43822088191,216704,44862275583,15826123743.24,14589292506.89,577897,10,10,10,0,0,0,0,0,0,1669119,3059711,3141631,1769639.68,200
1790620414,0,578097,0,688.51,200.03,3239935,13295943679,28521267199,41238396927,43822088191,216704,44862275583,15820649115.68,14589736834.72,578097,10,10,10,0,0,0,0,0,0,1808383,2936831,3102719,1794894.72,200
1790620415,0,578802,0,688.53,705.00,3248127,13254000639,28504489983,41238396927,43822088191,216704,44862275583,15801708782.75,14590933966.47,578802,10,10,10,0,0,0,0,0,0,271056895,567279615,587202559,270716380.78,705
1790620416,0,579811,0,688.91,1009.03,3264511,13212057599,28470935551,41238396927,43822088191,216704,44862275583,15776080372.03,14591154033.65,579811,10,10,10,0,0,0,0,0,0,1068498943,1506803711,1536163839,1074618148.79,1009
1790620417,0,580788,0,689.26,976.99,3280895,13161725951,28454158335,41238396927,43822088191,216704,44862275583,15752960929.19,14589755752.98,580788,10,10,10,0,0,0,0,0,0,2040528895,2457862143,2495610879,2032482658.26,977
1790620418,0,581821,0,689.66,1032.55,3301375,13119782911,28420603903,41238396927,43822088191,216704,44862275583,15730272389.84,14586727027.15,581821,10,10,10,0,0,0,0,0,0,2977955839,3407871999,3437232127,2973998049.27,1033
1790620419,0,582864,0,690.08,1042.83,3323903,13061062655,28387049471,41204842495,43822088191,216704,44862275583,15709147623.81,14582212972.28,582864,10,10,10,0,0,0,0,0,0,3942645759,4345298943,4387241983,3925032096.03,1043
1790620420,0,583884,0,690.47,1020.82,3344383,13010731007,28370272255,41204842495,43822088191,216704,44862275583,15690232391.24,14576489574.42,583884,10,10,10,0,0,0,0,0,0,4898947071,5293211647,5335154687,4881400900.27,1020
1790620421,0,584906,0,690.86,1021.47,3364863,12968787967,28336717823,41204842495,43822088191,216704,44862275583,15672984918.51,14569587468.11,584906,10,10,10,0,0,0,0,0,0,5821693951,6245318655,6287261695,5819243854.65,1022
1790620422,0,585918,0,691.24,1011.57,3387391,12918456319,28303163391,41204842495,43822088191,216704,44862275583,15657579406.35,14561714736.72,585918,10,10,10,0,0,0,0,0,0,6752829439,7184842751,7239368703,6753650064.70,1012
1790620423,0,586962,0,691.66,1045.05,3411967,12868124671,28269608959,41204842495,43822088191,216704,44862275583,15643453388.05,14552611796.81,586962,10,10,10,0,0,0,0,0,0,7713325055,8149532671,8191475711,7715590944.37,1044
1790620424,0,587970,0,692.03,1007.79,3434495,12826181631,28252831743,41204842495,43822088191,216704,44862275583,15631497271.52,14542998694.50,587970,10,10,10,0,0,0,0,0,0,8682209279,9101639679,9143582719,8669407914.67,1008
1790620425,0,589013,0,692.44,1043.01,3459071,12775849983,28219277311,41204842495,43822088191,216704,44862275583,15620827977.65,14532329350.89,589013,10,10,10,0,0,0,0,0,0,9613344767,10041163775,10074718207,9606230938.88,1043
1790620426,0,590029,0,692.82,1015.94,3481599,12733906943,28202500095,41171288063,43822088191,216704,44862275583,15612124212.77,14521328575.76,590029,10,10,10,0,0,0,0,0,0,10569646079,10997465087,11031019519,10566227887.37,1016
1790620427,0,591092,0,693.26,1062.70,3510271,12683575295,28168945663,41171288063,43788533759,216704,44862275583,15604746783.04,14509310905.67,591092,10,10,10,0,0,0,0,0,0,11525947391,11928600575,11978932223,11509829111.81,1063
1790620428,0,592093,0,693.62,1000.91,3536895,12658409471,28135391231,41171288063,43788533759,216704,44862275583,15599417247.83,14497623551.46,592093,10,10,10,0,0,0,0,0,0,12457082879,12876513279,12926844927,12452318720.51,1001
1790620429,0,593154,0,694.05,1061.51,3561471,12708741119,28101836799,41171288063,43788533759,216704,44862275583,15595513834.59,14484949486.48,593154,10,10,10,0,0,0,0,0,0,13421772799,13832814591,13883146239,13417206898.85,1061
1790620430,0,594194,0,694.45,1039.96,3586047,12750684159,28068282367,41171288063,43788533759,216704,44862275583,15593343612.17,14472364809.92,594194,10,10,10,0,0,0,0,0,0,14352908287,14789115903,14822670335,14355578123.82,1040
1790620431,0,595247,0,694.87,1052.99,3614719,12792627199,28051505151,41171288063,43788533759,216704,44862275583,15592823563.79,14459567974.38,595247,10,10,10,0,0,0,0,0,0,15309209599,15720251391,15770583039,15299367125.94,1053
1790620432,0,596325,0,695.32,1077.36,3643391,12834570239,28017950719,41171288063,43788533759,216704,44862275583,15594028465.78,14446524825.54,596325,10,10,10,0,0,0,0,0,0,16273899519,16676552703,16718495743,16259347853.06,1078
1790620433,0,597359,0,695.71,1034.19,3674111,12884901887,27984396287,41137733631,43788533759,216704,44862275583,15596815995.25,14434175767.78,597359,10,10,10,0,0,0,0,0,0,17213423615,17632854015,17666408447,17204430606.36,1034
1790620434,0,598380,0,696.09,1021.11,3700735,12926844927,27950841855,41137733631,43788533759,216704,44862275583,15601169226.26,14422244912.59,598380,10,10,10,0,0,0,0,0,0,18152947711,18572378111,18622709759,18148124878.61,1021
1790620435,0,599444,0,696.52,1064.14,3733503,12968787967,27917287423,41137733631,43788533759,216704,44862275583,15607381745.36,14410197257.84,599444,10,10,10,0,0,0,0,0,0,19109249023,19511902207,19562233855,19101223081.38,1064
1790620436,0,600516,0,696.95,1071.75,3766271,13019119615,27883732991,41137733631,43788533759,216704,44862275583,15615294679.27,14398549988.99,600516,10,10,10,0,0,0,0,0,0,20048773119,20468203519,20518535167,20040071504.24,1072
1790620437,0,601682,0,697.50,1165.51,3799039,13069451263,27866955775,41137733631,43788533759,216704,44862275583,15625695202.17,14386533094.99,601682,10,10,10,0,0,0,0,0,0,21005074431,21407727615,21458059263,20982196410.18,1166
1790620438,0,602801,0,697.98,1119.17,3831807,13119782911,27833401343,41104179199,43788533759,216704,44862275583,15637390087.15,14375736855.01,602801,10,10,10,0,0,0,0,0,0,21944598527,22364028927,22397583359,21925684803.26,1119
1790620439,0,603953,0,698.51,1152.27,3866623,13170114559,27799846911,41104179199,43788533759,216704,44862275583,15651202883.80,14365500181.96,603953,10,10,10,0,0,0,0,0,0,22900899839,23303553023,23337107455,22878952561.78,1152
1790620440,0,605087,0,699.01,1133.80,3901439,13153337343,27766292479,41104179199,43788533759,216704,44862275583,15644734404.51,14357872113.40,605087,10,10,10,0,0,0,0,0,0,5515509759,23639097343,23689428991,12199710178.20,1134
1790620441,0,606274,0,699.58,1187.80,3938303,13103005695,27732738047,41104179199,43788533759,216704,44862275583,15626030195.87,14350030113.08,606274,10,10,10,0,0,0,0,0,0,6085935103,6509559807,6555697151,6091343176.68,1187
1790620442,0,607451,0,700.13,1176.27,3975167,13052674047,27699183615,41104179199,43788533759,216704,44862275583,15609409322.49,14341088033.62,607451,10,10,10,0,0,0,0,0,0,7059013631,7465861119,7499415551,7047979084.56,1177
1790620443,0,608581,0,700.62,1130.12,4012031,13002342399,27665629183,41104179199,43788533759,216704,44862275583,15595233471.43,14331541719.57,608581,10,10,10,0,0,0,0,0,0,7956594687,8409579519,8447328255,7974760107.27,1130
1790620444,0,609721,0,701.13,1140.61,4044799,12960399359,27632074751,41070624767,43788533759,216704,44862275583,15582743812.02,14321050097.53,609721,10,10,10,0,0,0,0,0,0,8917090303,9344909311,9386852351,8915226782.09,1140
1790620445,0,610895,0,701.67,1173.23,4083711,12901679103,27598520319,41070624767,43788533759,216704,44862275583,15571758345.19,14309477953.82,610895,10,10,10,0,0,0,0,0,0,9881780223,10301210623,10334765055,9866417781.75,1174
1790620446,0,612046,0,702.19,1151.68,4116479,12851347455,27581743103,41070624767,43788533759,216704,44862275583,15562807361.87,14297508610.97,612046,10,10,10,0,0,0,0,0,0,10812915711,11232346111,11265900543,10812059359.75,1151
1790620447,0,613222,0,702.73,1175.99,4157439,12801015807,27548188671,41070624767,43788533759,216704,44862275583,15555495076.79,14284771653.69,613222,10,10,10,0,0,0,0,0,0,11752439807,12188647423,12213813247,11749836200.93,1176
1790620448,0,614373,0,703.24,1150.75,4198399,12792627199,27514634239,41070624767,43754979327,216704,44862275583,15550127807.01,14271927022.96,614373,10,10,10,0,0,0,0,0,0,12683575295,13128171519,13161725951,12690590096.35,1151
1790620449,0,615570,0,703.81,1196.77,4243455,12842958847,27481079807,41070624767,43754979327,216704,44862275583,15546385237.58,14258301373.00,615570,10,10,10,0,0,0,0,0,0,13631487999,14059307007,14101250047,13625471609.05,1197
1790620450,0,616711,0,704.30,1140.81,4284415,12884901887,27447525375,41037070335,43754979327,216704,44862275583,15544589742.83,14245171358.96,616711,10,10,10,0,0,0,0,0,0,14579400703,15007219711,15040774143,14575919541.96,1141
1790620451,0,617896,0,704.85,1184.94,4329471,12935233535,27413970943,41037070335,43754979327,216704,44862275583,15544533687.09,14231510217.16,617896,10,10,10,0,0,0,0,0,0,15527313407,15946743807,15980298239,15515360526.47,1185
1790620452,0,619060,0,705.38,1164.47,4374527,12977176575,27380416511,41037070335,43754979327,216704,44862275583,15546252270.67,14218184348.21,619060,10,10,10,0,0,0,0,0,0,16466837503,16877879295,16919822335,16458542583.20,1164
1790620453,0,620253,0,705.93,1193.49,4427775,13019119615,27346862079,41037070335,43754979327,216704,44862275583,15549804297.50,14204739396.25,620253,10,10,10,0,0,0,0,0,0,17414750207,17817403391,17867735039,17392987641.56,1193
1790620454,0,621427,0,706.46,1172.98,4476927,13069451263,27313307647,41037070335,43754979327,216704,44862275583,15555042702.42,14191830882.47,621427,10,10,10,0,0,0,0,0,0,18320719871,18756927487,18807259135,18322620527.65,1174
1790620455,0,622576,0,706.97,1149.61,4526079,13119782911,27279753215,41037070335,43754979327,216704,44862275583,15561916288.79,14179634762.93,622576,10,10,10,0,0,0,0,0,0,19277021183,19713228799,19763560447,19279437745.57,1149
1790620456,0,623760,0,707.51,1184.23,4579327,13161725951,27246198783,41003515903,43754979327,216704,44862275583,15570746517.38,14167622853.04,623760,10,10,10,0,0,0,0,0,0,20216545279,20652752895,20703084543,20213895500.11,1184
1790620457,0,624931,0,708.03,1170.46,4624383,13203668991,27212644351,41003515903,43754979327,216704,44862275583,15581233394.80,14156416832.56,624931,10,10,10,0,0,0,0,0,0,21189623807,21592276991,21625831423,21167309107.81,1171
1790620458,0,626141,0,708.60,1210.64,4681727,13254000639,27179089919,41003515903,43754979327,216704,44862275583,15593842229.35,14145639429.74,626141,10,10,10,0,0,0,0,0,0,22112370687,22531801087,22565355519,22105950976.42,1210
1790620459,0,627331,0,709.14,1188.99,4739071,13295943679,27145535487,41003515903,43754979327,216704,44862275583,15607980237.06,14135941886.47,627331,10,10,10,0,0,0,0,0,0,23068671999,23471325183,23521656831,23046960308.71,1190
1790620460,0,628512,0,709.68,1181.69,4796415,13346275327,27111981055,41003515903,43754979327,216704,44862275583,15623725390.04,14127321074.48,628512,10,10,10,0,0,0,0,0,0,23991418879,24427626495,24461180927,23987334672.04,1181
1790620461,0,629662,0,710.17,1149.23,4861951,13337886719,27078426623,40969961471,43754979327,216704,44862275583,15621336301.86,14120587699.82,629662,10,10,10,0,0,0,0,0,0,5494538239,24847056895,24880611327,14315622749.05,1150
1790620462,0,630782,0,710.64,1120.45,4923391,13295943679,27061649407,40969961471,43754979327,216704,44862275583,15604221019.69,14113885893.40,630782,10,10,10,0,0,0,0,0,0,5985271807,6413090815,6459228159,5982039946.97,1120
1790620463,0,631938,0,711.14,1156.11,4988927,13254000639,27011317759,40969961471,43754979327,216704,44862275583,15588342882.21,14105852983.81,631938,10,10,10,0,0,0,0,0,0,6928990207,7356809215,7394557951,6924291571.60,1156
1790620464,0,633127,0,711.67,1189.62,5062655,13203668991,26977763327,40969961471,43754979327,216704,44862275583,15573879271.00,14096550726.02,633127,10,10,10,0,0,0,0,0,0,7885291519,8300527615,8338276351,7886658460.96,1189
1790620465,0,634312,0,712.21,1184.46,5156863,13161725951,26960986111,40969961471,43754979327,216704,44862275583,15561277100.03,14086394369.44,634312,10,10,10,0,0,0,0,0,0,8841592831,9252634623,9277800447,8828133894.48,1185
1790620466,0,635508,0,712.75,1196.40,5259263,13119782911,26927431679,40936407039,43754979327,216704,44862275583,15550339847.87,14075391834.10,635508,10,10,10,0,0,0,0,0,0,9747562495,10183770111,10217324543,9749645620.23,1196
1790620467,0,636663,0,713.24,1154.69,5361663,13069451263,26893877247,40936407039,43754979327,216704,44862275583,15541533959.97,14064140214.37,636663,10,10,10,0,0,0,0,0,0,10703863807,11131682815,11165237247,10696328586.53,1155
1790620468,0,637874,0,713.80,1211.32,5480447,13019119615,26843545599,40936407039,43721424895,216704,44862275583,15534118498.91,14051817183.44,637874,10,10,10,0,0,0,0,0,0,11634999295,12062818303,12096372735,11635563847.24,1211
1790620469,0,639043,0,714.31,1169.04,5603327,12985565183,26826768383,40936407039,43721424895,216704,44862275583,15528721970.00,14039529642.33,639043,10,10,10,0,0,0,0,0,0,12582911999,13019119615,13052674047,12584063729.33,1169
1790620470,0,640215,0,714.82,1171.91,5738495,13027508223,26776436735,40936407039,43721424895,216704,44862275583,15525040374.63,14026941614.76,640215,10,10,10,0,0,0,0,0,0,13514047487,13950255103,13992198143,13517619088.16,1172
1790620471,0,641385,0,715.33,1169.87,5890047,13069451263,26742882303,40936407039,43721424895,216704,44862275583,15523108491.24,14014219760.39,641385,10,10,10,0,0,0,0,0,0,14470348799,14889779199,14931722239,14465996761.49,1170
1790620472,0,642557,0,715.84,1171.79,6070271,13111394303,26726105087,40902852607,43721424895,216704,44862275583,15522893833.51,14001438752.89,642557,10,10,10,0,0,0,0,0,0,15409872895,15829303295,15871246335,15405420921.45,1172
1790620473,0,643677,0,716.29,1119.64,6254591,13144948735,26692550655,40902852607,43721424895,216704,44862275583,15524331899.47,13989299173.00,643677,10,10,10,0,0,0,0,0,0,16341008383,16777215999,16810770431,16349367032.69,1120
1790620474,0,644854,0,716.80,1176.81,6479871,13186891775,26658996223,40902852607,43721424895,216704,44862275583,15527543081.01,13976733091.51,644854,10,10,10,0,0,0,0,0,0,17280532479,17716740095,17767071743,17283671971.78,1177
1790620475,0,646011,0,717.29,1157.44,6737919,13228834815,26625441791,40902852607,43721424895,216704,44862275583,15532379152.23,13964682777.41,646011,10,10,10,0,0,0,0,0,0,18236833791,18656264191,18706595839,18227763654.91,1157
1790620476,0,647106,0,717.71,1095.26,7000063,13254000639,26591887359,40902852607,43721424895,216704,44862275583,15535314528.50,13954392905.32,647106,10,10,10,0,0,0,0,0,0,19042140159,19444793343,19478347775,17267081979.09,1095
1790620477,0,648306,0,718.24,1200.33,7307263,13212057599,26558332927,40902852607,43721424895,216704,44862275583,15517002688.00,13947960698.81,648306,10,10,10,0,0,0,0,0,0,5653921791,6060769279,6106906623,5642251141.12,1200
1790620478,0,649498,0,718.77,1191.95,7626751,13178503167,26524778495,40869298175,43721424895,216704,44862275583,15500596814.38,13940411995.54,649498,10,10,10,0,0,0,0,0,0,6572474367,7004487679,7050625023,6577755953.83,1192
1790620479,0,650707,0,719.31,1208.51,8019967,13136560127,26491224063,40869298175,43721424895,216704,44862275583,15485784335.08,13931691186.82,650707,10,10,10,0,0,0,0,0,0,7541358591,7944011775,7981760511,7528236214.10,1209
1790620480,0,651872,0,719.80,1165.38,8536063,13094617087,26457669631,40869298175,43721424895,216704,44862275583,15473258559.29,13922388672.88,651872,10,10,10,0,0,0,0,0,0,8480882687,8883535871,8925478911,8477026808.53,1165
1790620481,0,653019,0,720.27,1147.04,9117695,13052674047,26440892415,40869298175,43721424895,216704,44862275583,15462603751.72,13912479948.69,653019,10,10,10,0,0,0,0,0,0,9403629567,9839837183,9873391615,9407180282.20,1147
1790620482,0,654345,0,720.94,1325.65,9969663,13002342399,26390560767,40835743743,43721424895,216704,44862275583,15452252279.75,13900279939.16,654345,10,10,10,0,0,0,0,0,0,10359930879,10770972671,10812915711,10354433368.42,1326
1790620483,0,655688,0,721.62,1342.77,11255807,12960399359,26357006335,40835743743,43721424895,216704,44862275583,15443735718.41,13887314809.47,655688,10,10,10,0,0,0,0,0,0,11316232191,11702108159,11744051199,11294242546.08,1343
1790620484,0,657125,0,722.41,1436.85,12877823,12901679103,26323451903,40835743743,43721424895,216704,44862275583,15436660433.19,13872951111.00,657125,10,10,10,0,0,0,0,0,0,12205424639,12633243647,12666798079,12208282137.30,1437
1790620485,0,658671,0,723.31,1547.05,15859711,12926844927,26273120255,40835743743,43721424895,216704,44862275583,15431309828.60,13857106050.08,658671,10,10,10,0,0,0,0,0,0,13170114559,13564379135,13589544959,13157043307.30,1546
1790620486,0,660452,0,724.47,1779.48,22675455,12985565183,26222788607,40802189311,43721424895,216704,44862275583,15427591610.32,13838601223.62,660452,10,10,10,0,0,0,0,0,0,14059307007,14461960191,14495514623,14052475073.19,1781
1790620487,0,662241,0,725.64,1789.59,31522815,13044285439,26172456959,40802189311,43687870463,216704,44862275583,15426340841.56,13819924251.13,662241,10,10,10,0,0,0,0,0,0,14982053887,15376318463,15409872895,14964589734.56,1789
1790620488,0,664062,0,726.84,1820.89,75366399,13103005695,26122125311,40802189311,43687870463,216704,44862275583,15427557400.00,13800989078.57,664062,10,10,10,0,0,0,0,0,0,15879634943,16282288127,16315842559,15869981825.90,1821
1790620489,0,665871,0,728.02,1810.00,125173759,13161725951,26071793663,40802189311,43687870463,216704,44862275583,15431226808.54,13782415474.48,665871,10,10,10,0,0,0,0,0,0,16785604607,17196646399,17230200831,16778222261.99,1809
1790620490,0,667685,0,729.21,1813.02,174981119,13212057599,26038239231,40768634879,43687870463,216704,44862275583,15437351324.85,13764187295.21,667685,10,10,10,0,0,0,0,0,0,17683185663,18102616063,18136170495,17685497849.23,1814
1790620491,0,669512,0,730.41,1827.45,234094591,13270777855,25987907583,40768634879,43687870463,216704,44862275583,15445968386.14,13746388069.35,669512,10,10,10,0,0,0,0,0,0,18605932543,19008585727,19058917375,18595110459.13,1827
1790620492,0,671334,0,731.60,1822.62,285474815,13329498111,25937575935,40768634879,43687870463,216704,44862275583,15456995505.51,13729355930.29,671334,10,10,10,0,0,0,0,0,0,19511902207,19931332607,19964887039,19509020062.77,1822
1790620493,0,673143,0,732.77,1807.75,342360063,13388218367,25887244287,40735080447,43687870463,216704,44862275583,15470331979.77,13713309241.60,673143,10,10,10,0,0,0,0,0,0,20434649087,20837302271,20870856703,20419601529.70,1809
1790620494,0,675025,0,734.02,1881.91,394264575,13455327231,25836912639,40735080447,43687870463,216704,44862275583,15486662290.79,13697668566.38,675025,10,10,10,0,0,0,0,0,0,21323841535,21743271935,21776826367,21327594568.91,1882
1790620495,0,676848,0,735.20,1823.34,443285503,13505658879,25786580991,40735080447,43687870463,216704,44862275583,15504834611.85,13683685393.66,676848,10,10,10,0,0,0,0,0,0,22246588415,22649241599,22682796031,22233727110.81,1823
1790620496,0,678646,0,736.35,1798.88,494665727,13564379135,25736249343,40735080447,43687870463,216704,44862275583,15525079033.30,13671197272.34,678646,10,10,10,0,0,0,0,0,0,23152558079,23571988479,23588765695,23145989025.46,1798
1790620497,0,680671,0,737.75,2025.04,553123839,13623099391,25669140479,40701526015,43687870463,216704,44862275583,15550489025.55,13658776878.27,680671,10,10,10,0,0,0,0,0,0,24075304959,24461180927,24494735359,24066236978.32,2025
1790620498,0,682798,0,739.25,2126.30,612892671,13690208255,25618808831,40701526015,43687870463,216704,44862275583,15579733995.77,13647524463.79,682798,10,10,10,0,0,0,0,0,0,24947720191,25350373375,25383927807,24938550698.06,2127
1790620499,0,684991,0,740.83,2193.85,672137215,13757317119,25702694911,40701526015,43654316031,216704,44862275583,15612551933.79,13637968066.65,684991,10,10,10,0,0,0,0,0,0,25836912639,26239565823,26273120255,25830528423.51,2193
1790620500,0,687147,0,742.36,2154.78,735576063,13824425983,25853689855,40667971583,43654316031,216704,44862275583,15647398696.84,13630722778.50,687147,10,10,10,0,0,0,0,0,0,26709327871,27128758271,27179089919,26718696966.65,2156
1790620501,0,689340,0,743.92,2194.12,804782079,13891534847,25987907583,40667971583,43654316031,216704,44862275583,15685465879.49,13625703569.60,689340,10,10,10,0,0,0,0,0,0,27615297535,28017950719,28068282367,27613304620.01,2193
1790620502,0,691457,0,745.40,2115.69,865599487,13967032319,26122125311,40667971583,43654316031,216704,44862275583,15724711813.49,13623256235.38,691457,10,10,10,0,0,0,0,0,0,28521267199,28923920383,28957474815,28504018446.75,2117
1790620503,0,693604,0,746.91,2147.28,930086911,14025752575,26273120255,40634417151,43654316031,216704,44862275583,15767027251.71,13623344111.01,693604,10,10,10,0,0,0,0,0,0,29410459647,29813112831,29846667263,29395022577.57,2147
1790620504,0,695750,0,748.42,2147.13,986710015,14092861439,26407337983,40634417151,43654316031,216704,44862275583,15811821654.66,13626143099.20,695750,10,10,10,0,0,0,0,0,0,30299652095,30702305279,30735859711,30289723361.46,2146
1790620505,0,697934,0,749.96,2183.96,1050148863,14159970303,26541555711,40600862719,43654316031,216704,44862275583,15859937676.20,13631892937.36,697934,10,10,10,0,0,0,0,0,0,31188844543,31591497727,31625052159,31188107083.96,2184
1790620506,0,700101,0,751.48,2164.89,1113587711,14227079167,26692550655,40600862719,43654316031,216704,44862275583,15910118522.70,13640547561.30,700101,10,10,10,0,0,0,0,0,0,32078036991,32480690175,32531021823,32072056189.34,2167
1790620507,0,702238,0,752.97,2138.54,1169162239,14294188031,26826768383,40600862719,43654316031,216704,44862275583,15962038285.28,13652166170.26,702238,10,10,10,0,0,0,0,0,0,32984006655,33386659839,33420214271,32971433557.53,2137
1790620508,0,704429,0,754.51,2191.54,1234173951,14361296895,26977763327,40567308287,43620761599,216704,44862275583,16017716072.60,13667323078.05,704429,10,10,10,0,0,0,0,0,0,33873199103,34259075071,34292629503,33863018680.14,2191
1790620509,0,706602,0,756.02,2170.99,1298137087,14428405759,27128758271,40567308287,43620761599,216704,44862275583,16075347156.74,13685691935.29,706602,10,10,10,0,0,0,0,0,0,34795945983,35165044735,35198599167,34757817000.47,2173
1790620510,0,708771,0,757.53,2170.28,1368391679,14495514623,27262975999,40567308287,43620761599,216704,44862275583,16135253176.81,13707454395.30,708771,10,10,10,0,0,0,0,0,0,35668361215,36071014399,36104568831,35651027079.97,2169
1790620511,0,710947,0,759.05,2176.23,1438646271,14562623487,27413970943,40533753855,43620761599,216704,44862275583,16197720243.54,13732823344.01,710947,10,10,10,0,0,0,0,0,0,36540776447,36943429631,37010538495,36544616086.59,2176
1790620512,0,713172,0,760.61,2225.60,1503657983,14638120959,27564965887,40533753855,43620761599,216704,44862275583,16263959770.89,13762421452.72,713172,10,10,10,0,0,0,0,0,0,37446746111,37849399295,37882953727,37429260105.75,2225
1790620513,0,715291,0,762.06,2118.96,1564475391,14705229823,27682406399,40533753855,43620761599,216704,44862275583,16329287511.81,13794190450.33,715291,10,10,10,0,0,0,0,0,0,38319161343,38721814527,38755368959,38316033925.26,2119
1790620514,0,717499,0,763.60,2205.80,1633681407,14763950079,27833401343,40533753855,43620761599,216704,44862275583,16399693192.19,13831130329.69,717499,10,10,10,0,0,0,0,0,0,39225131007,39627784191,39661338623,39207913086.14,2208
1790620515,0,719654,0,765.08,2156.79,1698693119,14831058943,27984396287,40500199423,43620761599,216704,44862275583,16461101857.17,13856442664.73,719654,10,10,10,0,0,0,0,0,0,37178310655,39829110783,39862665215,36906881770.97,2155
1790620516,0,721798,0,766.54,2144.28,1762656255,14906556415,28017950719,40500199423,43620761599,216704,44862275583,16493690933.48,13849566939.07,721798,10,10,10,0,0,0,0,0,0,27430748159,31826378751,32195477503,27432524479.04,2144
1790620517,0,723966,0,768.03,2166.34,1825570815,14940110847,27967619071,40500199423,43620761599,216704,44862275583,16497167645.79,13829831506.63,723966,10,10,10,0,0,0,0,0,0,17683185663,22078816255,22481469439,17654678713.15,2168
1790620518,0,726147,0,769.52,2182.07,1895825407,14873001983,27917287423,40466644991,43620761599,216704,44862275583,16470991505.88,13818166148.23,726147,10,10,10,0,0,0,0,0,0,7776239615,12230590463,12641632255,7782025293.94,2181
1790620519,0,726913,0,769.52,765.67,1850736639,14847836159,27900510207,40466644991,43620761599,216704,44862275583,16454860106.49,13819843649.82,726913,10,10,10,0,0,0,0,0,0,1114636287,2644508671,2782920703,1162735732.80,766
1790620520,0,727113,0,768.92,200.01,1835007999,14839447551,27900510207,40466644991,43620761599,216704,44862275583,16450334608.94,13820636078.10,727113,10,10,10,0,0,0,0,0,0,1934335,4057087,4661247,2119591.68,200
1790620521,0,727313,0,768.32,199.97,1814036479,14831058943,27883732991,40466644991,43620761599,216704,44862275583,16445811625.99,13821426514.04,727313,10,10,10,0,0,0,0,0,0,2138111,3610623,5308415,2213115.52,200
1790620522,0,727513,0,767.72,200.09,1796210687,14831058943,27883732991,40466644991,43587207167,216704,44862275583,16441291090.52,13822215038.17,727513,10,10,10,0,0,0,0,0,0,2070527,3201023,4050943,2070028.16,200
1790620523,0,727713,0,767.12,199.96,1779433471,14822670335,27883732991,40466644991,43587207167,216704,44862275583,16436773074.01,13823001566.19,727713,10,10,10,0,0,0,0,0,0,2127871,3530751,4558847,2194335.36,200
1790620524,0,727913,0,766.52,199.95,1762656255,14814281727,27883732991,40466644991,43587207167,216704,44862275583,16432257496.97,13823786193.29,727913,10,10,10,0,0,0,0,0,0,2103295,2971647,3321855,2036919.04,200
1790620525,0,728113,0,765.93,200.03,1747976191,14814281727,27883732991,40466644991,43587207167,216704,44862275583,16427744359.68,13824568919.77,728113,10,10,10,0,0,0,0,0,0,1754111,3618815,3985407,1887856.00,200
1790620526,0,728313,0,765.33,200.01,1728053247,14805893119,27866955775,40466644991,43587207167,216704,44862275583,16423233816.12,13825349563.39,728313,10,10,10,0,0,0,0,0,0,2328575,3495935,5488639,2306790.40,200
1790620527,0,728513,0,764.74,200.02,1712324607,14797504511,27866955775,40466644991,43587207167,216704,44862275583,16418725678.28,13826128348.21,728513,10,10,10,0,0,0,0,0,0,1942527,3383295,7102463,2048708.48,200
1790620528,0,728713,0,764.15,200.10,1693450239,14789115903,27866955775,40466644991,43587207167,216704,44862275583,16414219870.40,13826905364.73,728713,10,10,10,0,0,0,0,0,0,1465343,2629631,2920447,1521798.40,200
1790620529,0,728913,0,763.56,199.98,1676673023,14780727295,27850178559,40466644991,43587207167,216704,44862275583,16409716437.00,13827680560.64,728913,10,10,10,0,0,0,0,0,0,1132543,1833983,2115583,1164131.20,200
1790620530,0,729113,0,762.97,199.93,1657798655,14780727295,27850178559,40466644991,43587207167,216704,44862275583,16405215606.47,13828453665.61,729113,10,10,10,0,0,0,0,0,0,1568767,2957311,3239935,1646174.72,200
1790620531,0,729313,0,762.38,199.96,1641021439,14772338687,27850178559,40466644991,43587207167,216704,44862275583,16400717292.42,13829224782.89,729313,10,10,10,0,0,0,0,0,0,1757183,3076095,3702783,1821040.00,200
1790620532,0,729513,0,761.79,200.02,1623195647,14763950079,27850178559,40466644991,43587207167,216704,44862275583,16396221434.50,13829993984.75,729513,10,10,10,0,0,0,0,0,0,1762303,2963455,3155967,1783292.16,200
1790620533,0,729713,0,761.20,199.95,1606418431,14763950079,27833401343,40466644991,43587207167,216704,44862275583,16391728080.13,13830761215.65,729713,10,10,10,0,0,0,0,0,0,1891327,3018751,3289087,1925958.40,200
1790620534,0,729913,0,760.62,200.01,1585446911,14755561471,27833401343,40466644991,43587207167,216704,44862275583,16387237149.22,13831526571.20,729913,10,10,10,0,0,0,0,0,0,1795071,3031039,3215359,1783808.64,200
1790620535,0,730738,0,760.69,825.33,1514143743,14730395647,27816624127,40466644991,43587207167,216704,44862275583,16369053281.93,13834295105.66,730738,10,10,10,0,0,0,0,0,0,280756223,582483967,608174079,281003434.36,825
1790620536,0,731876,0,761.08,1137.71,1434451967,14696841215,27799846911,40433090559,43587207167,216704,44862275583,16345305571.88,13836631953.37,731876,10,10,10,0,0,0,0,0,0,1108344831,1531969535,1573912575,1096312468.47,1138
1790620537,0,733092,0,761.55,1216.18,1469054975,14663286783,27766292479,40433090559,43587207167,216704,44862275583,16321619613.13,13837362957.43,733092,10,10,10,0,0,0,0,0,0,2070937599,2506096639,2543845375,2065711104.00,1216
1790620538,0,734217,0,761.93,1125.16,1494220799,14629732351,27749515263,40433090559,43587207167,216704,44862275583,16301254911.94,13836531491.56,734217,10,10,10,0,0,0,0,0,0,3011510271,3477078015,3512729599,3030855334.12,1125
1790620539,0,735385,0,762.35,1168.31,1523580927,14587789311,27715960831,40433090559,43587207167,216704,44862275583,16281741511.32,13834197005.88,735385,10,10,10,0,0,0,0,0,0,4026531839,4445962239,4487905279,4015414061.59,1168
1790620540,0,736486,0,762.70,1100.90,1550843903,14554234879,27699183615,40433090559,43587207167,216704,44862275583,16264842518.58,13830754182.45,736486,10,10,10,0,0,0,0,0,0,4987027455,5419040767,5456789503,4977589319.61,1101
1790620541,0,737667,0,763.13,1181.17,1582301183,14520680447,27665629183,40399536127,43587207167,216704,44862275583,16248319693.93,13825841071.71,737667,10,10,10,0,0,0,0,0,0,5943328767,6383730687,6429868031,5944484776.43,1181
1790620542,0,738819,0,763.53,1151.13,1615855615,14478737407,27648851967,40399536127,43587207167,216704,44862275583,16233769828.32,13819967725.03,738819,10,10,10,0,0,0,0,0,0,6903824383,7361003519,7398752255,6916967992.89,1152
1790620543,0,740049,0,764.02,1230.37,1645215743,14445182975,27615297535,40399536127,43587207167,216704,44862275583,16219907971.96,13812661587.84,740049,10,10,10,0,0,0,0,0,0,7889485823,8346664959,8363442175,7893564187.89,1230
1790620544,0,741238,0,764.45,1189.06,1675624447,14411628543,27598520319,40399536127,43587207167,216704,44862275583,16208126738.15,13804712712.89,741238,10,10,10,0,0,0,0,0,0,8883535871,9302966271,9336520703,8875334226.25,1189
1790620545,0,742471,0,764.94,1232.85,1704984575,14369685503,27581743103,40399536127,43587207167,216704,44862275583,16197516650.92,13795703005.50,742471,10,10,10,0,0,0,0,0,0,9831448575,10259267583,10301210623,9819090176.62,1233
1790620546,0,743723,0,765.44,1252.16,1738539007,14336131071,27548188671,40399536127,43587207167,216704,44862275583,16188420736.57,13785870627.05,743723,10,10,10,0,0,0,0,0,0,10796138495,11240734719,11282677759,10794289250.15,1252
1790620547,0,744879,0,765.84,1156.51,1765801983,14294188031,27531411455,40365981695,43587207167,216704,44862275583,16181549603.80,13776275876.30,744879,10,10,10,0,0,0,0,0,0,11760828415,12213813247,12247367679,11760944521.30,1156
1790620548,0,746121,0,766.33,1241.90,1797259263,14260633599,27497857023,40365981695,43587207167,216704,44862275583,16166052096.71,13770530684.97,746121,10,10,10,0,0,0,0,0,0,5490343935,12423528447,12465471487,6871553233.42,1242
1790620549,0,747341,0,766.79,1219.95,1827667967,14227079167,27464302591,40365981695,43587207167,216704,44862275583,16149885407.50,13765098037.79,747341,10,10,10,0,0,0,0,0,0,6266290175,6689914879,6731857919,6262749083.28,1220
1790620550,0,748513,0,767.21,1171.92,1861222399,14185136127,27447525375,40365981695,43587207167,216704,44862275583,16135902573.99,13758853218.63,748513,10,10,10,0,0,0,0,0,0,7218397183,7671382015,7709130751,7219567437.76,1172
1790620551,0,749700,0,767.64,1187.04,1891631103,14151581695,27413970943,40365981695,43587207167,216704,44862275583,16123338062.94,13751581176.80,749700,10,10,10,0,0,0,0,0,0,8208252927,8640266239,8673820671,8200254775.43,1187
1790620552,0,750865,0,768.05,1164.79,1923088383,14118027263,27397193727,40332427263,43553652735,216704,44862275583,16112538891.85,13743643708.80,750865,10,10,10,0,0,0,0,0,0,9151971327,9596567551,9646899199,9163063731.97,1165
1790620553,0,751950,0,768.37,1084.79,1953497087,14084472831,27380416511,40332427263,43553652735,216704,44862275583,16103903676.06,13735607415.32,751950,10,10,10,0,0,0,0,0,0,10125049855,10569646079,10611589119,10127976204.51,1085
1790620554,0,753120,0,768.78,1170.05,1984954367,14050918399,27346862079,40332427263,43553652735,216704,44862275583,16096149673.16,13726345920.26,753120,10,10,10,0,0,0,0,0,0,11123294207,11551113215,11593056255,11112711656.37,1170
1790620555,0,754301,0,769.20,1181.05,2015363071,14017363967,27313307647,40332427263,43553652735,216704,44862275583,16089871350.78,13716516994.38,754301,10,10,10,0,0,0,0,0,0,12087984127,12524191743,12566134783,12086204833.92,1181
1790620556,0,755459,0,769.60,1158.17,2044723199,13975420927,27296530431,40332427263,43553652735,216704,44862275583,16085226131.02,13706517428.65,755459,10,10,10,0,0,0,0,0,0,13061062655,13497270271,13530824703,13059411012.97,1158
1790620557,0,756628,0,770.00,1169.22,2075131903,13983809535,27262975999,40332427263,43553652735,216704,44862275583,16082053625.04,13696166762.36,756628,10,10,10,0,0,0,0,0,0,14059307007,14453571583,14503903231,14031841313.29,1169
1790620558,0,757780,0,770.39,1150.93,2105540607,13983809535,27246198783,40298872831,43553652735,216704,44862275583,16073333864.45,13688826080.91,757780,10,10,10,0,0,0,0,0,0,14545846271,14982053887,15015608319,10346237496.89,1152
1790620559,0,758915,0,770.76,1136.04,2132803583,13950255103,27229421567,40298872831,43553652735,216704,44862275583,16058239524.19,13684149524.45,758915,10,10,10,0,0,0,0,0,0,5993660415,6400507903,6438256639,5980539820.10,1135
1790620560,0,760039,0,771.12,1123.27,2164260863,13916700671,27195867135,40298872831,43553652735,216704,44862275583,16044750336.39,13678522966.38,760039,10,10,10,0,0,0,0,0,0,6933184511,7381975039,7423918079,6936968341.41,1124
1790620561,0,761251,0,771.57,1212.57,2197815295,13883146239,27162312703,40298872831,43553652735,216704,44862275583,16031801095.92,13671480594.44,761251,10,10,10,0,0,0,0,0,0,7918845951,8355053567,8392802303,7911398639.95,1212
1790620562,0,762390,0,771.94,1139.09,2222981119,13849591807,27145535487,40298872831,43553652735,216704,44862275583,16021132234.04,13664052802.82,762390,10,10,10,0,0,0,0,0,0,8900313087,9328132095,9370075135,8890595117.63,1139
1790620563,0,763610,0,772.39,1219.99,2250244095,13816037375,27111981055,40265318399,43553652735,216704,44862275583,16011266315.44,13655365085.31,763610,10,10,10,0,0,0,0,0,0,9848225791,10292822015,10343153663,9845956742.30,1220
1790620564,0,764795,0,772.81,1184.71,2279604223,13782482943,27095203839,40265318399,43553652735,216704,44862275583,16003230900.60,13646310903.71,764795,10,10,10,0,0,0,0,0,0,10838081535,11274289151,11307843583,10825236701.22,1185
1790620565,0,765983,0,773.23,1188.52,2311061503,13740539903,27078426623,40265318399,43553652735,216704,44862275583,15996699953.42,13636735874.05,765983,10,10,10,0,0,0,0,0,0,11794382847,12238979071,12280922111,11792292757.12,1188
1790620566,0,767144,0,773.62,1159.90,2340421631,13715374079,27044872191,40265318399,43553652735,216704,44862275583,15991813893.80,13626995133.17,767144,10,10,10,0,0,0,0,0,0,12767461375,13203668991,13245612031,12768180296.32,1161
1790620567,0,768316,0,774.02,1173.15,2371878911,13715374079,27011317759,40231763967,43553652735,216704,44862275583,15988375958.44,13616886494.40,768316,10,10,10,0,0,0,0,0,0,13757317119,14185136127,14218690559,13738041931.14,1172
1790620568,0,769473,0,774.41,1155.80,2403336191,13740539903,26994540543,40231763967,43553652735,216704,44862275583,15986457961.89,13606739419.83,769473,10,10,10,0,0,0,0,0,0,14705229823,15149826047,15191769087,14712795521.88,1157
1790620569,0,770606,0,774.77,1133.53,2430599167,13774094335,26960986111,40231763967,43520098303,216704,44862275583,15986015343.17,13596742184.78,770606,10,10,10,0,0,0,0,0,0,15686696959,16114515967,16156459007,15685412384.99,1133
1790620570,0,771734,0,775.12,1128.18,2464153599,13765705727,26944208895,40231763967,43520098303,216704,44862275583,15975030739.86,13591135157.45,771734,10,10,10,0,0,0,0,0,0,5523898367,16374562815,16416505855,8470774340.99,1128
1790620571,0,772912,0,775.53,1177.64,2497708031,13732151295,26910654463,40231763967,43520098303,216704,44862275583,15960163247.89,13586108903.86,772912,10,10,10,0,0,0,0,0,0,6224347135,6656360447,6694109183,6220138589.88,1178
1790620572,0,774119,0,775.96,1206.89,2529165311,13698596863,26893877247,40231763967,43520098303,216704,44862275583,15946481379.21,13579931840.30,774119,10,10,10,0,0,0,0,0,0,7189037055,7625244671,7662993407,7185188512.77,1207
1790620573,0,775275,0,776.34,1155.88,2560622591,13665042431,26860322815,40198209535,43520098303,216704,44862275583,15934841092.52,13573150845.45,775275,10,10,10,0,0,0,0,0,0,8136949759,8598323199,8631877631,8139886861.29,1156
1790620574,0,776474,0,776.76,1199.99,2589982719,13631487999,26843545599,40198209535,43520098303,216704,44862275583,15924322633.44,13565308832.94,776474,10,10,10,0,0,0,0,0,0,9126805503,9571401727,9604956159,9123072958.24,1199
1790620575,0,777627,0,777.14,1152.04,2619342847,13606322175,26809991167,40198209535,43520098303,216704,44862275583,15915680037.79,13557108011.21,777627,10,10,10,0,0,0,0,0,0,10083106815,10544480255,10578034687,10095427811.36,1153
1790620576,0,778792,0,777.52,1165.10,2646605823,13572767743,26776436735,40198209535,43520098303,216704,44862275583,15908430954.40,13548262888.34,778792,10,10,10,0,0,0,0,0,0,11081351167,11509170175,11542724607,11069733125.93,1165
1790620577,0,779973,0,777.93,1180.89,2675965951,13539213311,26759659519,40198209535,43520098303,216704,44862275583,15902573625.71,13538841763.21,779973,10,10,10,0,0,0,0,0,0,12046041087,12482248703,12524191743,12040049732.50,1181
1790620578,0,781125,0,778.30,1152.04,2707423231,13514047487,26742882303,40198209535,43520098303,216704,44862275583,15898307792.10,13529314178.03,781125,10,10,10,0,0,0,0,0,0,13019119615,13438550015,13488881663,13010082929.78,1152
1790620579,0,782244,0,778.64,1119.80,2736783359,13539213311,26709327871,40164655103,43520098303,216704,44862275583,15895563156.12,13519832327.30,782244,10,10,10,0,0,0,0,0,0,13992198143,14411628543,14453571583,13979652714.61,1119
1790620580,0,783359,0,778.97,1115.20,2761949183,13564379135,26692550655,40164655103,43520098303,216704,44862275583,15894229007.95,13510257520.02,783359,10,10,10,0,0,0,0,0,0,14973665279,15393095679,15426650111,14958238517.04,1115
1790620581,0,784576,0,779.41,1215.99,2795503615,13597933567,26658996223,40164655103,43520098303,216704,44862275583,15894256926.92,13499779808.15,784576,10,10,10,0,0,0,0,0,0,15913189375,16366174207,16399728639,15912227822.33,1217
1790620582,0,785789,0,779.84,1213.67,2826960895,13631487999,26642219007,40164655103,43520098303,216704,44862275583,15895817447.08,13489418888.78,785789,10,10,10,0,0,0,0,0,0,16919822335,17330864127,17364418559,16905171663.25,1213
1790620583,0,786990,0,780.26,1201.34,2860515327,13656653823,26608664575,40164655103,43520098303,216704,44862275583,15898823454.44,13479345820.79,786990,10,10,10,0,0,0,0,0,0,17884512255,18303942655,18337497087,17865590741.37,1201
1790620584,0,788148,0,780.63,1157.77,2889875455,13690208255,26591887359,40164655103,43520098303,216704,44862275583,15903138147.85,13469913798.22,788148,10,10,10,0,0,0,0,0,0,18840813567,19293798399,19310575615,18835452972.21,1158
1790620585,0,789295,0,780.99,1146.51,2919235583,13698596863,26558332927,40131100671,43520098303,216704,44862275583,15902356495.69,13462496944.67,789295,10,10,10,0,0,0,0,0,0,19528679423,19948109823,19981664255,15365253107.50,1147
1790620586,0,790435,0,781.35,1140.23,2948595711,13673431039,26541555711,40131100671,43520098303,216704,44862275583,15887810861.28,13458232952.94,790435,10,10,10,0,0,0,0,0,0,5809111039,6257901567,6299844607,5816936728.25,1140
1790620587,0,791655,0,781.78,1220.34,2975858687,13639876607,26508001279,40131100671,43520098303,216704,44862275583,15873803033.31,13452589413.09,791655,10,10,10,0,0,0,0,0,0,6798966783,7239368703,7264534527,6798165740.70,1220
1790620588,0,792829,0,782.17,1173.82,3003121663,13606322175,26491224063,40131100671,43486543871,216704,44862275583,15861785719.93,13446251565.17,792829,10,10,10,0,0,0,0,0,0,7759462399,8195670015,8233418751,7758236977.28,1174
1790620589,0,794014,0,782.56,1184.83,3032481791,13581156351,26457669631,40131100671,43486543871,216704,44862275583,15851133500.08,13439043212.34,794014,10,10,10,0,0,0,0,0,0,8715763711,9168748543,9202302975,8724223109.94,1185
1790620590,0,795186,0,782.95,1172.10,3061841919,13547601919,26440892415,40131100671,43486543871,216704,44862275583,15842055710.55,13431218701.33,795186,10,10,10,0,0,0,0,0,0,9688842239,10141827071,10175381503,9691977231.73,1172
1790620591,0,796349,0,783.32,1163.27,3091202047,13522436095,26407337983,40097546239,43486543871,216704,44862275583,15834503336.21,13422864687.91,796349,10,10,10,0,0,0,0,0,0,10670309375,11114905599,11148460031,10670666414.78,1163
1790620592,0,797533,0,783.72,1183.20,3122659327,13497270271,26390560767,40097546239,43486543871,216704,44862275583,15828281792.52,13413872152.48,797533,10,10,10,0,0,0,0,0,0,11651776511,12079595519,12121538559,11643720897.73,1184
1790620593,0,798731,0,784.12,1198.50,3156213759,13463715839,26357006335,40097546239,43486543871,216704,44862275583,15823451970.14,13404392406.54,798731,10,10,10,0,0,0,0,0,0,12616466431,13052674047,13094617087,12608140843.59,1198
1790620594,0,799954,0,784.55,1223.02,3187671039,13472104447,26340229119,40097546239,43486543871,216704,44862275583,15820041181.83,13394429990.67,799954,10,10,10,0,0,0,0,0,0,13614710783,14017363967,14059307007,13592484059.37,1223
1790620595,0,801126,0,784.93,1171.72,3223322623,13497270271,26306674687,40097546239,43486543871,216704,44862275583,15818175162.36,13384721806.00,801126,10,10,10,0,0,0,0,0,0,14545846271,14998831103,15032385535,14544514974.14,1172
1790620596,0,802293,0,785.31,1166.63,3250585599,13522436095,26289897471,40063991807,43486543871,216704,44862275583,15817734373.55,13374993041.03,802293,10,10,10,0,0,0,0,0,0,15510536191,15963521023,15997075455,15515140222.35,1167
1790620597,0,803454,0,785.67,1162.02,3277848575,13555990527,26256343039,40063991807,43486543871,216704,44862275583,15818717172.33,13365355141.62,803454,10,10,10,0,0,0,0,0,0,16508780543,16919822335,16970153983,16497866683.20,1161
1790620598,0,804692,0,786.12,1237.48,3313500159,13581156351,26239565823,40063991807,43486543871,216704,44862275583,15821241153.20,13355229417.00,804692,10,10,10,0,0,0,0,0,0,17481859071,17901289471,17951621119,17459288431.25,1238
1790620599,0,805920,0,786.55,1228.05,3340763135,13614710783,26206011391,40063991807,43486543871,216704,44862275583,15825219165.86,13345443709.36,805920,10,10,10,0,0,0,0,0,0,18438160383,18874367999,18907922431,18431957732.48,1228
1790620600,0,807063,0,786.89,1143.08,3370123263,13639876607,26172456959,40063991807,43486543871,216704,44862275583,15830293789.06,13336675144.80,807063,10,10,10,0,0,0,0,0,0,19411238911,19847446527,19881000959,19408369318.19,1143
1790620601,0,808227,0,787.26,1163.71,3401580543,13665042431,26155679743,40063991807,43486543871,216704,44862275583,15836833867.43,13328184928.27,808227,10,10,10,0,0,0,0,0,0,20384317439,20820525055,20854079487,20371417432.85,1164
1790620602,0,809534,0,787.77,1307.24,3430940671,13698596863,26122125311,40030437375,43486543871,216704,44862275583,15845707167.26,13319253972.72,809534,10,10,10,0,0,0,0,0,0,21340618751,21793603583,21827158015,21332807783.42,1307
1790620603,0,810962,0,788.39,1428.49,3443523583,13698596863,26105348095,40030437375,43486543871,216704,44862275583,15842619153.00,13313262431.47,810962,10,10,10,0,0,0,0,0,0,21911044095,22330474495,22364028927,14092022138.62,1428
1790620604,0,811631,0,788.27,668.88,3395289087,13690208255,26088570879,40030437375,43486543871,216704,44862275583,15830356045.71,13314639955.91,811631,10,10,10,0,0,0,0,0,0,925368319,2204106751,2325741567,965013716.76,669
1790620605,0,811831,0,787.70,199.86,3378511871,13681819647,26088570879,40030437375,43486543871,216704,44862275583,15826456872.85,13315316800.18,811831,10,10,10,0,0,0,0,0,0,2908159,5459967,5976063,3009041.28,200
1790620606,0,812031,0,787.13,200.06,3363831807,13673431039,26071793663,40030437375,43486543871,216704,44862275583,15822559702.16,13315992038.98,812031,10,10,10,0,0,0,0,0,0,3061759,5967871,6660095,3339808.00,200
1790620607,0,812231,0,786.57,200.11,3349151743,13673431039,26071793663,40030437375,43486543871,216704,44862275583,15818664311.46,13316665936.73,812231,10,10,10,0,0,0,0,0,0,2551807,4857855,5926911,2774266.88,200
1790620608,0,812431,0,786.00,200.00,3334471679,13665042431,26071793663,40030437375,43486543871,216704,44862275583,15814770842.56,13317338325.38,812431,10,10,10,0,0,0,0,0,0,2721791,4562943,5107711,2790167.04,200
1790620609,0,812631,0,785.43,199.87,3323985919,13665042431,26071793663,40030437375,43486543871,216704,44862275583,15810879327.75,13318009167.10,812631,10,10,10,0,0,0,0,0,0,2863103,4702207,5287935,2942985.60,200
1790620610,0,812831,0,784.87,200.14,3307208703,13656653823,26071793663,40030437375,43486543871,216704,44862275583,15806989692.22,13318678551.16,812831,10,10,10,0,0,0,0,0,0,2762751,4825087,5869567,2797655.04,200
1790620611,0,813031,0,784.30,199.90,3288334335,13648265215,26055016447,40030437375,43486543871,216704,44862275583,15803102033.76,13319346362.01,813031,10,10,10,0,0,0,0,0,0,2871295,4812799,8486911,3055453.44,200
1790620612,0,813231,0,783.74,200.02,3275751423,13648265215,26055016447,40030437375,43486543871,216704,44862275583,15799216316.64,13320012642.54,813231,10,10,10,0,0,0,0,0,0,2998271,5447679,5939199,3173914.88,200
1790620613,0,813431,0,783.18,200.00,3258974207,13639876607,26055016447,40030437375,43486543871,216704,44862275583,15795332446.41,13320677505.20,813431,10,10,10,0,0,0,0,0,0,2779135,4833279,6914047,2914106.88,200
1790620614,0,813631,0,782.62,199.90,3246391295,13639876607,26038239231,40030437375,43486543871,216704,44862275583,15791450489.53,13321340871.66,813631,10,10,10,0,0,0,0,0,0,2902015,5021695,5828607,2930156.16,200
1790620615,0,813831,0,782.06,200.02,3233808383,13631487999,26038239231,40030437375,43486543871,216704,44862275583,15787570492.58,13322002687.18,813831,10,10,10,0,0,0,0,0,0,2777087,5885951,9764863,3141516.80,200
1790620616,0,814031,0,781.50,200.00,3217031167,13631487999,26038239231,40030437375,43486543871,216704,44862275583,15783692407.35,13322663009.37,814031,10,10,10,0,0,0,0,0,0,3176447,5488639,5935103,3162508.80,200
1790620617,0,814231,0,780.94,200.11,3198156799,13623099391,26038239231,40030437375,43486543871,216704,44862275583,15779816225.93,13323321848.09,814231,10,10,10,0,0,0,0,0,0,2969599,5705727,8658943,3157024.00,200
1790620618,0,814431,0,780.38,199.93,3183476735,13614710783,26038239231,40030437375,43486543871,216704,44862275583,15775942049.45,13323979084.06,814431,10,10,10,0,0,0,0,0,0,3397631,5513215,6893567,3569105.92,200
1790620619,0,814631,0,779.83,200.08,3166699519,13614710783,26021462015,40030437375,43486543871,216704,44862275583,15772069680.76,13324634951.16,814631,10,10,10,0,0,0,0,0,0,3045375,5419007,7671807,3184160.00,200
1790620620,0,814831,0,779.27,199.92,3152019455,13606322175,26021462015,40030437375,43486543871,216704,44862275583,15768199166.57,13325289394.49,814831,10,10,10,0,0,0,0,0,0,3010559,4759551,6008831,2994951.04,200
1790620621,0,815031,0,778.72,200.00,3137339391,13606322175,26021462015,39996882943,43486543871,216704,44862275583,15764330571.23,13325942338.36,815031,10,10,10,0,0,0,0,0,0,3125247,4947967,5402623,3073483.52,200
1790620622,0,815231,0,778.17,200.03,3118465023,13597933567,26021462015,39996882943,43486543871,216704,44862275583,15760463859.99,13326593824.31,815231,10,10,10,0,0,0,0,0,0,2807807,5701631,6688767,3016241.28,200
1790620623,0,815431,0,777.62,200.10,3103784959,13597933567,26004684799,39996882943,43486543871,216704,44862275583,15756599102.17,13327243770.84,815431,10,10,10,0,0,0,0,0,0,3209215,5005311,5599231,3247188.48,200
1790620624,0,815631,0,777.06,199.87,3089104895,13589544959,26004684799,39996882943,43486543871,216704,44862275583,15752736229.76,13327892258.84,815631,10,10,10,0,0,0,0,0,0,3280895,4792319,5586943,3206675.84,200
1790620625,0,815831,0,776.52,200.12,3076521983,13589544959,26004684799,39996882943,43486543871,216704,44862275583,15748875241.06,13328539290.75,815831,10,10,10,0,0,0,0,0,0,3223551,5472255,6049791,3164878.08,200
1790620626,0,816031,0,775.97,200.01,3057647615,13581156351,25987907583,39996882943,43486543871,216704,44862275583,15745016143.68,13329184858.04,816031,10,10,10,0,0,0,0,0,0,2887679,6041599,8003583,3159759.36,200
1790620627,0,816231,0,775.42,200.00,3045064703,13581156351,25987907583,39996882943,43486543871,216704,44862275583,15741158895.07,13329829011.36,816231,10,10,10,0,0,0,0,0,0,2932735,4636671,5525503,2986686.08,200
1790620628,0,816431,0,774.87,199.85,3030384639,13572767743,25987907583,39996882943,43486543871,216704,44862275583,15737303484.65,13330471763.60,816431,10,10,10,0,0,0,0,0,0,2815999,4280319,4616191,2775983.36,200
1790620629,0,816631,0,774.33,200.01,3013607423,13564379135,25987907583,39996882943,43486543871,216704,44862275583,15733449988.05,13331113025.94,816631,10,10,10,0,0,0,0,0,0,2762751,5242879,6877183,2879573.12,200
1790620630,0,816831,0,773.78,200.00,3003121663,13564379135,25987907583,39996882943,43486543871,216704,44862275583,15729598410.70,13331752792.42,816831,10,10,10,0,0,0,0,0,0,2940927,5095423,6955007,3011085.76,200
1790620631,0,817031,0,773.24,199.99,2988441599,13555990527,25971130367,39996882943,43486543871,216704,44862275583,15725748707.60,13332391116.58,817031,10,10,10,0,0,0,0,0,0,2670591,5926911,6762495,2964562.24,200
1790620632,0,817231,0,772.70,200.15,2973761535,13547601919,25971130367,39996882943,43486543871,216704,44862275583,15721900899.17,13333027974.78,817231,10,10,10,0,0,0,0,0,0,2912255,4890623,5799935,3007046.40,200
1790620633,0,817431,0,772.16,199.87,2959081471,13547601919,25971130367,39996882943,43486543871,216704,44862275583,15718055035.35,13333663308.62,817431,10,10,10,0,0,0,0,0,0,3211263,5246975,6651903,3259352.32,200
1790620634,0,817631,0,771.62,200.02,2946498559,13539213311,25954353151,39996882943,43452989439,216704,44862275583,15714210966.10,13334297295.36,817631,10,10,10,0,0,0,0,0,0,2897919,4915199,6352895,2904110.08,200
1790620635,0,817831,0,771.08,200.07,2933915647,13539213311,25954353151,39996882943,43452989439,216704,44862275583,15710368772.30,13334929840.10,817831,10,10,10,0,0,0,0,0,0,2873343,4976639,5836799,2884968.96,200
1790620636,0,818031,0,770.54,200.02,2917138431,13530824703,25954353151,39996882943,43452989439,216704,44862275583,15706528495.12,13335560894.77,818031,10,10,10,0,0,0,0,0,0,3018751,4710399,5132287,3039884.80,200
1790620637,0,818231,0,770.01,199.91,2902458367,13530824703,25954353151,39996882943,43452989439,216704,44862275583,15702690170.18,13336190417.93,818231,10,10,10,0,0,0,0,0,0,3106815,5455871,7053311,3346216.96,200
1790620638,0,818431,0,769.47,199.96,2887778303,13522436095,25937575935,39996882943,43452989439,216704,44862275583,15698853602.93,13336818639.03,818431,10,10,10,0,0,0,0,0,0,2772991,4878335,5365759,2862297.60,200
1790620639,0,818631,0,768.93,200.01,2873098239,13522436095,25937575935,39996882943,43452989439,216704,44862275583,15695018920.41,13337445408.90,818631,10,10,10,0,0,0,0,0,0,2799615,4812799,5689343,2903696.64,200
1790620640,0,818831,0,768.40,200.01,2858418175,13514047487,25937575935,39996882943,43452989439,216704,44862275583,15691186051.55,13338070811.61,818831,10,10,10,0,0,0,0,0,0,2615295,4452351,5312511,2659686.40,200
1790620641,0,819031,0,767.87,199.98,2841640959,13514047487,25937575935,39996882943,43452989439,216704,44862275583,15687355070.58,13338694760.21,819031,10,10,10,0,0,0,0,0,0,2654207,4825087,5349375,2725195.52,200
1790620642,0,819231,0,767.34,200.11,2824863743,13505658879,25937575935,39996882943,43452989439,216704,44862275583,15683525989.91,13339317240.57,819231,10,10,10,0,0,0,0,0,0,2820095,4411391,5742591,2847118.08,200
1790620643,0,819431,0,766.80,199.96,2810183679,13505658879,25920798719,39996882943,43452989439,216704,44862275583,15679698751.09,13339938321.83,819431,10,10,10,0,0,0,0,0,0,2519039,5320703,6975487,2735317.76,200
1790620644,0,819631,0,766.28,200.08,2795503615,13497270271,25920798719,39996882943,43452989439,216704,44862275583,15675873432.37,13340557912.44,819631,10,10,10,0,0,0,0,0,0,2721791,5488639,8470527,2949726.08,200
1790620645,0,819831,0,765.75,199.86,2778726399,13488881663,25920798719,39996882943,43452989439,216704,44862275583,15672050012.33,13341176038.06,819831,10,10,10,0,0,0,0,0,0,3010559,5238783,7929855,3082040.32,200
1790620646,0,820031,0,765.22,200.03,2761949183,13488881663,25904021503,39996882943,43452989439,216704,44862275583,15668228337.84,13341792878.91,820031,10,10,10,0,0,0,0,0,0,2465791,4620287,5132287,2592248.96,200
1790620647,0,820231,0,764.69,200.08,2747269119,13480493055,25904021503,39996882943,43452989439,216704,44862275583,15664408837.39,13342407932.34,820231,10,10,10,0,0,0,0,0,0,3784703,6283263,7327743,3864981.76,200
1790620648,0,820431,0,764.17,200.01,2734686207,13480493055,25904021503,39996882943,43452989439,216704,44862275583,15660591034.61,13343021758.07,820431,10,10,10,0,0,0,0,0,0,3203071,5206015,6017023,3190080.64,200
1790620649,0,820631,0,763.64,199.99,2720006143,13472104447,25904021503,39963328511,43452989439,216704,44862275583,15656775131.26,13343634119.68,820631,10,10,10,0,0,0,0,0,0,3416063,5603327,6692863,3348131.20,200
1790620650,0,820831,0,763.12,199.94,2705326079,13472104447,25887244287,39963328511,43452989439,216704,44862275583,15652961008.93,13344245156.48,820831,10,10,10,0,0,0,0,0,0,3076095,5066751,6291455,3025902.08,200
1790620651,0,821031,0,762.59,199.94,2688548863,13463715839,25887244287,39963328511,43452989439,216704,44862275583,15649148763.41,13344854756.50,821031,10,10,10,0,0,0,0,0,0,2887679,5894143,6385663,3102241.28,200
1790620652,0,821231,0,762.07,200.06,2671771647,13463715839,25887244287,39963328511,43452989439,216704,44862275583,15645338428.41,13345462880.67,821231,10,10,10,0,0,0,0,0,0,3162111,5201919,10788863,3322656.00,200
1790620653,0,821431,0,761.55,199.98,2657091583,13455327231,25887244287,39963328511,43452989439,216704,44862275583,15641529842.17,13346069718.97,821431,10,10,10,0,0,0,0,0,0,2723839,5189631,6488063,2884384.00,200
1790620654,0,821631,0,761.03,200.09,2642411519,13455327231,25870467071,39963328511,43452989439,216704,44862275583,15637723069.19,13346675196.15,821631,10,10,10,0,0,0,0,0,0,2603007,4567039,5210111,2716412.16,200
1790620655,0,822404,0,761.04,773.07,2587885567,13430161407,25853689855,39963328511,43452989439,216704,44862275583,15623279531.39,13348710842.66,822404,10,10,10,0,0,0,0,0,0,259391487,579862527,605028351,271069428.24,773
1790620656,0,823552,0,761.40,1147.07,2499805183,13404995583,25836912639,39963328511,43452989439,216704,44862275583,15603038403.24,13350404859.92,823552,10,10,10,0,0,0,0,0,0,1101004799,1550843903,1580204031,1102703255.64,1148
1790620657,0,824719,0,761.77,1167.52,2426404863,13371441151,25820135423,39963328511,43452989439,216704,44862275583,15583923733.25,13350620164.21,824719,10,10,10,0,0,0,0,0,0,2099249151,2537553919,2573205503,2094699482.27,1167
1790620658,0,825895,0,762.16,1175.33,2453667839,13346275327,25786580991,39929774079,43452989439,216704,44862275583,15566114422.66,13349449759.09,825895,10,10,10,0,0,0,0,0,0,3093299199,3516923903,3552575487,3076593315.70,1176
1790620659,0,827116,0,762.58,1222.05,2485125119,13321109503,25769803775,39929774079,43452989439,216704,44862275583,15549118355.91,13346919044.02,827116,10,10,10,0,0,0,0,0,0,4057989119,4496293887,4534042623,4052831259.68,1221
1790620660,0,828214,0,762.89,1097.15,2510290943,13287555071,25736249343,39929774079,43452989439,216704,44862275583,15535162062.10,13343571835.55,828214,10,10,10,0,0,0,0,0,0,5028970495,5469372415,5511315455,5021979989.33,1098
1790620661,0,829391,0,763.27,1177.16,2537553919,13262389247,25702694911,39929774079,43452989439,216704,44862275583,15521648362.66,13338922363.94,829391,10,10,10,0,0,0,0,0,0,6023020543,6459228159,6496976895,6012527656.89,1177
1790620662,0,830544,0,763.63,1153.77,2564816895,13237223423,25685917695,39929774079,43452989439,216704,44862275583,15509792139.35,13333456876.48,830544,10,10,10,0,0,0,0,0,0,6979321855,7432306687,7474249727,6981218932.79,1153
1790620663,0,831754,0,764.04,1209.26,2587885567,13203668991,25652363263,39929774079,43452989439,216704,44862275583,15498824898.50,13326857028.57,831754,10,10,10,0,0,0,0,0,0,7977566207,8409579519,8455716863,7970910783.47,1210
1790620664,0,832960,0,764.44,1206.64,2617245695,13178503167,25635586047,39896219647,43452989439,216704,44862275583,15489352017.81,13319533704.62,832960,10,10,10,0,0,0,0,0,0,8959033343,9403629567,9437183999,8956096287.84,1206
1790620665,0,834169,0,764.85,1208.01,2640314367,13153337343,25618808831,39896219647,43452989439,216704,44862275583,15481300753.07,13311559857.42,834169,10,10,10,0,0,0,0,0,0,9948889087,10376708095,10418651135,9934252389.43,1209
1790620666,0,835337,0,765.22,1169.08,2665480191,13119782911,25585254399,39896219647,43452989439,216704,44862275583,15474906689.94,13303351972.73,835337,10,10,10,0,0,0,0,0,0,10930356223,11349786623,11391729663,10908357674.08,1168
1790620667,0,836482,0,765.57,1144.78,2692743167,13094617087,25568477183,39896219647,43452989439,216704,44862275583,15470003483.03,13294907488.55,836482,10,10,10,0,0,0,0,0,0,11903434751,12339642367,12381585407,11892859244.88,1145
1790620668,0,837645,0,765.93,1163.19,2720006143,13061062655,25534922751,39896219647,43452989439,216704,44862275583,15456602511.34,13291167665.70,837645,10,10,10,0,0,0,0,0,0,4114612223,12524191743,12566134783,5818019878.74,1163
1790620669,0,838770,0,766.26,1125.01,2743074815,13035896831,25518145535,39896219647,43452989439,216704,44862275583,15442423449.77,13287889073.30,838770,10,10,10,0,0,0,0,0,0,4890558463,5309988863,5356126207,4885072314.37,1125
1790620670,0,839945,0,766.63,1174.96,2770337791,13010731007,25484591103,39862665215,43419435007,216704,44862275583,15429013854.87,13283428288.09,839945,10,10,10,0,0,0,0,0,0,5863636991,6295650303,6333399039,5856617333.43,1175
1790620671,0,841140,0,767.02,1195.13,2797600767,12977176575,25467813887,39862665215,43419435007,216704,44862275583,15416804742.48,13277939384.60,841140,10,10,10,0,0,0,0,0,0,6836715519,7285506047,7319060479,6835229086.74,1195
1790620672,0,842337,0,767.41,1196.73,2822766591,12952010751,25434259455,39862665215,43419435007,216704,44862275583,15406003374.05,13271595111.06,842337,10,10,10,0,0,0,0,0,0,7805599743,8254390271,8292139007,7815808686.94,1197
1790620673,0,843490,0,767.77,1152.83,2852126719,12926844927,25417482239,39862665215,43419435007,216704,44862275583,15396957439.56,13264778946.51,843490,10,10,10,0,0,0,0,0,0,8799649791,9227468799,9269411839,8788349180.23,1153
1790620674,0,844665,0,768.14,1175.31,2879389695,12893290495,25383927807,39862665215,43419435007,216704,44862275583,15389138595.08,13257209020.07,844665,10,10,10,0,0,0,0,0,0,9781116927,10208935935,10250878975,9776272953.08,1175
1790620675,0,845809,0,768.48,1144.12,2904555519,12868124671,25367150591,39862665215,43419435007,216704,44862275583,15382880615.78,13249335840.06,845809,10,10,10,0,0,0,0,0,0,10762584063,11198791679,11240734719,10762342084.92,1144
1790620676,0,846946,0,768.81,1136.76,2931818495,12842958847,25333596159,39829110783,43419435007,216704,44862275583,15377983595.38,13241117141.71,846946,10,10,10,0,0,0,0,0,0,11727273983,12188647423,12213813247,11735112942.66,1137
1790620677,0,848119,0,769.18,1172.72,2954887167,12834570239,25316818943,39829110783,43419435007,216704,44862275583,15374309926.92,13232329938.51,848119,10,10,10,0,0,0,0,0,0,12725518335,13170114559,13203668991,12721796025.29,1173
1790620678,0,849262,0,769.52,1143.34,2980052991,12834570239,25283264511,39829110783,43419435007,216704,44862275583,15367191350.80,13225678060.85,849262,10,10,10,0,0,0,0,0,0,13287555071,13715374079,13748928511,10085126907.30,1143
1790620679,0,850472,0,769.92,1209.48,3003121663,12809404415,25266487295,39829110783,43419435007,216704,44862275583,15353822103.21,13221015941.39,850472,10,10,10,0,0,0,0,0,0,5964300287,6417285119,6455033855,5970356031.05,1210
1790620680,0,851676,0,770.31,1203.52,3030384639,12784238591,25232932863,39829110783,43419435007,216704,44862275583,15341948208.20,13215440211.69,851676,10,10,10,0,0,0,0,0,0,6958350335,7394557951,7428112383,6954560134.38,1204
1790620681,0,852817,0,770.64,1142.08,3055550463,12759072767,25216155647,39829110783,43419435007,216704,44862275583,15332027447.91,13209381806.63,852817,10,10,10,0,0,0,0,0,0,7931428863,8363442175,8413773823,7926879827.01,1141
1790620682,0,853933,0,770.95,1115.73,3080716287,12733906943,25182601215,39829110783,43419435007,216704,44862275583,15323626001.77,13202794084.97,853933,10,10,10,0,0,0,0,0,0,8908701695,9353297919,9386852351,8903468211.84,1116
1790620683,0,855115,0,771.33,1182.23,3107979263,12700352511,25165823999,39795556351,43419435007,216704,44862275583,15316121803.51,13195211793.80,855115,10,10,10,0,0,0,0,0,0,9906946047,10334765055,10376708095,9894732177.98,1182
1790620684,0,856274,0,771.68,1158.84,3137339391,12675186687,25132269567,39795556351,43419435007,216704,44862275583,15310117917.93,13187291057.22,856274,10,10,10,0,0,0,0,0,0,10888413183,11307843583,11358175231,10880426273.79,1159
1790620685,0,857464,0,772.05,1189.42,3162505215,12650020863,25115492351,39795556351,43419435007,216704,44862275583,15305314209.99,13178771368.20,857464,10,10,10,0,0,0,0,0,0,11853103103,12297699327,12331253759,11848767814.99,1190
1790620686,0,858641,0,772.42,1177.40,3189768191,12658409471,25081937919,39795556351,43419435007,216704,44862275583,15301931797.32,13170056303.17,858641,10,10,10,0,0,0,0,0,0,12851347455,13279166463,13312720895,12837788129.98,1177
1790620687,0,859809,0,772.77,1168.31,3217031167,12683575295,25065160703,39795556351,43419435007,216704,44862275583,15299901101.62,13161226959.64,859809,10,10,10,0,0,0,0,0,0,13816037375,14243856383,14294188031,13807059841.75,1168
1790620688,0,860965,0,773.12,1155.36,3242196991,12700352511,25031606271,39795556351,43419435007,216704,44862275583,15295545970.61,13153835933.59,860965,10,10,10,0,0,0,0,0,0,14537457663,14948499455,14982053887,12056289194.96,1156
1790620689,0,862162,0,773.50,1197.55,3267362815,12666798079,25014829055,39762001919,43419435007,216704,44862275583,15282410078.46,13149425801.28,862162,10,10,10,0,0,0,0,0,0,5842665471,6266290175,6312427519,5834169991.59,1197
1790620690,0,863363,0,773.88,1200.81,3292528639,12641632255,24981274623,39762001919,43419435007,216704,44862275583,15270629920.38,13144071086.57,863363,10,10,10,0,0,0,0,0,0,6819938303,7260340223,7293894655,6814006559.33,1201
1790620691,0,864543,0,774.24,1180.00,3323985919,12624855039,24964497407,39762001919,43385880575,216704,44862275583,15260412918.56,13138009194.78,864543,10,10,10,0,0,0,0,0,0,7767851007,8237613055,8275361791,7785005000.46,1180
1790620692,0,865727,0,774.61,1184.05,3344957439,12591300607,24930942975,39762001919,43385880575,216704,44862275583,15251558308.69,13131206269.99,865727,10,10,10,0,0,0,0,0,0,8799649791,9219080191,9252634623,8786025388.97,1184
1790620693,0,866891,0,774.96,1164.25,3370123263,12566134783,24914165759,39762001919,43385880575,216704,44862275583,15244169809.17,13123938519.49,866891,10,10,10,0,0,0,0,0,0,9755951103,10192158719,10234101759,9748960597.33,1164
1790620694,0,868086,0,775.33,1194.37,3401580543,12540968959,24880611327,39762001919,43385880575,216704,44862275583,15237969809.41,13115969493.93,868086,10,10,10,0,0,0,0,0,0,10745806847,11173625855,11215568895,10740292829.94,1195
1790620695,0,869214,0,775.65,1128.70,3422552063,12515803135,24863834111,39728447487,43385880575,216704,44862275583,15233390501.12,13108075714.19,869214,10,10,10,0,0,0,0,0,0,11718885375,12155092991,12197036031,11709247400.85,1128
1790620696,0,870393,0,776.01,1178.32,3447717887,12524191743,24847056895,39728447487,43385880575,216704,44862275583,15229951179.88,13099531844.27,870393,10,10,10,0,0,0,0,0,0,12691963903,13144948735,13178503167,12694322532.97,1179
1790620697,0,871538,0,776.34,1145.49,3474980863,12549357567,24830279679,39728447487,43385880575,216704,44862275583,15227901964.05,13091050111.57,871538,10,10,10,0,0,0,0,0,0,13673431039,14109638655,14159970303,13670152522.90,1145
1790620698,0,872723,0,776.70,1184.30,3500146687,12574523391,24796725247,39728447487,43385880575,216704,44862275583,15227129277.61,13082180495.03,872723,10,10,10,0,0,0,0,0,0,14663286783,15099494399,15141437439,14658837636.21,1185
1790620699,0,873884,0,777.04,1160.88,3527409663,12599689215,24779948031,39728447487,43385880575,216704,44862275583,15227687727.62,13073500354.93,873884,10,10,10,0,0,0,0,0,0,15661531135,16089350143,16114515967,15647474256.70,1161
1790620700,0,875069,0,777.40,1185.91,3550478335,12624855039,24763170815,39728447487,43385880575,216704,44862275583,15229580456.01,13064750907.55,875069,10,10,10,0,0,0,0,0,0,16626221055,17070817279,17095983103,16625382195.20,1185
1790620701,0,876292,0,777.80,1221.88,3579838463,12650020863,24729616383,39728447487,43385880575,216704,44862275583,15232878151.68,13055933065.72,876292,10,10,10,0,0,0,0,0,0,17599299583,18052284415,18085838847,17592413106.13,1223
1790620702,0,877468,0,778.15,1177.03,3607101439,12650020863,24712839167,39694893055,43385880575,216704,44862275583,15228279271.78,13049976750.36,877468,10,10,10,0,0,0,0,0,0,5511315455,18538823679,18572378111,11801441119.78,1176
1790620703,0,878645,0,778.51,1176.12,3630170111,12624855039,24696061951,39694893055,43385880575,216704,44862275583,15215904651.54,13045613748.58,878645,10,10,10,0,0,0,0,0,0,5981077503,6442450943,6480199679,5990472816.23,1177
1790620704,0,879817,0,778.85,1172.25,3655335935,12599689215,24662507519,39694893055,43385880575,216704,44862275583,15204917669.89,13040396365.24,879817,10,10,10,0,0,0,0,0,0,6962544639,7419723775,7465861119,6968009402.98,1172
1790620705,0,880926,0,779.15,1109.06,3678404607,12574523391,24645730303,39694893055,43385880575,216704,44862275583,15195800505.48,13034719137.23,880926,10,10,10,0,0,0,0,0,0,7977566207,8401190911,8438939647,7962765118.10,1109
1790620706,0,882118,0,779.51,1192.22,3703570431,12557746175,24628953087,39694893055,43385880575,216704,44862275583,15187344430.48,13027941809.95,882118,10,10,10,0,0,0,0,0,0,8933867519,9395240959,9428795391,8938035433.66,1192
1790620707,0,883232,0,779.81,1114.29,3722444799,12532580351,24612175871,39694893055,43385880575,216704,44862275583,15180709289.46,13021065663.21,883232,10,10,10,0,0,0,0,0,0,9923723263,10359930879,10401873919,9926690150.49,1114
1790620708,0,884412,0,780.16,1179.50,3745513471,12507414527,24578621439,39694893055,43385880575,216704,44862275583,15174998035.26,13013318589.76,884412,10,10,10,0,0,0,0,0,0,10905190399,11349786623,11383341055,10900114581.26,1180
1790620709,0,885603,0,780.52,1190.91,3768582143,12482248703,24561844223,39661338623,43352326143,216704,44862275583,15170557360.54,13005132252.54,885603,10,10,10,0,0,0,0,0,0,11878268927,12322865151,12364808191,11873004037.59,1191
1790620710,0,886783,0,780.87,1180.43,3789553663,12499025919,24545067007,39661338623,43352326143,216704,44862275583,15167477040.10,12996754744.95,886783,10,10,10,0,0,0,0,0,0,12859736063,13295943679,13337886719,12855662612.83,1180
1790620711,0,887951,0,781.21,1167.18,3814719487,12524191743,24511512575,39661338623,43352326143,216704,44862275583,15165730227.12,12988297326.63,887951,10,10,10,0,0,0,0,0,0,13841203199,14285799423,14327742463,13839493877.48,1168
1790620712,0,889070,0,781.51,1119.45,3837788159,12532580351,24494735359,39661338623,43352326143,216704,44862275583,15161559640.62,12981561176.11,889070,10,10,10,0,0,0,0,0,0,14529069055,14965276671,14998831103,11852107940.72,1119
1790620713,0,890209,0,781.82,1139.07,3860856831,12507414527,24477958143,39661338623,43352326143,216704,44862275583,15149629082.54,12977539078.21,890209,10,10,10,0,0,0,0,0,0,5846859775,6278873087,6320816127,5836985301.75,1139
1790620714,0,891349,0,782.14,1139.97,3883925503,12490637311,24444403711,39661338623,43352326143,216704,44862275583,15138977051.44,12972656718.00,891349,10,10,10,0,0,0,0,0,0,6815743999,7264534527,7302283263,6820964804.72,1140
1790620715,0,892554,0,782.51,1205.34,3911188479,12465471487,24427626495,39627784191,43352326143,216704,44862275583,15129060316.47,12966706426.61,892554,10,10,10,0,0,0,0,0,0,7793016831,8246001663,8283750399,7793565050.16,1205
1790620716,0,893714,0,782.84,1160.26,3932159999,12448694271,24394072063,39627784191,43352326143,216704,44862275583,15120820499.44,12960308191.04,893714,10,10,10,0,0,0,0,0,0,8774483967,9219080191,9269411839,8780750113.54,1160
1790620717,0,894863,0,783.16,1148.38,3957325823,12423528447,24377294847,39627784191,43352326143,216704,44862275583,15113940641.86,12953410100.15,894863,10,10,10,0,0,0,0,0,0,9764339711,10200547327,10242490367,9762656879.85,1149
1790620718,0,896065,0,783.53,1201.52,3980394495,12406751231,24360517631,39627784191,43352326143,216704,44862275583,15108078984.27,12945711494.41,896065,10,10,10,0,0,0,0,0,0,10745806847,11190403071,11232346111,10744201706.70,1202
1790620719,0,897257,0,783.88,1192.48,4003463167,12381585407,24343740415,39627784191,43352326143,216704,44862275583,15103592253.69,12937698360.01,897257,10,10,10,0,0,0,0,0,0,11727273983,12171870207,12205424639,11730771583.14,1192
1790620720,0,898467,0,784.26,1210.26,4026531839,12398362623,24310185983,39627784191,43352326143,216704,44862275583,15100350172.55,12929289036.19,898467,10,10,10,0,0,0,0,0,0,12691963903,13144948735,13178503167,12696234468.07,1210
1790620721,0,899696,0,784.64,1228.36,4051697663,12415139839,24293408767,39594229759,43352326143,216704,44862275583,15098443059.89,12920562382.12,899696,10,10,10,0,0,0,0,0,0,13715374079,14134804479,14168358911,13704238185.82,1229
1790620722,0,901083,0,785.17,1387.67,4076863487,12440305663,24259854335,39594229759,43352326143,216704,44862275583,15097793122.11,12910629853.04,901083,10,10,10,0,0,0,0,0,0,14688452607,15116271615,15149826047,14676202337.27,1387
1790620723,0,902622,0,785.82,1539.02,4089446399,12448694271,24226299903,39594229759,43352326143,216704,44862275583,15092956573.38,12901916103.33,902622,10,10,10,0,0,0,0,0,0,15393095679,15820914687,15854469119,12261162007.29,1539
1790620724,0,903444,0,785.86,821.63,4043309055,12440305663,24209522687,39594229759,43352326143,216704,44862275583,15080457737.15,12902729129.34,903444,10,10,10,0,0,0,0,0,0,1349517311,2948595711,3087007743,1355731993.54,822
1790620725,0,903644,0,785.35,200.05,4032823295,12431917055,24209522687,39594229759,43352326143,216704,44862275583,15077120573.64,12903250724.86,903644,10,10,10,0,0,0,0,0,0,2344959,4251647,5021695,2418839.68,200
1790620726,0,903844,0,784.84,199.95,4018143231,12431917055,24209522687,39594229759,43352326143,216704,44862275583,15073784861.77,12903771235.46,903844,10,10,10,0,0,0,0,0,0,2322431,3649535,4845567,2304776.32,200
1790620727,0,904044,0,784.33,200.04,4007657471,12431917055,24209522687,39594229759,43352326143,216704,44862275583,15070450522.30,12904290753.94,904044,10,10,10,0,0,0,0,0,0,1765375,3350527,4069375,1836911.36,200
1790620728,0,904244,0,783.82,199.94,3997171711,12423528447,24209522687,39594229759,43352326143,216704,44862275583,15067117620.78,12904809203.98,904244,10,10,10,0,0,0,0,0,0,1574911,3049471,4073471,1669509.76,200
1790620729,0,904444,0,783.32,200.00,3986685951,12423528447,24192745471,39594229759,43352326143,216704,44862275583,15063786193.42,12905326543.57,904444,10,10,10,0,0,0,0,0,0,1654783,3045375,3665919,1670177.28,200
1790620730,0,904644,0,782.81,200.10,3974103039,12415139839,24192745471,39594229759,43352326143,216704,44862275583,15060456197.54,12905842822.79,904644,10,10,10,0,0,0,0,0,0,1464319,2312191,2693119,1482218.24,200
1790620731,0,904844,0,782.31,199.96,3963617279,12415139839,24192745471,39594229759,43352326143,216704,44862275583,15057127688.09,12906357977.78,904844,10,10,10,0,0,0,0,0,0,1384447,3041279,4976639,1547192.96,200
1790620732,0,905044,0,781.81,199.96,3951034367,12415139839,24192745471,39594229759,43352326143,216704,44862275583,15053800660.85,12906872013.77,905044,10,10,10,0,0,0,0,0,0,1487871,2977791,3594239,1597456.64,200
1790620733,0,905244,0,781.31,200.13,3940548607,12406751231,24175968255,39594229759,43352326143,216704,44862275583,15050475125.96,12907384919.22,905244,10,10,10,0,0,0,0,0,0,1710079,2631679,3031039,1698151.04,200
1790620734,0,905444,0,780.80,199.83,3925868543,12406751231,24175968255,39594229759,43352326143,216704,44862275583,15047151033.06,12907896753.15,905444,10,10,10,0,0,0,0,0,0,1472511,2627583,4829183,1575288.96,200
1790620735,0,905644,0,780.30,200.14,3915382783,12398362623,24175968255,39594229759,43352326143,216704,44862275583,15043828393.21,12908407502.92,905644,10,10,10,0,0,0,0,0,0,1499135,2435071,2813951,1506778.88,200
1790620736,0,905844,0,779.80,199.88,3902799871,12398362623,24175968255,39594229759,43352326143,216704,44862275583,15040507199.43,12908917176.92,905844,10,10,10,0,0,0,0,0,0,1376255,2326527,2869247,1411109.76,200
1790620737,0,906044,0,779.31,200.11,3888119807,12389974015,24175968255,39594229759,43352326143,216704,44862275583,15037187524.79,12909425690.32,906044,10,10,10,0,0,0,0,0,0,1563647,2609151,4440063,1650740.48,200
1790620738,0,906244,0,778.81,199.93,3877634047,12389974015,24159191039,39594229759,43352326143,216704,44862275583,15033869298.65,12909933125.68,906244,10,10,10,0,0,0,0,0,0,1531903,2598911,3035135,1574879.04,200
1790620739,0,906444,0,778.31,199.98,3867148287,12389974015,24159191039,39594229759,43352326143,216704,44862275583,15030552532.40,12910439470.02,906444,10,10,10,0,0,0,0,0,0,1499135,2426879,2955263,1554970.88,200
1790620740,0,906644,0,777.81,200.08,3852468223,12381585407,24159191039,39594229759,43352326143,216704,44862275583,15027237172.51,12910944785.92,906644,10,10,10,0,0,0,0,0,0,1212415,2330623,3133439,1296769.28,200
1790620741,0,906844,0,777.32,199.89,3841982463,12381585407,24159191039,39594229759,43352326143,216704,44862275583,15023923305.06,12911448973.42,906844,10,10,10,0,0,0,0,0,0,1374207,2254847,2770943,1433128.32,200
1790620742,0,907044,0,776.82,200.09,3831496703,12373196799,24142413823,39594229759,43352326143,216704,44862275583,15020610841.34,12911952136.04,907044,10,10,10,0,0,0,0,0,0,1141759,1868799,2224127,1171591.68,200
1790620743,0,907244,0,776.33,200.02,3818913791,12373196799,24142413823,39594229759,43352326143,216704,44862275583,15017299841.49,12912454204.06,907244,10,10,10,0,0,0,0,0,0,1103871,2226175,2533375,1187086.08,200
1790620744,0,907444,0,775.84,199.98,3806330879,12373196799,24142413823,39594229759,43352326143,216704,44862275583,15013990315.39,12912955166.26,907444,10,10,10,0,0,0,0,0,0,1234943,1949695,2156543,1251839.04,200
1790620745,0,907644,0,775.35,200.01,3791650815,12364808191,24142413823,39594229759,43352326143,216704,44862275583,15010682241.79,12913455047.63,907644,10,10,10,0,0,0,0,0,0,1225727,1956863,2246655,1224550.40,200
1790620746,0,907844,0,774.86,199.97,3783262207,12364808191,24125636607,39594229759,43352326143,216704,44862275583,15007375619.59,12913953849.72,907844,10,10,10,0,0,0,0,0,0,1142783,1885183,2032639,1196620.16,200
1790620747,0,908044,0,774.36,199.94,3772776447,12356419583,24125636607,39594229759,43352326143,216704,44862275583,15004070475.53,12914451541.73,908044,10,10,10,0,0,0,0,0,0,1279999,2008063,2201599,1294435.20,200
1790620748,0,908244,0,773.88,199.99,3760193535,12356419583,24125636607,39560675327,43352326143,216704,44862275583,15000766772.31,12914948167.27,908244,10,10,10,0,0,0,0,0,0,1231871,1884159,2355199,1227348.48,200
1790620749,0,908444,0,773.39,200.07,3749707775,12348030975,24125636607,39560675327,43318771711,216704,44862275583,14997464512.58,12915443723.52,908444,10,10,10,0,0,0,0,0,0,1142783,1907711,2131967,1176554.24,200
1790620750,0,908644,0,772.90,200.05,3739222015,12348030975,24125636607,39560675327,43318771711,216704,44862275583,14994163702.32,12915938203.78,908644,10,10,10,0,0,0,0,0,0,1118207,1974271,2277375,1157352.64,200
1790620751,0,908844,0,772.41,199.96,3726639103,12348030975,24108859391,39560675327,43318771711,216704,44862275583,14990864360.77,12916431586.02,908844,10,10,10,0,0,0,0,0,0,1263615,1786879,1906687,1229827.20,200
1790620752,0,909044,0,771.93,199.95,3714056191,12339642367,24108859391,39560675327,43318771711,216704,44862275583,14987566462.21,12916923900.33,909044,10,10,10,0,0,0,0,0,0,1147903,1945599,2232319,1189889.28,200
1790620753,0,909244,0,771.44,200.06,3705667583,12339642367,24108859391,39560675327,43318771711,216704,44862275583,14984270007.85,12917415145.59,909244,10,10,10,0,0,0,0,0,0,1114111,1958911,2248703,1159692.80,200
1790620754,0,909444,0,770.96,199.98,3693084671,12331253759,24108859391,39560675327,43318771711,216704,44862275583,14980975045.32,12917905266.82,909444,10,10,10,0,0,0,0,0,0,1198079,2508799,4534271,1350486.40,200
1790620755,0,909644,0,770.47,199.96,3682598911,12331253759,24108859391,39560675327,43318771711,216704,44862275583,14977681495.10,12918394356.50,909644,10,10,10,0,0,0,0,0,0,1123327,1953791,2242559,1184067.20,200
1790620756,0,909844,0,769.99,200.05,3667918847,12331253759,24092082175,39560675327,43318771711,216704,44862275583,14974389402.25,12918882362.64,909844,10,10,10,0,0,0,0,0,0,1182719,1861631,2040831,1226881.28,200
1790620757,0,910044,0,769.51,200.05,3655335935,12322865151,24092082175,39560675327,43318771711,216704,44862275583,14971098750.24,12919369304.68,910044,10,10,10,0,0,0,0,0,0,1170431,1896447,2355199,1198824.32,200
1790620758,0,910244,0,769.03,200.03,3644850175,12322865151,24092082175,39560675327,43318771711,216704,44862275583,14967809572.15,12919855144.55,910244,10,10,10,0,0,0,0,0,0,1204223,2291711,3338239,1325610.24,200
1790620759,0,910444,0,768.55,200.00,3632267263,12314476543,24075304959,39560675327,43318771711,216704,44862275583,14964521793.75,12920339968.48,910444,10,10,10,0,0,0,0,0,0,1094655,1762303,2016255,1119018.24,200
1790620760,0,910644,0,768.07,199.88,3619684351,12314476543,24075304959,39560675327,43318771711,216704,44862275583,14961235483.88,12920823697.03,910644,10,10,10,0,0,0,0,0,0,1224703,1887231,2028543,1229937.92,200
1790620761,0,910844,0,767.59,200.06,3607101439,12314476543,24075304959,39560675327,43318771711,216704,44862275583,14957950601.75,12921306377.67,910844,10,10,10,0,0,0,0,0,0,1100799,1981439,2121727,1159594.88,200
1790620762,0,911044,0,767.11,200.00,3594518527,12306087935,24075304959,39560675327,43318771711,216704,44862275583,14954667169.65,12921787984.84,911044,10,10,10,0,0,0,0,0,0,1168383,1987583,2281471,1195041.92,200
1790620763,0,911244,0,766.63,199.98,3579838463,12306087935,24075304959,39560675327,43318771711,216704,44862275583,14951385201.51,12922268502.72,911244,10,10,10,0,0,0,0,0,0,1173503,2551807,3317759,1298286.72,200
1790620764,0,911444,0,766.16,200.06,3567255551,12297699327,24058527743,39560675327,43318771711,216704,44862275583,14948104675.90,12922747956.36,911444,10,10,10,0,0,0,0,0,0,1293311,2103295,2863103,1308281.60,200
1790620765,0,911644,0,765.68,199.92,3552575487,12297699327,24058527743,39560675327,43318771711,216704,44862275583,14944825575.61,12923226365.91,911644,10,10,10,0,0,0,0,0,0,1181695,2013183,2347007,1244147.20,200
1790620766,0,911844,0,765.21,200.00,3539992575,12297699327,24058527743,39560675327,43318771711,216704,44862275583,14941547905.48,12923703726.03,911844,10,10,10,0,0,0,0,0,0,1147903,1991679,2283519,1206362.88,200
1790620767,0,912044,0,764.73,199.95,3529506815,12289310719,24058527743,39560675327,43318771711,216704,44862275583,14938271650.77,12924180054.00,912044,10,10,10,0,0,0,0,0,0,1049599,1890303,2355199,1105672.96,200
1790620768,0,912244,0,764.26,200.13,3514826751,12289310719,24041750527,39560675327,43318771711,216704,44862275583,14934996996.93,12924655135.79,912244,10,10,10,0,0,0,0,0,0,1862655,3063807,3217407,1855052.80,200
1790620769,0,912444,0,763.79,199.87,3502243839,12280922111,24041750527,39560675327,43318771711,216704,44862275583,14931723745.09,12925129201.51,912444,10,10,10,0,0,0,0,0,0,1610751,3037183,3254271,1701971.84,200
1790620770,0,912644,0,763.32,200.03,3489660927,12280922111,24041750527,39560675327,43318771711,216704,44862275583,14928451898.16,12925602248.03,912644,10,10,10,0,0,0,0,0,0,1569791,2633727,2981887,1566396.80,200
1790620771,0,912844,0,762.85,199.99,3477078015,12272533503,24041750527,39560675327,43318771711,216704,44862275583,14925181567.17,12926074147.38,912844,10,10,10,0,0,0,0,0,0,1900543,3074047,4546559,1941788.16,200
1790620772,0,913044,0,762.38,200.00,3462397951,12272533503,24041750527,39560675327,43318771711,216704,44862275583,14921912613.70,12926545059.66,913044,10,10,10,0,0,0,0,0,0,1640447,3008511,3129343,1689806.08,200
1790620773,0,913244,0,761.91,199.94,3449815039,12272533503,24024973311,39560675327,43318771711,216704,44862275583,14918645128.17,12927014880.72,913244,10,10,10,0,0,0,0,0,0,1830911,3254271,3971071,1854860.80,200
1790620774,0,913444,0,761.44,200.00,3437232127,12264144895,24024973311,39560675327,43318771711,216704,44862275583,14915379057.41,12927483672.20,913444,10,10,10,0,0,0,0,0,0,1723391,3123199,3315711,1781420.80,200
1790620775,0,914201,0,761.43,757.16,3391094783,12255756287,24008196095,39560675327,43318771711,216704,44862275583,14903277520.38,12928967279.49,914201,10,10,10,0,0,0,0,0,0,300679167,597688319,623902719,300798800.82,757
1790620776,0,915370,0,761.77,1169.05,3317694463,12230590463,23991418879,39560675327,43318771711,216704,44862275583,14885674114.72,12930087375.43,915370,10,10,10,0,0,0,0,0,0,1120927743,1557135359,1593835519,1119163373.60,1169
1790620777,0,916475,0,762.06,1105.45,3242196991,12213813247,23974641663,39527120895,43318771711,216704,44862275583,14870262208.78,12929905030.64,916475,10,10,10,0,0,0,0,0,0,2120220671,2550136831,2585788415,2103206696.08,1105
1790620778,0,917622,0,762.38,1146.84,3204448255,12197036031,23941087231,39527120895,43318771711,216704,44862275583,14855537195.07,12928527335.41,917622,10,10,10,0,0,0,0,0,0,3093299199,3525312511,3567255551,3089968805.61,1147
1790620779,0,918747,0,762.68,1124.78,3231711231,12171870207,23924310015,39527120895,43318771711,216704,44862275583,14842323338.63,12926123520.24,918747,10,10,10,0,0,0,0,0,0,4053794815,4525654015,4559208447,4064256342.24,1125
1790620780,0,919915,0,763.02,1168.86,3250585599,12155092991,23907532799,39527120895,43318771711,216704,44862275583,14829895544.37,12922620601.33,919915,10,10,10,0,0,0,0,0,0,5054136319,5511315455,5553258495,5054211731.29,1168
1790620781,0,921086,0,763.35,1170.92,3273654271,12129927167,23873978367,39527120895,43318771711,216704,44862275583,14818717066.20,12918207502.90,921086,10,10,10,0,0,0,0,0,0,6039797759,6492782591,6534725631,6037120354.16,1171
1790620782,0,922240,0,763.68,1153.38,3294625791,12113149951,23857201151,39527120895,43318771711,216704,44862275583,14808972493.72,12913061687.15,922240,10,10,10,0,0,0,0,0,0,7017070591,7486832639,7520387071,7031165488.80,1154
1790620783,0,923383,0,763.99,1143.54,3321888767,12096372735,23840423935,39527120895,43318771711,216704,44862275583,14800567098.80,12907279391.47,923383,10,10,10,0,0,0,0,0,0,8023703551,8459911167,8501854207,8018597363.01,1143
1790620784,0,924543,0,764.32,1159.00,3340763135,12079595519,23806869503,39527120895,43318771711,216704,44862275583,14793300266.34,12900812788.37,924543,10,10,10,0,0,0,0,0,0,9009364991,9453961215,9487515647,9008757541.08,1160
1790620785,0,925692,0,764.64,1150.02,3363831807,12054429695,23790092287,39493566463,43318771711,216704,44862275583,14787328094.57,12893920641.27,925692,10,10,10,0,0,0,0,0,0,9982443519,10427039743,10477371391,9981819302.43,1149
1790620786,0,926888,0,764.99,1195.44,3388997631,12037652479,23756537855,39493566463,43318771711,216704,44862275583,14782396869.52,12886333530.43,926888,10,10,10,0,0,0,0,0,0,10972299263,11433672703,11458838527,10965678155.34,1196
1790620787,0,928049,0,765.32,1161.16,3409969151,12029263871,23739760639,39493566463,43318771711,216704,44862275583,14778847911.24,12878664836.68,928049,10,10,10,0,0,0,0,0,0,11945377791,12398362623,12440305663,11945525911.26,1161
1790620788,0,929216,0,765.65,1166.51,3430940671,12054429695,23706206207,39493566463,43318771711,216704,44862275583,14776541011.13,12870743477.49,929216,10,10,10,0,0,0,0,0,0,12952010751,13388218367,13430161407,12941994020.85,1167
1790620789,0,930349,0,765.95,1133.00,3454009343,12054429695,23689428991,39493566463,43318771711,216704,44862275583,14769919694.68,12865133101.20,930349,10,10,10,0,0,0,0,0,0,5540675583,13857980415,13899923455,9339528534.54,1133
1790620790,0,931463,0,766.24,1114.71,3477078015,12029263871,23672651775,39493566463,43285217279,216704,44862275583,14759489464.61,12860974090.77,931463,10,10,10,0,0,0,0,0,0,6048186367,6496976895,6534725631,6048758660.83,1114
1790620791,0,932603,0,766.55,1140.02,3498049535,12012486655,23655874559,39460012031,43285217279,216704,44862275583,14750059836.87,12855940955.25,932603,10,10,10,0,0,0,0,0,0,7059013631,7486832639,7516192767,7045367427.14,1140
1790620792,0,933727,0,766.84,1123.46,3521118207,11995709439,23622320127,39460012031,43285217279,216704,44862275583,14741970626.86,12850317211.51,933727,10,10,10,0,0,0,0,0,0,8023703551,8472494079,8514437119,8030207708.47,1124
1790620793,0,934897,0,767.17,1169.71,3542089727,11978932223,23605542911,39460012031,43285217279,216704,44862275583,14734800141.53,12843875253.31,934897,10,10,10,0,0,0,0,0,0,9017753599,9462349823,9495904255,9012342230.86,1170
1790620794,0,936091,0,767.52,1194.21,3567255551,11953766399,23588765695,39460012031,43285217279,216704,44862275583,14728767123.93,12836795653.43,936091,10,10,10,0,0,0,0,0,0,10007609343,10452205567,10485759999,10004939602.76,1194
1790620795,0,937318,0,767.90,1227.10,3590324223,11936989183,23571988479,39460012031,43285217279,216704,44862275583,14723861056.71,12829110781.41,937318,10,10,10,0,0,0,0,0,0,10989076479,11425284095,11458838527,10980971594.28,1227
1790620796,0,938471,0,768.21,1153.55,3615490047,11936989183,23538434047,39460012031,43285217279,216704,44862275583,14720470405.01,12821595727.58,938471,10,10,10,0,0,0,0,0,0,11970543615,12415139839,12448694271,11964079367.77,1153
1790620797,0,939660,0,768.56,1189.20,3636461567,11953766399,23521656831,39460012031,43285217279,216704,44862275583,14718237793.16,12813638900.64,939660,10,10,10,0,0,0,0,0,0,12968787967,13396606975,13430161407,12956049842.06,1189
1790620798,0,940876,0,768.92,1215.85,3659530239,11978932223,23504879615,39426457599,43285217279,216704,44862275583,14717201733.83,12805392530.50,940876,10,10,10,0,0,0,0,0,0,13916700671,14386462719,14420017151,13916590295.58,1216
1790620799,0,942027,0,769.23,1151.09,3682598911,11995709439,23488102399,39426457599,43285217279,216704,44862275583,14717454710.22,12797573046.67,942027,10,10,10,0,0,0,0,0,0,14931722239,15376318463,15409872895,14924248289.08,1151
1790620800,0,943181,0,769.55,1153.08,3701473279,12012486655,23454547967,39426457599,43285217279,216704,44862275583,14718388299.65,12789964738.29,943181,10,10,10,0,0,0,0,0,0,15829303295,16299065343,16349396991,15480490945.89,1154
1790620801,0,944373,0,769.89,1191.97,3720347647,11995709439,23437770751,39426457599,43285217279,216704,44862275583,14706816448.24,12786038525.23,944373,10,10,10,0,0,0,0,0,0,5553258495,5993660415,6031409151,5550482232.70,1192
1790620802,0,945522,0,770.20,1149.71,3741319167,11970543615,23420993535,39426457599,43285217279,216704,44862275583,14696893607.33,12781437569.10,945522,10,10,10,0,0,0,0,0,0,6538919935,6991904767,7033847807,6541225160.52,1149
1790620803,0,946667,0,770.51,1144.17,3760193535,11953766399,23404216319,39426457599,43285217279,216704,44862275583,14688228171.80,12776136515.91,946667,10,10,10,0,0,0,0,0,0,7545552895,7969177599,8011120639,7532455311.76,1145
1790620804,0,947824,0,770.82,1157.70,3781165055,11936989183,23370661887,39426457599,43285217279,216704,44862275583,14680693915.48,12770158655.77,947824,10,10,10,0,0,0,0,0,0,8510242815,8950644735,8992587775,8516102878.59,1157
1790620805,0,948961,0,771.12,1137.38,3797942271,11920211967,23353884671,39392903167,43285217279,216704,44862275583,14674486948.97,12763767979.07,948961,10,10,10,0,0,0,0,0,0,9504292863,9940500479,9982443519,9500246116.87,1137
1790620806,0,950177,0,771.48,1215.97,3823108095,11895046143,23337107455,39392903167,43285217279,216704,44862275583,14669105559.71,12756488110.23,950177,10,10,10,0,0,0,0,0,0,10460594175,10930356223,10972299263,10469493274.95,1216
1790620807,0,951313,0,771.77,1135.87,3844079615,11886657535,23320330239,39392903167,43251662847,216704,44862275583,14665292177.00,12749350009.12,951313,10,10,10,0,0,0,0,0,0,11475615743,11920211967,11953766399,11475689587.38,1136
1790620808,0,952503,0,772.11,1190.06,3867148287,11903434751,23303553023,39392903167,43251662847,216704,44862275583,14662539881.33,12741625101.22,952503,10,10,10,0,0,0,0,0,0,12473860095,12910067711,12943622143,12462292276.06,1190
1790620809,0,953682,0,772.44,1178.26,3886022655,11920211967,23269998591,39392903167,43251662847,216704,44862275583,14661025861.40,12733823205.52,953682,10,10,10,0,0,0,0,0,0,13438550015,13883146239,13925089279,13437863416.62,1179
1790620810,0,954843,0,772.76,1160.87,3911188479,11936989183,23253221375,39392903167,43251662847,216704,44862275583,14660725160.89,12726086148.04,954843,10,10,10,0,0,0,0,0,0,14411628543,14873001983,14914945023,14413720277.00,1161
1790620811,0,956018,0,773.08,1175.47,3930062847,11953766399,23219666943,39392903167,43251662847,216704,44862275583,14661636301.95,12718293405.46,956018,10,10,10,0,0,0,0,0,0,15393095679,15846080511,15888023551,15402058996.89,1175
1790620812,0,957237,0,773.44,1219.45,3953131519,11978932223,23202889727,39359348735,43251662847,216704,44862275583,14663834110.65,12710345787.20,957237,10,10,10,0,0,0,0,0,0,16391340031,16844324863,16886267903,16387496686.99,1219
1790620813,0,958414,0,773.77,1176.15,3972005887,11995709439,23186112511,39359348735,43251662847,216704,44862275583,14667169410.68,12702898845.97,958414,10,10,10,0,0,0,0,0,0,17381195775,17817403391,17867735039,17379720464.31,1177
1790620814,0,959575,0,774.08,1161.07,3995074559,12012486655,23169335295,39359348735,43251662847,216704,44862275583,14671646467.23,12695867161.99,959575,10,10,10,0,0,0,0,0,0,18371051519,18807259135,18857590783,18367489432.37,1161
1790620815,0,960761,0,774.41,1186.33,4013948927,12029263871,23135780863,39359348735,43251662847,216704,44862275583,14677422583.87,12689096096.30,960761,10,10,10,0,0,0,0,0,0,19344130047,19797114879,19830669311,19350792837.83,1186
1790620816,0,961912,0,774.72,1151.33,4037017599,12029263871,23119003647,39359348735,43251662847,216704,44862275583,14673496492.90,12684484173.77,961912,10,10,10,0,0,0,0,0,0,5532286975,20216545279,20250099711,11396315703.60,1151
1790620817,0,963095,0,775.05,1183.22,4053794815,12004098047,23102226431,39359348735,43251662847,216704,44862275583,14662959506.29,12680255425.21,963095,10,10,10,0,0,0,0,0,0,6098518015,6530531327,6580862975,6095204764.02,1183
1790620818,0,964273,0,775.37,1176.89,4076863487,11987320831,23085449215,39359348735,43251662847,216704,44862275583,14653710987.17,12675270581.34,964273,10,10,10,0,0,0,0,0,0,7105150975,7541358591,7570718719,7092418521.75,1178
1790620819,0,965466,0,775.70,1193.52,4097835007,11970543615,23051894783,39325794303,43251662847,216704,44862275583,14645583578.50,12669547910.14,965466,10,10,10,0,0,0,0,0,0,8078229503,8518631423,8552185855,8076396034.15,1193
1790620820,0,966650,0,776.03,1184.45,4118806527,11953766399,23035117567,39325794303,43251662847,216704,44862275583,14638732220.54,12663301687.42,966650,10,10,10,0,0,0,0,0,0,9051308031,9495904255,9537847295,9051947450.81,1184
1790620821,0,967784,0,776.32,1133.93,4137680895,11936989183,23018340351,39325794303,43251662847,216704,44862275583,14633336182.79,12656864772.23,967784,10,10,10,0,0,0,0,0,0,10032775167,10477371391,10527703039,10033618467.22,1134
1790620822,0,968986,0,776.66,1201.16,4160749567,11920211967,22984785919,39325794303,43251662847,216704,44862275583,14628861342.10,12649653157.69,968986,10,10,10,0,0,0,0,0,0,11039408127,11467227135,11509170175,11025966814.35,1202
1790620823,0,970158,0,776.98,1172.77,4185915391,11920211967,22968008703,39325794303,43251662847,216704,44862275583,14625708808.69,12642338957.12,970158,10,10,10,0,0,0,0,0,0,12020875263,12457082879,12490637311,12019257665.53,1172
1790620824,0,971314,0,777.28,1155.71,4206886911,11936989183,22951231487,39325794303,43251662847,216704,44862275583,14623759519.37,12634943605.11,971314,10,10,10,0,0,0,0,0,0,12985565183,13438550015,13480493055,12987843750.53,1156
1790620825,0,972466,0,777.58,1152.57,4227858431,11953766399,22934454271,39325794303,43251662847,216704,44862275583,14623012930.82,12627480105.83,972466,10,10,10,0,0,0,0,0,0,14008975359,14436794367,14461960191,13993523427.56,1152
1790620826,0,973706,0,777.95,1239.31,4248829951,11953766399,22900899839,39292239871,43251662847,216704,44862275583,14618086956.48,12621306669.12,973706,10,10,10,0,0,0,0,0,0,14554234879,14990442495,15040774143,10754907472.93,1240
1790620827,0,974861,0,778.25,1155.65,4269801471,11936989183,22884122623,39292239871,43251662847,216704,44862275583,14607796346.91,12617369791.15,974861,10,10,10,0,0,0,0,0,0,5943328767,6371147775,6408896511,5932447181.91,1155
1790620828,0,976038,0,778.57,1176.73,4290772991,11920211967,22850568191,39292239871,43218108415,216704,44862275583,14598519277.89,12612590109.12,976038,10,10,10,0,0,0,0,0,0,6924795903,7361003519,7394557951,6914702135.03,1177
1790620829,0,977271,0,778.93,1232.77,4311744511,11903434751,22833790975,39292239871,43218108415,216704,44862275583,14590071747.94,12606875679.57,977271,10,10,10,0,0,0,0,0,0,7897874431,8338276351,8384413695,7903039923.18,1233
1790620830,0,978480,0,779.27,1208.28,4332716031,11886657535,22817013759,39292239871,43218108415,216704,44862275583,14583016913.41,12600685423.18,978480,10,10,10,0,0,0,0,0,0,8883535871,9344909311,9378463743,8880382338.22,1209
1790620831,0,979648,0,779.58,1168.18,4353687551,11869880319,22783459327,39292239871,43218108415,216704,44862275583,14577384632.10,12594230523.93,979648,10,10,10,0,0,0,0,0,0,9856614399,10309599231,10359930879,9858998833.10,1168
1790620832,0,980841,0,779.91,1193.65,4374659071,11853103103,22766682111,39258685439,43218108415,216704,44862275583,14572857326.93,12587241486.47,980841,10,10,10,0,0,0,0,0,0,10863247359,11307843583,11341398015,10855199780.91,1193
1790620833,0,982053,0,780.26,1212.18,4399824895,11853103103,22749904895,39258685439,43218108415,216704,44862275583,14569498993.13,12579838551.83,982053,10,10,10,0,0,0,0,0,0,11861491711,12289310719,12322865151,11851684238.79,1212
1790620834,0,983262,0,780.60,1209.12,4420796415,11869880319,22733127679,39258685439,43218108415,216704,44862275583,14567341814.79,12572256472.53,983262,10,10,10,0,0,0,0,0,0,12809404415,13279166463,13312720895,12815097429.12,1209
1790620835,0,984438,0,780.91,1175.92,4445962239,11886657535,22699573247,39258685439,43218108415,216704,44862275583,14566424169.71,12564776822.66,984438,10,10,10,0,0,0,0,0,0,13790871551,14260633599,14294188031,13799174561.96,1176
1790620836,0,985586,0,781.20,1147.64,4466933759,11895046143,22682796031,39258685439,43218108415,216704,44862275583,14564236818.19,12558319989.79,985586,10,10,10,0,0,0,0,0,0,14587789311,15023996927,15065939967,12688529543.58,1148
1790620837,0,986783,0,781.53,1197.27,4487905279,11878268927,22666018815,39225131007,43218108415,216704,44862275583,14553522962.74,12554469339.42,986783,10,10,10,0,0,0,0,0,0,5733613567,6165626879,6215958527,5731947409.64,1197
1790620838,0,987953,0,781.84,1170.02,4513071103,11861491711,22632464383,39225131007,43218108415,216704,44862275583,14544243602.62,12549930656.28,987953,10,10,10,0,0,0,0,0,0,6723469311,7176454143,7210008575,6717991622.67,1170
1790620839,0,989130,0,782.15,1177.11,4529848319,11844714495,22615687167,39225131007,43218108415,216704,44862275583,14536097376.74,12544685616.57,989130,10,10,10,0,0,0,0,0,0,7700742143,8136949759,8191475711,7698299327.18,1177
1790620840,0,990251,0,782.42,1119.95,4550819839,11827937279,22582132735,39225131007,43218108415,216704,44862275583,14529472189.84,12539131272.68,990251,10,10,10,0,0,0,0,0,0,8682209279,9143582719,9185525759,8683646044.26,1121
1790620841,0,991415,0,782.72,1164.47,4571791359,11811160063,22565355519,39225131007,43218108415,216704,44862275583,14523781789.68,12532870845.43,991415,10,10,10,0,0,0,0,0,0,9672065023,10125049855,10175381503,9682781398.65,1164
1790620842,0,992728,0,783.14,1313.23,4596957183,11794382847,22548578303,39225131007,43218108415,216704,44862275583,14518689591.70,12525365827.77,992728,10,10,10,0,0,0,0,0,0,10687086591,11114905599,11148460031,10673692291.41,1313
1790620843,0,994120,0,783.62,1392.21,4622123007,11785994239,22515023871,39225131007,43218108415,216704,44862275583,14514699504.23,12517051223.71,994120,10,10,10,0,0,0,0,0,0,11685330943,12096372735,12129927167,11669102121.20,1392
1790620844,0,995647,0,784.20,1527.34,4651483135,11811160063,22498246655,39191576575,43218108415,216704,44862275583,14511851768.82,12507664718.62,995647,10,10,10,0,0,0,0,0,0,12675186687,13077839871,13111394303,12657895827.70,1527
1790620845,0,997398,0,784.96,1750.30,4680843263,11836325887,22464692223,39191576575,43184553983,216704,44862275583,14510292004.03,12496741543.62,997398,10,10,10,0,0,0,0,0,0,13639876607,14059307007,14092861439,13623384441.79,1751
1790620846,0,999294,0,785.84,1896.26,4714397695,11861491711,22431137791,39191576575,43184553983,216704,44862275583,14510457603.05,12484887215.27,999294,10,10,10,0,0,0,0,0,0,14604566527,15032385535,15074328575,14597571596.96,1896
1790620847,0,1001115,0,786.65,1821.03,4743757823,11886657535,22397583359,39191576575,43184553983,216704,44862275583,14512373644.99,12473613904.89,1001115,10,10,10,0,0,0,0,0,0,15569256447,16005464063,16047407103,15563822970.17,1821
1790620848,0,1002940,0,787.47,1824.95,4781506559,11911823359,22364028927,39158022143,43184553983,216704,44862275583,14516080801.02,12462568201.37,1002940,10,10,10,0,0,0,0,0,0,16559112191,16986931199,17020485631,16549664091.32,1825
1790620849,0,1004796,0,788.30,1854.90,4815060991,11936989183,22330474495,39158022143,43184553983,216704,44862275583,14521625499.99,12451725857.05,1004796,10,10,10,0,0,0,0,0,0,17532190719,17968398335,18001952767,17517854155.03,1856
1790620850,0,1006569,0,789.08,1774.11,4848615423,11962155007,22296920063,39158022143,43184553983,216704,44862275583,14528632947.36,12441878629.95,1006569,10,10,10,0,0,0,0,0,0,18522046463,18941476863,18975031295,18499899214.11,1773
1790620851,0,1008429,0,789.91,1860.26,4882169855,11987320831,22280142847,39158022143,43184553983,216704,44862275583,14537746492.74,12432212943.41,1008429,10,10,10,0,0,0,0,0,0,19478347775,19914555391,19964887039,19469688567.74,1860
1790620852,0,1010253,0,790.72,1823.99,4911529983,12012486655,22246588415,39124467711,43184553983,216704,44862275583,14548418241.79,12423524882.31,1010253,10,10,10,0,0,0,0,0,0,20468203519,20887633919,20937965567,20448473734.74,1824
1790620853,0,1012081,0,791.54,1826.92,4945084415,12037652479,22213033983,39124467711,43184553983,216704,44862275583,14560839661.39,12415740550.47,1012081,10,10,10,0,0,0,0,0,0,21441282047,21877489663,21911044095,21425597003.06,1828
1790620854,0,1013904,0,792.34,1824.04,4978638847,12062818303,22263365631,39124467711,43184553983,216704,44862275583,14574954778.23,12409037251.66,1013904,10,10,10,0,0,0,0,0,0,22431137791,22850568191,22884122623,22411291348.61,1823
1790620855,0,1015737,0,793.15,1833.26,5007998975,12087984127,22347251711,39124467711,43184553983,216704,44862275583,14590851214.07,12403477369.45,1015737,10,10,10,0,0,0,0,0,0,23387439103,23840423935,23873978367,23383791684.15,1833
1790620856,0,1017600,0,793.99,1861.46,5037359103,12113149951,22431137791,39124467711,43184553983,216704,44862275583,14608728214.76,12399152428.82,1017600,10,10,10,0,0,0,0,0,0,24360517631,24796725247,24847056895,24355551107.78,1863
1790620857,0,1019449,0,794.81,1849.92,5058330623,12129927167,22515023871,39090913279,43150999551,216704,44862275583,14628177730.54,12396308964.63,1019449,10,10,10,0,0,0,0,0,0,25350373375,25786580991,25820135423,25332248719.99,1849
1790620858,0,1021263,0,795.61,1814.16,5070913535,12163481599,22598909951,39090913279,43150999551,216704,44862275583,14648930157.10,12395067430.73,1021263,10,10,10,0,0,0,0,0,0,26306674687,26759659519,26793213951,26311576520.68,1814
1790620859,0,1023183,0,796.48,1919.06,5083496447,12188647423,22699573247,39090913279,43150999551,216704,44862275583,14672654111.62,12395520089.96,1023183,10,10,10,0,0,0,0,0,0,27296530431,27732738047,27783069695,27291610862.93,1920
1790620860,0,1025001,0,797.27,1818.16,5096079359,12213813247,22783459327,39090913279,43150999551,216704,44862275583,14696751701.77,12397715788.19,1025001,10,10,10,0,0,0,0,0,0,28269608959,28722593791,28756148223,28259042451.57,1818
1790620861,0,1026837,0,798.08,1836.34,5108662271,12238979071,22884122623,39057358847,43150999551,216704,44862275583,14722755854.68,12401862485.75,1026837,10,10,10,0,0,0,0,0,0,29242687487,29695672319,29729226751,29240339043.28,1836
1790620862,0,1028734,0,798.94,1897.63,5121245183,12264144895,22968008703,39057358847,43150999551,216704,44862275583,14751312732.23,12408228801.38,1028734,10,10,10,0,0,0,0,0,0,30215766015,30668750847,30702305279,30209013562.43,1897
1790620863,0,1030549,0,799.72,1815.31,5133828095,12289310719,23068671999,39057358847,43150999551,216704,44862275583,14780275613.03,12416463985.37,1030549,10,10,10,0,0,0,0,0,0,31205621759,31641829375,31692161023,31196308787.48,1815
1790620864,0,1032642,0,800.73,2091.98,5150605311,12314476543,23169335295,39057358847,43150999551,216704,44862275583,14815541034.54,12428539893.37,1032642,10,10,10,0,0,0,0,0,0,32178700287,32614907903,32665239551,32179489851.20,2093
1790620865,0,1034790,0,801.77,2148.90,5163188223,12348030975,23269998591,39023804415,43150999551,216704,44862275583,14853580817.35,12443623731.02,1034790,10,10,10,0,0,0,0,0,0,33151778815,33587986431,33621540863,33141047021.41,2148
1790620866,0,1036959,0,802.83,2168.75,5179965439,12373196799,23370661887,39023804415,43150999551,216704,44862275583,14893866436.12,12461714093.48,1036959,10,10,10,0,0,0,0,0,0,34124857343,34561064959,34628173823,34113394073.32,2169
1790620867,0,1039162,0,803.91,2202.93,5196742655,12406751231,23471325183,39023804415,43150999551,216704,44862275583,14936684190.15,12483118060.46,1039162,10,10,10,0,0,0,0,0,0,35097935871,35534143487,35601252351,35091135121.26,2203
1790620868,0,1041331,0,804.97,2169.18,5209325567,12440305663,23571988479,39023804415,43150999551,216704,44862275583,14980684033.48,12507251805.31,1041331,10,10,10,0,0,0,0,0,0,36071014399,36507222015,36540776447,36060889284.40,2169
1790620869,0,1043499,0,806.02,2168.11,5226102783,12465471487,23689428991,38990249983,43150999551,216704,44862275583,15026513756.30,12534566081.45,1043499,10,10,10,0,0,0,0,0,0,37044092927,37480300543,37513854975,37039387878.49,2168
1790620870,0,1045693,0,807.09,2193.51,5242879999,12499025919,23790092287,38990249983,43150999551,216704,44862275583,15074721530.72,12565476120.59,1045693,10,10,10,0,0,0,0,0,0,38017171455,38453379071,38520487935,38003055348.10,2194
1790620871,0,1047832,0,808.12,2139.04,5255462911,12524191743,23907532799,39057358847,43150999551,216704,44862275583,15123540864.09,12598975101.87,1047832,10,10,10,0,0,0,0,0,0,38990249983,39426457599,39460012031,38989849966.23,2139
1790620872,0,1049954,0,809.13,2122.46,5272240127,12557746175,24008196095,39225131007,43117445119,216704,44862275583,15173725929.96,12635551676.53,1049954,10,10,10,0,0,0,0,0,0,39963328511,40399536127,40433090559,39954837121.81,2122
1790620873,0,1052051,0,810.12,2095.81,5289017343,12582911999,24125636607,39359348735,43117445119,216704,44862275583,15225067793.79,12675129491.38,1052051,10,10,10,0,0,0,0,0,0,40936407039,41372614655,41439723519,40931598691.49,2097
1790620874,0,1054187,0,811.14,2135.52,5301600255,12616466431,24226299903,39493566463,43117445119,216704,44862275583,15279130923.31,12719006528.26,1054187,10,10,10,0,0,0,0,0,0,41943039999,42379247615,42412802047,41907019254.41,2136
1790620875,0,1056377,0,812.20,2190.28,5318377471,12650020863,24326963199,39627784191,43184553983,216704,44862275583,15336348086.46,12767686091.33,1056377,10,10,10,0,0,0,0,0,0,42916118527,43318771711,43352326143,42878626429.78,2190
1790620876,0,1058535,0,813.24,2157.70,5330960383,12683575295,24444403711,39795556351,43419435007,216704,44862275583,15394474871.24,12819344120.91,1058535,10,10,10,0,0,0,0,0,0,43855642623,44291850239,44358959103,43848505698.94,2158
1790620877,0,1060641,0,814.23,2106.98,5347737599,12708741119,24545067007,39963328511,43654316031,216704,45332037631,15452920722.55,12873475584.29,1060641,10,10,10,0,0,0,0,0,0,44862275583,45264928767,45332037631,44829454059.82,2106
1790620878,0,1062788,0,815.25,2145.72,5364514815,12742295551,24662507519,40131100671,43889197055,216704,46305116159,15514220490.73,12932442319.39,1062788,10,10,10,0,0,0,0,0,0,45835354111,46238007295,46271561727,45796962653.12,2147
1790620879,0,1064938,0,816.28,2150.29,5377097727,12775849983,24763170815,40298872831,44157632511,216704,47278194687,15577337418.69,12995376576.87,1064938,10,10,10,0,0,0,0,0,0,46808432639,47211085823,47278194687,46777297248.45,2150
1790620880,0,1067369,0,817.51,2432.50,5393874943,12809404415,24880611327,40500199423,44426067967,216704,48251273215,15650654128.41,13070964588.60,1067369,10,10,10,0,0,0,0,0,0,47815065599,48217718783,48251273215,47768198436.75,2431
1790620881,0,1069985,0,818.89,2615.80,5410652159,12851347455,25014829055,40701526015,44761612287,216704,49190797311,15731474748.64,13156661641.72,1069985,10,10,10,0,0,0,0,0,0,48721035263,49157242879,49190797311,48707554488.76,2616
1790620882,0,1072638,0,820.29,2653.93,5431623679,12884901887,25165823999,40936407039,45902462975,216704,50163875839,15815428667.72,13248111386.98,1072638,10,10,10,0,0,0,0,0,0,49694113791,50130321407,50163875839,49674996745.65,2653
1790620883,0,1075301,0,821.70,2663.00,5448400895,12926844927,25316818943,41137733631,47110422527,216704,51136954367,15901689639.47,13344480332.21,1075301,10,10,10,0,0,0,0,0,0,50667192319,51103399935,51136954367,50647013039.92,2663
1790620884,0,1078005,0,823.14,2702.52,5469372415,12968787967,25467813887,41372614655,48184164351,216704,52110032895,15991266101.79,13446916494.63,1078005,10,10,10,0,0,0,0,0,0,51640270847,52042924031,52110032895,51613181600.57,2704
1790620885,0,1080660,0,824.53,2656.20,5486149631,13002342399,25618808831,41573941247,49157242879,216704,53083111423,16081144880.39,13551955103.48,1080660,10,10,10,0,0,0,0,0,0,52579794943,53016002559,53049556991,52574467940.95,2655
1790620886,0,1083336,0,825.95,2675.40,5507121151,13044285439,25753026559,41808822271,50130321407,216704,54056189951,16173674366.02,13662340004.57,1083336,10,10,10,0,0,0,0,0,0,53552873471,53989081087,54022635519,53540234134.39,2676
1790620887,0,1085999,0,827.35,2663.28,5523898367,13086228479,25904021503,42010148863,51069845503,216704,54995714047,16267678297.71,13776679362.99,1085999,10,10,10,0,0,0,0,0,0,54525951999,54962159615,54995714047,54509451989.22,2663
1790620888,0,1088691,0,828.77,2691.39,5544869887,13119782911,26055016447,42211475455,52042924031,216704,55968792575,16364625306.10,13896739994.90,1088691,10,10,10,0,0,0,0,0,0,55499030527,55935238143,55968792575,55474712289.95,2692
1790620889,0,1091286,0,830.11,2595.63,5565841407,13161725951,26189234175,42412802047,52982448127,216704,56941871103,16459936490.46,14016828654.87,1091286,10,10,10,0,0,0,0,0,0,56472109055,56908316671,56941871103,56446228826.46,2595
1790620890,0,1093936,0,831.49,2648.78,5582618623,13195280383,26340229119,42614128639,53921972223,216704,57914949631,16559128197.91,14143814568.40,1093936,10,10,10,0,0,0,0,0,0,57411633151,57847840767,57881395199,57406872221.27,2650
1790620891,0,1096561,0,832.85,2626.61,5599395839,13237223423,26491224063,42849009663,54861496319,216704,58888028159,16659226371.03,14273904746.84,1096561,10,10,10,0,0,0,0,0,0,58384711679,58820919295,58854473727,58373891174.60,2625
1790620892,0,1099227,0,834.25,2666.02,5620367359,13270777855,26625441791,43050336255,55801020415,216704,59861106687,16762741223.96,14410334855.14,1099227,10,10,10,0,0,0,0,0,0,59357790207,59793997823,59827552255,59339766972.21,2666
1790620893,0,1101858,0,835.61,2630.60,5637144575,13312720895,26776436735,43285217279,56774098943,216704,60800630783,16866721065.03,14549200890.99,1101858,10,10,10,0,0,0,0,0,0,60330868735,60767076351,60800630783,60309308961.28,2631
1790620894,0,1104580,0,837.04,2719.99,5658116095,13346275327,26927431679,43587207167,57747177471,216704,61773709311,16976149807.89,14697112091.44,1104580,10,10,10,0,0,0,0,0,0,61303947263,61706600447,61773709311,61272599387.23,2722
1790620895,0,1106325,0,837.73,1746.27,5670699007,13371441151,27028094975,43754979327,58384711679,216704,62746787839,17047386533.13,14794484552.27,1106325,10,10,10,0,0,0,0,0,0,62075699199,62679678975,62746787839,62140029487.83,1745
1790620896,0,1107457,0,837.95,1132.23,5679087615,13388218367,27095203839,43889197055,58820919295,216704,63719866367,17094579787.18,14860343592.23,1107457,10,10,10,0,0,0,0,0,0,63216549887,63686311935,63719866367,63217439139.73,1132
1790620897,0,1108637,0,838.21,1179.19,5687476223,13413384191,27162312703,44023414783,59223572479,216704,64726499327,17144736490.94,14931707543.11,1108637,10,10,10,0,0,0,0,0,0,64256737279,64692944895,64726499327,64217950631.48,1180
1790620898,0,1109830,0,838.47,1193.54,5695864831,13430161407,27229421567,44157632511,59659780095,216704,65699577855,17196401288.81,15006558787.59,1109830,10,10,10,0,0,0,0,0,0,65229815807,65666023423,65699577855,65207722759.94,1193
1790620899,0,1110990,0,838.72,1159.34,5704253439,13446938623,27279753215,44291850239,60095987711,216704,66706210815,17247561882.92,15081974767.50,1110990,10,10,10,0,0,0,0,0,0,66236448767,66639101951,66672656383,66195460293.74,1160
1790620900,0,1112153,0,838.96,1163.54,5712642047,13463715839,27346862079,44392513535,60498640895,216704,67679289343,17299769477.45,15160208592.82,1112153,10,10,10,0,0,0,0,0,0,67175972863,67645734911,67679289343,67172611650.48,1163
1790620901,0,1113303,0,839.20,1149.99,5716836351,13472104447,27397193727,44493176831,60867739647,216704,68484595711,17342204733.97,15227246962.78,1113303,10,10,10,0,0,0,0,0,0,68014833663,68451041279,68484595711,58380898510.58,1150
1790620902,0,1114406,0,839.39,1102.46,5708447743,13455327231,27380416511,44493176831,60834185215,216704,68484595711,17330678812.49,15224116500.86,1114406,10,10,10,0,0,0,0,0,0,5704253439,6140461055,6174015487,5697094983.72,1103
1790620903,0,1115564,0,839.63,1158.25,5712642047,13438550015,27363639295,44493176831,60834185215,216704,68484595711,17319630883.18,15220074783.15,1115564,10,10,10,0,0,0,0,0,0,6694109183,7126122495,7168065535,6687611272.62,1158
1790620904,0,1116713,0,839.87,1148.75,5721030655,13421772799,27346862079,44493176831,60834185215,216704,68484595711,17309711429.39,15215385140.57,1116713,10,10,10,0,0,0,0,0,0,7675576319,8124366847,8162115583,7678914606.34,1149
1790620905,0,1117948,0,840.16,1235.08,5729419263,13404995583,27313307647,44459622399,60834185215,216704,68484595711,17300164608.19,15209691059.65,1117948,10,10,10,0,0,0,0,0,0,8682209279,9118416895,9151971327,8667727893.56,1235
1790620906,0,1119108,0,840.40,1159.75,5737807871,13388218367,27296530431,44459622399,60834185215,216704,68484595711,17292236641.10,15203801197.74,1119108,10,10,10,0,0,0,0,0,0,9655287807,10099884031,10141827071,9651672028.69,1160
1790620907,0,1120306,0,840.67,1198.33,5746196479,13371441151,27279753215,44459622399,60834185215,216704,68484595711,17285126852.78,15197226420.13,1120306,10,10,10,0,0,0,0,0,0,10661920767,11081351167,11123294207,10643540053.48,1198
1790620908,0,1121475,0,840.92,1169.76,5754585087,13354663935,27246198783,44459622399,60834185215,216704,68484595711,17279223858.19,15190405731.92,1121475,10,10,10,0,0,0,0,0,0,11634999295,12071206911,12113149951,11622114996.89,1169
1790620909,0,1122643,0,841.16,1167.92,5762973695,13337886719,27229421567,44459622399,60834185215,216704,68484595711,17274367986.23,15183249890.93,1122643,10,10,10,0,0,0,0,0,0,12624855039,13061062655,13103005695,12611920208.66,1168
1790620910,0,1123821,0,841.42,1177.50,5767167999,13346275327,27212644351,44459622399,60800630783,216704,68484595711,17270515103.47,15175759097.40,1123821,10,10,10,0,0,0,0,0,0,13589544959,14050918399,14092861439,13598688400.30,1178
1790620911,0,1124968,0,841.64,1146.76,5775556607,13363052543,27179089919,44426067967,60800630783,216704,68484595711,17267784434.77,15168264267.78,1124968,10,10,10,0,0,0,0,0,0,14587789311,15049162751,15082717183,14592298097.38,1147
1790620912,0,1126131,0,841.89,1163.76,5783945215,13379829759,27162312703,44426067967,60800630783,216704,68484595711,17266042167.84,15160529528.67,1126131,10,10,10,0,0,0,0,0,0,15586033663,16039018495,16072572927,15580750211.41,1163
1790620913,0,1127363,0,842.18,1230.99,5792333823,13396606975,27145535487,44426067967,60800630783,216704,68484595711,17265276610.67,15152264049.62,1127363,10,10,10,0,0,0,0,0,0,16575889407,17012097023,17045651455,16565505782.03,1232
1790620914,0,1128536,0,842.42,1173.60,5800722431,13413384191,27111981055,44426067967,60800630783,216704,68484595711,17265588646.28,15144393154.21,1128536,10,10,10,0,0,0,0,0,0,17582522367,18001952767,18052284415,17565484125.41,1173
1790620915,0,1129684,0,842.65,1147.81,5796528127,13413384191,27095203839,44426067967,60800630783,216704,68484595711,17261383904.43,15138649439.72,1129684,10,10,10,0,0,0,0,0,0,18169724927,18572378111,18605932543,13127932210.84,1148
1790620916,0,1130886,0,842.92,1202.55,5792333823,13396606975,27078426623,44392513535,60800630783,216704,68484595711,17249346019.79,15135104551.65,1130886,10,10,10,0,0,0,0,0,0,5922357247,6379536383,6429868031,5935697367.96,1202
1790620917,0,1132043,0,843.15,1156.83,5800722431,13379829759,27061649407,44392513535,60800630783,216704,68484595711,17238804690.31,15130960458.21,1132043,10,10,10,0,0,0,0,0,0,6949961727,7377780735,7419723775,6935397668.95,1157
1790620918,0,1133236,0,843.41,1192.97,5809111039,13363052543,27028094975,44392513535,60800630783,216704,68484595711,17228990779.60,15126018015.98,1133236,10,10,10,0,0,0,0,0,0,7918845951,8363442175,8405385215,7916527307.00,1193
1790620919,0,1134420,0,843.67,1184.20,5817499647,13346275327,27011317759,44392513535,60800630783,216704,68484595711,17220298191.90,15120516882.28,1134420,10,10,10,0,0,0,0,0,0,8908701695,9344909311,9395240959,8900405192.65,1184
1790620920,0,1135563,0,843.89,1141.95,5825888255,13329498111,26994540543,44392513535,60767076351,216704,68484595711,17212912207.37,15114699216.03,1135563,10,10,10,0,0,0,0,0,0,9881780223,10343153663,10385096703,9882371022.73,1143
1790620921,0,1136809,0,844.19,1247.14,5834276863,13312720895,26960986111,44358959103,60767076351,216704,68484595711,17205957259.00,15107875757.52,1136809,10,10,10,0,0,0,0,0,0,10863247359,11333009407,11374952447,10867448396.43,1246
1790620922,0,1138057,0,844.49,1246.90,5838471167,13295943679,26944208895,44358959103,60767076351,216704,68484595711,17200111044.35,15100623606.07,1138057,10,10,10,0,0,0,0,0,0,11878268927,12314476543,12356419583,11874766953.03,1248
1790620923,0,1139257,0,844.75,1200.61,5846859775,13287555071,26927431679,44358959103,60767076351,216704,68484595711,17195531753.13,15093330370.46,1139257,10,10,10,0,0,0,0,0,0,12851347455,13304332287,13337886719,12852619728.21,1200
1790620924,0,1140434,0,845.00,1176.67,5855248383,13295943679,26893877247,44358959103,60767076351,216704,68484595711,17192092606.53,15085921830.38,1140434,10,10,10,0,0,0,0,0,0,13874757631,14294188031,14327742463,13863229532.22,1177
1790620925,0,1141615,0,845.25,1180.93,5863636991,13312720895,26877100031,44358959103,60767076351,216704,68484595711,17189648770.33,15078310616.40,1141615,10,10,10,0,0,0,0,0,0,14839447551,15275655167,15317598207,14829755548.94,1181
1790620926,0,1142807,0,845.50,1191.84,5872025599,13329498111,26843545599,44325404671,60767076351,216704,68484595711,17188218783.81,15070512727.28,1142807,10,10,10,0,0,0,0,0,0,15820914687,16273899519,16307453951,15818676787.54,1192
1790620927,0,1143981,0,845.75,1175.09,5880414207,13346275327,26826768383,44325404671,60767076351,216704,68484595711,17187828893.74,15062785333.81,1143981,10,10,10,0,0,0,0,0,0,16810770431,17263755263,17297309695,16808298150.60,1174
1790620928,0,1145165,0,846.00,1183.61,5884608511,13363052543,26809991167,44325404671,60733521919,216704,68484595711,17188458970.83,15055012013.02,1145165,10,10,10,0,0,0,0,0,0,17817403391,18253611007,18287165439,17797239558.92,1184
1790620929,0,1146310,0,846.22,1145.10,5892997119,13379829759,26776436735,44325404671,60733521919,216704,68484595711,17190050359.53,15047578081.08,1146310,10,10,10,0,0,0,0,0,0,18790481919,19226689535,19277021183,18781668386.88,1145
1790620930,0,1147452,0,846.43,1142.33,5876219903,13363052543,26759659519,44325404671,60733521919,216704,68484595711,17179021020.33,15044401840.98,1147452,10,10,10,0,0,0,0,0,0,5561647103,5968494591,19327352831,6108056201.19,1142
1790620931,0,1148621,0,846.67,1168.85,5884608511,13346275327,26742882303,44291850239,60733521919,216704,68484595711,17168135170.60,15040614187.75,1148621,10,10,10,0,0,0,0,0,0,6492782591,6916407295,6962544639,6482942661.53,1169
1790620932,0,1149822,0,846.93,1200.26,5892997119,13329498111,26726105087,44291850239,60733521919,216704,68484595711,17158002142.07,15036025752.20,1149822,10,10,10,0,0,0,0,0,0,7478444031,7910457343,7948206079,7466903584.40,1201
1790620933,0,1150935,0,847.13,1113.33,5897191423,13321109503,26692550655,44291850239,60733521919,216704,68484595711,17149583077.67,15031192447.60,1150935,10,10,10,0,0,0,0,0,0,8443133951,8900313087,8942256127,8451986081.47,1113
1790620934,0,1152110,0,847.37,1174.73,5905580031,13304332287,26675773439,44291850239,60733521919,216704,68484595711,17141718283.15,15025544644.08,1152110,10,10,10,0,0,0,0,0,0,9445572607,9890168831,9932111871,9438001443.08,1175
1790620935,0,1153255,0,847.59,1145.11,5913968639,13287555071,26658996223,44291850239,60699967487,216704,68484595711,17135056203.53,15019573264.09,1153255,10,10,10,0,0,0,0,0,0,10435428351,10888413183,10913579007,10431607689.06,1145
1790620936,0,1154428,0,847.83,1173.43,5922357247,13270777855,26642219007,44258295807,60699967487,216704,68484595711,17129247072.15,15013048493.18,1154428,10,10,10,0,0,0,0,0,0,11433672703,11861491711,11895046143,11417900261.59,1173
1790620937,0,1155578,0,848.05,1149.07,5930745855,13254000639,26625441791,44258295807,60699967487,216704,68484595711,17124533245.44,15006322292.30,1155578,10,10,10,0,0,0,0,0,0,12389974015,12859736063,12893290495,12392556248.38,1150
1790620938,0,1156725,0,848.27,1147.96,5939134463,13262389247,26591887359,44258295807,60699967487,216704,68484595711,17120830486.07,14999343534.42,1156725,10,10,10,0,0,0,0,0,0,13404995583,13841203199,13874757631,13390379513.30,1147
1790620939,0,1157909,0,848.51,1183.57,5943328767,13279166463,26575110143,44258295807,60699967487,216704,68484595711,17118026065.20,14991931911.86,1157909,10,10,10,0,0,0,0,0,0,14378074111,14822670335,14873001983,14378208726.49,1184
1790620940,0,1159088,0,848.76,1179.52,5951717375,13287555071,26558332927,44258295807,60699967487,216704,68484595711,17116253123.20,14984410921.10,1159088,10,10,10,0,0,0,0,0,0,15367929855,15820914687,15862857727,15375027087.96,1179
1790620941,0,1160264,0,849.00,1175.20,5960105983,13304332287,26524778495,44224741375,60699967487,216704,68484595711,17115479886.47,14976837726.00,1160264,10,10,10,0,0,0,0,0,0,16349396991,16810770431,16852713471,16353363034.56,1176
1790620942,0,1161449,0,849.24,1184.87,5964300287,13321109503,26508001279,44224741375,60666413055,216704,68484595711,17115719128.13,14969200110.54,1161449,10,10,10,0,0,0,0,0,0,17364418559,17783848959,17817403391,17349966793.56,1185
1790620943,0,1162607,0,849.47,1157.97,5955911679,13312720895,26491224063,44224741375,60666413055,216704,68484595711,17108135920.52,14964838286.31,1162607,10,10,10,0,0,0,0,0,0,5536481279,18119393279,18152947711,9502342403.98,1158
1790620944,0,1163789,0,849.71,1182.86,5955911679,13304332287,26474446847,44224741375,60666413055,216704,68484595711,17097044120.41,14961284221.41,1163789,10,10,10,0,0,0,0,0,0,6186598399,6647971839,6681526271,6187226481.06,1182
1790620945,0,1164966,0,849.95,1177.13,5960105983,13287555071,26440892415,44224741375,60666413055,216704,68484595711,17087019937.27,14957048884.51,1164966,10,10,10,0,0,0,0,0,0,7168065535,7621050367,7667187711,7175351223.79,1177
1790620946,0,1166144,0,850.19,1177.02,5968494591,13270777855,26424115199,44224741375,60666413055,216704,68484595711,17078021537.55,14952173153.58,1166144,10,10,10,0,0,0,0,0,0,8178892799,8623489023,8657043455,8179184763.44,1178
1790620947,0,1167379,0,850.47,1235.46,5976883199,13254000639,26407337983,44191186943,60666413055,216704,68484595711,17069644907.39,14946481429.03,1167379,10,10,10,0,0,0,0,0,0,9160359935,9621733375,9655287807,9160044089.63,1235
1790620948,0,1168554,0,850.70,1175.05,5985271807,13237223423,26373783551,44191186943,60666413055,216704,68484595711,17062687606.98,14940577315.90,1168554,10,10,10,0,0,0,0,0,0,10141827071,10603200511,10645143551,10150511958.50,1175
1790620949,0,1169736,0,850.95,1181.94,5989466111,13220446207,26357006335,44191186943,60632858623,216704,68484595711,17056692748.14,14934219089.57,1169736,10,10,10,0,0,0,0,0,0,11131682815,11584667647,11626610687,11130029224.07,1182
1790620950,0,1170922,0,851.19,1186.65,5997854719,13203668991,26340229119,44191186943,60632858623,216704,68484595711,17051683097.06,14927485763.30,1170922,10,10,10,0,0,0,0,0,0,12113149951,12557746175,12599689215,12110730977.35,1186
1790620951,0,1172108,0,851.43,1185.09,6006243327,13203668991,26306674687,44191186943,60632858623,216704,68484595711,17047697080.70,14920460191.53,1172108,10,10,10,0,0,0,0,0,0,13119782911,13555990527,13597933567,13112356235.44,1186
1790620952,0,1173283,0,851.67,1175.63,6010437631,13220446207,26289897471,44157632511,60632858623,216704,68484595711,17044747748.16,14913280754.14,1173283,10,10,10,0,0,0,0,0,0,14109638655,14545846271,14587789311,14102674326.55,1175
1790620953,0,1174479,0,851.92,1195.46,6018826239,13237223423,26273120255,44157632511,60632858623,216704,68484595711,17042757829.38,14905818662.81,1174479,10,10,10,0,0,0,0,0,0,15091105791,15552479231,15586033663,15090635861.62,1196
1790620954,0,1175679,0,852.17,1200.59,6027214847,13245612031,26239565823,44157632511,60632858623,216704,68484595711,17041775601.50,14898244235.01,1175679,10,10,10,0,0,0,0,0,0,16072572927,16533946367,16567500799,16080437248.00,1200
1790620955,0,1176817,0,852.38,1137.77,6035603455,13262389247,26222788607,44157632511,60632858623,216704,68484595711,17041809459.10,14891041770.36,1176817,10,10,10,0,0,0,0,0,0,17079205887,17532190719,17565745151,17076788081.83,1138
1790620956,0,1178009,0,852.62,1191.76,6039797759,13279166463,26206011391,44124078079,60599304191,216704,68484595711,17042848342.08,14883544488.57,1178009,10,10,10,0,0,0,0,0,0,18085838847,18505269247,18555600895,18068498638.17,1192
1790620957,0,1179119,0,852.81,1109.71,6027214847,13270777855,26189234175,44124078079,60599304191,216704,68484595711,17033913995.41,14880116593.32,1179119,10,10,10,0,0,0,0,0,0,5549064191,18656264191,18706595839,7552165537.44,1110
1790620958,0,1180286,0,853.04,1167.66,6027214847,13254000639,26155679743,44124078079,60599304191,216704,68484595711,17023363400.31,14876541757.78,1180286,10,10,10,0,0,0,0,0,0,6362759167,6798966783,6836715519,6363203038.22,1167
1790620959,0,1181441,0,853.25,1154.77,6035603455,13237223423,26138902527,44124078079,60599304191,216704,68484595711,17013908580.14,14872342340.05,1181441,10,10,10,0,0,0,0,0,0,7369392127,7784628223,7826571263,7352097432.94,1155
1790620960,0,1182620,0,853.49,1178.92,6039797759,13228834815,26122125311,44124078079,60599304191,216704,68484595711,17005259947.35,14867450894.82,1182620,10,10,10,0,0,0,0,0,0,8359247871,8791261183,8824815615,8338721040.72,1179
1790620961,0,1183766,0,853.70,1146.48,6048186367,13212057599,26105348095,44090523647,60599304191,216704,68484595711,16997821473.50,14862176280.16,1183766,10,10,10,0,0,0,0,0,0,9319743487,9781116927,9814671359,9321653982.49,1146
1790620962,0,1184952,0,853.94,1185.44,6056574975,13195280383,26071793663,44090523647,60599304191,216704,68484595711,16991132426.04,14856242731.03,1184952,10,10,10,0,0,0,0,0,0,10317987839,10762584063,10796138495,10314684737.19,1186
1790620963,0,1186137,0,854.18,1184.77,6064963583,13178503167,26055016447,44090523647,60565749759,216704,68484595711,16985440253.22,14849913586.34,1186137,10,10,10,0,0,0,0,0,0,11299454975,11744051199,11794382847,11293498002.47,1185
1790620964,0,1187262,0,854.37,1125.75,6069157887,13161725951,26038239231,44090523647,60565749759,216704,68484595711,16980986217.31,14843583455.15,1187262,10,10,10,0,0,0,0,0,0,12297699327,12725518335,12767461375,12284900176.33,1125
1790620965,0,1188550,0,854.68,1287.22,6077546495,13170114559,26021462015,44090523647,60565749759,216704,68484595711,16976982812.64,14836039346.02,1188550,10,10,10,0,0,0,0,0,0,13304332287,13732151295,13765705727,13286695369.94,1288
1790620966,0,1189973,0,855.09,1423.87,6085935103,13186891775,25987907583,44056969215,60565749759,216704,68484595711,16973734000.89,14827466708.24,1189973,10,10,10,0,0,0,0,0,0,14252244991,14713618431,14755561471,14260188526.28,1423
1790620967,0,1191605,0,855.65,1630.83,6094323711,13203668991,25954353151,44056969215,60565749759,216704,68484595711,16971378164.34,14817449688.18,1191605,10,10,10,0,0,0,0,0,0,15258877951,15695085567,15737028607,15253619651.76,1632
1790620968,0,1193201,0,856.18,1596.33,6102712319,13228834815,25937575935,44056969215,60565749759,216704,68484595711,16970381937.75,14807565280.54,1193201,10,10,10,0,0,0,0,0,0,16223567871,16676552703,16718495743,16226579571.49,1596
1790620969,0,1194776,0,856.70,1575.04,6115295231,13245612031,25904021503,44023414783,60565749759,216704,68484595711,16970686629.10,14797808131.27,1194776,10,10,10,0,0,0,0,0,0,17213423615,17666408447,17699962879,17201517118.74,1575
1790620970,0,1196372,0,857.23,1596.45,6123683839,13262389247,25870467071,44023414783,60532195327,216704,68484595711,16972305945.02,14788004401.47,1196372,10,10,10,0,0,0,0,0,0,18186502143,18639486975,18689818623,18184536392.50,1596
1790620971,0,1197974,0,857.76,1602.41,6132072447,13287555071,25836912639,44023414783,60532195327,216704,68484595711,16975264100.11,14778338165.69,1197974,10,10,10,0,0,0,0,0,0,19193135103,19646119935,19679674367,19184411370.59,1602
1790620972,0,1199557,0,858.28,1582.18,6144655359,13304332287,25820135423,44023414783,60532195327,216704,68484595711,16979472832.10,14769041224.32,1199557,10,10,10,0,0,0,0,0,0,20182990847,20619198463,20652752895,20164533790.73,1583
1790620973,0,1201146,0,858.80,1589.02,6153043967,13329498111,25786580991,43989860351,60532195327,216704,68484595711,16984985264.06,14760049790.74,1201146,10,10,10,0,0,0,0,0,0,21156069375,21609054207,21642608639,21146392649.47,1589
1790620974,0,1202749,0,859.33,1603.81,6161432575,13346275327,25753026559,43989860351,60532195327,216704,68484595711,16991845521.53,14751409561.15,1202749,10,10,10,0,0,0,0,0,0,22145925119,22582132735,22615687167,22132313910.14,1603
1790620975,0,1204586,0,860.03,1836.84,6174015487,13371441151,25719472127,43989860351,60532195327,216704,68484595711,17001172122.92,14742093120.47,1204586,10,10,10,0,0,0,0,0,0,23102226431,23571988479,23605542911,23107628567.69,1837
1790620976,0,1206373,0,860.69,1787.32,6182404095,13388218367,25685917695,43956305919,60498640895,216704,68484595711,17011674335.42,14733697653.90,1206373,10,10,10,0,0,0,0,0,0,24108859391,24545067007,24578621439,24091035360.34,1787
1790620977,0,1208213,0,861.39,1838.28,6190792703,13413384191,25652363263,43956305919,60498640895,216704,68484595711,17023958249.15,14725838073.71,1208213,10,10,10,0,0,0,0,0,0,25081937919,25534922751,25568477183,25077752734.05,1840
1790620978,0,1210075,0,862.10,1862.88,6203375615,13438550015,25736249343,43956305919,60498640895,216704,68484595711,17037875606.77,14718778284.58,1210075,10,10,10,0,0,0,0,0,0,26088570879,26524778495,26558332927,26068558959.09,1862
1790620979,0,1211875,0,862.77,1800.19,6215958527,13455327231,25820135423,43922751487,60498640895,216704,68484595711,17052746630.03,14712900407.19,1211875,10,10,10,0,0,0,0,0,0,27061649407,27497857023,27531411455,27049998563.56,1800
1790620980,0,1213686,0,863.45,1811.52,6228541439,13480493055,25904021503,43922751487,60498640895,216704,68484595711,17069116300.52,14708020547.20,1213686,10,10,10,0,0,0,0,0,0,28017950719,28470935551,28521267199,28023282187.59,1811
1790620981,0,1215470,0,864.10,1783.50,6236930047,13505658879,25987907583,43922751487,60498640895,216704,68484595711,17086649467.44,14704339854.61,1215470,10,10,10,0,0,0,0,0,0,29024583679,29460791295,29494345727,29014765623.10,1784
1790620982,0,1217327,0,864.81,1855.87,6249512959,13522436095,26088570879,43889197055,60498640895,216704,68484595711,17106340043.79,14701757558.15,1217327,10,10,10,0,0,0,0,0,0,29997662207,30450647039,30484201471,29994495587.53,1857
1790620983,0,1219177,0,865.51,1851.35,6262095871,13547601919,26172456959,43889197055,60465086463,216704,68484595711,17127388773.26,14700522197.05,1219177,10,10,10,0,0,0,0,0,0,30987517951,31423725567,31474057215,30977759960.42,1850
1790620984,0,1220998,0,866.18,1820.09,6270484479,13564379135,26256343039,43889197055,60465086463,216704,68484595711,17149499857.32,14700697158.63,1220998,10,10,10,0,0,0,0,0,0,31960596479,32413581311,32447135743,31953083124.89,1821
1790620985,0,1222809,0,866.85,1810.97,6283067391,13589544959,26357006335,43855642623,60465086463,216704,68484595711,17172887158.41,14702357808.55,1222809,10,10,10,0,0,0,0,0,0,32967229439,33386659839,33420214271,32940887080.15,1811
1790620986,0,1224658,0,867.55,1850.35,6291455999,13614710783,26440892415,43855642623,60465086463,216704,68484595711,17198157002.55,14705624476.19,1224658,10,10,10,0,0,0,0,0,0,33923530751,34359738367,34426847231,33909997373.06,1849
1790620987,0,1226438,0,868.19,1779.02,6304038911,13631487999,26524778495,43855642623,60431532031,216704,68484595711,17223852675.91,14710401620.61,1226438,10,10,10,0,0,0,0,0,0,34930163711,35366371327,35399925759,34902735791.46,1780
1790620988,0,1228240,0,868.85,1801.20,6316621823,13656653823,26608664575,43855642623,60431532031,216704,68484595711,17251230198.79,14716952022.29,1228240,10,10,10,0,0,0,0,0,0,35903242239,36339449855,36373004287,35884323647.93,1802
1790620989,0,1230115,0,869.57,1876.63,6325010431,13681819647,26692550655,43822088191,60431532031,216704,68484595711,17281111852.14,14725609699.45,1230115,10,10,10,0,0,0,0,0,0,36876320767,37312528383,37379637247,36855427541.67,1875
1790620990,0,1231936,0,870.24,1820.84,6337593343,13698596863,26793213951,43822088191,60431532031,216704,68484595711,17311506966.37,14735917225.45,1231936,10,10,10,0,0,0,0,0,0,37882953727,38285606911,38352715775,37843899022.55,1821
1790620991,0,1233756,0,870.91,1819.06,6350176255,13723762687,26877100031,43822088191,60431532031,216704,68484595711,17343251165.94,14748191233.09,1233756,10,10,10,0,0,0,0,0,0,38856032255,39292239871,39325794303,38830516138.48,1820
1790620992,0,1235570,0,871.57,1813.62,6358564863,13748928511,26977763327,43788533759,60397977599,216704,68484595711,17376229470.41,14762439321.38,1235570,10,10,10,0,0,0,0,0,0,39829110783,40265318399,40298872831,39805766961.96,1814
1790620993,0,1237417,0,872.26,1848.68,6371147775,13765705727,27061649407,43788533759,60397977599,216704,68484595711,17411173159.10,14779082922.84,1237417,10,10,10,0,0,0,0,0,0,40802189311,41238396927,41271951359,40787119793.13,1847
1790620994,0,1239195,0,872.90,1776.87,6383730687,13790871551,27145535487,43788533759,60397977599,216704,68484595711,17446131146.34,14797247111.36,1239195,10,10,10,0,0,0,0,0,0,41775267839,42245029887,42278584319,41775494304.11,1778
1790620995,0,1240980,0,873.54,1785.39,6392119295,13816037375,27246198783,43754979327,60397977599,216704,68484595711,17482528858.65,14817671958.73,1240980,10,10,10,0,0,0,0,0,0,42781900799,43218108415,43251662847,42750799507.15,1785
1790620996,0,1242793,0,874.20,1813.32,6404702207,13832814591,27330084863,43855642623,60397977599,216704,68484595711,17520822200.77,14840718947.98,1242793,10,10,10,0,0,0,0,0,0,43754979327,44191186943,44224741375,43732224129.91,1813
1790620997,0,1244638,0,874.89,1845.32,6413090815,13857980415,27413970943,44023414783,60364423167,216704,68484595711,17561135924.43,14866583570.74,1244638,10,10,10,0,0,0,0,0,0,44728057855,45164265471,45231374335,44716482031.63,1845
1790620998,0,1246491,0,875.57,1853.20,6425673727,13883146239,27514634239,44191186943,60364423167,216704,68484595711,17602966113.81,14895038334.88,1246491,10,10,10,0,0,0,0,0,0,45701136383,46170898431,46204452863,45699805433.78,1853
1790620999,0,1248301,0,876.23,1809.80,6434062335,13908312063,27598520319,44358959103,60364423167,216704,68484595711,17645127634.29,14925306094.34,1248301,10,10,10,0,0,0,0,0,0,46707769343,47143976959,47177531391,46680462339.39,1810
1790621000,0,1250087,0,876.87,1785.33,6446645247,13925089279,27665629183,44493176831,60364423167,216704,68484595711,17688017137.68,14957684135.97,1250087,10,10,10,0,0,0,0,0,0,47680847871,48117055487,48150609919,47665066392.22,1786
1790621001,0,1251913,0,877.53,1826.29,6459228159,13950255103,27766292479,44660948991,60364423167,216704,68484595711,17733161118.40,14993375629.19,1251913,10,10,10,0,0,0,0,0,0,48653926399,49090134015,49157242879,48638913272.43,1826
1790621002,0,1253782,0,878.23,1868.98,6467616767,13975420927,27850178559,45030047743,60330868735,216704,68484595711,17780701853.99,15032638496.69,1253782,10,10,10,0,0,0,0,0,0,49627004927,50096766975,50130321407,49624931339.51,1869
1790621003,0,1255554,0,878.85,1772.52,6480199679,14000586751,27934064639,45432700927,60330868735,216704,68484595711,17827034194.11,15072501069.80,1255554,10,10,10,0,0,0,0,0,0,50633637887,51069845503,51103399935,50609570346.76,1772
1790621004,0,1257397,0,879.53,1841.41,6492782591,14025752575,28034727935,45868908543,60330868735,216704,68484595711,17876514064.04,15116722820.88,1257397,10,10,10,0,0,0,0,0,0,51606716415,52042924031,52076478463,51584950640.93,1843
1790621005,0,1259220,0,880.19,1824.32,6501171199,14050918399,28118614015,46271561727,60330868735,216704,68484595711,17926739178.38,15163261882.51,1259220,10,10,10,0,0,0,0,0,0,52579794943,53016002559,53049556991,52569036542.74,1823
1790621006,0,1261017,0,880.83,1796.98,6513754111,14067695615,28219277311,46707769343,60330868735,216704,68484595711,17977495095.21,15211909175.81,1261017,10,10,10,0,0,0,0,0,0,53552873471,54022635519,54056189951,53543920021.73,1797
1790621007,0,1262840,0,881.48,1823.20,6522142719,14092861439,28303163391,47143976959,60297314303,216704,68484595711,18030276441.44,15264183918.93,1262840,10,10,10,0,0,0,0,0,0,54559506431,54995714047,55029268479,54540520476.65,1823
1790621008,0,1264644,0,882.13,1803.75,6534725631,14118027263,28387049471,47546630143,60297314303,216704,68484595711,18083761667.09,15318798664.33,1264644,10,10,10,0,0,0,0,0,0,55532584959,55968792575,56002347007,55524605552.39,1804
1790621009,0,1266516,0,882.82,1871.57,6547308543,14143193087,28487712767,47982837759,60297314303,216704,68484595711,18140547789.15,15378468968.26,1266516,10,10,10,0,0,0,0,0,0,56505663487,56941871103,57008979967,56502849360.96,1872
1790621010,0,1268310,0,883.45,1794.23,6555697151,14159970303,28571598847,48318382079,60297314303,216704,68484595711,18196197360.41,15438562462.48,1268310,10,10,10,0,0,0,0,0,0,57512296447,57914949631,57982058495,57483305718.01,1794
1790621011,0,1270136,0,884.11,1825.78,6568280063,14185136127,28655484927,48721035263,60263759871,216704,68484595711,18254078221.85,15502698423.50,1270136,10,10,10,0,0,0,0,0,0,58451820543,58921582591,58955137023,58457186312.97,1826
1790621012,0,1272239,0,884.96,2103.96,6580862975,14210301951,28756148223,49157242879,60263759871,216704,68484595711,18322161411.54,15579989985.30,1272239,10,10,10,0,0,0,0,0,0,59458453503,59894661119,59928215551,59441947531.63,2103
1790621013,0,1274695,0,886.05,2454.11,6593445887,14243856383,28890365951,49660559359,60599304191,216704,68484595711,18403312190.14,15674179179.67,1274695,10,10,10,0,0,0,0,0,0,60465086463,60867739647,60901294079,60440439804.66,2456
1790621014,0,1277287,0,887.23,2592.59,6610223103,14277410815,29007806463,50197430271,61069066239,216704,68484595711,18490565265.35,15777372045.86,1277287,10,10,10,0,0,0,0,0,0,61438164991,61840818175,61874372607,61399924331.46,2592
1790621015,0,1280119,0,888.58,2830.83,6627000319,14310965247,29142024191,50767855615,61572382719,216704,68484595711,18587655897.48,15894229234.94,1280119,10,10,10,0,0,0,0,0,0,62411243519,62813896703,62847451135,62377416576.72,2832
1790621016,0,1283018,0,889.98,2901.77,6643777535,14352908287,29293019135,51371835391,62109253631,216704,68484595711,18688774775.36,16017833231.76,1283018,10,10,10,0,0,0,0,0,0,63350767615,63786975231,63820529663,63340101728.08,2899
1790621017,0,1285958,0,891.40,2939.20,6660554751,14386462719,29427236863,51975815167,62780342271,216704,68484595711,18793067873.03,16147177323.68,1285958,10,10,10,0,0,0,0,0,0,64323846143,64760053759,64793608191,64306646644.33,2940
1790621018,0,1288952,0,892.85,2994.38,6677331967,14428405759,29578231807,52579794943,63484985343,216704,68484595711,18901053108.82,16282946327.81,1288952,10,10,10,0,0,0,0,0,0,65296924671,65733132287,65766686719,65281974233.69,2994
