timestamp,sent_count,received_count,error_count,total_throughput,interval_throughput,latency_ns_p25,latency_ns_p50,latency_ns_p75,latency_ns_p95,latency_ns_p99,latency_ns_min,latency_ns_max,latency_ns_mean,latency_ns_stddev,latency_sample_count,connections,active_connections,connection_attempts,connection_failures,crashes_injected,reconnects,reconnect_failures,duplicate_count,gap_count,interval_latency_ns_p50,interval_latency_ns_p95,interval_latency_ns_p99,interval_latency_ns_mean,interval_latency_sample_count
1790723319,0,0,0,0.00,0.00,0,0,0,0,0,0,0,0.00,0.00,0,0,0,1,0,0,0,0,0,0,0,0,0,0.00,0
1790723320,0,0,0,0.00,0.00,0,0,0,0,0,0,0,0.00,0.00,0,1,1,1,0,0,0,0,0,0,0,0,0,0.00,0
1790723321,0,0,0,0.00,0.00,0,0,0,0,0,0,0,0.00,0.00,0,1,1,1,0,0,0,0,0,0,0,0,0,0.00,0
1790723322,0,0,0,0.00,0.00,0,0,0,0,0,0,0,0.00,0.00,0,1,1,1,0,0,0,0,0,0,0,0,0,0.00,0
1790723323,0,0,0,0.00,0.00,0,0,0,0,0,0,0,0.00,0.00,0,1,1,1,0,0,0,0,0,0,0,0,0,0.00,0
1790723324,0,0,0,0.00,0.00,0,0,0,0,0,0,0,0.00,0.00,0,1,1,1,0,0,0,0,0,0,0,0,0,0.00,0
1790723325,0,0,0,0.00,0.00,0,0,0,0,0,0,0,0.00,0.00,0,1,1,1,0,0,0,0,0,0,0,0,0,0.00,0
1790723326,0,0,0,0.00,0.00,0,0,0,0,0,0,0,0.00,0.00,0,2,2,2,0,0,0,0,0,0,0,0,0,0.00,0
1790723327,0,0,0,0.00,0.00,0,0,0,0,0,0,0,0.00,0.00,0,2,2,2,0,0,0,0,0,0,0,0,0,0.00,0
1790723328,0,0,0,0.00,0.00,0,0,0,0,0,0,0,0.00,0.00,0,2,2,2,0,0,0,0,0,0,0,0,0,0.00,0
1790723329,0,0,0,0.00,0.00,0,0,0,0,0,0,0,0.00,0.00,0,2,2,2,0,0,0,0,0,0,0,0,0,0.00,0
1790723330,0,0,0,0.00,0.00,0,0,0,0,0,0,0,0.00,0.00,0,2,2,2,0,0,0,0,0,0,0,0,0,0.00,0
1790723331,0,0,0,0.00,0.00,0,0,0,0,0,0,0,0.00,0.00,0,2,2,2,0,0,0,0,0,0,0,0,0,0.00,0
1790723332,0,0,0,0.00,0.00,0,0,0,0,0,0,0,0.00,0.00,0,2,2,2,0,0,0,0,0,0,0,0,0,0.00,0
1790723333,0,0,0,0.00,0.00,0,0,0,0,0,0,0,0.00,0.00,0,3,3,3,0,0,0,0,0,0,0,0,0,0.00,0
1790723334,0,0,0,0.00,0.00,0,0,0,0,0,0,0,0.00,0.00,0,3,3,3,0,0,0,0,0,0,0,0,0,0.00,0
1790723335,0,0,0,0.00,0.00,0,0,0,0,0,0,0,0.00,0.00,0,3,3,3,0,0,0,0,0,0,0,0,0,0.00,0
1790723336,0,0,0,0.00,0.00,0,0,0,0,0,0,0,0.00,0.00,0,3,3,3,0,0,0,0,0,0,0,0,0,0.00,0
1790723337,0,0,0,0.00,0.00,0,0,0,0,0,0,0,0.00,0.00,0,3,3,3,0,0,0,0,0,0,0,0,0,0.00,0
1790723338,0,0,0,0.00,0.00,0,0,0,0,0,0,0,0.00,0.00,0,3,3,3,0,0,0,0,0,0,0,0,0,0.00,0
1790723339,0,0,0,0.00,0.00,0,0,0,0,0,0,0,0.00,0.00,0,3,3,3,0,0,0,0,0,0,0,0,0,0.00,0
1790723340,0,0,0,0.00,0.00,0,0,0,0,0,0,0,0.00,0.00,0,4,4,4,0,0,0,0,0,0,0,0,0,0.00,0
1790723341,0,0,0,0.00,0.00,0,0,0,0,0,0,0,0.00,0.00,0,4,4,4,0,0,0,0,0,0,0,0,0,0.00,0
1790723342,0,0,0,0.00,0.00,0,0,0,0,0,0,0,0.00,0.00,0,4,4,4,0,0,0,0,0,0,0,0,0,0.00,0
1790723343,0,0,0,0.00,0.00,0,0,0,0,0,0,0,0.00,0.00,0,4,4,4,0,0,0,0,0,0,0,0,0,0.00,0
1790723344,0,0,0,0.00,0.00,0,0,0,0,0,0,0,0.00,0.00,0,4,4,4,0,0,0,0,0,0,0,0,0,0.00,0
1790723345,0,0,0,0.00,0.00,0,0,0,0,0,0,0,0.00,0.00,0,4,4,4,0,0,0,0,0,0,0,0,0,0.00,0
1790723346,0,0,0,0.00,0.00,0,0,0,0,0,0,0,0.00,0.00,0,5,5,5,0,0,0,0,0,0,0,0,0,0.00,0
1790723347,0,0,0,0.00,0.00,0,0,0,0,0,0,0,0.00,0.00,0,5,5,5,0,0,0,0,0,0,0,0,0,0.00,0
1790723348,0,0,0,0.00,0.00,0,0,0,0,0,0,0,0.00,0.00,0,5,5,5,0,0,0,0,0,0,0,0,0,0.00,0
1790723349,0,0,0,0.00,0.00,0,0,0,0,0,0,0,0.00,0.00,0,5,5,5,0,0,0,0,0,0,0,0,0,0.00,0
1790723350,0,0,0,0.00,0.00,0,0,0,0,0,0,0,0.00,0.00,0,5,5,5,0,0,0,0,0,0,0,0,0,0.00,0
1790723351,0,0,0,0.00,0.00,0,0,0,0,0,0,0,0.00,0.00,0,5,5,5,0,0,0,0,0,0,0,0,0,0.00,0
1790723352,0,0,0,0.00,0.00,0,0,0,0,0,0,0,0.00,0.00,0,5,5,5,0,0,0,0,0,0,0,0,0,0.00,0
1790723353,0,0,0,0.00,0.00,0,0,0,0,0,0,0,0.00,0.00,0,6,6,6,0,0,0,0,0,0,0,0,0,0.00,0
1790723354,0,0,0,0.00,0.00,0,0,0,0,0,0,0,0.00,0.00,0,6,6,6,0,0,0,0,0,0,0,0,0,0.00,0
1790723355,0,0,0,0.00,0.00,0,0,0,0,0,0,0,0.00,0.00,0,6,6,6,0,0,0,0,0,0,0,0,0,0.00,0
1790723356,0,0,0,0.00,0.00,0,0,0,0,0,0,0,0.00,0.00,0,6,6,6,0,0,0,0,0,0,0,0,0,0.00,0
1790723357,0,0,0,0.00,0.00,0,0,0,0,0,0,0,0.00,0.00,0,6,6,6,0,0,0,0,0,0,0,0,0,0.00,0
1790723358,0,0,0,0.00,0.00,0,0,0,0,0,0,0,0.00,0.00,0,6,6,6,0,0,0,0,0,0,0,0,0,0.00,0
1790723359,0,0,0,0.00,0.00,0,0,0,0,0,0,0,0.00,0.00,0,6,6,6,0,0,0,0,0,0,0,0,0,0.00,0
1790723360,0,0,0,0.00,0.00,0,0,0,0,0,0,0,0.00,0.00,0,7,7,7,0,0,0,0,0,0,0,0,0,0.00,0
1790723361,0,0,0,0.00,0.00,0,0,0,0,0,0,0,0.00,0.00,0,7,7,7,0,0,0,0,0,0,0,0,0,0.00,0
1790723362,0,0,0,0.00,0.00,0,0,0,0,0,0,0,0.00,0.00,0,7,7,7,0,0,0,0,0,0,0,0,0,0.00,0
1790723363,0,0,0,0.00,0.00,0,0,0,0,0,0,0,0.00,0.00,0,7,7,7,0,0,0,0,0,0,0,0,0,0.00,0
1790723364,0,0,0,0.00,0.00,0,0,0,0,0,0,0,0.00,0.00,0,7,7,7,0,0,0,0,0,0,0,0,0,0.00,0
1790723365,0,0,0,0.00,0.00,0,0,0,0,0,0,0,0.00,0.00,0,7,7,7,0,0,0,0,0,0,0,0,0,0.00,0
1790723366,0,0,0,0.00,0.00,0,0,0,0,0,0,0,0.00,0.00,0,8,8,8,0,0,0,0,0,0,0,0,0,0.00,0
1790723367,0,0,0,0.00,0.00,0,0,0,0,0,0,0,0.00,0.00,0,8,8,8,0,0,0,0,0,0,0,0,0,0.00,0
1790723368,0,0,0,0.00,0.00,0,0,0,0,0,0,0,0.00,0.00,0,8,8,8,0,0,0,0,0,0,0,0,0,0.00,0
1790723369,0,0,0,0.00,0.00,0,0,0,0,0,0,0,0.00,0.00,0,8,8,8,0,0,0,0,0,0,0,0,0,0.00,0
1790723370,0,0,0,0.00,0.00,0,0,0,0,0,0,0,0.00,0.00,0,8,8,8,0,0,0,0,0,0,0,0,0,0.00,0
1790723371,0,0,0,0.00,0.00,0,0,0,0,0,0,0,0.00,0.00,0,8,8,8,0,0,0,0,0,0,0,0,0,0.00,0
1790723372,0,0,0,0.00,0.00,0,0,0,0,0,0,0,0.00,0.00,0,8,8,8,0,0,0,0,0,0,0,0,0,0.00,0
1790723373,0,0,0,0.00,0.00,0,0,0,0,0,0,0,0.00,0.00,0,9,9,9,0,0,0,0,0,0,0,0,0,0.00,0
1790723374,0,0,0,0.00,0.00,0,0,0,0,0,0,0,0.00,0.00,0,9,9,9,0,0,0,0,0,0,0,0,0,0.00,0
1790723375,0,0,0,0.00,0.00,0,0,0,0,0,0,0,0.00,0.00,0,9,9,9,0,0,0,0,0,0,0,0,0,0.00,0
1790723376,0,0,0,0.00,0.00,0,0,0,0,0,0,0,0.00,0.00,0,9,9,9,0,0,0,0,0,0,0,0,0,0.00,0
1790723377,0,0,0,0.00,0.00,0,0,0,0,0,0,0,0.00,0.00,0,9,9,9,0,0,0,0,0,0,0,0,0,0.00,0
1790723378,0,0,0,0.00,0.00,0,0,0,0,0,0,0,0.00,0.00,0,9,9,9,0,0,0,0,0,0,0,0,0,0.00,0
1790723379,0,0,0,0.00,0.00,0,0,0,0,0,0,0,0.00,0.00,0,9,9,9,0,0,0,0,0,0,0,0,0,0.00,0
1790723380,0,0,0,0.00,0.00,0,0,0,0,0,0,0,0.00,0.00,0,10,10,10,0,0,0,0,0,0,0,0,0,0.00,0
1790723381,0,190,0,260.61,190.07,6623231,122617855,212991999,299892735,371458047,763904,371720191,123665312.34,112527900.95,190,10,10,10,0,0,0,0,0,0,122617855,299892735,371458047,123665312.34,190
1790723382,0,390,0,225.50,199.91,2449407,2996223,93978623,278396927,371458047,763904,371720191,61540319.84,99175803.86,390,10,10,10,0,0,0,0,0,0,2519039,3555327,6053887,2521576.96,200
1790723383,0,590,0,216.17,200.03,1969151,2627583,6533119,273416191,370147327,763904,371720191,41387300.45,85403850.68,590,10,10,10,0,0,0,0,0,0,1996799,3383295,4171775,2088912.64,200
1790723384,0,790,0,211.81,199.91,1918975,2498559,3368959,248905727,320602111,763904,371720191,31489137.74,75739513.93,790,10,10,10,0,0,0,0,0,0,2142207,3526655,5824511,2289557.76,200
1790723385,0,990,0,209.32,200.04,1890303,2416639,3082239,209715199,299892735,763904,371720191,25572757.46,68672939.62,990,10,10,10,0,0,0,0,0,0,2174975,3278847,5136383,2203055.36,200
1790723386,0,1190,0,207.69,199.97,1822719,2363391,2975743,185466879,298844159,763904,371720191,21633164.48,63247755.93,1190,10,10,10,0,0,0,0,0,0,2119679,3282943,4329471,2132179.20,200
1790723387,0,1390,0,206.54,199.97,1770495,2267135,2916351,173277183,298844159,763904,371720191,18801368.77,58927563.41,1390,10,10,10,0,0,0,0,0,0,1915903,3098623,3256319,1952184.32,200
1790723388,0,1590,0,205.71,200.10,1729535,2197503,2826239,140509183,285999103,763904,371720191,16690423.95,55378056.75,1590,10,10,10,0,0,0,0,0,0,1966079,2983935,5558271,2019357.44,200
1790723389,0,1790,0,205.05,199.99,1719295,2189311,2793471,123207679,285212671,763904,371720191,15072400.16,52392638.20,1790,10,10,10,0,0,0,0,0,0,2053119,3491839,6578175,2209111.04,200
1790723390,0,1990,0,204.53,199.96,1702911,2146303,2693119,93782015,278396927,733184,371720191,13746348.12,49848584.94,1990,10,10,10,0,0,0,0,0,0,1900543,2809855,3897343,1878182.40,200
1790723391,0,2190,0,204.10,199.95,1677311,2127871,2637823,61276159,278134783,733184,371720191,12666571.40,47640149.11,2190,10,10,10,0,0,0,0,0,0,1878015,2789375,3616767,1922792.96,200
1790723392,0,2390,0,203.75,200.03,1658879,2103295,2613247,43646975,276299775,733184,371720191,11770810.59,45700145.34,2390,10,10,10,0,0,0,0,0,0,1885183,3659775,5890047,1962229.76,200
1790723393,0,2590,0,203.46,200.05,1629183,2096127,2588671,21446655,275775487,733184,371720191,11019843.81,43977787.19,2590,10,10,10,0,0,0,0,0,0,2007039,3127295,6508543,2045790.72,200
1790723394,0,2790,0,203.21,200.03,1613823,2073599,2559999,8511487,273416191,733184,371720191,10360339.91,42438893.27,2790,10,10,10,0,0,0,0,0,0,1826815,2783231,3352575,1819764.48,200
1790723395,0,2990,0,202.99,199.95,1607679,2053119,2531327,6578175,273416191,733184,371720191,9793210.48,41049909.58,2990,10,10,10,0,0,0,0,0,0,1873919,2965503,3420159,1881754.88,200
1790723396,0,3190,0,202.81,200.05,1588223,2044927,2516991,5959679,263323647,733184,371720191,9298789.36,39788607.58,3190,10,10,10,0,0,0,0,0,0,1807359,2994175,5009407,1907193.60,200
1790723397,0,3390,0,202.63,199.94,1591295,2042879,2506751,5787647,263192575,733184,371720191,8872037.57,38635242.65,3390,10,10,10,0,0,0,0,0,0,1997823,2934783,6553599,2065346.56,200
1790723398,0,3590,0,202.49,200.02,1589247,2044927,2504703,5148671,250478591,733184,371720191,8489443.62,37576935.66,3590,10,10,10,0,0,0,0,0,0,2055167,2902015,3428351,2004476.16,200
1790723399,0,3790,0,202.36,200.10,1569791,2033663,2498559,5148671,249298943,637952,371720191,8147496.19,36601536.63,3790,10,10,10,0,0,0,0,0,0,1860607,5058559,5595135,2009539.84,200
1790723400,0,3990,0,202.23,199.84,1572863,2033663,2496511,4677631,248905727,637952,371720191,7840426.47,35697712.33,3990,10,10,10,0,0,0,0,0,0,2010111,2996223,3270655,2021455.36,200
1790723401,0,4190,0,202.13,200.07,1574911,2043903,2502655,4677631,226099199,637952,371720191,7620009.49,34866149.71,4190,10,10,10,0,0,0,0,0,0,2207743,4016127,27394047,3222690.56,200
1790723402,0,4390,0,202.03,199.97,1558527,2027519,2492415,4440063,225837055,542208,371720191,7360438.35,34083930.53,4390,10,10,10,0,0,0,0,0,0,1712127,3362815,5791743,1922423.04,200
1790723403,0,4590,0,201.94,199.98,1557503,2029567,2498559,4440063,213254143,542208,371720191,7140823.40,33350444.16,4590,10,10,10,0,0,0,0,0,0,2092031,4403199,6070271,2320275.20,200
1790723404,0,4790,0,201.86,200.08,1557503,2028543,2486271,4403199,212991999,542208,371720191,6928614.61,32663069.35,4790,10,10,10,0,0,0,0,0,0,2001919,3790847,5468159,2058423.04,200
1790723405,0,4990,0,201.78,199.97,1557503,2027519,2486271,4288511,209715199,542208,371720191,6731880.55,32016560.61,4990,10,10,10,0,0,0,0,0,0,1913855,3293183,3487743,2020099.84,200
1790723406,0,5190,0,201.71,199.96,1558527,2029567,2488319,4194303,209453055,542208,371720191,6554337.52,31406471.29,5190,10,10,10,0,0,0,0,0,0,2093055,3203071,4698111,2124638.72,200
1790723407,0,5390,0,201.65,200.14,1562623,2029567,2490367,4075519,204734463,542208,371720191,6389249.71,30830127.19,5390,10,10,10,0,0,0,0,0,0,2018303,3262463,4243455,2105221.12,200
1790723408,0,5590,0,201.59,199.89,1567743,2031615,2486271,4016127,202375167,542208,371720191,6235586.31,30284332.08,5590,10,10,10,0,0,0,0,0,0,2142207,3004415,4366335,2094357.76,200
1790723409,0,5790,0,201.54,200.08,1567743,2029567,2486271,3897343,200540159,542208,371720191,6090656.45,29766811.69,5790,10,10,10,0,0,0,0,0,0,1992703,3133439,3821567,2039866.88,200
1790723410,0,5990,0,201.49,200.01,1564671,2028543,2482175,3796991,185466879,542208,371720191,5952165.69,29275309.18,5990,10,10,10,0,0,0,0,0,0,1982463,2838527,2906111,1942858.24,200
1790723411,0,6190,0,201.43,199.84,1563647,2029567,2482175,3749887,174850047,542208,371720191,5827214.47,28806873.67,6190,10,10,10,0,0,0,0,0,0,2123775,3049471,4743167,2084925.44,200
1790723412,0,6390,0,201.39,200.12,1563647,2029567,2484223,3713023,174718975,542208,371720191,5709034.05,28360365.31,6390,10,10,10,0,0,0,0,0,0,2004991,3401727,3725311,2051349.76,200
1790723413,0,6590,0,201.35,200.05,1557503,2026495,2473983,3678207,174587903,542208,371720191,5591365.15,27934810.63,6590,10,10,10,0,0,0,0,0,0,1806335,2895871,3385343,1831843.84,200
1790723414,0,6790,0,201.31,199.95,1556479,2019327,2465791,3653631,173670399,542208,371720191,5482268.58,27527628.96,6790,10,10,10,0,0,0,0,0,0,1912831,2818047,3729407,1887536.64,200
1790723415,0,6990,0,201.27,199.95,1554431,2018303,2467839,3665919,173277183,542208,371720191,5385777.19,27137219.21,6990,10,10,10,0,0,0,0,0,0,1981439,3768319,5558271,2109894.40,200
1790723416,0,7190,0,201.23,200.03,1548287,2007039,2455551,3639295,168558591,542208,371720191,5284524.83,26763948.86,7190,10,10,10,0,0,0,0,0,0,1793023,2574335,2885631,1745754.88,200
1790723417,0,7390,0,201.20,199.98,1540095,2001919,2447359,3616767,156499967,542208,371720191,5190832.26,26405598.77,7390,10,10,10,0,0,0,0,0,0,1702911,2869247,6148095,1822584.32,200
1790723418,0,7590,0,201.17,200.06,1539071,1997823,2439167,3583999,156368895,542208,371720191,5103412.45,26060995.04,7590,10,10,10,0,0,0,0,0,0,1803263,2859007,4210687,1873250.56,200
1790723419,0,7790,0,201.14,199.87,1527807,1992703,2437119,3526655,155320319,542208,371720191,5018798.14,25729792.11,7790,10,10,10,0,0,0,0,0,0,1692671,2916351,3782655,1807685.12,200
1790723420,0,7990,0,201.11,200.01,1525759,1987583,2430975,3489791,140509183,542208,371720191,4939049.24,25410743.76,7990,10,10,10,0,0,0,0,0,0,1814527,2766847,3162111,1832829.44,200
1790723421,0,8190,0,201.08,200.04,1522687,1984511,2428927,3465215,138018815,542208,371720191,4863824.05,25103235.31,8190,10,10,10,0,0,0,0,0,0,1887231,2844671,3020799,1858577.92,200
1790723422,0,8390,0,201.05,199.96,1520639,1980415,2422783,3428351,135528447,542208,371720191,4791588.37,24806718.30,8390,10,10,10,0,0,0,0,0,0,1829887,3041279,3358719,1833537.28,200
1790723423,0,8590,0,201.03,200.17,1519615,1977343,2416639,3420159,135397375,542208,371720191,4723697.93,24520324.83,8590,10,10,10,0,0,0,0,0,0,1898495,2723839,3635199,1875694.08,200
1790723424,0,8790,0,201.01,199.99,1513471,1973247,2408447,3411967,124387327,542208,371720191,4656232.82,24244025.74,8790,10,10,10,0,0,0,0,0,0,1781759,2662399,3575807,1758606.08,200
1790723425,0,8990,0,200.99,199.91,1512447,1972223,2406399,3393535,123207679,542208,371720191,4595157.23,23976421.75,8990,10,10,10,0,0,0,0,0,0,1942527,2902015,3227647,1910885.12,200
1790723426,0,9190,0,200.97,200.09,1503231,1968127,2400255,3389439,123011071,542208,371720191,4533909.23,23717846.45,9190,10,10,10,0,0,0,0,0,0,1727487,3094527,3805183,1780811.52,200
1790723427,0,9390,0,200.94,199.83,1503231,1964031,2394111,3364863,122748927,542208,371720191,4476406.51,23467250.93,9390,10,10,10,0,0,0,0,0,0,1849343,2713599,2875391,1834156.80,200
1790723428,0,9590,0,200.92,200.09,1503231,1959935,2392063,3375103,122617855,542208,371720191,4427008.75,23224601.84,9590,10,10,10,0,0,0,0,0,0,1816575,4440063,9396223,2107783.68,200
1790723429,0,9790,0,200.90,199.99,1500159,1956863,2387967,3356671,93978623,542208,371720191,4373213.22,22989295.65,9790,10,10,10,0,0,0,0,0,0,1802239,2760703,3033087,1793717.76,200
1790723430,0,9990,0,200.89,199.95,1500159,1953791,2383871,3338239,93782015,542208,371720191,4322347.10,22760913.90,9990,10,10,10,0,0,0,0,0,0,1870847,2586623,2889727,1832450.56,200
1790723431,0,10190,0,200.87,200.11,1496063,1948671,2377727,3303423,91095039,542208,371720191,4271687.02,22539426.60,10190,10,10,10,0,0,0,0,0,0,1709055,2502655,4040703,1741216.00,200
1790723432,0,10390,0,200.85,199.91,1494015,1947647,2375679,3293183,74383359,542208,371720191,4225968.98,22324036.13,10390,10,10,10,0,0,0,0,0,0,1903615,3022847,4894719,1896634.88,200
1790723433,0,10590,0,200.83,199.96,1490943,1944575,2373631,3295231,74252287,542208,371720191,4182853.50,22114664.15,10590,10,10,10,0,0,0,0,0,0,1861631,3305471,4288511,1943004.16,200
1790723434,0,10790,0,200.82,200.02,1488895,1942527,2371583,3278847,72482815,542208,371720191,4139066.63,21911208.24,10790,10,10,10,0,0,0,0,0,0,1783807,2789375,3235839,1820551.68,200
1790723435,0,10990,0,200.81,200.07,1490943,1942527,2371583,3266559,61276159,542208,371720191,4099700.35,21713008.62,10990,10,10,10,0,0,0,0,0,0,1955839,3110911,3672063,1975889.92,200
1790723436,0,11190,0,200.79,200.01,1490943,1940479,2369535,3266559,48431103,542208,371720191,4062263.16,21520261.42,11190,10,10,10,0,0,0,0,0,0,1851391,3086335,6238207,2005089.28,200
1790723437,0,11390,0,200.78,199.99,1488895,1936383,2365439,3260415,46628863,542208,371720191,4023049.98,21332669.69,11390,10,10,10,0,0,0,0,0,0,1796095,2721791,4501503,1829072.64,200
1790723438,0,11590,0,200.76,200.01,1482751,1932287,2361343,3235839,46563327,542208,371720191,3982745.84,21150113.04,11590,10,10,10,0,0,0,0,0,0,1668095,2574335,2764799,1687425.28,200
1790723439,0,11790,0,200.75,199.98,1481727,1930239,2361343,3239935,43810815,542208,371720191,3947481.63,20971871.30,11790,10,10,10,0,0,0,0,0,0,1859583,3282943,4284415,1903920.64,200
1790723440,0,11990,0,200.74,200.07,1480703,1928191,2359295,3239935,43646975,542208,371720191,3913939.91,20798103.91,11990,10,10,10,0,0,0,0,0,0,1795071,3014655,5844991,1936655.36,200
1790723441,0,12210,0,201.05,219.85,1482751,1931263,2365439,3303423,36569087,542208,371720191,3894977.50,20612416.22,12210,10,10,10,0,0,0,0,0,0,2123775,8896511,9814015,2861526.11,220
1790723442,0,12410,0,201.04,200.07,1479679,1928191,2361343,3291135,35323903,542208,371720191,3860687.23,20447554.85,12410,10,10,10,0,0,0,0,0,0,1755135,3039231,3278847,1767266.56,200
1790723443,0,12610,0,201.02,199.93,1476607,1925119,2357247,3278847,31309823,542208,371720191,3828033.90,20286509.07,12610,10,10,10,0,0,0,0,0,0,1839103,2672639,3203071,1801894.40,200
1790723444,0,12810,0,201.01,200.12,1475583,1926143,2357247,3262463,30277631,542208,371720191,3797721.87,20129101.56,12810,10,10,10,0,0,0,0,0,0,1952767,2899967,3248127,1886548.48,200
1790723445,0,13010,0,200.99,199.86,1473535,1925119,2355199,3244031,28983295,542208,371720191,3767510.44,19975378.01,13010,10,10,10,0,0,0,0,0,0,1845247,2711551,3096575,1832468.48,200
1790723446,0,13210,0,200.97,200.05,1472511,1923071,2353151,3233791,27377663,542208,371720191,3738240.39,19825183.98,13210,10,10,10,0,0,0,0,0,0,1811455,2998271,4702207,1834223.36,200
1790723447,0,13410,0,200.96,200.05,1470463,1923071,2353151,3227647,22675455,542208,371720191,3710400.49,19678210.39,13410,10,10,10,0,0,0,0,0,0,1905663,2674687,2789375,1871575.04,200
1790723448,0,13610,0,200.95,200.00,1470463,1919999,2353151,3227647,21446655,542208,371720191,3683514.42,19534519.72,13610,10,10,10,0,0,0,0,0,0,1824767,3244031,4476927,1880803.84,200
1790723449,0,13810,0,200.93,199.89,1470463,1919999,2349055,3213311,19611647,542208,371720191,3656602.27,19393912.26,13810,10,10,10,0,0,0,0,0,0,1842175,2580479,2689023,1825230.08,200
1790723450,0,14010,0,200.92,200.19,1467391,1921023,2351103,3207167,19529727,542208,371720191,3632935.74,19256261.77,14010,10,10,10,0,0,0,0,0,0,1996799,2897919,5128191,1998762.24,200
1790723451,0,14210,0,200.91,199.95,1469439,1922047,2351103,3205119,15237119,542208,371720191,3610370.94,19121475.42,14210,10,10,10,0,0,0,0,0,0,1973247,2971647,5693439,2029706.24,200
1790723452,0,14410,0,200.89,200.04,1469439,1921023,2351103,3203071,13852671,542208,371720191,3588624.33,18989677.64,14410,10,10,10,0,0,0,0,0,0,1886207,2883583,7913471,2043527.68,200
1790723453,0,14610,0,200.88,199.93,1471487,1924095,2349055,3190783,12656639,542208,371720191,3566329.73,18860318.44,14610,10,10,10,0,0,0,0,0,0,1998847,2910207,3201023,1960003.84,200
1790723454,0,14810,0,200.87,200.00,1472511,1925119,2349055,3182591,11804671,542208,371720191,3544302.39,18733593.64,14810,10,10,10,0,0,0,0,0,0,2013183,2676735,3407871,1935205.12,200
1790723455,0,15010,0,200.86,200.07,1472511,1926143,2349055,3182591,9961471,542208,371720191,3523020.39,18609424.42,15010,10,10,10,0,0,0,0,0,0,1994751,3168255,3508223,1947088.64,200
1790723456,0,15210,0,200.85,199.83,1471487,1928191,2353151,3184639,9699327,542208,371720191,3504379.94,18487677.45,15210,10,10,10,0,0,0,0,0,0,2056191,3207167,5947391,2105414.40,200
1790723457,0,15410,0,200.84,200.13,1470463,1929215,2351103,3190783,9396223,542208,371720191,3484075.13,18368322.02,15410,10,10,10,0,0,0,0,0,0,1952767,3246079,3751935,1939893.76,200
1790723458,0,15610,0,200.82,199.86,1471487,1930239,2353151,3182591,9306111,542208,371720191,3464997.65,18251168.68,15610,10,10,10,0,0,0,0,0,0,2052095,3108863,3301375,1995078.40,200
1790723459,0,15810,0,200.81,200.00,1469439,1932287,2351103,3184639,11304959,542208,371720191,3450601.57,18137489.39,15810,10,10,10,0,0,0,0,0,0,2002943,3368959,11689983,2326987.52,200
1790723460,0,16010,0,200.80,200.12,1469439,1932287,2351103,3190783,9961471,542208,371720191,3432632.54,18024715.99,16010,10,10,10,0,0,0,0,0,0,1980415,3282943,4151295,2012180.48,200
1790723461,0,16210,0,200.79,200.00,1471487,1934335,2353151,3205119,9699327,542208,371720191,3419598.36,17914344.86,16210,10,10,10,0,0,0,0,0,0,2039807,7102463,7548927,2376212.48,200
1790723462,0,16410,0,200.78,200.03,1469439,1934335,2349055,3201023,9396223,542208,371720191,3400590.40,17805796.17,16410,10,10,10,0,0,0,0,0,0,1943551,2838527,3661823,1859994.88,200
1790723463,0,16610,0,200.77,199.95,1470463,1933311,2351103,3207167,9306111,542208,371720191,3384535.88,17699136.41,16610,10,10,10,0,0,0,0,0,0,1895423,3737599,5119999,2067262.72,200
1790723464,0,16810,0,200.76,199.94,1469439,1934335,2349055,3201023,9207807,542208,371720191,3366547.02,17594406.68,16810,10,10,10,0,0,0,0,0,0,1954815,2772991,3192831,1872572.16,200
1790723465,0,17010,0,200.76,200.05,1469439,1933311,2347007,3192831,9101311,542208,371720191,3348827.02,17491539.75,17010,10,10,10,0,0,0,0,0,0,1857535,2783231,3358719,1859461.12,200
1790723466,0,17210,0,200.75,200.00,1467391,1932287,2344959,3186687,8994815,542208,371720191,3330927.31,17390514.47,17210,10,10,10,0,0,0,0,0,0,1889279,2852863,3233791,1808556.80,200
1790723467,0,17410,0,200.74,200.07,1468415,1934335,2349055,3192831,8798207,542208,371720191,3317504.16,17291056.55,17410,10,10,10,0,0,0,0,0,0,2103295,3975167,5214207,2162442.24,200
1790723468,0,17610,0,200.73,199.92,1467391,1935359,2349055,3186687,8601599,542208,371720191,3301791.94,17193341.37,17610,10,10,10,0,0,0,0,0,0,2017279,2717695,3268607,1934042.88,200
1790723469,0,17810,0,200.72,200.05,1467391,1933311,2347007,3182591,8339455,542208,371720191,3285771.76,17097382.34,17810,10,10,10,0,0,0,0,0,0,1867775,2650111,3528703,1875194.88,200
1790723470,0,18010,0,200.71,199.88,1466367,1935359,2347007,3172351,8232959,542208,371720191,3270160.55,17002952.50,18010,10,10,10,0,0,0,0,0,0,2026495,2766847,2912255,1879982.08,200
1790723471,0,18210,0,200.71,200.04,1466367,1934335,2347007,3172351,8339455,542208,371720191,3257732.46,16910327.46,18210,10,10,10,0,0,0,0,0,0,1922047,2783231,8945663,2138583.04,200
1790723472,0,18410,0,200.70,200.11,1465343,1933311,2347007,3162111,8232959,542208,371720191,3242473.93,16818957.50,18410,10,10,10,0,0,0,0,0,0,1875967,2686975,3155967,1853185.28,200
1790723473,0,18610,0,200.69,199.98,1464319,1932287,2344959,3160063,8007679,542208,371720191,3227691.37,16729081.22,18610,10,10,10,0,0,0,0,0,0,1893375,3033087,3422207,1866956.80,200
1790723474,0,18810,0,200.68,199.97,1463295,1932287,2344959,3153919,7913471,542208,371720191,3212858.97,16640626.14,18810,10,10,10,0,0,0,0,0,0,1880063,2869247,2953215,1832704.00,200
1790723475,0,19010,0,200.68,199.92,1462271,1931263,2344959,3149823,7802879,542208,371720191,3198399.37,16553557.66,19010,10,10,10,0,0,0,0,0,0,1886207,2559999,3289087,1838474.24,200
1790723476,0,19210,0,200.67,200.13,1462271,1932287,2342911,3137535,7655423,542208,371720191,3184605.99,16467799.17,19210,10,10,10,0,0,0,0,0,0,1939455,2613247,2914303,1873544.96,200
1790723477,0,19410,0,200.66,199.91,1462271,1932287,2342911,3137535,7548927,542208,371720191,3171902.16,16383361.62,19410,10,10,10,0,0,0,0,0,0,1959935,2928639,4040703,1951699.20,200
1790723478,0,19610,0,200.66,199.94,1462271,1932287,2342911,3137535,7290879,542208,371720191,3160021.48,16300215.59,19610,10,10,10,0,0,0,0,0,0,1992703,3192831,4870143,2007001.60,200
1790723479,0,19810,0,200.65,200.10,1460223,1932287,2342911,3133439,7237631,542208,371720191,3146856.91,16218354.89,19810,10,10,10,0,0,0,0,0,0,1894399,2824191,3387391,1856070.40,200
1790723480,0,20010,0,200.64,199.87,1460223,1932287,2344959,3129343,7229439,542208,371720191,3134721.98,16137697.70,20010,10,10,10,0,0,0,0,0,0,1831935,2881535,4259839,1932757.76,200
1790723481,0,20210,0,200.64,199.99,1460223,1932287,2344959,3135487,7196671,542208,371720191,3123721.07,16058199.94,20210,10,10,10,0,0,0,0,0,0,2008063,3336191,4161535,2023079.68,200
1790723482,0,20410,0,200.63,200.19,1462271,1933311,2344959,3127295,7102463,542208,371720191,3112768.21,15979811.93,20410,10,10,10,0,0,0,0,0,0,2094079,2828287,3137535,2005981.44,200
1790723483,0,20610,0,200.62,199.98,1462271,1934335,2347007,3135487,7102463,542208,371720191,3103859.04,15902772.81,20610,10,10,10,0,0,0,0,0,0,2014207,5140479,7090175,2194679.04,200
1790723484,0,20810,0,200.62,199.95,1463295,1936383,2347007,3149823,7290879,542208,371720191,3098096.46,15827239.07,20810,10,10,10,0,0,0,0,0,0,2052095,7335935,8806399,2504262.40,200
1790723485,0,21010,0,200.61,199.95,1463295,1937407,2349055,3149823,7241727,542208,371720191,3087808.08,15752225.03,21010,10,10,10,0,0,0,0,0,0,2016255,3151871,3706879,2017301.76,200
1790723486,0,21210,0,200.61,200.10,1462271,1938431,2351103,3145727,7229439,542208,371720191,3077988.43,15678326.38,21210,10,10,10,0,0,0,0,0,0,2018303,2998271,6119423,2046434.56,200
1790723487,0,21410,0,200.60,199.85,1464319,1939455,2353151,3149823,7229439,542208,371720191,3069405.00,15605459.44,21410,10,10,10,0,0,0,0,0,0,2045951,3395583,6594559,2159132.16,200
1790723488,0,21610,0,200.59,200.06,1464319,1940479,2353151,3137535,7196671,542208,371720191,3059382.11,15533524.82,21610,10,10,10,0,0,0,0,0,0,2040831,2867199,3069951,1986432.00,200
1790723489,0,21810,0,200.59,199.98,1464319,1940479,2353151,3133439,7135231,542208,371720191,3049074.76,15462621.42,21810,10,10,10,0,0,0,0,0,0,1939455,2959359,3229695,1935365.12,200
1790723490,0,22010,0,200.58,200.13,1466367,1942527,2353151,3135487,7090175,542208,371720191,3040619.08,15392559.96,22010,10,10,10,0,0,0,0,0,0,2156543,3139583,3323903,2118526.72,200
1790723491,0,22210,0,200.58,199.94,1467391,1944575,2357247,3137535,6938623,542208,371720191,3033887.65,15323486.49,22210,10,10,10,0,0,0,0,0,0,2254847,3381247,6389759,2293094.40,200
1790723492,0,22410,0,200.57,199.96,1468415,1947647,2357247,3143679,6819839,542208,371720191,3026170.55,15255375.17,22410,10,10,10,0,0,0,0,0,0,2174975,3307519,6721535,2169186.56,200
1790723493,0,22610,0,200.57,200.00,1469439,1948671,2359295,3143679,6766591,542208,371720191,3017405.55,15188162.83,22610,10,10,10,0,0,0,0,0,0,2061311,3137535,3299327,2035287.04,200
1790723494,0,22810,0,200.56,200.09,1469439,1948671,2359295,3137535,6750207,542208,371720191,3008138.20,15121865.22,22810,10,10,10,0,0,0,0,0,0,1934335,3051519,3170303,1960464.64,200
1790723495,0,23010,0,200.56,199.94,1469439,1949695,2359295,3137535,6717439,542208,371720191,2999524.03,15056495.47,23010,10,10,10,0,0,0,0,0,0,2011135,3123199,5197823,2017077.76,200
1790723496,0,23210,0,200.55,199.95,1471487,1950719,2361343,3137535,6688767,542208,371720191,2991413.85,14991857.43,23210,10,10,10,0,0,0,0,0,0,2079743,2926591,3678207,2058337.28,200
1790723497,0,23410,0,200.55,199.97,1469439,1949695,2361343,3133439,6639615,542208,371720191,2981827.50,14928143.57,23410,10,10,10,0,0,0,0,0,0,1888255,2908159,3071999,1869332.48,200
1790723498,0,23610,0,200.54,200.00,1468415,1950719,2361343,3133439,6631423,542208,371720191,2973600.89,14865254.95,23610,10,10,10,0,0,0,0,0,0,2086911,3188735,6074367,2010675.20,200
1790723499,0,23810,0,200.54,200.14,1467391,1950719,2361343,3131391,6615039,542208,371720191,2964443.25,14803139.82,23810,10,10,10,0,0,0,0,0,0,1910783,2826239,3536895,1883384.32,200
1790723500,0,24010,0,200.54,199.96,1466367,1949695,2361343,3127295,6602751,542208,371720191,2955520.04,14741800.32,24010,10,10,10,0,0,0,0,0,0,1847295,2918399,3317759,1893212.16,200
1790723501,0,24500,0,202.93,489.99,1467391,1951743,2367487,3174399,7233535,542208,371720191,2955714.32,14601833.58,24500,10,10,10,0,0,0,0,0,0,2078719,8470527,23773183,2965233.89,490
1790723502,0,25000,0,205.37,499.76,1467391,1950719,2371583,3174399,7204863,542208,371720191,2936693.43,14456035.58,25000,10,10,10,0,0,0,0,0,0,1926143,3149823,3831807,2004669.95,500
1790723503,0,25500,0,207.77,499.95,1467391,1951743,2375679,3190783,7090175,442880,371720191,2920053.40,14314582.96,25500,10,10,10,0,0,0,0,0,0,2002943,3547135,3901439,2088051.97,500
1790723504,0,26000,0,210.14,500.00,1467391,1951743,2379775,3201023,6778879,442880,371720191,2903480.09,14177191.11,26000,10,10,10,0,0,0,0,0,0,1943551,3586047,4218879,2058241.02,500
1790723505,0,26500,0,212.46,500.09,1470463,1953791,2385919,3219455,6721535,442880,371720191,2891647.70,14043629.55,26500,10,10,10,0,0,0,0,0,0,2220031,3756031,4718591,2276363.26,500
1790723506,0,27000,0,214.75,500.25,1471487,1955839,2392063,3231743,6717439,442880,371720191,2879004.96,13913912.87,27000,10,10,10,0,0,0,0,0,0,2054143,3569663,6234111,2208940.03,500
1790723507,0,27500,0,217.00,499.62,1471487,1956863,2392063,3248127,6639615,442880,371720191,2864669.94,13787686.44,27500,10,10,10,0,0,0,0,0,0,1979391,3616767,4120575,2090578.94,500
1790723508,0,28000,0,219.21,500.11,1472511,1957887,2398207,3274751,6615039,442880,371720191,2852935.93,13664881.97,28000,10,10,10,0,0,0,0,0,0,2062335,3827711,5251071,2207565.31,500
1790723509,0,28500,0,221.39,500.29,1472511,1957887,2402303,3276799,6602751,442880,371720191,2839494.56,13545259.50,28500,10,10,10,0,0,0,0,0,0,1951743,3336191,4040703,2086777.86,500
1790723510,0,29000,0,223.54,499.84,1470463,1955839,2402303,3278847,6578175,442880,371720191,2824830.42,13428830.00,29000,10,10,10,0,0,0,0,0,0,1864703,3377151,4472831,1988974.59,500
1790723511,0,29500,0,225.66,499.84,1468415,1955839,2406399,3293183,6545407,442880,371720191,2811872.38,13315414.63,29500,10,10,10,0,0,0,0,0,0,1943551,3577855,4571135,2060305.92,500
1790723512,0,30000,0,227.74,500.20,1467391,1954815,2410495,3301375,6553599,442880,371720191,2800532.58,13204961.42,30000,10,10,10,0,0,0,0,0,0,1911807,3735551,7483391,2131484.16,500
1790723513,0,30500,0,229.79,500.05,1467391,1955839,2414591,3305471,6516735,442880,371720191,2789416.92,13096944.85,30500,10,10,10,0,0,0,0,0,0,2031615,3411967,4007935,2122477.31,500
1790723514,0,31000,0,231.81,499.76,1467391,1956863,2418687,3309567,6475775,442880,371720191,2778665.69,12991559.88,31000,10,10,10,0,0,0,0,0,0,2040831,3368959,4898815,2122840.58,500
1790723515,0,31500,0,233.80,500.09,1468415,1959935,2422783,3315711,6430719,442880,371720191,2769023.28,12888672.05,31500,10,10,10,0,0,0,0,0,0,2164735,3600383,4141055,2171194.37,500
1790723516,0,32000,0,235.76,499.91,1471487,1961983,2428927,3325951,6389759,442880,371720191,2760442.47,12788148.37,32000,10,10,10,0,0,0,0,0,0,2154495,3489791,4124671,2219851.26,500
1790723517,0,32500,0,237.70,500.27,1471487,1963007,2433023,3342335,6430719,442880,371720191,2753560.80,12690499.58,32500,10,10,10,0,0,0,0,0,0,2029567,3934207,8970239,2313134.08,500
1790723518,0,33000,0,239.60,499.89,1471487,1964031,2435071,3350527,6475775,442880,371720191,2745503.73,12594940.50,33000,10,10,10,0,0,0,0,0,0,2063359,3690495,7360511,2221793.79,500
1790723519,0,33500,0,241.48,499.98,1471487,1965055,2439167,3356671,6430719,417536,371720191,2736254.88,12501322.33,33500,10,10,10,0,0,0,0,0,0,2038783,3780607,4673535,2125831.17,500
1790723520,0,34000,0,243.33,499.91,1472511,1967103,2441215,3366911,6389759,417536,371720191,2727569.51,12409652.83,34000,10,10,10,0,0,0,0,0,0,2092031,3530751,4030463,2145649.66,500
1790723521,0,34500,0,245.15,499.99,1472511,1967103,2443263,3375103,6381567,417536,371720191,2718822.80,12320107.92,34500,10,10,10,0,0,0,0,0,0,1981439,3799039,4624383,2124046.34,500
1790723522,0,35000,0,246.95,500.03,1471487,1967103,2445311,3375103,6324223,417536,371720191,2708939.42,12232394.03,35000,10,10,10,0,0,0,0,0,0,1972223,3375103,3762175,2026985.98,500
1790723523,0,35500,0,248.72,500.26,1470463,1966079,2447359,3373055,6266879,417536,371720191,2699209.23,12146602.98,35500,10,10,10,0,0,0,0,0,0,1867775,3158015,4073471,2018096.13,500
1790723524,0,36000,0,250.47,499.79,1471487,1968127,2449407,3377151,6213631,417536,371720191,2691931.57,12062536.65,36000,10,10,10,0,0,0,0,0,0,2142207,3483647,4739071,2175217.41,500
1790723525,0,36500,0,252.19,499.90,1472511,1970175,2453503,3383295,6180863,417536,371720191,2685309.84,11980160.53,36500,10,10,10,0,0,0,0,0,0,2170879,3659775,4517887,2208545.79,500
1790723526,0,37000,0,253.90,500.17,1472511,1970175,2455551,3389439,6148095,417536,371720191,2677161.11,11899535.56,37000,10,10,10,0,0,0,0,0,0,1989631,3723263,4028415,2082303.74,500
1790723527,0,37500,0,255.57,499.85,1471487,1970175,2455551,3391487,6123519,417536,371720191,2668928.69,11820522.63,37500,10,10,10,0,0,0,0,0,0,1951743,3416063,3971071,2059729.41,500
1790723528,0,38000,0,257.23,500.11,1471487,1970175,2457599,3385343,6082559,417536,371720191,2660431.58,11743023.33,38000,10,10,10,0,0,0,0,0,0,1958911,3239935,3858431,2023148.54,500
1790723529,0,38500,0,258.86,499.96,1469439,1969151,2457599,3389439,6057983,417536,371720191,2651649.07,11667176.88,38500,10,10,10,0,0,0,0,0,0,1838079,3473407,4587519,1984178.18,500
1790723530,0,39000,0,260.47,499.84,1466367,1967103,2455551,3383295,6004735,417536,371720191,2641802.90,11592763.46,39000,10,10,10,0,0,0,0,0,0,1773567,3190783,3897343,1883647.74,500
1790723531,0,39500,0,262.06,500.08,1465343,1966079,2457599,3383295,6057983,417536,371720191,2638690.69,11524496.15,39500,10,10,10,0,0,0,0,0,0,1928191,3389439,23379967,2395938.05,500
1790723532,0,40000,0,263.63,500.07,1466367,1967103,2457599,3383295,6033407,417536,371720191,2631664.53,11452827.26,40000,10,10,10,0,0,0,0,0,0,1993727,3289087,5742591,2076598.53,500
1790723533,0,40500,0,265.18,500.22,1464319,1967103,2459647,3383295,5971967,417536,371720191,2623909.21,11382468.83,40500,10,10,10,0,0,0,0,0,0,1919999,3430399,4243455,2003483.65,500
1790723534,0,41000,0,266.70,500.06,1465343,1967103,2461695,3381247,5935103,417536,371720191,2616954.03,11313325.47,41000,10,10,10,0,0,0,0,0,0,1976319,3276799,3923967,2053584.13,500
1790723535,0,41500,0,268.21,500.01,1463295,1965055,2463743,3387391,5906431,417536,371720191,2609713.57,11245622.02,41500,10,10,10,0,0,0,0,0,0,1789951,3741695,4440063,2015995.65,500
1790723536,0,42000,0,269.70,499.53,1463295,1966079,2465791,3391487,5877759,417536,371720191,2604006.35,11178970.37,42000,10,10,10,0,0,0,0,0,0,2077695,3604479,4456447,2130307.07,500
1790723537,0,42500,0,271.17,500.29,1465343,1968127,2469887,3401727,5906431,417536,371720191,2602443.74,11114689.58,42500,10,10,10,0,0,0,0,0,0,2121727,4122623,13369343,2471184.90,500
1790723538,0,43000,0,272.62,500.02,1465343,1968127,2471935,3409919,5935103,417536,371720191,2599464.89,11051362.56,43000,10,10,10,0,0,0,0,0,0,1988607,3827711,12132351,2346262.53,500
1790723539,0,43500,0,274.05,500.11,1466367,1969151,2480127,3426303,6103039,417536,371720191,2600784.90,10990153.21,43500,10,10,10,0,0,0,0,0,0,2256895,5844991,14598143,2714306.05,500
1790723540,0,44000,0,275.47,499.93,1465343,1969151,2480127,3436543,6066175,417536,371720191,2594868.30,10928210.94,44000,10,10,10,0,0,0,0,0,0,1863679,4050943,5283839,2080123.90,500
1790723541,0,44500,0,276.86,500.01,1466367,1971199,2486271,3444735,6066175,417536,371720191,2591992.43,10867302.87,44500,10,10,10,0,0,0,0,0,0,2240511,4114431,6045695,2338915.33,500
1790723542,0,45000,0,278.24,499.76,1465343,1971199,2488319,3446783,6033407,417536,371720191,2586195.27,10807232.65,45000,10,10,10,0,0,0,0,0,0,1974271,3516415,4259839,2070248.45,500
1790723543,0,45500,0,279.60,499.93,1466367,1971199,2490367,3444735,5984255,417536,371720191,2581019.62,10748156.48,45500,10,10,10,0,0,0,0,0,0,1990655,3399679,4550655,2115210.75,500
1790723544,0,46000,0,280.95,500.12,1464319,1971199,2490367,3454975,6033407,417536,371720191,2576548.59,10690370.78,46000,10,10,10,0,0,0,0,0,0,1931263,4276223,6852607,2169685.50,500
1790723545,0,46500,0,282.28,500.19,1464319,1971199,2494463,3459071,6021119,417536,371720191,2572156.09,10633300.41,46500,10,10,10,0,0,0,0,0,0,1982463,3663871,5521407,2168045.82,500
1790723546,0,47000,0,283.59,499.96,1464319,1972223,2496511,3465215,5959679,417536,371720191,2568350.15,10577089.37,47000,10,10,10,0,0,0,0,0,0,2058239,3866623,4739071,2214397.44,500
1790723547,0,47500,0,284.89,499.92,1465343,1972223,2496511,3467263,5931007,417536,371720191,2562997.72,10521682.16,47500,10,10,10,0,0,0,0,0,0,1998847,3528703,4024319,2059869.44,500
1790723548,0,48000,0,286.18,500.22,1465343,1974271,2500607,3477503,5918719,417536,371720191,2559985.90,10467266.46,48000,10,10,10,0,0,0,0,0,0,2250751,3733503,4472831,2273862.66,500
1790723549,0,48500,0,287.44,499.89,1464319,1972223,2498559,3481599,5906431,417536,371720191,2553961.54,10413780.56,48500,10,10,10,0,0,0,0,0,0,1788927,3647487,5480447,1975623.68,500
1790723550,0,49000,0,288.69,499.86,1464319,1973247,2500607,3489791,5881855,417536,371720191,2550391.47,10361010.46,49000,10,10,10,0,0,0,0,0,0,2119679,3883007,4567039,2204093.95,500
1790723551,0,49500,0,289.93,499.80,1463295,1973247,2502655,3497983,5869567,417536,371720191,2546174.11,10309126.72,49500,10,10,10,0,0,0,0,0,0,1972223,4218879,5054463,2132873.47,500
1790723552,0,50000,0,291.16,500.33,1463295,1974271,2504703,3514367,5865471,417536,371720191,2543558.84,10258133.52,50000,10,10,10,0,0,0,0,0,0,2047999,4374527,5836799,2284646.40,500
1790723553,0,50500,0,292.36,499.82,1463295,1974271,2502655,3508223,5840895,417536,371720191,2538062.24,10207626.43,50500,10,10,10,0,0,0,0,0,0,1984511,3201023,3977215,1988403.20,500
1790723554,0,51000,0,293.56,500.29,1464319,1975295,2506751,3506175,5824511,417536,371720191,2534056.72,10157830.08,51000,10,10,10,0,0,0,0,0,0,2105343,3368959,3831807,2129498.88,500
1790723555,0,51500,0,294.74,499.85,1461247,1973247,2506751,3504127,5804031,417536,371720191,2528063.14,10108921.53,51500,10,10,10,0,0,0,0,0,0,1741823,3366911,4059135,1916717.82,500
1790723556,0,52000,0,295.91,500.03,1460223,1972223,2504703,3500031,5775359,417536,371720191,2521958.89,10060630.94,52000,10,10,10,0,0,0,0,0,0,1759231,3166207,3837951,1893220.86,500
1790723557,0,52500,0,297.06,499.74,1461247,1972223,2506751,3502079,5746687,417536,371720191,2518103.81,10013022.38,52500,10,10,10,0,0,0,0,0,0,2004991,3538943,4251647,2117176.06,500
1790723558,0,53000,0,298.21,500.02,1462271,1973247,2506751,3506175,5713919,417536,371720191,2514659.85,9966036.53,53000,10,10,10,0,0,0,0,0,0,2036735,3667967,4206591,2153043.46,500
1790723559,0,53500,0,299.34,500.32,1462271,1973247,2508799,3506175,5697535,417536,371720191,2511079.84,9919717.52,53500,10,10,10,0,0,0,0,0,0,2045951,3504127,4042751,2131598.59,500
1790723560,0,54000,0,300.45,499.89,1462271,1973247,2508799,3508223,5664767,417536,371720191,2506505.61,9874142.12,54000,10,10,10,0,0,0,0,0,0,1900543,3659775,4726783,2017063.42,500
1790723561,0,54250,0,300.17,249.93,1462271,1973247,2506751,3508223,5656575,417536,371720191,2504035.77,9851575.36,54250,10,10,10,0,0,0,0,0,0,1955839,3528703,4120575,1970551.30,250
1790723562,0,54450,0,299.62,200.09,1461247,1972223,2506751,3508223,5627903,417536,371720191,2501685.34,9833667.73,54450,10,10,10,0,0,0,0,0,0,1886207,3663871,4980735,1864129.28,200
1790723563,0,54650,0,299.08,199.89,1460223,1972223,2504703,3508223,5623807,417536,371720191,2499737.22,9815838.31,54650,10,10,10,0,0,0,0,0,0,1863679,3860479,4542463,1969363.20,200
1790723564,0,54850,0,298.54,200.04,1460223,1972223,2504703,3510271,5627903,417536,371720191,2498024.65,9798147.87,54850,10,10,10,0,0,0,0,0,0,1991679,3997695,6197247,2030064.64,200
1790723565,0,55050,0,298.00,200.07,1459199,1972223,2504703,3510271,5623807,417536,371720191,2496005.09,9780506.20,55050,10,10,10,0,0,0,0,0,0,1910783,3233791,4567039,1942138.88,200
1790723566,0,55250,0,297.48,199.96,1459199,1972223,2502655,3508223,5615615,417536,371720191,2493945.55,9762924.35,55250,10,10,10,0,0,0,0,0,0,1963007,3270655,3493887,1927059.20,200
1790723567,0,55450,0,296.95,199.90,1459199,1971199,2502655,3508223,5599231,417536,371720191,2491952.29,9745448.20,55450,10,10,10,0,0,0,0,0,0,1893375,3311615,3799039,1941314.56,200
1790723568,0,55650,0,296.44,200.15,1459199,1971199,2502655,3506175,5586943,417536,371720191,2489691.17,9728061.20,55650,10,10,10,0,0,0,0,0,0,1831935,2639871,3827711,1862794.24,200
1790723569,0,55850,0,295.93,199.99,1459199,1970175,2502655,3508223,5586943,417536,371720191,2488286.60,9710831.10,55850,10,10,10,0,0,0,0,0,0,1910783,4370431,5439487,2097464.32,200
1790723570,0,56050,0,295.42,199.99,1460223,1971199,2500607,3508223,5566463,417536,371720191,2486611.75,9693609.45,56050,10,10,10,0,0,0,0,0,0,2087935,2846719,4075519,2018912.00,200
1790723571,0,56250,0,294.92,199.91,1459199,1971199,2498559,3506175,5558271,417536,371720191,2484603.99,9676521.91,56250,10,10,10,0,0,0,0,0,0,1943551,2918399,4870143,1921927.68,200
1790723572,0,56450,0,294.43,200.12,1459199,1970175,2498559,3508223,5558271,417536,371720191,2483085.53,9659546.79,56450,10,10,10,0,0,0,0,0,0,1840127,4067327,5304319,2056020.48,200
1790723573,0,56650,0,293.94,199.94,1460223,1970175,2498559,3506175,5566463,417536,371720191,2481573.23,9642690.27,56650,10,10,10,0,0,0,0,0,0,1942527,3229695,6541311,2054723.84,200
1790723574,0,56850,0,293.45,200.00,1460223,1971199,2498559,3508223,5586943,417536,371720191,2480346.32,9625941.56,56850,10,10,10,0,0,0,0,0,0,2105343,3739647,7512063,2132825.60,200
1790723575,0,57050,0,292.97,200.00,1460223,1970175,2496511,3508223,5566463,417536,371720191,2478500.68,9609225.01,57050,10,10,10,0,0,0,0,0,0,1795071,3803135,4603903,1953877.76,200
1790723576,0,57250,0,292.50,200.01,1460223,1970175,2496511,3508223,5558271,417536,371720191,2476994.85,9592560.78,57250,10,10,10,0,0,0,0,0,0,1970175,3483647,3989503,2047456.00,200
1790723577,0,57450,0,292.02,199.93,1460223,1970175,2496511,3506175,5558271,417536,371720191,2475032.34,9575980.05,57450,10,10,10,0,0,0,0,0,0,1933311,2893823,4153343,1913263.36,200
1790723578,0,57650,0,291.56,200.12,1460223,1970175,2496511,3504127,5533695,417536,371720191,2473090.96,9559517.33,57650,10,10,10,0,0,0,0,0,0,1933311,3041279,4259839,1915429.12,200
1790723579,0,57850,0,291.10,199.99,1459199,1970175,2494463,3504127,5558271,417536,371720191,2471540.09,9543155.73,57850,10,10,10,0,0,0,0,0,0,1924095,3647487,5914623,2024501.76,200
1790723580,0,58050,0,290.64,199.92,1460223,1970175,2494463,3504127,5529599,417536,371720191,2469746.15,9526831.57,58050,10,10,10,0,0,0,0,0,0,1958911,3334143,4231167,1950850.56,200
1790723581,0,58250,0,290.19,200.03,1460223,1970175,2494463,3506175,5517311,417536,371720191,2468371.46,9510610.61,58250,10,10,10,0,0,0,0,0,0,2020351,4028415,4407295,2069367.04,200
1790723582,0,58450,0,289.74,200.01,1460223,1969151,2492415,3510271,5558271,417536,371720191,2467281.12,9494567.38,58450,10,10,10,0,0,0,0,0,0,1902591,4902911,6193151,2149720.32,200
1790723583,0,58650,0,289.30,200.03,1460223,1969151,2492415,3512319,5533695,417536,371720191,2465886.60,9478535.63,58650,10,10,10,0,0,0,0,0,0,1833983,3934207,5197823,2058338.56,200
1790723584,0,58850,0,288.86,199.87,1460223,1969151,2492415,3508223,5521407,417536,371720191,2464217.63,9462519.34,58850,10,10,10,0,0,0,0,0,0,2034687,2854911,3801087,1974791.68,200
1790723585,0,59050,0,288.43,199.98,1461247,1970175,2492415,3512319,5513215,417536,371720191,2463117.10,9446624.72,59050,10,10,10,0,0,0,0,0,0,2099199,3938303,4202495,2139287.04,200
1790723586,0,59250,0,288.00,200.05,1460223,1969151,2490367,3510271,5517311,417536,371720191,2461191.63,9430846.73,59250,10,10,10,0,0,0,0,0,0,1821695,2942975,6148095,1892696.32,200
1790723587,0,59450,0,287.57,199.96,1460223,1969151,2490367,3512319,5533695,417536,371720191,2459664.67,9415180.86,59450,10,10,10,0,0,0,0,0,0,1926143,3684351,6639615,2007301.12,200
1790723588,0,59650,0,287.15,200.03,1460223,1969151,2488319,3510271,5521407,417536,371720191,2457969.12,9399533.39,59650,10,10,10,0,0,0,0,0,0,1941503,3248127,4677631,1953968.64,200
1790723589,0,59850,0,286.73,200.09,1460223,1969151,2488319,3508223,5513215,417536,371720191,2456196.93,9383969.63,59850,10,10,10,0,0,0,0,0,0,1971199,3119103,4192255,1927639.04,200
1790723590,0,60050,0,286.32,200.06,1460223,1969151,2490367,3514367,5558271,417536,371720191,2456576.76,9368921.73,60050,10,10,10,0,0,0,0,0,0,2123775,5505023,9707519,2570242.56,200
1790723591,0,60250,0,285.91,199.93,1460223,1969151,2490367,3518463,5603327,417536,371720191,2456842.73,9354287.95,60250,10,10,10,0,0,0,0,0,0,1954815,4804607,12328959,2536698.88,200
1790723592,0,60450,0,285.51,200.06,1460223,1969151,2488319,3518463,5595135,417536,371720191,2454988.30,9338933.50,60450,10,10,10,0,0,0,0,0,0,1930239,2998271,3993599,1896341.76,200
1790723593,0,60650,0,285.10,200.00,1460223,1969151,2488319,3520511,5623807,417536,371720191,2454032.55,9323750.52,60650,10,10,10,0,0,0,0,0,0,1922047,4624383,6504447,2165157.12,200
1790723594,0,60850,0,284.71,199.94,1460223,1969151,2488319,3520511,5615615,417536,371720191,2452499.19,9308579.20,60850,10,10,10,0,0,0,0,0,0,1942527,4100095,4767743,1987509.76,200
1790723595,0,61050,0,284.31,200.05,1461247,1969151,2488319,3522559,5697535,417536,371720191,2452759.82,9294261.73,61050,10,10,10,0,0,0,0,0,0,1929215,7532543,12558335,2532056.32,200
1790723596,0,61250,0,283.92,199.84,1461247,1969151,2486271,3520511,5693439,417536,371720191,2451063.30,9279181.50,61250,10,10,10,0,0,0,0,0,0,1977343,2856959,3608575,1933199.36,200
1790723597,0,61450,0,283.53,200.06,1462271,1969151,2486271,3520511,5689343,417536,371720191,2450006.76,9264175.77,61450,10,10,10,0,0,0,0,0,0,2094079,3055615,5591039,2126440.96,200
1790723598,0,61650,0,283.15,199.94,1462271,1969151,2486271,3518463,5664767,417536,371720191,2448721.67,9249270.18,61650,10,10,10,0,0,0,0,0,0,2093055,3018751,4931583,2053879.04,200
1790723599,0,61850,0,282.77,200.06,1462271,1970175,2486271,3520511,5656575,417536,371720191,2447871.80,9234421.93,61850,10,10,10,0,0,0,0,0,0,2077695,3799039,4661247,2185898.24,200
1790723600,0,62050,0,282.39,200.07,1462271,1971199,2486271,3522559,5656575,417536,371720191,2447237.59,9219782.47,62050,10,10,10,0,0,0,0,0,0,2148351,3889151,5414911,2251107.84,200
1790723601,0,62250,0,282.02,200.04,1463295,1971199,2488319,3522559,5648383,417536,371720191,2446311.19,9205102.93,62250,10,10,10,0,0,0,0,0,0,2040831,3368959,5484543,2158895.36,200
1790723602,0,62450,0,281.65,199.92,1463295,1971199,2486271,3524607,5693439,417536,371720191,2447283.68,9191871.91,62450,10,10,10,0,0,0,0,0,0,2047999,5521407,15802367,2749972.48,200
1790723603,0,62650,0,281.28,199.98,1464319,1972223,2486271,3524607,5689343,417536,371720191,2446173.35,9177287.78,62650,10,10,10,0,0,0,0,0,0,2117631,3203071,4276223,2099472.64,200
1790723604,0,62850,0,280.92,200.03,1464319,1973247,2488319,3526655,5668863,417536,371720191,2445700.62,9162794.61,62850,10,10,10,0,0,0,0,0,0,2236415,4124671,4362239,2297616.64,200
1790723605,0,63050,0,280.56,199.99,1465343,1974271,2488319,3528703,5685247,417536,371720191,2445565.50,9148451.27,63050,10,10,10,0,0,0,0,0,0,2232319,4198399,6332415,2403105.28,200
1790723606,0,63250,0,280.20,199.95,1466367,1974271,2488319,3528703,5685247,417536,371720191,2444628.76,9134129.25,63250,10,10,10,0,0,0,0,0,0,2022399,3051519,5611519,2149320.96,200
1790723607,0,63450,0,279.85,199.94,1466367,1974271,2488319,3528703,5664767,417536,371720191,2443412.13,9119866.90,63450,10,10,10,0,0,0,0,0,0,1975295,3483647,5181439,2058652.16,200
1790723608,0,63650,0,279.50,200.01,1466367,1974271,2488319,3530751,5656575,417536,371720191,2442705.05,9105682.00,63650,10,10,10,0,0,0,0,0,0,1987583,4296703,4866047,2218384.64,200
1790723609,0,63850,0,279.15,200.14,1467391,1975295,2488319,3530751,5648383,417536,371720191,2441789.41,9091530.34,63850,10,10,10,0,0,0,0,0,0,2079743,3465215,4476927,2150388.48,200
1790723610,0,64050,0,278.81,199.87,1466367,1975295,2488319,3532799,5627903,417536,371720191,2440792.68,9077506.72,64050,10,10,10,0,0,0,0,0,0,2111487,4247551,5459967,2122585.60,200
1790723611,0,64250,0,278.46,200.12,1467391,1975295,2488319,3534847,5636095,417536,371720191,2440062.05,9063550.09,64250,10,10,10,0,0,0,0,0,0,1997823,4235263,7180287,2206077.44,200
1790723612,0,64450,0,278.13,199.98,1467391,1975295,2488319,3534847,5623807,417536,371720191,2438693.47,9049616.77,64450,10,10,10,0,0,0,0,0,0,1969151,3756031,4923391,1999038.72,200
1790723613,0,64650,0,277.79,200.02,1467391,1975295,2488319,3534847,5619711,417536,371720191,2437373.40,9035756.74,64650,10,10,10,0,0,0,0,0,0,2053119,3368959,4808703,2011980.80,200
1790723614,0,64850,0,277.46,200.02,1467391,1975295,2488319,3536895,5611519,417536,371720191,2436352.94,9021986.68,64850,10,10,10,0,0,0,0,0,0,1984511,4583423,5251071,2106488.32,200
1790723615,0,65050,0,277.13,199.95,1466367,1975295,2488319,3538943,5627903,417536,371720191,2435588.07,9008421.53,65050,10,10,10,0,0,0,0,0,0,1941503,4288511,8986623,2187578.88,200
1790723616,0,65250,0,276.80,200.07,1466367,1975295,2486271,3538943,5623807,417536,371720191,2434076.82,8994744.95,65250,10,10,10,0,0,0,0,0,0,1939455,3330047,4579327,1942542.08,200
1790723617,0,65450,0,276.48,199.97,1466367,1974271,2486271,3536895,5619711,417536,371720191,2432092.80,8981139.61,65450,10,10,10,0,0,0,0,0,0,1821695,2852863,3966975,1784806.40,200
1790723618,0,65650,0,276.15,199.85,1466367,1974271,2486271,3536895,5611519,417536,371720191,2430765.96,8967583.19,65650,10,10,10,0,0,0,0,0,0,1909759,4118527,4231167,1996556.80,200
1790723619,0,65850,0,275.84,200.15,1466367,1974271,2484223,3536895,5607423,417536,371720191,2429472.71,8954074.82,65850,10,10,10,0,0,0,0,0,0,2021375,3444735,4689919,2004965.12,200
1790723620,0,66050,0,275.52,199.88,1465343,1974271,2484223,3534847,5599231,417536,371720191,2427776.96,8940683.07,66050,10,10,10,0,0,0,0,0,0,1704959,3096575,5132287,1869451.52,200
1790723621,0,66980,0,278.24,930.48,1459199,1971199,2484223,3567615,6119423,354816,371720191,2443231.40,8909431.06,66980,10,10,10,0,0,0,0,0,0,1528831,15073279,35749887,3540828.77,930
1790723622,0,67980,0,281.22,1000.08,1447935,1964031,2480127,3573759,6119423,354816,371720191,2431416.51,8845314.12,67980,10,10,10,0,0,0,0,0,0,1295359,3946495,6082559,1640055.17,1000
1790723623,0,68982,0,284.19,1001.89,1437695,1956863,2473983,3569663,6066175,335360,371720191,2417490.75,8782126.58,68982,10,10,10,0,0,0,0,0,0,1345535,3100671,4575231,1472707.45,1002
1790723624,0,69984,0,287.14,1002.38,1426431,1949695,2469887,3573759,6070271,335360,371720191,2407009.21,8720635.67,69984,10,10,10,0,0,0,0,0,0,1303551,4399103,6184959,1685414.20,1002
1790723625,0,70990,0,290.07,1005.08,1418239,1943551,2465791,3569663,6070271,335360,371720191,2395266.49,8659872.21,70990,10,10,10,0,0,0,0,0,0,1376255,3028991,5472255,1578365.96,1006
1790723626,0,71990,0,292.96,999.93,1409023,1937407,2461695,3569663,6082559,335360,371720191,2384750.16,8601239.03,71990,10,10,10,0,0,0,0,0,0,1375231,3663871,8773631,1638195.84,1000
1790723627,0,72987,0,295.82,998.00,1400831,1931263,2455551,3565567,6045695,335360,371720191,2373877.64,8543327.29,72987,10,10,10,0,0,0,0,0,0,1445887,3170303,4616191,1588809.18,997
1790723628,0,73990,0,298.67,1002.12,1392639,1925119,2453503,3569663,5971967,330240,371720191,2364145.77,8486571.04,73990,10,10,10,0,0,0,0,0,0,1357823,3923967,5382143,1655970.84,1003
1790723629,0,74981,0,301.46,991.84,1382399,1917951,2449407,3565567,5935103,330240,371720191,2352560.52,8431557.08,74981,10,10,10,0,0,0,0,0,0,1263615,3276799,5156863,1487582.68,991
1790723630,0,75980,0,304.25,999.00,1373183,1910783,2445311,3557375,5922815,330240,371720191,2342045.58,8377400.22,75980,10,10,10,0,0,0,0,0,0,1320959,3225599,4192255,1552835.91,999
1790723631,0,76980,0,307.02,999.45,1363967,1904639,2439167,3555327,5902335,330240,371720191,2330576.05,8324092.33,76980,10,10,10,0,0,0,0,0,0,1255423,3061759,4874239,1459121.02,1000
1790723632,0,77984,0,309.79,1004.50,1355775,1898495,2437119,3551231,5894143,330240,371720191,2321087.77,8271488.96,77984,10,10,10,0,0,0,0,0,0,1354751,3327999,4874239,1593589.80,1004
1790723633,0,78983,0,312.52,998.95,1347583,1891327,2433023,3563519,5955583,330240,371720191,2314134.53,8221415.67,78983,10,10,10,0,0,0,0,0,0,1316863,4710399,10371071,1771350.49,999
1790723634,0,79987,0,315.25,1003.72,1340415,1885183,2430975,3557375,5922815,330240,371720191,2304838.37,8170625.80,79987,10,10,10,0,0,0,0,0,0,1383423,3387391,4255743,1573525.04,1004
1790723635,0,80980,0,317.91,993.31,1332223,1879039,2426879,3553279,5906431,330240,371720191,2295402.11,8121413.26,80980,10,10,10,0,0,0,0,0,0,1336319,3307519,4931583,1535302.90,993
1790723636,0,81987,0,320.60,1007.05,1327103,1875967,2424831,3557375,5914623,330240,371720191,2289723.51,8072845.96,81987,10,10,10,0,0,0,0,0,0,1491967,3821567,7274495,1833067.66,1007
1790723637,0,82986,0,323.24,998.94,1319935,1868799,2420735,3555327,5902335,330240,371720191,2280293.31,8025214.16,82986,10,10,10,0,0,0,0,0,0,1356799,3069951,5300223,1506365.25,999
1790723638,0,83987,0,325.87,1000.16,1312767,1863679,2416639,3551231,5873663,330240,371720191,2271476.77,7978178.32,83987,10,10,10,0,0,0,0,0,0,1345535,3264511,4014079,1540558.39,1001
1790723639,0,84990,0,328.49,1003.25,1304575,1856511,2412543,3549183,5869567,330240,371720191,2262452.59,7932012.37,84990,10,10,10,0,0,0,0,0,0,1286143,3215359,4804607,1506805.54,1003
1790723640,0,85990,0,331.08,1000.35,1299455,1851391,2408447,3545087,5844991,330240,371720191,2254439.03,7886600.35,85990,10,10,10,0,0,0,0,0,0,1401855,3201023,4136959,1573366.91,1000
1790723641,0,86985,0,333.62,995.24,1292287,1847295,2406399,3551231,5881855,330240,371720191,2249765.14,7844332.61,86985,10,10,10,0,0,0,0,0,0,1328127,4702207,15351807,1845837.83,995
1790723642,0,87983,0,336.16,997.72,1286143,1840127,2402303,3547135,5865471,330240,371720191,2240521.33,7800633.02,87983,10,10,10,0,0,0,0,0,0,1282047,2881535,4501503,1434836.78,998
1790723643,0,88980,0,338.68,997.26,1278975,1835007,2398207,3547135,5844991,330240,371720191,2232620.01,7757778.45,88980,10,10,10,0,0,0,0,0,0,1306623,3477503,4575231,1535346.39,997
1790723644,0,89986,0,341.21,1005.93,1273855,1828863,2394111,3549183,5836799,330240,371720191,2225455.59,7715318.07,89986,10,10,10,0,0,0,0,0,0,1352703,3817471,5320703,1591767.79,1006
1790723645,0,90981,0,343.68,995.05,1266687,1823743,2392063,3547135,5804031,330240,371720191,2217797.21,7673895.12,90981,10,10,10,0,0,0,0,0,0,1311743,3473407,4390911,1525187.15,995
1790723646,0,91982,0,346.15,1001.15,1260543,1819647,2387967,3545087,5758975,330240,371720191,2210081.24,7632904.05,91982,10,10,10,0,0,0,0,0,0,1302527,3141631,4521983,1508775.90,1001
1790723647,0,92980,0,348.59,997.71,1255423,1814527,2383871,3545087,5775359,330240,371720191,2203436.25,7592978.45,92980,10,10,10,0,0,0,0,0,0,1311743,3592191,6787071,1590991.39,998
1790723648,0,93981,0,351.03,1001.22,1250303,1810431,2381823,3547135,5758975,330240,371720191,2197363.14,7553367.55,93981,10,10,10,0,0,0,0,0,0,1416191,3555327,4890623,1633250.33,1001
1790723649,0,94986,0,353.46,1005.04,1244159,1805311,2377727,3545087,5730303,330240,371720191,2189910.70,7514260.50,94986,10,10,10,0,0,0,0,0,0,1255423,3274751,4808703,1493007.41,1005
1790723650,0,95981,0,355.84,994.97,1239039,1800191,2373631,3543039,5726207,330240,371720191,2182960.43,7476079.87,95981,10,10,10,0,0,0,0,0,0,1314815,3237887,4685823,1519464.46,995
1790723651,0,96990,0,358.25,1008.11,1233919,1795071,2373631,3551231,5844991,330240,371720191,2184809.31,7450738.48,96990,10,10,10,0,0,0,0,0,0,1376255,5435391,26591231,2360683.70,1009
1790723652,0,97985,0,360.60,995.81,1231871,1793023,2369535,3561471,5861375,330240,371720191,2181410.46,7413838.77,97985,10,10,10,0,0,0,0,0,0,1555455,4595711,6119423,1850099.65,995
1790723653,0,98990,0,362.96,1004.74,1225727,1787903,2365439,3561471,5873663,330240,371720191,2174998.72,7377457.04,98990,10,10,10,0,0,0,0,0,0,1247231,3657727,6823935,1549869.98,1005
1790723654,0,99983,0,365.26,993.37,1221631,1783807,2363391,3557375,5873663,330240,371720191,2168771.99,7341623.19,99983,10,10,10,0,0,0,0,0,0,1348607,3266559,5894143,1548042.18,993
1790723655,0,100980,0,367.56,996.87,1218559,1779711,2359295,3561471,5881855,330240,371720191,2163547.51,7306217.29,100980,10,10,10,0,0,0,0,0,0,1405951,3743743,6504447,1639616.83,997
1790723656,0,101990,0,369.89,1009.46,1213439,1774591,2357247,3555327,5881855,330240,371720191,2156662.24,7270830.94,101990,10,10,10,0,0,0,0,0,0,1197055,2873343,4870143,1468271.78,1010
1790723657,0,102980,0,372.13,990.13,1211391,1771519,2355199,3555327,5873663,330240,371720191,2152235.75,7236549.43,102980,10,10,10,0,0,0,0,0,0,1486847,3418111,5226495,1696217.73,990
1790723658,0,103990,0,374.43,1010.06,1208319,1768447,2353151,3563519,5894143,330240,371720191,2149130.64,7202655.47,103990,10,10,10,0,0,0,0,0,0,1518591,4333567,8347647,1832532.40,1010
1790723659,0,104989,0,376.67,998.63,1205247,1767423,2353151,3573759,5951487,330240,371720191,2147822.28,7170697.58,104989,10,10,10,0,0,0,0,0,0,1483775,5079039,11550719,2011629.42,999
1790723660,0,105985,0,378.88,996.49,1201151,1763327,2351103,3581951,5976063,330240,371720191,2144029.40,7138297.96,105985,10,10,10,0,0,0,0,0,0,1321983,4235263,9379839,1744219.89,996
1790723661,0,106980,0,381.08,995.29,1196031,1760255,2349055,3581951,5984255,330240,371720191,2138793.67,7106458.12,106980,10,10,10,0,0,0,0,0,0,1207295,3342335,8814591,1581096.27,995
1790723662,0,107980,0,383.27,999.09,1195007,1759231,2349055,3590143,6082559,330240,371720191,2138932.03,7075749.77,107980,10,10,10,0,0,0,0,0,0,1704959,5623807,10469375,2153734.27,1000
1790723663,0,108986,0,385.48,1006.63,1189887,1755135,2347007,3592191,6090751,330240,371720191,2134010.72,7044100.84,108986,10,10,10,0,0,0,0,0,0,1247231,3659775,6131711,1605776.92,1006
1790723664,0,109987,0,387.65,1001.35,1187839,1752063,2344959,3594239,6078463,330240,371720191,2129803.20,7012757.87,109987,10,10,10,0,0,0,0,0,0,1390591,4091903,5001215,1671700.59,1001
1790723665,0,110980,0,389.77,992.78,1183743,1747967,2340863,3596287,6082559,330240,371720191,2124615.12,6982290.57,110980,10,10,10,0,0,0,0,0,0,1332223,3655679,7577599,1549970.30,993
1790723666,0,111987,0,391.93,1007.15,1178623,1743871,2338815,3592191,6070271,330240,371720191,2118876.28,6951644.63,111987,10,10,10,0,0,0,0,0,0,1185791,3211263,5136383,1486408.20,1007
1790723667,0,112980,0,394.03,992.40,1178623,1740799,2338815,3596287,6074367,330240,371720191,2116033.87,6922017.53,112980,10,10,10,0,0,0,0,0,0,1500159,3923967,8347647,1795476.62,993
1790723668,0,113986,0,396.16,1006.20,1176575,1738751,2334719,3596287,6062079,330240,371720191,2111915.23,6892044.73,113986,10,10,10,0,0,0,0,0,0,1460223,3592191,4534271,1649366.01,1006
1790723669,0,114980,0,398.23,994.09,1173503,1734655,2332671,3592191,6037503,330240,371720191,2106486.42,6862776.20,114980,10,10,10,0,0,0,0,0,0,1393663,2887679,3991551,1483942.76,994
1790723670,0,115990,0,400.34,1009.47,1170431,1731583,2328575,3592191,6033407,330240,371720191,2102097.60,6833653.00,115990,10,10,10,0,0,0,0,0,0,1357823,3735551,5636095,1602467.87,1010
1790723671,0,116980,0,402.37,990.94,1168383,1729535,2328575,3592191,6004735,330240,371720191,2097852.56,6805345.95,116980,10,10,10,0,0,0,0,0,0,1422335,3430399,4186111,1600496.36,990
1790723672,0,117987,0,404.44,1006.80,1167359,1726463,2326527,3588095,6004735,330240,371720191,2094617.30,6777271.93,117987,10,10,10,0,0,0,0,0,0,1489919,3250175,5410815,1718787.94,1007
1790723673,0,118989,0,406.48,1001.70,1163263,1723391,2324479,3592191,6062079,330240,371720191,2092246.11,6751350.08,118989,10,10,10,0,0,0,0,0,0,1319935,4411391,11075583,1813034.67,1002
1790723674,0,119985,0,408.49,996.49,1161215,1721343,2322431,3592191,6045695,330240,371720191,2088383.84,6723891.72,119985,10,10,10,0,0,0,0,0,0,1467391,3422207,4710399,1626970.99,996
1790723675,0,120980,0,410.48,994.98,1159167,1719295,2318335,3590143,6045695,330240,371720191,2084570.92,6696964.76,120980,10,10,10,0,0,0,0,0,0,1428479,3289087,6606847,1624778.74,995
1790723676,0,121985,0,412.49,1005.00,1154047,1713151,2314239,3588095,6033407,330240,371720191,2078237.61,6670256.10,121985,10,10,10,0,0,0,0,0,0,1067007,2869247,4915199,1315845.35,1005
1790723677,0,122990,0,414.48,1004.15,1153023,1711103,2312191,3586047,5996543,330240,371720191,2074753.84,6643523.46,122990,10,10,10,0,0,0,0,0,0,1529855,3293183,5246975,1651900.24,1005
1790723678,0,123983,0,416.43,993.36,1149951,1709055,2312191,3586047,6045695,324608,371720191,2072408.24,6618721.27,123983,10,10,10,0,0,0,0,0,0,1419263,3821567,12271615,1781889.80,993
1790723679,0,124990,0,418.41,1007.05,1146879,1704959,2308095,3583999,6004735,324608,371720191,2067425.08,6592615.33,124990,10,10,10,0,0,0,0,0,0,1276927,3217407,4186111,1453892.26,1007
1790723680,0,125987,0,420.34,997.23,1144831,1701887,2306047,3583999,5984255,324608,371720191,2063555.65,6567177.01,125987,10,10,10,0,0,0,0,0,0,1375231,3434495,5169151,1578460.05,997
1790723681,0,126290,0,419.94,302.77,1143807,1701887,2306047,3583999,6004735,324608,371720191,2063074.19,6559635.86,126290,10,10,10,0,0,0,0,0,0,1599487,3889151,8519679,1862885.39,303
1790723682,0,126490,0,419.22,200.03,1144831,1701887,2306047,3583999,5996543,324608,371720191,2063090.41,6554514.09,126490,10,10,10,0,0,0,0,0,0,1908735,3563519,4173823,2073331.20,200
1790723683,0,126690,0,418.49,200.15,1144831,1702911,2308095,3586047,5984255,324608,371720191,2063412.71,6549480.64,126690,10,10,10,0,0,0,0,0,0,2148351,4493311,5566463,2267255.04,200
1790723684,0,126890,0,417.77,200.00,1145855,1702911,2308095,3586047,5984255,324608,371720191,2063498.14,6544393.32,126890,10,10,10,0,0,0,0,0,0,2087935,3520511,4878335,2117612.80,200
1790723685,0,127090,0,417.06,199.94,1145855,1703935,2308095,3586047,5980159,324608,371720191,2063509.28,6539325.08,127090,10,10,10,0,0,0,0,0,0,2018303,3696639,4661247,2070575.36,200
1790723686,0,127290,0,416.35,199.96,1146879,1703935,2308095,3586047,5971967,324608,371720191,2063408.23,6534241.15,127290,10,10,10,0,0,0,0,0,0,1970175,3106815,3874815,1999196.16,200
1790723687,0,127490,0,415.64,199.94,1146879,1704959,2308095,3586047,5967871,324608,371720191,2063254.23,6529207.33,127490,10,10,10,0,0,0,0,0,0,1843199,3622911,4866047,1965240.32,200
1790723688,0,127690,0,414.94,200.16,1147903,1704959,2308095,3588095,5963775,324608,371720191,2063215.06,6524177.80,127690,10,10,10,0,0,0,0,0,0,1938431,3803135,4698111,2038246.40,200
1790723689,0,127890,0,414.25,199.99,1147903,1704959,2308095,3586047,5959679,324608,371720191,2062926.15,6519116.70,127890,10,10,10,0,0,0,0,0,0,1961983,2627583,2949119,1878469.12,200
1790723690,0,128090,0,413.55,199.97,1147903,1705983,2308095,3586047,5980159,324608,371720191,2063141.51,6514370.31,128090,10,10,10,0,0,0,0,0,0,1863679,5943295,11747327,2200857.60,200
1790723691,0,128290,0,412.87,199.97,1148927,1707007,2308095,3586047,5971967,324608,371720191,2062991.01,6509334.30,128290,10,10,10,0,0,0,0,0,0,2035711,2930687,3395583,1966600.96,200
1790723692,0,128490,0,412.18,199.89,1148927,1707007,2308095,3586047,5967871,324608,371720191,2062854.08,6504351.63,128490,10,10,10,0,0,0,0,0,0,1841151,3450879,5017599,1975023.36,200
1790723693,0,128690,0,411.51,199.99,1149951,1707007,2308095,3586047,5984255,324608,371720191,2063075.27,6499476.83,128690,10,10,10,0,0,0,0,0,0,1940479,5226495,6836223,2205176.32,200
1790723694,0,128890,0,410.83,200.18,1149951,1707007,2308095,3586047,5976063,324608,371720191,2062748.52,6494488.23,128890,10,10,10,0,0,0,0,0,0,1842175,2953215,3981311,1852503.04,200
1790723695,0,129090,0,410.16,199.93,1150975,1708031,2308095,3588095,5996543,324608,371720191,2063098.64,6489723.22,129090,10,10,10,0,0,0,0,0,0,1933311,5095423,8265727,2288732.16,200
1790723696,0,129290,0,409.50,200.00,1150975,1708031,2308095,3588095,5984255,324608,371720191,2062935.17,6484776.49,129290,10,10,10,0,0,0,0,0,0,1893375,3311615,4468735,1957424.64,200
1790723697,0,129490,0,408.83,200.02,1150975,1709055,2308095,3588095,6021119,324608,371720191,2063447.84,6480417.29,129490,10,10,10,0,0,0,0,0,0,1892351,4829183,13049855,2394860.80,200
1790723698,0,129690,0,408.18,200.00,1151999,1709055,2310143,3592191,6025215,324608,371720191,2063961.17,6475576.17,129690,10,10,10,0,0,0,0,0,0,2183167,4173823,6168575,2396318.72,200
1790723699,0,129890,0,407.52,199.88,1151999,1710079,2310143,3592191,6049791,324608,371720191,2064242.15,6470964.45,129890,10,10,10,0,0,0,0,0,0,1955839,3364863,9928703,2246444.80,200
1790723700,0,130090,0,406.88,200.14,1153023,1711103,2310143,3592191,6045695,324608,371720191,2064592.92,6466111.57,130090,10,10,10,0,0,0,0,0,0,2142207,4354047,4726783,2292399.36,200
1790723701,0,130290,0,406.23,199.99,1153023,1711103,2310143,3592191,6045695,324608,371720191,2064876.51,6461400.86,130290,10,10,10,0,0,0,0,0,0,2131967,3596287,5373951,2249338.88,200
1790723702,0,130490,0,405.59,199.94,1154047,1712127,2310143,3594239,6033407,324608,371720191,2064968.49,6456518.65,130490,10,10,10,0,0,0,0,0,0,2053119,3858431,4341759,2124888.32,200
1790723703,0,130690,0,404.95,200.00,1154047,1712127,2312191,3594239,6025215,324608,371720191,2065183.03,6451651.03,130690,10,10,10,0,0,0,0,0,0,2131967,3766271,4673535,2205160.96,200
1790723704,0,130890,0,404.32,200.11,1155071,1713151,2312191,3594239,6021119,324608,371720191,2065454.06,6446851.65,130890,10,10,10,0,0,0,0,0,0,2059263,4304895,5955583,2242552.32,200
1790723705,0,131090,0,403.69,199.97,1155071,1714175,2312191,3596287,6017023,324608,371720191,2065516.44,6442042.33,131090,10,10,10,0,0,0,0,0,0,1883135,4235263,5361663,2106342.40,200
1790723706,0,131290,0,403.06,199.99,1156095,1715199,2312191,3596287,6021119,324608,371720191,2065737.87,6437245.47,131290,10,10,10,0,0,0,0,0,0,2096127,4022271,6635519,2210877.44,200
1790723707,0,131490,0,402.44,199.92,1156095,1715199,2314239,3596287,6021119,324608,371720191,2065811.35,6432458.61,131490,10,10,10,0,0,0,0,0,0,2023423,4020223,6041599,2114042.88,200
1790723708,0,131690,0,401.83,200.05,1156095,1715199,2314239,3598335,6017023,324608,371720191,2065820.04,6427644.06,131690,10,10,10,0,0,0,0,0,0,1982463,3655679,4587519,2071536.64,200
1790723709,0,131890,0,401.21,200.04,1157119,1716223,2314239,3598335,6004735,324608,371720191,2065854.19,6422843.89,131890,10,10,10,0,0,0,0,0,0,1972223,3766271,4878335,2088336.64,200
1790723710,0,132090,0,400.60,199.98,1157119,1717247,2314239,3600383,6004735,324608,371720191,2065777.89,6418063.22,132090,10,10,10,0,0,0,0,0,0,1913855,3964927,4734975,2015463.68,200
1790723711,0,132290,0,399.99,199.99,1157119,1717247,2314239,3600383,6004735,324608,371720191,2065746.34,6413353.96,132290,10,10,10,0,0,0,0,0,0,1799167,4071423,6418431,2044907.52,200
1790723712,0,132490,0,399.39,199.99,1157119,1717247,2314239,3602431,6000639,324608,371720191,2065836.78,6408634.75,132490,10,10,10,0,0,0,0,0,0,1968127,4427775,5009407,2125661.44,200
1790723713,0,132690,0,398.79,199.91,1158143,1718271,2314239,3600383,5992447,324608,371720191,2065670.50,6403841.20,132690,10,10,10,0,0,0,0,0,0,1946623,2863103,3440639,1955516.16,200
1790723714,0,132890,0,398.20,200.12,1158143,1718271,2314239,3598335,5984255,324608,371720191,2065315.00,6399066.07,132890,10,10,10,0,0,0,0,0,0,1832959,2744319,3227647,1829459.20,200
1790723715,0,133090,0,397.60,199.94,1158143,1718271,2312191,3598335,5984255,324608,371720191,2064918.88,6394316.44,133090,10,10,10,0,0,0,0,0,0,1729535,2955263,3993599,1801721.60,200
1790723716,0,133290,0,397.02,199.99,1159167,1719295,2312191,3596287,5980159,324608,371720191,2064747.49,6389576.86,133290,10,10,10,0,0,0,0,0,0,1938431,3272703,3784703,1950693.12,200
1790723717,0,133490,0,396.43,200.09,1159167,1719295,2314239,3598335,5980159,324608,371720191,2064931.97,6384861.70,133490,10,10,10,0,0,0,0,0,0,2071551,3915775,4362239,2187877.12,200
1790723718,0,133690,0,395.85,199.94,1159167,1720319,2314239,3596287,5971967,324608,371720191,2064830.15,6380144.59,133690,10,10,10,0,0,0,0,0,0,1930239,3379199,3966975,1996870.40,200
1790723719,0,133890,0,395.27,199.99,1160191,1720319,2314239,3596287,5967871,324608,371720191,2064732.59,6375456.63,133890,10,10,10,0,0,0,0,0,0,2037759,3395583,4702207,1999522.56,200
1790723720,0,134090,0,394.70,200.04,1160191,1720319,2314239,3596287,5967871,324608,371720191,2064540.76,6370784.34,134090,10,10,10,0,0,0,0,0,0,1887231,3203071,6029311,1936120.32,200
1790723721,0,134290,0,394.12,199.90,1160191,1721343,2314239,3596287,5967871,324608,371720191,2064331.86,6366100.68,134290,10,10,10,0,0,0,0,0,0,1904639,3205119,4231167,1924273.92,200
1790723722,0,134490,0,393.56,200.14,1161215,1721343,2314239,3596287,5963775,324608,371720191,2064362.90,6361460.51,134490,10,10,10,0,0,0,0,0,0,1981439,4079615,4780031,2085205.76,200
1790723723,0,134690,0,392.99,199.85,1161215,1721343,2314239,3596287,5959679,324608,371720191,2064077.13,6356790.07,134690,10,10,10,0,0,0,0,0,0,1872895,3002367,3403775,1871910.40,200
1790723724,0,134890,0,392.43,200.00,1161215,1721343,2314239,3596287,5955583,324608,371720191,2063899.93,6352191.48,134890,10,10,10,0,0,0,0,0,0,1785855,4452351,5615615,1944559.36,200
1790723725,0,135090,0,391.87,200.06,1161215,1722367,2314239,3596287,5967871,324608,371720191,2063863.94,6347628.16,135090,10,10,10,0,0,0,0,0,0,1893375,3768319,7208959,2039590.40,200
1790723726,0,135290,0,391.32,200.04,1162239,1722367,2314239,3596287,5959679,324608,371720191,2063783.50,6343023.48,135290,10,10,10,0,0,0,0,0,0,1951743,3598335,5070847,2009455.36,200
1790723727,0,135490,0,390.77,200.03,1162239,1723391,2314239,3596287,5959679,324608,371720191,2063616.37,6338400.28,135490,10,10,10,0,0,0,0,0,0,1924095,3502079,4030463,1950558.72,200
1790723728,0,135690,0,390.22,199.88,1163263,1723391,2314239,3596287,5955583,324608,371720191,2063435.77,6333786.57,135690,10,10,10,0,0,0,0,0,0,1943551,3348479,4345855,1941091.84,200
1790723729,0,135890,0,389.67,200.07,1163263,1723391,2314239,3594239,5951487,324608,371720191,2063234.97,6329166.61,135890,10,10,10,0,0,0,0,0,0,1866751,2865151,3258367,1926999.04,200
1790723730,0,136090,0,389.13,199.96,1163263,1724415,2314239,3594239,5947391,324608,371720191,2062895.87,6324569.40,136090,10,10,10,0,0,0,0,0,0,1852415,2668543,4114431,1832492.80,200
1790723731,0,136290,0,388.59,200.04,1164287,1724415,2314239,3594239,5959679,324608,371720191,2063329.52,6320265.11,136290,10,10,10,0,0,0,0,0,0,1918975,4837375,9248767,2358407.68,200
1790723732,0,136490,0,388.05,200.06,1164287,1724415,2314239,3594239,5959679,324608,371720191,2063054.84,6315687.17,136490,10,10,10,0,0,0,0,0,0,1930239,3016703,3655679,1875872.00,200
1790723733,0,136690,0,387.52,199.98,1164287,1724415,2314239,3594239,5955583,324608,371720191,2062717.65,6311137.48,136690,10,10,10,0,0,0,0,0,0,1795071,2912255,4235263,1832602.88,200
1790723734,0,136890,0,386.99,200.05,1164287,1725439,2314239,3594239,5951487,324608,371720191,2062682.41,6306599.70,136890,10,10,10,0,0,0,0,0,0,1968127,3715071,4005887,2038597.12,200
1790723735,0,137090,0,386.46,199.89,1165311,1725439,2314239,3594239,5947391,324608,371720191,2062547.36,6302062.59,137090,10,10,10,0,0,0,0,0,0,1901567,3137535,3575807,1970118.40,200
1790723736,0,137290,0,385.94,200.07,1165311,1725439,2314239,3592191,5947391,324608,371720191,2062296.49,6297518.15,137290,10,10,10,0,0,0,0,0,0,1966079,2799615,3575807,1890332.16,200
1790723737,0,137490,0,385.42,199.84,1165311,1725439,2314239,3592191,5947391,324608,371720191,2062172.15,6293036.76,137490,10,10,10,0,0,0,0,0,0,1945599,3037183,4476927,1976823.04,200
1790723738,0,137690,0,384.90,200.10,1165311,1725439,2314239,3592191,5939199,324608,371720191,2061974.13,6288545.58,137690,10,10,10,0,0,0,0,0,0,1863679,3745791,4222975,1925841.92,200
1790723739,0,137890,0,384.38,200.00,1166335,1726463,2314239,3592191,5935103,324608,371720191,2061757.29,6284047.43,137890,10,10,10,0,0,0,0,0,0,1852415,3098623,4460543,1912472.32,200
1790723740,0,138090,0,383.87,199.95,1166335,1726463,2314239,3590143,5931007,324608,371720191,2061545.22,6279558.57,138090,10,10,10,0,0,0,0,0,0,1841151,3239935,3588095,1915338.24,200
1790723741,0,139800,0,387.55,1709.59,1173503,1739775,2340863,3854335,47218687,324608,371720191,3097989.71,12502690.45,139800,10,10,10,0,0,0,0,0,0,74121215,182976511,199098367,86795427.93,1710
1790723742,0,141850,0,392.14,2051.70,1181695,1755135,2373631,4362239,63012863,324608,371720191,3590099.78,13623465.63,141850,10,10,10,0,0,0,0,0,0,26689535,124059647,152043519,37149606.09,2050
1790723743,0,143858,0,396.60,2008.15,1188863,1769471,2408447,5791743,73990143,324608,371720191,4110775.29,14489870.13,143858,10,10,10,0,0,0,0,0,0,34275327,84213759,103022591,40892558.79,2008
1790723744,0,145820,0,400.90,1961.58,1197055,1785855,2443263,14401535,76808191,324608,371720191,4521573.59,15080468.76,145820,10,10,10,0,0,0,0,0,0,27262975,98172927,121372671,34642175.74,1962
1790723745,0,147842,0,405.35,2021.60,1206271,1802239,2482175,18661375,86900735,324608,371720191,4878676.63,15840231.06,147842,10,10,10,0,0,0,0,0,0,15835135,117964799,134873087,30631775.46,2022
1790723746,0,149879,0,409.81,2036.11,1214463,1817599,2525183,21331967,86507519,324608,371720191,5123784.03,15985894.61,149879,10,10,10,0,0,0,0,0,0,17694719,65830911,79495167,22913262.28,2037
1790723747,0,151896,0,414.19,2017.57,1222655,1833983,2568191,22921215,86048767,324608,371720191,5288625.58,15987028.00,151896,10,10,10,0,0,0,0,0,0,14893055,39518207,45711359,17537652.51,2017
1790723748,0,153890,0,418.49,1994.87,1230847,1849343,2613247,23183359,84475903,324608,371720191,5409259.82,15932500.32,153890,10,10,10,0,0,0,0,0,0,14270463,25706495,31948799,14598757.17,1994
1790723749,0,155890,0,422.78,1999.20,1239039,1865727,2664447,23855103,84148223,324608,371720191,5543272.88,15909777.53,155890,10,10,10,0,0,0,0,0,0,12967935,34275327,46039039,15854908.42,2000
1790723750,0,157874,0,427.00,1984.68,1247231,1881087,2715647,24264703,83296255,324608,371720191,5671212.88,15888866.66,157874,10,10,10,0,0,0,0,0,0,13271039,32555007,59932671,15723917.16,1984
1790723751,0,159887,0,431.28,2013.27,1255423,1896447,2770943,24920063,82903039,324608,371720191,5805803.08,15888964.80,159887,10,10,10,0,0,0,0,0,0,12910591,43974655,53018623,16361339.23,2013
1790723752,0,161844,0,435.38,1956.15,1263615,1911807,2828287,25821183,84410367,324608,371720191,6006453.59,16089635.80,161844,10,10,10,0,0,0,0,0,0,14229503,73072639,108593151,22399610.70,1957
1790723753,0,163868,0,439.64,2025.12,1272831,1928191,2895871,26411007,87162879,324608,371720191,6174739.57,16284182.42,163868,10,10,10,0,0,0,0,0,0,12075007,75694079,127401983,19631298.78,2024
1790723754,0,165902,0,443.91,2033.68,1281023,1944575,2971647,27082751,86507519,324608,371720191,6320720.77,16292308.89,165902,10,10,10,0,0,0,0,0,0,13811711,40009727,58621951,18081608.75,2034
1790723755,0,167875,0,447.99,1973.01,1290239,1960959,3061759,26869759,86048767,324608,371720191,6371605.41,16211856.26,167875,10,10,10,0,0,0,0,0,0,9822207,19677183,23429119,10650300.14,1973
1790723756,0,169910,0,452.21,2033.57,1298431,1977343,3168255,27164671,84738047,324608,371720191,6495474.10,16193519.26,169910,10,10,10,0,0,0,0,0,0,14270463,41713663,54165503,16713879.96,2035
1790723757,0,171878,0,456.24,1969.05,1306623,1993727,3287039,27262975,84344831,324608,371720191,6602372.45,16154469.12,171878,10,10,10,0,0,0,0,0,0,14475263,29982719,47480831,15831589.46,1968
1790723758,0,173884,0,460.34,2005.52,1314815,2009087,3420159,27344895,83755007,324608,371720191,6702046.79,16123114.20,173884,10,10,10,0,0,0,0,0,0,12967935,32964607,60686335,15242339.03,2006
1790723759,0,175896,0,464.44,2012.97,1323007,2025471,3602431,27754495,83099647,324608,371720191,6800007.82,16084873.58,175896,10,10,10,0,0,0,0,0,0,12550143,33751039,41877503,15266138.59,2012
1790723760,0,177822,0,468.29,1924.97,1331199,2040831,3821567,27787263,82771967,324608,371720191,6884740.01,16038596.50,177822,10,10,10,0,0,0,0,0,0,13385727,28475391,45088767,14623085.26,1926
1790723761,0,179899,0,472.51,2077.61,1340415,2057215,4114431,28082175,82247679,324608,371720191,6988512.17,16013975.94,179899,10,10,10,0,0,0,0,0,0,13344767,35454975,52330495,15872948.08,2077
1790723762,0,181900,0,476.52,2000.98,1348607,2074623,4497407,28377087,82378751,324608,371720191,7101311.49,16033877.40,181900,10,10,10,0,0,0,0,0,0,13467647,43253759,89587711,17242483.01,2001
1790723763,0,183909,0,480.52,2008.66,1356799,2091007,5070847,28377087,81657855,324608,371720191,7172546.81,15978932.39,183909,10,10,10,0,0,0,0,0,0,11624447,28442623,36372479,13622374.96,2009
1790723764,0,185868,0,484.37,1959.00,1363967,2107391,5701631,28278783,81264639,324608,371720191,7237369.32,15922703.49,185868,10,10,10,0,0,0,0,0,0,12230655,27148287,37945343,13322843.74,1959
1790723765,0,187842,0,488.24,1974.55,1373183,2125823,6287359,28704767,80674815,324608,371720191,7351327.95,15933842.55,187842,10,10,10,0,0,0,0,0,0,14262271,47808511,67567615,18081450.15,1974
1790723766,0,189890,0,492.29,2046.82,1381375,2144255,6856703,29327359,81133567,324608,371720191,7513915.85,16031571.75,189890,10,10,10,0,0,0,0,0,0,16629759,64716799,82247679,22426434.12,2048
1790723767,0,191904,0,496.22,2015.21,1389567,2162687,7286783,29310975,80216063,324608,371720191,7587262.96,15984168.11,191904,10,10,10,0,0,0,0,0,0,12795903,29179903,42500095,14502795.82,2014
1790723768,0,193890,0,500.07,1986.11,1397759,2179071,7708671,29523967,79495167,324608,371720191,7681866.73,15972641.11,193890,10,10,10,0,0,0,0,0,0,13623295,46858239,56557567,16823276.92,1986
1790723769,0,195890,0,503.92,1999.36,1405951,2199551,8019967,29474815,79036415,324608,371720191,7728825.89,15913945.18,195890,10,10,10,0,0,0,0,0,0,10665983,25952255,34766847,12281282.30,2000
1790723770,0,197884,0,507.75,1994.63,1414143,2217983,8376319,29425663,78774271,324608,371720191,7795161.79,15865979.63,197884,10,10,10,0,0,0,0,0,0,13099007,28000255,43745279,14311981.96,1994
1790723771,0,199890,0,511.58,2004.87,1422335,2238463,8781823,30375935,80216063,324608,371720191,7990050.43,16039801.61,199890,10,10,10,0,0,0,0,0,0,20217855,77332479,85327871,27215046.83,2006
1790723772,0,201850,0,515.28,1961.36,1429503,2256895,9068543,30752767,79560703,324608,371720191,8102434.77,16102247.60,201850,10,10,10,0,0,0,0,0,0,13131775,65241087,74776575,19563917.71,1960
1790723773,0,203892,0,519.17,2042.16,1437695,2275327,9371647,30949375,79233023,324608,371720191,8193898.26,16073978.99,203892,10,10,10,0,0,0,0,0,0,15572991,34013183,45842431,17234988.13,2042
1790723774,0,205888,0,522.92,1994.61,1445887,2295807,9633791,31178751,78970879,324608,371720191,8285952.45,16057006.69,205888,10,10,10,0,0,0,0,0,0,15482879,38928383,45613055,17689314.76,1996
1790723775,0,207820,0,526.49,1932.83,1453055,2314239,9887743,32161791,86900735,324608,371720191,8582004.26,16778490.44,207820,10,10,10,0,0,0,0,0,0,17612799,124911615,138280959,40131443.01,1932
1790723776,0,209893,0,530.40,2072.49,1461247,2336767,10141695,32587775,86769663,324608,371720191,8706069.33,16850677.28,209893,10,10,10,0,0,0,0,0,0,13795327,67764223,83755007,21143697.72,2073
1790723777,0,211890,0,534.09,1997.58,1469439,2357247,10412031,32653311,86441983,324608,371720191,8789315.00,16815049.61,211890,10,10,10,0,0,0,0,0,0,15286271,35651583,43974655,17538781.00,1997
1790723778,0,213878,0,537.75,1986.93,1477631,2379775,10665983,32702463,86114303,324608,371720191,8866995.47,16773653.62,213878,10,10,10,0,0,0,0,0,0,15622143,33275903,39911423,17146529.74,1988
1790723779,0,215890,0,541.44,2012.45,1485823,2402303,10887167,32784383,85852159,324608,371720191,8943206.72,16738656.29,215890,10,10,10,0,0,0,0,0,0,14786559,36208639,47644671,17044553.80,2012
1790723780,0,217882,0,545.07,1992.37,1494015,2424831,11083775,32702463,85327871,324608,371720191,8997121.40,16686166.65,217882,10,10,10,0,0,0,0,0,0,13058047,29900799,35389439,14840314.09,1992
1790723781,0,219910,0,548.77,2027.58,1502207,2449407,11296767,32604159,84672511,324608,371720191,9045490.57,16629477.31,219910,10,10,10,0,0,0,0,0,0,13451263,27328511,36962303,14242123.74,2028
1790723782,0,221890,0,552.34,1980.16,1510399,2476031,11427839,32669695,85327871,324608,371720191,9113071.65,16644633.13,221890,10,10,10,0,0,0,0,0,0,11763711,53772287,92995583,16619007.74,1980
1790723783,0,223885,0,555.92,1995.52,1519615,2502655,11591679,32767999,84672511,324608,371720191,9182623.17,16627931.70,223885,10,10,10,0,0,0,0,0,0,13737983,46301183,65535999,16918356.05,1995
1790723784,0,225890,0,559.51,2004.57,1526783,2529279,11771903,32784383,84475903,324608,371720191,9243957.45,16584250.75,225890,10,10,10,0,0,0,0,0,0,14868479,32882687,38305791,16092748.35,2005
1790723785,0,227881,0,563.05,1991.06,1534975,2557951,11952127,32866303,84344831,324608,371720191,9324984.20,16558950.03,227881,10,10,10,0,0,0,0,0,0,16875519,38535167,48627711,18517918.54,1991
1790723786,0,229873,0,566.57,1992.45,1543167,2586623,12107775,33161215,83951615,324608,371720191,9401334.78,16538371.43,229873,10,10,10,0,0,0,0,0,0,15499263,40632319,47611903,18135695.68,1992
1790723787,0,231871,0,570.09,1997.07,1551359,2615295,12287999,33751039,83755007,324608,371720191,9512567.86,16569065.12,231871,10,10,10,0,0,0,0,0,0,18055167,53772287,64847871,22310106.84,1998
1790723788,0,233813,0,573.45,1941.92,1558527,2648063,12492799,34799615,84672511,324608,371720191,9717472.27,16819064.07,233813,10,10,10,0,0,0,0,0,0,24608767,84738047,99745791,34182656.79,1942
1790723789,0,235802,0,576.91,1988.69,1566719,2680831,12730367,36241407,91291647,324608,371720191,10034389.68,17475213.75,235802,10,10,10,0,0,0,0,0,0,29851647,139067391,152436735,47288995.20,1989
1790723790,0,237872,0,580.56,2070.00,1573887,2713599,12894207,36798463,92012543,324608,371720191,10159344.67,17574738.21,237872,10,10,10,0,0,0,0,0,0,17301503,61898751,127270911,24393468.78,2070
1790723791,0,239896,0,584.07,2025.75,1582079,2750463,12984319,36732927,91684863,324608,371720191,10201032.94,17527014.56,239896,10,10,10,0,0,0,0,0,0,12754943,34045951,49151999,15100476.21,2024
1790723792,0,241870,0,587.45,1973.75,1590271,2787327,13139967,36601855,91291647,324608,371720191,10250169.56,17478031.32,241870,10,10,10,0,0,0,0,0,0,14434303,31817727,42336255,16221637.90,1974
1790723793,0,243880,0,590.89,2008.41,1598463,2828287,13295615,36536319,91160575,324608,371720191,10311272.45,17435135.76,243880,10,10,10,0,0,0,0,0,0,16441343,33357823,39714815,17663986.75,2010
1790723794,0,245890,0,594.33,2011.58,1605631,2871295,13451263,36569087,90767359,324608,371720191,10374350.76,17398847.51,245890,10,10,10,0,0,0,0,0,0,15736831,38174719,45219839,18027851.91,2010
1790723795,0,247874,0,597.68,1983.14,1613823,2916351,13582335,36667391,90505215,324608,371720191,10439077.29,17369811.14,247874,10,10,10,0,0,0,0,0,0,16064511,39845887,48594943,18461057.03,1984
1790723796,0,249910,0,601.14,2036.83,1622015,2963455,13713407,36962303,90046463,324608,371720191,10512569.33,17358324.59,249910,10,10,10,0,0,0,0,0,0,15876095,45023231,59146239,19459900.35,2036
1790723797,0,251902,0,604.47,1992.14,1629183,3020799,13811711,36831231,89653247,324608,371720191,10548109.06,17307343.17,251902,10,10,10,0,0,0,0,0,0,13320191,28393471,37912575,15006810.47,1992
1790723798,0,253892,0,607.79,1990.01,1637375,3082239,13918207,36667391,89456639,324608,371720191,10584915.63,17257001.47,253892,10,10,10,0,0,0,0,0,0,13950975,28082175,38436863,15244035.34,1990
1790723799,0,255910,0,611.16,2017.91,1645567,3149823,13967359,36536319,89128959,324608,371720191,10610999.66,17206787.58,255910,10,10,10,0,0,0,0,0,0,12206079,32964607,38404095,13892727.25,2018
1790723800,0,257900,0,614.44,1990.02,1652735,3219455,14000127,36405247,88604671,324608,371720191,10632069.60,17150955.25,257900,10,10,10,0,0,0,0,0,0,11689983,24788991,33980415,13341621.90,1990
1790723801,0,258330,0,614.00,429.68,1653759,3221503,13991935,36372479,88604671,324608,371720191,10623744.74,17138936.25,258330,10,10,10,0,0,0,0,0,0,4085759,15106047,17170431,5630765.54,430
1790723802,0,258530,0,613.02,200.02,1652735,3215359,13983743,36372479,88473599,324608,371720191,10617033.72,17134012.30,258530,10,10,10,0,0,0,0,0,0,1953791,2830335,3604479,1948741.12,200
1790723803,0,258730,0,612.05,200.06,1652735,3209215,13975551,36339711,88473599,324608,371720191,10610327.72,17129098.59,258730,10,10,10,0,0,0,0,0,0,1847295,3428351,4755455,1941821.44,200
1790723804,0,258930,0,611.07,199.90,1651711,3203071,13967359,36339711,88473599,324608,371720191,10603674.21,17124174.57,258930,10,10,10,0,0,0,0,0,0,1850367,4169727,4444159,1996366.08,200
1790723805,0,259130,0,610.11,200.04,1651711,3198975,13959167,36306943,88408063,324608,371720191,10597124.47,17119220.88,259130,10,10,10,0,0,0,0,0,0,1812479,4497407,7241727,2117498.88,200
1790723806,0,259330,0,609.14,199.96,1651711,3192831,13950975,36306943,88408063,324608,371720191,10590475.40,17114310.15,259330,10,10,10,0,0,0,0,0,0,1860607,3835903,5009407,1975603.20,200
1790723807,0,259530,0,608.18,200.04,1650687,3186687,13942783,36274175,88408063,324608,371720191,10583720.33,17109451.01,259530,10,10,10,0,0,0,0,0,0,1848319,2678783,3325951,1824757.76,200
1790723808,0,259730,0,607.23,199.98,1650687,3180543,13934591,36274175,88408063,324608,371720191,10577282.88,17104464.30,259730,10,10,10,0,0,0,0,0,0,1994751,4612095,7090175,2223724.80,200
1790723809,0,259930,0,606.28,199.97,1650687,3172351,13926399,36241407,88342527,324608,371720191,10570548.99,17099613.51,259930,10,10,10,0,0,0,0,0,0,1810431,2859007,3145727,1825592.32,200
1790723810,0,260130,0,605.33,200.17,1649663,3168255,13918207,36241407,88342527,324608,371720191,10564243.37,17094611.09,260130,10,10,10,0,0,0,0,0,0,2092031,5263359,9904127,2369140.48,200
1790723811,0,260330,0,604.39,199.88,1649663,3164159,13901823,36241407,88342527,324608,371720191,10557816.50,17089683.06,260330,10,10,10,0,0,0,0,0,0,1801215,4792319,9707519,2198702.08,200
1790723812,0,260530,0,603.46,199.99,1648639,3158015,13901823,36208639,88342527,324608,371720191,10551155.37,17084828.38,260530,10,10,10,0,0,0,0,0,0,1807359,4239359,4956159,1880701.44,200
1790723813,0,260730,0,602.52,200.11,1648639,3149823,13893631,36208639,88276991,324608,371720191,10544551.79,17079956.28,260730,10,10,10,0,0,0,0,0,0,1850367,3303423,6758399,1942397.44,200
1790723814,0,260930,0,601.60,199.88,1648639,3143679,13885439,36208639,88276991,324608,371720191,10537903.81,17075105.33,260930,10,10,10,0,0,0,0,0,0,1813503,2945023,3901439,1871262.72,200
1790723815,0,261130,0,600.67,200.07,1647615,3135487,13869055,36175871,88211455,324608,371720191,10531244.96,17070267.43,261130,10,10,10,0,0,0,0,0,0,1808383,2801663,3162111,1843776.00,200
1790723816,0,261330,0,599.75,199.93,1647615,3129343,13860863,36175871,88211455,324608,371720191,10524662.67,17065406.64,261330,10,10,10,0,0,0,0,0,0,1850367,3219455,5586943,1930493.44,200
1790723817,0,261530,0,598.84,200.11,1647615,3123199,13852671,36175871,88211455,324608,371720191,10518153.44,17060518.46,261530,10,10,10,0,0,0,0,0,0,1946623,3692543,4554751,2012871.68,200
1790723818,0,261730,0,597.93,199.92,1647615,3119103,13844479,36143103,88145919,324608,371720191,10511665.51,17055626.56,261730,10,10,10,0,0,0,0,0,0,1955839,3229695,4874239,2027731.20,200
1790723819,0,261930,0,597.02,200.00,1646591,3112959,13828095,36143103,88145919,324608,371720191,10505149.24,17050760.15,261930,10,10,10,0,0,0,0,0,0,1787903,4157439,4390911,1977629.44,200
1790723820,0,262130,0,596.12,200.07,1645567,3106815,13819903,36143103,88080383,324608,371720191,10498301.61,17046064.00,262130,10,10,10,0,0,0,0,0,0,1444863,2824191,3205119,1530298.88,200
1790723821,0,262330,0,595.22,199.92,1645567,3102719,13811711,36110335,88014847,324608,371720191,10491718.67,17041242.11,262330,10,10,10,0,0,0,0,0,0,1762303,3082239,4231167,1863792.64,200
1790723822,0,262530,0,594.32,200.12,1644543,3096575,13795327,36110335,87949311,324608,371720191,10485406.56,17036350.49,262530,10,10,10,0,0,0,0,0,0,1868799,3842047,12926975,2206123.52,200
1790723823,0,262730,0,593.43,199.95,1644543,3092479,13778943,36077567,87949311,324608,371720191,10478880.73,17031517.06,262730,10,10,10,0,0,0,0,0,0,1860607,3182591,3887103,1912744.96,200
1790723824,0,262930,0,592.55,199.91,1644543,3086335,13770751,36077567,87949311,324608,371720191,10472296.30,17026719.59,262930,10,10,10,0,0,0,0,0,0,1832959,2924543,3424255,1822668.80,200
1790723825,0,263130,0,591.66,200.05,1643519,3080191,13762559,36044799,87883775,324608,371720191,10465738.79,17021918.69,263130,10,10,10,0,0,0,0,0,0,1855487,3055615,4247551,1844910.08,200
1790723826,0,263330,0,590.78,200.02,1643519,3076095,13754367,36012031,87687167,324608,371720191,10459314.66,17017063.95,263330,10,10,10,0,0,0,0,0,0,1933311,3405823,4804607,2007402.24,200
1790723827,0,263530,0,589.91,200.05,1643519,3069951,13746175,35979263,87687167,324608,371720191,10452943.46,17012207.18,263530,10,10,10,0,0,0,0,0,0,1864703,4390911,6377471,2064303.36,200
1790723828,0,263730,0,589.04,199.96,1642495,3065855,13737983,35979263,87621631,324608,371720191,10446362.16,17007446.28,263730,10,10,10,0,0,0,0,0,0,1647615,3149823,4153343,1774512.64,200
1790723829,0,263930,0,588.17,199.89,1642495,3059711,13729791,35979263,87621631,324608,371720191,10439917.64,17002622.24,263930,10,10,10,0,0,0,0,0,0,1906687,3139583,4175871,1941845.76,200
1790723830,0,264130,0,587.31,200.10,1641471,3055615,13721599,35946495,87490559,324608,371720191,10433574.60,16997813.32,264130,10,10,10,0,0,0,0,0,0,1708031,3198975,10952703,2062993.92,200
1790723831,0,264330,0,586.45,200.00,1640447,3049471,13713407,35946495,87490559,324608,371720191,10427057.20,16993043.15,264330,10,10,10,0,0,0,0,0,0,1728511,3368959,4308991,1819845.12,200
1790723832,0,264530,0,585.59,200.07,1639423,3043327,13697023,35946495,87490559,324608,371720191,10420247.17,16988428.69,264530,10,10,10,0,0,0,0,0,0,1378303,2412543,2963455,1419775.36,200
1790723833,0,264730,0,584.74,199.89,1639423,3037183,13688831,35913727,87425023,324608,371720191,10413948.36,16983621.67,264730,10,10,10,0,0,0,0,0,0,1821695,3739647,9535487,2082824.32,200
1790723834,0,264930,0,583.89,200.01,1639423,3033087,13680639,35913727,87359487,324608,371720191,10407522.47,16978832.59,264930,10,10,10,0,0,0,0,0,0,1837055,3348479,4489215,1901886.72,200
1790723835,0,265130,0,583.05,199.92,1638399,3028991,13672447,35913727,87359487,324608,371720191,10401220.23,16973991.21,265130,10,10,10,0,0,0,0,0,0,1989631,3516415,4042751,2052959.36,200
1790723836,0,265330,0,582.21,200.03,1637375,3024895,13664255,35880959,87359487,324608,371720191,10394749.18,16969252.09,265330,10,10,10,0,0,0,0,0,0,1550335,4476927,5804031,1816408.32,200
1790723837,0,265530,0,581.37,200.10,1637375,3020799,13647871,35880959,87359487,324608,371720191,10388551.57,16964389.31,265530,10,10,10,0,0,0,0,0,0,1984511,3934207,7102463,2166485.76,200
1790723838,0,265730,0,580.54,199.95,1636351,3014655,13639679,35848191,87293951,324608,371720191,10382113.66,16959651.54,265730,10,10,10,0,0,0,0,0,0,1555455,4665343,5619711,1834826.24,200
1790723839,0,265930,0,579.71,200.04,1636351,3010559,13631487,35848191,87228415,324608,371720191,10375667.34,16954908.04,265930,10,10,10,0,0,0,0,0,0,1824767,2662399,3287039,1810762.24,200
1790723840,0,266130,0,578.88,199.90,1635327,3006463,13623295,35815423,87162879,324608,371720191,10369157.57,16950213.15,266130,10,10,10,0,0,0,0,0,0,1591295,3053567,5128191,1713443.84,200
1790723841,0,266330,0,578.06,200.05,1634303,3002367,13615103,35782655,87162879,324608,371720191,10363046.56,16945358.54,266330,10,10,10,0,0,0,0,0,0,1868799,4734975,9650175,2231436.80,200
1790723842,0,266530,0,577.24,199.97,1634303,2996223,13606911,35782655,87162879,324608,371720191,10356681.31,16940605.44,266530,10,10,10,0,0,0,0,0,0,1784831,3706879,4386815,1880387.84,200
1790723843,0,266730,0,576.43,200.11,1633279,2992127,13598719,35749887,87097343,324608,371720191,10350348.06,16935846.50,266730,10,10,10,0,0,0,0,0,0,1696767,3510271,4759551,1910351.36,200
1790723844,0,266930,0,575.62,199.93,1633279,2988031,13590527,35749887,87097343,324608,371720191,10344096.02,16931058.59,266930,10,10,10,0,0,0,0,0,0,1808383,3958783,4595711,2006056.32,200
1790723845,0,267130,0,574.81,200.11,1633279,2983935,13582335,35749887,87097343,324608,371720191,10337768.36,16926315.42,267130,10,10,10,0,0,0,0,0,0,1730559,3751935,4624383,1892555.52,200
1790723846,0,267330,0,574.00,199.84,1632255,2977791,13574143,35717119,86900735,324608,371720191,10331293.05,16921645.15,267330,10,10,10,0,0,0,0,0,0,1665023,2807807,4048895,1682552.32,200
1790723847,0,267530,0,573.20,200.12,1631231,2973695,13557759,35717119,86900735,324608,371720191,10324976.11,16916913.20,267530,10,10,10,0,0,0,0,0,0,1747967,3526655,5066751,1881431.04,200
1790723848,0,267730,0,572.40,199.96,1631231,2969599,13549567,35684351,86900735,324608,371720191,10318613.80,16912207.64,267730,10,10,10,0,0,0,0,0,0,1786879,3084287,4870143,1808069.76,200
1790723849,0,267930,0,571.61,199.96,1630207,2965503,13541375,35684351,86900735,324608,371720191,10312327.65,16907470.84,267930,10,10,10,0,0,0,0,0,0,1778687,2836479,4161535,1897377.28,200
1790723850,0,268130,0,570.82,200.01,1630207,2961407,13533183,35684351,86835199,324608,371720191,10306146.20,16902694.68,268130,10,10,10,0,0,0,0,0,0,1963007,3667967,4923391,2025169.92,200
1790723851,0,268330,0,570.03,199.94,1630207,2957311,13524991,35651583,86769663,324608,371720191,10299932.79,16897944.42,268330,10,10,10,0,0,0,0,0,0,1861631,3319807,7196671,1969916.16,200
1790723852,0,268530,0,569.25,200.13,1630207,2953215,13516799,35618815,86769663,324608,371720191,10293793.74,16893160.94,268530,10,10,10,0,0,0,0,0,0,1980415,3182591,5402623,2057338.88,200
1790723853,0,268730,0,568.46,199.98,1629183,2949119,13508607,35618815,86704127,324608,371720191,10287510.92,16888451.81,268730,10,10,10,0,0,0,0,0,0,1753087,2820095,3952639,1851883.52,200
1790723854,0,268930,0,567.69,200.05,1629183,2945023,13500415,35586047,86638591,324608,371720191,10281378.54,16883679.14,268930,10,10,10,0,0,0,0,0,0,2022399,3260415,4255743,2041612.80,200
1790723855,0,269130,0,566.91,199.81,1629183,2940927,13484031,35553279,86638591,324608,371720191,10275241.75,16878922.41,269130,10,10,10,0,0,0,0,0,0,1911807,4044799,4874239,2023405.44,200
1790723856,0,269330,0,566.14,200.19,1629183,2938879,13475839,35520511,86638591,324608,371720191,10269332.53,16874109.87,269330,10,10,10,0,0,0,0,0,0,1997823,3520511,10690559,2317591.04,200
1790723857,0,269530,0,565.37,199.92,1629183,2934783,13475839,35520511,86573055,324608,371720191,10263125.43,16869399.68,269530,10,10,10,0,0,0,0,0,0,1797119,3612671,4816895,1904327.68,200
1790723858,0,269730,0,564.61,200.04,1628159,2932735,13467647,35487743,86573055,324608,371720191,10257072.57,16864628.76,269730,10,10,10,0,0,0,0,0,0,1896447,4415487,5586943,2099936.00,200
1790723859,0,269930,0,563.85,199.91,1628159,2928639,13451263,35487743,86507519,324608,371720191,10250915.11,16859911.92,269930,10,10,10,0,0,0,0,0,0,1774591,3991551,4399103,1946664.96,200
1790723860,0,270130,0,563.09,200.10,1628159,2924543,13443071,35454975,86507519,324608,371720191,10244897.62,16855135.00,270130,10,10,10,0,0,0,0,0,0,1942527,3973119,5242879,2123388.16,200
1790723861,0,272249,0,566.32,2118.02,1635327,2971647,13729791,38633471,105054207,324608,555745279,11247487.87,22747928.55,272249,10,10,10,0,0,0,0,0,0,106495999,499384319,536346623,139057636.33,2119
1790723862,0,274655,0,570.14,2405.77,1644543,3037183,14065663,43417599,167378943,324608,670564351,14299897.66,43262573.69,274655,10,10,10,0,0,0,0,0,0,313262079,645398527,662700031,359692878.74,2406
1790723863,0,276812,0,573.43,2157.77,1651711,3100671,14360575,49971199,452198399,324608,912785407,18331108.97,63690686.45,276812,10,10,10,0,0,0,0,0,0,511442943,861929471,891813887,531633075.57,2157
1790723864,0,278405,0,575.54,1592.67,1656831,3151871,14589951,57278463,556793855,324608,1404043263,23377627.70,93662325.12,278405,10,10,10,0,0,0,0,0,0,932708351,1334837247,1393557503,900299750.93,1593
1790723865,0,280760,0,579.21,2354.85,1665023,3229695,14917631,72155135,1032323071,324608,1599078399,33580349.92,145816787.42,280760,10,10,10,0,0,0,0,0,0,1153433599,1526726655,1562378239,1239732740.57,2355
1790723866,0,282275,0,581.14,1515.77,1671167,3289087,15114239,84082687,1166016511,324608,2018508799,42075218.03,186475622.91,282275,10,10,10,0,0,0,0,0,0,1602224127,1962934271,2008023039,1616345297.53,1515
1790723867,0,284180,0,583.86,1905.11,1677311,3364863,15400959,111869951,1565523967,324608,2319450111,55261739.66,245786181.68,284180,10,10,10,0,0,0,0,0,0,1971322879,2256535551,2300575743,2009185830.97,1905
1790723868,0,285852,0,586.09,1671.53,1683455,3434495,15654911,149946367,1951399935,324608,2841640959,69198870.68,305294135.77,285852,10,10,10,0,0,0,0,0,0,2434793471,2669674495,2826960895,2438011007.39,1672
1790723869,0,287776,0,588.82,1923.47,1689599,3528703,15982591,320339967,2413821951,324608,3120562175,87668395.96,378687547.35,287776,10,10,10,0,0,0,0,0,0,2835349503,3084910591,3110076415,2831717637.85,1924
1790723870,0,289572,0,591.29,1797.17,1696767,3627007,16269311,523501567,2816475135,324608,3636461567,106815042.23,448845445.88,289572,10,10,10,0,0,0,0,0,0,3116367871,3607101439,3623878655,3174713302.95,1796
1790723871,0,291590,0,594.20,2016.82,1702911,3756031,16605183,668467199,3118465023,324608,3898605567,131035586.68,533449327.10,291590,10,10,10,0,0,0,0,0,0,3699376127,3854565375,3883925503,3606551691.04,2018
1790723872,0,293654,0,597.19,2064.41,1710079,3893247,16973823,1118830591,3642753023,324608,4353687551,157869570.70,620256268.45,293654,10,10,10,0,0,0,0,0,0,3932159999,4303355903,4332716031,3948819860.84,2064
1790723873,0,295797,0,600.32,2142.19,1718271,4052991,17350655,1506803711,3850371071,324608,4676648959,186295992.78,702302330.80,295797,10,10,10,0,0,0,0,0,0,3906994175,4567597055,4655677439,4081551498.57,2143
1790723874,0,297567,0,602.69,1771.07,1724415,4202495,17694719,1922039807,4206886911,324608,5041553407,212587827.94,778699219.61,297567,10,10,10,0,0,0,0,0,0,4680843263,4970250239,5016387583,4606399107.33,1770
1790723875,0,299337,0,605.05,1768.44,1730559,4345855,18006015,2256535551,4420796415,324608,5691670527,240319872.45,856335827.80,299337,10,10,10,0,0,0,0,0,0,4634705919,5624561663,5670699007,4902546590.52,1770
1790723876,0,301397,0,607.99,2060.19,1737727,4554751,18382847,2720006143,4894752767,324608,5775556607,275350309.91,952605206.38,301397,10,10,10,0,0,0,0,0,0,5536481279,5742002175,5767167999,5365595969.12,2060
1790723877,0,303521,0,611.04,2124.25,1744895,4788223,18825215,3091202047,5377097727,324608,6102712319,312993045.99,1050232161.45,303521,10,10,10,0,0,0,0,0,0,5825888255,6031409151,6081740799,5654522106.70,2124
1790723878,0,305582,0,613.95,2061.95,1752063,5005311,19333119,3588227071,5683281919,324608,6513754111,350704664.61,1142698955.17,305582,10,10,10,0,0,0,0,0,0,6018826239,6434062335,6492782591,5904449543.95,2061
1790723879,0,307887,0,617.34,2304.36,1759231,5283839,19824639,3833593855,5960105983,324608,6761218047,393684800.75,1241741160.04,307887,10,10,10,0,0,0,0,0,0,6220152831,6610223103,6748635135,6091713417.38,2305
1790723880,0,310759,0,621.86,2873.83,1768447,5599231,20512767,4263510015,6245318655,324608,7000293375,448461242.89,1360530226.18,310759,10,10,10,0,0,0,0,0,0,6450839551,6941573119,6979321855,6320659863.89,2872
1790723881,0,314333,0,627.75,3571.15,1780735,5963775,21364735,4932501503,6442450943,324608,7004487679,514293274.70,1486419373.97,314333,10,10,10,0,0,0,0,0,0,6224347135,6970933247,6991904767,6238382915.47,3574
1790723882,0,316617,0,631.05,2283.87,1789951,6176767,22036479,5431623679,6526337023,324608,7004487679,556788812.50,1562996876.38,316617,10,10,10,0,0,0,0,0,0,6413090815,6828326911,6840909823,6405190686.49,2284
1790723883,0,319337,0,635.21,2720.88,1800191,6447103,22855679,5691670527,6748635135,324608,7008681983,607134452.20,1648673408.21,319337,10,10,10,0,0,0,0,0,0,6484393983,6916407295,6979321855,6467533498.73,2720
1790723884,0,321840,0,638.91,2502.89,1808383,6696959,23691263,5792333823,6819938303,324608,7247757311,653990876.29,1725854690.67,321840,10,10,10,0,0,0,0,0,0,6790578175,7155482623,7218397183,6632013208.70,2503
1790723885,0,324674,0,643.26,2835.04,1818623,6955007,24690687,6002049023,6853492735,324608,7247757311,707012888.89,1808947169.19,324674,10,10,10,0,0,0,0,0,0,6777995263,7063207935,7092568063,6728397693.20,2834
1790723886,0,326193,0,644.99,1518.50,1823743,7086079,25198591,6073352191,6937378815,324608,7449083903,736478972.94,1855459701.22,326193,10,10,10,0,0,0,0,0,0,7021264895,7289700351,7428112383,7034616809.75,1519
1790723887,0,326903,0,645.12,709.80,1826815,7147519,25509887,6119489535,6966738943,324608,8078229503,750979108.31,1879399918.66,326903,10,10,10,0,0,0,0,0,0,7361003519,8006926335,8057257983,7412729331.02,710
1790723888,0,327552,0,645.13,649.14,1828863,7204863,25804799,6186598399,6987710463,324608,8858370047,766199982.04,1908378115.68,327552,10,10,10,0,0,0,0,0,0,8443133951,8707375103,8858370047,8432993947.41,649
1790723889,0,328523,0,645.77,970.74,1831935,7282687,26230783,6232735743,7067402239,324608,9537847295,791297531.15,1960537323.90,328523,10,10,10,0,0,0,0,0,0,9227468799,9512681471,9529458687,9257571894.31,971
1790723890,0,329307,0,646.04,784.19,1835007,7344127,26574847,6283067391,7151288319,324608,9722396671,812031479.18,2003685186.80,329307,10,10,10,0,0,0,0,0,0,9504292863,9714008063,9722396671,9500269756.08,784
1790723891,0,329439,0,645.04,131.96,1836031,7356415,26640383,6295650303,7163871231,324608,9722396671,815588708.34,2011147436.00,329439,10,10,10,0,0,0,0,0,0,9697230847,9714008063,9714008063,9689986141.09,132
1790723892,0,329439,0,643.78,0.00,1836031,7356415,26640383,6295650303,7163871231,324608,9722396671,815588708.34,2011147436.00,329439,10,10,10,0,0,0,0,0,0,0,0,0,0.00,0
1790723893,0,329439,0,642.52,0.00,1836031,7356415,26640383,6295650303,7163871231,324608,9722396671,815588708.34,2011147436.00,329439,10,10,10,0,0,0,0,0,0,0,0,0,0.00,0
1790723894,0,329439,0,641.27,0.00,1836031,7356415,26640383,6295650303,7163871231,324608,9722396671,815588708.34,2011147436.00,329439,10,10,10,0,0,0,0,0,0,0,0,0,0.00,0
1790723895,0,336274,0,653.30,6833.00,1859583,7942143,30457855,6782189567,12968787967,324608,15401484287,1059704936.70,2621365260.23,336274,10,10,10,0,0,0,0,0,0,12935233535,14965276671,15258877951,12825821418.91,6835
1790723896,0,342754,0,664.60,6481.08,1882111,8445951,35979263,7113539583,13245612031,324608,15401484287,1238835088.26,2910309263.74,342754,10,10,10,0,0,0,0,0,0,10334765055,14319353855,15074328575,10534639499.69,6480
1790723897,0,346727,0,671.00,3971.83,1895423,8781823,41287679,8434745343,13287555071,324608,15401484287,1333512942.83,3030390564.88,346727,10,10,10,0,0,0,0,0,0,8992587775,13069451263,13564379135,9501449858.55,3973
1790723898,0,348521,0,673.17,1794.99,1902591,8904703,44630015,8657043455,13312720895,324608,18220056575,1377404669.46,3088363593.40,348521,10,10,10,0,0,0,0,0,0,8891924479,12180258815,18169724927,9860373843.05,1794
1790723899,0,353359,0,681.20,4833.70,1918975,9297919,59965439,9445572607,14562623487,324608,18505269247,1538281625.04,3386721848.82,353359,10,10,10,0,0,0,0,0,0,14814281727,18052284415,18354274303,13127574191.46,4838
1790723900,0,354406,0,681.90,1047.36,1923071,9379839,64847871,9470738431,14554234879,324608,18505269247,1561084152.60,3407591636.12,354406,10,10,10,0,0,0,0,0,0,9328132095,9613344767,9646899199,9256860976.17,1047
1790723901,0,356778,0,685.15,2371.65,1932287,9551871,78249983,9655287807,15099494399,324608,18505269247,1632519615.59,3517803646.99,356778,10,10,10,0,0,0,0,0,0,14067695615,16382951423,16542334975,12305857178.55,2372
1790723902,0,359952,0,689.92,3176.26,1943551,9789439,111607807,10150215679,15225323519,324608,18505269247,1720943560.94,3635529094.11,359952,10,10,10,0,0,0,0,0,0,11265900543,15535702015,15946743807,11660363338.53,3174
1790723903,0,364782,0,697.84,4825.69,1960959,10166271,358612991,11056185343,15200157695,324608,18505269247,1841759415.28,3763791092.58,364782,10,10,10,0,0,0,0,0,0,11182014463,13354663935,13891534847,10845467158.26,4830
1790723904,0,367239,0,701.20,2458.62,1970175,10354687,541589503,11148460031,15191769087,324608,18505269247,1895475857.30,3809369115.75,367239,10,10,10,0,0,0,0,0,0,9714008063,11693719551,11735662591,9870563832.29,2457
1790723905,0,368299,0,701.88,1059.32,1974271,10444799,607125503,11274289151,15191769087,324608,18505269247,1924167278.87,3841188815.47,368299,10,10,10,0,0,0,0,0,0,11869880319,11920211967,11936989183,11864364414.55,1060
1790723906,0,369374,0,702.59,1075.36,1978367,10518527,675807231,11400118271,15183380479,324608,18505269247,1953080365.00,3872824700.45,369374,10,10,10,0,0,0,0,0,0,12012486655,12046041087,12054429695,11858811259.12,1075
1790723907,0,371231,0,704.78,1856.80,1984511,10657791,1089470463,11643387903,15174991871,324608,18505269247,2002073831.63,3924476858.11,371231,10,10,10,0,0,0,0,0,0,11811160063,12037652479,12054429695,11747314942.21,1857
1790723908,0,371675,0,704.29,444.00,1986559,10698751,1107296255,11643387903,15174991871,324608,18505269247,2013131906.86,3935145010.39,371675,10,10,10,0,0,0,0,0,0,11274289151,11374952447,11391729663,11258853357.55,444
1790723909,0,371750,0,703.10,74.99,1986559,10698751,1109393407,11643387903,15174991871,324608,18505269247,2014989263.09,3936919881.81,371750,10,10,10,0,0,0,0,0,0,11232346111,11265900543,11274289151,11219427655.68,75
1790723910,0,371750,0,701.77,0.00,1986559,10698751,1109393407,11643387903,15174991871,324608,18505269247,2014989263.09,3936919881.81,371750,10,10,10,0,0,0,0,0,0,0,0,0,0.00,0
1790723911,0,373168,0,703.12,1417.49,1991679,10813439,1242562559,11811160063,15795748863,324608,30618419199,2107641283.98,4220655599.51,373168,10,10,10,0,0,0,0,0,0,28823257087,30433869823,30568087551,26397760299.69,1418
1790723912,0,375802,0,706.75,2634.24,2000895,11018239,1780482047,11987320831,18354274303,324608,30618419199,2258408709.82,4577790444.03,375802,10,10,10,0,0,0,0,0,0,23739760639,27430748159,27783069695,23618157671.41,2634
1790723913,0,377608,0,708.82,1805.20,2008063,11173887,1974468607,12129927167,19730006015,324608,30618419199,2331299953.05,4686986424.80,377608,10,10,10,0,0,0,0,0,0,17087594495,19662897151,19881000959,17498894077.45,1806
1790723914,0,378721,0,709.57,1112.83,2011135,11280383,2178940927,12398362623,19713228799,324608,30618419199,2372530693.39,4741313662.24,378721,10,10,10,0,0,0,0,0,0,16366174207,16483614719,16500391935,16360902122.38,1113
1790723915,0,379363,0,709.45,642.55,2013183,11337727,2321547263,12582911999,19679674367,324608,30618419199,2396076823.42,4771694872.81,379363,10,10,10,0,0,0,0,0,0,16299065343,16349396991,16366174207,16286129640.07,642
1790723916,0,386643,0,721.71,7277.62,2039807,11911167,3514826751,13874757631,19864223743,324608,30618419199,2636206229.99,5048809849.45,386643,10,10,10,0,0,0,0,0,0,15720251391,19478347775,19964887039,15149422173.40,7280
1790723917,0,391860,0,730.09,5218.70,2059263,12337151,3948937215,14831058943,20552089599,324608,30618419199,2813241194.77,5257691478.74,391860,10,10,10,0,0,0,0,0,0,16164847615,21072183295,21760049151,15933680122.80,5217
1790723918,0,394729,0,734.07,2867.15,2069503,12574719,4357881855,15107883007,20501757951,324608,30618419199,2897038832.04,5333154377.83,394729,10,10,10,0,0,0,0,0,0,14646509567,17901289471,18270388223,14342470041.03,2869
1790723919,0,403321,0,748.65,8599.22,2101247,13271039,5641338879,16064184319,21575499775,324608,30618419199,3149996472.96,5590368833.71,403321,10,10,10,0,0,0,0,0,0,14109638655,22095593471,22632464383,14771239098.88,8592
1790723920,0,409382,0,758.49,6054.58,2125823,13836287,5880414207,16324231167,21743271935,324608,30618419199,3325685610.20,5752279938.02,409382,10,10,10,0,0,0,0,0,0,15342764031,21709717503,22531801087,15016680251.51,6061
1790723921,0,411107,0,760.28,1726.16,2134015,13991935,5993660415,16374562815,21726494719,324608,30618419199,3377373976.28,5796654572.54,411107,10,10,10,0,0,0,0,0,0,16005464063,18270388223,18471714815,15644206836.87,1725
1790723922,0,415045,0,766.15,3935.90,2150399,14344191,6194987007,16382951423,21692940287,324608,30618419199,3464965007.42,5841144773.21,415045,10,10,10,0,0,0,0,0,0,12004098047,16542334975,16718495743,12609019358.98,3938
1790723923,0,418653,0,771.38,3607.55,2164735,14688255,6392119295,16366174207,21676163071,324608,30618419199,3537938278.72,5870217956.45,418653,10,10,10,0,0,0,0,0,0,11198791679,15032385535,15409872895,11932392654.62,3608
1790723924,0,420210,0,772.83,1558.40,2170879,14835711,6450839551,16366174207,21659385855,324608,30618419199,3561398948.03,5872039202.99,420210,10,10,10,0,0,0,0,0,0,9755951103,11676942335,12113149951,9869606775.20,1557
1790723925,0,421360,0,773.52,1149.88,2174975,14934015,6488588287,16357785599,21659385855,324608,30618419199,3578666914.04,5873625585.52,421360,10,10,10,0,0,0,0,0,0,9445572607,12792627199,12943622143,9888381693.77,1150
1790723926,0,422348,0,773.91,987.85,2179071,15024127,6526337023,16357785599,21642608639,324608,30618419199,3600767400.51,5884478392.05,422348,10,10,10,0,0,0,0,0,0,13035896831,13119782911,13128171519,13026132763.98,988
1790723927,0,423292,0,774.23,944.22,2183167,15106047,6706692095,16349396991,21642608639,324608,30618419199,3622196503.48,5895363976.50,423292,10,10,10,0,0,0,0,0,0,13212057599,13270777855,13295943679,13209631657.22,944
1790723928,0,424060,0,774.21,767.63,2187263,15171583,6740246527,16349396991,21642608639,324608,30618419199,3640192882.69,5905158614.99,424060,10,10,10,0,0,0,0,0,0,13564379135,13723762687,13740539903,13559103488.00,768
1790723929,0,425095,0,774.69,1035.45,2191359,15278079,6761218047,16349396991,21642608639,324608,30618419199,3664989071.27,5919283931.67,425095,10,10,10,0,0,0,0,0,0,13799260159,13941866495,13958643711,13824478666.08,1035
1790723930,0,438671,0,797.98,13568.58,2250751,16760831,8027897855,17548967935,25753026559,324608,30618419199,4150848269.68,6512809231.70,438671,10,10,10,0,0,0,0,0,0,18907922431,28923920383,29997662207,19364189161.67,13576
1790723931,0,446434,0,810.62,7765.22,2285567,17694719,8539602943,17448304639,25669140479,324608,30618419199,4285921989.92,6545499180.77,446434,10,10,10,0,0,0,0,0,0,12742295551,14663286783,15174991871,11918657263.89,7763
1790723932,0,447598,0,811.26,1164.56,2291711,17825791,8589934591,17582522367,25652363263,324608,30618419199,4314806401.55,6566635742.66,447598,10,10,10,0,0,0,0,0,0,18689818623,20283654143,20434649087,15392970850.09,1164
1790723933,0,452740,0,819.10,5137.23,2312191,18415615,8841592831,17599299583,25602031615,324608,30618419199,4400015137.07,6598020555.45,452740,10,10,10,0,0,0,0,0,0,13270777855,17683185663,18371051519,11817218482.91,5142
1790723934,0,452940,0,817.98,200.17,2310143,18399231,8841592831,17599299583,25585254399,324608,30618419199,4398073101.06,6597210774.54,452940,10,10,10,0,0,0,0,0,0,1748991,3244031,3665919,1886173.44,200
1790723935,0,453140,0,816.87,199.99,2308095,18366463,8833204223,17582522367,25585254399,324608,30618419199,4396132813.43,6596401015.46,453140,10,10,10,0,0,0,0,0,0,1894399,3264511,5124095,1963421.44,200
1790723936,0,453340,0,815.76,199.83,2306047,18350079,8833204223,17582522367,25585254399,324608,30618419199,4394194186.80,6595591335.50,453340,10,10,10,0,0,0,0,0,0,1866751,2664447,3293183,1847828.48,200
1790723937,0,453540,0,814.65,200.14,2306047,18317311,8824815615,17582522367,25585254399,324608,30618419199,4392257308.45,6594781675.58,453540,10,10,10,0,0,0,0,0,0,2016255,2891775,3244031,1935168.00,200
1790723938,0,453740,0,813.55,199.88,2303999,18284543,8824815615,17582522367,25585254399,324608,30618419199,4390322078.66,6593972101.19,453740,10,10,10,0,0,0,0,0,0,1795071,2701311,3166207,1801469.44,200
1790723939,0,453940,0,812.45,199.98,2301951,18268159,8816427007,17582522367,25585254399,324608,30618419199,4388388582.21,6593162554.94,453940,10,10,10,0,0,0,0,0,0,1965055,2559999,2848767,1865182.72,200
1790723940,0,454140,0,811.36,200.12,2299903,18235391,8816427007,17582522367,25585254399,324608,30618419199,4386456840.62,6592353021.61,454140,10,10,10,0,0,0,0,0,0,1918975,3121151,3964927,1982965.76,200
1790723941,0,454340,0,810.27,199.86,2297855,18219007,8808038399,17582522367,25568477183,324608,30618419199,4384526825.38,6591543519.29,454340,10,10,10,0,0,0,0,0,0,2035711,3053567,3622911,2041205.76,200
1790723942,0,454540,0,809.18,200.17,2295807,18202623,8808038399,17582522367,25568477183,324608,30618419199,4382598444.13,6590734108.43,454540,10,10,10,0,0,0,0,0,0,1943551,2725887,2942975,1894766.08,200
1790723943,0,454740,0,808.10,199.95,2293759,18169855,8799649791,17565745151,25568477183,324608,30618419199,4380671806.11,6589924715.51,454740,10,10,10,0,0,0,0,0,0,1896447,3186687,5066751,2001573.12,200
1790723944,0,454940,0,807.02,199.99,2293759,18153471,8791261183,17565745151,25568477183,324608,30618419199,4378746854.22,6589115377.57,454940,10,10,10,0,0,0,0,0,0,1906687,3135487,7622655,1983738.88,200
1790723945,0,455140,0,805.94,200.09,2291711,18137087,8791261183,17565745151,25568477183,324608,30618419199,4376823592.48,6588306090.97,455140,10,10,10,0,0,0,0,0,0,1949695,3158015,3293183,1980116.48,200
1790723946,0,455340,0,804.87,199.85,2289663,18104319,8782872575,17565745151,25568477183,324608,30618419199,4374903565.30,6587495836.15,455340,10,10,10,0,0,0,0,0,0,1873919,18857983,66322431,5497715.20,200
1790723947,0,455540,0,803.80,199.97,2287615,18087935,8774483967,17565745151,25568477183,324608,30618419199,4372983700.97,6586686638.51,455540,10,10,10,0,0,0,0,0,0,2003967,3338239,4028415,2028578.56,200
1790723948,0,455740,0,802.74,200.03,2287615,18055167,8766095359,17565745151,25568477183,324608,30618419199,4371065469.79,6585877527.30,455740,10,10,10,0,0,0,0,0,0,1856511,3102719,3368959,1910304.00,200
1790723949,0,455940,0,801.68,199.96,2285567,18038783,8766095359,17565745151,25568477183,324608,30618419199,4369148955.50,6585068446.04,455940,10,10,10,0,0,0,0,0,0,1890303,3327999,4034559,1987859.20,200
1790723950,0,456140,0,800.63,200.09,2283519,18022399,8757706751,17548967935,25551699967,324608,30618419199,4367234052.94,6584259463.56,456140,10,10,10,0,0,0,0,0,0,1879039,2736127,3086335,1830681.60,200
1790723951,0,456340,0,799.57,200.09,2281471,17989631,8757706751,17548967935,25551699967,324608,30618419199,4365320890.90,6583450493.55,456340,10,10,10,0,0,0,0,0,0,2026495,2842623,3899391,1972227.84,200
1790723952,0,456540,0,798.52,199.95,2279423,17973247,8749318143,17548967935,25551699967,324608,30618419199,4363409411.20,6582641573.68,456540,10,10,10,0,0,0,0,0,0,1999871,2949119,5578751,1986179.84,200
1790723953,0,456740,0,797.48,199.90,2277375,17956863,8740929535,17548967935,25551699967,324608,30618419199,4361499576.36,6581832727.87,456740,10,10,10,0,0,0,0,0,0,1940479,2916351,3172351,1919586.56,200
1790723954,0,456940,0,796.44,199.97,2275327,17924095,8732540927,17548967935,25551699967,324608,30618419199,4359591395.55,6581023949.11,456940,10,10,10,0,0,0,0,0,0,1966079,2660351,2959359,1878880.00,200
1790723955,0,457140,0,795.40,200.05,2275327,17907711,8724152319,17548967935,25551699967,324608,30618419199,4357684909.28,6580215209.68,457140,10,10,10,0,0,0,0,0,0,1905663,2930687,3293183,1935733.76,200
1790723956,0,457340,0,794.37,200.07,2273279,17874943,8715763711,17548967935,25534922751,324608,30618419199,4355780099.03,6579406520.93,457340,10,10,10,0,0,0,0,0,0,1949695,3211263,3706879,1955306.24,200
1790723957,0,457540,0,793.33,199.88,2271231,17858559,8715763711,17548967935,25534922751,324608,30618419199,4353877016.04,6578597848.08,457540,10,10,10,0,0,0,0,0,0,2054143,3307519,3686399,2097136.64,200
1790723958,0,457740,0,792.31,200.01,2271231,17825791,8707375103,17532190719,25534922751,324608,30618419199,4351975508.54,6577789290.61,457740,10,10,10,0,0,0,0,0,0,1940479,2965503,3631103,1896808.96,200
1790723959,0,457940,0,791.29,200.12,2269183,17809407,8707375103,17532190719,25534922751,324608,30618419199,4350075626.67,6576980814.42,457940,10,10,10,0,0,0,0,0,0,1821695,2744319,2951167,1815983.36,200
1790723960,0,458140,0,790.26,199.90,2267135,17776639,8707375103,17532190719,25534922751,324608,30618419199,4348177443.18,6576172370.51,458140,10,10,10,0,0,0,0,0,0,1925119,2754559,3438591,1906703.36,200
1790723961,0,458340,0,789.25,200.13,2265087,17760255,8698986495,17532190719,25534922751,324608,30618419199,4346280893.35,6575364000.76,458340,10,10,10,0,0,0,0,0,0,1929215,2957311,4009983,1854199.04,200
1790723962,0,458540,0,788.24,199.84,2263039,17727487,8698986495,17532190719,25534922751,324608,30618419199,4344386062.67,6574555647.77,458540,10,10,10,0,0,0,0,0,0,2018303,2811903,3135487,2002597.12,200
1790723963,0,458740,0,787.23,200.17,2263039,17711103,8698986495,17532190719,25534922751,324608,30618419199,4342492828.79,6573747391.49,458740,10,10,10,0,0,0,0,0,0,1830911,2824191,3201023,1875518.72,200
1790723964,0,458940,0,786.22,199.85,2260991,17678335,8690597887,17532190719,25534922751,324608,30618419199,4340601284.95,6572939169.44,458940,10,10,10,0,0,0,0,0,0,1976319,2957311,4042751,1967175.68,200
1790723965,0,459140,0,785.22,200.12,2258943,17661951,8690597887,17515413503,25518145535,324608,30618419199,4338711354.70,6572131031.18,459140,10,10,10,0,0,0,0,0,0,1924095,2646015,2772991,1888407.04,200
1790723966,0,459340,0,784.22,199.99,2256895,17629183,8690597887,17515413503,25518145535,324608,30618419199,4336823085.50,6571322944.50,459340,10,10,10,0,0,0,0,0,0,1930239,2707455,4591615,1923473.92,200
1790723967,0,459540,0,783.22,200.03,2254847,17596415,8690597887,17515413503,25518145535,324608,30618419199,4334936417.32,6570514948.09,459540,10,10,10,0,0,0,0,0,0,1854463,2852863,3422207,1825615.36,200
1790723968,0,459740,0,782.23,199.87,2254847,17580031,8682209279,17515413503,25518145535,324608,30618419199,4333051460.84,6569706968.06,459740,10,10,10,0,0,0,0,0,0,1909759,3086335,3405823,1986963.20,200
1790723969,0,459940,0,781.24,199.98,2252799,17547263,8682209279,17515413503,25518145535,324608,30618419199,4331168056.42,6568899108.77,459940,10,10,10,0,0,0,0,0,0,1802239,2613247,3262463,1786311.68,200
1790723970,0,460140,0,780.26,200.05,2250751,17514495,8682209279,17515413503,25518145535,324608,30618419199,4329286407.86,6568091235.05,460140,10,10,10,0,0,0,0,0,0,1901567,3051519,7368703,2059217.92,200
1790723971,0,460340,0,779.27,200.09,2250751,17498111,8673820671,17498636287,25501368319,324608,30618419199,4327406435.37,6567283398.57,460340,10,10,10,0,0,0,0,0,0,1994751,4079615,6275071,2153730.56,200
1790723972,0,460540,0,778.29,199.86,2248703,17465343,8665432063,17498636287,25501368319,324608,30618419199,4325527947.51,6566475724.51,460540,10,10,10,0,0,0,0,0,0,1812479,2680831,3090431,1812441.60,200
1790723973,0,460740,0,777.32,200.16,2246655,17432575,8657043455,17498636287,25501368319,324608,30618419199,4323651166.93,6565668065.36,460740,10,10,10,0,0,0,0,0,0,2020351,2889727,3223551,1988528.64,200
1790723974,0,460940,0,776.35,199.92,2244607,17416191,8648654847,17498636287,25501368319,324608,30618419199,4321775967.57,6564860503.22,460940,10,10,10,0,0,0,0,0,0,1932287,2760703,3233791,1879202.56,200
1790723975,0,461140,0,775.38,200.01,2244607,17399807,8648654847,17498636287,25501368319,324608,30618419199,4319902403.77,6564053001.45,461140,10,10,10,0,0,0,0,0,0,2019327,2936831,3049471,1899914.24,200
1790723976,0,461340,0,774.41,199.92,2242559,17367039,8640266239,17498636287,25501368319,324608,30618419199,4318030435.44,6563245585.51,461340,10,10,10,0,0,0,0,0,0,1865727,2889727,3526655,1833056.00,200
1790723977,0,461540,0,773.45,200.15,2240511,17350655,8631877631,17498636287,25501368319,324608,30618419199,4316160132.86,6562438208.31,461540,10,10,10,0,0,0,0,0,0,1986559,2979839,3096575,1933163.52,200
1790723978,0,461740,0,772.49,199.88,2240511,17334271,8631877631,17498636287,25501368319,324608,30618419199,4314292235.78,6561630385.17,461740,10,10,10,0,0,0,0,0,0,1883135,4599807,41648127,3746136.32,200
1790723979,0,461940,0,771.53,200.09,2238463,17301503,8623489023,17481859071,25484591103,324608,30618419199,4312425138.03,6560823166.22,461940,10,10,10,0,0,0,0,0,0,1821695,3133439,3223551,1856576.00,200
1790723980,0,462140,0,770.58,199.97,2236415,17285119,8623489023,17481859071,25484591103,324608,30618419199,4310559739.71,6560015961.28,462140,10,10,10,0,0,0,0,0,0,2036735,3172351,3592191,2049221.12,200
1790723981,0,463541,0,771.63,1401.09,2242559,17432575,8598323199,17465081855,25484591103,324608,30618419199,4298693265.21,6553647439.09,463541,10,10,10,0,0,0,0,0,0,411041791,611844095,622854143,384365980.78,1401
1790723982,0,465077,0,772.90,1535.94,2248703,17645567,8577351679,17448304639,25467813887,324608,30618419199,4287569777.90,6545683887.21,465077,10,10,10,0,0,0,0,0,0,853540863,1418723327,1463812095,930673664.00,1536
1790723983,0,466949,0,774.72,1870.91,2256895,17874943,8539602943,17431527423,25434259455,324608,30618419199,4276698847.85,6534817107.05,466949,10,10,10,0,0,0,0,0,0,1538260991,1994391551,2174746623,1575940551.11,1872
1790723984,0,468422,0,775.88,1473.20,2260991,18038783,8506048511,17414750207,25417482239,324608,30618419199,4270268081.12,6525569191.23,468422,10,10,10,0,0,0,0,0,0,2141192191,2860515327,2900361215,2231680100.80,1473
1790723985,0,469956,0,777.13,1534.96,2269183,18219007,8464105471,17397972991,25417482239,324608,30618419199,4265445262.91,6515498311.03,469956,10,10,10,0,0,0,0,0,0,2839543807,3458203647,3638558719,2792750249.55,1534
1790723986,0,471269,0,778.02,1312.79,2273279,18382847,8434745343,17381195775,25400705023,324608,30618419199,4263501128.38,6506565334.40,471269,10,10,10,0,0,0,0,0,0,3670015999,4292870143,4332716031,3567646072.69,1313
1790723987,0,472408,0,778.61,1138.37,2277375,18530303,8405385215,17364418559,25383927807,324608,30618419199,4264213754.34,6498764308.95,472408,10,10,10,0,0,0,0,0,0,4701814783,5121245183,5150605311,4559067594.51,1139
1790723988,0,473569,0,779.24,1161.83,2283519,18710527,8367636479,17347641343,25383927807,324608,30618419199,4266550497.75,6490994253.99,473569,10,10,10,0,0,0,0,0,0,5448400895,5599395839,5746196479,5217365553.83,1161
1790723989,0,474824,0,780.03,1255.10,2287615,18890751,8342470655,17330864127,25367150591,324608,30618419199,4270735122.49,6482958395.05,474824,10,10,10,0,0,0,0,0,0,5981077503,6471811071,6492782591,5849785762.58,1255
1790723990,0,476069,0,780.79,1244.34,2293759,19103743,8321499135,17330864127,25367150591,324608,30618419199,4277323765.85,6475798607.07,476069,10,10,10,0,0,0,0,0,0,6819938303,7394557951,7407140863,6790131794.25,1245
1790723991,0,477533,0,781.91,1464.24,2299903,19333119,8292139007,17297309695,25333596159,324608,30618419199,4286850900.54,6468210954.63,477533,10,10,10,0,0,0,0,0,0,7600078847,8069840895,8095006719,7384920220.68,1464
1790723992,0,478817,0,782.73,1283.38,2303999,19529727,8325693439,17297309695,25333596159,324608,30618419199,4297164016.64,6462677133.34,478817,10,10,10,0,0,0,0,0,0,8388607999,8841592831,8917090303,8132719523.49,1284
1790723993,0,480780,0,784.65,1963.47,2312191,19808255,8396996607,17263755263,25300041727,324608,30618419199,4316112559.22,6456353808.43,480780,10,10,10,0,0,0,0,0,0,9135194111,9638510591,9697230847,8938060755.66,1963
1790723994,0,483253,0,787.40,2473.46,2322431,20201471,8535408639,17246978047,25283264511,324608,30618419199,4342441242.41,6450402105.05,483253,10,10,10,0,0,0,0,0,0,9772728319,10007609343,10066329599,9461043874.11,2473
1790723995,0,486962,0,792.16,3709.35,2338815,20758527,8707375103,17196646399,25232932863,324608,30618419199,4383597156.40,6443167375.56,486962,10,10,10,0,0,0,0,0,0,10108272639,10435428351,10468982783,9745883191.22,3709
1790723996,0,489988,0,795.78,3024.39,2353151,21250047,8883535871,17163091967,25199378431,324608,30618419199,4419483058.60,6439451280.86,489988,10,10,10,0,0,0,0,0,0,10351542271,10569646079,10594811903,10194456854.84,3026
1790723997,0,490252,0,794.92,264.07,2355199,21299199,8891924479,17154703359,25199378431,324608,30618419199,4423247373.69,6439764392.76,490252,10,10,10,0,0,0,0,0,0,11525947391,11727273983,11735662591,11409873206.30,264
1790723998,0,494769,0,800.95,4516.17,2373631,22183935,9118416895,17112760319,25149046783,324608,30618419199,4486640430.28,6444365598.78,494769,10,10,10,0,0,0,0,0,0,11601444863,11760828415,11819548671,11366997477.36,4517
1790723999,0,499192,0,806.80,4424.10,2396159,23101439,9344909311,17054040063,25115492351,324608,30618419199,4546778679.65,6447467957.60,499192,10,10,10,0,0,0,0,0,0,11685330943,11962155007,12054429695,11274009405.29,4423
1790724000,0,503788,0,812.92,4598.55,2418687,24084479,9554624511,17003708415,25081937919,324608,30618419199,4608052411.73,6450341866.58,503788,10,10,10,0,0,0,0,0,0,12020875263,12163481599,12197036031,11263264958.72,4596
1790724001,0,508238,0,818.78,4449.88,2439167,25165823,9797894143,16953376767,25048383487,324608,30618419199,4669373588.60,6455648061.53,508238,10,10,10,0,0,0,0,0,0,12071206911,12373196799,12440305663,11611592252.06,4450
1790724002,0,511195,0,822.21,2955.46,2455551,26017791,9957277695,16911433727,25014829055,324608,30618419199,4711372168.91,6460807480.49,511195,10,10,10,0,0,0,0,0,0,12482248703,12666798079,12700352511,11929929646.97,2957
1790724003,0,514463,0,826.14,3269.35,2473983,27000831,10066329599,16877879295,24998051839,324608,30618419199,4759908618.19,6469060392.44,514463,10,10,10,0,0,0,0,0,0,12675186687,12876513279,13019119615,12352194477.28,3268
1790724004,0,518195,0,830.80,3729.18,2494463,28295167,10175381503,16844324863,24964497407,324608,30618419199,4816303670.91,6479987890.01,518195,10,10,10,0,0,0,0,0,0,13086228479,13245612031,13295943679,12590464444.50,3732
1790724005,0,519880,0,832.17,1685.96,2502655,28950527,10242490367,16819159039,24947720191,324608,30618419199,4842481005.45,6485914314.20,519880,10,10,10,0,0,0,0,0,0,13254000639,13555990527,13606322175,12892904669.82,1685
1790724006,0,521159,0,832.88,1278.78,2510847,29392895,10276044799,16810770431,24930942975,324608,30618419199,4865311303.72,6494325219.07,521159,10,10,10,0,0,0,0,0,0,14344519679,14554234879,14587789311,14145229571.80,1279
1790724007,0,522046,0,832.97,886.72,2516991,29835263,10301210623,16802381823,24930942975,324608,30618419199,4882033228.89,6501516675.53,522046,10,10,10,0,0,0,0,0,0,15032385535,15376318463,15393095679,14707040893.26,887
1790724008,0,523000,0,833.16,954.61,2521087,30244863,10326376447,16785604607,24914165759,324608,30618419199,4900930541.87,6510662449.49,523000,10,10,10,0,0,0,0,0,0,15418261503,16139681791,16164847615,15241880908.75,954
1790724009,0,524190,0,833.73,1189.68,2529279,30703615,10368319487,16827547647,24914165759,324608,30618419199,4926879690.32,6526060065.34,524190,10,10,10,0,0,0,0,0,0,16684941311,16903045119,16978542591,16331421403.43,1190
1790724010,0,524850,0,833.45,659.77,2533375,30998527,10401873919,16894656511,24897388543,324608,30618419199,4942224247.05,6536308393.77,524850,10,10,10,0,0,0,0,0,0,17230200831,17699962879,17699962879,17129289690.76,660
1790724011,0,525635,0,833.38,784.95,2537471,31391743,10427039743,17020485631,24897388543,324608,30618419199,4961549495.09,6550545074.72,525635,10,10,10,0,0,0,0,0,0,18052284415,18488492031,18555600895,17882385717.16,785
1790724012,0,526472,0,833.38,837.30,2543615,31834111,10443816959,17179869183,24897388543,324608,30618419199,4983986409.08,6569447613.86,526472,10,10,10,0,0,0,0,0,0,19159580671,19327352831,19377684479,19074341590.71,837
1790724013,0,526539,0,832.17,67.01,2543615,31866879,10452205567,17196646399,24897388543,324608,30618419199,4985869839.31,6571151117.43,526539,10,10,10,0,0,0,0,0,0,19847446527,19881000959,19881000959,19785470991.28,67
1790724014,0,526816,0,831.29,276.90,2545663,31997951,10460594175,17246978047,24880611327,324608,30618419199,4994321514.82,6579749622.36,526816,10,10,10,0,0,0,0,0,0,21088960511,21172846591,21172846591,21059797228.59,277
1790724015,0,531689,0,837.66,4875.83,2576383,34832383,10603200511,17649631231,24830279679,324608,30618419199,5106596738.81,6657747908.30,531689,10,10,10,0,0,0,0,0,0,17171480575,21642608639,21944598527,17244578351.81,4873
1790724016,0,534025,0,840.02,2334.58,2588671,36503551,10645143551,17683185663,24796725247,324608,30618419199,5142450707.27,6671377084.46,534025,10,10,10,0,0,0,0,0,0,11626610687,22766682111,22867345407,13303050296.11,2336
1790724017,0,536194,0,842.11,2169.10,2603007,38436863,10636754943,17699962879,24779948031,324608,30618419199,5158635308.81,6666891596.75,536194,10,10,10,0,0,0,0,0,0,8380219391,23269998591,23420993535,9143412549.99,2169
1790724018,0,537333,0,842.57,1139.42,2609151,39387135,10628366335,17699962879,24830279679,324608,30618419199,5166733080.29,6667903225.60,537333,10,10,10,0,0,0,0,0,0,6849298431,24830279679,24863834111,8978828323.06,1139
1790724019,0,537520,0,841.55,187.06,2611199,39485439,10636754943,17733517311,24914165759,324608,30618419199,5171854243.82,6674261595.21,537520,10,10,10,0,0,0,0,0,0,25031606271,25216155647,25216155647,19887202698.27,187
1790724020,0,537640,0,840.42,119.92,2611199,39583743,10636754943,17750294527,24998051839,324608,30618419199,5176552451.45,6680920641.24,537640,10,10,10,0,0,0,0,0,0,26206011391,26340229119,26340229119,26221390506.67,120
1790724021,0,537660,0,839.14,20.00,2611199,39583743,10636754943,17750294527,25014829055,324608,30618419199,5177368098.51,6682134714.54,537660,10,10,10,0,0,0,0,0,0,27111981055,27111981055,27111981055,27103592448.00,20
1790724022,0,537660,0,837.83,0.00,2611199,39583743,10636754943,17750294527,25014829055,324608,30618419199,5177368098.51,6682134714.54,537660,10,10,10,0,0,0,0,0,0,0,0,0,0.00,0
1790724023,0,537660,0,836.53,0.00,2611199,39583743,10636754943,17750294527,25014829055,324608,30618419199,5177368098.51,6682134714.54,537660,10,10,10,0,0,0,0,0,0,0,0,0,0.00,0
1790724024,0,537670,0,835.24,10.00,2611199,39616511,10636754943,17750294527,25014829055,324608,30618419199,5177826449.05,6682917726.01,537670,10,10,10,0,0,0,0,0,0,29829890047,29829890047,29829890047,29821501440.00,10
1790724025,0,537680,0,833.96,10.01,2613247,39616511,10636754943,17750294527,25014829055,324608,31088181247,5178308184.77,6683789072.94,537680,10,10,10,0,0,0,0,0,0,31088181247,31088181247,31088181247,31079792640.00,10
1790724026,0,537760,0,832.79,79.96,2613247,39682047,10636754943,17767071743,25048383487,324608,32027705343,5182299946.14,6691299131.58,537760,10,10,10,0,0,0,0,0,0,32010928127,32027705343,32027705343,32010928128.00,80
1790724027,0,537760,0,831.51,0.00,2613247,39682047,10636754943,17767071743,25048383487,324608,32027705343,5182299946.14,6691299131.58,537760,10,10,10,0,0,0,0,0,0,0,0,0,0.00,0
1790724028,0,537760,0,830.22,0.00,2613247,39682047,10636754943,17767071743,25048383487,324608,32027705343,5182299946.14,6691299131.58,537760,10,10,10,0,0,0,0,0,0,0,0,0,0.00,0
1790724029,0,537760,0,828.94,0.00,2613247,39682047,10636754943,17767071743,25048383487,324608,32027705343,5182299946.14,6691299131.58,537760,10,10,10,0,0,0,0,0,0,0,0,0,0.00,0
1790724030,0,537760,0,827.67,0.00,2613247,39682047,10636754943,17767071743,25048383487,324608,32027705343,5182299946.14,6691299131.58,537760,10,10,10,0,0,0,0,0,0,0,0,0,0.00,0
1790724031,0,537760,0,826.39,0.00,2613247,39682047,10636754943,17767071743,25048383487,324608,32027705343,5182299946.14,6691299131.58,537760,10,10,10,0,0,0,0,0,0,0,0,0,0.00,0
1790724032,0,537760,0,825.13,0.00,2613247,39682047,10636754943,17767071743,25048383487,324608,32027705343,5182299946.14,6691299131.58,537760,10,10,10,0,0,0,0,0,0,0,0,0,0.00,0
1790724033,0,537760,0,823.86,0.00,2613247,39682047,10636754943,17767071743,25048383487,324608,32027705343,5182299946.14,6691299131.58,537760,10,10,10,0,0,0,0,0,0,0,0,0,0.00,0
1790724034,0,537760,0,822.60,0.00,2613247,39682047,10636754943,17767071743,25048383487,324608,32027705343,5182299946.14,6691299131.58,537760,10,10,10,0,0,0,0,0,0,0,0,0,0.00,0
1790724035,0,537760,0,821.35,0.00,2613247,39682047,10636754943,17767071743,25048383487,324608,32027705343,5182299946.14,6691299131.58,537760,10,10,10,0,0,0,0,0,0,0,0,0,0.00,0
1790724036,0,537760,0,820.09,0.00,2613247,39682047,10636754943,17767071743,25048383487,324608,32027705343,5182299946.14,6691299131.58,537760,10,10,10,0,0,0,0,0,0,0,0,0,0.00,0
1790724037,0,537760,0,818.85,0.00,2613247,39682047,10636754943,17767071743,25048383487,324608,32027705343,5182299946.14,6691299131.58,537760,10,10,10,0,0,0,0,0,0,0,0,0,0.00,0
1790724038,0,537760,0,817.60,0.00,2613247,39682047,10636754943,17767071743,25048383487,324608,32027705343,5182299946.14,6691299131.58,537760,10,10,10,0,0,0,0,0,0,0,0,0,0.00,0
1790724039,0,537760,0,816.36,0.00,2613247,39682047,10636754943,17767071743,25048383487,324608,32027705343,5182299946.14,6691299131.58,537760,10,10,10,0,0,0,0,0,0,0,0,0,0.00,0
1790724040,0,537760,0,815.12,0.00,2613247,39682047,10636754943,17767071743,25048383487,324608,32027705343,5182299946.14,6691299131.58,537760,10,10,10,0,0,0,0,0,0,0,0,0,0.00,0
1790724041,0,537760,0,813.89,0.00,2613247,39682047,10636754943,17767071743,25048383487,324608,32027705343,5182299946.14,6691299131.58,537760,10,10,10,0,0,0,0,0,0,0,0,0,0.00,0
1790724042,0,537760,0,812.66,0.00,2613247,39682047,10636754943,17767071743,25048383487,324608,32027705343,5182299946.14,6691299131.58,537760,10,10,10,0,0,0,0,0,0,0,0,0,0.00,0
1790724043,0,537760,0,811.43,0.00,2613247,39682047,10636754943,17767071743,25048383487,324608,32027705343,5182299946.14,6691299131.58,537760,10,10,10,0,0,0,0,0,0,0,0,0,0.00,0
1790724044,0,537760,0,810.21,0.00,2613247,39682047,10636754943,17767071743,25048383487,324608,32027705343,5182299946.14,6691299131.58,537760,10,10,10,0,0,0,0,0,0,0,0,0,0.00,0
1790724045,0,537760,0,808.99,0.00,2613247,39682047,10636754943,17767071743,25048383487,324608,32027705343,5182299946.14,6691299131.58,537760,10,10,10,0,0,0,0,0,0,0,0,0,0.00,0
1790724046,0,537760,0,807.78,0.00,2613247,39682047,10636754943,17767071743,25048383487,324608,32027705343,5182299946.14,6691299131.58,537760,10,10,10,0,0,0,0,0,0,0,0,0,0.00,0
1790724047,0,537760,0,806.56,0.00,2613247,39682047,10636754943,17767071743,25048383487,324608,32027705343,5182299946.14,6691299131.58,537760,10,10,10,0,0,0,0,0,0,0,0,0,0.00,0
1790724048,0,537760,0,805.36,0.00,2613247,39682047,10636754943,17767071743,25048383487,324608,32027705343,5182299946.14,6691299131.58,537760,10,10,10,0,0,0,0,0,0,0,0,0,0.00,0
1790724049,0,537760,0,804.15,0.00,2613247,39682047,10636754943,17767071743,25048383487,324608,32027705343,5182299946.14,6691299131.58,537760,10,10,10,0,0,0,0,0,0,0,0,0,0.00,0
1790724050,0,537760,0,802.95,0.00,2613247,39682047,10636754943,17767071743,25048383487,324608,32027705343,5182299946.14,6691299131.58,537760,10,10,10,0,0,0,0,0,0,0,0,0,0.00,0
1790724051,0,537760,0,801.75,0.00,2613247,39682047,10636754943,17767071743,25048383487,324608,32027705343,5182299946.14,6691299131.58,537760,10,10,10,0,0,0,0,0,0,0,0,0,0.00,0
1790724052,0,537760,0,800.56,0.00,2613247,39682047,10636754943,17767071743,25048383487,324608,32027705343,5182299946.14,6691299131.58,537760,10,10,10,0,0,0,0,0,0,0,0,0,0.00,0
1790724053,0,537760,0,799.37,0.00,2613247,39682047,10636754943,17767071743,25048383487,324608,32027705343,5182299946.14,6691299131.58,537760,10,10,10,0,0,0,0,0,0,0,0,0,0.00,0
1790724054,0,537760,0,798.18,0.00,2613247,39682047,10636754943,17767071743,25048383487,324608,32027705343,5182299946.14,6691299131.58,537760,10,10,10,0,0,0,0,0,0,0,0,0,0.00,0
1790724055,0,537760,0,797.00,0.00,2613247,39682047,10636754943,17767071743,25048383487,324608,32027705343,5182299946.14,6691299131.58,537760,10,10,10,0,0,0,0,0,0,0,0,0,0.00,0
1790724056,0,537760,0,795.82,0.00,2613247,39682047,10636754943,17767071743,25048383487,324608,32027705343,5182299946.14,6691299131.58,537760,10,10,10,0,0,0,0,0,0,0,0,0,0.00,0
1790724057,0,537760,0,794.64,0.00,2613247,39682047,10636754943,17767071743,25048383487,324608,32027705343,5182299946.14,6691299131.58,537760,10,10,10,0,0,0,0,0,0,0,0,0,0.00,0
1790724058,0,537760,0,793.47,0.00,2613247,39682047,10636754943,17767071743,25048383487,324608,32027705343,5182299946.14,6691299131.58,537760,10,10,10,0,0,0,0,0,0,0,0,0,0.00,0
1790724059,0,537760,0,792.30,0.00,2613247,39682047,10636754943,17767071743,25048383487,324608,32027705343,5182299946.14,6691299131.58,537760,10,10,10,0,0,0,0,0,0,0,0,0,0.00,0
1790724060,0,537760,0,791.14,0.00,2613247,39682047,10636754943,17767071743,25048383487,324608,32027705343,5182299946.14,6691299131.58,537760,10,10,10,0,0,0,0,0,0,0,0,0,0.00,0
1790724061,0,537760,0,789.98,0.00,2613247,39682047,10636754943,17767071743,25048383487,324608,32027705343,5182299946.14,6691299131.58,537760,10,10,10,0,0,0,0,0,0,0,0,0,0.00,0
1790724062,0,537760,0,788.82,0.00,2613247,39682047,10636754943,17767071743,25048383487,324608,32027705343,5182299946.14,6691299131.58,537760,10,10,10,0,0,0,0,0,0,0,0,0,0.00,0
1790724063,0,537760,0,787.66,0.00,2613247,39682047,10636754943,17767071743,25048383487,324608,32027705343,5182299946.14,6691299131.58,537760,10,10,10,0,0,0,0,0,0,0,0,0,0.00,0
1790724064,0,537760,0,786.51,0.00,2613247,39682047,10636754943,17767071743,25048383487,324608,32027705343,5182299946.14,6691299131.58,537760,10,10,10,0,0,0,0,0,0,0,0,0,0.00,0
1790724065,0,537760,0,785.36,0.00,2613247,39682047,10636754943,17767071743,25048383487,324608,32027705343,5182299946.14,6691299131.58,537760,10,10,10,0,0,0,0,0,0,0,0,0,0.00,0
1790724066,0,537760,0,784.22,0.00,2613247,39682047,10636754943,17767071743,25048383487,324608,32027705343,5182299946.14,6691299131.58,537760,10,10,10,0,0,0,0,0,0,0,0,0,0.00,0
1790724067,0,537760,0,783.07,0.00,2613247,39682047,10636754943,17767071743,25048383487,324608,32027705343,5182299946.14,6691299131.58,537760,10,10,10,0,0,0,0,0,0,0,0,0,0.00,0
1790724068,0,537760,0,781.94,0.00,2613247,39682047,10636754943,17767071743,25048383487,324608,32027705343,5182299946.14,6691299131.58,537760,10,10,10,0,0,0,0,0,0,0,0,0,0.00,0
1790724069,0,537775,0,780.82,14.99,2613247,39682047,10636754943,17767071743,25048383487,324608,32027705343,5182299946.14,6691299131.58,537760,10,10,10,0,0,0,0,0,0,0,0,0,0.00,0
1790724070,0,537775,0,779.69,0.00,2613247,39682047,10636754943,17767071743,25048383487,324608,32027705343,5182299946.14,6691299131.58,537760,10,10,10,0,0,0,0,0,0,0,0,0,0.00,0
1790724071,0,537775,0,778.56,0.00,2613247,39682047,10636754943,17767071743,25048383487,324608,32027705343,5182299946.14,6691299131.58,537760,10,10,10,0,0,0,0,0,0,0,0,0,0.00,0
1790724072,0,537775,0,777.44,0.00,2613247,39682047,10636754943,17767071743,25048383487,324608,32027705343,5182299946.14,6691299131.58,537760,10,10,10,0,0,0,0,0,0,0,0,0,0.00,0
1790724073,0,537775,0,776.31,0.00,2613247,39682047,10636754943,17767071743,25048383487,324608,32027705343,5182299946.14,6691299131.58,537760,10,10,10,0,0,0,0,0,0,0,0,0,0.00,0
1790724074,0,537775,0,775.19,0.00,2613247,39682047,10636754943,17767071743,25048383487,324608,32027705343,5182299946.14,6691299131.58,537760,10,10,10,0,0,0,0,0,0,0,0,0,0.00,0
1790724075,0,537775,0,774.08,0.00,2613247,39682047,10636754943,17767071743,25048383487,324608,32027705343,5182299946.14,6691299131.58,537760,10,10,10,0,0,0,0,0,0,0,0,0,0.00,0
1790724076,0,537775,0,772.97,0.00,2613247,39682047,10636754943,17767071743,25048383487,324608,32027705343,5182299946.14,6691299131.58,537760,10,10,10,0,0,0,0,0,0,0,0,0,0.00,0
1790724077,0,537775,0,771.86,0.00,2613247,39682047,10636754943,17767071743,25048383487,324608,32027705343,5182299946.14,6691299131.58,537760,10,10,10,0,0,0,0,0,0,0,0,0,0.00,0
1790724078,0,537775,0,770.75,0.00,2613247,39682047,10636754943,17767071743,25048383487,324608,32027705343,5182299946.14,6691299131.58,537760,10,10,10,0,0,0,0,0,0,0,0,0,0.00,0
1790724079,0,537775,0,769.65,0.00,2613247,39682047,10636754943,17767071743,25048383487,324608,32027705343,5182299946.14,6691299131.58,537760,10,10,10,0,0,0,0,0,0,0,0,0,0.00,0
1790724080,0,537775,0,768.55,0.00,2613247,39682047,10636754943,17767071743,25048383487,324608,32027705343,5182299946.14,6691299131.58,537760,10,10,10,0,0,0,0,0,0,0,0,0,0.00,0
1790724081,0,537775,0,767.45,0.00,2613247,39682047,10636754943,17767071743,25048383487,324608,32027705343,5182299946.14,6691299131.58,537760,10,10,10,0,0,0,0,0,0,0,0,0,0.00,0
1790724082,0,537775,0,766.36,0.00,2613247,39682047,10636754943,17767071743,25048383487,324608,32027705343,5182299946.14,6691299131.58,537760,10,10,10,0,0,0,0,0,0,0,0,0,0.00,0
1790724083,0,537775,0,765.27,0.00,2613247,39682047,10636754943,17767071743,25048383487,324608,32027705343,5182299946.14,6691299131.58,537760,10,10,10,0,0,0,0,0,0,0,0,0,0.00,0
1790724084,0,537775,0,764.18,0.00,2613247,39682047,10636754943,17767071743,25048383487,324608,32027705343,5182299946.14,6691299131.58,537760,10,10,10,0,0,0,0,0,0,0,0,0,0.00,0
1790724085,0,537775,0,763.09,0.00,2613247,39682047,10636754943,17767071743,25048383487,324608,32027705343,5182299946.14,6691299131.58,537760,10,10,10,0,0,0,0,0,0,0,0,0,0.00,0
1790724086,0,537775,0,762.01,0.00,2613247,39682047,10636754943,17767071743,25048383487,324608,32027705343,5182299946.14,6691299131.58,537760,10,10,10,0,0,0,0,0,0,0,0,0,0.00,0
1790724087,0,537775,0,760.93,0.00,2613247,39682047,10636754943,17767071743,25048383487,324608,32027705343,5182299946.14,6691299131.58,537760,10,10,10,0,0,0,0,0,0,0,0,0,0.00,0
1790724088,0,537775,0,759.86,0.00,2613247,39682047,10636754943,17767071743,25048383487,324608,32027705343,5182299946.14,6691299131.58,537760,10,10,10,0,0,0,0,0,0,0,0,0,0.00,0
1790724089,0,537775,0,758.79,0.00,2613247,39682047,10636754943,17767071743,25048383487,324608,32027705343,5182299946.14,6691299131.58,537760,10,10,10,0,0,0,0,0,0,0,0,0,0.00,0
1790724090,0,537775,0,757.72,0.00,2613247,39682047,10636754943,17767071743,25048383487,324608,32027705343,5182299946.14,6691299131.58,537760,10,10,10,0,0,0,0,0,0,0,0,0,0.00,0
1790724091,0,537775,0,756.65,0.00,2613247,39682047,10636754943,17767071743,25048383487,324608,32027705343,5182299946.14,6691299131.58,537760,10,10,10,0,0,0,0,0,0,0,0,0,0.00,0
1790724092,0,537775,0,755.59,0.00,2613247,39682047,10636754943,17767071743,25048383487,324608,32027705343,5182299946.14,6691299131.58,537760,10,10,10,0,0,0,0,0,0,0,0,0,0.00,0
1790724093,0,537775,0,754.53,0.00,2613247,39682047,10636754943,17767071743,25048383487,324608,32027705343,5182299946.14,6691299131.58,537760,10,10,10,0,0,0,0,0,0,0,0,0,0.00,0
1790724094,0,537775,0,753.47,0.00,2613247,39682047,10636754943,17767071743,25048383487,324608,32027705343,5182299946.14,6691299131.58,537760,10,10,10,0,0,0,0,0,0,0,0,0,0.00,0
1790724095,0,537775,0,752.42,0.00,2613247,39682047,10636754943,17767071743,25048383487,324608,32027705343,5182299946.14,6691299131.58,537760,10,10,10,0,0,0,0,0,0,0,0,0,0.00,0
1790724096,0,537775,0,751.37,0.00,2613247,39682047,10636754943,17767071743,25048383487,324608,32027705343,5182299946.14,6691299131.58,537760,10,10,10,0,0,0,0,0,0,0,0,0,0.00,0
1790724097,0,537775,0,750.32,0.00,2613247,39682047,10636754943,17767071743,25048383487,324608,32027705343,5182299946.14,6691299131.58,537760,10,10,10,0,0,0,0,0,0,0,0,0,0.00,0
1790724098,0,537775,0,749.27,0.00,2613247,39682047,10636754943,17767071743,25048383487,324608,32027705343,5182299946.14,6691299131.58,537760,10,10,10,0,0,0,0,0,0,0,0,0,0.00,0
1790724099,0,537775,0,748.23,0.00,2613247,39682047,10636754943,17767071743,25048383487,324608,32027705343,5182299946.14,6691299131.58,537760,10,10,10,0,0,0,0,0,0,0,0,0,0.00,0
1790724100,0,537775,0,747.19,0.00,2613247,39682047,10636754943,17767071743,25048383487,324608,32027705343,5182299946.14,6691299131.58,537760,10,10,10,0,0,0,0,0,0,0,0,0,0.00,0
1790724101,0,537775,0,746.15,0.00,2613247,39682047,10636754943,17767071743,25048383487,324608,32027705343,5182299946.14,6691299131.58,537760,10,10,10,0,0,0,0,0,0,0,0,0,0.00,0
1790724102,0,537775,0,745.12,0.00,2613247,39682047,10636754943,17767071743,25048383487,324608,32027705343,5182299946.14,6691299131.58,537760,10,10,10,0,0,0,0,0,0,0,0,0,0.00,0
1790724103,0,537775,0,744.09,0.00,2613247,39682047,10636754943,17767071743,25048383487,324608,32027705343,5182299946.14,6691299131.58,537760,10,10,10,0,0,0,0,0,0,0,0,0,0.00,0
