timestamp,sent_count,received_count,error_count,total_throughput,interval_throughput,latency_ns_p25,latency_ns_p50,latency_ns_p75,latency_ns_p95,latency_ns_p99,latency_ns_min,latency_ns_max,latency_ns_mean,latency_ns_stddev,latency_sample_count,connections,active_connections,connection_attempts,connection_failures,crashes_injected,reconnects,reconnect_failures,duplicate_count,gap_count,interval_latency_ns_p50,interval_latency_ns_p95,interval_latency_ns_p99,interval_latency_ns_mean,interval_latency_sample_count
1790724295,0,0,0,0.00,0.00,0,0,0,0,0,0,0,0.00,0.00,0,0,0,1,0,0,0,0,0,0,0,0,0,0.00,0
1790724296,0,0,0,0.00,0.00,0,0,0,0,0,0,0,0.00,0.00,0,1,1,1,0,0,0,0,0,0,0,0,0,0.00,0
1790724297,0,0,0,0.00,0.00,0,0,0,0,0,0,0,0.00,0.00,0,1,1,1,0,0,0,0,0,0,0,0,0,0.00,0
1790724298,0,0,0,0.00,0.00,0,0,0,0,0,0,0,0.00,0.00,0,1,1,1,0,0,0,0,0,0,0,0,0,0.00,0
1790724299,0,0,0,0.00,0.00,0,0,0,0,0,0,0,0.00,0.00,0,1,1,1,0,0,0,0,0,0,0,0,0,0.00,0
1790724300,0,0,0,0.00,0.00,0,0,0,0,0,0,0,0.00,0.00,0,1,1,1,0,0,0,0,0,0,0,0,0,0.00,0
1790724301,0,0,0,0.00,0.00,0,0,0,0,0,0,0,0.00,0.00,0,1,1,1,0,0,0,0,0,0,0,0,0,0.00,0
1790724302,0,0,0,0.00,0.00,0,0,0,0,0,0,0,0.00,0.00,0,2,2,2,0,0,0,0,0,0,0,0,0,0.00,0
1790724303,0,0,0,0.00,0.00,0,0,0,0,0,0,0,0.00,0.00,0,2,2,2,0,0,0,0,0,0,0,0,0,0.00,0
1790724304,0,0,0,0.00,0.00,0,0,0,0,0,0,0,0.00,0.00,0,2,2,2,0,0,0,0,0,0,0,0,0,0.00,0
1790724305,0,0,0,0.00,0.00,0,0,0,0,0,0,0,0.00,0.00,0,2,2,2,0,0,0,0,0,0,0,0,0,0.00,0
1790724306,0,0,0,0.00,0.00,0,0,0,0,0,0,0,0.00,0.00,0,2,2,2,0,0,0,0,0,0,0,0,0,0.00,0
1790724307,0,0,0,0.00,0.00,0,0,0,0,0,0,0,0.00,0.00,0,2,2,2,0,0,0,0,0,0,0,0,0,0.00,0
1790724308,0,0,0,0.00,0.00,0,0,0,0,0,0,0,0.00,0.00,0,2,2,2,0,0,0,0,0,0,0,0,0,0.00,0
1790724309,0,0,0,0.00,0.00,0,0,0,0,0,0,0,0.00,0.00,0,3,3,3,0,0,0,0,0,0,0,0,0,0.00,0
1790724310,0,0,0,0.00,0.00,0,0,0,0,0,0,0,0.00,0.00,0,3,3,3,0,0,0,0,0,0,0,0,0,0.00,0
1790724311,0,0,0,0.00,0.00,0,0,0,0,0,0,0,0.00,0.00,0,3,3,3,0,0,0,0,0,0,0,0,0,0.00,0
1790724312,0,0,0,0.00,0.00,0,0,0,0,0,0,0,0.00,0.00,0,3,3,3,0,0,0,0,0,0,0,0,0,0.00,0
1790724313,0,0,0,0.00,0.00,0,0,0,0,0,0,0,0.00,0.00,0,3,3,3,0,0,0,0,0,0,0,0,0,0.00,0
1790724314,0,0,0,0.00,0.00,0,0,0,0,0,0,0,0.00,0.00,0,3,3,3,0,0,0,0,0,0,0,0,0,0.00,0
1790724315,0,0,0,0.00,0.00,0,0,0,0,0,0,0,0.00,0.00,0,3,3,3,0,0,0,0,0,0,0,0,0,0.00,0
1790724316,0,0,0,0.00,0.00,0,0,0,0,0,0,0,0.00,0.00,0,4,4,4,0,0,0,0,0,0,0,0,0,0.00,0
1790724317,0,0,0,0.00,0.00,0,0,0,0,0,0,0,0.00,0.00,0,4,4,4,0,0,0,0,0,0,0,0,0,0.00,0
1790724318,0,0,0,0.00,0.00,0,0,0,0,0,0,0,0.00,0.00,0,4,4,4,0,0,0,0,0,0,0,0,0,0.00,0
1790724319,0,0,0,0.00,0.00,0,0,0,0,0,0,0,0.00,0.00,0,4,4,4,0,0,0,0,0,0,0,0,0,0.00,0
1790724320,0,0,0,0.00,0.00,0,0,0,0,0,0,0,0.00,0.00,0,4,4,4,0,0,0,0,0,0,0,0,0,0.00,0
1790724321,0,0,0,0.00,0.00,0,0,0,0,0,0,0,0.00,0.00,0,4,4,4,0,0,0,0,0,0,0,0,0,0.00,0
1790724322,0,0,0,0.00,0.00,0,0,0,0,0,0,0,0.00,0.00,0,5,5,5,0,0,0,0,0,0,0,0,0,0.00,0
1790724323,0,0,0,0.00,0.00,0,0,0,0,0,0,0,0.00,0.00,0,5,5,5,0,0,0,0,0,0,0,0,0,0.00,0
1790724324,0,0,0,0.00,0.00,0,0,0,0,0,0,0,0.00,0.00,0,5,5,5,0,0,0,0,0,0,0,0,0,0.00,0
1790724325,0,0,0,0.00,0.00,0,0,0,0,0,0,0,0.00,0.00,0,5,5,5,0,0,0,0,0,0,0,0,0,0.00,0
1790724326,0,0,0,0.00,0.00,0,0,0,0,0,0,0,0.00,0.00,0,5,5,5,0,0,0,0,0,0,0,0,0,0.00,0
1790724327,0,0,0,0.00,0.00,0,0,0,0,0,0,0,0.00,0.00,0,5,5,5,0,0,0,0,0,0,0,0,0,0.00,0
1790724328,0,0,0,0.00,0.00,0,0,0,0,0,0,0,0.00,0.00,0,5,5,5,0,0,0,0,0,0,0,0,0,0.00,0
1790724329,0,0,0,0.00,0.00,0,0,0,0,0,0,0,0.00,0.00,0,6,6,6,0,0,0,0,0,0,0,0,0,0.00,0
1790724330,0,0,0,0.00,0.00,0,0,0,0,0,0,0,0.00,0.00,0,6,6,6,0,0,0,0,0,0,0,0,0,0.00,0
1790724331,0,0,0,0.00,0.00,0,0,0,0,0,0,0,0.00,0.00,0,6,6,6,0,0,0,0,0,0,0,0,0,0.00,0
1790724332,0,0,0,0.00,0.00,0,0,0,0,0,0,0,0.00,0.00,0,6,6,6,0,0,0,0,0,0,0,0,0,0.00,0
1790724333,0,0,0,0.00,0.00,0,0,0,0,0,0,0,0.00,0.00,0,6,6,6,0,0,0,0,0,0,0,0,0,0.00,0
1790724334,0,0,0,0.00,0.00,0,0,0,0,0,0,0,0.00,0.00,0,6,6,6,0,0,0,0,0,0,0,0,0,0.00,0
1790724335,0,0,0,0.00,0.00,0,0,0,0,0,0,0,0.00,0.00,0,6,6,6,0,0,0,0,0,0,0,0,0,0.00,0
1790724336,0,0,0,0.00,0.00,0,0,0,0,0,0,0,0.00,0.00,0,7,7,7,0,0,0,0,0,0,0,0,0,0.00,0
1790724337,0,0,0,0.00,0.00,0,0,0,0,0,0,0,0.00,0.00,0,7,7,7,0,0,0,0,0,0,0,0,0,0.00,0
1790724338,0,0,0,0.00,0.00,0,0,0,0,0,0,0,0.00,0.00,0,7,7,7,0,0,0,0,0,0,0,0,0,0.00,0
1790724339,0,0,0,0.00,0.00,0,0,0,0,0,0,0,0.00,0.00,0,7,7,7,0,0,0,0,0,0,0,0,0,0.00,0
1790724340,0,0,0,0.00,0.00,0,0,0,0,0,0,0,0.00,0.00,0,7,7,7,0,0,0,0,0,0,0,0,0,0.00,0
1790724341,0,0,0,0.00,0.00,0,0,0,0,0,0,0,0.00,0.00,0,7,7,7,0,0,0,0,0,0,0,0,0,0.00,0
1790724342,0,0,0,0.00,0.00,0,0,0,0,0,0,0,0.00,0.00,0,8,8,8,0,0,0,0,0,0,0,0,0,0.00,0
1790724343,0,0,0,0.00,0.00,0,0,0,0,0,0,0,0.00,0.00,0,8,8,8,0,0,0,0,0,0,0,0,0,0.00,0
1790724344,0,0,0,0.00,0.00,0,0,0,0,0,0,0,0.00,0.00,0,8,8,8,0,0,0,0,0,0,0,0,0,0.00,0
1790724345,0,0,0,0.00,0.00,0,0,0,0,0,0,0,0.00,0.00,0,8,8,8,0,0,0,0,0,0,0,0,0,0.00,0
1790724346,0,0,0,0.00,0.00,0,0,0,0,0,0,0,0.00,0.00,0,8,8,8,0,0,0,0,0,0,0,0,0,0.00,0
1790724347,0,0,0,0.00,0.00,0,0,0,0,0,0,0,0.00,0.00,0,8,8,8,0,0,0,0,0,0,0,0,0,0.00,0
1790724348,0,0,0,0.00,0.00,0,0,0,0,0,0,0,0.00,0.00,0,8,8,8,0,0,0,0,0,0,0,0,0,0.00,0
1790724349,0,0,0,0.00,0.00,0,0,0,0,0,0,0,0.00,0.00,0,9,9,9,0,0,0,0,0,0,0,0,0,0.00,0
1790724350,0,0,0,0.00,0.00,0,0,0,0,0,0,0,0.00,0.00,0,9,9,9,0,0,0,0,0,0,0,0,0,0.00,0
1790724351,0,0,0,0.00,0.00,0,0,0,0,0,0,0,0.00,0.00,0,9,9,9,0,0,0,0,0,0,0,0,0,0.00,0
1790724352,0,0,0,0.00,0.00,0,0,0,0,0,0,0,0.00,0.00,0,9,9,9,0,0,0,0,0,0,0,0,0,0.00,0
1790724353,0,0,0,0.00,0.00,0,0,0,0,0,0,0,0.00,0.00,0,9,9,9,0,0,0,0,0,0,0,0,0,0.00,0
1790724354,0,0,0,0.00,0.00,0,0,0,0,0,0,0,0.00,0.00,0,9,9,9,0,0,0,0,0,0,0,0,0,0.00,0
1790724355,0,0,0,0.00,0.00,0,0,0,0,0,0,0,0.00,0.00,0,9,9,9,0,0,0,0,0,0,0,0,0,0.00,0
1790724356,0,0,0,0.00,0.00,0,0,0,0,0,0,0,0.00,0.00,0,10,10,10,0,0,0,0,0,0,0,0,0,0.00,0
1790724357,0,160,0,221.50,159.91,1652735,2367487,3131391,47841279,51412991,797184,51609599,5465790.40,11458915.12,160,10,10,10,0,0,0,0,0,0,2367487,47841279,51412991,5465790.40,160
1790724358,0,360,0,209.05,200.05,1554431,2179071,2822143,5230591,50036735,645632,51609599,3565632.71,7844904.00,360,10,10,10,0,0,0,0,0,0,2035711,3239935,3342335,2045506.56,200
1790724359,0,560,0,205.74,200.03,1443839,2131967,2785279,4032511,49348607,613888,51609599,3010301.26,6351174.74,560,10,10,10,0,0,0,0,0,0,2024447,3196927,3674111,2010704.64,200
1790724360,0,760,0,204.19,199.97,1424383,2107391,2732031,3422207,48791551,613888,51609599,2744507.62,5482373.56,760,10,10,10,0,0,0,0,0,0,2089983,3020799,3225599,2000285.44,200
1790724361,0,960,0,203.30,200.01,1432575,2134015,2746367,3475455,47054847,613888,51609599,2630293.60,4901715.58,960,10,10,10,0,0,0,0,0,0,2195455,3563519,5128191,2196280.32,200
1790724362,0,1160,0,202.74,200.08,1422335,2142207,2764799,3373055,8241151,613888,51609599,2541173.19,4476163.19,1160,10,10,10,0,0,0,0,0,0,2162687,3248127,3479551,2113395.20,200
1790724363,0,1360,0,202.33,199.99,1424383,2127871,2764799,3368959,6254591,608256,51609599,2478989.18,4151279.28,1360,10,10,10,0,0,0,0,0,0,2079743,3227647,5349375,2118321.92,200
1790724364,0,1560,0,202.01,199.88,1415167,2117631,2770943,3368959,6066175,608256,51609599,2433400.94,3892074.63,1560,10,10,10,0,0,0,0,0,0,2087935,3362815,4923391,2123400.96,200
1790724365,0,1760,0,201.79,200.10,1422335,2142207,2764799,3360767,5640191,608256,51609599,2400661.82,3674697.46,1760,10,10,10,0,0,0,0,0,0,2203647,3266559,3631103,2145296.64,200
1790724366,0,1960,0,201.61,199.98,1412095,2123775,2756607,3321855,5603327,608256,51609599,2363697.37,3492872.16,1960,10,10,10,0,0,0,0,0,0,2012159,3227647,3379199,2038410.24,200
1790724367,0,2160,0,201.46,200.07,1403903,2117631,2752511,3325951,5447679,608256,51609599,2338677.81,3338808.91,2160,10,10,10,0,0,0,0,0,0,2063359,3325951,4571135,2093486.08,200
1790724368,0,2360,0,201.34,199.98,1411071,2123775,2744319,3301375,5341183,608256,51609599,2316887.00,3202123.21,2360,10,10,10,0,0,0,0,0,0,2170879,3106815,3274751,2081546.24,200
1790724369,0,2560,0,201.23,199.97,1405951,2119679,2750463,3313663,5341183,608256,51609599,2302486.40,3085421.11,2560,10,10,10,0,0,0,0,0,0,2105343,3348479,4907007,2132559.36,200
1790724370,0,2760,0,201.14,200.05,1415167,2119679,2748415,3295231,5251071,608256,51609599,2286304.93,2978942.30,2760,10,10,10,0,0,0,0,0,0,2085887,3207167,3368959,2079182.08,200
1790724371,0,2960,0,201.05,199.83,1422335,2123775,2748415,3280895,5230591,608256,51609599,2276927.31,2883205.92,2960,10,10,10,0,0,0,0,0,0,2181119,3235839,3416063,2147516.16,200
1790724372,0,3160,0,200.99,200.11,1422335,2131967,2754559,3291135,5128191,608256,51609599,2271479.66,2799344.17,3160,10,10,10,0,0,0,0,0,0,2256895,3360767,4546559,2190854.40,200
1790724373,0,3360,0,200.93,199.97,1420287,2123775,2750463,3278847,4993023,608256,51609599,2257253.71,2721109.13,3360,10,10,10,0,0,0,0,0,0,2029567,3133439,3352575,2032483.84,200
1790724374,0,3560,0,200.88,200.00,1421311,2123775,2748415,3276799,4907007,608256,51609599,2247853.30,2649819.12,3560,10,10,10,0,0,0,0,0,0,2038783,3217407,3444735,2089926.40,200
1790724375,0,3760,0,200.84,200.10,1422335,2123775,2744319,3282943,4841471,608256,51609599,2242926.23,2585664.55,3760,10,10,10,0,0,0,0,0,0,2117631,3405823,4800511,2155224.32,200
1790724376,0,3960,0,200.79,199.95,1426431,2119679,2736127,3280895,4829183,608256,51609599,2232206.03,2525059.00,3960,10,10,10,0,0,0,0,0,0,2015231,3192831,3442687,2030666.24,200
1790724377,0,4160,0,200.75,199.88,1428479,2119679,2736127,3278847,4829183,608256,51609599,2226976.92,2470272.64,4160,10,10,10,0,0,0,0,0,0,2125823,3250175,4489215,2123440.64,200
1790724378,0,4360,0,200.72,200.02,1422335,2117631,2732031,3274751,4816895,608256,51609599,2216315.71,2418831.84,4360,10,10,10,0,0,0,0,0,0,1992703,3166207,3336191,1994562.56,200
1790724379,0,4560,0,200.69,200.10,1422335,2115583,2734079,3274751,4698111,549376,51609599,2210816.06,2371453.22,4560,10,10,10,0,0,0,0,0,0,2070527,3266559,3829759,2090923.52,200
1790724380,0,4760,0,200.66,199.99,1421311,2109439,2732031,3266559,4673535,549376,51609599,2203402.70,2326395.08,4760,10,10,10,0,0,0,0,0,0,2019327,3178495,3325951,2034378.24,200
1790724381,0,4960,0,200.63,199.94,1422335,2111487,2732031,3266559,4640767,549376,51609599,2198460.23,2284371.59,4960,10,10,10,0,0,0,0,0,0,2170879,3198975,3495935,2080829.44,200
1790724382,0,5160,0,200.61,200.11,1422335,2107391,2734079,3262463,4571135,549376,51609599,2193261.54,2244947.11,5160,10,10,10,0,0,0,0,0,0,2025471,3176447,3438591,2064334.08,200
1790724383,0,5360,0,200.59,199.99,1421311,2107391,2736127,3262463,4546559,549376,51609599,2188845.71,2208189.97,5360,10,10,10,0,0,0,0,0,0,2075647,3207167,3528703,2074917.12,200
1790724384,0,5560,0,200.56,199.90,1422335,2107391,2736127,3260415,4526079,549376,51609599,2184681.35,2172788.02,5560,10,10,10,0,0,0,0,0,0,2033663,3211263,3485695,2073076.48,200
1790724385,0,5760,0,200.54,200.03,1422335,2107391,2736127,3258367,4489215,549376,51609599,2181706.62,2139182.84,5760,10,10,10,0,0,0,0,0,0,2119679,3164159,3336191,2099009.28,200
1790724386,0,5960,0,200.53,200.04,1422335,2107391,2738175,3254271,4456447,549376,51609599,2178434.32,2107832.55,5960,10,10,10,0,0,0,0,0,0,2142207,3211263,3409919,2084192.00,200
1790724387,0,6160,0,200.50,199.87,1421311,2107391,2740223,3258367,4431871,549376,51609599,2175806.55,2078559.97,6160,10,10,10,0,0,0,0,0,0,2075647,3274751,3643391,2097498.88,200
1790724388,0,6360,0,200.49,200.01,1416191,2103295,2736127,3256319,4386815,549376,51609599,2170400.20,2050143.67,6360,10,10,10,0,0,0,0,0,0,1921023,3178495,3344383,2003884.80,200
1790724389,0,6560,0,200.48,200.14,1415167,2103295,2736127,3258367,4358143,549376,51609599,2167670.99,2023347.96,6560,10,10,10,0,0,0,0,0,0,2111487,3264511,3403775,2080881.92,200
1790724390,0,6760,0,200.46,199.93,1419263,2109439,2738175,3258367,4329471,549376,51609599,2168527.15,1998058.68,6760,10,10,10,0,0,0,0,0,0,2236415,3282943,4040703,2196609.28,200
1790724391,0,6960,0,200.45,199.94,1416191,2107391,2736127,3258367,4243455,549376,51609599,2164391.43,1973561.77,6960,10,10,10,0,0,0,0,0,0,2021375,3241983,3311615,2024604.16,200
1790724392,0,7160,0,200.44,200.03,1420287,2107391,2736127,3258367,4179967,549376,51609599,2162931.59,1949871.02,7160,10,10,10,0,0,0,0,0,0,2095103,3256319,3409919,2112129.28,200
1790724393,0,7360,0,200.43,200.07,1417215,2109439,2740223,3260415,4179967,549376,51609599,2162420.14,1928196.86,7360,10,10,10,0,0,0,0,0,0,2185215,3323903,4149247,2144110.08,200
1790724394,0,7560,0,200.41,200.01,1419263,2113535,2738175,3260415,4179967,549376,51609599,2161490.73,1908029.48,7560,10,10,10,0,0,0,0,0,0,2203647,3192831,3575807,2127288.32,200
1790724395,0,7760,0,200.40,199.92,1422335,2115583,2740223,3260415,4255743,549376,51609599,2163609.73,1889641.14,7760,10,10,10,0,0,0,0,0,0,2191359,3368959,6008831,2243708.16,200
1790724396,0,7960,0,200.39,200.01,1422335,2115583,2740223,3260415,4243455,549376,51609599,2161358.28,1869453.58,7960,10,10,10,0,0,0,0,0,0,2084863,3184639,3338239,2074001.92,200
1790724397,0,8160,0,200.38,200.10,1424383,2113535,2742271,3262463,4255743,549376,51609599,2162512.38,1850958.71,8160,10,10,10,0,0,0,0,0,0,2109439,3430399,4395007,2208445.44,200
1790724398,0,8360,0,200.37,199.97,1424383,2109439,2742271,3262463,4198399,549376,51609599,2159581.43,1832761.28,8360,10,10,10,0,0,0,0,0,0,2024447,3250175,3454975,2039998.72,200
1790724399,0,8560,0,200.37,199.96,1424383,2113535,2744319,3262463,4192255,549376,51609599,2159279.25,1815491.29,8560,10,10,10,0,0,0,0,0,0,2222079,3239935,3969023,2146648.32,200
1790724400,0,8760,0,200.36,200.07,1424383,2109439,2740223,3262463,4149247,549376,51609599,2155261.37,1798185.51,8760,10,10,10,0,0,0,0,0,0,1915903,3149823,3463167,1983296.00,200
1790724401,0,8960,0,200.35,199.88,1425407,2109439,2740223,3262463,4149247,549376,51609599,2153715.57,1782223.99,8960,10,10,10,0,0,0,0,0,0,2127871,3252223,3704831,2086009.60,200
1790724402,0,9160,0,200.34,200.10,1426431,2111487,2740223,3260415,4091903,549376,51609599,2152682.26,1766480.59,9160,10,10,10,0,0,0,0,0,0,2205695,3215359,3682303,2106389.76,200
1790724403,0,9360,0,200.33,199.88,1424383,2105343,2738175,3258367,4040703,549376,51609599,2148712.07,1751033.34,9360,10,10,10,0,0,0,0,0,0,1976319,3123199,3229695,1966877.44,200
1790724404,0,9560,0,200.33,199.99,1421311,2105343,2736127,3258367,4022271,549376,51609599,2145321.88,1736324.10,9560,10,10,10,0,0,0,0,0,0,2006015,3168255,3262463,1986661.12,200
1790724405,0,9760,0,200.32,200.14,1421311,2105343,2736127,3260415,4048895,549376,51609599,2144872.37,1722674.81,9760,10,10,10,0,0,0,0,0,0,2119679,3473407,4218879,2123385.60,200
1790724406,0,9960,0,200.31,199.99,1422335,2105343,2734079,3260415,4032511,549376,51609599,2142914.39,1708864.84,9960,10,10,10,0,0,0,0,0,0,2034687,3295231,3524607,2047365.12,200
1790724407,0,10160,0,200.31,199.89,1420287,2103295,2732031,3260415,4022271,549376,51609599,2140660.06,1695866.54,10160,10,10,10,0,0,0,0,0,0,1997823,3262463,3489791,2028394.24,200
1790724408,0,10360,0,200.30,199.98,1421311,2101247,2732031,3258367,4016127,549376,51609599,2138584.29,1682451.88,10360,10,10,10,0,0,0,0,0,0,2055167,3133439,3280895,2033135.36,200
1790724409,0,10560,0,200.29,200.01,1419263,2099199,2729983,3258367,3987455,549376,51609599,2136813.67,1669900.76,10560,10,10,10,0,0,0,0,0,0,2047999,3166207,3551231,2045095.68,200
1790724410,0,10760,0,200.29,200.04,1421311,2094079,2727935,3256319,3969023,549376,51609599,2134468.64,1657229.18,10760,10,10,10,0,0,0,0,0,0,1979391,3180543,3338239,2010650.88,200
1790724411,0,10960,0,200.28,200.03,1421311,2093055,2727935,3256319,3960831,549376,51609599,2132691.64,1645370.00,10960,10,10,10,0,0,0,0,0,0,1965055,3250175,3416063,2037089.28,200
1790724412,0,11160,0,200.28,200.08,1422335,2093055,2725887,3254271,3966975,549376,51609599,2131572.03,1633933.89,11160,10,10,10,0,0,0,0,0,0,2064383,3235839,4110335,2070216.96,200
1790724413,0,11360,0,200.27,199.88,1423359,2093055,2725887,3252223,3960831,549376,51609599,2130608.74,1622205.30,11360,10,10,10,0,0,0,0,0,0,2094079,3172351,3317759,2076857.60,200
1790724414,0,11560,0,200.27,199.96,1421311,2093055,2725887,3252223,3952639,549376,51609599,2128750.82,1611503.94,11560,10,10,10,0,0,0,0,0,0,2087935,3172351,3334143,2023220.48,200
1790724415,0,11760,0,200.26,200.03,1420287,2091007,2723839,3250175,3960831,549376,51609599,2127127.44,1601207.12,11760,10,10,10,0,0,0,0,0,0,1969151,3237887,4071423,2033296.64,200
1790724416,0,11960,0,200.26,199.98,1421311,2091007,2723839,3250175,3952639,549376,51609599,2125757.37,1590673.18,11960,10,10,10,0,0,0,0,0,0,2093055,3133439,3366911,2045196.80,200
1790724417,0,12180,0,200.58,219.98,1422335,2093055,2725887,3258367,4126719,549376,51609599,2140444.04,1623991.78,12180,10,10,10,0,0,0,0,0,0,2185215,9601023,15917055,2938864.87,220
1790724418,0,12380,0,200.58,200.17,1422335,2092031,2727935,3258367,4091903,549376,51609599,2140058.47,1614008.66,12380,10,10,10,0,0,0,0,0,0,2059263,3299327,3659775,2116577.28,200
1790724419,0,12580,0,200.57,200.01,1425407,2093055,2727935,3258367,4071423,549376,51609599,2139958.35,1603910.29,12580,10,10,10,0,0,0,0,0,0,2123775,3262463,3569663,2133761.28,200
1790724420,0,12780,0,200.56,199.87,1425407,2095103,2729983,3260415,4149247,549376,51609599,2141089.53,1596755.65,12780,10,10,10,0,0,0,0,0,0,2201599,3479551,6537215,2212240.64,200
1790724421,0,12980,0,200.55,200.14,1428479,2099199,2729983,3260415,4218879,549376,51609599,2143187.37,1590625.29,12980,10,10,10,0,0,0,0,0,0,2203647,3287039,7245823,2277239.04,200
1790724422,0,13180,0,200.54,199.94,1429503,2101247,2729983,3262463,4218879,549376,51609599,2143202.67,1581380.64,13180,10,10,10,0,0,0,0,0,0,2113535,3293183,4116479,2144195.84,200
1790724423,0,13380,0,200.53,199.88,1429503,2097151,2727935,3260415,4198399,549376,51609599,2141815.64,1572106.26,13380,10,10,10,0,0,0,0,0,0,2024447,3133439,3342335,2050410.24,200
1790724424,0,13580,0,200.53,200.18,1429503,2099199,2729983,3258367,4179967,549376,51609599,2141009.83,1563151.75,13580,10,10,10,0,0,0,0,0,0,2156543,3106815,3219455,2087101.44,200
1790724425,0,13780,0,200.52,199.82,1429503,2099199,2729983,3258367,4149247,549376,51609599,2139546.62,1554555.56,13780,10,10,10,0,0,0,0,0,0,1982463,3184639,3332095,2040194.56,200
1790724426,0,13980,0,200.51,200.14,1428479,2095103,2727935,3258367,4116479,549376,51609599,2137214.81,1546332.31,13980,10,10,10,0,0,0,0,0,0,1916927,3164159,3418111,1976552.96,200
1790724427,0,14180,0,200.50,199.86,1426431,2094079,2727935,3258367,4198399,549376,51609599,2137307.19,1540374.41,14180,10,10,10,0,0,0,0,0,0,2081791,3393535,5005311,2143764.48,200
1790724428,0,14380,0,200.50,200.14,1424383,2093055,2727935,3254271,4179967,549376,51609599,2134961.47,1532564.83,14380,10,10,10,0,0,0,0,0,0,2001919,3125247,3248127,1968650.24,200
1790724429,0,14580,0,200.49,199.88,1424383,2095103,2727935,3258367,4292607,549376,51609599,2142217.64,1556626.04,14580,10,10,10,0,0,0,0,0,0,2240511,3751935,15605759,2663936.00,200
1790724430,0,14780,0,200.48,200.12,1424383,2095103,2725887,3256319,4255743,549376,51609599,2140988.43,1548364.00,14780,10,10,10,0,0,0,0,0,0,2105343,3104767,3229695,2051379.20,200
1790724431,0,14980,0,200.48,199.98,1424383,2097151,2727935,3258367,4292607,545792,51609599,2141598.71,1541492.20,14980,10,10,10,0,0,0,0,0,0,2181119,3391487,4505599,2186698.24,200
1790724432,0,15180,0,200.47,199.90,1422335,2097151,2727935,3258367,4255743,545792,51609599,2140292.55,1534205.14,15180,10,10,10,0,0,0,0,0,0,2073599,3209215,3530751,2042461.44,200
1790724433,0,15380,0,200.46,200.11,1422335,2095103,2727935,3256319,4218879,545792,51609599,2139070.93,1526660.61,15380,10,10,10,0,0,0,0,0,0,2011135,3188735,3295231,2046350.08,200
1790724434,0,15580,0,200.46,200.05,1423359,2097151,2727935,3256319,4243455,545792,51609599,2139303.07,1519497.35,15580,10,10,10,0,0,0,0,0,0,2131967,3352575,4243455,2157154.56,200
1790724435,0,15780,0,200.45,199.88,1423359,2094079,2727935,3256319,4313087,545792,51609599,2138987.96,1514058.93,15780,10,10,10,0,0,0,0,0,0,1949695,3250175,5656575,2114440.96,200
1790724436,0,15980,0,200.45,199.94,1422335,2093055,2727935,3256319,4300799,545792,51609599,2137426.57,1508739.99,15980,10,10,10,0,0,0,0,0,0,1967103,3121151,3471359,2014232.32,200
1790724437,0,16180,0,200.44,200.01,1422335,2093055,2727935,3256319,4255743,545792,51609599,2136773.65,1502110.77,16180,10,10,10,0,0,0,0,0,0,2097151,3260415,3874815,2084605.44,200
1790724438,0,16380,0,200.44,200.05,1421311,2093055,2727935,3256319,4243455,545792,51609599,2135802.84,1495463.52,16380,10,10,10,0,0,0,0,0,0,2025471,3215359,3760127,2057264.64,200
1790724439,0,16580,0,200.43,200.06,1420287,2092031,2725887,3254271,4218879,545792,51609599,2134052.66,1489029.74,16580,10,10,10,0,0,0,0,0,0,1884159,3137535,3239935,1990712.32,200
1790724440,0,16780,0,200.43,199.98,1419263,2091007,2725887,3252223,4198399,545792,51609599,2132986.98,1482307.50,16780,10,10,10,0,0,0,0,0,0,2052095,3080191,3280895,2044642.56,200
1790724441,0,16980,0,200.42,200.06,1419263,2091007,2725887,3250175,4179967,545792,51609599,2131597.78,1475769.43,16980,10,10,10,0,0,0,0,0,0,2054143,3092479,3196927,2015043.84,200
1790724442,0,17180,0,200.41,199.87,1417215,2089983,2725887,3248127,4159487,545792,51609599,2129981.32,1469468.01,17180,10,10,10,0,0,0,0,0,0,1966079,3145727,3250175,1992743.68,200
1790724443,0,17380,0,200.41,200.09,1417215,2089983,2725887,3250175,4179967,545792,51609599,2130191.07,1464089.55,17380,10,10,10,0,0,0,0,0,0,2115583,3416063,4595711,2148208.64,200
1790724444,0,17580,0,200.41,199.89,1415167,2086911,2723839,3250175,4198399,544768,51609599,2128294.08,1459210.63,17580,10,10,10,0,0,0,0,0,0,1817599,3526655,4816895,1963445.76,200
1790724445,0,17780,0,200.40,200.13,1414143,2085887,2723839,3250175,4179967,515328,51609599,2126265.38,1453435.12,17780,10,10,10,0,0,0,0,0,0,1908735,3207167,3518463,1947943.04,200
1790724446,0,17980,0,200.40,199.94,1413119,2085887,2723839,3248127,4159487,515328,51609599,2125263.88,1447554.21,17980,10,10,10,0,0,0,0,0,0,2078719,3151871,3373055,2036230.40,200
1790724447,0,18180,0,200.39,200.07,1413119,2086911,2723839,3248127,4192255,515328,51609599,2125527.93,1442613.73,18180,10,10,10,0,0,0,0,0,0,2136063,3250175,5513215,2149265.92,200
1790724448,0,18380,0,200.39,199.84,1413119,2086911,2723839,3250175,4179967,515328,51609599,2124652.42,1437125.59,18380,10,10,10,0,0,0,0,0,0,2033663,3284991,3592191,2045068.80,200
1790724449,0,18580,0,200.38,199.99,1412095,2086911,2723839,3250175,4149247,515328,51609599,2124450.19,1431783.98,18580,10,10,10,0,0,0,0,0,0,2195455,3332095,3706879,2105864.96,200
1790724450,0,18780,0,200.38,200.15,1413119,2087935,2723839,3250175,4179967,515328,51609599,2124866.99,1426866.41,18780,10,10,10,0,0,0,0,0,0,2154495,3387391,4751359,2163587.84,200
1790724451,0,18980,0,200.38,199.88,1414143,2091007,2725887,3252223,4255743,515328,51609599,2126911.43,1422918.07,18980,10,10,10,0,0,0,0,0,0,2246655,4139007,5173247,2318883.84,200
1790724452,0,19180,0,200.37,199.99,1414143,2089983,2725887,3252223,4243455,515328,51609599,2125934.68,1417544.17,19180,10,10,10,0,0,0,0,0,0,1991679,3149823,3319807,2033241.60,200
1790724453,0,19380,0,200.37,200.13,1413119,2088959,2723839,3250175,4218879,515328,51609599,2124330.38,1412490.38,19380,10,10,10,0,0,0,0,0,0,1947647,3160063,3303423,1970478.08,200
1790724454,0,19580,0,200.36,199.85,1412095,2088959,2723839,3252223,4313087,515328,51609599,2124737.24,1408972.68,19580,10,10,10,0,0,0,0,0,0,2085887,3463167,5464063,2164161.28,200
1790724455,0,19780,0,200.36,200.16,1412095,2086911,2723839,3252223,4292607,515328,51609599,2123541.70,1403759.64,19780,10,10,10,0,0,0,0,0,0,1949695,3186687,3356671,2006498.56,200
1790724456,0,19980,0,200.36,199.88,1413119,2087935,2723839,3252223,4354047,515328,51609599,2124628.05,1400016.43,19980,10,10,10,0,0,0,0,0,0,2152447,3354623,5058559,2232067.84,200
1790724457,0,20180,0,200.35,200.13,1414143,2087935,2723839,3252223,4358143,515328,51609599,2124666.96,1395115.03,20180,10,10,10,0,0,0,0,0,0,2101247,3180543,4370431,2128554.24,200
1790724458,0,20380,0,200.35,199.97,1415167,2088959,2723839,3254271,4378623,515328,51609599,2125477.29,1391370.75,20380,10,10,10,0,0,0,0,0,0,2164735,3504127,5648383,2207239.68,200
1790724459,0,20580,0,200.35,200.04,1415167,2089983,2723839,3254271,4370431,515328,51609599,2125363.19,1386646.45,20580,10,10,10,0,0,0,0,0,0,2131967,3229695,3438591,2113736.96,200
1790724460,0,20780,0,200.34,199.85,1415167,2091007,2725887,3256319,4358143,515328,51609599,2125743.40,1382151.49,20780,10,10,10,0,0,0,0,0,0,2215935,3303423,3725311,2164866.56,200
1790724461,0,20980,0,200.34,200.08,1414143,2091007,2725887,3258367,4370431,515328,51609599,2125930.66,1378196.96,20980,10,10,10,0,0,0,0,0,0,2136063,3411967,4427775,2145387.52,200
1790724462,0,21180,0,200.34,199.98,1415167,2092031,2725887,3258367,4358143,515328,51609599,2125854.68,1373672.81,21180,10,10,10,0,0,0,0,0,0,2213887,3266559,3399679,2117884.16,200
1790724463,0,21380,0,200.33,200.06,1416191,2092031,2725887,3258367,4329471,515328,51609599,2125685.71,1369109.90,21380,10,10,10,0,0,0,0,0,0,2121727,3215359,3467263,2107791.36,200
1790724464,0,21580,0,200.33,200.01,1416191,2092031,2725887,3258367,4313087,515328,51609599,2125154.05,1364768.23,21580,10,10,10,0,0,0,0,0,0,2044927,3162111,3940351,2068320.00,200
1790724465,0,21780,0,200.33,199.85,1416191,2091007,2725887,3256319,4300799,515328,51609599,2124428.11,1360446.48,21780,10,10,10,0,0,0,0,0,0,1989631,3176447,3280895,2046099.20,200
1790724466,0,21980,0,200.32,200.05,1416191,2091007,2725887,3256319,4292607,515328,51609599,2123743.76,1356242.73,21980,10,10,10,0,0,0,0,0,0,2067455,3188735,3334143,2049217.28,200
1790724467,0,22180,0,200.32,200.13,1416191,2092031,2725887,3256319,4255743,515328,51609599,2123649.10,1352078.53,22180,10,10,10,0,0,0,0,0,0,2201599,3239935,3565567,2113246.72,200
1790724468,0,22380,0,200.32,199.94,1417215,2092031,2725887,3256319,4243455,515328,51609599,2123557.46,1347996.59,22380,10,10,10,0,0,0,0,0,0,2085887,3252223,3776511,2113393.92,200
1790724469,0,22580,0,200.32,199.89,1416191,2092031,2725887,3252223,4218879,515328,51609599,2122623.43,1344002.41,22580,10,10,10,0,0,0,0,0,0,2152447,3127295,3252223,2018105.60,200
1790724470,0,22780,0,200.31,200.07,1416191,2091007,2725887,3252223,4198399,515328,51609599,2121829.23,1339964.07,22780,10,10,10,0,0,0,0,0,0,1999871,3221503,3368959,2032163.84,200
1790724471,0,22980,0,200.31,200.08,1417215,2089983,2723839,3252223,4179967,515328,51609599,2120743.43,1335967.78,22980,10,10,10,0,0,0,0,0,0,2013183,3235839,3371007,1997071.36,200
1790724472,0,23180,0,200.31,199.96,1416191,2088959,2723839,3252223,4179967,515328,51609599,2120308.99,1332317.65,23180,10,10,10,0,0,0,0,0,0,2003967,3284991,3686399,2070392.32,200
1790724473,0,23380,0,200.31,200.04,1416191,2088959,2723839,3252223,4163583,515328,51609599,2119467.71,1328700.59,23380,10,10,10,0,0,0,0,0,0,2008063,3219455,3319807,2021962.24,200
1790724474,0,23580,0,200.30,199.84,1416191,2088959,2723839,3254271,4192255,515328,51609599,2119730.15,1325756.38,23580,10,10,10,0,0,0,0,0,0,2093055,3690495,5181439,2150410.24,200
1790724475,0,23780,0,200.30,200.04,1416191,2089983,2723839,3254271,4179967,515328,51609599,2119512.60,1322133.12,23780,10,10,10,0,0,0,0,0,0,2131967,3252223,3409919,2093863.68,200
1790724476,0,23980,0,200.30,200.12,1416191,2088959,2725887,3256319,4163583,515328,51609599,2119362.56,1318469.66,23980,10,10,10,0,0,0,0,0,0,2035711,3336191,3698687,2101521.92,200
1790724477,0,24410,0,202.20,429.94,1422335,2093055,2723839,3262463,4440063,515328,51609599,2143167.30,1433303.75,24410,10,10,10,0,0,0,0,0,0,2275327,13393919,21823487,3470696.78,430
1790724478,0,24912,0,204.66,502.18,1433599,2101247,2723839,3262463,4427775,515328,51609599,2146635.43,1421532.04,24912,10,10,10,0,0,0,0,0,0,2269183,3346431,3649535,2315275.22,502
1790724479,0,25412,0,207.07,499.90,1444863,2107391,2723839,3264511,4415487,515328,51609599,2149333.71,1410202.77,25412,10,10,10,0,0,0,0,0,0,2254847,3309567,3536895,2283772.93,500
1790724480,0,25912,0,209.44,499.71,1455103,2117631,2727935,3264511,4395007,515328,51609599,2153919.29,1399621.06,25912,10,10,10,0,0,0,0,0,0,2400255,3262463,3780607,2386976.77,500
1790724481,0,26417,0,211.81,505.27,1461247,2119679,2725887,3264511,4403199,427776,51609599,2155227.42,1389529.65,26417,10,10,10,0,0,0,0,0,0,2238463,3196927,4423679,2222348.67,505
1790724482,0,26916,0,214.09,499.03,1469439,2123775,2723839,3262463,4386815,427776,51609599,2156929.37,1378907.31,26916,10,10,10,0,0,0,0,0,0,2250751,3168255,3649535,2247030.51,499
1790724483,0,27414,0,216.33,497.99,1476607,2127871,2725887,3262463,4370431,427776,51609599,2158295.14,1369095.45,27414,10,10,10,0,0,0,0,0,0,2230271,3246079,3487743,2232112.32,498
1790724484,0,27914,0,218.55,500.09,1484799,2134015,2723839,3262463,4354047,427776,51609599,2161405.89,1358990.49,27914,10,10,10,0,0,0,0,0,0,2328575,3225599,3600383,2331961.86,500
1790724485,0,28411,0,220.72,496.98,1490943,2138111,2727935,3266559,4370431,427776,51609599,2166359.02,1355012.01,28411,10,10,10,0,0,0,0,0,0,2318335,3545087,8101887,2444551.73,497
1790724486,0,28913,0,222.89,501.99,1496063,2140159,2725887,3266559,4354047,427776,51609599,2167288.83,1345818.04,28913,10,10,10,0,0,0,0,0,0,2234367,3268607,3448831,2219912.16,502
1790724487,0,29414,0,225.01,500.94,1505279,2144255,2723839,3262463,4313087,427776,51609599,2168358.06,1336217.24,29414,10,10,10,0,0,0,0,0,0,2297855,3006463,3221503,2230064.03,501
1790724488,0,29915,0,227.11,500.94,1513471,2148351,2723839,3262463,4292607,427776,51609599,2169831.54,1326682.01,29915,10,10,10,0,0,0,0,0,0,2283519,3024895,3555327,2256340.06,501
1790724489,0,30414,0,229.16,499.13,1515519,2148351,2719743,3262463,4251647,427776,51609599,2169075.49,1318382.18,30414,10,10,10,0,0,0,0,0,0,2129919,3264511,3571711,2123750.35,499
1790724490,0,30917,0,231.20,503.00,1521663,2152447,2721791,3260415,4218879,427776,51609599,2171349.29,1309934.96,30917,10,10,10,0,0,0,0,0,0,2330623,3192831,3389439,2308834.99,503
1790724491,0,31412,0,233.16,495.00,1526783,2154495,2719743,3260415,4198399,427776,51609599,2171308.57,1301886.63,31412,10,10,10,0,0,0,0,0,0,2230271,3008511,3706879,2168765.28,495
1790724492,0,31917,0,235.17,505.00,1531903,2156543,2717695,3260415,4192255,427776,51609599,2172545.46,1294624.91,31917,10,10,10,0,0,0,0,0,0,2220031,3266559,3756031,2249482.65,505
1790724493,0,32415,0,237.09,498.00,1535999,2160639,2717695,3260415,4159487,427776,51609599,2173801.61,1287033.04,32415,10,10,10,0,0,0,0,0,0,2273279,3287039,3532799,2254308.76,498
1790724494,0,32918,0,239.02,502.93,1542143,2162687,2717695,3258367,4139007,427776,51609599,2175183.83,1279508.86,32918,10,10,10,0,0,0,0,0,0,2291711,3162111,3454975,2264258.42,503
1790724495,0,33418,0,240.90,500.07,1547263,2162687,2715647,3258367,4139007,427776,51609599,2175108.30,1272114.03,33418,10,10,10,0,0,0,0,0,0,2166783,3002367,3831807,2170136.06,500
1790724496,0,33911,0,242.70,492.94,1552383,2162687,2713599,3256319,4110335,427776,51609599,2175737.99,1264749.39,33911,10,10,10,0,0,0,0,0,0,2213887,3188735,3743743,2218421.74,493
1790724497,0,34415,0,244.56,504.03,1556479,2164735,2713599,3258367,4089855,427776,51609599,2177205.69,1257972.97,34415,10,10,10,0,0,0,0,0,0,2250751,3354623,3571711,2275957.84,504
1790724498,0,34913,0,246.35,498.03,1559551,2164735,2713599,3260415,4091903,427776,51609599,2177734.44,1251753.54,34913,10,10,10,0,0,0,0,0,0,2156543,3334143,4337663,2214274.06,498
1790724499,0,35414,0,248.13,500.90,1563647,2166783,2713599,3258367,4083711,427776,51609599,2178789.99,1244966.09,35414,10,10,10,0,0,0,0,0,0,2279423,3209215,3334143,2252348.30,501
1790724500,0,35912,0,249.87,498.01,1568767,2168831,2711551,3258367,4071423,427776,51609599,2179516.97,1238144.77,35912,10,10,10,0,0,0,0,0,0,2279423,3076095,3463167,2231213.75,498
1790724501,0,36417,0,251.64,505.09,1573887,2170879,2711551,3258367,4071423,427776,51609599,2181604.82,1232065.04,36417,10,10,10,0,0,0,0,0,0,2289663,3493887,3966975,2330078.04,505
1790724502,0,36919,0,253.35,502.01,1576959,2172927,2711551,3258367,4061183,427776,51609599,2181646.95,1225939.95,36919,10,10,10,0,0,0,0,0,0,2205695,3135487,3606527,2184703.49,502
1790724503,0,37418,0,255.03,498.84,1582079,2174975,2711551,3258367,4067327,427776,51609599,2183478.35,1219779.05,37418,10,10,10,0,0,0,0,0,0,2301951,3409919,4333567,2318976.26,499
1790724504,0,37912,0,256.64,494.11,1586175,2174975,2709503,3258367,4048895,427776,51609599,2183977.54,1213720.13,37912,10,10,10,0,0,0,0,0,0,2203647,3190783,3414015,2221788.76,494
1790724505,0,38413,0,258.29,501.05,1589247,2177023,2709503,3256319,4034559,427776,51609599,2184548.10,1207595.31,38413,10,10,10,0,0,0,0,0,0,2269183,3022847,3471359,2227723.75,501
1790724506,0,38919,0,259.94,505.98,1593343,2177023,2707455,3258367,4022271,365056,51609599,2185435.93,1201942.23,38919,10,10,10,0,0,0,0,0,0,2252799,3463167,3704831,2252835.67,506
1790724507,0,39414,0,261.50,495.01,1595391,2179071,2707455,3260415,4048895,365056,51609599,2191460.15,1240899.49,39414,10,10,10,0,0,0,0,0,0,2271231,3549183,22921215,2665109.20,495
1790724508,0,39913,0,263.07,498.76,1597439,2181119,2709503,3260415,4042751,365056,51609599,2192172.25,1235525.79,39913,10,10,10,0,0,0,0,0,0,2295807,3297279,3682303,2248418.24,499
1790724509,0,40413,0,264.62,500.26,1600511,2181119,2709503,3260415,4032511,365056,51609599,2192610.63,1229768.59,40413,10,10,10,0,0,0,0,0,0,2232319,3178495,3411967,2227604.99,500
1790724510,0,40911,0,266.14,497.99,1604607,2185215,2709503,3258367,4018175,365056,51609599,2194306.83,1224009.30,40911,10,10,10,0,0,0,0,0,0,2371583,3172351,3272703,2331954.38,498
1790724511,0,41416,0,267.68,505.01,1605631,2185215,2709503,3258367,4009983,365056,51609599,2194349.62,1218636.49,41416,10,10,10,0,0,0,0,0,0,2258943,3117055,3489791,2197816.27,505
1790724512,0,41914,0,269.16,498.00,1607679,2185215,2709503,3256319,3999743,365056,51609599,2194321.78,1213434.37,41914,10,10,10,0,0,0,0,0,0,2234367,3139583,3848191,2192006.68,498
1790724513,0,42413,0,270.63,498.85,1610751,2187263,2709503,3256319,4001791,365056,51609599,2195190.52,1208534.98,42413,10,10,10,0,0,0,0,0,0,2291711,3268607,4040703,2268161.03,499
1790724514,0,42917,0,272.11,503.95,1613823,2189311,2711551,3256319,3995647,365056,51609599,2196324.61,1203565.63,42917,10,10,10,0,0,0,0,0,0,2328575,3366911,3776511,2291761.27,504
1790724515,0,43419,0,273.55,502.20,1615871,2189311,2709503,3256319,4009983,365056,51609599,2196244.90,1198950.65,43419,10,10,10,0,0,0,0,0,0,2158591,3090431,4448255,2189430.31,502
1790724516,0,43916,0,274.95,496.92,1618943,2189311,2707455,3256319,4032511,365056,51609599,2197095.91,1194597.51,43916,10,10,10,0,0,0,0,0,0,2226175,3639295,4763647,2271442.16,497
1790724517,0,44413,0,276.34,497.04,1622015,2191359,2707455,3254271,4024319,365056,51609599,2197369.77,1189655.26,44413,10,10,10,0,0,0,0,0,0,2281471,3098623,3340287,2221568.77,497
1790724518,0,44919,0,277.75,505.86,1625087,2191359,2705407,3256319,4018175,365056,51609599,2198153.66,1184749.91,44919,10,10,10,0,0,0,0,0,0,2226175,3405823,3909631,2266957.41,506
1790724519,0,45419,0,279.12,499.88,1624063,2187263,2703359,3254271,4022271,365056,51609599,2196749.53,1180576.90,45419,10,10,10,0,0,0,0,0,0,2004991,3147775,4440063,2070605.82,500
1790724520,0,45918,0,280.46,499.29,1626111,2189311,2705407,3252223,4014079,365056,51609599,2197295.17,1175986.41,45918,10,10,10,0,0,0,0,0,0,2297855,3125247,3385343,2246959.20,499
1790724521,0,46415,0,281.78,496.87,1628159,2189311,2705407,3252223,4022271,365056,51609599,2197583.80,1172148.67,46415,10,10,10,0,0,0,0,0,0,2207743,3110911,5173247,2224250.08,497
1790724522,0,46918,0,283.11,503.14,1630207,2189311,2703359,3252223,4024319,365056,51609599,2197906.14,1167828.37,46918,10,10,10,0,0,0,0,0,0,2211839,3149823,4325375,2227650.93,503
1790724523,0,47418,0,284.41,500.01,1632255,2191359,2703359,3250175,4016127,365056,51609599,2198115.74,1163449.54,47418,10,10,10,0,0,0,0,0,0,2287615,3119103,3411967,2217783.30,500
1790724524,0,47920,0,285.71,501.69,1634303,2193407,2703359,3248127,4001791,365056,51609599,2198733.35,1159000.56,47920,10,10,10,0,0,0,0,0,0,2316287,3129343,3301375,2257071.68,502
1790724525,0,48413,0,286.94,493.18,1637375,2193407,2703359,3246079,3987455,365056,51609599,2198976.82,1154801.23,48413,10,10,10,0,0,0,0,0,0,2306047,3078143,3426303,2222642.89,493
1790724526,0,48917,0,288.22,504.07,1639423,2193407,2701311,3244031,3975167,365056,51609599,2198642.49,1150212.74,48917,10,10,10,0,0,0,0,0,0,2187263,3010559,3393535,2166526.98,504
1790724527,0,49415,0,289.45,498.05,1639423,2193407,2701311,3246079,3979263,365056,51609599,2198945.25,1146442.91,49415,10,10,10,0,0,0,0,0,0,2224127,3274751,4139007,2228684.59,498
1790724528,0,49912,0,290.66,496.92,1641471,2195455,2701311,3244031,3975167,365056,51609599,2199630.32,1142443.67,49912,10,10,10,0,0,0,0,0,0,2295807,3143679,3729407,2267744.84,497
1790724529,0,50417,0,291.90,505.09,1640447,2195455,2701311,3246079,4014079,365056,51609599,2199425.49,1139463.17,50417,10,10,10,0,0,0,0,0,0,2144255,3393535,4382719,2179180.23,505
1790724530,0,50914,0,293.08,496.95,1642495,2195455,2701311,3244031,4009983,365056,51609599,2199850.98,1135387.85,50914,10,10,10,0,0,0,0,0,0,2254847,3086335,3340287,2243014.31,497
1790724531,0,51410,0,294.24,496.06,1644543,2195455,2699263,3241983,3995647,365056,51609599,2199639.33,1131256.58,51410,10,10,10,0,0,0,0,0,0,2224127,3031039,3117055,2177913.29,496
1790724532,0,51914,0,295.43,503.99,1645567,2195455,2699263,3241983,3975167,365056,51609599,2199698.45,1127339.77,51914,10,10,10,0,0,0,0,0,0,2244607,3131391,3354623,2205729.52,504
1790724533,0,52419,0,296.62,505.00,1645567,2195455,2699263,3239935,3969023,365056,51609599,2198694.35,1123863.96,52419,10,10,10,0,0,0,0,0,0,2095103,3172351,3538943,2095472.79,505
1790724534,0,52918,0,297.76,498.97,1647615,2195455,2699263,3239935,3966975,365056,51609599,2198779.15,1120075.22,52918,10,10,10,0,0,0,0,0,0,2226175,3065855,3577855,2207687.05,499
1790724535,0,53418,0,298.89,500.05,1649663,2197503,2699263,3239935,3969023,365056,51609599,2199523.91,1116757.00,53418,10,10,10,0,0,0,0,0,0,2295807,3387391,4028415,2278345.98,500
1790724536,0,53911,0,299.97,492.95,1651711,2195455,2697215,3239935,3960831,365056,51609599,2199564.81,1112897.45,53911,10,10,10,0,0,0,0,0,0,2177023,3225599,3559423,2203996.43,493
1790724537,0,54220,0,300.02,308.91,1650687,2195455,2697215,3241983,3960831,365056,51609599,2199325.37,1111468.77,54220,10,10,10,0,0,0,0,0,0,2170879,3422207,3948543,2157551.43,309
1790724538,0,54420,0,299.47,200.06,1650687,2195455,2697215,3241983,3960831,365056,51609599,2199029.32,1110454.48,54420,10,10,10,0,0,0,0,0,0,2084863,3254271,3921919,2118768.64,200
1790724539,0,54620,0,298.92,199.97,1649663,2195455,2697215,3239935,3958783,365056,51609599,2198496.34,1109351.07,54620,10,10,10,0,0,0,0,0,0,2078719,3182591,3297279,2053474.56,200
1790724540,0,54820,0,298.39,199.98,1648639,2195455,2697215,3241983,3958783,365056,51609599,2198188.55,1108445.41,54820,10,10,10,0,0,0,0,0,0,2164735,3258367,3837951,2114131.20,200
1790724541,0,55020,0,297.85,199.99,1647615,2195455,2699263,3241983,3958783,365056,51609599,2197865.24,1107477.47,55020,10,10,10,0,0,0,0,0,0,2156543,3287039,3915775,2109245.44,200
1790724542,0,55220,0,297.33,200.03,1647615,2195455,2699263,3241983,3952639,365056,51609599,2197651.42,1106381.83,55220,10,10,10,0,0,0,0,0,0,2156543,3256319,3627007,2138830.08,200
1790724543,0,55420,0,296.81,199.97,1646591,2195455,2699263,3241983,3952639,365056,51609599,2197369.34,1105507.37,55420,10,10,10,0,0,0,0,0,0,2121727,3375103,3862527,2119485.44,200
1790724544,0,55620,0,296.29,200.03,1645567,2195455,2699263,3241983,3950591,365056,51609599,2197102.99,1104608.18,55620,10,10,10,0,0,0,0,0,0,2232319,3268607,3360767,2123297.28,200
1790724545,0,55820,0,295.78,199.93,1644543,2195455,2699263,3241983,3960831,365056,51609599,2197048.77,1103964.79,55820,10,10,10,0,0,0,0,0,0,2183167,3483647,5300223,2181971.20,200
1790724546,0,56020,0,295.27,199.95,1644543,2195455,2699263,3241983,3960831,365056,51609599,2196526.46,1102930.77,56020,10,10,10,0,0,0,0,0,0,2097151,3188735,3280895,2050749.44,200
1790724547,0,56220,0,294.77,200.08,1643519,2195455,2699263,3241983,3960831,365056,51609599,2196061.92,1101902.21,56220,10,10,10,0,0,0,0,0,0,2047999,3194879,3483647,2065944.32,200
1790724548,0,56420,0,294.28,199.87,1642495,2193407,2699263,3241983,3958783,365056,51609599,2195686.59,1100774.11,56420,10,10,10,0,0,0,0,0,0,2077695,3244031,3424255,2090181.12,200
1790724549,0,56620,0,293.79,200.01,1641471,2193407,2699263,3241983,3952639,365056,51609599,2195172.82,1099868.55,56620,10,10,10,0,0,0,0,0,0,2080767,3235839,3465215,2050237.44,200
1790724550,0,56820,0,293.31,200.08,1640447,2193407,2699263,3241983,3969023,365056,51609599,2195339.59,1099825.79,56820,10,10,10,0,0,0,0,0,0,2099199,4472831,6238207,2242553.60,200
1790724551,0,57020,0,292.83,199.98,1639423,2193407,2699263,3244031,3973119,365056,51609599,2195205.28,1099081.89,57020,10,10,10,0,0,0,0,0,0,2129919,3375103,4595711,2157045.76,200
1790724552,0,57220,0,292.35,199.96,1639423,2193407,2699263,3244031,3969023,365056,51609599,2195016.26,1097996.31,57220,10,10,10,0,0,0,0,0,0,2136063,3348479,3512319,2141127.68,200
1790724553,0,57420,0,291.88,200.02,1639423,2193407,2699263,3244031,3966975,365056,51609599,2194656.38,1097033.72,57420,10,10,10,0,0,0,0,0,0,2142207,3264511,3393535,2091694.08,200
1790724554,0,57620,0,291.42,200.03,1638399,2193407,2699263,3244031,3962879,365056,51609599,2194150.79,1096039.91,57620,10,10,10,0,0,0,0,0,0,1959935,3282943,3407871,2048995.84,200
1790724555,0,57820,0,290.96,200.08,1638399,2193407,2699263,3244031,3960831,365056,51609599,2193807.66,1095010.14,57820,10,10,10,0,0,0,0,0,0,2127871,3186687,3381247,2094954.24,200
1790724556,0,58020,0,290.50,199.98,1637375,2191359,2699263,3244031,3960831,365056,51609599,2193243.71,1094109.36,58020,10,10,10,0,0,0,0,0,0,2034687,3264511,3547135,2030205.44,200
1790724557,0,58220,0,290.05,199.91,1636351,2191359,2699263,3244031,3956735,365056,51609599,2192685.83,1093147.65,58220,10,10,10,0,0,0,0,0,0,2047999,3219455,3371007,2030844.16,200
1790724558,0,58420,0,289.61,200.01,1635327,2191359,2699263,3244031,3952639,365056,51609599,2192274.95,1092301.66,58420,10,10,10,0,0,0,0,0,0,2105343,3250175,3358719,2072668.16,200
1790724559,0,58620,0,289.16,200.00,1634303,2191359,2699263,3244031,3948543,365056,51609599,2191653.29,1091445.98,58620,10,10,10,0,0,0,0,0,0,1935359,3219455,3753983,2010064.64,200
1790724560,0,58820,0,288.73,200.10,1634303,2191359,2699263,3244031,3958783,365056,51609599,2191719.34,1090953.24,58820,10,10,10,0,0,0,0,0,0,2142207,3405823,5599231,2211078.40,200
1790724561,0,59020,0,288.29,199.86,1633279,2191359,2699263,3244031,3952639,365056,51609599,2191133.25,1089995.55,59020,10,10,10,0,0,0,0,0,0,2046975,3162111,3371007,2018764.80,200
1790724562,0,59220,0,287.86,199.99,1633279,2191359,2699263,3244031,3950591,365056,51609599,2190726.42,1089061.28,59220,10,10,10,0,0,0,0,0,0,2095103,3213311,3332095,2070670.08,200
1790724563,0,59420,0,287.44,200.15,1632255,2189311,2699263,3244031,3948543,365056,51609599,2190408.23,1088075.78,59420,10,10,10,0,0,0,0,0,0,2136063,3237887,3545087,2096194.56,200
1790724564,0,59620,0,287.02,199.87,1632255,2189311,2699263,3244031,3944447,365056,51609599,2189951.11,1087146.27,59620,10,10,10,0,0,0,0,0,0,2115583,3209215,3389439,2054138.88,200
1790724565,0,59820,0,286.60,200.14,1630207,2189311,2699263,3244031,3942399,365056,51609599,2189237.71,1086384.10,59820,10,10,10,0,0,0,0,0,0,1939455,3233791,3481599,1976574.72,200
1790724566,0,60020,0,286.19,199.92,1630207,2189311,2699263,3244031,3938303,365056,51609599,2188834.25,1085442.41,60020,10,10,10,0,0,0,0,0,0,2063359,3211263,3383295,2068158.72,200
1790724567,0,60220,0,285.78,199.95,1629183,2189311,2699263,3244031,3934207,365056,51609599,2188296.08,1084605.01,60220,10,10,10,0,0,0,0,0,0,2029567,3241983,3352575,2026790.40,200
1790724568,0,60420,0,285.37,199.98,1629183,2189311,2699263,3244031,3934207,365056,51609599,2187926.90,1083817.48,60420,10,10,10,0,0,0,0,0,0,2148351,3301375,3414015,2076767.36,200
1790724569,0,60620,0,284.97,199.97,1628159,2189311,2699263,3244031,3932159,365056,51609599,2187717.34,1082997.78,60620,10,10,10,0,0,0,0,0,0,2224127,3250175,3387391,2124410.88,200
1790724570,0,60820,0,284.57,200.06,1626111,2187263,2699263,3244031,3921919,365056,51609599,2186930.76,1082228.76,60820,10,10,10,0,0,0,0,0,0,1929215,3117055,3246079,1948518.40,200
1790724571,0,61020,0,284.18,200.04,1626111,2187263,2699263,3244031,3919871,365056,51609599,2186518.74,1081368.35,61020,10,10,10,0,0,0,0,0,0,2117631,3198975,3340287,2061221.12,200
1790724572,0,61220,0,283.79,200.02,1625087,2187263,2699263,3244031,3919871,365056,51609599,2186050.77,1080708.09,61220,10,10,10,0,0,0,0,0,0,2063359,3354623,3715071,2043275.52,200
1790724573,0,61420,0,283.40,199.90,1624063,2187263,2699263,3244031,3921919,365056,51609599,2185783.37,1080098.30,61420,10,10,10,0,0,0,0,0,0,2111487,3225599,4378623,2103929.60,200
1790724574,0,61620,0,283.02,200.03,1623039,2187263,2699263,3244031,3919871,365056,51609599,2185143.32,1079281.16,61620,10,10,10,0,0,0,0,0,0,2076671,3096575,3229695,1988584.96,200
1790724575,0,61820,0,282.64,200.04,1622015,2187263,2699263,3244031,3919871,365056,51609599,2184812.58,1078505.27,61820,10,10,10,0,0,0,0,0,0,2115583,3194879,3819519,2082912.00,200
1790724576,0,62020,0,282.27,200.11,1622015,2187263,2699263,3241983,3917823,365056,51609599,2184146.80,1077622.82,62020,10,10,10,0,0,0,0,0,0,1966079,3076095,3239935,1978353.92,200
1790724577,0,62220,0,281.89,199.84,1620991,2187263,2699263,3241983,3917823,365056,51609599,2183893.21,1076740.63,62220,10,10,10,0,0,0,0,0,0,2189311,3205119,3588095,2105254.40,200
1790724578,0,62420,0,281.52,200.04,1619967,2185215,2699263,3244031,3919871,365056,51609599,2183217.66,1076149.04,62420,10,10,10,0,0,0,0,0,0,1904639,3297279,4231167,1973053.44,200
1790724579,0,62620,0,281.16,200.02,1618943,2185215,2699263,3241983,3917823,365056,51609599,2182187.44,1075445.91,62620,10,10,10,0,0,0,0,0,0,1839103,3135487,3446783,1860658.56,200
1790724580,0,62820,0,280.80,200.06,1617919,2185215,2699263,3244031,3915775,365056,51609599,2181751.79,1074673.99,62820,10,10,10,0,0,0,0,0,0,1987583,3252223,3393535,2045349.12,200
1790724581,0,63020,0,280.44,200.05,1616895,2183167,2699263,3241983,3913727,365056,51609599,2181285.36,1073820.12,63020,10,10,10,0,0,0,0,0,0,1984511,3178495,3282943,2034780.16,200
1790724582,0,63220,0,280.08,200.00,1615871,2183167,2699263,3241983,3909631,365056,51609599,2180824.75,1073051.82,63220,10,10,10,0,0,0,0,0,0,1963007,3274751,3411967,2035685.12,200
1790724583,0,63420,0,279.73,199.88,1615871,2183167,2699263,3241983,3907583,365056,51609599,2180409.65,1072214.88,63420,10,10,10,0,0,0,0,0,0,2103295,3117055,3362815,2049196.80,200
1790724584,0,63620,0,279.38,199.97,1614847,2183167,2699263,3241983,3907583,365056,51609599,2180067.33,1071413.26,63620,10,10,10,0,0,0,0,0,0,2081791,3241983,3377151,2071517.44,200
1790724585,0,63820,0,279.03,200.07,1613823,2183167,2699263,3241983,3907583,365056,51609599,2179778.50,1070787.38,63820,10,10,10,0,0,0,0,0,0,2115583,3184639,5246975,2087902.72,200
1790724586,0,64020,0,278.69,200.06,1613823,2183167,2699263,3241983,3907583,365056,51609599,2179385.74,1070026.12,64020,10,10,10,0,0,0,0,0,0,2074623,3237887,3436543,2054054.40,200
1790724587,0,64220,0,278.34,199.89,1612799,2181119,2699263,3241983,3905535,365056,51609599,2178732.06,1069289.90,64220,10,10,10,0,0,0,0,0,0,1934335,3110911,3690495,1969489.92,200
1790724588,0,64420,0,278.01,199.99,1611775,2181119,2699263,3241983,3905535,365056,51609599,2178420.16,1068559.04,64420,10,10,10,0,0,0,0,0,0,2034687,3262463,3833855,2078268.16,200
1790724589,0,64620,0,277.67,200.08,1610751,2181119,2699263,3241983,3905535,365056,51609599,2177872.80,1067768.71,64620,10,10,10,0,0,0,0,0,0,2043903,3074047,3796991,2001569.28,200
1790724590,0,64820,0,277.34,200.03,1610751,2181119,2699263,3241983,3903487,365056,51609599,2177423.23,1066973.68,64820,10,10,10,0,0,0,0,0,0,1992703,3184639,3454975,2032166.40,200
1790724591,0,65020,0,277.01,199.96,1610751,2181119,2699263,3241983,3903487,365056,51609599,2177257.62,1066475.78,65020,10,10,10,0,0,0,0,0,0,2183167,3393535,3923967,2123584.00,200
1790724592,0,65220,0,276.68,200.05,1608703,2181119,2699263,3241983,3901439,365056,51609599,2176543.97,1065801.63,65220,10,10,10,0,0,0,0,0,0,1858559,3237887,3428351,1944536.32,200
1790724593,0,65420,0,276.36,200.01,1608703,2179071,2699263,3241983,3903487,365056,51609599,2176219.20,1065025.08,65420,10,10,10,0,0,0,0,0,0,2051071,3330047,3973119,2070310.40,200
1790724594,0,65620,0,276.04,199.86,1607679,2179071,2699263,3241983,3897343,365056,51609599,2175789.50,1064237.27,65620,10,10,10,0,0,0,0,0,0,2013183,3170303,3348479,2035234.56,200
1790724595,0,65820,0,275.72,200.07,1607679,2179071,2699263,3241983,3907583,365056,51609599,2175853.10,1064779.22,65820,10,10,10,0,0,0,0,0,0,2094079,3547135,7372799,2196720.64,200
1790724596,0,66020,0,275.40,199.96,1606655,2179071,2699263,3241983,3909631,365056,51609599,2175544.11,1064165.80,66020,10,10,10,0,0,0,0,0,0,2035711,3272703,3952639,2073854.72,200
1790724597,0,66810,0,277.54,790.12,1609727,2183167,2705407,3262463,4427775,365056,51609599,2272038.92,1991943.21,66810,10,10,10,0,0,0,0,0,0,2697215,38305791,43417599,10336073.88,790
1790724598,0,67810,0,280.53,1000.38,1612799,2183167,2705407,3266559,4497407,365056,51609599,2275017.13,1984870.08,67810,10,10,10,0,0,0,0,0,0,2201599,4308991,9256959,2473991.17,1000
1790724599,0,68810,0,283.49,999.69,1622015,2195455,2721791,3315711,5341183,365056,51609599,2301654.78,1999731.65,68810,10,10,10,0,0,0,0,0,0,3581951,8056831,12460031,4107953.92,1000
1790724600,0,69806,0,286.42,996.47,1630207,2205695,2736127,3373055,6852607,365056,51609599,2339997.30,2047198.93,69806,10,10,10,0,0,0,0,0,0,3713023,11829247,14974975,4988942.14,996
1790724601,0,70810,0,289.35,1003.40,1639423,2215935,2752511,3444735,7245823,365056,51609599,2362402.51,2053029.72,70810,10,10,10,0,0,0,0,0,0,3565567,7528447,10543103,3920189.45,1004
1790724602,0,71810,0,292.24,999.67,1646591,2226175,2766847,3543039,10125311,365056,51609599,2458477.05,2522688.01,71810,10,10,10,0,0,0,0,0,0,3817471,33587199,37552127,9261515.14,1000
1790724603,0,72810,0,295.11,1000.13,1653759,2234367,2775039,3583999,10002431,365056,51609599,2465059.54,2509417.09,72810,10,10,10,0,0,0,0,0,0,2746367,5214207,7163903,2937748.10,1000
1790724604,0,73810,0,297.96,1000.77,1659903,2242559,2787327,3670015,10149887,365056,51609599,2481279.00,2508066.29,73810,10,10,10,0,0,0,0,0,0,2998271,8003583,12025855,3662217.98,1000
1790724605,0,74810,0,300.78,999.83,1666047,2248703,2793471,3698687,10084351,365056,51609599,2486593.08,2495952.62,74810,10,10,10,0,0,0,0,0,0,2676735,4911103,8421375,2878824.96,1000
1790724606,0,75810,0,303.58,999.63,1672191,2252799,2799615,3753983,10141695,365056,51609599,2496789.18,2491346.83,75810,10,10,10,0,0,0,0,0,0,2672639,7593983,11026431,3259559.42,1000
1790724607,0,76810,0,306.36,999.86,1676287,2258943,2803711,3782655,10059775,365056,51609599,2500115.75,2478770.92,76810,10,10,10,0,0,0,0,0,0,2658303,4333567,6324223,2752303.36,1000
1790724608,0,77810,0,309.11,1000.62,1682431,2265087,2809855,3831807,10010623,365056,51609599,2507580.45,2470024.08,77810,10,10,10,0,0,0,0,0,0,2713599,6451199,9109503,3080944.26,1000
1790724609,0,78810,0,311.84,999.48,1686527,2269183,2813951,3856383,9936895,365056,51609599,2509930.62,2457479.40,78810,10,10,10,0,0,0,0,0,0,2519039,4755455,6287359,2692797.44,1000
1790724610,0,79810,0,314.56,999.98,1692671,2275327,2822143,3901439,9863167,365056,51609599,2517311.64,2449295.56,79810,10,10,10,0,0,0,0,0,0,2762751,6602751,9076735,3099009.66,1000
1790724611,0,80810,0,317.25,1000.19,1697791,2279423,2824191,3926015,9969663,365056,51609599,2523057.94,2442526.17,80810,10,10,10,0,0,0,0,0,0,2564095,6918143,10551295,2981669.89,1000
1790724612,0,81810,0,319.92,1000.25,1702911,2285567,2834431,4026367,10231807,365056,51609599,2538584.21,2451858.01,81810,10,10,10,0,0,0,0,0,0,2926591,9764863,16285695,3793262.34,1000
1790724613,0,82810,0,322.57,999.36,1708031,2287615,2836479,4022271,10182655,365056,51609599,2539426.50,2438934.37,82810,10,10,10,0,0,0,0,0,0,2525183,3868671,6012927,2608334.34,1000
1790724614,0,83810,0,325.19,999.82,1713151,2291711,2838527,4030463,10149887,365056,51609599,2541812.67,2428396.13,83810,10,10,10,0,0,0,0,0,0,2527231,4567039,8822783,2739410.82,1000
1790724615,0,84810,0,327.80,1000.58,1718271,2295807,2842623,4034559,10067967,365056,51609599,2543794.72,2416329.35,84810,10,10,10,0,0,0,0,0,0,2600959,4206591,6143999,2709910.53,1000
1790724616,0,85810,0,330.39,999.52,1723391,2301951,2848767,4069375,10158079,365056,51609599,2550946.07,2412239.13,85810,10,10,10,0,0,0,0,0,0,2748415,6696959,12697599,3157452.29,1000
1790724617,0,86810,0,332.96,1000.21,1728511,2303999,2852863,4089855,10117119,365056,51609599,2554547.44,2402582.75,86810,10,10,10,0,0,0,0,0,0,2615295,5074943,9158655,2863580.93,1000
1790724618,0,87810,0,335.51,999.98,1733631,2310143,2861055,4139007,10256383,365056,51609599,2566201.24,2405563.23,87810,10,10,10,0,0,0,0,0,0,3002367,9322495,13754367,3577867.26,1000
1790724619,0,88808,0,338.03,997.99,1738751,2318335,2871295,4210687,10264575,365056,51609599,2576590.60,2401363.18,88808,10,10,10,0,0,0,0,0,0,3061759,6930431,10452991,3490708.52,998
1790724620,0,89803,0,340.52,994.87,1742847,2322431,2877439,4292607,10362879,365056,51609599,2586281.25,2401097.36,89803,10,10,10,0,0,0,0,0,0,2783231,7708671,13033471,3451213.70,995
1790724621,0,90810,0,343.04,1007.65,1746943,2326527,2881535,4354047,10633215,365056,51609599,2599047.23,2415950.59,90810,10,10,10,0,0,0,0,0,0,2695167,10887167,18481151,3737501.36,1007
1790724622,0,91810,0,345.51,999.74,1751039,2332671,2889727,4460543,11280383,300288,51609599,2620294.12,2442797.55,91810,10,10,10,0,0,0,0,0,0,2992127,13467647,17367039,4549724.16,1000
1790724623,0,92810,0,347.97,999.98,1753087,2332671,2891775,4501503,11223039,300288,51609599,2623877.14,2437805.44,92810,10,10,10,0,0,0,0,0,0,2332671,7299071,10108927,2952834.18,1000
1790724624,0,93810,0,350.40,999.81,1751039,2328575,2887679,4481023,11124735,300288,51609599,2618326.43,2426351.70,93810,10,10,10,0,0,0,0,0,0,2050047,3213311,3907583,2103164.80,1000
1790724625,0,94810,0,352.82,999.82,1747967,2324479,2885631,4468735,11034623,300288,51609599,2612956.21,2415676.05,94810,10,10,10,0,0,0,0,0,0,1984511,3436543,5484543,2109175.68,1000
1790724626,0,95810,0,355.22,1000.09,1743871,2318335,2881535,4448255,10977279,300288,51609599,2606158.56,2404909.66,95810,10,10,10,0,0,0,0,0,0,1899519,3117055,3805183,1961673.60,1000
1790724627,0,96810,0,357.60,1000.69,1742847,2318335,2883583,4497407,11468799,300288,51609599,2618198.17,2438867.36,96810,10,10,10,0,0,0,0,0,0,2344959,12722175,22872063,3771713.28,1000
1790724628,0,97810,0,359.96,999.75,1746943,2322431,2885631,4534271,11485183,300288,51609599,2622768.99,2434988.49,97810,10,10,10,0,0,0,0,0,0,2572287,7544831,12451839,3065270.02,1000
1790724629,0,98810,0,362.31,999.59,1751039,2328575,2893823,4636671,11452415,300288,51609599,2633738.78,2433681.61,98810,10,10,10,0,0,0,0,0,0,3004415,7942143,9830399,3706694.40,1000
1790724630,0,99810,0,364.64,999.93,1754111,2330623,2895871,4661247,11403263,300288,51609599,2635981.98,2425192.90,99810,10,10,10,0,0,0,0,0,0,2578431,5713919,7815167,2857632.00,1000
1790724631,0,100810,0,366.95,999.90,1758207,2334719,2902015,4759551,12107775,300288,51609599,2657653.11,2467084.90,100810,10,10,10,0,0,0,0,0,0,2811903,16138239,20152319,4820649.22,1000
1790724632,0,101810,0,369.25,1000.24,1760255,2336767,2902015,4739071,12050431,300288,51609599,2655915.81,2456439.47,101810,10,10,10,0,0,0,0,0,0,2398207,3817471,5611519,2480778.62,1000
1790724633,0,102810,0,371.53,1000.30,1763327,2340863,2908159,4894719,12353535,300288,51609599,2675870.13,2480223.96,102810,10,10,10,0,0,0,0,0,0,3082239,12640255,17285119,4707418.62,1000
1790724634,0,103810,0,373.79,999.33,1765375,2340863,2908159,4890623,12304383,300288,51609599,2674467.40,2470472.86,103810,10,10,10,0,0,0,0,0,0,2394111,4304895,6242303,2530253.18,1000
1790724635,0,104810,0,376.04,1000.03,1768447,2342911,2910207,4911103,12320767,300288,51609599,2678767.06,2468940.20,104810,10,10,10,0,0,0,0,0,0,2578431,8470527,12943359,3125114.88,1000
1790724636,0,105810,0,378.27,1000.96,1769471,2342911,2912255,4894719,12279807,300288,51609599,2677320.80,2458919.80,105810,10,10,10,0,0,0,0,0,0,2455551,4014079,5586943,2525737.86,1000
1790724637,0,106810,0,380.48,999.69,1771519,2342911,2912255,4890623,12222463,300288,51609599,2676331.65,2450701.02,106810,10,10,10,0,0,0,0,0,0,2353151,4243455,8282111,2571670.27,1000
1790724638,0,107810,0,382.68,1000.23,1773567,2344959,2912255,4878335,12173311,300288,51609599,2675043.78,2441143.17,107810,10,10,10,0,0,0,0,0,0,2424831,3971071,6475775,2537486.08,1000
1790724639,0,108810,0,384.87,1000.02,1775615,2344959,2912255,4878335,12115967,300288,51609599,2674956.10,2432616.34,108810,10,10,10,0,0,0,0,0,0,2428927,4894719,7397375,2665502.72,1000
1790724640,0,109810,0,387.03,1000.05,1777663,2347007,2910207,4870143,12058623,300288,51609599,2672701.22,2422844.82,109810,10,10,10,0,0,0,0,0,0,2351103,3809279,5545983,2427348.48,1000
1790724641,0,110810,0,389.19,999.57,1779711,2347007,2912255,4886527,12025855,300288,51609599,2674155.38,2416157.89,110810,10,10,10,0,0,0,0,0,0,2500607,6217727,9019391,2833836.80,1000
1790724642,0,111810,0,391.32,999.67,1780735,2349055,2914303,4902911,11976703,300288,51609599,2674626.59,2408423.91,111810,10,10,10,0,0,0,0,0,0,2408447,5476351,6893567,2726841.22,1000
1790724643,0,112810,0,393.45,1000.70,1783807,2349055,2914303,4894719,11927551,300288,51609599,2673840.69,2399619.89,112810,10,10,10,0,0,0,0,0,0,2445311,4018175,7159807,2585969.54,1000
1790724644,0,113810,0,395.56,1000.06,1783807,2347007,2912255,4874239,11862015,300288,51609599,2670214.90,2390197.73,113810,10,10,10,0,0,0,0,0,0,2201599,3422207,4157439,2261189.12,1000
1790724645,0,114810,0,397.65,999.98,1785855,2349055,2912255,4857855,11829247,300288,51609599,2668486.47,2380940.47,114810,10,10,10,0,0,0,0,0,0,2428927,3530751,5808127,2471773.44,1000
1790724646,0,115810,0,399.73,999.99,1787903,2349055,2912255,4861951,11780095,300288,51609599,2668915.39,2373815.75,115810,10,10,10,0,0,0,0,0,0,2527231,5111807,9084927,2718160.51,1000
1790724647,0,116810,0,401.79,999.74,1788927,2349055,2912255,4845567,11755519,300288,51609599,2666749.57,2365116.76,116810,10,10,10,0,0,0,0,0,0,2306047,3753983,5738495,2415925.63,1000
1790724648,0,117810,0,403.84,999.61,1791999,2349055,2912255,4833279,11706367,300288,51609599,2665896.38,2356644.12,117810,10,10,10,0,0,0,0,0,0,2394111,4028415,6197247,2566235.14,1000
1790724649,0,118810,0,405.88,999.99,1793023,2351103,2912255,4820991,11640831,300288,51609599,2664616.29,2348265.53,118810,10,10,10,0,0,0,0,0,0,2377727,4370431,5640191,2513808.26,1000
1790724650,0,119810,0,407.90,999.95,1794047,2349055,2912255,4820991,11583487,300288,51609599,2663540.79,2340984.23,119810,10,10,10,0,0,0,0,0,0,2310143,4694015,7987199,2535761.28,1000
1790724651,0,120810,0,409.91,1000.67,1795071,2349055,2910207,4800511,11526143,300288,51609599,2661394.17,2332452.30,120810,10,10,10,0,0,0,0,0,0,2332671,3467263,5316607,2404208.13,1000
1790724652,0,121810,0,411.91,999.27,1795071,2349055,2910207,4800511,11558911,300288,51609599,2661564.00,2329118.60,121810,10,10,10,0,0,0,0,0,0,2340863,4620287,13574143,2682080.26,1000
1790724653,0,122810,0,413.89,1000.22,1797119,2351103,2910207,4796415,11485183,300288,51609599,2661746.59,2321491.65,122810,10,10,10,0,0,0,0,0,0,2541567,4521983,6569983,2683987.84,1000
1790724654,0,123810,0,415.86,1000.20,1799167,2351103,2910207,4792319,11452415,300288,51609599,2660440.14,2314493.59,123810,10,10,10,0,0,0,0,0,0,2314239,4122623,7573503,2499995.26,1000
1790724655,0,124810,0,417.81,999.87,1800191,2351103,2910207,4788223,11427839,300288,51609599,2659290.99,2307606.94,124810,10,10,10,0,0,0,0,0,0,2377727,3831807,7278591,2517014.91,1000
1790724656,0,125810,0,419.76,999.96,1801215,2353151,2908159,4788223,11386879,300288,51609599,2658597.77,2300285.10,125810,10,10,10,0,0,0,0,0,0,2408447,4382719,6524927,2572076.93,1000
1790724657,0,126260,0,419.86,450.14,1800191,2351103,2908159,4780031,11354111,300288,51609599,2657103.36,2297458.25,126260,10,10,10,0,0,0,0,0,0,2053119,3805183,7909375,2239299.13,450
1790724658,0,126460,0,419.13,199.96,1800191,2351103,2908159,4775935,11337727,300288,51609599,2655839.69,2296023.98,126460,10,10,10,0,0,0,0,0,0,1847295,2957311,3170303,1858083.84,200
1790724659,0,126660,0,418.40,199.94,1799167,2349055,2908159,4771839,11329535,300288,51609599,2654917.54,2294507.58,126660,10,10,10,0,0,0,0,0,0,2107391,3164159,3344383,2071841.28,200
1790724660,0,126860,0,417.68,199.99,1799167,2349055,2906111,4767743,11321343,300288,51609599,2653960.06,2293027.39,126860,10,10,10,0,0,0,0,0,0,2158591,3254271,3518463,2047590.40,200
1790724661,0,127060,0,416.97,200.04,1798143,2349055,2906111,4763647,11313151,300288,51609599,2653239.14,2291528.75,127060,10,10,10,0,0,0,0,0,0,2199551,3313663,4139007,2195957.76,200
1790724662,0,127260,0,416.26,199.95,1797119,2349055,2906111,4759551,11313151,300288,51609599,2652305.89,2290329.61,127260,10,10,10,0,0,0,0,0,0,1986559,3170303,3395583,2059412.48,200
1790724663,0,127460,0,415.56,200.07,1797119,2349055,2906111,4759551,11304959,300288,51609599,2651623.63,2288964.07,127460,10,10,10,0,0,0,0,0,0,2160639,3426303,5627903,2217502.72,200
1790724664,0,127660,0,414.85,199.96,1797119,2349055,2906111,4759551,11280383,300288,51609599,2650864.54,2287605.73,127660,10,10,10,0,0,0,0,0,0,1992703,3389439,6303743,2167097.60,200
1790724665,0,127860,0,414.16,199.98,1796095,2347007,2906111,4755455,11280383,300288,51609599,2649837.08,2286136.11,127860,10,10,10,0,0,0,0,0,0,2035711,3055615,3291135,1994005.76,200
1790724666,0,128060,0,413.47,200.10,1795071,2347007,2904063,4751359,11280383,300288,51609599,2648891.36,2284669.63,128060,10,10,10,0,0,0,0,0,0,2064383,3166207,3266559,2044296.96,200
1790724667,0,128260,0,412.78,199.94,1795071,2347007,2904063,4747263,11263999,300288,51609599,2648017.51,2283183.08,128260,10,10,10,0,0,0,0,0,0,2079743,3180543,3313663,2088492.80,200
1790724668,0,128460,0,412.10,200.09,1794047,2347007,2904063,4739071,11231231,300288,51609599,2647108.65,2281716.86,128460,10,10,10,0,0,0,0,0,0,2069503,3205119,3336191,2064254.72,200
1790724669,0,128660,0,411.42,199.93,1794047,2347007,2904063,4734975,11223039,300288,51609599,2646210.37,2280263.78,128660,10,10,10,0,0,0,0,0,0,2027519,3188735,3704831,2069246.72,200
1790724670,0,128860,0,410.75,199.94,1793023,2344959,2904063,4730879,11214847,300288,51609599,2645239.20,2278822.08,128860,10,10,10,0,0,0,0,0,0,2024447,3172351,3338239,2020480.00,200
1790724671,0,129060,0,410.08,200.08,1793023,2344959,2904063,4726783,11206655,300288,51609599,2644222.51,2277385.05,129060,10,10,10,0,0,0,0,0,0,2002943,3053567,3293183,1989169.92,200
1790724672,0,129260,0,409.41,200.07,1791999,2344959,2902015,4722687,11206655,300288,51609599,2643137.75,2276102.23,129260,10,10,10,0,0,0,0,0,0,1887231,3033087,3575807,1943144.96,200
1790724673,0,129460,0,408.75,199.88,1790975,2344959,2902015,4718591,11190271,300288,51609599,2642201.81,2274676.76,129460,10,10,10,0,0,0,0,0,0,2088959,3098623,3772415,2037301.76,200
1790724674,0,129660,0,408.09,200.14,1790975,2344959,2902015,4714495,11182079,300288,51609599,2641129.94,2273286.06,129660,10,10,10,0,0,0,0,0,0,1955839,3190783,3323903,1947308.80,200
1790724675,0,129860,0,407.44,199.91,1789951,2342911,2902015,4710399,11173887,300288,51609599,2640010.87,2271903.29,129860,10,10,10,0,0,0,0,0,0,1866751,3131391,3262463,1914517.76,200
1790724676,0,130060,0,406.79,200.08,1788927,2342911,2902015,4706303,11157503,300288,51609599,2639193.47,2270560.44,130060,10,10,10,0,0,0,0,0,0,2065407,3284991,5451775,2108458.24,200
1790724677,0,130260,0,406.15,199.93,1787903,2342911,2902015,4706303,11141119,300288,51609599,2638314.74,2269146.30,130260,10,10,10,0,0,0,0,0,0,1974271,3272703,3475455,2066877.44,200
1790724678,0,130460,0,405.51,200.02,1787903,2342911,2899967,4698111,11108351,300288,51609599,2637521.23,2267767.36,130460,10,10,10,0,0,0,0,0,0,2077695,3301375,4665343,2120705.28,200
1790724679,0,130660,0,404.87,199.96,1786879,2340863,2899967,4698111,11108351,300288,51609599,2636417.29,2266383.72,130660,10,10,10,0,0,0,0,0,0,1854463,3069951,3493887,1916318.72,200
1790724680,0,130860,0,404.24,199.95,1786879,2340863,2899967,4694015,11075583,300288,51609599,2635785.30,2265089.77,130860,10,10,10,0,0,0,0,0,0,2189311,3268607,6422527,2222908.16,200
1790724681,0,131060,0,403.61,199.95,1785855,2340863,2899967,4694015,11059199,300288,51609599,2634995.91,2263668.37,131060,10,10,10,0,0,0,0,0,0,2207743,3201023,3346431,2118492.16,200
1790724682,0,131260,0,402.98,200.00,1785855,2340863,2899967,4689919,11042815,300288,51609599,2634044.70,2262260.26,131260,10,10,10,0,0,0,0,0,0,1992703,3184639,3344383,2010720.00,200
1790724683,0,131460,0,402.36,200.14,1784831,2340863,2899967,4685823,11034623,300288,51609599,2633038.79,2260856.70,131460,10,10,10,0,0,0,0,0,0,1914879,3149823,3309567,1972857.60,200
1790724684,0,131660,0,401.74,199.95,1784831,2340863,2897919,4681727,11034623,300288,51609599,2632060.83,2259477.07,131660,10,10,10,0,0,0,0,0,0,2056191,3155967,3280895,1989248.00,200
1790724685,0,131860,0,401.13,199.94,1782783,2338815,2897919,4677631,11026431,300288,51609599,2630606.33,2258237.53,131860,10,10,10,0,0,0,0,0,0,1681407,2994175,3317759,1673107.84,200
1790724686,0,132060,0,400.52,200.14,1781759,2338815,2897919,4669439,11018239,300288,51609599,2629491.74,2256920.87,132060,10,10,10,0,0,0,0,0,0,1863679,3059711,3977215,1894642.56,200
1790724687,0,132260,0,399.91,199.90,1780735,2338815,2897919,4669439,11010047,300288,51609599,2628465.81,2255625.55,132260,10,10,10,0,0,0,0,0,0,1882111,3315711,4759551,1951046.40,200
1790724688,0,132460,0,399.31,200.00,1779711,2336767,2895871,4665343,11001855,300288,51609599,2627041.47,2254441.10,132460,10,10,10,0,0,0,0,0,0,1558527,3168255,3696639,1685127.68,200
1790724689,0,132660,0,398.71,199.94,1778687,2336767,2895871,4661247,10993663,300288,51609599,2626037.09,2253101.86,132660,10,10,10,0,0,0,0,0,0,1952767,3115007,3993599,1960837.76,200
1790724690,0,132860,0,398.12,200.09,1777663,2336767,2895871,4657151,10985471,300288,51609599,2625082.30,2251715.86,132860,10,10,10,0,0,0,0,0,0,2008063,3063807,3201023,1991767.04,200
1790724691,0,133060,0,397.52,200.08,1777663,2336767,2895871,4653055,10977279,300288,51609599,2624276.79,2250406.47,133060,10,10,10,0,0,0,0,0,0,2056191,3244031,5197823,2089179.52,200
1790724692,0,133260,0,396.94,200.02,1776639,2334719,2893823,4653055,10969087,300288,51609599,2623271.46,2249043.54,133260,10,10,10,0,0,0,0,0,0,1838079,3151871,3373055,1954424.32,200
1790724693,0,133460,0,396.35,199.95,1775615,2334719,2893823,4644863,10969087,300288,51609599,2621915.22,2247809.79,133460,10,10,10,0,0,0,0,0,0,1718271,2932735,3139583,1718253.44,200
1790724694,0,133660,0,395.77,200.05,1774591,2334719,2893823,4640767,10960895,300288,51609599,2620657.17,2246531.01,133660,10,10,10,0,0,0,0,0,0,1731583,2983935,3180543,1781157.12,200
1790724695,0,133860,0,395.19,199.94,1773567,2334719,2893823,4636671,10960895,300288,51609599,2619981.69,2245204.30,133860,10,10,10,0,0,0,0,0,0,2197503,3540991,4898815,2168559.36,200
1790724696,0,134060,0,394.62,199.91,1772543,2332671,2893823,4636671,10952703,300288,51609599,2618966.19,2243907.79,134060,10,10,10,0,0,0,0,0,0,1844223,3223551,4239359,1939292.16,200
1790724697,0,134260,0,394.05,200.13,1772543,2332671,2891775,4632575,10944511,300288,51609599,2617726.37,2242643.35,134260,10,10,10,0,0,0,0,0,0,1744895,3080191,3235839,1786674.56,200
1790724698,0,134460,0,393.48,199.92,1771519,2332671,2891775,4628479,10944511,300288,51609599,2616644.71,2241436.59,134460,10,10,10,0,0,0,0,0,0,1850367,3225599,5304319,1890526.08,200
1790724699,0,134660,0,392.91,200.09,1770495,2330623,2891775,4628479,10928127,300288,51609599,2615869.52,2240256.11,134660,10,10,10,0,0,0,0,0,0,1940479,3825663,5910527,2094709.12,200
1790724700,0,134860,0,392.35,199.92,1769471,2330623,2891775,4624383,10903551,300288,51609599,2615055.89,2238886.92,134860,10,10,10,0,0,0,0,0,0,2140159,3198975,3426303,2067242.24,200
1790724701,0,135060,0,391.79,200.10,1769471,2330623,2891775,4620287,10903551,300288,51609599,2614456.42,2237520.78,135060,10,10,10,0,0,0,0,0,0,2234367,3418111,4012031,2210232.32,200
1790724702,0,135260,0,391.24,199.93,1768447,2330623,2891775,4616191,10887167,300288,51609599,2613639.93,2236169.42,135260,10,10,10,0,0,0,0,0,0,1989631,3287039,3452927,2062263.04,200
1790724703,0,135460,0,390.69,199.91,1768447,2330623,2891775,4612095,10887167,300288,51609599,2612978.50,2234862.41,135460,10,10,10,0,0,0,0,0,0,2193407,3782655,4308991,2165656.32,200
1790724704,0,135660,0,390.14,199.99,1767423,2330623,2891775,4603903,10887167,300288,51609599,2611998.73,2233553.17,135660,10,10,10,0,0,0,0,0,0,1875967,3198975,3420159,1948395.52,200
1790724705,0,135860,0,389.59,200.01,1767423,2330623,2891775,4603903,10862591,300288,51609599,2611234.46,2232200.61,135860,10,10,10,0,0,0,0,0,0,2127871,3235839,3411967,2092832.00,200
1790724706,0,136060,0,389.05,200.09,1766399,2328575,2889727,4599807,10862591,300288,51609599,2610330.90,2230864.93,136060,10,10,10,0,0,0,0,0,0,1993727,3162111,3332095,1996544.00,200
1790724707,0,136260,0,388.51,199.95,1766399,2328575,2889727,4599807,10846207,300288,51609599,2609556.82,2229544.95,136260,10,10,10,0,0,0,0,0,0,1998847,3291135,4296703,2082946.56,200
1790724708,0,136460,0,387.98,200.11,1765375,2328575,2889727,4591615,10838015,300288,51609599,2608778.48,2228229.49,136460,10,10,10,0,0,0,0,0,0,2111487,3287039,3760127,2078499.84,200
1790724709,0,136660,0,387.44,199.91,1765375,2328575,2889727,4591615,10829823,300288,51609599,2607885.42,2226894.03,136660,10,10,10,0,0,0,0,0,0,2058239,3069951,3293183,1998547.20,200
1790724710,0,136860,0,386.91,200.07,1764351,2328575,2889727,4587519,10821631,300288,51609599,2607079.41,2225561.26,136860,10,10,10,0,0,0,0,0,0,2020351,3284991,3708927,2056332.80,200
1790724711,0,137060,0,386.39,199.89,1764351,2328575,2889727,4579327,10813439,300288,51609599,2606290.35,2224200.14,137060,10,10,10,0,0,0,0,0,0,2115583,3147775,3323903,2066341.12,200
1790724712,0,137260,0,385.86,200.07,1763327,2328575,2889727,4579327,10805247,300288,51609599,2605641.97,2222871.46,137260,10,10,10,0,0,0,0,0,0,2226175,3309567,4071423,2161301.76,200
1790724713,0,137460,0,385.34,199.90,1762303,2326527,2887679,4575231,10788863,300288,51609599,2604721.08,2221562.98,137460,10,10,10,0,0,0,0,0,0,2038783,3182591,3336191,1972715.52,200
1790724714,0,137660,0,384.82,200.18,1762303,2326527,2887679,4571135,10780671,300288,51609599,2603876.19,2220277.22,137660,10,10,10,0,0,0,0,0,0,2028543,3205119,3786751,2023184.64,200
1790724715,0,137860,0,384.31,199.87,1762303,2326527,2887679,4567039,10764287,300288,51609599,2603226.99,2218923.60,137860,10,10,10,0,0,0,0,0,0,2148351,3233791,3448831,2156380.16,200
1790724716,0,138060,0,383.80,200.09,1761279,2326527,2887679,4562943,10756095,300288,51609599,2602560.19,2217590.97,138060,10,10,10,0,0,0,0,0,0,2226175,3268607,3426303,2142937.60,200
1790724717,0,138822,0,384.85,762.08,1765375,2332671,2897919,4845567,15269887,300288,378273791,3597824.26,15855855.16,138822,10,10,10,0,0,0,0,0,0,192806911,364904447,375652351,183920866.10,762
1790724718,0,139819,0,386.54,996.76,1769471,2338815,2910207,5337087,182452223,300288,878182399,8027507.52,55931789.02,139819,10,10,10,0,0,0,0,0,0,624427007,855113727,875036671,624815359.74,997
1790724719,0,140821,0,388.23,1001.79,1774591,2347007,2924543,5898239,671088639,300288,1377828863,15944961.92,109537892.93,140821,10,10,10,0,0,0,0,0,0,1113587711,1347420159,1373634559,1120745917.57,1002
1790724720,0,141804,0,389.87,983.52,1779711,2355199,2938879,6676479,1139802111,300288,1883242495,27098077.40,172904144.64,141804,10,10,10,0,0,0,0,0,0,1624244223,1863319551,1875902463,1624852782.10,983
1790724721,0,142792,0,391.51,987.90,1784831,2363391,2953215,7827455,1654652927,300288,2399141887,41844003.24,247059482.76,142792,10,10,10,0,0,0,0,0,0,2164260863,2369781759,2390753279,2158272412.50,988
1790724722,0,143815,0,393.24,1022.17,1788927,2371583,2967551,10297343,2204106751,300288,2887778303,60359877.47,329541723.62,143815,10,10,10,0,0,0,0,0,0,2648702975,2850029567,2873098239,2644835647.31,1023
1790724723,0,144847,0,394.98,1032.18,1794047,2377727,2983935,17661951,2694840319,300288,3363831807,82187898.01,417555134.73,144847,10,10,10,0,0,0,0,0,0,3124756479,3336568831,3361734655,3124045236.59,1032
1790724724,0,145891,0,396.74,1044.60,1799167,2385919,3000319,260046847,3168796671,300288,3848273919,107401351.22,511317941.79,145891,10,10,10,0,0,0,0,0,0,3600809983,3825205247,3837788159,3605574777.62,1044
1790724725,0,146930,0,398.48,1038.54,1804287,2394111,3016703,752353279,3651141631,300288,4328521727,135556480.20,609133597.67,146930,10,10,10,0,0,0,0,0,0,4091543551,4303355903,4324327423,4088953902.32,1039
1790724726,0,147920,0,400.08,990.18,1809407,2400255,3031039,1222639615,4102029311,300288,4831838207,165380981.86,707602083.03,147920,10,10,10,0,0,0,0,0,0,4596957183,4794089471,4823449599,4591758789.04,990
1790724727,0,148964,0,401.82,1043.78,1814527,2408447,3047423,1736441855,4617928703,300288,5309988863,199717127.83,815087594.70,148964,10,10,10,0,0,0,0,0,0,5066719231,5284823039,5305794559,5064662255.33,1044
1790724728,0,149981,0,403.48,1016.80,1818623,2416639,3063807,2256535551,5083496447,300288,5804916735,235959771.11,923251328.37,149981,10,10,10,0,0,0,0,0,0,5536481279,5775556607,5796528127,5544562635.64,1017
1790724729,0,151003,0,405.14,1022.27,1823743,2424831,3082239,2722103295,5540675583,300288,6291455999,275252317.76,1036011576.93,151003,10,10,10,0,0,0,0,0,0,6043992063,6253707263,6278873087,6041529654.61,1022
1790724730,0,152098,0,406.98,1095.09,1827839,2433023,3100671,3198156799,6077546495,300288,6744440831,320167115.91,1159273724.65,152098,10,10,10,0,0,0,0,0,0,6517948415,6723469311,6740246527,6514020325.82,1095
1790724731,0,153135,0,408.66,1037.43,1832959,2441215,3119103,3655335935,6538919935,300288,7226785791,365303407.87,1278183872.12,153135,10,10,10,0,0,0,0,0,0,7000293375,7193231359,7214202879,6985496017.10,1037
1790724732,0,154180,0,410.36,1045.16,1838079,2449407,3137535,4110417919,7004487679,300288,7700742143,413383388.20,1400557036.76,154180,10,10,10,0,0,0,0,0,0,7465861119,7671382015,7696547839,7459055911.93,1045
1790724733,0,155260,0,412.13,1079.92,1843199,2457599,3158015,4630511615,7482638335,300288,8157921279,465631893.58,1528973120.56,155260,10,10,10,0,0,0,0,0,0,7939817471,8136949759,8157921279,7924589818.31,1080
1790724734,0,156403,0,414.07,1142.16,1848319,2465791,3180543,5129633791,7977566207,300288,8598323199,523474111.90,1665913260.12,156403,10,10,10,0,0,0,0,0,0,8392802303,8577351679,8589934591,8380501947.91,1143
1790724735,0,157503,0,415.88,1100.45,1854463,2473983,3205119,5620367359,8422162431,300288,9042919423,581282489.00,1797543702.23,157503,10,10,10,0,0,0,0,0,0,8791261183,9017753599,9034530815,8800740311.04,1100
1790724736,0,158520,0,417.46,1016.70,1858559,2482175,3225599,6081740799,8782872575,300288,9529458687,637194700.53,1922161155.96,158520,10,10,10,0,0,0,0,0,0,9302966271,9512681471,9529458687,9296330445.91,1017
1790724737,0,159574,0,419.13,1053.92,1862655,2490367,3252223,6538919935,9286189055,300288,10007609343,697493893.96,2053601672.92,159574,10,10,10,0,0,0,0,0,0,9764339711,9990832127,9999220735,9766401049.26,1054
1790724738,0,160619,0,420.78,1045.57,1867775,2498559,3280895,6987710463,9747562495,300288,10485759999,759601999.84,2186091354.20,160619,10,10,10,0,0,0,0,0,0,10250878975,10460594175,10477371391,10243658351.22,1045
1790724739,0,161658,0,422.39,1039.05,1872895,2506751,3309567,7419723775,10225713151,300288,10955522047,823589115.86,2319773329.14,161658,10,10,10,0,0,0,0,0,0,10720641023,10938744831,10955522047,10715356766.12,1039
1790724740,0,162734,0,424.09,1075.30,1876991,2514943,3344383,7868514303,10703863807,300288,11425284095,892164101.49,2460160854.90,162734,10,10,10,0,0,0,0,0,0,11198791679,11400118271,11416895487,11194854647.43,1076
1790724741,0,163774,0,425.69,1040.16,1881087,2523135,3383295,8283750399,11173625855,300288,11911823359,960562986.92,2597329845.59,163774,10,10,10,0,0,0,0,0,0,11676942335,11878268927,11895046143,11663278584.12,1040
1790724742,0,164854,0,427.39,1080.56,1886207,2531327,3424255,8665432063,11660165119,300288,12373196799,1033690197.89,2740979816.11,164854,10,10,10,0,0,0,0,0,0,12121538559,12348030975,12356419583,12122890057.96,1080
1790724743,0,165915,0,429.03,1060.27,1891327,2539519,3473407,9118416895,12104761343,300288,12842958847,1107555617.42,2883192537.40,165915,10,10,10,0,0,0,0,0,0,12591300607,12817793023,12834570239,12584473498.66,1061
1790724744,0,166979,0,430.67,1064.77,1895423,2547711,3528703,9579790335,12557746175,300288,13304332287,1183687594.25,3027168472.53,166979,10,10,10,0,0,0,0,0,0,13061062655,13279166463,13295943679,13055338850.17,1064
1790724745,0,168072,0,432.37,1092.90,1900543,2555903,3598335,10057940991,13035896831,300288,13757317119,1263984091.16,3176359301.05,168072,10,10,10,0,0,0,0,0,0,13539213311,13732151295,13748928511,13530982038.37,1093
1790724746,0,169138,0,434.00,1065.51,1905663,2566143,3680255,10510925823,13514047487,300288,14227079167,1344272984.20,3322970945.63,169138,10,10,10,0,0,0,0,0,0,14017363967,14193524735,14218690559,14003104908.25,1066
1790724747,0,170220,0,435.65,1081.72,1909759,2574335,3774463,10989076479,13975420927,300288,14688452607,1427592317.52,3472355199.12,170220,10,10,10,0,0,0,0,0,0,14453571583,14663286783,14680063999,14452052021.00,1082
1790724748,0,171285,0,437.26,1065.58,1914879,2582527,3891199,11416895487,14420017151,300288,15149826047,1511486301.36,3620404085.32,171285,10,10,10,0,0,0,0,0,0,14931722239,15133048831,15149826047,14920344451.97,1065
1790724749,0,172315,0,438.77,1030.34,1918975,2590719,4026367,11869880319,14839447551,300288,15636365311,1594461607.56,3764840570.04,172315,10,10,10,0,0,0,0,0,0,15401484287,15602810879,15627976703,15392932794.41,1030
1790724750,0,173422,0,440.47,1106.56,1924095,2598911,4214783,12322865151,15359541247,300288,16080961535,1685437961.75,3920713333.36,173422,10,10,10,0,0,0,0,0,0,15854469119,16047407103,16072572927,15846766301.54,1107
1790724751,0,174510,0,442.11,1088.39,1928191,2607103,4456447,12775849983,15820914687,300288,16542334975,1776619798.87,4074493307.05,174510,10,10,10,0,0,0,0,0,0,16315842559,16517169151,16533946367,16310568839.53,1088
1790724752,0,175570,0,443.67,1059.73,1933311,2617343,4755455,13203668991,16257122303,300288,17012097023,1867159575.43,4225037661.38,175570,10,10,10,0,0,0,0,0,0,16768827391,16986931199,17003708415,16772910903.06,1060
1790724753,0,176664,0,445.31,1093.81,1938431,2625535,5152767,13648265215,16718495743,300288,17465081855,1962283099.24,4380942365.42,176664,10,10,10,0,0,0,0,0,0,17246978047,17431527423,17465081855,17228130517.41,1094
1790724754,0,177701,0,446.80,1036.67,1942527,2633727,5586943,14101250047,17146314751,300288,17951621119,2054188657.42,4529873287.92,177701,10,10,10,0,0,0,0,0,0,17733517311,17934843903,17934843903,17711279815.96,1037
1790724755,0,178781,0,448.39,1080.86,1946623,2641919,6148095,14520680447,17632854015,300288,18404605951,2151565097.66,4685731640.45,178781,10,10,10,0,0,0,0,0,0,18186502143,18387828735,18404605951,18173686215.11,1080
1790724756,0,179831,0,449.89,1049.43,1951743,2652159,6844415,14982053887,18085838847,300288,18891145215,2247861337.73,4838066302.34,179831,10,10,10,0,0,0,0,0,0,18656264191,18857590783,18874367999,18643992856.87,1050
1790724757,0,180911,0,451.46,1079.74,1955839,2660351,7876607,15435038719,18555600895,300288,19344130047,2348505565.56,4995386481.58,180911,10,10,10,0,0,0,0,0,0,19109249023,19327352831,19344130047,19106794579.44,1080
1790724758,0,181984,0,453.01,1073.07,1959935,2668543,9814015,15862857727,19025362943,300288,19797114879,2450013879.37,5152100581.07,181984,10,10,10,0,0,0,0,0,0,19562233855,19797114879,19797114879,19564618315.87,1073
1790724759,0,183036,0,454.50,1052.13,1964031,2676735,13615103,16282288127,19461570559,300288,20283654143,2551087459.70,5306497438.60,183036,10,10,10,0,0,0,0,0,0,20031995903,20250099711,20266876927,20035663926.51,1052
1790724760,0,184140,0,456.11,1104.60,1969151,2684927,41058303,16735272959,19948109823,300288,20719861759,2658608553.93,5468720488.43,184140,10,10,10,0,0,0,0,0,0,20484980735,20703084543,20719861759,20484904752.23,1104
1790724761,0,185214,0,457.63,1073.03,1973247,2695167,420478975,17163091967,20401094655,300288,21189623807,2764675946.21,5626942568.05,185214,10,10,10,0,0,0,0,0,0,20954742783,21172846591,21189623807,20950197002.01,1074
1790724762,0,186297,0,459.17,1083.41,1978367,2703359,824180735,17616076799,20837302271,300288,21659385855,2873060722.92,5786840661.15,186297,10,10,10,0,0,0,0,0,0,21407727615,21625831423,21642608639,21408959184.49,1083
1790724763,0,187382,0,460.71,1084.77,1983487,2713599,1231028223,18085838847,21323841535,300288,22095593471,2983089154.35,5947469470.18,187382,10,10,10,0,0,0,0,0,0,21894266879,22078816255,22095593471,21875224353.27,1085
1790724764,0,188475,0,462.26,1093.73,1987583,2721791,1648361471,18538823679,21776826367,300288,22565355519,3095234179.29,6109292937.78,188475,10,10,10,0,0,0,0,0,0,22330474495,22531801087,22548578303,22321180256.03,1093
1790724765,0,189539,0,463.74,1064.01,1991679,2729983,2094006271,18975031295,22213033983,300288,23035117567,3205758614.83,6267208733.03,189539,10,10,10,0,0,0,0,0,0,22783459327,23001563135,23018340351,22783853529.50,1064
1790724766,0,190646,0,465.31,1106.89,1995775,2740223,2495610879,19428016127,22666018815,300288,23471325183,3322127002.79,6431835531.51,190646,10,10,10,0,0,0,0,0,0,23253221375,23454547967,23471325183,23246560502.98,1107
1790724767,0,191745,0,466.85,1098.60,2000895,2748415,2875195391,19881000959,23135780863,300288,23924310015,3438915473.86,6595269746.15,191745,10,10,10,0,0,0,0,0,0,23706206207,23907532799,23924310015,23698474033.38,1099
1790724768,0,192816,0,468.32,1070.91,2004991,2758655,3258974207,20317208575,23588765695,300288,24394072063,3553882588.68,6754438770.80,192816,10,10,10,0,0,0,0,0,0,24142413823,24377294847,24377294847,24136860581.17,1071
1790724769,0,193887,0,469.78,1070.69,2009087,2766847,3628072959,20753416191,23991418879,300288,24847056895,3670194115.55,6914194974.42,193887,10,10,10,0,0,0,0,0,0,24628953087,24830279679,24847056895,24610178584.38,1071
1790724770,0,194951,0,471.21,1064.11,2013183,2777087,4005560319,21189623807,24461180927,300288,25316818943,3787083396.56,7073544501.59,194951,10,10,10,0,0,0,0,0,0,25098715135,25300041727,25316818943,25087188684.03,1064
1790724771,0,195999,0,472.60,1048.62,2018303,2787327,4387241983,21609054207,24930942975,300288,25803358207,3903441884.47,7230919747.53,195999,10,10,10,0,0,0,0,0,0,25551699967,25769803775,25786580991,25548674305.95,1048
1790724772,0,197071,0,474.04,1071.45,2022399,2795519,4764729343,22028484607,25400705023,300288,26256343039,4023723618.34,7392366332.97,197071,10,10,10,0,0,0,0,0,0,26021462015,26239565823,26256343039,26015420966.21,1072
1790724773,0,198133,0,475.46,1062.21,2026495,2803711,5133828095,22464692223,25853689855,300288,26726105087,4144117712.32,7552747763.74,198133,10,10,10,0,0,0,0,0,0,26491224063,26709327871,26726105087,26485157726.01,1062
1790724774,0,199203,0,476.88,1070.56,2030591,2813951,5502926847,22900899839,26323451903,300288,27195867135,4266618915.25,7714691537.98,199203,10,10,10,0,0,0,0,0,0,26960986111,27162312703,27195867135,26950292596.76,1070
1790724775,0,200282,0,478.32,1078.75,2034687,2824191,5913968639,23320330239,26793213951,300288,27665629183,4391361705.53,7878370415.48,200282,10,10,10,0,0,0,0,0,0,27430748159,27632074751,27648851967,27421146741.20,1079
1790724776,0,201330,0,479.68,1048.31,2038783,2832383,6287261695,23739760639,27246198783,300288,28135391231,4513633190.66,8037590707.33,201330,10,10,10,0,0,0,0,0,0,27883732991,28101836799,28135391231,27880787373.92,1048
1790724777,0,202394,0,481.06,1063.83,2042879,2842623,6618611711,24125636607,27699183615,300288,28605153279,4638987938.46,8199798933.83,202394,10,10,10,0,0,0,0,0,0,28370272255,28571598847,28588376063,28358603891.49,1064
1790724778,0,203431,0,482.38,1036.39,2047999,2852863,6983516159,24578621439,28152168447,300288,29074915327,4762305979.23,8358355708.76,203431,10,10,10,0,0,0,0,0,0,28840034303,29041360895,29074915327,28830610265.12,1037
1790724779,0,204525,0,483.83,1094.56,2051071,2863103,7352614911,25031606271,28638707711,300288,29527900159,4893567916.68,8525983304.79,204525,10,10,10,0,0,0,0,0,0,29309796351,29511122943,29527900159,29301929156.56,1094
1790724780,0,205598,0,485.22,1072.22,2055167,2873343,7704936447,25484591103,29142024191,300288,29997662207,5023367834.98,8690484272.34,205598,10,10,10,0,0,0,0,0,0,29779558399,29980884991,29997662207,29764587119.18,1073
1790724781,0,206684,0,486.63,1087.07,2059263,2883583,8053063679,25937575935,29578231807,300288,30467424255,5155746108.83,8856938792.06,206684,10,10,10,0,0,0,0,0,0,30249320447,30433869823,30450647039,30217171841.65,1086
1790724782,0,207812,0,488.14,1126.95,2064383,2893823,8405385215,26407337983,30047993855,300288,30886854655,5294153406.95,9029381327.34,207812,10,10,10,0,0,0,0,0,0,30668750847,30870077439,30886854655,30654591353.65,1128
1790724783,0,208903,0,489.55,1091.94,2068479,2902015,8690597887,26877100031,30484201471,300288,31339839487,5429013764.46,9196103548.36,208903,10,10,10,0,0,0,0,0,0,31138512895,31323062271,31339839487,31117006996.30,1091
1790724784,0,209974,0,490.91,1069.96,2073599,2912255,9026142207,27313307647,30920409087,300288,31809601535,5562352725.55,9359753992.26,209974,10,10,10,0,0,0,0,0,0,31591497727,31792824319,31809601535,31570671109.26,1071
1790724785,0,211035,0,492.24,1061.94,2077695,2922495,9420406783,27732738047,31339839487,300288,32279363583,5695430060.47,9522048474.32,211035,10,10,10,0,0,0,0,0,0,32027705343,32245809151,32262586367,32031698036.78,1061
1790724786,0,212112,0,493.60,1076.92,2081791,2932735,9772728319,28202500095,31809601535,300288,32749125631,5831583656.55,9687185111.70,212112,10,10,10,0,0,0,0,0,0,32531021823,32732348415,32732348415,32510482586.03,1077
1790724787,0,213216,0,495.02,1103.59,2085887,2942975,10166992895,28672262143,32296140799,300288,33185333247,5972056583.59,9856317249.64,213216,10,10,10,0,0,0,0,0,0,32967229439,33168556031,33185333247,32961181132.06,1104
1790724788,0,214277,0,496.33,1060.75,2091007,2955263,10519314431,29142024191,32749125631,300288,33671872511,6107915843.43,10018746484.01,214277,10,10,10,0,0,0,0,0,0,33420214271,33638318079,33655095295,33409864896.06,1061
1790724789,0,215312,0,497.58,1035.51,2095103,2963455,10888413183,29561454591,33168556031,300288,34141634559,6241466902.47,10177694077.88,215312,10,10,10,0,0,0,0,0,0,33889976319,34124857343,34141634559,33890665239.50,1035
1790724790,0,216423,0,498.99,1111.02,2101247,2975743,11257511935,29997662207,33655095295,300288,34594619391,6385749023.30,10348342510.57,216423,10,10,10,0,0,0,0,0,0,34359738367,34561064959,34594619391,34347650013.90,1111
1790724791,0,217538,0,500.41,1114.67,2105343,2988031,11643387903,30450647039,34158411775,300288,35030827007,6531467152.20,10519547736.45,217538,10,10,10,0,0,0,0,0,0,34829500415,35030827007,35030827007,34815552004.13,1115
1790724792,0,218658,0,501.83,1120.55,2109439,2998271,11987320831,30853300223,34628173823,300288,35467034623,6678444422.39,10690648847.54,218658,10,10,10,0,0,0,0,0,0,35232153599,35433480191,35467034623,35225892103.31,1120
1790724793,0,219745,0,503.17,1087.07,2113535,3008511,12348030975,31289507839,35030827007,300288,35936796671,6821897190.97,10856530748.86,219745,10,10,10,0,0,0,0,0,0,35668361215,35903242239,35936796671,35678470761.98,1087
1790724794,0,220825,0,504.49,1079.46,2117631,3020799,12683575295,31742492671,35467034623,300288,36406558719,6965320214.45,11021490709.54,220825,10,10,10,0,0,0,0,0,0,36171677695,36373004287,36373004287,36147257526.04,1080
1790724795,0,221894,0,505.77,1069.32,2121727,3031039,13044285439,32178700287,35903242239,300288,36876320767,7108065833.67,11184690145.99,221894,10,10,10,0,0,0,0,0,0,36607885311,36809211903,36842766335,36595251393.50,1069
1790724796,0,222987,0,507.11,1093.05,2125823,3043327,13421772799,32631685119,36373004287,300288,37312528383,7254876807.93,11351644948.72,222987,10,10,10,0,0,0,0,0,0,37077647359,37278973951,37312528383,37059519370.89,1093
1790724797,0,224084,0,508.45,1096.99,2129919,3055615,13748928511,33067892735,36809211903,300288,37782290431,7403005082.61,11519081367.76,224084,10,10,10,0,0,0,0,0,0,37513854975,37748735999,37748735999,37513013821.14,1097
1790724798,0,225195,0,509.81,1110.84,2134015,3067903,14126415871,33504100351,37278973951,300288,38218498047,7553794953.71,11688488844.42,225195,10,10,10,0,0,0,0,0,0,37983617023,38184943615,38184943615,37967474050.19,1111
1790724799,0,226603,0,511.84,1408.36,2140159,3082239,14579400703,34124857343,37849399295,300288,38520487935,7745147918.92,11900767063.07,226603,10,10,10,0,0,0,0,0,0,38352715775,38486933503,38486933503,38350070504.73,1408
1790724800,0,228049,0,513.95,1445.52,2144255,3098623,15057551359,34728837119,38352715775,300288,38788923391,7940901753.84,12113436268.44,228049,10,10,10,0,0,0,0,0,0,38621151231,38755368959,38788923391,38617531251.78,1446
1790724801,0,229279,0,515.56,1229.96,2150399,3112959,15476981759,35131490303,38554042367,300288,39158022143,8107174363.66,12291218671.07,229279,10,10,10,0,0,0,0,0,0,38923141119,39158022143,39158022143,38935062491.37,1230
1790724802,0,230429,0,516.98,1150.34,2154495,3127295,15846080511,35601252351,38788923391,300288,39594229759,8263110388.84,12456650046.96,230429,10,10,10,0,0,0,0,0,0,39359348735,39560675327,39594229759,39352550316.30,1150
1790724803,0,231578,0,518.39,1148.71,2158591,3141631,16198402047,36037459967,39158022143,300288,40030437375,8419510471.13,12621565242.96,231578,10,10,10,0,0,0,0,0,0,39795556351,39996882943,39996882943,39785145425.10,1149
1790724804,0,232691,0,519.72,1112.35,2162687,3155967,16542334975,36473667583,39560675327,300288,40466644991,8571623261.54,12781092095.97,232691,10,10,10,0,0,0,0,0,0,40231763967,40433090559,40466644991,40221197185.96,1113
1790724805,0,233819,0,521.08,1129.15,2166783,3170303,16928210943,36943429631,39963328511,300288,40902852607,8726463890.01,12942726276.16,233819,10,10,10,0,0,0,0,0,0,40701526015,40869298175,40902852607,40667971584.00,1128
1790724806,0,234914,0,522.35,1094.87,2170879,3184639,17280532479,37379637247,40399536127,300288,41339060223,8877428990.38,13099615713.98,234914,10,10,10,0,0,0,0,0,0,41137733631,41339060223,41339060223,41113510089.99,1095
1790724807,0,236072,0,523.76,1156.95,2174975,3203071,17666408447,37815844863,40869298175,300288,41775267839,9037681174.39,13265289613.74,236072,10,10,10,0,0,0,0,0,0,41573941247,41741713407,41775267839,41546732602.36,1158
1790724808,0,237147,0,524.98,1075.90,2179071,3217407,18018729983,38252052479,41305505791,300288,42245029887,9187030751.85,13418964275.05,237147,10,10,10,0,0,0,0,0,0,42010148863,42211475455,42211475455,41984475821.84,1075
1790724809,0,238250,0,526.26,1102.65,2183167,3233791,18371051519,38453379071,41708158975,300288,42681237503,9341021409.90,13576943973.62,238250,10,10,10,0,0,0,0,0,0,42479910911,42647683071,42681237503,42449292112.54,1103
1790724810,0,239359,0,527.55,1109.57,2187263,3252223,18756927487,38654705663,42144366591,300288,43117445119,9496466932.51,13735738633.51,239359,10,10,10,0,0,0,0,0,0,42916118527,43117445119,43117445119,42891323345.83,1109
1790724811,0,240585,0,529.08,1225.15,2191359,3274751,19142803455,38889586687,42647683071,300288,43520098303,9668812241.59,13910722612.26,240585,10,10,10,0,0,0,0,0,0,43318771711,43486543871,43520098303,43316773772.74,1226
1790724812,0,241884,0,530.77,1298.68,2195455,3297279,19193135103,39023804415,42815455231,300288,43620761599,9705029418.35,13951532121.86,241884,10,10,10,0,0,0,0,0,0,4060086271,43587207167,43620761599,16412734937.77,1299
1790724813,0,242351,0,530.63,467.40,2197503,3301375,19142803455,39023804415,42815455231,300288,43620761599,9687178568.83,13944016661.50,242351,10,10,10,0,0,0,0,0,0,328204287,1234173951,1322254335,441279455.11,467
1790724814,0,242551,0,529.91,199.81,2195455,3297279,19126026239,39023804415,42815455231,300288,43620761599,9679192597.86,13941038543.77,242551,10,10,10,0,0,0,0,0,0,2158591,3422207,4440063,2152350.72,200
1790724815,0,242751,0,529.19,200.17,2195455,3293183,19092471807,39023804415,42815455231,300288,43620761599,9671219729.11,13938060173.69,242751,10,10,10,0,0,0,0,0,0,2049023,3284991,3377151,2083283.20,200
1790724816,0,242951,0,528.47,200.00,2195455,3291135,19075694591,38990249983,42815455231,300288,43620761599,9663260003.55,13935081510.47,242951,10,10,10,0,0,0,0,0,0,2075647,3256319,3418111,2103307.52,200
1790724817,0,243151,0,527.76,199.83,2193407,3287039,19042140159,38990249983,42815455231,300288,43620761599,9655313365.97,13932102580.10,243151,10,10,10,0,0,0,0,0,0,2164735,3256319,3364863,2095628.80,200
1790724818,0,243351,0,527.05,200.00,2193407,3282943,19025362943,38990249983,42815455231,300288,43620761599,9647379777.33,13929123397.37,243351,10,10,10,0,0,0,0,0,0,2105343,3235839,3332095,2079724.80,200
1790724819,0,243551,0,526.34,200.09,2191359,3280895,19008585727,38990249983,42815455231,300288,43620761599,9639459172.95,13926143994.79,243551,10,10,10,0,0,0,0,0,0,2074623,3246079,3336191,2024193.28,200
1790724820,0,243751,0,525.64,199.90,2191359,3276799,18991808511,38990249983,42815455231,300288,43620761599,9631551585.53,13923164337.48,243751,10,10,10,0,0,0,0,0,0,2037759,3190783,3395583,2047459.84,200
1790724821,0,243951,0,524.94,200.09,2189311,3274751,18958254079,38990249983,42815455231,300288,43620761599,9623656938.27,13920184466.37,243951,10,10,10,0,0,0,0,0,0,1972223,3198975,3375103,2016120.32,200
1790724822,0,244151,0,524.24,199.94,2189311,3270655,18941476863,38990249983,42815455231,300288,43620761599,9615775192.84,13917204395.76,244151,10,10,10,0,0,0,0,0,0,1960959,3313663,3846143,1976800.00,200
1790724823,0,244351,0,523.55,200.12,2187263,3266559,18924699647,38990249983,42815455231,300288,43620761599,9607906431.90,13914224056.41,244351,10,10,10,0,0,0,0,0,0,2074623,3256319,3590143,2077169.92,200
1790724824,0,244551,0,522.86,199.97,2187263,3264511,18907922431,38990249983,42815455231,300288,43620761599,9600050564.68,13911243498.95,244551,10,10,10,0,0,0,0,0,0,2125823,3250175,4012031,2105506.56,200
1790724825,0,244751,0,522.17,199.88,2185215,3260415,18874367999,38990249983,42815455231,300288,43620761599,9592207449.85,13908262808.78,244751,10,10,10,0,0,0,0,0,0,1974271,3155967,3321855,1999575.04,200
1790724826,0,244951,0,521.48,200.15,2185215,3258367,18857590783,38956695551,42815455231,300288,43620761599,9584377070.87,13905281985.14,244951,10,10,10,0,0,0,0,0,0,1891327,3145727,3315711,1911644.16,200
1790724827,0,245151,0,520.80,199.93,2183167,3256319,18840813567,38956695551,42815455231,300288,43620761599,9576559605.31,13902300893.62,245151,10,10,10,0,0,0,0,0,0,2063359,3188735,3457023,2079569.92,200
1790724828,0,245351,0,520.12,200.01,2183167,3252223,18824036351,38956695551,42781900799,300288,43620761599,9568754492.03,13899319908.61,245351,10,10,10,0,0,0,0,0,0,1600511,2844671,3117055,1597862.40,200
1790724829,0,245551,0,519.44,200.10,2181119,3250175,18807259135,38956695551,42781900799,300288,43620761599,9560962525.63,13896338471.06,245551,10,10,10,0,0,0,0,0,0,2156543,3237887,4841471,2128788.48,200
1790724830,0,245751,0,518.77,199.90,2181119,3246079,18790481919,38956695551,42781900799,300288,43620761599,9553183205.35,13893356913.80,245751,10,10,10,0,0,0,0,0,0,2134015,3067903,3194879,2083833.60,200
1790724831,0,245951,0,518.10,200.10,2181119,3241983,18756927487,38956695551,42781900799,300288,43620761599,9545416461.60,13890375272.68,245951,10,10,10,0,0,0,0,0,0,2131967,3098623,3368959,1991248.64,200
1790724832,0,246151,0,517.43,199.82,2179071,3239935,18740150271,38956695551,42781900799,300288,43620761599,9537662398.87,13887393463.94,246151,10,10,10,0,0,0,0,0,0,2027519,3239935,3459071,2064986.88,200
1790724833,0,246351,0,516.76,200.02,2179071,3235839,18723373055,38956695551,42781900799,300288,43620761599,9529920959.55,13884411515.33,246351,10,10,10,0,0,0,0,0,0,2055167,3184639,3254271,2105808.64,200
1790724834,0,246551,0,516.10,200.06,2177023,3233791,18689818623,38923141119,42781900799,300288,43620761599,9522192018.30,13881429500.98,246551,10,10,10,0,0,0,0,0,0,2022399,3201023,3336191,2029987.84,200
1790724835,0,246751,0,515.44,200.01,2177023,3231743,18673041407,38923141119,42781900799,300288,43620761599,9514475609.00,13878447385.76,246751,10,10,10,0,0,0,0,0,0,2123775,3192831,3301375,2033460.48,200
1790724836,0,246951,0,514.78,199.96,2177023,3227647,18639486975,38923141119,42781900799,300288,43620761599,9506771761.12,13875465137.68,246951,10,10,10,0,0,0,0,0,0,2103295,3375103,4263935,2110922.24,200
1790724837,0,247797,0,515.47,846.24,2179071,3239935,18538823679,38923141119,42781900799,300288,43620761599,9475102296.24,13862324905.18,247797,10,10,10,0,0,0,0,0,0,215351295,444334079,460587007,230650735.05,846
1790724838,0,248861,0,516.61,1064.51,2183167,3258367,18404605951,38889586687,42781900799,300288,43620761599,9437964162.10,13844270380.30,248861,10,10,10,0,0,0,0,0,0,794296319,1076887551,1099956223,788792897.44,1064
1790724839,0,249936,0,517.76,1074.78,2187263,3274751,18303942655,38889586687,42781900799,300288,43620761599,9403510499.82,13824413081.20,249936,10,10,10,0,0,0,0,0,0,1436549119,1703935999,1738539007,1427535755.79,1075
1790724840,0,250991,0,518.87,1054.82,2191359,3293183,18203279359,38889586687,42781900799,300288,43620761599,9372651580.45,13803507882.56,250991,10,10,10,0,0,0,0,0,0,2055208959,2367684607,2394947583,2061983456.70,1055
1790724841,0,252028,0,519.94,1036.73,2193407,3313663,18069061631,38856032255,42781900799,300288,43620761599,9345287973.14,13781662522.87,252028,10,10,10,0,0,0,0,0,0,2713714687,3026190335,3047161855,2722318673.71,1037
1790724842,0,253069,0,521.02,1040.61,2197503,3336191,17951621119,38856032255,42781900799,300288,43620761599,9320740437.58,13758595919.69,253069,10,10,10,0,0,0,0,0,0,3368026111,3678404607,3699376127,3377737275.51,1041
1790724843,0,254153,0,522.17,1084.54,2201599,3358719,17867735039,38856032255,42781900799,300288,43620761599,9298157691.67,13733563931.10,254153,10,10,10,0,0,0,0,0,0,4026531839,4311744511,4341104639,4026023996.46,1084
1790724844,0,255222,0,523.29,1069.37,2205695,3385343,17733517311,38822477823,42781900799,300288,43620761599,9278694332.11,13708062682.69,255222,10,10,10,0,0,0,0,0,0,4643094527,4949278719,4982833151,4651312460.39,1069
1790724845,0,256288,0,524.40,1065.78,2209791,3411967,17599299583,38822477823,42748346367,300288,43620761599,9262171516.17,13681918728.90,256288,10,10,10,0,0,0,0,0,0,5305794559,5599395839,5628755967,5306274583.53,1066
1790724846,0,257334,0,525.47,1045.29,2213887,3440639,17465081855,38822477823,42748346367,300288,43620761599,9248779219.16,13655697792.59,257334,10,10,10,0,0,0,0,0,0,5968494591,6253707263,6278873087,5967435991.37,1046
1790724847,0,258431,0,526.63,1097.43,2217983,3473407,17364418559,38788923391,42748346367,300288,43620761599,9237541161.44,13627775864.71,258431,10,10,10,0,0,0,0,0,0,6597640191,6891241471,6912212991,6601320244.51,1097
1790724848,0,259501,0,527.74,1069.91,2222079,3510271,17246978047,38788923391,42748346367,300288,43620761599,9229269596.88,13600263949.84,259501,10,10,10,0,0,0,0,0,0,7214202879,7528775679,7562330111,7231485764.43,1070
1790724849,0,260560,0,528.82,1059.51,2224127,3549183,17112760319,38755368959,42748346367,300288,43620761599,9223810318.50,13572872193.96,260560,10,10,10,0,0,0,0,0,0,7893680127,8183087103,8204058623,7886049980.07,1059
1790724850,0,261641,0,529.94,1080.62,2230271,3596287,17012097023,38755368959,42748346367,300288,43620761599,9220909150.19,13544883971.46,261641,10,10,10,0,0,0,0,0,0,8527020031,8808038399,8841592831,8521622921.12,1081
1790724851,0,262700,0,531.00,1058.74,2232319,3647487,16911433727,38755368959,42748346367,300288,43620761599,9220701961.08,13517560811.41,262700,10,10,10,0,0,0,0,0,0,9177137151,9470738431,9487515647,9169512945.01,1059
1790724852,0,263787,0,532.13,1087.93,2236415,3704831,16777215999,38721814527,42748346367,300288,43620761599,9223120827.92,13489738201.87,263787,10,10,10,0,0,0,0,0,0,9814671359,10099884031,10125049855,9807698860.16,1087
1790724853,0,264854,0,533.20,1066.41,2240511,3770367,16684941311,38721814527,42714791935,300288,43620761599,9228080295.27,13462768993.50,264854,10,10,10,0,0,0,0,0,0,10452205567,10737418239,10770972671,10454174964.72,1067
1790724854,0,265958,0,534.35,1103.73,2244607,3846143,16542334975,38721814527,42714791935,300288,43620761599,9235836236.83,13435339774.69,265958,10,10,10,0,0,0,0,0,0,11106516991,11374952447,11400118271,11096517528.12,1104
1790724855,0,267026,0,535.42,1068.57,2248703,3930111,16441671679,38688260095,42714791935,300288,43620761599,9245832495.24,13409377644.22,267026,10,10,10,0,0,0,0,0,0,11744051199,12020875263,12046041087,11735144194.88,1068
1790724856,0,268081,0,536.46,1054.67,2252799,4026367,16324231167,38688260095,42714791935,300288,43620761599,9258166937.75,13384409778.45,268081,10,10,10,0,0,0,0,0,0,12381585407,12675186687,12700352511,12380078639.07,1055
1790724857,0,269155,0,537.53,1073.86,2256895,4141055,16223567871,38688260095,42714791935,300288,43620761599,9273203092.36,13359796342.78,269155,10,10,10,0,0,0,0,0,0,13027508223,13312720895,13337886719,13026375683.81,1074
1790724858,0,270271,0,538.69,1116.43,2260991,4288511,16089350143,38654705663,42714791935,300288,43620761599,9291311506.37,13335155827.89,270271,10,10,10,0,0,0,0,0,0,13656653823,13950255103,13975420927,13658668292.59,1116
1790724859,0,271322,0,539.71,1051.13,2265087,4448255,15971909631,38654705663,42681237503,300288,43620761599,9310752877.68,13312959099.88,271322,10,10,10,0,0,0,0,0,0,14319353855,14596177919,14621343743,14310218973.17,1051
1790724860,0,272451,0,540.88,1129.06,2269183,4640767,15871246335,38654705663,42681237503,300288,43620761599,9334043057.13,13290257354.93,272451,10,10,10,0,0,0,0,0,0,14931722239,15216934911,15242100735,14931153835.65,1129
1790724861,0,273542,0,541.97,1090.09,2273279,4878335,15812526079,38621151231,42681237503,300288,43620761599,9358870926.91,13269534337.00,273542,10,10,10,0,0,0,0,0,0,15560867839,15862857727,15879634943,15559034033.39,1091
1790724862,0,274634,0,543.05,1092.33,2277375,5152767,15988686847,38621151231,42681237503,300288,43620761599,9386075532.80,13250129720.07,274634,10,10,10,0,0,0,0,0,0,16206790655,16492003327,16508780543,16200729656.26,1092
1790724863,0,275710,0,544.11,1076.40,2281471,5447679,16206790655,38621151231,42681237503,300288,43620761599,9415155187.86,13232412447.78,275710,10,10,10,0,0,0,0,0,0,16844324863,17137926143,17154703359,16837331758.63,1076
1790724864,0,276833,0,545.25,1122.96,2285567,5779455,16408117247,38587596799,42681237503,300288,43620761599,9447853724.52,13215486079.96,276833,10,10,10,0,0,0,0,0,0,17498636287,17767071743,17783848959,17475737554.41,1123
1790724865,0,277911,0,546.29,1077.71,2289663,6189055,16601055231,38587596799,42681237503,300288,43620761599,9481413193.08,13200794381.30,277911,10,10,10,0,0,0,0,0,0,18119393279,18387828735,18421383167,18099565661.09,1078
1790724866,0,278989,0,547.34,1078.17,2291711,6639615,16810770431,38587596799,42681237503,300288,43620761599,9517223624.55,13187811338.42,278989,10,10,10,0,0,0,0,0,0,18773704703,19042140159,19058917375,18749239227.61,1078
1790724867,0,280082,0,548.40,1093.32,2295807,7225343,17020485631,38554042367,42681237503,300288,43620761599,9555730653.70,13176428976.35,280082,10,10,10,0,0,0,0,0,0,19377684479,19679674367,19696451583,19384676265.81,1093
1790724868,0,281217,0,549.55,1135.14,2301951,8085503,17230200831,38554042367,42647683071,300288,43620761599,9597893518.50,13166486333.15,281217,10,10,10,0,0,0,0,0,0,19998441471,20300431359,20317208575,20002351228.50,1135
1790724869,0,282303,0,550.60,1085.99,2306047,9396223,17431527423,38554042367,42647683071,300288,43620761599,9640384481.78,13158918403.75,282303,10,10,10,0,0,0,0,0,0,20652752895,20937965567,20971519999,20643313780.92,1086
1790724870,0,283444,0,551.75,1140.62,2310143,11575295,17649631231,38554042367,42647683071,300288,43620761599,9687205273.34,13153045833.37,283444,10,10,10,0,0,0,0,0,0,21273509887,21558722559,21575499775,21271473389.83,1141
1790724871,0,284546,0,552.81,1101.80,2312191,15343615,17850957823,38520487935,42647683071,300288,43620761599,9734467778.12,13149421177.33,284546,10,10,10,0,0,0,0,0,0,21894266879,22196256767,22213033983,21890795731.86,1102
1790724872,0,285674,0,553.93,1128.41,2318335,33177599,18069061631,38520487935,42647683071,300288,43620761599,9784921194.50,13147882203.69,285674,10,10,10,0,0,0,0,0,0,22515023871,22817013759,22833790975,22512153302.24,1128
1790724873,0,286810,0,555.06,1135.57,2322431,146145279,18270388223,38520487935,42647683071,300288,43620761599,9837843358.47,13148633409.06,286810,10,10,10,0,0,0,0,0,0,23135780863,23437770751,23454547967,23146370004.73,1136
1790724874,0,287899,0,556.09,1088.67,2326527,270270463,18488492031,38520487935,42647683071,300288,43620761599,9890581016.68,13151624812.31,287899,10,10,10,0,0,0,0,0,0,23790092287,24075304959,24092082175,23780101448.17,1089
1790724875,0,289058,0,557.25,1159.69,2330623,420741119,18723373055,38486933503,42647683071,300288,43620761599,9948772317.49,13157241012.95,289058,10,10,10,0,0,0,0,0,0,24410849279,24696061951,24712839167,24403662146.48,1159
1790724876,0,290205,0,558.38,1146.47,2334719,564658175,18924699647,38486933503,42647683071,300288,43620761599,10008372002.61,13165260471.00,290205,10,10,10,0,0,0,0,0,0,25031606271,25300041727,25316818943,25028220112.01,1147
1790724877,0,291328,0,559.47,1123.75,2338815,707788799,19126026239,38486933503,42614128639,300288,43620761599,10068669266.16,13175569922.72,291328,10,10,10,0,0,0,0,0,0,25652363263,25937575935,25954353151,25650652675.19,1123
1790724878,0,292481,0,560.61,1153.03,2342911,864550911,19344130047,38453379071,42614128639,300288,43620761599,10132511592.38,13188679568.75,292481,10,10,10,0,0,0,0,0,0,26273120255,26541555711,26575110143,26263523921.26,1153
1790724879,0,293634,0,561.74,1153.07,2347007,1007157247,19562233855,38453379071,42614128639,300288,43620761599,10198231422.52,13204317893.40,293634,10,10,10,0,0,0,0,0,0,26877100031,27162312703,27179089919,26869351664.68,1153
1790724880,0,294764,0,562.83,1129.85,2351103,1143996415,19780337663,38419824639,42614128639,300288,43620761599,10264560858.00,13222291117.71,294764,10,10,10,0,0,0,0,0,0,27514634239,27783069695,27799846911,27500470112.51,1130
1790724881,0,295888,0,563.90,1124.12,2355199,1296039935,19964887039,38419824639,42614128639,300288,43620761599,10332392003.57,13242793949.96,295888,10,10,10,0,0,0,0,0,0,28118614015,28420603903,28437381119,28120808189.27,1124
1790724882,0,296993,0,564.92,1104.55,2359295,1439694847,20182990847,38419824639,42614128639,300288,43620761599,10400948193.40,13265659939.70,296993,10,10,10,0,0,0,0,0,0,28772925439,29041360895,29058138111,28758372533.63,1105
1790724883,0,298065,0,565.89,1072.32,2363391,1565523967,20367540223,38419824639,42614128639,300288,43620761599,10469227893.94,13290468914.37,298065,10,10,10,0,0,0,0,0,0,29393682431,29678895103,29712449535,29385825937.19,1072
1790724884,0,299171,0,566.91,1105.62,2367487,1718616063,20568866815,38386270207,42614128639,300288,43620761599,10541537180.75,13318888517.76,299171,10,10,10,0,0,0,0,0,0,30047993855,30316429311,30333206527,30028759217.76,1106
1790724885,0,300290,0,567.95,1119.00,2371583,1863319551,20786970623,38386270207,42614128639,300288,43620761599,10616471443.36,13350397695.99,300290,10,10,10,0,0,0,0,0,0,30668750847,30937186303,30953963519,30650571782.41,1119
1790724886,0,301379,0,568.94,1089.35,2375679,2021654527,20988297215,38386270207,42614128639,300288,43620761599,10691176511.93,13383875683.43,301379,10,10,10,0,0,0,0,0,0,31306285055,31574720511,31608274943,31290979120.19,1089
1790724887,0,302432,0,569.85,1052.57,2379775,2155872255,21156069375,38352715775,42580574207,300288,43620761599,10765093619.88,13418954637.22,302432,10,10,10,0,0,0,0,0,0,31927042047,32229031935,32245809151,31920899961.80,1053
1790724888,0,303496,0,570.78,1064.48,2383871,2294284287,21357395967,38352715775,42580574207,300288,43620761599,10841549249.14,13457291505.16,303496,10,10,10,0,0,0,0,0,0,32581353471,32866566143,32900120575,32573343297.44,1064
1790724889,0,304639,0,571.85,1142.15,2387967,2447376383,21558722559,38352715775,42580574207,300288,43620761599,10925487111.08,13501485779.00,304639,10,10,10,0,0,0,0,0,0,33218887679,33504100351,33520877567,33213155831.49,1143
1790724890,0,305791,0,572.94,1152.27,2392063,2587885567,21776826367,38352715775,42580574207,300288,43620761599,11011736079.42,13548825543.28,305791,10,10,10,0,0,0,0,0,0,33839644671,34108080127,34141634559,33819721728.00,1152
1790724891,0,306924,0,573.99,1133.00,2396159,2728394751,21978152959,38319161343,42580574207,300288,43620761599,11098219049.18,13598226735.73,306924,10,10,10,0,0,0,0,0,0,34460401663,34728837119,34762391551,34439537500.41,1133
1790724892,0,308014,0,574.95,1090.68,2400255,2868903935,22179479551,38319161343,42580574207,300288,43620761599,11183047612.34,13648580543.04,308014,10,10,10,0,0,0,0,0,0,35097935871,35366371327,35399925759,35069214509.56,1090
1790724893,0,309137,0,575.97,1122.94,2404351,3011510271,22364028927,38319161343,42580574207,300288,43620761599,11272110906.04,13703386668.11,309137,10,10,10,0,0,0,0,0,0,35701915647,36003905535,36037459967,35700197589.37,1123
1790724894,0,310237,0,576.95,1099.85,2408447,3152019455,22565355519,38285606911,42547019775,300288,43620761599,11360879418.17,13759782285.98,310237,10,10,10,0,0,0,0,0,0,36305895423,36607885311,36641439743,36307817177.83,1100
1790724895,0,311386,0,578.01,1148.62,2412543,3294625791,22783459327,38285606911,42547019775,300288,43620761599,11455312817.90,13821755445.40,311386,10,10,10,0,0,0,0,0,0,36976984063,37245419519,37278973951,36952906057.75,1149
1790724896,0,312504,0,579.01,1118.03,2416639,3439329279,23001563135,38285606911,42547019775,300288,43620761599,11548782079.19,13884915529.11,312504,10,10,10,0,0,0,0,0,0,37614518271,37882953727,37916508159,37581894240.17,1118
1790724897,0,313623,0,580.01,1118.98,2420735,3577741311,23186112511,38352715775,42547019775,300288,43620761599,11643908496.51,13950994821.70,313623,10,10,10,0,0,0,0,0,0,38218498047,38520487935,38520487935,38209937020.00,1119
1790724898,0,314709,0,580.94,1086.37,2424831,3714056191,23387439103,38486933503,42547019775,300288,43620761599,11737768780.76,14017948829.37,314709,10,10,10,0,0,0,0,0,0,38889586687,39158022143,39158022143,38843426171.05,1086
1790724899,0,315830,0,581.94,1120.95,2428927,3846176767,23588765695,38621151231,42547019775,300288,43620761599,11836208896.23,14089926644.25,315830,10,10,10,0,0,0,0,0,0,39493566463,39762001919,39795556351,39472239494.51,1121
1790724900,0,316978,0,582.98,1148.24,2433023,3997171711,23790092287,38788923391,42547019775,300288,43620761599,11938556170.28,14166472914.78,316978,10,10,10,0,0,0,0,0,0,40131100671,40399536127,40399536127,40095646381.05,1148
1790724901,0,318103,0,583.97,1124.37,2437119,4125097983,23991418879,38990249983,42513465343,300288,43620761599,12040320413.90,14244198412.90,318103,10,10,10,0,0,0,0,0,0,40735080447,41003515903,41037070335,40713232784.50,1125
1790724902,0,319192,0,584.90,1089.46,2441215,4257218559,24175968255,39225131007,42513465343,300288,43620761599,12140283712.74,14322149826.89,319192,10,10,10,0,0,0,0,0,0,41372614655,41641050111,41674604543,41340123243.20,1089
1790724903,0,320304,0,585.86,1112.02,2445311,4408213503,24377294847,39460012031,42513465343,300288,43620761599,12243856327.32,14404553182.93,320304,10,10,10,0,0,0,0,0,0,41976594431,42278584319,42312138751,41973667471.65,1112
1790724904,0,321422,0,586.83,1118.13,2449407,4546625535,24578621439,39694893055,42681237503,300288,43620761599,12349443038.47,14490120037.09,321422,10,10,10,0,0,0,0,0,0,42614128639,42882564095,42916118527,42599752456.70,1118
1790724905,0,322570,0,587.86,1147.92,2453503,4685037567,24796725247,39929774079,42949672959,300288,43620761599,12459314864.89,14580684672.03,322570,10,10,10,0,0,0,0,0,0,43218108415,43520098303,43553652735,43221703533.71,1148
1790724906,0,323772,0,588.97,1201.72,2459647,4836032511,25014829055,40198209535,43218108415,300288,44157632511,12575877532.89,14678330642.46,323772,10,10,10,0,0,0,0,0,0,43889197055,44124078079,44157632511,43856759244.03,1202
1790724907,0,325101,0,590.32,1328.70,2463743,4798283775,25048383487,40298872831,43318771711,300288,44358959103,12598291612.02,14706698278.29,325101,10,10,10,0,0,0,0,0,0,4223664127,44325404671,44325404671,18058826772.80,1329
1790724908,0,325583,0,590.12,481.87,2463743,4743757823,25031606271,40298872831,43285217279,300288,44358959103,12580363971.38,14703193022.39,325583,10,10,10,0,0,0,0,0,0,402653183,1301282815,1379926015,488467911.44,482
1790724909,0,325783,0,589.42,200.06,2461695,4722786303,25014829055,40298872831,43285217279,300288,44358959103,12572642050.24,14701980750.40,325783,10,10,10,0,0,0,0,0,0,2017279,3186687,3366911,2010799.36,200
1790724910,0,325983,0,588.71,199.92,2461695,4697620479,24998051839,40298872831,43285217279,300288,44358959103,12564929623.35,14700765801.25,325983,10,10,10,0,0,0,0,0,0,2022399,3170303,3909631,2041770.24,200
1790724911,0,326183,0,588.01,200.02,2459647,4672454655,24981274623,40298872831,43285217279,300288,44358959103,12557226570.11,14699548274.58,326183,10,10,10,0,0,0,0,0,0,1900543,3059711,3211263,1904550.40,200
1790724912,0,326383,0,587.31,200.08,2457599,4651483135,24981274623,40298872831,43285217279,300288,44358959103,12549533000.82,14698328072.74,326383,10,10,10,0,0,0,0,0,0,1955839,3149823,3528703,1975436.80,200
1790724913,0,326583,0,586.62,199.96,2455551,4626317311,24964497407,40265318399,43285217279,300288,44358959103,12541848610.52,14697105452.57,326583,10,10,10,0,0,0,0,0,0,1528831,2629631,3092479,1576825.60,200
1790724914,0,326783,0,585.92,200.06,2455551,4605345791,24964497407,40265318399,43285217279,300288,44358959103,12534173837.26,14695880036.81,326783,10,10,10,0,0,0,0,0,0,1770495,3289087,4501503,1921448.96,200
1790724915,0,326983,0,585.23,199.97,2453503,4584374271,24947720191,40265318399,43285217279,300288,44358959103,12526508498.72,14694651977.73,326983,10,10,10,0,0,0,0,0,0,2038783,3106815,4065279,1996881.92,200
1790724916,0,327183,0,584.55,200.06,2451455,4563402751,24930942975,40265318399,43285217279,300288,44358959103,12518852507.10,14693421346.79,327183,10,10,10,0,0,0,0,0,0,1878015,3176447,4214783,1956973.44,200
1790724917,0,327383,0,583.86,199.95,2451455,4538236927,24914165759,40265318399,43285217279,300288,44358959103,12511205793.95,14692188198.84,327383,10,10,10,0,0,0,0,0,0,1779711,3117055,3637247,1833056.00,200
1790724918,0,327583,0,583.18,199.93,2449407,4517265407,24914165759,40265318399,43285217279,300288,44358959103,12503568481.06,14690952426.74,327583,10,10,10,0,0,0,0,0,0,1966079,3028991,3260415,1936436.48,200
1790724919,0,327783,0,582.49,199.93,2447359,4496293887,24897388543,40265318399,43285217279,300288,44358959103,12495940563.14,14689714031.67,327783,10,10,10,0,0,0,0,0,0,2028543,3366911,4089855,2059397.12,200
1790724920,0,327983,0,581.82,200.17,2447359,4471128063,24880611327,40265318399,43285217279,300288,44358959103,12488321933.21,14688473101.26,327983,10,10,10,0,0,0,0,0,0,2042879,3182591,3399679,2035061.76,200
1790724921,0,328183,0,581.14,200.01,2445311,4441767935,24863834111,40265318399,43285217279,300288,44358959103,12480712576.40,14687229644.75,328183,10,10,10,0,0,0,0,0,0,2079743,3080191,3262463,2014193.92,200
1790724922,0,328383,0,580.47,199.97,2443263,4420796415,24847056895,40265318399,43285217279,300288,44358959103,12473112567.65,14685983595.06,328383,10,10,10,0,0,0,0,0,0,2103295,3375103,4902911,2144208.64,200
1790724923,0,328583,0,579.80,199.92,2443263,4399824895,24847056895,40265318399,43285217279,300288,44358959103,12465521774.10,14684735061.65,328583,10,10,10,0,0,0,0,0,0,2103295,3264511,4956159,2083978.24,200
1790724924,0,328783,0,579.13,199.99,2441215,4374659071,24830279679,40265318399,43285217279,300288,44358959103,12457940238.72,14683484004.62,328783,10,10,10,0,0,0,0,0,0,2117631,3237887,4093951,2122042.88,200
1790724925,0,328983,0,578.46,199.94,2441215,4353687551,24813502463,40265318399,43285217279,300288,44358959103,12450367876.31,14682230492.83,328983,10,10,10,0,0,0,0,0,0,2096127,3168255,3284991,2047732.48,200
1790724926,0,329183,0,577.80,200.07,2439167,4315938815,24796725247,40231763967,43285217279,300288,44358959103,12442804711.88,14680974501.62,329183,10,10,10,0,0,0,0,0,0,2070527,3117055,3461119,2042095.36,200
1790724927,0,329383,0,577.13,200.02,2439167,4286578687,24779948031,40231763967,43285217279,300288,44358959103,12435250783.80,14679715995.08,329383,10,10,10,0,0,0,0,0,0,2166783,3203071,3444735,2127244.80,200
1790724928,0,329583,0,576.47,199.92,2437119,4265607167,24763170815,40231763967,43285217279,300288,44358959103,12427705939.89,14678455098.69,329583,10,10,10,0,0,0,0,0,0,1946623,3239935,3387391,1989326.08,200
1790724929,0,329783,0,575.82,200.10,2437119,4248829951,24763170815,40231763967,43285217279,300288,44358959103,12420170292.92,14677191713.53,329783,10,10,10,0,0,0,0,0,0,2016255,3213311,3485695,2064624.64,200
1790724930,0,329983,0,575.16,199.90,2435071,4229955583,24746393599,40231763967,43285217279,300288,44358959103,12412643748.14,14675925916.35,329983,10,10,10,0,0,0,0,0,0,1998847,3141631,3303423,2011164.16,200
1790724931,0,330183,0,574.51,200.02,2433023,4208984063,24729616383,40231763967,43285217279,300288,44358959103,12405126401.06,14674657623.01,330183,10,10,10,0,0,0,0,0,0,2170879,3467263,6328319,2142694.40,200
1790724932,0,330383,0,573.86,200.04,2433023,4181721087,24729616383,40231763967,43285217279,300288,44358959103,12397617996.55,14673387045.70,330383,10,10,10,0,0,0,0,0,0,1807359,3125247,3368959,1880353.28,200
1790724933,0,330583,0,573.21,199.94,2430975,4152360959,24712839167,40231763967,43285217279,300288,44358959103,12390118735.48,14672114011.19,330583,10,10,10,0,0,0,0,0,0,2044927,3063807,3192831,1976894.72,200
1790724934,0,330783,0,572.56,200.10,2430975,4131389439,24696061951,40231763967,43285217279,300288,44358959103,12382628601.46,14670838530.00,330783,10,10,10,0,0,0,0,0,0,2142207,3182591,3373055,2073719.04,200
1790724935,0,330983,0,571.92,199.96,2428927,4106223615,24679284735,40231763967,43285217279,300288,44358959103,12375147508.05,14669560671.70,330983,10,10,10,0,0,0,0,0,0,2022399,3129343,5038079,2054905.60,200
1790724936,0,331183,0,571.28,199.94,2426879,4087349247,24679284735,40231763967,43285217279,300288,44358959103,12367675420.99,14668280461.73,331183,10,10,10,0,0,0,0,0,0,2063359,3035135,3172351,2006461.44,200
1790724937,0,331383,0,570.64,200.14,2426879,4062183423,24662507519,40231763967,43285217279,300288,44358959103,12360212405.54,14666997841.66,331383,10,10,10,0,0,0,0,0,0,2117631,3127295,3332095,2093177.60,200
1790724938,0,331583,0,570.00,199.88,2424831,4043309055,24662507519,40231763967,43285217279,300288,44358959103,12352758290.64,14665712952.20,331583,10,10,10,0,0,0,0,0,0,1901567,3039231,3190783,1923504.64,200
1790724939,0,331783,0,569.37,200.10,2424831,4020240383,24645730303,40231763967,43285217279,300288,44358959103,12345313213.58,14664425674.25,331783,10,10,10,0,0,0,0,0,0,2010111,3125247,3258367,2008279.04,200
1790724940,0,331983,0,568.73,199.90,2422783,3999268863,24628953087,40231763967,43285217279,300288,44358959103,12337877140.61,14663136032.85,331983,10,10,10,0,0,0,0,0,0,2070527,3274751,3543039,2064152.32,200
1790724941,0,332183,0,568.10,199.99,2422783,3969908735,24612175871,40198209535,43285217279,300288,44358959103,12330449982.82,14661844099.40,332183,10,10,10,0,0,0,0,0,0,1999871,3135487,3260415,1999361.28,200
1790724942,0,332383,0,567.48,199.98,2420735,3936354303,24612175871,40198209535,43285217279,300288,44358959103,12323031802.91,14660549817.73,332383,10,10,10,0,0,0,0,0,0,2000895,3209215,4272127,2065515.52,200
1790724943,0,332583,0,566.85,200.08,2420735,3919577087,24595398655,40198209535,43285217279,300288,44358959103,12315622488.03,14659253279.27,332583,10,10,10,0,0,0,0,0,0,1921023,3268607,3622911,1970945.28,200
1790724944,0,332783,0,566.23,200.08,2418687,3894411263,24578621439,40198209535,43285217279,300288,44358959103,12308222146.35,14657954389.72,332783,10,10,10,0,0,0,0,0,0,1924095,3348479,4431871,2082965.76,200
1790724945,0,332983,0,565.60,199.85,2418687,3875536895,24578621439,40198209535,43285217279,300288,44358959103,12300830732.80,14656653183.58,332983,10,10,10,0,0,0,0,0,0,2134015,3268607,4870143,2146848.00,200
1790724946,0,333183,0,564.98,200.03,2416639,3848273919,24561844223,40198209535,43285217279,300288,44358959103,12293448101.37,14655349779.93,333183,10,10,10,0,0,0,0,0,0,1970175,3166207,3334143,1994289.92,200
1790724947,0,333383,0,564.36,199.94,2414591,3827302399,24545067007,40198209535,43285217279,300288,44358959103,12286074361.98,14654044083.08,333383,10,10,10,0,0,0,0,0,0,1992703,3174399,3366911,2051319.04,200
1790724948,0,333583,0,563.75,200.05,2414591,3806330879,24528289791,40198209535,43285217279,300288,44358959103,12278709447.23,14652736146.17,333583,10,10,10,0,0,0,0,0,0,2055167,3139583,3317759,2022565.12,200
1790724949,0,333783,0,563.14,200.12,2412543,3787456511,24528289791,40198209535,43285217279,300288,44358959103,12271353403.52,14651425926.87,333783,10,10,10,0,0,0,0,0,0,2057215,3270655,4210687,2097766.40,200
1790724950,0,333983,0,562.52,199.90,2412543,3766484991,24511512575,40198209535,43285217279,300288,44358959103,12264006157.12,14650113483.56,333983,10,10,10,0,0,0,0,0,0,2027519,3246079,4423679,2076431.36,200
1790724951,0,334183,0,561.91,200.01,2410495,3745513471,24494735359,40198209535,43285217279,300288,44358959103,12256667719.09,14648798803.54,334183,10,10,10,0,0,0,0,0,0,2064383,3375103,4198399,2099976.96,200
1790724952,0,334383,0,561.31,199.93,2410495,3716153343,24477958143,40198209535,43285217279,300288,44358959103,12249338036.01,14647481928.10,334383,10,10,10,0,0,0,0,0,0,1983487,3371007,3913727,2060625.92,200
1790724953,0,334583,0,560.70,200.06,2408447,3686793215,24477958143,40198209535,43285217279,300288,44358959103,12242017105.57,14646162855.69,334583,10,10,10,0,0,0,0,0,0,2018303,3258367,3633151,2043695.36,200
1790724954,0,334783,0,560.10,200.06,2408447,3663724543,24461180927,40198209535,43285217279,300288,44358959103,12234704969.89,14644841547.73,334783,10,10,10,0,0,0,0,0,0,2033663,3289087,4837375,2123513.60,200
1790724955,0,334983,0,559.50,200.01,2406399,3640655871,24444403711,40198209535,43285217279,300288,44358959103,12227401559.86,14643518058.57,334983,10,10,10,0,0,0,0,0,0,2109439,3383295,4415487,2113949.44,200
1790724956,0,335183,0,558.90,199.92,2406399,3617587199,24444403711,40164655103,43285217279,300288,44358959103,12220106817.52,14642192433.12,335183,10,10,10,0,0,0,0,0,0,2034687,3241983,3414015,2033452.80,200
1790724957,0,335981,0,559.30,798.53,2408447,3527409663,24394072063,40164655103,43285217279,300288,44358959103,12191735479.71,14636350515.01,335981,10,10,10,0,0,0,0,0,0,272105471,554172415,574619647,274955881.86,798
1790724958,0,337019,0,560.09,1037.33,2412543,3399483391,24326963199,40164655103,43285217279,300288,44358959103,12157185520.11,14627012868.08,337019,10,10,10,0,0,0,0,0,0,980418559,1340080127,1366294527,974015983.23,1038
1790724959,0,338137,0,561.02,1117.81,2416639,3269459967,24259854335,40164655103,43285217279,300288,44358959103,12122837237.43,14614989653.81,338137,10,10,10,0,0,0,0,0,0,1768947711,2110783487,2141192191,1768611942.58,1118
1790724960,0,339228,0,561.89,1091.96,2418687,3143630847,24192745471,40131100671,43285217279,300288,44358959103,12091990380.38,14601576626.56,339228,10,10,10,0,0,0,0,0,0,2527068159,2896166911,2927624191,2531528692.74,1091
1790724961,0,340255,0,562.66,1026.98,2422783,3181379583,24125636607,40131100671,43285217279,300288,44358959103,12065542225.12,14587450749.55,340255,10,10,10,0,0,0,0,0,0,3323985919,3682598911,3720347647,3329461590.00,1027
1790724962,0,341253,0,563.38,997.90,2426879,3273654271,24075304959,40131100671,43251662847,300288,44358959103,12042315850.10,14572421922.40,341253,10,10,10,0,0,0,0,0,0,4123000831,4483710975,4521459711,4123588160.64,998
1790724963,0,342274,0,564.14,1020.38,2428927,3361734655,24008196095,40097546239,43251662847,300288,44358959103,12021112251.14,14555839215.24,342274,10,10,10,0,0,0,0,0,0,4936695807,5284823039,5314183167,4934146772.12,1021
1790724964,0,343256,0,564.82,981.95,2433023,3458203647,23957864447,40097546239,43251662847,300288,44358959103,12003081305.54,14538906278.26,343256,10,10,10,0,0,0,0,0,0,5712642047,6085935103,6119489535,5718433775.32,982
1790724965,0,344243,0,565.52,987.16,2437119,3544186879,23907532799,40063991807,43251662847,300288,44358959103,11987413842.20,14520993778.19,344243,10,10,10,0,0,0,0,0,0,6547308543,6895435775,6928990207,6538628841.95,987
1790724966,0,345258,0,566.26,1015.46,2439167,3638558719,23840423935,40063991807,43251662847,300288,44358959103,11973752912.66,14501820997.56,345258,10,10,10,0,0,0,0,0,0,7344226303,7688159231,7717519359,7340571267.66,1015
1790724967,0,346312,0,567.05,1054.05,2443263,3739222015,23773315071,40030437375,43251662847,300288,44358959103,11962017728.48,14481299196.51,346312,10,10,10,0,0,0,0,0,0,8111783935,8480882687,8510242815,8117932133.04,1054
1790724968,0,347323,0,567.78,1010.08,2447359,3821010943,23706206207,40030437375,43251662847,300288,44358959103,11953131749.67,14461148131.34,347323,10,10,10,0,0,0,0,0,0,8900313087,9277800447,9311354879,8909292881.28,1011
1790724969,0,348338,0,568.51,1015.03,2451455,3913285631,23655874559,40030437375,43251662847,300288,44358959103,11946635256.14,14440569599.64,348338,10,10,10,0,0,0,0,0,0,9730785279,10083106815,10099884031,9723599176.89,1015
1790724970,0,349369,0,569.26,1031.57,2455551,4009754623,23588765695,40030437375,43251662847,300288,44358959103,11942385162.03,14419463623.24,349369,10,10,10,0,0,0,0,0,0,10494148607,10871635967,10896801791,10506430473.93,1031
1790724971,0,350371,0,569.97,1001.54,2457599,4095737855,23521656831,39996882943,43251662847,300288,44358959103,11940584801.06,14398874958.81,350371,10,10,10,0,0,0,0,0,0,11316232191,11668553727,11702108159,11312849958.83,1002
1790724972,0,351385,0,570.69,1014.92,2461695,4194303999,23454547967,39996882943,43251662847,300288,44358959103,11941097052.44,14378092979.62,351385,10,10,10,0,0,0,0,0,0,12113149951,12473860095,12499025919,12118097079.79,1014
1790724973,0,352456,0,571.50,1070.02,2465791,4280287231,23404216319,39963328511,43251662847,300288,44358959103,11943997755.75,14356332592.05,352456,10,10,10,0,0,0,0,0,0,12893290495,13245612031,13279166463,12895691157.39,1071
1790724974,0,353485,0,572.24,1028.89,2469887,4391436287,23337107455,39963328511,43251662847,300288,44358959103,11949086968.42,14335736361.40,353485,10,10,10,0,0,0,0,0,0,13706985471,14050918399,14084472831,13692258532.88,1029
1790724975,0,354498,0,572.95,1013.72,2471935,4479516671,23286775807,39963328511,43251662847,300288,44358959103,11956310596.49,14315880542.53,354498,10,10,10,0,0,0,0,0,0,14487126015,14856224767,14873001983,14476985985.90,1013
1790724976,0,355542,0,573.71,1043.95,2476031,4575985663,23219666943,39929774079,43218108415,300288,44358959103,11966085635.43,14295986627.03,355542,10,10,10,0,0,0,0,0,0,15284043775,15636365311,15669919743,15285273140.97,1044
1790724977,0,356575,0,574.45,1032.69,2480127,4659871743,23152558079,39929774079,43218108415,300288,44358959103,11977967486.59,14276971204.33,356575,10,10,10,0,0,0,0,0,0,16072572927,16433283071,16458448895,16067509716.88,1033
1790724978,0,357630,0,575.23,1055.28,2484223,4756340735,23102226431,39896219647,43218108415,300288,44358959103,11992323230.75,14258345424.66,357630,10,10,10,0,0,0,0,0,0,16835936255,17213423615,17246978047,16844360644.79,1055
1790724979,0,358696,0,576.01,1066.38,2488319,4861198335,23035117567,39896219647,43218108415,300288,44358959103,12009098863.71,14240463295.70,358696,10,10,10,0,0,0,0,0,0,17649631231,18018729983,18035507199,17637119143.14,1066
1790724980,0,359771,0,576.81,1074.56,2492415,4961861631,22984785919,39896219647,43218108415,300288,44358959103,12028292257.57,14223499169.92,359771,10,10,10,0,0,0,0,0,0,18438160383,18790481919,18824036351,18432565377.55,1075
1790724981,0,360839,0,577.60,1067.39,2496511,5058330623,22900899839,39862665215,43218108415,300288,44358959103,12049560141.51,14207803110.93,360839,10,10,10,0,0,0,0,0,0,19209912319,19579011071,19612565503,19213949533.96,1068
1790724982,0,361931,0,578.42,1092.76,2500607,5163188223,22833790975,39862665215,43218108415,300288,44358959103,12073519001.79,14193042349.22,361931,10,10,10,0,0,0,0,0,0,19998441471,20350763007,20384317439,19990452321.52,1092
1790724983,0,363034,0,579.26,1102.24,2502655,5272240127,22766682111,39862665215,43218108415,300288,44358959103,12099954737.20,14179558437.47,363034,10,10,10,0,0,0,0,0,0,20770193407,21139292159,21156069375,20774399119.90,1103
1790724984,0,364156,0,580.12,1122.70,2506751,5381292031,22699573247,39862665215,43218108415,300288,44358959103,12129084804.76,14167395910.23,364156,10,10,10,0,0,0,0,0,0,21558722559,21911044095,21944598527,21554401155.88,1122
1790724985,0,365322,0,581.06,1166.29,2510847,5498732543,22666018815,39829110783,43218108415,300288,44358959103,12161674067.32,14156494684.81,365322,10,10,10,0,0,0,0,0,0,22347251711,22699573247,22716350463,22339697648.19,1166
1790724986,0,366512,0,582.02,1189.77,2514943,5616173055,22817013759,39829110783,43218108415,300288,44358959103,12197162105.48,14147170784.54,366512,10,10,10,0,0,0,0,0,0,23085449215,23454547967,23471325183,23091751245.88,1190
1790724987,0,367718,0,583.01,1205.96,2521087,5742002175,22984785919,39829110783,43218108415,300288,44358959103,12235356391.74,14139644056.28,367718,10,10,10,0,0,0,0,0,0,23857201151,24192745471,24226299903,23842872352.27,1206
1790724988,0,368888,0,583.94,1169.63,2525183,5872025599,23119003647,39795556351,43218108415,300288,44358959103,12274611789.69,14134351355.58,368888,10,10,10,0,0,0,0,0,0,24628953087,24964497407,24998051839,24612147193.00,1170
1790724989,0,370049,0,584.85,1160.85,2529279,5989466111,23286775807,39795556351,43218108415,300288,44358959103,12315728760.08,14131185547.62,370049,10,10,10,0,0,0,0,0,0,25383927807,25736249343,25769803775,25379946651.23,1161
1790724990,0,371186,0,585.72,1137.62,2531327,6094323711,23437770751,39762001919,43218108415,300288,44358959103,12358119524.42,14130241299.24,371186,10,10,10,0,0,0,0,0,0,26155679743,26508001279,26541555711,26154654223.76,1137
1790724991,0,372294,0,586.55,1108.15,2535423,6215958527,23571988479,39762001919,43218108415,300288,44358959103,12401435890.80,14131461806.19,372294,10,10,10,0,0,0,0,0,0,26910654463,27279753215,27313307647,26912653193.70,1108
1790724992,0,373346,0,587.28,1051.36,2539519,6320816127,23706206207,39762001919,43218108415,300288,44358959103,12444581739.69,14134866607.94,373346,10,10,10,0,0,0,0,0,0,27715960831,28068282367,28118614015,27713536747.56,1052
1790724993,0,374418,0,588.04,1072.59,2543615,6417285119,23840423935,39728447487,43218108415,300288,44358959103,12490572257.63,14140693223.04,374418,10,10,10,0,0,0,0,0,0,28521267199,28856811519,28890365951,28507713963.94,1072
1790724994,0,375488,0,588.80,1069.80,2547711,6517948415,23974641663,39728447487,43218108415,300288,44358959103,12538400698.47,14148851965.49,375488,10,10,10,0,0,0,0,0,0,29276241919,29645340671,29678895103,29274689635.53,1070
1790724995,0,376522,0,589.49,1033.51,2551807,6610223103,24108859391,39728447487,43218108415,300288,44358959103,12586566910.29,14159197745.19,376522,10,10,10,0,0,0,0,0,0,30081548287,30433869823,30467424255,30077702833.27,1034
1790724996,0,377569,0,590.21,1047.79,2555903,6706692095,24259854335,39694893055,43218108415,300288,44358959103,12637278538.84,14172223344.95,377569,10,10,10,0,0,0,0,0,0,30886854655,31239176191,31272730623,30874187617.56,1047
1790724997,0,378624,0,590.93,1054.94,2559999,6815743999,24394072063,39694893055,43184553983,300288,44358959103,12690288246.33,14187955266.85,378624,10,10,10,0,0,0,0,0,0,31675383807,32010928127,32044482559,31661683740.15,1055
1790724998,0,379680,0,591.66,1055.90,2564095,6916407295,24528289791,39661338623,43184553983,300288,44358959103,12745239703.23,14206373470.23,379680,10,10,10,0,0,0,0,0,0,32447135743,32816234495,32833011711,32447834794.67,1056
1790724999,0,380788,0,592.46,1107.83,2568191,7033847807,24679284735,39661338623,43184553983,300288,44358959103,12804875269.90,14228584827.39,380788,10,10,10,0,0,0,0,0,0,33269219327,33587986431,33621540863,33240283172.97,1108
1790725000,0,381890,0,593.25,1102.36,2572287,7126122495,24830279679,39661338623,43184553983,300288,44358959103,12866066616.38,14253505081.22,381890,10,10,10,0,0,0,0,0,0,34007416831,34393292799,34393292799,34010286618.95,1102
1790725001,0,382990,0,594.04,1099.70,2576383,7235174399,24981274623,39627784191,43184553983,300288,44358959103,12929078532.19,14281368573.41,382990,10,10,10,0,0,0,0,0,0,34829500415,35165044735,35198599167,34805097192.73,1100
1790725002,0,384060,0,594.78,1069.52,2578431,7214202879,25014829055,39627784191,43184553983,300288,44358959103,12942367235.16,14285035437.80,384060,10,10,10,0,0,0,0,0,0,5456789503,35467034623,35500589055,17698853545.39,1070
1790725003,0,385137,0,595.52,1077.69,2582527,7113539583,24964497407,39627784191,43184553983,300288,44358959103,12922692380.19,14269890730.16,385137,10,10,10,0,0,0,0,0,0,5905580031,6257901567,6291455999,5906606215.01,1077
1790725004,0,386213,0,596.26,1075.86,2586623,7029653503,24914165759,39594229759,43184553983,300288,44358959103,12905306883.39,14253799270.04,386213,10,10,10,0,0,0,0,0,0,6681526271,7046430719,7075790847,6682446212.28,1076
1790725005,0,387280,0,596.99,1067.16,2590719,7105150975,24863834111,39594229759,43184553983,300288,44358959103,12890348989.20,14236999792.04,387280,10,10,10,0,0,0,0,0,0,7470055423,7830765567,7864319999,7476166057.15,1067
1790725006,0,388359,0,597.73,1078.99,2594815,7184842751,24813502463,39594229759,43184553983,300288,44358959103,12877474855.64,14219305523.52,388359,10,10,10,0,0,0,0,0,0,8262778879,8623489023,8648654847,8256627363.71,1079
1790725007,0,389411,0,598.43,1051.81,2598911,7272923135,24763170815,39560675327,43184553983,300288,44358959103,12867127677.40,14201482203.75,389411,10,10,10,0,0,0,0,0,0,9034530815,9412018175,9437183999,9047336998.94,1052
1790725008,0,390490,0,599.17,1079.02,2603007,7352614911,24712839167,39560675327,43184553983,300288,44358959103,12858729804.97,14182750159.17,390490,10,10,10,0,0,0,0,0,0,9823059967,10183770111,10217324543,9827938421.68,1079
1790725009,0,391560,0,599.89,1070.27,2607103,7440695295,24662507519,39527120895,43184553983,300288,44358959103,12852596548.06,14163848183.36,391560,10,10,10,0,0,0,0,0,0,10628366335,10980687871,11005853695,10614301697.91,1070
1790725010,0,392616,0,600.59,1055.92,2611199,7520387071,24628953087,39527120895,43184553983,300288,44358959103,12848705079.66,14144990880.96,392616,10,10,10,0,0,0,0,0,0,11408506879,11769217023,11794382847,11405766283.64,1056
1790725011,0,393688,0,601.31,1071.24,2615295,7604273151,24578621439,39527120895,43184553983,300288,44358959103,12846941898.52,14125764665.53,393688,10,10,10,0,0,0,0,0,0,12213813247,12549357567,12582911999,12201183384.84,1072
1790725012,0,394762,0,602.03,1074.81,2617343,7688159231,24528289791,39493566463,43184553983,300288,44358959103,12847301190.89,14106542772.11,394762,10,10,10,0,0,0,0,0,0,12993953791,13329498111,13363052543,12979004261.54,1074
1790725013,0,395836,0,602.75,1073.60,2621439,7759462399,24477958143,39493566463,43184553983,300288,44358959103,12849809746.70,14087479685.75,395836,10,10,10,0,0,0,0,0,0,13774094335,14126415871,14151581695,13771860498.12,1074
1790725014,0,396956,0,603.53,1120.20,2627583,7851737087,24427626495,39493566463,43150999551,300288,44358959103,12854600031.34,14067885042.28,396956,10,10,10,0,0,0,0,0,0,14554234879,14898167807,14923333631,14547606381.71,1120
1790725015,0,398065,0,604.30,1109.25,2629631,7931428863,24377294847,39460012031,43150999551,300288,44358959103,12861516563.12,14048889136.31,398065,10,10,10,0,0,0,0,0,0,15342764031,15686696959,15711862783,15337223314.81,1109
1790725016,0,399149,0,605.03,1082.92,2633727,8006926335,24343740415,39460012031,43150999551,300288,44358959103,12870342265.01,14030823564.21,399149,10,10,10,0,0,0,0,0,0,16106127359,16466837503,16492003327,16111304462.17,1084
1790725017,0,400170,0,605.66,1021.44,2637823,7981760511,24293408767,39460012031,43150999551,300288,44358959103,12859830015.41,14016913064.25,400170,10,10,10,0,0,0,0,0,0,5427429375,16718495743,16743661567,8750178777.39,1021
1790725018,0,401254,0,606.38,1083.97,2641919,7902068735,24243077119,39426457599,43150999551,300288,44358959103,12841227976.22,14002533782.56,401254,10,10,10,0,0,0,0,0,0,5985271807,6329204735,6358564863,5974089576.86,1084
1790725019,0,402328,0,607.08,1073.94,2646015,7822376959,24192745471,39426457599,43150999551,300288,44358959103,12824999184.48,13987354452.02,402328,10,10,10,0,0,0,0,0,0,6765412351,7113539583,7142899711,6761807749.96,1074
1790725020,0,403429,0,607.83,1100.85,2650111,7767851007,24142413823,39426457599,43150999551,300288,44358959103,12810567572.93,13970983729.04,403429,10,10,10,0,0,0,0,0,0,7541358591,7881097215,7914651647,7536960477.59,1101
1790725021,0,404524,0,608.56,1095.52,2654207,7839154175,24092082175,39392903167,43150999551,300288,44358959103,12798418046.66,13954015513.49,404524,10,10,10,0,0,0,0,0,0,8317304831,8673820671,8698986495,8322188610.63,1095
1790725022,0,405623,0,609.30,1099.06,2658303,7910457343,24041750527,39392903167,43150999551,300288,44358959103,12788374082.01,13936436422.20,405623,10,10,10,0,0,0,0,0,0,9093251071,9445572607,9479127039,9091354284.84,1099
1790725023,0,406729,0,610.04,1106.08,2662399,7977566207,24008196095,39359348735,43150999551,300288,44358959103,12780456967.08,13918305944.07,406729,10,10,10,0,0,0,0,0,0,9881780223,10225713151,10259267583,9876872964.17,1106
1790725024,0,407824,0,610.77,1094.32,2666495,8040480767,23957864447,39359348735,43150999551,300288,44358959103,12774751941.29,13900047999.15,407824,10,10,10,0,0,0,0,0,0,10670309375,11005853695,11047796735,10655665700.94,1095
1790725025,0,408940,0,611.52,1116.47,2670591,8107589631,23907532799,39359348735,43150999551,300288,44358959103,12771128291.58,13881246336.19,408940,10,10,10,0,0,0,0,0,0,11450449919,11794382847,11819548671,11446924599.97,1116
1790725026,0,410270,0,612.60,1329.73,2674687,8191475711,23857201151,39325794303,43150999551,300288,44358959103,12769275539.63,13858771413.64,410270,10,10,10,0,0,0,0,0,0,12213813247,12532580351,12549357567,12199603072.19,1330
1790725027,0,411552,0,613.60,1282.82,2680831,8271167487,23790092287,39325794303,43117445119,300288,44358959103,12769753553.40,13837177415.49,411552,10,10,10,0,0,0,0,0,0,12926844927,13262389247,13295943679,12922729144.51,1282
1790725028,0,412871,0,614.65,1318.93,2684927,8355053567,23739760639,39325794303,43117445119,300288,44358959103,12772635464.81,13815155981.54,412871,10,10,10,0,0,0,0,0,0,13673431039,14008975359,14034141183,13671844263.88,1319
1790725029,0,414198,0,615.70,1326.94,2689023,8426356735,23672651775,39292239871,43117445119,300288,44358959103,12777836406.78,13793318106.14,414198,10,10,10,0,0,0,0,0,0,14394851327,14730395647,14763950079,14396011320.14,1327
1790725030,0,415553,0,616.80,1353.97,2695167,8510242815,23622320127,39292239871,43117445119,300288,44358959103,12785519525.64,13771472368.38,415553,10,10,10,0,0,0,0,0,0,15141437439,15468593151,15493758975,15134104372.71,1355
1790725031,0,416839,0,617.79,1285.90,2699263,8581545983,23571988479,39258685439,43117445119,300288,44358959103,12795053864.98,13751285844.55,416839,10,10,10,0,0,0,0,0,0,15888023551,16206790655,16240345087,15875942912.80,1286
1790725032,0,418268,0,618.99,1430.27,2705407,8665432063,23504879615,39258685439,43117445119,300288,44358959103,12808080328.58,13729583683.19,418268,10,10,10,0,0,0,0,0,0,16617832447,16936599551,16961765375,16607897025.30,1429
1790725033,0,419702,0,620.20,1433.64,2711551,8749318143,23454547967,39225131007,43117445119,300288,44358959103,12823465892.69,13708632463.55,419702,10,10,10,0,0,0,0,0,0,17314086911,17632854015,17666408447,17311115215.44,1434
1790725034,0,421158,0,621.43,1455.66,2717695,8841592831,23387439103,39225131007,43117445119,300288,44358959103,12841439966.28,13688323322.51,421158,10,10,10,0,0,0,0,0,0,18035507199,18354274303,18387828735,18022590126.42,1456
1790725035,0,422578,0,622.61,1420.74,2721791,8933867519,23320330239,39191576575,43117445119,300288,44358959103,12861245875.80,13669566896.33,422578,10,10,10,0,0,0,0,0,0,18740150271,19058917375,19092471807,18735483370.37,1420
1790725036,0,424219,0,624.11,1640.58,2727935,9034530815,23253221375,39191576575,43083890687,300288,44358959103,12886685368.29,13649213718.50,424219,10,10,10,0,0,0,0,0,0,19444793343,19730006015,19763560447,19437672484.19,1641
1790725037,0,425854,0,625.59,1634.85,2734079,9143582719,23169335295,39158022143,43083890687,300288,44358959103,12903057151.26,13626086542.36,425854,10,10,10,0,0,0,0,0,0,17230200831,19830669311,19864223743,17150898985.18,1635
1790725038,0,427562,0,627.18,1708.49,2740223,9160359935,23102226431,39158022143,43083890687,300288,44358959103,12890869298.48,13600900975.20,427562,10,10,10,0,0,0,0,0,0,9865003007,13237223423,13539213311,9852083667.63,1708
1790725039,0,428979,0,628.34,1416.82,2746367,9076473855,23051894783,39124467711,43083890687,300288,44358959103,12858044343.48,13590780934.74,428979,10,10,10,0,0,0,0,0,0,2938109951,5758779391,6027214847,2953525354.23,1417
1790725040,0,429179,0,627.71,199.92,2744319,9059696639,23035117567,39124467711,43083890687,300288,44358959103,12852053420.81,13590446406.04,429179,10,10,10,0,0,0,0,0,0,2007039,3737599,5005311,2153340.80,200
1790725041,0,429379,0,627.09,200.10,2744319,9042919423,23018340351,39124467711,43083890687,300288,44358959103,12846068410.97,13590109229.87,429379,10,10,10,0,0,0,0,0,0,2871295,4472831,5144575,2865707.52,200
1790725042,0,429579,0,626.46,199.83,2742271,9034530815,23018340351,39124467711,43083890687,300288,44358959103,12840088592.80,13589770087.28,429579,10,10,10,0,0,0,0,0,0,1998847,3250175,3622911,2046873.60,200
1790725043,0,429779,0,625.84,200.00,2740223,9017753599,23001563135,39124467711,43083890687,300288,44358959103,12834114351.60,13589428613.39,429779,10,10,10,0,0,0,0,0,0,1992703,3241983,3862527,2071539.20,200
1790725044,0,429979,0,625.22,200.14,2738175,9009364991,23001563135,39124467711,43083890687,300288,44358959103,12828145675.77,13589084818.53,429979,10,10,10,0,0,0,0,0,0,1974271,3440639,5554175,2088026.88,200
1790725045,0,430179,0,624.60,200.00,2736127,9000976383,23001563135,39124467711,43083890687,300288,44358959103,12822182535.27,13588738730.45,430179,10,10,10,0,0,0,0,0,0,1894399,3715071,4534271,2056595.20,200
1790725046,0,430379,0,623.99,199.94,2736127,8984199167,22984785919,39124467711,43083890687,300288,44358959103,12816225003.60,13588390279.20,430379,10,10,10,0,0,0,0,0,0,2073599,3758079,5464063,2199914.88,200
1790725047,0,430579,0,623.38,200.04,2734079,8975810559,22968008703,39124467711,43083890687,300288,44358959103,12810273097.27,13588039448.66,430579,10,10,10,0,0,0,0,0,0,2367487,3657727,4128767,2395626.24,200
1790725048,0,430779,0,622.76,199.92,2732031,8959033343,22968008703,39124467711,43083890687,300288,44358959103,12804326650.89,13587686394.15,430779,10,10,10,0,0,0,0,0,0,2260991,3379199,3768319,2251975.68,200
1790725049,0,430979,0,622.15,199.98,2732031,8950644735,22951231487,39124467711,43083890687,300288,44358959103,12798385838.19,13587330951.35,430979,10,10,10,0,0,0,0,0,0,2494463,3823615,6172671,2499076.48,200
1790725050,0,431179,0,621.54,199.96,2729983,8933867519,22951231487,39090913279,43083890687,300288,44358959103,12792450473.85,13586973294.22,431179,10,10,10,0,0,0,0,0,0,2316287,3627007,4653055,2363525.76,200
1790725051,0,431379,0,620.94,200.14,2727935,8925478911,22934454271,39090913279,43083890687,300288,44358959103,12786520570.43,13586613410.23,431379,10,10,10,0,0,0,0,0,0,2209791,3610623,4710399,2271436.16,200
1790725052,0,431579,0,620.33,199.90,2727935,8908701695,22917677055,39090913279,43083890687,300288,44358959103,12780596342.51,13586251096.88,431579,10,10,10,0,0,0,0,0,0,2418687,5853183,6692863,2658761.60,200
1790725053,0,431779,0,619.73,199.96,2725887,8900313087,22917677055,39090913279,43083890687,300288,44358959103,12774677515.51,13585886611.85,431779,10,10,10,0,0,0,0,0,0,2314239,4591615,5574655,2470323.20,200
1790725054,0,431979,0,619.13,200.11,2725887,8891924479,22900899839,39090913279,43083890687,300288,44358959103,12768764087.30,13585519956.40,431979,10,10,10,0,0,0,0,0,0,2310143,3702783,5435391,2293509.76,200
1790725055,0,432179,0,618.53,200.07,2723839,8875147263,22900899839,39090913279,43083890687,300288,44358959103,12762856284.91,13585150916.56,432179,10,10,10,0,0,0,0,0,0,2603007,4198399,4542463,2623436.16,200
1790725056,0,432379,0,617.93,199.88,2723839,8866758655,22900899839,39090913279,43083890687,300288,44358959103,12756953772.56,13584779807.09,432379,10,10,10,0,0,0,0,0,0,2277375,3764223,4012031,2244353.28,200
1790725057,0,432579,0,617.33,200.07,2721791,8849981439,22884122623,39090913279,43083890687,300288,44358959103,12751056625.06,13584406556.93,432579,10,10,10,0,0,0,0,0,0,1955839,3291135,3768319,2042918.40,200
1790725058,0,432779,0,616.74,200.03,2719743,8841592831,22884122623,39090913279,43083890687,300288,44358959103,12745165064.48,13584030956.98,432779,10,10,10,0,0,0,0,0,0,2234367,3823615,4300799,2338149.12,200
1790725059,0,432979,0,616.15,199.84,2717695,8824815615,22867345407,39090913279,43083890687,300288,44358959103,12739278769.94,13583653307.64,432979,10,10,10,0,0,0,0,0,0,1932287,3395583,3821567,1955445.76,200
1790725060,0,433179,0,615.55,200.15,2715647,8808038399,22867345407,39090913279,43083890687,300288,44358959103,12733397938.76,13583273423.09,433179,10,10,10,0,0,0,0,0,0,2042879,3196927,3305471,2015916.80,200
1790725061,0,433379,0,614.96,199.94,2715647,8799649791,22850568191,39090913279,43083890687,300288,44358959103,12727522553.37,13582891319.14,433379,10,10,10,0,0,0,0,0,0,2032639,3244031,3432447,2054713.60,200
1790725062,0,433579,0,614.38,199.91,2713599,8782872575,22833790975,39090913279,43083890687,300288,44358959103,12721652655.29,13582506956.27,433579,10,10,10,0,0,0,0,0,0,2269183,3260415,4468735,2199863.04,200
1790725063,0,433779,0,613.79,200.14,2711551,8774483967,22833790975,39090913279,43083890687,300288,44358959103,12715788105.83,13582120463.72,433779,10,10,10,0,0,0,0,0,0,2059263,3164159,3475455,2060641.28,200
1790725064,0,433979,0,613.21,199.84,2709503,8766095359,22817013759,39090913279,43083890687,300288,44358959103,12709928977.41,13581731772.96,433979,10,10,10,0,0,0,0,0,0,2134015,3207167,3362815,2094663.68,200
1790725065,0,434179,0,612.62,200.14,2709503,8749318143,22817013759,39057358847,43083890687,300288,44358959103,12704075202.38,13581340946.61,434179,10,10,10,0,0,0,0,0,0,1894399,3127295,3639295,1998032.00,200
1790725066,0,434379,0,612.04,200.01,2707455,8740929535,22817013759,39057358847,43083890687,300288,44358959103,12698226844.32,13580947924.51,434379,10,10,10,0,0,0,0,0,0,2012159,3244031,3465215,2055559.68,200
1790725067,0,434579,0,611.46,199.90,2705407,8724152319,22800236543,39057358847,43083890687,300288,44358959103,12692383854.08,13580552751.91,434579,10,10,10,0,0,0,0,0,0,2045951,3174399,3350527,2022565.12,200
1790725068,0,434779,0,610.88,200.04,2703359,8715763711,22783459327,39057358847,43083890687,300288,44358959103,12686546301.04,13580155363.32,434779,10,10,10,0,0,0,0,0,0,2138111,3301375,3442687,2156485.12,200
1790725069,0,434979,0,610.31,200.05,2703359,8707375103,22783459327,39057358847,43083890687,300288,44358959103,12680714011.92,13579755919.90,434979,10,10,10,0,0,0,0,0,0,1936383,3149823,3327999,1929859.84,200
1790725070,0,435179,0,609.73,199.94,2701311,8698986495,22766682111,39057358847,43083890687,300288,44358959103,12674887162.96,13579354256.35,435179,10,10,10,0,0,0,0,0,0,2129919,3184639,3340287,2102499.84,200
1790725071,0,435379,0,609.16,200.07,2699263,8682209279,22766682111,39057358847,43083890687,300288,44358959103,12669065658.30,13578950461.51,435379,10,10,10,0,0,0,0,0,0,1995775,3336191,4374527,2082781.44,200
1790725072,0,435579,0,608.59,200.00,2697215,8673820671,22749904895,39057358847,43083890687,300288,44358959103,12663249431.92,13578544596.22,435579,10,10,10,0,0,0,0,0,0,1914879,3186687,3342335,1935301.12,200
1790725073,0,435779,0,608.02,200.00,2697215,8657043455,22749904895,39057358847,43083890687,300288,44358959103,12657438601.93,13578136549.61,435779,10,10,10,0,0,0,0,0,0,2019327,3198975,3569663,2061021.44,200
1790725074,0,435979,0,607.45,200.02,2695167,8648654847,22733127679,39057358847,43083890687,300288,44358959103,12651633093.83,13577726390.46,435979,10,10,10,0,0,0,0,0,0,2105343,3082239,3340287,2040531.20,200
1790725075,0,436179,0,606.88,199.91,2693119,8640266239,22733127679,39057358847,43083890687,300288,44358959103,12645832898.77,13577314126.31,436179,10,10,10,0,0,0,0,0,0,2088959,3135487,3284991,2016680.96,200
1790725076,0,436379,0,606.32,200.00,2693119,8631877631,22716350463,39057358847,43083890687,300288,44358959103,12640038037.08,13576899737.50,436379,10,10,10,0,0,0,0,0,0,2115583,3213311,3327999,2053140.48,200
1790725077,0,436429,0,605.54,49.99,2691071,8623489023,22716350463,39057358847,43083890687,300288,44358959103,12638590148.20,13576795814.55,436429,10,10,10,0,0,0,0,0,0,1984511,3174399,3426303,2024171.52,50
1790725078,0,436429,0,604.71,0.00,2691071,8623489023,22716350463,39057358847,43083890687,300288,44358959103,12638590148.20,13576795814.55,436429,10,10,10,0,0,0,0,0,0,0,0,0,0.00,0
