timestamp,sent_count,received_count,error_count,total_throughput,interval_throughput,latency_ns_p25,latency_ns_p50,latency_ns_p75,latency_ns_p95,latency_ns_p99,latency_ns_min,latency_ns_max,latency_ns_mean,latency_ns_stddev,latency_sample_count,connections,active_connections,connection_attempts,connection_failures,crashes_injected,reconnects,reconnect_failures,duplicate_count,gap_count,interval_latency_ns_p50,interval_latency_ns_p95,interval_latency_ns_p99,interval_latency_ns_mean,interval_latency_sample_count
1790724295,0,0,0,0.00,0.00,0,0,0,0,0,0,0,0.00,0.00,0,0,0,1,0,0,0,0,0,0,0,0,0,0.00,0
1790724296,0,0,0,0.00,0.00,0,0,0,0,0,0,0,0.00,0.00,0,1,1,1,0,0,0,0,0,0,0,0,0,0.00,0
1790724297,0,0,0,0.00,0.00,0,0,0,0,0,0,0,0.00,0.00,0,1,1,1,0,0,0,0,0,0,0,0,0,0.00,0
1790724298,0,0,0,0.00,0.00,0,0,0,0,0,0,0,0.00,0.00,0,1,1,1,0,0,0,0,0,0,0,0,0,0.00,0
1790724299,0,0,0,0.00,0.00,0,0,0,0,0,0,0,0.00,0.00,0,1,1,1,0,0,0,0,0,0,0,0,0,0.00,0
1790724300,0,0,0,0.00,0.00,0,0,0,0,0,0,0,0.00,0.00,0,1,1,1,0,0,0,0,0,0,0,0,0,0.00,0
1790724301,0,0,0,0.00,0.00,0,0,0,0,0,0,0,0.00,0.00,0,1,1,1,0,0,0,0,0,0,0,0,0,0.00,0
1790724302,0,0,0,0.00,0.00,0,0,0,0,0,0,0,0.00,0.00,0,2,2,2,0,0,0,0,0,0,0,0,0,0.00,0
1790724303,0,0,0,0.00,0.00,0,0,0,0,0,0,0,0.00,0.00,0,2,2,2,0,0,0,0,0,0,0,0,0,0.00,0
1790724304,0,0,0,0.00,0.00,0,0,0,0,0,0,0,0.00,0.00,0,2,2,2,0,0,0,0,0,0,0,0,0,0.00,0
1790724305,0,0,0,0.00,0.00,0,0,0,0,0,0,0,0.00,0.00,0,2,2,2,0,0,0,0,0,0,0,0,0,0.00,0
1790724306,0,0,0,0.00,0.00,0,0,0,0,0,0,0,0.00,0.00,0,2,2,2,0,0,0,0,0,0,0,0,0,0.00,0
1790724307,0,0,0,0.00,0.00,0,0,0,0,0,0,0,0.00,0.00,0,2,2,2,0,0,0,0,0,0,0,0,0,0.00,0
1790724308,0,0,0,0.00,0.00,0,0,0,0,0,0,0,0.00,0.00,0,2,2,2,0,0,0,0,0,0,0,0,0,0.00,0
1790724309,0,0,0,0.00,0.00,0,0,0,0,0,0,0,0.00,0.00,0,3,3,3,0,0,0,0,0,0,0,0,0,0.00,0
1790724310,0,0,0,0.00,0.00,0,0,0,0,0,0,0,0.00,0.00,0,3,3,3,0,0,0,0,0,0,0,0,0,0.00,0
1790724311,0,0,0,0.00,0.00,0,0,0,0,0,0,0,0.00,0.00,0,3,3,3,0,0,0,0,0,0,0,0,0,0.00,0
1790724312,0,0,0,0.00,0.00,0,0,0,0,0,0,0,0.00,0.00,0,3,3,3,0,0,0,0,0,0,0,0,0,0.00,0
1790724313,0,0,0,0.00,0.00,0,0,0,0,0,0,0,0.00,0.00,0,3,3,3,0,0,0,0,0,0,0,0,0,0.00,0
1790724314,0,0,0,0.00,0.00,0,0,0,0,0,0,0,0.00,0.00,0,3,3,3,0,0,0,0,0,0,0,0,0,0.00,0
1790724315,0,0,0,0.00,0.00,0,0,0,0,0,0,0,0.00,0.00,0,3,3,3,0,0,0,0,0,0,0,0,0,0.00,0
1790724316,0,0,0,0.00,0.00,0,0,0,0,0,0,0,0.00,0.00,0,4,4,4,0,0,0,0,0,0,0,0,0,0.00,0
1790724317,0,0,0,0.00,0.00,0,0,0,0,0,0,0,0.00,0.00,0,4,4,4,0,0,0,0,0,0,0,0,0,0.00,0
1790724318,0,0,0,0.00,0.00,0,0,0,0,0,0,0,0.00,0.00,0,4,4,4,0,0,0,0,0,0,0,0,0,0.00,0
1790724319,0,0,0,0.00,0.00,0,0,0,0,0,0,0,0.00,0.00,0,4,4,4,0,0,0,0,0,0,0,0,0,0.00,0
1790724320,0,0,0,0.00,0.00,0,0,0,0,0,0,0,0.00,0.00,0,4,4,4,0,0,0,0,0,0,0,0,0,0.00,0
1790724321,0,0,0,0.00,0.00,0,0,0,0,0,0,0,0.00,0.00,0,4,4,4,0,0,0,0,0,0,0,0,0,0.00,0
1790724322,0,0,0,0.00,0.00,0,0,0,0,0,0,0,0.00,0.00,0,5,5,5,0,0,0,0,0,0,0,0,0,0.00,0
1790724323,0,0,0,0.00,0.00,0,0,0,0,0,0,0,0.00,0.00,0,5,5,5,0,0,0,0,0,0,0,0,0,0.00,0
1790724324,0,0,0,0.00,0.00,0,0,0,0,0,0,0,0.00,0.00,0,5,5,5,0,0,0,0,0,0,0,0,0,0.00,0
1790724325,0,0,0,0.00,0.00,0,0,0,0,0,0,0,0.00,0.00,0,5,5,5,0,0,0,0,0,0,0,0,0,0.00,0
1790724326,0,0,0,0.00,0.00,0,0,0,0,0,0,0,0.00,0.00,0,5,5,5,0,0,0,0,0,0,0,0,0,0.00,0
1790724327,0,0,0,0.00,0.00,0,0,0,0,0,0,0,0.00,0.00,0,5,5,5,0,0,0,0,0,0,0,0,0,0.00,0
1790724328,0,0,0,0.00,0.00,0,0,0,0,0,0,0,0.00,0.00,0,5,5,5,0,0,0,0,0,0,0,0,0,0.00,0
1790724329,0,0,0,0.00,0.00,0,0,0,0,0,0,0,0.00,0.00,0,6,6,6,0,0,0,0,0,0,0,0,0,0.00,0
1790724330,0,0,0,0.00,0.00,0,0,0,0,0,0,0,0.00,0.00,0,6,6,6,0,0,0,0,0,0,0,0,0,0.00,0
1790724331,0,0,0,0.00,0.00,0,0,0,0,0,0,0,0.00,0.00,0,6,6,6,0,0,0,0,0,0,0,0,0,0.00,0
1790724332,0,0,0,0.00,0.00,0,0,0,0,0,0,0,0.00,0.00,0,6,6,6,0,0,0,0,0,0,0,0,0,0.00,0
1790724333,0,0,0,0.00,0.00,0,0,0,0,0,0,0,0.00,0.00,0,6,6,6,0,0,0,0,0,0,0,0,0,0.00,0
1790724334,0,0,0,0.00,0.00,0,0,0,0,0,0,0,0.00,0.00,0,6,6,6,0,0,0,0,0,0,0,0,0,0.00,0
1790724335,0,0,0,0.00,0.00,0,0,0,0,0,0,0,0.00,0.00,0,6,6,6,0,0,0,0,0,0,0,0,0,0.00,0
1790724336,0,0,0,0.00,0.00,0,0,0,0,0,0,0,0.00,0.00,0,7,7,7,0,0,0,0,0,0,0,0,0,0.00,0
1790724337,0,0,0,0.00,0.00,0,0,0,0,0,0,0,0.00,0.00,0,7,7,7,0,0,0,0,0,0,0,0,0,0.00,0
1790724338,0,0,0,0.00,0.00,0,0,0,0,0,0,0,0.00,0.00,0,7,7,7,0,0,0,0,0,0,0,0,0,0.00,0
1790724339,0,0,0,0.00,0.00,0,0,0,0,0,0,0,0.00,0.00,0,7,7,7,0,0,0,0,0,0,0,0,0,0.00,0
1790724340,0,0,0,0.00,0.00,0,0,0,0,0,0,0,0.00,0.00,0,7,7,7,0,0,0,0,0,0,0,0,0,0.00,0
1790724341,0,0,0,0.00,0.00,0,0,0,0,0,0,0,0.00,0.00,0,7,7,7,0,0,0,0,0,0,0,0,0,0.00,0
1790724342,0,0,0,0.00,0.00,0,0,0,0,0,0,0,0.00,0.00,0,8,8,8,0,0,0,0,0,0,0,0,0,0.00,0
1790724343,0,0,0,0.00,0.00,0,0,0,0,0,0,0,0.00,0.00,0,8,8,8,0,0,0,0,0,0,0,0,0,0.00,0
1790724344,0,0,0,0.00,0.00,0,0,0,0,0,0,0,0.00,0.00,0,8,8,8,0,0,0,0,0,0,0,0,0,0.00,0
1790724345,0,0,0,0.00,0.00,0,0,0,0,0,0,0,0.00,0.00,0,8,8,8,0,0,0,0,0,0,0,0,0,0.00,0
1790724346,0,0,0,0.00,0.00,0,0,0,0,0,0,0,0.00,0.00,0,8,8,8,0,0,0,0,0,0,0,0,0,0.00,0
1790724347,0,0,0,0.00,0.00,0,0,0,0,0,0,0,0.00,0.00,0,8,8,8,0,0,0,0,0,0,0,0,0,0.00,0
1790724348,0,0,0,0.00,0.00,0,0,0,0,0,0,0,0.00,0.00,0,8,8,8,0,0,0,0,0,0,0,0,0,0.00,0
1790724349,0,0,0,0.00,0.00,0,0,0,0,0,0,0,0.00,0.00,0,9,9,9,0,0,0,0,0,0,0,0,0,0.00,0
1790724350,0,0,0,0.00,0.00,0,0,0,0,0,0,0,0.00,0.00,0,9,9,9,0,0,0,0,0,0,0,0,0,0.00,0
1790724351,0,0,0,0.00,0.00,0,0,0,0,0,0,0,0.00,0.00,0,9,9,9,0,0,0,0,0,0,0,0,0,0.00,0
1790724352,0,0,0,0.00,0.00,0,0,0,0,0,0,0,0.00,0.00,0,9,9,9,0,0,0,0,0,0,0,0,0,0.00,0
1790724353,0,0,0,0.00,0.00,0,0,0,0,0,0,0,0.00,0.00,0,9,9,9,0,0,0,0,0,0,0,0,0,0.00,0
1790724354,0,0,0,0.00,0.00,0,0,0,0,0,0,0,0.00,0.00,0,9,9,9,0,0,0,0,0,0,0,0,0,0.00,0
1790724355,0,0,0,0.00,0.00,0,0,0,0,0,0,0,0.00,0.00,0,9,9,9,0,0,0,0,0,0,0,0,0,0.00,0
1790724356,0,0,0,0.00,0.00,0,0,0,0,0,0,0,0.00,0.00,0,10,10,10,0,0,0,0,0,0,0,0,0,0.00,0
1790724357,0,170,0,216.91,170.04,1541119,2361343,3115007,45809663,51511295,578048,51773439,5211373.93,11069658.54,170,10,10,10,0,0,0,0,0,0,2361343,45809663,51511295,5211373.93,170
1790724358,0,370,0,207.43,200.00,1461247,2138111,2815999,5672959,50495487,578048,51773439,3493502.62,7688694.22,370,10,10,10,0,0,0,0,0,0,2020351,3219455,3444735,2033312.00,200
1790724359,0,570,0,204.75,199.96,1461247,2131967,2775039,4829183,49872895,567296,51773439,3024873.09,6252295.83,570,10,10,10,0,0,0,0,0,0,2103295,3512319,5087231,2157908.48,200
1790724360,0,770,0,203.49,199.99,1436671,2103295,2764799,3743743,47251455,567296,51773439,2764318.92,5413210.66,770,10,10,10,0,0,0,0,0,0,2040831,3182591,3684351,2021739.52,200
1790724361,0,970,0,202.79,200.14,1436671,2084863,2736127,4366335,45023231,567296,51773439,2706218.49,4932187.34,970,10,10,10,0,0,0,0,0,0,2049023,4464639,12812287,2482531.84,200
1790724362,0,1170,0,202.30,199.98,1420287,2078719,2713599,3637247,14327807,567296,51773439,2586298.42,4509784.30,1170,10,10,10,0,0,0,0,0,0,2035711,3178495,3282943,2004686.08,200
1790724363,0,1370,0,201.97,200.02,1412095,2081791,2719743,3637247,18202623,567296,51773439,2587973.89,4332437.45,1370,10,10,10,0,0,0,0,0,0,2121727,3588095,18415615,2597775.36,200
1790724364,0,1570,0,201.70,199.88,1385471,2069503,2727935,3637247,14442495,567296,51773439,2553454.06,4099294.60,1570,10,10,10,0,0,0,0,0,0,1878015,3350527,9879551,2316993.28,200
1790724365,0,1770,0,201.51,200.08,1401855,2071551,2729983,3715071,12812287,567296,51773439,2513807.04,3878113.15,1770,10,10,10,0,0,0,0,0,0,2154495,4147199,5349375,2202577.92,200
1790724366,0,1970,0,201.35,199.91,1402879,2067455,2725887,3487743,11370495,567296,51773439,2464374.77,3686788.80,1970,10,10,10,0,0,0,0,0,0,1993727,3203071,3467263,2026899.20,200
1790724367,0,2170,0,201.22,199.99,1400831,2064383,2729983,3364863,10846207,567296,51773439,2424670.38,3522686.35,2170,10,10,10,0,0,0,0,0,0,2025471,3176447,3289087,2033582.08,200
1790724368,0,2370,0,201.13,200.10,1387519,2058239,2719743,3321855,10551295,567296,51773439,2385178.57,3380681.89,2370,10,10,10,0,0,0,0,0,0,1953791,3094527,3205119,1956692.48,200
1790724369,0,2570,0,201.04,199.99,1385471,2054143,2705407,3297279,10272767,567296,51773439,2355989.52,3254802.30,2570,10,10,10,0,0,0,0,0,0,2027519,3215359,3338239,2010099.20,200
1790724370,0,2770,0,200.97,200.02,1395711,2064383,2707455,3311615,9879551,557568,51773439,2338264.81,3143504.78,2770,10,10,10,0,0,0,0,0,0,2134015,3334143,4304895,2110502.40,200
1790724371,0,2970,0,200.89,199.89,1396735,2060287,2701311,3313663,9756671,557568,51773439,2325466.59,3049331.11,2970,10,10,10,0,0,0,0,0,0,2017279,3313663,7319551,2148211.20,200
1790724372,0,3170,0,200.84,200.09,1392639,2053119,2693119,3293183,9461759,557568,51773439,2302758.60,2958821.27,3170,10,10,10,0,0,0,0,0,0,1951743,3196927,3387391,1965544.96,200
1790724373,0,3370,0,200.79,199.94,1389567,2054143,2693119,3287039,9003007,557568,51773439,2286903.68,2876776.22,3370,10,10,10,0,0,0,0,0,0,2065407,3149823,3459071,2035603.20,200
1790724374,0,3570,0,200.74,199.99,1388543,2054143,2699263,3278847,8716287,557568,51773439,2275125.06,2801929.54,3570,10,10,10,0,0,0,0,0,0,2034687,3184639,3717119,2076655.36,200
1790724375,0,3770,0,200.71,200.04,1385471,2053119,2699263,3274751,8404991,557568,51773439,2261850.04,2732989.80,3770,10,10,10,0,0,0,0,0,0,2009087,3233791,3414015,2024890.88,200
1790724376,0,3970,0,200.67,199.94,1384447,2054143,2703359,3270655,8191999,557568,51773439,2250931.39,2669519.42,3970,10,10,10,0,0,0,0,0,0,2091007,3225599,3418111,2045114.88,200
1790724377,0,4170,0,200.64,200.11,1385471,2064383,2709503,3289087,7868415,557568,51773439,2247565.87,2611939.41,4170,10,10,10,0,0,0,0,0,0,2193407,3538943,4268031,2180760.32,200
1790724378,0,4370,0,200.61,199.96,1388543,2067455,2705407,3280895,7327743,557568,51773439,2239540.37,2556617.22,4370,10,10,10,0,0,0,0,0,0,2134015,3215359,3930111,2072208.64,200
1790724379,0,4570,0,200.58,200.05,1387519,2070527,2711551,3270655,7077887,557568,51773439,2234113.29,2505814.92,4570,10,10,10,0,0,0,0,0,0,2197503,3241983,3563519,2115531.52,200
1790724380,0,4770,0,200.56,199.97,1392639,2071551,2713599,3268607,6578175,557568,51773439,2229249.88,2458904.63,4770,10,10,10,0,0,0,0,0,0,2119679,3215359,3747839,2118120.96,200
1790724381,0,4970,0,200.54,200.08,1387519,2070527,2711551,3266559,6500351,557568,51773439,2219486.52,2414939.30,4970,10,10,10,0,0,0,0,0,0,1985535,3194879,3667967,1986630.40,200
1790724382,0,5170,0,200.52,199.92,1387519,2071551,2709503,3264511,6283263,557568,51773439,2212515.40,2373299.51,5170,10,10,10,0,0,0,0,0,0,2121727,3217407,3559423,2039283.20,200
1790724383,0,5370,0,200.49,199.94,1384447,2069503,2703359,3260415,5910527,557568,51773439,2202061.61,2333547.80,5370,10,10,10,0,0,0,0,0,0,1946623,3067903,3254271,1931831.04,200
1790724384,0,5570,0,200.48,199.98,1385471,2069503,2705407,3264511,6283263,557568,51773439,2202910.01,2302046.42,5570,10,10,10,0,0,0,0,0,0,2068479,3473407,6823935,2225689.60,200
1790724385,0,5770,0,200.46,200.14,1384447,2066431,2697215,3254271,6164479,540672,51773439,2193804.47,2266516.18,5770,10,10,10,0,0,0,0,0,0,1953791,3108863,3241983,1940215.04,200
1790724386,0,5970,0,200.44,199.89,1381375,2064383,2697215,3250175,5910527,540672,51773439,2187608.94,2232683.80,5970,10,10,10,0,0,0,0,0,0,1959935,3125247,3289087,2008867.84,200
1790724387,0,6170,0,200.43,200.08,1380351,2063359,2695167,3250175,5726207,540672,51773439,2181876.01,2200985.84,6170,10,10,10,0,0,0,0,0,0,2012159,3201023,3723263,2010748.16,200
1790724388,0,6370,0,200.42,200.06,1379327,2055167,2689023,3248127,5672959,540672,51773439,2173595.53,2170599.10,6370,10,10,10,0,0,0,0,0,0,1863679,3088383,3344383,1918142.72,200
1790724389,0,6570,0,200.41,199.97,1380351,2054143,2693119,3248127,5476351,540672,51773439,2169385.54,2142014.76,6570,10,10,10,0,0,0,0,0,0,2011135,3248127,3395583,2035297.28,200
1790724390,0,6770,0,200.39,199.92,1381375,2056191,2697215,3252223,5476351,540672,51773439,2170964.70,2117874.20,6770,10,10,10,0,0,0,0,0,0,2113535,3913727,5156863,2222840.32,200
1790724391,0,6970,0,200.38,200.00,1384447,2058239,2699263,3254271,5685247,540672,51773439,2172121.10,2096255.09,6970,10,10,10,0,0,0,0,0,0,2119679,3358719,7671807,2211265.28,200
1790724392,0,7170,0,200.37,200.06,1384447,2062335,2703359,3260415,5668863,540672,51773439,2170617.29,2071726.42,7170,10,10,10,0,0,0,0,0,0,2113535,3397631,3987455,2118209.28,200
1790724393,0,7370,0,200.36,200.03,1382399,2064383,2707455,3264511,5476351,540672,51773439,2170482.66,2049591.80,7370,10,10,10,0,0,0,0,0,0,2119679,3334143,4935679,2165656.32,200
1790724394,0,7570,0,200.35,200.00,1382399,2063359,2709503,3268607,5349375,540672,51773439,2168689.86,2026591.88,7570,10,10,10,0,0,0,0,0,0,2038783,3352575,3516415,2102625.28,200
1790724395,0,7770,0,200.34,200.00,1381375,2063359,2711551,3264511,5173247,540672,51773439,2165268.06,2004276.08,7770,10,10,10,0,0,0,0,0,0,2061311,3207167,3395583,2035752.96,200
1790724396,0,7970,0,200.33,199.87,1381375,2062335,2707455,3262463,5107711,540672,51773439,2160869.18,1982567.13,7970,10,10,10,0,0,0,0,0,0,2032639,3139583,3430399,1989972.48,200
1790724397,0,8170,0,200.33,200.06,1380351,2061311,2707455,3266559,5087231,540672,51773439,2158363.45,1962181.77,8170,10,10,10,0,0,0,0,0,0,2035711,3301375,3526655,2058510.08,200
1790724398,0,8370,0,200.32,200.02,1380351,2062335,2707455,3262463,5070847,540672,51773439,2155501.89,1942133.13,8370,10,10,10,0,0,0,0,0,0,2077695,3084287,3272703,2038607.36,200
1790724399,0,8570,0,200.31,199.91,1381375,2064383,2707455,3264511,5074943,540672,51773439,2154439.90,1924329.10,8570,10,10,10,0,0,0,0,0,0,2092031,3268607,5079039,2109995.52,200
1790724400,0,8770,0,200.30,200.08,1384447,2064383,2711551,3264511,5058559,540672,51773439,2154032.49,1906196.16,8770,10,10,10,0,0,0,0,0,0,2076671,3321855,3784703,2136574.72,200
1790724401,0,8970,0,200.30,199.97,1384447,2065407,2709503,3264511,5021695,540672,51773439,2152098.16,1889694.54,8970,10,10,10,0,0,0,0,0,0,2085887,3207167,3670015,2067278.08,200
1790724402,0,9170,0,200.29,200.07,1384447,2064383,2711551,3262463,4980735,540672,51773439,2149624.49,1872522.84,9170,10,10,10,0,0,0,0,0,0,1992703,3239935,3471359,2038680.32,200
1790724403,0,9370,0,200.28,199.94,1382399,2063359,2707455,3260415,4964351,540672,51773439,2146549.75,1856190.64,9370,10,10,10,0,0,0,0,0,0,2050047,3141631,3362815,2005573.12,200
1790724404,0,9570,0,200.28,200.03,1381375,2063359,2711551,3264511,5058559,540672,51773439,2147531.41,1843103.84,9570,10,10,10,0,0,0,0,0,0,2131967,4055039,5246975,2193521.92,200
1790724405,0,9770,0,200.27,200.02,1385471,2066431,2713599,3270655,5058559,540672,51773439,2149859.41,1829728.22,9770,10,10,10,0,0,0,0,0,0,2191359,4003839,5042175,2261254.40,200
1790724406,0,9970,0,200.27,199.89,1383423,2065407,2715647,3268607,5021695,540672,51773439,2147456.95,1814816.29,9970,10,10,10,0,0,0,0,0,0,2022399,3121151,3194879,2030096.64,200
1790724407,0,10170,0,200.26,200.02,1384447,2065407,2715647,3264511,5005311,540672,51773439,2145382.05,1799842.68,10170,10,10,10,0,0,0,0,0,0,2059263,3094527,3354623,2041948.16,200
1790724408,0,10370,0,200.26,200.09,1381375,2065407,2713599,3262463,4980735,540672,51773439,2142836.79,1785586.69,10370,10,10,10,0,0,0,0,0,0,2026495,3137535,3358719,2013410.56,200
1790724409,0,10570,0,200.25,199.90,1384447,2065407,2713599,3264511,4980735,540672,51773439,2142633.17,1773127.02,10570,10,10,10,0,0,0,0,0,0,2085887,3342335,4698111,2132075.52,200
1790724410,0,10770,0,200.25,200.03,1387519,2067455,2713599,3262463,4935679,540672,51773439,2142307.93,1759476.38,10770,10,10,10,0,0,0,0,0,0,2158591,3186687,3735551,2125118.72,200
1790724411,0,10970,0,200.24,199.96,1385471,2067455,2711551,3260415,4911103,540672,51773439,2139761.60,1746783.84,10970,10,10,10,0,0,0,0,0,0,2038783,3235839,3305471,2002641.92,200
1790724412,0,11170,0,200.24,200.18,1387519,2065407,2711551,3258367,4894719,540672,51773439,2137760.96,1734080.58,11170,10,10,10,0,0,0,0,0,0,1988607,3205119,3377151,2028025.60,200
1790724413,0,11370,0,200.23,199.94,1387519,2064383,2709503,3258367,4870143,540672,51773439,2135741.44,1721657.80,11370,10,10,10,0,0,0,0,0,0,1912831,3196927,3520511,2022951.68,200
1790724414,0,11570,0,200.23,200.03,1387519,2064383,2707455,3258367,4820991,540672,51773439,2134651.18,1709830.86,11570,10,10,10,0,0,0,0,0,0,2059263,3295231,3653631,2072669.44,200
1790724415,0,11770,0,200.23,199.94,1389567,2064383,2707455,3258367,4755455,540672,51773439,2133424.52,1698137.18,11770,10,10,10,0,0,0,0,0,0,2015231,3196927,3420159,2062462.72,200
1790724416,0,11970,0,200.22,200.02,1388543,2065407,2707455,3258367,4800511,540672,51773439,2133169.10,1688406.33,11970,10,10,10,0,0,0,0,0,0,2121727,3336191,4890623,2118137.60,200
1790724417,0,12190,0,200.55,220.07,1390591,2068479,2713599,3270655,5070847,540672,51773439,2151429.59,1736226.13,12190,10,10,10,0,0,0,0,0,0,2220031,11526143,17481727,3144965.82,220
1790724418,0,12390,0,200.54,199.97,1389567,2068479,2713599,3270655,5058559,540672,51773439,2150638.13,1725174.10,12390,10,10,10,0,0,0,0,0,0,2168831,3264511,3547135,2102398.72,200
1790724419,0,12590,0,200.53,199.92,1389567,2067455,2715647,3270655,5021695,540672,51773439,2148856.74,1714176.18,12590,10,10,10,0,0,0,0,0,0,1942527,3170303,3485695,2038499.84,200
1790724420,0,12790,0,200.52,200.11,1391615,2068479,2715647,3270655,5009407,540672,51773439,2147833.68,1703426.08,12790,10,10,10,0,0,0,0,0,0,2113535,3239935,3465215,2083431.68,200
1790724421,0,12990,0,200.51,199.83,1389567,2068479,2715647,3268607,5058559,540672,51773439,2147235.34,1695762.86,12990,10,10,10,0,0,0,0,0,0,2000895,3231743,6234111,2108971.52,200
1790724422,0,13190,0,200.51,200.05,1389567,2068479,2715647,3270655,5042175,540672,51773439,2147104.61,1686355.79,13190,10,10,10,0,0,0,0,0,0,2085887,3375103,4304895,2138613.76,200
1790724423,0,13390,0,200.50,200.11,1388543,2069503,2715647,3270655,5021695,540672,51773439,2145549.46,1676299.38,13390,10,10,10,0,0,0,0,0,0,2072575,3221503,3383295,2042987.52,200
1790724424,0,13590,0,200.49,199.87,1388543,2068479,2717695,3270655,5021695,540672,51773439,2145192.58,1667476.73,13590,10,10,10,0,0,0,0,0,0,2032639,3403775,5025791,2121299.20,200
1790724425,0,13790,0,200.48,200.09,1389567,2067455,2715647,3268607,5009407,540672,51773439,2143231.94,1657789.30,13790,10,10,10,0,0,0,0,0,0,1979391,3145727,3358719,2010007.04,200
1790724426,0,13990,0,200.48,199.90,1389567,2066431,2715647,3266559,4988927,540672,51773439,2141044.18,1648233.78,13990,10,10,10,0,0,0,0,0,0,1968127,3088383,3291135,1990197.76,200
1790724427,0,14190,0,200.47,200.03,1391615,2066431,2715647,3266559,4980735,540672,51773439,2140511.26,1639442.11,14190,10,10,10,0,0,0,0,0,0,2065407,3196927,4734975,2103233.28,200
1790724428,0,14390,0,200.46,200.07,1389567,2065407,2713599,3264511,4935679,540672,51773439,2137738.87,1630455.38,14390,10,10,10,0,0,0,0,0,0,1945599,3117055,3246079,1941038.08,200
1790724429,0,14590,0,200.46,199.88,1388543,2064383,2713599,3264511,5021695,540672,51773439,2139444.52,1630087.42,14590,10,10,10,0,0,0,0,0,0,2028543,3502079,9756671,2262165.76,200
1790724430,0,14790,0,200.45,200.10,1387519,2062335,2713599,3262463,5005311,540672,51773439,2136778.95,1621662.74,14790,10,10,10,0,0,0,0,0,0,1892351,3088383,3342335,1942325.76,200
1790724431,0,14990,0,200.45,200.01,1387519,2061311,2709503,3260415,4980735,540672,51773439,2134339.12,1613279.83,14990,10,10,10,0,0,0,0,0,0,1926143,3106815,3385343,1953913.60,200
1790724432,0,15190,0,200.44,200.05,1387519,2062335,2711551,3258367,4960255,540672,51773439,2133423.24,1605102.04,15190,10,10,10,0,0,0,0,0,0,2115583,3198975,3518463,2064778.24,200
1790724433,0,15390,0,200.43,199.93,1385471,2060287,2709503,3260415,4964351,540672,51773439,2132374.31,1598261.25,15390,10,10,10,0,0,0,0,0,0,1969151,3586047,5443583,2052707.84,200
1790724434,0,15590,0,200.43,200.03,1384447,2059263,2709503,3260415,4935679,540672,51773439,2130702.25,1590428.56,15590,10,10,10,0,0,0,0,0,0,2018303,3112959,3909631,2002037.76,200
1790724435,0,15790,0,200.42,199.91,1384447,2059263,2709503,3258367,4935679,540672,51773439,2129944.94,1583794.22,15790,10,10,10,0,0,0,0,0,0,2081791,3166207,3889151,2070912.00,200
1790724436,0,15990,0,200.42,200.04,1383423,2059263,2709503,3258367,4911103,540672,51773439,2128049.68,1576422.65,15990,10,10,10,0,0,0,0,0,0,2030591,3190783,3364863,1978419.20,200
1790724437,0,16190,0,200.41,199.93,1384447,2062335,2709503,3258367,4911103,540672,51773439,2129251.00,1569972.76,16190,10,10,10,0,0,0,0,0,0,2252799,3323903,4184063,2225296.64,200
1790724438,0,16390,0,200.41,200.17,1385471,2062335,2709503,3258367,4902911,540672,51773439,2128617.49,1562700.82,16390,10,10,10,0,0,0,0,0,0,2010111,3215359,3510271,2077335.04,200
1790724439,0,16590,0,200.40,199.93,1386495,2062335,2707455,3256319,4894719,540672,51773439,2127652.40,1555315.15,16590,10,10,10,0,0,0,0,0,0,2071551,3172351,3358719,2048563.20,200
1790724440,0,16790,0,200.40,200.04,1387519,2063359,2707455,3256319,4886527,540672,51773439,2127018.66,1548300.79,16790,10,10,10,0,0,0,0,0,0,2138111,3215359,3510271,2074449.92,200
1790724441,0,16990,0,200.39,199.87,1387519,2061311,2707455,3254271,4829183,540672,51773439,2125387.85,1541445.44,16990,10,10,10,0,0,0,0,0,0,1942527,3186687,3633151,1988481.28,200
1790724442,0,17190,0,200.39,200.01,1387519,2062335,2705407,3254271,4800511,540672,51773439,2124813.70,1534781.36,17190,10,10,10,0,0,0,0,0,0,2205695,3203071,3637247,2076039.68,200
1790724443,0,17390,0,200.38,200.11,1386495,2063359,2707455,3254271,4751359,540672,51773439,2124790.86,1528534.82,17390,10,10,10,0,0,0,0,0,0,2158591,3278847,4073471,2122827.52,200
1790724444,0,17590,0,200.38,200.01,1385471,2060287,2705407,3252223,4734975,540672,51773439,2122390.50,1521995.52,17590,10,10,10,0,0,0,0,0,0,1866751,3121151,3299327,1913679.36,200
1790724445,0,17790,0,200.37,199.93,1384447,2061311,2703359,3252223,4718591,540672,51773439,2121458.29,1515540.83,17790,10,10,10,0,0,0,0,0,0,2144255,3205119,3454975,2039470.08,200
1790724446,0,17990,0,200.37,199.93,1384447,2059263,2703359,3250175,4702207,540672,51773439,2119921.87,1509275.85,17990,10,10,10,0,0,0,0,0,0,1977343,3115007,3291135,1983257.60,200
1790724447,0,18190,0,200.37,200.00,1384447,2060287,2703359,3252223,4698111,540672,51773439,2119543.15,1502950.49,18190,10,10,10,0,0,0,0,0,0,2066431,3260415,3352575,2085477.12,200
1790724448,0,18390,0,200.36,200.10,1384447,2058239,2703359,3250175,4648959,540672,51773439,2118222.16,1496754.65,18390,10,10,10,0,0,0,0,0,0,1946623,3137535,3274751,1998078.72,200
1790724449,0,18590,0,200.36,200.03,1384447,2059263,2703359,3252223,4640767,540672,51773439,2118229.92,1491102.72,18590,10,10,10,0,0,0,0,0,0,2136063,3321855,3614719,2118942.72,200
1790724450,0,18790,0,200.35,199.90,1386495,2058239,2703359,3252223,4624383,540672,51773439,2117165.29,1485061.94,18790,10,10,10,0,0,0,0,0,0,1985535,3194879,3477503,2018208.00,200
1790724451,0,18990,0,200.35,200.13,1384447,2058239,2703359,3254271,4583423,540672,51773439,2116819.80,1479724.93,18990,10,10,10,0,0,0,0,0,0,2054143,3409919,3751935,2084360.96,200
1790724452,0,19190,0,200.35,199.90,1384447,2060287,2703359,3252223,4575231,540672,51773439,2116434.10,1474363.79,19190,10,10,10,0,0,0,0,0,0,2156543,3188735,3645439,2079811.84,200
1790724453,0,19390,0,200.34,200.03,1383423,2058239,2701311,3252223,4567039,540672,51773439,2115040.21,1468788.00,19390,10,10,10,0,0,0,0,0,0,1952767,3219455,3336191,1981296.64,200
1790724454,0,19590,0,200.34,199.91,1384447,2057215,2701311,3250175,4562943,540672,51773439,2113884.05,1463125.64,19590,10,10,10,0,0,0,0,0,0,1992703,3106815,3409919,2001794.56,200
1790724455,0,19790,0,200.34,200.16,1384447,2058239,2701311,3252223,4521983,540672,51773439,2113889.94,1458159.64,19790,10,10,10,0,0,0,0,0,0,2079743,3502079,3938303,2114466.56,200
1790724456,0,19990,0,200.33,199.90,1385471,2059263,2703359,3252223,4521983,478720,51773439,2114599.05,1454142.29,19990,10,10,10,0,0,0,0,0,0,2117631,3307519,4382719,2184766.08,200
1790724457,0,20190,0,200.33,199.93,1387519,2058239,2703359,3252223,4521983,478720,51773439,2114473.27,1449210.48,20190,10,10,10,0,0,0,0,0,0,2024447,3164159,4333567,2101900.80,200
1790724458,0,20390,0,200.33,200.04,1387519,2058239,2703359,3254271,4505599,478720,51773439,2114455.61,1444392.97,20390,10,10,10,0,0,0,0,0,0,2047999,3405823,4050943,2112673.28,200
1790724459,0,20590,0,200.32,200.14,1387519,2057215,2701311,3250175,4493311,478720,51773439,2113229.48,1439019.93,20590,10,10,10,0,0,0,0,0,0,2020351,3020799,3160063,1988225.28,200
1790724460,0,20790,0,200.32,200.00,1387519,2056191,2699263,3250175,4464639,478720,51773439,2111798.67,1434004.97,20790,10,10,10,0,0,0,0,0,0,1955839,3141631,3364863,1964496.64,200
1790724461,0,20990,0,200.32,199.81,1386495,2054143,2699263,3248127,4456447,478720,51773439,2110392.19,1429190.34,20990,10,10,10,0,0,0,0,0,0,1905663,3162111,3309567,1964189.44,200
1790724462,0,21190,0,200.32,200.17,1386495,2055167,2699263,3248127,4427775,478720,51773439,2110330.50,1424355.66,21190,10,10,10,0,0,0,0,0,0,2117631,3239935,3749887,2103855.36,200
1790724463,0,21390,0,200.31,199.92,1385471,2054143,2697215,3248127,4411391,478720,51773439,2109232.80,1419697.11,21390,10,10,10,0,0,0,0,0,0,2033663,3121151,3649535,1992931.84,200
1790724464,0,21590,0,200.31,199.90,1385471,2054143,2697215,3246079,4390911,478720,51773439,2108454.78,1414909.65,21590,10,10,10,0,0,0,0,0,0,2030591,3096575,3198975,2025245.44,200
1790724465,0,21790,0,200.31,200.03,1384447,2054143,2697215,3248127,4378623,478720,51773439,2107710.16,1410357.68,21790,10,10,10,0,0,0,0,0,0,2046975,3274751,3663871,2027328.00,200
1790724466,0,21990,0,200.30,200.10,1385471,2054143,2697215,3248127,4378623,478720,51773439,2107303.56,1406193.16,21990,10,10,10,0,0,0,0,0,0,2056191,3233791,4104191,2063005.44,200
1790724467,0,22190,0,200.30,200.01,1384447,2054143,2697215,3246079,4349951,478720,51773439,2106490.27,1401871.58,22190,10,10,10,0,0,0,0,0,0,2045951,3160063,3309567,2017068.80,200
1790724468,0,22390,0,200.30,200.01,1385471,2055167,2699263,3246079,4345855,478720,51773439,2106517.12,1397519.03,22390,10,10,10,0,0,0,0,0,0,2183167,3170303,3801087,2109496.32,200
1790724469,0,22590,0,200.30,199.94,1384447,2055167,2697215,3244031,4337663,478720,51773439,2105082.27,1393246.87,22590,10,10,10,0,0,0,0,0,0,1993727,3065855,3170303,1944450.56,200
1790724470,0,22790,0,200.29,200.10,1385471,2055167,2699263,3246079,4345855,478720,51773439,2105379.69,1389494.77,22790,10,10,10,0,0,0,0,0,0,2097151,3418111,4501503,2138973.44,200
1790724471,0,22990,0,200.29,199.96,1385471,2055167,2699263,3246079,4403199,478720,51773439,2106665.30,1389140.34,22990,10,10,10,0,0,0,0,0,0,2092031,3393535,6799359,2253159.68,200
1790724472,0,23190,0,200.29,200.02,1384447,2055167,2699263,3248127,4390911,478720,51773439,2106347.84,1385524.56,23190,10,10,10,0,0,0,0,0,0,1989631,3338239,3969023,2069856.00,200
1790724473,0,23390,0,200.28,199.90,1382399,2054143,2699263,3246079,4378623,478720,51773439,2104907.91,1381586.63,23390,10,10,10,0,0,0,0,0,0,1976319,3102719,3274751,1937948.16,200
1790724474,0,23590,0,200.28,200.09,1381375,2054143,2697215,3246079,4366335,478720,51773439,2103952.64,1377631.19,23590,10,10,10,0,0,0,0,0,0,2020351,3246079,3653631,1992234.24,200
1790724475,0,23790,0,200.28,200.02,1382399,2054143,2697215,3246079,4349951,478720,51773439,2103615.98,1373564.91,23790,10,10,10,0,0,0,0,0,0,2055167,3205119,3495935,2063906.56,200
1790724476,0,23990,0,200.28,199.91,1382399,2054143,2697215,3246079,4345855,478720,51773439,2103052.53,1369560.83,23990,10,10,10,0,0,0,0,0,0,2037759,3170303,3391487,2036030.72,200
1790724477,0,24450,0,202.43,459.96,1367039,2040831,2691071,3252223,4698111,329728,51773439,2116779.95,1511983.79,24450,10,10,10,0,0,0,0,0,0,1265663,13828095,22773759,2832694.54,460
1790724478,0,24950,0,204.87,499.95,1344511,2017279,2678783,3248127,4644863,329728,51773439,2098619.89,1503742.80,24950,10,10,10,0,0,0,0,0,0,1209343,2004991,2879487,1210592.77,500
1790724479,0,25450,0,207.27,499.98,1328127,1993727,2668543,3244031,4583423,329728,51773439,2082099.34,1494775.55,25450,10,10,10,0,0,0,0,0,0,1240063,2011135,2416639,1257723.90,500
1790724480,0,25950,0,209.64,500.00,1311743,1970175,2656255,3239935,4567039,329728,51773439,2066125.61,1486320.59,25950,10,10,10,0,0,0,0,0,0,1205247,1963007,3227647,1253063.17,500
1790724481,0,26450,0,211.97,500.25,1297407,1947647,2643967,3235839,4505599,329728,51773439,2050205.68,1477974.35,26450,10,10,10,0,0,0,0,0,0,1223679,1993727,2289663,1223961.34,500
1790724482,0,26946,0,214.23,496.10,1278975,1924095,2629631,3231743,4464639,329728,51773439,2034367.47,1469844.87,26946,10,10,10,0,0,0,0,0,0,1195007,1828863,2050047,1189769.29,496
1790724483,0,27450,0,216.51,503.75,1265663,1899519,2617343,3227647,4440063,329728,51773439,2019404.43,1461439.41,27450,10,10,10,0,0,0,0,0,0,1191935,1887231,2099199,1219415.87,504
1790724484,0,27950,0,218.73,500.04,1251327,1878015,2603007,3223551,4411391,329728,51773439,2004108.58,1454073.25,27950,10,10,10,0,0,0,0,0,0,1159167,2014207,2363391,1164366.85,500
1790724485,0,28450,0,220.91,499.89,1243135,1857535,2592767,3221503,4370431,329728,51773439,1991131.56,1446165.70,28450,10,10,10,0,0,0,0,0,0,1232895,2117631,3287039,1265715.97,500
1790724486,0,28950,0,223.06,499.90,1232895,1836031,2578431,3219455,4366335,329728,51773439,1978902.47,1438451.52,28950,10,10,10,0,0,0,0,0,0,1232895,2009087,3844095,1283067.14,500
1790724487,0,29450,0,225.18,499.97,1221631,1814527,2566143,3217407,4337663,329728,51773439,1965452.50,1431313.17,29450,10,10,10,0,0,0,0,0,0,1143807,2025471,3074047,1186699.01,500
1790724488,0,29950,0,227.27,500.43,1212415,1798143,2555903,3215359,4313087,329728,51773439,1953505.81,1423900.95,29950,10,10,10,0,0,0,0,0,0,1233919,2056191,3174399,1249845.76,500
1790724489,0,30450,0,229.32,499.99,1201151,1777663,2543615,3211263,4304895,329728,51773439,1939586.93,1417271.17,30450,10,10,10,0,0,0,0,0,0,1088511,1770495,2426879,1105846.27,500
1790724490,0,30950,0,231.34,499.89,1193983,1762303,2529279,3207167,4276223,329728,51773439,1927906.90,1409862.34,30950,10,10,10,0,0,0,0,0,0,1209343,1990655,2187263,1216592.90,500
1790724491,0,31450,0,233.34,499.79,1183743,1742847,2516991,3203071,4268031,329728,51773439,1916092.09,1402800.59,31450,10,10,10,0,0,0,0,0,0,1154047,1980415,2205695,1184755.71,500
1790724492,0,31950,0,235.30,500.10,1176575,1726463,2502655,3196927,4231167,329728,51773439,1905559.16,1395423.03,31950,10,10,10,0,0,0,0,0,0,1241087,1979391,2226175,1243037.70,500
1790724493,0,32450,0,237.24,500.20,1167359,1712127,2490367,3194879,4206591,317440,51773439,1894788.48,1388581.89,32450,10,10,10,0,0,0,0,0,0,1200127,1942527,2686975,1206541.82,500
1790724494,0,32950,0,239.14,499.72,1161215,1699839,2480127,3188735,4184063,317440,51773439,1885686.89,1381901.71,32950,10,10,10,0,0,0,0,0,0,1279999,2065407,2760703,1294994.18,500
1790724495,0,33450,0,241.02,500.09,1156095,1685503,2467839,3186687,4173823,317440,51773439,1876025.17,1374968.14,33450,10,10,10,0,0,0,0,0,0,1229823,2040831,2527231,1239317.76,500
1790724496,0,33950,0,242.88,499.98,1147903,1669119,2453503,3182591,4147199,317440,51773439,1865680.97,1368549.90,33950,10,10,10,0,0,0,0,0,0,1147903,1926143,2836479,1173653.50,500
1790724497,0,34450,0,244.70,499.89,1142783,1657855,2443263,3180543,4132863,317440,51773439,1857001.99,1362029.86,34450,10,10,10,0,0,0,0,0,0,1228799,2092031,3395583,1267699.71,500
1790724498,0,34950,0,246.50,500.07,1138687,1647615,2433023,3178495,4112383,317440,51773439,1848511.97,1355296.69,34950,10,10,10,0,0,0,0,0,0,1252351,2006015,2463743,1263549.18,500
1790724499,0,35450,0,248.28,500.00,1131519,1635327,2422783,3174399,4104191,317440,51773439,1839174.68,1349342.21,35450,10,10,10,0,0,0,0,0,0,1156095,1956863,2881535,1186498.56,500
1790724500,0,35950,0,250.03,500.24,1126399,1627135,2410495,3170303,4083711,317440,51773439,1831106.73,1342736.87,35950,10,10,10,0,0,0,0,0,0,1232895,2013183,2357247,1259088.64,500
1790724501,0,36450,0,251.76,500.03,1122303,1617919,2400255,3168255,4063231,317440,51773439,1822362.07,1336355.19,36450,10,10,10,0,0,0,0,0,0,1181695,1861631,2056191,1193621.25,500
1790724502,0,36950,0,253.46,499.83,1116159,1604607,2387967,3166207,4050943,317440,51773439,1812966.36,1330559.67,36950,10,10,10,0,0,0,0,0,0,1130495,1816575,2140159,1128019.20,500
1790724503,0,37450,0,255.14,499.77,1113087,1597439,2375679,3164159,4016127,317440,51773439,1805669.49,1324296.22,37450,10,10,10,0,0,0,0,0,0,1252351,2115583,2375679,1266430.72,500
1790724504,0,37950,0,256.79,500.28,1107967,1590271,2365439,3162111,4016127,317440,51773439,1798732.51,1318810.66,37950,10,10,10,0,0,0,0,0,0,1222655,2248703,4012031,1279152.64,500
1790724505,0,38450,0,258.43,499.69,1103871,1581055,2353151,3155967,3995647,317440,51773439,1791282.97,1312951.04,38450,10,10,10,0,0,0,0,0,0,1226751,2115583,2369535,1225862.91,500
1790724506,0,38950,0,260.04,500.25,1100799,1571839,2340863,3153919,3969023,317440,51773439,1783504.81,1307169.67,38950,10,10,10,0,0,0,0,0,0,1191935,1965055,2347007,1185364.22,500
1790724507,0,39450,0,261.63,500.16,1097727,1564671,2330623,3151871,4012031,317440,51773439,1782817.34,1343615.86,39450,10,10,10,0,0,0,0,0,0,1271807,2676735,22609919,1729263.10,500
1790724508,0,39950,0,263.20,499.75,1093631,1558527,2320383,3149823,3987455,317440,51773439,1775907.07,1337522.08,39950,10,10,10,0,0,0,0,0,0,1231871,2044927,2326527,1230687.49,500
1790724509,0,40450,0,264.75,500.05,1089535,1551359,2308095,3145727,3964927,317440,51773439,1768730.31,1331732.17,40450,10,10,10,0,0,0,0,0,0,1183743,1943551,2338815,1195306.50,500
1790724510,0,40950,0,266.28,500.23,1083391,1544191,2293759,3141631,3956735,317440,51773439,1760837.47,1326575.49,40950,10,10,10,0,0,0,0,0,0,1085439,2027519,2285567,1122306.82,500
1790724511,0,41450,0,267.79,500.06,1080319,1539071,2283519,3139583,3956735,317440,51773439,1754603.45,1321258.13,41450,10,10,10,0,0,0,0,0,0,1209343,2091007,2764799,1244037.12,500
1790724512,0,41950,0,269.28,499.87,1075199,1530879,2273279,3137535,3950591,315392,51773439,1747889.53,1315848.91,41950,10,10,10,0,0,0,0,0,0,1151999,2148351,2766847,1191305.73,500
1790724513,0,42450,0,270.76,499.76,1071103,1525759,2265087,3135487,3942399,315392,51773439,1741729.36,1310614.99,42450,10,10,10,0,0,0,0,0,0,1170431,2303999,2719743,1224891.65,500
1790724514,0,42950,0,272.21,500.04,1068031,1519615,2254847,3133439,3950591,315392,51773439,1736384.26,1306753.69,42950,10,10,10,0,0,0,0,0,0,1196031,2086911,5693439,1282584.83,500
1790724515,0,43450,0,273.64,499.92,1064959,1513471,2244607,3133439,3975167,315392,51773439,1731923.41,1303135.49,43450,10,10,10,0,0,0,0,0,0,1207295,2865151,5337087,1348736.77,500
1790724516,0,43950,0,275.06,500.02,1061887,1508351,2236415,3133439,4032511,315392,51773439,1728004.60,1300874.41,43950,10,10,10,0,0,0,0,0,0,1186815,2914303,6418431,1387459.58,500
1790724517,0,44450,0,276.46,500.05,1058815,1503231,2228223,3131391,4050943,315392,51773439,1723132.45,1296762.17,44450,10,10,10,0,0,0,0,0,0,1202175,2207743,4939775,1294870.53,500
1790724518,0,44950,0,277.84,500.27,1056767,1499135,2215935,3129343,4046847,315392,51773439,1718051.30,1291720.59,44950,10,10,10,0,0,0,0,0,0,1238015,2007039,3692543,1266336.77,500
1790724519,0,45450,0,279.20,499.72,1054719,1494015,2203647,3127295,4024319,315392,51773439,1712665.11,1286418.26,45450,10,10,10,0,0,0,0,0,0,1211391,1968127,2351103,1228447.23,500
1790724520,0,45950,0,280.55,500.11,1052671,1488895,2193407,3125247,4003839,315392,51773439,1707150.06,1281179.11,45950,10,10,10,0,0,0,0,0,0,1199103,1892351,1998847,1205832.19,500
1790724521,0,46450,0,281.88,499.92,1050623,1484799,2181119,3121151,3987455,315392,51773439,1701973.90,1276100.43,46450,10,10,10,0,0,0,0,0,0,1241087,1927167,2287615,1226284.29,500
1790724522,0,46950,0,283.20,500.08,1046527,1479679,2170879,3119103,3962879,315392,51773439,1696053.56,1271256.52,46950,10,10,10,0,0,0,0,0,0,1143807,1836031,2020351,1146053.89,500
1790724523,0,47450,0,284.50,500.04,1043455,1475583,2158591,3117055,3954687,315392,51773439,1690453.42,1266393.51,47450,10,10,10,0,0,0,0,0,0,1155071,1790975,2002943,1164600.83,500
1790724524,0,47950,0,285.78,499.74,1040383,1470463,2150399,3112959,3948543,315392,51773439,1684934.60,1261819.09,47950,10,10,10,0,0,0,0,0,0,1150975,2047999,2367487,1161198.08,500
1790724525,0,48450,0,287.05,500.43,1037823,1466367,2142207,3110911,3948543,315392,51773439,1680036.98,1257341.03,48450,10,10,10,0,0,0,0,0,0,1192959,1818623,3256319,1210355.46,500
1790724526,0,48950,0,288.31,499.69,1034751,1461247,2131967,3108863,3942399,315392,51773439,1674832.21,1252956.93,48950,10,10,10,0,0,0,0,0,0,1150975,2068479,2717695,1170489.60,500
1790724527,0,49450,0,289.55,500.01,1032191,1457151,2121727,3106815,3930111,315392,51773439,1669625.86,1248378.99,49450,10,10,10,0,0,0,0,0,0,1130495,1918975,2217983,1159924.22,500
1790724528,0,49950,0,290.77,499.88,1030143,1454079,2113535,3104767,3909631,315392,51773439,1664931.86,1243633.41,49950,10,10,10,0,0,0,0,0,0,1204223,1797119,2036735,1200695.30,500
1790724529,0,50450,0,291.98,500.31,1027583,1449983,2105343,3100671,3905535,315392,51773439,1660490.70,1239153.96,50450,10,10,10,0,0,0,0,0,0,1182719,2082815,2533375,1216819.20,500
1790724530,0,50950,0,293.18,499.81,1025535,1446911,2094079,3098623,3889151,315392,51773439,1656065.42,1234670.52,50950,10,10,10,0,0,0,0,0,0,1181695,2007039,2359295,1209554.18,500
1790724531,0,51450,0,294.36,499.87,1023487,1442815,2084863,3096575,3883007,315392,51773439,1651654.09,1230389.25,51450,10,10,10,0,0,0,0,0,0,1185791,1841151,3319807,1202139.65,500
1790724532,0,51950,0,295.53,500.14,1021439,1439743,2077695,3094527,3883007,315392,51773439,1647864.56,1226400.82,51950,10,10,10,0,0,0,0,0,0,1227775,1926143,3549183,1257921.79,500
1790724533,0,52450,0,296.69,499.89,1017855,1435647,2067455,3092479,3866623,315392,51773439,1642357.24,1222508.88,52450,10,10,10,0,0,0,0,0,0,1036799,1825791,2293759,1070147.33,500
1790724534,0,52950,0,297.83,500.16,1015807,1432575,2057215,3088383,3858431,315392,51773439,1637827.66,1218357.93,52950,10,10,10,0,0,0,0,0,0,1144831,1944575,2123775,1162674.18,500
1790724535,0,53450,0,298.96,499.76,1014271,1429503,2050047,3086335,3850239,315392,51773439,1634248.68,1214123.97,53450,10,10,10,0,0,0,0,0,0,1225727,2096127,2828287,1255234.56,500
1790724536,0,53950,0,300.08,500.31,1012223,1426431,2043903,3084287,3827711,315392,51773439,1630231.10,1210092.21,53950,10,10,10,0,0,0,0,0,0,1173503,2052095,2832383,1200751.87,500
1790724537,0,54230,0,299.97,280.01,1012223,1427455,2044927,3084287,3821567,315392,51773439,1630506.77,1208213.29,54230,10,10,10,0,0,0,0,0,0,1511423,2981887,3391487,1683622.86,280
1790724538,0,54430,0,299.42,200.02,1013247,1428479,2049023,3086335,3817471,315392,51773439,1632014.84,1207152.35,54430,10,10,10,0,0,0,0,0,0,2115583,3207167,3497983,2040929.28,200
1790724539,0,54630,0,298.88,199.87,1013247,1429503,2053119,3086335,3819519,315392,51773439,1633625.57,1206195.42,54630,10,10,10,0,0,0,0,0,0,2094079,3213311,3903487,2071984.64,200
1790724540,0,54830,0,298.34,200.01,1014271,1430527,2055167,3086335,3817471,315392,51773439,1634726.26,1204995.64,54830,10,10,10,0,0,0,0,0,0,1873919,3176447,3645439,1935379.20,200
1790724541,0,55030,0,297.81,199.98,1015295,1431551,2058239,3086335,3825663,315392,51773439,1636232.77,1204286.61,55030,10,10,10,0,0,0,0,0,0,1984511,3237887,5447679,2049244.16,200
1790724542,0,55230,0,297.28,200.03,1016319,1433599,2062335,3086335,3821567,315392,51773439,1637344.15,1203042.12,55230,10,10,10,0,0,0,0,0,0,1846271,3110911,3211263,1943138.56,200
1790724543,0,55430,0,296.76,200.04,1016831,1434623,2065407,3088383,3817471,315392,51773439,1638658.71,1201957.67,55430,10,10,10,0,0,0,0,0,0,1912831,3153919,3440639,2001675.52,200
1790724544,0,55630,0,296.25,199.99,1017343,1435647,2068479,3088383,3815423,315392,51773439,1639646.04,1200774.02,55630,10,10,10,0,0,0,0,0,0,1895423,3174399,3311615,1913285.12,200
1790724545,0,55830,0,295.73,199.93,1017855,1436671,2071551,3088383,3815423,315392,51773439,1640919.49,1199738.39,55830,10,10,10,0,0,0,0,0,0,1958911,3141631,3649535,1995129.60,200
1790724546,0,56030,0,295.23,200.03,1018879,1437695,2075647,3090431,3815423,315392,51773439,1642296.96,1198660.52,56030,10,10,10,0,0,0,0,0,0,2037759,3258367,3403775,2026817.28,200
1790724547,0,56230,0,294.73,200.11,1019903,1438719,2079743,3092479,3817471,315392,51773439,1644143.57,1198332.98,56230,10,10,10,0,0,0,0,0,0,2199551,3395583,5443583,2161472.00,200
1790724548,0,56430,0,294.24,200.06,1020415,1439743,2082815,3092479,3815423,315392,51773439,1645444.84,1197189.40,56430,10,10,10,0,0,0,0,0,0,2101247,3125247,3231743,2011296.00,200
1790724549,0,56630,0,293.75,199.83,1021951,1440767,2085887,3094527,3815423,315392,51773439,1646800.27,1196237.82,56630,10,10,10,0,0,0,0,0,0,2047999,3307519,3633151,2029235.20,200
1790724550,0,56830,0,293.27,200.06,1022463,1441791,2089983,3094527,3807231,315392,51773439,1648015.99,1195144.98,56830,10,10,10,0,0,0,0,0,0,2025471,3123199,3442687,1992245.76,200
1790724551,0,57030,0,292.79,199.93,1023999,1442815,2092031,3094527,3805183,315392,51773439,1649221.94,1194099.85,57030,10,10,10,0,0,0,0,0,0,2009087,3262463,3522559,1991892.48,200
1790724552,0,57230,0,292.31,200.15,1024511,1444863,2096127,3094527,3805183,315392,51773439,1650579.45,1193171.04,57230,10,10,10,0,0,0,0,0,0,2109439,3215359,3483647,2037675.52,200
1790724553,0,57430,0,291.84,199.89,1025023,1445887,2101247,3094527,3801087,315392,51773439,1652013.17,1192142.90,57430,10,10,10,0,0,0,0,0,0,2117631,3129343,3305471,2062270.72,200
1790724554,0,57630,0,291.38,200.06,1026047,1447935,2103295,3096575,3801087,315392,51773439,1653345.61,1191160.93,57630,10,10,10,0,0,0,0,0,0,2055167,3184639,3481599,2035955.20,200
1790724555,0,57830,0,290.92,199.99,1027583,1448959,2107391,3098623,3805183,315392,51773439,1655025.61,1190411.46,57830,10,10,10,0,0,0,0,0,0,2070527,3481599,4069375,2139119.36,200
1790724556,0,58030,0,290.46,200.06,1027583,1449983,2111487,3098623,3801087,315392,51773439,1656399.03,1189536.39,58030,10,10,10,0,0,0,0,0,0,2138111,3287039,3424255,2053523.20,200
1790724557,0,58230,0,290.01,199.96,1029119,1452031,2113535,3098623,3801087,315392,51773439,1657627.91,1188524.34,58230,10,10,10,0,0,0,0,0,0,1953791,3182591,3377151,2014187.52,200
1790724558,0,58430,0,289.57,199.95,1029631,1453055,2115583,3098623,3799039,315392,51773439,1658555.00,1187390.78,58430,10,10,10,0,0,0,0,0,0,1897471,3080191,3270655,1928476.16,200
1790724559,0,58630,0,289.13,200.07,1030143,1454079,2119679,3100671,3805183,315392,51773439,1659815.90,1186648.85,58630,10,10,10,0,0,0,0,0,0,1990655,3284991,4106239,2028189.44,200
1790724560,0,58830,0,288.69,199.87,1030655,1455103,2121727,3100671,3801087,315392,51773439,1660980.61,1185674.11,58830,10,10,10,0,0,0,0,0,0,2111487,3264511,3411967,2002412.80,200
1790724561,0,59030,0,288.26,200.16,1031679,1455103,2125823,3100671,3799039,315392,51773439,1661982.37,1184594.11,59030,10,10,10,0,0,0,0,0,0,1923071,3178495,3395583,1956651.52,200
1790724562,0,59230,0,287.83,199.98,1032703,1457151,2127871,3102719,3805183,315392,51773439,1663547.73,1183902.57,59230,10,10,10,0,0,0,0,0,0,2083839,3287039,4558847,2125562.88,200
1790724563,0,59430,0,287.40,199.92,1033215,1458175,2129919,3102719,3801087,315392,51773439,1664721.09,1182811.94,59430,10,10,10,0,0,0,0,0,0,2078719,3110911,3309567,2012212.48,200
1790724564,0,59630,0,286.98,199.94,1033727,1460223,2131967,3102719,3801087,315392,51773439,1665787.94,1181708.98,59630,10,10,10,0,0,0,0,0,0,1996799,3112959,3481599,1982803.20,200
1790724565,0,59830,0,286.56,200.08,1034239,1460223,2136063,3102719,3796991,315392,51773439,1666620.78,1180615.73,59830,10,10,10,0,0,0,0,0,0,1866751,3088383,3291135,1914932.48,200
1790724566,0,60030,0,286.15,200.07,1035263,1461247,2138111,3102719,3794943,315392,51773439,1667708.23,1179657.53,60030,10,10,10,0,0,0,0,0,0,2003967,3168255,3383295,1993017.60,200
1790724567,0,60230,0,285.74,200.02,1035775,1463295,2142207,3104767,3784703,315392,51773439,1668791.79,1178738.81,60230,10,10,10,0,0,0,0,0,0,2019327,3213311,3512319,1994021.12,200
1790724568,0,60430,0,285.34,199.97,1036799,1464319,2144255,3104767,3794943,315392,51773439,1670257.11,1178609.38,60430,10,10,10,0,0,0,0,0,0,1975295,3237887,7733247,2111540.48,200
1790724569,0,60630,0,284.94,199.89,1037311,1465343,2146303,3106815,3790847,315392,51773439,1671348.24,1177625.69,60630,10,10,10,0,0,0,0,0,0,1923071,3166207,3325951,2001032.96,200
1790724570,0,60830,0,284.54,200.07,1038335,1466367,2148351,3106815,3794943,315392,51773439,1672881.55,1177097.03,60830,10,10,10,0,0,0,0,0,0,2146303,3319807,4382719,2137702.40,200
1790724571,0,61030,0,284.15,200.03,1038847,1467391,2152447,3106815,3784703,315392,51773439,1673997.75,1176136.58,61030,10,10,10,0,0,0,0,0,0,2043903,3186687,3471359,2013492.48,200
1790724572,0,61230,0,283.76,199.91,1039359,1468415,2154495,3108863,3799039,315392,51773439,1675505.07,1176572.53,61230,10,10,10,0,0,0,0,0,0,2050047,3295231,7495679,2135463.68,200
1790724573,0,61430,0,283.37,200.10,1039871,1470463,2158591,3108863,3796991,315392,51773439,1676772.17,1175711.46,61430,10,10,10,0,0,0,0,0,0,2131967,3178495,3575807,2064693.76,200
1790724574,0,61630,0,282.99,199.90,1040895,1471487,2162687,3108863,3801087,315392,51773439,1678162.52,1175121.09,61630,10,10,10,0,0,0,0,0,0,2040831,3145727,4845567,2105208.32,200
1790724575,0,61830,0,282.61,200.03,1041919,1472511,2164735,3108863,3815423,315392,51773439,1679628.91,1174847.23,61830,10,10,10,0,0,0,0,0,0,2091007,3573759,5414911,2131495.68,200
1790724576,0,62030,0,282.23,199.94,1042431,1473535,2166783,3108863,3815423,315392,51773439,1680395.86,1173860.13,62030,10,10,10,0,0,0,0,0,0,1881087,3086335,3330047,1917498.88,200
1790724577,0,62230,0,281.86,200.11,1042943,1474559,2170879,3110911,3815423,315392,51773439,1681787.12,1173186.26,62230,10,10,10,0,0,0,0,0,0,2109439,3330047,3987455,2113286.40,200
1790724578,0,62430,0,281.49,199.96,1043967,1476607,2170879,3110911,3811327,315392,51773439,1682590.78,1172116.74,62430,10,10,10,0,0,0,0,0,0,1933311,3147775,3340287,1932651.52,200
1790724579,0,62630,0,281.13,200.08,1044479,1477631,2174975,3110911,3807231,315392,51773439,1683660.78,1171316.34,62630,10,10,10,0,0,0,0,0,0,2037759,3284991,3514367,2017661.44,200
1790724580,0,62830,0,280.76,199.99,1044991,1478655,2177023,3110911,3805183,315392,51773439,1684762.26,1170382.05,62830,10,10,10,0,0,0,0,0,0,2038783,3115007,3375103,2029688.32,200
1790724581,0,63030,0,280.40,199.94,1046015,1479679,2179071,3110911,3805183,315392,51773439,1685679.63,1169513.18,63030,10,10,10,0,0,0,0,0,0,1921023,3205119,3325951,1973872.64,200
1790724582,0,63230,0,280.05,199.91,1047039,1480703,2183167,3112959,3817471,315392,51773439,1687490.89,1170351.37,63230,10,10,10,0,0,0,0,0,0,1987583,3805183,7299071,2258309.12,200
1790724583,0,63430,0,279.69,200.14,1047551,1482751,2185215,3112959,3817471,315392,51773439,1688928.86,1169689.92,63430,10,10,10,0,0,0,0,0,0,2121727,3233791,3977215,2143543.04,200
1790724584,0,63630,0,279.34,199.88,1048063,1483775,2187263,3112959,3817471,315392,51773439,1690057.11,1168751.81,63630,10,10,10,0,0,0,0,0,0,2115583,3176447,3239935,2047882.24,200
1790724585,0,63830,0,279.00,200.13,1048575,1484799,2191359,3112959,3815423,315392,51773439,1690919.81,1167748.72,63830,10,10,10,0,0,0,0,0,0,1986559,3076095,3260415,1965388.80,200
1790724586,0,64030,0,278.65,199.87,1049599,1485823,2193407,3112959,3815423,315392,51773439,1692214.23,1166952.57,64030,10,10,10,0,0,0,0,0,0,2152447,3203071,3616767,2105327.36,200
1790724587,0,64230,0,278.31,200.04,1050623,1486847,2195455,3112959,3811327,315392,51773439,1692970.74,1165938.54,64230,10,10,10,0,0,0,0,0,0,1878015,3053567,3301375,1935166.72,200
1790724588,0,64430,0,277.98,200.09,1050623,1487871,2197503,3112959,3807231,315392,51773439,1693693.85,1164897.40,64430,10,10,10,0,0,0,0,0,0,1823743,3086335,3194879,1925921.28,200
1790724589,0,64630,0,277.64,199.88,1051647,1488895,2197503,3112959,3805183,315392,51773439,1694587.44,1163981.36,64630,10,10,10,0,0,0,0,0,0,1946623,3137535,3262463,1982458.88,200
1790724590,0,64830,0,277.31,200.08,1051647,1489919,2199551,3112959,3801087,315392,51773439,1695380.64,1162938.15,64830,10,10,10,0,0,0,0,0,0,2020351,3016703,3194879,1951701.76,200
1790724591,0,65030,0,276.98,199.96,1052671,1490943,2203647,3112959,3807231,315392,51773439,1696451.56,1162320.81,65030,10,10,10,0,0,0,0,0,0,1987583,3325951,4808703,2043590.40,200
1790724592,0,65230,0,276.65,200.10,1053695,1491967,2203647,3112959,3805183,315392,51773439,1697269.75,1161482.14,65230,10,10,10,0,0,0,0,0,0,1894399,3188735,3342335,1963303.68,200
1790724593,0,65430,0,276.33,199.97,1054719,1492991,2205695,3115007,3817471,315392,51773439,1698571.97,1161118.77,65430,10,10,10,0,0,0,0,0,0,2075647,3647487,4866047,2123290.88,200
1790724594,0,65630,0,276.01,199.88,1055743,1494015,2209791,3115007,3815423,315392,51773439,1699646.42,1160230.21,65630,10,10,10,0,0,0,0,0,0,2039807,3174399,3430399,2051152.64,200
1790724595,0,65830,0,275.69,200.15,1055743,1496063,2211839,3115007,3815423,315392,51773439,1700639.98,1159393.08,65830,10,10,10,0,0,0,0,0,0,1915903,3213311,3475455,2026677.12,200
1790724596,0,66030,0,275.37,199.91,1056767,1497087,2213887,3117055,3819519,315392,51773439,1701908.50,1159032.94,66030,10,10,10,0,0,0,0,0,0,2000895,3368959,5402623,2119440.64,200
1790724597,0,66868,0,277.71,838.05,1060863,1503231,2228223,3135487,4562943,315392,51773439,1786590.88,1849834.71,66868,10,10,10,0,0,0,0,0,0,2136063,32800767,35160063,8459118.13,838
1790724598,0,67870,0,280.71,1001.69,1064959,1507327,2224127,3137535,4673535,315392,51773439,1789995.25,1845519.94,67870,10,10,10,0,0,0,0,0,0,1742847,3827711,9494527,2017184.19,1002
1790724599,0,68870,0,283.67,1000.31,1071103,1520639,2256895,3176447,5623807,315392,51773439,1818195.79,1863442.01,68870,10,10,10,0,0,0,0,0,0,3061759,8265727,10436607,3732166.66,1000
1790724600,0,69870,0,286.61,999.78,1077247,1532927,2285567,3223551,7258111,315392,51773439,1867389.19,1968795.53,69870,10,10,10,0,0,0,0,0,0,3457023,14868479,21807103,5255338.50,1000
1790724601,0,70870,0,289.52,1000.20,1083391,1545215,2320383,3270655,7712767,315392,51773439,1890660.76,1977246.04,70870,10,10,10,0,0,0,0,0,0,3086335,7622655,11337727,3516645.63,1000
1790724602,0,71870,0,292.41,999.60,1090559,1557503,2349055,3332095,8310783,315392,51773439,1922101.54,2005377.90,71870,10,10,10,0,0,0,0,0,0,3037183,9420799,13574143,4150309.50,1000
1790724603,0,72870,0,295.28,1000.40,1096703,1570815,2365439,3352575,8265727,315392,51773439,1932852.31,1998312.09,72870,10,10,10,0,0,0,0,0,0,2449407,5476351,7237631,2705510.27,1000
1790724604,0,73870,0,298.12,999.60,1102847,1584127,2387967,3424255,9093119,315392,51773439,1971532.07,2101424.38,73870,10,10,10,0,0,0,0,0,0,2754559,19152895,24707071,4790126.08,1000
1790724605,0,74870,0,300.94,999.88,1110015,1595391,2402303,3446783,9125887,315392,51773439,1981089.60,2094733.31,74870,10,10,10,0,0,0,0,0,0,2400255,5005311,9322495,2687104.00,1000
1790724606,0,75870,0,303.74,1000.61,1115135,1606655,2414591,3475455,9355263,315392,51773439,1995453.33,2105593.37,75870,10,10,10,0,0,0,0,0,0,2426879,8142847,15581183,3070865.66,1000
1790724607,0,76870,0,306.52,999.50,1121279,1617919,2422783,3477503,9322495,315392,51773439,2000960.82,2096013.41,76870,10,10,10,0,0,0,0,0,0,2291711,3573759,6565887,2418814.34,1000
1790724608,0,77870,0,309.27,1000.21,1126399,1629183,2435071,3506175,9420799,315392,51773439,2013278.76,2096853.46,77870,10,10,10,0,0,0,0,0,0,2445311,7385087,11296767,2960159.10,1000
1790724609,0,78870,0,312.01,1000.41,1131519,1639423,2441215,3516415,9355263,315392,51773439,2018261.87,2086870.12,78870,10,10,10,0,0,0,0,0,0,2279423,3891199,6590463,2406296.45,1000
1790724610,0,79870,0,314.72,999.39,1137663,1651711,2455551,3571711,9478143,315392,51773439,2031598.87,2088733.19,79870,10,10,10,0,0,0,0,0,0,2566143,8306687,11395071,3083488.13,1000
1790724611,0,80870,0,317.41,1000.16,1142783,1662975,2463743,3583999,9437183,315392,51773439,2037241.01,2078901.97,80870,10,10,10,0,0,0,0,0,0,2347007,4073471,6283263,2487878.40,1000
1790724612,0,81870,0,320.08,1000.03,1148927,1674239,2478079,3659775,9527295,315392,51773439,2051529.37,2083620.95,81870,10,10,10,0,0,0,0,0,0,2523135,7540735,11886591,3207029.25,1000
1790724613,0,82870,0,322.72,1000.14,1154047,1683455,2480127,3655679,9461759,315392,51773439,2054033.48,2073054.89,82870,10,10,10,0,0,0,0,0,0,2201599,3383295,5488639,2259045.38,1000
1790724614,0,83870,0,325.35,1000.04,1159167,1692671,2482175,3655679,9420799,315392,51773439,2056711.21,2062940.03,83870,10,10,10,0,0,0,0,0,0,2177023,3655679,6070271,2278614.02,1000
1790724615,0,84870,0,327.96,999.59,1164287,1701887,2486271,3657727,9347071,315392,51773439,2059759.73,2053011.89,84870,10,10,10,0,0,0,0,0,0,2191359,3807231,5398527,2315439.62,1000
1790724616,0,85870,0,330.54,999.97,1170431,1710079,2492415,3682303,9314303,315392,51773439,2065533.30,2046756.77,85870,10,10,10,0,0,0,0,0,0,2238463,5955583,7737343,2555536.00,1000
1790724617,0,86870,0,333.11,1000.88,1176575,1722367,2500607,3708927,9224191,315392,51773439,2072688.94,2039943.17,86870,10,10,10,0,0,0,0,0,0,2441215,5132287,7491583,2687143.30,1000
1790724618,0,87861,0,335.63,990.97,1182719,1733631,2514943,3780607,9437183,315392,51773439,2088799.97,2051018.50,87861,10,10,10,0,0,0,0,0,0,2695167,9027583,13860863,3501076.41,991
1790724619,0,88870,0,338.19,1008.69,1188863,1745919,2525183,3872767,9527295,315392,51773439,2102034.93,2054420.61,88870,10,10,10,0,0,0,0,0,0,2568191,7679999,11272191,3254499.58,1009
1790724620,0,89869,0,340.69,998.73,1195007,1757183,2533375,3958783,9773055,315392,51773439,2117097.86,2069083.71,89869,10,10,10,0,0,0,0,0,0,2508799,9347071,15671295,3457080.38,999
1790724621,0,90869,0,343.18,999.69,1199103,1765375,2539519,4038655,9863167,315392,51773439,2126944.57,2073709.12,90869,10,10,10,0,0,0,0,0,0,2303999,7356415,12124159,3011858.43,1000
1790724622,0,91870,0,345.66,1001.46,1204223,1776639,2547711,4134911,10239999,315392,51773439,2145567.01,2102763.67,91870,10,10,10,0,0,0,0,0,0,2478079,12640255,18038783,3836078.42,1001
1790724623,0,92870,0,348.11,999.76,1207295,1777663,2547711,4198399,10477567,315392,51773439,2152770.51,2112753.10,92870,10,10,10,0,0,0,0,0,0,1813503,10297343,13705215,2814556.42,1000
1790724624,0,93870,0,350.54,1000.17,1208319,1774591,2539519,4173823,10428415,314112,51773439,2148122.61,2103400.60,93870,10,10,10,0,0,0,0,0,0,1653759,2535423,5398527,1716472.19,1000
1790724625,0,94870,0,352.96,999.92,1208319,1769471,2533375,4153343,10354687,239488,51773439,2142905.98,2094545.39,94870,10,10,10,0,0,0,0,0,0,1552383,3000319,5132287,1653220.54,1000
1790724626,0,95870,0,355.36,999.77,1207295,1764351,2525183,4132863,10305535,239488,51773439,2136765.31,2085147.07,95870,10,10,10,0,0,0,0,0,0,1522687,2306047,2959359,1554200.19,1000
1790724627,0,96870,0,357.74,1000.42,1209343,1766399,2527231,4198399,10502143,239488,51773439,2148076.44,2127887.68,96870,10,10,10,0,0,0,0,0,0,1950719,9420799,26787839,3232474.11,1000
1790724628,0,97870,0,360.10,999.94,1213439,1774591,2531327,4243455,10592255,239488,51773439,2156128.36,2130058.37,97870,10,10,10,0,0,0,0,0,0,2269183,7737343,12582911,2936118.53,1000
1790724629,0,98870,0,362.45,1000.18,1218559,1784831,2539519,4345855,10838015,239488,51773439,2174216.68,2159220.74,98870,10,10,10,0,0,0,0,0,0,2549759,11452415,20725759,3944520.32,1000
1790724630,0,99870,0,364.78,999.36,1222655,1791999,2543615,4370431,10838015,239488,51773439,2180007.34,2157896.01,99870,10,10,10,0,0,0,0,0,0,2242559,8081407,10502143,2752529.79,1000
1790724631,0,100870,0,367.09,1000.53,1227775,1797119,2547711,4472831,11370495,239488,51773439,2201241.49,2221405.31,100870,10,10,10,0,0,0,0,0,0,2217983,18300927,23904255,4321896.58,1000
1790724632,0,101870,0,369.38,1000.05,1230847,1801215,2547711,4456447,11337727,239488,51773439,2200747.18,2212043.58,101870,10,10,10,0,0,0,0,0,0,2052095,3360767,5840895,2150885.38,1000
1790724633,0,102870,0,371.66,999.66,1234943,1808383,2553855,4620287,11886591,239488,51773439,2224171.40,2256544.59,102870,10,10,10,0,0,0,0,0,0,2400255,14524415,19562495,4610397.06,1000
1790724634,0,103870,0,373.92,999.80,1239039,1814527,2553855,4607999,11804671,239488,51773439,2224602.03,2247886.97,103870,10,10,10,0,0,0,0,0,0,2086911,3981311,6770687,2268900.61,1000
1790724635,0,104870,0,376.17,1000.47,1243135,1820671,2555903,4632575,11780095,239488,51773439,2228153.54,2242920.36,104870,10,10,10,0,0,0,0,0,0,2217983,5996543,8830975,2597049.47,1000
1790724636,0,105870,0,378.40,1000.12,1247231,1824767,2553855,4616191,11698175,239488,51773439,2227666.20,2233848.05,105870,10,10,10,0,0,0,0,0,0,2076671,3608575,5423103,2176558.98,1000
1790724637,0,106870,0,380.61,999.66,1251327,1828863,2553855,4607999,11673599,239488,51773439,2228300.33,2226504.79,106870,10,10,10,0,0,0,0,0,0,2109439,4175871,7380991,2295435.39,1000
1790724638,0,107870,0,382.81,1000.26,1254399,1832959,2551807,4599807,11624447,239488,51773439,2227408.95,2217753.59,107870,10,10,10,0,0,0,0,0,0,2014207,3463167,5386239,2132146.82,1000
1790724639,0,108870,0,384.99,1000.19,1258495,1837055,2551807,4595711,11567103,239488,51773439,2228651.17,2211422.19,108870,10,10,10,0,0,0,0,0,0,2113535,4251647,9052159,2362649.60,1000
1790724640,0,109870,0,387.16,999.93,1261567,1839103,2549759,4575231,11509759,239488,51773439,2227226.09,2202487.12,109870,10,10,10,0,0,0,0,0,0,2017279,3096575,5308415,2072078.21,1000
1790724641,0,110870,0,389.31,1000.10,1265663,1844223,2551807,4620287,11517951,239488,51773439,2232594.63,2202025.78,110870,10,10,10,0,0,0,0,0,0,2140159,7188479,11534335,2822435.58,1000
1790724642,0,111870,0,391.45,1000.07,1270783,1849343,2553855,4624383,11436031,239488,51773439,2233797.43,2194341.23,111870,10,10,10,0,0,0,0,0,0,2152447,4661247,6594559,2367152.13,1000
1790724643,0,112870,0,393.57,999.98,1273855,1852415,2551807,4607999,11395071,239488,51773439,2233209.83,2186659.29,112870,10,10,10,0,0,0,0,0,0,2026495,3239935,6569983,2167474.56,1000
1790724644,0,113870,0,395.68,1000.06,1277951,1855487,2549759,4591615,11354111,239488,51773439,2232240.11,2178328.45,113870,10,10,10,0,0,0,0,0,0,2036735,3231743,5341183,2122787.71,1000
1790724645,0,114866,0,397.76,996.12,1281023,1857535,2545663,4579327,11337727,239488,51773439,2231237.45,2170864.11,114866,10,10,10,0,0,0,0,0,0,1954815,3516415,6770687,2116605.82,996
1790724646,0,115870,0,399.85,1003.61,1285119,1861631,2545663,4571135,11296767,239488,51773439,2231953.62,2164365.82,115870,10,10,10,0,0,0,0,0,0,2162687,3528703,9584639,2313890.55,1004
1790724647,0,116870,0,401.91,1000.33,1288191,1864703,2545663,4558847,11247615,239488,51773439,2230910.52,2156477.65,116870,10,10,10,0,0,0,0,0,0,2037759,3086335,5955583,2110045.95,1000
1790724648,0,117870,0,403.96,999.77,1291263,1866751,2543615,4562943,11231231,239488,51773439,2231656.98,2151231.91,117870,10,10,10,0,0,0,0,0,0,2041855,4902911,8323071,2318895.87,1000
1790724649,0,118870,0,406.00,1000.09,1295359,1869823,2543615,4558847,11190271,239488,51773439,2232321.47,2144041.36,118870,10,10,10,0,0,0,0,0,0,2107391,4407295,6127615,2310644.48,1000
1790724650,0,119870,0,408.02,999.67,1299455,1871871,2541567,4554751,11149311,239488,51773439,2231741.61,2137267.69,119870,10,10,10,0,0,0,0,0,0,2007039,3747839,7077887,2162814.08,1000
1790724651,0,120870,0,410.03,1000.16,1302527,1874943,2537471,4542463,11108351,239488,51773439,2230750.30,2130800.78,120870,10,10,10,0,0,0,0,0,0,2000895,3004415,8015871,2111921.54,1000
1790724652,0,121870,0,412.02,999.69,1305599,1878015,2537471,4526079,11067391,239488,51773439,2230576.55,2123568.34,121870,10,10,10,0,0,0,0,0,0,2119679,3471359,5033983,2209575.81,1000
1790724653,0,122870,0,414.01,1000.40,1307647,1880063,2539519,4526079,11018239,239488,51773439,2231521.67,2117140.48,122870,10,10,10,0,0,0,0,0,0,2129919,4534271,6852607,2346703.87,1000
1790724654,0,123870,0,415.97,1000.01,1310719,1883135,2537471,4513791,10969087,239488,51773439,2231043.67,2110396.17,123870,10,10,10,0,0,0,0,0,0,2054143,3383295,7217151,2172311.30,1000
1790724655,0,124870,0,417.93,1000.21,1313791,1885183,2535423,4501503,10936319,239488,51773439,2230259.11,2103443.12,124870,10,10,10,0,0,0,0,0,0,2004991,3280895,7016447,2133075.33,1000
1790724656,0,125870,0,419.87,999.05,1315839,1886207,2533375,4493311,10911743,239488,51773439,2229053.27,2096455.33,125870,10,10,10,0,0,0,0,0,0,1987583,3420159,5005311,2078480.00,1000
1790724657,0,126270,0,419.80,400.01,1316863,1887231,2533375,4489215,10903551,239488,51773439,2228249.87,2093754.72,126270,10,10,10,0,0,0,0,0,0,1928191,3426303,5611519,1975440.96,400
1790724658,0,126470,0,419.08,200.09,1315839,1886207,2533375,4485119,10862591,239488,51773439,2227566.42,2092436.57,126470,10,10,10,0,0,0,0,0,0,1736703,3094527,4976639,1796069.12,200
1790724659,0,126670,0,418.35,200.07,1315839,1886207,2533375,4481023,10854399,239488,51773439,2227322.62,2091087.27,126670,10,10,10,0,0,0,0,0,0,2045951,3467263,4665343,2073158.40,200
1790724660,0,126870,0,417.63,199.98,1316863,1887231,2533375,4476927,10846207,239488,51773439,2227125.77,2089717.79,126870,10,10,10,0,0,0,0,0,0,1972223,3411967,4587519,2102451.20,200
1790724661,0,127070,0,416.92,199.91,1315839,1887231,2533375,4472831,10838015,239488,51773439,2226703.04,2088326.13,127070,10,10,10,0,0,0,0,0,0,1946623,3201023,3616767,1958544.64,200
1790724662,0,127270,0,416.21,200.00,1316863,1887231,2533375,4464639,10838015,239488,51773439,2226520.74,2086948.43,127270,10,10,10,0,0,0,0,0,0,2142207,3227647,3907583,2110695.68,200
1790724663,0,127470,0,415.51,200.14,1316863,1887231,2533375,4464639,10829823,239488,51773439,2226090.48,2085576.31,127470,10,10,10,0,0,0,0,0,0,1860607,3332095,3627007,1952294.40,200
1790724664,0,127670,0,414.80,199.96,1316863,1887231,2533375,4456447,10821631,239488,51773439,2225799.56,2084268.73,127670,10,10,10,0,0,0,0,0,0,1941503,3756031,4435967,2040381.44,200
1790724665,0,127870,0,414.11,199.93,1316863,1887231,2533375,4456447,10821631,239488,51773439,2225720.79,2083130.93,127870,10,10,10,0,0,0,0,0,0,2064383,3944447,6483967,2175436.80,200
1790724666,0,128070,0,413.42,200.02,1316863,1888255,2533375,4452351,10813439,239488,51773439,2225412.04,2081753.97,128070,10,10,10,0,0,0,0,0,0,2035711,3311615,3987455,2028010.24,200
1790724667,0,128270,0,412.73,200.09,1316863,1888255,2535423,4448255,10805247,239488,51773439,2225269.83,2080440.27,128270,10,10,10,0,0,0,0,0,0,2142207,3633151,4308991,2134210.56,200
1790724668,0,128470,0,412.05,199.84,1316863,1888255,2535423,4444159,10788863,239488,51773439,2225049.95,2079119.61,128470,10,10,10,0,0,0,0,0,0,2035711,3299327,4259839,2084028.16,200
1790724669,0,128670,0,411.37,200.07,1316863,1888255,2535423,4440063,10788863,239488,51773439,2224743.61,2077735.16,128670,10,10,10,0,0,0,0,0,0,1998847,3229695,3475455,2027964.16,200
1790724670,0,128870,0,410.70,199.96,1316863,1888255,2535423,4440063,10772479,239488,51773439,2224374.59,2076405.63,128870,10,10,10,0,0,0,0,0,0,1941503,3424255,4141055,1986964.48,200
1790724671,0,129070,0,410.03,199.97,1316863,1888255,2535423,4435967,10764287,239488,51773439,2223954.11,2075101.17,129070,10,10,10,0,0,0,0,0,0,1824767,3483647,4702207,1953018.88,200
1790724672,0,129270,0,409.36,200.10,1316863,1888255,2535423,4435967,10756095,239488,51773439,2223557.75,2074027.00,129270,10,10,10,0,0,0,0,0,0,1708031,3528703,7573503,1967768.96,200
1790724673,0,129470,0,408.70,200.00,1315839,1888255,2535423,4431871,10747903,239488,51773439,2223115.55,2072711.07,129470,10,10,10,0,0,0,0,0,0,1885183,3264511,4134911,1937297.92,200
1790724674,0,129670,0,408.04,199.91,1316863,1888255,2535423,4423679,10739711,239488,51773439,2222681.37,2071380.74,129670,10,10,10,0,0,0,0,0,0,1873919,3231743,4141055,1941614.08,200
1790724675,0,129870,0,407.39,200.01,1316863,1888255,2535423,4419583,10739711,239488,51773439,2222531.20,2070126.31,129870,10,10,10,0,0,0,0,0,0,2044927,3438591,4395007,2125169.92,200
1790724676,0,130070,0,406.74,199.98,1316863,1888255,2535423,4419583,10739711,239488,51773439,2222425.00,2068899.23,130070,10,10,10,0,0,0,0,0,0,2039807,3805183,5152767,2153463.04,200
1790724677,0,130270,0,406.10,200.11,1316863,1889279,2535423,4415487,10715135,239488,51773439,2222188.70,2067577.39,130270,10,10,10,0,0,0,0,0,0,2086911,3325951,4163583,2068514.56,200
1790724678,0,130470,0,405.46,199.94,1316863,1889279,2535423,4407295,10706943,239488,51773439,2221792.98,2066232.86,130470,10,10,10,0,0,0,0,0,0,1965055,3098623,3649535,1964035.84,200
1790724679,0,130670,0,404.82,200.14,1316863,1889279,2535423,4407295,10706943,239488,51773439,2221805.92,2065546.21,130670,10,10,10,0,0,0,0,0,0,1932287,4284415,8667135,2230247.68,200
1790724680,0,130870,0,404.19,199.81,1316863,1889279,2535423,4403199,10706943,239488,51773439,2221443.76,2064227.95,130870,10,10,10,0,0,0,0,0,0,1972223,3323903,3985407,1984828.16,200
1790724681,0,131070,0,403.56,200.12,1316863,1889279,2537471,4403199,10698751,239488,51773439,2221295.40,2062979.56,131070,10,10,10,0,0,0,0,0,0,2063359,3672063,4923391,2124217.60,200
1790724682,0,131270,0,402.94,199.96,1316863,1889279,2537471,4399103,10698751,239488,51773439,2220859.03,2061671.75,131270,10,10,10,0,0,0,0,0,0,1894399,3248127,3678207,1934880.00,200
1790724683,0,131470,0,402.32,200.09,1316863,1889279,2537471,4395007,10698751,239488,51773439,2220625.02,2060707.80,131470,10,10,10,0,0,0,0,0,0,1865727,3223551,9773055,2067037.44,200
1790724684,0,131670,0,401.70,200.01,1316863,1889279,2537471,4390911,10674175,239488,51773439,2220284.67,2059405.99,131670,10,10,10,0,0,0,0,0,0,1940479,3311615,3571711,1996550.40,200
1790724685,0,131870,0,401.08,199.96,1316863,1889279,2535423,4386815,10665983,239488,51773439,2219464.70,2058135.38,131870,10,10,10,0,0,0,0,0,0,1604607,2828287,3848191,1679642.88,200
1790724686,0,132070,0,400.48,200.02,1316863,1889279,2535423,4382719,10665983,239488,51773439,2218990.02,2056862.82,132070,10,10,10,0,0,0,0,0,0,1784831,3231743,3567615,1906005.76,200
1790724687,0,132270,0,399.87,199.92,1316863,1888255,2535423,4378623,10657791,239488,51773439,2218545.34,2055568.44,132270,10,10,10,0,0,0,0,0,0,1852415,3260415,3674111,1924899.84,200
1790724688,0,132470,0,399.27,200.08,1315839,1888255,2535423,4374527,10649599,239488,51773439,2217690.40,2054317.66,132470,10,10,10,0,0,0,0,0,0,1575935,2949119,3373055,1652277.76,200
1790724689,0,132670,0,398.67,200.02,1315839,1888255,2535423,4370431,10625023,239488,51773439,2217231.76,2053054.59,132670,10,10,10,0,0,0,0,0,0,1869823,3256319,3784703,1913450.24,200
1790724690,0,132870,0,398.07,199.92,1315839,1888255,2535423,4366335,10616831,239488,51773439,2216783.68,2051725.52,132870,10,10,10,0,0,0,0,0,0,1924095,3080191,3334143,1919551.36,200
1790724691,0,133070,0,397.48,200.06,1315839,1888255,2535423,4366335,10592255,239488,51773439,2216219.04,2050429.57,133070,10,10,10,0,0,0,0,0,0,1773567,3024895,3215359,1841102.08,200
1790724692,0,133270,0,396.89,199.95,1315839,1888255,2535423,4362239,10592255,239488,51773439,2216186.20,2049313.63,133270,10,10,10,0,0,0,0,0,0,2061311,3565567,7167999,2194334.72,200
1790724693,0,133470,0,396.31,199.98,1315839,1887231,2535423,4362239,10584063,239488,51773439,2215421.13,2048044.12,133470,10,10,10,0,0,0,0,0,0,1634303,2981887,3424255,1705615.36,200
1790724694,0,133670,0,395.73,200.05,1315839,1887231,2535423,4354047,10575871,239488,51773439,2214992.61,2046751.84,133670,10,10,10,0,0,0,0,0,0,1868799,3256319,3780607,1929021.44,200
1790724695,0,133870,0,395.15,199.91,1315839,1888255,2535423,4354047,10575871,239488,51773439,2214644.98,2045518.71,133870,10,10,10,0,0,0,0,0,0,1955839,3463167,3936255,1982306.56,200
1790724696,0,134070,0,394.57,200.00,1314815,1887231,2535423,4349951,10567679,239488,51773439,2214272.52,2044563.36,134070,10,10,10,0,0,0,0,0,0,1723391,3680255,6799359,1964963.84,200
1790724697,0,134270,0,394.00,200.10,1314815,1887231,2535423,4349951,10559487,239488,51773439,2213683.77,2043376.25,134270,10,10,10,0,0,0,0,0,0,1690623,3446783,4386815,1819016.96,200
1790724698,0,134470,0,393.44,199.95,1314815,1887231,2535423,4345855,10559487,239488,51773439,2213307.09,2042239.27,134470,10,10,10,0,0,0,0,0,0,1818623,3717119,5193727,1960424.96,200
1790724699,0,134670,0,392.87,199.94,1314815,1887231,2533375,4341759,10551295,239488,51773439,2212915.17,2041023.67,134670,10,10,10,0,0,0,0,0,0,1821695,3375103,4431871,1949406.08,200
1790724700,0,134870,0,392.31,199.94,1314815,1887231,2535423,4341759,10543103,239488,51773439,2212924.13,2039842.71,134870,10,10,10,0,0,0,0,0,0,2136063,3760127,5492735,2218959.36,200
1790724701,0,135070,0,391.75,200.02,1314815,1887231,2535423,4337663,10534911,239488,51773439,2212749.91,2038576.99,135070,10,10,10,0,0,0,0,0,0,2035711,3340287,3960831,2095260.16,200
1790724702,0,135270,0,391.20,200.15,1315839,1888255,2535423,4333567,10526719,239488,51773439,2212653.03,2037375.36,135270,10,10,10,0,0,0,0,0,0,2058239,3432447,4685823,2147229.44,200
1790724703,0,135470,0,390.65,199.93,1315839,1888255,2535423,4333567,10510335,239488,51773439,2212389.35,2036121.55,135470,10,10,10,0,0,0,0,0,0,2027519,3203071,3938303,2034048.00,200
1790724704,0,135670,0,390.10,199.97,1315839,1888255,2535423,4329471,10502143,239488,51773439,2212079.51,2034989.34,135670,10,10,10,0,0,0,0,0,0,1874943,3926015,5132287,2002206.72,200
1790724705,0,135870,0,389.55,200.00,1315839,1888255,2535423,4329471,10493951,239488,51773439,2211767.29,2033754.13,135870,10,10,10,0,0,0,0,0,0,2026495,3223551,4550655,1999975.68,200
1790724706,0,136070,0,389.01,200.03,1315839,1888255,2535423,4325375,10485759,239488,51773439,2211382.19,2032474.60,136070,10,10,10,0,0,0,0,0,0,1850367,3155967,3395583,1949766.40,200
1790724707,0,136270,0,388.47,199.90,1315839,1889279,2535423,4321279,10477567,239488,51773439,2211229.20,2031212.05,136270,10,10,10,0,0,0,0,0,0,2070527,3393535,4124671,2107142.40,200
1790724708,0,136470,0,387.94,200.07,1315839,1889279,2535423,4317183,10477567,239488,51773439,2211107.18,2030049.77,136470,10,10,10,0,0,0,0,0,0,2020351,3678207,5320703,2127968.00,200
1790724709,0,136670,0,387.40,200.07,1315839,1889279,2535423,4313087,10469375,239488,51773439,2210800.53,2028785.01,136670,10,10,10,0,0,0,0,0,0,1956863,3129343,3821567,2001559.04,200
1790724710,0,136870,0,386.88,200.02,1315839,1889279,2535423,4304895,10461183,239488,51773439,2210362.67,2027583.19,136870,10,10,10,0,0,0,0,0,0,1859583,3272703,3901439,1911147.52,200
1790724711,0,137070,0,386.35,199.94,1315839,1889279,2537471,4304895,10461183,239488,51773439,2210259.28,2026362.94,137070,10,10,10,0,0,0,0,0,0,2068479,3358719,4345855,2139504.64,200
1790724712,0,137270,0,385.82,199.96,1315839,1889279,2537471,4304895,10444799,239488,51773439,2210027.03,2025234.43,137270,10,10,10,0,0,0,0,0,0,1930239,3563519,5124095,2050853.12,200
1790724713,0,137470,0,385.30,200.09,1315839,1889279,2537471,4304895,10444799,239488,51773439,2209978.17,2024195.91,137470,10,10,10,0,0,0,0,0,0,1955839,4579327,5480447,2176444.80,200
1790724714,0,137670,0,384.79,199.96,1316863,1889279,2537471,4300799,10444799,239488,51773439,2209695.97,2022944.48,137670,10,10,10,0,0,0,0,0,0,1934335,3293183,4091903,2015724.80,200
1790724715,0,137870,0,384.27,200.02,1316863,1890303,2537471,4300799,10428415,239488,51773439,2209484.60,2021742.22,137870,10,10,10,0,0,0,0,0,0,2000895,3403775,4214783,2063991.04,200
1790724716,0,138070,0,383.76,199.90,1316863,1890303,2537471,4292607,10420223,239488,51773439,2209223.37,2020528.72,138070,10,10,10,0,0,0,0,0,0,2020351,3235839,3526655,2029141.76,200
1790724717,0,138847,0,384.85,777.25,1319935,1896447,2549759,4599807,14671871,239488,424673279,3371548.20,18227702.23,138847,10,10,10,0,0,0,0,0,0,196607999,407633919,418119679,209912333.18,777
1790724718,0,139887,0,386.66,1040.46,1324031,1905663,2568191,5099519,209715199,239488,907018239,8226135.32,60140818.12,139887,10,10,10,0,0,0,0,0,0,654311423,883425279,902299647,656346190.77,1040
1790724719,0,140955,0,388.54,1067.48,1329151,1914879,2588671,5840895,735576063,239488,1374683135,16743921.01,115060235.59,140955,10,10,10,0,0,0,0,0,0,1126170623,1353711615,1364197375,1132406362.13,1068
1790724720,0,141954,0,390.22,998.74,1333247,1923071,2607103,6709247,1181745151,239488,1874853887,28065313.97,177140137.89,141954,10,10,10,0,0,0,0,0,0,1628438527,1848639487,1868562431,1625469661.92,999
1790724721,0,142977,0,391.95,1023.25,1337343,1932287,2625535,8040447,1668284415,239488,2361393151,42911206.00,248772679.29,142977,10,10,10,0,0,0,0,0,0,2100297727,2325741567,2348810239,2102963755.54,1023
1790724722,0,144000,0,393.67,1022.57,1342463,1940479,2643967,10698751,2160066559,239488,2847932415,61070069.79,328154095.10,144000,10,10,10,0,0,0,0,0,0,2615148543,2818572287,2837446655,2598997603.60,1023
1790724723,0,145038,0,395.43,1038.88,1346559,1949695,2662399,20479999,2654994431,239488,3328180223,82715581.62,414796899.36,145038,10,10,10,0,0,0,0,0,0,3087007743,3303014399,3323985919,3085561153.60,1038
1790724724,0,146074,0,397.17,1035.41,1350655,1957887,2682879,384565247,3131047935,239488,3810525183,107468780.76,506699501.25,146074,10,10,10,0,0,0,0,0,0,3575644159,3779067903,3800039423,3572868874.87,1036
1790724725,0,147115,0,398.92,1040.99,1355775,1967103,2703359,846200831,3617587199,239488,4294967295,135478419.89,604277707.38,147115,10,10,10,0,0,0,0,0,0,4076863487,4273995775,4288675839,4065814659.81,1041
1790724726,0,148130,0,400.59,1014.92,1359871,1975295,2723839,1271922687,4093640703,239488,4785700863,165718335.76,703785235.13,148130,10,10,10,0,0,0,0,0,0,4546625535,4764729343,4781506559,4548718555.68,1015
1790724727,0,149137,0,402.22,1007.55,1363967,1984511,2744319,1741684735,4555014143,239488,5284823039,198691746.18,807494666.69,149137,10,10,10,0,0,0,0,0,0,5058330623,5272240127,5284823039,5049090243.24,1007
1790724728,0,150149,0,403.86,1012.08,1368063,1992703,2764799,2189426687,5062524927,239488,5779750911,234632233.05,915504085.07,150149,10,10,10,0,0,0,0,0,0,5536481279,5746196479,5767167999,5531130641.20,1012
1790724729,0,151179,0,405.54,1030.17,1372159,2001919,2787327,2671771647,5549064191,239488,6262095871,274048328.16,1029102737.84,151179,10,10,10,0,0,0,0,0,0,6035603455,6232735743,6253707263,6019958294.87,1030
1790724730,0,152248,0,407.32,1068.47,1377279,2011135,2811903,3143630847,6064963583,239488,6727663615,317724208.75,1149569786.13,152248,10,10,10,0,0,0,0,0,0,6501171199,6706692095,6723469311,6494408914.74,1069
1790724731,0,153282,0,408.99,1033.82,1381375,2020351,2832383,3605004287,6513754111,239488,7210008575,362625034.53,1268690396.63,153282,10,10,10,0,0,0,0,0,0,6979321855,7184842751,7201619967,6973902523.17,1034
1790724732,0,154322,0,410.67,1040.28,1386495,2028543,2854911,4078960639,6983516159,239488,7688159231,410386350.91,1391069502.35,154322,10,10,10,0,0,0,0,0,0,7440695295,7671382015,7683964927,7449761445.42,1040
1790724733,0,155405,0,412.45,1082.95,1390591,2037759,2879487,4550819839,7470055423,239488,8149532671,462740342.47,1520619435.08,155405,10,10,10,0,0,0,0,0,0,7935623167,8124366847,8141144063,7922918261.01,1083
1790724734,0,156502,0,414.26,1097.02,1394687,2046975,2906111,5079302143,7964983295,239488,8598323199,518131529.29,1652525196.14,156502,10,10,10,0,0,0,0,0,0,8371830783,8560574463,8598323199,8365048017.09,1097
1790724735,0,157590,0,416.04,1088.31,1399807,2056191,2932735,5565841407,8401190911,239488,9059696639,575463611.06,1784633954.76,157590,10,10,10,0,0,0,0,0,0,8833204223,9034530815,9051308031,8822325248.00,1088
1790724736,0,158641,0,417.71,1051.07,1403903,2065407,2959359,6052380671,8841592831,239488,9529458687,633206115.01,1914126984.42,158641,10,10,10,0,0,0,0,0,0,9286189055,9512681471,9521070079,9291285275.04,1051
1790724737,0,159692,0,419.38,1050.71,1407999,2074623,2990079,6501171199,9286189055,239488,9999220735,693224477.90,2045388418.75,159692,10,10,10,0,0,0,0,0,0,9747562495,9965666303,9990832127,9752570918.00,1051
1790724738,0,160722,0,420.98,1030.17,1412095,2082815,3018751,6941573119,9730785279,239488,10485759999,754455597.93,2176744121.37,160722,10,10,10,0,0,0,0,0,0,10259267583,10460594175,10485759999,10247776005.47,1030
1790724739,0,161770,0,422.62,1047.84,1416191,2092031,3047423,7398752255,10234101759,239488,10963910655,819009447.33,2312300834.77,161770,10,10,10,0,0,0,0,0,0,10720641023,10938744831,10955522047,10719032140.21,1048
1790724740,0,162815,0,424.24,1044.89,1420287,2101247,3080191,7834959871,10695475199,239488,11450449919,885697964.17,2449695569.00,162815,10,10,10,0,0,0,0,0,0,11215568895,11425284095,11442061311,11209335638.48,1045
1790724741,0,163815,0,425.73,999.92,1424383,2109439,3108863,8229224447,11165237247,239488,11945377791,951643876.95,2583130414.32,163815,10,10,10,0,0,0,0,0,0,11693719551,11920211967,11936989183,11688627666.94,1000
1790724742,0,164850,0,427.31,1034.86,1428479,2119679,3141631,8640266239,11634999295,239488,12431917055,1022060968.88,2723163507.71,164850,10,10,10,0,0,0,0,0,0,12163481599,12406751231,12423528447,12167351706.59,1035
1790724743,0,165907,0,428.94,1057.64,1432575,2127871,3178495,9068085247,12129927167,239488,12901679103,1096239553.81,2868216510.45,165907,10,10,10,0,0,0,0,0,0,12683575295,12884901887,12893290495,12665151309.74,1057
1790724744,0,166973,0,430.58,1065.67,1437695,2138111,3221503,9521070079,12641632255,239488,13371441151,1173095851.07,3015555886.82,166973,10,10,10,0,0,0,0,0,0,13144948735,13346275327,13363052543,13134632164.62,1066
1790724745,0,168068,0,432.29,1094.55,1440767,2146303,3270655,9982443519,13128171519,239488,13824425983,1253995068.16,3167399513.42,168068,10,10,10,0,0,0,0,0,0,13589544959,13799260159,13816037375,13590054405.14,1095
1790724746,0,169146,0,433.95,1078.30,1445887,2156543,3336191,10477371391,13555990527,239488,14277410815,1335532683.37,3317396477.29,169146,10,10,10,0,0,0,0,0,0,14050918399,14252244991,14277410815,14047836870.53,1078
1790724747,0,170155,0,435.42,1008.96,1449983,2166783,3414015,10913579007,13983809535,239488,14772338687,1413651560.32,3458755868.75,170155,10,10,10,0,0,0,0,0,0,14512291839,14730395647,14763950079,14509286407.10,1009
1790724748,0,171259,0,437.13,1104.52,1454079,2177023,3540991,11400118271,14461960191,239488,15216934911,1501218024.24,3614940586.63,171259,10,10,10,0,0,0,0,0,0,14998831103,15200157695,15216934911,14997478592.93,1104
1790724749,0,172351,0,438.79,1091.90,1458175,2187263,3704831,11903434751,14973665279,239488,15678308351,1589527219.79,3769370852.02,172351,10,10,10,0,0,0,0,0,0,15443427327,15653142527,15669919743,15439110113.99,1092
1790724750,0,173379,0,440.29,1028.16,1462271,2197503,3903487,12356419583,15376318463,239488,16164847615,1674457937.16,3915784860.00,173379,10,10,10,0,0,0,0,0,0,15913189375,16139681791,16156459007,15913654503.10,1028
1790724751,0,174439,0,441.86,1059.01,1466367,2205695,4161535,12826181631,15837691903,239488,16634609663,1763870960.57,4067917767.03,174439,10,10,10,0,0,0,0,0,0,16391340031,16609443839,16626221055,16388720570.45,1060
1790724752,0,175552,0,443.56,1113.69,1470463,2215935,4489215,13279166463,16341008383,239488,17079205887,1859511862.71,4228093109.84,175552,10,10,10,0,0,0,0,0,0,16852713471,17054040063,17070817279,16849182418.23,1113
1790724753,0,176628,0,445.15,1076.06,1475583,2226175,4866047,13706985471,16793993215,239488,17548967935,1953536357.75,4382959968.63,176628,10,10,10,0,0,0,0,0,0,17297309695,17515413503,17532190719,17293859919.94,1076
1790724754,0,177661,0,446.63,1033.24,1479679,2236415,5349375,14118027263,17213423615,239488,18035507199,2045528371.61,4532739593.43,177661,10,10,10,0,0,0,0,0,0,17783848959,18001952767,18018729983,17774826943.07,1033
1790724755,0,178709,0,448.14,1047.66,1483775,2246655,5947391,14571012095,17683185663,239488,18505269247,2140614975.09,4685946555.40,178709,10,10,10,0,0,0,0,0,0,18270388223,18471714815,18488492031,18260062551.94,1048
1790724756,0,179793,0,449.73,1083.76,1487871,2256895,6692863,15040774143,18186502143,239488,18958254079,2240571117.94,4844892051.35,179793,10,10,10,0,0,0,0,0,0,18723373055,18941476863,18958254079,18719410909.05,1084
1790724757,0,180845,0,451.23,1052.08,1491967,2267135,7725055,15443427327,18622709759,239488,19428016127,2339101049.64,4999572097.37,180845,10,10,10,0,0,0,0,0,0,19176357887,19394461695,19428016127,19178447066.04,1052
1790724758,0,181870,0,452.66,1025.38,1496063,2277375,9347071,15879634943,19058917375,239488,19931332607,2436790043.36,5151572413.46,181870,10,10,10,0,0,0,0,0,0,19679674367,19897778175,19914555391,19672464257.12,1025
1790724759,0,182925,0,454.15,1055.11,1500159,2287615,12689407,16324231167,19545456639,239488,20401094655,2538934748.94,5308895540.01,182925,10,10,10,0,0,0,0,0,0,20166213631,20367540223,20384317439,20147520155.78,1055
1790724760,0,184002,0,455.69,1076.26,1504255,2297855,28426239,16768827391,20048773119,239488,20854079487,2644759956.04,5470065877.79,184002,10,10,10,0,0,0,0,0,0,20619198463,20837302271,20854079487,20618832387.33,1077
1790724761,0,185082,0,457.24,1080.64,1509375,2308095,408420351,17213423615,20535312383,239488,21307064319,2752416598.16,5632204581.12,185082,10,10,10,0,0,0,0,0,0,21122514943,21290287103,21307064319,21094117952.47,1080
1790724762,0,186150,0,458.74,1067.54,1513471,2318335,765460479,17649631231,20988297215,239488,21776826367,2860234326.62,5792613261.80,186150,10,10,10,0,0,0,0,0,0,21558722559,21760049151,21776826367,21544804382.68,1068
1790724763,0,187231,0,460.27,1081.44,1518591,2328575,1127219199,18119393279,21441282047,239488,22246588415,2970772238.46,5955233968.90,187231,10,10,10,0,0,0,0,0,0,21994930175,22213033983,22229811199,22005584716.97,1081
1790724764,0,188344,0,461.87,1112.13,1522687,2340863,1531969535,18589155327,21911044095,239488,22682796031,3085940967.33,6122630013.94,188344,10,10,10,0,0,0,0,0,0,22481469439,22666018815,22682796031,22459845975.17,1113
1790724765,0,189420,0,463.38,1077.00,1527807,2351103,1914699775,19025362943,22380806143,239488,23152558079,3198586077.43,6284491797.98,189420,10,10,10,0,0,0,0,0,0,22917677055,23135780863,23152558079,22916086650.77,1076
1790724766,0,190521,0,464.93,1100.03,1531903,2361343,2315255807,19511902207,22817013759,239488,23605542911,3315084897.28,6449936171.51,190521,10,10,10,0,0,0,0,0,0,23353884671,23571988479,23588765695,23357960880.25,1101
1790724767,0,191622,0,466.48,1101.73,1535999,2373631,2720006143,19998441471,23253221375,239488,24041750527,3432889370.21,6615453218.91,191622,10,10,10,0,0,0,0,0,0,23823646719,24024973311,24041750527,23818199077.20,1101
1790724768,0,192687,0,467.93,1065.10,1540095,2383871,3084910591,20451426303,23689428991,239488,24511512575,3547981461.93,6775380055.80,192687,10,10,10,0,0,0,0,0,0,24259854335,24477958143,24494735359,24256128691.32,1065
1790724769,0,193812,0,469.52,1124.44,1544191,2394111,3489660927,20921188351,24142413823,239488,24947720191,3670835087.42,6944385466.96,193812,10,10,10,0,0,0,0,0,0,24712839167,24930942975,24947720191,24712876450.70,1125
1790724770,0,194901,0,471.02,1089.28,1549311,2404351,3865051135,21340618751,24612175871,239488,25400705023,3790990893.40,7108065501.95,194901,10,10,10,0,0,0,0,0,0,25182601215,25383927807,25400705023,25175414281.87,1089
1790724771,0,195986,0,472.50,1084.74,1553407,2416639,4248829951,21793603583,25048383487,239488,25870467071,3911816808.17,7270997902.35,195986,10,10,10,0,0,0,0,0,0,25618808831,25836912639,25853689855,25616048709.37,1085
1790724772,0,197028,0,473.87,1042.15,1557503,2426879,4617928703,22213033983,25467813887,239488,26340229119,4029098744.85,7427990812.50,197028,10,10,10,0,0,0,0,0,0,26105348095,26289897471,26323451903,26088232759.52,1042
1790724773,0,198087,0,475.28,1059.32,1562623,2437119,5033164799,22615687167,25920798719,239488,26809991167,4149613091.42,7588301495.22,198087,10,10,10,0,0,0,0,0,0,26575110143,26776436735,26809991167,26571426760.88,1059
1790724774,0,199172,0,476.73,1084.07,1566719,2449407,5402263551,23068671999,26424115199,239488,27279753215,4274295919.46,7752864498.97,199172,10,10,10,0,0,0,0,0,0,27044872191,27246198783,27262975999,27037473207.80,1085
1790724775,0,200200,0,478.05,1028.04,1570815,2459647,5775556607,23471325183,26860322815,239488,27749515263,4393602256.42,7909245198.36,200200,10,10,10,0,0,0,0,0,0,27514634239,27732738047,27749515263,27508856871.84,1028
1790724776,0,201262,0,479.44,1062.87,1574911,2471935,6153043967,23873978367,27313307647,239488,28236054527,4518094313.61,8071417737.18,201262,10,10,10,0,0,0,0,0,0,27984396287,28202500095,28219277311,27986371007.40,1062
1790724777,0,202336,0,480.85,1073.30,1579007,2484223,6513754111,24276631551,27799846911,239488,28689039359,4645099987.73,8235583987.16,202336,10,10,10,0,0,0,0,0,0,28437381119,28672262143,28689039359,28445301090.68,1074
1790724778,0,203381,0,482.19,1045.75,1584127,2494463,6866075647,24696061951,28252831743,239488,29158801407,4769824326.00,8395741591.85,203381,10,10,10,0,0,0,0,0,0,28940697599,29142024191,29158801407,28919320697.51,1045
1790724779,0,204460,0,483.60,1078.87,1588223,2506751,7235174399,25132269567,28722593791,239488,29628563455,4899805558.68,8561608789.17,204460,10,10,10,0,0,0,0,0,0,29410459647,29595009023,29628563455,29400003042.11,1079
1790724780,0,205537,0,485.00,1076.64,1592319,2519039,7621050367,25551699967,29209133055,239488,30098325503,5030534367.42,8727058556.81,205537,10,10,10,0,0,0,0,0,0,29863444479,30064771071,30081548287,29848373025.52,1077
1790724781,0,206584,0,486.33,1047.15,1596415,2531327,7964983295,25987907583,29645340671,239488,30568087551,5158756225.12,8888371240.89,206584,10,10,10,0,0,0,0,0,0,30333206527,30534533119,30551310335,30330041771.40,1047
1790724782,0,207670,0,487.74,1086.36,1601535,2543615,8292139007,26457669631,30148657151,239488,31021072383,5292702941.03,9055553703.10,207670,10,10,10,0,0,0,0,0,0,30769414143,31004295167,31021072383,30772673805.67,1086
1790724783,0,208746,0,489.11,1075.94,1605631,2555903,8623489023,26910654463,30584864767,239488,31490834431,5426493545.13,9221451769.59,208746,10,10,10,0,0,0,0,0,0,31272730623,31457279999,31474057215,31248328818.20,1076
1790724784,0,209813,0,490.47,1066.34,1610751,2568191,8959033343,27346862079,31037849599,239488,31943819263,5560160451.38,9386067490.42,209813,10,10,10,0,0,0,0,0,0,31725715455,31927042047,31943819263,31710518474.50,1067
1790724785,0,210896,0,491.85,1083.47,1614847,2582527,9319743487,27816624127,31507611647,239488,32413581311,5696802049.09,9553173585.77,210896,10,10,10,0,0,0,0,0,0,32178700287,32380026879,32396804095,32168809011.53,1083
1790724786,0,211972,0,493.21,1076.31,1618943,2594815,9672065023,28269608959,31960596479,239488,32866566143,5833501462.38,9719184525.06,211972,10,10,10,0,0,0,0,0,0,32631685119,32833011711,32866566143,32626586467.93,1076
1790724787,0,213077,0,494.63,1104.78,1623039,2609151,10057940991,28722593791,32430358527,239488,33319550975,5974812507.92,9889559262.52,213077,10,10,10,0,0,0,0,0,0,33084669951,33302773759,33319550975,33082491191.37,1105
1790724788,0,214140,0,495.94,1062.98,1627135,2621439,10427039743,29192355839,32883343359,239488,33789313023,6111601892.19,10053289959.87,214140,10,10,10,0,0,0,0,0,0,33537654783,33772535807,33772535807,33530860248.26,1063
1790724789,0,215167,0,497.17,1027.20,1632255,2633727,10779361279,29595009023,33302773759,239488,34275852287,6244829993.45,10212117033.52,215167,10,10,10,0,0,0,0,0,0,34024194047,34242297855,34275852287,34024251224.49,1027
1790724790,0,216265,0,498.56,1097.76,1636351,2646015,11173625855,30047993855,33772535807,239488,34728837119,6388285758.66,10382233265.67,216265,10,10,10,0,0,0,0,0,0,34527510527,34695282687,34728837119,34500259011.85,1098
1790724791,0,217345,0,499.89,1079.74,1640447,2660351,11534335999,30500978687,34275852287,239488,35198599167,6530200478.94,10549319357.23,217345,10,10,10,0,0,0,0,0,0,34963718143,35165044735,35198599167,34947966202.31,1080
1790724792,0,218484,0,501.36,1139.60,1645567,2674687,11962155007,30970740735,34762391551,239488,35634806783,6680704871.23,10725224513.82,218484,10,10,10,0,0,0,0,0,0,35433480191,35601252351,35601252351,35400087787.55,1139
1790724793,0,219582,0,502.73,1097.93,1649663,2689023,12348030975,31423725567,35198599167,239488,36071014399,6826469972.43,10894183072.80,219582,10,10,10,0,0,0,0,0,0,35836133375,36071014399,36071014399,35831335520.06,1098
1790724794,0,220688,0,504.10,1105.42,1653759,2703359,12733906943,31876710399,35634806783,239488,36507222015,6974082866.52,11064110910.07,220688,10,10,10,0,0,0,0,0,0,36305895423,36507222015,36507222015,36280714430.73,1106
1790724795,0,221765,0,505.41,1076.82,1657855,2717695,13103005695,32312918015,36071014399,239488,36976984063,7118631128.50,11229495146.19,221765,10,10,10,0,0,0,0,0,0,36742103039,36976984063,36976984063,36738006096.82,1077
1790724796,0,222851,0,506.73,1086.61,1661951,2732031,13446938623,32749125631,36507222015,239488,37446746111,7265186052.92,11396186791.55,222851,10,10,10,0,0,0,0,0,0,37211865087,37413191679,37446746111,37192214426.17,1086
1790724797,0,223957,0,508.09,1105.71,1666047,2748415,13790871551,33202110463,36976984063,239488,37882953727,7415171177.90,11565658895.14,223957,10,10,10,0,0,0,0,0,0,37648072703,37849399295,37882953727,37636088978.29,1106
1790724798,0,225041,0,509.39,1084.29,1671167,2762751,14126415871,33621540863,37413191679,239488,38352715775,7562916121.06,11731583536.41,225041,10,10,10,0,0,0,0,0,0,38084280319,38319161343,38352715775,38087375747.31,1084
1790724799,0,226462,0,511.45,1420.88,1676287,2781183,14604566527,34259075071,37983617023,239488,38621151231,7756835319.50,11946625657.21,226462,10,10,10,0,0,0,0,0,0,38486933503,38621151231,38621151231,38467440763.95,1421
1790724800,0,227842,0,513.41,1379.79,1682431,2803711,15074328575,34795945983,38453379071,239488,38956695551,7944671193.15,12151024541.24,227842,10,10,10,0,0,0,0,0,0,38788923391,38923141119,38923141119,38769082510.47,1380
1790724801,0,229052,0,514.97,1210.48,1687551,2820095,15435038719,35299262463,38688260095,239488,39359348735,8109267058.86,12327565252.07,229052,10,10,10,0,0,0,0,0,0,39090913279,39325794303,39325794303,39102532541.99,1210
1790724802,0,230198,0,516.39,1145.18,1692671,2836479,15820914687,35701915647,38956695551,239488,39762001919,8265756910.98,12494280498.14,230198,10,10,10,0,0,0,0,0,0,39560675327,39762001919,39762001919,39543517477.08,1146
1790724803,0,231353,0,517.82,1155.79,1697791,2854911,16231956479,36171677695,39325794303,239488,40198209535,8423970386.62,12661623074.27,231353,10,10,10,0,0,0,0,0,0,39963328511,40164655103,40198209535,39956806460.07,1155
1790724804,0,232501,0,519.23,1147.51,1702911,2869247,16609443839,36607885311,39762001919,239488,40600862719,8581789427.65,12827493643.14,232501,10,10,10,0,0,0,0,0,0,40399536127,40600862719,40600862719,40386587858.51,1148
1790724805,0,233633,0,520.59,1131.67,1707007,2887679,16944988159,37077647359,40164655103,239488,41037070335,8738047664.52,12990856042.08,233633,10,10,10,0,0,0,0,0,0,40869298175,41037070335,41037070335,40831860678.11,1132
1790724806,0,234704,0,521.82,1071.43,1711103,2904063,17263755263,37480300543,40567308287,239488,41506832383,8886474384.97,13145271301.05,234704,10,10,10,0,0,0,0,0,0,41271951359,41473277951,41506832383,41264980434.58,1071
1790724807,0,235797,0,523.08,1093.18,1716223,2922495,17649631231,37916508159,41003515903,239488,41976594431,9038697614.83,13303121717.19,235797,10,10,10,0,0,0,0,0,0,41741713407,41943039999,41943039999,41726164167.55,1093
1790724808,0,236862,0,524.28,1064.63,1720319,2938879,18018729983,38319161343,41406169087,239488,42446356479,9187710135.36,13457104405.31,236862,10,10,10,0,0,0,0,0,0,42211475455,42412802047,42446356479,42179921687.32,1065
1790724809,0,237988,0,525.61,1125.55,1725439,2959359,18404605951,38520487935,41875931135,239488,42882564095,9346017381.46,13620158359.66,237988,10,10,10,0,0,0,0,0,0,42681237503,42849009663,42882564095,42647057278.86,1126
1790724810,0,239073,0,526.84,1085.15,1728511,2979839,18756927487,38788923391,42345693183,239488,43318771711,9499104790.74,13777059885.52,239073,10,10,10,0,0,0,0,0,0,43083890687,43318771711,43318771711,43077875630.84,1085
1790724811,0,240303,0,528.39,1230.25,1733631,3004415,19142803455,39057358847,42849009663,239488,43721424895,9673254961.01,13954596740.74,240303,10,10,10,0,0,0,0,0,0,43553652735,43687870463,43721424895,43522526226.32,1230
1790724812,0,241626,0,530.13,1323.44,1739775,3026943,19159580671,39158022143,42983227391,239488,43788533759,9697707248.08,13985188773.98,241626,10,10,10,0,0,0,0,0,0,3774873599,43788533759,43788533759,14139096468.80,1323
1790724813,0,242015,0,529.82,388.97,1739775,3028991,19109249023,39124467711,42983227391,239488,43788533759,9682553797.87,13979052943.04,242015,10,10,10,0,0,0,0,0,0,115212287,845676543,930086911,270040787.58,389
1790724814,0,242215,0,529.10,199.91,1739775,3026943,19092471807,39124467711,42949672959,239488,43788533759,9674560805.26,13976046458.82,242215,10,10,10,0,0,0,0,0,0,2179071,6406143,9158655,2440279.04,200
1790724815,0,242415,0,528.39,200.00,1738751,3024895,19075694591,39124467711,42949672959,239488,43788533759,9666580633.73,13973039983.67,242415,10,10,10,0,0,0,0,0,0,1965055,3442687,3690495,1994401.92,200
1790724816,0,242615,0,527.67,200.08,1738751,3022847,19042140159,39124467711,42949672959,239488,43788533759,9658613578.67,13970033300.56,242615,10,10,10,0,0,0,0,0,0,1871871,3350527,5390335,1945317.12,200
1790724817,0,242815,0,526.96,200.00,1737727,3018751,19025362943,39124467711,42949672959,239488,43788533759,9650659681.38,13967026368.52,242815,10,10,10,0,0,0,0,0,0,1942527,3184639,3391487,1985716.48,200
1790724818,0,243015,0,526.25,199.92,1737727,3016703,19008585727,39124467711,42949672959,239488,43788533759,9642718870.43,13964019224.52,243015,10,10,10,0,0,0,0,0,0,1974271,3184639,3414015,1978819.84,200
1790724819,0,243215,0,525.55,200.04,1736703,3014655,18991808511,39124467711,42949672959,239488,43788533759,9634791138.23,13961011861.46,243215,10,10,10,0,0,0,0,0,0,1956863,3176447,3889151,2001934.08,200
1790724820,0,243415,0,524.85,199.93,1735679,3010559,18975031295,39124467711,42949672959,239488,43788533759,9626876449.43,13958004291.43,243415,10,10,10,0,0,0,0,0,0,1893375,3659775,5263359,2021264.64,200
1790724821,0,243615,0,524.15,200.06,1735679,3008511,18941476863,39124467711,42949672959,239488,43788533759,9618974644.56,13954996612.00,243615,10,10,10,0,0,0,0,0,0,1791999,3155967,3624959,1885489.92,200
1790724822,0,243815,0,523.45,199.99,1734655,3004415,18924699647,39090913279,42949672959,239488,43788533759,9611085774.35,13951988775.87,243815,10,10,10,0,0,0,0,0,0,1755135,2977791,3440639,1850186.24,200
1790724823,0,244015,0,522.76,200.07,1733631,3002367,18907922431,39090913279,42949672959,239488,43788533759,9603209927.60,13948980709.63,244015,10,10,10,0,0,0,0,0,0,1897471,3241983,4247551,1962053.12,200
1790724824,0,244215,0,522.07,199.90,1733631,3000319,18891145215,39090913279,42949672959,239488,43788533759,9595347079.61,13945972418.15,244215,10,10,10,0,0,0,0,0,0,1998847,3864575,4960255,2082822.40,200
1790724825,0,244415,0,521.38,200.12,1732607,2996223,18857590783,39090913279,42949672959,239488,43788533759,9587496992.19,13942964053.12,244415,10,10,10,0,0,0,0,0,0,1922047,3289087,3704831,1951494.40,200
1790724826,0,244615,0,520.70,199.98,1732607,2992127,18840813567,39090913279,42949672959,239488,43788533759,9579659667.13,13939955601.00,244615,10,10,10,0,0,0,0,0,0,1823743,3198975,3993599,1860645.12,200
1790724827,0,244815,0,520.02,199.97,1731583,2990079,18824036351,39090913279,42949672959,239488,43788533759,9571835298.12,13936946916.58,244815,10,10,10,0,0,0,0,0,0,1928191,3272703,6012927,2045171.20,200
1790724828,0,245015,0,519.34,199.99,1730559,2985983,18807259135,39090913279,42949672959,239488,43788533759,9564023428.22,13933938301.48,245015,10,10,10,0,0,0,0,0,0,1562623,3442687,5013503,1708778.88,200
1790724829,0,245215,0,518.66,200.04,1730559,2983935,18773704703,39090913279,42949672959,239488,43788533759,9556224631.20,13930929349.76,245215,10,10,10,0,0,0,0,0,0,2028543,3667967,4935679,2113367.04,200
1790724830,0,245415,0,517.99,200.05,1729535,2979839,18756927487,39090913279,42949672959,239488,43788533759,9548438485.73,13927920338.54,245415,10,10,10,0,0,0,0,0,0,2047999,3340287,3991551,2040184.32,200
1790724831,0,245615,0,517.32,199.85,1729535,2977791,18723373055,39090913279,42949672959,239488,43788533759,9540664967.66,13924911272.25,245615,10,10,10,0,0,0,0,0,0,1891327,3166207,4431871,1975285.76,200
1790724832,0,245815,0,516.65,200.12,1728511,2975743,18706595839,39057358847,42949672959,239488,43788533759,9532904107.34,13921902118.04,245815,10,10,10,0,0,0,0,0,0,1899519,3182591,3418111,1985566.72,200
1790724833,0,246015,0,515.99,199.98,1728511,2971647,18689818623,39057358847,42949672959,239488,43788533759,9525155959.70,13918892826.33,246015,10,10,10,0,0,0,0,0,0,2187263,3397631,3596287,2101402.88,200
1790724834,0,246215,0,515.33,199.98,1728511,2969599,18673041407,39057358847,42949672959,239488,43788533759,9517420406.30,13915883466.27,246215,10,10,10,0,0,0,0,0,0,2103295,3536895,4325375,2109550.08,200
1790724835,0,246415,0,514.67,200.02,1727487,2967551,18639486975,39057358847,42949672959,239488,43788533759,9509697412.40,13912874049.66,246415,10,10,10,0,0,0,0,0,0,2084863,3534847,3815423,2112700.16,200
1790724836,0,246615,0,514.01,200.07,1727487,2965503,18622709759,39057358847,42949672959,239488,43788533759,9501986913.33,13909864608.74,246615,10,10,10,0,0,0,0,0,0,2088959,3270655,4012031,2073771.52,200
1790724837,0,247425,0,514.63,809.63,1730559,2977791,18538823679,39057358847,42949672959,239488,43788533759,9471739468.43,13897105888.81,247425,10,10,10,0,0,0,0,0,0,259653631,504102911,522715135,262512771.79,810
1790724838,0,248524,0,515.84,1098.57,1734655,3000319,18421383167,39057358847,42949672959,239488,43788533759,9433578249.18,13878167050.68,248524,10,10,10,0,0,0,0,0,0,839385087,1125122047,1154482175,842095380.27,1099
1790724839,0,249573,0,516.95,1049.16,1738751,3018751,18303942655,39023804415,42949672959,239488,43788533759,9400165447.85,13858521205.92,249573,10,10,10,0,0,0,0,0,0,1484783615,1778384895,1802502143,1484166365.59,1049
1790724840,0,250640,0,518.08,1066.76,1743871,3037183,18203279359,39023804415,42916118527,239488,43788533759,9369230087.88,13837087376.75,250640,10,10,10,0,0,0,0,0,0,2142240767,2426404863,2451570687,2133400102.87,1067
1790724841,0,251682,0,519.16,1042.16,1748991,3055615,18069061631,38990249983,42916118527,239488,43788533759,9342028463.37,13814862458.34,251682,10,10,10,0,0,0,0,0,0,2814377983,3089104895,3107979263,2799019666.43,1042
1790724842,0,252784,0,520.36,1102.09,1753087,3076095,17934843903,38990249983,42916118527,239488,43788533759,9316245083.70,13790228060.80,252784,10,10,10,0,0,0,0,0,0,3433037823,3714056191,3741319167,3427667440.20,1102
1790724843,0,253875,0,521.54,1091.51,1757183,3096575,17800626175,38990249983,42916118527,239488,43788533759,9293663053.99,13764862820.16,253875,10,10,10,0,0,0,0,0,0,4057989119,4349493247,4378853375,4061421260.14,1091
1790724844,0,254944,0,522.66,1068.72,1762303,3119103,17683185663,38956695551,42916118527,239488,43788533759,9274443124.56,13739172372.21,254944,10,10,10,0,0,0,0,0,0,4701814783,4999610367,5020581887,4709934626.96,1069
1790724845,0,256006,0,523.76,1062.48,1766399,3139583,17565745151,38956695551,42916118527,239488,43788533759,9258223083.82,13712953405.55,256006,10,10,10,0,0,0,0,0,0,5364514815,5632950271,5662310399,5364435827.22,1062
1790724846,0,257098,0,524.92,1091.37,1771519,3164159,17431527423,38923141119,42916118527,239488,43788533759,9244347970.73,13685454681.05,257098,10,10,10,0,0,0,0,0,0,5989466111,6278873087,6299844607,5991497968.06,1092
1790724847,0,258172,0,526.04,1074.33,1775615,3188735,17297309695,38923141119,42916118527,239488,43788533759,9233403693.58,13658014026.84,258172,10,10,10,0,0,0,0,0,0,6601834495,6916407295,6941573119,6613523091.78,1074
1790724848,0,259242,0,527.15,1070.34,1779711,3217407,17213423615,38889586687,42916118527,239488,43788533759,9225262447.33,13630390846.46,259242,10,10,10,0,0,0,0,0,0,7260340223,7558135807,7591690239,7260924290.63,1070
1790724849,0,260303,0,528.23,1061.06,1784831,3246079,17095983103,38889586687,42916118527,239488,43788533759,9219891650.97,13602848285.89,260303,10,10,10,0,0,0,0,0,0,7906263039,8212447231,8237613055,7907605138.22,1061
1790724850,0,261358,0,529.30,1054.64,1788927,3278847,16986931199,38856032255,42882564095,239488,43788533759,9217278702.71,13575432840.91,261358,10,10,10,0,0,0,0,0,0,8568963071,8858370047,8883535871,8572578919.86,1055
1790724851,0,262435,0,530.40,1076.81,1793023,3317759,16877879295,38856032255,42882564095,239488,43788533759,9217224452.22,13547553540.68,262435,10,10,10,0,0,0,0,0,0,9202302975,9504292863,9529458687,9204059365.14,1077
1790724852,0,263490,0,531.46,1055.06,1798143,3364863,16768827391,38856032255,42882564095,239488,43788533759,9219745360.84,13520468382.49,263490,10,10,10,0,0,0,0,0,0,9848225791,10150215679,10175381503,9846830341.10,1055
1790724853,0,264527,0,532.48,1037.04,1802239,3418111,16676552703,38856032255,42882564095,239488,43788533759,9224762069.53,13494182909.39,264527,10,10,10,0,0,0,0,0,0,10502537215,10804527103,10821304319,10499451146.62,1037
1790724854,0,265615,0,533.60,1088.21,1806335,3493887,16542334975,38822477823,42882564095,239488,43788533759,9232633937.58,13467081799.51,265615,10,10,10,0,0,0,0,0,0,11140071423,11433672703,11467227135,11146532502.59,1088
1790724855,0,266707,0,534.72,1091.80,1811455,3586047,16424894463,38822477823,42882564095,239488,43788533759,9243103023.66,13440480545.74,266707,10,10,10,0,0,0,0,0,0,11802771455,12071206911,12096372735,11789573993.96,1092
1790724856,0,267784,0,535.80,1077.12,1816575,3690495,16307453951,38822477823,42882564095,239488,43788533759,9255922423.55,13414946948.66,267784,10,10,10,0,0,0,0,0,0,12440305663,12708741119,12742295551,12430503376.94,1077
1790724857,0,268826,0,536.81,1041.93,1820671,3813375,16198402047,38822477823,42882564095,239488,43788533759,9270690019.65,13391020322.14,268826,10,10,10,0,0,0,0,0,0,13069451263,13371441151,13396606975,13065820494.13,1042
1790724858,0,269944,0,537.97,1117.65,1824767,3964927,16064184319,38788923391,42849009663,239488,43788533759,9289103870.94,13366316445.55,269944,10,10,10,0,0,0,0,0,0,13715374079,14000586751,14017363967,13716762177.03,1118
1790724859,0,271048,0,539.09,1104.24,1828863,4145151,15929966591,38788923391,42849009663,239488,43788533759,9309732707.04,13342971963.92,271048,10,10,10,0,0,0,0,0,0,14361296895,14621343743,14654898175,14353782101.33,1104
1790724860,0,272122,0,540.16,1073.87,1833983,4337663,15812526079,38788923391,42849009663,239488,43788533759,9332103500.44,13321361569.55,272122,10,10,10,0,0,0,0,0,0,14973665279,15267266559,15292432383,14977875205.24,1074
1790724861,0,273267,0,541.35,1145.06,1839103,4579327,15787360255,38755368959,42849009663,239488,43788533759,9358396119.14,13299606866.88,273267,10,10,10,0,0,0,0,0,0,15611199487,15888023551,15913189375,15607129731.02,1145
1790724862,0,274351,0,542.43,1084.59,1843199,4833279,15988686847,38755368959,42849009663,239488,43788533759,9385535580.98,13280304424.89,274351,10,10,10,0,0,0,0,0,0,16223567871,16533946367,16559112191,16227158567.68,1084
1790724863,0,275458,0,543.54,1106.75,1848319,5136383,16215179263,38721814527,42849009663,239488,43788533759,9415618115.32,13262055604.68,275458,10,10,10,0,0,0,0,0,0,16869490687,17163091967,17179869183,16871059289.50,1107
1790724864,0,276570,0,544.66,1111.97,1853439,5513215,16424894463,38721814527,42849009663,239488,43788533759,9448137257.44,13245265293.71,276570,10,10,10,0,0,0,0,0,0,17515413503,17800626175,17817403391,17503584963.22,1112
1790724865,0,277660,0,545.73,1089.96,1857535,5951487,16634609663,38721814527,42849009663,239488,43788533759,9482210569.65,13230384188.41,277660,10,10,10,0,0,0,0,0,0,18136170495,18421383167,18454937599,18127766496.06,1090
1790724866,0,278770,0,546.84,1109.92,1862655,6422527,16819159039,38688260095,42815455231,239488,43788533759,9519212945.54,13216985386.38,278770,10,10,10,0,0,0,0,0,0,18790481919,19058917375,19092471807,18775140591.86,1110
1790724867,0,279854,0,547.89,1084.30,1866751,6979583,17020485631,38688260095,42815455231,239488,43788533759,9557507914.47,13205655211.47,279854,10,10,10,0,0,0,0,0,0,19428016127,19696451583,19730006015,19405744528.53,1084
1790724868,0,280969,0,549.00,1114.01,1871871,7774207,17213423615,38654705663,42815455231,239488,43788533759,9599067595.87,13195867727.41,280969,10,10,10,0,0,0,0,0,0,20031995903,20333985791,20350763007,20030137620.43,1115
1790724869,0,282066,0,550.07,1097.97,1875967,8888319,17414750207,38654705663,42815455231,239488,43788533759,9642129095.01,13188205565.91,282066,10,10,10,0,0,0,0,0,0,20686307327,20954742783,20988297215,20671250656.03,1097
1790724870,0,283161,0,551.13,1095.03,1880063,10559487,17632854015,38654705663,42815455231,239488,43788533759,9687242075.02,13182585124.73,283161,10,10,10,0,0,0,0,0,0,21307064319,21592276991,21625831423,21308098531.95,1095
1790724871,0,284245,0,552.16,1083.66,1885183,13418495,17834180607,38621151231,42815455231,239488,43788533759,9733926961.37,13179046692.39,284245,10,10,10,0,0,0,0,0,0,21927821311,22229811199,22263365631,21928889234.42,1084
1790724872,0,285363,0,553.26,1118.25,1890303,22069247,18052284415,38621151231,42815455231,239488,43788533759,9784232073.04,13177644408.84,285363,10,10,10,0,0,0,0,0,0,22582132735,22867345407,22884122623,22574014244.18,1118
1790724873,0,286488,0,554.37,1124.17,1894399,111607807,18270388223,38587596799,42815455231,239488,43788533759,9836853284.05,13178425903.88,286488,10,10,10,0,0,0,0,0,0,23186112511,23471325183,23521656831,23184539181.97,1125
1790724874,0,287606,0,555.46,1118.67,1899519,265682943,18488492031,38587596799,42781900799,239488,43788533759,9891222104.08,13181555599.90,287606,10,10,10,0,0,0,0,0,0,23840423935,24125636607,24142413823,23823256552.19,1118
1790724875,0,288735,0,556.56,1129.18,1903615,423362559,18689818623,38554042367,42781900799,239488,43788533759,9948127922.28,13187079439.10,288735,10,10,10,0,0,0,0,0,0,24444403711,24746393599,24763170815,24444544884.32,1129
1790724876,0,289877,0,557.69,1142.01,1908735,563085311,18907922431,38554042367,42781900799,239488,43788533759,10007679541.77,13195102929.76,289877,10,10,10,0,0,0,0,0,0,25065160703,25367150591,25383927807,25064279239.06,1142
1790724877,0,291000,0,558.77,1123.01,1913855,691011583,19092471807,38554042367,42781900799,239488,43788533759,10068207026.87,13205476980.75,291000,10,10,10,0,0,0,0,0,0,25702694911,25987907583,26004684799,25692005599.40,1123
1790724878,0,292185,0,559.97,1184.34,1917951,846200831,19327352831,38520487935,42781900799,239488,43788533759,10134083080.84,13219046487.58,292185,10,10,10,0,0,0,0,0,0,26306674687,26591887359,26608664575,26311240639.19,1185
1790724879,0,293311,0,561.06,1126.59,1923071,974651391,19562233855,38520487935,42781900799,239488,43788533759,10198532900.83,13234437818.52,293311,10,10,10,0,0,0,0,0,0,26927431679,27212644351,27229421567,26922574333.27,1126
1790724880,0,294448,0,562.16,1136.38,1927167,1106247679,19780337663,38520487935,42781900799,239488,43788533759,10265513165.34,13252602621.02,294448,10,10,10,0,0,0,0,0,0,27564965887,27833401343,27866955775,27544359571.25,1137
1790724881,0,295565,0,563.21,1117.37,1932287,1250951167,19981664255,38520487935,42781900799,239488,43788533759,10333181440.88,13273089130.84,295565,10,10,10,0,0,0,0,0,0,28185722879,28454158335,28487712767,28170950819.18,1117
1790724882,0,296713,0,564.33,1147.93,1937407,1394606079,20199768063,38486933503,42748346367,239488,43788533759,10404654415.51,13296939264.19,296713,10,10,10,0,0,0,0,0,0,28823257087,29074915327,29108469759,28806143743.11,1148
1790724883,0,297822,0,565.36,1109.01,1941503,1533018111,20401094655,38486933503,42748346367,239488,43788533759,10475440007.17,13322571889.27,297822,10,10,10,0,0,0,0,0,0,29427236863,29712449535,29729226751,29414128245.73,1109
1790724884,0,298929,0,566.39,1107.21,1945599,1670381567,20619198463,38486933503,42748346367,239488,43788533759,10547927523.14,13350932103.09,298929,10,10,10,0,0,0,0,0,0,30047993855,30333206527,30366760959,30049623079.78,1107
1790724885,0,300108,0,567.54,1178.96,1950719,1832910847,20837302271,38453379071,42748346367,239488,43788533759,10626953804.65,13383970522.75,300108,10,10,10,0,0,0,0,0,0,30668750847,30937186303,30970740735,30663635148.97,1179
1790724886,0,301225,0,568.58,1116.59,1955839,1953497087,21055406079,38453379071,42748346367,239488,43788533759,10703547639.32,13418000578.79,301225,10,10,10,0,0,0,0,0,0,31289507839,31574720511,31608274943,31282260743.56,1117
1790724887,0,302322,0,569.58,1097.34,1959935,2104492031,21256732671,38453379071,42748346367,239488,43788533759,10780510953.33,13454220951.40,302322,10,10,10,0,0,0,0,0,0,31927042047,32212254719,32229031935,31913851210.44,1097
1790724888,0,303409,0,570.55,1086.24,1965055,2241855487,21441282047,38453379071,42748346367,239488,43788533759,10858510169.81,13492951830.49,303409,10,10,10,0,0,0,0,0,0,32564576255,32849788927,32866566143,32552051223.08,1087
1790724889,0,304510,0,571.55,1102.12,1969151,2382364671,21659385855,38419824639,42748346367,239488,43788533759,10939221624.17,13535021284.16,304510,10,10,10,0,0,0,0,0,0,33185333247,33470545919,33504100351,33181348468.72,1101
1790724890,0,305628,0,572.57,1117.67,1973247,2522873855,21860712447,38419824639,42748346367,239488,43788533759,11022923381.81,13580685063.73,305628,10,10,10,0,0,0,0,0,0,33839644671,34108080127,34124857343,33820796565.30,1118
1790724891,0,306721,0,573.54,1092.46,1978367,2678063103,22045261823,38419824639,42748346367,239488,43788533759,11106374686.87,13628104180.66,306721,10,10,10,0,0,0,0,0,0,34460401663,34762391551,34762391551,34441283619.60,1093
1790724892,0,307836,0,574.55,1115.10,1983487,2816475135,22263365631,38386270207,42714791935,239488,43788533759,11193192700.72,13679403088.66,307836,10,10,10,0,0,0,0,0,0,35097935871,35366371327,35399925759,35075621422.38,1115
1790724893,0,308938,0,575.54,1102.41,1987583,2946498559,22464692223,38386270207,42714791935,239488,43788533759,11280648796.26,13732999494.66,308938,10,10,10,0,0,0,0,0,0,35735470079,36003905535,36037459967,35710898005.02,1102
1790724894,0,310065,0,576.56,1126.82,1992703,3091202047,22649241599,38386270207,42714791935,239488,43788533759,11371748259.10,13790753821.46,310065,10,10,10,0,0,0,0,0,0,36373004287,36641439743,36674994175,36344317779.36,1127
1790724895,0,311176,0,577.55,1110.45,1996799,3225419775,22867345407,38386270207,42714791935,239488,43788533759,11463137502.42,13850520326.52,311176,10,10,10,0,0,0,0,0,0,36976984063,37245419519,37278973951,36968633208.51,1111
1790724896,0,312265,0,578.50,1088.94,2001919,3359637503,23051894783,38352715775,42714791935,239488,43788533759,11554289041.64,13911942803.67,312265,10,10,10,0,0,0,0,0,0,37614518271,37916508159,37916508159,37600360088.80,1089
1790724897,0,313384,0,579.50,1119.33,2006015,3493855231,23236444159,38386270207,42714791935,239488,43788533759,11649514276.31,13977898179.20,313384,10,10,10,0,0,0,0,0,0,38252052479,38520487935,38554042367,38222801051.57,1119
1790724898,0,314509,0,580.51,1124.73,2011135,3623878655,23454547967,38554042367,42714791935,239488,43788533759,11746834824.73,14047107533.06,314509,10,10,10,0,0,0,0,0,0,38856032255,39158022143,39191576575,38856792823.13,1125
1790724899,0,315650,0,581.54,1141.53,2015231,3760193535,23655874559,38721814527,42681237503,239488,43788533759,11847087457.05,14120143513.93,315650,10,10,10,0,0,0,0,0,0,39493566463,39762001919,39795556351,39481053395.80,1141
1790724900,0,316786,0,582.56,1135.80,2020351,3917479935,23857201151,38889586687,42681237503,239488,43788533759,11948391224.28,14195602560.17,316786,10,10,10,0,0,0,0,0,0,40131100671,40399536127,40433090559,40096748731.49,1136
1790724901,0,317890,0,583.52,1103.98,2024447,4047503359,24058527743,39057358847,42681237503,239488,43788533759,12048348773.41,14271734714.31,317890,10,10,10,0,0,0,0,0,0,40735080447,41037070335,41037070335,40730551815.42,1104
1790724902,0,319037,0,584.55,1147.80,2029567,4179623935,24259854335,39325794303,42681237503,239488,43788533759,12153716782.39,14353650131.68,319037,10,10,10,0,0,0,0,0,0,41372614655,41641050111,41674604543,41356364013.48,1147
1790724903,0,320201,0,585.61,1163.18,2033663,4328521727,24477958143,39560675327,42681237503,239488,43788533759,12262095555.42,14439454633.85,320201,10,10,10,0,0,0,0,0,0,41976594431,42245029887,42278584319,41967283365.39,1164
1790724904,0,321354,0,586.64,1153.49,2038783,4475322367,24679284735,39795556351,42781900799,239488,43788533759,12370889648.44,14527109592.10,321354,10,10,10,0,0,0,0,0,0,42614128639,42882564095,42882564095,42584226490.06,1153
1790724905,0,322496,0,587.66,1142.14,2042879,4609540095,24863834111,40030437375,43016781823,239488,43788533759,12480034363.81,14616492940.90,322496,10,10,10,0,0,0,0,0,0,43218108415,43486543871,43520098303,43192898518.75,1142
1790724906,0,323672,0,588.73,1175.92,2047999,4752146431,25081937919,40298872831,43318771711,239488,44124078079,12593885226.59,14711231566.13,323672,10,10,10,0,0,0,0,0,0,43822088191,44090523647,44124078079,43815354479.46,1176
1790724907,0,325065,0,590.19,1392.74,2054143,4701814783,25081937919,40365981695,43385880575,239488,44291850239,12602517134.33,14731052630.42,325065,10,10,10,0,0,0,0,0,0,3695181823,44258295807,44291850239,14608193261.07,1393
1790724908,0,325408,0,589.74,342.91,2053119,4651483135,25065160703,40365981695,43385880575,239488,44291850239,12589423809.84,14728805281.07,325408,10,10,10,0,0,0,0,0,0,3801087,652738559,697827327,180731314.38,343
1790724909,0,325608,0,589.03,200.03,2052095,4634705919,25065160703,40365981695,43385880575,239488,44291850239,12581692261.44,14727583422.77,325608,10,10,10,0,0,0,0,0,0,2081791,4130815,5353471,2153748.48,200
1790724910,0,325808,0,588.33,199.95,2052095,4613734399,25048383487,40365981695,43385880575,239488,44291850239,12573970108.67,14726358994.06,325808,10,10,10,0,0,0,0,0,0,2040831,3059711,3174399,1996510.72,200
1790724911,0,326008,0,587.63,199.96,2051071,4588568575,25031606271,40365981695,43385880575,239488,44291850239,12566257416.42,14725131936.04,326008,10,10,10,0,0,0,0,0,0,1961983,3094527,3323903,1973242.88,200
1790724912,0,326208,0,586.93,200.06,2050047,4567597055,25014829055,40365981695,43385880575,239488,44291850239,12558554232.44,14723902204.56,326208,10,10,10,0,0,0,0,0,0,1995775,3227647,4685823,2056206.08,200
1790724913,0,326408,0,586.24,200.09,2047999,4542431231,25014829055,40365981695,43385880575,239488,44291850239,12550860139.87,14722670151.55,326408,10,10,10,0,0,0,0,0,0,1427455,2586623,3313663,1487399.04,200
1790724914,0,326608,0,585.55,200.02,2046975,4525654015,24998051839,40332427263,43385880575,239488,44291850239,12543175643.34,14721435343.25,326608,10,10,10,0,0,0,0,0,0,1606655,2977791,3500031,1769923.20,200
1790724915,0,326808,0,584.86,199.92,2045951,4500488191,24981274623,40332427263,43385880575,239488,44291850239,12535500722.58,14720197793.71,326808,10,10,10,0,0,0,0,0,0,2074623,3190783,3698687,2048131.84,200
1790724916,0,327008,0,584.17,199.90,2044927,4475322367,24981274623,40332427263,43385880575,239488,44291850239,12527835096.18,14718957739.23,327008,10,10,10,0,0,0,0,0,0,1888255,3125247,3850239,1894935.04,200
1790724917,0,327208,0,583.48,200.01,2043903,4454350847,24964497407,40332427263,43385880575,239488,44291850239,12520178849.78,14717715103.42,327208,10,10,10,0,0,0,0,0,0,1899519,3141631,3405823,1909733.12,200
1790724918,0,327408,0,582.80,200.06,2042879,4433379327,24947720191,40332427263,43385880575,239488,44291850239,12512531999.05,14716469869.54,327408,10,10,10,0,0,0,0,0,0,2013183,3143679,3254271,1978321.92,200
1790724919,0,327608,0,582.12,200.02,2042879,4404019199,24930942975,40332427263,43385880575,239488,44291850239,12504894540.64,14715222037.06,327608,10,10,10,0,0,0,0,0,0,2125823,3201023,3473407,2069625.60,200
1790724920,0,327808,0,581.44,199.91,2041855,4378853375,24914165759,40332427263,43385880575,239488,44291850239,12497266349.98,14713971708.41,327808,10,10,10,0,0,0,0,0,0,1946623,3184639,3360767,1984921.60,200
1790724921,0,328008,0,580.77,200.03,2040831,4357881855,24914165759,40332427263,43385880575,239488,44291850239,12489647495.86,14712718821.71,328008,10,10,10,0,0,0,0,0,0,2109439,3092479,3956735,2040839.68,200
1790724922,0,328208,0,580.09,200.07,2039807,4332716031,24897388543,40332427263,43385880575,239488,44291850239,12482037878.90,14711463457.89,328208,10,10,10,0,0,0,0,0,0,1957887,3043327,3211263,1961687.04,200
1790724923,0,328408,0,579.42,199.89,2038783,4294967295,24880611327,40332427263,43385880575,239488,44291850239,12474437598.71,14710205528.99,328408,10,10,10,0,0,0,0,0,0,2123775,3207167,3766271,2073797.12,200
1790724924,0,328608,0,578.76,200.12,2037759,4276092927,24863834111,40332427263,43385880575,239488,44291850239,12466846490.63,14708945171.20,328608,10,10,10,0,0,0,0,0,0,1990655,3065855,3180543,1943377.92,200
1790724925,0,328808,0,578.09,199.95,2037759,4253024255,24863834111,40332427263,43385880575,239488,44291850239,12459264619.28,14707682326.28,328808,10,10,10,0,0,0,0,0,0,1886207,3090431,3311615,1946711.68,200
1790724926,0,329008,0,577.43,200.03,2036735,4236247039,24847056895,40332427263,43385880575,239488,44291850239,12451691972.25,14706417001.27,329008,10,10,10,0,0,0,0,0,0,1977343,3143679,3581951,1957358.08,200
1790724927,0,329208,0,576.77,200.06,2035711,4213178367,24830279679,40298872831,43385880575,239488,44291850239,12444128602.92,14705149147.60,329208,10,10,10,0,0,0,0,0,0,2089983,3336191,5124095,2083517.44,200
1790724928,0,329408,0,576.11,199.98,2034687,4188012543,24830279679,40298872831,43385880575,239488,44291850239,12436574374.68,14703878877.47,329408,10,10,10,0,0,0,0,0,0,1952767,3239935,3461119,2012512.00,200
1790724929,0,329608,0,575.45,199.89,2034687,4164943871,24813502463,40298872831,43385880575,239488,44291850239,12429029342.57,14702606140.84,329608,10,10,10,0,0,0,0,0,0,2127871,3256319,4055039,2059671.04,200
1790724930,0,329808,0,574.79,199.98,2033663,4146069503,24796725247,40298872831,43385880575,239488,44291850239,12421493458.64,14701330974.84,329808,10,10,10,0,0,0,0,0,0,2011135,3235839,4886527,2055302.40,200
1790724931,0,330008,0,574.14,200.00,2032639,4118806527,24796725247,40298872831,43385880575,239488,44291850239,12413966765.87,14700053339.76,330008,10,10,10,0,0,0,0,0,0,1884159,4792319,6619135,2149320.96,200
1790724932,0,330208,0,573.49,200.10,2031615,4099932159,24779948031,40298872831,43385880575,239488,44291850239,12406449131.83,14698773343.97,330208,10,10,10,0,0,0,0,0,0,1828863,4468735,4943871,2052249.60,200
1790724933,0,330408,0,572.85,199.98,2030591,4076863487,24763170815,40298872831,43385880575,239488,44291850239,12398940538.57,14697490999.09,330408,10,10,10,0,0,0,0,0,0,1927167,3115007,4530175,1952724.48,200
1790724934,0,330608,0,572.20,200.02,2029567,4060086271,24763170815,40298872831,43385880575,239488,44291850239,12391441101.41,14696206204.39,330608,10,10,10,0,0,0,0,0,0,2096127,3250175,4337663,2070941.44,200
1790724935,0,330808,0,571.56,200.06,2028543,4030726143,24746393599,40298872831,43385880575,239488,44291850239,12383950663.12,14694919089.02,330808,10,10,10,0,0,0,0,0,0,1891327,3082239,5431295,1956546.56,200
1790724936,0,331008,0,570.92,199.96,2027519,4007657471,24746393599,40298872831,43385880575,239488,44291850239,12376469262.05,14693629617.14,331008,10,10,10,0,0,0,0,0,0,1994751,2889727,2985983,1932632.32,200
1790724937,0,331208,0,570.28,200.03,2027519,3988783103,24729616383,40298872831,43385880575,239488,44291850239,12368996888.34,14692337793.61,331208,10,10,10,0,0,0,0,0,0,1897471,2957311,3383295,1919508.48,200
1790724938,0,331408,0,569.64,199.93,2026495,3963617279,24712839167,40298872831,43385880575,239488,44291850239,12361533589.40,14691043575.09,331408,10,10,10,0,0,0,0,0,0,2078719,3127295,3588095,2012008.96,200
1790724939,0,331608,0,569.01,200.10,2025471,3946840063,24712839167,40298872831,43385880575,239488,44291850239,12354079390.47,14689746936.99,331608,10,10,10,0,0,0,0,0,0,2242559,3620863,5009407,2173600.00,200
1790724940,0,331808,0,568.37,199.88,2025471,3921674239,24696061951,40298872831,43385880575,239488,44291850239,12346634019.03,14688448105.03,331808,10,10,10,0,0,0,0,0,0,1849343,3131391,3672063,1910359.04,200
1790724941,0,332008,0,567.74,199.98,2024447,3900702719,24679284735,40298872831,43385880575,239488,44291850239,12339197679.14,14687146904.16,332008,10,10,10,0,0,0,0,0,0,1932287,3231743,5013503,2012348.16,200
1790724942,0,332208,0,567.12,200.11,2023423,3867148287,24679284735,40298872831,43385880575,239488,44291850239,12331770290.12,14685843398.75,332208,10,10,10,0,0,0,0,0,0,2046975,3203071,4882431,2007422.72,200
1790724943,0,332408,0,566.49,199.94,2022399,3841982463,24662507519,40265318399,43385880575,239488,44291850239,12324351888.63,14684537554.60,332408,10,10,10,0,0,0,0,0,0,2076671,3465215,4407295,2090283.52,200
1790724944,0,332608,0,565.87,200.04,2022399,3816816639,24645730303,40265318399,43385880575,239488,44291850239,12316942388.80,14683229440.37,332608,10,10,10,0,0,0,0,0,0,2047999,3250175,4775935,2057277.44,200
1790724945,0,332808,0,565.25,199.83,2021375,3785359359,24645730303,40265318399,43385880575,239488,44291850239,12309541898.58,14681918962.09,332808,10,10,10,0,0,0,0,0,0,2103295,3870719,7004159,2230650.88,200
1790724946,0,333008,0,564.63,200.02,2020351,3766484991,24628953087,40265318399,43352326143,239488,44291850239,12302150349.00,14680606174.24,333008,10,10,10,0,0,0,0,0,0,2224127,4308991,7585791,2316190.72,200
1790724947,0,333208,0,564.01,200.03,2020351,3747610623,24612175871,40265318399,43352326143,239488,44291850239,12294767505.30,14679291270.02,333208,10,10,10,0,0,0,0,0,0,2041855,3145727,3555327,2037422.08,200
1790724948,0,333408,0,563.40,200.05,2019327,3728736255,24595398655,40265318399,43352326143,239488,44291850239,12287393414.96,14677974206.05,333408,10,10,10,0,0,0,0,0,0,1755135,3190783,3327999,1863951.36,200
1790724949,0,333608,0,562.78,199.97,2018303,3701473279,24595398655,40265318399,43352326143,239488,44291850239,12280028280.31,14676654809.50,333608,10,10,10,0,0,0,0,0,0,2068479,3254271,3416063,2054216.96,200
1790724950,0,333808,0,562.17,199.93,2017279,3676307455,24578621439,40265318399,43352326143,239488,44291850239,12272671905.80,14675333240.59,333808,10,10,10,0,0,0,0,0,0,1942527,3020799,3272703,1944967.68,200
1790724951,0,334008,0,561.56,200.02,2016255,3655335935,24561844223,40265318399,43352326143,239488,44291850239,12265324423.35,14674009385.55,334008,10,10,10,0,0,0,0,0,0,1955839,3280895,5861375,2082304.00,200
1790724952,0,334208,0,560.96,200.16,2015231,3630170111,24561844223,40265318399,43352326143,239488,44291850239,12257985902.30,14672683183.14,334208,10,10,10,0,0,0,0,0,0,2240511,4085759,8159231,2362211.84,200
1790724953,0,334408,0,560.35,199.93,2015231,3607101439,24545067007,40265318399,43352326143,239488,44291850239,12250655950.76,14671354957.27,334408,10,10,10,0,0,0,0,0,0,1992703,3129343,3293183,2013724.16,200
1790724954,0,334608,0,559.75,200.05,2014207,3588227071,24545067007,40265318399,43352326143,239488,44291850239,12243334822.54,14670024492.46,334608,10,10,10,0,0,0,0,0,0,2085887,3227647,4354047,2115605.76,200
1790724955,0,334808,0,559.15,199.92,2013183,3565158399,24528289791,40265318399,43352326143,239488,44291850239,12236022439.27,14668691850.73,334808,10,10,10,0,0,0,0,0,0,2062335,3266559,5373951,2112734.72,200
1790724956,0,335008,0,558.55,200.08,2013183,3542089727,24511512575,40265318399,43352326143,239488,44291850239,12228718712.38,14667357102.46,335008,10,10,10,0,0,0,0,0,0,1981439,3147775,3323903,1987742.72,200
1790724957,0,335890,0,559.09,881.88,2016255,3449815039,24461180927,40231763967,43352326143,239488,44291850239,12197383785.68,14660814802.71,335890,10,10,10,0,0,0,0,0,0,291241983,586678271,611319807,295511763.01,882
1790724958,0,336916,0,559.86,1025.44,2020351,3321888767,24394072063,40231763967,43352326143,239488,44291850239,12163335053.20,14651437922.91,336916,10,10,10,0,0,0,0,0,0,1015545855,1380974591,1412431871,1016523402.73,1026
1790724959,0,337995,0,560.72,1079.63,2024447,3202351103,24326963199,40231763967,43352326143,239488,44291850239,12130301962.90,14639679939.23,337995,10,10,10,0,0,0,0,0,0,1831862271,2162163711,2191523839,1815773092.89,1079
1790724960,0,339074,0,561.58,1078.84,2028543,3076521983,24259854335,40198209535,43352326143,239488,44291850239,12099929896.41,14626255102.89,339074,10,10,10,0,0,0,0,0,0,2579496959,2944401407,2980052991,2585929327.51,1079
1790724961,0,340075,0,562.31,1000.61,2031615,3149922303,24192745471,40198209535,43352326143,239488,44291850239,12074301472.51,14612333385.60,340075,10,10,10,0,0,0,0,0,0,3388997631,3753902079,3781165055,3393050519.66,1001
1790724962,0,341088,0,563.05,1013.46,2035711,3240099839,24142413823,40198209535,43352326143,239488,44291850239,12050881791.66,14596932389.70,341088,10,10,10,0,0,0,0,0,0,4188012543,4546625535,4580179967,4188642931.74,1013
1790724963,0,342074,0,563.75,985.92,2039807,3323985919,24092082175,40164655103,43352326143,239488,44291850239,12030522128.01,14580803086.57,342074,10,10,10,0,0,0,0,0,0,4987027455,5335154687,5381292031,4987482618.81,986
1790724964,0,343056,0,564.44,981.91,2043903,3416260607,24024973311,40164655103,43352326143,239488,44291850239,12012627140.17,14563754924.79,343056,10,10,10,0,0,0,0,0,0,5775556607,6148849663,6182404095,5779011996.94,982
1790724965,0,344055,0,565.15,999.43,2046975,3502243839,23974641663,40131100671,43352326143,239488,44291850239,11996892932.51,14545523745.60,344055,10,10,10,0,0,0,0,0,0,6597640191,6954156031,6987710463,6593775470.45,999
1790724966,0,345098,0,565.93,1042.16,2051071,3592421375,23907532799,40131100671,43352326143,239488,44291850239,11982959159.96,14525736745.31,345098,10,10,10,0,0,0,0,0,0,7390363647,7746879487,7776239615,7386617728.37,1043
1790724967,0,346120,0,566.68,1022.17,2055167,3680501759,23840423935,40131100671,43352326143,239488,44291850239,11971723361.92,14505750304.07,346120,10,10,10,0,0,0,0,0,0,8187281407,8539602943,8573157375,8177739571.60,1022
1790724968,0,347153,0,567.44,1033.05,2059263,3772776447,23790092287,40131100671,43352326143,239488,44291850239,11962781935.10,14485082195.13,347153,10,10,10,0,0,0,0,0,0,8967421951,9328132095,9361686527,8966841327.15,1033
1790724969,0,348188,0,568.21,1034.90,2063359,3873439743,23722983423,40097546239,43352326143,239488,44291850239,11956256812.63,14464036561.76,348188,10,10,10,0,0,0,0,0,0,9772728319,10125049855,10158604287,9767642473.12,1035
1790724970,0,349233,0,568.98,1045.45,2068479,3969908735,23655874559,40097546239,43318771711,239488,44291850239,11952106003.25,14442584515.13,349233,10,10,10,0,0,0,0,0,0,10578034687,10921967615,10955522047,10569080149.99,1045
1790724971,0,350235,0,569.69,1002.26,2072575,4060086271,23605542911,40063991807,43318771711,239488,44291850239,11950379309.02,14421951506.50,350235,10,10,10,0,0,0,0,0,0,11349786623,11718885375,11752439807,11348564331.82,1002
1790724972,0,351206,0,570.34,970.65,2075647,4139778047,23555211263,40063991807,43318771711,239488,44291850239,11950943991.30,14402010286.14,351206,10,10,10,0,0,0,0,0,0,12155092991,12524191743,12557746175,12154622158.70,971
1790724973,0,352232,0,571.08,1026.31,2079743,4229955583,23471325183,40063991807,43318771711,239488,44291850239,11953918085.33,14381130386.03,352232,10,10,10,0,0,0,0,0,0,12985565183,13321109503,13354663935,12971968444.13,1026
1790724974,0,353257,0,571.81,1024.73,2083839,4328521727,23420993535,40030437375,43318771711,239488,44291850239,11959122979.07,14360580819.52,353257,10,10,10,0,0,0,0,0,0,13757317119,14126415871,14151581695,13747737738.86,1025
1790724975,0,354294,0,572.57,1037.36,2087935,4424990719,23353884671,40030437375,43318771711,239488,44291850239,11966696799.10,14340235887.32,354294,10,10,10,0,0,0,0,0,0,14545846271,14906556415,14940110847,14546740140.07,1037
1790724976,0,355337,0,573.32,1042.49,2092031,4521459711,23286775807,40030437375,43318771711,239488,44291850239,11976617810.44,14320347168.61,355337,10,10,10,0,0,0,0,0,0,15342764031,15695085567,15728639999,15346660753.55,1043
1790724977,0,356365,0,574.06,1027.62,2096127,4609540095,23219666943,40030437375,43318771711,239488,44291850239,11988606615.19,14301419999.33,356365,10,10,10,0,0,0,0,0,0,16122904575,16500391935,16525557759,16132639604.54,1028
1790724978,0,357389,0,574.78,1024.56,2099199,4701814783,23169335295,39996882943,43318771711,239488,44291850239,12002780314.50,14283369940.87,357389,10,10,10,0,0,0,0,0,0,16936599551,17297309695,17314086911,16935407616.00,1024
1790724979,0,358426,0,575.52,1037.17,2105343,4798283775,23119003647,39996882943,43318771711,239488,44291850239,12019324073.06,14266004390.71,358426,10,10,10,0,0,0,0,0,0,17733517311,18069061631,18119393279,17720922266.04,1037
1790724980,0,359483,0,576.29,1057.15,2107391,4907335679,23051894783,39963328511,43318771711,239488,44291850239,12038412114.64,14249357084.99,359483,10,10,10,0,0,0,0,0,0,18522046463,18874367999,18907922431,18511118258.50,1057
1790724981,0,360595,0,577.15,1111.37,2113535,5003804671,22984785919,39963328511,43318771711,239488,44291850239,12060747879.49,14233041077.55,360595,10,10,10,0,0,0,0,0,0,19277021183,19629342719,19679674367,19281366362.24,1112
1790724982,0,361654,0,577.92,1059.66,2117631,5117050879,22917677055,39963328511,43318771711,239488,44291850239,12084253312.72,14218809603.17,361654,10,10,10,0,0,0,0,0,0,20099104767,20451426303,20468203519,20087975406.11,1059
1790724983,0,362782,0,578.80,1127.13,2121727,5230297087,22850568191,39929774079,43318771711,239488,44291850239,12111537565.94,14205096215.11,362782,10,10,10,0,0,0,0,0,0,20870856703,21223178239,21256732671,20859285184.45,1128
1790724984,0,363911,0,579.68,1129.82,2125823,5339348991,22800236543,39929774079,43318771711,239488,44291850239,12141109892.49,14192952490.54,363911,10,10,10,0,0,0,0,0,0,21659385855,21994930175,22011707391,21643596846.26,1129
1790724985,0,365067,0,580.59,1155.73,2129919,5456789503,22749904895,39929774079,43318771711,239488,44291850239,12173618099.84,14182202460.98,365067,10,10,10,0,0,0,0,0,0,22414360575,22766682111,22783459327,22407263639.47,1156
1790724986,0,366234,0,581.52,1167.07,2134015,5570035711,22900899839,39896219647,43285217279,239488,44291850239,12208618042.92,14173119705.37,366234,10,10,10,0,0,0,0,0,0,23169335295,23521656831,23555211263,23157481984.44,1167
1790724987,0,367389,0,582.43,1154.68,2140159,5683281919,23035117567,39896219647,43285217279,239488,44291850239,12245523093.74,14166079811.88,367389,10,10,10,0,0,0,0,0,0,23957864447,24293408767,24326963199,23947587495.34,1155
1790724988,0,368534,0,583.32,1145.15,2144255,5796528127,23186112511,39862665215,43285217279,239488,44291850239,12284230518.80,14161046026.82,368534,10,10,10,0,0,0,0,0,0,24696061951,25065160703,25098715135,24704040287.47,1145
1790724989,0,369698,0,584.24,1164.50,2148351,5909774335,23337107455,39862665215,43285217279,239488,44291850239,12325736743.60,14158016369.24,369698,10,10,10,0,0,0,0,0,0,25467813887,25803358207,25853689855,25467021150.13,1164
1790724990,0,370784,0,585.03,1085.56,2152447,6031409151,23488102399,39862665215,43285217279,239488,44291850239,12366496871.86,14157261029.21,370784,10,10,10,0,0,0,0,0,0,26256343039,26608664575,26642219007,26242130297.16,1086
1790724991,0,371871,0,585.82,1086.79,2158591,6132072447,23639097343,39829110783,43285217279,239488,44291850239,12409345726.15,14158693777.94,371871,10,10,10,0,0,0,0,0,0,27028094975,27397193727,27430748159,27025417103.90,1087
1790724992,0,372918,0,586.55,1047.41,2162687,6232735743,23773315071,39829110783,43285217279,239488,44291850239,12452656616.32,14162350738.63,372918,10,10,10,0,0,0,0,0,0,27850178559,28202500095,28219277311,27835716824.15,1047
1790724993,0,374004,0,587.33,1085.55,2166783,6337593343,23924310015,39829110783,43285217279,239488,44291850239,12499577210.84,14168482494.60,374004,10,10,10,0,0,0,0,0,0,28621930495,28974252031,29007806463,28611487219.74,1086
1790724994,0,375092,0,588.12,1088.50,2170879,6442450943,24058527743,39795556351,43285217279,239488,44291850239,12548601954.67,14177092072.73,375092,10,10,10,0,0,0,0,0,0,29410459647,29746003967,29779558399,29401037884.24,1088
1790724995,0,376147,0,588.85,1054.61,2174975,6538919935,24192745471,39795556351,43285217279,239488,44291850239,12598070048.20,14187895805.56,376147,10,10,10,0,0,0,0,0,0,30198988799,30551310335,30568087551,30185829419.68,1055
1790724996,0,377194,0,589.57,1047.35,2179071,6635388927,24326963199,39795556351,43285217279,239488,44291850239,12649073709.38,14201138993.64,377194,10,10,10,0,0,0,0,0,0,30970740735,31323062271,31356616703,30972735734.46,1047
1790724997,0,378222,0,590.25,1027.28,2183167,6736052223,24461180927,39762001919,43285217279,239488,44291850239,12701027402.24,14216705949.96,378222,10,10,10,0,0,0,0,0,0,31792824319,32128368639,32161923071,31763888518.47,1028
1790724998,0,379320,0,591.04,1098.15,2189311,6853492735,24612175871,39762001919,43285217279,239488,44291850239,12758498205.52,14236135541.54,379320,10,10,10,0,0,0,0,0,0,32564576255,32916897791,32933675007,32555148621.87,1098
1790724999,0,380417,0,591.83,1097.85,2193407,6962544639,24746393599,39762001919,43251662847,239488,44291850239,12817818739.21,14258332407.93,380417,10,10,10,0,0,0,0,0,0,33336328191,33688649727,33722204159,33329637187.44,1097
1790725000,0,381525,0,592.63,1107.93,2197503,7063207935,24897388543,39728447487,43251662847,239488,44291850239,12879642656.01,14283630169.77,381525,10,10,10,0,0,0,0,0,0,34124857343,34460401663,34493956095,34106058685.46,1108
1790725001,0,382599,0,593.38,1073.91,2203647,7168065535,25031606271,39728447487,43251662847,239488,44291850239,12941439393.66,14311048824.72,382599,10,10,10,0,0,0,0,0,0,34896609279,35265708031,35299262463,34893953668.53,1074
1790725002,0,383630,0,594.05,1030.31,2205695,7130316799,25048383487,39728447487,43251662847,239488,44291850239,12947672898.68,14311167540.56,383630,10,10,10,0,0,0,0,0,0,5444206591,35534143487,35534143487,15260895774.29,1031
1790725003,0,384708,0,594.80,1077.99,2211839,7029653503,24998051839,39694893055,43251662847,239488,44291850239,12928077717.34,14295887317.36,384708,10,10,10,0,0,0,0,0,0,5951717375,6308233215,6337593343,5954701634.97,1078
1790725004,0,385754,0,595.50,1046.44,2215935,6975127551,24964497407,39694893055,43251662847,239488,44291850239,12911302801.63,14280121283.61,385754,10,10,10,0,0,0,0,0,0,6736052223,7100956671,7130316799,6741662005.35,1046
1790725005,0,386869,0,596.30,1115.05,2220031,7063207935,24914165759,39694893055,43251662847,239488,44291850239,12895787535.54,14262453167.19,386869,10,10,10,0,0,0,0,0,0,7537164287,7872708607,7897874431,7528006410.79,1115
1790725006,0,387923,0,597.00,1054.34,2224127,7134511103,24863834111,39694893055,43251662847,239488,44291850239,12883367006.80,14245056714.42,387923,10,10,10,0,0,0,0,0,0,8329887743,8673820671,8698986495,8324431965.27,1054
1790725007,0,389021,0,597.77,1097.19,2230271,7214202879,24813502463,39661338623,43251662847,239488,44291850239,12872659276.66,14226368265.88,389021,10,10,10,0,0,0,0,0,0,9101639679,9445572607,9479127039,9089622120.45,1098
1790725008,0,390127,0,598.55,1106.30,2234367,7302283263,24763170815,39661338623,43251662847,239488,44291850239,12864127445.04,14207094396.88,390127,10,10,10,0,0,0,0,0,0,9848225791,10234101759,10259267583,9863167525.96,1106
1790725009,0,391193,0,599.27,1065.77,2238463,7386169343,24712839167,39627784191,43251662847,239488,44291850239,12858133620.68,14188192184.29,391193,10,10,10,0,0,0,0,0,0,10678697983,11014242303,11047796735,10664556962.82,1066
1790725010,0,392291,0,600.03,1098.55,2242559,7474249727,24679284735,39627784191,43218108415,239488,44291850239,12854138916.81,14168527909.56,392291,10,10,10,0,0,0,0,0,0,11425284095,11794382847,11827937279,11430914700.82,1098
1790725011,0,393373,0,600.77,1082.23,2246655,7562330111,24628953087,39627784191,43218108415,239488,44291850239,12852376056.83,14149073358.15,393373,10,10,10,0,0,0,0,0,0,12222201855,12582911999,12608077823,12213231782.57,1082
1790725012,0,394464,0,601.52,1090.39,2252799,7646216191,24578621439,39594229759,43218108415,239488,44291850239,12852771255.29,14129500412.69,394464,10,10,10,0,0,0,0,0,0,13002342399,13371441151,13388218367,12995264752.28,1091
1790725013,0,395565,0,602.28,1101.03,2256895,7721713663,24528289791,39594229759,43218108415,239488,44291850239,12855371606.65,14109913839.70,395565,10,10,10,0,0,0,0,0,0,13799260159,14143193087,14168358911,13787020106.64,1101
1790725014,0,396658,0,603.02,1092.54,2260991,7797211135,24477958143,39594229759,43218108415,239488,44291850239,12860074571.08,14090749351.96,396658,10,10,10,0,0,0,0,0,0,14554234879,14914945023,14948499455,14562113110.66,1093
1790725015,0,397746,0,603.76,1088.62,2267135,7885291519,24444403711,39560675327,43218108415,239488,44291850239,12866858246.56,14072065245.89,397746,10,10,10,0,0,0,0,0,0,15334375423,15695085567,15728639999,15340019230.12,1088
1790725016,0,398860,0,604.53,1113.99,2271231,7973371903,24377294847,39560675327,43218108415,239488,44291850239,12875996314.42,14053465720.25,398860,10,10,10,0,0,0,0,0,0,16148070399,16475226111,16508780543,16138680279.55,1114
1790725017,0,399929,0,605.23,1068.86,2277375,8053063679,24326963199,39560675327,43218108415,239488,44291850239,12886783292.11,14036222292.80,399929,10,10,10,0,0,0,0,0,0,16911433727,17280532479,17297309695,16911567129.62,1069
1790725018,0,401014,0,605.96,1085.42,2281471,8082423807,24293408767,39527120895,43218108415,239488,44291850239,12887881782.88,14020570120.64,401014,10,10,10,0,0,0,0,0,0,17431527423,17767071743,17800626175,13292783455.56,1085
1790725019,0,402061,0,606.63,1046.94,2285567,8002732031,24243077119,39527120895,43218108415,239488,44291850239,12869168267.55,14007096214.09,402061,10,10,10,0,0,0,0,0,0,5716836351,6043992063,6081740799,5701659541.39,1047
1790725020,0,403168,0,607.38,1106.95,2291711,7910457343,24192745471,39493566463,43218108415,239488,44291850239,12851649302.68,13991842079.27,403168,10,10,10,0,0,0,0,0,0,6480199679,6845104127,6870269951,6488783415.96,1107
1790725021,0,404252,0,608.10,1083.55,2295807,7826571263,24142413823,39493566463,43218108415,239488,44291850239,12836700285.66,13976048485.71,404252,10,10,10,0,0,0,0,0,0,7281311743,7616856063,7650410495,7276769204.43,1084
1790725022,0,405310,0,608.77,1057.73,2299903,7864319999,24108859391,39460012031,43184553983,239488,44291850239,12824224186.62,13959930487.21,405310,10,10,10,0,0,0,0,0,0,8065646591,8405385215,8438939647,8057222304.67,1058
1790725023,0,406423,0,609.53,1113.74,2306047,7944011775,24058527743,39460012031,43184553983,239488,44291850239,12813305861.15,13942364433.82,406423,10,10,10,0,0,0,0,0,0,8841592831,9185525759,9219080191,8837289242.45,1113
1790725024,0,407498,0,610.22,1074.80,2310143,8011120639,24008196095,39460012031,43184553983,239488,44291850239,12804881712.65,13924930073.27,407498,10,10,10,0,0,0,0,0,0,9613344767,9965666303,10007609343,9619981522.52,1075
1790725025,0,408641,0,611.02,1143.31,2314239,8082423807,23974641663,39460012031,43184553983,239488,44291850239,12798145505.84,13906028707.50,408641,10,10,10,0,0,0,0,0,0,10410262527,10745806847,10779361279,10396578748.81,1143
1790725026,0,409964,0,612.08,1322.24,2320383,8162115583,23907532799,39426457599,43184553983,239488,44291850239,12792816147.79,13883893628.08,409964,10,10,10,0,0,0,0,0,0,11148460031,11467227135,11500781567,11146713197.91,1323
1790725027,0,411296,0,613.16,1332.59,2326527,8241807359,23840423935,39426457599,43184553983,239488,44291850239,12789863504.41,13861495702.82,411296,10,10,10,0,0,0,0,0,0,11903434751,12213813247,12247367679,11881096619.44,1332
1790725028,0,412627,0,614.23,1331.10,2332671,8329887743,23790092287,39392903167,43184553983,239488,44291850239,12789309579.61,13839129909.33,412627,10,10,10,0,0,0,0,0,0,12624855039,12952010751,12977176575,12618139741.86,1331
1790725029,0,413918,0,615.23,1291.19,2338815,8413773823,23739760639,39392903167,43184553983,239488,44291850239,12791092695.95,13817573284.52,413918,10,10,10,0,0,0,0,0,0,13388218367,13690208255,13723762687,13361008998.52,1291
1790725030,0,415243,0,616.29,1324.79,2344959,8489271295,23672651775,39359348735,43150999551,239488,44291850239,12795239937.67,13795710310.84,415243,10,10,10,0,0,0,0,0,0,14084472831,14428405759,14461960191,14090800691.39,1325
1790725031,0,416636,0,617.44,1393.11,2351103,8573157375,23605542911,39359348735,43150999551,239488,44291850239,12802010276.82,13773129806.68,416636,10,10,10,0,0,0,0,0,0,14822670335,15149826047,15183380479,14820198316.20,1393
1790725032,0,417990,0,618.53,1353.08,2357247,8665432063,23555211263,39325794303,43150999551,239488,44291850239,12810923797.13,13751698153.08,417990,10,10,10,0,0,0,0,0,0,15560867839,15879634943,15904800767,15553681144.82,1354
1790725033,0,419417,0,619.72,1427.97,2363391,8740929535,23488102399,39325794303,43150999551,239488,44291850239,12818978615.18,13729118826.92,419417,10,10,10,0,0,0,0,0,0,15820914687,16181624831,16206790655,15178357308.64,1427
1790725034,0,420858,0,620.93,1440.45,2369535,8774483967,23420993535,39292239871,43150999551,239488,44291850239,12808230858.70,13707222861.88,420858,10,10,10,0,0,0,0,0,0,9688842239,12482248703,12708741119,9679992287.67,1441
1790725035,0,422280,0,622.11,1422.67,2375679,8690597887,23353884671,39292239871,43150999551,239488,44291850239,12776944811.88,13695087958.80,422280,10,10,10,0,0,0,0,0,0,3527409663,6274678783,6501171199,3517463032.08,1422
1790725036,0,422571,0,621.63,290.85,2377727,8673820671,23337107455,39292239871,43150999551,239488,44291850239,12768206115.06,13694418721.93,422571,10,10,10,0,0,0,0,0,0,4825087,390856703,441188351,87185867.22,291
1790725037,0,422771,0,621.01,200.06,2377727,8657043455,23337107455,39292239871,43150999551,239488,44291850239,12762167521.67,13693992497.14,422771,10,10,10,0,0,0,0,0,0,3276799,6148095,7241727,3495281.92,200
1790725038,0,422971,0,620.39,199.90,2377727,8648654847,23320330239,39292239871,43150999551,239488,44291850239,12756134973.22,13693563691.72,422971,10,10,10,0,0,0,0,0,0,3999743,6844415,9134079,4202273.28,200
1790725039,0,423171,0,619.77,200.13,2377727,8640266239,23320330239,39292239871,43150999551,239488,44291850239,12750107955.55,13693132783.96,423171,10,10,10,0,0,0,0,0,0,3440639,8163327,9576447,3839493.12,200
1790725040,0,423371,0,619.16,199.83,2377727,8623489023,23303553023,39292239871,43150999551,239488,44291850239,12744086187.43,13692700034.46,423371,10,10,10,0,0,0,0,0,0,2885631,4358143,5623807,2897998.72,200
1790725041,0,423571,0,618.55,200.13,2377727,8615100415,23303553023,39292239871,43150999551,239488,44291850239,12738069986.79,13692265146.24,423571,10,10,10,0,0,0,0,0,0,2545663,4599807,5165055,2645584.00,200
1790725042,0,423771,0,617.94,199.97,2375679,8598323199,23286775807,39292239871,43150999551,239488,44291850239,12732059277.24,13691828189.39,423771,10,10,10,0,0,0,0,0,0,2293759,3440639,4128767,2248000.00,200
1790725043,0,423971,0,617.33,200.00,2373631,8585740287,23269998591,39292239871,43150999551,239488,44291850239,12726054153.20,13691389075.13,423971,10,10,10,0,0,0,0,0,0,2061311,3254271,3780607,2067072.00,200
1790725044,0,424171,0,616.72,200.02,2373631,8573157375,23269998591,39258685439,43150999551,239488,44291850239,12720054797.55,13690947632.70,424171,10,10,10,0,0,0,0,0,0,2232319,3645439,4016127,2290711.04,200
1790725045,0,424371,0,616.12,199.99,2373631,8560574463,23269998591,39258685439,43150999551,239488,44291850239,12714061154.67,13690503913.06,424371,10,10,10,0,0,0,0,0,0,2275327,3880959,5210111,2413680.64,200
1790725046,0,424571,0,615.51,199.88,2371583,8547991551,23253221375,39258685439,43150999551,239488,44291850239,12708073097.17,13690058033.71,424571,10,10,10,0,0,0,0,0,0,2166783,3917823,5279743,2283368.32,200
1790725047,0,424771,0,614.91,200.06,2369535,8531214335,23253221375,39258685439,43150999551,239488,44291850239,12702090590.68,13689610025.67,424771,10,10,10,0,0,0,0,0,0,1970175,3661823,4636671,2096757.76,200
1790725048,0,424971,0,614.31,200.09,2367487,8522825727,23236444159,39258685439,43150999551,239488,44291850239,12696113824.39,13689159712.57,424971,10,10,10,0,0,0,0,0,0,2174975,4155391,6045695,2328859.52,200
1790725049,0,425171,0,613.71,199.86,2367487,8514437119,23219666943,39258685439,43150999551,239488,44291850239,12690142582.37,13688707293.87,425171,10,10,10,0,0,0,0,0,0,2146303,3444735,4046847,2119129.60,200
1790725050,0,425371,0,613.12,200.09,2365439,8501854207,23219666943,39258685439,43150999551,239488,44291850239,12684177162.83,13688252492.39,425371,10,10,10,0,0,0,0,0,0,2289663,5152767,6463487,2560197.12,200
1790725051,0,425571,0,612.52,199.96,2365439,8489271295,23219666943,39258685439,43150999551,239488,44291850239,12678217107.17,13687795732.21,425571,10,10,10,0,0,0,0,0,0,1911807,3346431,3733503,2042941.44,200
1790725052,0,425771,0,611.93,200.11,2363391,8476688383,23202889727,39258685439,43150999551,239488,44291850239,12672262776.05,13687336678.40,425771,10,10,10,0,0,0,0,0,0,2213887,3665919,5300223,2309518.08,200
1790725053,0,425971,0,611.34,200.03,2363391,8468299775,23202889727,39258685439,43150999551,239488,44291850239,12666314230.23,13686875274.05,425971,10,10,10,0,0,0,0,0,0,2707455,3946495,5238783,2722725.12,200
1790725054,0,426171,0,610.75,199.96,2363391,8451522559,23186112511,39258685439,43150999551,239488,44291850239,12660371236.17,13686411734.59,426171,10,10,10,0,0,0,0,0,0,2408447,4751359,5591039,2655612.16,200
1790725055,0,426371,0,610.16,199.94,2361343,8443133951,23186112511,39258685439,43150999551,239488,44291850239,12654433676.12,13685946167.98,426371,10,10,10,0,0,0,0,0,0,2197503,4349951,5177343,2354154.88,200
1790725056,0,426571,0,609.58,200.00,2361343,8434745343,23169335295,39258685439,43150999551,239488,44291850239,12648501664.46,13685478467.53,426571,10,10,10,0,0,0,0,0,0,2213887,3999743,4685823,2312954.88,200
1790725057,0,426771,0,608.99,200.07,2359295,8422162431,23169335295,39258685439,43150999551,239488,44291850239,12642575263.06,13685008575.25,426771,10,10,10,0,0,0,0,0,0,2379775,4063231,5079039,2420413.44,200
1790725058,0,426971,0,608.41,200.02,2359295,8409579519,23152558079,39258685439,43150999551,239488,44291850239,12636654312.33,13684536637.71,426971,10,10,10,0,0,0,0,0,0,2053119,4222975,4456447,2203975.04,200
1790725059,0,427171,0,607.83,199.92,2357247,8401190911,23135780863,39225131007,43150999551,239488,44291850239,12630738728.53,13684062731.20,427171,10,10,10,0,0,0,0,0,0,1789951,3039231,3414015,1825086.08,200
1790725060,0,427371,0,607.25,200.00,2355199,8384413695,23135780863,39225131007,43150999551,239488,44291850239,12624828767.05,13683586619.11,427371,10,10,10,0,0,0,0,0,0,1939455,3133439,3713023,2007985.92,200
1790725061,0,427571,0,606.67,199.99,2353151,8371830783,23119003647,39225131007,43150999551,239488,44291850239,12618924380.20,13683108344.67,427571,10,10,10,0,0,0,0,0,0,2080767,3491839,4755455,2105824.00,200
1790725062,0,427771,0,606.09,199.97,2353151,8363442175,23119003647,39225131007,43117445119,239488,44291850239,12613025512.16,13682627958.54,427771,10,10,10,0,0,0,0,0,0,2007039,3885055,5595135,2100963.84,200
1790725063,0,427971,0,605.52,200.13,2351103,8346664959,23102226431,39225131007,43117445119,239488,44291850239,12607132129.45,13682145490.69,427971,10,10,10,0,0,0,0,0,0,2071551,3340287,4386815,2041062.40,200
1790725064,0,428171,0,604.95,199.84,2349055,8338276351,23102226431,39225131007,43117445119,239488,44291850239,12601244252.98,13681660921.01,428171,10,10,10,0,0,0,0,0,0,1940479,3377151,3928063,2042342.40,200
1790725065,0,428371,0,604.37,200.04,2349055,8325693439,23085449215,39225131007,43117445119,239488,44291850239,12595361916.16,13681174217.87,428371,10,10,10,0,0,0,0,0,0,2061311,3741695,4927487,2131722.24,200
1790725066,0,428571,0,603.81,200.10,2347007,8313110527,23085449215,39225131007,43117445119,239488,44291850239,12589485036.26,13680685456.59,428571,10,10,10,0,0,0,0,0,0,2026495,3340287,3928063,2060446.72,200
1790725067,0,428771,0,603.24,199.92,2347007,8304721919,23068671999,39225131007,43117445119,239488,44291850239,12583613658.63,13680194594.58,428771,10,10,10,0,0,0,0,0,0,2035711,3594239,5251071,2102748.16,200
1790725068,0,428971,0,602.67,200.06,2344959,8292139007,23068671999,39225131007,43117445119,239488,44291850239,12577747755.84,13679701656.19,428971,10,10,10,0,0,0,0,0,0,2101247,3338239,3930111,2102728.96,200
1790725069,0,429171,0,602.11,199.86,2344959,8275361791,23068671999,39225131007,43117445119,239488,44291850239,12571887292.92,13679206672.72,429171,10,10,10,0,0,0,0,0,0,2044927,3282943,3471359,2044087.04,200
1790725070,0,429371,0,601.54,200.12,2342911,8262778879,23051894783,39191576575,43117445119,239488,44291850239,12566032287.85,13678709626.74,429371,10,10,10,0,0,0,0,0,0,1976319,3469311,4521983,2040390.40,200
1790725071,0,429571,0,600.98,199.92,2340863,8246001663,23035117567,39191576575,43117445119,239488,44291850239,12560182721.72,13678210534.76,429571,10,10,10,0,0,0,0,0,0,1869823,3311615,5578751,2012435.20,200
1790725072,0,429771,0,600.42,200.07,2338815,8233418751,23035117567,39191576575,43117445119,239488,44291850239,12554338615.87,13677709376.28,429771,10,10,10,0,0,0,0,0,0,1961983,3461119,4222975,2046648.32,200
1790725073,0,429971,0,599.86,199.92,2338815,8220835839,23018340351,39191576575,43117445119,239488,44291850239,12548499964.59,13677206155.72,429971,10,10,10,0,0,0,0,0,0,2081791,3440639,5152767,2084966.40,200
1790725074,0,430171,0,599.30,200.15,2336767,8212447231,23018340351,39191576575,43117445119,239488,44291850239,12542666722.95,13676700913.40,430171,10,10,10,0,0,0,0,0,0,2041855,3313663,3932159,2043011.84,200
1790725075,0,430371,0,598.75,199.86,2334719,8195670015,23001563135,39191576575,43117445119,239488,44291850239,12536838859.87,13676193676.91,430371,10,10,10,0,0,0,0,0,0,1930239,3131391,3551231,1950406.40,200
1790725076,0,430571,0,598.20,200.07,2334719,8183087103,23001563135,39191576575,43117445119,239488,44291850239,12531016455.37,13675684372.02,430571,10,10,10,0,0,0,0,0,0,2119679,3250175,3784703,2046228.48,200
1790725077,0,430611,0,597.42,40.01,2334719,8183087103,23001563135,39191576575,43117445119,239488,44291850239,12529852641.67,13675582251.61,430611,10,10,10,0,0,0,0,0,0,2057215,4526079,5386239,2241894.40,40
1790725078,0,430611,0,596.59,0.00,2334719,8183087103,23001563135,39191576575,43117445119,239488,44291850239,12529852641.67,13675582251.61,430611,10,10,10,0,0,0,0,0,0,0,0,0,0.00,0
