timestamp,sent_count,received_count,error_count,total_throughput,interval_throughput,latency_ns_p25,latency_ns_p50,latency_ns_p75,latency_ns_p95,latency_ns_p99,latency_ns_min,latency_ns_max,latency_ns_mean,latency_ns_stddev,latency_sample_count,connections,active_connections,connection_attempts,connection_failures,crashes_injected,reconnects,reconnect_failures,duplicate_count,gap_count,interval_latency_ns_p50,interval_latency_ns_p95,interval_latency_ns_p99,interval_latency_ns_mean,interval_latency_sample_count
1790724295,0,0,0,0.00,0.00,0,0,0,0,0,0,0,0.00,0.00,0,0,0,1,0,0,0,0,0,0,0,0,0,0.00,0
1790724296,0,0,0,0.00,0.00,0,0,0,0,0,0,0,0.00,0.00,0,1,1,1,0,0,0,0,0,0,0,0,0,0.00,0
1790724297,0,0,0,0.00,0.00,0,0,0,0,0,0,0,0.00,0.00,0,1,1,1,0,0,0,0,0,0,0,0,0,0.00,0
1790724298,0,0,0,0.00,0.00,0,0,0,0,0,0,0,0.00,0.00,0,1,1,1,0,0,0,0,0,0,0,0,0,0.00,0
1790724299,0,0,0,0.00,0.00,0,0,0,0,0,0,0,0.00,0.00,0,1,1,1,0,0,0,0,0,0,0,0,0,0.00,0
1790724300,0,0,0,0.00,0.00,0,0,0,0,0,0,0,0.00,0.00,0,1,1,1,0,0,0,0,0,0,0,0,0,0.00,0
1790724301,0,0,0,0.00,0.00,0,0,0,0,0,0,0,0.00,0.00,0,1,1,1,0,0,0,0,0,0,0,0,0,0.00,0
1790724302,0,0,0,0.00,0.00,0,0,0,0,0,0,0,0.00,0.00,0,2,2,2,0,0,0,0,0,0,0,0,0,0.00,0
1790724303,0,0,0,0.00,0.00,0,0,0,0,0,0,0,0.00,0.00,0,2,2,2,0,0,0,0,0,0,0,0,0,0.00,0
1790724304,0,0,0,0.00,0.00,0,0,0,0,0,0,0,0.00,0.00,0,2,2,2,0,0,0,0,0,0,0,0,0,0.00,0
1790724305,0,0,0,0.00,0.00,0,0,0,0,0,0,0,0.00,0.00,0,2,2,2,0,0,0,0,0,0,0,0,0,0.00,0
1790724306,0,0,0,0.00,0.00,0,0,0,0,0,0,0,0.00,0.00,0,2,2,2,0,0,0,0,0,0,0,0,0,0.00,0
1790724307,0,0,0,0.00,0.00,0,0,0,0,0,0,0,0.00,0.00,0,2,2,2,0,0,0,0,0,0,0,0,0,0.00,0
1790724308,0,0,0,0.00,0.00,0,0,0,0,0,0,0,0.00,0.00,0,2,2,2,0,0,0,0,0,0,0,0,0,0.00,0
1790724309,0,0,0,0.00,0.00,0,0,0,0,0,0,0,0.00,0.00,0,3,3,3,0,0,0,0,0,0,0,0,0,0.00,0
1790724310,0,0,0,0.00,0.00,0,0,0,0,0,0,0,0.00,0.00,0,3,3,3,0,0,0,0,0,0,0,0,0,0.00,0
1790724311,0,0,0,0.00,0.00,0,0,0,0,0,0,0,0.00,0.00,0,3,3,3,0,0,0,0,0,0,0,0,0,0.00,0
1790724312,0,0,0,0.00,0.00,0,0,0,0,0,0,0,0.00,0.00,0,3,3,3,0,0,0,0,0,0,0,0,0,0.00,0
1790724313,0,0,0,0.00,0.00,0,0,0,0,0,0,0,0.00,0.00,0,3,3,3,0,0,0,0,0,0,0,0,0,0.00,0
1790724314,0,0,0,0.00,0.00,0,0,0,0,0,0,0,0.00,0.00,0,3,3,3,0,0,0,0,0,0,0,0,0,0.00,0
1790724315,0,0,0,0.00,0.00,0,0,0,0,0,0,0,0.00,0.00,0,3,3,3,0,0,0,0,0,0,0,0,0,0.00,0
1790724316,0,0,0,0.00,0.00,0,0,0,0,0,0,0,0.00,0.00,0,4,4,4,0,0,0,0,0,0,0,0,0,0.00,0
1790724317,0,0,0,0.00,0.00,0,0,0,0,0,0,0,0.00,0.00,0,4,4,4,0,0,0,0,0,0,0,0,0,0.00,0
1790724318,0,0,0,0.00,0.00,0,0,0,0,0,0,0,0.00,0.00,0,4,4,4,0,0,0,0,0,0,0,0,0,0.00,0
1790724319,0,0,0,0.00,0.00,0,0,0,0,0,0,0,0.00,0.00,0,4,4,4,0,0,0,0,0,0,0,0,0,0.00,0
1790724320,0,0,0,0.00,0.00,0,0,0,0,0,0,0,0.00,0.00,0,4,4,4,0,0,0,0,0,0,0,0,0,0.00,0
1790724321,0,0,0,0.00,0.00,0,0,0,0,0,0,0,0.00,0.00,0,4,4,4,0,0,0,0,0,0,0,0,0,0.00,0
1790724322,0,0,0,0.00,0.00,0,0,0,0,0,0,0,0.00,0.00,0,5,5,5,0,0,0,0,0,0,0,0,0,0.00,0
1790724323,0,0,0,0.00,0.00,0,0,0,0,0,0,0,0.00,0.00,0,5,5,5,0,0,0,0,0,0,0,0,0,0.00,0
1790724324,0,0,0,0.00,0.00,0,0,0,0,0,0,0,0.00,0.00,0,5,5,5,0,0,0,0,0,0,0,0,0,0.00,0
1790724325,0,0,0,0.00,0.00,0,0,0,0,0,0,0,0.00,0.00,0,5,5,5,0,0,0,0,0,0,0,0,0,0.00,0
1790724326,0,0,0,0.00,0.00,0,0,0,0,0,0,0,0.00,0.00,0,5,5,5,0,0,0,0,0,0,0,0,0,0.00,0
1790724327,0,0,0,0.00,0.00,0,0,0,0,0,0,0,0.00,0.00,0,5,5,5,0,0,0,0,0,0,0,0,0,0.00,0
1790724328,0,0,0,0.00,0.00,0,0,0,0,0,0,0,0.00,0.00,0,5,5,5,0,0,0,0,0,0,0,0,0,0.00,0
1790724329,0,0,0,0.00,0.00,0,0,0,0,0,0,0,0.00,0.00,0,6,6,6,0,0,0,0,0,0,0,0,0,0.00,0
1790724330,0,0,0,0.00,0.00,0,0,0,0,0,0,0,0.00,0.00,0,6,6,6,0,0,0,0,0,0,0,0,0,0.00,0
1790724331,0,0,0,0.00,0.00,0,0,0,0,0,0,0,0.00,0.00,0,6,6,6,0,0,0,0,0,0,0,0,0,0.00,0
1790724332,0,0,0,0.00,0.00,0,0,0,0,0,0,0,0.00,0.00,0,6,6,6,0,0,0,0,0,0,0,0,0,0.00,0
1790724333,0,0,0,0.00,0.00,0,0,0,0,0,0,0,0.00,0.00,0,6,6,6,0,0,0,0,0,0,0,0,0,0.00,0
1790724334,0,0,0,0.00,0.00,0,0,0,0,0,0,0,0.00,0.00,0,6,6,6,0,0,0,0,0,0,0,0,0,0.00,0
1790724335,0,0,0,0.00,0.00,0,0,0,0,0,0,0,0.00,0.00,0,6,6,6,0,0,0,0,0,0,0,0,0,0.00,0
1790724336,0,0,0,0.00,0.00,0,0,0,0,0,0,0,0.00,0.00,0,7,7,7,0,0,0,0,0,0,0,0,0,0.00,0
1790724337,0,0,0,0.00,0.00,0,0,0,0,0,0,0,0.00,0.00,0,7,7,7,0,0,0,0,0,0,0,0,0,0.00,0
1790724338,0,0,0,0.00,0.00,0,0,0,0,0,0,0,0.00,0.00,0,7,7,7,0,0,0,0,0,0,0,0,0,0.00,0
1790724339,0,0,0,0.00,0.00,0,0,0,0,0,0,0,0.00,0.00,0,7,7,7,0,0,0,0,0,0,0,0,0,0.00,0
1790724340,0,0,0,0.00,0.00,0,0,0,0,0,0,0,0.00,0.00,0,7,7,7,0,0,0,0,0,0,0,0,0,0.00,0
1790724341,0,0,0,0.00,0.00,0,0,0,0,0,0,0,0.00,0.00,0,7,7,7,0,0,0,0,0,0,0,0,0,0.00,0
1790724342,0,0,0,0.00,0.00,0,0,0,0,0,0,0,0.00,0.00,0,8,8,8,0,0,0,0,0,0,0,0,0,0.00,0
1790724343,0,0,0,0.00,0.00,0,0,0,0,0,0,0,0.00,0.00,0,8,8,8,0,0,0,0,0,0,0,0,0,0.00,0
1790724344,0,0,0,0.00,0.00,0,0,0,0,0,0,0,0.00,0.00,0,8,8,8,0,0,0,0,0,0,0,0,0,0.00,0
1790724345,0,0,0,0.00,0.00,0,0,0,0,0,0,0,0.00,0.00,0,8,8,8,0,0,0,0,0,0,0,0,0,0.00,0
1790724346,0,0,0,0.00,0.00,0,0,0,0,0,0,0,0.00,0.00,0,8,8,8,0,0,0,0,0,0,0,0,0,0.00,0
1790724347,0,0,0,0.00,0.00,0,0,0,0,0,0,0,0.00,0.00,0,8,8,8,0,0,0,0,0,0,0,0,0,0.00,0
1790724348,0,0,0,0.00,0.00,0,0,0,0,0,0,0,0.00,0.00,0,8,8,8,0,0,0,0,0,0,0,0,0,0.00,0
1790724349,0,0,0,0.00,0.00,0,0,0,0,0,0,0,0.00,0.00,0,9,9,9,0,0,0,0,0,0,0,0,0,0.00,0
1790724350,0,0,0,0.00,0.00,0,0,0,0,0,0,0,0.00,0.00,0,9,9,9,0,0,0,0,0,0,0,0,0,0.00,0
1790724351,0,0,0,0.00,0.00,0,0,0,0,0,0,0,0.00,0.00,0,9,9,9,0,0,0,0,0,0,0,0,0,0.00,0
1790724352,0,0,0,0.00,0.00,0,0,0,0,0,0,0,0.00,0.00,0,9,9,9,0,0,0,0,0,0,0,0,0,0.00,0
1790724353,0,0,0,0.00,0.00,0,0,0,0,0,0,0,0.00,0.00,0,9,9,9,0,0,0,0,0,0,0,0,0,0.00,0
1790724354,0,0,0,0.00,0.00,0,0,0,0,0,0,0,0.00,0.00,0,9,9,9,0,0,0,0,0,0,0,0,0,0.00,0
1790724355,0,0,0,0.00,0.00,0,0,0,0,0,0,0,0.00,0.00,0,9,9,9,0,0,0,0,0,0,0,0,0,0.00,0
1790724356,0,0,0,0.00,0.00,0,0,0,0,0,0,0,0.00,0.00,0,10,10,10,0,0,0,0,0,0,0,0,0,0.00,0
1790724357,0,140,0,217.16,140.04,1342463,2107391,3229695,48431103,50200575,602624,51412991,5879367.31,12151190.81,140,10,10,10,0,0,0,0,0,0,2107391,48431103,50200575,5879367.31,140
1790724358,0,340,0,206.78,200.07,1276927,2092031,2832383,6320127,49479679,602624,51412991,3597817.22,8051175.98,340,10,10,10,0,0,0,0,0,0,2003967,3203071,3424255,2000732.16,200
1790724359,0,540,0,204.21,199.98,1275903,2003967,2742271,3829759,49250303,602624,51412991,2982541.27,6456329.73,540,10,10,10,0,0,0,0,0,0,1926143,3135487,3315711,1936572.16,200
1790724360,0,740,0,203.05,200.00,1234943,1994751,2674687,3368959,48431103,602624,51412991,2682682.81,5551923.67,740,10,10,10,0,0,0,0,0,0,1870847,3033087,3346431,1873064.96,200
1790724361,0,940,0,202.37,199.87,1215487,1973247,2652159,3348479,47546367,556032,51412991,2518578.66,4949746.20,940,10,10,10,0,0,0,0,0,0,1909759,3172351,3438591,1911393.28,200
1790724362,0,1140,0,201.95,200.04,1236991,1995775,2674687,3387391,9469951,556032,51412991,2456161.01,4519232.05,1140,10,10,10,0,0,0,0,0,0,2109439,4136959,5648383,2162798.08,200
1790724363,0,1340,0,201.68,200.11,1252351,2001919,2662399,3375103,8953855,556032,51412991,2395939.15,4186287.85,1340,10,10,10,0,0,0,0,0,0,2032639,3256319,5148671,2052674.56,200
1790724364,0,1540,0,201.44,199.84,1274879,2023423,2662399,3346431,7438335,556032,51412991,2353045.94,3915521.62,1540,10,10,10,0,0,0,0,0,0,2076671,3190783,3315711,2065661.44,200
1790724365,0,1740,0,201.28,200.12,1282047,2020351,2652159,3332095,6320127,556032,51412991,2314009.45,3695559.21,1740,10,10,10,0,0,0,0,0,0,2003967,3215359,4118527,2013428.48,200
1790724366,0,1940,0,201.14,199.93,1276927,2007039,2641919,3315711,6098943,556032,51412991,2274562.64,3510316.56,1940,10,10,10,0,0,0,0,0,0,1940479,3155967,3332095,1931375.36,200
1790724367,0,2140,0,201.04,199.99,1286143,2012159,2639871,3274751,5918719,556032,51412991,2248303.37,3351351.15,2140,10,10,10,0,0,0,0,0,0,2031615,3166207,3309567,1993588.48,200
1790724368,0,2340,0,200.95,199.99,1301503,2020351,2641919,3287039,5910527,556032,51412991,2235180.85,3216088.27,2340,10,10,10,0,0,0,0,0,0,2074623,3409919,4857855,2094769.92,200
1790724369,0,2540,0,200.88,200.08,1301503,2003967,2639871,3272703,5648383,556032,51412991,2214172.52,3095329.13,2540,10,10,10,0,0,0,0,0,0,1884159,3172351,3338239,1968375.04,200
1790724370,0,2740,0,200.80,199.88,1301503,2002943,2637823,3258367,5615615,556032,51412991,2194713.32,2988350.83,2740,10,10,10,0,0,0,0,0,0,1976319,3168255,3295231,1947581.44,200
1790724371,0,2940,0,200.75,200.09,1300479,1999871,2633727,3246079,5373951,556032,51412991,2176845.32,2891903.43,2940,10,10,10,0,0,0,0,0,0,1902591,3024895,3170303,1932053.76,200
1790724372,0,3140,0,200.71,199.98,1301503,2001919,2635775,3252223,5279743,556032,51412991,2165991.54,2806317.38,3140,10,10,10,0,0,0,0,0,0,2037759,3299327,3839999,2006440.96,200
1790724373,0,3340,0,200.66,199.99,1296383,1998847,2625535,3231743,5177343,553984,51412991,2148880.02,2728298.61,3340,10,10,10,0,0,0,0,0,0,1832959,3078143,3233791,1880229.12,200
1790724374,0,3540,0,200.62,199.92,1289215,1995775,2629631,3231743,5054463,553984,51412991,2139262.70,2657670.02,3540,10,10,10,0,0,0,0,0,0,1950719,3225599,3538943,1978653.44,200
1790724375,0,3740,0,200.60,200.16,1287167,1995775,2629631,3231743,4943871,553984,51412991,2128406.45,2592427.68,3740,10,10,10,0,0,0,0,0,0,1965055,3123199,3678207,1936250.88,200
1790724376,0,3940,0,200.56,199.97,1284095,1993727,2629631,3229695,4734975,553984,51412991,2119401.32,2533092.46,3940,10,10,10,0,0,0,0,0,0,1942527,3186687,3665919,1951005.44,200
1790724377,0,4140,0,200.53,199.92,1288191,1993727,2629631,3231743,4710399,553984,51412991,2115308.40,2477575.56,4140,10,10,10,0,0,0,0,0,0,1988607,3254271,4431871,2034677.76,200
1790724378,0,4340,0,200.51,200.03,1296383,1994751,2617343,3227647,4603903,553984,51412991,2107164.55,2425043.74,4340,10,10,10,0,0,0,0,0,0,1998847,3098623,3276799,1938586.88,200
1790724379,0,4540,0,200.49,199.96,1288191,1991679,2619391,3231743,4603903,553984,51412991,2101788.70,2378843.02,4540,10,10,10,0,0,0,0,0,0,1930239,3366911,4579327,1985132.80,200
1790724380,0,4740,0,200.47,200.14,1289215,1992703,2625535,3244031,4579327,553984,51412991,2100929.46,2334348.13,4740,10,10,10,0,0,0,0,0,0,2007039,3334143,3733503,2081424.64,200
1790724381,0,4940,0,200.45,199.85,1290239,1993727,2629631,3244031,4603903,514560,51412991,2098617.29,2294095.16,4940,10,10,10,0,0,0,0,0,0,1993727,3235839,4829183,2043818.88,200
1790724382,0,5140,0,200.43,200.06,1291263,1993727,2631679,3244031,4653055,514560,51412991,2096338.10,2256731.69,5140,10,10,10,0,0,0,0,0,0,1974271,3221503,5259263,2040042.24,200
1790724383,0,5340,0,200.42,200.06,1289215,1991679,2631679,3235839,4603903,514560,51412991,2090403.84,2219412.21,5340,10,10,10,0,0,0,0,0,0,1941503,3100671,3424255,1937893.12,200
1790724384,0,5540,0,200.40,199.87,1290239,1993727,2629631,3227647,4579327,514560,51412991,2085548.29,2183637.36,5540,10,10,10,0,0,0,0,0,0,2008063,3082239,3299327,1955905.28,200
1790724385,0,5740,0,200.38,200.04,1289215,1993727,2631679,3227647,4526079,514560,51412991,2081380.50,2150643.71,5740,10,10,10,0,0,0,0,0,0,2003967,3174399,3327999,1965932.80,200
1790724386,0,5940,0,200.37,200.04,1283071,1989631,2625535,3225599,4501503,514560,51412991,2073526.54,2119451.74,5940,10,10,10,0,0,0,0,0,0,1769471,3158015,3383295,1848117.76,200
1790724387,0,6140,0,200.36,199.91,1284095,1985535,2623487,3225599,4435967,514560,51412991,2069290.26,2089103.93,6140,10,10,10,0,0,0,0,0,0,1873919,3250175,3418111,1943472.64,200
1790724388,0,6340,0,200.35,200.04,1283071,1984511,2615295,3225599,4399103,492800,51412991,2064109.30,2060540.08,6340,10,10,10,0,0,0,0,0,0,1942527,3088383,3315711,1905054.08,200
1790724389,0,6540,0,200.34,199.94,1284095,1983487,2615295,3223551,4276223,492800,51412991,2061586.91,2033430.39,6540,10,10,10,0,0,0,0,0,0,1865727,3168255,3454975,1981626.88,200
1790724390,0,6740,0,200.33,200.13,1283071,1980415,2615295,3225599,4268031,492800,51412991,2058210.64,2008516.31,6740,10,10,10,0,0,0,0,0,0,1878015,3305471,3602431,1947806.72,200
1790724391,0,6940,0,200.32,200.03,1284095,1981439,2619391,3227647,4308991,492800,51412991,2058632.71,1985767.33,6940,10,10,10,0,0,0,0,0,0,2047999,3448831,5402623,2072856.32,200
1790724392,0,7140,0,200.31,199.87,1283071,1976319,2613247,3223551,4284415,492800,51412991,2054079.96,1961602.38,7140,10,10,10,0,0,0,0,0,0,1840127,3076095,3221503,1896099.84,200
1790724393,0,7340,0,200.30,200.04,1283071,1976319,2615295,3223551,4268031,492800,51412991,2051904.73,1939073.68,7340,10,10,10,0,0,0,0,0,0,1955839,3221503,3422207,1974248.96,200
1790724394,0,7540,0,200.29,200.04,1282047,1973247,2613247,3221503,4202495,492800,51412991,2047388.55,1917435.93,7540,10,10,10,0,0,0,0,0,0,1807359,3172351,3366911,1881644.80,200
1790724395,0,7740,0,200.29,199.98,1281023,1973247,2613247,3225599,4186111,492800,51412991,2046019.31,1896999.06,7740,10,10,10,0,0,0,0,0,0,1904639,3260415,3430399,1994398.72,200
1790724396,0,7940,0,200.28,199.98,1281023,1974271,2617343,3225599,4175871,492800,51412991,2045326.80,1877335.74,7940,10,10,10,0,0,0,0,0,0,1987583,3266559,3866623,2018526.72,200
1790724397,0,8140,0,200.27,200.05,1284095,1976319,2619391,3225599,4149247,492800,51412991,2045319.99,1857655.84,8140,10,10,10,0,0,0,0,0,0,2054143,3164159,3295231,2045049.60,200
1790724398,0,8340,0,200.26,199.93,1283071,1974271,2619391,3223551,4128767,492800,51412991,2043944.67,1839291.20,8340,10,10,10,0,0,0,0,0,0,1942527,3184639,3405823,1987969.28,200
1790724399,0,8540,0,200.26,199.96,1286143,1974271,2619391,3221503,4122623,492800,51412991,2042212.24,1821427.06,8540,10,10,10,0,0,0,0,0,0,1981439,3184639,3362815,1969969.92,200
1790724400,0,8740,0,200.25,200.11,1284095,1973247,2617343,3223551,4112383,492800,51412991,2039206.37,1804648.10,8740,10,10,10,0,0,0,0,0,0,1809407,3225599,3528703,1910855.68,200
1790724401,0,8940,0,200.25,200.00,1283071,1970175,2613247,3221503,4089855,492800,51412991,2036222.54,1787831.11,8940,10,10,10,0,0,0,0,0,0,1845247,3135487,3235839,1905829.12,200
1790724402,0,9140,0,200.24,199.88,1284095,1973247,2619391,3221503,4079615,492800,51412991,2036124.82,1772052.46,9140,10,10,10,0,0,0,0,0,0,2099199,3190783,3420159,2031756.80,200
1790724403,0,9340,0,200.24,200.04,1285119,1973247,2619391,3221503,4040703,492800,51412991,2034192.75,1756629.74,9340,10,10,10,0,0,0,0,0,0,1907711,3166207,3311615,1945896.96,200
1790724404,0,9540,0,200.23,200.02,1284095,1973247,2619391,3221503,4016127,492800,51412991,2032705.99,1741860.40,9540,10,10,10,0,0,0,0,0,0,1967103,3160063,3366911,1963274.24,200
1790724405,0,9740,0,200.23,200.11,1285119,1973247,2617343,3219455,3960831,492800,51412991,2031586.09,1727128.82,9740,10,10,10,0,0,0,0,0,0,2041855,3172351,3309567,1978167.04,200
1790724406,0,9940,0,200.22,199.90,1285119,1972223,2615295,3217407,3923967,492800,51412991,2029384.76,1713004.61,9940,10,10,10,0,0,0,0,0,0,1894399,3094527,3237887,1922179.84,200
1790724407,0,10140,0,200.22,199.99,1287167,1973247,2619391,3217407,3901439,492800,51412991,2029787.54,1699572.96,10140,10,10,10,0,0,0,0,0,0,2071551,3217407,3393535,2049806.08,200
1790724408,0,10340,0,200.21,200.09,1286143,1973247,2619391,3215359,3876863,492800,51412991,2028160.07,1686524.78,10340,10,10,10,0,0,0,0,0,0,1948671,3131391,3334143,1945647.36,200
1790724409,0,10540,0,200.21,199.96,1284095,1969151,2619391,3213311,3866623,492800,51412991,2025381.87,1674026.30,10540,10,10,10,0,0,0,0,0,0,1867775,3155967,3303423,1881748.48,200
1790724410,0,10740,0,200.20,199.92,1286143,1971199,2619391,3211263,3866623,492800,51412991,2024682.05,1662083.10,10740,10,10,10,0,0,0,0,0,0,2023423,3162111,3975167,1987801.60,200
1790724411,0,10940,0,200.20,199.99,1287167,1969151,2617343,3215359,3866623,492800,51412991,2023920.51,1650198.81,10940,10,10,10,0,0,0,0,0,0,1869823,3266559,3557375,1983025.92,200
1790724412,0,11140,0,200.20,200.01,1288191,1972223,2619391,3217407,3889151,492800,51412991,2025074.19,1639531.91,11140,10,10,10,0,0,0,0,0,0,2125823,3315711,4116479,2088180.48,200
1790724413,0,11340,0,200.19,200.06,1286143,1969151,2617343,3215359,3866623,492800,51412991,2022082.84,1628115.43,11340,10,10,10,0,0,0,0,0,0,1785855,3071999,3291135,1855464.96,200
1790724414,0,11540,0,200.19,199.98,1288191,1969151,2617343,3211263,3860479,492800,51412991,2020660.20,1617038.87,11540,10,10,10,0,0,0,0,0,0,1934335,3067903,3190783,1939996.16,200
1790724415,0,11740,0,200.19,200.08,1287167,1970175,2617343,3209215,3839999,492800,51412991,2019358.99,1606435.77,11740,10,10,10,0,0,0,0,0,0,2033663,3133439,3231743,1944279.04,200
1790724416,0,11940,0,200.19,199.99,1288191,1972223,2615295,3207167,3827711,492800,51412991,2018914.05,1595908.10,11940,10,10,10,0,0,0,0,0,0,2070527,3102719,3366911,1992796.16,200
1790724417,0,12160,0,200.51,219.91,1289215,1973247,2619391,3215359,3979263,467968,51412991,2024291.93,1595691.76,12160,10,10,10,0,0,0,0,0,0,2099199,5181439,9240575,2316164.07,220
1790724418,0,12360,0,200.50,200.09,1289215,1973247,2615295,3211263,3960831,467968,51412991,2022896.75,1585539.92,12360,10,10,10,0,0,0,0,0,0,1949695,3096575,3252223,1938069.76,200
1790724419,0,12560,0,200.50,200.00,1290239,1973247,2617343,3213311,3923967,467968,51412991,2022487.43,1575928.42,12560,10,10,10,0,0,0,0,0,0,1917951,3282943,3602431,1997191.68,200
1790724420,0,12760,0,200.49,199.98,1291263,1973247,2619391,3211263,3942399,467968,51412991,2022183.97,1566418.66,12760,10,10,10,0,0,0,0,0,0,2002943,3096575,3956735,2003127.04,200
1790724421,0,12960,0,200.48,199.98,1292287,1974271,2619391,3213311,3911679,467968,51412991,2022242.22,1557461.08,12960,10,10,10,0,0,0,0,0,0,2037759,3295231,3698687,2025958.40,200
1790724422,0,13160,0,200.47,200.07,1292287,1974271,2617343,3213311,3889151,467968,51412991,2021201.50,1548293.32,13160,10,10,10,0,0,0,0,0,0,1977343,3174399,3352575,1953762.56,200
1790724423,0,13360,0,200.47,199.96,1292287,1974271,2617343,3211263,3866623,467968,51412991,2020323.32,1539439.29,13360,10,10,10,0,0,0,0,0,0,1958911,3201023,3377151,1962539.52,200
1790724424,0,13560,0,200.46,199.92,1291263,1973247,2615295,3211263,3860479,467968,51412991,2018904.97,1530896.14,13560,10,10,10,0,0,0,0,0,0,1933311,3063807,3246079,1924158.72,200
1790724425,0,13760,0,200.45,200.02,1291263,1974271,2617343,3211263,3858431,467968,51412991,2018660.53,1522793.24,13760,10,10,10,0,0,0,0,0,0,2018303,3227647,3616767,2002087.68,200
1790724426,0,13960,0,200.45,200.08,1291263,1974271,2617343,3211263,3835903,467968,51412991,2017812.47,1514714.19,13960,10,10,10,0,0,0,0,0,0,2018303,3184639,3303423,1959466.24,200
1790724427,0,14160,0,200.44,199.89,1295359,1974271,2617343,3211263,3829759,467968,51412991,2017760.19,1506331.52,14160,10,10,10,0,0,0,0,0,0,1970175,3127295,3444735,2014110.72,200
1790724428,0,14360,0,200.43,200.12,1294335,1975295,2619391,3207167,3823615,467968,51412991,2017088.90,1498705.07,14360,10,10,10,0,0,0,0,0,0,2013183,3131391,3252223,1969561.60,200
1790724429,0,14560,0,200.43,199.97,1292287,1974271,2617343,3207167,3792895,467968,51412991,2015464.54,1491270.02,14560,10,10,10,0,0,0,0,0,0,1889279,3184639,3332095,1898835.20,200
1790724430,0,14760,0,200.42,200.05,1293311,1974271,2619391,3207167,3807231,467968,51412991,2016030.31,1484467.93,14760,10,10,10,0,0,0,0,0,0,2022399,3227647,4251647,2057218.56,200
1790724431,0,14960,0,200.42,199.87,1292287,1974271,2617343,3209215,3792895,467968,51412991,2015152.21,1477435.59,14960,10,10,10,0,0,0,0,0,0,1941503,3213311,3612671,1950348.80,200
1790724432,0,15160,0,200.41,199.99,1292287,1973247,2615295,3207167,3772415,467968,51412991,2013837.43,1470258.61,15160,10,10,10,0,0,0,0,0,0,1879039,3137535,3366911,1915491.84,200
1790724433,0,15360,0,200.41,200.10,1291263,1972223,2613247,3205119,3766271,467968,51412991,2012095.79,1463135.21,15360,10,10,10,0,0,0,0,0,0,1870847,3051519,3219455,1880079.36,200
1790724434,0,15560,0,200.40,199.92,1292287,1972223,2613247,3203071,3747839,467968,51412991,2011554.08,1456036.79,15560,10,10,10,0,0,0,0,0,0,1961983,3127295,3256319,1969950.72,200
1790724435,0,15760,0,200.40,200.12,1293311,1972223,2613247,3205119,3747839,467968,51412991,2011643.85,1449509.93,15760,10,10,10,0,0,0,0,0,0,1979391,3282943,3747839,2018627.84,200
1790724436,0,15960,0,200.39,199.80,1292287,1969151,2613247,3205119,3747839,467968,51412991,2009991.08,1443065.31,15960,10,10,10,0,0,0,0,0,0,1833983,3135487,3518463,1879752.96,200
1790724437,0,16160,0,200.39,200.19,1292287,1972223,2613247,3207167,3823615,467968,51412991,2013735.17,1445191.94,16160,10,10,10,0,0,0,0,0,0,2152447,3694591,9158655,2312513.28,200
1790724438,0,16360,0,200.38,199.97,1292287,1973247,2613247,3207167,3792895,467968,51412991,2013434.62,1438851.80,16360,10,10,10,0,0,0,0,0,0,2067455,3182591,3362815,1989150.72,200
1790724439,0,16560,0,200.38,199.91,1291263,1972223,2613247,3209215,3829759,467968,51412991,2013956.82,1436226.67,16560,10,10,10,0,0,0,0,0,0,1934335,3395583,7487487,2056672.00,200
1790724440,0,16760,0,200.37,200.04,1292287,1972223,2613247,3207167,3823615,467968,51412991,2012707.37,1429904.36,16760,10,10,10,0,0,0,0,0,0,1887231,3121151,3276799,1909253.12,200
1790724441,0,16960,0,200.37,200.07,1290239,1972223,2613247,3207167,3792895,467968,51412991,2012126.82,1423960.82,16960,10,10,10,0,0,0,0,0,0,2006015,3108863,3371007,1963476.48,200
1790724442,0,17160,0,200.36,200.02,1291263,1972223,2613247,3209215,3858431,467968,51412991,2012955.47,1420357.27,17160,10,10,10,0,0,0,0,0,0,1940479,3461119,5890047,2083225.60,200
1790724443,0,17360,0,200.36,199.89,1292287,1972223,2615295,3209215,3866623,467968,51412991,2013557.36,1415628.85,17360,10,10,10,0,0,0,0,0,0,1935359,3624959,5001215,2065199.36,200
1790724444,0,17560,0,200.35,200.06,1291263,1970175,2613247,3209215,3876863,467968,51412991,2012413.23,1410185.18,17560,10,10,10,0,0,0,0,0,0,1853439,3164159,3897343,1913102.72,200
1790724445,0,17760,0,200.35,199.99,1290239,1968127,2613247,3207167,3866623,467968,51412991,2010100.82,1404782.94,17760,10,10,10,0,0,0,0,0,0,1697791,3115007,3280895,1807071.36,200
1790724446,0,17960,0,200.35,200.02,1290239,1968127,2613247,3207167,3862527,467968,51412991,2009985.93,1399416.08,17960,10,10,10,0,0,0,0,0,0,2039807,3203071,3258367,1999783.68,200
1790724447,0,18160,0,200.34,199.88,1290239,1968127,2613247,3205119,3858431,467968,51412991,2009565.16,1393916.02,18160,10,10,10,0,0,0,0,0,0,1971199,3051519,3430399,1971779.84,200
1790724448,0,18360,0,200.34,200.16,1290239,1968127,2613247,3209215,3911679,467968,51412991,2011074.76,1392122.46,18360,10,10,10,0,0,0,0,0,0,1933311,4341759,6885375,2148146.56,200
1790724449,0,18560,0,200.34,199.97,1289215,1967103,2613247,3209215,3913727,467968,51412991,2010104.26,1388042.19,18560,10,10,10,0,0,0,0,0,0,1891327,3184639,5677055,1921012.48,200
1790724450,0,18760,0,200.33,199.94,1290239,1968127,2613247,3211263,3934207,467968,51412991,2011401.84,1383997.08,18760,10,10,10,0,0,0,0,0,0,2117631,3387391,4993023,2131816.96,200
1790724451,0,18960,0,200.33,199.94,1290239,1969151,2613247,3211263,3913727,467968,51412991,2010771.06,1378720.10,18960,10,10,10,0,0,0,0,0,0,1987583,3145727,3346431,1951604.48,200
1790724452,0,19160,0,200.32,200.06,1290239,1968127,2613247,3211263,3911679,467968,51412991,2010259.00,1373870.08,19160,10,10,10,0,0,0,0,0,0,1931263,3209215,3655679,1961715.20,200
1790724453,0,19360,0,200.32,200.06,1290239,1966079,2613247,3209215,3901439,467968,51412991,2008953.40,1368920.16,19360,10,10,10,0,0,0,0,0,0,1836031,3151871,3280895,1883877.12,200
1790724454,0,19560,0,200.32,199.91,1290239,1965055,2613247,3209215,3889151,467968,51412991,2008080.19,1363970.01,19560,10,10,10,0,0,0,0,0,0,1958911,3053567,3350527,1923553.28,200
1790724455,0,19760,0,200.31,199.95,1290239,1965055,2611199,3207167,3866623,467968,51412991,2006901.10,1359204.21,19760,10,10,10,0,0,0,0,0,0,1923071,3041279,3229695,1891586.56,200
1790724456,0,19960,0,200.31,200.04,1290239,1967103,2613247,3207167,3866623,467968,51412991,2006881.83,1354939.58,19960,10,10,10,0,0,0,0,0,0,2050047,3213311,3561471,2004977.92,200
1790724457,0,20160,0,200.31,200.09,1290239,1967103,2613247,3207167,3860479,467968,51412991,2007377.14,1350504.46,20160,10,10,10,0,0,0,0,0,0,2060287,3219455,3674111,2056808.96,200
1790724458,0,20360,0,200.31,200.04,1291263,1967103,2613247,3209215,3876863,467968,51412991,2007955.88,1346986.40,20360,10,10,10,0,0,0,0,0,0,1958911,3377151,5091327,2066292.48,200
1790724459,0,20560,0,200.30,199.87,1291263,1967103,2613247,3207167,3866623,467968,51412991,2006784.27,1342525.97,20560,10,10,10,0,0,0,0,0,0,1926143,3031039,3266559,1887514.88,200
1790724460,0,20760,0,200.30,200.09,1290239,1967103,2613247,3207167,3897343,467968,51412991,2006808.47,1338803.06,20760,10,10,10,0,0,0,0,0,0,2079743,3188735,4681727,2009295.36,200
1790724461,0,20960,0,200.30,199.90,1290239,1968127,2613247,3207167,3897343,467968,51412991,2006717.83,1334791.98,20960,10,10,10,0,0,0,0,0,0,1999871,3231743,3868671,1997309.44,200
1790724462,0,21160,0,200.29,200.02,1290239,1968127,2613247,3209215,3876863,467968,51412991,2006576.14,1330826.35,21160,10,10,10,0,0,0,0,0,0,1918975,3254271,3493887,1991727.36,200
1790724463,0,21360,0,200.29,199.94,1290239,1968127,2613247,3207167,3866623,467968,51412991,2006176.26,1326703.52,21360,10,10,10,0,0,0,0,0,0,2000895,3141631,3293183,1963869.44,200
1790724464,0,21560,0,200.29,200.10,1290239,1967103,2613247,3205119,3866623,467968,51412991,2005306.73,1322445.92,21560,10,10,10,0,0,0,0,0,0,1827839,3141631,3248127,1912440.32,200
1790724465,0,21760,0,200.29,200.01,1290239,1968127,2613247,3205119,3860479,467968,51412991,2005540.54,1318535.71,21760,10,10,10,0,0,0,0,0,0,2045951,3176447,3307519,2030745.60,200
1790724466,0,21960,0,200.28,199.90,1290239,1965055,2613247,3205119,3858431,467968,51412991,2004038.68,1314446.59,21960,10,10,10,0,0,0,0,0,0,1797119,3094527,3221503,1840636.16,200
1790724467,0,22160,0,200.28,200.05,1289215,1965055,2613247,3205119,3850239,467968,51412991,2003505.99,1310741.71,22160,10,10,10,0,0,0,0,0,0,1917951,3241983,3366911,1945016.32,200
1790724468,0,22360,0,200.28,200.07,1289215,1966079,2613247,3205119,3839999,467968,51412991,2003386.41,1307088.34,22360,10,10,10,0,0,0,0,0,0,2016255,3203071,3422207,1990137.60,200
1790724469,0,22560,0,200.28,199.92,1289215,1965055,2613247,3205119,3835903,467968,51412991,2002682.16,1303409.46,22560,10,10,10,0,0,0,0,0,0,1884159,3211263,3469311,1923946.24,200
1790724470,0,22760,0,200.27,200.11,1288191,1965055,2613247,3205119,3827711,467968,51412991,2002157.20,1299755.53,22760,10,10,10,0,0,0,0,0,0,1928191,3168255,3299327,1942942.72,200
1790724471,0,22960,0,200.27,199.97,1289215,1965055,2613247,3207167,3839999,467968,51412991,2003164.25,1296679.94,22960,10,10,10,0,0,0,0,0,0,2042879,3471359,4407295,2117766.40,200
1790724472,0,23160,0,200.27,199.89,1288191,1964031,2613247,3207167,3835903,467968,51412991,2002538.94,1293339.56,23160,10,10,10,0,0,0,0,0,0,1903615,3213311,3495935,1930753.28,200
1790724473,0,23360,0,200.27,200.11,1289215,1963007,2613247,3207167,3835903,467968,51412991,2002361.99,1289737.08,23360,10,10,10,0,0,0,0,0,0,1917951,3252223,3604479,1981871.36,200
1790724474,0,23560,0,200.26,199.86,1288191,1963007,2613247,3207167,3827711,467968,51412991,2001385.89,1286185.60,23560,10,10,10,0,0,0,0,0,0,1923071,3180543,3254271,1887376.64,200
1790724475,0,23760,0,200.26,200.14,1289215,1961983,2611199,3207167,3823615,467968,51412991,2000815.50,1282603.76,23760,10,10,10,0,0,0,0,0,0,1883135,3209215,3354623,1933624.32,200
1790724476,0,23960,0,200.26,200.00,1289215,1961983,2613247,3207167,3835903,467968,51412991,2000929.23,1279624.56,23960,10,10,10,0,0,0,0,0,0,1995775,3219455,4476927,2014439.68,200
1790724477,0,24380,0,202.08,420.06,1287167,1954815,2611199,3215359,4102143,402432,51412991,2016232.78,1392715.02,24380,10,10,10,0,0,0,0,0,0,1692671,9256959,26198015,2889264.15,420
1790724478,0,24880,0,204.53,499.90,1283071,1943551,2603007,3211263,4081663,387072,51412991,2007819.25,1382801.31,24880,10,10,10,0,0,0,0,0,0,1552383,2639871,3274751,1597575.42,500
1790724479,0,25380,0,206.94,500.05,1283071,1933311,2590719,3207167,4048895,387072,51412991,2000500.78,1372142.93,25380,10,10,10,0,0,0,0,0,0,1620991,2504703,3176447,1636333.82,500
1790724480,0,25880,0,209.31,499.86,1281023,1925119,2580479,3207167,4081663,352768,51412991,1994457.71,1365100.64,25880,10,10,10,0,0,0,0,0,0,1595391,2586623,6463487,1687711.23,500
1790724481,0,26380,0,211.64,499.87,1277951,1913855,2570239,3205119,4085759,352768,51412991,1987299.44,1356057.66,26380,10,10,10,0,0,0,0,0,0,1585151,2615295,4085759,1616787.20,500
1790724482,0,26880,0,213.94,500.15,1273855,1897471,2559999,3201023,4079615,352768,51412991,1979136.25,1346958.61,26880,10,10,10,0,0,0,0,0,0,1469439,2506751,3076095,1548446.72,500
1790724483,0,27380,0,216.20,500.18,1274879,1891327,2549759,3198975,4055039,339712,51412991,1974276.92,1337408.55,27380,10,10,10,0,0,0,0,0,0,1659903,2676735,3248127,1713039.36,500
1790724484,0,27880,0,218.42,499.79,1269759,1882111,2541567,3194879,4016127,339712,51412991,1966200.99,1329264.30,27880,10,10,10,0,0,0,0,0,0,1467391,2596863,2834431,1523963.14,500
1790724485,0,28380,0,220.61,500.04,1266687,1872895,2533375,3194879,3981311,339712,51412991,1959750.88,1321061.94,28380,10,10,10,0,0,0,0,0,0,1548287,2783231,3414015,1600092.67,500
1790724486,0,28880,0,222.76,499.93,1263615,1863679,2523135,3192831,4003839,339712,51412991,1953733.37,1313436.14,28880,10,10,10,0,0,0,0,0,0,1527807,2658303,4583423,1612179.46,500
1790724487,0,29380,0,224.89,500.15,1262591,1855487,2512895,3188735,3975167,339712,51412991,1948235.87,1305012.26,29380,10,10,10,0,0,0,0,0,0,1613823,2582527,2772991,1630700.03,500
1790724488,0,29880,0,226.97,499.97,1265663,1850367,2500607,3186687,4003839,339712,51412991,1945062.91,1296702.30,29880,10,10,10,0,0,0,0,0,0,1713151,2400255,4886527,1758619.65,500
1790724489,0,30380,0,229.03,499.90,1262591,1839103,2490367,3182591,3979263,339712,51412991,1937562.54,1289019.92,30380,10,10,10,0,0,0,0,0,0,1466367,2375679,2940927,1489340.67,500
1790724490,0,30880,0,231.06,500.16,1262591,1833983,2480127,3180543,3956735,339712,51412991,1932251.27,1280800.50,30880,10,10,10,0,0,0,0,0,0,1589247,2318335,2908159,1609538.30,500
1790724491,0,31380,0,233.06,500.08,1261567,1826815,2471935,3180543,3958783,339712,51412991,1926854.88,1273828.57,31380,10,10,10,0,0,0,0,0,0,1513471,2670591,4028415,1593574.14,500
1790724492,0,31880,0,235.03,499.97,1260543,1821695,2461695,3176447,3938303,339712,51412991,1922386.94,1266239.43,31880,10,10,10,0,0,0,0,0,0,1596415,2531327,2902015,1641979.14,500
1790724493,0,32380,0,236.96,499.86,1261567,1816575,2453503,3172351,3919871,339712,51412991,1918321.48,1258645.98,32380,10,10,10,0,0,0,0,0,0,1665023,2555903,2793471,1659107.58,500
1790724494,0,32880,0,238.88,500.03,1258495,1810431,2445311,3170303,3919871,339712,51412991,1913178.86,1252972.00,32880,10,10,10,0,0,0,0,0,0,1503231,2646015,3497983,1580142.59,500
1790724495,0,33380,0,240.76,499.84,1258495,1806335,2437119,3168255,3901439,339712,51412991,1909294.10,1245707.07,33380,10,10,10,0,0,0,0,0,0,1631231,2648063,3180543,1653832.19,500
1790724496,0,33880,0,242.62,500.15,1257471,1798143,2428927,3164159,3876863,339712,51412991,1903518.48,1238697.16,33880,10,10,10,0,0,0,0,0,0,1503231,2228223,2781183,1517938.43,500
1790724497,0,34380,0,244.45,500.04,1255423,1794047,2418687,3162111,3866623,339712,51412991,1898804.59,1231876.49,34380,10,10,10,0,0,0,0,0,0,1593343,2406399,2717695,1579391.49,500
1790724498,0,34880,0,246.25,500.01,1254399,1787903,2410495,3158015,3858431,339712,51412991,1893846.38,1225334.31,34880,10,10,10,0,0,0,0,0,0,1548287,2496511,3012607,1552919.55,500
1790724499,0,35380,0,248.03,499.76,1252351,1781759,2402303,3155967,3866623,339712,51412991,1889318.81,1219701.26,35380,10,10,10,0,0,0,0,0,0,1486847,2482175,4575231,1573475.33,500
1790724500,0,35880,0,249.78,499.91,1252351,1776639,2396159,3153919,3858431,339712,51412991,1885835.16,1213553.30,35880,10,10,10,0,0,0,0,0,0,1569791,2637823,3293183,1639332.61,500
1790724501,0,36380,0,251.51,500.46,1252351,1772543,2387967,3151871,3856383,339712,51412991,1882098.29,1207168.06,36380,10,10,10,0,0,0,0,0,0,1588223,2416639,3293183,1613939.97,500
1790724502,0,36880,0,253.22,499.87,1250303,1768447,2381823,3145727,3835903,339712,51412991,1877852.27,1201114.76,36880,10,10,10,0,0,0,0,0,0,1597439,2418687,2744319,1568911.87,500
1790724503,0,37380,0,254.90,499.99,1248255,1764351,2373631,3143679,3825663,339712,51412991,1873879.95,1195566.48,37380,10,10,10,0,0,0,0,0,0,1571839,2631679,3094527,1580882.18,500
1790724504,0,37880,0,256.56,500.12,1248255,1760255,2365439,3139583,3792895,339712,51412991,1869974.65,1189398.27,37880,10,10,10,0,0,0,0,0,0,1581055,2267135,2758655,1578013.95,500
1790724505,0,38380,0,258.20,499.90,1248255,1758207,2359295,3137535,3768319,339712,51412991,1866928.90,1183690.93,38380,10,10,10,0,0,0,0,0,0,1590271,2545663,3246079,1636183.04,500
1790724506,0,38880,0,259.82,499.97,1247231,1754111,2353151,3135487,3747839,336384,51412991,1863169.45,1178057.20,38880,10,10,10,0,0,0,0,0,0,1552383,2322431,3096575,1574594.30,500
1790724507,0,39380,0,261.41,499.91,1247231,1753087,2349055,3135487,3827711,336384,51412991,1866561.05,1217264.05,39380,10,10,10,0,0,0,0,0,0,1688575,3000319,22085631,2130291.97,500
1790724508,0,39880,0,262.98,500.07,1247231,1751039,2344959,3131391,3792895,336384,51412991,1863845.70,1211726.33,39880,10,10,10,0,0,0,0,0,0,1611775,2641919,3026943,1649984.26,500
1790724509,0,40380,0,264.54,500.15,1247231,1750015,2338815,3129343,3772415,304384,51412991,1860986.83,1205770.42,40380,10,10,10,0,0,0,0,0,0,1672191,2439167,2777087,1632963.84,500
1790724510,0,40880,0,266.07,499.81,1246207,1746943,2334719,3127295,3747839,304384,51412991,1857061.99,1200756.20,40880,10,10,10,0,0,0,0,0,0,1476607,2564095,2869247,1540091.39,500
1790724511,0,41380,0,267.58,500.11,1244159,1742847,2328575,3125247,3747839,304384,51412991,1854005.71,1195894.87,41380,10,10,10,0,0,0,0,0,0,1559551,2750463,3543039,1604124.16,500
1790724512,0,41880,0,269.07,499.93,1244159,1739775,2322431,3123199,3747839,304384,51412991,1851302.92,1190847.97,41880,10,10,10,0,0,0,0,0,0,1582079,2734079,3577855,1627620.10,500
1790724513,0,42380,0,270.55,500.12,1244159,1737727,2316287,3121151,3733503,304384,51412991,1848612.95,1185861.09,42380,10,10,10,0,0,0,0,0,0,1609727,2582527,3338239,1623301.63,500
1790724514,0,42880,0,272.00,499.98,1243135,1735679,2312191,3119103,3737599,304384,51412991,1846479.21,1182386.65,42880,10,10,10,0,0,0,0,0,0,1564671,2770943,5988351,1665623.04,500
1790724515,0,43380,0,273.44,499.61,1243135,1732607,2308095,3121151,3821567,304384,51412991,1845643.38,1179917.82,43380,10,10,10,0,0,0,0,0,0,1615871,3452927,5631999,1773962.75,500
1790724516,0,43880,0,274.86,500.41,1242111,1729535,2303999,3121151,3866623,304384,51412991,1844350.53,1179310.93,43880,10,10,10,0,0,0,0,0,0,1546239,3891199,6836223,1732182.53,500
1790724517,0,44380,0,276.26,500.03,1241087,1727487,2299903,3119103,3866623,304384,51412991,1841496.21,1174886.27,44380,10,10,10,0,0,0,0,0,0,1537023,2654207,3889151,1591001.09,500
1790724518,0,44880,0,277.65,500.05,1242111,1725439,2293759,3117055,3858431,304384,51412991,1839548.25,1169759.56,44880,10,10,10,0,0,0,0,0,0,1632255,2553855,3065855,1666647.30,500
1790724519,0,45380,0,279.01,499.95,1240063,1723391,2289663,3112959,3852287,304384,51412991,1836457.64,1165188.42,45380,10,10,10,0,0,0,0,0,0,1517567,2453503,2912255,1559044.86,500
1790724520,0,45880,0,280.36,499.91,1240063,1721343,2287615,3110911,3835903,304384,51412991,1834143.47,1160442.67,45880,10,10,10,0,0,0,0,0,0,1588223,2521087,3086335,1624109.31,500
1790724521,0,46380,0,281.70,500.09,1240063,1720319,2283519,3108863,3839999,304384,51412991,1831811.59,1156322.49,46380,10,10,10,0,0,0,0,0,0,1572863,2713599,3903487,1617838.34,500
1790724522,0,46880,0,283.01,499.63,1238015,1717247,2279423,3106815,3829759,304384,51412991,1829154.50,1152289.05,46880,10,10,10,0,0,0,0,0,0,1559551,2637823,3102719,1582682.88,500
1790724523,0,47380,0,284.32,500.14,1239039,1717247,2275327,3104767,3821567,304384,51412991,1827168.69,1147767.61,47380,10,10,10,0,0,0,0,0,0,1635327,2603007,2949119,1640979.46,500
1790724524,0,47880,0,285.60,500.18,1238015,1715199,2271231,3102719,3792895,304384,51412991,1824566.99,1143188.04,47880,10,10,10,0,0,0,0,0,0,1574911,2396159,2799615,1578029.06,500
1790724525,0,48380,0,286.88,500.06,1239039,1715199,2269183,3100671,3772415,304384,51412991,1823537.91,1138858.71,48380,10,10,10,0,0,0,0,0,0,1717247,2770943,3379199,1724994.05,500
1790724526,0,48880,0,288.13,499.89,1238015,1712127,2265087,3098623,3770367,304384,51412991,1821124.93,1135255.94,48880,10,10,10,0,0,0,0,0,0,1521663,2785279,3571711,1587644.67,500
1790724527,0,49380,0,289.37,499.99,1238015,1711103,2260991,3096575,3807231,304384,51412991,1819908.10,1132080.49,49380,10,10,10,0,0,0,0,0,0,1632255,2768895,4743167,1700950.27,500
1790724528,0,49880,0,290.60,500.15,1238015,1710079,2256895,3094527,3807231,304384,51412991,1818396.20,1127799.50,49880,10,10,10,0,0,0,0,0,0,1637375,2504703,3188735,1669081.34,500
1790724529,0,50380,0,291.81,499.57,1238015,1709055,2252799,3092479,3807231,304384,51412991,1816407.60,1124040.13,50380,10,10,10,0,0,0,0,0,0,1603583,2480127,3389439,1618024.45,500
1790724530,0,50880,0,293.01,500.05,1238015,1708031,2252799,3090431,3792895,304384,51412991,1815134.44,1120079.16,50880,10,10,10,0,0,0,0,0,0,1638399,2656255,3006463,1686851.33,500
1790724531,0,51380,0,294.20,500.24,1238015,1707007,2248703,3088383,3792895,304384,51412991,1813645.26,1116594.71,51380,10,10,10,0,0,0,0,0,0,1643519,2621439,3534847,1662106.37,500
1790724532,0,51880,0,295.37,499.85,1238015,1705983,2244607,3086335,3772415,304384,51412991,1811836.39,1112557.98,51880,10,10,10,0,0,0,0,0,0,1592319,2443263,2983935,1625956.86,500
1790724533,0,52380,0,296.53,499.82,1236991,1702911,2240511,3084287,3758079,304384,51412991,1808665.28,1108622.57,52380,10,10,10,0,0,0,0,0,0,1460223,2275327,2705407,1479631.10,500
1790724534,0,52880,0,297.67,500.36,1236991,1700863,2234367,3080191,3747839,304384,51412991,1806341.76,1104707.59,52880,10,10,10,0,0,0,0,0,0,1562623,2312191,2549759,1562929.92,500
1790724535,0,53380,0,298.81,499.81,1235967,1698815,2232319,3076095,3737599,304384,51412991,1804218.73,1101187.21,53380,10,10,10,0,0,0,0,0,0,1544191,2469887,3033087,1579686.40,500
1790724536,0,53880,0,299.92,499.98,1236991,1698815,2230271,3074047,3731455,304384,51412991,1803171.53,1097518.16,53880,10,10,10,0,0,0,0,0,0,1674239,2510847,3033087,1691373.06,500
1790724537,0,54200,0,300.04,319.94,1236991,1698815,2230271,3076095,3747839,304384,51412991,1803591.90,1096158.35,54200,10,10,10,0,0,0,0,0,0,1727487,3430399,4599807,1874370.80,320
1790724538,0,54400,0,299.49,200.01,1236991,1699839,2232319,3076095,3745791,304384,51412991,1804209.77,1095315.85,54400,10,10,10,0,0,0,0,0,0,1988607,3170303,3321855,1971653.12,200
1790724539,0,54600,0,298.94,200.10,1236991,1699839,2234367,3078143,3735551,304384,51412991,1804648.06,1094285.71,54600,10,10,10,0,0,0,0,0,0,1926143,3190783,3362815,1923864.32,200
1790724540,0,54800,0,298.40,200.00,1238015,1700863,2236415,3078143,3731455,304384,51412991,1805042.63,1093205.83,54800,10,10,10,0,0,0,0,0,0,1949695,3037183,3178495,1912760.32,200
1790724541,0,55000,0,297.87,200.02,1238015,1701887,2238463,3078143,3731455,304384,51412991,1805744.43,1092349.10,55000,10,10,10,0,0,0,0,0,0,2012159,3217407,3530751,1998035.20,200
1790724542,0,55200,0,297.34,199.97,1238015,1702911,2238463,3080191,3727359,304384,51412991,1806153.14,1091320.44,55200,10,10,10,0,0,0,0,0,0,1935359,3115007,3194879,1918549.76,200
1790724543,0,55400,0,296.82,199.97,1238015,1702911,2240511,3080191,3727359,304384,51412991,1806716.20,1090320.83,55400,10,10,10,0,0,0,0,0,0,1970175,3104767,3356671,1962119.68,200
1790724544,0,55600,0,296.30,199.95,1238015,1703935,2242559,3080191,3729407,304384,51412991,1807529.85,1089594.05,55600,10,10,10,0,0,0,0,0,0,1980415,3174399,4599807,2032911.36,200
1790724545,0,55800,0,295.79,200.11,1238015,1704959,2242559,3080191,3727359,304384,51412991,1807965.06,1088594.39,55800,10,10,10,0,0,0,0,0,0,1850367,3127295,3395583,1928954.88,200
1790724546,0,56000,0,295.29,199.86,1238015,1705983,2244607,3080191,3719167,304384,51412991,1808440.87,1087536.30,56000,10,10,10,0,0,0,0,0,0,1941503,3100671,3276799,1941191.68,200
1790724547,0,56200,0,294.79,200.18,1239039,1705983,2246655,3084287,3731455,304384,51412991,1809279.57,1086988.65,56200,10,10,10,0,0,0,0,0,0,1980415,3354623,4239359,2044113.92,200
1790724548,0,56400,0,294.29,199.95,1239039,1707007,2246655,3084287,3729407,304384,51412991,1809739.45,1086059.49,56400,10,10,10,0,0,0,0,0,0,1890303,3123199,3268607,1938965.76,200
1790724549,0,56600,0,293.80,199.89,1239039,1707007,2248703,3084287,3729407,304384,51412991,1810392.75,1085235.73,56600,10,10,10,0,0,0,0,0,0,1940479,3213311,3725311,1994624.00,200
1790724550,0,56800,0,293.32,200.06,1239039,1708031,2250751,3084287,3727359,304384,51412991,1810754.64,1084250.15,56800,10,10,10,0,0,0,0,0,0,1931263,3016703,3237887,1913169.92,200
1790724551,0,57000,0,292.84,199.93,1239039,1709055,2252799,3086335,3727359,304384,51412991,1811714.65,1083619.58,57000,10,10,10,0,0,0,0,0,0,2148351,3377151,4077567,2084357.12,200
1790724552,0,57200,0,292.37,200.15,1240063,1709055,2252799,3086335,3725311,304384,51412991,1812392.37,1082772.57,57200,10,10,10,0,0,0,0,0,0,1978367,3141631,3321855,2005543.68,200
1790724553,0,57400,0,291.90,199.87,1240063,1710079,2254847,3088383,3729407,304384,51412991,1813203.36,1082180.79,57400,10,10,10,0,0,0,0,0,0,1998847,3311615,4358143,2045145.60,200
1790724554,0,57600,0,291.43,200.08,1240063,1711103,2256895,3088383,3727359,304384,51412991,1813902.52,1081213.00,57600,10,10,10,0,0,0,0,0,0,2021375,3219455,3377151,2014561.28,200
1790724555,0,57800,0,290.97,200.05,1240063,1711103,2256895,3088383,3723263,304384,51412991,1814284.34,1080336.22,57800,10,10,10,0,0,0,0,0,0,1965055,3088383,3258367,1924248.32,200
1790724556,0,58000,0,290.52,200.04,1241087,1712127,2258943,3088383,3717119,304384,51412991,1814941.52,1079373.27,58000,10,10,10,0,0,0,0,0,0,1979391,3117055,3383295,2004865.28,200
1790724557,0,58200,0,290.07,199.98,1241087,1713151,2260991,3090431,3727359,304384,51412991,1815683.99,1078786.26,58200,10,10,10,0,0,0,0,0,0,1956863,3313663,4313087,2031002.88,200
1790724558,0,58400,0,289.62,199.84,1241087,1713151,2260991,3092479,3727359,304384,51412991,1816360.48,1077948.60,58400,10,10,10,0,0,0,0,0,0,2081791,3217407,3893247,2013218.56,200
1790724559,0,58600,0,289.18,200.03,1241087,1714175,2263039,3092479,3727359,304384,51412991,1816998.43,1077087.04,58600,10,10,10,0,0,0,0,0,0,1975295,3231743,3414015,2003278.08,200
1790724560,0,58800,0,288.74,200.14,1241087,1715199,2265087,3092479,3723263,304384,51412991,1817638.88,1076277.25,58800,10,10,10,0,0,0,0,0,0,2034687,3239935,3338239,2005291.52,200
1790724561,0,59000,0,288.30,199.90,1241087,1715199,2267135,3094527,3717119,304384,51412991,1818105.02,1075425.89,59000,10,10,10,0,0,0,0,0,0,1817599,3180543,3293183,1955151.36,200
1790724562,0,59200,0,287.88,200.11,1241087,1716223,2267135,3094527,3727359,304384,51412991,1818724.80,1074830.56,59200,10,10,10,0,0,0,0,0,0,1904639,3235839,4276223,2001557.76,200
1790724563,0,59400,0,287.45,199.95,1242111,1716223,2269183,3094527,3723263,304384,51412991,1819234.06,1073994.35,59400,10,10,10,0,0,0,0,0,0,1959935,3141631,3360767,1969975.04,200
1790724564,0,59600,0,287.03,199.96,1242111,1717247,2271231,3096575,3717119,304384,51412991,1819839.86,1073205.97,59600,10,10,10,0,0,0,0,0,0,2075647,3153919,3309567,1999763.20,200
1790724565,0,59800,0,286.61,199.96,1242111,1717247,2271231,3096575,3713023,304384,51412991,1820369.78,1072384.46,59800,10,10,10,0,0,0,0,0,0,1950719,3252223,3391487,1978286.08,200
1790724566,0,60000,0,286.20,200.04,1242111,1718271,2273279,3096575,3710975,304384,51412991,1820841.16,1071559.18,60000,10,10,10,0,0,0,0,0,0,1940479,3168255,3291135,1961785.60,200
1790724567,0,60200,0,285.79,200.00,1242111,1718271,2273279,3096575,3708927,304384,51412991,1821302.11,1070694.82,60200,10,10,10,0,0,0,0,0,0,1942527,3155967,3327999,1959585.28,200
1790724568,0,60400,0,285.38,200.04,1242111,1720319,2275327,3098623,3708927,304384,51412991,1821967.94,1069930.30,60400,10,10,10,0,0,0,0,0,0,2047999,3221503,3434495,2022382.08,200
1790724569,0,60600,0,284.98,200.03,1243135,1720319,2277375,3098623,3706879,304384,51412991,1822449.26,1069088.63,60600,10,10,10,0,0,0,0,0,0,1977343,3115007,3260415,1967809.28,200
1790724570,0,60800,0,284.58,199.84,1243135,1721343,2277375,3098623,3700735,304384,51412991,1823110.85,1068336.61,60800,10,10,10,0,0,0,0,0,0,2057215,3190783,3395583,2023571.20,200
1790724571,0,61000,0,284.19,200.14,1243135,1721343,2279423,3100671,3696639,304384,51412991,1823695.61,1067516.44,61000,10,10,10,0,0,0,0,0,0,2028543,3151871,3338239,2001463.04,200
1790724572,0,61200,0,283.80,199.92,1243135,1722367,2281471,3100671,3696639,304384,51412991,1824199.22,1066810.47,61200,10,10,10,0,0,0,0,0,0,1949695,3123199,3481599,1977802.24,200
1790724573,0,61400,0,283.41,200.12,1243135,1722367,2281471,3100671,3692543,304384,51412991,1824605.92,1066042.10,61400,10,10,10,0,0,0,0,0,0,1973247,3135487,3393535,1949053.44,200
1790724574,0,61600,0,283.03,199.86,1243135,1723391,2283519,3100671,3690495,304384,51412991,1825189.68,1065349.56,61600,10,10,10,0,0,0,0,0,0,2025471,3198975,3442687,2004404.48,200
1790724575,0,61800,0,282.65,200.11,1244159,1723391,2285567,3102719,3686399,304384,51412991,1825552.77,1064529.84,61800,10,10,10,0,0,0,0,0,0,1956863,3129343,3284991,1937384.96,200
1790724576,0,62000,0,282.27,199.92,1244159,1724415,2285567,3102719,3686399,304384,51412991,1825907.17,1063798.71,62000,10,10,10,0,0,0,0,0,0,1960959,3262463,3526655,1935417.60,200
1790724577,0,62200,0,281.90,199.96,1244159,1724415,2287615,3102719,3700735,304384,51412991,1827120.71,1064937.31,62200,10,10,10,0,0,0,0,0,0,2020351,3504127,6725631,2203317.76,200
1790724578,0,62400,0,281.53,200.00,1244159,1725439,2287615,3102719,3696639,304384,51412991,1827317.96,1064081.79,62400,10,10,10,0,0,0,0,0,0,1806335,3155967,3327999,1888661.76,200
1790724579,0,62600,0,281.16,199.99,1244159,1725439,2287615,3102719,3692543,304384,51412991,1827341.78,1063211.51,62600,10,10,10,0,0,0,0,0,0,1811455,3129343,3342335,1834773.76,200
1790724580,0,62800,0,280.80,200.16,1244159,1725439,2287615,3104767,3690495,304384,51412991,1827493.22,1062392.94,62800,10,10,10,0,0,0,0,0,0,1859583,3213311,3409919,1874895.36,200
1790724581,0,63000,0,280.44,200.01,1244159,1726463,2289663,3104767,3688447,304384,51412991,1828132.44,1061605.92,63000,10,10,10,0,0,0,0,0,0,1971199,3164159,3338239,2028847.36,200
1790724582,0,63200,0,280.09,199.97,1245183,1726463,2289663,3104767,3688447,304384,51412991,1828568.97,1061007.43,63200,10,10,10,0,0,0,0,0,0,1812479,3284991,3520511,1966074.88,200
1790724583,0,63400,0,279.73,199.88,1245183,1727487,2291711,3104767,3686399,304384,51412991,1828851.47,1060226.44,63400,10,10,10,0,0,0,0,0,0,1892351,3102719,3340287,1918123.52,200
1790724584,0,63600,0,279.38,200.14,1245183,1727487,2293759,3106815,3686399,304384,51412991,1829505.96,1059545.79,63600,10,10,10,0,0,0,0,0,0,2093055,3319807,3739647,2036979.20,200
1790724585,0,63800,0,279.03,199.83,1245183,1728511,2293759,3106815,3706879,304384,51412991,1830129.59,1059213.52,63800,10,10,10,0,0,0,0,0,0,1908735,3870719,4505599,2028442.88,200
1790724586,0,64000,0,278.69,200.13,1245183,1728511,2293759,3106815,3700735,304384,51412991,1830627.34,1058386.72,64000,10,10,10,0,0,0,0,0,0,2002943,3074047,3362815,1989410.56,200
1790724587,0,64200,0,278.35,199.98,1245183,1728511,2295807,3106815,3696639,304384,51412991,1830916.33,1057550.25,64200,10,10,10,0,0,0,0,0,0,1890303,3014655,3256319,1923392.00,200
1790724588,0,64400,0,278.01,200.01,1246207,1729535,2295807,3106815,3698687,304384,51412991,1831484.84,1056824.78,64400,10,10,10,0,0,0,0,0,0,1965055,3184639,3764223,2013977.60,200
1790724589,0,64600,0,277.68,199.91,1246207,1729535,2297855,3106815,3694591,304384,51412991,1831644.91,1056006.61,64600,10,10,10,0,0,0,0,0,0,1828863,3137535,3258367,1883187.20,200
1790724590,0,64800,0,277.34,200.14,1246207,1730559,2297855,3106815,3694591,304384,51412991,1832217.83,1055461.53,64800,10,10,10,0,0,0,0,0,0,1984511,3203071,3579903,2017268.48,200
1790724591,0,65000,0,277.01,199.92,1246207,1730559,2299903,3106815,3690495,304384,51412991,1832440.34,1054721.20,65000,10,10,10,0,0,0,0,0,0,1975295,3094527,3287039,1904535.04,200
1790724592,0,65200,0,276.69,199.92,1246207,1730559,2299903,3106815,3686399,304384,51412991,1832582.35,1053893.58,65200,10,10,10,0,0,0,0,0,0,1858559,3045375,3162111,1878736.64,200
1790724593,0,65400,0,276.36,200.12,1246207,1731583,2299903,3108863,3692543,304384,51412991,1833151.28,1053381.67,65400,10,10,10,0,0,0,0,0,0,1975295,3205119,4575231,2018620.16,200
1790724594,0,65600,0,276.04,199.97,1246207,1731583,2301951,3108863,3698687,304384,51412991,1833641.67,1052924.08,65600,10,10,10,0,0,0,0,0,0,1874943,3248127,5083135,1994000.64,200
1790724595,0,65800,0,275.72,199.95,1246207,1732607,2301951,3108863,3708927,304384,51412991,1834860.87,1055846.88,65800,10,10,10,0,0,0,0,0,0,2032639,3270655,10616831,2234757.12,200
1790724596,0,66000,0,275.41,200.02,1246207,1732607,2303999,3108863,3706879,304384,51412991,1835058.89,1054985.28,66000,10,10,10,0,0,0,0,0,0,1950719,2988031,3147775,1900207.36,200
1790724597,0,66732,0,277.31,732.40,1248255,1737727,2314239,3131391,4276223,304384,51412991,1892004.49,1541847.76,66732,10,10,10,0,0,0,0,0,0,2525183,33177599,39747583,7026444.59,732
1790724598,0,67735,0,280.31,1003.03,1248255,1737727,2314239,3137535,4489215,304384,51412991,1895638.29,1542015.48,67735,10,10,10,0,0,0,0,0,0,1768447,5804031,8232959,2137403.34,1003
1790724599,0,68731,0,283.26,996.05,1253375,1747967,2332671,3176447,5206015,282368,51412991,1918796.40,1566784.24,68731,10,10,10,0,0,0,0,0,0,2930687,7684095,12517375,3493711.04,996
1790724600,0,69730,0,286.20,998.78,1258495,1756159,2349055,3207167,5861375,282368,51412991,1942246.75,1594658.00,69730,10,10,10,0,0,0,0,0,0,2758655,8937471,12632063,3555625.64,999
1790724601,0,70730,0,289.11,1000.08,1264639,1768447,2371583,3258367,6512639,282368,51412991,1973338.66,1635803.25,70730,10,10,10,0,0,0,0,0,0,3436543,9281535,14991359,4141377.66,1000
1790724602,0,71738,0,292.04,1007.87,1270783,1779711,2392063,3325951,7569407,282368,51412991,2018937.31,1761836.73,71738,10,10,10,0,0,0,0,0,0,3295231,17039359,22151167,5218533.33,1008
1790724603,0,72731,0,294.88,992.82,1273855,1785855,2400255,3344383,7569407,282368,51412991,2025927.98,1758174.28,72731,10,10,10,0,0,0,0,0,0,2250751,5226495,7667711,2530959.85,993
1790724604,0,73731,0,297.73,1000.27,1278975,1795071,2416639,3409919,8278015,282368,51412991,2053720.73,1815660.15,73731,10,10,10,0,0,0,0,0,0,2689023,12369919,17874943,4075115.01,1000
1790724605,0,74732,0,300.56,1001.13,1283071,1802239,2426879,3430399,8208383,282368,51412991,2059301.28,1807540.24,74732,10,10,10,0,0,0,0,0,0,2375679,4012031,6082559,2470349.87,1001
1790724606,0,75735,0,303.37,1003.02,1286143,1807359,2435071,3477503,8310783,282368,51412991,2068456.83,1811176.32,75735,10,10,10,0,0,0,0,0,0,2201599,7417855,10190847,2750623.14,1003
1790724607,0,76730,0,306.13,994.73,1290239,1812479,2441215,3500031,8302591,282368,51412991,2072994.21,1806038.69,76730,10,10,10,0,0,0,0,0,0,2242559,4091903,6717439,2418359.45,995
1790724608,0,77732,0,308.90,1002.11,1293311,1817599,2449407,3543039,8302591,282368,51412991,2080180.03,1803234.92,77732,10,10,10,0,0,0,0,0,0,2326527,5570559,7983103,2630447.14,1002
1790724609,0,78738,0,311.66,1006.18,1297407,1822719,2455551,3559423,8298495,282368,51412991,2084643.76,1798231.67,78738,10,10,10,0,0,0,0,0,0,2246655,4894719,7606271,2429548.79,1006
1790724610,0,79733,0,314.35,994.99,1301503,1829887,2467839,3616767,8454143,282368,51412991,2094583.92,1802533.98,79733,10,10,10,0,0,0,0,0,0,2484223,6193151,11870207,2881185.45,995
1790724611,0,80734,0,317.05,1001.02,1304575,1833983,2473983,3645439,8454143,271616,51412991,2099083.90,1798622.79,80734,10,10,10,0,0,0,0,0,0,2191359,5079039,8368127,2457522.38,1001
1790724612,0,81732,0,319.71,997.28,1307647,1838079,2482175,3715071,8601599,271616,51412991,2109593.78,1804306.97,81732,10,10,10,0,0,0,0,0,0,2314239,7729151,9797631,2959798.64,998
1790724613,0,82739,0,322.39,1007.60,1310719,1841151,2484223,3727359,8527871,271616,51412991,2111280.62,1796905.28,82739,10,10,10,0,0,0,0,0,0,2080767,4071423,6258687,2248191.24,1007
1790724614,0,83731,0,324.99,992.09,1313791,1844223,2486271,3723263,8486911,271616,51412991,2112075.25,1788941.76,83731,10,10,10,0,0,0,0,0,0,2064383,3667967,5939199,2178352.77,992
1790724615,0,84730,0,327.59,999.00,1315839,1846271,2486271,3708927,8445951,271616,51412991,2111288.01,1780765.31,84730,10,10,10,0,0,0,0,0,0,2007039,3321855,4751359,2045305.34,999
1790724616,0,85730,0,330.18,999.73,1318911,1851391,2492415,3731455,8380415,271616,51412991,2115506.89,1776451.52,85730,10,10,10,0,0,0,0,0,0,2232319,4784127,7749631,2472972.42,1000
1790724617,0,86730,0,332.75,999.87,1321983,1856511,2498559,3747839,8310783,271616,51412991,2119197.03,1769882.81,86730,10,10,10,0,0,0,0,0,0,2375679,4077567,5906431,2435553.28,1000
1790724618,0,87730,0,335.30,1000.45,1325055,1861631,2504703,3788799,8278015,271616,51412991,2124543.38,1766684.54,87730,10,10,10,0,0,0,0,0,0,2301951,5312511,7507967,2588231.94,1000
1790724619,0,88731,0,337.84,1000.95,1329151,1867775,2516991,3885055,8667135,271616,51412991,2142632.91,1800030.39,88731,10,10,10,0,0,0,0,0,0,2609151,10829823,19087359,3728041.56,1001
1790724620,0,89730,0,340.34,998.96,1333247,1872895,2525183,3950591,8724479,271616,51412991,2151994.63,1803078.80,89730,10,10,10,0,0,0,0,0,0,2416639,6991871,9854975,2983501.39,999
1790724621,0,90730,0,342.84,999.90,1338367,1876991,2533375,4038655,9142271,271616,51412991,2170201.34,1840360.19,90730,10,10,10,0,0,0,0,0,0,2330623,11190271,15835135,3803889.15,1000
1790724622,0,91739,0,345.35,1009.10,1341439,1884159,2545663,4175871,9633791,256640,51412991,2196180.12,1893630.22,91739,10,10,10,0,0,0,0,0,0,2967551,13574143,18268159,4532210.62,1009
1790724623,0,92737,0,347.79,998.09,1343487,1886207,2547711,4231167,9789439,256640,51412991,2204148.97,1904327.88,92737,10,10,10,0,0,0,0,0,0,2051071,9060351,14458879,2936668.86,998
1790724624,0,93739,0,350.24,1001.81,1341439,1883135,2543615,4218879,9756671,256640,51412991,2199400.73,1896759.90,93739,10,10,10,0,0,0,0,0,0,1657855,3219455,4509695,1759942.13,1002
1790724625,0,94730,0,352.62,990.87,1340415,1880063,2539519,4198399,9723903,256640,51412991,2195035.40,1888997.73,94730,10,10,10,0,0,0,0,0,0,1637375,3135487,4804607,1782117.01,991
1790724626,0,95739,0,355.06,1009.24,1339391,1876991,2535423,4177919,9641983,256640,51412991,2190155.28,1881311.86,95739,10,10,10,0,0,0,0,0,0,1646591,2969599,4321279,1731985.13,1009
1790724627,0,96731,0,357.41,991.21,1339391,1876991,2537471,4222975,9854975,256640,51412991,2199330.44,1925040.36,96731,10,10,10,0,0,0,0,0,0,1858559,11026431,32047103,3084834.90,992
1790724628,0,97730,0,359.77,999.82,1340415,1881087,2543615,4263935,9920511,256640,51412991,2206044.97,1928755.64,97730,10,10,10,0,0,0,0,0,0,2387967,6979583,12754943,2856198.66,999
1790724629,0,98740,0,362.16,1009.19,1344511,1886207,2553855,4374527,10215423,256640,51412991,2223045.11,1953427.11,98740,10,10,10,0,0,0,0,0,0,2762751,11722751,15261695,3868019.20,1010
1790724630,0,99740,0,364.49,999.82,1345535,1887231,2555903,4382719,10166271,256640,51412991,2223094.03,1947220.73,99740,10,10,10,0,0,0,0,0,0,2014207,4743167,6496255,2227923.97,1000
1790724631,0,100739,0,366.80,999.45,1347583,1891327,2559999,4444159,10330111,256640,51412991,2234012.78,1962345.72,100739,10,10,10,0,0,0,0,0,0,2267135,10076159,14024703,3324138.73,999
1790724632,0,101733,0,369.07,994.30,1348607,1892351,2559999,4435967,10264575,256640,51412991,2232571.04,1954916.50,101733,10,10,10,0,0,0,0,0,0,1914879,3856383,5226495,2086455.63,994
1790724633,0,102730,0,371.34,996.57,1351679,1895423,2568191,4554751,10551295,256640,51412991,2248752.71,1980891.71,102730,10,10,10,0,0,0,0,0,0,2392063,11395071,15482879,3899916.20,997
1790724634,0,103732,0,373.61,1002.61,1352703,1896447,2568191,4571135,10551295,256640,51412991,2250321.15,1978966.98,103732,10,10,10,0,0,0,0,0,0,2044927,5902335,10625023,2411124.76,1002
1790724635,0,104737,0,375.88,1005.09,1353727,1899519,2570239,4599807,10543103,256640,51412991,2253423.07,1977777.67,104737,10,10,10,0,0,0,0,0,0,2154495,6934527,9814015,2573591.05,1005
1790724636,0,105732,0,378.09,994.99,1354751,1900543,2572287,4579327,10502143,256640,51412991,2251635.09,1970513.77,105732,10,10,10,0,0,0,0,0,0,2007039,3520511,4648959,2063425.87,995
1790724637,0,106732,0,380.31,999.95,1355775,1902591,2572287,4571135,10469375,256640,51412991,2251561.75,1964137.01,106732,10,10,10,0,0,0,0,0,0,2091007,4085759,5955583,2243808.13,1000
1790724638,0,107732,0,382.51,999.90,1355775,1900543,2570239,4554751,10436607,256640,51412991,2248818.30,1957091.34,107732,10,10,10,0,0,0,0,0,0,1778687,3561471,5312511,1956003.58,1000
1790724639,0,108737,0,384.71,1005.19,1356799,1900543,2570239,4554751,10379263,256640,51412991,2247948.78,1951965.85,108737,10,10,10,0,0,0,0,0,0,1890303,4263935,8093695,2154740.41,1005
1790724640,0,109738,0,386.89,1000.92,1358847,1901567,2570239,4538367,10346495,256640,51412991,2246311.84,1944589.14,109738,10,10,10,0,0,0,0,0,0,2007039,3387391,4198399,2068493.68,1001
1790724641,0,110730,0,389.01,991.19,1356799,1900543,2568191,4513791,10330111,256640,51412991,2243181.32,1938385.51,110730,10,10,10,0,0,0,0,0,0,1793023,3700735,5042175,1896873.68,992
1790724642,0,111734,0,391.16,1004.32,1356799,1903615,2572287,4554751,10280959,253440,51412991,2246416.02,1937519.25,111734,10,10,10,0,0,0,0,0,0,2211839,6742015,8396799,2603167.55,1004
1790724643,0,112732,0,393.28,998.56,1357823,1903615,2570239,4542463,10256383,253440,51412991,2244492.10,1931156.26,112732,10,10,10,0,0,0,0,0,0,1918975,3483647,5558271,2029093.58,998
1790724644,0,113736,0,395.41,1003.92,1358847,1904639,2570239,4550655,10256383,253440,51412991,2245538.25,1929545.00,113736,10,10,10,0,0,0,0,0,0,1987583,5640191,10338303,2363002.90,1004
1790724645,0,114734,0,397.49,997.88,1357823,1903615,2570239,4542463,10223615,253440,51412991,2242816.72,1923467.50,114734,10,10,10,0,0,0,0,0,0,1789951,3792895,5488639,1932660.65,998
1790724646,0,115739,0,399.59,1005.03,1356799,1901567,2568191,4534271,10182655,247680,51412991,2239984.78,1918203.93,115739,10,10,10,0,0,0,0,0,0,1747967,4292607,5533695,1916681.55,1005
1790724647,0,116732,0,401.63,993.06,1356799,1901567,2568191,4517887,10149887,247680,51412991,2237728.73,1912463.87,116732,10,10,10,0,0,0,0,0,0,1891327,3463167,5599231,1974774.53,993
1790724648,0,117733,0,403.69,1001.12,1356799,1901567,2566143,4517887,10125311,247680,51412991,2236607.60,1907549.76,117733,10,10,10,0,0,0,0,0,0,1882111,4435967,6811647,2105867.32,1001
1790724649,0,118730,0,405.71,996.92,1357823,1902591,2568191,4513791,10100735,247680,51412991,2236303.61,1902838.34,118730,10,10,10,0,0,0,0,0,0,1981439,4329471,7331839,2200406.40,997
1790724650,0,119736,0,407.76,1006.08,1355775,1900543,2564095,4513791,10076159,247680,51412991,2233624.81,1898212.60,119736,10,10,10,0,0,0,0,0,0,1660927,3962879,6930431,1917466.85,1006
1790724651,0,120731,0,409.75,994.98,1355775,1898495,2562047,4505599,10067967,247680,51412991,2231051.57,1893291.43,120731,10,10,10,0,0,0,0,0,0,1761279,3426303,7348223,1921394.75,995
1790724652,0,121735,0,411.76,1004.03,1357823,1900543,2564095,4501503,10043391,247680,51412991,2232114.31,1888843.69,121735,10,10,10,0,0,0,0,0,0,2158591,4104191,7557119,2359907.95,1004
1790724653,0,122736,0,413.75,1000.99,1359871,1904639,2568191,4509695,10010623,247680,51412991,2234528.65,1884763.30,122736,10,10,10,0,0,0,0,0,0,2252799,5201919,6930431,2528145.26,1001
1790724654,0,123740,0,415.73,1003.09,1361919,1905663,2568191,4505599,9977855,247680,51412991,2234227.45,1879265.18,123740,10,10,10,0,0,0,0,0,0,2002943,4036607,6561791,2197406.98,1004
1790724655,0,124738,0,417.68,998.76,1362943,1904639,2566143,4497407,9945087,247680,51412991,2232682.17,1874063.26,124738,10,10,10,0,0,0,0,0,0,1854463,3614719,6799359,2041085.69,998
1790724656,0,125736,0,419.62,998.07,1362943,1904639,2564095,4501503,9912319,247680,51412991,2231445.65,1869114.01,125736,10,10,10,0,0,0,0,0,0,1840127,4612095,6262783,2076895.04,998
1790724657,0,126240,0,419.90,503.79,1362943,1903615,2562047,4497407,9912319,247680,51412991,2229984.97,1866875.65,126240,10,10,10,0,0,0,0,0,0,1679359,3194879,6004735,1865581.97,504
1790724658,0,126440,0,419.17,199.94,1361919,1902591,2562047,4489215,9904127,247680,51412991,2229101.23,1865739.09,126440,10,10,10,0,0,0,0,0,0,1670143,2873343,3162111,1671278.72,200
1790724659,0,126640,0,418.44,200.12,1361919,1902591,2562047,4485119,9904127,247680,51412991,2228636.55,1864559.59,126640,10,10,10,0,0,0,0,0,0,1898495,3174399,3332095,1934871.04,200
1790724660,0,126840,0,417.73,199.95,1361919,1902591,2562047,4481023,9887743,247680,51412991,2228278.92,1863336.51,126840,10,10,10,0,0,0,0,0,0,2011135,3213311,3377151,2001825.28,200
1790724661,0,127040,0,417.01,200.07,1361919,1902591,2562047,4476927,9879551,247680,51412991,2227885.57,1862190.37,127040,10,10,10,0,0,0,0,0,0,1940479,3231743,3829759,1978425.60,200
1790724662,0,127240,0,416.30,199.85,1361919,1903615,2562047,4472831,9871359,247680,51412991,2227502.51,1861009.29,127240,10,10,10,0,0,0,0,0,0,2008063,3198975,3446783,1984180.48,200
1790724663,0,127440,0,415.59,200.08,1361919,1903615,2562047,4468735,9863167,247680,51412991,2227105.16,1859848.69,127440,10,10,10,0,0,0,0,0,0,1927167,3203071,3426303,1974310.40,200
1790724664,0,127640,0,414.89,199.93,1361919,1903615,2562047,4464639,9854975,247680,51412991,2226738.91,1858637.49,127640,10,10,10,0,0,0,0,0,0,2029567,3092479,3260415,1993361.92,200
1790724665,0,127840,0,414.20,199.99,1361919,1903615,2564095,4460543,9846783,247680,51412991,2226510.54,1857527.84,127840,10,10,10,0,0,0,0,0,0,2085887,3213311,5033983,2080769.28,200
1790724666,0,128040,0,413.51,199.97,1361919,1903615,2564095,4456447,9822207,247680,51412991,2226171.16,1856390.93,128040,10,10,10,0,0,0,0,0,0,2001919,3248127,3883007,2009236.48,200
1790724667,0,128240,0,412.82,200.02,1361919,1903615,2564095,4452351,9822207,247680,51412991,2225814.20,1855244.66,128240,10,10,10,0,0,0,0,0,0,1934335,3274751,3629055,1997290.24,200
1790724668,0,128440,0,412.14,200.06,1361919,1903615,2564095,4448255,9822207,247680,51412991,2225527.01,1854091.79,128440,10,10,10,0,0,0,0,0,0,1992703,3227647,3489791,2041383.68,200
1790724669,0,128640,0,411.46,200.02,1360895,1903615,2564095,4444159,9822207,247680,51412991,2225107.06,1852921.90,128640,10,10,10,0,0,0,0,0,0,1992703,3088383,3336191,1955412.48,200
1790724670,0,128840,0,410.78,199.95,1360895,1904639,2564095,4440063,9814015,247680,51412991,2224666.61,1851739.02,128840,10,10,10,0,0,0,0,0,0,1969151,3076095,3373055,1941370.88,200
1790724671,0,129040,0,410.11,200.05,1360895,1904639,2564095,4440063,9805823,247680,51412991,2224194.31,1850550.44,129040,10,10,10,0,0,0,0,0,0,1928191,2969599,3178495,1919937.28,200
1790724672,0,129240,0,409.45,199.95,1360895,1903615,2564095,4440063,9797631,247680,51412991,2223761.34,1849546.30,129240,10,10,10,0,0,0,0,0,0,1848319,3295231,4968447,1944410.24,200
1790724673,0,129440,0,408.79,200.03,1360895,1903615,2564095,4435967,9797631,247680,51412991,2223179.58,1848412.55,129440,10,10,10,0,0,0,0,0,0,1803263,3026943,3573759,1847246.08,200
1790724674,0,129640,0,408.13,200.01,1360895,1903615,2564095,4431871,9789439,247680,51412991,2222730.84,1847272.06,129640,10,10,10,0,0,0,0,0,0,1928191,3112959,3350527,1932302.08,200
1790724675,0,129840,0,407.48,200.11,1359871,1903615,2564095,4427775,9781247,247680,51412991,2222116.16,1846141.71,129840,10,10,10,0,0,0,0,0,0,1752063,3096575,3383295,1823684.48,200
1790724676,0,130040,0,406.83,199.99,1359871,1903615,2564095,4427775,9781247,247680,51412991,2221444.43,1845052.37,130040,10,10,10,0,0,0,0,0,0,1729535,3076095,3336191,1785358.08,200
1790724677,0,130240,0,406.18,200.01,1359871,1903615,2564095,4419583,9773055,247680,51412991,2221036.09,1843917.57,130240,10,10,10,0,0,0,0,0,0,1961983,3143679,3319807,1955531.52,200
1790724678,0,130440,0,405.54,199.85,1359871,1903615,2564095,4415487,9764863,247680,51412991,2220539.62,1842787.47,130440,10,10,10,0,0,0,0,0,0,1883135,3112959,3354623,1897240.32,200
1790724679,0,130640,0,404.90,200.15,1358847,1902591,2562047,4415487,9764863,247680,51412991,2219872.81,1841676.43,130640,10,10,10,0,0,0,0,0,0,1732607,3018751,3307519,1784979.84,200
1790724680,0,130840,0,404.27,199.88,1358847,1902591,2564095,4415487,9756671,247680,51412991,2219857.28,1840846.14,130840,10,10,10,0,0,0,0,0,0,2053119,4788223,6189055,2209710.72,200
1790724681,0,131040,0,403.64,200.05,1358847,1902591,2564095,4411391,9748479,247680,51412991,2219405.23,1839730.07,131040,10,10,10,0,0,0,0,0,0,1841151,3211263,3358719,1923676.16,200
1790724682,0,131240,0,403.02,200.03,1358847,1902591,2564095,4407295,9740287,247680,51412991,2218968.40,1838598.91,131240,10,10,10,0,0,0,0,0,0,1868799,3213311,3489791,1932755.84,200
1790724683,0,131440,0,402.39,200.05,1358847,1903615,2564095,4407295,9732095,247680,51412991,2218709.73,1837513.03,131440,10,10,10,0,0,0,0,0,0,2117631,3321855,4124671,2048970.24,200
1790724684,0,131640,0,401.78,199.91,1358847,1902591,2564095,4403199,9732095,247680,51412991,2218001.79,1836438.25,131640,10,10,10,0,0,0,0,0,0,1751039,2914303,3303423,1752742.40,200
1790724685,0,131840,0,401.16,199.97,1358847,1902591,2562047,4399103,9732095,247680,51412991,2217239.23,1835350.08,131840,10,10,10,0,0,0,0,0,0,1678335,2920447,3635199,1715321.60,200
1790724686,0,132040,0,400.55,199.96,1357823,1902591,2562047,4399103,9723903,247680,51412991,2217048.57,1834734.72,132040,10,10,10,0,0,0,0,0,0,1825791,3885055,8290303,2091365.12,200
1790724687,0,132240,0,399.95,200.03,1357823,1902591,2562047,4395007,9699327,247680,51412991,2216683.57,1833723.69,132240,10,10,10,0,0,0,0,0,0,1862655,3291135,5656575,1975710.72,200
1790724688,0,132440,0,399.34,199.98,1357823,1901567,2562047,4390911,9691135,247680,51412991,2215818.13,1832702.52,132440,10,10,10,0,0,0,0,0,0,1508351,3149823,3389439,1643587.84,200
1790724689,0,132640,0,398.74,200.11,1356799,1901567,2562047,4390911,9682943,247680,51412991,2215113.33,1831625.44,132640,10,10,10,0,0,0,0,0,0,1654783,3086335,3209215,1748400.64,200
1790724690,0,132840,0,398.15,199.94,1356799,1901567,2562047,4382719,9674751,247680,51412991,2214622.07,1830516.53,132840,10,10,10,0,0,0,0,0,0,1879039,3076095,3299327,1888817.92,200
1790724691,0,133040,0,397.56,200.03,1356799,1901567,2562047,4378623,9666559,247680,51412991,2214069.88,1829431.35,133040,10,10,10,0,0,0,0,0,0,1838079,3065855,3282943,1847304.96,200
1790724692,0,133240,0,396.97,199.88,1356799,1901567,2562047,4378623,9666559,247680,51412991,2213780.01,1828365.79,133240,10,10,10,0,0,0,0,0,0,1960959,3319807,4501503,2020953.60,200
1790724693,0,133440,0,396.38,200.09,1356799,1901567,2562047,4374527,9658367,247680,51412991,2213201.49,1827329.67,133440,10,10,10,0,0,0,0,0,0,1747967,3102719,4198399,1827794.56,200
1790724694,0,133640,0,395.80,199.96,1356799,1900543,2559999,4370431,9650175,247680,51412991,2212542.36,1826238.87,133640,10,10,10,0,0,0,0,0,0,1726463,3002367,3248127,1772771.84,200
1790724695,0,133840,0,395.22,200.02,1356799,1900543,2559999,4370431,9641983,247680,51412991,2212229.70,1825295.44,133840,10,10,10,0,0,0,0,0,0,1954815,3239935,6815743,2003307.52,200
1790724696,0,134040,0,394.65,199.98,1355775,1900543,2559999,4366335,9641983,247680,51412991,2211673.19,1824236.56,134040,10,10,10,0,0,0,0,0,0,1804287,3096575,3330047,1839256.32,200
1790724697,0,134240,0,394.08,200.01,1355775,1900543,2559999,4362239,9633791,247680,51412991,2211114.49,1823150.27,134240,10,10,10,0,0,0,0,0,0,1822719,3067903,3244031,1836678.40,200
1790724698,0,134440,0,393.51,199.99,1355775,1900543,2559999,4358143,9633791,247680,51412991,2210790.68,1822456.08,134440,10,10,10,0,0,0,0,0,0,1769471,3311615,7942143,1993443.84,200
1790724699,0,134640,0,392.94,200.07,1355775,1900543,2559999,4358143,9625599,247680,51412991,2210304.48,1821375.87,134640,10,10,10,0,0,0,0,0,0,1786879,3153919,3510271,1883484.16,200
1790724700,0,134840,0,392.38,199.92,1355775,1900543,2559999,4354047,9625599,247680,51412991,2210140.95,1820351.18,134840,10,10,10,0,0,0,0,0,0,2085887,3426303,4784127,2100055.04,200
1790724701,0,135040,0,391.82,200.07,1355775,1900543,2559999,4349951,9617407,247680,51412991,2209847.79,1819274.44,135040,10,10,10,0,0,0,0,0,0,1892351,3307519,3530751,2012197.12,200
1790724702,0,135240,0,391.27,200.06,1355775,1900543,2559999,4345855,9617407,247680,51412991,2209774.80,1818421.54,135240,10,10,10,0,0,0,0,0,0,2041855,3430399,5255167,2160494.08,200
1790724703,0,135440,0,390.72,199.86,1355775,1900543,2559999,4341759,9609215,247680,51412991,2209430.62,1817373.02,135440,10,10,10,0,0,0,0,0,0,1937407,3299327,3528703,1976695.04,200
1790724704,0,135640,0,390.17,200.02,1355775,1900543,2559999,4337663,9609215,247680,51412991,2208891.31,1816300.70,135640,10,10,10,0,0,0,0,0,0,1806335,3035135,3397631,1843669.76,200
1790724705,0,135840,0,389.62,200.12,1355775,1900543,2559999,4333567,9601023,247680,51412991,2208581.02,1815225.99,135840,10,10,10,0,0,0,0,0,0,1971199,3207167,3434495,1998140.16,200
1790724706,0,136040,0,389.08,199.84,1355775,1900543,2559999,4333567,9592831,247680,51412991,2208203.97,1814187.49,136040,10,10,10,0,0,0,0,0,0,1866751,3241983,4235263,1952110.08,200
1790724707,0,136240,0,388.54,200.02,1355775,1901567,2559999,4329471,9584639,247680,51412991,2207963.61,1813086.14,136240,10,10,10,0,0,0,0,0,0,2002943,3325951,3594239,2044473.60,200
1790724708,0,136440,0,388.01,200.05,1355775,1901567,2562047,4321279,9584639,247680,51412991,2207763.18,1812056.73,136440,10,10,10,0,0,0,0,0,0,2109439,3332095,3907583,2071232.00,200
1790724709,0,136640,0,387.47,200.05,1355775,1901567,2562047,4317183,9576447,247680,51412991,2207353.06,1811019.65,136640,10,10,10,0,0,0,0,0,0,1796095,3100671,3739647,1927564.80,200
1790724710,0,136840,0,386.94,199.99,1355775,1901567,2562047,4313087,9568255,247680,51412991,2206951.04,1809984.80,136840,10,10,10,0,0,0,0,0,0,1917951,3215359,3641343,1932294.40,200
1790724711,0,137040,0,386.41,199.94,1355775,1901567,2562047,4308991,9560063,247680,51412991,2206691.67,1808908.42,137040,10,10,10,0,0,0,0,0,0,1988607,3172351,3313663,2029231.36,200
1790724712,0,137240,0,385.89,200.00,1354751,1901567,2562047,4308991,9551871,247680,51412991,2206255.87,1807877.46,137240,10,10,10,0,0,0,0,0,0,1864703,3106815,3268607,1907645.44,200
1790724713,0,137440,0,385.37,200.04,1354751,1901567,2562047,4304895,9551871,247680,51412991,2205825.19,1806856.42,137440,10,10,10,0,0,0,0,0,0,1852415,3317759,3502079,1910292.48,200
1790724714,0,137640,0,384.85,200.08,1354751,1901567,2562047,4300799,9543679,247680,51412991,2205383.88,1805842.14,137640,10,10,10,0,0,0,0,0,0,1953791,3164159,3663871,1902113.28,200
1790724715,0,137840,0,384.34,200.00,1354751,1901567,2562047,4296703,9535487,247680,51412991,2205007.89,1804781.93,137840,10,10,10,0,0,0,0,0,0,1983487,3178495,3399679,1946254.08,200
1790724716,0,138040,0,383.82,199.88,1354751,1901567,2562047,4292607,9535487,247680,51412991,2204746.32,1803766.29,138040,10,10,10,0,0,0,0,0,0,2019327,3338239,4139007,2024469.76,200
1790724717,0,138759,0,384.75,719.09,1356799,1907711,2574335,4530175,11853823,247680,331350015,2994975.92,13095800.44,138759,10,10,10,0,0,0,0,0,0,154402815,301727743,329515007,154710266.66,719
1790724718,0,139774,0,386.50,1015.33,1361919,1914879,2592767,4984831,146407423,247680,828899327,7126466.56,51542761.29,139774,10,10,10,0,0,0,0,0,0,568852479,797442047,818413567,571935835.81,1015
1790724719,0,140783,0,388.21,1008.85,1366015,1922047,2611199,5509119,632815615,247680,1318060031,14797642.46,104600568.54,140783,10,10,10,0,0,0,0,0,0,1069023231,1296039935,1314914303,1077464580.57,1009
1790724720,0,141794,0,389.92,1010.94,1370111,1931263,2629631,6201343,1133510655,247680,1818230783,25890479.22,167768175.03,141794,10,10,10,0,0,0,0,0,0,1578106879,1797259263,1811939327,1570581713.66,1011
1790724721,0,142798,0,391.61,1004.47,1373183,1938431,2650111,7335935,1613758463,247680,2315255807,40290468.55,239514289.21,142798,10,10,10,0,0,0,0,0,0,2073034751,2290089983,2308964351,2073987765.55,1004
1790724722,0,143842,0,393.39,1043.26,1378303,1947647,2672639,9314303,2121269247,247680,2791309311,58586388.13,320742977.62,143842,10,10,10,0,0,0,0,0,0,2562719743,2768240639,2782920703,2561096660.84,1044
1790724723,0,144841,0,395.04,999.08,1382399,1955839,2693119,13500415,2600468479,247680,3292528639,79313115.68,405178843.02,144841,10,10,10,0,0,0,0,0,0,3076521983,3273654271,3290431487,3063671417.47,999
1790724724,0,145879,0,396.79,1038.11,1386495,1964031,2713599,244580351,3116367871,247680,3768582143,103926980.39,497664099.30,145879,10,10,10,0,0,0,0,0,0,3542089727,3747610623,3764387839,3538509618.81,1038
1790724725,0,146901,0,398.49,1021.88,1391615,1972223,2736127,718274559,3573547007,247680,4261412863,131222384.46,593647806.87,146901,10,10,10,0,0,0,0,0,0,4039114751,4234149887,4250927103,4027334175.06,1022
1790724726,0,147948,0,400.24,1047.18,1395711,1981439,2756607,1220542463,4074766335,247680,4739563519,162100362.44,695584157.10,147948,10,10,10,0,0,0,0,0,0,4508876799,4706009087,4731174911,4494484168.01,1047
1790724727,0,148980,0,401.95,1031.82,1399807,1989631,2779135,1682964479,4542431231,247680,5221908479,195510354.03,800400666.62,148980,10,10,10,0,0,0,0,0,0,4995416063,5192548351,5217714175,4985182287.38,1032
1790724728,0,150021,0,403.67,1041.43,1404927,1997823,2803711,2183135231,5024776191,247680,5700059135,232024153.75,909469028.25,150021,10,10,10,0,0,0,0,0,0,5460983807,5670699007,5691670527,5457601369.76,1041
1790724729,0,151009,0,405.24,988.13,1409023,2006015,2824191,2623537151,5460983807,247680,6211764223,269408589.14,1016894534.08,151009,10,10,10,0,0,0,0,0,0,5955911679,6174015487,6199181311,5945977802.11,988
1790724730,0,152054,0,406.95,1044.36,1413119,2014207,2848767,3128950783,5964300287,247680,6689914879,311877414.87,1134784660.94,152054,10,10,10,0,0,0,0,0,0,6455033855,6664749055,6681526271,6448886892.77,1045
1790724731,0,153073,0,408.58,1019.49,1417215,2022399,2871295,3569352703,6459228159,247680,7180648447,355883050.23,1252303144.74,153073,10,10,10,0,0,0,0,0,0,6933184511,7155482623,7168065535,6922352999.76,1019
1790724732,0,154101,0,410.23,1027.18,1421311,2030591,2895871,4041211903,6933184511,247680,7662993407,402984699.37,1374151018.96,154101,10,10,10,0,0,0,0,0,0,7419723775,7642021887,7658799103,7416594368.25,1028
1790724733,0,155177,0,412.00,1076.68,1426431,2039807,2922495,4504682495,7444889599,247680,8128561151,454904903.92,1503793190.73,155177,10,10,10,0,0,0,0,0,0,7893680127,8103395327,8120172543,7890737098.71,1076
1790724734,0,156309,0,413.91,1132.11,1430527,2050047,2951167,5012193279,7931428863,247680,8556380159,511956464.87,1640522844.47,156309,10,10,10,0,0,0,0,0,0,8342470655,8531214335,8543797247,8332707413.03,1132
1790724735,0,157435,0,415.79,1126.27,1435647,2059263,2981887,5494538239,8376025087,247680,9000976383,570967073.64,1776396979.87,157435,10,10,10,0,0,0,0,0,0,8757706751,8975810559,8992587775,8762698197.26,1126
1790724736,0,158506,0,417.51,1070.36,1439743,2068479,3010559,5989466111,8774483967,247680,9462349823,629331546.29,1906600488.82,158506,10,10,10,0,0,0,0,0,0,9193914367,9437183999,9453961215,9208800035.14,1071
1790724737,0,159553,0,419.17,1047.38,1443839,2077695,3041279,6480199679,9185525759,247680,9940500479,688787456.58,2036312517.12,159553,10,10,10,0,0,0,0,0,0,9680453631,9923723263,9932111871,9689855763.32,1047
1790724738,0,160597,0,420.80,1043.43,1447935,2086911,3071999,6937378815,9663676415,247680,10418651135,750456645.58,2168170150.25,160597,10,10,10,0,0,0,0,0,0,10192158719,10393485311,10410262527,10175269013.09,1044
1790724739,0,161613,0,422.36,1016.50,1452031,2096127,3100671,7394557951,10150215679,247680,10913579007,812741732.40,2298857126.65,161613,10,10,10,0,0,0,0,0,0,10661920767,10888413183,10905190399,10658015441.64,1016
1790724740,0,162701,0,424.09,1088.40,1457151,2105343,3133439,7855931391,10645143551,247680,11366563839,881752722.73,2440685843.61,162701,10,10,10,0,0,0,0,0,0,11140071423,11341398015,11358175231,11132739102.12,1088
1790724741,0,163746,0,425.71,1044.88,1461247,2115583,3168255,8258584575,11123294207,247680,11844714495,950156270.99,2578283738.65,163746,10,10,10,0,0,0,0,0,0,11609833471,11819548671,11836325887,11600228716.52,1045
1790724742,0,164827,0,427.41,1080.84,1465343,2125823,3203071,8648654847,11584667647,247680,12306087935,1023062473.61,2721987360.43,164827,10,10,10,0,0,0,0,0,0,12071206911,12280922111,12297699327,12066632365.82,1081
1790724743,0,165935,0,429.17,1108.15,1469439,2134015,3241983,9068085247,12062818303,247680,12750684159,1099836470.27,2869961425.27,165935,10,10,10,0,0,0,0,0,0,12524191743,12725518335,12742295551,12520799960.26,1108
1790724744,0,167042,0,430.92,1106.96,1473535,2144255,3291135,9546235903,12524191743,247680,13195280383,1178540041.92,3018394347.10,167042,10,10,10,0,0,0,0,0,0,12977176575,13178503167,13186891775,12975899719.23,1107
1790724745,0,168129,0,432.60,1087.18,1477631,2154495,3346431,10015997951,12968787967,247680,13656653823,1257746110.73,3164804430.84,168129,10,10,10,0,0,0,0,0,0,13446938623,13631487999,13648265215,13429540172.54,1087
1790724746,0,169236,0,434.33,1106.78,1482751,2162687,3422207,10510925823,13421772799,247680,14101250047,1340231235.92,3314199147.03,169236,10,10,10,0,0,0,0,0,0,13866369023,14067695615,14084472831,13867911103.25,1107
1790724747,0,170310,0,435.97,1073.46,1485823,2172927,3518463,10989076479,13841203199,247680,14562623487,1422067973.39,3459781628.16,170310,10,10,10,0,0,0,0,0,0,14310965247,14537457663,14554234879,14317526170.46,1074
1790724748,0,171401,0,437.64,1091.22,1490943,2183167,3641343,11442061311,14277410815,247680,15015608319,1507103302.10,3608712006.46,171401,10,10,10,0,0,0,0,0,0,14789115903,14990442495,15015608319,14781500032.12,1091
1790724749,0,172469,0,439.25,1068.52,1495039,2193407,3788799,11878268927,14730395647,247680,15476981759,1592220387.55,3755661471.14,172469,10,10,10,0,0,0,0,0,0,15275655167,15451815935,15468593151,15252476532.97,1068
1790724750,0,173539,0,440.85,1069.55,1499135,2203647,3977215,12314476543,15216934911,247680,15946743807,1679323731.23,3903980013.18,173539,10,10,10,0,0,0,0,0,0,15728639999,15921577983,15938355199,15719161656.94,1070
1790724751,0,174610,0,442.45,1071.16,1504255,2211839,4206591,12725518335,15678308351,247680,16408117247,1768191808.97,4053068529.60,174610,10,10,10,0,0,0,0,0,0,16173236223,16374562815,16408117247,16167890542.43,1071
1790724752,0,175678,0,444.03,1067.66,1508351,2222079,4505599,13144948735,16097738751,247680,16869490687,1858567804.96,4202735769.96,175678,10,10,10,0,0,0,0,0,0,16642998271,16844324863,16861102079,16634366174.44,1068
1790724753,0,176781,0,445.69,1102.89,1512447,2232319,4894719,13572767743,16575889407,247680,17330864127,1953761331.56,4358461113.75,176781,10,10,10,0,0,0,0,0,0,17129537535,17314086911,17330864127,17115509623.53,1103
1790724754,0,177892,0,447.36,1111.50,1517567,2242559,5308415,13992198143,17079205887,247680,17783848959,2051146362.93,4515163663.04,177892,10,10,10,0,0,0,0,0,0,17565745151,17733517311,17767071743,17546936850.89,1111
1790724755,0,178948,0,448.89,1055.92,1521663,2252799,5808127,14436794367,17481859071,247680,18253611007,2145299961.69,4664748382.14,178948,10,10,10,0,0,0,0,0,0,18035507199,18220056575,18236833791,18006258284.61,1056
1790724756,0,179987,0,450.37,1039.20,1525759,2263039,6524927,14839447551,17918066687,247680,18723373055,2239587709.98,4813058445.64,179987,10,10,10,0,0,0,0,0,0,18488492031,18706595839,18723373055,18478860069.21,1039
1790724757,0,181074,0,451.96,1086.79,1529855,2275327,7561215,15300820991,18404605951,247680,19193135103,2339923664.76,4969257834.26,181074,10,10,10,0,0,0,0,0,0,18958254079,19159580671,19176357887,18953693208.49,1087
1790724758,0,182130,0,453.46,1055.93,1533951,2285567,9183231,15745417215,18891145215,247680,19662897151,2438842301.94,5121356744.29,182130,10,10,10,0,0,0,0,0,0,19394461695,19629342719,19646119935,19400578389.33,1056
1790724759,0,183221,0,455.04,1091.08,1538047,2295807,12066815,16164847615,19310575615,247680,20115881983,2542732903.81,5279586229.36,183221,10,10,10,0,0,0,0,0,0,19897778175,20099104767,20099104767,19886083333.87,1091
1790724760,0,184277,0,456.53,1056.07,1542143,2306047,70189055,16592666623,19813892095,247680,20585644031,2644696211.39,5433069507.34,184277,10,10,10,0,0,0,0,0,0,20333985791,20552089599,20568866815,20335812856.24,1056
1790724761,0,185402,0,458.18,1124.74,1546239,2318335,458489855,17095983103,20250099711,247680,21021851647,2754767026.12,5596765078.39,185402,10,10,10,0,0,0,0,0,0,20786970623,20988297215,21021851647,20784562161.44,1125
1790724762,0,186515,0,459.80,1113.01,1551359,2328575,878182399,17498636287,20719861759,247680,21458059263,2865072203.33,5758798404.07,186515,10,10,10,0,0,0,0,0,0,21239955455,21441282047,21458059263,21239555998.48,1113
1790724763,0,187608,0,461.36,1093.20,1555455,2340863,1281359871,17934843903,21156069375,247680,21911044095,2974659697.04,5917770015.99,187608,10,10,10,0,0,0,0,0,0,21692940287,21894266879,21911044095,21675219065.79,1093
1790724764,0,188687,0,462.87,1079.17,1559551,2351103,1680867327,18387828735,21558722559,247680,22380806143,3084320004.74,6075419539.00,188687,10,10,10,0,0,0,0,0,0,22162702335,22347251711,22380806143,22151188407.87,1079
1790724765,0,189771,0,464.39,1083.55,1564671,2363391,2086666239,18874367999,22045261823,247680,22833790975,3195720384.68,6233790875.99,189771,10,10,10,0,0,0,0,0,0,22582132735,22817013759,22833790975,22586683014.14,1084
1790724766,0,190832,0,465.85,1060.92,1568767,2373631,2472542207,19277021183,22464692223,247680,23303553023,3306100653.91,6389318586.53,190832,10,10,10,0,0,0,0,0,0,23051894783,23269998591,23303553023,23048771786.68,1061
1790724767,0,191940,0,467.41,1107.76,1572863,2385919,2852126719,19763560447,22934454271,247680,23756537855,3422773427.59,6552276814.55,191940,10,10,10,0,0,0,0,0,0,23521656831,23739760639,23739760639,23517447386.11,1108
1790724768,0,193048,0,468.97,1108.87,1576959,2398207,3269459967,20199768063,23420993535,247680,24192745471,3540599926.51,6714982186.97,193048,10,10,10,0,0,0,0,0,0,23957864447,24159191039,24192745471,23951807691.32,1108
1790724769,0,194140,0,470.48,1091.93,1582079,2410495,3642753023,20635975679,23857201151,247680,24645730303,3657964258.22,6875503560.97,194140,10,10,10,0,0,0,0,0,0,24410849279,24628953087,24645730303,24406086517.22,1092
1790724770,0,195172,0,471.83,1031.52,1586175,2420735,4034920447,21021851647,24243077119,247680,25132269567,3770262600.33,7028162021.73,195172,10,10,10,0,0,0,0,0,0,24914165759,25115492351,25132269567,24895844129.74,1032
1790724771,0,196192,0,473.16,1019.70,1589247,2430975,4366270463,21424504831,24696061951,247680,25618808831,3882641123.56,7180169689.97,196192,10,10,10,0,0,0,0,0,0,25400705023,25602031615,25618808831,25385720667.36,1020
1790724772,0,197256,0,474.58,1064.85,1593343,2443263,4735369215,21843935231,25199378431,247680,26088570879,4001172053.77,7339445810.44,197256,10,10,10,0,0,0,0,0,0,25853689855,26071793663,26088570879,25857206133.41,1064
1790724773,0,198291,0,475.92,1034.34,1597439,2453503,5108662271,22263365631,25685917695,247680,26575110143,4117689054.93,7494920481.41,198291,10,10,10,0,0,0,0,0,0,26323451903,26558332927,26575110143,26324140823.50,1035
1790724774,0,199375,0,477.38,1083.84,1601535,2467839,5477761023,22666018815,26138902527,247680,27028094975,4240997296.85,7658320684.98,199375,10,10,10,0,0,0,0,0,0,26809991167,27011317759,27028094975,26797191576.09,1084
1790724775,0,200434,0,478.77,1059.03,1606655,2480127,5855248383,23102226431,26642219007,247680,27497857023,4362633841.98,7818285481.16,200434,10,10,10,0,0,0,0,0,0,27279753215,27481079807,27497857023,27262809653.67,1059
1790724776,0,201453,0,480.06,1019.56,1609727,2492415,6241124351,23521656831,27061649407,247680,28001173503,4480980587.31,7973168608.17,201453,10,10,10,0,0,0,0,0,0,27766292479,27967619071,27984396287,27759402131.72,1019
1790724777,0,202571,0,481.57,1117.26,1613823,2506751,6631194623,23941087231,27581743103,247680,28437381119,4611926409.73,8143116640.60,202571,10,10,10,0,0,0,0,0,0,28219277311,28420603903,28437381119,28207122083.95,1118
1790724778,0,203682,0,483.07,1111.37,1617919,2519039,7029653503,24377294847,28068282367,247680,28873588735,4743018475.10,8311567066.90,203682,10,10,10,0,0,0,0,0,0,28655484927,28856811519,28873588735,28645314401.47,1111
1790724779,0,204813,0,484.60,1131.66,1622015,2533375,7436500991,24880611327,28504489983,247680,29309796351,4877449844.40,8482647753.03,204813,10,10,10,0,0,0,0,0,0,29091692543,29293019135,29309796351,29087220103.13,1131
1790724780,0,205909,0,486.04,1095.08,1627135,2545663,7801405439,25367150591,28940697599,247680,29762781183,5008684743.34,8648170431.55,205909,10,10,10,0,0,0,0,0,0,29527900159,29746003967,29762781183,29532967001.69,1096
1790724781,0,206981,0,487.42,1072.12,1631231,2559999,8141144063,25820135423,29360127999,247680,30232543231,5138096304.63,8810244385.38,206981,10,10,10,0,0,0,0,0,0,30014439423,30215766015,30215766015,29995377251.34,1072
1790724782,0,208077,0,488.85,1095.97,1635327,2572287,8451522559,26289897471,29813112831,247680,30685528063,5271412524.22,8975975920.96,208077,10,10,10,0,0,0,0,0,0,30450647039,30668750847,30685528063,30448350888.18,1096
1790724783,0,209181,0,490.29,1104.88,1639423,2586623,8757706751,26759659519,30266097663,247680,31121735679,5406639018.56,9142729761.88,209181,10,10,10,0,0,0,0,0,0,30886854655,31104958463,31121735679,30893526030.84,1104
1790724784,0,210284,0,491.73,1101.92,1643519,2600959,9101639679,27212644351,30735859711,247680,31574720511,5542663832.46,9309143032.05,210284,10,10,10,0,0,0,0,0,0,31339839487,31557943295,31574720511,31339405987.86,1103
1790724785,0,211367,0,493.11,1083.56,1648639,2613247,9470738431,27699183615,31155290111,247680,32044482559,5677171786.92,9472548251.92,211367,10,10,10,0,0,0,0,0,0,31792824319,32010928127,32027705343,31794319242.76,1083
1790724786,0,212434,0,494.44,1067.23,1652735,2627583,9839837183,28135391231,31591497727,247680,32497467391,5810660947.70,9633716360.48,212434,10,10,10,0,0,0,0,0,0,32245809151,32480690175,32497467391,32254150588.82,1067
1790724787,0,213518,0,495.81,1084.00,1656831,2641919,10217324543,28538044415,32044482559,247680,32967229439,5947306480.57,9797785473.30,213518,10,10,10,0,0,0,0,0,0,32732348415,32933675007,32950452223,32726049221.43,1084
1790724788,0,214588,0,497.14,1069.30,1660927,2654207,10586423295,28940697599,32514244607,247680,33420214271,6083135631.72,9959900534.76,214588,10,10,10,0,0,0,0,0,0,33202110463,33403437055,33420214271,33187779272.01,1070
1790724789,0,215647,0,498.44,1059.52,1665023,2670591,10963910655,29343350783,32950452223,247680,33906753535,6218426599.62,10120349425.76,215647,10,10,10,0,0,0,0,0,0,33638318079,33873199103,33889976319,33632796965.95,1059
1790724790,0,216748,0,499.83,1101.23,1670143,2684927,11299454975,29762781183,33420214271,247680,34342961151,6360105016.08,10287509188.65,216748,10,10,10,0,0,0,0,0,0,34108080127,34326183935,34342961151,34109901088.32,1101
1790724791,0,217821,0,501.15,1073.12,1674239,2701311,11660165119,30215766015,33889976319,247680,34795945983,6499004661.00,10450303035.98,217821,10,10,10,0,0,0,0,0,0,34561064959,34762391551,34795945983,34556991833.47,1073
1790724792,0,218913,0,502.50,1091.83,1678335,2715647,12020875263,30635196415,34342961151,247680,35265708031,6641246542.73,10616024752.03,218913,10,10,10,0,0,0,0,0,0,35030827007,35265708031,35265708031,35014203429.51,1092
1790724793,0,219965,0,503.76,1051.90,1682431,2729983,12364808191,31021072383,34762391551,247680,35735470079,6779179085.96,10775904222.80,219965,10,10,10,0,0,0,0,0,0,35500589055,35735470079,35735470079,35481866193.28,1052
1790724794,0,221044,0,505.08,1078.28,1686527,2744319,12683575295,31440502783,35232153599,247680,36205232127,6921704122.88,10940496093.08,221044,10,10,10,0,0,0,0,0,0,36003905535,36171677695,36205232127,35976866074.81,1079
1790724795,0,222133,0,506.41,1089.99,1690623,2758655,13027508223,31893487615,35735470079,247680,36674994175,7066267114.89,11106289965.26,222133,10,10,10,0,0,0,0,0,0,36406558719,36641439743,36641439743,36409501280.38,1089
1790724796,0,223219,0,507.73,1085.31,1694719,2775039,13371441151,32329695231,36171677695,247680,37111201791,7211311086.93,11271768472.75,223219,10,10,10,0,0,0,0,0,0,36909875199,37111201791,37111201791,36878947035.70,1086
1790724797,0,224290,0,509.00,1070.79,1698815,2791423,13690208255,32765902847,36607885311,247680,37580963839,7355166502.49,11435003716.51,224290,10,10,10,0,0,0,0,0,0,37346082815,37547409407,37580963839,37337670710.50,1071
1790724798,0,225342,0,510.23,1051.89,1702911,2807807,13992198143,33202110463,37077647359,247680,38050725887,7497333272.85,11595606469.33,225342,10,10,10,0,0,0,0,0,0,37849399295,38017171455,38050725887,37807775214.48,1052
1790724799,0,226771,0,512.31,1430.05,1709055,2828287,14470348799,33772535807,37681627135,247680,38352715775,7690821902.39,11811625072.74,226771,10,10,10,0,0,0,0,0,0,38218498047,38319161343,38319161343,38202448744.80,1429
1790724800,0,228169,0,514.31,1397.29,1714175,2848767,14898167807,34359738367,38218498047,247680,38654705663,7879455094.84,12017969641.12,228169,10,10,10,0,0,0,0,0,0,38486933503,38621151231,38654705663,38477836844.68,1398
1790724801,0,229411,0,515.94,1242.78,1718271,2869247,15309209599,34863054847,38419824639,247680,39023804415,8046824011.38,12198192588.51,229411,10,10,10,0,0,0,0,0,0,38788923391,38990249983,39023804415,38794326682.18,1242
1790724802,0,230544,0,517.33,1133.01,1722367,2887679,15695085567,35299262463,38654705663,247680,39460012031,8199987597.26,12361826320.02,230544,10,10,10,0,0,0,0,0,0,39225131007,39426457599,39460012031,39212707279.65,1133
1790724803,0,231700,0,518.76,1155.56,1726463,2906111,16030629887,35836133375,39023804415,247680,39862665215,8356952428.34,12528607710.12,231700,10,10,10,0,0,0,0,0,0,39694893055,39862665215,39862665215,39660845176.47,1156
1790724804,0,232836,0,520.14,1136.52,1730559,2924543,16416505855,36272340991,39426457599,247680,40298872831,8511697121.94,12691898621.90,232836,10,10,10,0,0,0,0,0,0,40097546239,40265318399,40298872831,40073620984.79,1136
1790724805,0,233980,0,521.53,1143.40,1734655,2942975,16785604607,36708548607,39862665215,247680,40735080447,8668083091.69,12855908017.36,233980,10,10,10,0,0,0,0,0,0,40500199423,40701526015,40735080447,40497002367.10,1144
1790724806,0,235087,0,522.83,1107.47,1738751,2963455,17163091967,37178310655,40265318399,247680,41171288063,8820114953.44,13014668390.38,235087,10,10,10,0,0,0,0,0,0,40969961471,41171288063,41171288063,40954184523.62,1107
1790724807,0,236178,0,524.09,1090.20,1743871,2983935,17481859071,37614518271,40667971583,247680,41641050111,8970606724.30,13171155710.55,236178,10,10,10,0,0,0,0,0,0,41406169087,41607495679,41641050111,41398341770.91,1091
1790724808,0,237285,0,525.38,1107.51,1747967,3002367,17800626175,38084280319,41137733631,247680,42077257727,9124008347.78,13330065696.07,237285,10,10,10,0,0,0,0,0,0,41875931135,42077257727,42077257727,41852182357.80,1107
1790724809,0,238375,0,526.63,1089.65,1752063,3022847,18169724927,38285606911,41573941247,247680,42547019775,9275728555.16,13486633853.31,238375,10,10,10,0,0,0,0,0,0,42345693183,42513465343,42547019775,42304104158.65,1090
1790724810,0,239489,0,527.92,1114.22,1756159,3043327,18555600895,38520487935,42010148863,247680,42983227391,9431409606.42,13646592166.00,239489,10,10,10,0,0,0,0,0,0,42781900799,42949672959,42983227391,42744219835.52,1114
1790724811,0,240720,0,529.47,1230.73,1760255,3067903,18975031295,38755368959,42513465343,247680,43385880575,9603973865.82,13822826782.19,240720,10,10,10,0,0,0,0,0,0,43184553983,43352326143,43352326143,43176063159.01,1231
1790724812,0,242018,0,531.16,1298.38,1765375,3092479,19042140159,38923141119,42714791935,247680,43520098303,9657832437.80,13880148093.51,242018,10,10,10,0,0,0,0,0,0,4496293887,43486543871,43486543871,19646149422.15,1298
1790724813,0,242567,0,531.19,548.81,1767423,3098623,18991808511,38923141119,42714791935,247680,43520098303,9637469202.31,13871050038.37,242567,10,10,10,0,0,0,0,0,0,590872575,1654652927,1744830463,660657677.76,549
1790724814,0,242767,0,530.47,200.00,1766399,3094527,18975031295,38923141119,42714791935,247680,43520098303,9629531133.35,13868090806.07,242767,10,10,10,0,0,0,0,0,0,1963007,3090431,3287039,1963275.52,200
1790724815,0,242967,0,529.75,200.01,1765375,3092479,18958254079,38923141119,42714791935,247680,43520098303,9621606116.23,13865131293.69,242967,10,10,10,0,0,0,0,0,0,1914879,3166207,3332095,1942958.08,200
1790724816,0,243167,0,529.03,200.15,1765375,3088383,18941476863,38923141119,42714791935,247680,43520098303,9613694109.88,13862171517.45,243167,10,10,10,0,0,0,0,0,0,1867775,3168255,3254271,1911875.84,200
1790724817,0,243367,0,528.32,199.93,1765375,3086335,18924699647,38923141119,42714791935,247680,43520098303,9605795166.33,13859211429.11,243367,10,10,10,0,0,0,0,0,0,1998847,3086335,3233791,1983133.44,200
1790724818,0,243567,0,527.61,199.90,1764351,3082239,18907922431,38889586687,42714791935,247680,43520098303,9597909163.21,13856251101.32,243567,10,10,10,0,0,0,0,0,0,1959935,3125247,3436543,1944556.80,200
1790724819,0,243767,0,526.90,200.13,1764351,3078143,18891145215,38889586687,42714791935,247680,43520098303,9590036195.35,13853290456.29,243767,10,10,10,0,0,0,0,0,0,2063359,3268607,3825663,2060384.00,200
1790724820,0,243967,0,526.19,200.04,1763327,3076095,18857590783,38889586687,42714791935,247680,43520098303,9582176007.42,13850329658.63,243967,10,10,10,0,0,0,0,0,0,1829887,3233791,4792319,1903846.40,200
1790724821,0,244167,0,525.49,200.01,1762303,3071999,18824036351,38889586687,42714791935,247680,43520098303,9574328725.84,13847368608.71,244167,10,10,10,0,0,0,0,0,0,1954815,3115007,3274751,1939996.16,200
1790724822,0,244367,0,524.79,199.90,1761279,3069951,18807259135,38889586687,42681237503,247680,43520098303,9566494127.06,13844407448.96,244367,10,10,10,0,0,0,0,0,0,1740799,3043327,3272703,1741729.28,200
1790724823,0,244567,0,524.10,199.91,1761279,3065855,18773704703,38889586687,42681237503,247680,43520098303,9558672477.85,13841445982.95,244567,10,10,10,0,0,0,0,0,0,1839103,3106815,3299327,1907712.00,200
1790724824,0,244767,0,523.40,200.00,1760255,3061759,18756927487,38889586687,42681237503,247680,43520098303,9550863656.80,13838484282.62,244767,10,10,10,0,0,0,0,0,0,1988607,3098623,3229695,1963977.60,200
1790724825,0,244967,0,522.71,200.16,1760255,3059711,18740150271,38856032255,42681237503,247680,43520098303,9543067482.94,13835522460.85,244967,10,10,10,0,0,0,0,0,0,1759231,3086335,3217407,1837043.20,200
1790724826,0,245167,0,522.03,199.85,1759231,3055615,18706595839,38856032255,42681237503,247680,43520098303,9535284023.25,13832560459.39,245167,10,10,10,0,0,0,0,0,0,1806335,3061759,3262463,1830173.44,200
1790724827,0,245367,0,521.34,199.98,1759231,3051519,18689818623,38856032255,42681237503,247680,43520098303,9527513357.08,13829598211.65,245367,10,10,10,0,0,0,0,0,0,2046975,3170303,3297279,1958790.40,200
1790724828,0,245567,0,520.66,200.08,1758207,3049471,18656264191,38856032255,42681237503,247680,43520098303,9519755065.77,13826635994.03,245567,10,10,10,0,0,0,0,0,0,1517567,2934783,3182591,1611751.68,200
1790724829,0,245767,0,519.98,200.02,1757183,3045375,18622709759,38856032255,42681237503,247680,43520098303,9512009680.10,13823673429.16,245767,10,10,10,0,0,0,0,0,0,2045951,3151871,3676159,1954065.92,200
1790724830,0,245967,0,519.31,199.89,1756159,3043327,18605932543,38856032255,42681237503,247680,43520098303,9504276814.32,13820710770.75,245967,10,10,10,0,0,0,0,0,0,1756159,3100671,3254271,1860695.04,200
1790724831,0,246167,0,518.63,200.12,1756159,3039231,18589155327,38822477823,42681237503,247680,43520098303,9496556552.97,13817747948.76,246167,10,10,10,0,0,0,0,0,0,1866751,3153919,3280895,1908928.00,200
1790724832,0,246367,0,517.96,200.07,1755135,3037183,18572378111,38822477823,42681237503,247680,43520098303,9488848811.92,13814785009.23,246367,10,10,10,0,0,0,0,0,0,1807359,3135487,3307519,1891355.52,200
1790724833,0,246567,0,517.30,199.85,1754111,3033087,18555600895,38822477823,42681237503,247680,43520098303,9481153606.65,13811821929.70,246567,10,10,10,0,0,0,0,0,0,1899519,3084287,3399679,1930423.04,200
1790724834,0,246767,0,516.63,199.99,1754111,3031039,18538823679,38822477823,42681237503,247680,43520098303,9473470821.40,13808858777.88,246767,10,10,10,0,0,0,0,0,0,1812479,3080191,3155967,1864272.64,200
1790724835,0,246967,0,515.97,200.17,1753087,3028991,18505269247,38822477823,42681237503,247680,43520098303,9465800669.62,13805895395.63,246967,10,10,10,0,0,0,0,0,0,2068479,3375103,3684351,2098941.44,200
1790724836,0,247167,0,515.31,199.82,1753087,3024895,18488492031,38822477823,42681237503,247680,43520098303,9458142912.15,13802931935.33,247167,10,10,10,0,0,0,0,0,0,2123775,3213311,4243455,2075973.12,200
1790724837,0,247892,0,515.75,725.47,1755135,3035135,18404605951,38822477823,42681237503,247680,43520098303,9431084902.60,13791786369.60,247892,10,10,10,0,0,0,0,0,0,204079103,400818175,425721855,206468285.97,725
1790724838,0,248946,0,516.87,1054.15,1759231,3055615,18287165439,38788923391,42681237503,247680,43520098303,9394335377.32,13774099524.91,248946,10,10,10,0,0,0,0,0,0,752877567,1053294591,1073217535,751153859.28,1054
1790724839,0,250026,0,518.03,1080.00,1763327,3076095,18152947711,38788923391,42681237503,247680,43520098303,9359754134.33,13754347862.86,250026,10,10,10,0,0,0,0,0,0,1385168895,1680867327,1712324607,1388585506.13,1080
1790724840,0,251069,0,519.12,1042.48,1767423,3094527,18052284415,38755368959,42681237503,247680,43520098303,9329342751.63,13733828041.14,251069,10,10,10,0,0,0,0,0,0,2042626047,2340421631,2369781759,2039183240.22,1043
1790724841,0,252118,0,520.21,1049.35,1772543,3112959,17934843903,38755368959,42681237503,247680,43520098303,9301723168.18,13711891829.19,252118,10,10,10,0,0,0,0,0,0,2684354559,2990538751,3019898879,2691216785.20,1049
1790724842,0,253188,0,521.34,1069.43,1775615,3133439,17783848959,38755368959,42681237503,247680,43520098303,9276507573.82,13688366023.31,253188,10,10,10,0,0,0,0,0,0,3321888767,3638558719,3661627391,3335100825.60,1070
1790724843,0,254238,0,522.43,1050.70,1780735,3155967,17683185663,38721814527,42647683071,247680,43520098303,9254646619.90,13664293249.35,254238,10,10,10,0,0,0,0,0,0,3980394495,4286578687,4311744511,3983283572.54,1050
1790724844,0,255297,0,523.53,1058.31,1784831,3178495,17599299583,38721814527,42647683071,247680,43520098303,9235534079.02,13639144008.47,255297,10,10,10,0,0,0,0,0,0,4647288831,4932501503,4961861631,4647116544.73,1059
1790724845,0,256350,0,524.61,1053.11,1788927,3198975,17481859071,38721814527,42647683071,247680,43520098303,9219313038.58,13613451388.67,256350,10,10,10,0,0,0,0,0,0,5289017343,5578424319,5607784447,5286565687.67,1053
1790724846,0,257418,0,525.72,1068.43,1793023,3221503,17381195775,38688260095,42647683071,247680,43520098303,9205696039.15,13586824402.51,257418,10,10,10,0,0,0,0,0,0,5934940159,6224347135,6249512959,5937233674.55,1068
1790724847,0,258442,0,526.74,1024.12,1796095,3246079,17280532479,38688260095,42647683071,247680,43520098303,9195266977.69,13560894198.61,258442,10,10,10,0,0,0,0,0,0,6568280063,6874464255,6908018687,6573559808.00,1024
1790724848,0,259548,0,527.92,1105.92,1800191,3276799,17179869183,38654705663,42647683071,247680,43520098303,9186900110.25,13532579912.66,259548,10,10,10,0,0,0,0,0,0,7243563007,7520387071,7537164287,7231791652.11,1106
1790724849,0,260597,0,528.98,1048.39,1804287,3309567,17079205887,38654705663,42647683071,247680,43520098303,9181607271.81,13505577305.69,260597,10,10,10,0,0,0,0,0,0,7876902911,8166309887,8191475711,7872030882.04,1049
1790724850,0,261678,0,530.09,1081.10,1808383,3346431,16961765375,38654705663,42614128639,247680,43520098303,9178887716.01,13477723612.60,261678,10,10,10,0,0,0,0,0,0,8531214335,8808038399,8833204223,8523283570.62,1081
1790724851,0,262706,0,531.10,1028.19,1812479,3389439,16819159039,38621151231,42614128639,247680,43520098303,9178801292.44,13451333007.84,262706,10,10,10,0,0,0,0,0,0,9160359935,9453961215,9487515647,9156802121.71,1028
1790724852,0,263799,0,532.23,1093.71,1816575,3444735,16710107135,38621151231,42614128639,247680,43520098303,9181392729.29,13423502892.59,263799,10,10,10,0,0,0,0,0,0,9814671359,10099884031,10125049855,9804252754.91,1093
1790724853,0,264900,0,533.38,1100.88,1820671,3510271,16584278015,38621151231,42614128639,247680,43520098303,9186674067.62,13395832498.54,264900,10,10,10,0,0,0,0,0,0,10452205567,10737418239,10762584063,10452079853.17,1101
1790724854,0,266012,0,534.54,1111.47,1824767,3590143,16458448895,38587596799,42614128639,247680,43520098303,9194569749.80,13368364676.76,266012,10,10,10,0,0,0,0,0,0,11072962559,11366563839,11383341055,11075474616.17,1112
1790724855,0,267095,0,535.64,1082.83,1828863,3672063,16349396991,38587596799,42614128639,247680,43520098303,9204687991.37,13342181923.52,267095,10,10,10,0,0,0,0,0,0,11676942335,11987320831,12020875263,11689982245.11,1083
1790724856,0,268168,0,536.72,1073.67,1832959,3776511,16231956479,38587596799,42614128639,247680,43520098303,9217233754.77,13316938922.19,268168,10,10,10,0,0,0,0,0,0,12339642367,12633243647,12666798079,12340170076.33,1073
1790724857,0,269229,0,537.76,1060.24,1837055,3891199,16106127359,38554042367,42614128639,247680,43520098303,9232133740.18,13292788945.57,269229,10,10,10,0,0,0,0,0,0,13002342399,13295943679,13312720895,12998108564.39,1061
1790724858,0,270319,0,538.86,1089.76,1841151,4028415,15988686847,38554042367,42614128639,247680,43520098303,9249871523.82,13268895680.41,270319,10,10,10,0,0,0,0,0,0,13631487999,13925089279,13950255103,13631087809.53,1090
1790724859,0,271387,0,539.92,1068.26,1845247,4184063,15896412159,38554042367,42580574207,247680,43520098303,9269657309.07,13246506805.29,271387,10,10,10,0,0,0,0,0,0,14294188031,14562623487,14596177919,14277591469.54,1068
1790724860,0,272461,0,540.98,1074.19,1849343,4374527,15787360255,38520487935,42580574207,247680,43520098303,9291911933.24,13225110725.02,272461,10,10,10,0,0,0,0,0,0,14923333631,15208546303,15233712127,14915390229.45,1074
1790724861,0,273560,0,542.08,1099.30,1853439,4591615,15762194431,38520487935,42580574207,247680,43520098303,9317080631.74,13204471923.79,273560,10,10,10,0,0,0,0,0,0,15560867839,15846080511,15871246335,15556833827.87,1099
1790724862,0,274678,0,543.22,1118.04,1857535,4857855,15955132415,38520487935,42580574207,247680,43520098303,9345056387.92,13184841460.10,274678,10,10,10,0,0,0,0,0,0,16181624831,16475226111,16500391935,16190358588.45,1118
1790724863,0,275790,0,544.35,1111.20,1861631,5132287,16148070399,38486933503,42580574207,247680,43520098303,9375175639.58,13166751091.85,275790,10,10,10,0,0,0,0,0,0,16827547647,17104371711,17121148927,16815009998.27,1112
1790724864,0,276887,0,545.44,1098.12,1865727,5431295,16366174207,38486933503,42580574207,247680,43520098303,9407159867.78,13150429516.19,276887,10,10,10,0,0,0,0,0,0,17465081855,17750294527,17767071743,17448117291.87,1097
1790724865,0,277982,0,546.52,1094.60,1869823,5775359,16559112191,38453379071,42580574207,247680,43520098303,9441295842.23,13135729103.73,277982,10,10,10,0,0,0,0,0,0,18085838847,18371051519,18404605951,18073083567.34,1095
1790724866,0,279064,0,547.57,1081.55,1874943,6205439,16760438783,38453379071,42580574207,247680,43520098303,9477324485.43,13122956693.86,279064,10,10,10,0,0,0,0,0,0,18740150271,19025362943,19042140159,18733622353.39,1082
1790724867,0,280190,0,548.70,1126.60,1879039,6856703,16986931199,38453379071,42547019775,247680,43520098303,9517047427.62,13111488119.98,280190,10,10,10,0,0,0,0,0,0,19377684479,19662897151,19662897151,19361845953.71,1126
1790724868,0,281312,0,549.82,1121.12,1883135,7585791,17179869183,38419824639,42547019775,247680,43520098303,9558776960.60,13101925160.37,281312,10,10,10,0,0,0,0,0,0,19981664255,20266876927,20300431359,19979630654.06,1122
1790724869,0,282421,0,550.91,1109.84,1887231,8716287,17381195775,38419824639,42547019775,247680,43520098303,9602116137.61,13094386440.45,282421,10,10,10,0,0,0,0,0,0,20602421247,20904411135,20921188351,20595651361.47,1109
1790724870,0,283558,0,552.05,1137.26,1892351,10190847,17582522367,38419824639,42547019775,247680,43520098303,9648707111.58,13088725983.21,283558,10,10,10,0,0,0,0,0,0,21223178239,21525168127,21541945343,21221503469.54,1137
1790724871,0,284732,0,553.26,1173.25,1896447,12992511,17767071743,38386270207,42547019775,247680,43520098303,9699047921.48,13085129251.88,284732,10,10,10,0,0,0,0,0,0,21860712447,22129147903,22145925119,21857940063.07,1174
1790724872,0,285866,0,554.39,1134.71,1900543,29507583,18001952767,38386270207,42547019775,247680,43520098303,9749651486.66,13083748784.36,285866,10,10,10,0,0,0,0,0,0,22464692223,22749904895,22783459327,22455519495.68,1134
1790724873,0,286961,0,555.43,1095.09,1905663,163184639,18186502143,38352715775,42547019775,247680,43520098303,9800545227.77,13084632106.19,286961,10,10,10,0,0,0,0,0,0,23102226431,23387439103,23404216319,23087111615.94,1095
1790724874,0,288100,0,556.56,1138.42,1909759,308805631,18421383167,38352715775,42547019775,247680,43520098303,9855524503.45,13087872398.98,288100,10,10,10,0,0,0,0,0,0,23722983423,23991418879,24024973311,23707067899.95,1139
1790724875,0,289217,0,557.64,1116.98,1913855,447217663,18639486975,38352715775,42547019775,247680,43520098303,9911474016.79,13093447304.85,289217,10,10,10,0,0,0,0,0,0,24360517631,24628953087,24662507519,24342140797.82,1117
1790724876,0,290324,0,558.70,1107.51,1917951,588251135,18857590783,38319161343,42547019775,247680,43520098303,9968846441.20,13101326741.76,290324,10,10,10,0,0,0,0,0,0,24964497407,25249710079,25283264511,24958079024.10,1107
1790724877,0,291426,0,559.74,1101.63,1922047,729284607,19042140159,38319161343,42513465343,247680,43520098303,10027981318.53,13111716381.13,291426,10,10,10,0,0,0,0,0,0,25618808831,25904021503,25920798719,25607177440.87,1102
1790724878,0,292528,0,560.78,1101.84,1927167,872939519,19243466751,38319161343,42513465343,247680,43520098303,10089027384.16,13124599546.79,292528,10,10,10,0,0,0,0,0,0,26239565823,26541555711,26558332927,26232775771.06,1102
1790724879,0,293607,0,561.77,1079.61,1931263,1013972991,19444793343,38319161343,42513465343,247680,43520098303,10150725252.33,13139795395.48,293607,10,10,10,0,0,0,0,0,0,26893877247,27179089919,27195867135,26877652016.40,1079
1790724880,0,294742,0,562.87,1134.07,1935359,1169162239,19662897151,38285606911,42513465343,247680,43520098303,10217524634.56,13158411032.85,294742,10,10,10,0,0,0,0,0,0,27497857023,27799846911,27816624127,27497494872.64,1135
1790724881,0,295866,0,563.94,1124.52,1940479,1289748479,19864223743,38285606911,42513465343,247680,43520098303,10285582895.01,13179557706.38,295866,10,10,10,0,0,0,0,0,0,28135391231,28420603903,28437381119,28132226846.06,1124
1790724882,0,296983,0,564.99,1116.47,1944575,1438646271,20065550335,38285606911,42513465343,247680,43520098303,10355081150.35,13203291289.36,296983,10,10,10,0,0,0,0,0,0,28789702655,29041360895,29074915327,28763470419.88,1117
1790724883,0,298119,0,566.07,1136.85,1948671,1582301183,20266876927,38252052479,42513465343,247680,43520098303,10427574441.58,13230140593.79,298119,10,10,10,0,0,0,0,0,0,29393682431,29678895103,29695672319,29379401122.25,1136
1790724884,0,299257,0,567.16,1137.95,1953791,1728053247,20468203519,38252052479,42479910911,247680,43520098303,10502009702.74,13259810730.80,299257,10,10,10,0,0,0,0,0,0,29997662207,30282874879,30316429311,30001627999.83,1138
1790724885,0,300357,0,568.16,1099.87,1957887,1881145343,20669530111,38252052479,42479910911,247680,43520098303,10575701415.63,13291206148.21,300357,10,10,10,0,0,0,0,0,0,30618419199,30920409087,30937186303,30623665893.00,1100
1790724886,0,301436,0,569.13,1078.16,1961983,2008023039,20870856703,38252052479,42479910911,247680,43520098303,10649768823.64,13324827959.23,301436,10,10,10,0,0,0,0,0,0,31272730623,31557943295,31574720511,31267622824.69,1079
1790724887,0,302533,0,570.12,1097.91,1967103,2149580799,21055406079,38218498047,42479910911,247680,43520098303,10726831540.12,13361855947.58,302533,10,10,10,0,0,0,0,0,0,31893487615,32212254719,32229031935,31902289154.57,1097
1790724888,0,303682,0,571.21,1148.86,1971199,2302672895,21239955455,38218498047,42479910911,247680,43520098303,10809308821.57,13403541189.73,303682,10,10,10,0,0,0,0,0,0,32547799039,32816234495,32833011711,32525670344.74,1149
1790724889,0,304818,0,572.27,1135.67,1975295,2445279231,21441282047,38218498047,42479910911,247680,43520098303,10892554522.32,13447603236.19,304818,10,10,10,0,0,0,0,0,0,33151778815,33436991487,33453768703,33146270099.83,1136
1790724890,0,305952,0,573.32,1133.62,1980415,2581594111,21642608639,38218498047,42479910911,247680,43520098303,10977341399.41,13494451750.30,305952,10,10,10,0,0,0,0,0,0,33772535807,34057748479,34074525695,33767964238.56,1134
1790724891,0,307065,0,574.34,1113.91,1984511,2726297599,21843935231,38218498047,42479910911,247680,43520098303,11062233708.32,13543313719.42,307065,10,10,10,0,0,0,0,0,0,34426847231,34695282687,34695282687,34398237028.97,1113
1790724892,0,308144,0,575.28,1078.18,1988607,2864709631,22045261823,38184943615,42446356479,247680,43520098303,11146156975.45,13593511284.54,308144,10,10,10,0,0,0,0,0,0,35064381439,35332816895,35366371327,35029287671.22,1079
1790724893,0,309247,0,576.26,1103.85,1993727,3019898879,22229811199,38184943615,42446356479,247680,43520098303,11233609349.04,13647753971.87,309247,10,10,10,0,0,0,0,0,0,35668361215,35970351103,36003905535,35665090951.78,1103
1790724894,0,310375,0,577.29,1127.00,1997823,3160408063,22414360575,38184943615,42446356479,247680,43520098303,11324684270.42,13706144247.07,310375,10,10,10,0,0,0,0,0,0,36305895423,36574330879,36607885311,36293342258.84,1128
1790724895,0,311473,0,578.25,1098.95,2001919,3282042879,22615687167,38184943615,42446356479,247680,43520098303,11414934117.43,13765851077.90,311473,10,10,10,0,0,0,0,0,0,36943429631,37245419519,37245419519,36926132902.94,1098
1790724896,0,312579,0,579.23,1106.16,2006015,3426746367,22817013759,38151389183,42446356479,247680,43520098303,11507420268.31,13828852710.46,312579,10,10,10,0,0,0,0,0,0,37580963839,37849399295,37882953727,37553477117.22,1106
1790724897,0,313673,0,580.18,1092.88,2010111,3565158399,23018340351,38218498047,42446356479,247680,43520098303,11600442085.77,13893979586.88,313673,10,10,10,0,0,0,0,0,0,38184943615,38486933503,38520487935,38178748007.90,1094
1790724898,0,314764,0,581.13,1091.25,2014207,3690987519,23219666943,38352715775,42446356479,247680,43520098303,11694787712.87,13961835127.22,314764,10,10,10,0,0,0,0,0,0,38822477823,39124467711,39158022143,38820063504.19,1091
1790724899,0,315884,0,582.12,1120.19,2018303,3833593855,23437770751,38520487935,42446356479,247680,43520098303,11793185289.76,14034345390.15,315884,10,10,10,0,0,0,0,0,0,39460012031,39762001919,39795556351,39446770015.09,1120
1790724900,0,316953,0,583.01,1068.81,2023423,3982491647,23622320127,38688260095,42412802047,247680,43520098303,11888594913.70,14106330216.12,316953,10,10,10,0,0,0,0,0,0,40097546239,40399536127,40433090559,40081647905.29,1069
1790724901,0,318067,0,583.99,1114.90,2027519,4110417919,23806869503,38889586687,42412802047,247680,43520098303,11989595284.69,14184291123.14,318067,10,10,10,0,0,0,0,0,0,40735080447,41037070335,41037070335,40726014124.81,1114
1790724902,0,319150,0,584.90,1082.41,2031615,4248829951,23991418879,39124467711,42412802047,247680,43520098303,12089271276.09,14262868060.98,319150,10,10,10,0,0,0,0,0,0,41372614655,41674604543,41674604543,41363180376.64,1083
1790724903,0,320265,0,585.87,1114.82,2036735,4383047679,24192745471,39359348735,42412802047,247680,43520098303,12193389702.50,14346575712.80,320265,10,10,10,0,0,0,0,0,0,42010148863,42278584319,42312138751,41995538391.59,1115
1790724904,0,321339,0,586.77,1074.40,2040831,4525654015,24394072063,39594229759,42614128639,247680,43520098303,12295108556.78,14429892849.18,321339,10,10,10,0,0,0,0,0,0,42647683071,42916118527,42949672959,42627500424.82,1074
1790724905,0,322488,0,587.79,1149.37,2045951,4659871743,24595398655,39829110783,42916118527,247680,43587207167,12405410679.41,14521798735.83,322488,10,10,10,0,0,0,0,0,0,43251662847,43553652735,43587207167,43253429639.24,1149
1790724906,0,323669,0,588.87,1180.60,2051071,4815060991,24813502463,40097546239,43150999551,247680,44191186943,12520259512.02,14618996590.70,323669,10,10,10,0,0,0,0,0,0,43922751487,44157632511,44191186943,43881284347.01,1181
1790724907,0,325041,0,590.29,1371.14,2057215,4802478079,24880611327,40231763967,43285217279,247680,44426067967,12557989008.57,14659250304.33,325041,10,10,10,0,0,0,0,0,0,4672454655,44426067967,44426067967,21458767740.64,1372
1790724908,0,325585,0,590.21,544.15,2058239,4743757823,24863834111,40231763967,43285217279,247680,44426067967,12538106189.81,14655078609.53,325585,10,10,10,0,0,0,0,0,0,602931199,1622147071,1710227455,658085429.65,544
1790724909,0,325785,0,589.50,199.95,2058239,4714397695,24847056895,40231763967,43285217279,247680,44426067967,12530410754.95,14653869311.69,325785,10,10,10,0,0,0,0,0,0,2779135,4163583,4415487,2819959.04,200
1790724910,0,325985,0,588.80,200.12,2058239,4689231871,24830279679,40198209535,43285217279,247680,44426067967,12522724833.47,14652657303.57,325985,10,10,10,0,0,0,0,0,0,2996223,4251647,5185535,2935178.24,200
1790724911,0,326185,0,588.10,200.06,2058239,4664066047,24813502463,40198209535,43285217279,247680,44426067967,12515048165.50,14651442803.79,326185,10,10,10,0,0,0,0,0,0,2658303,4325375,4812799,2655125.76,200
1790724912,0,326385,0,587.40,199.97,2058239,4643094527,24813502463,40198209535,43285217279,247680,44426067967,12507381059.78,14650225545.23,326385,10,10,10,0,0,0,0,0,0,2895871,4476927,5074943,2906676.48,200
1790724913,0,326585,0,586.70,199.92,2057215,4622123007,24796725247,40198209535,43285217279,247680,44426067967,12499722795.14,14649006139.94,326585,10,10,10,0,0,0,0,0,0,1793023,4071423,4620287,2009264.64,200
1790724914,0,326785,0,586.01,199.92,2056191,4601151487,24779948031,40198209535,43285217279,247680,44426067967,12492074033.45,14647784019.45,326785,10,10,10,0,0,0,0,0,0,1938431,4427775,6123519,2219852.16,200
1790724915,0,326985,0,585.32,200.13,2056191,4580179967,24763170815,40198209535,43285217279,247680,44426067967,12484435006.50,14646558982.99,326985,10,10,10,0,0,0,0,0,0,2805759,4354047,5394431,2837898.24,200
1790724916,0,327185,0,584.63,200.06,2056191,4559208447,24763170815,40198209535,43285217279,247680,44426067967,12476805367.61,14645331322.98,327185,10,10,10,0,0,0,0,0,0,2938879,4476927,4911103,2918004.48,200
1790724917,0,327385,0,583.94,199.96,2055167,4534042623,24746393599,40198209535,43285217279,247680,44426067967,12469184631.67,14644101449.09,327385,10,10,10,0,0,0,0,0,0,2046975,3866623,5050367,2232183.04,200
1790724918,0,327585,0,583.26,199.93,2055167,4504682495,24729616383,40198209535,43285217279,247680,44426067967,12461573515.54,14642868747.38,327585,10,10,10,0,0,0,0,0,0,2764799,4132863,4825087,2747257.60,200
1790724919,0,327785,0,582.58,199.93,2055167,4479516671,24712839167,40198209535,43251662847,247680,44426067967,12453971824.96,14641633380.13,327785,10,10,10,0,0,0,0,0,0,2963455,4567039,5910527,2972766.72,200
1790724920,0,327985,0,581.90,200.09,2056191,4454350847,24696061951,40198209535,43251662847,247680,44426067967,12446379384.19,14640395493.47,327985,10,10,10,0,0,0,0,0,0,2975743,4313087,4620287,2938402.56,200
1790724921,0,328185,0,581.22,199.98,2056191,4429185023,24696061951,40198209535,43251662847,247680,44426067967,12438796227.38,14639155054.97,328185,10,10,10,0,0,0,0,0,0,3000319,4192255,5349375,2987802.88,200
1790724922,0,328385,0,580.55,199.93,2056191,4408213503,24679284735,40198209535,43251662847,247680,44426067967,12431222219.48,14637912175.95,328385,10,10,10,0,0,0,0,0,0,2895871,4052991,4292607,2843307.52,200
1790724923,0,328585,0,579.88,200.08,2056191,4383047679,24662507519,40198209535,43251662847,247680,44426067967,12423657601.93,14636666648.01,328585,10,10,10,0,0,0,0,0,0,3219455,4313087,7086079,3122929.92,200
1790724924,0,328785,0,579.21,200.08,2057215,4362076159,24645730303,40198209535,43251662847,247680,44426067967,12416101983.20,14635418800.06,328785,10,10,10,0,0,0,0,0,0,2850815,4048895,4239359,2787073.92,200
1790724925,0,328985,0,578.54,199.86,2057215,4336910335,24628953087,40198209535,43251662847,247680,44426067967,12408555759.72,14634168292.38,328985,10,10,10,0,0,0,0,0,0,3086335,5599231,7847935,3130324.48,200
1790724926,0,329185,0,577.88,199.99,2057215,4315938815,24628953087,40164655103,43251662847,247680,44426067967,12401018485.52,14632915499.67,329185,10,10,10,0,0,0,0,0,0,2795519,4276223,4833279,2767724.80,200
1790724927,0,329385,0,577.22,200.03,2057215,4288675839,24612175871,40164655103,43251662847,247680,44426067967,12393490604.48,14631660042.37,329385,10,10,10,0,0,0,0,0,0,3198975,4616191,4866047,3163008.00,200
1790724928,0,329585,0,576.56,200.05,2057215,4273995775,24595398655,40164655103,43251662847,247680,44426067967,12385971750.69,14630402227.12,329585,10,10,10,0,0,0,0,0,0,3016703,4517887,5836799,2983462.40,200
1790724929,0,329785,0,575.90,199.90,2058239,4242538495,24578621439,40164655103,43251662847,247680,44426067967,12378462102.87,14629141899.15,329785,10,10,10,0,0,0,0,0,0,3186687,4395007,4923391,3125720.32,200
1790724930,0,329985,0,575.24,200.02,2058239,4221566975,24578621439,40164655103,43251662847,247680,44426067967,12370961341.96,14627879324.96,329985,10,10,10,0,0,0,0,0,0,2815999,4231167,4595711,2769159.68,200
1790724931,0,330185,0,574.59,200.05,2058239,4194303999,24561844223,40164655103,43251662847,247680,44426067967,12363469620.12,14626614372.29,330185,10,10,10,0,0,0,0,0,0,2662399,4079615,4440063,2690457.60,200
1790724932,0,330385,0,573.94,199.93,2057215,4175429631,24545067007,40164655103,43251662847,247680,44426067967,12355986792.28,14625347160.19,330385,10,10,10,0,0,0,0,0,0,2287615,4296703,4698111,2399249.28,200
1790724933,0,330585,0,573.29,200.16,2057215,4148166655,24528289791,40164655103,43251662847,247680,44426067967,12348513236.39,14624077365.97,330585,10,10,10,0,0,0,0,0,0,2783231,4036607,4444159,2759418.88,200
1790724934,0,330785,0,572.64,199.93,2057215,4120903679,24511512575,40164655103,43251662847,247680,44426067967,12341048793.92,14622805120.26,330785,10,10,10,0,0,0,0,0,0,2908159,4179967,4706303,2885228.80,200
1790724935,0,330985,0,572.00,200.04,2057215,4104126463,24511512575,40164655103,43251662847,247680,44426067967,12333593151.99,14621530683.64,330985,10,10,10,0,0,0,0,0,0,2566143,4284415,4673535,2520579.20,200
1790724936,0,331185,0,571.36,199.87,2057215,4083154943,24494735359,40164655103,43251662847,247680,44426067967,12326146613.55,14620253797.05,331185,10,10,10,0,0,0,0,0,0,2686975,4143103,4395007,2683971.84,200
1790724937,0,331385,0,570.72,200.06,2057215,4062183423,24477958143,40164655103,43251662847,247680,44426067967,12318709151.93,14618974479.69,331385,10,10,10,0,0,0,0,0,0,2854911,4255743,4915199,2830519.04,200
1790724938,0,331585,0,570.08,200.00,2057215,4037017599,24477958143,40164655103,43251662847,247680,44426067967,12311280587.00,14617692879.94,331585,10,10,10,0,0,0,0,0,0,2654207,4130815,4374527,2705640.96,200
1790724939,0,331785,0,569.45,200.10,2057215,4018143231,24477958143,40164655103,43251662847,247680,44426067967,12303861056.43,14616408878.43,331785,10,10,10,0,0,0,0,0,0,2914303,4171775,5345279,2835833.60,200
1790724940,0,331985,0,568.81,200.01,2057215,3992977407,24461180927,40164655103,43251662847,247680,44426067967,12296450661.54,14615122386.65,331985,10,10,10,0,0,0,0,0,0,3133439,4661247,5967871,3161329.92,200
1790724941,0,332185,0,568.18,199.92,2057215,3972005887,24444403711,40131100671,43251662847,247680,44426067967,12289049002.27,14613833737.77,332185,10,10,10,0,0,0,0,0,0,2844671,4452351,4833279,2849740.80,200
1790724942,0,332385,0,567.55,199.96,2058239,3938451455,24427626495,40131100671,43251662847,247680,44426067967,12281656654.24,14612542444.54,332385,10,10,10,0,0,0,0,0,0,3198975,5570559,11354111,3520994.56,200
1790724943,0,332585,0,566.93,200.09,2058239,3913285631,24427626495,40131100671,43251662847,247680,44426067967,12274272980.97,14611249038.49,332585,10,10,10,0,0,0,0,0,0,3170303,4927487,7012351,3161788.16,200
1790724944,0,332785,0,566.30,199.97,2058239,3890216959,24410849279,40131100671,43251662847,247680,44426067967,12266898205.72,14609953328.58,332785,10,10,10,0,0,0,0,0,0,3225599,4931583,5189631,3200065.28,200
1790724945,0,332985,0,565.68,199.97,2059263,3858759679,24394072063,40131100671,43251662847,247680,44426067967,12259532343.64,14608655298.75,332985,10,10,10,0,0,0,0,0,0,3149823,6336511,7167999,3290278.40,200
1790724946,0,333185,0,565.06,199.96,2059263,3839885311,24394072063,40131100671,43251662847,247680,44426067967,12252175184.34,14607355122.05,333185,10,10,10,0,0,0,0,0,0,2998271,4505599,5775359,3056736.00,200
1790724947,0,333385,0,564.44,200.14,2059263,3814719487,24377294847,40131100671,43251662847,247680,44426067967,12244826842.24,14606052699.01,333385,10,10,10,0,0,0,0,0,0,3088383,4587519,4804607,3040033.28,200
1790724948,0,333585,0,563.83,199.88,2059263,3793747967,24360517631,40131100671,43251662847,247680,44426067967,12237487201.40,14604748123.33,333585,10,10,10,0,0,0,0,0,0,2881535,4091903,4775935,2856392.96,200
1790724949,0,333785,0,563.21,200.07,2059263,3764387839,24343740415,40131100671,43251662847,247680,44426067967,12230156471.95,14603441215.54,333785,10,10,10,0,0,0,0,0,0,3002367,4456447,5246975,3049555.20,200
1790724950,0,333985,0,562.60,199.98,2059263,3745513471,24326963199,40131100671,43251662847,247680,44426067967,12222834452.92,14602132140.55,333985,10,10,10,0,0,0,0,0,0,2983935,4337663,4595711,2933853.44,200
1790724951,0,334185,0,561.99,200.02,2060287,3722444799,24326963199,40131100671,43251662847,247680,44426067967,12215521267.68,14600820791.70,334185,10,10,10,0,0,0,0,0,0,3090431,4403199,4698111,3050396.16,200
1790724952,0,334385,0,561.38,199.92,2060287,3693084671,24310185983,40131100671,43251662847,247680,44426067967,12208216757.94,14599507297.98,334385,10,10,10,0,0,0,0,0,0,2932735,4296703,4894719,2928819.20,200
1790724953,0,334585,0,560.78,200.11,2060287,3674210303,24293408767,40131100671,43251662847,247680,44426067967,12200921060.40,14598191541.68,334585,10,10,10,0,0,0,0,0,0,3155967,4431871,4726783,3061958.40,200
1790724954,0,334785,0,560.17,199.95,2060287,3651141631,24276631551,40131100671,43251662847,247680,44426067967,12193634053.79,14596873620.78,334785,10,10,10,0,0,0,0,0,0,3059711,4513791,4931583,3018511.36,200
1790724955,0,334985,0,559.57,199.88,2061311,3630170111,24276631551,40131100671,43251662847,247680,44426067967,12186355790.55,14595553488.05,334985,10,10,10,0,0,0,0,0,0,3104767,4739071,5095423,3088995.84,200
1790724956,0,335185,0,558.97,200.16,2061311,3607101439,24259854335,40097546239,43251662847,247680,44426067967,12179086230.28,14594231173.87,335185,10,10,10,0,0,0,0,0,0,3141631,4681727,6205439,3118008.32,200
1790724957,0,335930,0,559.28,744.94,2064383,3523215359,24209522687,40097546239,43251662847,247680,44426067967,12152604154.16,14588859053.44,335930,10,10,10,0,0,0,0,0,0,245235711,492568575,513540095,237980414.28,745
1790724958,0,336989,0,560.11,1059.13,2068479,3393191935,24142413823,40097546239,43251662847,247680,44426067967,12117242404.17,14579533266.99,336989,10,10,10,0,0,0,0,0,0,899678207,1269825535,1304428543,899987755.75,1059
1790724959,0,338127,0,561.07,1138.05,2073599,3254779903,24075304959,40063991807,43251662847,247680,44426067967,12082141154.69,14567512339.88,338127,10,10,10,0,0,0,0,0,0,1679818751,2049966079,2076180479,1687822206.43,1138
1790724960,0,339194,0,561.91,1067.08,2077695,3145727999,24024973311,40063991807,43251662847,247680,44426067967,12051901513.80,14554545416.04,339194,10,10,10,0,0,0,0,0,0,2462056447,2810183679,2850029567,2469109521.99,1067
1790724961,0,340216,0,562.67,1021.33,2081791,3175088127,23957864447,40063991807,43251662847,247680,44426067967,12025517173.90,14540620396.81,340216,10,10,10,0,0,0,0,0,0,3273654271,3623878655,3653238783,3268756129.32,1022
1790724962,0,341227,0,563.41,1011.30,2085887,3254779903,23907532799,40030437375,43251662847,247680,44426067967,12001940543.39,14525509439.51,341227,10,10,10,0,0,0,0,0,0,4060086271,4424990719,4454350847,4068066236.14,1011
1790724963,0,342242,0,564.16,1015.23,2089983,3347054591,23840423935,40030437375,43251662847,247680,44426067967,11980773189.91,14509151079.55,342242,10,10,10,0,0,0,0,0,0,4848615423,5221908479,5247074303,4864642624.06,1015
1790724964,0,343228,0,564.85,986.18,2094079,3435134975,23790092287,40030437375,43251662847,247680,44426067967,11962628564.24,14492244034.72,343228,10,10,10,0,0,0,0,0,0,5670699007,6014631935,6052380671,5664603229.47,986
1790724965,0,344272,0,565.64,1043.73,2099199,3535798271,23739760639,39996882943,43251662847,247680,44426067967,11945927530.79,14473427405.32,344272,10,10,10,0,0,0,0,0,0,6450839551,6815743999,6845104127,6455254820.29,1044
1790724966,0,345317,0,566.42,1044.56,2103295,3628072959,23672651775,39996882943,43251662847,247680,44426067967,11931725130.33,14453815414.56,345317,10,10,10,0,0,0,0,0,0,7256145919,7608467455,7637827583,7252788469.96,1045
1790724967,0,346325,0,567.15,1008.55,2107391,3718250495,23605542911,39963328511,43251662847,247680,44426067967,11920429788.68,14434285282.14,346325,10,10,10,0,0,0,0,0,0,8057257983,8405385215,8438939647,8050912434.79,1008
1790724968,0,347363,0,567.92,1038.00,2111487,3810525183,23555211263,39963328511,43218108415,247680,44426067967,11911245356.45,14413684553.81,347363,10,10,10,0,0,0,0,0,0,8849981439,9202302975,9227468799,8846892282.57,1038
1790724969,0,348388,0,568.66,1024.42,2115583,3904897023,23488102399,39963328511,43218108415,247680,44426067967,11904589598.06,14392992435.18,348388,10,10,10,0,0,0,0,0,0,9655287807,9999220735,10024386559,9649014766.02,1025
1790724970,0,349453,0,569.47,1064.80,2119679,4009754623,23437770751,39963328511,43218108415,247680,44426067967,11900063914.68,14371281970.23,349453,10,10,10,0,0,0,0,0,0,10427039743,10779361279,10812915711,10419600269.58,1065
1790724971,0,350461,0,570.18,1008.07,2123775,4095737855,23370661887,39929774079,43218108415,247680,44426067967,11898085252.68,14350652070.18,350461,10,10,10,0,0,0,0,0,0,11215568895,11576279039,11609833471,11212123574.86,1008
1790724972,0,351464,0,570.89,1003.17,2127871,4183818239,23303553023,39929774079,43218108415,247680,44426067967,11898408733.43,14330167355.47,351464,10,10,10,0,0,0,0,0,0,12004098047,12389974015,12406751231,12011437034.56,1003
1790724973,0,352494,0,571.63,1030.52,2131967,4286578687,23253221375,39929774079,43218108415,247680,44426067967,11901085307.10,14309306340.03,352494,10,10,10,0,0,0,0,0,0,12809404415,13178503167,13203668991,12814405003.68,1030
1790724974,0,353558,0,572.43,1064.10,2136063,4378853375,23186112511,39896219647,43218108415,247680,44426067967,11906161895.70,14288063060.30,353558,10,10,10,0,0,0,0,0,0,13581156351,13958643711,13992198143,13587991806.08,1064
1790724975,0,354613,0,573.21,1054.73,2140159,4466933759,23102226431,39896219647,43218108415,247680,44426067967,11913522322.29,14267435139.86,354613,10,10,10,0,0,0,0,0,0,14386462719,14738784255,14780727295,14380193130.04,1055
1790724976,0,355634,0,573.93,1021.12,2144255,4571791359,23035117567,39862665215,43218108415,247680,44426067967,11922921328.67,14248022143.14,355634,10,10,10,0,0,0,0,0,0,15191769087,15535702015,15577645055,15187377598.31,1021
1790724977,0,356649,0,574.64,1015.02,2148351,4659871743,22984785919,39862665215,43218108415,247680,44426067967,11934437772.52,14229371552.08,356649,10,10,10,0,0,0,0,0,0,15963521023,16332619775,16366174207,15969550077.73,1015
1790724978,0,357657,0,575.34,1007.99,2152447,4752146431,22917677055,39862665215,43218108415,247680,44426067967,11948072144.46,14211625402.94,357657,10,10,10,0,0,0,0,0,0,16777215999,17137926143,17171480575,16772164526.73,1008
1790724979,0,358685,0,576.07,1027.74,2156543,4844421119,22867345407,39829110783,43218108415,247680,44426067967,11964198095.09,14194437930.07,358685,10,10,10,0,0,0,0,0,0,17599299583,17934843903,17968398335,17574664168.09,1028
1790724980,0,359751,0,576.85,1065.56,2160639,4940890111,22800236543,39829110783,43218108415,247680,44426067967,11983189113.28,14177678231.11,359751,10,10,10,0,0,0,0,0,0,18387828735,18740150271,18756927487,18373239168.24,1066
1790724981,0,360863,0,577.71,1112.88,2166783,5041553407,22733127679,39829110783,43218108415,247680,44426067967,12005300852.50,14161408315.46,360863,10,10,10,0,0,0,0,0,0,19176357887,19495124991,19545456639,19158826300.78,1112
1790724982,0,361963,0,578.54,1099.72,2170879,5142216703,22649241599,39795556351,43218108415,247680,44426067967,12029378393.09,14146602948.03,361963,10,10,10,0,0,0,0,0,0,19948109823,20300431359,20317208575,19928190693.00,1100
1790724983,0,363106,0,579.45,1143.24,2174975,5255462911,22582132735,39795556351,43218108415,247680,44426067967,12056635799.02,14132651719.08,363106,10,10,10,0,0,0,0,0,0,20703084543,21038628863,21072183295,20688457688.58,1143
1790724984,0,364260,0,580.36,1153.99,2179071,5372903423,22515023871,39795556351,43218108415,247680,44426067967,12086417510.92,14120138521.65,364260,10,10,10,0,0,0,0,0,0,21474836479,21810380799,21860712447,21457230580.02,1154
1790724985,0,365439,0,581.31,1178.99,2185215,5494538239,22498246655,39762001919,43184553983,247680,44426067967,12119143735.12,14109079381.96,365439,10,10,10,0,0,0,0,0,0,22229811199,22582132735,22615687167,22230131375.88,1179
1790724986,0,366541,0,582.14,1101.51,2189311,5607784447,22649241599,39762001919,43184553983,247680,44426067967,12151928941.26,14100504127.92,366541,10,10,10,0,0,0,0,0,0,23035117567,23353884671,23404216319,23023973355.56,1102
1790724987,0,367718,0,583.08,1177.57,2193407,5721030655,22817013759,39762001919,43184553983,247680,44426067967,12189135169.30,14093227681.24,367718,10,10,10,0,0,0,0,0,0,23773315071,24125636607,24159191039,23775887958.57,1177
1790724988,0,368868,0,583.98,1149.71,2199551,5838471167,22968008703,39728447487,43184553983,247680,44426067967,12227673242.74,14088111263.11,368868,10,10,10,0,0,0,0,0,0,24561844223,24897388543,24930942975,24550406539.35,1150
1790724989,0,370061,0,584.94,1192.96,2203647,5960105983,23135780863,39728447487,43184553983,247680,44426067967,12269871092.94,14084947768.48,370061,10,10,10,0,0,0,0,0,0,25333596159,25652363263,25702694911,25317177551.72,1193
1790724990,0,371123,0,585.70,1061.73,2209791,6060769279,23269998591,39728447487,43184553983,247680,44426067967,12309437712.80,14084165538.14,371123,10,10,10,0,0,0,0,0,0,26105348095,26457669631,26491224063,26096690926.16,1062
1790724991,0,372222,0,586.50,1099.16,2213887,6174015487,23420993535,39694893055,43184553983,247680,44426067967,12352458747.87,14085566924.12,372222,10,10,10,0,0,0,0,0,0,26893877247,27229421567,27262975999,26880298236.51,1099
1790724992,0,373303,0,587.28,1080.97,2217983,6283067391,23555211263,39694893055,43184553983,247680,44426067967,12396753577.22,14089159212.84,373303,10,10,10,0,0,0,0,0,0,27665629183,28017950719,28051505151,27648844207.96,1081
1790724993,0,374346,0,588.00,1043.40,2222079,6383730687,23689428991,39694893055,43184553983,247680,44426067967,12441423242.24,14094880345.81,374346,10,10,10,0,0,0,0,0,0,28437381119,28789702655,28840034303,28429265966.14,1043
1790724994,0,375443,0,588.80,1096.28,2226175,6501171199,23840423935,39661338623,43184553983,247680,44426067967,12490478150.27,14103421415.77,375443,10,10,10,0,0,0,0,0,0,29242687487,29578231807,29611786239,29230230749.23,1097
1790724995,0,376542,0,589.60,1099.84,2232319,6606028799,23957864447,39661338623,43184553983,247680,44426067967,12541570388.65,14114456395.03,376542,10,10,10,0,0,0,0,0,0,29997662207,30366760959,30400315391,29995822667.94,1099
1790724996,0,377589,0,590.31,1047.01,2236415,6710886399,24108859391,39627784191,43184553983,247680,44426067967,12592157988.50,14127490275.87,377589,10,10,10,0,0,0,0,0,0,30786191359,31155290111,31188844543,30785430216.01,1047
1790724997,0,378622,0,591.00,1032.45,2240511,6803161087,24243077119,39627784191,43184553983,247680,44426067967,12643989803.33,14142969954.12,378622,10,10,10,0,0,0,0,0,0,31608274943,31960596479,31977373695,31589897964.42,1033
1790724998,0,379676,0,591.72,1054.00,2246655,6920601599,24394072063,39627784191,43184553983,247680,44426067967,12698762453.49,14161432081.49,379676,10,10,10,0,0,0,0,0,0,32380026879,32749125631,32765902847,32374407945.23,1054
1790724999,0,380775,0,592.51,1099.42,2250751,7029653503,24528289791,39594229759,43184553983,247680,44426067967,12757813920.78,14183517838.81,380775,10,10,10,0,0,0,0,0,0,33168556031,33520877567,33554431999,33158564505.27,1099
1790725000,0,381886,0,593.32,1110.63,2254847,7138705407,24679284735,39594229759,43184553983,247680,44426067967,12819447534.09,14208764988.36,381886,10,10,10,0,0,0,0,0,0,33957085183,34292629503,34326183935,33943245113.38,1111
1790725001,0,382970,0,594.08,1083.69,2260991,7247757311,24830279679,39560675327,43150999551,247680,44426067967,12881483481.75,14236343793.45,382970,10,10,10,0,0,0,0,0,0,34762391551,35097935871,35131490303,34736335792.65,1084
1790725002,0,384038,0,594.81,1068.20,2265087,7239368703,24880611327,39560675327,43150999551,247680,44426067967,12899688219.27,14242734462.13,384038,10,10,10,0,0,0,0,0,0,5410652159,35500589055,35534143487,19427654820.91,1068
1790725003,0,385071,0,595.49,1033.29,2269183,7138705407,24830279679,39560675327,43150999551,247680,44426067967,12880691381.96,14228338055.06,385071,10,10,10,0,0,0,0,0,0,5813305343,6182404095,6220152831,5818244715.55,1033
1790725004,0,386140,0,596.22,1069.04,2275327,7033847807,24779948031,39527120895,43150999551,247680,44426067967,12863335329.74,14212452113.54,386140,10,10,10,0,0,0,0,0,0,6614417407,6966738943,7004487679,6611406062.52,1069
1790725005,0,387192,0,596.92,1051.55,2279423,7109345279,24729616383,39527120895,43150999551,247680,44426067967,12848499181.17,14195982101.53,387192,10,10,10,0,0,0,0,0,0,7411335167,7759462399,7788822527,7402842898.49,1052
1790725006,0,388308,0,597.72,1116.72,2285567,7193231359,24679284735,39527120895,43150999551,247680,44426067967,12835069452.59,14177779692.84,388308,10,10,10,0,0,0,0,0,0,8170504191,8543797247,8564768767,8175675663.60,1116
1790725007,0,389367,0,598.43,1058.72,2289663,7281311743,24628953087,39493566463,43150999551,247680,44426067967,12824516479.54,14159933127.65,389367,10,10,10,0,0,0,0,0,0,8950644735,9328132095,9361686527,8955013307.59,1059
1790725008,0,390412,0,599.12,1044.86,2293759,7356809215,24578621439,39493566463,43150999551,247680,44426067967,12816292865.36,14141865541.29,390412,10,10,10,0,0,0,0,0,0,9755951103,10116661247,10150215679,9752174223.56,1045
1790725009,0,391520,0,599.90,1107.47,2297855,7444889599,24528289791,39460012031,43150999551,247680,44426067967,12809849204.01,14122363776.82,391520,10,10,10,0,0,0,0,0,0,10552868863,10896801791,10930356223,10539377438.50,1108
1790725010,0,392601,0,600.63,1081.87,2303999,7520387071,24477958143,39460012031,43150999551,247680,44426067967,12805760103.10,14103127544.91,392601,10,10,10,0,0,0,0,0,0,11324620799,11676942335,11710496767,11324756600.78,1081
1790725011,0,393670,0,601.35,1068.72,2308095,7608467455,24444403711,39460012031,43150999551,247680,44426067967,12803839438.79,14084019330.18,393670,10,10,10,0,0,0,0,0,0,12087984127,12465471487,12499025919,12098456155.48,1069
1790725012,0,394756,0,602.09,1086.08,2314239,7692353535,24394072063,39426457599,43150999551,247680,44426067967,12804071159.52,14064638740.34,394756,10,10,10,0,0,0,0,0,0,12910067711,13237223423,13279166463,12888068857.87,1086
1790725013,0,395877,0,602.88,1121.11,2318335,7776239615,24343740415,39426457599,43117445119,247680,44426067967,12806571109.99,14044794706.34,395877,10,10,10,0,0,0,0,0,0,13698596863,14025752575,14059307007,13686919412.81,1121
1790725014,0,396935,0,603.57,1057.69,2324479,7855931391,24293408767,39426457599,43117445119,247680,44426067967,12810977949.90,14026328603.18,396935,10,10,10,0,0,0,0,0,0,14470348799,14805893119,14839447551,14459906648.08,1058
1790725015,0,398061,0,604.36,1126.24,2328575,7944011775,24243077119,39392903167,43117445119,247680,44426067967,12817855823.78,14007076694.88,398061,10,10,10,0,0,0,0,0,0,15250489343,15586033663,15619588095,15242428532.40,1126
1790725016,0,399117,0,605.05,1056.08,2332671,8019509247,24209522687,39392903167,43117445119,247680,44426067967,12826332183.57,13989506736.91,399117,10,10,10,0,0,0,0,0,0,16022241279,16382951423,16408117247,16021510454.30,1056
1790725017,0,400215,0,605.79,1097.27,2338815,8103395327,24142413823,39392903167,43117445119,247680,44426067967,12837264995.27,13971863144.42,400215,10,10,10,0,0,0,0,0,0,16835936255,17163091967,17196646399,16811282305.17,1098
1790725018,0,401287,0,606.50,1072.24,2342911,8183087103,24092082175,39359348735,43117445119,247680,44426067967,12849960646.68,13955349618.72,401287,10,10,10,0,0,0,0,0,0,17599299583,17951621119,17968398335,17589690245.73,1072
1790725019,0,402387,0,607.24,1100.39,2349055,8250195967,24041750527,39359348735,43117445119,247680,44426067967,12862552671.01,13939410371.85,402387,10,10,10,0,0,0,0,0,0,18337497087,18656264191,18689818623,17456203277.03,1100
1790725020,0,403461,0,607.95,1074.06,2353151,8174698495,23991418879,39359348735,43117445119,247680,44426067967,12842898131.50,13926047233.03,403461,10,10,10,0,0,0,0,0,0,5481955327,5830082559,5876219903,5479088829.74,1074
1790725021,0,404542,0,608.66,1080.87,2359295,8095006719,23957864447,39325794303,43117445119,247680,44426067967,12825335435.01,13911571701.95,404542,10,10,10,0,0,0,0,0,0,6278873087,6631194623,6656360447,6270420459.63,1081
1790725022,0,405643,0,609.40,1101.27,2363391,8011120639,23907532799,39292239871,43117445119,247680,44426067967,12809651679.19,13895936982.21,405643,10,10,10,0,0,0,0,0,0,7054819327,7411335167,7436500991,7046946912.73,1101
1790725023,0,406742,0,610.13,1099.03,2369535,7981760511,23857201151,39292239871,43117445119,247680,44426067967,12796191413.02,13879565323.61,406742,10,10,10,0,0,0,0,0,0,7830765567,8187281407,8216641535,7827981450.83,1099
1790725024,0,407789,0,610.79,1045.99,2375679,8048869375,23823646719,39258685439,43117445119,247680,44426067967,12785479586.34,13863348740.79,407789,10,10,10,0,0,0,0,0,0,8640266239,8984199167,9009364991,8624113963.28,1047
1790725025,0,408917,0,611.56,1128.04,2379775,8115978239,23773315071,39258685439,43117445119,247680,44426067967,12776179637.28,13845348902.73,408917,10,10,10,0,0,0,0,0,0,9428795391,9764339711,9789505535,9414107891.29,1128
1790725026,0,410240,0,612.62,1323.12,2385919,8191475711,23722983423,39258685439,43117445119,247680,44426067967,12767760388.06,13823803180.65,410240,10,10,10,0,0,0,0,0,0,10166992895,10494148607,10519314431,10165512366.92,1323
1790725027,0,411522,0,613.62,1282.09,2394111,8271167487,23655874559,39225131007,43117445119,247680,44426067967,12761933609.66,13802652849.44,411522,10,10,10,0,0,0,0,0,0,10888413183,11232346111,11265900543,10897364522.33,1282
1790725028,0,412840,0,614.67,1318.47,2400255,8350859263,23605542911,39225131007,43083890687,247680,44426067967,12758326156.92,13780755357.26,412840,10,10,10,0,0,0,0,0,0,11626610687,11970543615,11995709439,11631963358.20,1318
1790725029,0,414115,0,615.65,1275.08,2406399,8422162431,23555211263,39225131007,43083890687,247680,44426067967,12757161314.56,13759545663.39,414115,10,10,10,0,0,0,0,0,0,12373196799,12725518335,12750684159,12379989927.65,1275
1790725030,0,415458,0,616.73,1342.21,2412543,8510242815,23504879615,39191576575,43083890687,247680,44426067967,12754425130.73,13737517317.50,415458,10,10,10,0,0,0,0,0,0,12389974015,13002342399,13027508223,11910720910.77,1343
1790725031,0,416746,0,617.73,1289.26,2418687,8459911167,23454547967,39191576575,43083890687,247680,44426067967,12736126358.72,13720488501.87,416746,10,10,10,0,0,0,0,0,0,6836715519,9311354879,9504292863,6833664228.97,1288
1790725032,0,417764,0,618.32,1017.95,2424831,8396996607,23404216319,39158022143,43083890687,247680,44426067967,12709866819.08,13714193290.53,417764,10,10,10,0,0,0,0,0,0,1940914175,3890216959,4053794815,1959809740.45,1018
1790725033,0,417964,0,617.70,199.89,2424831,8388607999,23387439103,39158022143,43083890687,247680,44426067967,12703787446.10,13713726703.37,417964,10,10,10,0,0,0,0,0,0,4460543,10412031,21151743,5071584.64,200
1790725034,0,418164,0,617.08,199.95,2424831,8376025087,23387439103,39158022143,43083890687,247680,44426067967,12697713429.00,13713258280.58,418164,10,10,10,0,0,0,0,0,0,3729407,6840319,11952127,4111010.56,200
1790725035,0,418364,0,616.47,200.04,2424831,8367636479,23370661887,39158022143,43083890687,247680,44426067967,12691645370.70,13712787462.97,418364,10,10,10,0,0,0,0,0,0,4419583,6778879,8187903,4427708.16,200
1790725036,0,418564,0,615.86,200.03,2424831,8355053567,23370661887,39158022143,43083890687,247680,44426067967,12685582728.48,13712314751.79,418564,10,10,10,0,0,0,0,0,0,3553279,6045695,7462911,3626484.48,200
1790725037,0,418764,0,615.25,199.91,2424831,8346664959,23353884671,39158022143,43083890687,247680,44426067967,12679525878.09,13711839798.34,418764,10,10,10,0,0,0,0,0,0,3583999,5644287,6914047,3628252.16,200
1790725038,0,418964,0,614.64,200.04,2424831,8334082047,23353884671,39158022143,43083890687,247680,44426067967,12673474790.19,13711362628.91,418964,10,10,10,0,0,0,0,0,0,3516415,6668287,8994815,3585912.32,200
1790725039,0,419164,0,614.03,200.03,2424831,8325693439,23337107455,39158022143,43083890687,247680,44426067967,12667429271.75,13710883420.79,419164,10,10,10,0,0,0,0,0,0,3172351,5058559,5677055,3156341.76,200
1790725040,0,419364,0,613.42,200.05,2424831,8313110527,23320330239,39158022143,43083890687,247680,44426067967,12661389304.61,13710402189.68,419364,10,10,10,0,0,0,0,0,0,2621439,4784127,5292031,2705364.48,200
1790725041,0,419564,0,612.82,200.02,2424831,8300527615,23320330239,39158022143,43083890687,247680,44426067967,12655355023.29,13709918810.26,419564,10,10,10,0,0,0,0,0,0,2508799,4079615,4714495,2553280.64,200
1790725042,0,419764,0,612.22,199.97,2422783,8287944703,23303553023,39158022143,43083890687,247680,44426067967,12649326226.66,13709433467.13,419764,10,10,10,0,0,0,0,0,0,2009087,3291135,3870719,1996075.52,200
1790725043,0,419964,0,611.62,200.03,2420735,8275361791,23303553023,39158022143,43083890687,247680,44426067967,12643303319.23,13708945786.06,419964,10,10,10,0,0,0,0,0,0,2252799,3796991,4808703,2304747.52,200
1790725044,0,420164,0,611.02,199.98,2420735,8258584575,23286775807,39158022143,43083890687,247680,44426067967,12637286149.96,13708455905.54,420164,10,10,10,0,0,0,0,0,0,2271231,3565567,4583423,2313781.76,200
1790725045,0,420364,0,610.42,199.98,2418687,8250195967,23286775807,39158022143,43083890687,247680,44426067967,12631274646.46,13707963891.39,420364,10,10,10,0,0,0,0,0,0,2125823,3729407,4122623,2187861.76,200
1790725046,0,420564,0,609.83,199.97,2416639,8241807359,23269998591,39158022143,43083890687,247680,44426067967,12625268822.87,13707469729.62,420564,10,10,10,0,0,0,0,0,0,1936383,3620863,4179967,2108683.52,200
1790725047,0,420764,0,609.23,199.99,2416639,8229224447,23269998591,39158022143,43083890687,247680,44426067967,12619268822.91,13706973286.98,420764,10,10,10,0,0,0,0,0,0,2303999,3407871,4358143,2348898.56,200
1790725048,0,420964,0,608.64,200.06,2412543,8212447231,23253221375,39124467711,43083890687,247680,44426067967,12613274367.07,13706474819.87,420964,10,10,10,0,0,0,0,0,0,1942527,3311615,4308991,2018273.28,200
1790725049,0,421164,0,608.05,199.96,2412543,8204058623,23253221375,39124467711,43083890687,247680,44426067967,12607285709.23,13705974093.72,421164,10,10,10,0,0,0,0,0,0,2146303,3768319,4521983,2238923.52,200
1790725050,0,421364,0,607.46,200.01,2410495,8191475711,23236444159,39124467711,43083890687,247680,44426067967,12601302789.41,13705471162.88,421364,10,10,10,0,0,0,0,0,0,2353151,3565567,4489215,2350566.40,200
1790725051,0,421564,0,606.88,200.00,2410495,8183087103,23219666943,39124467711,43083890687,247680,44426067967,12595325609.43,13704966024.82,421564,10,10,10,0,0,0,0,0,0,2428927,4083711,5242879,2483292.80,200
1790725052,0,421764,0,606.29,200.03,2408447,8170504191,23219666943,39124467711,43083890687,247680,44426067967,12589354084.61,13704458756.50,421764,10,10,10,0,0,0,0,0,0,2361343,3854335,6504447,2454631.04,200
1790725053,0,421964,0,605.71,200.07,2408447,8157921279,23202889727,39124467711,43083890687,247680,44426067967,12583388168.46,13703949399.63,421964,10,10,10,0,0,0,0,0,0,2267135,3600383,4057087,2344872.96,200
1790725054,0,422164,0,605.13,199.92,2406399,8145338367,23202889727,39124467711,43083890687,247680,44426067967,12577427843.52,13703437969.29,422164,10,10,10,0,0,0,0,0,0,2079743,3852287,4825087,2215077.12,200
1790725055,0,422364,0,604.55,199.95,2404351,8132755455,23186112511,39124467711,43083890687,247680,44426067967,12571473213.42,13702924369.40,422364,10,10,10,0,0,0,0,0,0,2303999,3708927,4247551,2320907.52,200
1790725056,0,422564,0,603.97,200.03,2404351,8120172543,23186112511,39124467711,43083890687,247680,44426067967,12565524224.17,13702408648.60,422564,10,10,10,0,0,0,0,0,0,2293759,3768319,4124671,2329756.80,200
1790725057,0,422764,0,603.39,200.06,2402303,8107589631,23169335295,39124467711,43083890687,247680,44426067967,12559580887.65,13701890795.09,422764,10,10,10,0,0,0,0,0,0,2238463,3938303,5443583,2380620.80,200
1790725058,0,422964,0,602.82,199.94,2400255,8099201023,23169335295,39124467711,43083890687,247680,44426067967,12553643067.28,13701370933.08,422964,10,10,10,0,0,0,0,0,0,2164735,3327999,3557375,2159603.20,200
1790725059,0,423164,0,602.24,200.08,2400255,8086618111,23152558079,39124467711,43083890687,247680,44426067967,12547710667.05,13700849149.43,423164,10,10,10,0,0,0,0,0,0,1656831,2990079,3330047,1752009.60,200
1790725060,0,423364,0,601.67,200.02,2398207,8074035199,23152558079,39124467711,43083890687,247680,44426067967,12541783977.89,13700325176.69,423364,10,10,10,0,0,0,0,0,0,1909759,3317759,4198399,1976528.00,200
1790725061,0,423564,0,601.10,199.97,2396159,8061452287,23135780863,39124467711,43083890687,247680,44426067967,12535862861.72,13699799140.38,423564,10,10,10,0,0,0,0,0,0,1936383,3162111,3340287,1925740.80,200
1790725062,0,423764,0,600.53,199.85,2394111,8048869375,23135780863,39124467711,43083890687,247680,44426067967,12529947345.54,13699271014.84,423764,10,10,10,0,0,0,0,0,0,1974271,3186687,3543039,1948867.84,200
1790725063,0,423964,0,599.97,200.12,2392063,8040480767,23119003647,39124467711,43083890687,247680,44426067967,12524037406.45,13698740820.08,423964,10,10,10,0,0,0,0,0,0,2020351,3006463,3381247,1940264.96,200
1790725064,0,424164,0,599.40,199.96,2392063,8023703551,23102226431,39090913279,43083890687,247680,44426067967,12518133026.46,13698208571.57,424164,10,10,10,0,0,0,0,0,0,1881087,3106815,3231743,1910232.32,200
1790725065,0,424364,0,598.84,200.04,2390015,8011120639,23102226431,39090913279,43083890687,247680,44426067967,12512234252.79,13697674225.25,424364,10,10,10,0,0,0,0,0,0,2035711,3180543,3282943,1997071.36,200
1790725066,0,424564,0,598.28,200.04,2387967,7998537727,23085449215,39090913279,43083890687,247680,44426067967,12506341004.72,13697137853.88,424564,10,10,10,0,0,0,0,0,0,1944575,3102719,3235839,1929390.08,200
1790725067,0,424764,0,597.72,199.90,2385919,7990149119,23085449215,39090913279,43083890687,247680,44426067967,12500453347.31,13696599397.13,424764,10,10,10,0,0,0,0,0,0,1987583,3244031,3829759,2016439.04,200
1790725068,0,424964,0,597.16,200.12,2385919,7977566207,23068671999,39090913279,43083890687,247680,44426067967,12494571266.73,13696058866.69,424964,10,10,10,0,0,0,0,0,0,2070527,3209215,3479551,2090883.84,200
1790725069,0,425164,0,596.60,199.93,2383871,7964983295,23051894783,39090913279,43083890687,247680,44426067967,12488694661.11,13695516354.53,425164,10,10,10,0,0,0,0,0,0,1959935,3141631,3268607,1965514.24,200
1790725070,0,425364,0,596.04,200.00,2381823,7952400383,23051894783,39090913279,43083890687,247680,44426067967,12482823564.85,13694971828.28,425364,10,10,10,0,0,0,0,0,0,1886207,3168255,3393535,1929721.60,200
1790725071,0,425564,0,595.49,199.91,2379775,7944011775,23035117567,39090913279,43083890687,247680,44426067967,12476957995.78,13694425270.72,425564,10,10,10,0,0,0,0,0,0,2013183,3162111,3289087,1948368.64,200
1790725072,0,425764,0,594.94,200.12,2379775,7927234559,23035117567,39090913279,43083890687,247680,44426067967,12471097882.84,13693876745.57,425764,10,10,10,0,0,0,0,0,0,1755135,3061759,3323903,1832386.56,200
1790725073,0,425964,0,594.39,199.95,2377727,7914651647,23018340351,39090913279,43083890687,247680,44426067967,12465243403.12,13693326090.67,425964,10,10,10,0,0,0,0,0,0,2193407,3221503,3602431,2109879.04,200
1790725074,0,426164,0,593.84,199.96,2375679,7906263039,23018340351,39090913279,43083890687,247680,44426067967,12459394377.45,13692773468.17,426164,10,10,10,0,0,0,0,0,0,2036735,3186687,3352575,2022528.00,200
1790725075,0,426364,0,593.29,200.02,2375679,7893680127,23001563135,39090913279,43083890687,247680,44426067967,12453550794.94,13692218886.99,426364,10,10,10,0,0,0,0,0,0,1815551,3158015,3338239,1928296.96,200
1790725076,0,426564,0,592.74,200.06,2373631,7881097215,23001563135,39090913279,43083890687,247680,44426067967,12447712668.82,13691662334.06,426564,10,10,10,0,0,0,0,0,0,1911807,3102719,3280895,1878656.00,200
1790725077,0,426634,0,592.02,69.97,2373631,7876902911,23001563135,39090913279,43083890687,247680,44426067967,12445670614.23,13691467074.08,426634,10,10,10,0,0,0,0,0,0,1798143,3098623,3211263,1856709.49,70
1790725078,0,426634,0,591.20,0.00,2373631,7876902911,23001563135,39090913279,43083890687,247680,44426067967,12445670614.23,13691467074.08,426634,10,10,10,0,0,0,0,0,0,0,0,0,0.00,0
