timestamp,sent_count,received_count,error_count,total_throughput,interval_throughput,latency_ns_p25,latency_ns_p50,latency_ns_p75,latency_ns_p95,latency_ns_p99,latency_ns_min,latency_ns_max,latency_ns_mean,latency_ns_stddev,latency_sample_count,connections,active_connections,connection_attempts,connection_failures,crashes_injected,reconnects,reconnect_failures,duplicate_count,gap_count,interval_latency_ns_p50,interval_latency_ns_p95,interval_latency_ns_p99,interval_latency_ns_mean,interval_latency_sample_count
1790616002,0,0,0,0.00,0.00,0,0,0,0,0,0,0,0.00,0.00,0,0,0,1,0,0,0,0,0,0,0,0,0,0.00,0
1790616003,0,0,0,0.00,0.00,0,0,0,0,0,0,0,0.00,0.00,0,1,1,1,0,0,0,0,0,0,0,0,0,0.00,0
1790616004,0,0,0,0.00,0.00,0,0,0,0,0,0,0,0.00,0.00,0,1,1,1,0,0,0,0,0,0,0,0,0,0.00,0
1790616005,0,0,0,0.00,0.00,0,0,0,0,0,0,0,0.00,0.00,0,1,1,1,0,0,0,0,0,0,0,0,0,0.00,0
1790616006,0,0,0,0.00,0.00,0,0,0,0,0,0,0,0.00,0.00,0,1,1,1,0,0,0,0,0,0,0,0,0,0.00,0
1790616007,0,0,0,0.00,0.00,0,0,0,0,0,0,0,0.00,0.00,0,1,1,1,0,0,0,0,0,0,0,0,0,0.00,0
1790616008,0,0,0,0.00,0.00,0,0,0,0,0,0,0,0.00,0.00,0,1,1,1,0,0,0,0,0,0,0,0,0,0.00,0
1790616009,0,0,0,0.00,0.00,0,0,0,0,0,0,0,0.00,0.00,0,2,2,2,0,0,0,0,0,0,0,0,0,0.00,0
1790616010,0,0,0,0.00,0.00,0,0,0,0,0,0,0,0.00,0.00,0,2,2,2,0,0,0,0,0,0,0,0,0,0.00,0
1790616011,0,0,0,0.00,0.00,0,0,0,0,0,0,0,0.00,0.00,0,2,2,2,0,0,0,0,0,0,0,0,0,0.00,0
1790616012,0,0,0,0.00,0.00,0,0,0,0,0,0,0,0.00,0.00,0,2,2,2,0,0,0,0,0,0,0,0,0,0.00,0
1790616013,0,0,0,0.00,0.00,0,0,0,0,0,0,0,0.00,0.00,0,2,2,2,0,0,0,0,0,0,0,0,0,0.00,0
1790616014,0,0,0,0.00,0.00,0,0,0,0,0,0,0,0.00,0.00,0,2,2,2,0,0,0,0,0,0,0,0,0,0.00,0
1790616015,0,0,0,0.00,0.00,0,0,0,0,0,0,0,0.00,0.00,0,2,2,2,0,0,0,0,0,0,0,0,0,0.00,0
1790616016,0,0,0,0.00,0.00,0,0,0,0,0,0,0,0.00,0.00,0,3,3,3,0,0,0,0,0,0,0,0,0,0.00,0
1790616017,0,0,0,0.00,0.00,0,0,0,0,0,0,0,0.00,0.00,0,3,3,3,0,0,0,0,0,0,0,0,0,0.00,0
1790616018,0,0,0,0.00,0.00,0,0,0,0,0,0,0,0.00,0.00,0,3,3,3,0,0,0,0,0,0,0,0,0,0.00,0
1790616019,0,0,0,0.00,0.00,0,0,0,0,0,0,0,0.00,0.00,0,3,3,3,0,0,0,0,0,0,0,0,0,0.00,0
1790616020,0,0,0,0.00,0.00,0,0,0,0,0,0,0,0.00,0.00,0,3,3,3,0,0,0,0,0,0,0,0,0,0.00,0
1790616021,0,0,0,0.00,0.00,0,0,0,0,0,0,0,0.00,0.00,0,3,3,3,0,0,0,0,0,0,0,0,0,0.00,0
1790616022,0,0,0,0.00,0.00,0,0,0,0,0,0,0,0.00,0.00,0,3,3,3,0,0,0,0,0,0,0,0,0,0.00,0
1790616023,0,0,0,0.00,0.00,0,0,0,0,0,0,0,0.00,0.00,0,4,4,4,0,0,0,0,0,0,0,0,0,0.00,0
1790616024,0,0,0,0.00,0.00,0,0,0,0,0,0,0,0.00,0.00,0,4,4,4,0,0,0,0,0,0,0,0,0,0.00,0
1790616025,0,0,0,0.00,0.00,0,0,0,0,0,0,0,0.00,0.00,0,4,4,4,0,0,0,0,0,0,0,0,0,0.00,0
1790616026,0,0,0,0.00,0.00,0,0,0,0,0,0,0,0.00,0.00,0,4,4,4,0,0,0,0,0,0,0,0,0,0.00,0
1790616027,0,0,0,0.00,0.00,0,0,0,0,0,0,0,0.00,0.00,0,4,4,4,0,0,0,0,0,0,0,0,0,0.00,0
1790616028,0,0,0,0.00,0.00,0,0,0,0,0,0,0,0.00,0.00,0,4,4,4,0,0,0,0,0,0,0,0,0,0.00,0
1790616029,0,0,0,0.00,0.00,0,0,0,0,0,0,0,0.00,0.00,0,5,5,5,0,0,0,0,0,0,0,0,0,0.00,0
1790616030,0,0,0,0.00,0.00,0,0,0,0,0,0,0,0.00,0.00,0,5,5,5,0,0,0,0,0,0,0,0,0,0.00,0
1790616031,0,0,0,0.00,0.00,0,0,0,0,0,0,0,0.00,0.00,0,5,5,5,0,0,0,0,0,0,0,0,0,0.00,0
1790616032,0,0,0,0.00,0.00,0,0,0,0,0,0,0,0.00,0.00,0,5,5,5,0,0,0,0,0,0,0,0,0,0.00,0
1790616033,0,0,0,0.00,0.00,0,0,0,0,0,0,0,0.00,0.00,0,5,5,5,0,0,0,0,0,0,0,0,0,0.00,0
1790616034,0,0,0,0.00,0.00,0,0,0,0,0,0,0,0.00,0.00,0,5,5,5,0,0,0,0,0,0,0,0,0,0.00,0
1790616035,0,0,0,0.00,0.00,0,0,0,0,0,0,0,0.00,0.00,0,5,5,5,0,0,0,0,0,0,0,0,0,0.00,0
1790616036,0,0,0,0.00,0.00,0,0,0,0,0,0,0,0.00,0.00,0,6,6,6,0,0,0,0,0,0,0,0,0,0.00,0
1790616037,0,0,0,0.00,0.00,0,0,0,0,0,0,0,0.00,0.00,0,6,6,6,0,0,0,0,0,0,0,0,0,0.00,0
1790616038,0,0,0,0.00,0.00,0,0,0,0,0,0,0,0.00,0.00,0,6,6,6,0,0,0,0,0,0,0,0,0,0.00,0
1790616039,0,0,0,0.00,0.00,0,0,0,0,0,0,0,0.00,0.00,0,6,6,6,0,0,0,0,0,0,0,0,0,0.00,0
1790616040,0,0,0,0.00,0.00,0,0,0,0,0,0,0,0.00,0.00,0,6,6,6,0,0,0,0,0,0,0,0,0,0.00,0
1790616041,0,0,0,0.00,0.00,0,0,0,0,0,0,0,0.00,0.00,0,6,6,6,0,0,0,0,0,0,0,0,0,0.00,0
1790616042,0,0,0,0.00,0.00,0,0,0,0,0,0,0,0.00,0.00,0,6,6,6,0,0,0,0,0,0,0,0,0,0.00,0
1790616043,0,0,0,0.00,0.00,0,0,0,0,0,0,0,0.00,0.00,0,7,7,7,0,0,0,0,0,0,0,0,0,0.00,0
1790616044,0,0,0,0.00,0.00,0,0,0,0,0,0,0,0.00,0.00,0,7,7,7,0,0,0,0,0,0,0,0,0,0.00,0
1790616045,0,0,0,0.00,0.00,0,0,0,0,0,0,0,0.00,0.00,0,7,7,7,0,0,0,0,0,0,0,0,0,0.00,0
1790616046,0,0,0,0.00,0.00,0,0,0,0,0,0,0,0.00,0.00,0,7,7,7,0,0,0,0,0,0,0,0,0,0.00,0
1790616047,0,0,0,0.00,0.00,0,0,0,0,0,0,0,0.00,0.00,0,7,7,7,0,0,0,0,0,0,0,0,0,0.00,0
1790616048,0,0,0,0.00,0.00,0,0,0,0,0,0,0,0.00,0.00,0,7,7,7,0,0,0,0,0,0,0,0,0,0.00,0
1790616049,0,0,0,0.00,0.00,0,0,0,0,0,0,0,0.00,0.00,0,8,8,8,0,0,0,0,0,0,0,0,0,0.00,0
1790616050,0,0,0,0.00,0.00,0,0,0,0,0,0,0,0.00,0.00,0,8,8,8,0,0,0,0,0,0,0,0,0,0.00,0
1790616051,0,0,0,0.00,0.00,0,0,0,0,0,0,0,0.00,0.00,0,8,8,8,0,0,0,0,0,0,0,0,0,0.00,0
1790616052,0,0,0,0.00,0.00,0,0,0,0,0,0,0,0.00,0.00,0,8,8,8,0,0,0,0,0,0,0,0,0,0.00,0
1790616053,0,0,0,0.00,0.00,0,0,0,0,0,0,0,0.00,0.00,0,8,8,8,0,0,0,0,0,0,0,0,0,0.00,0
1790616054,0,0,0,0.00,0.00,0,0,0,0,0,0,0,0.00,0.00,0,8,8,8,0,0,0,0,0,0,0,0,0,0.00,0
1790616055,0,0,0,0.00,0.00,0,0,0,0,0,0,0,0.00,0.00,0,8,8,8,0,0,0,0,0,0,0,0,0,0.00,0
1790616056,0,0,0,0.00,0.00,0,0,0,0,0,0,0,0.00,0.00,0,9,9,9,0,0,0,0,0,0,0,0,0,0.00,0
1790616057,0,0,0,0.00,0.00,0,0,0,0,0,0,0,0.00,0.00,0,9,9,9,0,0,0,0,0,0,0,0,0,0.00,0
1790616058,0,0,0,0.00,0.00,0,0,0,0,0,0,0,0.00,0.00,0,9,9,9,0,0,0,0,0,0,0,0,0,0.00,0
1790616059,0,0,0,0.00,0.00,0,0,0,0,0,0,0,0.00,0.00,0,9,9,9,0,0,0,0,0,0,0,0,0,0.00,0
1790616060,0,0,0,0.00,0.00,0,0,0,0,0,0,0,0.00,0.00,0,9,9,9,0,0,0,0,0,0,0,0,0,0.00,0
1790616061,0,0,0,0.00,0.00,0,0,0,0,0,0,0,0.00,0.00,0,9,9,9,0,0,0,0,0,0,0,0,0,0.00,0
1790616062,0,0,0,0.00,0.00,0,0,0,0,0,0,0,0.00,0.00,0,9,9,9,0,0,0,0,0,0,0,0,0,0.00,0
1790616063,0,0,0,0.00,0.00,0,0,0,0,0,0,0,0.00,0.00,0,10,10,10,0,0,0,0,0,0,0,0,0,0.00,0
1790616064,0,190,0,218.89,189.98,2555903,3147775,3962879,9322495,11165695,1591296,11558911,3700544.67,2108359.88,190,10,10,10,0,0,0,0,0,0,3147775,9322495,11165695,3700544.67,190
1790616065,0,390,0,208.75,199.94,2598911,3176447,4104191,9322495,11558911,1591296,12419071,3703956.35,2048174.17,390,10,10,10,0,0,0,0,0,0,3217407,6361087,11755519,3707197.44,200
1790616066,0,590,0,205.71,200.05,2592767,3168255,3958783,8216575,11526143,1591296,12419071,3568704.22,1844055.77,590,10,10,10,0,0,0,0,0,0,3155967,4911103,10698751,3304962.56,200
1790616067,0,790,0,204.25,200.06,2598911,3170303,3948543,5484543,11280383,1591296,12419071,3500835.00,1675659.58,790,10,10,10,0,0,0,0,0,0,3176447,5140479,5746687,3300620.80,200
1790616068,0,990,0,203.36,199.93,2592767,3168255,3915775,5214207,11165695,1387520,12419071,3433251.68,1556776.64,990,10,10,10,0,0,0,0,0,0,3149823,4845567,5177343,3166297.60,200
1790616069,0,1190,0,202.78,199.93,2592767,3170303,3926015,5226495,10698751,1387520,12419071,3422423.56,1489436.44,1190,10,10,10,0,0,0,0,0,0,3190783,5287935,6238207,3368824.32,200
1790616070,0,1390,0,202.39,200.09,2598911,3172351,3919871,5201919,10633215,1387520,12419071,3397234.92,1421789.97,1390,10,10,10,0,0,0,0,0,0,3182591,4894719,5222399,3247362.56,200
1790616071,0,1590,0,202.07,199.88,2592767,3166207,3905535,5177343,10313727,1387520,12419071,3352488.41,1368747.63,1590,10,10,10,0,0,0,0,0,0,2932735,4243455,5185535,3041500.16,200
1790616072,0,1790,0,201.85,200.13,2592767,3164159,3903487,5160959,10190847,1387520,12419071,3335353.06,1327065.09,1790,10,10,10,0,0,0,0,0,0,3151871,4907007,5242879,3199127.04,200
1790616073,0,1990,0,201.65,199.89,2592767,3164159,3901439,5140479,9854975,1387520,12419071,3320869.31,1292005.99,1990,10,10,10,0,0,0,0,0,0,3164159,4882431,5185535,3191239.68,200
1790616074,0,2190,0,201.50,200.00,2594815,3166207,3905535,5132287,9535487,1387520,12419071,3313966.99,1263691.14,2190,10,10,10,0,0,0,0,0,0,3176447,4919295,5226495,3245288.96,200
1790616075,0,2390,0,201.38,200.12,2596863,3168255,3909631,5050367,8994815,1387520,12419071,3304473.49,1239110.59,2390,10,10,10,0,0,0,0,0,0,3168255,4886527,5251071,3200519.68,200
1790616076,0,2590,0,201.27,199.91,2596863,3164159,3901439,4952063,8716287,1387520,12419071,3291558.45,1216296.73,2590,10,10,10,0,0,0,0,0,0,2988031,4452351,5177343,3137223.68,200
1790616077,0,2790,0,201.18,200.02,2596863,3164159,3901439,4952063,8527871,1387520,12419071,3285240.29,1197219.67,2790,10,10,10,0,0,0,0,0,0,3164159,4886527,5189631,3203420.16,200
1790616078,0,2990,0,201.10,199.99,2598911,3166207,3905535,4952063,8216575,1387520,12419071,3284074.85,1182825.59,2990,10,10,10,0,0,0,0,0,0,3194879,4931583,5353471,3267816.96,200
1790616079,0,3190,0,201.03,200.07,2596863,3164159,3905535,4943871,7401471,1387520,12419071,3278099.58,1167545.74,3190,10,10,10,0,0,0,0,0,0,3158015,4894719,5210111,3188769.28,200
1790616080,0,3390,0,200.97,199.92,2596863,3164159,3901439,4935679,7090175,1387520,12419071,3273454.93,1153902.73,3390,10,10,10,0,0,0,0,0,0,3135487,4857855,5173247,3199372.80,200
1790616081,0,3590,0,200.92,200.10,2596863,3164159,3905535,4935679,6463487,1387520,12419071,3269840.08,1143781.15,3590,10,10,10,0,0,0,0,0,0,3041279,4935679,5582847,3208568.32,200
1790616082,0,3790,0,200.87,199.99,2598911,3164159,3909631,4943871,6361087,1387520,12419071,3270692.61,1136508.07,3790,10,10,10,0,0,0,0,0,0,3194879,5095423,5689343,3285995.52,200
1790616083,0,3990,0,200.82,199.90,2600959,3166207,3911679,4952063,6238207,1387520,12419071,3269926.24,1129151.37,3990,10,10,10,0,0,0,0,0,0,3186687,4956159,5349375,3255403.52,200
1790616084,0,4190,0,200.78,200.01,2607103,3170303,3917823,4956159,6160383,1330176,12419071,3280162.58,1125605.30,4190,10,10,10,0,0,0,0,0,0,3356671,5332991,5746687,3484377.60,200
1790616085,0,4390,0,200.75,200.04,2609151,3170303,3919871,4956159,6103039,1330176,12419071,3282644.26,1118516.89,4390,10,10,10,0,0,0,0,0,0,3297279,5038079,5378047,3334635.52,200
1790616086,0,4590,0,200.72,200.00,2611199,3172351,3926015,4964351,6008831,1302528,12419071,3283656.78,1112735.58,4590,10,10,10,0,0,0,0,0,0,3211263,5079039,5423103,3305881.60,200
1790616087,0,4790,0,200.68,199.96,2613247,3174399,3930111,5005311,6008831,1302528,12419071,3289330.21,1111755.77,4790,10,10,10,0,0,0,0,0,0,3309567,5324799,6008831,3419535.36,200
1790616088,0,4990,0,200.65,199.96,2615295,3176447,3932159,5005311,5926911,1302528,12419071,3291426.58,1108017.47,4990,10,10,10,0,0,0,0,0,0,3231743,4907007,5496831,3341634.56,200
1790616089,0,5190,0,200.63,200.14,2615295,3176447,3936255,4988927,5877759,1302528,12419071,3291078.09,1102941.70,5190,10,10,10,0,0,0,0,0,0,3186687,4706303,5517311,3282383.36,200
1790616090,0,5390,0,200.61,200.02,2615295,3176447,3932159,4964351,5787647,1302528,12419071,3286512.23,1097345.91,5390,10,10,10,0,0,0,0,0,0,3117055,4743167,5238783,3168028.16,200
1790616091,0,5590,0,200.59,199.98,2611199,3174399,3936255,4964351,5758975,1125376,12419071,3283432.09,1094531.19,5590,10,10,10,0,0,0,0,0,0,3092479,4820991,5586943,3200422.40,200
1790616092,0,5790,0,200.57,199.99,2613247,3176447,3942399,4968447,5746687,1125376,12419071,3285153.56,1092831.37,5790,10,10,10,0,0,0,0,0,0,3182591,5177343,5734399,3333268.48,200
1790616093,0,5990,0,200.55,200.03,2611199,3174399,3946495,4968447,5746687,1125376,12419071,3283968.34,1091264.22,5990,10,10,10,0,0,0,0,0,0,3119103,4812799,5713919,3249656.32,200
1790616094,0,6190,0,200.53,199.89,2611199,3176447,3946495,4976639,5738495,1125376,12419071,3286156.94,1088905.85,6190,10,10,10,0,0,0,0,0,0,3254271,4997119,5488639,3351705.60,200
1790616095,0,6390,0,200.51,200.06,2613247,3178495,3952639,4988927,5738495,1125376,12419071,3291659.22,1088014.61,6390,10,10,10,0,0,0,0,0,0,3334143,5316607,5730303,3461954.56,200
1790616096,0,6590,0,200.50,199.98,2615295,3184639,3964927,5009407,5746687,1125376,12419071,3299045.12,1088105.71,6590,10,10,10,0,0,0,0,0,0,3500031,5394431,5799935,3535024.64,200
1790616097,0,6790,0,200.48,200.04,2617343,3186687,3969023,5009407,5746687,1125376,12419071,3302063.17,1087148.96,6790,10,10,10,0,0,0,0,0,0,3241983,5107711,5718015,3401507.84,200
1790616098,0,6990,0,200.47,199.99,2615295,3188735,3969023,4993023,5742591,1125376,12419071,3300575.19,1084319.09,6990,10,10,10,0,0,0,0,0,0,3229695,4780031,5332991,3250058.24,200
1790616099,0,7190,0,200.45,199.91,2619391,3190783,3975167,5005311,5742591,1125376,12419071,3305514.73,1083721.15,7190,10,10,10,0,0,0,0,0,0,3379199,5341183,5730303,3478151.68,200
1790616100,0,7390,0,200.45,200.16,2621439,3192831,3981311,5005311,5738495,1125376,12419071,3307183.84,1081832.58,7390,10,10,10,0,0,0,0,0,0,3239935,4984831,5599231,3367188.48,200
1790616101,0,7590,0,200.43,199.81,2621439,3194879,3983359,5025791,5750783,1125376,12419071,3309219.92,1082968.79,7590,10,10,10,0,0,0,0,0,0,3260415,5292031,6533119,3384453.12,200
1790616102,0,7790,0,200.42,200.05,2621439,3192831,3985407,5025791,5746687,1125376,12419071,3308056.25,1081587.44,7790,10,10,10,0,0,0,0,0,0,3125247,4833279,5664767,3263895.04,200
1790616103,0,7990,0,200.41,200.10,2621439,3192831,3983359,5017599,5746687,1125376,12419071,3305562.87,1078850.06,7990,10,10,10,0,0,0,0,0,0,3100671,4919295,5365759,3208445.44,200
1790616104,0,8190,0,200.40,199.91,2621439,3192831,3985407,5025791,5758975,1125376,12419071,3307039.13,1079357.58,8190,10,10,10,0,0,0,0,0,0,3223551,5271551,6332415,3366016.00,200
1790616105,0,8390,0,200.39,200.03,2621439,3192831,3987455,5038079,5750783,1125376,12419071,3307714.67,1078546.50,8390,10,10,10,0,0,0,0,0,0,3254271,5152767,5533695,3335377.92,200
1790616106,0,8590,0,200.38,199.90,2621439,3194879,4001791,5046271,5746687,1125376,12419071,3310680.04,1078286.85,8590,10,10,10,0,0,0,0,0,0,3311615,5292031,5718015,3435077.12,200
1790616107,0,8790,0,200.37,200.10,2621439,3194879,4005887,5058559,5746687,1125376,12419071,3311308.28,1077731.77,8790,10,10,10,0,0,0,0,0,0,3221503,5136383,5562367,3338291.20,200
1790616108,0,8990,0,200.36,199.93,2621439,3194879,4007935,5054463,5742591,1125376,12419071,3310340.95,1076873.42,8990,10,10,10,0,0,0,0,0,0,3139583,4829183,5701631,3267827.20,200
1790616109,0,9190,0,200.36,200.11,2621439,3194879,4012031,5062655,5742591,1125376,12419071,3310801.26,1076931.88,9190,10,10,10,0,0,0,0,0,0,3164159,5267455,5730303,3331491.84,200
1790616110,0,9390,0,200.35,199.90,2619391,3192831,4016127,5066751,5738495,1125376,12419071,3309923.89,1076543.04,9390,10,10,10,0,0,0,0,0,0,3108863,5177343,5664767,3269608.96,200
1790616111,0,9590,0,200.34,200.13,2621439,3194879,4020223,5087231,5738495,1125376,12419071,3311638.00,1076351.41,9590,10,10,10,0,0,0,0,0,0,3344383,5263359,5648383,3392115.20,200
1790616112,0,9790,0,200.34,200.03,2619391,3192831,4022271,5070847,5738495,1125376,12419071,3310621.65,1075550.27,9790,10,10,10,0,0,0,0,0,0,3117055,4796415,5656575,3261888.00,200
1790616113,0,9990,0,200.33,199.88,2619391,3192831,4024319,5087231,5734399,1125376,12419071,3310768.30,1075267.78,9990,10,10,10,0,0,0,0,0,0,3172351,5201919,5664767,3317946.88,200
1790616114,0,10190,0,200.32,200.00,2619391,3192831,4026367,5079039,5730303,1125376,12419071,3310962.56,1074676.98,10190,10,10,10,0,0,0,0,0,0,3172351,4898815,5705727,3320665.60,200
1790616115,0,10390,0,200.31,199.91,2621439,3194879,4036607,5095423,5738495,1125376,12419071,3314779.66,1075891.69,10390,10,10,10,0,0,0,0,0,0,3422207,5423103,5795839,3509260.80,200
1790616116,0,10590,0,200.31,200.20,2617343,3190783,4034559,5091327,5734399,1125376,12419071,3311658.21,1075181.66,10590,10,10,10,0,0,0,0,0,0,3041279,4734975,5689343,3149498.88,200
1790616117,0,10790,0,200.30,199.85,2615295,3190783,4034559,5091327,5734399,1125376,12419071,3311082.74,1074876.61,10790,10,10,10,0,0,0,0,0,0,3149823,5160959,5668863,3280611.84,200
1790616118,0,10990,0,200.30,200.10,2617343,3190783,4038655,5095423,5734399,1125376,12419071,3312629.24,1074768.39,10990,10,10,10,0,0,0,0,0,0,3330047,5283839,5726207,3396062.72,200
1790616119,0,11190,0,200.29,200.00,2615295,3190783,4040703,5095423,5730303,1125376,12419071,3311780.12,1074085.57,11190,10,10,10,0,0,0,0,0,0,3135487,4784127,5660671,3265121.28,200
1790616120,0,11390,0,200.29,200.01,2615295,3190783,4042751,5091327,5730303,1125376,12419071,3311802.41,1073496.56,11390,10,10,10,0,0,0,0,0,0,3151871,4841471,5705727,3313049.60,200
1790616121,0,11590,0,200.28,200.00,2615295,3188735,4042751,5087231,5730303,1125376,12419071,3310315.33,1072558.54,11590,10,10,10,0,0,0,0,0,0,3123199,4759551,5447679,3225625.60,200
1790616122,0,11790,0,200.28,199.84,2615295,3188735,4044799,5087231,5730303,1125376,12419071,3311743.63,1072199.05,11790,10,10,10,0,0,0,0,0,0,3330047,5185535,5685247,3394513.92,200
1790616123,0,11990,0,200.27,200.12,2615295,3188735,4044799,5079039,5726207,1125376,12419071,3310156.91,1071432.92,11990,10,10,10,0,0,0,0,0,0,3092479,4730879,5459967,3216619.52,200
1790616124,0,12210,0,200.60,219.96,2615295,3186687,4044799,5074943,5726207,1125376,12419071,3309240.34,1070469.37,12210,10,10,10,0,0,0,0,0,0,3119103,5013503,5640191,3259287.27,220
1790616125,0,12410,0,200.59,200.03,2615295,3188735,4046847,5087231,5726207,1125376,12419071,3310749.77,1070921.33,12410,10,10,10,0,0,0,0,0,0,3356671,5251071,5767167,3402900.48,200
1790616126,0,12610,0,200.58,199.89,2615295,3188735,4050943,5087231,5726207,1125376,12419071,3311834.08,1070688.90,12610,10,10,10,0,0,0,0,0,0,3241983,5193727,5677055,3379115.52,200
1790616127,0,12810,0,200.57,200.08,2615295,3186687,4050943,5091327,5730303,1125376,12419071,3311178.42,1070634.25,12810,10,10,10,0,0,0,0,0,0,3158015,5251071,5730303,3269839.36,200
1790616128,0,13010,0,200.56,200.06,2615295,3186687,4055039,5091327,5730303,1125376,12419071,3311745.55,1070617.48,13010,10,10,10,0,0,0,0,0,0,3182591,5259263,5734399,3348070.40,200
1790616129,0,13210,0,200.55,199.88,2615295,3186687,4055039,5091327,5726207,1125376,12419071,3311904.75,1070139.60,13210,10,10,10,0,0,0,0,0,0,3162111,5206015,5631999,3322260.48,200
1790616130,0,13410,0,200.54,200.04,2615295,3186687,4057087,5095423,5726207,1125376,12419071,3311839.58,1069344.58,13410,10,10,10,0,0,0,0,0,0,3147775,5132287,5562367,3307535.36,200
1790616131,0,13610,0,200.54,200.05,2615295,3184639,4057087,5091327,5722111,1125376,12419071,3310174.27,1068675.96,13610,10,10,10,0,0,0,0,0,0,3061759,4677631,5513215,3198515.20,200
1790616132,0,13810,0,200.53,199.99,2615295,3184639,4059135,5091327,5722111,1125376,12419071,3309750.70,1068283.13,13810,10,10,10,0,0,0,0,0,0,3086335,5042175,5615615,3280926.72,200
1790616133,0,14010,0,200.52,200.00,2615295,3184639,4059135,5095423,5718015,1125376,12419071,3310102.88,1067851.04,14010,10,10,10,0,0,0,0,0,0,3166207,5156863,5570559,3334420.48,200
1790616134,0,14210,0,200.51,200.09,2615295,3186687,4059135,5095423,5718015,1125376,12419071,3311332.36,1068056.49,14210,10,10,10,0,0,0,0,0,0,3313663,5263359,5685247,3397457.92,200
1790616135,0,14410,0,200.51,199.91,2615295,3184639,4059135,5095423,5718015,1125376,12419071,3310224.68,1067539.07,14410,10,10,10,0,0,0,0,0,0,3096575,4751359,5619711,3231523.84,200
1790616136,0,14610,0,200.50,200.02,2615295,3184639,4061183,5103615,5718015,1125376,12419071,3310536.91,1067371.66,14610,10,10,10,0,0,0,0,0,0,3172351,5218303,5636095,3333032.96,200
1790616137,0,14810,0,200.49,199.95,2615295,3184639,4063231,5111807,5718015,1125376,12419071,3311209.06,1067620.41,14810,10,10,10,0,0,0,0,0,0,3250175,5185535,5668863,3360309.76,200
1790616138,0,15010,0,200.49,200.07,2615295,3186687,4063231,5115903,5718015,1125376,12419071,3312612.51,1067598.02,15010,10,10,10,0,0,0,0,0,0,3379199,5226495,5681151,3416537.60,200
1790616139,0,15210,0,200.48,199.87,2615295,3186687,4065279,5111807,5718015,1125376,12419071,3312801.54,1066820.17,15210,10,10,10,0,0,0,0,0,0,3231743,4943871,5685247,3326988.80,200
1790616140,0,15410,0,200.47,200.14,2615295,3184639,4063231,5111807,5713919,1125376,12419071,3311449.94,1066081.59,15410,10,10,10,0,0,0,0,0,0,3076095,4780031,5668863,3208660.48,200
1790616141,0,15610,0,200.47,199.85,2615295,3184639,4065279,5124095,5718015,1125376,12419071,3312950.64,1068101.32,15610,10,10,10,0,0,0,0,0,0,3166207,5615615,7016447,3428579.84,200
1790616142,0,15810,0,200.46,200.10,2615295,3184639,4067327,5124095,5718015,1125376,12419071,3313176.48,1068220.39,15810,10,10,10,0,0,0,0,0,0,3209215,5029887,5697535,3330803.20,200
1790616143,0,16010,0,200.46,200.09,2617343,3186687,4069375,5124095,5718015,1125376,12419071,3314776.36,1067854.40,16010,10,10,10,0,0,0,0,0,0,3352575,5177343,5537791,3441246.72,200
1790616144,0,16210,0,200.45,199.92,2615295,3186687,4067327,5124095,5718015,1125376,12419071,3313667.98,1067279.12,16210,10,10,10,0,0,0,0,0,0,3065855,4689919,5541887,3224942.08,200
1790616145,0,16410,0,200.44,200.00,2615295,3186687,4067327,5119999,5713919,1125376,12419071,3312438.07,1066549.18,16410,10,10,10,0,0,0,0,0,0,3096575,4730879,5623807,3212753.92,200
1790616146,0,16610,0,200.44,199.92,2615295,3184639,4069375,5119999,5713919,1125376,12419071,3312158.92,1066007.02,16610,10,10,10,0,0,0,0,0,0,3106815,5054463,5525503,3289254.40,200
1790616147,0,16810,0,200.43,200.14,2615295,3184639,4069375,5119999,5713919,1125376,12419071,3311619.99,1065576.37,16810,10,10,10,0,0,0,0,0,0,3119103,5156863,5562367,3266862.08,200
1790616148,0,17010,0,200.43,199.86,2615295,3184639,4067327,5119999,5709823,1125376,12419071,3311274.00,1064776.90,17010,10,10,10,0,0,0,0,0,0,3155967,4820991,5550079,3282193.92,200
1790616149,0,17210,0,200.42,200.03,2615295,3184639,4069375,5119999,5709823,1125376,12419071,3311514.34,1064098.86,17210,10,10,10,0,0,0,0,0,0,3213311,4956159,5636095,3331955.20,200
1790616150,0,17410,0,200.42,200.12,2615295,3184639,4069375,5119999,5709823,1125376,12419071,3312074.42,1063919.94,17410,10,10,10,0,0,0,0,0,0,3182591,5185535,6082559,3360268.80,200
1790616151,0,17610,0,200.41,199.91,2615295,3184639,4065279,5115903,5709823,1125376,12419071,3309302.11,1062317.76,17610,10,10,10,0,0,0,0,0,0,2942975,4444159,5193727,3067973.12,200
1790616152,0,17810,0,200.41,200.05,2615295,3182591,4063231,5111807,5709823,1125376,12419071,3307634.50,1060695.78,17810,10,10,10,0,0,0,0,0,0,3131391,4689919,5210111,3160801.28,200
1790616153,0,18010,0,200.40,199.86,2615295,3182591,4063231,5111807,5709823,1125376,12419071,3308095.51,1060005.74,18010,10,10,10,0,0,0,0,0,0,3209215,5152767,5529599,3349148.16,200
1790616154,0,18210,0,200.40,200.11,2615295,3182591,4063231,5111807,5705727,1125376,12419071,3307728.40,1059160.83,18210,10,10,10,0,0,0,0,0,0,3201023,4853759,5505023,3274670.08,200
1790616155,0,18410,0,200.40,200.02,2615295,3182591,4063231,5107711,5705727,1125376,12419071,3306857.57,1058042.95,18410,10,10,10,0,0,0,0,0,0,3145727,4767743,5488639,3227568.64,200
1790616156,0,18610,0,200.39,199.93,2615295,3182591,4061183,5099519,5705727,1125376,12419071,3305563.26,1056666.27,18610,10,10,10,0,0,0,0,0,0,3149823,4861951,5246975,3186421.76,200
1790616157,0,18810,0,200.39,200.08,2613247,3182591,4059135,5095423,5705727,1125376,12419071,3303780.52,1055720.06,18810,10,10,10,0,0,0,0,0,0,3043327,4591615,5459967,3137896.96,200
1790616158,0,19010,0,200.38,199.98,2613247,3182591,4059135,5095423,5701631,1125376,12419071,3304031.83,1055057.50,19010,10,10,10,0,0,0,0,0,0,3221503,5132287,5529599,3327667.20,200
1790616159,0,19210,0,200.38,200.07,2615295,3182591,4061183,5099519,5705727,1125376,12419071,3304850.22,1055018.84,19210,10,10,10,0,0,0,0,0,0,3291135,5197823,5836799,3382638.08,200
1790616160,0,19410,0,200.38,199.96,2615295,3182591,4061183,5095423,5701631,1125376,12419071,3304536.23,1054558.50,19410,10,10,10,0,0,0,0,0,0,3153919,4800511,5533695,3274378.24,200
1790616161,0,19610,0,200.37,199.93,2615295,3182591,4063231,5099519,5701631,1125376,12419071,3305166.55,1054540.40,19610,10,10,10,0,0,0,0,0,0,3321855,5201919,5582847,3366338.56,200
1790616162,0,19810,0,200.37,199.98,2615295,3180543,4061183,5095423,5701631,1125376,12419071,3303669.66,1053147.63,19810,10,10,10,0,0,0,0,0,0,3135487,4812799,5173247,3156899.84,200
1790616163,0,20010,0,200.36,200.12,2613247,3178495,4057087,5091327,5701631,1125376,12419071,3301263.54,1051773.97,20010,10,10,10,0,0,0,0,0,0,2926591,4407295,5206015,3062937.60,200
1790616164,0,20210,0,200.36,199.90,2611199,3178495,4057087,5095423,5701631,1125376,12419071,3301418.66,1052331.96,20210,10,10,10,0,0,0,0,0,0,3180543,5210111,6676479,3316938.24,200
1790616165,0,20410,0,200.36,199.99,2611199,3178495,4055039,5091327,5701631,1125376,12419071,3300541.35,1051387.88,20410,10,10,10,0,0,0,0,0,0,3166207,4915199,5279743,3211888.64,200
1790616166,0,20610,0,200.35,200.08,2611199,3178495,4052991,5091327,5701631,1125376,12419071,3300182.97,1050922.21,20610,10,10,10,0,0,0,0,0,0,3190783,5132287,5795839,3263610.88,200
1790616167,0,20810,0,200.35,200.00,2613247,3178495,4052991,5095423,5701631,1125376,12419071,3300580.76,1050540.22,20810,10,10,10,0,0,0,0,0,0,3217407,5181439,5529599,3341573.12,200
1790616168,0,21010,0,200.35,200.05,2613247,3180543,4050943,5095423,5705727,1125376,12419071,3300744.05,1050627.33,21010,10,10,10,0,0,0,0,0,0,3198975,5238783,6164479,3317734.40,200
1790616169,0,21210,0,200.34,199.91,2613247,3180543,4050943,5095423,5705727,1125376,12419071,3300419.06,1051150.41,21210,10,10,10,0,0,0,0,0,0,3168255,5210111,6873087,3266278.40,200
1790616170,0,21410,0,200.34,200.07,2613247,3180543,4050943,5111807,5709823,1125376,12419071,3301970.12,1052629.73,21410,10,10,10,0,0,0,0,0,0,3262463,5644287,6594559,3466460.16,200
1790616171,0,21610,0,200.34,199.97,2613247,3180543,4048895,5103615,5709823,1125376,12419071,3300600.30,1051499.84,21610,10,10,10,0,0,0,0,0,0,3039231,4583423,5230591,3153960.96,200
1790616172,0,21810,0,200.33,200.00,2613247,3180543,4046847,5103615,5709823,1125376,12419071,3300529.22,1051180.20,21810,10,10,10,0,0,0,0,0,0,3207167,4956159,5693439,3292848.64,200
1790616173,0,22010,0,200.33,199.93,2613247,3180543,4046847,5099519,5709823,1125376,12419071,3300730.71,1051044.53,22010,10,10,10,0,0,0,0,0,0,3194879,4964351,5656575,3322703.36,200
1790616174,0,22210,0,200.33,200.08,2611199,3180543,4048895,5099519,5709823,1125376,12419071,3300400.83,1051037.53,22210,10,10,10,0,0,0,0,0,0,3112959,4800511,5701631,3264097.28,200
1790616175,0,22410,0,200.33,199.98,2613247,3180543,4050943,5099519,5709823,1125376,12419071,3301156.87,1050972.33,22410,10,10,10,0,0,0,0,0,0,3371007,5115903,5517311,3385116.16,200
1790616176,0,22610,0,200.32,199.92,2611199,3178495,4046847,5095423,5705727,1125376,12419071,3299561.51,1050517.34,22610,10,10,10,0,0,0,0,0,0,3016703,4734975,5320703,3120801.28,200
1790616177,0,22810,0,200.32,200.05,2609151,3178495,4044799,5091327,5705727,1125376,12419071,3297136.59,1049837.81,22810,10,10,10,0,0,0,0,0,0,2961407,4624383,5095423,3022999.04,200
1790616178,0,23010,0,200.32,199.91,2611199,3178495,4044799,5091327,5705727,1125376,12419071,3297540.63,1050088.68,23010,10,10,10,0,0,0,0,0,0,3229695,5210111,5742591,3343621.12,200
1790616179,0,23210,0,200.31,200.14,2609151,3178495,4046847,5091327,5705727,1125376,12419071,3297322.88,1050013.02,23210,10,10,10,0,0,0,0,0,0,3135487,4968447,5570559,3272271.36,200
1790616180,0,23410,0,200.31,200.02,2609151,3178495,4046847,5091327,5705727,1125376,12419071,3297355.26,1049887.59,23410,10,10,10,0,0,0,0,0,0,3151871,4800511,5681151,3301112.32,200
1790616181,0,23610,0,200.31,200.00,2611199,3178495,4048895,5095423,5705727,1125376,12419071,3298459.83,1050036.21,23610,10,10,10,0,0,0,0,0,0,3346431,5251071,5656575,3427750.40,200
1790616182,0,23810,0,200.31,199.88,2611199,3178495,4048895,5095423,5705727,1125376,12419071,3297960.80,1049749.23,23810,10,10,10,0,0,0,0,0,0,3139583,4788223,5525503,3239050.24,200
1790616183,0,24010,0,200.30,200.10,2611199,3178495,4050943,5095423,5705727,1125376,12419071,3298571.56,1049776.19,24010,10,10,10,0,0,0,0,0,0,3305471,5210111,5627903,3371281.92,200
1790616184,0,24490,0,202.62,479.94,2590719,3166207,4036607,5103615,5718015,1125376,15597567,3290559.06,1096418.22,24490,10,10,10,0,0,0,0,0,0,2260991,9961471,14983167,2889767.47,480
1790616185,0,24990,0,205.06,499.93,2568191,3151871,4018175,5079039,5713919,1125376,15597567,3271203.63,1097301.31,24990,10,10,10,0,0,0,0,0,0,2279423,3442687,3684351,2323174.40,500
1790616186,0,25490,0,207.46,499.84,2545663,3135487,3999743,5054463,5709823,1125376,15597567,3252568.98,1097625.44,25490,10,10,10,0,0,0,0,0,0,2299903,3411967,3635199,2321209.34,500
1790616187,0,25990,0,209.82,499.99,2510847,3115007,3981311,5038079,5709823,1125376,15597567,3233917.84,1097855.75,25990,10,10,10,0,0,0,0,0,0,2250751,3276799,3559423,2283082.75,500
1790616188,0,26490,0,212.14,500.35,2420735,3094527,3958783,5013503,5705727,1125376,15597567,3215385.88,1098556.75,26490,10,10,10,0,0,0,0,0,0,2179071,3344383,3661823,2252094.46,500
1790616189,0,26990,0,214.43,499.81,2365439,3074047,3944447,4988927,5705727,1125376,15597567,3197666.84,1098831.92,26990,10,10,10,0,0,0,0,0,0,2199551,3321855,3629055,2258912.26,500
1790616190,0,27490,0,216.68,500.02,2316287,3059711,3926015,4968447,5701631,1125376,15597567,3182614.93,1098255.20,27490,10,10,10,0,0,0,0,0,0,2316287,3528703,4501503,2370112.51,500
1790616191,0,27990,0,218.90,500.10,2269183,3045375,3911679,4952063,5701631,1125376,15597567,3167035.23,1097408.66,27990,10,10,10,0,0,0,0,0,0,2246655,3393535,3663871,2310463.49,500
1790616192,0,28490,0,221.08,499.66,2246655,3033087,3899391,4939775,5693439,1125376,15597567,3153277.69,1095531.87,28490,10,10,10,0,0,0,0,0,0,2377727,3479551,3710975,2383130.62,500
1790616193,0,28990,0,223.23,500.44,2228223,3020799,3887103,4931583,5701631,1125376,15597567,3140324.57,1098264.95,28990,10,10,10,0,0,0,0,0,0,2252799,3491839,8122367,2402255.87,500
1790616194,0,29490,0,225.34,499.91,2209791,3010559,3872767,4919295,5693439,1125376,15597567,3126069.28,1096934.93,29490,10,10,10,0,0,0,0,0,0,2250751,3371007,3637247,2299547.65,500
1790616195,0,29990,0,227.42,499.95,2193407,2996223,3860479,4902911,5693439,1125376,15597567,3111354.77,1096107.78,29990,10,10,10,0,0,0,0,0,0,2179071,3303423,3631103,2243492.86,500
1790616196,0,30490,0,229.48,499.92,2185215,2985983,3844095,4894719,5685247,1125376,15597567,3098145.38,1094361.57,30490,10,10,10,0,0,0,0,0,0,2254847,3358719,3651583,2305846.27,500
1790616197,0,30990,0,231.50,499.91,2179071,2975743,3823615,4882431,5685247,1125376,15597567,3086341.42,1092189.25,30990,10,10,10,0,0,0,0,0,0,2359295,3467263,3700735,2366535.68,500
1790616198,0,31490,0,233.49,500.36,2174975,2969599,3805183,4882431,5693439,1125376,15597567,3079264.89,1096251.74,31490,10,10,10,0,0,0,0,0,0,2416639,4198399,8265727,2640661.50,500
1790616199,0,31990,0,235.45,499.58,2170879,2959359,3782655,4874239,5693439,1125376,15597567,3068130.10,1093593.84,31990,10,10,10,0,0,0,0,0,0,2377727,3377151,3627007,2366861.31,500
1790616200,0,32490,0,237.38,500.18,2164735,2949119,3762175,4861951,5685247,1125376,15597567,3056663.10,1091412.06,32490,10,10,10,0,0,0,0,0,0,2291711,3395583,3633151,2323004.42,500
1790616201,0,32990,0,239.29,500.09,2156543,2938879,3743743,4849663,5685247,1125376,15597567,3043367.62,1090416.13,32990,10,10,10,0,0,0,0,0,0,2105343,3211263,3583999,2179427.33,500
1790616202,0,33490,0,241.16,499.96,2152447,2930687,3725311,4837375,5681151,1125376,15597567,3032421.48,1088312.81,33490,10,10,10,0,0,0,0,0,0,2250751,3411967,3641343,2310195.20,500
1790616203,0,33990,0,243.01,499.71,2148351,2922495,3710975,4820991,5672959,1125376,15597567,3021618.06,1086139.81,33990,10,10,10,0,0,0,0,0,0,2254847,3377151,3633151,2298004.48,500
1790616204,0,34490,0,244.84,500.43,2144255,2914303,3700735,4808703,5668863,1125376,15597567,3011377.89,1083739.64,34490,10,10,10,0,0,0,0,0,0,2279423,3366911,3633151,2315251.71,500
1790616205,0,34990,0,246.64,500.05,2140159,2906111,3688447,4800511,5668863,1125376,15597567,3001618.93,1081765.02,34990,10,10,10,0,0,0,0,0,0,2254847,3473407,4374527,2328445.95,500
1790616206,0,35490,0,248.41,499.65,2136063,2895871,3676159,4788223,5660671,1125376,15597567,2991847.82,1079459.40,35490,10,10,10,0,0,0,0,0,0,2283519,3389439,3606527,2308065.28,500
1790616207,0,35990,0,250.16,500.33,2129919,2887679,3661823,4780031,5660671,1125376,15597567,2981677.17,1077621.44,35990,10,10,10,0,0,0,0,0,0,2189311,3373055,3848191,2259764.22,500
1790616208,0,36490,0,251.88,499.93,2123775,2877439,3647487,4775935,5656575,1125376,15597567,2972409.81,1075251.43,36490,10,10,10,0,0,0,0,0,0,2277375,3360767,3655679,2305345.54,500
1790616209,0,36990,0,253.59,500.02,2119679,2869247,3639295,4780031,5685247,1125376,25182207,2978823.71,1195088.13,36990,10,10,10,0,0,0,0,0,0,2177023,17219583,23756799,3446909.95,500
1790616210,0,37490,0,255.26,499.74,2117631,2863103,3633151,4784127,5705727,1125376,25968639,2991004.19,1323957.12,37490,10,10,10,0,0,0,0,0,0,2559999,20283391,24657919,3892116.48,500
1790616211,0,37990,0,256.92,500.15,2115583,2856959,3620863,4780031,5705727,1125376,25968639,2985001.04,1318966.80,37990,10,10,10,0,0,0,0,0,0,2455551,3737599,5066751,2534884.35,500
1790616212,0,38490,0,258.55,500.01,2115583,2850815,3614719,4780031,5718015,1125376,25968639,2984326.83,1326822.60,38490,10,10,10,0,0,0,0,0,0,2500607,8544255,10420223,2933100.54,500
1790616213,0,38990,0,260.16,500.02,2113535,2846719,3608575,4796415,5758975,1125376,25968639,2995816.19,1407798.82,38990,10,10,10,0,0,0,0,0,0,2592767,17514495,21921791,3880266.75,500
1790616214,0,39490,0,261.75,499.74,2111487,2836479,3594239,4784127,5758975,1125376,25968639,2987570.73,1402207.37,39490,10,10,10,0,0,0,0,0,0,2273279,3469311,3715071,2344590.34,500
1790616215,0,39990,0,263.32,499.91,2107391,2828287,3588095,4800511,6008831,1125376,25968639,2999996.92,1500833.82,39990,10,10,10,0,0,0,0,0,0,2426879,20135935,23560191,3981417.47,500
1790616216,0,40490,0,264.87,500.09,2103295,2815999,3571711,4792319,5926911,1125376,25968639,2991759.77,1494837.05,40490,10,10,10,0,0,0,0,0,0,2306047,3416063,3717119,2332952.58,500
1790616217,0,40990,0,266.40,500.06,2099199,2803711,3551231,4780031,5906431,1125376,25968639,2983786.72,1488922.99,40990,10,10,10,0,0,0,0,0,0,2299903,3414015,3702783,2338128.90,500
1790616218,0,41490,0,267.91,500.28,2094079,2791423,3543039,4780031,5926911,1125376,25968639,2979363.00,1489345.72,41490,10,10,10,0,0,0,0,0,0,2349055,4542463,11370495,2616706.05,500
1790616219,0,41990,0,269.39,499.58,2088959,2772991,3528703,4775935,5906431,1125376,25968639,2970698.42,1483923.79,41990,10,10,10,0,0,0,0,0,0,2201599,3327999,3635199,2251711.49,500
1790616220,0,42490,0,270.87,500.48,2083839,2756607,3514367,4767743,5869567,1125376,25968639,2962623.68,1478363.99,42490,10,10,10,0,0,0,0,0,0,2234367,3383295,3627007,2284507.14,500
1790616221,0,42990,0,272.32,499.98,2076671,2738175,3500031,4759551,5853183,1125376,25968639,2954396.88,1473023.14,42990,10,10,10,0,0,0,0,0,0,2207743,3311615,3649535,2255283.20,500
1790616222,0,43490,0,273.75,499.94,2071551,2727935,3489791,4751359,5824511,1125376,25968639,2946481.98,1467700.25,43490,10,10,10,0,0,0,0,0,0,2215935,3350527,3620863,2265959.42,500
1790616223,0,43990,0,275.16,499.90,2065407,2715647,3479551,4747263,5799935,1125376,25968639,2938208.46,1462646.37,43990,10,10,10,0,0,0,0,0,0,2158591,3264511,3620863,2218577.92,500
1790616224,0,44490,0,276.56,499.93,2061311,2707455,3473407,4739071,5795839,1125376,25968639,2931338.06,1457386.22,44490,10,10,10,0,0,0,0,0,0,2263039,3500031,3778559,2326880.26,500
1790616225,0,44990,0,277.94,499.91,2057215,2701311,3463167,4734975,5779455,1125376,25968639,2924521.19,1452018.62,44990,10,10,10,0,0,0,0,0,0,2287615,3395583,3618815,2317956.10,500
1790616226,0,45490,0,279.30,499.89,2053119,2695167,3457023,4734975,5836799,1125376,25968639,2922669.23,1459411.29,45490,10,10,10,0,0,0,0,0,0,2283519,5410815,13164543,2756029.44,500
1790616227,0,45990,0,280.65,500.01,2051071,2691071,3450879,4730879,5812223,1125376,25968639,2918294.28,1454305.17,45990,10,10,10,0,0,0,0,0,0,2400255,3971071,4653055,2520261.63,500
1790616228,0,46490,0,281.98,500.36,2049023,2684927,3444735,4722687,5795839,1125376,25968639,2912675.88,1448783.91,46490,10,10,10,0,0,0,0,0,0,2326527,3522559,3745791,2395894.78,500
1790616229,0,46990,0,283.30,499.91,2047999,2682879,3438591,4718591,5791743,1125376,25968639,2908540.05,1443021.16,46990,10,10,10,0,0,0,0,0,0,2498559,3559423,3801087,2523991.04,500
1790616230,0,47490,0,284.60,499.72,2047999,2678783,3432447,4710399,5775359,1125376,25968639,2904004.65,1437474.55,47490,10,10,10,0,0,0,0,0,0,2467839,3579903,3801087,2477767.68,500
1790616231,0,47990,0,285.88,500.08,2045951,2672639,3422207,4706303,5767167,1125376,25968639,2897450.45,1432344.29,47990,10,10,10,0,0,0,0,0,0,2211839,3227647,3635199,2274932.74,500
1790616232,0,48490,0,287.15,500.31,2044927,2668543,3418111,4710399,5828607,1125376,25968639,2896234.80,1432200.04,48490,10,10,10,0,0,0,0,0,0,2469887,6164479,9256959,2779556.86,500
1790616233,0,48990,0,288.40,499.56,2044927,2666495,3411967,4706303,5853183,1125376,25968639,2893114.92,1428013.43,48990,10,10,10,0,0,0,0,0,0,2482175,3713023,6930431,2590548.99,500
1790616234,0,49490,0,289.64,500.33,2043903,2662399,3405823,4702207,5869567,1125376,25968639,2890475.64,1425688.52,49490,10,10,10,0,0,0,0,0,0,2471935,3784703,9224191,2631878.66,500
1790616235,0,49990,0,290.86,499.77,2042879,2658303,3399679,4698111,5853183,1125376,25968639,2885620.77,1420652.99,49990,10,10,10,0,0,0,0,0,0,2338815,3512319,3993599,2405086.21,500
1790616236,0,50490,0,292.07,500.06,2039807,2652159,3391487,4694015,5828607,1125376,25968639,2879807.03,1415934.70,50490,10,10,10,0,0,0,0,0,0,2213887,3414015,3702783,2298549.25,500
1790616237,0,50990,0,293.27,500.11,2037759,2648063,3383295,4689919,5804031,1125376,25968639,2874991.96,1411053.88,50990,10,10,10,0,0,0,0,0,0,2326527,3508223,3745791,2388765.70,500
1790616238,0,51490,0,294.45,500.06,2037759,2646015,3377151,4689919,5881855,1125376,25968639,2874393.47,1412425.18,51490,10,10,10,0,0,0,0,0,0,2478079,5103615,10723327,2813359.10,500
1790616239,0,51990,0,295.62,499.83,2037759,2643967,3371007,4685823,5857279,1125376,25968639,2870627.06,1407447.48,51990,10,10,10,0,0,0,0,0,0,2469887,3635199,3919871,2482762.75,500
1790616240,0,52490,0,296.78,500.29,2036735,2639871,3362815,4681727,5836799,1125376,25968639,2865841.15,1402691.53,52490,10,10,10,0,0,0,0,0,0,2322431,3420159,3713023,2368201.73,500
1790616241,0,52990,0,297.92,500.00,2035711,2637823,3358719,4681727,5947391,1125376,25968639,2865922.86,1410758.87,52990,10,10,10,0,0,0,0,0,0,2361343,5984255,13426687,2874501.12,500
1790616242,0,53490,0,299.05,499.56,2033663,2633727,3348479,4677631,5914623,1125376,25968639,2860717.03,1406146.82,53490,10,10,10,0,0,0,0,0,0,2263039,3299327,3629055,2309003.26,500
1790616243,0,53990,0,300.16,500.17,2031615,2627583,3340287,4673535,5894143,1125376,25968639,2854992.66,1401858.97,53990,10,10,10,0,0,0,0,0,0,2158591,3321855,3776511,2242599.94,500
1790616244,0,54250,0,299.94,260.03,2032639,2629631,3340287,4669439,5877759,1125376,25968639,2854851.39,1399570.81,54250,10,10,10,0,0,0,0,0,0,2873343,4227071,4612095,2825515.32,260
1790616245,0,54450,0,299.39,199.95,2033663,2629631,3344383,4673535,5861375,1125376,25968639,2856396.47,1398607.35,54450,10,10,10,0,0,0,0,0,0,3201023,4902911,5636095,3275499.52,200
1790616246,0,54650,0,298.85,199.95,2033663,2631679,3346431,4673535,5857279,1125376,25968639,2857805.69,1397630.54,54650,10,10,10,0,0,0,0,0,0,3104767,4792319,5668863,3241464.32,200
1790616247,0,54850,0,298.31,200.16,2034687,2633727,3350527,4673535,5853183,1125376,25968639,2859208.73,1396660.16,54850,10,10,10,0,0,0,0,0,0,3121151,4771839,5685247,3242590.72,200
1790616248,0,55050,0,297.78,199.90,2035711,2633727,3354623,4677631,5840895,1125376,25968639,2860631.19,1395588.69,55050,10,10,10,0,0,0,0,0,0,3108863,4833279,5300223,3250741.76,200
1790616249,0,55250,0,297.25,200.05,2035711,2635775,3356671,4677631,5836799,1125376,25968639,2861978.48,1394578.26,55250,10,10,10,0,0,0,0,0,0,3106815,4820991,5414911,3232819.20,200
1790616250,0,55450,0,296.73,200.07,2036735,2637823,3360767,4677631,5824511,1125376,25968639,2863438.28,1393674.37,55450,10,10,10,0,0,0,0,0,0,3106815,5189631,5689343,3266708.48,200
1790616251,0,55650,0,296.22,199.82,2037759,2639871,3364863,4681727,5812223,1125376,25968639,2865002.29,1392814.64,55650,10,10,10,0,0,0,0,0,0,3123199,5185535,5627903,3298624.00,200
1790616252,0,55850,0,295.71,200.16,2038783,2639871,3368959,4681727,5804031,1125376,25968639,2866205.11,1391778.80,55850,10,10,10,0,0,0,0,0,0,3076095,4734975,5472255,3200888.32,200
1790616253,0,56050,0,295.20,199.84,2039807,2641919,3371007,4681727,5799935,1125376,25968639,2867978.37,1391018.61,56050,10,10,10,0,0,0,0,0,0,3262463,5201919,5672959,3363161.60,200
1790616254,0,56250,0,294.71,200.11,2040831,2643967,3375103,4681727,5795839,1125376,25968639,2869249.83,1389980.95,56250,10,10,10,0,0,0,0,0,0,3071999,4759551,5312511,3225576.96,200
1790616255,0,56450,0,294.21,199.99,2041855,2646015,3377151,4685823,5795839,1125376,25968639,2870672.80,1389146.63,56450,10,10,10,0,0,0,0,0,0,3145727,5177343,5648383,3270883.84,200
1790616256,0,56650,0,293.72,199.94,2041855,2648063,3379199,4685823,5795839,1125376,25968639,2871993.77,1388151.05,56650,10,10,10,0,0,0,0,0,0,3100671,4952063,5509119,3244835.84,200
1790616257,0,56850,0,293.24,200.05,2042879,2648063,3381247,4685823,5791743,1125376,25968639,2873064.48,1387089.74,56850,10,10,10,0,0,0,0,0,0,3069951,4648959,5541887,3176343.04,200
1790616258,0,57050,0,292.76,200.04,2043903,2650111,3385343,4685823,5791743,1125376,25968639,2874715.18,1386367.96,57050,10,10,10,0,0,0,0,0,0,3233791,5193727,5730303,3343928.32,200
1790616259,0,57250,0,292.29,200.05,2044927,2652159,3387391,4689919,5787647,1125376,25968639,2875818.67,1385317.86,57250,10,10,10,0,0,0,0,0,0,3045375,4739071,5545983,3190589.44,200
1790616260,0,57450,0,291.82,199.96,2044927,2654207,3391487,4689919,5779455,1125376,25968639,2877168.37,1384302.73,57450,10,10,10,0,0,0,0,0,0,3178495,4931583,5222399,3263518.72,200
1790616261,0,57650,0,291.36,199.90,2045951,2656255,3393535,4689919,5787647,1125376,25968639,2878788.26,1384529.86,57650,10,10,10,0,0,0,0,0,0,3170303,4943871,10117119,3344102.40,200
1790616262,0,57850,0,290.90,200.05,2046975,2658303,3397631,4689919,5787647,1125376,25968639,2880375.34,1383705.83,57850,10,10,10,0,0,0,0,0,0,3209215,5201919,5906431,3337850.88,200
1790616263,0,58050,0,290.44,200.03,2047999,2658303,3399679,4689919,5779455,1125376,25968639,2881744.44,1382873.54,58050,10,10,10,0,0,0,0,0,0,3141631,4841471,5718015,3277757.44,200
1790616264,0,58250,0,289.99,200.00,2049023,2660351,3403775,4694015,5775359,1125376,25968639,2883491.34,1382141.63,58250,10,10,10,0,0,0,0,0,0,3342335,5210111,5595135,3390528.00,200
1790616265,0,58450,0,289.55,199.95,2050047,2662399,3405823,4694015,5775359,1125376,25968639,2885039.88,1381361.13,58450,10,10,10,0,0,0,0,0,0,3190783,5173247,5595135,3336053.76,200
1790616266,0,58650,0,289.10,200.02,2050047,2664447,3409919,4694015,5771263,1125376,25968639,2886535.66,1380568.86,58650,10,10,10,0,0,0,0,0,0,3170303,5201919,5615615,3323676.16,200
1790616267,0,58850,0,288.67,200.07,2051071,2666495,3411967,4694015,5767167,1125376,25968639,2887711.99,1379660.19,58850,10,10,10,0,0,0,0,0,0,3110911,4739071,5652479,3232670.72,200
1790616268,0,59050,0,288.23,199.84,2052095,2666495,3414015,4694015,5767167,1125376,25968639,2888926.19,1378784.00,59050,10,10,10,0,0,0,0,0,0,3125247,4796415,5627903,3246205.44,200
1790616269,0,59250,0,287.81,200.11,2053119,2668543,3416063,4698111,5775359,1125376,25968639,2890831.60,1379217.35,59250,10,10,10,0,0,0,0,0,0,3178495,5713919,8511487,3453404.16,200
1790616270,0,59450,0,287.38,199.90,2054143,2670591,3420159,4698111,5771263,1125376,25968639,2892258.14,1378440.65,59450,10,10,10,0,0,0,0,0,0,3184639,5181439,5603327,3314869.76,200
1790616271,0,59650,0,286.96,200.10,2054143,2672639,3422207,4698111,5767167,1125376,25968639,2893461.95,1377535.50,59650,10,10,10,0,0,0,0,0,0,3143679,4931583,5607423,3251294.72,200
1790616272,0,59850,0,286.54,199.90,2055167,2674687,3424255,4702207,5767167,1125376,25968639,2894724.90,1376746.26,59850,10,10,10,0,0,0,0,0,0,3112959,4804607,5718015,3271398.40,200
1790616273,0,60050,0,286.13,200.03,2056191,2676735,3426303,4702207,5767167,1125376,25968639,2896241.56,1376075.61,60050,10,10,10,0,0,0,0,0,0,3241983,5279743,5689343,3350103.04,200
1790616274,0,60250,0,285.72,200.08,2057215,2676735,3428351,4706303,5763071,1125376,25968639,2897601.00,1375302.66,60250,10,10,10,0,0,0,0,0,0,3149823,5201919,5615615,3305771.52,200
1790616275,0,60450,0,285.32,199.93,2058239,2678783,3432447,4706303,5758975,1125376,25968639,2899058.47,1374549.74,60450,10,10,10,0,0,0,0,0,0,3180543,5074943,5591039,3338122.24,200
1790616276,0,60650,0,284.92,200.11,2058239,2680831,3432447,4706303,5758975,1125376,25968639,2900031.17,1373633.43,60650,10,10,10,0,0,0,0,0,0,3067903,4718591,5640191,3194030.08,200
1790616277,0,60850,0,284.52,199.93,2059263,2682879,3436543,4706303,5758975,1125376,25968639,2901073.65,1372692.55,60850,10,10,10,0,0,0,0,0,0,3086335,4743167,5447679,3217205.76,200
1790616278,0,61050,0,284.13,200.02,2060287,2682879,3438591,4710399,5754879,1125376,25968639,2902437.98,1371968.30,61050,10,10,10,0,0,0,0,0,0,3207167,5115903,5677055,3317534.72,200
1790616279,0,61250,0,283.74,200.03,2060287,2684927,3440639,4710399,5754879,1125376,25968639,2903536.73,1371135.03,61250,10,10,10,0,0,0,0,0,0,3119103,4833279,5648383,3238929.92,200
1790616280,0,61450,0,283.35,200.00,2061311,2686975,3442687,4710399,5750783,1125376,25968639,2905051.67,1370480.13,61450,10,10,10,0,0,0,0,0,0,3280895,5312511,5718015,3369003.52,200
1790616281,0,61650,0,282.97,200.02,2061311,2689023,3444735,4710399,5750783,1125376,25968639,2906461.33,1369782.46,61650,10,10,10,0,0,0,0,0,0,3196927,5185535,5689343,3339578.88,200
1790616282,0,61850,0,282.59,199.91,2062335,2689023,3444735,4710399,5750783,1125376,25968639,2907274.68,1368808.53,61850,10,10,10,0,0,0,0,0,0,3063807,4739071,5361663,3157990.40,200
1790616283,0,62050,0,282.21,199.98,2063359,2691071,3448831,4714495,5750783,1125376,25968639,2908614.29,1368070.97,62050,10,10,10,0,0,0,0,0,0,3252223,5058559,5689343,3322887.68,200
1790616284,0,62250,0,281.84,199.98,2063359,2691071,3448831,4714495,5746687,1125376,25968639,2909508.03,1367193.48,62250,10,10,10,0,0,0,0,0,0,3106815,4743167,5619711,3186790.40,200
1790616285,0,62450,0,281.47,199.95,2064383,2693119,3452927,4714495,5746687,1125376,25968639,2910929.56,1366624.08,62450,10,10,10,0,0,0,0,0,0,3223551,5275647,5738495,3353382.40,200
1790616286,0,62650,0,281.11,200.07,2065407,2695167,3454975,4714495,5746687,1125376,25968639,2912164.92,1365897.75,62650,10,10,10,0,0,0,0,0,0,3127295,5124095,5611519,3297904.64,200
1790616287,0,62850,0,280.75,199.97,2066431,2697215,3457023,4718591,5746687,1125376,25968639,2913452.08,1365176.24,62850,10,10,10,0,0,0,0,0,0,3168255,5259263,5705727,3316654.08,200
1790616288,0,63050,0,280.39,200.04,2066431,2697215,3459071,4718591,5746687,1125376,25968639,2914583.79,1364507.51,63050,10,10,10,0,0,0,0,0,0,3137535,5079039,5734399,3270223.36,200
1790616289,0,63250,0,280.03,199.93,2067455,2699263,3461119,4718591,5742591,1125376,25968639,2915901.07,1363787.46,63250,10,10,10,0,0,0,0,0,0,3186687,5140479,5554175,3331174.40,200
1790616290,0,63450,0,279.68,200.13,2068479,2701311,3465215,4722687,5750783,1125376,25968639,2917806.14,1364073.09,63450,10,10,10,0,0,0,0,0,0,3307519,5591039,7839743,3520286.72,200
1790616291,0,63650,0,279.33,199.91,2069503,2703359,3467263,4722687,5750783,1125376,25968639,2918851.02,1363282.37,63650,10,10,10,0,0,0,0,0,0,3127295,4804607,5525503,3250337.28,200
1790616292,0,63850,0,278.98,200.10,2069503,2703359,3467263,4722687,5746687,1125376,25968639,2919677.52,1362400.44,63850,10,10,10,0,0,0,0,0,0,3053567,4743167,5525503,3182712.32,200
1790616293,0,64050,0,278.64,200.01,2070527,2705407,3469311,4722687,5746687,1125376,25968639,2920317.69,1361462.45,64050,10,10,10,0,0,0,0,0,0,3047423,4698111,5423103,3124692.48,200
1790616294,0,64250,0,278.30,199.95,2070527,2705407,3471359,4722687,5746687,1125376,25968639,2921304.79,1360643.82,64250,10,10,10,0,0,0,0,0,0,3092479,4780031,5619711,3237422.08,200
1790616295,0,64450,0,277.96,199.91,2071551,2707455,3473407,4722687,5746687,1125376,25968639,2922247.26,1359834.74,64450,10,10,10,0,0,0,0,0,0,3080191,4870143,5685247,3225016.32,200
1790616296,0,64650,0,277.63,200.10,2071551,2709503,3475455,4722687,5742591,1125376,25968639,2923416.39,1359111.23,64650,10,10,10,0,0,0,0,0,0,3147775,5013503,5652479,3300167.68,200
1790616297,0,64850,0,277.29,199.95,2072575,2711551,3477503,4726783,5742591,1125376,25968639,2924544.07,1358422.02,64850,10,10,10,0,0,0,0,0,0,3149823,5058559,5709823,3289067.52,200
1790616298,0,65050,0,276.96,200.02,2073599,2711551,3479551,4726783,5742591,1125376,25968639,2925884.22,1357864.49,65050,10,10,10,0,0,0,0,0,0,3246079,5283839,5738495,3360427.52,200
1790616299,0,65250,0,276.64,200.02,2073599,2713599,3481599,4730879,5742591,1125376,25968639,2926718.38,1357006.77,65250,10,10,10,0,0,0,0,0,0,3092479,4763647,5390335,3198028.80,200
1790616300,0,65450,0,276.31,199.99,2074623,2715647,3483647,4730879,5742591,1125376,25968639,2927690.20,1356258.51,65450,10,10,10,0,0,0,0,0,0,3129343,4919295,5689343,3244746.24,200
1790616301,0,65650,0,275.99,199.86,2075647,2717695,3485695,4730879,5742591,1125376,25968639,2928831.17,1355586.50,65650,10,10,10,0,0,0,0,0,0,3133439,5197823,5677055,3302213.12,200
1790616302,0,65850,0,275.68,200.15,2075647,2719743,3487743,4730879,5742591,1125376,25968639,2930005.66,1354924.53,65850,10,10,10,0,0,0,0,0,0,3162111,5214207,5664767,3315532.80,200
1790616303,0,66050,0,275.36,199.87,2076671,2719743,3489791,4730879,5742591,1125376,25968639,2930697.84,1354010.90,66050,10,10,10,0,0,0,0,0,0,3071999,4648959,5332991,3158599.68,200
1790616304,0,66940,0,277.91,890.18,2083839,2744319,3538943,4968447,15663103,1125376,31817727,3121686.33,2192394.13,66940,10,10,10,0,0,0,0,0,0,17186815,24346623,30834687,17295607.37,890
1790616305,0,67950,0,280.94,1010.29,2093055,2781183,3606527,5304319,20054015,1125376,31817727,3344987.85,2871913.93,67950,10,10,10,0,0,0,0,0,0,18284543,24068095,25100287,18144793.35,1010
1790616306,0,68950,0,283.90,1000.28,2101247,2815999,3653631,5918719,21266431,1125376,31817727,3555326.25,3362670.28,68950,10,10,10,0,0,0,0,0,0,17924095,23478271,24608767,17847820.29,1000
1790616307,0,69948,0,286.83,998.15,2109439,2842623,3698687,13508607,21938175,1125376,31817727,3759553.58,3769660.22,69948,10,10,10,0,0,0,0,0,0,18022399,23363583,24625151,17869247.36,998
1790616308,0,70950,0,289.75,1001.80,2115583,2863103,3749887,15409151,22429695,1125376,31817727,3963029.96,4132092.48,70950,10,10,10,0,0,0,0,0,0,18137087,23560191,24559615,18167386.95,1002
1790616309,0,71940,0,292.60,989.50,2123775,2881535,3831807,16662527,22740991,1125376,31817727,4154496.59,4432671.51,71940,10,10,10,0,0,0,0,0,0,17793023,23511039,24182783,17876272.10,990
1790616310,0,72950,0,295.50,1010.16,2129919,2897919,3899391,17760255,22937599,1125376,31817727,4347671.58,4714132.87,72950,10,10,10,0,0,0,0,0,0,18071551,24035327,25083903,18107085.81,1010
1790616311,0,73950,0,298.34,1000.50,2138111,2914303,3964927,18481151,23183359,1125376,31817727,4540781.32,4984225.68,73950,10,10,10,0,0,0,0,0,0,18595839,24313855,26968063,18628136.96,1000
1790616312,0,74950,0,301.16,999.24,2144255,2928639,4036607,19005439,23379967,1125376,31817727,4725286.62,5216127.79,74950,10,10,10,0,0,0,0,0,0,18186239,24313855,25149439,18369454.08,1000
1790616313,0,75950,0,303.96,1000.84,2150399,2940927,4104191,19709951,23740415,1125376,31817727,4922534.32,5474619.60,75950,10,10,10,0,0,0,0,0,0,19628031,26001407,27099135,19706249.22,1000
1790616314,0,76950,0,306.73,999.29,2158591,2955263,4173823,20332543,24100863,1125376,31817727,5121513.87,5726021.74,76950,10,10,10,0,0,0,0,0,0,20152319,26394623,27279359,20234010.62,1000
1790616315,0,77950,0,309.49,1000.29,2164735,2971647,4227071,20774911,24444927,1125376,31817727,5314876.83,5953431.04,77950,10,10,10,0,0,0,0,0,0,20103167,26378239,27049983,20194156.54,1000
1790616316,0,78940,0,312.18,989.90,2172927,2985983,4284415,21135359,24739839,1125376,31817727,5499383.39,6153477.54,78940,10,10,10,0,0,0,0,0,0,19988479,25903103,26804223,20026945.16,990
1790616317,0,79950,0,314.93,1009.60,2179071,3002367,4366335,21446655,25018367,1125376,36536319,5685752.10,6351347.17,79950,10,10,10,0,0,0,0,0,0,19890175,26509311,32784383,20252035.30,1010
1790616318,0,80940,0,317.58,989.91,2187263,3016703,4460543,21676031,25149439,1125376,36536319,5849925.70,6497739.39,80940,10,10,10,0,0,0,0,0,0,18923519,25591807,26574847,19108187.54,990
1790616319,0,81950,0,320.28,1010.55,2197503,3035135,4567039,21807103,25149439,1125376,36536319,5998506.96,6606371.40,81950,10,10,10,0,0,0,0,0,0,17793023,24150015,25362431,17905603.17,1010
1790616320,0,82950,0,322.93,1000.03,2209791,3051519,4661247,21905407,25149439,1125376,36536319,6142665.60,6706259.04,82950,10,10,10,0,0,0,0,0,0,17891327,23707647,24592383,17956466.69,1000
1790616321,0,83950,0,325.55,999.49,2220031,3071999,4763647,22003711,25133055,1125376,36536319,6283161.86,6799653.22,83950,10,10,10,0,0,0,0,0,0,17596415,23887871,25001983,17937326.08,1000
1790616322,0,84950,0,328.16,1000.34,2232319,3090431,5042175,22102015,25133055,1125376,36536319,6424025.15,6893607.56,84950,10,10,10,0,0,0,0,0,0,18284543,24051711,25214975,18249498.62,1000
1790616323,0,85950,0,330.74,999.68,2244607,3110911,5283839,22134783,25116671,1125376,36536319,6554177.51,6968228.57,85950,10,10,10,0,0,0,0,0,0,17661951,23019519,24068095,17610620.93,1000
1790616324,0,86940,0,333.27,990.61,2256895,3131391,5660671,22216703,25100287,1125376,36536319,6687465.21,7049802.76,86940,10,10,10,0,0,0,0,0,0,18464767,23871487,24657919,18259260.51,990
1790616325,0,87948,0,335.85,1008.36,2271231,3151871,10813439,22282239,25100287,1125376,36536319,6816393.16,7121466.30,87948,10,10,10,0,0,0,0,0,0,17563647,23871487,24838143,17936428.70,1008
1790616326,0,88940,0,338.34,991.47,2285567,3172351,12427263,22347775,25083903,1125376,36536319,6942696.49,7190705.17,88940,10,10,10,0,0,0,0,0,0,17809407,23904255,24788991,18140403.61,992
1790616327,0,89950,0,340.89,1009.76,2299903,3194879,13008895,22413311,25083903,1125376,36536319,7067956.26,7257139.57,89950,10,10,10,0,0,0,0,0,0,17989631,23887871,25149439,18098257.11,1010
1790616328,0,90950,0,343.38,1000.34,2320383,3221503,13385727,22462463,25083903,1125376,36536319,7187112.83,7314754.95,90950,10,10,10,0,0,0,0,0,0,17776639,23281663,24477695,17905246.21,1000
1790616329,0,91950,0,345.85,1000.39,2336767,3252223,13713407,22511615,25067519,1125376,36536319,7307111.05,7374141.49,91950,10,10,10,0,0,0,0,0,0,18006015,24002559,24969215,18220949.50,1000
1790616330,0,92950,0,348.30,999.66,2353151,3289087,13959167,22560767,25083903,1125376,36536319,7422365.10,7427894.74,92950,10,10,10,0,0,0,0,0,0,17793023,23592959,28835839,18019975.17,1000
1790616331,0,93940,0,350.69,989.48,2369535,3325951,14196735,22593535,25067519,1125376,36536319,7533313.91,7475414.04,93940,10,10,10,0,0,0,0,0,0,18038783,23347199,24248319,17950173.87,990
1790616332,0,94950,0,353.15,1010.17,2383871,3362815,14442495,22659071,25116671,1125376,36536319,7650024.81,7530435.21,94950,10,10,10,0,0,0,0,0,0,18464767,24821759,26460159,18505294.07,1010
1790616333,0,95950,0,355.54,999.82,2394111,3395583,14647295,22724607,25149439,1125376,36536319,7761654.41,7580050.67,95950,10,10,10,0,0,0,0,0,0,18087935,24510463,26427391,18360885.25,1000
1790616334,0,96940,0,357.89,990.35,2404351,3424255,14852095,22773759,25214975,1125376,37781503,7874326.62,7638057.24,96940,10,10,10,0,0,0,0,0,0,18317311,26689535,36798463,18794425.66,990
1790616335,0,97960,0,360.32,1019.93,2416639,3454975,15056895,22822911,25231359,1125376,37781503,7982652.61,7681992.10,97960,10,10,10,0,0,0,0,0,0,18235391,24281087,26312703,18277869.93,1020
1790616336,0,98940,0,362.59,980.21,2428927,3485695,15245311,22888447,25346047,1125376,37781503,8091540.20,7736256.24,98940,10,10,10,0,0,0,0,0,0,18628607,28016639,34078719,18975854.76,980
1790616337,0,99950,0,364.96,1010.38,2441215,3520511,15400959,22904831,25362431,1125376,37781503,8187191.02,7765726.85,99950,10,10,10,0,0,0,0,0,0,17465343,23609343,26525695,17557183.62,1010
1790616338,0,100950,0,367.27,999.72,2455551,3561471,15589375,22953983,25378815,1125376,37781503,8290548.71,7804815.71,100950,10,10,10,0,0,0,0,0,0,18251775,24838143,25952255,18621149.18,1000
1790616339,0,101950,0,369.56,999.88,2467839,3606527,15736831,22953983,25395199,1125376,37781503,8380091.74,7827536.15,101950,10,10,10,0,0,0,0,0,0,17219583,24182783,28082175,17419460.61,1000
1790616340,0,102950,0,371.84,1000.21,2478079,3639295,15884287,22986751,25427967,1125376,37781503,8477148.56,7860553.34,102950,10,10,10,0,0,0,0,0,0,18137087,24248319,29310975,18372091.90,1000
1790616341,0,103950,0,374.10,999.30,2490367,3670015,16015359,23003135,25411583,1125376,37781503,8568067.10,7884284.92,103950,10,10,10,0,0,0,0,0,0,17580031,23478271,24182783,17928130.56,1000
1790616342,0,104940,0,376.31,990.79,2500607,3700735,16154623,23035903,25444351,1125376,37781503,8663203.93,7916429.00,104940,10,10,10,0,0,0,0,0,0,18546687,24854527,28508159,18652571.67,990
1790616343,0,105950,0,378.57,1009.73,2510847,3731455,16293887,23068671,25444351,1125376,37781503,8758235.64,7946184.81,105950,10,10,10,0,0,0,0,0,0,18612223,24477695,26001407,18632124.07,1010
1790616344,0,106940,0,380.75,989.89,2521087,3774463,16424959,23134207,25542655,1125376,37781503,8854941.74,7984387.99,106940,10,10,10,0,0,0,0,0,0,18939903,28082175,32538623,19204447.68,990
1790616345,0,107950,0,382.98,1009.98,2529279,3833855,16531455,23166975,25526271,1125376,37781503,8941894.62,8004949.33,107950,10,10,10,0,0,0,0,0,0,17776639,24035327,24575999,18148568.97,1010
1790616346,0,108940,0,385.13,990.18,2535423,3880959,16629759,23166975,25509887,1125376,37781503,9022482.46,8019874.38,108940,10,10,10,0,0,0,0,0,0,18087935,23068671,24051711,17809813.46,990
1790616347,0,109950,0,387.33,1009.92,2545663,3921919,16719871,23166975,25509887,1125376,37781503,9102210.51,8033836.06,109950,10,10,10,0,0,0,0,0,0,17809407,23625727,25378815,17701788.64,1010
1790616348,0,110950,0,389.48,999.58,2551807,3966975,16826367,23183359,25509887,1125376,37781503,9186380.11,8053561.47,110950,10,10,10,0,0,0,0,0,0,18595839,24150015,25362431,18440826.88,1000
1790616349,0,111950,0,391.61,1000.24,2559999,4014079,16924671,23216127,25509887,1125376,37781503,9267740.51,8071444.82,111950,10,10,10,0,0,0,0,0,0,18300927,24461311,26427391,18294677.50,1000
1790616350,0,112940,0,393.70,990.48,2566143,4059135,17006591,23232511,25509887,1125376,37781503,9346724.42,8086567.33,112940,10,10,10,0,0,0,0,0,0,18055167,24117247,24887295,18278288.29,990
1790616351,0,113950,0,395.84,1009.22,2574335,4106239,17104895,23232511,25493503,1125376,37781503,9424008.29,8099156.65,113950,10,10,10,0,0,0,0,0,0,17973247,23904255,24608767,18066028.48,1010
1790616352,0,114940,0,397.90,990.26,2582527,4153343,17186815,23248895,25509887,1125376,37781503,9499456.88,8112650.50,114940,10,10,10,0,0,0,0,0,0,18169855,24100863,27607039,18183666.55,990
1790616353,0,115940,0,399.98,1000.45,2588671,4192255,17268735,23265279,25493503,1125376,37781503,9573300.54,8123904.63,115940,10,10,10,0,0,0,0,0,0,18120703,23969791,24887295,18060890.11,1000
1790616354,0,116940,0,402.04,999.42,2596863,4227071,17350655,23281663,25493503,1125376,37781503,9646991.42,8134714.73,116940,10,10,10,0,0,0,0,0,0,18382847,23756799,24969215,18190712.83,1000
1790616355,0,117950,0,404.12,1010.48,2603007,4263935,17416191,23281663,25477119,1125376,37781503,9719017.76,8143725.14,117950,10,10,10,0,0,0,0,0,0,17694719,24231935,25231359,18058383.97,1010
1790616356,0,118950,0,406.16,1000.14,2611199,4308991,17481727,23298047,25460735,1125376,37781503,9787688.34,8149998.03,118950,10,10,10,0,0,0,0,0,0,17924095,23543807,24330239,17887383.55,1000
1790616357,0,119946,0,408.16,996.10,2619391,4370431,17563647,23330815,25493503,1125376,37781503,9864057.47,8166066.73,119946,10,10,10,0,0,0,0,0,0,19103743,24756223,26656767,18984647.45,996
1790616358,0,120940,0,410.15,993.80,2625535,4431871,17629183,23330815,25493503,1125376,37781503,9932159.72,8173159.38,120940,10,10,10,0,0,0,0,0,0,17973247,23625727,25329663,18150060.04,994
1790616359,0,121950,0,412.18,1009.70,2633727,4493311,17678335,23330815,25477119,1125376,37781503,9995633.95,8175484.58,121950,10,10,10,0,0,0,0,0,0,17481727,23396351,24215551,17596201.06,1010
1790616360,0,122950,0,414.16,999.63,2639871,4567039,17727487,23330815,25460735,1125376,37781503,10058107.98,8177811.91,122950,10,10,10,0,0,0,0,0,0,17661951,23527423,24379391,17676816.38,1000
1790616361,0,123940,0,416.09,990.58,2648063,4632575,17793023,23347199,25444351,1125376,37781503,10122835.27,8182945.50,123940,10,10,10,0,0,0,0,0,0,18071551,24002559,24887295,18161440.58,990
1790616362,0,124950,0,418.08,1010.15,2656255,4689919,17842175,23347199,25427967,1125376,37781503,10187969.56,8188083.76,124950,10,10,10,0,0,0,0,0,0,17809407,23953407,24756223,18180785.43,1010
1790616363,0,125950,0,420.02,999.39,2666495,4767743,17891327,23363583,25427967,1125376,37781503,10248394.12,8189632.29,125950,10,10,10,0,0,0,0,0,0,17727487,23511039,24543231,17798443.01,1000
1790616364,0,126290,0,419.75,340.01,2666495,4767743,17891327,23347199,25427967,1125376,37781503,10246842.19,8187514.38,126290,10,10,10,0,0,0,0,0,0,5836799,23085055,23871487,9671943.53,340
1790616365,0,126490,0,419.02,200.09,2666495,4751359,17874943,23347199,25427967,1125376,37781503,10235775.25,8185866.49,126490,10,10,10,0,0,0,0,0,0,3119103,4743167,5607423,3247559.68,200
1790616366,0,126690,0,418.30,199.98,2666495,4734975,17874943,23347199,25411583,1125376,37781503,10224699.60,8184241.58,126690,10,10,10,0,0,0,0,0,0,3098623,4739071,5349375,3219904.00,200
1790616367,0,126890,0,417.58,200.01,2666495,4722687,17858559,23347199,25411583,1125376,37781503,10213668.05,8182600.78,126890,10,10,10,0,0,0,0,0,0,3123199,4730879,5533695,3225730.56,200
1790616368,0,127090,0,416.87,200.04,2664447,4710399,17842175,23347199,25411583,1125376,37781503,10202663.63,8180957.00,127090,10,10,10,0,0,0,0,0,0,3069951,4829183,5550079,3220907.52,200
1790616369,0,127290,0,416.16,199.91,2664447,4698111,17842175,23347199,25411583,1125376,37781503,10191752.10,8179257.12,127290,10,10,10,0,0,0,0,0,0,3117055,4988927,5615615,3258022.40,200
1790616370,0,127490,0,415.46,200.06,2664447,4689919,17825791,23330815,25411583,1125376,37781503,10180934.36,8177499.43,127490,10,10,10,0,0,0,0,0,0,3170303,5136383,5656575,3295987.20,200
1790616371,0,127690,0,414.76,200.04,2664447,4681727,17809407,23330815,25411583,1125376,37781503,10169965.98,8175878.65,127690,10,10,10,0,0,0,0,0,0,3071999,4694015,5361663,3178168.32,200
1790616372,0,127890,0,414.06,199.85,2664447,4673535,17809407,23330815,25395199,1125376,37781503,10159164.24,8174144.40,127890,10,10,10,0,0,0,0,0,0,3127295,4784127,5603327,3262794.24,200
1790616373,0,128090,0,413.37,200.13,2664447,4661247,17793023,23330815,25395199,1125376,37781503,10148432.83,8172371.89,128090,10,10,10,0,0,0,0,0,0,3149823,5201919,5668863,3286231.04,200
1790616374,0,128290,0,412.68,199.96,2664447,4653055,17793023,23330815,25395199,1125376,37781503,10137461.39,8170809.70,128290,10,10,10,0,0,0,0,0,0,3018751,4632575,5365759,3110801.92,200
1790616375,0,128490,0,412.00,199.96,2664447,4644863,17776639,23330815,25395199,1125376,37781503,10126709.18,8169088.45,128490,10,10,10,0,0,0,0,0,0,3092479,4751359,5586943,3229708.80,200
1790616376,0,128690,0,411.32,200.12,2662399,4636671,17760255,23330815,25395199,1125376,37781503,10115909.54,8167427.13,128690,10,10,10,0,0,0,0,0,0,3071999,4763647,5611519,3177676.80,200
1790616377,0,128890,0,410.65,199.95,2662399,4628479,17760255,23314431,25395199,1125376,37781503,10105224.96,8165687.12,128890,10,10,10,0,0,0,0,0,0,3112959,4849663,5660671,3230231.04,200
1790616378,0,129090,0,409.98,200.02,2662399,4620287,17743871,23314431,25395199,1125376,37781503,10094740.06,8163808.15,129090,10,10,10,0,0,0,0,0,0,3313663,5103615,5672959,3337751.04,200
1790616379,0,129290,0,409.32,199.99,2662399,4607999,17727487,23314431,25378815,1125376,37781503,10084112.70,8162058.73,129290,10,10,10,0,0,0,0,0,0,3092479,4853759,5603327,3224680.96,200
1790616380,0,129490,0,408.66,199.85,2662399,4599807,17727487,23314431,25378815,1125376,37781503,10073681.35,8160169.69,129490,10,10,10,0,0,0,0,0,0,3196927,5279743,5713919,3330337.28,200
1790616381,0,129690,0,408.00,200.14,2662399,4591615,17711103,23314431,25378815,1125376,37781503,10063216.13,8158328.22,129690,10,10,10,0,0,0,0,0,0,3133439,5152767,5681151,3287508.48,200
1790616382,0,129890,0,407.35,200.00,2660351,4579327,17711103,23298047,25378815,1125376,37781503,10052529.07,8156679.89,129890,10,10,10,0,0,0,0,0,0,3022847,4612095,5545983,3122501.12,200
1790616383,0,130090,0,406.70,199.91,2660351,4571135,17694719,23298047,25378815,1125376,37781503,10042125.63,8154823.31,130090,10,10,10,0,0,0,0,0,0,3106815,5173247,5615615,3285614.08,200
1790616384,0,130290,0,406.06,200.11,2660351,4562943,17678335,23298047,25378815,1125376,37781503,10031748.48,8152956.60,130290,10,10,10,0,0,0,0,0,0,3108863,4927487,5464063,3281930.24,200
1790616385,0,130490,0,405.41,200.01,2660351,4554751,17678335,23298047,25378815,1125376,37781503,10021320.00,8151143.21,130490,10,10,10,0,0,0,0,0,0,3127295,4780031,5500927,3227688.96,200
1790616386,0,130690,0,404.78,199.95,2660351,4542463,17661951,23298047,25378815,1125376,37781503,10011164.93,8149131.74,130690,10,10,10,0,0,0,0,0,0,3268607,4993023,5713919,3385487.36,200
1790616387,0,130890,0,404.15,199.99,2660351,4534271,17661951,23298047,25362431,1125376,37781503,10001223.15,8146980.98,130890,10,10,10,0,0,0,0,0,0,3430399,5341183,6377471,3504768.00,200
1790616388,0,131090,0,403.52,199.88,2660351,4521983,17645567,23281663,25362431,1125376,37781503,9990974.22,8145066.44,131090,10,10,10,0,0,0,0,0,0,3186687,4960255,5263359,3283563.52,200
1790616389,0,131290,0,402.89,200.12,2660351,4509695,17629183,23281663,25362431,1125376,37781503,9980612.99,8143259.29,131290,10,10,10,0,0,0,0,0,0,3061759,4636671,5292031,3189345.28,200
1790616390,0,131490,0,402.27,199.91,2660351,4501503,17629183,23281663,25362431,1125376,37781503,9970339.88,8141409.99,131490,10,10,10,0,0,0,0,0,0,3166207,4956159,5787647,3226557.44,200
1790616391,0,131690,0,401.66,200.04,2660351,4489215,17612799,23281663,25362431,1125376,37781503,9960139.86,8139508.68,131690,10,10,10,0,0,0,0,0,0,3160063,4882431,5255167,3254136.32,200
1790616392,0,131890,0,401.04,200.08,2660351,4481023,17596415,23281663,25362431,1125376,37781503,9950038.87,8137548.82,131890,10,10,10,0,0,0,0,0,0,3207167,5038079,5406719,3299041.28,200
1790616393,0,132090,0,400.43,200.00,2660351,4472831,17596415,23281663,25362431,1125376,37781503,9940043.77,8135534.59,132090,10,10,10,0,0,0,0,0,0,3211263,5193727,5861375,3348771.84,200
1790616394,0,132290,0,399.83,199.87,2660351,4464639,17580031,23281663,25362431,1125376,37781503,9930059.27,8133517.02,132290,10,10,10,0,0,0,0,0,0,3219455,5046271,5427199,3335797.76,200
1790616395,0,132490,0,399.22,200.03,2660351,4456447,17563647,23265279,25362431,1125376,37781503,9920020.01,8131558.84,132490,10,10,10,0,0,0,0,0,0,3196927,4812799,5435391,3279549.44,200
1790616396,0,132690,0,398.63,199.99,2660351,4448255,17563647,23265279,25362431,1125376,37781503,9910315.46,8129465.65,132690,10,10,10,0,0,0,0,0,0,3248127,5419007,9805823,3481538.56,200
1790616397,0,132890,0,398.03,200.09,2660351,4440063,17547263,23265279,25362431,1125376,37781503,9900145.83,8127657.60,132890,10,10,10,0,0,0,0,0,0,3049471,4689919,5292031,3153103.36,200
1790616398,0,133090,0,397.44,199.97,2660351,4435967,17547263,23265279,25346047,1125376,37781503,9890195.57,8125693.96,133090,10,10,10,0,0,0,0,0,0,3098623,5103615,5529599,3278748.16,200
1790616399,0,133290,0,396.85,200.08,2660351,4427775,17530879,23265279,25346047,1125376,37781503,9880404.81,8123639.17,133290,10,10,10,0,0,0,0,0,0,3241983,5275647,6262783,3365145.60,200
1790616400,0,133490,0,396.27,200.00,2660351,4423679,17530879,23265279,25346047,1125376,37781503,9870404.08,8121751.51,133490,10,10,10,0,0,0,0,0,0,3061759,4726783,5607423,3205416.96,200
1790616401,0,133690,0,395.69,199.91,2660351,4411391,17514495,23265279,25346047,1125376,37781503,9860309.69,8119952.42,133690,10,10,10,0,0,0,0,0,0,3024895,4616191,5562367,3122805.76,200
1790616402,0,133890,0,395.11,200.07,2660351,4407295,17514495,23248895,25346047,1125376,37781503,9850376.63,8118042.22,133890,10,10,10,0,0,0,0,0,0,3069951,4698111,5611519,3210624.00,200
1790616403,0,134090,0,394.53,199.85,2660351,4399103,17498111,23248895,25346047,1125376,37781503,9840572.01,8116049.75,134090,10,10,10,0,0,0,0,0,0,3145727,5165055,5648383,3276869.12,200
1790616404,0,134290,0,393.96,200.15,2660351,4390911,17481727,23248895,25346047,1125376,37781503,9830619.12,8114189.84,134290,10,10,10,0,0,0,0,0,0,3028991,4669439,5558271,3157703.68,200
1790616405,0,134490,0,393.40,200.04,2660351,4386815,17481727,23248895,25329663,1125376,37781503,9821017.08,8112070.73,134490,10,10,10,0,0,0,0,0,0,3289087,5160959,5611519,3373729.28,200
1790616406,0,134690,0,392.83,199.96,2658303,4378623,17465343,23248895,25329663,1125376,37781503,9811198.80,8110134.89,134690,10,10,10,0,0,0,0,0,0,3086335,4698111,5509119,3208893.44,200
1790616407,0,134890,0,392.27,199.92,2658303,4370431,17448959,23248895,25329663,1125376,37781503,9801482.65,8108138.46,134890,10,10,10,0,0,0,0,0,0,3147775,5173247,5591039,3258140.16,200
1790616408,0,135090,0,391.71,200.01,2658303,4362239,17448959,23248895,25329663,1125376,37781503,9791730.43,8106178.74,135090,10,10,10,0,0,0,0,0,0,3123199,4911103,5533695,3214348.80,200
1790616409,0,135290,0,391.16,200.05,2658303,4354047,17432575,23232511,25329663,1125376,37781503,9782187.64,8104088.08,135290,10,10,10,0,0,0,0,0,0,3192831,5185535,6139903,3336512.00,200
1790616410,0,135490,0,390.61,199.87,2658303,4349951,17432575,23232511,25329663,1125376,37781503,9772625.40,8102018.37,135490,10,10,10,0,0,0,0,0,0,3176447,5193727,5574655,3304248.32,200
1790616411,0,135690,0,390.06,200.16,2658303,4341759,17416191,23232511,25329663,1125376,37781503,9762930.38,8100067.34,135690,10,10,10,0,0,0,0,0,0,3063807,4706303,5492735,3195036.16,200
1790616412,0,135890,0,389.52,199.90,2658303,4333567,17399807,23232511,25329663,1125376,37781503,9753447.67,8097968.79,135890,10,10,10,0,0,0,0,0,0,3260415,5140479,5550079,3319902.72,200
1790616413,0,136090,0,388.98,200.09,2656255,4329471,17399807,23232511,25329663,1125376,37781503,9743777.37,8096033.18,136090,10,10,10,0,0,0,0,0,0,3055615,4718591,5550079,3173288.96,200
1790616414,0,136290,0,388.44,199.97,2658303,4321279,17383423,23232511,25313279,1125376,37781503,9734344.51,8093913.67,136290,10,10,10,0,0,0,0,0,0,3280895,5046271,5394431,3315760.64,200
1790616415,0,136490,0,387.90,199.97,2658303,4317183,17383423,23232511,25313279,1125376,37781503,9724951.82,8091788.43,136490,10,10,10,0,0,0,0,0,0,3225599,5128191,5488639,3324303.36,200
1790616416,0,136690,0,387.37,199.95,2658303,4313087,17367039,23216127,25313279,1125376,37781503,9715707.51,8089562.96,136690,10,10,10,0,0,0,0,0,0,3299327,5152767,5521407,3406927.36,200
1790616417,0,136890,0,386.84,200.03,2658303,4308991,17350655,23216127,25313279,1125376,37781503,9706318.59,8087466.11,136890,10,10,10,0,0,0,0,0,0,3182591,5005311,5631999,3289461.76,200
1790616418,0,137090,0,386.31,200.10,2658303,4304895,17350655,23216127,25313279,1125376,37781503,9697117.72,8085245.62,137090,10,10,10,0,0,0,0,0,0,3272703,5292031,5746687,3399577.60,200
1790616419,0,137290,0,385.79,200.01,2658303,4300799,17334271,23216127,25313279,1125376,37781503,9687674.58,8083221.53,137290,10,10,10,0,0,0,0,0,0,3151871,4739071,5328895,3214878.72,200
1790616420,0,137490,0,385.27,199.87,2658303,4292607,17317887,23216127,25296895,1125376,37781503,9678357.81,8081110.72,137490,10,10,10,0,0,0,0,0,0,3231743,5013503,5378047,3282862.08,200
1790616421,0,137690,0,384.75,200.01,2658303,4288511,17317887,23216127,25296895,1125376,37781503,9668974.64,8079080.64,137690,10,10,10,0,0,0,0,0,0,3067903,4915199,5996543,3218508.80,200
1790616422,0,137890,0,384.24,199.95,2656255,4284415,17301503,23216127,25296895,1125376,37781503,9659621.86,8077037.26,137890,10,10,10,0,0,0,0,0,0,3086335,4935679,5484543,3220702.72,200
1790616423,0,138090,0,383.72,199.99,2656255,4276223,17301503,23199743,25296895,1125376,37781503,9650163.09,8075093.87,138090,10,10,10,0,0,0,0,0,0,3018751,4653055,5541887,3128814.08,200
1790616424,0,139830,0,387.48,1740.16,2668543,4345855,17367039,23183359,25280511,1125376,37781503,9738005.14,8072530.92,139830,10,10,10,0,0,0,0,0,0,16662527,22167551,23035903,16709332.16,1740
1790616425,0,141850,0,391.99,2019.78,2682879,4435967,17465343,23232511,25362431,1125376,37781503,9860192.53,8096117.87,141850,10,10,10,0,0,0,0,0,0,17907711,25772031,31686655,18318342.08,2020
1790616426,0,143830,0,396.37,1981.11,2697215,4534271,17596415,23265279,25362431,1125376,37781503,9981205.40,8116516.06,143830,10,10,10,0,0,0,0,0,0,18710527,24346623,24952831,18650738.81,1980
1790616427,0,145830,0,400.78,1998.81,2711551,4632575,17727487,23330815,25378815,1125376,37781503,10106221.02,8141740.97,145830,10,10,10,0,0,0,0,0,0,19234815,24756223,25903103,19096719.36,2000
1790616428,0,147850,0,405.21,2020.51,2732031,4726783,17809407,23347199,25362431,1125376,37781503,10206119.46,8142677.99,147850,10,10,10,0,0,0,0,0,0,17514495,23822335,24543231,17418094.00,2020
1790616429,0,149830,0,409.52,1980.23,2756607,4960255,17891327,23396351,25559039,1125376,39387135,10321206.36,8177133.67,149830,10,10,10,0,0,0,0,0,0,17678335,32931839,37912575,18914943.22,1980
1790616430,0,151830,0,413.85,1999.67,2791423,5246975,17940479,23379967,25526271,1125376,39387135,10412148.31,8170842.91,151830,10,10,10,0,0,0,0,0,0,16859135,23035903,23674879,17225064.45,2000
1790616431,0,153850,0,418.22,2021.29,2820095,5603327,18006015,23363583,25526271,1125376,39387135,10499678.34,8162478.59,153850,10,10,10,0,0,0,0,0,0,17235967,22200319,23576575,17078730.27,2020
1790616432,0,155850,0,422.51,1999.67,2842623,9994239,18087935,23379967,25640959,1125376,39387135,10601310.97,8173946.73,155850,10,10,10,0,0,0,0,0,0,18071551,26673151,31440895,18419400.70,2000
1790616433,0,157850,0,426.77,2000.26,2861055,11239423,18137087,23379967,25624575,1125376,39387135,10678135.00,8160160.01,157850,10,10,10,0,0,0,0,0,0,16760831,22151167,24248319,16664647.68,2000
1790616434,0,159832,0,430.97,1982.39,2875391,11780095,18153471,23363583,25591807,1125376,39387135,10752416.55,8144884.80,159832,10,10,10,0,0,0,0,0,0,16457727,21921791,24428543,16668331.01,1982
1790616435,0,161850,0,435.24,2017.66,2891775,12140543,18251775,23379967,25575423,1125376,39387135,10848086.22,8149288.33,161850,10,10,10,0,0,0,0,0,0,18546687,24199167,24756223,18425427.73,2018
1790616436,0,163830,0,439.38,1980.00,2904063,12419071,18317311,23396351,25559039,1125376,39387135,10939267.16,8151152.07,163830,10,10,10,0,0,0,0,0,0,18350079,23887871,25198591,18392618.41,1980
1790616437,0,165830,0,443.55,1999.31,2916351,12615679,18399231,23412735,25542655,1125376,39387135,11029017.53,8152454.67,165830,10,10,10,0,0,0,0,0,0,18464767,23904255,24608767,18380918.78,2000
1790616438,0,167836,0,447.72,2007.04,2928639,12771327,18464767,23445503,25542655,1125376,39387135,11119577.55,8155728.14,167836,10,10,10,0,0,0,0,0,0,18743295,24575999,26017791,18605902.36,2006
1790616439,0,169830,0,451.83,1993.14,2938879,12910591,18530303,23461887,25575423,1125376,39387135,11203758.13,8154835.82,169830,10,10,10,0,0,0,0,0,0,18137087,24018943,26951679,18289280.90,1994
1790616440,0,171850,0,455.99,2018.95,2951167,13041663,18595839,23478271,25559039,1125376,39387135,11289284.16,8153863.34,171850,10,10,10,0,0,0,0,0,0,18612223,24002559,24608767,18479821.81,2020
1790616441,0,173850,0,460.08,2001.63,2963455,13156351,18661375,23494655,25559039,1125376,39387135,11373985.58,8154333.27,173850,10,10,10,0,0,0,0,0,0,18481151,24821759,25788415,18651955.20,2000
1790616442,0,175850,0,464.15,1999.42,2975743,13254655,18710527,23511039,25575423,1125376,39387135,11455461.40,8152659.36,175850,10,10,10,0,0,0,0,0,0,18317311,24051711,25706495,18537746.43,2000
1790616443,0,177850,0,468.19,1999.49,2988031,13369343,18776063,23527423,25559039,1125376,39387135,11536728.85,8151400.36,177850,10,10,10,0,0,0,0,0,0,18366463,24444927,25083903,18682169.34,2000
1790616444,0,179830,0,472.16,1980.82,3000319,13451263,18825215,23543807,25542655,1125376,39387135,11612082.07,8147132.76,179830,10,10,10,0,0,0,0,0,0,18399231,24444927,25231359,18380551.76,1980
1790616445,0,181830,0,476.16,1998.83,3012607,13549567,18874367,23576575,25575423,1125376,39387135,11690377.91,8145560.90,181830,10,10,10,0,0,0,0,0,0,18530303,24788991,26001407,18730348.54,2000
1790616446,0,183830,0,480.14,2000.67,3022847,13647871,18939903,23609343,25575423,1125376,39387135,11768528.17,8144489.37,183830,10,10,10,0,0,0,0,0,0,18677759,24805375,25788415,18873559.04,2000
1790616447,0,185830,0,484.10,1999.20,3037183,13746175,18972671,23609343,25559039,1125376,39387135,11838930.40,8136983.98,185830,10,10,10,0,0,0,0,0,0,18251775,24182783,24723455,18309951.49,2000
1790616448,0,187850,0,488.09,2020.43,3051519,13828095,19038207,23642111,25559039,1125376,39387135,11912391.47,8132584.43,187850,10,10,10,0,0,0,0,0,0,18661375,24444927,25034751,18670446.00,2020
1790616449,0,189850,0,492.01,1999.90,3065855,13910015,19087359,23642111,25559039,1125376,39387135,11980336.06,8124901.03,189850,10,10,10,0,0,0,0,0,0,18563071,23560191,25542655,18362032.13,2000
1790616450,0,191850,0,495.91,1999.90,3082239,14016511,19152895,23691263,25739263,1125376,39387135,12066790.26,8136220.70,191850,10,10,10,0,0,0,0,0,0,20070399,26623999,27213823,20273455.10,2000
1790616451,0,193830,0,499.73,1981.51,3098623,14073855,19152895,23674879,25722879,1125376,39387135,12116271.80,8116135.12,193830,10,10,10,0,0,0,0,0,0,17072127,22085631,23429119,16910733.19,1980
1790616452,0,195850,0,503.64,2019.61,3117055,14147583,19202047,23691263,25722879,1125376,39387135,12179402.82,8107054.02,195850,10,10,10,0,0,0,0,0,0,18235391,24199167,25526271,18237168.29,2020
1790616453,0,197830,0,507.43,1979.44,3133439,14213119,19234815,23707647,25739263,1125376,39387135,12243987.02,8100448.99,197830,10,10,10,0,0,0,0,0,0,18366463,24428543,25903103,18632277.85,1980
1790616454,0,199850,0,511.30,2020.04,3149823,14286847,19267583,23724031,25706495,1125376,39387135,12306647.84,8091840.53,199850,10,10,10,0,0,0,0,0,0,18399231,24051711,24838143,18443375.52,2020
1790616455,0,201834,0,515.06,1984.93,3168255,14352383,19316735,23740415,25755647,1125376,39387135,12370085.42,8087181.88,201834,10,10,10,0,0,0,0,0,0,18612223,24969215,31178751,18760206.45,1984
1790616456,0,203830,0,518.83,1994.94,3186687,14401535,19349503,23740415,25739263,1125376,39387135,12424634.61,8074967.80,203830,10,10,10,0,0,0,0,0,0,17793023,24231935,25018367,17940607.23,1996
1790616457,0,205830,0,522.59,2000.12,3207167,14467071,19382271,23756799,25739263,1125376,39387135,12484577.50,8066388.54,205830,10,10,10,0,0,0,0,0,0,18628607,24723455,25313279,18593656.83,2000
1790616458,0,207840,0,526.35,2010.94,3229695,14532607,19415039,23773183,25755647,1125376,39387135,12543513.57,8057975.47,207840,10,10,10,0,0,0,0,0,0,18595839,24723455,27148287,18578742.77,2010
1790616459,0,209850,0,530.10,2008.87,3258367,14589951,19447807,23789567,25755647,1125376,39387135,12601121.57,8048959.18,209850,10,10,10,0,0,0,0,0,0,18350079,24772607,25722879,18557961.17,2010
1790616460,0,211848,0,533.80,1999.21,3289087,14647295,19480575,23805951,25772031,1125376,39387135,12657913.15,8040776.63,211848,10,10,10,0,0,0,0,0,0,18546687,24788991,27688959,18622734.61,1998
1790616461,0,213850,0,537.49,2001.03,3317759,14712831,19496959,23805951,25772031,1125376,39387135,12711883.72,8030666.25,213850,10,10,10,0,0,0,0,0,0,18317311,24707071,25624575,18422950.75,2002
1790616462,0,215850,0,541.16,1999.77,3346431,14753791,19529727,23822335,25772031,1125376,39387135,12763410.99,8019312.38,215850,10,10,10,0,0,0,0,0,0,18399231,24313855,25280511,18272964.61,2000
1790616463,0,217830,0,544.75,1979.59,3373055,14802943,19562495,23822335,25755647,1125376,39387135,12813705.46,8007424.88,217830,10,10,10,0,0,0,0,0,0,18235391,24084479,25165823,18296565.14,1980
1790616464,0,219850,0,548.43,2020.26,3399679,14852095,19578879,23838719,25755647,1125376,39387135,12865185.37,7997154.49,219850,10,10,10,0,0,0,0,0,0,18399231,24903679,25968639,18416605.53,2020
1790616465,0,221830,0,552.00,1979.68,3424255,14901247,19611647,23855103,25804799,1125376,39387135,12919426.02,7990680.62,221830,10,10,10,0,0,0,0,0,0,18792447,25542655,27066367,18942055.43,1980
1790616466,0,223830,0,555.59,2000.78,3446783,14966783,19660799,23920639,25952255,1125376,39387135,12988795.17,7997823.36,223830,10,10,10,0,0,0,0,0,0,20709375,27000831,28246015,20682874.88,2000
1790616467,0,225830,0,559.17,2000.53,3473407,15032319,19726335,23969791,26132479,1125376,39387135,13058760.49,8005661.97,225830,10,10,10,0,0,0,0,0,0,20807679,27131903,28033023,20888928.26,2000
1790616468,0,227830,0,562.73,1999.13,3502079,15097855,19775487,24018943,26247167,1125376,39387135,13123273.07,8008938.38,227830,10,10,10,0,0,0,0,0,0,20529151,26738687,27639807,20407711.74,2000
1790616469,0,229830,0,566.27,2000.53,3536895,15138815,19808255,24035327,26247167,1125376,39387135,13169493.92,7997708.96,229830,10,10,10,0,0,0,0,0,0,18513919,24494079,26787839,18434742.27,2000
1790616470,0,231830,0,569.79,1999.94,3573759,15187967,19824639,24035327,26263551,1125376,39387135,13218515.45,7989436.73,231830,10,10,10,0,0,0,0,0,0,18710527,25001983,30752767,18851823.62,2000
1790616471,0,233830,0,573.30,1999.35,3606527,15228927,19841023,24051711,26263551,1125376,39387135,13263496.91,7978026.37,233830,10,10,10,0,0,0,0,0,0,18268159,24854527,26656767,18477522.94,2000
1790616472,0,235830,0,576.79,2000.22,3633151,15286271,19906559,24100863,26361855,1125376,39387135,13327115.94,7982641.45,235830,10,10,10,0,0,0,0,0,0,20889599,27049983,27934719,20765134.85,2000
1790616473,0,237830,0,580.26,1999.59,3655679,15343615,19955711,24150015,26460159,1125376,39387135,13388845.62,7985608.54,237830,10,10,10,0,0,0,0,0,0,20758527,27049983,27770879,20667701.25,2000
1790616474,0,239850,0,583.76,2020.17,3680255,15392767,19988479,24182783,26509311,1125376,39387135,13441868.57,7981691.54,239850,10,10,10,0,0,0,0,0,0,19578879,26460159,27705343,19684664.27,2020
1790616475,0,241850,0,587.20,1999.36,3702783,15417343,20004863,24182783,26492927,1125376,39387135,13480038.67,7967193.46,241850,10,10,10,0,0,0,0,0,0,17940479,24150015,25116671,18057588.74,2000
1790616476,0,243850,0,590.62,2000.64,3725311,15450111,20021247,24182783,26509311,1125376,39387135,13522446.02,7957095.50,243850,10,10,10,0,0,0,0,0,0,18087935,24854527,31391743,18650554.37,2000
1790616477,0,245830,0,593.98,1980.69,3758079,15491071,20054015,24199167,26607615,1125376,45154303,13574990.32,7964421.33,245830,10,10,10,0,0,0,0,0,0,19087359,32342015,43220991,20046165.33,1980
1790616478,0,247850,0,597.42,2020.17,3801087,15540223,20086783,24215551,26623999,1125376,45154303,13621522.89,7957843.39,247850,10,10,10,0,0,0,0,0,0,19218431,26001407,29671423,19284444.51,2020
1790616479,0,249830,0,600.74,1980.24,3850239,15572991,20103167,24215551,26623999,1125376,45154303,13663223.31,7946600.70,249830,10,10,10,0,0,0,0,0,0,18972671,24608767,25608191,18883147.51,1980
1790616480,0,251830,0,604.10,1999.34,3887103,15605759,20119551,24215551,26607615,1125376,45154303,13700240.41,7932109.61,251830,10,10,10,0,0,0,0,0,0,18268159,24002559,24920063,18324232.19,2000
1790616481,0,253850,0,607.49,2019.31,3919871,15638527,20135935,24215551,26607615,1125376,45154303,13738981.36,7918643.99,253850,10,10,10,0,0,0,0,0,0,18677759,24018943,24838143,18568749.62,2020
1790616482,0,255830,0,610.77,1981.39,3954687,15671295,20152319,24215551,26591231,1125376,45154303,13773500.18,7905195.08,255830,10,10,10,0,0,0,0,0,0,18464767,24379391,25673727,18199057.58,1980
1790616483,0,257830,0,614.07,1999.78,3989503,15695871,20168703,24215551,26574847,1125376,45154303,13809329.34,7891988.14,257830,10,10,10,0,0,0,0,0,0,18251775,24248319,25362431,18392416.26,2000
1790616484,0,258330,0,613.80,500.04,3989503,15695871,20168703,24215551,26574847,1125376,45154303,13804884.20,7890943.41,258330,10,10,10,0,0,0,0,0,0,12632063,21610495,23052287,11512700.93,500
1790616485,0,258530,0,612.82,199.91,3985407,15687679,20168703,24215551,26574847,1125376,45154303,13796856.33,7893223.04,258530,10,10,10,0,0,0,0,0,0,3340287,5353471,5742591,3427655.68,200
1790616486,0,258730,0,611.85,199.98,3977215,15679487,20152319,24215551,26574847,1125376,45154303,13788749.57,7895605.23,258730,10,10,10,0,0,0,0,0,0,3172351,4853759,5664767,3309550.08,200
1790616487,0,258930,0,610.87,200.11,3969023,15671295,20152319,24215551,26574847,1125376,45154303,13780639.78,7897997.09,258930,10,10,10,0,0,0,0,0,0,3147775,4804607,5701631,3289413.12,200
1790616488,0,259130,0,609.91,199.93,3962879,15663103,20152319,24215551,26558463,1125376,45154303,13772544.91,7900371.85,259130,10,10,10,0,0,0,0,0,0,3127295,4784127,5631999,3292523.52,200
1790616489,0,259330,0,608.94,200.04,3958783,15654911,20152319,24215551,26558463,1125376,45154303,13764580.89,7902579.02,259330,10,10,10,0,0,0,0,0,0,3385343,5234687,5677055,3445995.52,200
1790616490,0,259530,0,607.99,199.97,3952639,15646719,20135935,24215551,26558463,1125376,45154303,13756630.36,7904778.01,259530,10,10,10,0,0,0,0,0,0,3395583,5320703,5734399,3447572.48,200
1790616491,0,259730,0,607.03,200.06,3946495,15638527,20135935,24199167,26558463,1125376,45154303,13748735.60,7906917.56,259730,10,10,10,0,0,0,0,0,0,3418111,5631999,6414335,3504107.52,200
1790616492,0,259930,0,606.08,199.95,3940351,15630335,20135935,24199167,26558463,1125376,45154303,13740648.60,7909297.88,259930,10,10,10,0,0,0,0,0,0,3102719,4743167,5603327,3238461.44,200
1790616493,0,260130,0,605.14,200.03,3934207,15630335,20135935,24199167,26558463,1125376,45154303,13732762.41,7911424.15,260130,10,10,10,0,0,0,0,0,0,3434495,5300223,5718015,3483473.92,200
1790616494,0,260330,0,604.20,199.97,3930111,15622143,20135935,24199167,26542079,1125376,45154303,13724784.82,7913670.11,260330,10,10,10,0,0,0,0,0,0,3172351,5169151,5726207,3348730.88,200
1790616495,0,260530,0,603.26,199.92,3923967,15613951,20119551,24199167,26542079,1125376,45154303,13716793.77,7915939.13,260530,10,10,10,0,0,0,0,0,0,3153919,5009407,5718015,3315246.08,200
1790616496,0,260730,0,602.33,200.03,3919871,15605759,20119551,24199167,26542079,1125376,45154303,13708921.13,7918058.31,260730,10,10,10,0,0,0,0,0,0,3383295,5365759,5758975,3453629.44,200
1790616497,0,260930,0,601.40,200.01,3913727,15597567,20119551,24199167,26542079,1125376,45154303,13700979.92,7920263.60,260930,10,10,10,0,0,0,0,0,0,3233791,4980735,5591039,3348416.00,200
1790616498,0,261130,0,600.48,200.03,3907583,15597567,20119551,24199167,26542079,1125376,45154303,13693058.40,7922447.63,261130,10,10,10,0,0,0,0,0,0,3241983,4927487,5545983,3358251.52,200
1790616499,0,261330,0,599.56,200.06,3901439,15589375,20103167,24199167,26542079,1125376,45154303,13685162.90,7924602.52,261330,10,10,10,0,0,0,0,0,0,3217407,5165055,5607423,3376404.48,200
1790616500,0,261530,0,598.65,200.01,3897343,15581183,20103167,24199167,26542079,1125376,45154303,13677209.47,7926834.12,261530,10,10,10,0,0,0,0,0,0,3186687,4886527,5529599,3284856.32,200
1790616501,0,261730,0,597.74,199.96,3891199,15572991,20103167,24199167,26542079,1125376,45154303,13669362.44,7928933.57,261730,10,10,10,0,0,0,0,0,0,3291135,5156863,5578751,3408199.68,200
1790616502,0,261930,0,596.83,199.94,3885055,15572991,20103167,24199167,26542079,1125376,45154303,13661497.52,7931059.57,261930,10,10,10,0,0,0,0,0,0,3252223,5013503,5599231,3369067.52,200
1790616503,0,262130,0,595.93,199.92,3878911,15564799,20086783,24199167,26542079,1125376,45154303,13653642.86,7933176.97,262130,10,10,10,0,0,0,0,0,0,3291135,5038079,5574655,3366786.56,200
1790616504,0,262330,0,595.03,200.17,3872767,15556607,20086783,24199167,26542079,1125376,45154303,13645818.48,7935261.14,262330,10,10,10,0,0,0,0,0,0,3237887,5185535,5885951,3390791.68,200
1790616505,0,262530,0,594.14,199.87,3868671,15548415,20086783,24199167,26542079,1125376,45154303,13638025.79,7937307.42,262530,10,10,10,0,0,0,0,0,0,3295231,5177343,5644287,3416750.08,200
1790616506,0,262730,0,593.25,200.01,3862527,15540223,20086783,24199167,26542079,1125376,45154303,13630204.92,7939393.29,262730,10,10,10,0,0,0,0,0,0,3250175,4968447,5615615,3364139.52,200
1790616507,0,262930,0,592.36,200.02,3856383,15532031,20086783,24182783,26542079,1125376,45154303,13622398.33,7941464.71,262930,10,10,10,0,0,0,0,0,0,3256319,5013503,5574655,3367262.72,200
1790616508,0,263130,0,591.48,199.96,3848191,15532031,20070399,24182783,26542079,1125376,45154303,13614588.15,7943545.78,263130,10,10,10,0,0,0,0,0,0,3227647,4960255,5828607,3346938.88,200
1790616509,0,263330,0,590.60,200.09,3842047,15523839,20070399,24182783,26525695,1125376,45154303,13606905.30,7945471.11,263330,10,10,10,0,0,0,0,0,0,3389439,5357567,5931007,3498964.48,200
1790616510,0,263530,0,589.73,199.90,3835903,15515647,20070399,24182783,26525695,1125376,45154303,13599244.73,7947404.49,263530,10,10,10,0,0,0,0,0,0,3225599,5730303,8097791,3512949.76,200
1790616511,0,263730,0,588.86,200.16,3827711,15507455,20070399,24182783,26525695,1125376,45154303,13591505.61,7949409.27,263730,10,10,10,0,0,0,0,0,0,3211263,5308415,5709823,3394063.36,200
1790616512,0,263930,0,587.99,199.86,3819519,15499263,20070399,24182783,26525695,1125376,45154303,13583636.18,7951581.05,263930,10,10,10,0,0,0,0,0,0,3082239,4763647,5296127,3206602.24,200
1790616513,0,264130,0,587.13,200.07,3811327,15491071,20054015,24182783,26525695,1125376,45154303,13575858.80,7953642.03,264130,10,10,10,0,0,0,0,0,0,3153919,4866047,5677055,3312440.32,200
1790616514,0,264330,0,586.27,200.00,3803135,15491071,20054015,24182783,26525695,1125376,45154303,13568191.79,7955579.96,264330,10,10,10,0,0,0,0,0,0,3401727,5439487,6422527,3442754.56,200
1790616515,0,264530,0,585.41,200.07,3794943,15482879,20054015,24182783,26525695,1125376,45154303,13560423.77,7957639.65,264530,10,10,10,0,0,0,0,0,0,3135487,5292031,5763071,3293831.68,200
1790616516,0,264730,0,584.56,200.02,3788799,15474687,20054015,24182783,26525695,1125376,45154303,13552802.81,7959526.22,264730,10,10,10,0,0,0,0,0,0,3352575,5447679,6443007,3472931.84,200
1790616517,0,264930,0,583.72,199.87,3782655,15466495,20054015,24182783,26525695,1125376,45154303,13545173.69,7961415.91,264930,10,10,10,0,0,0,0,0,0,3368959,5279743,5664767,3446891.52,200
1790616518,0,265130,0,582.87,200.08,3778559,15458303,20037631,24182783,26525695,1125376,45154303,13537512.72,7963348.07,265130,10,10,10,0,0,0,0,0,0,3262463,5210111,5627903,3389409.28,200
1790616519,0,265330,0,582.03,199.98,3772415,15450111,20037631,24182783,26525695,1125376,45154303,13529828.21,7965314.01,265330,10,10,10,0,0,0,0,0,0,3207167,5013503,5660671,3342860.80,200
1790616520,0,265530,0,581.20,200.04,3766271,15441919,20037631,24182783,26525695,1125376,45154303,13522188.10,7967227.43,265530,10,10,10,0,0,0,0,0,0,3307519,5246975,5648383,3386434.56,200
1790616521,0,265730,0,580.36,199.96,3762175,15441919,20037631,24182783,26525695,1125376,45154303,13514487.14,7969220.47,265730,10,10,10,0,0,0,0,0,0,3133439,4788223,5672959,3290306.56,200
1790616522,0,265930,0,579.53,199.94,3758079,15433727,20037631,24182783,26525695,1125376,45154303,13506799.66,7971201.07,265930,10,10,10,0,0,0,0,0,0,3119103,4767743,5636095,3292830.72,200
1790616523,0,266130,0,578.71,199.96,3751935,15425535,20021247,24182783,26525695,1125376,45154303,13499113.10,7973183.97,266130,10,10,10,0,0,0,0,0,0,3123199,4780031,5631999,3278671.36,200
1790616524,0,266330,0,577.89,200.06,3747839,15417343,20021247,24166399,26525695,1125376,45154303,13491472.68,7975112.84,266330,10,10,10,0,0,0,0,0,0,3162111,5226495,5664767,3324756.48,200
1790616525,0,266530,0,577.07,200.03,3743743,15409151,20021247,24166399,26525695,1125376,45154303,13483808.38,7977073.31,266530,10,10,10,0,0,0,0,0,0,3141631,4796415,5586943,3277642.24,200
1790616526,0,266730,0,576.26,200.07,3739647,15400959,20021247,24166399,26509311,1125376,45154303,13476264.00,7978893.12,266730,10,10,10,0,0,0,0,0,0,3311615,5312511,5713919,3422246.40,200
1790616527,0,266930,0,575.44,199.89,3735551,15400959,20004863,24166399,26509311,1125376,45154303,13468636.58,7980817.62,266930,10,10,10,0,0,0,0,0,0,3147775,5021695,5607423,3296325.12,200
1790616528,0,267130,0,574.64,200.00,3731455,15392767,20004863,24166399,26509311,1125376,45154303,13460992.08,7982765.41,267130,10,10,10,0,0,0,0,0,0,3119103,4861951,5586943,3258263.04,200
1790616529,0,267330,0,573.83,200.09,3729407,15384575,20004863,24166399,26509311,1125376,45154303,13453465.03,7984570.42,267330,10,10,10,0,0,0,0,0,0,3334143,5242879,5619711,3399953.92,200
1790616530,0,267530,0,573.03,199.83,3725311,15376383,20004863,24166399,26509311,1125376,45154303,13445896.66,7986432.64,267530,10,10,10,0,0,0,0,0,0,3221503,5009407,5656575,3329635.84,200
1790616531,0,267730,0,572.23,200.12,3723263,15368191,20004863,24166399,26509311,1125376,45154303,13438336.69,7988286.19,267730,10,10,10,0,0,0,0,0,0,3231743,5152767,5607423,3325739.52,200
1790616532,0,267930,0,571.44,199.95,3721215,15359999,19988479,24166399,26509311,1125376,45154303,13430944.03,7989937.95,267930,10,10,10,0,0,0,0,0,0,3561471,5292031,5791743,3534760.96,200
1790616533,0,268130,0,570.65,200.03,3717119,15351807,19988479,24166399,26509311,1125376,45154303,13423415.48,7991761.80,268130,10,10,10,0,0,0,0,0,0,3174399,5185535,5750783,3337794.56,200
1790616534,0,268330,0,569.86,199.97,3715071,15351807,19988479,24166399,26509311,1125376,45154303,13415861.06,7993620.74,268330,10,10,10,0,0,0,0,0,0,3162111,4943871,5631999,3288035.84,200
1790616535,0,268530,0,569.08,200.04,3710975,15343615,19988479,24166399,26509311,1125376,45154303,13408321.78,7995465.79,268530,10,10,10,0,0,0,0,0,0,3184639,4980735,5644287,3293237.76,200
1790616536,0,268730,0,568.30,199.92,3708927,15335423,19972095,24166399,26509311,1125376,45154303,13400809.08,7997279.56,268730,10,10,10,0,0,0,0,0,0,3147775,5140479,5660671,3313884.16,200
1790616537,0,268930,0,567.52,200.02,3706879,15327231,19972095,24166399,26509311,1125376,45154303,13393306.58,7999085.22,268930,10,10,10,0,0,0,0,0,0,3176447,5193727,5677055,3312576.00,200
1790616538,0,269130,0,566.75,200.01,3702783,15319039,19972095,24150015,26492927,1125376,45154303,13385881.05,8000796.73,269130,10,10,10,0,0,0,0,0,0,3346431,5160959,5550079,3401141.76,200
1790616539,0,269330,0,565.98,200.06,3700735,15319039,19972095,24150015,26492927,1125376,45154303,13378404.24,8002576.39,269330,10,10,10,0,0,0,0,0,0,3170303,5144575,5599231,3317240.32,200
1790616540,0,269530,0,565.21,200.03,3698687,15310847,19955711,24150015,26492927,1125376,45154303,13371033.31,8004268.96,269530,10,10,10,0,0,0,0,0,0,3225599,5455871,8822783,3444968.96,200
1790616541,0,269730,0,564.44,200.02,3694591,15302655,19955711,24150015,26492927,1125376,45154303,13363561.29,8006049.72,269730,10,10,10,0,0,0,0,0,0,3162111,5058559,5586943,3293885.44,200
1790616542,0,269930,0,563.68,199.82,3692543,15294463,19955711,24150015,26492927,1125376,45154303,13356130.04,8007786.24,269930,10,10,10,0,0,0,0,0,0,3196927,5148671,5619711,3333975.04,200
1790616543,0,270130,0,562.93,200.08,3690495,15286271,19955711,24150015,26492927,1125376,45154303,13348706.42,8009517.15,270130,10,10,10,0,0,0,0,0,0,3184639,5132287,5640191,3329415.68,200
1790616544,0,272720,0,567.14,2591.07,3710975,15335423,19988479,24166399,26492927,1125376,45154303,13401480.24,7999154.43,272720,10,10,10,0,0,0,0,0,0,18710527,24969215,26509311,18905647.44,2590
1790616545,0,275720,0,572.19,3000.18,3739647,15400959,20021247,24182783,26492927,1125376,45154303,13463318.80,7987365.20,275720,10,10,10,0,0,0,0,0,0,19054591,25493503,26755071,19084855.98,3000
1790616546,0,278720,0,577.22,2998.80,3780607,15466495,20054015,24215551,26525695,1125376,45154303,13527947.85,7978133.90,278720,10,10,10,0,0,0,0,0,0,19136511,25722879,26836991,19467788.29,3000
1790616547,0,281750,0,582.29,3031.55,3842047,15515647,20086783,24231935,26525695,1125376,45154303,13584272.85,7963541.88,281750,10,10,10,0,0,0,0,0,0,18644991,25198591,27099135,18765429.27,3030
1790616548,0,284720,0,587.21,2968.87,3893247,15572991,20119551,24231935,26525695,1125376,45154303,13642620.79,7951633.03,284720,10,10,10,0,0,0,0,0,0,19120127,25067519,26476543,19177816.78,2970
1790616549,0,287750,0,592.24,3029.68,3938303,15613951,20152319,24248319,26525695,1125376,45154303,13695818.06,7937830.59,287750,10,10,10,0,0,0,0,0,0,18644991,24707071,26443775,18694606.32,3030
1790616550,0,290750,0,597.18,3000.57,3985407,15646719,20152319,24248319,26525695,1125376,45154303,13738691.36,7916082.34,290750,10,10,10,0,0,0,0,0,0,17711103,23838719,25051135,17850955.09,3000
1790616551,0,293750,0,602.11,2998.50,4026367,15679487,20168703,24231935,26509311,1125376,45154303,13780136.30,7893909.69,293750,10,10,10,0,0,0,0,0,0,17776639,23724031,24346623,17796841.47,3000
1790616552,0,296720,0,606.95,2969.94,4063231,15728639,20185087,24248319,26509311,1125376,45154303,13830959.72,7879815.74,296720,10,10,10,0,0,0,0,0,0,18825215,25149439,26886143,18857687.49,2970
1790616553,0,299720,0,611.84,3001.36,4104191,15753215,20185087,24231935,26492927,1125376,45154303,13866622.02,7856827.93,299720,10,10,10,0,0,0,0,0,0,17350655,23199743,24641535,17393860.61,3000
1790616554,0,302720,0,616.70,2998.78,4145151,15785983,20201471,24231935,26492927,1125376,45154303,13902869.06,7834215.27,302720,10,10,10,0,0,0,0,0,0,17629183,23216127,24838143,17524189.87,3000
1790616555,0,305720,0,621.55,3000.94,4184063,15794175,20185087,24215551,26492927,1125376,45154303,13935231.38,7811125.63,305720,10,10,10,0,0,0,0,0,0,16891903,23379967,24903679,17200805.21,3000
1790616556,0,308720,0,626.37,2998.83,4214783,15826943,20201471,24231935,26476543,1125376,45154303,13975464.54,7792288.43,308720,10,10,10,0,0,0,0,0,0,18202623,24461311,25788415,18075492.35,3000
1790616557,0,311750,0,631.24,3031.57,4247551,15843327,20201471,24215551,26460159,1125376,45154303,14006669.70,7768521.07,311750,10,10,10,0,0,0,0,0,0,16875519,23003135,24264703,17186094.13,3030
1790616558,0,314726,0,635.98,2977.12,4284415,15892479,20234239,24231935,26460159,1125376,45154303,14056805.67,7757279.77,314726,10,10,10,0,0,0,0,0,0,19464191,25018367,26148863,19308784.86,2976
1790616559,0,317750,0,640.80,3022.28,4333567,15925247,20250623,24231935,26460159,1125376,45154303,14097994.88,7740636.56,317750,10,10,10,0,0,0,0,0,0,18071551,24084479,26198015,18384805.25,3024
1790616560,0,320720,0,645.48,2968.93,4390911,15941631,20267007,24231935,26443775,1125376,45154303,14134180.19,7720996.43,320720,10,10,10,0,0,0,0,0,0,17940479,23592959,24870911,18005520.89,2970
1790616561,0,323720,0,650.21,3000.42,4444159,15966207,20267007,24231935,26443775,1125376,45154303,14169491.20,7702446.02,323720,10,10,10,0,0,0,0,0,0,17776639,24281087,25640959,17944473.60,3000
1790616562,0,326720,0,654.92,3001.99,4501503,15982591,20267007,24215551,26427391,1125376,45154303,14198526.23,7680006.19,326720,10,10,10,0,0,0,0,0,0,16990207,22757375,24051711,17331600.04,3000
1790616563,0,329720,0,659.61,2997.71,4558847,16039935,20316159,24281087,26591231,1125376,45154303,14263207.50,7686466.85,329720,10,10,10,0,0,0,0,0,0,21004287,29278207,30064639,21307428.86,3000
1790616564,0,332720,0,664.29,3001.42,4612095,16089087,20365311,24346623,26673151,1125376,45154303,14324252.19,7688396.43,332720,10,10,10,0,0,0,0,0,0,20692991,27557887,28622847,21033470.63,3000
1790616565,0,335750,0,669.00,3028.24,4661247,16138239,20398079,24379391,26787839,1125376,45154303,14379873.65,7686700.65,335750,10,10,10,0,0,0,0,0,0,20168703,27361279,29556735,20487586.39,3030
1790616566,0,338720,0,673.58,2972.40,4710399,16179199,20414463,24395775,26804223,1125376,45154303,14421736.28,7674915.01,338720,10,10,10,0,0,0,0,0,0,18907135,26066943,27279359,19154186.86,2970
1790616567,0,341720,0,678.19,2998.12,4792319,16228351,20463615,24461311,26918911,1125376,45154303,14479951.74,7675847.58,341720,10,10,10,0,0,0,0,0,0,21086207,27639807,28409855,21052865.19,3000
1790616568,0,344720,0,682.79,3000.81,4976639,16277503,20512767,24510463,27033599,1125376,45154303,14538430.91,7677513.75,344720,10,10,10,0,0,0,0,0,0,21102591,27721727,28622847,21199598.93,3000
1790616569,0,347720,0,687.37,3000.27,5185535,16310271,20545535,24559615,27066367,1125376,45154303,14587942.51,7672332.04,347720,10,10,10,0,0,0,0,0,0,20529151,26804223,27820031,20277155.16,3000
1790616570,0,350720,0,691.93,2998.45,5296127,16343039,20561919,24575999,27066367,1125376,45154303,14626245.61,7660067.12,350720,10,10,10,0,0,0,0,0,0,18776063,25968639,26968063,19065830.06,3000
1790616571,0,353720,0,696.48,3002.25,5541887,16367615,20578303,24575999,27066367,1125376,45154303,14663095.72,7646373.57,353720,10,10,10,0,0,0,0,0,0,18907135,25198591,27164671,18971119.62,3000
1790616572,0,356720,0,701.01,3000.53,5726207,16400383,20594687,24592383,27049983,1125376,45154303,14698194.06,7631531.27,356720,10,10,10,0,0,0,0,0,0,18759679,25231359,26148863,18836522.33,3000
1790616573,0,359750,0,705.57,3028.84,9584639,16424959,20611071,24608767,27049983,1125376,45154303,14734674.40,7617791.28,359750,10,10,10,0,0,0,0,0,0,19038207,25346047,26165247,19029482.03,3030
1790616574,0,362702,0,709.97,2953.29,10502143,16449535,20627455,24608767,27049983,1125376,45154303,14768273.30,7604393.78,362702,10,10,10,0,0,0,0,0,0,18644991,25247743,26951679,18862854.24,2952
1790616575,0,365750,0,714.54,3047.58,10870783,16474111,20643839,24625151,27033599,1125376,45154303,14805766.67,7591835.53,365750,10,10,10,0,0,0,0,0,0,18956287,25739263,26345471,19267355.55,3048
1790616576,0,368720,0,718.94,2969.66,11141119,16498687,20660223,24641535,27017215,1125376,45154303,14840528.47,7579051.01,368720,10,10,10,0,0,0,0,0,0,18661375,25608191,26722303,19121378.87,2970
1790616577,0,371750,0,723.43,3027.84,11345919,16531455,20676607,24657919,27017215,1125376,45154303,14876078.16,7566358.31,371750,10,10,10,0,0,0,0,0,0,18841599,25493503,26509311,19202111.54,3030
1790616578,0,374714,0,727.79,2966.70,11526143,16564223,20709375,24690687,27082751,1125376,45154303,14919059.90,7560882.02,374714,10,10,10,0,0,0,0,0,0,20283391,27344895,28229631,20309904.06,2964
1790616579,0,377720,0,732.20,3003.59,11657215,16613375,20742143,24739839,27164671,1125376,45154303,14971055.59,7562298.22,377720,10,10,10,0,0,0,0,0,0,21282815,27901951,29458431,21452596.97,3006
1790616580,0,380690,0,736.53,2971.61,11788287,16646143,20774911,24788991,27246591,1125376,45154303,15019076.79,7563114.79,380690,10,10,10,0,0,0,0,0,0,20922367,28180479,38469631,21126339.15,2970
1790616581,0,383750,0,741.02,3059.36,11911167,16695295,20824063,24838143,27312127,1125376,45154303,15069666.68,7564220.06,383750,10,10,10,0,0,0,0,0,0,21184511,28196863,30130175,21363479.09,3060
1790616582,0,386750,0,745.37,3000.61,12001279,16719871,20840447,24870911,27344895,1125376,45154303,15106387.88,7556286.23,386750,10,10,10,0,0,0,0,0,0,19906559,26886143,28901375,19803641.17,3000
1790616583,0,389720,0,749.65,2968.99,12099583,16752639,20856831,24887295,27361279,1125376,45154303,15140482.96,7545518.07,389720,10,10,10,0,0,0,0,0,0,19300351,26591231,27967487,19580304.64,2970
1790616584,0,392720,0,753.97,2998.97,12189695,16793599,20889599,24920063,27410431,1125376,45154303,15184998.37,7542756.96,392720,10,10,10,0,0,0,0,0,0,20955135,27525119,28901375,20967847.25,3000
1790616585,0,395720,0,758.28,3001.19,12279807,16826367,20922367,24985599,27475967,1125376,45154303,15231192.95,7541764.80,395720,10,10,10,0,0,0,0,0,0,21217279,27820031,28917759,21278371.84,3000
1790616586,0,398690,0,762.51,2970.92,12361727,16875519,20955135,25034751,27557887,1125376,45154303,15277723.86,7541580.11,398690,10,10,10,0,0,0,0,0,0,21168127,28098559,29753343,21477457.37,2970
1790616587,0,401720,0,766.83,3030.47,12427263,16908287,21004287,25083903,27639807,1125376,45154303,15322833.30,7540121.72,401720,10,10,10,0,0,0,0,0,0,21413887,28114943,28737535,21258372.48,3030
1790616588,0,404750,0,771.15,3027.98,12500991,16957439,21037055,25149439,27688959,1125376,45154303,15368293.44,7538590.74,404750,10,10,10,0,0,0,0,0,0,21463039,27803647,28737535,21395438.43,3030
1790616589,0,407720,0,775.33,2969.74,12558335,16990207,21053439,25182207,27705343,1125376,45154303,15408110.30,7533776.58,407720,10,10,10,0,0,0,0,0,0,20709375,27557887,28491775,20834330.20,2970
1790616590,0,410720,0,779.55,3001.59,12615679,17022975,21086207,25214975,27721727,1125376,45154303,15442775.24,7525531.88,410720,10,10,10,0,0,0,0,0,0,20004863,27017215,28508159,20153972.05,3000
1790616591,0,413720,0,783.76,2998.98,12648447,17039359,21086207,25214975,27721727,1125376,45154303,15466195.83,7512620.20,413720,10,10,10,0,0,0,0,0,0,18415615,25853951,27394047,18672629.76,3000
1790616592,0,416750,0,788.00,3031.22,12697599,17055743,21086207,25214975,27705343,1125376,45154303,15488486.59,7497277.91,416750,10,10,10,0,0,0,0,0,0,18333695,25083903,26001407,18532095.16,3030
1790616593,0,419750,0,792.18,2999.88,12730367,17072127,21102591,25214975,27705343,1125376,45154303,15511994.09,7483079.16,419750,10,10,10,0,0,0,0,0,0,18661375,25001983,26247167,18777578.15,3000
1790616594,0,422720,0,796.28,2970.31,12779519,17088511,21118975,25247743,27721727,1125376,45154303,15545471.46,7475381.84,422720,10,10,10,0,0,0,0,0,0,20250623,27295743,28246015,20276827.37,2970
1790616595,0,425720,0,800.42,2999.04,12828671,17121279,21151743,25280511,27754495,1125376,45154303,15585630.12,7472576.04,425720,10,10,10,0,0,0,0,0,0,21413887,28033023,28819455,21244252.16,3000
1790616596,0,428720,0,804.55,2999.58,12877823,17154047,21184511,25329663,27803647,1125376,45154303,15625966.14,7469971.13,428720,10,10,10,0,0,0,0,0,0,21610495,27869183,29310975,21349916.67,3000
1790616597,0,431729,0,808.68,3011.17,12918783,17170431,21200895,25346047,27803647,1125376,45154303,15654850.45,7460048.40,431729,10,10,10,0,0,0,0,0,0,20037631,26722303,27508735,19770264.89,3009
1790616598,0,434720,0,812.76,2989.73,12943359,17186815,21200895,25329663,27787263,1125376,45154303,15675381.75,7445232.30,434720,10,10,10,0,0,0,0,0,0,18939903,24772607,25886719,18638925.37,2991
1790616599,0,437720,0,816.84,2998.91,12984319,17203199,21217279,25346047,27803647,1125376,45154303,15701479.49,7434396.48,437720,10,10,10,0,0,0,0,0,0,19038207,26623999,28344319,19483215.19,3000
1790616600,0,440720,0,820.91,3000.65,13008895,17235967,21233663,25362431,27803647,1125376,45154303,15724828.90,7421651.26,440720,10,10,10,0,0,0,0,0,0,18989055,25706495,27344895,19131663.70,3000
1790616601,0,443750,0,825.02,3029.22,13041663,17235967,21233663,25362431,27787263,1125376,45154303,15746135.62,7408047.77,443750,10,10,10,0,0,0,0,0,0,18382847,25198591,26820607,18845243.14,3030
1790616602,0,446750,0,829.05,3000.19,13074431,17252351,21233663,25346047,27787263,1125376,45154303,15767630.37,7394827.54,446750,10,10,10,0,0,0,0,0,0,18989055,24952831,27312127,18947062.44,3000
1790616603,0,449720,0,833.02,2970.69,13099007,17268735,21250047,25346047,27787263,1125376,45154303,15786789.04,7380761.10,449720,10,10,10,0,0,0,0,0,0,18022399,25346047,26492927,18668653.64,2970
1790616604,0,450340,0,832.62,620.00,13099007,17268735,21250047,25346047,27770879,1125376,45154303,15785670.83,7381827.22,450340,10,10,10,0,0,0,0,0,0,16859135,25985023,26443775,14974568.88,620
1790616605,0,450540,0,831.46,199.93,13090815,17268735,21233663,25346047,27770879,1125376,45154303,15780034.23,7385061.82,450540,10,10,10,0,0,0,0,0,0,2963455,4706303,5308415,3088107.52,200
1790616606,0,450740,0,830.29,200.10,13082623,17252351,21233663,25346047,27770879,1125376,45154303,15774437.56,7388231.89,450740,10,10,10,0,0,0,0,0,0,3041279,5005311,5484543,3166814.72,200
1790616607,0,450940,0,829.13,199.95,13074431,17252351,21233663,25346047,27770879,1125376,45154303,15768837.43,7391405.42,450940,10,10,10,0,0,0,0,0,0,3018751,4911103,5296127,3147834.88,200
1790616608,0,451140,0,827.98,199.97,13066239,17252351,21233663,25346047,27770879,1125376,45154303,15763213.93,7394617.91,451140,10,10,10,0,0,0,0,0,0,2918399,4734975,5324799,3083891.20,200
1790616609,0,451340,0,826.83,199.96,13058047,17252351,21233663,25346047,27770879,1125376,45154303,15757656.81,7397737.96,451340,10,10,10,0,0,0,0,0,0,2990079,5173247,7995391,3222461.44,200
1790616610,0,451540,0,825.68,200.01,13058047,17235967,21233663,25346047,27770879,1125376,45154303,15752109.24,7400822.53,451540,10,10,10,0,0,0,0,0,0,3153919,4964351,5361663,3232926.72,200
1790616611,0,451740,0,824.54,200.16,13049855,17235967,21233663,25346047,27770879,1125376,45154303,15746495.28,7404016.83,451740,10,10,10,0,0,0,0,0,0,2965503,4493311,5193727,3071843.84,200
1790616612,0,451940,0,823.40,199.87,13041663,17235967,21233663,25346047,27770879,1125376,45154303,15740989.83,7407031.99,451940,10,10,10,0,0,0,0,0,0,3215359,5062655,5402623,3305843.20,200
1790616613,0,452140,0,822.27,200.11,13033471,17235967,21233663,25346047,27770879,1125376,45154303,15735424.79,7410149.91,452140,10,10,10,0,0,0,0,0,0,3043327,4923391,5562367,3160084.48,200
1790616614,0,452340,0,821.14,199.96,13025279,17235967,21233663,25346047,27770879,1125376,45154303,15729857.43,7413268.80,452340,10,10,10,0,0,0,0,0,0,3055615,4870143,5312511,3143744.00,200
1790616615,0,452540,0,820.01,199.97,13017087,17219583,21217279,25346047,27770879,1125376,45154303,15724236.46,7416475.96,452540,10,10,10,0,0,0,0,0,0,2895871,4440063,5201919,3011287.04,200
1790616616,0,452740,0,818.89,200.01,13008895,17219583,21217279,25346047,27770879,1125376,45154303,15718712.57,7419521.13,452740,10,10,10,0,0,0,0,0,0,3164159,4923391,5332991,3219793.92,200
1790616617,0,452940,0,817.78,200.00,13000703,17219583,21217279,25346047,27770879,1125376,45154303,15713102.27,7422709.94,452940,10,10,10,0,0,0,0,0,0,2891775,4456447,5246975,3013071.36,200
1790616618,0,453140,0,816.66,199.96,12992511,17219583,21217279,25346047,27770879,1125376,45154303,15707541.92,7425816.71,453140,10,10,10,0,0,0,0,0,0,3010559,4829183,5435391,3115018.24,200
1790616619,0,453340,0,815.55,200.04,12984319,17203199,21217279,25346047,27770879,1125376,45154303,15701917.82,7429029.35,453340,10,10,10,0,0,0,0,0,0,2844671,4440063,5197823,2959393.28,200
1790616620,0,453540,0,814.45,200.00,12976127,17203199,21217279,25346047,27770879,1125376,45154303,15696343.33,7432159.63,453540,10,10,10,0,0,0,0,0,0,2955263,4657151,5259263,3060638.72,200
1790616621,0,453740,0,813.35,199.98,12967935,17203199,21217279,25346047,27770879,1125376,45154303,15690795.13,7435244.57,453740,10,10,10,0,0,0,0,0,0,3028991,4796415,5177343,3109160.96,200
1790616622,0,453940,0,812.25,199.97,12959743,17203199,21200895,25329663,27770879,1125376,45154303,15685236.89,7438347.50,453940,10,10,10,0,0,0,0,0,0,2942975,4702207,5246975,3075246.08,200
1790616623,0,454140,0,811.16,200.09,12951551,17203199,21200895,25329663,27770879,1125376,45154303,15679677.58,7441452.09,454140,10,10,10,0,0,0,0,0,0,2949119,4591615,5242879,3061706.24,200
1790616624,0,454340,0,810.07,199.95,12943359,17186815,21200895,25329663,27770879,1125376,45154303,15674174.31,7444460.94,454340,10,10,10,0,0,0,0,0,0,3112959,4820991,5189631,3177917.44,200
1790616625,0,454540,0,808.98,199.93,12935167,17186815,21200895,25329663,27770879,1125376,45154303,15668671.25,7447471.74,454540,10,10,10,0,0,0,0,0,0,3061759,4845567,5246975,3167370.24,200
1790616626,0,454740,0,807.90,200.09,12926975,17186815,21200895,25329663,27770879,1125376,45154303,15663215.11,7450408.20,454740,10,10,10,0,0,0,0,0,0,3149823,5152767,5640191,3263045.12,200
1790616627,0,454940,0,806.82,200.00,12918783,17186815,21200895,25329663,27770879,1125376,45154303,15657653.06,7453515.73,454940,10,10,10,0,0,0,0,0,0,2928639,4493311,5132287,3011207.68,200
1790616628,0,455140,0,805.75,200.06,12910591,17170431,21200895,25329663,27770879,1125376,45154303,15652111.45,7456590.45,455140,10,10,10,0,0,0,0,0,0,2945023,4546559,5259263,3046620.16,200
1790616629,0,455340,0,804.67,199.88,12902399,17170431,21200895,25329663,27754495,1125376,45154303,15646620.73,7459580.84,455340,10,10,10,0,0,0,0,0,0,3037183,4882431,5275647,3151388.16,200
1790616630,0,455540,0,803.61,200.03,12894207,17170431,21200895,25329663,27754495,1125376,45154303,15641133.14,7462566.38,455540,10,10,10,0,0,0,0,0,0,3055615,4784127,5263359,3147530.24,200
1790616631,0,455740,0,802.55,200.05,12886015,17170431,21184511,25329663,27754495,1125376,45154303,15635615.91,7465600.33,455740,10,10,10,0,0,0,0,0,0,2981887,4587519,5210111,3069017.60,200
1790616632,0,455940,0,801.49,199.94,12877823,17170431,21184511,25329663,27754495,1125376,45154303,15630138.31,7468568.26,455940,10,10,10,0,0,0,0,0,0,3012607,4833279,5185535,3148341.76,200
1790616633,0,456140,0,800.43,200.08,12869631,17154047,21184511,25329663,27754495,1125376,45154303,15624689.49,7471491.34,456140,10,10,10,0,0,0,0,0,0,3082239,4923391,5292031,3203002.88,200
1790616634,0,456340,0,799.38,199.95,12861439,17154047,21184511,25329663,27754495,1125376,45154303,15619215.79,7474453.90,456340,10,10,10,0,0,0,0,0,0,3055615,4911103,5349375,3135354.88,200
1790616635,0,456540,0,798.33,199.98,12853247,17154047,21184511,25329663,27754495,1125376,45154303,15613768.41,7477373.25,456540,10,10,10,0,0,0,0,0,0,3082239,4849663,5394431,3184476.16,200
1790616636,0,456740,0,797.29,200.07,12845055,17154047,21184511,25329663,27754495,1125376,45154303,15608428.84,7480126.81,456740,10,10,10,0,0,0,0,0,0,3241983,5328895,7008255,3419793.92,200
1790616637,0,456940,0,796.25,199.94,12836863,17137663,21184511,25329663,27754495,1125376,45154303,15603027.32,7482970.13,456940,10,10,10,0,0,0,0,0,0,3151871,5001215,5337087,3267571.20,200
1790616638,0,457140,0,795.21,199.97,12828671,17137663,21184511,25329663,27754495,1125376,45154303,15597611.75,7485836.38,457140,10,10,10,0,0,0,0,0,0,3106815,4988927,5353471,3224673.28,200
1790616639,0,457340,0,794.18,200.08,12820479,17137663,21184511,25329663,27754495,1125376,45154303,15592206.99,7488684.30,457340,10,10,10,0,0,0,0,0,0,3147775,4935679,5357567,3238545.92,200
1790616640,0,457540,0,793.14,199.95,12812287,17137663,21184511,25329663,27754495,1125376,45154303,15586920.09,7491351.61,457540,10,10,10,0,0,0,0,0,0,3434495,5357567,6451199,3497354.24,200
1790616641,0,457740,0,792.12,199.98,12795903,17137663,21168127,25329663,27754495,1125376,45154303,15581490.67,7494242.53,457740,10,10,10,0,0,0,0,0,0,3059711,4829183,5238783,3160616.96,200
1790616642,0,457940,0,791.10,199.96,12787711,17121279,21168127,25313279,27754495,1125376,45154303,15576059.27,7497138.07,457940,10,10,10,0,0,0,0,0,0,3045375,4853759,5271551,3145205.76,200
1790616643,0,458140,0,790.08,200.03,12779519,17121279,21168127,25313279,27754495,1125376,45154303,15570588.24,7500098.52,458140,10,10,10,0,0,0,0,0,0,2967551,4575231,5181439,3043584.00,200
1790616644,0,458340,0,789.06,200.06,12763135,17121279,21168127,25313279,27754495,1125376,45154303,15565133.36,7503032.55,458340,10,10,10,0,0,0,0,0,0,2977791,4554751,5246975,3069637.12,200
1790616645,0,458540,0,788.05,199.92,12754943,17121279,21168127,25313279,27754495,1125376,45154303,15559701.39,7505929.35,458540,10,10,10,0,0,0,0,0,0,3031039,4866047,5246975,3111242.24,200
1790616646,0,458740,0,787.04,200.00,12746751,17104895,21168127,25313279,27754495,1125376,45154303,15554263.42,7508837.14,458740,10,10,10,0,0,0,0,0,0,2959359,4792319,5259263,3086635.52,200
1790616647,0,458940,0,786.03,200.02,12738559,17104895,21168127,25313279,27754495,1125376,45154303,15548853.92,7511698.46,458940,10,10,10,0,0,0,0,0,0,3041279,4866047,5292031,3141076.48,200
1790616648,0,459140,0,785.03,199.96,12730367,17104895,21168127,25313279,27754495,1125376,45154303,15543421.34,7514596.20,459140,10,10,10,0,0,0,0,0,0,2955263,4526079,5242879,3077286.40,200
1790616649,0,459340,0,784.03,199.97,12722175,17104895,21151743,25313279,27754495,1125376,45154303,15537994.62,7517483.90,459340,10,10,10,0,0,0,0,0,0,2979839,4538367,5251071,3079879.68,200
1790616650,0,459540,0,783.04,200.00,12713983,17104895,21151743,25313279,27754495,1125376,45154303,15532566.49,7520373.83,459540,10,10,10,0,0,0,0,0,0,2945023,4444159,5242879,3065781.76,200
1790616651,0,459740,0,782.05,200.15,12705791,17088511,21151743,25313279,27754495,1125376,45154303,15527163.96,7523223.23,459740,10,10,10,0,0,0,0,0,0,3024895,4845567,5263359,3113753.60,200
1790616652,0,459940,0,781.06,200.02,12697599,17088511,21151743,25313279,27754495,1125376,45154303,15521717.05,7526144.29,459940,10,10,10,0,0,0,0,0,0,2875391,4419583,5165055,3000906.24,200
1790616653,0,460140,0,780.07,199.99,12681215,17088511,21151743,25313279,27754495,1125376,45154303,15516359.09,7528925.25,460140,10,10,10,0,0,0,0,0,0,3086335,4984831,5529599,3194672.64,200
1790616654,0,460340,0,779.09,199.87,12673023,17088511,21151743,25313279,27754495,1125376,45154303,15511044.79,7531631.94,460340,10,10,10,0,0,0,0,0,0,3205119,5021695,5275647,3284436.48,200
1790616655,0,460540,0,778.11,199.99,12664831,17088511,21151743,25313279,27754495,1125376,45154303,15505641.57,7534484.34,460540,10,10,10,0,0,0,0,0,0,2965503,4603903,5275647,3069045.76,200
1790616656,0,460740,0,777.14,200.07,12648447,17072127,21151743,25313279,27754495,1125376,45154303,15500258.72,7537305.82,460740,10,10,10,0,0,0,0,0,0,3012607,4825087,5541887,3105164.80,200
1790616657,0,460940,0,776.17,200.00,12640255,17072127,21151743,25313279,27754495,1125376,45154303,15494851.02,7540165.85,460940,10,10,10,0,0,0,0,0,0,2902015,4501503,5255167,3037137.92,200
1790616658,0,461140,0,775.20,200.03,12632063,17072127,21135359,25313279,27754495,1125376,45154303,15489472.68,7542977.72,461140,10,10,10,0,0,0,0,0,0,3002367,4829183,5226495,3094005.76,200
1790616659,0,461340,0,774.23,199.92,12623871,17072127,21135359,25313279,27754495,1125376,45154303,15484119.51,7545749.32,461340,10,10,10,0,0,0,0,0,0,3024895,4833279,5210111,3141319.68,200
1790616660,0,461540,0,773.27,199.99,12607487,17055743,21135359,25313279,27754495,1125376,45154303,15478765.23,7548522.86,461540,10,10,10,0,0,0,0,0,0,3022847,4837375,5365759,3128053.76,200
1790616661,0,461740,0,772.31,200.01,12599295,17055743,21135359,25296895,27738111,1125376,45154303,15473429.22,7551267.97,461740,10,10,10,0,0,0,0,0,0,3037183,4956159,5427199,3159523.84,200
1790616662,0,461940,0,771.36,200.12,12591103,17055743,21135359,25296895,27738111,1125376,45154303,15468137.32,7553943.25,461940,10,10,10,0,0,0,0,0,0,3125247,5099519,5484543,3250713.60,200
1790616663,0,462140,0,770.40,200.01,12574719,17055743,21135359,25296895,27738111,1125376,45154303,15462813.37,7556669.00,462140,10,10,10,0,0,0,0,0,0,3059711,4902911,5275647,3166082.56,200
1790616664,0,466480,0,776.34,4337.65,12648447,17088511,21151743,25329663,27820031,1125376,45154303,15506799.24,7549836.92,466480,10,10,10,0,0,0,0,0,0,19464191,28557311,36700159,20190584.80,4340
1790616665,0,471480,0,783.36,4999.31,12730367,17137663,21200895,25395199,27869183,1125376,45154303,15565761.10,7543515.48,471480,10,10,10,0,0,0,0,0,0,21577727,27770879,28671999,21066667.62,5000
1790616666,0,476430,0,790.27,4953.76,12812287,17186815,21250047,25477119,28016639,1125376,45154303,15633400.84,7547640.85,476430,10,10,10,0,0,0,0,0,0,22282239,29884415,31440895,22075983.64,4950
1790616667,0,481430,0,797.24,4997.69,12877823,17219583,21282815,25493503,28033023,1125376,45154303,15678413.07,7533928.86,481430,10,10,10,0,0,0,0,0,0,19382271,27295743,29147135,19967447.86,5000
1790616668,0,486445,0,804.22,5017.25,12926975,17252351,21299199,25526271,28065791,1125376,45154303,15717288.03,7518865.67,486445,10,10,10,0,0,0,0,0,0,19169279,27426815,29868031,19449207.09,5015
1790616669,0,491480,0,811.20,5033.55,12984319,17285119,21315583,25542655,28082175,1125376,45154303,15760307.40,7504122.80,491480,10,10,10,0,0,0,0,0,0,19628031,27066367,28491775,19916524.63,5035
1790616670,0,496480,0,818.10,4996.75,13033471,17317887,21348351,25559039,28082175,1125376,45154303,15801362.93,7489600.25,496480,10,10,10,0,0,0,0,0,0,19628031,27066367,28524543,19836957.49,5000
1790616671,0,501480,0,824.98,5003.34,13082623,17350655,21364735,25575423,28098559,1125376,45154303,15838039.85,7473415.59,501480,10,10,10,0,0,0,0,0,0,19202047,26542079,28819455,19479911.63,5000
1790616672,0,506530,0,831.92,5049.19,13131775,17399807,21397503,25657343,28164095,1125376,45154303,15891844.67,7471212.46,506530,10,10,10,0,0,0,0,0,0,20971519,28459007,32866303,21234823.05,5050
1790616673,0,511430,0,838.59,4898.95,13189119,17448959,21446655,25755647,28246015,1125376,45154303,15951166.62,7471682.12,511430,10,10,10,0,0,0,0,0,0,21741567,28671999,29573119,22083482.85,4900
1790616674,0,516480,0,845.49,5053.33,13246463,17498111,21495807,25853951,28442623,1125376,45154303,16021253.11,7484149.79,516480,10,10,10,0,0,0,0,0,0,22740991,30244863,32767999,23119140.40,5050
1790616675,0,521430,0,852.19,4950.13,13295615,17547263,21544959,25952255,28557311,1125376,45154303,16083363.28,7488721.85,521430,10,10,10,0,0,0,0,0,0,22233087,29671423,31752191,22563900.82,4950
1790616676,0,526480,0,859.04,5048.69,13352959,17596415,21594111,26050559,28721151,1125376,45154303,16149421.51,7495508.96,526480,10,10,10,0,0,0,0,0,0,22888447,29687807,32178175,22970162.79,5050
1790616677,0,531480,0,865.79,4997.01,13402111,17645567,21626879,26132479,28803071,1125376,45154303,16204063.92,7494212.74,531480,10,10,10,0,0,0,0,0,0,21381119,29130751,31621119,21957690.98,5000
1790616678,0,536480,0,872.51,5003.70,13443071,17661951,21643263,26148863,28803071,1125376,45154303,16233273.63,7476500.27,536480,10,10,10,0,0,0,0,0,0,18563071,26542079,28049407,19338149.07,5000
1790616679,0,541430,0,879.13,4945.71,13484031,17678335,21659647,26148863,28803071,1125376,45154303,16264050.86,7458788.28,541430,10,10,10,0,0,0,0,0,0,19202047,26329087,28835839,19599681.06,4950
1790616680,0,546430,0,885.81,5003.04,13524991,17694719,21659647,26165247,28803071,1125376,45154303,16294609.15,7441850.44,546430,10,10,10,0,0,0,0,0,0,19415039,27148287,29097983,19603643.60,5000
1790616681,0,551480,0,892.55,5050.56,13549567,17711103,21659647,26148863,28786687,1125376,45154303,16318786.98,7422465.52,551480,10,10,10,0,0,0,0,0,0,18841599,26083327,27213823,18934924.72,5050
1790616682,0,556480,0,899.19,5000.57,13590527,17727487,21676031,26181631,28786687,1125376,45154303,16351589.74,7407641.02,556480,10,10,10,0,0,0,0,0,0,19578879,27213823,28065791,19969602.36,5000
1790616683,0,561480,0,905.81,4999.05,13631487,17776639,21725183,26230783,28868607,1125376,45154303,16402721.62,7406749.77,561480,10,10,10,0,0,0,0,0,0,22315007,29622271,31162367,22093495.50,5000
1790616684,0,566430,0,912.32,4947.02,13680639,17809407,21774335,26312703,28950527,1125376,45154303,16455978.78,7408485.00,566430,10,10,10,0,0,0,0,0,0,21987327,30572543,31752191,22496953.97,4950
1790616685,0,571430,0,918.89,5000.34,13721599,17842175,21807103,26361855,28966911,1125376,45154303,16497583.69,7401262.94,571430,10,10,10,0,0,0,0,0,0,21118975,28262399,31211519,21210837.81,5000
1790616686,0,576430,0,925.45,5003.57,13762559,17891327,21839871,26427391,29048831,1125376,47579135,16549747.22,7405028.33,576430,10,10,10,0,0,0,0,0,0,22151167,29999103,33980415,22511308.80,5000
1790616687,0,581480,0,932.06,5049.47,13795327,17907711,21856255,26460159,29065215,1125376,47579135,16587118.58,7395440.13,581480,10,10,10,0,0,0,0,0,0,20692991,28131327,30965759,20852856.04,5050
1790616688,0,586530,0,938.65,5047.43,13828095,17940479,21872639,26460159,29065215,1125376,47579135,16615192.17,7380110.79,586530,10,10,10,0,0,0,0,0,0,19103743,27557887,28737535,19847712.24,5050
1790616689,0,591430,0,944.98,4902.79,13860863,17940479,21872639,26460159,29048831,1125376,47579135,16637107.39,7362698.06,591430,10,10,10,0,0,0,0,0,0,18989055,25853951,27951103,19260359.99,4900
1790616690,0,596430,0,951.44,5000.68,13893631,17956863,21889023,26476543,29065215,1125376,47579135,16666700.38,7348984.91,596430,10,10,10,0,0,0,0,0,0,19988479,27688959,29179903,20167136.05,5000
1790616691,0,601480,0,957.97,5047.07,13926399,17973247,21905407,26476543,29048831,1125376,47579135,16693254.80,7333182.86,601480,10,10,10,0,0,0,0,0,0,19677183,26705919,27885567,19829464.36,5050
1790616692,0,606480,0,964.40,4999.56,13959167,17989631,21921791,26492927,29048831,1125376,47579135,16723803.38,7320379.70,606480,10,10,10,0,0,0,0,0,0,20201471,26853375,28852223,20398674.74,5000
1790616693,0,611480,0,970.81,4999.00,13975551,18006015,21921791,26492927,29048831,1125376,47579135,16745036.85,7306054.16,611480,10,10,10,0,0,0,0,0,0,19038207,26591231,29687807,19320572.31,5000
1790616694,0,616430,0,977.11,4951.12,14000127,18022399,21938175,26492927,29048831,1125376,47579135,16765723.88,7290187.65,616430,10,10,10,0,0,0,0,0,0,19120127,26116095,29114367,19321219.26,4950
1790616695,0,621480,0,983.56,5053.48,14032895,18038783,21954559,26509311,29065215,1125376,47579135,16798064.61,7280604.68,621480,10,10,10,0,0,0,0,0,0,20430847,27754495,32129023,20745746.86,5050
1790616696,0,626430,0,989.83,4947.42,14073855,18071551,22003711,26591231,29081599,1125376,47579135,16843438.51,7279538.84,626430,10,10,10,0,0,0,0,0,0,22577151,28737535,29540351,22540201.12,4950
1790616697,0,631430,0,996.15,5000.22,14106623,18104319,22020095,26623999,29114367,1125376,47579135,16880630.52,7274539.44,631430,10,10,10,0,0,0,0,0,0,20971519,28868607,30359551,21540268.44,5000
1790616698,0,636430,0,1002.46,5000.45,14147583,18137087,22052863,26673151,29163519,1125376,47579135,16923593.90,7273164.16,636430,10,10,10,0,0,0,0,0,0,22085631,29491199,31440895,22349266.94,5000
1790616699,0,641480,0,1008.83,5048.71,14180351,18169855,22085631,26722303,29212671,1125376,47579135,16965223.25,7271176.46,641480,10,10,10,0,0,0,0,0,0,21938175,29294591,32735231,22211593.33,5050
1790616700,0,646480,0,1015.09,4999.16,14221311,18186239,22118399,26755071,29245439,1125376,47579135,17005109.24,7267875.96,646480,10,10,10,0,0,0,0,0,0,22315007,28983295,31227903,22122321.51,5000
1790616701,0,651480,0,1021.34,5000.34,14262271,18219007,22151167,26787839,29261823,1125376,47579135,17041462.09,7262032.13,651480,10,10,10,0,0,0,0,0,0,21446655,28884991,31277055,21741740.85,5000
1790616702,0,656430,0,1027.49,4951.60,14278655,18235391,22151167,26787839,29261823,1125376,47579135,17060377.07,7247863.76,656430,10,10,10,0,0,0,0,0,0,19709951,27262975,29147135,19549817.43,4950
1790616703,0,661480,0,1033.78,5049.78,14303231,18251775,22167551,26820607,29278207,1125376,47579135,17091953.24,7239570.18,661480,10,10,10,0,0,0,0,0,0,21397503,28622847,30916607,21196417.98,5050
1790616704,0,666485,0,1039.97,5007.57,14327807,18268159,22183935,26820607,29278207,1125376,47579135,17109790.66,7223806.92,666485,10,10,10,0,0,0,0,0,0,19267583,26066943,27787263,19467251.93,5005
1790616705,0,671430,0,1046.06,4942.04,14352383,18284543,22200319,26836991,29278207,1125376,47579135,17135206.51,7213779.23,671430,10,10,10,0,0,0,0,0,0,20152319,28524543,29917183,20560743.80,4945
1790616706,0,676480,0,1052.28,5047.88,14385151,18300927,22216703,26869759,29310975,1125376,47579135,17170982.03,7209142.64,676480,10,10,10,0,0,0,0,0,0,21839871,28999679,31735807,21927568.58,5050
1790616707,0,681480,0,1058.41,5000.11,14417919,18333695,22249471,26902527,29360127,1125376,47579135,17203004.83,7203052.37,681480,10,10,10,0,0,0,0,0,0,21151743,29360127,30736383,21535561.32,5000
1790616708,0,686430,0,1064.45,4953.39,14442495,18350079,22265855,26918911,29360127,1125376,47579135,17229216.58,7192912.49,686430,10,10,10,0,0,0,0,0,0,20922367,27787263,30162943,20837859.66,4950
1790616709,0,691430,0,1070.54,5000.06,14467071,18366463,22282239,26935295,29392895,1125376,47579135,17260741.07,7188175.46,691430,10,10,10,0,0,0,0,0,0,21315583,29458431,33046527,21588612.71,5000
1790616710,0,696480,0,1076.70,5048.02,14499839,18399231,22315007,26984447,29409279,1125376,47579135,17296218.09,7183842.87,696480,10,10,10,0,0,0,0,0,0,21987327,29163519,30523391,22153619.11,5050
1790616711,0,701430,0,1082.67,4949.86,14532607,18431999,22347775,27033599,29458431,1125376,47579135,17334496.73,7182428.61,701430,10,10,10,0,0,0,0,0,0,22855679,29507583,30818303,22720417.67,4950
1790616712,0,706430,0,1088.71,5002.21,14565375,18448383,22364159,27066367,29491199,1125376,47579135,17368417.31,7177906.36,706430,10,10,10,0,0,0,0,0,0,21790719,29179903,32014335,22126999.14,5000
1790616713,0,711480,0,1094.81,5051.45,14589951,18481151,22396927,27099135,29507583,1125376,47579135,17401722.78,7172728.75,711480,10,10,10,0,0,0,0,0,0,21905407,29212671,30294015,22060729.94,5050
1790616714,0,716480,0,1100.81,4997.58,14606335,18481151,22396927,27099135,29523967,1125376,47579135,17418799.55,7159794.62,716480,10,10,10,0,0,0,0,0,0,19496959,26804223,29720575,19848755.61,5000
1790616715,0,721430,0,1106.71,4947.83,14639103,18513919,22429695,27115519,29556735,1125376,47579135,17448767.26,7153645.45,721430,10,10,10,0,0,0,0,0,0,21790719,29687807,31113215,21786396.44,4950
1790616716,0,726480,0,1112.75,5051.13,14671871,18530303,22446079,27148287,29589503,1125376,47579135,17482536.18,7150238.10,726480,10,10,10,0,0,0,0,0,0,21905407,28884991,31916031,22306677.30,5050
1790616717,0,731480,0,1118.70,4998.90,14704639,18563071,22478847,27181055,29638655,1125376,47579135,17516985.01,7147779.81,731480,10,10,10,0,0,0,0,0,0,22560767,29982719,31883263,22522261.50,5000
1790616718,0,736430,0,1124.55,4950.47,14729215,18595839,22495231,27213823,29671423,1125376,47579135,17547337.84,7144269.00,736430,10,10,10,0,0,0,0,0,0,21544959,29442047,32817151,22032688.51,4950
1790616719,0,741480,0,1130.53,5049.85,14753791,18612223,22527999,27246591,29736959,1125376,47579135,17579515.97,7140520.11,741480,10,10,10,0,0,0,0,0,0,21954559,30703615,31948799,22271979.72,5050
1790616720,0,746490,0,1136.44,5014.00,14778367,18644991,22544383,27262975,29769727,1125376,47579135,17608313.40,7135230.42,746490,10,10,10,0,0,0,0,0,0,21626879,29671423,31932415,21870332.83,5010
1790616721,0,751430,0,1142.22,4936.16,14802943,18661375,22560767,27279359,29786111,1125376,47579135,17630975.05,7127360.18,751430,10,10,10,0,0,0,0,0,0,20545535,28426239,30818303,21055407.57,4940
1790616722,0,756480,0,1148.15,5050.76,14827519,18677759,22577151,27312127,29818879,1125376,47579135,17656924.42,7121835.85,756480,10,10,10,0,0,0,0,0,0,21331967,28377087,34439167,21518138.91,5050
1790616723,0,761480,0,1153.99,5001.41,14843903,18694143,22593535,27328511,29835263,1125376,47579135,17680941.61,7113912.64,761480,10,10,10,0,0,0,0,0,0,21348351,28917759,30572543,21314646.84,5000
1790616724,0,762380,0,1153.60,900.28,14843903,18694143,22593535,27312127,29835263,1125376,47579135,17677133.98,7115009.05,762380,10,10,10,0,0,0,0,0,0,14286847,25985023,26804223,14455537.21,900
1790616725,0,762580,0,1152.16,199.95,14835711,18677759,22593535,27312127,29835263,1125376,47579135,17673387.40,7117855.76,762580,10,10,10,0,0,0,0,0,0,3241983,5279743,5705727,3391800.32,200
1790616726,0,762780,0,1150.73,199.95,14835711,18677759,22577151,27312127,29835263,1125376,47579135,17669626.91,7120728.31,762780,10,10,10,0,0,0,0,0,0,3252223,5029887,5410815,3331264.00,200
1790616727,0,762980,0,1149.29,199.93,14827519,18677759,22577151,27312127,29835263,1125376,47579135,17665881.49,7123570.44,762980,10,10,10,0,0,0,0,0,0,3278847,5214207,5623807,3381237.76,200
1790616728,0,763180,0,1147.87,200.07,14827519,18677759,22577151,27312127,29835263,1125376,47579135,17662115.94,7126453.31,763180,10,10,10,0,0,0,0,0,0,3207167,5042175,5787647,3296916.48,200
1790616729,0,763380,0,1146.44,200.01,14827519,18677759,22577151,27312127,29835263,1125376,47579135,17658414.88,7129207.14,763380,10,10,10,0,0,0,0,0,0,3475455,5341183,5763071,3535549.44,200
1790616730,0,763580,0,1145.02,199.96,14819327,18677759,22577151,27312127,29835263,1125376,47579135,17654725.49,7131948.11,763580,10,10,10,0,0,0,0,0,0,3323903,6156287,7503871,3572682.24,200
1790616731,0,763780,0,1143.61,200.10,14819327,18677759,22577151,27312127,29835263,1125376,47579135,17650986.65,7134776.77,763780,10,10,10,0,0,0,0,0,0,3233791,5312511,6356991,3376478.72,200
1790616732,0,763980,0,1142.20,200.01,14811135,18677759,22577151,27312127,29835263,1125376,47579135,17647225.27,7137646.46,763980,10,10,10,0,0,0,0,0,0,3196927,4984831,5566463,3282895.36,200
1790616733,0,764180,0,1140.79,199.98,14811135,18661375,22577151,27312127,29835263,1125376,47579135,17643460.12,7140521.31,764180,10,10,10,0,0,0,0,0,0,3180543,4976639,5279743,3260953.60,200
1790616734,0,764380,0,1139.39,199.88,14802943,18661375,22577151,27312127,29835263,1125376,47579135,17639748.81,7143290.61,764380,10,10,10,0,0,0,0,0,0,3344383,5238783,5533695,3459179.52,200
1790616735,0,764580,0,1137.99,199.99,14802943,18661375,22577151,27312127,29835263,1125376,47579135,17635947.56,7146238.17,764580,10,10,10,0,0,0,0,0,0,3004415,4661247,5394431,3107960.32,200
1790616736,0,764780,0,1136.60,200.00,14802943,18661375,22577151,27312127,29835263,1125376,47579135,17632319.55,7148909.93,764780,10,10,10,0,0,0,0,0,0,3299327,5681151,13025279,3762800.64,200
1790616737,0,764980,0,1135.21,200.14,14794751,18661375,22577151,27312127,29835263,1125376,47579135,17628574.26,7151743.71,764980,10,10,10,0,0,0,0,0,0,3246079,5025791,5353471,3306956.80,200
1790616738,0,765180,0,1133.82,199.92,14794751,18661375,22577151,27312127,29835263,1125376,47579135,17624832.96,7154568.08,765180,10,10,10,0,0,0,0,0,0,3219455,5021695,5349375,3314734.08,200
1790616739,0,765380,0,1132.44,200.09,14786559,18661375,22577151,27312127,29818879,1125376,47579135,17621077.82,7157419.06,765380,10,10,10,0,0,0,0,0,0,3192831,4874239,5373951,3254287.36,200
1790616740,0,765580,0,1131.06,199.92,14786559,18661375,22577151,27312127,29818879,1125376,47579135,17617303.29,7160307.51,765580,10,10,10,0,0,0,0,0,0,3026943,4583423,5263359,3172556.80,200
1790616741,0,765780,0,1129.69,199.95,14786559,18661375,22560767,27312127,29818879,1125376,47579135,17613531.46,7163189.85,765780,10,10,10,0,0,0,0,0,0,2996223,4620287,5328895,3175331.84,200
1790616742,0,765980,0,1128.32,200.10,14778367,18644991,22560767,27312127,29818879,1125376,47579135,17609787.52,7166016.35,765980,10,10,10,0,0,0,0,0,0,3194879,4956159,5279743,3274624.00,200
1790616743,0,766180,0,1126.95,199.91,14778367,18644991,22560767,27312127,29818879,1125376,47579135,17606046.94,7168835.20,766180,10,10,10,0,0,0,0,0,0,3196927,4935679,5296127,3279997.44,200
1790616744,0,766380,0,1125.59,199.95,14770175,18644991,22560767,27312127,29818879,1125376,47579135,17602288.07,7171689.56,766380,10,10,10,0,0,0,0,0,0,3164159,4890623,5222399,3202432.00,200
1790616745,0,766580,0,1124.24,200.17,14770175,18644991,22560767,27312127,29818879,1125376,47579135,17598530.89,7174539.91,766580,10,10,10,0,0,0,0,0,0,3162111,4902911,5246975,3201392.64,200
1790616746,0,766780,0,1122.88,200.00,14761983,18644991,22560767,27312127,29818879,1125376,47579135,17594809.13,7177322.25,766780,10,10,10,0,0,0,0,0,0,3205119,5169151,5730303,3329689.60,200
1790616747,0,766980,0,1121.53,199.95,14761983,18644991,22560767,27312127,29818879,1125376,47579135,17591003.79,7180266.21,766980,10,10,10,0,0,0,0,0,0,2924543,4247551,4911103,3001702.40,200
1790616748,0,767180,0,1120.19,199.92,14753791,18644991,22560767,27312127,29818879,1125376,47579135,17587270.20,7183070.69,767180,10,10,10,0,0,0,0,0,0,3174399,5173247,5914623,3269345.28,200
1790616749,0,767380,0,1118.84,200.06,14753791,18644991,22560767,27312127,29818879,1125376,47579135,17583556.73,7185831.58,767380,10,10,10,0,0,0,0,0,0,3221503,4923391,5230591,3339048.96,200
1790616750,0,767580,0,1117.51,199.99,14745599,18644991,22560767,27312127,29818879,1125376,47579135,17579804.88,7188668.08,767580,10,10,10,0,0,0,0,0,0,3049471,4620287,5271551,3184343.04,200
1790616751,0,767780,0,1116.17,200.09,14745599,18628607,22560767,27312127,29818879,1125376,47579135,17575948.50,7191714.38,767780,10,10,10,0,0,0,0,0,0,2803711,4288511,4997119,2775549.44,200
1790616752,0,767980,0,1114.84,199.85,14745599,18628607,22560767,27312127,29818879,1125376,47579135,17572160.56,7194626.89,767980,10,10,10,0,0,0,0,0,0,2981887,4849663,5312511,3030630.40,200
1790616753,0,768180,0,1113.52,200.02,14737407,18628607,22560767,27312127,29818879,1125376,47579135,17568427.69,7197424.51,768180,10,10,10,0,0,0,0,0,0,3074047,5013503,5349375,3234565.12,200
1790616754,0,768380,0,1112.20,200.11,14737407,18628607,22560767,27312127,29818879,1125376,47579135,17564649.22,7200323.84,768380,10,10,10,0,0,0,0,0,0,2926591,4993023,7270399,3051921.92,200
1790616755,0,768580,0,1110.88,199.95,14729215,18628607,22560767,27295743,29818879,1125376,47579135,17560957.92,7203039.94,768580,10,10,10,0,0,0,0,0,0,3340287,5058559,5615615,3379363.84,200
1790616756,0,768780,0,1109.56,200.04,14729215,18628607,22560767,27295743,29818879,1125376,47579135,17557255.32,7205783.46,768780,10,10,10,0,0,0,0,0,0,3196927,5275647,6463487,3328519.68,200
1790616757,0,768980,0,1108.25,199.90,14729215,18628607,22544383,27295743,29818879,1125376,47579135,17553582.38,7208463.36,768980,10,10,10,0,0,0,0,0,0,3411967,5214207,5636095,3435194.88,200
1790616758,0,769180,0,1106.94,200.08,14721023,18628607,22544383,27295743,29818879,1125376,47579135,17549864.60,7211230.03,769180,10,10,10,0,0,0,0,0,0,3143679,4882431,5545983,3255347.20,200
1790616759,0,769380,0,1105.64,200.03,14721023,18628607,22544383,27295743,29818879,1125376,47579135,17546231.16,7213831.52,769380,10,10,10,0,0,0,0,0,0,3604479,5439487,5611519,3572403.20,200
1790616760,0,769580,0,1104.34,199.93,14712831,18612223,22544383,27295743,29818879,1125376,47579135,17542593.22,7216443.19,769580,10,10,10,0,0,0,0,0,0,3422207,5447679,5931007,3547796.48,200
1790616761,0,769780,0,1103.05,200.01,14712831,18612223,22544383,27295743,29818879,1125376,47579135,17538951.68,7219059.83,769780,10,10,10,0,0,0,0,0,0,3411967,5214207,5591039,3526679.04,200
1790616762,0,769980,0,1101.75,200.09,14704639,18612223,22544383,27295743,29818879,1125376,47579135,17535312.50,7221670.10,769980,10,10,10,0,0,0,0,0,0,3540991,5201919,5525503,3528448.00,200
1790616763,0,770180,0,1100.46,199.93,14704639,18612223,22544383,27295743,29818879,1125376,47579135,17531677.05,7224273.10,770180,10,10,10,0,0,0,0,0,0,3467263,5234687,5591039,3535562.24,200
1790616764,0,770380,0,1099.18,200.03,14696447,18612223,22544383,27295743,29818879,1125376,47579135,17528088.67,7226788.63,770380,10,10,10,0,0,0,0,0,0,3696639,5603327,6139903,3709611.52,200
1790616765,0,770580,0,1097.90,200.00,14696447,18612223,22544383,27295743,29818879,1125376,47579135,17524425.34,7229446.06,770580,10,10,10,0,0,0,0,0,0,3346431,5226495,5648383,3413634.56,200
1790616766,0,770780,0,1096.62,199.89,14688255,18612223,22544383,27295743,29818879,1125376,47579135,17520735.10,7232154.29,770780,10,10,10,0,0,0,0,0,0,3217407,4907007,5500927,3302604.80,200
1790616767,0,770980,0,1095.35,200.09,14688255,18612223,22544383,27295743,29818879,1125376,47579135,17517047.55,7234857.37,770980,10,10,10,0,0,0,0,0,0,3188735,4993023,5627903,3305602.56,200
1790616768,0,771180,0,1094.08,200.05,14688255,18595839,22544383,27295743,29818879,1125376,47579135,17513346.15,7237587.39,771180,10,10,10,0,0,0,0,0,0,3135487,4763647,5619711,3244838.40,200
1790616769,0,771380,0,1092.81,199.88,14680063,18595839,22544383,27295743,29818879,1125376,47579135,17509649.73,7240306.42,771380,10,10,10,0,0,0,0,0,0,3172351,4808703,5623807,3256596.48,200
1790616770,0,771580,0,1091.55,200.12,14680063,18595839,22544383,27295743,29818879,1125376,47579135,17505990.22,7242954.39,771580,10,10,10,0,0,0,0,0,0,3254271,5238783,5668863,3391633.92,200
1790616771,0,771780,0,1090.29,199.93,14671871,18595839,22527999,27295743,29818879,1125376,47579135,17502327.15,7245607.46,771780,10,10,10,0,0,0,0,0,0,3340287,5124095,5623807,3370585.60,200
1790616772,0,771980,0,1089.03,200.07,14671871,18595839,22527999,27295743,29818879,1125376,47579135,17498649.54,7248288.79,771980,10,10,10,0,0,0,0,0,0,3188735,5009407,5591039,3307102.72,200
1790616773,0,772180,0,1087.78,199.85,14663679,18595839,22527999,27295743,29818879,1125376,47579135,17494967.05,7250978.76,772180,10,10,10,0,0,0,0,0,0,3145727,4849663,5509119,3280916.48,200
1790616774,0,772380,0,1086.53,200.16,14663679,18595839,22527999,27295743,29818879,1125376,47579135,17491313.32,7253613.80,772380,10,10,10,0,0,0,0,0,0,3291135,5242879,5681151,3384645.12,200
1790616775,0,772580,0,1085.29,199.96,14655487,18595839,22527999,27295743,29818879,1125376,47579135,17487623.60,7256316.86,772580,10,10,10,0,0,0,0,0,0,3102719,4755455,5509119,3238287.36,200
1790616776,0,772780,0,1084.04,200.03,14655487,18579455,22527999,27295743,29818879,1125376,47579135,17483937.17,7259012.89,772780,10,10,10,0,0,0,0,0,0,3133439,4898815,5550079,3243627.52,200
1790616777,0,772980,0,1082.81,199.94,14647295,18579455,22527999,27295743,29818879,1125376,47579135,17480240.17,7261728.72,772980,10,10,10,0,0,0,0,0,0,3100671,4718591,5332991,3195397.12,200
1790616778,0,773180,0,1081.57,199.95,14647295,18579455,22527999,27295743,29802495,1125376,47579135,17476611.05,7264315.27,773180,10,10,10,0,0,0,0,0,0,3395583,5279743,5693439,3450429.44,200
1790616779,0,773380,0,1080.34,199.98,14647295,18579455,22527999,27295743,29802495,1125376,47579135,17472976.09,7266910.81,773380,10,10,10,0,0,0,0,0,0,3397631,5181439,5705727,3420582.40,200
1790616780,0,773580,0,1079.11,199.93,14639103,18579455,22527999,27295743,29802495,1125376,47579135,17469287.77,7269608.06,773580,10,10,10,0,0,0,0,0,0,3123199,4775935,5332991,3206917.12,200
1790616781,0,773780,0,1077.89,200.06,14639103,18579455,22527999,27295743,29802495,1125376,47579135,17465624.30,7272257.36,773780,10,10,10,0,0,0,0,0,0,3201023,4894719,5578751,3295695.36,200
1790616782,0,773980,0,1076.66,199.96,14630911,18579455,22527999,27295743,29802495,1125376,47579135,17462023.98,7274791.34,773980,10,10,10,0,0,0,0,0,0,3461119,5529599,7041023,3532746.24,200
1790616783,0,774180,0,1075.45,200.00,14630911,18579455,22527999,27295743,29802495,1125376,47579135,17458345.41,7277467.60,774180,10,10,10,0,0,0,0,0,0,3106815,4898815,5337087,3222658.56,200
1790616784,0,782520,0,1085.52,8342.15,14680063,18661375,22659071,27672575,32063487,1125376,63307775,17685034.18,7623217.63,782520,10,10,10,0,0,0,0,0,0,38633471,53870591,62357503,38727948.89,8340
1790616785,0,792520,0,1097.87,9997.19,14737407,18759679,22790143,28049407,37093375,1125376,63307775,17872760.57,7798025.16,792520,10,10,10,0,0,0,0,0,0,32423935,45514751,49610751,32562726.50,10000
1790616786,0,802620,0,1110.33,10099.66,14802943,18841599,22921215,28442623,38404095,1125376,63307775,18038374.80,7924250.06,802620,10,10,10,0,0,0,0,0,0,31424511,43909119,46825471,31033680.60,10100
1790616787,0,812720,0,1122.75,10104.20,14860287,18939903,23035903,28786687,39223295,1125376,63307775,18174334.42,8004314.62,812720,10,10,10,0,0,0,0,0,0,29491199,41353215,44367871,28978681.71,10100
1790616788,0,822820,0,1135.13,10102.10,14917631,19005439,23134207,29016063,39354367,1125376,63307775,18280006.92,8040327.44,822820,10,10,10,0,0,0,0,0,0,26853375,36896767,40140799,26783190.84,10100
1790616789,0,832700,0,1147.18,9883.09,14966783,19070975,23216127,29147135,39256063,1125376,63307775,18357803.49,8045497.37,832700,10,10,10,0,0,0,0,0,0,24756223,34045951,38404095,24836808.24,9880
1790616790,0,842820,0,1159.52,10120.23,15015935,19136511,23298047,29360127,39223295,1125376,63307775,18443520.85,8063349.33,842820,10,10,10,0,0,0,0,0,0,24887295,36175871,38797311,25496569.52,10120
1790616791,0,852720,0,1171.53,9892.49,15065087,19218431,23412735,29704191,39518207,1125376,63307775,18553033.08,8112092.33,852720,10,10,10,0,0,0,0,0,0,27492351,41320447,44466175,27876173.68,9900
1790616792,0,862620,0,1183.51,9905.00,15122431,19300351,23543807,30441471,40599551,1125376,63307775,18697356.13,8210352.38,862620,10,10,10,0,0,0,0,0,0,31113215,44236799,46301183,31128381.96,9900
1790616793,0,872720,0,1195.72,10098.89,15179775,19382271,23658495,30982143,40828927,1125376,63307775,18813479.73,8262389.06,872720,10,10,10,0,0,0,0,0,0,28196863,39583743,44924927,28731354.69,10100
1790616794,0,882720,0,1207.77,9997.68,15228927,19464191,23740415,31227903,40730623,1125376,63307775,18896675.56,8273582.59,882720,10,10,10,0,0,0,0,0,0,25739263,34734079,37093375,26157342.31,10000
1790616795,0,892620,0,1219.65,9903.96,15278079,19513343,23805951,31309823,40697855,1125376,63307775,18958807.55,8268904.66,892620,10,10,10,0,0,0,0,0,0,24379391,33144831,39878655,24498721.31,9900
1790616796,0,902820,0,1231.90,10193.59,15327231,19595263,23920639,31735807,41058303,1125376,63307775,19078855.39,8326673.68,902820,10,10,10,0,0,0,0,0,0,29196287,41353215,43024383,29584453.87,10200
1790616797,0,912720,0,1243.71,9907.98,15376383,19693567,24035327,32276479,41844735,1125376,63307775,19215510.18,8422117.21,912720,10,10,10,0,0,0,0,0,0,31604735,46301183,51019775,31677598.46,9900
1790616798,0,922720,0,1255.63,9996.91,15433727,19775487,24182783,33128447,43122687,1125376,63307775,19405421.98,8612652.16,922720,10,10,10,0,0,0,0,0,0,36012031,51019775,52625407,36739052.34,10000
1790616799,0,932620,0,1267.37,9899.25,15474687,19857407,24313855,33718271,43712511,1125376,63307775,19542247.89,8706031.19,932620,10,10,10,0,0,0,0,0,0,31784959,46039039,50167807,32294974.89,9900
1790616800,0,942720,0,1279.36,10103.25,15532031,19939327,24428543,34111487,43843583,1125376,63307775,19661218.98,8762162.41,942720,10,10,10,0,0,0,0,0,0,31752191,42958847,44924927,30646844.63,10100
1790616801,0,952880,0,1291.40,10160.50,15572991,20021247,24543231,34504703,44531711,1125376,118161407,19836606.06,9099501.72,952880,10,10,10,0,0,0,0,0,0,31309823,77922303,108068863,36110317.46,10160
1790616802,0,962820,0,1303.10,9935.88,15515647,19955711,24477695,34439167,44498943,1125376,118161407,19786821.71,9073174.25,962820,10,10,10,0,0,0,0,0,0,15032319,21053439,22855679,15014335.92,9940
1790616803,0,972820,0,1314.86,9995.27,15458303,19890175,24428543,34373631,44466175,1125376,118161407,19739613.89,9045504.60,972820,10,10,10,0,0,0,0,0,0,15179775,20840447,21889023,15194350.80,10000
1790616804,0,982820,0,1326.58,10006.98,15409151,19824639,24363007,34340863,44433407,1125376,118161407,19695509.96,9016721.68,982820,10,10,10,0,0,0,0,0,0,15212543,20840447,22069247,15404990.87,10000
1790616805,0,992820,0,1338.27,9994.89,15351807,19742719,24313855,34275327,44400639,1125376,118161407,19647623.38,8989128.01,992820,10,10,10,0,0,0,0,0,0,15122431,20103167,21118975,14941235.20,10000
1790616806,0,1002820,0,1349.93,10006.63,15294463,19660799,24248319,34242559,44367871,1125376,118161407,19599790.78,8962810.90,1002820,10,10,10,0,0,0,0,0,0,14647295,20201471,21725183,14850874.16,10000
1790616807,0,1012810,0,1361.55,9989.46,15245311,19611647,24199167,34177023,44335103,1125376,118161407,19558398.38,8934634.43,1012810,10,10,10,0,0,0,0,0,0,15343615,20856831,21528575,15403330.68,9990
1790616808,0,1022920,0,1373.29,10110.16,15196159,19546111,24150015,34111487,44269567,1125376,118161407,19512046.20,8910375.77,1022920,10,10,10,0,0,0,0,0,0,14942207,20791295,21594111,14868529.43,10110
1790616809,0,1032920,0,1384.86,9991.20,15155199,19480575,24100863,34045951,44236799,1125376,118161407,19471781.05,8881902.09,1032920,10,10,10,0,0,0,0,0,0,15302655,20430847,22052863,15352979.25,10000
1790616810,0,1042820,0,1396.26,9905.66,15097855,19415039,24051711,34013183,44171263,1125376,118161407,19422622.59,8860269.29,1042820,10,10,10,0,0,0,0,0,0,14049279,19677183,21839871,14293656.46,9900
1790616811,0,1052820,0,1407.76,9998.64,15040511,19349503,24002559,33947647,44138495,1125376,118161407,19374872.21,8837780.08,1052820,10,10,10,0,0,0,0,0,0,13877247,20004863,20971519,14395367.01,10000
1790616812,0,1062920,0,1419.37,10101.07,14991359,19283967,23937023,33849343,44105727,1125376,118161407,19332479.37,8811883.29,1062920,10,10,10,0,0,0,0,0,0,14680063,20332543,22134783,14913466.65,10100
1790616813,0,1072820,0,1430.68,9900.00,14950399,19218431,23887871,33816575,44040191,1125376,118161407,19291239.43,8786880.74,1072820,10,10,10,0,0,0,0,0,0,15097855,20152319,20578303,14863486.19,9900
1790616814,0,1082820,0,1442.09,9999.06,14909439,19152895,23838719,33751039,44007423,1125376,118161407,19250449.08,8763198.03,1082820,10,10,10,0,0,0,0,0,0,15106047,20135935,21299199,14874379.06,10000
1790616815,0,1092820,0,1453.47,10002.58,14868479,19087359,23789567,33685503,43974655,1125376,118161407,19210780.39,8738348.14,1092820,10,10,10,0,0,0,0,0,0,14827519,20463615,22020095,14915375.10,10000
1790616816,0,1102820,0,1464.83,10001.11,14843903,19054591,23756799,33619967,43909119,1125376,118161407,19186219.50,8715242.30,1102820,10,10,10,0,0,0,0,0,0,15712255,26361855,29278207,16502156.29,10000
1790616817,0,1112820,0,1476.15,9996.98,14860287,19054591,23740415,33538047,43876351,1125376,118161407,19193163.46,8688965.11,1112820,10,10,10,0,0,0,0,0,0,19169279,28606463,30130175,19958957.67,10000
1790616818,0,1122720,0,1487.31,9901.77,14860287,19054591,23724031,33472511,43843583,1125376,118161407,19186052.86,8661422.08,1122720,10,10,10,0,0,0,0,0,0,18563071,27344895,29376511,18386778.09,9900
1790616819,0,1132820,0,1498.70,10096.45,14868479,19054591,23724031,33406975,43778047,1125376,118161407,19195201.87,8635079.74,1132820,10,10,10,0,0,0,0,0,0,20332543,28606463,30638079,20212209.60,10100
1790616820,0,1142820,0,1509.93,10005.34,14893055,19070975,23707647,33357823,43745279,1125376,118161407,19201969.01,8609445.33,1142820,10,10,10,0,0,0,0,0,0,19496959,28491775,32587775,19968563.61,10000
1790616821,0,1152820,0,1521.14,10001.19,14909439,19087359,23724031,33325055,43712511,1125376,118161407,19220371.58,8594032.52,1152820,10,10,10,0,0,0,0,0,0,20430847,30228479,40075263,21323454.87,10000
1790616822,0,1162720,0,1532.18,9895.24,14925823,19087359,23707647,33275903,43679743,1125376,118161407,19219983.42,8568106.95,1162720,10,10,10,0,0,0,0,0,0,19251199,26820607,30523391,19174782.71,9900
1790616823,0,1172820,0,1543.45,10103.30,14934015,19070975,23691263,33210367,43646975,1125376,118161407,19218477.65,8540140.48,1172820,10,10,10,0,0,0,0,0,0,18563071,27099135,28311551,19045132.67,10100
1790616824,0,1182820,0,1554.57,9998.35,14942207,19087359,23674879,33161215,43581439,1125376,118161407,19224264.19,8514790.22,1182820,10,10,10,0,0,0,0,0,0,19791871,28098559,31064063,19902920.70,10000
1790616825,0,1192820,0,1565.65,9995.19,14950399,19087359,23674879,33079295,43548671,1125376,118161407,19227358.57,8491800.35,1192820,10,10,10,0,0,0,0,0,0,19349503,28983295,31408127,19593368.78,10000
1790616826,0,1202720,0,1576.58,9903.21,14974975,19103743,23691263,33030143,43515903,1125376,118161407,19242787.21,8470063.86,1202720,10,10,10,0,0,0,0,0,0,20955135,29409279,31883263,21101735.98,9900
1790616827,0,1212820,0,1587.74,10101.54,14991359,19103743,23691263,32964607,43483135,1125376,118161407,19254174.33,8448524.06,1212820,10,10,10,0,0,0,0,0,0,19857407,29704191,31342591,20610166.01,10100
1790616828,0,1222720,0,1598.60,9894.69,14999551,19103743,23691263,32915455,43450367,1125376,118161407,19254975.11,8425412.37,1222720,10,10,10,0,0,0,0,0,0,18939903,28377087,33259519,19353075.38,9900
1790616829,0,1232720,0,1609.57,9999.70,15007743,19120127,23707647,32866303,43352063,1125376,118161407,19267136.07,8403880.09,1232720,10,10,10,0,0,0,0,0,0,20479999,28884991,31604735,20754081.38,10000
1790616830,0,1242820,0,1620.64,10100.83,15032319,19120127,23707647,32817151,43352063,1125376,118161407,19278833.31,8383060.96,1242820,10,10,10,0,0,0,0,0,0,20168703,29982719,32423935,20706499.07,10100
1790616831,0,1252820,0,1631.56,9998.59,15040511,19136511,23691263,32767999,43286527,1125376,118161407,19280473.18,8359798.23,1252820,10,10,10,0,0,0,0,0,0,19283967,27918335,30326783,19484279.60,10000
1790616832,0,1262820,0,1642.44,10000.79,15040511,19120127,23691263,32718847,43253759,1125376,118161407,19283404.99,8340864.25,1262820,10,10,10,0,0,0,0,0,0,18939903,29622271,32391167,19650707.46,10000
1790616833,0,1272890,0,1653.39,10078.35,15024127,19103743,23658495,32669695,43220991,1125376,118161407,19262346.58,8318181.43,1272890,10,10,10,0,0,0,0,0,0,16465919,22429695,26312703,16621534.65,10070
1790616834,0,1282820,0,1664.12,9929.18,14999551,19054591,23609343,32604159,43155455,1125376,118161407,19234132.44,8298036.74,1282820,10,10,10,0,0,0,0,0,0,15302655,21446655,21839871,15617466.39,9930
1790616835,0,1292820,0,1674.92,9998.28,14974975,19021823,23560191,32571391,43122687,1125376,118161407,19211023.42,8276229.60,1292820,10,10,10,0,0,0,0,0,0,16039935,22102015,23363583,16246551.35,10000
1790616836,0,1302820,0,1685.69,9993.25,14958591,18989055,23527423,32505855,43057151,1125376,118161407,19184457.90,8256600.21,1302820,10,10,10,0,0,0,0,0,0,15761407,21889023,23986175,15750014.57,10000
1790616837,0,1312820,0,1696.44,10007.33,14925823,18956287,23478271,32456703,43024383,1125376,118161407,19155289.31,8238411.76,1312820,10,10,10,0,0,0,0,0,0,15245311,21250047,21659647,15355147.47,10000
1790616838,0,1322820,0,1707.15,9994.73,14909439,18923519,23429119,32407551,42991615,1125376,118161407,19134432.15,8215782.91,1322820,10,10,10,0,0,0,0,0,0,16121855,21610495,23117823,16396262.20,10000
1790616839,0,1332820,0,1717.84,10004.22,14884863,18907135,23396351,32358399,42926079,1125376,118161407,19110705.51,8195270.74,1332820,10,10,10,0,0,0,0,0,0,15466495,22200319,23035903,15972098.46,10000
1790616840,0,1342820,0,1728.50,9999.35,14860287,18874367,23347199,32309247,42926079,1125376,118161407,19084142.67,8177013.03,1342820,10,10,10,0,0,0,0,0,0,15548415,21479423,23642111,15543794.07,10000
1790616841,0,1352920,0,1739.27,10095.88,14835711,18841599,23314431,32260095,42893311,1125376,118161407,19059357.57,8157687.31,1352920,10,10,10,0,0,0,0,0,0,15605759,21184511,22085631,15764116.63,10100
1790616842,0,1362820,0,1749.74,9906.48,14819327,18808831,23265279,32210943,42860543,1125376,118161407,19036102.38,8137418.92,1362820,10,10,10,0,0,0,0,0,0,15392767,21512191,24166399,15858081.87,9900
1790616843,0,1372820,0,1760.32,9992.74,14802943,18792447,23248895,32178175,42827775,1125376,118161407,19022799.53,8118037.13,1372820,10,10,10,0,0,0,0,0,0,16457727,25690111,29605887,17209859.69,10000
1790616844,0,1374420,0,1760.12,1599.94,14802943,18792447,23232511,32161791,42827775,1125376,118161407,19016080.87,8117293.05,1374420,10,10,10,0,0,0,0,0,0,14942207,18202623,18513919,13251386.56,1600
1790616845,0,1374620,0,1758.12,200.14,14802943,18776063,23232511,32161791,42827775,1125376,118161407,19013798.62,8118915.36,1374620,10,10,10,0,0,0,0,0,0,3227647,4976639,5324799,3329955.84,200
1790616846,0,1374820,0,1756.13,200.00,14794751,18776063,23232511,32161791,42795007,1125376,118161407,19011526.24,8120518.44,1374820,10,10,10,0,0,0,0,0,0,3274751,5009407,5369855,3393231.36,200
1790616847,0,1375020,0,1754.15,199.98,14794751,18776063,23232511,32161791,42795007,1125376,118161407,19009250.43,8122129.56,1375020,10,10,10,0,0,0,0,0,0,3241983,5214207,6098943,3365084.16,200
1790616848,0,1375220,0,1752.17,199.99,14794751,18776063,23232511,32161791,42795007,1125376,118161407,19006971.20,8123746.93,1375220,10,10,10,0,0,0,0,0,0,3235839,5099519,5681151,3337064.96,200
1790616849,0,1375420,0,1750.19,200.05,14794751,18776063,23232511,32161791,42795007,1125376,118161407,19004680.46,8125386.87,1375420,10,10,10,0,0,0,0,0,0,3117055,5201919,5689343,3253355.52,200
1790616850,0,1375620,0,1748.22,199.98,14786559,18776063,23232511,32161791,42795007,1125376,118161407,19002406.92,8126992.84,1375620,10,10,10,0,0,0,0,0,0,3291135,5009407,5640191,3366986.24,200
1790616851,0,1375820,0,1746.26,199.89,14786559,18776063,23232511,32161791,42795007,1125376,118161407,19000112.71,8128637.98,1375820,10,10,10,0,0,0,0,0,0,3147775,4894719,5337087,3220336.64,200
1790616852,0,1376020,0,1744.30,199.96,14786559,18776063,23232511,32161791,42795007,1125376,118161407,18997794.56,8130328.89,1376020,10,10,10,0,0,0,0,0,0,2953215,4526079,5251071,3051031.04,200
1790616853,0,1376220,0,1742.34,200.03,14786559,18776063,23232511,32161791,42795007,1125376,118161407,18995513.12,8131950.25,1376220,10,10,10,0,0,0,0,0,0,3188735,5091327,5881855,3298938.88,200
1790616854,0,1376420,0,1740.39,200.05,14778367,18776063,23232511,32161791,42795007,1125376,118161407,18993219.68,8133593.49,1376420,10,10,10,0,0,0,0,0,0,3131391,4780031,5332991,3211863.04,200
1790616855,0,1376620,0,1738.45,199.96,14778367,18776063,23232511,32161791,42795007,1125376,118161407,18990970.71,8135151.38,1376620,10,10,10,0,0,0,0,0,0,3487743,5275647,5693439,3513336.32,200
1790616856,0,1376820,0,1736.50,199.98,14778367,18776063,23232511,32161791,42795007,1125376,118161407,18988675.79,8136797.04,1376820,10,10,10,0,0,0,0,0,0,3106815,4718591,5345279,3192512.00,200
1790616857,0,1377020,0,1734.57,200.14,14778367,18776063,23232511,32161791,42795007,1125376,118161407,18986392.82,8138420.19,1377020,10,10,10,0,0,0,0,0,0,3158015,4911103,5697535,3270144.00,200
1790616858,0,1377220,0,1732.64,199.98,14778367,18759679,23232511,32161791,42795007,1125376,118161407,18984139.26,8139986.95,1377220,10,10,10,0,0,0,0,0,0,3403775,5255167,5591039,3468160.00,200
1790616859,0,1377420,0,1730.71,199.98,14770175,18759679,23232511,32161791,42795007,1125376,118161407,18981862.29,8141597.86,1377420,10,10,10,0,0,0,0,0,0,3196927,4780031,5599231,3302474.24,200
1790616860,0,1377620,0,1728.79,200.00,14770175,18759679,23216127,32145407,42795007,1125376,118161407,18979623.21,8143142.24,1377620,10,10,10,0,0,0,0,0,0,3360767,5595135,7852031,3558858.24,200
1790616861,0,1377820,0,1726.88,200.01,14770175,18759679,23216127,32145407,42795007,1125376,118161407,18977327.40,8144787.54,1377820,10,10,10,0,0,0,0,0,0,3014655,4567039,5287935,3163548.16,200
1790616862,0,1378020,0,1724.96,199.89,14770175,18759679,23216127,32145407,42795007,1125376,118161407,18975071.46,8146357.73,1378020,10,10,10,0,0,0,0,0,0,3317759,5242879,5816319,3433623.04,200
1790616863,0,1378220,0,1723.06,200.16,14761983,18759679,23216127,32145407,42795007,1125376,118161407,18972778.30,8147997.43,1378220,10,10,10,0,0,0,0,0,0,3080191,4521983,5267455,3172710.40,200
1790616864,0,1378420,0,1721.16,199.95,14761983,18759679,23216127,32145407,42795007,1125376,118161407,18970538.93,8149536.41,1378420,10,10,10,0,0,0,0,0,0,3471359,5332991,5689343,3538818.56,200
1790616865,0,1378620,0,1719.26,200.05,14761983,18759679,23216127,32145407,42795007,1125376,118161407,18968288.49,8151095.99,1378620,10,10,10,0,0,0,0,0,0,3373055,5230591,5566463,3458014.72,200
1790616866,0,1378820,0,1717.37,199.84,14761983,18759679,23216127,32145407,42795007,1125376,118161407,18966060.98,8152621.50,1378820,10,10,10,0,0,0,0,0,0,3364863,5550079,8986623,3611601.92,200
1790616867,0,1379020,0,1715.48,199.98,14761983,18759679,23216127,32145407,42795007,1125376,118161407,18963828.88,8154147.72,1379020,10,10,10,0,0,0,0,0,0,3538943,5464063,6348799,3575544.32,200
1790616868,0,1379220,0,1713.60,200.19,14753791,18759679,23216127,32145407,42795007,1125376,118161407,18961552.39,8155756.07,1379220,10,10,10,0,0,0,0,0,0,3174399,4870143,5464063,3264908.80,200
1790616869,0,1379420,0,1711.72,199.82,14753791,18759679,23216127,32145407,42795007,1125376,118161407,18959304.26,8157310.95,1379420,10,10,10,0,0,0,0,0,0,3414015,5279743,5558271,3455943.68,200
1790616870,0,1379620,0,1709.85,200.11,14753791,18759679,23216127,32145407,42795007,1125376,118161407,18957018.76,8158936.44,1379620,10,10,10,0,0,0,0,0,0,3090431,4849663,5361663,3193715.20,200
1790616871,0,1379820,0,1707.98,199.94,14753791,18759679,23216127,32145407,42795007,1125376,118161407,18954775.44,8160483.01,1379820,10,10,10,0,0,0,0,0,0,3450879,5349375,5783551,3480158.72,200
1790616872,0,1380020,0,1706.11,200.04,14745599,18759679,23216127,32129023,42795007,1125376,118161407,18952506.66,8162076.47,1380020,10,10,10,0,0,0,0,0,0,3207167,5054463,5607423,3299965.44,200
1790616873,0,1380220,0,1704.25,200.09,14745599,18743295,23216127,32129023,42795007,1125376,118161407,18950244.32,8163657.73,1380220,10,10,10,0,0,0,0,0,0,3190783,5193727,5627903,3339891.20,200
1790616874,0,1380420,0,1702.40,199.96,14745599,18743295,23216127,32129023,42795007,1125376,118161407,18947975.09,8165251.43,1380420,10,10,10,0,0,0,0,0,0,3213311,4866047,5554175,3287777.28,200
1790616875,0,1380620,0,1700.55,199.89,14745599,18743295,23216127,32129023,42795007,1125376,118161407,18945705.52,8166845.70,1380620,10,10,10,0,0,0,0,0,0,3176447,5029887,5402623,3280870.40,200
1790616876,0,1380820,0,1698.70,200.11,14745599,18743295,23216127,32129023,42795007,1125376,118161407,18943458.14,8168397.92,1380820,10,10,10,0,0,0,0,0,0,3405823,5189631,5619711,3429585.92,200
1790616877,0,1381020,0,1696.86,199.92,14737407,18743295,23216127,32129023,42795007,1125376,118161407,18941184.64,8169999.28,1381020,10,10,10,0,0,0,0,0,0,3147775,4960255,5353471,3244697.60,200
1790616878,0,1381220,0,1695.02,200.05,14737407,18743295,23199743,32129023,42795007,1125376,118161407,18938935.07,8171556.32,1381220,10,10,10,0,0,0,0,0,0,3284991,5259263,5844991,3405442.56,200
1790616879,0,1381420,0,1693.19,200.01,14737407,18743295,23199743,32129023,42795007,1125376,118161407,18936686.28,8173110.89,1381420,10,10,10,0,0,0,0,0,0,3377151,5165055,5521407,3406310.40,200
1790616880,0,1381620,0,1691.36,199.93,14737407,18743295,23199743,32129023,42795007,1125376,118161407,18934460.12,8174623.23,1381620,10,10,10,0,0,0,0,0,0,3532799,5328895,5668863,3558161.92,200
1790616881,0,1381820,0,1689.54,199.99,14729215,18743295,23199743,32129023,42795007,1125376,118161407,18932209.52,8176180.59,1381820,10,10,10,0,0,0,0,0,0,3327999,5054463,5406719,3384839.68,200
1790616882,0,1382020,0,1687.72,200.13,14729215,18743295,23199743,32129023,42795007,1125376,118161407,18929958.59,8177738.33,1382020,10,10,10,0,0,0,0,0,0,3342335,5013503,5402623,3378053.12,200
1790616883,0,1382220,0,1685.91,199.93,14729215,18743295,23199743,32129023,42795007,1125376,118161407,18927692.14,8179325.46,1382220,10,10,10,0,0,0,0,0,0,3172351,4931583,5357567,3266314.24,200
1790616884,0,1382420,0,1684.09,199.92,14729215,18743295,23199743,32129023,42795007,1125376,118161407,18925418.97,8180925.34,1382420,10,10,10,0,0,0,0,0,0,3127295,4739071,5394431,3215293.44,200
1790616885,0,1382620,0,1682.29,200.07,14729215,18743295,23199743,32129023,42795007,1125376,118161407,18923192.25,8182437.89,1382620,10,10,10,0,0,0,0,0,0,3563519,5279743,5644287,3531863.04,200
1790616886,0,1382820,0,1680.49,200.03,14721023,18743295,23199743,32129023,42795007,1125376,118161407,18920939.39,8183999.21,1382820,10,10,10,0,0,0,0,0,0,3278847,5124095,5496831,3346718.72,200
1790616887,0,1383020,0,1678.69,199.99,14721023,18743295,23199743,32129023,42795007,1125376,118161407,18918686.12,8185560.98,1383020,10,10,10,0,0,0,0,0,0,3250175,5111807,5464063,3339343.36,200
1790616888,0,1383220,0,1676.90,199.91,14721023,18743295,23199743,32112639,42795007,1125376,118161407,18916443.69,8187103.08,1383220,10,10,10,0,0,0,0,0,0,3311615,5214207,5648383,3409838.08,200
1790616889,0,1383420,0,1675.11,200.06,14721023,18726911,23199743,32112639,42795007,1125376,118161407,18914182.93,8188678.63,1383420,10,10,10,0,0,0,0,0,0,3162111,4964351,5468159,3278548.48,200
1790616890,0,1383620,0,1673.33,199.98,14721023,18726911,23199743,32112639,42795007,1125376,118161407,18911937.52,8190225.88,1383620,10,10,10,0,0,0,0,0,0,3338239,5148671,5738495,3380183.04,200
1790616891,0,1383820,0,1671.55,200.08,14712831,18726911,23199743,32112639,42795007,1125376,118161407,18909673.28,8191807.63,1383820,10,10,10,0,0,0,0,0,0,3162111,4997119,5439487,3245409.28,200
1790616892,0,1384020,0,1669.77,199.90,14712831,18726911,23199743,32112639,42795007,1125376,118161407,18907437.67,8193335.59,1384020,10,10,10,0,0,0,0,0,0,3336191,5214207,5873663,3439065.60,200
1790616893,0,1384220,0,1668.00,199.97,14712831,18726911,23199743,32112639,42795007,1125376,118161407,18905147.20,8194966.47,1384220,10,10,10,0,0,0,0,0,0,2969599,4534271,5287935,3054837.76,200
1790616894,0,1384420,0,1666.23,200.00,14712831,18726911,23199743,32112639,42762239,1125376,118161407,18902789.83,8196727.44,1384420,10,10,10,0,0,0,0,0,0,2551807,4288511,4976639,2587212.80,200
1790616895,0,1384620,0,1664.47,200.03,14704639,18726911,23199743,32112639,42762239,1125376,118161407,18900360.62,8198631.52,1384620,10,10,10,0,0,0,0,0,0,1930239,3864575,4620287,2085125.12,200
1790616896,0,1384820,0,1662.71,200.08,14704639,18726911,23199743,32112639,42762239,1125376,118161407,18898053.30,8200295.13,1384820,10,10,10,0,0,0,0,0,0,2940927,4321279,5242879,2924236.80,200
1790616897,0,1385020,0,1660.96,199.99,14704639,18726911,23199743,32112639,42762239,1125376,118161407,18895774.60,8201902.19,1385020,10,10,10,0,0,0,0,0,0,2992127,4534271,5271551,3117839.36,200
1790616898,0,1385220,0,1659.21,199.92,14704639,18726911,23183359,32112639,42762239,1125376,118161407,18893514.66,8203473.70,1385220,10,10,10,0,0,0,0,0,0,3176447,4960255,5283839,3243235.84,200
1790616899,0,1385420,0,1657.46,200.01,14696447,18726911,23183359,32112639,42762239,1125376,118161407,18891199.00,8205155.69,1385420,10,10,10,0,0,0,0,0,0,2713599,4980735,5332991,2852695.04,200
1790616900,0,1385620,0,1655.72,200.10,14696447,18726911,23183359,32112639,42762239,1125376,118161407,18888951.71,8206703.16,1385620,10,10,10,0,0,0,0,0,0,3254271,4984831,5345279,3321720.32,200
1790616901,0,1385820,0,1653.98,199.96,14696447,18726911,23183359,32112639,42762239,1125376,118161407,18886691.07,8208275.96,1385820,10,10,10,0,0,0,0,0,0,3178495,4743167,5267455,3224778.24,200
1790616902,0,1386020,0,1652.25,200.09,14696447,18726911,23183359,32112639,42762239,1125376,118161407,18884444.50,8209822.71,1386020,10,10,10,0,0,0,0,0,0,3207167,4980735,5558271,3317708.80,200
1790616903,0,1386220,0,1650.52,199.91,14688255,18726911,23183359,32112639,42762239,1125376,118161407,18882194.37,8211375.48,1386220,10,10,10,0,0,0,0,0,0,3198975,4759551,5566463,3288606.72,200
1790616904,0,1396940,0,1661.31,10718.31,14729215,18776063,23314431,33177599,50102271,1125376,331350015,20216434.70,18409019.44,1396940,10,10,10,0,0,0,0,0,0,192675839,301727743,321126399,192749141.87,10720
1790616905,0,1414320,0,1679.98,17380.23,14778367,18874367,23543807,35192831,335282175,1125376,561512447,24988513.24,47212716.21,1414320,10,10,10,0,0,0,0,0,0,407633919,524025855,551550975,408550503.93,17380
1790616906,0,1429842,0,1696.40,15528.54,14827519,18956287,23756799,37715967,524287999,1125376,748683263,31289889.99,76604496.86,1429842,10,10,10,0,0,0,0,0,0,608698367,716177407,746586111,605453217.13,15522
1790616907,0,1445580,0,1713.04,15725.56,14876671,19054591,23953407,43089919,726663167,1125376,920649727,39615085.93,110148517.56,1445580,10,10,10,0,0,0,0,0,0,795344895,883425279,909639679,795982783.06,15738
1790616908,0,1463500,0,1732.22,17936.60,14934015,19152895,24199167,174981119,903872511,1125376,1071120383,50805556.62,148721148.88,1463500,10,10,10,0,0,0,0,0,0,954204159,1040711679,1060634623,953524341.03,17920
1790616909,0,1481420,0,1751.36,17915.03,14983167,19267583,24444927,433848319,1048575999,1125376,1181745151,63333407.43,186251252.67,1481420,10,10,10,0,0,0,0,0,0,1087373311,1159725055,1179647999,1086464526.63,17920
1790616910,0,1499340,0,1770.45,17924.10,15040511,19365887,24690687,631242751,1157627903,1125376,1296039935,76847487.11,222244105.33,1499340,10,10,10,0,0,0,0,0,0,1194328063,1265631231,1284505599,1194036545.83,17920
1790616911,0,1517260,0,1789.50,17913.59,15089663,19464191,24985599,833617919,1264582655,1125376,1397751807,91303267.18,257512685.33,1517260,10,10,10,0,0,0,0,0,0,1300234239,1370488831,1387266047,1300797088.91,17920
1790616912,0,1535018,0,1808.31,17766.57,15147007,19578879,25264127,983564287,1368391679,1125376,1512046591,106527100.85,292176430.60,1535018,10,10,10,0,0,0,0,0,0,1408237567,1476395007,1500512255,1407265577.37,17758
1790616913,0,1552560,0,1826.83,17538.13,15196159,19677183,25575423,1104150527,1472200703,1125376,1612709887,122408147.81,326329896.01,1552560,10,10,10,0,0,0,0,0,0,1513095167,1582301183,1602224127,1512083951.48,17542
1790616914,0,1570480,0,1845.74,17908.46,15245311,19791871,25919487,1203765247,1578106879,1125376,1720713215,139478589.51,361307513.40,1570480,10,10,10,0,0,0,0,0,0,1619001343,1691353087,1718616063,1618434223.54,17920
1790616915,0,1588400,0,1864.61,17923.77,15294463,19890175,26279935,1305477119,1685061631,1125376,1826619391,157369275.65,396410502.01,1588400,10,10,10,0,0,0,0,0,0,1725956095,1799356415,1817182207,1725280256.00,17920
1790616916,0,1606320,0,1883.43,17932.21,15351807,20004863,26640383,1407188991,1789919231,1125376,1936719871,176064513.00,431727316.22,1606320,10,10,10,0,0,0,0,0,0,1832910847,1906311167,1928331263,1833180306.29,17920
1790616917,0,1624240,0,1902.21,17912.45,15400959,20119551,27017215,1506803711,1896873983,1125376,2042626047,195517062.61,467194601.41,1624240,10,10,10,0,0,0,0,0,0,1938817023,2013265919,2031091711,1939212346.51,17920
1790616918,0,1642160,0,1920.95,17923.45,15450111,20234239,27443199,1609564159,2001731583,1125376,2153775103,215720859.64,502898086.24,1642160,10,10,10,0,0,0,0,0,0,2046820351,2122317823,2143289343,2046960552.23,17920
1790616919,0,1660080,0,1939.64,17913.94,15499263,20332543,27885567,1712324607,2108686335,1125376,2250244095,236640324.28,538793836.54,1660080,10,10,10,0,0,0,0,0,0,2153775103,2229272575,2248146943,2153666442.97,17920
1790616920,0,1678000,0,1958.29,17915.98,15548415,20447231,28377087,1812987903,2216689663,1125376,2369781759,258265590.69,574926255.84,1678000,10,10,10,0,0,0,0,0,0,2262827007,2338324479,2359295999,2261595516.34,17920
1790616921,0,1695920,0,1976.90,17933.76,15597567,20561919,28917759,1915748351,2321547263,1125376,2466250751,280556548.26,611223158.35,1695920,10,10,10,0,0,0,0,0,0,2369781759,2438987775,2459959295,2367845990.40,17920
1790616922,0,1713840,0,1995.46,17908.24,15646719,20660223,29573119,2016411647,2426404863,1125376,2585788415,303505519.97,647725174.98,1713840,10,10,10,0,0,0,0,0,0,2476736511,2548039679,2575302655,2475359319.77,17920
1790616923,0,1731760,0,2013.98,17929.13,15695871,20774911,30605311,2118123519,2533359615,1125376,2682257407,327084981.06,684396777.71,1731760,10,10,10,0,0,0,0,0,0,2583691263,2654994431,2675965951,2582186744.69,17920
1790616924,0,1749680,0,2032.46,17914.06,15753215,20873215,31719423,2220883967,2640314367,1125376,2793406463,351294688.90,721290888.32,1749680,10,10,10,0,0,0,0,0,0,2692743167,2764046335,2793406463,2690881945.60,17920
1790616925,0,1767600,0,2050.89,17917.52,15802367,20987903,33013759,2323644415,2745171967,1125376,2900361215,376093646.94,758320860.09,1767600,10,10,10,0,0,0,0,0,0,2799697919,2871001087,2889875455,2797424054.86,17920
1790616926,0,1785520,0,2069.28,17920.50,15851519,21102591,34570239,2424307711,2852126719,1125376,3009413119,401476118.43,795516666.68,1785520,10,10,10,0,0,0,0,0,0,2904555519,2980052991,2998927359,2905162313.14,17920
1790616927,0,1803440,0,2087.63,17924.00,15900671,21217279,36634623,2524971007,2956984319,1125376,3114270719,427409932.53,832819848.93,1803440,10,10,10,0,0,0,0,0,0,3011510271,3084910591,3103784959,3011413489.37,17920
1790616928,0,1819340,0,2103.60,15892.50,15949823,21315583,39485439,2615148543,3051356159,1125376,3204448255,450872193.13,866012394.63,1819340,10,10,10,0,0,0,0,0,0,3112173567,3179282431,3196059647,3112053278.53,15900
1790616929,0,1839280,0,2124.20,19949.43,16007167,21446655,46104575,2730491903,3170893823,1125376,3319791615,480895512.32,907805837.50,1839280,10,10,10,0,0,0,0,0,0,3221225471,3294625791,3317694463,3220244837.84,19940
1790616930,0,1855180,0,2140.09,15891.36,16048127,21544959,189530111,2820669439,3263168511,1125376,3424649215,505274268.79,941175522.24,1855180,10,10,10,0,0,0,0,0,0,3326083071,3393191935,3412066303,3325359752.40,15900
1790616931,0,1873100,0,2158.28,17926.56,16097279,21659647,397672447,2921332735,3372220415,1125376,3533701119,533254788.35,978981264.95,1873100,10,10,10,0,0,0,0,0,0,3430940671,3504340991,3523215359,3429956812.80,17920
1790616932,0,1891020,0,2176.42,17915.52,16154623,21790719,559415295,3024093183,3479175167,1125376,3632267263,561721865.64,1016879022.68,1891020,10,10,10,0,0,0,0,0,0,3537895423,3611295743,3630170111,3537262182.40,17920
1790616933,0,1908940,0,2194.52,17916.68,16203775,21905407,735051775,3126853631,3586129919,1125376,3751804927,590672600.60,1054892274.19,1908940,10,10,10,0,0,0,0,0,0,3646947327,3720347647,3741319167,3645718293.94,17920
1790616934,0,1926860,0,2212.57,17936.36,16261119,22036479,871366655,3227516927,3693084671,1125376,3850371071,620084846.42,1092985632.05,1926860,10,10,10,0,0,0,0,0,0,3753902079,3823108095,3841982463,3753244028.34,17920
1790616935,0,1944780,0,2230.59,17912.87,16310271,22151167,989855743,3330277375,3800039423,1125376,3969908735,649957838.86,1131185668.78,1944780,10,10,10,0,0,0,0,0,0,3862953983,3932159999,3959422975,3862071354.51,17920
1790616936,0,1962700,0,2248.56,17917.06,16359423,22282239,1085276159,3433037823,3904897023,1125376,4068474879,680263672.72,1169439248.84,1962700,10,10,10,0,0,0,0,0,0,3969908735,4039114751,4057989119,3969224586.97,17920
1790616937,0,1980620,0,2266.50,17928.04,16416767,22429695,1166016511,3535798271,4011851775,1125376,4177526783,711004456.38,1207779502.40,1980620,10,10,10,0,0,0,0,0,0,4078960639,4148166655,4175429631,4077909372.34,17920
1790616938,0,1998540,0,2284.39,17921.23,16474111,22560767,1245708287,3638558719,4118806527,1125376,4280287231,742118964.06,1246060695.04,1998540,10,10,10,0,0,0,0,0,0,4181721087,4250927103,4269801471,4181070760.23,17920
1790616939,0,2016460,0,2302.24,17908.23,16523263,22691839,1325400063,3741319167,4221566975,1125376,4383047679,773605634.34,1284309439.25,2016460,10,10,10,0,0,0,0,0,0,4286578687,4353687551,4374659071,4285177621.94,17920
1790616940,0,2034380,0,2320.05,17920.01,16572415,22839295,1405091839,3844079615,4324327423,1125376,4483710975,805409106.87,1322403349.52,2034380,10,10,10,0,0,0,0,0,0,4387241983,4454350847,4471128063,4384116150.86,17920
1790616941,0,2052300,0,2337.82,17928.62,16629759,22970367,1485832191,3946840063,4420796415,1125376,4588568575,837542161.84,1360409502.53,2052300,10,10,10,0,0,0,0,0,0,4487905279,4559208447,4575985663,4485468745.14,17920
1790616942,0,2070220,0,2355.55,17912.33,16678911,23117823,1565523967,4047503359,4521459711,1125376,4676648959,869984542.34,1398301169.74,2070220,10,10,10,0,0,0,0,0,0,4588568575,4651483135,4659871743,4585469893.49,17920
1790616943,0,2088140,0,2373.24,17922.65,16736255,23265279,1646264319,4148166655,4622123007,1125376,4789895167,902455874.03,1435366993.41,2088140,10,10,10,0,0,0,0,0,0,4655677439,4701814783,4701814783,4653728212.11,17920
1790616944,0,2106060,0,2390.89,17929.99,16793599,23412735,1727004671,4246732799,4651483135,1125376,4798283775,934416507.02,1470299569.00,2106060,10,10,10,0,0,0,0,0,0,4651483135,4701814783,4706009087,4658650667.89,17920
1790616945,0,2126000,0,2410.79,19932.75,16842751,23592959,1816133631,4353687551,4655677439,1125376,4798283775,969093376.63,1506159514.46,2126000,10,10,10,0,0,0,0,0,0,4626317311,4680843263,4689231871,4631659475.42,19940
1790616946,0,2144460,0,2428.97,18461.08,16908287,23756799,1898971135,4454350847,4655677439,1125376,4798283775,1000374012.36,1536776749.28,2144460,10,10,10,0,0,0,0,0,0,4596957183,4651483135,4655677439,4602900099.25,18460
1790616947,0,2162380,0,2446.50,17915.18,16957439,23904255,1978662911,4546625535,4655677439,1125376,4798283775,1029958009.54,1564241231.20,2162380,10,10,10,0,0,0,0,0,0,4567597055,4617928703,4617928703,4570231369.14,17920
1790616948,0,2180300,0,2463.98,17922.32,17006591,24068095,2059403263,4550819839,4655677439,1125376,4798283775,1058813529.54,1589722476.31,2180300,10,10,10,0,0,0,0,0,0,4538236927,4584374271,4592762879,4540766617.60,17920
1790616949,0,2198870,0,2482.16,18574.98,17072127,24231935,2143289343,4555014143,4655677439,1125376,4798283775,1088152064.90,1614601788.41,2198870,10,10,10,0,0,0,0,0,0,4525654015,4580179967,4584374271,4532783655.21,18570
1790616950,0,2216140,0,2498.84,17272.98,17121279,24379391,2220883967,4563402751,4655677439,1125376,4798283775,1115260395.16,1637129329.69,2216140,10,10,10,0,0,0,0,0,0,4563402751,4613734399,4617928703,4566777138.78,17270
1790616951,0,2234060,0,2516.21,17914.15,17170431,24559615,2302672895,4580179967,4655677439,1125376,4798283775,1143216682.87,1659925317.73,2234060,10,10,10,0,0,0,0,0,0,4596957183,4651483135,4655677439,4600529598.17,17920
1790616952,0,2251980,0,2533.54,17908.09,17219583,24723455,2380267519,4592762879,4655677439,1125376,4798283775,1170999597.71,1682159608.65,2251980,10,10,10,0,0,0,0,0,0,4630511615,4680843263,4685037567,4634654661.49,17920
1790616953,0,2269900,0,2550.83,17926.87,17285119,24903679,2459959295,4605345791,4664066047,1125376,4810866687,1198603811.01,1703844053.45,2269900,10,10,10,0,0,0,0,0,0,4664066047,4718591999,4722786303,4667584629.03,17920
1790616954,0,2287820,0,2568.08,17930.15,17334271,25116671,2541748223,4617928703,4676648959,1125376,4823449599,1225922140.48,1724784188.42,2287820,10,10,10,0,0,0,0,0,0,4676648959,4726980607,4726980607,4686294688.91,17920
1790616955,0,2305740,0,2585.29,17909.12,17383423,25313279,2623537151,4630511615,4685037567,1125376,4831838207,1252865033.79,1744832571.00,2305740,10,10,10,0,0,0,0,0,0,4685037567,4735369215,4735369215,4692624530.29,17920
1790616956,0,2323660,0,2602.47,17914.81,17448959,25526271,2703228927,4643094527,4689231871,1125376,4831838207,1279396365.03,1763954865.01,2323660,10,10,10,0,0,0,0,0,0,4685037567,4735369215,4735369215,4693143669.03,17920
1790616957,0,2343600,0,2621.86,19943.71,17498111,25755647,2793406463,4651483135,4693426175,1125376,4831838207,1308271446.80,1783880226.76,2343600,10,10,10,0,0,0,0,0,0,4668260351,4722786303,4726980607,4673159736.59,19940
1790616958,0,2361520,0,2638.96,17933.01,17547263,25985023,2873098239,4651483135,4697620479,1125376,4831838207,1333617451.79,1800583577.56,2361520,10,10,10,0,0,0,0,0,0,4647288831,4693426175,4701814783,4648399667.20,17920
1790616959,0,2379440,0,2656.02,17919.65,17612799,26230783,2952790015,4655677439,4697620479,1125376,4831838207,1358457715.09,1816315680.73,2379440,10,10,10,0,0,0,0,0,0,4626317311,4685037567,4685037567,4631938662.40,17920
1790616960,0,2397900,0,2673.64,18450.49,17661951,26492927,3036676095,4655677439,4697620479,1125376,4831838207,1383514724.78,1831539865.58,2397900,10,10,10,0,0,0,0,0,0,4609540095,4659871743,4659871743,4613289976.46,18460
1790616961,0,2415820,0,2690.62,17917.38,17711103,26738687,3116367871,4655677439,4693426175,1125376,4831838207,1407388331.50,1845514560.82,2415820,10,10,10,0,0,0,0,0,0,4596957183,4643094527,4647288831,4601948686.63,17920
1790616962,0,2433740,0,2707.56,17920.34,17760255,26984447,3198156799,4655677439,4693426175,1125376,4831838207,1430867877.80,1858808518.15,2433740,10,10,10,0,0,0,0,0,0,4588568575,4638900223,4643094527,4596178007.77,17920
1790616963,0,2451660,0,2724.46,17919.16,17809407,27262975,3275751423,4651483135,4693426175,1125376,4831838207,1453954287.19,1871444089.54,2451660,10,10,10,0,0,0,0,0,0,4588568575,4634705919,4643094527,4589351497.14,17920
1790616964,0,2471600,0,2743.58,19943.43,17874943,27574271,3365928959,4651483135,4693426175,1125376,4831838207,1479068577.86,1884569064.37,2471600,10,10,10,0,0,0,0,0,0,4563402751,4609540095,4622123007,4566917216.96,19940
1790616965,0,2489520,0,2760.40,17918.31,17924095,27869183,3447717887,4651483135,4693426175,1125376,4831838207,1501236470.34,1895736575.11,2489520,10,10,10,0,0,0,0,0,0,4550819839,4601151487,4609540095,4558723247.54,17920
1790616966,0,2507440,0,2777.19,17923.01,17973247,28196863,3531603967,4651483135,4693426175,1125376,4831838207,1523047337.61,1906364577.48,2507440,10,10,10,0,0,0,0,0,0,4542431231,4609540095,4613734399,4553102599.31,17920
1790616967,0,2525630,0,2794.25,18191.32,18022399,28540927,3611295743,4651483135,4693426175,1125376,4831838207,1545122289.88,1917088900.96,2525630,10,10,10,0,0,0,0,0,0,4584374271,4638900223,4638900223,4588091961.03,18190
1790616968,0,2539680,0,2806.69,14051.53,18071551,28819455,3670015999,4651483135,4693426175,1125376,4831838207,1561084504.73,1924460643.28,2539680,10,10,10,0,0,0,0,0,0,4592762879,4643094527,4647288831,4430454518.34,14050
1790616969,0,2539880,0,2803.81,199.92,18071551,28819455,3670015999,4651483135,4693426175,1125376,4831838207,1560962007.02,1924434380.32,2539880,10,10,10,0,0,0,0,0,0,5214207,8454143,9535487,5437009.92,200
1790616970,0,2540080,0,2800.94,200.00,18055167,28803071,3670015999,4651483135,4693426175,1125376,4831838207,1560839598.07,1924408057.22,2540080,10,10,10,0,0,0,0,0,0,6373375,8937471,9478143,6319365.12,200
1790616971,0,2540280,0,2798.07,200.08,18055167,28803071,3670015999,4651483135,4693426175,1125376,4831838207,1560717149.08,1924381778.02,2540280,10,10,10,0,0,0,0,0,0,5439487,7766015,8986623,5566036.48,200
1790616972,0,2540480,0,2795.21,199.95,18055167,28803071,3670015999,4651483135,4693426175,1125376,4831838207,1560594713.67,1924355499.42,2540480,10,10,10,0,0,0,0,0,0,5419007,8052735,8847359,5493644.80,200
1790616973,0,2540680,0,2792.36,200.00,18055167,28786687,3667918847,4651483135,4693426175,1125376,4831838207,1560472330.58,1924329190.13,2540680,10,10,10,0,0,0,0,0,0,5562367,9003007,9764863,5913354.24,200
1790616974,0,2540880,0,2789.51,199.96,18055167,28786687,3667918847,4651483135,4693426175,1125376,4831838207,1560349933.99,1924302903.31,2540880,10,10,10,0,0,0,0,0,0,5267455,8167423,8953855,5497067.52,200
1790616975,0,2541080,0,2786.68,200.09,18055167,28786687,3667918847,4651483135,4693426175,1125376,4831838207,1560227582.80,1924276591.37,2541080,10,10,10,0,0,0,0,0,0,5586943,8519679,9150463,5829140.48,200
1790616976,0,2541280,0,2783.84,199.86,18055167,28786687,3667918847,4651483135,4693426175,1125376,4831838207,1560105274.01,1924250256.75,2541280,10,10,10,0,0,0,0,0,0,6103039,8724479,9428991,6123136.00,200
1790616977,0,2541480,0,2781.01,200.17,18055167,28770303,3667918847,4651483135,4693426175,1125376,4831838207,1559982953.53,1924223943.15,2541480,10,10,10,0,0,0,0,0,0,5320703,9093119,10092543,5729996.80,200
1790616978,0,2541680,0,2778.19,199.96,18055167,28770303,3665821695,4651483135,4693426175,1125376,4831838207,1559860682.00,1924197601.56,2541680,10,10,10,0,0,0,0,0,0,5951487,9232383,9863167,6107525.12,200
1790616979,0,2541880,0,2775.38,200.07,18038783,28770303,3665821695,4651483135,4693426175,1125376,4831838207,1559738387.03,1924171290.44,2541880,10,10,10,0,0,0,0,0,0,5378047,8327167,9453567,5564928.00,200
1790616980,0,2542080,0,2772.57,199.90,18038783,28770303,3665821695,4651483135,4693426175,1125376,4831838207,1559616079.19,1924145001.26,2542080,10,10,10,0,0,0,0,0,0,5070847,7315455,8732671,5156797.44,200
1790616981,0,2542280,0,2769.76,199.92,18038783,28770303,3665821695,4651483135,4693426175,1125376,4831838207,1559493924.34,1924118600.16,2542280,10,10,10,0,0,0,0,0,0,6459391,10928127,12959743,6856898.56,200
1790616982,0,2542480,0,2766.97,200.06,18038783,28753919,3665821695,4651483135,4693426175,1125376,4831838207,1559371734.28,1924092239.00,2542480,10,10,10,0,0,0,0,0,0,5902335,9846783,11272191,6165027.84,200
1790616983,0,2542680,0,2764.18,200.10,18038783,28753919,3665821695,4651483135,4693426175,1125376,4831838207,1559249621.76,1924065826.88,2542680,10,10,10,0,0,0,0,0,0,6283263,13008895,16130047,6906424.32,200
1790616984,0,2542880,0,2761.39,199.92,18038783,28753919,3665821695,4651483135,4693426175,1125376,4831838207,1559127528.90,1924039410.43,2542880,10,10,10,0,0,0,0,0,0,6488063,11780095,13688831,6912163.84,200
1790616985,0,2543080,0,2758.62,200.03,18038783,28753919,3663724543,4651483135,4693426175,1125376,4831838207,1559005538.37,1924012923.16,2543080,10,10,10,0,0,0,0,0,0,6787071,16490495,18857983,7969187.84,200
1790616986,0,2543280,0,2755.84,199.96,18038783,28737535,3663724543,4651483135,4693426175,1125376,4831838207,1558883436.17,1923986537.27,2543280,10,10,10,0,0,0,0,0,0,5906431,10256383,12025855,6305095.68,200
1790616987,0,2543480,0,2753.08,200.05,18038783,28737535,3663724543,4651483135,4693426175,1125376,4831838207,1558761429.02,1923960086.28,2543480,10,10,10,0,0,0,0,0,0,6651903,12058623,13606911,7269729.28,200
1790616988,0,2543680,0,2750.32,200.05,18022399,28737535,3663724543,4651483135,4693426175,1125376,4831838207,1558639348.86,1923933705.68,2543680,10,10,10,0,0,0,0,0,0,5836799,10141695,11288575,6097167.36,200
1790616989,0,2543880,0,2747.56,199.97,18022399,28721151,3663724543,4651483135,4693426175,1125376,4831838207,1558517320.65,1923907294.74,2543880,10,10,10,0,0,0,0,0,0,5980159,11034623,12287999,6513740.80,200
1790616990,0,2544080,0,2744.81,199.98,18022399,28721151,3663724543,4651483135,4693426175,1125376,4831838207,1558395297.51,1923880891.16,2544080,10,10,10,0,0,0,0,0,0,6230015,8847359,9510911,6334136.32,200
1790616991,0,2544280,0,2742.07,200.04,18022399,28721151,3663724543,4651483135,4693426175,1125376,4831838207,1558273270.14,1923854502.56,2544280,10,10,10,0,0,0,0,0,0,5562367,10305535,11575295,6036280.32,200
1790616992,0,2544480,0,2739.33,199.95,18022399,28721151,3661627391,4651483135,4693426175,1125376,4831838207,1558151366.75,1923828025.50,2544480,10,10,10,0,0,0,0,0,0,7319551,10739711,11378687,7369620.48,200
1790616993,0,2544680,0,2736.60,200.06,18022399,28704767,3661627391,4651483135,4693426175,1125376,4831838207,1558029407.78,1923801604.79,2544680,10,10,10,0,0,0,0,0,0,5918719,10493951,11362303,6418544.64,200
1790616994,0,2544880,0,2733.88,199.94,18022399,28704767,3661627391,4651483135,4693426175,1125376,4831838207,1557907471.70,1923775177.13,2544880,10,10,10,0,0,0,0,0,0,5971967,10305535,11206655,6465960.96,200
1790616995,0,2545080,0,2731.16,200.01,18022399,28704767,3661627391,4651483135,4693426175,1125376,4831838207,1557785550.15,1923748749.27,2545080,10,10,10,0,0,0,0,0,0,5992447,10215423,11124735,6406955.52,200
1790616996,0,2545280,0,2728.44,199.90,18022399,28704767,3661627391,4651483135,4693426175,1125376,4831838207,1557663575.96,1923722375.35,2545280,10,10,10,0,0,0,0,0,0,5292031,8511487,10764287,5493263.36,200
1790616997,0,2545480,0,2725.74,200.06,18022399,28688383,3661627391,4651483135,4693426175,1125376,4831838207,1557541663.89,1923695962.86,2545480,10,10,10,0,0,0,0,0,0,5713919,10166271,11395071,6039869.44,200
1790616998,0,2545680,0,2723.04,199.96,18006015,28688383,3661627391,4651483135,4693426175,1125376,4831838207,1557419833.81,1923669495.79,2545680,10,10,10,0,0,0,0,0,0,6574079,10493951,11427839,6839726.08,200
1790616999,0,2545880,0,2720.34,200.00,18006015,28688383,3661627391,4651483135,4693426175,1125376,4831838207,1557297985.45,1923643054.98,2545880,10,10,10,0,0,0,0,0,0,5902335,11165695,13271039,6363238.40,200
1790617000,0,2546080,0,2717.65,200.05,18006015,28688383,3659530239,4651483135,4693426175,1125376,4831838207,1557176153.30,1923616612.58,2546080,10,10,10,0,0,0,0,0,0,5771263,10149887,11059199,6326067.20,200
1790617001,0,2546280,0,2714.97,199.97,18006015,28671999,3659530239,4651483135,4693426175,1125376,4831838207,1557054328.09,1923590176.09,2546280,10,10,10,0,0,0,0,0,0,5840895,9789439,11509759,6170603.52,200
1790617002,0,2546480,0,2712.29,200.00,18006015,28671999,3659530239,4651483135,4693426175,1125376,4831838207,1556932522.86,1923563734.99,2546480,10,10,10,0,0,0,0,0,0,6062079,9723903,11845631,6181488.64,200
1790617003,0,2546680,0,2709.61,200.08,18006015,28671999,3659530239,4651483135,4693426175,1125376,4831838207,1556810888.37,1923537167.99,2546680,10,10,10,0,0,0,0,0,0,6905855,14655487,16400383,8111846.40,200
1790617004,0,2546880,0,2706.95,199.99,18006015,28671999,3659530239,4651483135,4693426175,1125376,4831838207,1556689123.55,1923510717.34,2546880,10,10,10,0,0,0,0,0,0,5861375,10731519,12427263,6209057.28,200
1790617005,0,2547080,0,2704.28,199.94,18006015,28655615,3659530239,4651483135,4693426175,1125376,4831838207,1556567370.25,1923484268.88,2547080,10,10,10,0,0,0,0,0,0,5869567,9535487,10805247,6112140.80,200
1790617006,0,2547284,0,2701.63,204.10,18006015,28655615,3659530239,4651483135,4693426175,1125376,4831838207,1556443286.37,1923457219.16,2547284,10,10,10,0,0,0,0,0,0,6676479,12165119,13910015,7170790.90,204
1790617007,0,2547480,0,2698.98,195.97,17989631,28655615,3659530239,4651483135,4693426175,1125376,4831838207,1556324039.10,1923431265.19,2547480,10,10,10,0,0,0,0,0,0,6004735,12156927,14524415,6545204.24,196
1790617008,0,2547680,0,2696.33,199.99,17989631,28655615,3659530239,4651483135,4693426175,1125376,4831838207,1556202391.30,1923404766.28,2547680,10,10,10,0,0,0,0,0,0,6115327,11927551,13295615,6725655.04,200
1790617009,0,2547880,0,2693.69,199.95,17989631,28639231,3659530239,4651483135,4693426175,1125376,4831838207,1556080676.62,1923378332.65,2547880,10,10,10,0,0,0,0,0,0,5607423,8097791,9437183,5630382.08,200
1790617010,0,2548080,0,2691.06,200.05,17989631,28639231,3659530239,4651483135,4693426175,1125376,4831838207,1555959066.97,1923351825.98,2548080,10,10,10,0,0,0,0,0,0,6156287,12820479,15851519,6725104.64,200
1790617011,0,2548280,0,2688.43,199.99,17989631,28639231,3659530239,4651483135,4693426175,1125376,4831838207,1555837428.26,1923325354.10,2548280,10,10,10,0,0,0,0,0,0,5898239,9355263,10436607,6111662.08,200
1790617012,0,2548480,0,2685.81,200.05,17989631,28639231,3657433087,4651483135,4693426175,1125376,4831838207,1555715786.85,1923298895.91,2548480,10,10,10,0,0,0,0,0,0,5365759,9674751,10485759,5833871.36,200
1790617013,0,2548680,0,2683.19,199.98,17989631,28622847,3657433087,4651483135,4693426175,1125376,4831838207,1555594174.73,1923272425.60,2548680,10,10,10,0,0,0,0,0,0,5505023,9699327,10829823,5963955.20,200
1790617014,0,2548880,0,2680.58,199.98,17989631,28622847,3657433087,4651483135,4693426175,1125376,4831838207,1555472598.37,1923245937.95,2548880,10,10,10,0,0,0,0,0,0,5939199,9723903,10469375,6176353.28,200
1790617015,0,2549080,0,2677.98,199.91,17989631,28622847,3655335935,4651483135,4693426175,1125376,4831838207,1555351090.50,1923219406.60,2549080,10,10,10,0,0,0,0,0,0,6668287,10027007,11042815,6806200.32,200
1790617016,0,2549281,0,2675.38,201.13,17973247,28622847,3655335935,4651483135,4693426175,1125376,4831838207,1555229031.10,1923192709.11,2549281,10,10,10,0,0,0,0,0,0,6791167,11870207,12771327,7272931.98,201
1790617017,0,2549485,0,2672.79,204.01,17973247,28622847,3655335935,4651483135,4693426175,1125376,4831838207,1555105082.45,1923165679.32,2549485,10,10,10,0,0,0,0,0,0,5836799,10035199,13795327,6183898.35,204
1790617018,0,2549680,0,2670.19,194.96,17973247,28606463,3655335935,4651483135,4693426175,1125376,4831838207,1554986659.00,1923139807.42,2549680,10,10,10,0,0,0,0,0,0,5939199,11829247,12967935,6684968.70,195
1790617019,0,2549880,0,2667.61,199.93,17973247,28606463,3655335935,4651483135,4693426175,1125376,4831838207,1554865184.61,1923113295.00,2549880,10,10,10,0,0,0,0,0,0,6008831,10141695,11886591,6261143.04,200
1790617020,0,2550080,0,2665.03,200.04,17973247,28606463,3655335935,4651483135,4693426175,1125376,4831838207,1554743753.05,1923086759.56,2550080,10,10,10,0,0,0,0,0,0,6373375,9732095,10977279,6564198.40,200
1790617021,0,2550280,0,2662.45,199.96,17973247,28606463,3655335935,4651483135,4693426175,1125376,4831838207,1554622343.59,1923060217.84,2550280,10,10,10,0,0,0,0,0,0,6029311,11411455,12697599,6603136.00,200
1790617022,0,2550480,0,2659.89,200.10,17973247,28590079,3653238783,4651483135,4693426175,1125376,4831838207,1554501084.61,1923033566.87,2550480,10,10,10,0,0,0,0,0,0,6909951,13762559,27066367,8279383.04,200
1790617023,0,2550686,0,2657.33,206.00,17973247,28590079,3653238783,4651483135,4693426175,1125376,4831838207,1554376066.07,1923006225.94,2550686,10,10,10,0,0,0,0,0,0,6131711,11124735,12525567,6525191.46,206
1790617024,0,2562990,0,2667.37,12296.76,18006015,28835839,3634364415,4651483135,4693426175,1125376,4831838207,1548811368.04,1920082838.26,2562990,10,10,10,0,0,0,0,0,0,442761215,570949631,589823999,395219253.43,12304
1790617025,0,2576330,0,2678.47,13344.96,18038783,29147135,3615490047,4651483135,4693426175,1125376,4831838207,1545672546.87,1915640235.13,2576330,10,10,10,0,0,0,0,0,0,981467135,1188036607,1206910975,942616530.56,13340
1790617026,0,2591690,0,2691.64,15357.39,18087935,29540351,3592421375,4651483135,4693426175,1125376,4831838207,1545348990.64,1910002917.40,2591690,10,10,10,0,0,0,0,0,0,1498415103,1771044863,1773142015,1491078963.20,15360
1790617027,0,2607050,0,2704.78,15365.47,18137087,30064639,3569352703,4651483135,4693426175,1125376,4831838207,1548511008.02,1904865807.63,2607050,10,10,10,0,0,0,0,0,0,2063597567,2371878911,2380267519,2082037623.47,15360
1790617028,0,2624970,0,2720.55,17916.40,18186239,30818303,3542089727,4651483135,4693426175,1125376,4831838207,1556235430.73,1900687107.81,2624970,10,10,10,0,0,0,0,0,0,2665480191,2952790015,2971664383,2680005310.17,17920
1790617029,0,2642890,0,2736.28,17909.73,18235391,31555583,3519021055,4651483135,4693426175,1125376,4831838207,1567794471.64,1899443683.99,2642890,10,10,10,0,0,0,0,0,0,3261071359,3519021055,3531603967,3260994004.11,17920
1790617030,0,2660810,0,2751.99,17917.00,18284543,32342015,3590324223,4651483135,4693426175,1125376,4831838207,1582945380.85,1902009078.02,2660810,10,10,10,0,0,0,0,0,0,3774873599,4104126463,4106223615,3817442391.77,17920
1790617031,0,2678190,0,2767.10,17390.05,18333695,33292287,3649044479,4651483135,4693426175,1125376,4831838207,1601188006.48,1909264624.03,2678190,10,10,10,0,0,0,0,0,0,4420796415,4676648959,4685037567,4394062614.92,17380
1790617032,0,2696110,0,2782.74,17910.88,18382847,34340863,3722444799,4655677439,4726980607,1125376,4987027455,1622493493.31,1920655459.99,2696110,10,10,10,0,0,0,0,0,0,4794089471,4873781247,4898947071,4806653191.31,17920
1790617033,0,2714030,0,2798.35,17925.34,18431999,35586047,3781165055,4664066047,4781506559,1125376,4987027455,1643500406.31,1931569174.67,2714030,10,10,10,0,0,0,0,0,0,4802478079,4857004031,4861198335,4804044390.40,17920
1790617034,0,2729930,0,2811.84,15903.69,18481151,36863999,3846176767,4672454655,4785700863,1125376,4987027455,1661719680.35,1940592237.72,2729930,10,10,10,0,0,0,0,0,0,4777312255,4831838207,4836032511,4771635173.21,15900
1790617035,0,2747850,0,2827.39,17920.52,18530303,38961151,3915382783,4676648959,4806672383,1125376,4987027455,1682135891.17,1950601743.86,2747850,10,10,10,0,0,0,0,0,0,4794089471,4844421119,4861198335,4792338256.46,17920
1790617036,0,2765770,0,2842.90,17909.39,18579455,42565631,3986685951,4680843263,4819255295,1125376,4987027455,1702315839.72,1960266180.05,2765770,10,10,10,0,0,0,0,0,0,4794089471,4840226815,4840226815,4796705996.80,17920
1790617037,0,2783150,0,2857.83,17391.07,18628607,46989311,4055891967,4685037567,4823449599,1125376,4987027455,1721522328.78,1969100360.73,2783150,10,10,10,0,0,0,0,0,0,4781506559,4831838207,4836032511,4777951054.77,17380
1790617038,0,2799050,0,2871.21,15897.62,18677759,135135231,4112515071,4701814783,4827643903,1125376,4987027455,1738968124.63,1977020658.23,2799050,10,10,10,0,0,0,0,0,0,4794089471,4836032511,4844421119,4792695591.35,15900
1790617039,0,2816970,0,2886.63,17922.85,18726911,251265023,4175429631,4731174911,4827643903,1125376,4987027455,1758459311.45,1985721676.11,2816970,10,10,10,0,0,0,0,0,0,4810866687,4844421119,4848615423,4802923958.86,17920
1790617040,0,2836910,0,2904.09,19930.18,18776063,363855871,4253024255,4752146431,4827643903,1125376,4987027455,1779731397.62,1994820184.70,2836910,10,10,10,0,0,0,0,0,0,4794089471,4823449599,4831838207,4784888296.48,19940
1790617041,0,2852810,0,2917.38,15897.15,18825215,452722687,4307550207,4760535039,4827643903,1125376,4987027455,1796343013.01,2001592035.94,2852810,10,10,10,0,0,0,0,0,0,4756340735,4810866687,4819255295,4760220862.89,15900
1790617042,0,2870730,0,2932.70,17932.24,18874367,521928703,4374659071,4768923647,4827643903,1125376,4987027455,1814985400.95,2009152103.95,2870730,10,10,10,0,0,0,0,0,0,4781506559,4819255295,4819255295,4782797385.14,17920
1790617043,0,2888650,0,2948.00,17918.56,18923519,594018303,4437573631,4777312255,4827643903,1125376,4987027455,1833282094.05,2016254870.08,2888650,10,10,10,0,0,0,0,0,0,4768923647,4806672383,4806672383,4764357193.14,17920
1790617044,0,2906030,0,2962.71,17375.62,18972671,686817279,4496293887,4777312255,4827643903,1125376,4987027455,1850823037.39,2022897412.57,2906030,10,10,10,0,0,0,0,0,0,4764729343,4819255295,4819255295,4766222689.98,17380
1790617045,0,2921930,0,2975.89,15910.07,19005439,764936191,4521459711,4781506559,4827643903,1125376,4987027455,1866773488.43,2028880479.70,2921930,10,10,10,0,0,0,0,0,0,4802478079,4827643903,4844421119,4782024385.08,15900
1790617046,0,2941870,0,2993.15,19928.03,19070975,850395135,4534042623,4781506559,4827643903,1125376,4987027455,1886556469.16,2036126350.52,2941870,10,10,10,0,0,0,0,0,0,4785700863,4831838207,4836032511,4785477476.29,19940
1790617047,0,2957770,0,3006.27,15901.58,19120127,912261119,4542431231,4785700863,4827643903,1125376,4987027455,1902132364.93,2041671318.63,2957770,10,10,10,0,0,0,0,0,0,4798283775,4827643903,4865392639,4784035540.66,15900
1790617048,0,2975690,0,3021.41,17921.43,19169279,981467135,4542431231,4785700863,4827643903,1125376,4987027455,1919580877.30,2047821402.03,2975690,10,10,10,0,0,0,0,0,0,4802478079,4831838207,4840226815,4799529896.23,17920
1790617049,0,2993610,0,3036.52,17922.49,19218431,1035993087,4550819839,4794089471,4831838207,1125376,4987027455,1936926887.39,2053882684.30,2993610,10,10,10,0,0,0,0,0,0,4815060991,4848615423,4852809727,4817303493.49,17920
1790617050,0,3010990,0,3051.05,17369.21,19267583,1081081855,4555014143,4798283775,4831838207,1125376,4987027455,1953444009.97,2059387659.32,3010990,10,10,10,0,0,0,0,0,0,4802478079,4827643903,4836032511,4798428090.95,17380
1790617051,0,3027092,0,3064.27,16116.39,19316735,1128267775,4559208447,4802478079,4831838207,1125376,4987027455,1968664355.50,2064422220.89,3027092,10,10,10,0,0,0,0,0,0,4819255295,4844421119,4865392639,4814789568.28,16102
1790617052,0,3044810,0,3079.09,17707.33,19365887,1175453695,4563402751,4802478079,4831838207,1125376,4987027455,1985058118.50,2069532181.61,3044810,10,10,10,0,0,0,0,0,0,4794089471,4840226815,4844421119,4785906341.81,17718
1790617053,0,3062730,0,3094.08,17924.18,19415039,1218445311,4571791359,4806672383,4831838207,1125376,4987027455,2001555486.53,2074644384.87,3062730,10,10,10,0,0,0,0,0,0,4806672383,4836032511,4844421119,4804644278.86,17920
1790617054,0,3080650,0,3109.04,17909.95,19480575,1262485503,4575985663,4806672383,4831838207,1125376,4987027455,2017678894.55,2079313697.92,3080650,10,10,10,0,0,0,0,0,0,4773117951,4810866687,4815060991,4773351072.91,17920
1790617055,0,3098570,0,3123.97,17933.16,19529727,1309671423,4580179967,4806672383,4831838207,1125376,4987027455,2033515916.97,2083665941.58,3098570,10,10,10,0,0,0,0,0,0,4752146431,4798283775,4810866687,4756078592.00,17920
1790617056,0,3116490,0,3138.88,17921.77,19578879,1350565887,4584374271,4802478079,4831838207,1125376,4987027455,2049178979.70,2087852038.96,3116490,10,10,10,0,0,0,0,0,0,4764729343,4802478079,4802478079,4757499084.80,17920
1790617057,0,3134410,0,3153.75,17913.17,19628031,1401946111,4588568575,4802478079,4831838207,1125376,4987027455,2064715484.90,2091933700.34,3134410,10,10,10,0,0,0,0,0,0,4768923647,4806672383,4810866687,4766688870.40,17920
1790617058,0,3151790,0,3168.05,17375.10,19693567,1451229183,4588568575,4802478079,4831838207,1125376,4987027455,2079607566.55,2095723038.88,3151790,10,10,10,0,0,0,0,0,0,4773117951,4806672383,4810866687,4765331943.37,17380
1790617059,0,3169710,0,3182.86,17927.51,19742719,1491075071,4592762879,4806672383,4831838207,1125376,4987027455,2094991647.24,2099726920.85,3169710,10,10,10,0,0,0,0,0,0,4806672383,4840226815,4852809727,4800761270.86,17920
1790617060,0,3185610,0,3195.62,15897.78,19791871,1529872383,4596957183,4806672383,4836032511,1125376,4987027455,2108584898.78,2103255854.59,3185610,10,10,10,0,0,0,0,0,0,4819255295,4848615423,4869586943,4818438066.20,15900
1790617061,0,3203530,0,3210.38,17928.07,19841023,1573912575,4601151487,4810866687,4836032511,1125376,4987027455,2123729656.66,2107063318.19,3203530,10,10,10,0,0,0,0,0,0,4815060991,4865392639,4869586943,4815989262.63,17920
1790617062,0,3221450,0,3225.10,17903.99,19906559,1617952767,4601151487,4810866687,4836032511,1125376,4987027455,2138735358.12,2110752216.92,3221450,10,10,10,0,0,0,0,0,0,4823449599,4869586943,4873781247,4821280826.51,17920
1790617063,0,3238830,0,3239.26,17388.73,19955711,1668284415,4609540095,4810866687,4840226815,1125376,4987027455,2153010523.52,2114034644.65,3238830,10,10,10,0,0,0,0,0,0,4802478079,4844421119,4844421119,4798967462.03,17380
1790617064,0,3256750,0,3253.92,17918.53,20004863,1720713215,4613734399,4810866687,4840226815,1125376,4987027455,2167552625.46,2117256611.65,3256750,10,10,10,0,0,0,0,0,0,4789895167,4840226815,4844421119,4795867136.00,17920
1790617065,0,3272650,0,3266.55,15906.89,20054015,1759510527,4617928703,4810866687,4840226815,1125376,4987027455,2180253594.70,2119915807.70,3272650,10,10,10,0,0,0,0,0,0,4773117951,4831838207,4840226815,4781755580.31,15900
1790617066,0,3290570,0,3281.16,17910.60,20119551,1805647871,4626317311,4810866687,4840226815,1125376,4987027455,2194395222.07,2122756995.00,3290570,10,10,10,0,0,0,0,0,0,4764729343,4831838207,4848615423,4777017812.11,17920
1790617067,0,3308490,0,3295.74,17927.65,20168703,1848639487,4630511615,4810866687,4840226815,1125376,4987027455,2208409935.90,2125502962.34,3308490,10,10,10,0,0,0,0,0,0,4781506559,4840226815,4844421119,4781869582.63,17920
1790617068,0,3326410,0,3310.30,17915.95,20217855,1888485375,4634705919,4815060991,4840226815,1125376,4987027455,2222337145.54,2128201525.92,3326410,10,10,10,0,0,0,0,0,0,4794089471,4848615423,4848615423,4793655998.17,17920
1790617069,0,3343790,0,3324.28,17381.12,20267007,1937768447,4638900223,4815060991,4840226815,1125376,4987027455,2235825374.70,2130850367.56,3343790,10,10,10,0,0,0,0,0,0,4823449599,4857004031,4857004031,4817377753.70,17380
1790617070,0,3359690,0,3336.77,15894.34,20316159,1981808639,4643094527,4815060991,4844421119,1125376,4987027455,2247965539.92,2133081049.58,3359690,10,10,10,0,0,0,0,0,0,4789895167,4848615423,4865392639,4801057556.29,15900
1790617071,0,3377610,0,3351.24,17915.76,20381695,2025848831,4647288831,4815060991,4844421119,1125376,4987027455,2261625871.80,2135622361.22,3377610,10,10,10,0,0,0,0,0,0,4831838207,4861198335,4869586943,4822701787.43,17920
1790617072,0,3395530,0,3365.68,17932.59,20430847,2073034751,4651483135,4819255295,4844421119,1125376,4987027455,2275051246.33,2137940496.43,3395530,10,10,10,0,0,0,0,0,0,4810866687,4857004031,4861198335,4805502098.29,17920
1790617073,0,3413450,0,3380.09,17912.62,20496383,2123366399,4655677439,4819255295,4844421119,1125376,4987027455,2288256409.27,2140056423.31,3413450,10,10,10,0,0,0,0,0,0,4789895167,4848615423,4857004031,4790406348.80,17920
1790617074,0,3430830,0,3393.94,17375.68,20545535,2164260863,4659871743,4819255295,4844421119,1125376,4987027455,2300974984.34,2142058804.89,3430830,10,10,10,0,0,0,0,0,0,4802478079,4848615423,4852809727,4798916300.21,17380
1790617075,0,3448750,0,3408.30,17927.15,20594687,2216689663,4668260351,4819255295,4848615423,1125376,4987027455,2313947843.18,2144015618.18,3448750,10,10,10,0,0,0,0,0,0,4802478079,4861198335,4861198335,4797634969.60,17920
1790617076,0,3464650,0,3420.63,15900.98,20643839,2256535551,4676648959,4819255295,4848615423,1125376,4987027455,2325259441.93,2145569238.11,3464650,10,10,10,0,0,0,0,0,0,4768923647,4844421119,4848615423,4778773667.58,15900
1790617077,0,3482570,0,3434.93,17913.14,20692991,2304770047,4676648959,4819255295,4848615423,1125376,4987027455,2338001634.15,2147365085.14,3482570,10,10,10,0,0,0,0,0,0,4806672383,4861198335,4865392639,4801575087.54,17920
1790617078,0,3500490,0,3449.21,17921.83,20742143,2350907391,4680843263,4823449599,4848615423,1125376,4987027455,2350647914.83,2149106016.16,3500490,10,10,10,0,0,0,0,0,0,4815060991,4861198335,4869586943,4808324125.26,17920
1790617079,0,3517870,0,3462.92,17390.69,20807679,2394947583,4685037567,4823449599,4848615423,1125376,4987027455,2362832608.61,2150754451.01,3517870,10,10,10,0,0,0,0,0,0,4823449599,4865392639,4869586943,4816940706.26,17380
1790617080,0,3535790,0,3477.14,17914.93,20856831,2436890623,4689231871,4823449599,4848615423,1125376,4987027455,2375223720.61,2152311905.12,3535790,10,10,10,0,0,0,0,0,0,4798283775,4857004031,4869586943,4807719321.60,17920
1790617081,0,3551690,0,3489.34,15900.73,20905983,2478833663,4701814783,4823449599,4848615423,1125376,4987027455,2386204613.84,2153723614.41,3551690,10,10,10,0,0,0,0,0,0,4831838207,4869586943,4873781247,4828099737.79,15900
1790617082,0,3569610,0,3503.50,17914.12,20955135,2524971007,4714397695,4823449599,4852809727,1125376,4995416063,2398483472.55,2155254812.13,3569610,10,10,10,0,0,0,0,0,0,4831838207,4861198335,4873781247,4832116267.89,17920
1790617083,0,3587530,0,3517.64,17929.60,21004287,2571108351,4726980607,4827643903,4852809727,1125376,4995416063,2410634597.63,2156695215.66,3587530,10,10,10,0,0,0,0,0,0,4831838207,4873781247,4890558463,4831102098.29,17920
1790617084,0,3604910,0,3531.22,17370.88,21069823,2613051391,4731174911,4827643903,4852809727,1125376,4995416063,2422207455.86,2157905909.39,3604910,10,10,10,0,0,0,0,0,0,4806672383,4852809727,4857004031,4811043823.74,17380
1790617085,0,3622830,0,3545.30,17922.26,21118975,2654994431,4731174911,4827643903,4852809727,1125376,4995416063,2433955412.43,2159003090.78,3622830,10,10,10,0,0,0,0,0,0,4798283775,4848615423,4857004031,4797254860.80,17920
1790617086,0,3638932,0,3557.58,16104.08,21168127,2694840319,4739563519,4827643903,4852809727,1125376,4995416063,2444385658.04,2159895688.61,3638932,10,10,10,0,0,0,0,0,0,4785700863,4840226815,4840226815,4791113188.46,16102
1790617087,0,3656650,0,3571.41,17715.40,21233663,2745171967,4743757823,4827643903,4852809727,1125376,4995416063,2455770775.42,2160826167.04,3656650,10,10,10,0,0,0,0,0,0,4789895167,4840226815,4840226815,4794052069.36,17718
1790617088,0,3673010,0,3583.88,16354.18,21282815,2782920703,4747952127,4827643903,4852809727,1125376,4995416063,2465454305.90,2161336456.70,3673010,10,10,10,0,0,0,0,0,0,4773117951,4831838207,4836032511,4629835830.45,16360
1790617089,0,3673200,0,3580.58,190.00,21282815,2782920703,4747952127,4827643903,4852809727,1125376,4995416063,2465328158.83,2161351723.93,3673200,10,10,10,0,0,0,0,0,0,27607039,31162367,32079871,26699377.18,190
1790617090,0,3673400,0,3577.28,200.08,21282815,2778726399,4747952127,4827643903,4852809727,1125376,4995416063,2465195228.83,2161367963.50,3673400,10,10,10,0,0,0,0,0,0,27049983,30834687,31752191,23802951.68,200
1790617091,0,3673600,0,3574.00,199.99,21282815,2778726399,4747952127,4827643903,4852809727,1125376,4995416063,2465062507.67,2161383973.04,3673600,10,10,10,0,0,0,0,0,0,28491775,30556159,31588351,27372871.68,200
1790617092,0,3673800,0,3570.72,199.96,21282815,2778726399,4747952127,4827643903,4852809727,1125376,4995416063,2464929736.36,2161400045.48,3673800,10,10,10,0,0,0,0,0,0,27115519,30294015,31031295,26186332.16,200
1790617093,0,3674010,0,3567.46,210.02,21282815,2778726399,4747952127,4827643903,4852809727,1125376,4995416063,2464790322.22,2161416933.40,3674010,10,10,10,0,0,0,0,0,0,28426239,31260671,31899647,25839484.34,210
1790617094,0,3674200,0,3564.18,190.05,21282815,2778726399,4747952127,4827643903,4852809727,1125376,4995416063,2464664253.32,2161432142.27,3674200,10,10,10,0,0,0,0,0,0,28049407,31981567,32915455,26883341.47,190
1790617095,0,3674400,0,3560.92,199.92,21282815,2778726399,4747952127,4827643903,4852809727,1125376,4995416063,2464531529.59,2161448180.08,3674400,10,10,10,0,0,0,0,0,0,28360703,30359551,30998527,26263905.28,200
1790617096,0,3674600,0,3557.67,200.05,21282815,2778726399,4747952127,4827643903,4852809727,1125376,4995416063,2464398814.88,2161464213.83,3674600,10,10,10,0,0,0,0,0,0,27492351,30359551,30949375,26164142.08,200
1790617097,0,3674806,0,3554.43,206.10,21282815,2778726399,4747952127,4827643903,4852809727,1125376,4995416063,2464262075.88,2161480783.92,3674806,10,10,10,0,0,0,0,0,0,28360703,30375935,30982143,25130247.46,206
1790617098,0,3675000,0,3551.18,193.94,21282815,2776629247,4747952127,4827643903,4852809727,1125376,4995416063,2464133444.51,2161496233.95,3675000,10,10,10,0,0,0,0,0,0,28966911,31031295,31916031,27559577.07,194
1790617099,0,3675200,0,3547.94,200.06,21282815,2776629247,4747952127,4827643903,4852809727,1125376,4995416063,2464000807.90,2161512198.67,3675200,10,10,10,0,0,0,0,0,0,28983295,31260671,32145407,26803133.44,200
1790617100,0,3675400,0,3544.71,199.94,21282815,2776629247,4747952127,4827643903,4852809727,1125376,4995416063,2463868187.90,2161528150.83,3675400,10,10,10,0,0,0,0,0,0,28999679,31440895,32129023,26843054.08,200
1790617101,0,3675600,0,3541.49,200.08,21282815,2776629247,4747952127,4827643903,4852809727,1125376,4995416063,2463735576.72,2161544099.30,3675600,10,10,10,0,0,0,0,0,0,28508159,31391743,31899647,26739998.72,200
1790617102,0,3675800,0,3538.27,199.84,21282815,2774532095,4747952127,4827643903,4852809727,1125376,4995416063,2463602955.74,2161560065.18,3675800,10,10,10,0,0,0,0,0,0,28262399,31227903,32063487,26294609.92,200
1790617103,0,3676000,0,3535.06,200.11,21282815,2774532095,4747952127,4827643903,4852809727,1125376,4995416063,2463470423.33,2161575937.22,3676000,10,10,10,0,0,0,0,0,0,28475391,31588351,32522239,27657175.04,200
1790617104,0,3676200,0,3531.86,199.96,21282815,2774532095,4747952127,4827643903,4852809727,1125376,4995416063,2463337881.15,2161591826.59,3676200,10,10,10,0,0,0,0,0,0,28114943,30785535,32079871,27212636.16,200
1790617105,0,3676400,0,3528.66,199.91,21282815,2774532095,4747952127,4827643903,4852809727,1125376,4995416063,2463205369.61,2161607687.71,3676400,10,10,10,0,0,0,0,0,0,28475391,31424511,33046527,27510743.04,200
1790617106,0,3676600,0,3525.47,200.08,21282815,2772434943,4747952127,4827643903,4852809727,1125376,4995416063,2463072802.40,2161623618.06,3676600,10,10,10,0,0,0,0,0,0,28164095,30752767,31473663,26222448.64,200
1790617107,0,3676800,0,3522.28,199.92,21282815,2772434943,4747952127,4827643903,4852809727,1125376,4995416063,2462940247.25,2161639540.92,3676800,10,10,10,0,0,0,0,0,0,27688959,30523391,31227903,26178846.72,200
1790617108,0,3677010,0,3519.12,210.19,21282815,2772434943,4747952127,4827643903,4852809727,1125376,4995416063,2462801009.73,2161656328.88,3677010,10,10,10,0,0,0,0,0,0,28590079,31129599,31653887,24950974.17,210
1790617109,0,3677200,0,3515.93,189.99,21282815,2772434943,4747952127,4827643903,4852809727,1125376,4995416063,2462675169.08,2161671369.88,3677200,10,10,10,0,0,0,0,0,0,28360703,30507007,31260671,27320794.27,190
1790617110,0,3677410,0,3512.77,209.94,21282815,2772434943,4747952127,4827643903,4852809727,1125376,4995416063,2462536019.30,2161688071.92,3677410,10,10,10,0,0,0,0,0,0,28852223,31588351,32194559,25957073.68,210
1790617111,0,3677600,0,3509.60,189.99,21282815,2770337791,4747952127,4827643903,4852809727,1125376,4995416063,2462410207.55,2161703092.47,3677600,10,10,10,0,0,0,0,0,0,29130751,31145983,31801343,27350290.86,190
1790617112,0,3677800,0,3506.45,199.94,21282815,2770337791,4747952127,4827643903,4852809727,1125376,4995416063,2462277735.12,2161718953.92,3677800,10,10,10,0,0,0,0,0,0,29179903,31801343,32473087,26374661.12,200
1790617113,0,3678000,0,3503.30,200.07,21282815,2770337791,4747952127,4827643903,4852809727,1125376,4995416063,2462145116.50,2161734986.64,3678000,10,10,10,0,0,0,0,0,0,26591231,31277055,37552127,23421429.76,200
1790617114,0,3678200,0,3500.15,199.89,21282815,2770337791,4747952127,4827643903,4852809727,1125376,4995416063,2462012763.28,2161750725.77,3678200,10,10,10,0,0,0,0,0,0,28475391,31752191,32669695,28037038.08,200
1790617115,0,3678400,0,3497.02,200.09,21282815,2768240639,4747952127,4827643903,4852809727,1125376,4995416063,2461880275.26,2161766623.62,3678400,10,10,10,0,0,0,0,0,0,28835839,32292863,34340863,25293045.76,200
1790617116,0,3678600,0,3493.88,199.96,21282815,2768240639,4747952127,4827643903,4852809727,1125376,4995416063,2461747638.05,2161782696.22,3678600,10,10,10,0,0,0,0,0,0,26066943,30785535,31752191,22284072.96,200
1790617117,0,3678810,0,3490.77,209.95,21282815,2768240639,4747952127,4827643903,4852809727,1125376,4995416063,2461608567.03,2161799355.72,3678810,10,10,10,0,0,0,0,0,0,28049407,32653311,34471935,25481625.60,210
1790617118,0,3679000,0,3487.64,190.05,21282815,2768240639,4747952127,4827643903,4852809727,1125376,4995416063,2461482862.79,2161814296.74,3679000,10,10,10,0,0,0,0,0,0,27885567,33210367,35094527,27577462.57,190
1790617119,0,3679200,0,3484.53,200.12,21282815,2768240639,4747952127,4827643903,4852809727,1125376,4995416063,2461350469.94,2161830112.41,3679200,10,10,10,0,0,0,0,0,0,28442623,31162367,31637503,25984061.44,200
1790617120,0,3679400,0,3481.42,199.99,21282815,2768240639,4747952127,4827643903,4852809727,1125376,4995416063,2461217948.70,2161846079.22,3679400,10,10,10,0,0,0,0,0,0,25346047,32276479,33046527,23357137.92,200
1790617121,0,3679600,0,3478.32,199.97,21282815,2768240639,4747952127,4827643903,4852809727,1125376,4995416063,2461085629.99,2161861823.64,3679600,10,10,10,0,0,0,0,0,0,28884991,30883839,31473663,26818437.12,200
1790617122,0,3679800,0,3475.22,199.90,21282815,2768240639,4747952127,4827643903,4852809727,1125376,4995416063,2460953346.87,2161877534.23,3679800,10,10,10,0,0,0,0,0,0,28475391,32145407,36012031,27208499.20,200
1790617123,0,3680010,0,3472.14,210.07,21282815,2766143487,4747952127,4827643903,4852809727,1125376,4995416063,2460814310.58,2161894194.41,3680010,10,10,10,0,0,0,0,0,0,27279359,33554431,40402943,24501257.75,210
1790617124,0,3680210,0,3469.06,200.09,21282815,2766143487,4747952127,4827643903,4852809727,1125376,4995416063,2460681956.48,2161909998.11,3680210,10,10,10,0,0,0,0,0,0,28180479,30769151,31948799,25359866.88,200
1790617125,0,3680400,0,3465.97,189.94,21282815,2766143487,4747952127,4827643903,4852809727,1125376,4995416063,2460556333.47,2161924889.56,3680400,10,10,10,0,0,0,0,0,0,27901951,36503551,39485439,27298045.31,190
1790617126,0,3680600,0,3462.90,200.03,21282815,2766143487,4747952127,4827643903,4852809727,1125376,4995416063,2460424125.07,2161940541.11,3680600,10,10,10,0,0,0,0,0,0,28622847,33030143,40599551,27525242.88,200
1790617127,0,3680800,0,3459.83,199.90,21282815,2766143487,4747952127,4827643903,4852809727,1125376,4995416063,2460291856.58,2161956266.72,3680800,10,10,10,0,0,0,0,0,0,28721151,31195135,31768575,26154844.16,200
1790617128,0,3681000,0,3456.77,200.10,21282815,2764046335,4747952127,4827643903,4852809727,1125376,4995416063,2460159618.27,2161971964.66,3681000,10,10,10,0,0,0,0,0,0,29065215,32227327,33161215,26445742.08,200
1790617129,0,3681200,0,3453.71,199.87,21282815,2764046335,4747952127,4827643903,4852809727,1125376,4995416063,2460027453.34,2161987586.24,3681200,10,10,10,0,0,0,0,0,0,29327359,31342591,31916031,27531904.00,200
1790617130,0,3681400,0,3450.66,200.09,21282815,2764046335,4747952127,4827643903,4852809727,1125376,4995416063,2459895102.86,2162003423.51,3681400,10,10,10,0,0,0,0,0,0,28229631,31080447,31604735,23852216.32,200
1790617131,0,3681600,0,3447.62,199.97,21282815,2764046335,4747952127,4827643903,4852809727,1125376,4995416063,2459762939.80,2162019055.38,3681600,10,10,10,0,0,0,0,0,0,28917759,30932991,31408127,27037491.20,200
1790617132,0,3681800,0,3444.58,199.96,21299199,2764046335,4747952127,4827643903,4852809727,1125376,4995416063,2459630719.67,2162034758.16,3681800,10,10,10,0,0,0,0,0,0,28524543,31555583,32325631,25722593.28,200
1790617133,0,3682000,0,3441.55,200.11,21299199,2761949183,4747952127,4827643903,4852809727,1125376,4995416063,2459498536.33,2162050425.47,3682000,10,10,10,0,0,0,0,0,0,27607039,30539775,31309823,26135383.04,200
1790617134,0,3682210,0,3438.53,210.02,21299199,2761949183,4747952127,4827643903,4852809727,1125376,4995416063,2459359582.41,2162067064.63,3682210,10,10,10,0,0,0,0,0,0,24461311,30818303,31932415,23034226.59,210
1790617135,0,3682410,0,3435.51,199.99,21282815,2761949183,4747952127,4827643903,4852809727,1125376,4995416063,2459226529.04,2162083727.48,3682410,10,10,10,0,0,0,0,0,0,5697535,21610495,24051711,9574261.76,200
1790617136,0,3682608,0,3432.49,198.03,21282815,2761949183,4747952127,4827643903,4852809727,1125376,4995416063,2459094939.79,2162100078.60,3682608,10,10,10,0,0,0,0,0,0,10625023,22904831,25083903,11794069.98,198
1790617137,0,3682800,0,3429.47,191.99,21282815,2759852031,4747952127,4827643903,4852809727,1125376,4995416063,2458967592.29,2162115652.59,3682800,10,10,10,0,0,0,0,0,0,18235391,25853951,28098559,16410730.67,192
1790617138,0,3683010,0,3426.48,209.92,21282815,2759852031,4747952127,4827643903,4852809727,1125376,4995416063,2458828302.02,2162132697.52,3683010,10,10,10,0,0,0,0,0,0,17776639,23658495,24379391,16074888.53,210
1790617139,0,3683210,0,3423.48,199.90,21282815,2759852031,4747952127,4827643903,4852809727,1125376,4995416063,2458695718.54,2162148853.53,3683210,10,10,10,0,0,0,0,0,0,17989631,22511615,22953983,17164339.20,200
1790617140,0,3683400,0,3420.48,190.14,21282815,2757754879,4747952127,4827643903,4852809727,1125376,4995416063,2458569758.38,2162164214.10,3683400,10,10,10,0,0,0,0,0,0,17399807,22020095,22691839,16792333.47,190
1790617141,0,3683600,0,3417.49,199.96,21282815,2757754879,4747952127,4827643903,4852809727,1125376,4995416063,2458437384.97,2162180145.54,3683600,10,10,10,0,0,0,0,0,0,23445503,27688959,29114367,20516142.08,200
1790617142,0,3683800,0,3414.51,200.03,21282815,2757754879,4747952127,4827643903,4852809727,1125376,4995416063,2458305201.11,2162195869.32,3683800,10,10,10,0,0,0,0,0,0,23691263,28835839,30031871,23742986.24,200
1790617143,0,3684000,0,3411.53,199.90,21282815,2757754879,4747952127,4827643903,4852809727,1125376,4995416063,2458172998.17,2162211620.95,3684000,10,10,10,0,0,0,0,0,0,24248319,28606463,29212671,23126958.08,200
1790617144,0,3694290,0,3417.89,10291.37,21315583,2730491903,4743757823,4827643903,4852809727,1125376,4995416063,2452509730.19,2161868552.27,3694290,10,10,10,0,0,0,0,0,0,409993215,634388479,643825663,424960729.24,10290
1790617145,0,3711670,0,3430.80,17379.09,21364735,2678063103,4743757823,4827643903,4852809727,1125376,4995416063,2445964526.89,2158965785.85,3711670,10,10,10,0,0,0,0,0,0,1073741823,1393557503,1411383295,1054717168.15,17380
1790617146,0,3727570,0,3442.31,15906.16,21430271,2642411519,4743757823,4827643903,4852809727,1125376,4995416063,2443054075.68,2154852609.45,3727570,10,10,10,0,0,0,0,0,0,1745879039,2078277631,2099249151,1763643104.51,15900
1790617147,0,3744950,0,3455.17,17378.98,21479423,2625634303,4743757823,4827643903,4852809727,1125376,4995416063,2443309105.56,2149890986.97,3744950,10,10,10,0,0,0,0,0,0,2480930815,2814377983,2824863743,2498006556.40,17380
1790617148,0,3760850,0,3466.64,15897.30,21528575,2661285887,4739563519,4827643903,4852809727,1125376,4995416063,2446549781.25,2145953469.39,3760850,10,10,10,0,0,0,0,0,0,3204448255,3483369471,3514826751,3209830814.24,15900
1790617149,0,3778770,0,3479.95,17922.24,21594111,2694840319,4735369215,4827643903,4852809727,1125376,4995416063,2453422757.70,2143217527.82,3778770,10,10,10,0,0,0,0,0,0,3875536895,4221566975,4229955583,3895846502.40,17920
1790617150,0,3796690,0,3493.24,17918.69,21643263,2745171967,4735369215,4827643903,4852809727,1125376,4995416063,2463523846.53,2143213046.87,3796690,10,10,10,0,0,0,0,0,0,4584374271,4840226815,4907335679,4593528949.03,17920
1790617151,0,3814610,0,3506.50,17922.13,21708799,2785017855,4743757823,4827643903,4857004031,1125376,5020581887,2474569637.55,2144213073.88,3814610,10,10,10,0,0,0,0,0,0,4823449599,4898947071,4907335679,4814828807.31,17920
1790617152,0,3832530,0,3519.74,17924.26,21774335,2820669439,4747952127,4827643903,4857004031,1125376,5020581887,2485304041.92,2144920320.29,3832530,10,10,10,0,0,0,0,0,0,4777312255,4806672383,4831838207,4770324480.00,17920
1790617153,0,3850450,0,3532.95,17903.18,21839871,2862612479,4743757823,4827643903,4857004031,1125376,5020581887,2495571594.59,2145185908.35,3850450,10,10,10,0,0,0,0,0,0,4693426175,4743757823,4756340735,4691481395.20,17920
1790617154,0,3870390,0,3547.99,19940.98,21905407,2919235583,4743757823,4827643903,4857004031,1125376,5020581887,2506928677.08,2145466411.27,3870390,10,10,10,0,0,0,0,0,0,4714397695,4739563519,4747952127,4700001809.77,19940
1790617155,0,3886290,0,3559.30,15914.60,21954559,2952790015,4743757823,4827643903,4857004031,1125376,5020581887,2515871873.87,2145615312.22,3886290,10,10,10,0,0,0,0,0,0,4693426175,4731174911,4731174911,4692831587.24,15900
1790617156,0,3904210,0,3572.44,17911.79,22020095,2988441599,4743757823,4827643903,4857004031,1125376,5020581887,2525846516.77,2145720563.52,3904210,10,10,10,0,0,0,0,0,0,4701814783,4731174911,4743757823,4689035966.17,17920
1790617157,0,3922130,0,3585.56,17912.96,22085631,3028287487,4739563519,4827643903,4857004031,1125376,5020581887,2535724446.26,2145772817.39,3922130,10,10,10,0,0,0,0,0,0,4693426175,4722786303,4735369215,4687817698.74,17920
1790617158,0,3940050,0,3598.65,17931.01,22134783,3068133375,4735369215,4827643903,4857004031,1125376,5020581887,2545565082.96,2145832226.25,3940050,10,10,10,0,0,0,0,0,0,4697620479,4731174911,4747952127,4699374036.11,17920
1790617159,0,3957970,0,3611.72,17918.65,22200319,3110076415,4735369215,4827643903,4857004031,1125376,5020581887,2555219108.31,2145749888.31,3957970,10,10,10,0,0,0,0,0,0,4680843263,4718591999,4718591999,4677838672.46,17920
1790617160,0,3975890,0,3624.77,17925.07,22265855,3149922303,4735369215,4827643903,4857004031,1125376,5020581887,2564819104.25,2145657976.65,3975890,10,10,10,0,0,0,0,0,0,4685037567,4714397695,4726980607,4685159277.71,17920
1790617161,0,3995830,0,3639.63,19935.50,22347775,3189768191,4735369215,4827643903,4857004031,1125376,5020581887,2575308849.32,2145419037.73,3995830,10,10,10,0,0,0,0,0,0,4672454655,4722786303,4726980607,4666887211.75,19940
1790617162,0,4011730,0,3650.78,15896.15,22413311,3231711231,4731174911,4827643903,4857004031,1125376,5020581887,2583610719.22,2145204901.13,4011730,10,10,10,0,0,0,0,0,0,4659871743,4718591999,4722786303,4669954164.95,15900
1790617163,0,4029650,0,3663.76,17924.04,22478847,3273654271,4731174911,4827643903,4857004031,1125376,5020581887,2592976958.81,2145013902.21,4029650,10,10,10,0,0,0,0,0,0,4706009087,4735369215,4760535039,4689786353.37,17920
1790617164,0,4047570,0,3676.71,17912.67,22544383,3313500159,4731174911,4827643903,4857004031,1125376,5020581887,2602356188.05,2144877033.31,4047570,10,10,10,0,0,0,0,0,0,4710203391,4747952127,4747952127,4711452789.03,17920
1790617165,0,4065490,0,3689.63,17925.88,22609919,3351248895,4731174911,4827643903,4857004031,1125376,5020581887,2611534149.23,2144586116.06,4065490,10,10,10,0,0,0,0,0,0,4685037567,4739563519,4743757823,4684549792.91,17920
1790617166,0,4083410,0,3702.54,17911.56,22675455,3388997631,4731174911,4827643903,4857004031,1125376,5020581887,2620689704.04,2144314893.76,4083410,10,10,10,0,0,0,0,0,0,4693426175,4743757823,4747952127,4697800001.83,17920
1790617167,0,4103350,0,3717.25,19949.56,22757375,3443523583,4731174911,4827643903,4857004031,1125376,5020581887,2630699108.16,2143890507.12,4103350,10,10,10,0,0,0,0,0,0,4676648959,4739563519,4739563519,4680473475.31,19940
1790617168,0,4119250,0,3728.27,15903.70,22806527,3472883711,4731174911,4827643903,4857004031,1125376,5020581887,2638454464.65,2143374577.23,4119250,10,10,10,0,0,0,0,0,0,4613734399,4714397695,4735369215,4639897360.42,15900
1790617169,0,4137170,0,3741.11,17913.69,22888447,3510632447,4731174911,4827643903,4857004031,1125376,5020581887,2647294149.49,2142924078.95,4137170,10,10,10,0,0,0,0,0,0,4672454655,4743757823,4747952127,4679262442.06,17920
1790617170,0,4155090,0,3753.92,17919.75,22953983,3556769791,4731174911,4827643903,4852809727,1125376,5020581887,2656206386.24,2142582574.22,4155090,10,10,10,0,0,0,0,0,0,4722786303,4760535039,4764729343,4713764337.37,17920
1790617171,0,4173010,0,3766.70,17926.52,23019519,3596615679,4731174911,4827643903,4852809727,1125376,5020581887,2665198483.05,2142357808.26,4173010,10,10,10,0,0,0,0,0,0,4747952127,4806672383,4819255295,4750185735.31,17920
1790617172,0,4190390,0,3778.98,17375.47,23085055,3625975807,4735369215,4827643903,4852809727,1125376,5020581887,2673828267.43,2142088736.91,4190390,10,10,10,0,0,0,0,0,0,4743757823,4777312255,4806672383,4745875247.66,17380
1790617173,0,4208310,0,3791.72,17913.24,23166975,3672113151,4735369215,4827643903,4852809727,1125376,5020581887,2682734324.69,2141858023.24,4208310,10,10,10,0,0,0,0,0,0,4773117951,4815060991,4819255295,4765315423.09,17920
1790617174,0,4224210,0,3802.62,15911.49,23232511,3711959039,4735369215,4827643903,4852809727,1125376,5020581887,2690550530.08,2141602157.57,4224210,10,10,10,0,0,0,0,0,0,4760535039,4798283775,4806672383,4759293631.53,15900
1790617175,0,4243342,0,3816.41,19130.42,23314431,3749707775,4739563519,4827643903,4852809727,1125376,5020581887,2699836115.56,2141219581.28,4243342,10,10,10,0,0,0,0,0,0,4756340735,4794089471,4794089471,4750027576.25,19132
1790617176,0,4262070,0,3829.81,18725.35,23379967,3781165055,4739563519,4827643903,4852809727,1125376,5020581887,2708497855.91,2140485711.18,4262070,10,10,10,0,0,0,0,0,0,4659871743,4726980607,4743757823,4671052672.71,18728
1790617177,0,4279990,0,3842.46,17911.36,23461887,3827302399,4739563519,4827643903,4852809727,1125376,5020581887,2716763777.01,2139801231.08,4279990,10,10,10,0,0,0,0,0,0,4680843263,4739563519,4743757823,4682719934.17,17920
1790617178,0,4297910,0,3855.08,17918.03,23543807,3869245439,4735369215,4827643903,4852809727,1125376,5020581887,2724813131.01,2138956946.07,4297910,10,10,10,0,0,0,0,0,0,4647288831,4701814783,4726980607,4647310599.31,17920
1790617179,0,4315830,0,3867.69,17929.20,23625727,3906994175,4735369215,4827643903,4852809727,1125376,5020581887,2732730199.75,2138030965.30,4315830,10,10,10,0,0,0,0,0,0,4626317311,4689231871,4689231871,4631549893.49,17920
1790617180,0,4333750,0,3880.27,17916.27,23707647,3955228671,4735369215,4827643903,4852809727,1125376,5020581887,2740706747.29,2137194654.15,4333750,10,10,10,0,0,0,0,0,0,4659871743,4710203391,4714397695,4661768309.03,17920
1790617181,0,4351670,0,3892.83,17914.07,23773183,3992977407,4735369215,4827643903,4852809727,1125376,5020581887,2748768696.67,2136471961.03,4351670,10,10,10,0,0,0,0,0,0,4693426175,4747952127,4747952127,4698460277.03,17920
1790617182,0,4369590,0,3905.37,17933.67,23855103,4032823295,4735369215,4827643903,4852809727,1125376,5020581887,2756739832.55,2135702505.74,4369590,10,10,10,0,0,0,0,0,0,4685037567,4731174911,4752146431,4692440327.31,17920
1790617183,0,4387510,0,3917.88,17911.40,23937023,4074766335,4735369215,4827643903,4852809727,1125376,5020581887,2764721751.96,2134978430.57,4387510,10,10,10,0,0,0,0,0,0,4701814783,4752146431,4756340735,4711022826.06,17920
1790617184,0,4405430,0,3930.37,17922.93,24018943,4112515071,4735369215,4827643903,4852809727,1125376,5020581887,2772612624.47,2134206942.16,4405430,10,10,10,0,0,0,0,0,0,4701814783,4752146431,4752146431,4704603808.91,17920
1790617185,0,4423350,0,3942.84,17917.83,24084479,4148166655,4735369215,4827643903,4852809727,1125376,5020581887,2780386253.61,2133364583.41,4423350,10,10,10,0,0,0,0,0,0,4685037567,4735369215,4735369215,4691445350.40,17920
1790617186,0,4439250,0,3953.49,15902.60,24150015,4190109695,4731174911,4827643903,4852809727,1125376,5020581887,2787237599.93,2132604994.43,4439250,10,10,10,0,0,0,0,0,0,4685037567,4735369215,4735369215,4693269219.34,15900
1790617187,0,4457170,0,3965.92,17924.66,24231935,4227858431,4731174911,4827643903,4852809727,1125376,5020581887,2794895997.98,2131724707.09,4457170,10,10,10,0,0,0,0,0,0,4685037567,4735369215,4735369215,4692080347.43,17920
1790617188,0,4475090,0,3978.32,17914.47,24313855,4269801471,4731174911,4823449599,4852809727,1125376,5020581887,2802489505.67,2130820750.41,4475090,10,10,10,0,0,0,0,0,0,4685037567,4731174911,4735369215,4691192334.63,17920
1790617189,0,4493010,0,3990.71,17913.89,24395775,4307550207,4731174911,4823449599,4852809727,1125376,5020581887,2810022910.77,2129897307.52,4493010,10,10,10,0,0,0,0,0,0,4685037567,4735369215,4735369215,4691310065.37,17920
1790617190,0,4510930,0,4003.07,17928.15,24477695,4341104639,4731174911,4823449599,4852809727,1125376,5020581887,2817492292.59,2128950788.51,4510930,10,10,10,0,0,0,0,0,0,4680843263,4731174911,4731174911,4690260553.14,17920
1790617191,0,4528850,0,4015.41,17922.68,24575999,4387241983,4731174911,4823449599,4852809727,1125376,5020581887,2824896487.56,2127980118.74,4528850,10,10,10,0,0,0,0,0,0,4680843263,4731174911,4731174911,4688724904.23,17920
1790617192,0,4546770,0,4027.73,17922.10,24657919,4420796415,4731174911,4823449599,4852809727,1125376,5020581887,2832237911.22,2126987349.31,4546770,10,10,10,0,0,0,0,0,0,4680843263,4731174911,4731174911,4687606579.20,17920
1790617193,0,4564690,0,4040.02,17918.79,24739839,4454350847,4731174911,4823449599,4852809727,1125376,5020581887,2839527430.50,2125981856.33,4564690,10,10,10,0,0,0,0,0,0,4680843263,4731174911,4731174911,4689068032.00,17920
1790617194,0,4582610,0,4052.30,17920.96,24838143,4496293887,4731174911,4823449599,4852809727,1125376,5020581887,2846765586.58,2124963926.72,4582610,10,10,10,0,0,0,0,0,0,4680843263,4731174911,4731174911,4690512164.57,17920
1790617195,0,4600530,0,4064.54,17907.73,24920063,4517265407,4731174911,4823449599,4852809727,1125376,5020581887,2853977230.90,2123955109.49,4600530,10,10,10,0,0,0,0,0,0,4689231871,4747952127,4768923647,4698182217.14,17920
1790617196,0,4618450,0,4076.77,17917.81,25018367,4521459711,4731174911,4823449599,4852809727,1125376,5020581887,2861194284.29,2122982788.84,4618450,10,10,10,0,0,0,0,0,0,4701814783,4764729343,4768923647,4713999564.80,17920
1790617197,0,4635830,0,4088.51,17379.83,25116671,4534042623,4731174911,4823449599,4852809727,1125376,5020581887,2868161481.91,2122041537.86,4635830,10,10,10,0,0,0,0,0,0,4710203391,4764729343,4768923647,4719580002.33,17380
1790617198,0,4653750,0,4100.70,17935.40,25214975,4538236927,4731174911,4823449599,4852809727,1125376,5020581887,2875385725.98,2121137635.99,4653750,10,10,10,0,0,0,0,0,0,4735369215,4806672383,4810866687,4744267834.51,17920
1790617199,0,4671670,0,4112.86,17906.24,25313279,4542431231,4731174911,4823449599,4852809727,1125376,5020581887,2882559887.49,2120220778.43,4671670,10,10,10,0,0,0,0,0,0,4747952127,4802478079,4810866687,4745660006.40,17920
1790617200,0,4689590,0,4125.01,17929.82,25411583,4542431231,4731174911,4823449599,4852809727,1125376,5020581887,2889618085.90,2119233449.68,4689590,10,10,10,0,0,0,0,0,0,4735369215,4789895167,4798283775,4729661264.46,17920
1790617201,0,4707510,0,4137.13,17915.48,25526271,4546625535,4731174911,4823449599,4852809727,1125376,5020581887,2896567718.44,2118182471.49,4707510,10,10,10,0,0,0,0,0,0,4718591999,4773117951,4785700863,4715257856.00,17920
1790617202,0,4725430,0,4149.23,17914.40,25624575,4550819839,4731174911,4823449599,4852809727,1125376,5020581887,2903426295.32,2117083853.05,4725430,10,10,10,0,0,0,0,0,0,4706009087,4773117951,4773117951,4705146119.31,17920
1790617203,0,4743350,0,4161.32,17933.41,25739263,4555014143,4731174911,4823449599,4852809727,1125376,5020581887,2910156655.16,2115906732.89,4743350,10,10,10,0,0,0,0,0,0,4693426175,4752146431,4760535039,4684924752.46,17920
1790617204,0,4761270,0,4173.37,17914.25,25853951,4555014143,4731174911,4823449599,4852809727,1125376,5020581887,2916835612.02,2114715727.49,4761270,10,10,10,0,0,0,0,0,0,4693426175,4747952127,4747952127,4684727910.40,17920
1790617205,0,4779190,0,4185.41,17920.40,25968639,4563402751,4731174911,4823449599,4852809727,1125376,5020581887,2923374249.87,2113437271.00,4779190,10,10,10,0,0,0,0,0,0,4651483135,4714397695,4743757823,4660663325.26,17920
1790617206,0,4797110,0,4197.43,17915.27,26083327,4563402751,4731174911,4823449599,4852809727,1125376,5020581887,2929868780.64,2112151263.88,4797110,10,10,10,0,0,0,0,0,0,4655677439,4714397695,4714397695,4661933319.31,17920
1790617207,0,4815030,0,4209.43,17920.40,26198015,4567597055,4731174911,4823449599,4852809727,1125376,5020581887,2936334807.52,2110870425.25,4815030,10,10,10,0,0,0,0,0,0,4664066047,4710203391,4714397695,4667263502.63,17920
1790617208,0,4829360,0,4218.27,14336.77,26279935,4571791359,4731174911,4823449599,4852809727,1125376,5020581887,2941023207.20,2109849603.49,4829360,10,10,10,0,0,0,0,0,0,4676648959,4731174911,4735369215,4516374576.59,14330
1790617209,0,4829560,0,4214.76,199.97,26279935,4571791359,4731174911,4823449599,4852809727,1125376,5020581887,2940901775.72,2109890297.34,4829560,10,10,10,0,0,0,0,0,0,9510911,14745599,18448383,8720046.08,200
1790617210,0,4829760,0,4211.26,200.03,26279935,4571791359,4731174911,4823449599,4852809727,1125376,5020581887,2940780352.76,2109930982.17,4829760,10,10,10,0,0,0,0,0,0,9469951,14925823,17629183,8682995.20,200
1790617211,0,4829950,0,4207.76,189.99,26279935,4571791359,4731174911,4823449599,4852809727,1125376,5020581887,2940665094.89,2109969504.98,4829950,10,10,10,0,0,0,0,0,0,10944511,21348351,23166975,10834259.54,190
1790617212,0,4830160,0,4204.28,209.86,26263551,4571791359,4731174911,4823449599,4852809727,1125376,5020581887,2940537740.47,2110012035.95,4830160,10,10,10,0,0,0,0,0,0,11370495,19529727,22282239,11416466.29,210
1790617213,0,4830360,0,4200.79,200.04,26263551,4571791359,4731174911,4823449599,4852809727,1125376,5020581887,2940416419.90,2110052587.17,4830360,10,10,10,0,0,0,0,0,0,10723327,21626879,23035903,10427591.68,200
1790617214,0,4830560,0,4197.32,200.11,26263551,4571791359,4731174911,4823449599,4852809727,1125376,5020581887,2940295080.02,2110093168.08,4830560,10,10,10,0,0,0,0,0,0,9822207,19955711,25280511,9718479.36,200
1790617215,0,4830760,0,4193.85,200.00,26263551,4571791359,4731174911,4823449599,4852809727,1125376,5020581887,2940173729.08,2110133767.05,4830760,10,10,10,0,0,0,0,0,0,9486335,14540799,21872639,9208770.56,200
1790617216,0,4830960,0,4190.38,199.92,26247167,4571791359,4731174911,4823449599,4852809727,1125376,5020581887,2940052438.51,2110174285.04,4830960,10,10,10,0,0,0,0,0,0,10862591,16031743,23314431,10424168.96,200
1790617217,0,4831160,0,4186.93,199.99,26247167,4571791359,4731174911,4823449599,4852809727,1125376,5020581887,2939931074.45,2110214907.85,4831160,10,10,10,0,0,0,0,0,0,9486335,13172735,13819903,8406517.76,200
1790617218,0,4831360,0,4183.47,199.97,26247167,4571791359,4731174911,4823449599,4852809727,1125376,5020581887,2939809676.42,2110255580.69,4831360,10,10,10,0,0,0,0,0,0,8142847,11984895,13385727,7343198.72,200
1790617219,0,4831560,0,4180.03,200.06,26247167,4571791359,4731174911,4823449599,4852809727,1125376,5020581887,2939688349.55,2110296157.59,4831560,10,10,10,0,0,0,0,0,0,9322495,14278655,22757375,8819397.12,200
1790617220,0,4831760,0,4176.59,200.06,26230783,4571791359,4731174911,4823449599,4852809727,1125376,5020581887,2939566978.95,2110336798.21,4831760,10,10,10,0,0,0,0,0,0,5816319,15876095,29294591,7520266.24,200
1790617221,0,4831958,0,4173.15,197.97,26230783,4571791359,4731174911,4823449599,4852809727,1125376,5020581887,2939446942.39,2110376868.04,4831958,10,10,10,0,0,0,0,0,0,10010623,23494655,25870335,10215398.14,198
1790617222,0,4832160,0,4169.73,202.03,26230783,4571791359,4731174911,4823449599,4852809727,1125376,5020581887,2939324479.25,2110417752.36,4832160,10,10,10,0,0,0,0,0,0,10182655,18694143,21069823,9934678.18,202
1790617223,0,4832360,0,4166.30,199.94,26230783,4571791359,4731174911,4823449599,4852809727,1125376,5020581887,2939203327.90,2110458097.28,4832360,10,10,10,0,0,0,0,0,0,11313151,26296319,30064639,12089858.56,200
1790617224,0,4832560,0,4162.88,199.91,26214399,4571791359,4731174911,4823449599,4852809727,1125376,5020581887,2939082038.24,2110498636.71,4832560,10,10,10,0,0,0,0,0,0,9043967,14114815,21725183,8505561.60,200
1790617225,0,4832760,0,4159.47,199.96,26214399,4571791359,4731174911,4823449599,4852809727,1125376,5020581887,2938960759.64,2110539163.56,4832760,10,10,10,0,0,0,0,0,0,10117119,13377535,13705215,8530150.40,200
1790617226,0,4832960,0,4156.07,200.10,26214399,4571791359,4731174911,4823449599,4852809727,1125376,5020581887,2938839520.62,2110579638.33,4832960,10,10,10,0,0,0,0,0,0,9920511,15745023,18677759,9243996.16,200
1790617227,0,4833160,0,4152.67,200.00,26214399,4571791359,4731174911,4823449599,4852809727,1125376,5020581887,2938718355.06,2110620013.99,4833160,10,10,10,0,0,0,0,0,0,11386879,17399807,18448383,10776896.00,200
1790617228,0,4833360,0,4149.28,200.07,26198015,4571791359,4731174911,4823449599,4852809727,1125376,5020581887,2938597235.07,2110660329.36,4833360,10,10,10,0,0,0,0,0,0,11427839,21053439,22478847,11635788.80,200
1790617229,0,4833560,0,4145.89,199.92,26198015,4571791359,4731174911,4823449599,4852809727,1125376,5020581887,2938476068.67,2110700712.00,4833560,10,10,10,0,0,0,0,0,0,11034623,18546687,26968063,10271943.68,200
1790617230,0,4833760,0,4142.51,199.99,26198015,4571791359,4731174911,4823449599,4852809727,1125376,5020581887,2938355042.26,2110740903.79,4833760,10,10,10,0,0,0,0,0,0,11460607,36143103,37289983,13412805.12,200
1790617231,0,4833960,0,4139.13,200.12,26198015,4571791359,4731174911,4823449599,4852809727,1125376,5020581887,2938233869.11,2110781301.40,4833960,10,10,10,0,0,0,0,0,0,10706943,14950399,22331391,9624384.00,200
1790617232,0,4834160,0,4135.76,199.91,26198015,4571791359,4731174911,4823449599,4852809727,1125376,5020581887,2938112714.60,2110821676.03,4834160,10,10,10,0,0,0,0,0,0,10493951,14802943,25296895,9832299.52,200
1790617233,0,4834360,0,4132.40,199.89,26181631,4571791359,4731174911,4823449599,4852809727,1125376,5020581887,2937991651.11,2110861927.64,4834360,10,10,10,0,0,0,0,0,0,10772479,27148287,36700159,11790353.92,200
1790617234,0,4834560,0,4129.04,200.12,26181631,4571791359,4731174911,4823449599,4852809727,1125376,5020581887,2937870553.66,2110902229.14,4834560,10,10,10,0,0,0,0,0,0,9715711,19644415,36896767,10727109.12,200
1790617235,0,4834760,0,4125.69,200.00,26181631,4571791359,4731174911,4823449599,4852809727,1125376,5020581887,2937749429.83,2110942569.76,4834760,10,10,10,0,0,0,0,0,0,10297343,18350079,25526271,9847528.96,200
1790617236,0,4834960,0,4122.34,199.89,26181631,4571791359,4731174911,4823449599,4852809727,1125376,5020581887,2937628428.68,2110982743.48,4834960,10,10,10,0,0,0,0,0,0,11616255,26918911,35782655,12570726.40,200
1790617237,0,4835160,0,4119.00,200.10,26165247,4571791359,4731174911,4823449599,4852809727,1125376,5020581887,2937507314.75,2111023076.03,4835160,10,10,10,0,0,0,0,0,0,10174463,19169279,21200895,9602283.52,200
1790617238,0,4835360,0,4115.66,200.05,26165247,4571791359,4731174911,4823449599,4852809727,1125376,5020581887,2937386287.81,2111063291.05,4835360,10,10,10,0,0,0,0,0,0,10387455,23265279,37060607,11463185.92,200
1790617239,0,4835560,0,4112.33,199.94,26165247,4571791359,4731174911,4823449599,4852809727,1125376,5020581887,2937265271.44,2111103494.04,4835560,10,10,10,0,0,0,0,0,0,11853823,19906559,22282239,11476600.32,200
1790617240,0,4835750,0,4109.00,190.06,26165247,4571791359,4731174911,4823449599,4852809727,1125376,5020581887,2937150319.07,2111141671.65,4835750,10,10,10,0,0,0,0,0,0,10919935,35487743,37552127,11576403.54,190
1790617241,0,4835960,0,4105.69,209.94,26165247,4571791359,4731174911,4823449599,4852809727,1125376,5020581887,2937023260.98,2111183878.35,4835960,10,10,10,0,0,0,0,0,0,10805247,23166975,37191679,11208150.55,210
1790617242,0,4836160,0,4102.38,200.05,26148863,4571791359,4731174911,4823449599,4852809727,1125376,5020581887,2936902250.02,2111224082.44,4836160,10,10,10,0,0,0,0,0,0,11001855,21528575,22757375,10881328.64,200
1790617243,0,4836360,0,4099.07,199.97,26148863,4571791359,4731174911,4823449599,4852809727,1125376,5020581887,2936781282.91,2111264228.61,4836360,10,10,10,0,0,0,0,0,0,11419647,23560191,25427967,11699822.08,200
1790617244,0,4836560,0,4095.76,199.89,26148863,4571791359,4731174911,4823449599,4852809727,1125376,5020581887,2936660286.29,2111304418.54,4836560,10,10,10,0,0,0,0,0,0,10960895,23134207,25280511,10744143.36,200
1790617245,0,4836760,0,4092.47,200.16,26148863,4571791359,4731174911,4823449599,4852809727,1125376,5020581887,2936539376.25,2111344491.20,4836760,10,10,10,0,0,0,0,0,0,11796479,21676031,23052287,12596203.52,200
1790617246,0,4836960,0,4089.18,199.94,26132479,4571791359,4731174911,4823449599,4852809727,1125376,5020581887,2936418386.51,2111384677.21,4836960,10,10,10,0,0,0,0,0,0,10608639,18726911,19726335,10426790.40,200
1790617247,0,4837160,0,4085.89,199.98,26132479,4571791359,4731174911,4823449599,4852809727,1125376,5020581887,2936297418.85,2111424835.51,4837160,10,10,10,0,0,0,0,0,0,11395071,20905983,22396927,10718563.84,200
1790617248,0,4837360,0,4082.62,200.04,26132479,4571791359,4731174911,4823449599,4852809727,1125376,5020581887,2936176458.12,2111464986.95,4837360,10,10,10,0,0,0,0,0,0,10395647,19791871,22118399,10644623.36,200
1790617249,0,4837560,0,4079.34,199.89,26132479,4571791359,4731174911,4823449599,4852809727,1125376,5020581887,2936055514.54,2111505117.49,4837560,10,10,10,0,0,0,0,0,0,10493951,21594111,23166975,10817205.76,200
1790617250,0,4837760,0,4076.07,199.99,26116095,4571791359,4731174911,4823449599,4852809727,1125376,5020581887,2935934615.22,2111545189.88,4837760,10,10,10,0,0,0,0,0,0,11304959,23330815,36143103,11646031.36,200
1790617251,0,4837960,0,4072.81,200.14,26116095,4571791359,4731174911,4823449599,4852809727,1125376,5020581887,2935813616.81,2111585402.08,4837960,10,10,10,0,0,0,0,0,0,9584639,17219583,18546687,9007385.60,200
1790617252,0,4838160,0,4069.55,200.00,26116095,4571791359,4731174911,4823449599,4852809727,1125376,5020581887,2935692701.42,2111625502.06,4838160,10,10,10,0,0,0,0,0,0,11452415,17186815,18825215,10773483.52,200
1790617253,0,4838360,0,4066.30,199.96,26116095,4571791359,4731174911,4823449599,4852809727,1125376,5020581887,2935571730.29,2111665682.16,4838360,10,10,10,0,0,0,0,0,0,9584639,15835135,22396927,9183339.52,200
1790617254,0,4838558,0,4063.05,198.05,26116095,4571791359,4731174911,4823449599,4852809727,1125376,5020581887,2935452035.14,2111705371.55,4838558,10,10,10,0,0,0,0,0,0,10715135,23166975,25755647,10562151.43,198
1790617255,0,4838760,0,4059.81,201.83,26099711,4567597055,4731174911,4823449599,4852809727,1125376,5020581887,2935329900.85,2111745894.68,4838760,10,10,10,0,0,0,0,0,0,10084351,18186239,22216703,9815739.56,202
1790617256,0,4838960,0,4056.58,200.09,26099711,4567597055,4731174911,4823449599,4852809727,1125376,5020581887,2935209076.11,2111785880.63,4838960,10,10,10,0,0,0,0,0,0,11149311,23576575,25182207,11999549.44,200
1790617257,0,4839160,0,4053.34,199.95,26099711,4567597055,4731174911,4823449599,4852809727,1125376,5020581887,2935088150.76,2111826008.75,4839160,10,10,10,0,0,0,0,0,0,10534911,18825215,21250047,9323392.00,200
1790617258,0,4839360,0,4050.12,200.01,26099711,4567597055,4731174911,4823449599,4852809727,1125376,5020581887,2934967229.12,2111866134.56,4839360,10,10,10,0,0,0,0,0,0,9314303,19824639,22872063,9171468.80,200
1790617259,0,4839560,0,4046.90,200.08,26083327,4567597055,4731174911,4823449599,4852809727,1125376,5020581887,2934846334.70,2111906225.39,4839560,10,10,10,0,0,0,0,0,0,10838015,14000127,14852095,9588229.12,200
1790617260,0,4839760,0,4043.69,200.01,26083327,4567597055,4731174911,4823449599,4852809727,1125376,5020581887,2934725436.94,2111946323.84,4839760,10,10,10,0,0,0,0,0,0,10100735,18989055,21397503,9265661.44,200
1790617261,0,4839960,0,4040.48,200.04,26083327,4567597055,4731174911,4823449599,4852809727,1125376,5020581887,2934604494.58,2111986486.91,4839960,10,10,10,0,0,0,0,0,0,7032831,18530303,21544959,7944294.40,200
1790617262,0,4840160,0,4037.28,199.93,26083327,4567597055,4731174911,4823449599,4852809727,1125376,5020581887,2934483650.57,2112026516.68,4840160,10,10,10,0,0,0,0,0,0,10108927,22183935,23363583,10083002.88,200
1790617263,0,4840360,0,4034.08,199.91,26066943,4567597055,4731174911,4823449599,4852809727,1125376,5020581887,2934362745.59,2112066633.54,4840360,10,10,10,0,0,0,0,0,0,8888319,14147583,17022975,8365501.44,200
1790617264,0,4852500,0,4040.83,12139.07,26148863,4567597055,4731174911,4823449599,4852809727,1125376,5020581887,2928099531.74,2113148273.08,4852500,10,10,10,0,0,0,0,0,0,452722687,676331519,685244415,430882909.75,12140
1790617265,0,4865840,0,4048.56,13345.13,26230783,4563402751,4731174911,4823449599,4852809727,1125376,5020581887,2923178991.33,2112360502.73,4865840,10,10,10,0,0,0,0,0,0,1129316351,1441791999,1463812095,1133304753.09,13340
1790617266,0,4881200,0,4057.97,15360.46,26345471,4563402751,4731174911,4823449599,4852809727,1125376,5020581887,2919867556.71,2109895339.99,4881200,10,10,10,0,0,0,0,0,0,1847590911,2174746623,2252341247,1870849911.47,15360
1790617267,0,4898580,0,4069.03,17385.10,26460159,4555014143,4731174911,4823449599,4852809727,1125376,5020581887,2919230877.83,2106229915.55,4898580,10,10,10,0,0,0,0,0,0,2780823551,3145727999,3156213759,2740418624.57,17380
1790617268,0,4914480,0,4078.85,15896.06,26574847,4555014143,4731174911,4823449599,4852809727,1125376,5020581887,2921275345.29,2103166358.89,4914480,10,10,10,0,0,0,0,0,0,3542089727,3886022655,3906994175,3551148765.16,15900
1790617269,0,4931860,0,4089.88,17383.37,26689535,4550819839,4731174911,4823449599,4852809727,1125376,5020581887,2926285788.01,2101196859.65,4931860,10,10,10,0,0,0,0,0,0,4366270463,4710203391,4710203391,4343070629.50,17380
1790617270,0,4949780,0,4101.34,17914.82,26804223,4555014143,4731174911,4823449599,4861198335,1125376,5280628735,2933914343.56,2101215796.49,4949780,10,10,10,0,0,0,0,0,0,5058330623,5188354047,5205131263,5033410325.94,17920
1790617271,0,4965680,0,4111.11,15897.60,26918911,4559208447,4731174911,4827643903,4869586943,1125376,5280628735,2940760025.59,2101324064.47,4965680,10,10,10,0,0,0,0,0,0,5066719231,5133828095,5150605311,5071868201.80,15900
1790617272,0,4983600,0,4122.53,17924.45,27049983,4563402751,4731174911,4827643903,4903141375,1125376,5280628735,2948012673.45,2101015793.17,4983600,10,10,10,0,0,0,0,0,0,4970250239,5024776191,5041553407,4957740821.94,17920
1790617273,0,5000980,0,4133.49,17377.67,27164671,4567597055,4731174911,4831838207,4924112895,1125376,5280628735,2954767850.53,2100479601.03,5000980,10,10,10,0,0,0,0,0,0,4898947071,4953473023,4961861631,4891770178.64,17380
1790617274,0,5016880,0,4143.21,15908.49,27295743,4571791359,4731174911,4831838207,4928307199,1125376,5280628735,2960852647.31,2099923822.95,5016880,10,10,10,0,0,0,0,0,0,4882169855,4924112895,4928307199,4874685793.18,15900
1790617275,0,5034800,0,4154.58,17913.04,27426815,4575985663,4735369215,4831838207,4928307199,1125376,5280628735,2967610908.09,2099232256.82,5034800,10,10,10,0,0,0,0,0,0,4852809727,4911529983,4928307199,4859652388.57,17920
1790617276,0,5052180,0,4165.48,17376.06,27557887,4575985663,4735369215,4836032511,4928307199,1125376,5280628735,2974196189.39,2098613989.01,5052180,10,10,10,0,0,0,0,0,0,4890558463,4919918591,4936695807,4881881708.76,17380
1790617277,0,5068080,0,4175.15,15900.61,27688959,4580179967,4739563519,4836032511,4932501503,1125376,5280628735,2980179671.23,2098032743.46,5068080,10,10,10,0,0,0,0,0,0,4882169855,4915724287,4940890111,4881414089.90,15900
1790617278,0,5088020,0,4188.13,19949.05,27852799,4584374271,4739563519,4836032511,4932501503,1125376,5280628735,2987490279.54,2097160196.45,5088020,10,10,10,0,0,0,0,0,0,4836032511,4903141375,4919918591,4845602003.78,19940
1790617279,0,5103920,0,4197.76,15893.29,27983871,4584374271,4743757823,4840226815,4932501503,1125376,5280628735,2993256488.79,2096431270.45,5103920,10,10,10,0,0,0,0,0,0,4840226815,4898947071,4903141375,4838450699.72,15900
1790617280,0,5121840,0,4209.03,17923.25,28147711,4588568575,4743757823,4840226815,4932501503,1125376,5280628735,2999726624.75,2095608466.79,5121840,10,10,10,0,0,0,0,0,0,4836032511,4903141375,4915724287,4842531108.57,17920
1790617281,0,5137200,0,4218.19,15353.29,28278783,4588568575,4743757823,4844421119,4932501503,1125376,5280628735,3005359268.37,2095000469.49,5137200,10,10,10,0,0,0,0,0,0,4886364159,4936695807,4949278719,4883581883.73,15360
1790617282,0,5155120,0,4229.43,17920.35,28442623,4588568575,4747952127,4844421119,4932501503,1125376,5280628735,3011795693.32,2094194263.63,5155120,10,10,10,0,0,0,0,0,0,4865392639,4898947071,4919918591,4856952071.31,17920
1790617283,0,5175060,0,4242.31,19952.19,28606463,4592762879,4747952127,4844421119,4932501503,1125376,5280628735,3018677937.21,2093084241.35,5175060,10,10,10,0,0,0,0,0,0,4798283775,4857004031,4857004031,4797955425.52,19940
1790617284,0,5190960,0,4251.86,15902.10,28770303,4592762879,4747952127,4844421119,4932501503,1125376,5280628735,3024008657.83,2092088770.25,5190960,10,10,10,0,0,0,0,0,0,4747952127,4823449599,4827643903,4759027464.69,15900
1790617285,0,5210900,0,4264.70,19927.15,28983295,4596957183,4747952127,4844421119,4932501503,1125376,5280628735,3030596167.54,2090787546.11,5210900,10,10,10,0,0,0,0,0,0,4760535039,4798283775,4823449599,4745515897.86,19940
1790617286,0,5226800,0,4274.21,15905.25,29130751,4596957183,4747952127,4844421119,4932501503,1125376,5280628735,3035529738.19,2089515630.26,5226800,10,10,10,0,0,0,0,0,0,4647288831,4710203391,4714397695,4652406674.26,15900
1790617287,0,5244720,0,4285.36,17922.00,29343743,4601151487,4747952127,4844421119,4932501503,1125376,5280628735,3041274185.98,2088249234.81,5244720,10,10,10,0,0,0,0,0,0,4714397695,4756340735,4768923647,4716780865.83,17920
1790617288,0,5262640,0,4296.49,17910.68,29573119,4601151487,4747952127,4844421119,4932501503,1125376,5280628735,3047077240.20,2087053635.31,5262640,10,10,10,0,0,0,0,0,0,4743757823,4789895167,4806672383,4745480952.69,17920
1790617289,0,5282580,0,4309.26,19946.37,29868031,4605345791,4747952127,4844421119,4932501503,1125376,5280628735,3053311640.45,2085573525.71,5282580,10,10,10,0,0,0,0,0,0,4701814783,4756340735,4760535039,4698718066.67,19940
1790617290,0,5298480,0,4318.70,15895.57,30113791,4609540095,4747952127,4844421119,4932501503,1125376,5280628735,3058293092.10,2084421085.37,5298480,10,10,10,0,0,0,0,0,0,4722786303,4752146431,4760535039,4713319311.42,15900
1790617291,0,5316400,0,4329.78,17920.68,30457855,4609540095,4747952127,4844421119,4928307199,1125376,5280628735,3063846599.61,2083095841.50,5316400,10,10,10,0,0,0,0,0,0,4706009087,4756340735,4756340735,4705874973.26,17920
1790617292,0,5334320,0,4340.84,17924.04,30801919,4613734399,4747952127,4844421119,4928307199,1125376,5280628735,3069261944.55,2081685911.98,5334320,10,10,10,0,0,0,0,0,0,4689231871,4739563519,4747952127,4675854570.06,17920
1790617293,0,5352240,0,4351.88,17913.47,31145983,4613734399,4747952127,4844421119,4928307199,1125376,5280628735,3074717945.70,2080329565.79,5352240,10,10,10,0,0,0,0,0,0,4701814783,4743757823,4743757823,4698828214.86,17920
1790617294,0,5370160,0,4362.90,17916.65,31506431,4613734399,4747952127,4844421119,4928307199,1125376,5280628735,3080226962.90,2079037944.38,5370160,10,10,10,0,0,0,0,0,0,4739563519,4768923647,4773117951,4725627757.71,17920
1790617295,0,5388080,0,4373.91,17929.22,31883263,4617928703,4747952127,4844421119,4928307199,1125376,5280628735,3085609992.40,2077669571.95,5388080,10,10,10,0,0,0,0,0,0,4710203391,4747952127,4752146431,4698764551.31,17920
1790617296,0,5406000,0,4384.90,17915.56,32260095,4617928703,4747952127,4844421119,4928307199,1125376,5280628735,3090901213.06,2076252087.87,5406000,10,10,10,0,0,0,0,0,0,4680843263,4735369215,4739563519,4681834261.94,17920
1790617297,0,5423920,0,4395.87,17918.78,32702463,4622123007,4747952127,4844421119,4928307199,1125376,5280628735,3096126728.13,2074806364.56,5423920,10,10,10,0,0,0,0,0,0,4672454655,4731174911,4735369215,4672529320.23,17920
1790617298,0,5441300,0,4406.38,17387.28,33193983,4626317311,4747952127,4844421119,4928307199,1125376,5280628735,3101326215.57,2073525953.29,5441300,10,10,10,0,0,0,0,0,0,4726980607,4756340735,4764729343,4723973161.71,17380
1790617299,0,5459220,0,4417.32,17926.54,33751039,4626317311,4747952127,4844421119,4928307199,1125376,5280628735,3106654745.27,2072201529.95,5459220,10,10,10,0,0,0,0,0,0,4722786303,4764729343,4768923647,4724630674.29,17920
1790617300,0,5475648,0,4427.03,16417.90,34242559,4630511615,4747952127,4844421119,4928307199,1125376,5280628735,3111563165.32,2071024946.33,5475648,10,10,10,0,0,0,0,0,0,4739563519,4781506559,4806672383,4742689588.80,16428
1790617301,0,5495060,0,4439.13,19406.63,34766847,4630511615,4747952127,4840226815,4924112895,1125376,5280628735,3117334582.19,2069635178.57,5495060,10,10,10,0,0,0,0,0,0,4747952127,4785700863,4794089471,4745309405.34,19412
1790617302,0,5510960,0,4448.38,15904.91,35356671,4630511615,4747952127,4840226815,4924112895,1125376,5280628735,3121972670.78,2068445902.53,5510960,10,10,10,0,0,0,0,0,0,4726980607,4764729343,4768923647,4724901921.49,15900
1790617303,0,5528880,0,4459.25,17930.42,36110335,4634705919,4747952127,4840226815,4924112895,1125376,5280628735,3127195898.59,2067121706.25,5528880,10,10,10,0,0,0,0,0,0,4731174911,4756340735,4764729343,4733501674.06,17920
1790617304,0,5548820,0,4471.72,19925.44,36896767,4634705919,4747952127,4840226815,4924112895,1125376,5280628735,3132881673.24,2065575769.41,5548820,10,10,10,0,0,0,0,0,0,4710203391,4756340735,4760535039,4709409545.30,19940
1790617305,0,5566740,0,4482.55,17930.00,37748735,4634705919,4747952127,4840226815,4924112895,1125376,5280628735,3137852306.64,2064103099.26,5566740,10,10,10,0,0,0,0,0,0,4676648959,4726980607,4735369215,4676978980.57,17920
1790617306,0,5582640,0,4491.74,15899.03,38862847,4638900223,4743757823,4840226815,4924112895,1125376,5280628735,3142265614.77,2062815975.13,5582640,10,10,10,0,0,0,0,0,0,4697620479,4731174911,4739563519,4687406426.49,15900
1790617307,0,5600560,0,4502.53,17913.10,40501247,4638900223,4743757823,4840226815,4924112895,1125376,5280628735,3147309306.89,2061436637.45,5600560,10,10,10,0,0,0,0,0,0,4722786303,4756340735,4768923647,4718577020.34,17920
1790617308,0,5618480,0,4513.31,17928.51,42467327,4638900223,4743757823,4840226815,4924112895,1125376,5280628735,3152281308.56,2060022980.60,5618480,10,10,10,0,0,0,0,0,0,4710203391,4747952127,4752146431,4706187205.49,17920
1790617309,0,5636400,0,4524.07,17911.00,44236799,4643094527,4743757823,4840226815,4924112895,1125376,5280628735,3157287276.50,2058655057.43,5636400,10,10,10,0,0,0,0,0,0,4731174911,4760535039,4768923647,4726814661.49,17920
1790617310,0,5654320,0,4534.82,17914.31,46891007,4643094527,4743757823,4840226815,4924112895,1125376,5280628735,3162374506.81,2057369952.50,5654320,10,10,10,0,0,0,0,0,0,4760535039,4810866687,4819255295,4762467415.77,17920
1790617311,0,5671700,0,4545.11,17393.83,53641215,4643094527,4747952127,4840226815,4924112895,1125376,5280628735,3167313442.41,2056146546.61,5671700,10,10,10,0,0,0,0,0,0,4777312255,4823449599,4836032511,4774121399.41,17380
1790617312,0,5687600,0,4554.20,15889.45,107741183,4643094527,4747952127,4840226815,4919918591,1125376,5280628735,3171876530.20,2055078854.08,5687600,10,10,10,0,0,0,0,0,0,4802478079,4848615423,4852809727,4799578734.39,15900
1790617313,0,5705520,0,4564.90,17933.50,176816127,4647288831,4747952127,4840226815,4919918591,1125376,5280628735,3177033113.50,2053905096.51,5705520,10,10,10,0,0,0,0,0,0,4823449599,4861198335,4861198335,4813672799.09,17920
1790617314,0,5723440,0,4575.57,17911.97,216530943,4647288831,4747952127,4840226815,4919918591,1125376,5280628735,3182153622.84,2052722177.96,5723440,10,10,10,0,0,0,0,0,0,4819255295,4857004031,4857004031,4812464362.06,17920
1790617315,0,5743380,0,4587.85,19934.39,256770047,4647288831,4747952127,4840226815,4919918591,1125376,5280628735,3187719770.17,2051326265.96,5743380,10,10,10,0,0,0,0,0,0,4785700863,4848615423,4869586943,4785388289.49,19940
1790617316,0,5758740,0,4596.45,15366.11,294649855,4647288831,4752146431,4840226815,4919918591,1125376,5280628735,3191936996.06,2050212112.15,5758740,10,10,10,0,0,0,0,0,0,4768923647,4827643903,4827643903,4768833536.00,15360
1790617317,0,5777200,0,4607.50,18452.30,336855039,4647288831,4752146431,4840226815,4919918591,1125376,5280628735,3197051769.19,2048926844.50,5777200,10,10,10,0,0,0,0,0,0,4789895167,4840226815,4840226815,4792644868.27,18460
1790617318,0,5794580,0,4617.68,17383.76,363593727,4647288831,4752146431,4840226815,4919918591,1125376,5280628735,3201753412.97,2047647142.28,5794580,10,10,10,0,0,0,0,0,0,4764729343,4798283775,4806672383,4764603611.41,17380
1790617319,0,5812500,0,4628.27,17915.23,400031743,4651483135,4752146431,4840226815,4919918591,1125376,5280628735,3206514555.68,2046280743.37,5812500,10,10,10,0,0,0,0,0,0,4743757823,4789895167,4794089471,4746069372.34,17920
1790617320,0,5830420,0,4638.85,17926.12,442236927,4651483135,4752146431,4840226815,4919918591,1125376,5280628735,3211335900.95,2044978442.47,5830420,10,10,10,0,0,0,0,0,0,4777312255,4823449599,4823449599,4775179059.20,17920
1790617321,0,5846320,0,4647.80,15907.87,462159871,4651483135,4752146431,4840226815,4919918591,1125376,5280628735,3215603700.21,2043830714.31,5846320,10,10,10,0,0,0,0,0,0,4785700863,4819255295,4840226815,4780576163.13,15900
1790617322,0,5864240,0,4658.34,17910.49,481558527,4651483135,4756340735,4840226815,4919918591,1125376,5280628735,3220350037.43,2042505894.56,5864240,10,10,10,0,0,0,0,0,0,4764729343,4815060991,4827643903,4768821365.03,17920
1790617323,0,5882160,0,4668.87,17917.75,504889343,4651483135,4756340735,4840226815,4919918591,1125376,5280628735,3225105117.35,2041205807.29,5882160,10,10,10,0,0,0,0,0,0,4777312255,4823449599,4827643903,4781183795.20,17920
1790617324,0,5902100,0,4680.98,19943.09,542113791,4655677439,4756340735,4840226815,4919918591,1125376,5280628735,3230241765.65,2039664907.28,5902100,10,10,10,0,0,0,0,0,0,4756340735,4798283775,4802478079,4745516949.59,19940
1790617325,0,5918000,0,4689.87,15894.26,565182463,4655677439,4756340735,4840226815,4919918591,1125376,5280628735,3234237401.20,2038378282.22,5918000,10,10,10,0,0,0,0,0,0,4714397695,4777312255,4777312255,4717422343.15,15900
1790617326,0,5935920,0,4700.35,17936.84,594018303,4655677439,4756340735,4840226815,4919918591,1125376,5280628735,3238617548.05,2036856379.57,5935920,10,10,10,0,0,0,0,0,0,4676648959,4752146431,4764729343,4685141489.37,17920
1790617327,0,5953840,0,4710.81,17915.81,622854143,4655677439,4756340735,4840226815,4919918591,1125376,5280628735,3242914546.24,2035292714.77,5953840,10,10,10,0,0,0,0,0,0,4668260351,4714397695,4735369215,4666276015.54,17920
1790617328,0,5970180,0,4720.00,16327.35,650117119,4655677439,4756340735,4840226815,4915724287,1125376,5280628735,3246333039.57,2033845684.08,5970180,10,10,10,0,0,0,0,0,0,4617928703,4689231871,4710203391,4491936605.85,16340
1790617329,0,5970380,0,4716.43,200.02,649068543,4655677439,4756340735,4840226815,4915724287,1125376,5280628735,3246224603.87,2033897906.59,5970380,10,10,10,0,0,0,0,0,0,9224191,14155775,16113663,9321477.12,200
1790617330,0,5970580,0,4712.87,200.06,646971391,4655677439,4756340735,4840226815,4915724287,1125376,5280628735,3246116192.51,2033950091.31,5970580,10,10,10,0,0,0,0,0,0,9428991,14147583,15204351,9831070.72,200
1790617331,0,5970780,0,4709.31,200.07,646447103,4655677439,4756340735,4840226815,4915724287,1125376,5280628735,3246007771.42,2034002292.46,5970780,10,10,10,0,0,0,0,0,0,9125887,14295039,16236543,9323914.24,200
1790617332,0,5970980,0,4705.75,199.89,643825663,4655677439,4756340735,4840226815,4915724287,1125376,5280628735,3245899367.25,2034054467.63,5970980,10,10,10,0,0,0,0,0,0,9748479,14147583,15425535,9612231.68,200
1790617333,0,5971180,0,4702.20,200.00,643301375,4655677439,4756340735,4840226815,4915724287,1125376,5280628735,3245790973.30,2034106627.48,5971180,10,10,10,0,0,0,0,0,0,9584639,13828095,16359423,9700152.32,200
1790617334,0,5971380,0,4698.66,200.14,643301375,4655677439,4756340735,4840226815,4915724287,1125376,5280628735,3245682526.61,2034158872.22,5971380,10,10,10,0,0,0,0,0,0,7442431,14319615,15876095,7909217.28,200
1790617335,0,5971580,0,4695.12,199.83,642252799,4655677439,4756340735,4840226815,4915724287,1125376,5280628735,3245574107.15,2034211074.61,5971580,10,10,10,0,0,0,0,0,0,7872511,15507455,16326655,8505164.80,200
1790617336,0,5971780,0,4691.59,200.09,641728511,4655677439,4756340735,4840226815,4915724287,1125376,5280628735,3245465651.52,2034263335.53,5971780,10,10,10,0,0,0,0,0,0,5013503,14147583,15187967,7208171.52,200
1790617337,0,5971980,0,4688.07,199.93,640679935,4655677439,4756340735,4840226815,4915724287,1125376,5280628735,3245357274.39,2034315472.46,5971980,10,10,10,0,0,0,0,0,0,9388031,15065087,16154623,9335388.16,200
1790617338,0,5972180,0,4684.55,200.12,640155647,4655677439,4756340735,4840226815,4915724287,1125376,5280628735,3245248901.83,2034367603.04,5972180,10,10,10,0,0,0,0,0,0,9879551,14532607,15794175,9255116.80,200
1790617339,0,5972380,0,4681.03,199.92,638582783,4655677439,4756340735,4840226815,4915724287,1125376,5280628735,3245140568.97,2034419671.45,5972380,10,10,10,0,0,0,0,0,0,10477567,15818751,16736255,10223918.08,200
1790617340,0,5972580,0,4677.52,199.97,638058495,4655677439,4756340735,4840226815,4915724287,1125376,5280628735,3245032222.69,2034471762.11,5972580,10,10,10,0,0,0,0,0,0,10067967,15114239,16629759,9606359.04,200
1790617341,0,5972780,0,4674.02,200.03,637534207,4655677439,4756340735,4840226815,4915724287,1125376,5280628735,3244923908.39,2034523802.86,5972780,10,10,10,0,0,0,0,0,0,10330111,16826367,17989631,10344888.32,200
1790617342,0,5972980,0,4670.52,200.04,637534207,4655677439,4756340735,4840226815,4915724287,1125376,5280628735,3244815583.33,2034575861.66,5972980,10,10,10,0,0,0,0,0,0,10231807,14434303,16564223,9806837.76,200
1790617343,0,5973180,0,4667.03,200.08,637009919,4655677439,4756340735,4840226815,4915724287,1125376,5280628735,3244707237.07,2034627955.11,5973180,10,10,10,0,0,0,0,0,0,8896511,13369343,14622719,8956830.72,200
1790617344,0,5973380,0,4663.54,199.88,636485631,4655677439,4756340735,4840226815,4915724287,1125376,5280628735,3244598945.73,2034679962.16,5973380,10,10,10,0,0,0,0,0,0,10878975,14508031,16302079,10380825.60,200
1790617345,0,5973580,0,4660.06,200.06,636485631,4655677439,4756340735,4840226815,4915724287,1125376,5280628735,3244490633.98,2034732002.63,5973580,10,10,10,0,0,0,0,0,0,9510911,13500415,14073855,9554324.48,200
1790617346,0,5973780,0,4656.58,200.00,635961343,4655677439,4756340735,4840226815,4915724287,1125376,5280628735,3244382344.71,2034784008.31,5973780,10,10,10,0,0,0,0,0,0,9961471,14376959,16383999,10009323.52,200
1790617347,0,5973980,0,4653.11,199.96,631767039,4655677439,4756340735,4840226815,4915724287,1125376,5280628735,3244274026.05,2034836061.67,5973980,10,10,10,0,0,0,0,0,0,8912895,13549567,14467071,8914805.76,200
1790617348,0,5974180,0,4649.64,199.96,630718463,4655677439,4756340735,4840226815,4915724287,1125376,5280628735,3244165724.61,2034888088.60,5974180,10,10,10,0,0,0,0,0,0,9330687,14041087,15187967,9212590.08,200
1790617349,0,5974380,0,4646.18,200.07,630194175,4655677439,4756340735,4840226815,4915724287,1125376,5280628735,3244057509.50,2034939979.33,5974380,10,10,10,0,0,0,0,0,0,10600447,18350079,19759103,11574630.40,200
1790617350,0,5974580,0,4642.73,200.01,629145599,4655677439,4756340735,4840226815,4915724287,1125376,5280628735,3243949337.41,2034991802.68,5974580,10,10,10,0,0,0,0,0,0,11714559,18431999,19169279,12643522.56,200
1790617351,0,5974780,0,4639.28,199.94,627572735,4655677439,4756340735,4840226815,4915724287,1125376,5280628735,3243841168.38,2035043622.11,5974780,10,10,10,0,0,0,0,0,0,12132351,18104319,18907135,12518584.32,200
1790617352,0,5974980,0,4635.83,200.00,626524159,4655677439,4756340735,4840226815,4915724287,1125376,5280628735,3243733015.06,2035095417.64,5974980,10,10,10,0,0,0,0,0,0,11452415,19283967,21594111,12771507.20,200
1790617353,0,5975180,0,4632.39,199.96,625475583,4655677439,4756340735,4840226815,4915724287,1125376,5280628735,3243624871.56,2035147198.56,5975180,10,10,10,0,0,0,0,0,0,13516799,19513343,21266431,12848506.88,200
1790617354,0,5975380,0,4628.96,200.01,622854143,4655677439,4756340735,4840226815,4915724287,1125376,5280628735,3243516743.43,2035198956.01,5975380,10,10,10,0,0,0,0,0,0,13287423,18661375,19283967,13091712.00,200
1790617355,0,5975580,0,4625.53,200.12,620756991,4655677439,4756340735,4840226815,4915724287,1125376,5280628735,3243408601.27,2035250736.63,5975580,10,10,10,0,0,0,0,0,0,12828671,17334271,18497535,12456140.80,200
1790617356,0,5975780,0,4622.11,199.91,620232703,4655677439,4756340735,4840226815,4915724287,1125376,5280628735,3243300445.87,2035302539.21,5975780,10,10,10,0,0,0,0,0,0,11436031,15941631,17907711,11844239.36,200
1790617357,0,5975980,0,4618.69,200.12,619184127,4655677439,4756340735,4840226815,4915724287,1125376,5280628735,3243192352.00,2035354245.15,5975980,10,10,10,0,0,0,0,0,0,12386303,19316735,21381119,13466255.36,200
1790617358,0,5976180,0,4615.28,199.85,617611263,4655677439,4756340735,4840226815,4915724287,1125376,5280628735,3243084204.90,2035406036.51,5976180,10,10,10,0,0,0,0,0,0,11239423,16646143,18595839,11659591.68,200
1790617359,0,5976380,0,4611.87,200.15,617086975,4655677439,4756340735,4840226815,4915724287,1125376,5280628735,3242976064.76,2035457817.82,5976380,10,10,10,0,0,0,0,0,0,11083775,18382847,19251199,11651522.56,200
1790617360,0,5976580,0,4608.47,199.92,616562687,4655677439,4756340735,4840226815,4915724287,1125376,5280628735,3242867931.51,2035509589.17,5976580,10,10,10,0,0,0,0,0,0,10838015,18579455,19546111,11641067.52,200
1790617361,0,5976780,0,4605.07,199.94,616562687,4655677439,4756340735,4840226815,4915724287,1125376,5280628735,3242759834.89,2035561303.30,5976780,10,10,10,0,0,0,0,0,0,12394495,18694143,19693567,12519290.88,200
1790617362,0,5976980,0,4601.68,200.17,616038399,4655677439,4756340735,4840226815,4915724287,1125376,5280628735,3242651723.06,2035613042.54,5976980,10,10,10,0,0,0,0,0,0,11288575,17793023,19349503,11848407.04,200
1790617363,0,5977180,0,4598.30,199.98,614989823,4655677439,4756340735,4840226815,4915724287,1125376,5280628735,3242543590.77,2035664815.21,5977180,10,10,10,0,0,0,0,0,0,10682367,16318463,18694143,11020902.40,200
1790617364,0,5977380,0,4594.92,199.96,612892671,4655677439,4756340735,4840226815,4915724287,1125376,5280628735,3242435528.12,2035716478.38,5977380,10,10,10,0,0,0,0,0,0,13213695,19398655,22167551,12886149.12,200
1790617365,0,5977580,0,4591.54,199.91,610795519,4655677439,4756340735,4840226815,4915724287,1125376,5280628735,3242327480.13,2035768119.20,5977580,10,10,10,0,0,0,0,0,0,13475839,18038783,18972671,13107978.24,200
1790617366,0,5977780,0,4588.17,200.14,609746943,4655677439,4756340735,4840226815,4915724287,1125376,5280628735,3242219447.31,2035819737.02,5977780,10,10,10,0,0,0,0,0,0,12886015,21643263,22478847,13345198.08,200
1790617367,0,5977980,0,4584.80,199.88,608698367,4655677439,4756340735,4840226815,4915724287,1125376,5280628735,3242111381.09,2035871408.70,5977980,10,10,10,0,0,0,0,0,0,12591103,16392191,19070975,12130969.60,200
1790617368,0,5978180,0,4581.44,199.98,607649791,4655677439,4756340735,4840226815,4915724287,1125376,5280628735,3242003345.20,2035923033.24,5978180,10,10,10,0,0,0,0,0,0,13254655,17678335,19202047,12821370.88,200
1790617369,0,5978380,0,4578.09,200.03,607125503,4655677439,4756340735,4840226815,4915724287,1125376,5280628735,3241895269.03,2035974722.66,5978380,10,10,10,0,0,0,0,0,0,10821631,18841599,20627455,11401349.12,200
1790617370,0,5978580,0,4574.74,199.95,606601215,4655677439,4756340735,4840226815,4915724287,1125376,5280628735,3241787237.04,2036026343.03,5978580,10,10,10,0,0,0,0,0,0,11616255,20185087,20987903,12505856.00,200
1790617371,0,5978780,0,4571.39,200.03,606076927,4655677439,4756340735,4840226815,4915724287,1125376,5280628735,3241679166.38,2036078025.68,5978780,10,10,10,0,0,0,0,0,0,10330111,17317887,21233663,11133701.12,200
1790617372,0,5978980,0,4568.05,200.02,605028351,4655677439,4756340735,4840226815,4915724287,1125376,5280628735,3241571181.46,2036129573.32,5978980,10,10,10,0,0,0,0,0,0,12345343,20267007,21200895,13480837.12,200
1790617373,0,5979180,0,4564.72,200.02,603979775,4655677439,4756340735,4840226815,4915724287,1125376,5280628735,3241463109.89,2036181259.37,5979180,10,10,10,0,0,0,0,0,0,10207231,18579455,19644415,10674186.24,200
1790617374,0,5979380,0,4561.39,200.00,601358335,4655677439,4756340735,4840226815,4915724287,1125376,5280628735,3241355103.78,2036232842.50,5979380,10,10,10,0,0,0,0,0,0,12394495,17842175,18825215,12415303.68,200
1790617375,0,5979580,0,4558.06,199.92,600309759,4655677439,4756340735,4840226815,4915724287,1125376,5280628735,3241247113.67,2036284401.23,5979580,10,10,10,0,0,0,0,0,0,11894783,18808831,20594687,12677550.08,200
1790617376,0,5979780,0,4554.74,200.01,599785471,4655677439,4756340735,4840226815,4915724287,1125376,5280628735,3241139126.00,2036335957.08,5979780,10,10,10,0,0,0,0,0,0,12001279,18530303,19234815,12534671.36,200
1790617377,0,5979980,0,4551.43,200.14,598736895,4655677439,4756340735,4840226815,4915724287,1125376,5280628735,3241031110.54,2036387557.98,5979980,10,10,10,0,0,0,0,0,0,11526143,18382847,20971519,11487764.48,200
1790617378,0,5980180,0,4548.12,199.90,597164031,4655677439,4756340735,4840226815,4915724287,1125376,5280628735,3240923159.78,2036439057.31,5980180,10,10,10,0,0,0,0,0,0,13041663,20168703,22036479,13206087.68,200
1790617379,0,5980380,0,4544.82,199.98,596639743,4655677439,4756340735,4840226815,4915724287,1125376,5280628735,3240815172.20,2036490615.91,5980380,10,10,10,0,0,0,0,0,0,11722751,18317311,19349503,11889418.24,200
1790617380,0,5980580,0,4541.52,200.15,596115455,4655677439,4756340735,4840226815,4915724287,1125376,5280628735,3240707192.69,2036542162.74,5980580,10,10,10,0,0,0,0,0,0,12009471,18235391,19103743,11914680.32,200
1790617381,0,5980780,0,4538.22,199.94,596115455,4655677439,4756340735,4840226815,4915724287,1125376,5280628735,3240599220.41,2036593699.02,5980780,10,10,10,0,0,0,0,0,0,12353535,16646143,18022399,11914977.28,200
1790617382,0,5980980,0,4534.93,199.91,595066879,4655677439,4756340735,4840226815,4915724287,1125376,5280628735,3240491243.47,2036645243.67,5980980,10,10,10,0,0,0,0,0,0,10936319,17137663,18366463,11559567.36,200
1790617383,0,5981180,0,4531.65,200.10,594542591,4655677439,4756340735,4840226815,4915724287,1125376,5280628735,3240383289.60,2036696752.82,5981180,10,10,10,0,0,0,0,0,0,12345343,21053439,22085631,12033610.24,200
1790617384,0,5991662,0,4536.15,10475.51,561512447,4655677439,4756340735,4840226815,4915724287,1125376,5280628735,3235378766.59,2038437209.30,5991662,10,10,10,0,0,0,0,0,0,420478975,638582783,761266175,379725937.91,10482
1790617385,0,6008840,0,4545.72,17183.67,583532543,4651483135,4756340735,4840226815,4915724287,1125376,5280628735,3229530990.92,2038499569.00,6008840,10,10,10,0,0,0,0,0,0,1201668095,1599078399,1609564159,1189835143.53,17178
1790617386,0,6024740,0,4554.30,15902.78,602931199,4651483135,4752146431,4840226815,4915724287,1125376,5280628735,3226407870.48,2036746907.34,6024740,10,10,10,0,0,0,0,0,0,2021654527,2382364671,2424307711,2046135480.19,15900
1790617387,0,6042120,0,4563.99,17382.14,634912767,4651483135,4752146431,4840226815,4915724287,1125376,5280628735,3225347138.47,2033959023.75,6042120,10,10,10,0,0,0,0,0,0,2856321023,3265265663,3267362815,2857646646.09,17380
1790617388,0,6058020,0,4572.55,15899.86,657457151,4651483135,4752146431,4840226815,4915724287,1125376,5280628735,3226574714.26,2031460934.66,6058020,10,10,10,0,0,0,0,0,0,3686793215,4016046079,4055891967,3693062777.21,15900
1790617389,0,6075940,0,4582.61,17908.48,686292991,4651483135,4752146431,4840226815,4915724287,1125376,5280628735,3230340974.52,2029686425.38,6075940,10,10,10,0,0,0,0,0,0,4500488191,4852809727,4882169855,4503559723.89,17920
1790617390,0,6093860,0,4592.67,17933.79,715653119,4651483135,4756340735,4840226815,4932501503,1125376,5280628735,3235368859.75,2028814643.83,6093860,10,10,10,0,0,0,0,0,0,4940890111,4999610367,5041553407,4940119361.83,17920
1790617391,0,6111780,0,4602.70,17905.21,748158975,4651483135,4756340735,4844421119,4932501503,1125376,5280628735,3240113211.02,2027727024.42,6111780,10,10,10,0,0,0,0,0,0,4852809727,4907335679,4911529983,4853473280.00,17920
1790617392,0,6129160,0,4612.31,17380.53,772800511,4651483135,4756340735,4844421119,4932501503,1125376,5280628735,3244549371.07,2026558980.82,6129160,10,10,10,0,0,0,0,0,0,4806672383,4873781247,4882169855,4804551340.39,17380
1790617393,0,6147080,0,4622.32,17924.81,804782079,4655677439,4756340735,4844421119,4932501503,1125376,5280628735,3248963080.33,2025249003.95,6147080,10,10,10,0,0,0,0,0,0,4752146431,4810866687,4815060991,4758579726.63,17920
1790617394,0,6165000,0,4632.31,17922.93,833617919,4655677439,4756340735,4844421119,4932501503,1125376,5280628735,3253338758.66,2023927100.86,6165000,10,10,10,0,0,0,0,0,0,4756340735,4806672383,4810866687,4754323397.49,17920
1790617395,0,6180900,0,4640.78,15903.01,852492287,4655677439,4756340735,4844421119,4932501503,1125376,5280628735,3257221524.98,2022768073.99,6180900,10,10,10,0,0,0,0,0,0,4756340735,4810866687,4810866687,4762709219.47,15900
1790617396,0,6198820,0,4650.74,17913.60,879755263,4655677439,4756340735,4844421119,4932501503,1125376,5280628735,3261583815.95,2021466661.83,6198820,10,10,10,0,0,0,0,0,0,4760535039,4806672383,4810866687,4766209053.26,17920
1790617397,0,6216740,0,4660.68,17914.69,902299647,4659871743,4756340735,4844421119,4932501503,1125376,5280628735,3265912040.73,2020155971.18,6216740,10,10,10,0,0,0,0,0,0,4756340735,4806672383,4806672383,4763115520.00,17920
1790617398,0,6234660,0,4670.62,17920.51,929038335,4659871743,4756340735,4844421119,4932501503,1125376,5280628735,3270214865.99,2018842375.77,6234660,10,10,10,0,0,0,0,0,0,4756340735,4806672383,4806672383,4762935061.94,17920
1790617399,0,6252580,0,4680.54,17927.86,944242687,4659871743,4756340735,4844421119,4932501503,1125376,5280628735,3274480387.88,2017517065.54,6252580,10,10,10,0,0,0,0,0,0,4747952127,4802478079,4802478079,4758524957.26,17920
1790617400,0,6269960,0,4690.04,17375.42,964689919,4659871743,4756340735,4844421119,4932501503,1125376,5280628735,3278589180.25,2016225934.51,6269960,10,10,10,0,0,0,0,0,0,4747952127,4802478079,4802478079,4756756787.79,17380
1790617401,0,6287880,0,4699.92,17917.18,990904319,4659871743,4756340735,4844421119,4932501503,1125376,5280628735,3282808551.03,2014897527.35,6287880,10,10,10,0,0,0,0,0,0,4752146431,4802478079,4802478079,4759107993.60,17920
1790617402,0,6304354,0,4708.72,16480.16,1004535807,4659871743,4756340735,4844421119,4932501503,1125376,5280628735,3286678932.88,2013683738.56,6304354,10,10,10,0,0,0,0,0,0,4756340735,4806672383,4806672383,4763945935.39,16474
1790617403,0,6321700,0,4718.15,17346.44,1031274495,4664066047,4756340735,4844421119,4932501503,1125376,5280628735,3290732520.72,2012403880.93,6321700,10,10,10,0,0,0,0,0,0,4756340735,4806672383,4806672383,4763997408.21,17346
1790617404,0,6339620,0,4727.99,17912.59,1048575999,4664066047,4756340735,4844421119,4928307199,1125376,5280628735,3294894699.22,2011078018.22,6339620,10,10,10,0,0,0,0,0,0,4756340735,4806672383,4806672383,4763200716.80,17920
1790617405,0,6357540,0,4737.83,17933.53,1064304639,4664066047,4756340735,4844421119,4928307199,1125376,5280628735,3299032074.59,2009749241.36,6357540,10,10,10,0,0,0,0,0,0,4756340735,4806672383,4806672383,4762725580.80,17920
1790617406,0,6374920,0,4747.24,17380.83,1081081855,4668260351,4756340735,4844421119,4928307199,1125376,5280628735,3303073407.69,2008496209.12,6374920,10,10,10,0,0,0,0,0,0,4781506559,4844421119,4848615423,4781378172.79,17380
1790617407,0,6392840,0,4757.04,17907.97,1096810495,4668260351,4760535039,4844421119,4928307199,1125376,5280628735,3307272190.77,2007242515.56,6392840,10,10,10,0,0,0,0,0,0,4794089471,4848615423,4852809727,4800961155.66,17920
1790617408,0,6410760,0,4766.83,17930.79,1120927743,4668260351,4760535039,4844421119,4928307199,1125376,5280628735,3311409343.69,2005958545.56,6410760,10,10,10,0,0,0,0,0,0,4789895167,4852809727,4857004031,4787310943.09,17920
1790617409,0,6426660,0,4775.10,15889.24,1136656383,4672454655,4760535039,4844421119,4928307199,1125376,5280628735,3315114930.26,2004857372.64,6426660,10,10,10,0,0,0,0,0,0,4806672383,4869586943,4869586943,4809179469.86,15900
1790617410,0,6444580,0,4784.86,17926.51,1157627903,4672454655,4760535039,4844421119,4928307199,1125376,5280628735,3319302019.17,2003638338.07,6444580,10,10,10,0,0,0,0,0,0,4823449599,4882169855,4886364159,4820920144.46,17920
1790617411,0,6462392,0,4794.53,17822.13,1175453695,4672454655,4760535039,4844421119,4928307199,1125376,5280628735,3323351464.37,2002357936.33,6462392,10,10,10,0,0,0,0,0,0,4789895167,4848615423,4865392639,4788485842.30,17812
1790617412,0,6479880,0,4803.94,17470.79,1186988031,4672454655,4760535039,4844421119,4928307199,1125376,5280628735,3327325606.92,2001113489.56,6479880,10,10,10,0,0,0,0,0,0,4794089471,4848615423,4852809727,4795902174.98,17488
1790617413,0,6497800,0,4813.65,17920.89,1200619519,4676648959,4760535039,4844421119,4928307199,1125376,5280628735,3331402057.75,1999856029.49,6497800,10,10,10,0,0,0,0,0,0,4819255295,4877975551,4877975551,4805448499.20,17920
1790617414,0,6513700,0,4821.86,15907.94,1216348159,4676648959,4760535039,4844421119,4928307199,1125376,5280628735,3335004537.45,1998741624.50,6513700,10,10,10,0,0,0,0,0,0,4815060991,4873781247,4873781247,4807217907.31,15900
1790617415,0,6531620,0,4831.55,17914.13,1232076799,4676648959,4764729343,4844421119,4928307199,1125376,5280628735,3339046084.25,1997485454.34,6531620,10,10,10,0,0,0,0,0,0,4815060991,4873781247,4873781247,4808098728.23,17920
1790617416,0,6549000,0,4840.82,17375.94,1248854015,4676648959,4764729343,4844421119,4928307199,1125376,5280628735,3342930232.61,1996254600.20,6549000,10,10,10,0,0,0,0,0,0,4815060991,4873781247,4873781247,4802641459.97,17380
1790617417,0,6566920,0,4850.49,17923.40,1269825535,4676648959,4764729343,4844421119,4928307199,1125376,5280628735,3346932986.20,1994997812.01,6566920,10,10,10,0,0,0,0,0,0,4819255295,4873781247,4873781247,4809769662.17,17920
1790617418,0,6584840,0,4860.13,17932.58,1291845631,4676648959,4764729343,4844421119,4928307199,1125376,5280628735,3350902848.75,1993731147.82,6584840,10,10,10,0,0,0,0,0,0,4819255295,4873781247,4873781247,4805689109.94,17920
1790617419,0,6600740,0,4868.28,15890.97,1308622847,4676648959,4764729343,4844421119,4928307199,1125376,5280628735,3354416560.13,1992612578.15,6600740,10,10,10,0,0,0,0,0,0,4819255295,4877975551,4877975551,4809588084.76,15900
1790617420,0,6618660,0,4877.90,17928.34,1319108607,4676648959,4768923647,4844421119,4928307199,1125376,5280628735,3358363123.40,1991355097.78,6618660,10,10,10,0,0,0,0,0,0,4819255295,4877975551,4877975551,4812059443.20,17920
1790617421,0,6636040,0,4887.10,17369.97,1330642943,4680843263,4768923647,4844421119,4928307199,1125376,5280628735,3362151210.42,1990119914.98,6636040,10,10,10,0,0,0,0,0,0,4819255295,4877975551,4877975551,4804732337.40,17380
1790617422,0,6652390,0,4895.54,16353.90,1350565887,4680843263,4768923647,4844421119,4928307199,1125376,5280628735,3365714617.12,1988969517.07,6652390,10,10,10,0,0,0,0,0,0,4819255295,4877975551,4877975551,4812008770.04,16350
1790617423,0,6670062,0,4904.93,17671.16,1371537407,4680843263,4768923647,4844421119,4928307199,1125376,5280628735,3369552000.54,1987728579.67,6670062,10,10,10,0,0,0,0,0,0,4823449599,4877975551,4877975551,4814084093.22,17672
1790617424,0,6687780,0,4914.35,17726.16,1392508927,4680843263,4768923647,4844421119,4928307199,1125376,5280628735,3373360996.12,1986469827.93,6687780,10,10,10,0,0,0,0,0,0,4819255295,4877975551,4877975551,4807283372.75,17718
1790617425,0,6705268,0,4923.58,17488.75,1411383295,4680843263,4768923647,4848615423,4928307199,1125376,5280628735,3377107243.38,1985230622.09,6705268,10,10,10,0,0,0,0,0,0,4819255295,4877975551,4877975551,4809751196.93,17488
1790617426,0,6723080,0,4933.04,17808.43,1428160511,4680843263,4768923647,4848615423,4928307199,1125376,5280628735,3380889134.88,1983957340.56,6723080,10,10,10,0,0,0,0,0,0,4815060991,4873781247,4873781247,4804569580.57,17812
1790617427,0,6738980,0,4941.08,15902.67,1444937727,4680843263,4768923647,4848615423,4928307199,1125376,5280628735,3384250448.59,1982821265.09,6738980,10,10,10,0,0,0,0,0,0,4815060991,4873781247,4873781247,4805532271.93,15900
1790617428,0,6757102,0,4950.74,18119.09,1464860671,4680843263,4773117951,4848615423,4928307199,1125376,5280628735,3388064416.08,1981526799.10,6757102,10,10,10,0,0,0,0,0,0,4815060991,4869586943,4873781247,4806354374.19,18122
1790617429,0,6774820,0,4960.08,17708.81,1478492159,4680843263,4773117951,4848615423,4928307199,1125376,5280628735,3391760079.42,1980250395.92,6774820,10,10,10,0,0,0,0,0,0,4815060991,4869586943,4873781247,4801172775.10,17718
1790617430,0,6792200,0,4969.17,17379.12,1493172223,4680843263,4773117951,4848615423,4928307199,1125376,5280628735,3395376886.52,1979004673.90,6792200,10,10,10,0,0,0,0,0,0,4815060991,4873781247,4873781247,4805228269.21,17380
1790617431,0,6810120,0,4978.64,17933.19,1510998015,4680843263,4773117951,4848615423,4928307199,1125376,5280628735,3399079334.74,1977714121.66,6810120,10,10,10,0,0,0,0,0,0,4815060991,4873781247,4873781247,4802414650.51,17920
1790617432,0,6826020,0,4986.61,15888.94,1526726655,4680843263,4773117951,4848615423,4928307199,1125376,5280628735,3402356995.97,1976574444.48,6826020,10,10,10,0,0,0,0,0,0,4815060991,4873781247,4873781247,4806210219.18,15900
1790617433,0,6843940,0,4996.06,17920.87,1540358143,4680843263,4773117951,4848615423,4928307199,1125376,5280628735,3406041922.68,1975295514.77,6843940,10,10,10,0,0,0,0,0,0,4819255295,4873781247,4873781247,4809690550.86,17920
1790617434,0,6861860,0,5005.49,17931.06,1556086783,4680843263,4773117951,4848615423,4928307199,1125376,5280628735,3409690689.49,1974003682.81,6861860,10,10,10,0,0,0,0,0,0,4815060991,4873781247,4873781247,4803214189.71,17920
1790617435,0,6879240,0,5014.51,17377.63,1573912575,4680843263,4773117951,4848615423,4928307199,1125376,5280628735,3413220984.90,1972756737.50,6879240,10,10,10,0,0,0,0,0,0,4815060991,4873781247,4873781247,4807029551.43,17380
1790617436,0,6897160,0,5023.91,17913.70,1590689791,4680843263,4773117951,4848615423,4928307199,1125376,5280628735,3416835475.05,1971465539.19,6897160,10,10,10,0,0,0,0,0,0,4815060991,4873781247,4873781247,4804388220.34,17920
1790617437,0,6913060,0,5031.82,15897.01,1600126975,4680843263,4773117951,4848615423,4928307199,1125376,5280628735,3420036151.87,1970325773.18,6913060,10,10,10,0,0,0,0,0,0,4819255295,4873781247,4873781247,4808437420.99,15900
1790617438,0,6930980,0,5041.20,17926.37,1614807039,4680843263,4773117951,4848615423,4928307199,1125376,5280628735,3423631288.43,1969044292.11,6930980,10,10,10,0,0,0,0,0,0,4819255295,4873781247,4873781247,4810539476.11,17920
1790617439,0,6948900,0,5050.56,17920.50,1639972863,4685037567,4773117951,4848615423,4924112895,1125376,5280628735,3427193299.73,1967751889.28,6948900,10,10,10,0,0,0,0,0,0,4819255295,4873781247,4877975551,4804884655.54,17920
1790617440,0,6966280,0,5059.51,17374.65,1656750079,4685037567,4773117951,4848615423,4924112895,1125376,5280628735,3430641659.98,1966505618.07,6966280,10,10,10,0,0,0,0,0,0,4819255295,4877975551,4877975551,4809370687.40,17380
1790617441,0,6984200,0,5068.85,17930.54,1672478719,4685037567,4773117951,4848615423,4924112895,1125376,5280628735,3434170340.58,1965213961.52,6984200,10,10,10,0,0,0,0,0,0,4819255295,4873781247,4877975551,4805921294.63,17920
1790617442,0,7000100,0,5076.70,15897.52,1695547391,4685037567,4773117951,4848615423,4924112895,1125376,5280628735,3437293877.91,1964072813.12,7000100,10,10,10,0,0,0,0,0,0,4819255295,4877975551,4877975551,4809332205.84,15900
1790617443,0,7018020,0,5086.01,17919.48,1716518911,4685037567,4773117951,4848615423,4924112895,1125376,5280628735,3440801935.35,1962789406.17,7018020,10,10,10,0,0,0,0,0,0,4819255295,4873781247,4877975551,4811156450.74,17920
1790617444,0,7035940,0,5095.30,17912.87,1732247551,4685037567,4773117951,4848615423,4924112895,1125376,5280628735,3444275396.60,1961493878.55,7035940,10,10,10,0,0,0,0,0,0,4819255295,4873781247,4873781247,4804589041.37,17920
1790617445,0,7053320,0,5104.19,17386.11,1745879039,4685037567,4773117951,4848615423,4924112895,1125376,5280628735,3447638300.78,1960244545.62,7053320,10,10,10,0,0,0,0,0,0,4819255295,4873781247,4873781247,4809041755.50,17380
1790617446,0,7071240,0,5113.46,17919.27,1756364799,4685037567,4773117951,4848615423,4924112895,1125376,5280628735,3451081017.08,1958951075.69,7071240,10,10,10,0,0,0,0,0,0,4819255295,4877975551,4877975551,4806135690.97,17920
1790617447,0,7087140,0,5121.25,15891.03,1772093439,4685037567,4773117951,4848615423,4924112895,1125376,5280628735,3454128362.79,1957808104.94,7087140,10,10,10,0,0,0,0,0,0,4819255295,4877975551,4877975551,4809380743.70,15900
1790617448,0,7106030,0,5131.20,18901.96,1785724927,4685037567,4777312255,4848615423,4924112895,1125376,5280628735,3457397830.74,1956490796.94,7106030,10,10,10,0,0,0,0,0,0,4819255295,4873781247,4877975551,4684035050.32,18890
1790617449,0,7106230,0,5127.64,200.02,1785724927,4685037567,4777312255,4848615423,4924112895,1125376,5280628735,3457300745.21,1956548849.28,7106230,10,10,10,0,0,0,0,0,0,7327743,14229503,14852095,7837201.92,200
1790617450,0,7106430,0,5124.08,199.87,1784676351,4685037567,4777312255,4848615423,4924112895,1125376,5280628735,3457203641.90,1956606932.74,7106430,10,10,10,0,0,0,0,0,0,6795263,13279231,14352383,7011381.76,200
1790617451,0,7106630,0,5120.54,200.11,1784676351,4685037567,4777312255,4848615423,4924112895,1125376,5280628735,3457106575.95,1956664950.20,7106630,10,10,10,0,0,0,0,0,0,8585215,14614527,15810559,8144814.08,200
1790617452,0,7106830,0,5116.99,199.98,1783627775,4685037567,4773117951,4848615423,4924112895,1125376,5280628735,3457009514.51,1956722959.54,7106830,10,10,10,0,0,0,0,0,0,8388607,14286847,14729215,8110850.56,200
1790617453,0,7107030,0,5113.45,199.90,1783627775,4685037567,4773117951,4848615423,4924112895,1125376,5280628735,3456912415.98,1956781034.09,7107030,10,10,10,0,0,0,0,0,0,5431295,13385727,14295039,6598471.68,200
1790617454,0,7107230,0,5109.92,200.10,1783627775,4685037567,4773117951,4848615423,4924112895,1125376,5280628735,3456815396.72,1956838968.74,7107230,10,10,10,0,0,0,0,0,0,9035775,14786559,15810559,9221445.12,200
1790617455,0,7107430,0,5106.40,200.03,1782579199,4685037567,4773117951,4848615423,4924112895,1125376,5280628735,3456718320.99,1956897002.73,7107430,10,10,10,0,0,0,0,0,0,6750207,13361151,14991359,7020700.16,200
1790617456,0,7107630,0,5102.87,199.94,1780482047,4685037567,4773117951,4848615423,4924112895,1125376,5280628735,3456621243.58,1956955039.51,7107630,10,10,10,0,0,0,0,0,0,5836799,13295615,14671871,6766922.24,200
1790617457,0,7107830,0,5099.36,199.99,1780482047,4685037567,4773117951,4848615423,4924112895,1125376,5280628735,3456524228.32,1957012966.63,7107830,10,10,10,0,0,0,0,0,0,8536063,14442495,15171583,8781150.72,200
1790617458,0,7108030,0,5095.84,200.09,1780482047,4685037567,4773117951,4848615423,4924112895,1125376,5280628735,3456427194.96,1957070925.44,7108030,10,10,10,0,0,0,0,0,0,8089599,13484031,14499839,7944199.68,200
1790617459,0,7108230,0,5092.34,199.96,1780482047,4685037567,4773117951,4848615423,4924112895,1125376,5280628735,3456330143.65,1957128915.68,7108230,10,10,10,0,0,0,0,0,0,7434239,11304959,12460031,7111912.96,200
1790617460,0,7108430,0,5088.83,200.01,1779433471,4685037567,4773117951,4848615423,4924112895,1125376,5280628735,3456233072.33,1957186941.04,7108430,10,10,10,0,0,0,0,0,0,5074943,12222463,14335999,6206927.36,200
1790617461,0,7108630,0,5085.34,200.00,1779433471,4685037567,4773117951,4848615423,4924112895,1125376,5280628735,3456136070.69,1957244843.46,7108630,10,10,10,0,0,0,0,0,0,9035775,13746175,14934015,8489131.52,200
1790617462,0,7108830,0,5081.85,200.06,1779433471,4685037567,4773117951,4848615423,4924112895,1125376,5280628735,3456038993.04,1957302879.64,7108830,10,10,10,0,0,0,0,0,0,4456447,12656639,14573567,5593574.40,200
1790617463,0,7109030,0,5078.36,199.90,1778384895,4685037567,4773117951,4848615423,4924112895,1125376,5280628735,3455941985.81,1957360791.56,7109030,10,10,10,0,0,0,0,0,0,8454143,13369343,15024127,7902305.28,200
1790617464,0,7109230,0,5074.87,199.93,1778384895,4685037567,4773117951,4848615423,4924112895,1125376,5280628735,3455845000.98,1957418663.89,7109230,10,10,10,0,0,0,0,0,0,9650175,14278655,15736831,8504857.60,200
1790617465,0,7109430,0,5071.40,200.00,1777336319,4685037567,4773117951,4848615423,4924112895,1125376,5280628735,3455747990.28,1957476581.60,7109430,10,10,10,0,0,0,0,0,0,6742015,13254655,14335999,7391150.08,200
1790617466,0,7109630,0,5067.92,200.00,1777336319,4685037567,4773117951,4848615423,4924112895,1125376,5280628735,3455651005.94,1957534452.75,7109630,10,10,10,0,0,0,0,0,0,7987199,14393343,15040511,8134016.00,200
1790617467,0,7109830,0,5064.46,200.15,1776287743,4685037567,4773117951,4848615423,4924112895,1125376,5280628735,3455554022.63,1957592321.89,7109830,10,10,10,0,0,0,0,0,0,7942143,14450687,15507455,7976870.40,200
1790617468,0,7110030,0,5061.00,199.98,1776287743,4685037567,4773117951,4848615423,4924112895,1125376,5280628735,3455457022.66,1957650220.22,7110030,10,10,10,0,0,0,0,0,0,6635519,13352959,14344191,7190402.56,200
1790617469,0,7110230,0,5057.54,199.96,1774190591,4685037567,4773117951,4848615423,4924112895,1125376,5280628735,3455360023.03,1957708117.79,7110230,10,10,10,0,0,0,0,0,0,6651903,13303807,14401535,7008655.36,200
1790617470,0,7110430,0,5054.08,199.90,1774190591,4685037567,4773117951,4848615423,4924112895,1125376,5280628735,3455262995.81,1957766063.75,7110430,10,10,10,0,0,0,0,0,0,4980735,10420223,11206655,5833843.20,200
1790617471,0,7110630,0,5050.64,200.04,1773142015,4685037567,4773117951,4848615423,4924112895,1125376,5280628735,3455166028.54,1957823904.05,7110630,10,10,10,0,0,0,0,0,0,7340031,14843903,19726335,7771015.68,200
1790617472,0,7110830,0,5047.19,200.00,1773142015,4685037567,4773117951,4848615423,4924112895,1125376,5280628735,3455069028.60,1957881801.68,7110830,10,10,10,0,0,0,0,0,0,5124095,13492223,14852095,6415518.72,200
1790617473,0,7111030,0,5043.75,199.98,1773142015,4685037567,4773117951,4848615423,4924112895,1125376,5280628735,3454972045.50,1957939669.47,7111030,10,10,10,0,0,0,0,0,0,5742591,13230079,14376959,6820426.24,200
1790617474,0,7111230,0,5040.32,200.10,1772093439,4685037567,4773117951,4848615423,4924112895,1125376,5280628735,3454875043.30,1957997570.78,7111230,10,10,10,0,0,0,0,0,0,4366335,14426111,16015359,5947164.16,200
1790617475,0,7111430,0,5036.90,200.07,1772093439,4685037567,4773117951,4848615423,4924112895,1125376,5280628735,3454778091.99,1958055382.32,7111430,10,10,10,0,0,0,0,0,0,6492159,14106623,14925823,7562736.64,200
1790617476,0,7111630,0,5033.47,199.84,1772093439,4685037567,4773117951,4848615423,4924112895,1125376,5280628735,3454681154.16,1958113169.97,7111630,10,10,10,0,0,0,0,0,0,6430719,15532031,16523263,7848181.76,200
1790617477,0,7111830,0,5030.05,200.13,1772093439,4685037567,4773117951,4848615423,4924112895,1125376,5280628735,3454584224.89,1958170942.35,7111830,10,10,10,0,0,0,0,0,0,8163327,13295615,14327807,7958758.40,200
1790617478,0,7112030,0,5026.64,199.94,1771044863,4685037567,4773117951,4848615423,4924112895,1125376,5280628735,3454487289.65,1958228725.09,7112030,10,10,10,0,0,0,0,0,0,8015871,13893631,14934015,7552814.08,200
1790617479,0,7112230,0,5023.23,199.99,1769996287,4685037567,4773117951,4848615423,4924112895,1125376,5280628735,3454390343.49,1958286526.91,7112230,10,10,10,0,0,0,0,0,0,6377471,13885439,15237119,6970119.68,200
1790617480,0,7112430,0,5019.82,199.92,1769996287,4685037567,4773117951,4848615423,4924112895,1125376,5280628735,3454293411.48,1958344303.67,7112430,10,10,10,0,0,0,0,0,0,7679999,13983743,14811135,7279546.88,200
1790617481,0,7112630,0,5016.43,200.06,1768947711,4685037567,4773117951,4848615423,4924112895,1125376,5280628735,3454196471.52,1958402094.23,7112630,10,10,10,0,0,0,0,0,0,6369279,13025279,14098431,6803281.92,200
1790617482,0,7112830,0,5013.03,200.03,1767899135,4685037567,4773117951,4848615423,4924112895,1125376,5280628735,3454099543.71,1958459863.29,7112830,10,10,10,0,0,0,0,0,0,5165055,14565375,15532031,7041425.92,200
1790617483,0,7113030,0,5009.64,200.01,1767899135,4685037567,4773117951,4848615423,4924112895,1125376,5280628735,3454002595.28,1958517668.47,7113030,10,10,10,0,0,0,0,0,0,4923391,13434879,14540799,6113848.32,200
1790617484,0,7113230,0,5006.25,199.92,1766850559,4685037567,4773117951,4848615423,4924112895,1125376,5280628735,3453905715.55,1958575352.60,7113230,10,10,10,0,0,0,0,0,0,8847359,14557183,15507455,8363709.44,200
1790617485,0,7113430,0,5002.87,199.96,1765801983,4685037567,4773117951,4848615423,4924112895,1125376,5280628735,3453808854.39,1958633003.94,7113430,10,10,10,0,0,0,0,0,0,9043967,14450687,15032319,8830097.92,200
1790617486,0,7113630,0,4999.50,200.09,1763704831,4685037567,4773117951,4848615423,4924112895,1125376,5280628735,3453711952.78,1958690726.25,7113630,10,10,10,0,0,0,0,0,0,6983679,13262847,14589951,7197854.72,200
1790617487,0,7113830,0,4996.13,200.01,1762656255,4685037567,4773117951,4848615423,4924112895,1125376,5280628735,3453615037.88,1958748471.80,7113830,10,10,10,0,0,0,0,0,0,5599231,14303231,15548415,6531366.40,200
1790617488,0,7114030,0,4992.77,200.09,1762656255,4685037567,4773117951,4848615423,4924112895,1125376,5280628735,3453518152.41,1958806165.42,7114030,10,10,10,0,0,0,0,0,0,6942719,13746175,14745599,7384294.40,200
1790617489,0,7114230,0,4989.40,199.89,1762656255,4685037567,4773117951,4848615423,4924112895,1125376,5280628735,3453421255.13,1958863879.67,7114230,10,10,10,0,0,0,0,0,0,5001215,14024703,14712831,6770600.96,200
1790617490,0,7114430,0,4986.04,199.95,1762656255,4685037567,4773117951,4848615423,4924112895,1125376,5280628735,3453324382.14,1958921551.05,7114430,10,10,10,0,0,0,0,0,0,5857279,14770175,15745023,7440924.16,200
1790617491,0,7114630,0,4982.69,200.11,1762656255,4685037567,4773117951,4848615423,4924112895,1125376,5280628735,3453227506.56,1958979226.83,7114630,10,10,10,0,0,0,0,0,0,7053311,13697023,14548991,7154667.52,200
1790617492,0,7114830,0,4979.35,199.95,1761607679,4685037567,4773117951,4848615423,4924112895,1125376,5280628735,3453130645.43,1959036877.01,7114830,10,10,10,0,0,0,0,0,0,7770111,13893631,15359999,7475320.32,200
1790617493,0,7115030,0,4976.00,199.93,1760559103,4685037567,4773117951,4848615423,4924112895,1125376,5280628735,3453033749.37,1959094588.51,7115030,10,10,10,0,0,0,0,0,0,4763647,13221887,14532607,6038581.76,200
1790617494,0,7115230,0,4972.67,200.17,1760559103,4685037567,4773117951,4848615423,4924112895,1125376,5280628735,3452936865.15,1959152278.98,7115230,10,10,10,0,0,0,0,0,0,5730303,12795903,14548991,6266396.16,200
1790617495,0,7115430,0,4969.33,199.85,1759510527,4685037567,4773117951,4848615423,4924112895,1125376,5280628735,3452840004.63,1959209927.65,7115430,10,10,10,0,0,0,0,0,0,6139903,12828671,14090239,6915479.04,200
1790617496,0,7115630,0,4966.00,200.05,1758461951,4685037567,4773117951,4848615423,4924112895,1125376,5280628735,3452743127.06,1959267606.14,7115630,10,10,10,0,0,0,0,0,0,4997119,12238847,14376959,6115432.96,200
1790617497,0,7115830,0,4962.68,199.92,1758461951,4685037567,4773117951,4848615423,4924112895,1125376,5280628735,3452646242.26,1959325297.18,7115830,10,10,10,0,0,0,0,0,0,4993023,10846207,13205503,5664135.68,200
1790617498,0,7116030,0,4959.36,200.03,1758461951,4685037567,4773117951,4848615423,4924112895,1125376,5280628735,3452549420.83,1959382876.67,7116030,10,10,10,0,0,0,0,0,0,7208959,14557183,15564799,7725409.28,200
1790617499,0,7116230,0,4956.05,200.13,1757413375,4685037567,4773117951,4848615423,4924112895,1125376,5280628735,3452452604.86,1959440446.43,7116230,10,10,10,0,0,0,0,0,0,7888895,13598719,14319615,7725593.60,200
1790617500,0,7116430,0,4952.74,199.84,1757413375,4685037567,4773117951,4848615423,4924112895,1125376,5280628735,3452355789.03,1959498015.79,7116430,10,10,10,0,0,0,0,0,0,6885375,14442495,15253503,7537425.92,200
1790617501,0,7116630,0,4949.43,200.10,1757413375,4685037567,4773117951,4848615423,4924112895,1125376,5280628735,3452258987.04,1959555560.64,7116630,10,10,10,0,0,0,0,0,0,8327167,13402111,14835711,7836098.56,200
1790617502,0,7116830,0,4946.13,199.99,1757413375,4685037567,4773117951,4848615423,4924112895,1125376,5280628735,3452162158.04,1959613152.87,7116830,10,10,10,0,0,0,0,0,0,5160959,13713407,14753791,6681290.24,200
1790617503,0,7117030,0,4942.83,199.92,1756364799,4685037567,4773117951,4848615423,4924112895,1125376,5280628735,3452065328.22,1959670746.38,7117030,10,10,10,0,0,0,0,0,0,5017599,13148159,14581759,6458388.48,200
1790617504,0,7117060,0,4939.42,30.01,1756364799,4685037567,4773117951,4848615423,4924112895,1125376,5280628735,3452050814.96,1959679365.70,7117060,10,10,10,0,0,0,0,0,0,8937471,14491647,14852095,9006455.47,30
1790617505,0,7117060,0,4936.00,0.00,1756364799,4685037567,4773117951,4848615423,4924112895,1125376,5280628735,3452050814.96,1959679365.70,7117060,10,10,10,0,0,0,0,0,0,0,0,0,0.00,0
1790617506,0,7117060,0,4932.58,0.00,1756364799,4685037567,4773117951,4848615423,4924112895,1125376,5280628735,3452050814.96,1959679365.70,7117060,10,10,10,0,0,0,0,0,0,0,0,0,0.00,0
1790617507,0,7117060,0,4929.16,0.00,1756364799,4685037567,4773117951,4848615423,4924112895,1125376,5280628735,3452050814.96,1959679365.70,7117060,10,10,10,0,0,0,0,0,0,0,0,0,0.00,0
1790617508,0,7117060,0,4925.75,0.00,1756364799,4685037567,4773117951,4848615423,4924112895,1125376,5280628735,3452050814.96,1959679365.70,7117060,10,10,10,0,0,0,0,0,0,0,0,0,0.00,0
1790617509,0,7117060,0,4922.34,0.00,1756364799,4685037567,4773117951,4848615423,4924112895,1125376,5280628735,3452050814.96,1959679365.70,7117060,10,10,10,0,0,0,0,0,0,0,0,0,0.00,0
