timestamp,sent_count,received_count,error_count,total_throughput,interval_throughput,latency_ns_p25,latency_ns_p50,latency_ns_p75,latency_ns_p95,latency_ns_p99,latency_ns_min,latency_ns_max,latency_ns_mean,latency_ns_stddev,latency_sample_count,connections,active_connections,connection_attempts,connection_failures,crashes_injected,reconnects,reconnect_failures,duplicate_count,gap_count,interval_latency_ns_p50,interval_latency_ns_p95,interval_latency_ns_p99,interval_latency_ns_mean,interval_latency_sample_count
1790618315,0,0,0,0.00,0.00,0,0,0,0,0,0,0,0.00,0.00,0,0,0,1,0,0,0,0,0,0,0,0,0,0.00,0
1790618316,0,0,0,0.00,0.00,0,0,0,0,0,0,0,0.00,0.00,0,1,1,1,0,0,0,0,0,0,0,0,0,0.00,0
1790618317,0,0,0,0.00,0.00,0,0,0,0,0,0,0,0.00,0.00,0,1,1,1,0,0,0,0,0,0,0,0,0,0.00,0
1790618318,0,0,0,0.00,0.00,0,0,0,0,0,0,0,0.00,0.00,0,1,1,1,0,0,0,0,0,0,0,0,0,0.00,0
1790618319,0,0,0,0.00,0.00,0,0,0,0,0,0,0,0.00,0.00,0,1,1,1,0,0,0,0,0,0,0,0,0,0.00,0
1790618320,0,0,0,0.00,0.00,0,0,0,0,0,0,0,0.00,0.00,0,1,1,1,0,0,0,0,0,0,0,0,0,0.00,0
1790618321,0,0,0,0.00,0.00,0,0,0,0,0,0,0,0.00,0.00,0,1,1,1,0,0,0,0,0,0,0,0,0,0.00,0
1790618322,0,0,0,0.00,0.00,0,0,0,0,0,0,0,0.00,0.00,0,2,2,2,0,0,0,0,0,0,0,0,0,0.00,0
1790618323,0,0,0,0.00,0.00,0,0,0,0,0,0,0,0.00,0.00,0,2,2,2,0,0,0,0,0,0,0,0,0,0.00,0
1790618324,0,0,0,0.00,0.00,0,0,0,0,0,0,0,0.00,0.00,0,2,2,2,0,0,0,0,0,0,0,0,0,0.00,0
1790618325,0,0,0,0.00,0.00,0,0,0,0,0,0,0,0.00,0.00,0,2,2,2,0,0,0,0,0,0,0,0,0,0.00,0
1790618326,0,0,0,0.00,0.00,0,0,0,0,0,0,0,0.00,0.00,0,2,2,2,0,0,0,0,0,0,0,0,0,0.00,0
1790618327,0,0,0,0.00,0.00,0,0,0,0,0,0,0,0.00,0.00,0,2,2,2,0,0,0,0,0,0,0,0,0,0.00,0
1790618328,0,0,0,0.00,0.00,0,0,0,0,0,0,0,0.00,0.00,0,2,2,2,0,0,0,0,0,0,0,0,0,0.00,0
1790618329,0,0,0,0.00,0.00,0,0,0,0,0,0,0,0.00,0.00,0,3,3,3,0,0,0,0,0,0,0,0,0,0.00,0
1790618330,0,0,0,0.00,0.00,0,0,0,0,0,0,0,0.00,0.00,0,3,3,3,0,0,0,0,0,0,0,0,0,0.00,0
1790618331,0,0,0,0.00,0.00,0,0,0,0,0,0,0,0.00,0.00,0,3,3,3,0,0,0,0,0,0,0,0,0,0.00,0
1790618332,0,0,0,0.00,0.00,0,0,0,0,0,0,0,0.00,0.00,0,3,3,3,0,0,0,0,0,0,0,0,0,0.00,0
1790618333,0,0,0,0.00,0.00,0,0,0,0,0,0,0,0.00,0.00,0,3,3,3,0,0,0,0,0,0,0,0,0,0.00,0
1790618334,0,0,0,0.00,0.00,0,0,0,0,0,0,0,0.00,0.00,0,3,3,3,0,0,0,0,0,0,0,0,0,0.00,0
1790618335,0,0,0,0.00,0.00,0,0,0,0,0,0,0,0.00,0.00,0,3,3,3,0,0,0,0,0,0,0,0,0,0.00,0
1790618336,0,0,0,0.00,0.00,0,0,0,0,0,0,0,0.00,0.00,0,4,4,4,0,0,0,0,0,0,0,0,0,0.00,0
1790618337,0,0,0,0.00,0.00,0,0,0,0,0,0,0,0.00,0.00,0,4,4,4,0,0,0,0,0,0,0,0,0,0.00,0
1790618338,0,0,0,0.00,0.00,0,0,0,0,0,0,0,0.00,0.00,0,4,4,4,0,0,0,0,0,0,0,0,0,0.00,0
1790618339,0,0,0,0.00,0.00,0,0,0,0,0,0,0,0.00,0.00,0,4,4,4,0,0,0,0,0,0,0,0,0,0.00,0
1790618340,0,0,0,0.00,0.00,0,0,0,0,0,0,0,0.00,0.00,0,4,4,4,0,0,0,0,0,0,0,0,0,0.00,0
1790618341,0,0,0,0.00,0.00,0,0,0,0,0,0,0,0.00,0.00,0,4,4,4,0,0,0,0,0,0,0,0,0,0.00,0
1790618342,0,0,0,0.00,0.00,0,0,0,0,0,0,0,0.00,0.00,0,5,5,5,0,0,0,0,0,0,0,0,0,0.00,0
1790618343,0,0,0,0.00,0.00,0,0,0,0,0,0,0,0.00,0.00,0,5,5,5,0,0,0,0,0,0,0,0,0,0.00,0
1790618344,0,0,0,0.00,0.00,0,0,0,0,0,0,0,0.00,0.00,0,5,5,5,0,0,0,0,0,0,0,0,0,0.00,0
1790618345,0,0,0,0.00,0.00,0,0,0,0,0,0,0,0.00,0.00,0,5,5,5,0,0,0,0,0,0,0,0,0,0.00,0
1790618346,0,0,0,0.00,0.00,0,0,0,0,0,0,0,0.00,0.00,0,5,5,5,0,0,0,0,0,0,0,0,0,0.00,0
1790618347,0,0,0,0.00,0.00,0,0,0,0,0,0,0,0.00,0.00,0,5,5,5,0,0,0,0,0,0,0,0,0,0.00,0
1790618348,0,0,0,0.00,0.00,0,0,0,0,0,0,0,0.00,0.00,0,5,5,5,0,0,0,0,0,0,0,0,0,0.00,0
1790618349,0,0,0,0.00,0.00,0,0,0,0,0,0,0,0.00,0.00,0,6,6,6,0,0,0,0,0,0,0,0,0,0.00,0
1790618350,0,0,0,0.00,0.00,0,0,0,0,0,0,0,0.00,0.00,0,6,6,6,0,0,0,0,0,0,0,0,0,0.00,0
1790618351,0,0,0,0.00,0.00,0,0,0,0,0,0,0,0.00,0.00,0,6,6,6,0,0,0,0,0,0,0,0,0,0.00,0
1790618352,0,0,0,0.00,0.00,0,0,0,0,0,0,0,0.00,0.00,0,6,6,6,0,0,0,0,0,0,0,0,0,0.00,0
1790618353,0,0,0,0.00,0.00,0,0,0,0,0,0,0,0.00,0.00,0,6,6,6,0,0,0,0,0,0,0,0,0,0.00,0
1790618354,0,0,0,0.00,0.00,0,0,0,0,0,0,0,0.00,0.00,0,6,6,6,0,0,0,0,0,0,0,0,0,0.00,0
1790618355,0,0,0,0.00,0.00,0,0,0,0,0,0,0,0.00,0.00,0,6,6,6,0,0,0,0,0,0,0,0,0,0.00,0
1790618356,0,0,0,0.00,0.00,0,0,0,0,0,0,0,0.00,0.00,0,7,7,7,0,0,0,0,0,0,0,0,0,0.00,0
1790618357,0,0,0,0.00,0.00,0,0,0,0,0,0,0,0.00,0.00,0,7,7,7,0,0,0,0,0,0,0,0,0,0.00,0
1790618358,0,0,0,0.00,0.00,0,0,0,0,0,0,0,0.00,0.00,0,7,7,7,0,0,0,0,0,0,0,0,0,0.00,0
1790618359,0,0,0,0.00,0.00,0,0,0,0,0,0,0,0.00,0.00,0,7,7,7,0,0,0,0,0,0,0,0,0,0.00,0
1790618360,0,0,0,0.00,0.00,0,0,0,0,0,0,0,0.00,0.00,0,7,7,7,0,0,0,0,0,0,0,0,0,0.00,0
1790618361,0,0,0,0.00,0.00,0,0,0,0,0,0,0,0.00,0.00,0,7,7,7,0,0,0,0,0,0,0,0,0,0.00,0
1790618362,0,0,0,0.00,0.00,0,0,0,0,0,0,0,0.00,0.00,0,8,8,8,0,0,0,0,0,0,0,0,0,0.00,0
1790618363,0,0,0,0.00,0.00,0,0,0,0,0,0,0,0.00,0.00,0,8,8,8,0,0,0,0,0,0,0,0,0,0.00,0
1790618364,0,0,0,0.00,0.00,0,0,0,0,0,0,0,0.00,0.00,0,8,8,8,0,0,0,0,0,0,0,0,0,0.00,0
1790618365,0,0,0,0.00,0.00,0,0,0,0,0,0,0,0.00,0.00,0,8,8,8,0,0,0,0,0,0,0,0,0,0.00,0
1790618366,0,0,0,0.00,0.00,0,0,0,0,0,0,0,0.00,0.00,0,8,8,8,0,0,0,0,0,0,0,0,0,0.00,0
1790618367,0,0,0,0.00,0.00,0,0,0,0,0,0,0,0.00,0.00,0,8,8,8,0,0,0,0,0,0,0,0,0,0.00,0
1790618368,0,0,0,0.00,0.00,0,0,0,0,0,0,0,0.00,0.00,0,8,8,8,0,0,0,0,0,0,0,0,0,0.00,0
1790618369,0,0,0,0.00,0.00,0,0,0,0,0,0,0,0.00,0.00,0,9,9,9,0,0,0,0,0,0,0,0,0,0.00,0
1790618370,0,0,0,0.00,0.00,0,0,0,0,0,0,0,0.00,0.00,0,9,9,9,0,0,0,0,0,0,0,0,0,0.00,0
1790618371,0,0,0,0.00,0.00,0,0,0,0,0,0,0,0.00,0.00,0,9,9,9,0,0,0,0,0,0,0,0,0,0.00,0
1790618372,0,0,0,0.00,0.00,0,0,0,0,0,0,0,0.00,0.00,0,9,9,9,0,0,0,0,0,0,0,0,0,0.00,0
1790618373,0,0,0,0.00,0.00,0,0,0,0,0,0,0,0.00,0.00,0,9,9,9,0,0,0,0,0,0,0,0,0,0.00,0
1790618374,0,0,0,0.00,0.00,0,0,0,0,0,0,0,0.00,0.00,0,9,9,9,0,0,0,0,0,0,0,0,0,0.00,0
1790618375,0,0,0,0.00,0.00,0,0,0,0,0,0,0,0.00,0.00,0,9,9,9,0,0,0,0,0,0,0,0,0,0.00,0
1790618376,0,0,0,0.00,0.00,0,0,0,0,0,0,0,0.00,0.00,0,10,10,10,0,0,0,0,0,0,0,0,0,0.00,0
1790618377,0,160,0,256.47,160.00,4448255,49709055,95485951,164495359,182714367,539648,192413695,57878012.80,54650061.25,160,10,10,10,0,0,0,0,0,0,49709055,164495359,182714367,57878012.80,160
1790618378,0,360,0,221.66,199.96,2160639,3287039,30670847,129564671,170786815,539648,192413695,27134102.04,45652406.37,360,10,10,10,0,0,0,0,0,0,2668543,3917823,4534271,2538973.44,200
1790618379,0,560,0,213.41,200.01,2101247,2969599,4571135,117637119,170393599,539648,192413695,18518949.49,38400583.76,560,10,10,10,0,0,0,0,0,0,2576383,6701055,11780095,3011674.88,200
1790618380,0,760,0,209.69,199.94,2000895,2779135,3864575,96141311,167510015,539648,192413695,14339210.11,33703506.25,760,10,10,10,0,0,0,0,0,0,2596863,4337663,8384511,2635939.84,200
1790618381,0,960,0,207.61,200.03,1938431,2701311,3579903,91095039,161349631,539648,192413695,11866342.67,30376619.19,960,10,10,10,0,0,0,0,0,0,2363391,4440063,5046271,2469446.40,200
1790618382,0,1160,0,206.25,199.99,1928191,2705407,3604479,76480511,144441343,539648,192413695,10335611.59,27844612.21,1160,10,10,10,0,0,0,0,0,0,2777087,5697535,9175039,2988102.40,200
1790618383,0,1360,0,205.31,200.00,1887231,2676735,3479551,61865983,143261695,539648,192413695,9180643.20,25868089.01,1360,10,10,10,0,0,0,0,0,0,2459647,3950591,4755455,2481826.56,200
1790618384,0,1560,0,204.62,200.06,1866751,2674687,3469311,51052543,141688831,539648,192413695,8358405.25,24253956.78,1560,10,10,10,0,0,0,0,0,0,2488319,4485119,8912895,2767187.20,200
1790618385,0,1760,0,204.08,199.93,1841151,2629631,3409919,36896767,132120575,539648,192413695,7675456.58,22915525.25,1760,10,10,10,0,0,0,0,0,0,2299903,3774463,3952639,2348456.96,200
1790618386,0,1960,0,203.64,199.91,1797119,2576383,3354623,20398079,129302527,539648,192413695,7119229.65,21779105.72,1960,10,10,10,0,0,0,0,0,0,2177023,3467263,4337663,2224432.64,200
1790618387,0,2160,0,203.31,200.13,1785855,2533375,3305471,9330687,128057343,539648,192413695,6670031.53,20795578.44,2160,10,10,10,0,0,0,0,0,0,2234367,3553279,3850239,2267889.92,200
1790618388,0,2360,0,203.03,200.01,1785855,2514943,3289087,8384511,127729663,539648,192413695,6312958.92,19931210.51,2360,10,10,10,0,0,0,0,0,0,2455551,3790847,4722687,2456574.72,200
1790618389,0,2560,0,202.78,199.86,1786879,2510847,3268607,7245823,121700351,539648,192413695,6014119.90,19166107.60,2560,10,10,10,0,0,0,0,0,0,2473983,4075519,4874239,2487819.52,200
1790618390,0,2760,0,202.59,200.18,1785855,2502655,3264511,6729727,120061951,539648,192413695,5774694.86,18484769.80,2760,10,10,10,0,0,0,0,0,0,2250751,4751359,10731519,2710054.40,200
1790618391,0,2960,0,202.41,199.95,1784831,2488319,3246079,6729727,117374975,539648,192413695,5610289.12,17901299.96,2960,10,10,10,0,0,0,0,0,0,2347007,4395007,24264703,3341489.92,200
1790618392,0,3160,0,202.25,199.97,1774591,2478079,3229695,6238207,114294783,539648,192413695,5403885.53,17345036.66,3160,10,10,10,0,0,0,0,0,0,2297855,3733503,4280319,2349112.32,200
1790618393,0,3360,0,202.12,200.07,1779711,2482175,3217407,5455871,110886911,539648,192413695,5230888.08,16836610.92,3360,10,10,10,0,0,0,0,0,0,2512895,4284415,4599807,2497528.32,200
1790618394,0,3560,0,201.99,199.89,1773567,2467839,3207167,5115903,102957055,539648,192413695,5071319.37,16371165.84,3560,10,10,10,0,0,0,0,0,0,2250751,3837951,4333567,2390565.12,200
1790618395,0,3760,0,201.89,200.07,1771519,2467839,3203071,4874239,100073471,539648,192413695,4931774.30,15942064.12,3760,10,10,10,0,0,0,0,0,0,2467839,4016127,4288511,2447872.00,200
1790618396,0,3960,0,201.79,199.99,1758207,2453503,3188735,4804607,95879167,523520,192413695,4797043.62,15546748.83,3960,10,10,10,0,0,0,0,0,0,2265087,3948543,4673535,2264106.88,200
1790618397,0,4160,0,201.70,199.93,1751039,2445311,3176447,4759551,94240767,523520,192413695,4689135.42,15180098.47,4160,10,10,10,0,0,0,0,0,0,2283519,4218879,9928703,2552552.96,200
1790618398,0,4360,0,201.62,200.03,1750015,2445311,3180543,4722687,93716479,523520,192413695,4589544.48,14836516.42,4360,10,10,10,0,0,0,0,0,0,2435071,4104191,5566463,2518053.12,200
1790618399,0,4560,0,201.55,200.03,1748991,2455551,3180543,4722687,92667903,510464,192413695,4523812.88,14528343.76,4560,10,10,10,0,0,0,0,0,0,2594815,4714495,23625727,3090864.00,200
1790618400,0,4760,0,201.49,199.98,1736703,2443263,3170303,4669439,91815935,510464,192413695,4427631.87,14228414.40,4760,10,10,10,0,0,0,0,0,0,2160639,3786751,4050943,2234704.64,200
1790618401,0,4960,0,201.43,200.02,1738751,2443263,3160063,4702207,86966271,510464,192413695,4354519.95,13946499.15,4960,10,10,10,0,0,0,0,0,0,2369535,5074943,9584639,2614456.32,200
1790618402,0,5160,0,201.37,200.06,1736703,2439167,3158015,4669439,85393407,510464,192413695,4281791.31,13680683.68,5160,10,10,10,0,0,0,0,0,0,2310143,4001791,9224191,2478120.96,200
1790618403,0,5360,0,201.32,200.02,1739775,2451455,3164159,4599807,79757311,510464,192413695,4218720.57,13427940.48,5360,10,10,10,0,0,0,0,0,0,2770943,3833855,4354047,2591495.68,200
1790618404,0,5560,0,201.28,199.99,1739775,2455551,3170303,4579327,77725695,510464,192413695,4159813.53,13189322.58,5560,10,10,10,0,0,0,0,0,0,2545663,4313087,5406719,2581104.64,200
1790618405,0,5760,0,201.22,199.83,1724415,2441215,3151871,4534271,77135871,510464,192413695,4086342.76,12965267.88,5760,10,10,10,0,0,0,0,0,0,2038783,3448831,4081663,2043855.36,200
1790618406,0,5960,0,201.18,200.03,1722367,2435071,3141631,4497407,76021759,510464,192413695,4026535.56,12750912.35,5960,10,10,10,0,0,0,0,0,0,2267135,3737599,4440063,2304088.32,200
1790618407,0,6160,0,201.15,200.11,1724415,2430975,3131391,4464639,75563007,510464,192413695,3971281.08,12546653.13,6160,10,10,10,0,0,0,0,0,0,2320383,3606527,4341759,2324697.60,200
1790618408,0,6360,0,201.11,199.89,1716223,2418687,3123199,4440063,73531391,500224,192413695,3915124.63,12352705.47,6360,10,10,10,0,0,0,0,0,0,2045951,3534847,4239359,2185505.92,200
1790618409,0,6560,0,201.08,200.13,1712127,2418687,3121151,4440063,69992447,500224,192413695,3870851.92,12167603.54,6560,10,10,10,0,0,0,0,0,0,2328575,4583423,7188479,2462979.84,200
1790618410,0,6760,0,201.05,199.97,1710079,2414591,3119103,4468735,65568767,500224,192413695,3839475.11,11993348.40,6760,10,10,10,0,0,0,0,0,0,2312191,6520831,13336575,2810315.52,200
1790618411,0,6960,0,201.02,200.06,1704959,2408447,3115007,4440063,61439999,500224,192413695,3794349.74,11823657.23,6960,10,10,10,0,0,0,0,0,0,2199551,3641343,4288511,2269112.32,200
1790618412,0,7160,0,200.99,199.93,1703935,2404351,3108863,4444159,57311231,500224,192413695,3765816.37,11667013.98,7160,10,10,10,0,0,0,0,0,0,2228223,5185535,13893631,2772855.04,200
1790618413,0,7360,0,200.96,199.96,1709055,2410495,3104767,4431871,54165503,500224,192413695,3730305.62,11510101.57,7360,10,10,10,0,0,0,0,0,0,2486271,3852287,4427775,2459020.80,200
1790618414,0,7560,0,200.93,199.95,1704959,2408447,3094527,4415487,53018623,500224,192413695,3692817.15,11359989.23,7560,10,10,10,0,0,0,0,0,0,2394111,3702783,4132863,2313241.60,200
1790618415,0,7760,0,200.91,200.00,1707007,2412543,3100671,4382719,51281919,500224,192413695,3662029.15,11215325.92,7760,10,10,10,0,0,0,0,0,0,2545663,3926015,4134911,2498242.56,200
1790618416,0,7960,0,200.89,200.04,1703935,2408447,3098623,4362239,50888703,500224,192413695,3627789.39,11076556.04,7960,10,10,10,0,0,0,0,0,0,2281471,3737599,4300799,2299287.04,200
1790618417,0,8160,0,200.86,199.97,1697791,2402303,3092479,4354047,48201727,500224,192413695,3593887.61,10942936.89,8160,10,10,10,0,0,0,0,0,0,2154495,3637247,4263935,2244596.48,200
1790618418,0,8360,0,200.84,200.00,1693695,2396159,3090431,4349951,43155455,500224,192413695,3564593.90,10814299.27,8360,10,10,10,0,0,0,0,0,0,2252799,4214783,5689343,2369410.56,200
1790618419,0,8560,0,200.83,200.14,1697791,2402303,3090431,4362239,42336255,500224,192413695,3541976.66,10689594.28,8560,10,10,10,0,0,0,0,0,0,2504703,4747263,5406719,2596576.00,200
1790618420,0,8760,0,200.81,199.90,1695743,2402303,3088383,4354047,37093375,500224,192413695,3515982.36,10569168.30,8760,10,10,10,0,0,0,0,0,0,2400255,3903487,4661247,2403426.56,200
1790618421,0,8960,0,200.79,199.92,1694719,2400255,3086335,4358143,36372479,500224,192413695,3500919.07,10457828.26,8960,10,10,10,0,0,0,0,0,0,2326527,4452351,14426111,2841146.88,200
1790618422,0,9160,0,200.77,200.19,1699839,2394111,3082239,4337663,30195711,500224,192413695,3473932.26,10345304.60,9160,10,10,10,0,0,0,0,0,0,2105343,3653631,4061183,2264922.88,200
1790618423,0,9360,0,200.76,199.99,1699839,2394111,3082239,4321279,27983871,500224,192413695,3450605.80,10236141.28,9360,10,10,10,0,0,0,0,0,0,2357247,3739647,4210687,2382254.08,200
1790618424,0,9560,0,200.74,199.99,1694719,2394111,3080191,4308991,27459583,500224,192413695,3427145.36,10131552.22,9560,10,10,10,0,0,0,0,0,0,2402303,3694591,9682943,2329196.80,200
1790618425,0,9760,0,200.72,199.87,1694719,2392063,3074047,4300799,24838143,499968,192413695,3403739.72,10029251.67,9760,10,10,10,0,0,0,0,0,0,2328575,3676159,4395007,2284950.40,200
1790618426,0,9960,0,200.71,200.02,1690623,2392063,3076095,4292607,24264703,499968,192413695,3382806.41,9930202.31,9960,10,10,10,0,0,0,0,0,0,2322431,3928063,4530175,2361260.80,200
1790618427,0,10160,0,200.69,200.01,1690623,2390015,3067903,4280319,24133631,499968,192413695,3360126.82,9833836.51,10160,10,10,10,0,0,0,0,0,0,2330623,3387391,3682303,2230682.88,200
1790618428,0,10360,0,200.68,199.94,1691647,2387967,3061759,4263935,23674879,499968,192413695,3339239.76,9740212.53,10360,10,10,10,0,0,0,0,0,0,2299903,3500031,3989503,2278177.28,200
1790618429,0,10560,0,200.67,200.10,1693695,2383871,3057663,4251647,23478271,499968,192413695,3319257.72,9649271.73,10560,10,10,10,0,0,0,0,0,0,2275327,3500031,4780031,2284188.16,200
1790618430,0,10760,0,200.66,200.00,1692671,2379775,3057663,4243455,23166975,499968,192413695,3299772.74,9561004.04,10760,10,10,10,0,0,0,0,0,0,2170879,3727359,4546559,2270965.76,200
1790618431,0,10960,0,200.64,200.05,1692671,2375679,3051519,4235263,22085631,499968,192413695,3281358.60,9475708.80,10960,10,10,10,0,0,0,0,0,0,2080767,3579903,8716287,2290677.76,200
1790618432,0,11160,0,200.63,200.03,1691647,2377727,3051519,4243455,20398079,499968,192413695,3267196.83,9392083.53,11160,10,10,10,0,0,0,0,0,0,2523135,4399103,4759551,2491132.16,200
1790618433,0,11360,0,200.62,199.85,1689599,2377727,3047423,4235263,18137087,499968,192413695,3250552.95,9310630.45,11360,10,10,10,0,0,0,0,0,0,2308095,3829759,4493311,2321824.00,200
1790618434,0,11560,0,200.61,199.96,1685503,2375679,3041279,4218879,16990207,499968,192413695,3232118.10,9231433.54,11560,10,10,10,0,0,0,0,0,0,2131967,3561471,4243455,2185018.88,200
1790618435,0,11760,0,200.60,200.14,1681407,2373631,3041279,4210687,14786559,499968,192413695,3216909.82,9154397.43,11760,10,10,10,0,0,0,0,0,0,2318335,3749887,6447103,2337871.36,200
1790618436,0,11960,0,200.59,199.92,1687551,2373631,3039231,4210687,14426111,491776,192413695,3204179.87,9078906.83,11960,10,10,10,0,0,0,0,0,0,2392063,4130815,5296127,2455658.88,200
1790618437,0,12180,0,200.91,220.11,1679359,2375679,3047423,4259839,18137087,491776,192413695,3216454.25,9021311.20,12180,10,10,10,0,0,0,0,0,0,2514943,12591103,25362431,3883734.11,220
1790618438,0,12380,0,200.90,200.00,1679359,2373631,3047423,4243455,16990207,491776,192413695,3202783.55,8949488.53,12380,10,10,10,0,0,0,0,0,0,2283519,3753983,4513791,2370237.44,200
1790618439,0,12580,0,200.88,199.89,1678335,2375679,3047423,4235263,15335423,491776,192413695,3190309.33,8879273.26,12580,10,10,10,0,0,0,0,0,0,2488319,3747839,3997695,2418155.52,200
1790618440,0,12780,0,200.87,199.99,1675263,2375679,3051519,4222975,14786559,491776,192413695,3177215.63,8810931.44,12780,10,10,10,0,0,0,0,0,0,2234367,4063231,4296703,2353621.76,200
1790618441,0,12980,0,200.85,200.07,1673215,2373631,3047423,4214783,14426111,491776,192413695,3163808.02,8744441.50,12980,10,10,10,0,0,0,0,0,0,2252799,3903487,5390335,2307061.76,200
1790618442,0,13180,0,200.84,199.98,1673215,2371583,3043327,4202495,14229503,491776,192413695,3150697.77,8679020.07,13180,10,10,10,0,0,0,0,0,0,2303999,3514367,4003839,2299842.56,200
1790618443,0,13380,0,200.83,199.94,1675263,2367487,3041279,4188159,14163967,491776,192413695,3137518.62,8615208.27,13380,10,10,10,0,0,0,0,0,0,2232319,3530751,4943871,2269012.48,200
1790618444,0,13580,0,200.82,200.13,1671167,2361343,3037183,4169727,13893631,470784,192413695,3122488.60,8552976.31,13580,10,10,10,0,0,0,0,0,0,1975295,3477503,3815423,2116980.48,200
1790618445,0,13780,0,200.80,199.87,1671167,2361343,3033087,4165631,13336575,470784,192413695,3110625.93,8491943.59,13780,10,10,10,0,0,0,0,0,0,2254847,3786751,4767743,2305150.72,200
1790618446,0,13980,0,200.79,200.00,1675263,2365439,3037183,4161535,13230079,470784,192413695,3102495.16,8431900.95,13980,10,10,10,0,0,0,0,0,0,2510847,3966975,4415487,2542284.80,200
1790618447,0,14180,0,200.78,200.08,1678335,2365439,3039231,4149247,13148159,470784,192413695,3094747.88,8373652.67,14180,10,10,10,0,0,0,0,0,0,2369535,3999743,8536063,2553213.44,200
1790618448,0,14380,0,200.77,200.03,1676287,2365439,3039231,4149247,12541951,470784,192413695,3084623.34,8316439.81,14380,10,10,10,0,0,0,0,0,0,2344959,3938303,4562943,2366792.96,200
1790618449,0,14580,0,200.76,199.97,1675263,2361343,3039231,4136959,12509183,470784,192413695,3073813.29,8260321.70,14580,10,10,10,0,0,0,0,0,0,2181119,3837951,4184063,2296570.88,200
1790618450,0,14780,0,200.75,200.04,1675263,2365439,3041279,4147199,12468223,470784,192413695,3066199.01,8205453.60,14780,10,10,10,0,0,0,0,0,0,2508799,4489215,5353471,2511118.08,200
1790618451,0,14980,0,200.74,200.04,1675263,2361343,3041279,4128767,12353535,470784,192413695,3056110.42,8151512.72,14980,10,10,10,0,0,0,0,0,0,2273279,3651583,3895295,2310563.84,200
1790618452,0,15180,0,200.73,199.82,1675263,2361343,3041279,4110335,12247039,470784,192413695,3046412.94,8098594.53,15180,10,10,10,0,0,0,0,0,0,2330623,3522559,3815423,2320071.68,200
1790618453,0,15380,0,200.72,200.02,1675263,2357247,3039231,4102143,11862015,470784,192413695,3035609.82,8046912.55,15380,10,10,10,0,0,0,0,0,0,2109439,3706879,4009983,2215653.12,200
1790618454,0,15580,0,200.71,200.03,1673215,2359295,3041279,4104191,11780095,470784,192413695,3028793.04,7996373.32,15580,10,10,10,0,0,0,0,0,0,2449407,4268031,5468159,2504582.40,200
1790618455,0,15780,0,200.70,200.06,1673215,2357247,3039231,4098047,11485183,448000,192413695,3019641.69,7946637.76,15780,10,10,10,0,0,0,0,0,0,2236415,3577855,5509119,2306751.36,200
1790618456,0,15980,0,200.69,199.94,1673215,2357247,3039231,4089855,11444223,448000,192413695,3011848.46,7897652.12,15980,10,10,10,0,0,0,0,0,0,2359295,3721215,4296703,2396962.56,200
1790618457,0,16180,0,200.68,200.07,1675263,2359295,3041279,4087807,11239423,448000,192413695,3005555.33,7849706.08,16180,10,10,10,0,0,0,0,0,0,2484223,3981311,5033983,2502734.08,200
1790618458,0,16380,0,200.68,199.94,1677311,2361343,3043327,4089855,10731519,448000,192413695,3000236.53,7802709.12,16380,10,10,10,0,0,0,0,0,0,2555903,4134911,4988927,2569945.60,200
1790618459,0,16580,0,200.67,200.00,1675263,2361343,3039231,4083711,10231807,448000,192413695,2991154.81,7756539.23,16580,10,10,10,0,0,0,0,0,0,2215935,3694591,4501503,2247362.56,200
1790618460,0,16780,0,200.66,200.07,1679359,2361343,3039231,4079615,10182655,448000,192413695,2984474.88,7710938.05,16780,10,10,10,0,0,0,0,0,0,2381823,3839999,4214783,2430708.48,200
1790618461,0,16980,0,200.65,199.87,1678335,2361343,3041279,4087807,10141695,448000,192413695,2978139.09,7666473.18,16980,10,10,10,0,0,0,0,0,0,2338815,4251647,4612095,2446566.40,200
1790618462,0,17180,0,200.64,200.01,1680383,2361343,3043327,4081663,9953279,448000,192413695,2972051.79,7622447.96,17180,10,10,10,0,0,0,0,0,0,2471935,3688447,4126719,2455239.68,200
1790618463,0,17380,0,200.64,200.12,1682431,2361343,3041279,4069375,9920511,448000,192413695,2964428.15,7579206.67,17380,10,10,10,0,0,0,0,0,0,2260991,3631103,3878911,2309557.76,200
1790618464,0,17580,0,200.63,199.92,1682431,2361343,3041279,4065279,9871359,448000,192413695,2958089.71,7536877.27,17580,10,10,10,0,0,0,0,0,0,2539519,3901439,4374527,2407279.36,200
1790618465,0,17780,0,200.62,200.02,1681407,2361343,3039231,4065279,9691135,448000,192413695,2950360.65,7495313.95,17780,10,10,10,0,0,0,0,0,0,2166783,3870719,4395007,2270976.00,200
1790618466,0,17980,0,200.62,200.05,1679359,2359295,3039231,4061183,9674751,448000,192413695,2943090.49,7454500.08,17980,10,10,10,0,0,0,0,0,0,2199551,3858431,4395007,2296773.12,200
1790618467,0,18180,0,200.61,200.03,1679359,2357247,3037183,4059135,9650175,448000,192413695,2935749.83,7414171.68,18180,10,10,10,0,0,0,0,0,0,2287615,3487743,4251647,2275824.64,200
1790618468,0,18380,0,200.60,199.86,1678335,2355199,3035135,4057087,9625599,448000,192413695,2928133.60,7374786.57,18380,10,10,10,0,0,0,0,0,0,2138111,3684351,5439487,2235818.24,200
1790618469,0,18580,0,200.60,200.13,1678335,2355199,3033087,4055039,9584639,448000,192413695,2921778.81,7335807.40,18580,10,10,10,0,0,0,0,0,0,2308095,3831807,4141055,2337774.08,200
1790618470,0,18780,0,200.59,199.96,1679359,2357247,3033087,4055039,9494527,448000,192413695,2916385.41,7297430.88,18780,10,10,10,0,0,0,0,0,0,2506751,3971071,4329471,2415338.24,200
1790618471,0,18980,0,200.58,200.02,1680383,2355199,3033087,4057087,9330687,448000,192413695,2911665.04,7260018.07,18980,10,10,10,0,0,0,0,0,0,2314239,4366335,7004159,2468422.40,200
1790618472,0,19180,0,200.58,199.92,1679359,2357247,3035135,4055039,9306111,448000,192413695,2906866.24,7222938.13,19180,10,10,10,0,0,0,0,0,0,2478079,3766271,4952063,2451459.84,200
1790618473,0,19380,0,200.57,200.01,1679359,2355199,3033087,4055039,9256959,448000,192413695,2900505.86,7186445.00,19380,10,10,10,0,0,0,0,0,0,2215935,3975167,4276223,2290545.92,200
1790618474,0,19580,0,200.56,200.06,1678335,2357247,3033087,4055039,9240575,448000,192413695,2896182.90,7150727.11,19580,10,10,10,0,0,0,0,0,0,2406399,4415487,5304319,2477287.68,200
1790618475,0,19780,0,200.56,199.91,1678335,2357247,3033087,4052991,9175039,448000,192413695,2890788.78,7115240.09,19780,10,10,10,0,0,0,0,0,0,2414591,3747839,4419583,2362704.64,200
1790618476,0,19980,0,200.55,200.15,1676287,2355199,3035135,4050943,9109503,448000,192413695,2884949.05,7080384.15,19980,10,10,10,0,0,0,0,0,0,2240511,3749887,4198399,2307399.04,200
1790618477,0,20180,0,200.55,200.01,1677311,2357247,3033087,4048895,9027583,448000,192413695,2879459.93,7045942.08,20180,10,10,10,0,0,0,0,0,0,2441215,3790847,4210687,2331097.60,200
1790618478,0,20380,0,200.54,199.86,1676287,2357247,3033087,4048895,8953855,448000,192413695,2874550.80,7012109.76,20380,10,10,10,0,0,0,0,0,0,2416639,3948543,5210111,2379219.20,200
1790618479,0,20580,0,200.54,200.04,1678335,2357247,3033087,4044799,8912895,448000,192413695,2869894.59,6978572.31,20580,10,10,10,0,0,0,0,0,0,2383871,3739647,4358143,2395426.56,200
1790618480,0,20780,0,200.53,200.09,1675263,2357247,3031039,4044799,8781823,448000,192413695,2863862.83,6945728.09,20780,10,10,10,0,0,0,0,0,0,2289663,3938303,4509695,2243194.88,200
1790618481,0,20980,0,200.53,199.85,1675263,2357247,3031039,4036607,8757247,448000,192413695,2859282.49,6913272.14,20980,10,10,10,0,0,0,0,0,0,2418687,3700735,3842047,2383385.60,200
1790618482,0,21180,0,200.52,200.11,1678335,2357247,3031039,4028415,8716287,448000,192413695,2854952.19,6881120.01,21180,10,10,10,0,0,0,0,0,0,2463743,3639295,3876863,2400704.00,200
1790618483,0,21380,0,200.52,199.88,1679359,2359295,3031039,4032511,8683519,448000,192413695,2852180.88,6849623.28,21380,10,10,10,0,0,0,0,0,0,2578431,4333567,5386239,2558698.24,200
1790618484,0,21580,0,200.51,200.08,1680383,2361343,3031039,4028415,8536063,448000,192413695,2847488.75,6818492.72,21580,10,10,10,0,0,0,0,0,0,2416639,3645439,4046847,2345900.80,200
1790618485,0,21780,0,200.51,200.10,1680383,2361343,3031039,4024319,8396799,448000,192413695,2842943.14,6787741.11,21780,10,10,10,0,0,0,0,0,0,2361343,3768319,4161535,2352471.04,200
1790618486,0,21980,0,200.50,199.90,1679359,2361343,3031039,4028415,8384511,448000,192413695,2839397.42,6757701.54,21980,10,10,10,0,0,0,0,0,0,2455551,4175871,5771263,2453268.48,200
1790618487,0,22180,0,200.50,199.99,1678335,2361343,3031039,4024319,8359935,448000,192413695,2834505.01,6727947.61,22180,10,10,10,0,0,0,0,0,0,2330623,3756031,4497407,2296829.44,200
1790618488,0,22380,0,200.49,200.02,1680383,2363391,3031039,4022271,8282111,448000,192413695,2832284.12,6698441.86,22380,10,10,10,0,0,0,0,0,0,2570239,3921919,4898815,2585987.84,200
1790618489,0,22580,0,200.49,200.06,1680383,2361343,3031039,4020223,8183807,448000,192413695,2827689.36,6669432.42,22580,10,10,10,0,0,0,0,0,0,2336767,3817471,4089855,2313536.00,200
1790618490,0,22780,0,200.49,199.95,1679359,2365439,3033087,4026367,8183807,448000,192413695,2826410.66,6641462.97,22780,10,10,10,0,0,0,0,0,0,2672639,4517887,7995391,2682045.44,200
1790618491,0,22980,0,200.48,200.02,1679359,2363391,3031039,4022271,8114175,448000,192413695,2821462.76,6613193.59,22980,10,10,10,0,0,0,0,0,0,2174975,3565567,4497407,2257896.96,200
1790618492,0,23180,0,200.48,199.96,1679359,2363391,3031039,4020223,7995391,448000,192413695,2816992.01,6585231.27,23180,10,10,10,0,0,0,0,0,0,2326527,3612671,4036607,2303302.40,200
1790618493,0,23380,0,200.47,200.02,1679359,2365439,3033087,4020223,7884799,448000,192413695,2814433.37,6557663.89,23380,10,10,10,0,0,0,0,0,0,2625535,4030463,4325375,2517886.72,200
1790618494,0,23580,0,200.47,200.06,1677311,2365439,3031039,4020223,7852031,448000,192413695,2810403.32,6530540.16,23580,10,10,10,0,0,0,0,0,0,2310143,4067327,4837375,2339290.88,200
1790618495,0,23780,0,200.47,199.99,1677311,2365439,3031039,4020223,7819263,448000,192413695,2806682.81,6503640.82,23780,10,10,10,0,0,0,0,0,0,2301951,4012031,4399103,2368034.56,200
1790618496,0,23980,0,200.46,200.01,1677311,2361343,3031039,4016127,7733247,448000,192413695,2802014.15,6477096.99,23980,10,10,10,0,0,0,0,0,0,2119679,3569663,4042751,2246910.72,200
1790618497,0,24410,0,202.36,429.69,1668095,2357247,3031039,4048895,9068543,448000,192413695,2815516.01,6452111.78,24410,10,10,10,0,0,0,0,0,0,1897471,13721599,24903679,3568480.15,430
1790618498,0,24910,0,204.81,500.01,1645567,2340863,3024895,4050943,8929279,385280,192413695,2795582.32,6390894.90,24910,10,10,10,0,0,0,0,0,0,1465343,4163583,5906431,1822419.46,500
1790618499,0,25410,0,207.22,499.99,1624063,2324479,3012607,4048895,8757247,353792,192413695,2774766.41,6331003.56,25410,10,10,10,0,0,0,0,0,0,1529855,3713023,5812223,1737717.76,500
1790618500,0,25910,0,209.59,500.05,1606655,2310143,3006463,4046847,8781823,342016,192413695,2759118.68,6274517.42,25910,10,10,10,0,0,0,0,0,0,1554431,3823615,12492799,1963900.93,500
1790618501,0,26410,0,211.92,500.09,1585151,2291711,2996223,4038655,8708095,342016,192413695,2737806.05,6218336.85,26410,10,10,10,0,0,0,0,0,0,1414143,3149823,6418431,1633385.47,500
1790618502,0,26910,0,214.21,499.85,1563647,2273279,2985983,4030463,8593407,342016,192413695,2715269.97,6163357.78,26910,10,10,10,0,0,0,0,0,0,1328127,2998271,4112383,1524914.43,500
1790618503,0,27410,0,216.47,500.39,1546239,2254847,2977791,4030463,8413183,313088,192413695,2696370.38,6109968.83,27410,10,10,10,0,0,0,0,0,0,1414143,3731455,5615615,1679194.37,500
1790618504,0,27910,0,218.69,499.99,1522687,2236415,2967551,4022271,8359935,313088,192413695,2674745.05,6058111.69,27910,10,10,10,0,0,0,0,0,0,1290239,3239935,4325375,1489244.42,500
1790618505,0,28410,0,220.88,499.84,1509375,2220031,2961407,4016127,8282111,313088,192413695,2657621.23,6007300.70,28410,10,10,10,0,0,0,0,0,0,1473535,3573759,4612095,1701769.73,500
1790618506,0,28910,0,223.03,499.73,1492991,2201599,2951167,4007935,8159231,313088,192413695,2639064.46,5957696.43,28910,10,10,10,0,0,0,0,0,0,1434623,3172351,4497407,1584668.93,500
1790618507,0,29410,0,225.15,500.09,1479679,2185215,2938879,4001791,7995391,313088,192413695,2621546.41,5909429.72,29410,10,10,10,0,0,0,0,0,0,1439743,2652159,5677055,1608652.54,500
1790618508,0,29910,0,227.24,500.17,1467391,2166783,2928639,3993599,7872511,313088,192413695,2605344.32,5862306.87,29910,10,10,10,0,0,0,0,0,0,1486847,3252223,5468159,1652337.41,500
1790618509,0,30410,0,229.29,499.82,1452031,2150399,2918399,3987455,7872511,313088,192413695,2588225.08,5816704.21,30410,10,10,10,0,0,0,0,0,0,1380351,2719743,4739071,1564152.06,500
1790618510,0,30910,0,231.32,500.33,1440767,2134015,2906111,3975167,7733247,313088,192413695,2571648.00,5771762.17,30910,10,10,10,0,0,0,0,0,0,1416191,3065855,4288511,1563430.14,500
1790618511,0,31410,0,233.32,499.84,1428479,2115583,2895871,3971071,7663615,313088,192413695,2554732.52,5728014.00,31410,10,10,10,0,0,0,0,0,0,1357823,3104767,4284415,1509017.86,500
1790618512,0,31910,0,235.28,500.04,1419263,2101247,2885631,3966975,7524351,313088,192413695,2541152.58,5685228.70,31910,10,10,10,0,0,0,0,0,0,1478655,3180543,5443583,1688060.42,500
1790618513,0,32410,0,237.22,500.04,1406975,2082815,2873343,3956735,7409663,313088,192413695,2524995.23,5643265.41,32410,10,10,10,0,0,0,0,0,0,1367039,2834431,3878911,1493832.96,500
1790618514,0,32910,0,239.13,499.79,1397759,2069503,2863103,3948543,7311359,313088,192413695,2510753.11,5602246.14,32910,10,10,10,0,0,0,0,0,0,1458175,2951167,4440063,1587579.14,500
1790618515,0,33410,0,241.01,500.11,1389567,2058239,2852863,3942399,7237631,313088,192413695,2497054.00,5562027.65,33410,10,10,10,0,0,0,0,0,0,1421311,3094527,4030463,1595378.69,500
1790618516,0,33910,0,242.87,499.86,1381375,2043903,2844671,3940351,7180287,313088,192413695,2483895.85,5522947.75,33910,10,10,10,0,0,0,0,0,0,1441791,3336191,4898815,1604668.16,500
1790618517,0,34410,0,244.69,500.10,1375231,2030591,2834431,3932159,7114751,313088,192413695,2471285.50,5484338.37,34410,10,10,10,0,0,0,0,0,0,1507327,2920447,3915775,1616051.71,500
1790618518,0,34910,0,246.50,499.74,1364991,2017279,2822143,3921919,7049215,313088,192413695,2457154.25,5446726.84,34910,10,10,10,0,0,0,0,0,0,1346559,2709503,3592191,1484641.79,500
1790618519,0,35410,0,248.27,499.99,1357823,2002943,2811903,3911679,6930431,313088,192413695,2444114.33,5409845.78,35410,10,10,10,0,0,0,0,0,0,1417215,3035135,3530751,1533666.56,500
1790618520,0,35910,0,250.03,500.06,1348607,1988607,2803711,3909631,6836223,313088,192413695,2431336.71,5374361.45,35910,10,10,10,0,0,0,0,0,0,1332223,2902015,5275647,1526426.11,500
1790618521,0,36410,0,251.76,500.00,1342463,1979391,2797567,3919871,6848511,313088,192413695,2424626.06,5340388.56,36410,10,10,10,0,0,0,0,0,0,1498111,5246975,6860799,1942666.75,500
1790618522,0,36910,0,253.46,500.08,1336319,1971199,2791423,3919871,6881279,313088,192413695,2415805.59,5306663.95,36910,10,10,10,0,0,0,0,0,0,1440767,3950591,7012351,1773499.39,500
1790618523,0,37410,0,255.14,500.34,1331199,1961983,2783231,3915775,6832127,313088,192413695,2404942.49,5272745.74,37410,10,10,10,0,0,0,0,0,0,1464319,3205119,4829183,1603027.97,500
1790618524,0,37910,0,256.80,499.76,1326079,1950719,2775039,3909631,6819839,313088,192413695,2393951.70,5239777.20,37910,10,10,10,0,0,0,0,0,0,1402879,3133439,5275647,1571620.86,500
1790618525,0,38410,0,258.44,500.16,1323007,1942527,2766847,3905535,6758399,313088,192413695,2384588.69,5207224.76,38410,10,10,10,0,0,0,0,0,0,1492991,3198975,4644863,1674685.70,500
1790618526,0,38910,0,260.05,499.95,1316863,1931263,2758655,3903487,6701055,313088,192413695,2373931.07,5175320.76,38910,10,10,10,0,0,0,0,0,0,1416191,3229695,4390911,1555212.80,500
1790618527,0,39410,0,261.65,500.10,1312767,1923071,2752511,3901439,6778879,313088,192413695,2369530.59,5153966.59,39410,10,10,10,0,0,0,0,0,0,1465343,3575807,22953983,2027085.06,500
1790618528,0,39910,0,263.22,499.95,1308671,1913855,2746367,3899391,6701055,313088,192413695,2360564.13,5123224.56,39910,10,10,10,0,0,0,0,0,0,1434623,3225599,5242879,1653827.33,500
1790618529,0,40410,0,264.77,500.07,1303551,1903615,2738175,3893247,6504447,313088,192413695,2349766.78,5092900.17,40410,10,10,10,0,0,0,0,0,0,1386495,2738175,3950591,1487922.18,500
1790618530,0,40910,0,266.30,499.81,1297407,1894399,2732031,3885055,6483967,313088,192413695,2340178.58,5063111.62,40910,10,10,10,0,0,0,0,0,0,1441791,3110911,3915775,1565260.54,500
1790618531,0,41410,0,267.81,499.79,1291263,1884159,2723839,3878911,6471679,313088,192413695,2329910.85,5034071.66,41410,10,10,10,0,0,0,0,0,0,1354751,2863103,4485119,1489805.31,500
1790618532,0,41910,0,269.30,500.21,1286143,1876991,2715647,3876863,6451199,313088,192413695,2320541.86,5005401.59,41910,10,10,10,0,0,0,0,0,0,1418239,2936831,4599807,1544601.86,500
1790618533,0,42410,0,270.78,499.93,1282047,1868799,2707455,3868671,6418431,313088,192413695,2310313.53,4977195.59,42410,10,10,10,0,0,0,0,0,0,1307647,2932735,3440639,1452974.85,500
1790618534,0,42910,0,272.23,500.07,1277951,1859583,2699263,3864575,6365183,313088,192413695,2301095.92,4949396.33,42910,10,10,10,0,0,0,0,0,0,1414143,2947071,3782655,1519258.88,500
1790618535,0,43410,0,273.67,499.95,1274879,1851391,2691071,3858431,6340607,313088,192413695,2293149.31,4922228.34,43410,10,10,10,0,0,0,0,0,0,1496063,3028991,5050367,1611170.56,500
1790618536,0,43910,0,275.08,499.93,1270783,1846271,2682879,3856383,6287359,313088,192413695,2284979.33,4895618.65,43910,10,10,10,0,0,0,0,0,0,1351679,3221503,4526079,1575662.08,500
1790618537,0,44410,0,276.48,500.15,1265663,1836031,2674687,3850239,6250495,313088,192413695,2275451.90,4869336.85,44410,10,10,10,0,0,0,0,0,0,1327103,2494463,3313663,1438752.77,500
1790618538,0,44910,0,277.87,499.69,1261567,1826815,2670591,3846143,6221823,313088,192413695,2267583.59,4843666.50,44910,10,10,10,0,0,0,0,0,0,1373183,3217407,5345279,1568720.38,500
1790618539,0,45410,0,279.23,500.00,1258495,1821695,2664447,3846143,6197247,313088,192413695,2260764.06,4818356.38,45410,10,10,10,0,0,0,0,0,0,1480703,3344383,4898815,1648233.98,500
1790618540,0,45910,0,280.58,500.01,1256447,1816575,2658303,3842047,6197247,313088,192413695,2254488.36,4793449.56,45910,10,10,10,0,0,0,0,0,0,1480703,3497983,4685823,1684529.15,500
1790618541,0,46410,0,281.91,500.10,1253375,1811455,2654207,3839999,6238207,313088,192413695,2250151.05,4771106.58,46410,10,10,10,0,0,0,0,0,0,1502207,3637247,11763711,1851899.39,500
1790618542,0,46910,0,283.23,500.28,1249279,1803263,2646015,3833855,6201343,313088,192413695,2241833.08,4746756.07,46910,10,10,10,0,0,0,0,0,0,1394687,2830335,3735551,1469759.23,500
1790618543,0,47410,0,284.53,500.03,1246207,1797119,2637823,3827711,6143999,313088,192413695,2234233.80,4722793.21,47410,10,10,10,0,0,0,0,0,0,1425407,2926591,3985407,1521268.99,500
1790618544,0,47910,0,285.82,499.73,1244159,1794047,2633727,3825663,6082559,313088,192413695,2228703.90,4699293.96,47910,10,10,10,0,0,0,0,0,0,1519615,3561471,4788223,1704358.91,500
1790618545,0,48410,0,287.09,500.19,1240063,1787903,2629631,3821567,6008831,310016,192413695,2221020.87,4676291.85,48410,10,10,10,0,0,0,0,0,0,1283071,3067903,3893247,1484833.28,500
1790618546,0,48910,0,288.34,499.93,1234943,1783807,2623487,3815423,6008831,310016,192413695,2214067.19,4653811.93,48910,10,10,10,0,0,0,0,0,0,1304575,3282943,5677055,1540812.03,500
1790618547,0,49410,0,289.58,499.72,1231871,1776639,2615295,3811327,5980159,310016,192413695,2206987.94,4631263.06,49410,10,10,10,0,0,0,0,0,0,1367039,2873343,3852287,1514495.49,500
1790618548,0,49910,0,290.81,500.20,1228799,1770495,2611199,3807231,5963775,310016,192413695,2200982.71,4609185.64,49910,10,10,10,0,0,0,0,0,0,1447935,3379199,4188159,1607545.86,500
1790618549,0,50410,0,292.02,499.91,1225727,1765375,2603007,3805183,5906431,310016,192413695,2194090.23,4587597.45,50410,10,10,10,0,0,0,0,0,0,1310719,3473407,4554751,1506082.56,500
1790618550,0,50910,0,293.22,500.16,1222655,1760255,2596863,3801087,5877759,310016,192413695,2187406.12,4566091.26,50910,10,10,10,0,0,0,0,0,0,1385471,2879487,4110335,1513513.98,500
1790618551,0,51410,0,294.40,499.74,1220607,1756159,2592767,3796991,5865471,310016,192413695,2181664.01,4545113.02,51410,10,10,10,0,0,0,0,0,0,1396735,2963455,5480447,1597002.75,500
1790618552,0,51910,0,295.57,500.01,1217535,1750015,2586623,3796991,5877759,310016,192413695,2176192.99,4524817.10,51910,10,10,10,0,0,0,0,0,0,1356799,3792895,6373375,1613662.72,500
1790618553,0,52410,0,296.73,500.14,1216511,1745919,2580479,3790847,5840895,310016,192413695,2171066.89,4504156.65,52410,10,10,10,0,0,0,0,0,0,1512447,3020799,4730879,1638874.88,500
1790618554,0,52910,0,297.88,499.97,1214463,1740799,2574335,3790847,5812223,310016,192413695,2165041.16,4483938.13,52910,10,10,10,0,0,0,0,0,0,1381375,3176447,4833279,1533424.64,500
1790618555,0,53410,0,299.01,500.33,1212415,1736703,2568191,3786751,5775359,310016,192413695,2159376.04,4463902.46,53410,10,10,10,0,0,0,0,0,0,1393663,2965503,4489215,1559892.48,500
1790618556,0,53910,0,300.13,499.58,1209343,1731583,2559999,3780607,5771263,310016,192413695,2152985.32,4444096.75,53910,10,10,10,0,0,0,0,0,0,1343487,2775039,3358719,1470328.83,500
1790618557,0,54220,0,300.18,310.14,1208319,1730559,2559999,3780607,5750783,310016,192413695,2151611.51,4432028.82,54220,10,10,10,0,0,0,0,0,0,1582079,3686399,4386815,1912702.35,310
1790618558,0,54420,0,299.63,199.96,1209343,1733631,2564095,3780607,5746687,310016,192413695,2153120.25,4424323.26,54420,10,10,10,0,0,0,0,0,0,2562047,4255743,4894719,2562137.60,200
1790618559,0,54620,0,299.08,200.08,1211391,1734655,2566143,3780607,5742591,310016,192413695,2153429.02,4416510.87,54620,10,10,10,0,0,0,0,0,0,2205695,3643391,4358143,2237445.12,200
1790618560,0,54820,0,298.54,199.87,1212415,1737727,2568191,3782655,5742591,310016,192413695,2154501.32,4408868.72,54820,10,10,10,0,0,0,0,0,0,2408447,3885055,5660671,2447347.20,200
1790618561,0,55020,0,298.01,200.02,1213439,1739775,2570239,3782655,5734399,310016,192413695,2155454.52,4401201.70,55020,10,10,10,0,0,0,0,0,0,2355199,3772415,4044799,2416727.04,200
1790618562,0,55220,0,297.48,200.03,1214463,1741823,2574335,3780607,5730303,310016,192413695,2156243.01,4393515.42,55220,10,10,10,0,0,0,0,0,0,2375679,3635199,3870719,2373155.84,200
1790618563,0,55420,0,296.96,200.03,1215487,1744895,2576383,3782655,5730303,310016,192413695,2157387.33,4385970.33,55420,10,10,10,0,0,0,0,0,0,2420735,4057087,5693439,2473333.76,200
1790618564,0,55620,0,296.44,200.01,1217535,1746943,2578431,3784703,5726207,310016,192413695,2158773.47,4378448.36,55620,10,10,10,0,0,0,0,0,0,2443263,3966975,4317183,2542874.88,200
1790618565,0,55820,0,295.93,199.96,1218559,1748991,2580479,3784703,5722111,310016,192413695,2159954.95,4370924.07,55820,10,10,10,0,0,0,0,0,0,2498559,3715071,4098047,2488522.24,200
1790618566,0,56020,0,295.43,200.15,1220607,1752063,2584575,3786751,5746687,310016,192413695,2162940.46,4366252.64,56020,10,10,10,0,0,0,0,0,0,2537471,4333567,13967359,2996198.40,200
1790618567,0,56220,0,294.93,199.96,1221631,1755135,2588671,3786751,5742591,310016,192413695,2164274.40,4358852.31,56220,10,10,10,0,0,0,0,0,0,2514943,3809279,5062655,2537911.04,200
1790618568,0,56420,0,294.43,199.97,1222655,1756159,2588671,3786751,5730303,310016,192413695,2164653.95,4351432.98,56420,10,10,10,0,0,0,0,0,0,2148351,3885055,4202495,2271344.64,200
1790618569,0,56620,0,293.94,199.89,1223679,1759231,2592767,3788799,5726207,310016,192413695,2165839.28,4344091.36,56620,10,10,10,0,0,0,0,0,0,2506751,3835903,4040703,2500220.16,200
1790618570,0,56820,0,293.45,200.05,1224703,1761279,2594815,3790847,5734399,310016,192413695,2167668.09,4337083.95,56820,10,10,10,0,0,0,0,0,0,2709503,4771839,7045119,2685404.16,200
1790618571,0,57020,0,292.97,200.03,1225727,1763327,2596863,3788799,5730303,310016,192413695,2168485.34,4329785.74,57020,10,10,10,0,0,0,0,0,0,2285567,3682303,4024319,2400665.60,200
1790618572,0,57220,0,292.50,199.93,1226751,1765375,2600959,3790847,5734399,310016,192413695,2169780.78,4322754.62,57220,10,10,10,0,0,0,0,0,0,2521087,3936255,6914047,2539112.96,200
1790618573,0,57420,0,292.03,200.17,1227775,1767423,2603007,3792895,5734399,310016,192413695,2170543.28,4315610.44,57420,10,10,10,0,0,0,0,0,0,2285567,4141055,4669439,2388693.76,200
1790618574,0,57620,0,291.56,199.98,1228799,1768447,2605055,3792895,5730303,310016,192413695,2171233.72,4308506.02,57620,10,10,10,0,0,0,0,0,0,2236415,3827711,4993023,2369458.56,200
1790618575,0,57820,0,291.10,199.92,1229823,1771519,2609151,3792895,5726207,310016,192413695,2172617.53,4301448.39,57820,10,10,10,0,0,0,0,0,0,2564095,4046847,4513791,2571294.72,200
1790618576,0,58020,0,290.65,200.05,1231871,1773567,2611199,3792895,5709823,310016,192413695,2173047.43,4294289.58,58020,10,10,10,0,0,0,0,0,0,2252799,3551231,3944447,2297329.92,200
1790618577,0,58220,0,290.19,199.99,1232895,1776639,2613247,3796991,5709823,310016,192413695,2174682.43,4287366.51,58220,10,10,10,0,0,0,0,0,0,2633727,4122623,4952063,2648995.84,200
1790618578,0,58420,0,289.75,199.90,1232895,1778687,2615295,3799039,5709823,310016,192413695,2175604.54,4280450.32,58420,10,10,10,0,0,0,0,0,0,2344959,4235263,4886527,2444032.00,200
1790618579,0,58620,0,289.30,200.14,1233919,1780735,2619391,3799039,5709823,310016,192413695,2176426.70,4273491.64,58620,10,10,10,0,0,0,0,0,0,2484223,3708927,4034559,2416577.28,200
1790618580,0,58820,0,288.87,200.01,1235967,1784831,2623487,3801087,5709823,310016,192413695,2178227.59,4266980.28,58820,10,10,10,0,0,0,0,0,0,2535423,3964927,9035775,2706071.04,200
1790618581,0,59020,0,288.43,199.91,1236991,1785855,2625535,3801087,5709823,310016,192413695,2178900.12,4260059.17,59020,10,10,10,0,0,0,0,0,0,2349055,3719167,4370431,2376691.20,200
1790618582,0,59220,0,288.00,200.02,1238015,1787903,2625535,3801087,5701631,310016,192413695,2179811.93,4253172.39,59220,10,10,10,0,0,0,0,0,0,2359295,3839999,4304895,2448885.76,200
1790618583,0,59420,0,287.57,199.97,1239039,1789951,2627583,3799039,5697535,310016,192413695,2179953.01,4246227.91,59420,10,10,10,0,0,0,0,0,0,2295807,3381247,3753983,2221726.72,200
1790618584,0,59620,0,287.15,200.07,1240063,1790975,2629631,3799039,5693439,310016,192413695,2180338.38,4239397.95,59620,10,10,10,0,0,0,0,0,0,2211839,3737599,4139007,2294831.36,200
1790618585,0,59820,0,286.73,199.86,1240063,1791999,2631679,3796991,5689343,310016,192413695,2180503.83,4232649.04,59820,10,10,10,0,0,0,0,0,0,2283519,3678207,4122623,2229825.28,200
1790618586,0,60020,0,286.32,200.12,1241087,1794047,2631679,3796991,5689343,310016,192413695,2181165.93,4225889.58,60020,10,10,10,0,0,0,0,0,0,2367487,3692543,4044799,2379200.00,200
1790618587,0,60220,0,285.91,200.06,1242111,1796095,2635775,3799039,5685247,310016,192413695,2182363.44,4219233.62,60220,10,10,10,0,0,0,0,0,0,2521087,3958783,4227071,2541736.96,200
1790618588,0,60420,0,285.51,199.87,1243135,1798143,2635775,3799039,5677055,310016,192413695,2183122.91,4212561.77,60420,10,10,10,0,0,0,0,0,0,2482175,3702783,4308991,2411797.76,200
1790618589,0,60620,0,285.10,200.05,1244159,1800191,2639871,3801087,5681151,310016,192413695,2184707.49,4206211.63,60620,10,10,10,0,0,0,0,0,0,2586623,4179967,6799359,2663409.92,200
1790618590,0,60820,0,284.70,199.91,1246207,1803263,2641919,3807231,5689343,310016,192413695,2186564.47,4200033.49,60820,10,10,10,0,0,0,0,0,0,2523135,4681727,7843839,2749415.68,200
1790618591,0,61020,0,284.31,200.11,1246207,1805311,2643967,3807231,5689343,310016,192413695,2187697.65,4193594.12,61020,10,10,10,0,0,0,0,0,0,2486271,4333567,5136383,2532295.68,200
1790618592,0,61220,0,283.92,200.01,1248255,1807359,2648063,3811327,5689343,310016,192413695,2189370.82,4187350.40,61220,10,10,10,0,0,0,0,0,0,2488319,4612095,5513215,2699855.36,200
1790618593,0,61420,0,283.53,200.00,1249279,1809407,2650111,3811327,5685247,310016,192413695,2190122.40,4180852.11,61420,10,10,10,0,0,0,0,0,0,2467839,3790847,4014079,2420183.04,200
1790618594,0,61620,0,283.15,199.97,1250303,1811455,2650111,3813375,5681151,310016,192413695,2190662.47,4174382.05,61620,10,10,10,0,0,0,0,0,0,2250751,3985407,4571135,2356517.12,200
1790618595,0,61820,0,282.77,199.98,1250303,1813503,2652159,3815423,5689343,310016,192413695,2191948.35,4168284.55,61820,10,10,10,0,0,0,0,0,0,2420735,4718591,6586367,2588126.72,200
1790618596,0,62020,0,282.39,199.97,1251327,1814527,2656255,3817471,5689343,310016,192413695,2193109.47,4162005.12,62020,10,10,10,0,0,0,0,0,0,2643967,4198399,4792319,2552014.08,200
1790618597,0,62220,0,282.02,200.12,1252351,1816575,2658303,3821567,5689343,310016,192413695,2194469.93,4155883.04,62220,10,10,10,0,0,0,0,0,0,2535423,4607999,5230591,2616346.24,200
1790618598,0,62420,0,281.65,199.92,1253375,1818623,2660351,3827711,5697535,310016,192413695,2195708.97,4150069.24,62420,10,10,10,0,0,0,0,0,0,2504703,4395007,7954431,2581176.32,200
1790618599,0,62620,0,281.28,200.06,1253375,1820671,2662399,3827711,5693439,310016,192413695,2196336.35,4143760.83,62620,10,10,10,0,0,0,0,0,0,2404351,3874815,4296703,2392139.52,200
1790618600,0,62820,0,280.92,199.87,1254399,1821695,2664447,3827711,5689343,310016,192413695,2196877.87,4137468.81,62820,10,10,10,0,0,0,0,0,0,2406399,3731455,4440063,2366429.44,200
1790618601,0,63020,0,280.56,200.14,1256447,1823743,2666495,3827711,5689343,310016,192413695,2197956.88,4131353.75,63020,10,10,10,0,0,0,0,0,0,2459647,3997695,5595135,2536872.96,200
1790618602,0,63220,0,280.20,200.00,1257471,1825791,2668543,3829759,5689343,310016,192413695,2198970.88,4125296.52,63220,10,10,10,0,0,0,0,0,0,2641919,3991551,5562367,2518481.92,200
1790618603,0,63420,0,279.85,199.98,1258495,1827839,2670591,3827711,5689343,310016,192413695,2199807.57,4119102.08,63420,10,10,10,0,0,0,0,0,0,2514943,3690495,4300799,2464286.72,200
1790618604,0,63620,0,279.50,199.92,1258495,1829887,2672639,3831807,5701631,310016,192413695,2201327.19,4114134.32,63620,10,10,10,0,0,0,0,0,0,2326527,4673535,11558911,2683196.80,200
1790618605,0,63820,0,279.15,200.09,1259519,1831935,2672639,3829759,5697535,310016,192413695,2201799.69,4107925.39,63820,10,10,10,0,0,0,0,0,0,2342911,3717119,4079615,2352102.40,200
1790618606,0,64020,0,278.80,199.98,1261567,1832959,2674687,3831807,5697535,310016,192413695,2202817.56,4101997.71,64020,10,10,10,0,0,0,0,0,0,2361343,4317183,5722111,2527621.12,200
1790618607,0,64220,0,278.46,200.05,1262591,1835007,2676735,3831807,5697535,310016,192413695,2203775.73,4095950.37,64220,10,10,10,0,0,0,0,0,0,2486271,3971071,4349951,2510485.76,200
1790618608,0,64420,0,278.12,199.96,1263615,1837055,2678783,3831807,5693439,310016,192413695,2204456.84,4089883.66,64420,10,10,10,0,0,0,0,0,0,2390015,3958783,4243455,2423160.32,200
1790618609,0,64620,0,277.79,200.00,1264639,1840127,2680831,3831807,5689343,310016,192413695,2205596.06,4083895.35,64620,10,10,10,0,0,0,0,0,0,2691071,3868671,4210687,2572538.88,200
1790618610,0,64820,0,277.45,199.90,1264639,1841151,2682879,3831807,5689343,310016,192413695,2205891.02,4077881.52,64820,10,10,10,0,0,0,0,0,0,2220031,3553279,4354047,2301194.24,200
1790618611,0,65020,0,277.12,200.08,1266687,1843199,2684927,3833855,5681151,310016,192413695,2206992.37,4072029.77,65020,10,10,10,0,0,0,0,0,0,2498559,4304895,4898815,2563939.84,200
1790618612,0,65220,0,276.80,199.98,1266687,1844223,2686975,3833855,5677055,310016,192413695,2207527.60,4066099.71,65220,10,10,10,0,0,0,0,0,0,2435071,3807231,4155391,2381530.88,200
1790618613,0,65420,0,276.47,200.04,1267711,1846271,2689023,3835903,5685247,310016,192413695,2208696.00,4060436.51,65420,10,10,10,0,0,0,0,0,0,2408447,4362239,7012351,2589710.08,200
1790618614,0,65620,0,276.15,200.00,1268735,1847295,2689023,3835903,5681151,310016,192413695,2209034.43,4054555.36,65620,10,10,10,0,0,0,0,0,0,2293759,3721215,4227071,2319736.32,200
1790618615,0,65820,0,275.83,199.97,1269759,1849343,2691071,3833855,5677055,310016,192413695,2209716.40,4048674.87,65820,10,10,10,0,0,0,0,0,0,2377727,3606527,4104191,2433470.72,200
1790618616,0,66020,0,275.51,200.04,1270783,1851391,2691071,3833855,5672959,310016,192413695,2209985.83,4042757.97,66020,10,10,10,0,0,0,0,0,0,2387967,3545087,3835903,2298654.72,200
1790618617,0,66807,0,277.64,787.16,1275903,1864703,2719743,3940351,7077887,310016,192413695,2262111.03,4095244.45,66807,10,10,10,0,0,0,0,0,0,5201919,17760255,37552127,6634799.17,787
1790618618,0,67799,0,280.60,991.97,1284095,1883135,2752511,4112383,8953855,310016,192413695,2326266.31,4128102.93,67799,10,10,10,0,0,0,0,0,0,5844991,14188543,20496383,6646852.90,992
1790618619,0,68804,0,283.58,1004.51,1291263,1902591,2793471,4435967,12238847,310016,192413695,2438451.56,4269567.19,68804,10,10,10,0,0,0,0,0,0,8536063,22052863,29949951,10006657.91,1005
1790618620,0,69800,0,286.51,995.72,1299455,1922047,2832383,4812799,12673023,310016,192413695,2496798.00,4289598.19,69800,10,10,10,0,0,0,0,0,0,5812223,13418495,17547263,6527389.30,996
1790618621,0,70799,0,289.42,999.85,1307647,1940479,2873343,5472255,14000127,310016,192413695,2583117.01,4366026.69,70799,10,10,10,0,0,0,0,0,0,7303167,17973247,25346047,8614214.47,999
1790618622,0,71806,0,292.34,1007.02,1314815,1958911,2914303,6107135,14417919,310016,192413695,2648319.32,4403816.02,71806,10,10,10,0,0,0,0,0,0,6283263,14532607,20463615,7232488.48,1007
1790618623,0,72804,0,295.20,997.48,1321983,1979391,2953215,6737919,14671871,310016,192413695,2708016.39,4426285.35,72804,10,10,10,0,0,0,0,0,0,6332415,14295039,19070975,7003215.01,998
1790618624,0,73804,0,298.05,1000.39,1329151,1996799,2988031,7127039,14786559,310016,192413695,2753590.52,4433645.75,73804,10,10,10,0,0,0,0,0,0,5165055,13205503,17137663,6071569.28,1000
1790618625,0,74806,0,300.88,1002.10,1336319,2015231,3024895,7507967,15032319,310016,192413695,2804025.99,4449260.62,74806,10,10,10,0,0,0,0,0,0,5623807,14548991,18530303,6518936.02,1002
1790618626,0,75808,0,303.69,1001.63,1345535,2035711,3069951,8237055,18284543,310016,192413695,3049947.35,5550269.16,75808,10,10,10,0,0,0,0,0,0,9478143,68157439,84934655,21409620.82,1002
1790618627,0,76807,0,306.46,999.30,1353727,2056191,3104767,8642559,18497535,310016,192413695,3104940.29,5560228.35,76807,10,10,10,0,0,0,0,0,0,6270975,17563647,21561343,7278017.99,999
1790618628,0,77800,0,309.19,992.32,1359871,2076671,3147775,8986623,18825215,310016,192413695,3162503.91,5572226.69,77800,10,10,10,0,0,0,0,0,0,6901759,16162815,22921215,7614960.02,993
1790618629,0,78800,0,311.93,1000.57,1368063,2095103,3184639,9297919,19054591,310016,192413695,3216859.76,5584292.65,78800,10,10,10,0,0,0,0,0,0,6471679,16769023,22249471,7445745.15,1000
1790618630,0,79805,0,314.66,1004.90,1374207,2115583,3223551,9428991,19054591,310016,192413695,3254117.21,5577213.14,79805,10,10,10,0,0,0,0,0,0,5320703,13877247,18595839,6175397.83,1005
1790618631,0,80802,0,317.34,996.64,1380351,2134015,3260415,9551871,19038207,310016,192413695,3289098.36,5567600.57,80802,10,10,10,0,0,0,0,0,0,5222399,13443071,18169855,6089169.40,997
1790618632,0,81800,0,320.00,998.59,1389567,2154495,3307519,9879551,19365887,310016,192413695,3351692.64,5596371.67,81800,10,10,10,0,0,0,0,0,0,7008255,18972671,27770879,8419571.43,998
1790618633,0,82808,0,322.68,1007.65,1396735,2174975,3352575,10108927,19644415,310016,192413695,3398913.86,5603805.96,82808,10,10,10,0,0,0,0,0,0,6143999,16482303,22855679,7230953.14,1008
1790618634,0,83803,0,325.29,995.03,1403903,2195455,3399679,10313727,19808255,310016,192413695,3445258.75,5606028.85,83803,10,10,10,0,0,0,0,0,0,6275071,15245311,23035903,7302271.49,995
1790618635,0,84803,0,327.90,999.97,1411071,2215935,3446783,10616831,19988479,310016,192413695,3504241.98,5625423.93,84803,10,10,10,0,0,0,0,0,0,7557119,17661951,21889023,8447213.95,1000
1790618636,0,85808,0,330.51,1005.45,1419263,2236415,3487743,10747903,19922943,310016,192413695,3540933.31,5619892.62,85808,10,10,10,0,0,0,0,0,0,5541887,14663679,18825215,6636987.73,1005
1790618637,0,86808,0,333.08,999.95,1426431,2254847,3526655,10780671,19841023,310016,192413695,3568772.87,5606647.06,86808,10,10,10,0,0,0,0,0,0,5345279,11927551,17547263,5957629.70,1000
1790618638,0,87809,0,335.63,1000.04,1433599,2275327,3581951,10911743,19857407,310016,192413695,3606687.45,5604640.81,87809,10,10,10,0,0,0,0,0,0,5922815,15261695,20414463,6894688.54,1001
1790618639,0,88803,0,338.14,993.98,1439743,2291711,3624959,10977279,19791871,310016,192413695,3634336.00,5592733.65,88803,10,10,10,0,0,0,0,0,0,5287935,13107199,17711103,6076782.36,994
1790618640,0,89808,0,340.67,1005.98,1445887,2308095,3670015,11001855,19693567,310016,192413695,3655636.96,5575527.95,89808,10,10,10,0,0,0,0,0,0,4939775,12009471,15900671,5537814.80,1005
1790618641,0,90800,0,343.13,991.24,1452031,2326527,3717119,11051007,19742719,310016,192413695,3680349.79,5564252.24,90800,10,10,10,0,0,0,0,0,0,5038079,12918783,20692991,5917658.06,992
1790618642,0,91807,0,345.63,1007.42,1458175,2344959,3766271,11108351,19775487,310016,192413695,3707598.36,5556292.97,91807,10,10,10,0,0,0,0,0,0,5308415,14639103,20709375,6164569.49,1007
1790618643,0,92806,0,348.08,999.34,1465343,2361343,3811327,11132927,19775487,310016,192413695,3730293.97,5545151.08,92806,10,10,10,0,0,0,0,0,0,4841471,13828095,19791871,5815996.22,999
1790618644,0,93806,0,350.51,999.59,1472511,2379775,3864575,11214847,19775487,310016,192413695,3758070.72,5537189.57,93806,10,10,10,0,0,0,0,0,0,5603327,13598719,19267583,6335919.36,1000
1790618645,0,94800,0,352.91,993.87,1478655,2396159,3919871,11255807,19677183,310016,192413695,3780683.14,5524621.46,94800,10,10,10,0,0,0,0,0,0,5230591,12558335,17760255,5914668.30,994
1790618646,0,95805,0,355.33,1005.34,1483775,2410495,3958783,11247615,19628031,305408,192413695,3791409.55,5505555.69,95805,10,10,10,0,0,0,0,0,0,4210687,11001855,15728639,4803213.63,1005
1790618647,0,96807,0,357.72,1001.65,1489919,2428927,4018175,11313151,19775487,305408,192413695,3822553.19,5510567.22,96807,10,10,10,0,0,0,0,0,0,5582847,15818751,25575423,6800314.51,1002
1790618648,0,97805,0,360.07,998.28,1497087,2445311,4067327,11337727,19677183,305408,192413695,3841850.16,5497673.57,97805,10,10,10,0,0,0,0,0,0,4898815,13172735,17039359,5713675.67,998
1790618649,0,98797,0,362.39,992.33,1504255,2461695,4118527,11345919,19644415,305408,192413695,3857713.48,5481878.09,98797,10,10,10,0,0,0,0,0,0,4747263,11771903,17235967,5421737.81,992
1790618650,0,99805,0,364.75,1007.66,1509375,2476031,4163583,11362303,19595263,305408,192413695,3871328.99,5466984.90,99805,10,10,10,0,0,0,0,0,0,4386815,12017663,16572415,5205823.62,1008
1790618651,0,100803,0,367.06,997.64,1515519,2488319,4202495,11354111,19546111,305408,192413695,3881068.54,5448644.27,100803,10,10,10,0,0,0,0,0,0,4280319,10616831,14499839,4855073.22,998
1790618652,0,101805,0,369.36,1002.53,1520639,2504703,4251647,11362303,19415039,305408,192413695,3895666.04,5433327.51,101805,10,10,10,0,0,0,0,0,0,4837375,11403263,15908863,5364200.50,1002
1790618653,0,102800,0,371.62,994.81,1525759,2516991,4284415,11370495,19349503,305408,192413695,3906622.98,5418430.36,102800,10,10,10,0,0,0,0,0,0,4118527,11952127,15646719,5027699.39,995
1790618654,0,103803,0,373.90,1002.97,1531903,2531327,4341759,11419647,19349503,305408,192413695,3928213.12,5409867.49,103803,10,10,10,0,0,0,0,0,0,5312511,13467647,18890751,6141041.07,1003
1790618655,0,104804,0,376.15,1001.27,1537023,2545663,4378623,11395071,19316735,305408,192413695,3936840.06,5392066.13,104804,10,10,10,0,0,0,0,0,0,4243455,9814015,14737407,4831447.34,1001
1790618656,0,105808,0,378.39,1003.74,1542143,2555903,4411391,11378687,19300351,305408,192413695,3943714.34,5374454.51,105808,10,10,10,0,0,0,0,0,0,4069375,9854975,14639103,4661296.57,1004
1790618657,0,106803,0,380.59,995.19,1548287,2570239,4448255,11378687,19251199,305408,192413695,3953721.25,5359093.08,106803,10,10,10,0,0,0,0,0,0,4378623,10936319,16326655,5017853.17,995
1790618658,0,107805,0,382.80,1001.93,1554431,2582527,4497407,11386879,19218431,305408,192413695,3967068.67,5345487.37,107805,10,10,10,0,0,0,0,0,0,4833279,11771903,16097279,5389767.54,1002
1790618659,0,108808,0,384.99,1003.25,1559551,2596863,4530175,11386879,19185663,305408,192413695,3978110.30,5330983.87,108808,10,10,10,0,0,0,0,0,0,4435967,11902975,15892479,5164892.78,1003
1790618660,0,109807,0,387.16,998.07,1564671,2607103,4558847,11386879,19103743,305408,192413695,3985917.23,5315362.22,109807,10,10,10,0,0,0,0,0,0,4044799,11354111,15007743,4836224.51,999
1790618661,0,110810,0,389.32,1003.45,1570815,2621439,4591615,11370495,19070975,305408,192413695,3992674.88,5297795.92,110810,10,10,10,0,0,0,0,0,0,4358143,10256383,13303807,4732492.32,1003
1790618662,0,111805,0,391.44,995.04,1576959,2631679,4612095,11354111,19021823,305408,192413695,3999217.16,5281151.31,111805,10,10,10,0,0,0,0,0,0,4210687,10338303,14442495,4727810.19,995
1790618663,0,112800,0,393.55,995.32,1582079,2641919,4636671,11345919,18956287,305408,192413695,4003926.94,5263805.77,112800,10,10,10,0,0,0,0,0,0,4118527,9625599,13475839,4533150.49,995
1790618664,0,113808,0,395.68,1007.44,1587199,2652159,4661247,11337727,18923519,305408,192413695,4010924.90,5249098.07,113808,10,10,10,0,0,0,0,0,0,4028415,10846207,14712831,4794029.84,1008
1790618665,0,114803,0,397.76,995.68,1592319,2664447,4698111,11337727,18890751,305408,192413695,4022313.49,5235660.40,114803,10,10,10,0,0,0,0,0,0,4767743,11091967,14909439,5324939.32,995
1790618666,0,115806,0,399.85,1002.75,1597439,2672639,4718591,11321343,18841599,305408,192413695,4026517.36,5220432.62,115806,10,10,10,0,0,0,0,0,0,3837951,9904127,14819327,4507689.86,1003
1790618667,0,116810,0,401.93,1003.55,1602559,2682879,4739071,11313151,18743295,305408,192413695,4032782.21,5204052.90,116810,10,10,10,0,0,0,0,0,0,4218879,9601023,13598719,4755399.14,1004
1790618668,0,117804,0,403.96,994.18,1608703,2695167,4767743,11304959,18677759,305408,192413695,4042248.64,5190256.90,117804,10,10,10,0,0,0,0,0,0,4591615,10887167,14811135,5154697.01,994
1790618669,0,118803,0,405.99,999.28,1614847,2709503,4800511,11313151,18661375,305408,192413695,4055330.52,5179888.18,118803,10,10,10,0,0,0,0,0,0,4845567,11837439,17104895,5597970.96,999
1790618670,0,119805,0,408.02,1001.37,1620991,2717695,4816895,11313151,18677759,305408,192413695,4064047.00,5171490.32,119805,10,10,10,0,0,0,0,0,0,4120575,11632639,21610495,5097524.38,1002
1790618671,0,120804,0,410.03,999.76,1626111,2729983,4853759,11321343,18644991,305408,192413695,4077196.15,5161398.06,120804,10,10,10,0,0,0,0,0,0,4927487,12263423,17235967,5654106.71,999
1790618672,0,121808,0,412.04,1003.87,1632255,2742271,4886527,11337727,18595839,305408,192413695,4090226.97,5152020.04,121808,10,10,10,0,0,0,0,0,0,4808703,13123583,17039359,5658131.00,1004
1790618673,0,122805,0,414.01,996.83,1638399,2754559,4915199,11345919,18546687,305408,192413695,4102477.49,5140817.62,122805,10,10,10,0,0,0,0,0,0,4902911,11698175,15654911,5599179.11,997
1790618674,0,123810,0,415.99,1004.97,1645567,2768895,4952063,11378687,18530303,305408,192413695,4118616.82,5133792.58,123810,10,10,10,0,0,0,0,0,0,5242879,13746175,16474111,6090745.63,1005
1790618675,0,124804,0,417.93,994.19,1651711,2783231,4980735,11411455,18513919,305408,192413695,4132950.55,5126500.72,124804,10,10,10,0,0,0,0,0,0,4923391,13557759,17924095,5918322.48,994
1790618676,0,125800,0,419.86,995.28,1657855,2795519,5009407,11403263,18497535,305408,192413695,4143761.42,5115215.42,125800,10,10,10,0,0,0,0,0,0,4898815,11231231,17907711,5498419.41,996
1790618677,0,126260,0,419.99,460.33,1658879,2797567,5009407,11395071,18481151,305408,192413695,4143078.43,5108555.78,126260,10,10,10,0,0,0,0,0,0,3133439,9723903,12075007,3956295.79,460
1790618678,0,126460,0,419.26,199.95,1658879,2797567,5005311,11386879,18464767,305408,192413695,4140503.34,5105076.21,126460,10,10,10,0,0,0,0,0,0,2562047,4171775,4308991,2514853.12,200
1790618679,0,126660,0,418.54,200.07,1658879,2795519,4997119,11386879,18464767,305408,192413695,4137869.93,5101598.21,126660,10,10,10,0,0,0,0,0,0,2426879,3887103,4714495,2472764.16,200
1790618680,0,126860,0,417.82,199.96,1659903,2795519,4993023,11378687,18464767,305408,192413695,4135277.00,5098111.51,126860,10,10,10,0,0,0,0,0,0,2617343,3719167,4214783,2493169.92,200
1790618681,0,127060,0,417.10,199.87,1659903,2793471,4988927,11378687,18448383,305408,192413695,4133358.87,5095478.04,127060,10,10,10,0,0,0,0,0,0,2381823,4935679,15745023,2916693.76,200
1790618682,0,127260,0,416.39,200.18,1659903,2793471,4980735,11370495,18448383,305408,192413695,4130674.76,5092045.57,127260,10,10,10,0,0,0,0,0,0,2406399,3839999,4075519,2425456.64,200
1790618683,0,127460,0,415.69,199.81,1659903,2791423,4976639,11370495,18464767,305408,192413695,4129961.79,5091030.96,127460,10,10,10,0,0,0,0,0,0,2521087,8511487,25231359,3676298.24,200
1790618684,0,127660,0,414.99,200.14,1659903,2791423,4972543,11362303,18448383,305408,192413695,4127455.65,5087591.95,127660,10,10,10,0,0,0,0,0,0,2590719,4161535,4448255,2530291.84,200
1790618685,0,127860,0,414.29,199.96,1659903,2791423,4968447,11362303,18448383,305408,192413695,4125352.77,5084130.38,127860,10,10,10,0,0,0,0,0,0,2805759,4669439,6963199,2783084.16,200
1790618686,0,128060,0,413.60,200.05,1660927,2791423,4960255,11354111,18448383,305408,192413695,4122955.24,5080721.58,128060,10,10,10,0,0,0,0,0,0,2478079,4685823,5373951,2590213.76,200
1790618687,0,128260,0,412.91,199.95,1660927,2791423,4956159,11345919,18431999,305408,192413695,4120690.88,5077274.53,128260,10,10,10,0,0,0,0,0,0,2674687,4780031,6303743,2670821.12,200
1790618688,0,128460,0,412.23,200.08,1660927,2789375,4952063,11337727,18431999,305408,192413695,4118282.71,5073912.13,128460,10,10,10,0,0,0,0,0,0,2433023,4919295,6356991,2573928.96,200
1790618689,0,128660,0,411.55,199.93,1661951,2789375,4947967,11337727,18431999,305408,192413695,4116304.18,5070429.55,128660,10,10,10,0,0,0,0,0,0,2764799,4517887,5476351,2845488.64,200
1790618690,0,128860,0,410.87,199.90,1661951,2787327,4943871,11329535,18431999,305408,192413695,4113637.64,5067037.70,128860,10,10,10,0,0,0,0,0,0,2340863,3700735,4003839,2398252.80,200
1790618691,0,129060,0,410.20,199.98,1661951,2785279,4935679,11321343,18431999,305408,192413695,4110952.64,5063843.94,129060,10,10,10,0,0,0,0,0,0,2367487,4147199,9584639,2381012.48,200
1790618692,0,129260,0,409.54,200.13,1661951,2785279,4931583,11321343,18415615,305408,192413695,4108317.49,5060504.87,129260,10,10,10,0,0,0,0,0,0,2213887,4222975,4710399,2407852.80,200
1790618693,0,129460,0,408.88,199.99,1661951,2783231,4923391,11313151,18415615,305408,192413695,4105606.79,5057181.89,129460,10,10,10,0,0,0,0,0,0,2379775,3889151,4206591,2353683.20,200
1790618694,0,129660,0,408.22,200.06,1661951,2781183,4919295,11313151,18399231,305408,192413695,4102999.86,5053886.60,129660,10,10,10,0,0,0,0,0,0,2439167,3612671,6270975,2415531.52,200
1790618695,0,129860,0,407.56,199.86,1661951,2781183,4911103,11304959,18382847,305408,192413695,4100608.28,5050486.83,129860,10,10,10,0,0,0,0,0,0,2447359,4202495,4923391,2550149.12,200
1790618696,0,130060,0,406.92,200.02,1661951,2779135,4907007,11296767,18382847,305408,192413695,4098135.38,5047177.85,130060,10,10,10,0,0,0,0,0,0,2299903,4636671,5451775,2492482.56,200
1790618697,0,130260,0,406.27,200.08,1662975,2777087,4902911,11288575,18366463,305408,192413695,4095574.07,5043839.05,130260,10,10,10,0,0,0,0,0,0,2461695,3895295,4395007,2429950.72,200
1790618698,0,130460,0,405.63,200.05,1661951,2777087,4898815,11288575,18350079,305408,192413695,4092613.25,5040645.71,130460,10,10,10,0,0,0,0,0,0,2146303,3672063,4065279,2164234.24,200
1790618699,0,130660,0,404.99,200.02,1661951,2772991,4894719,11280383,18350079,305408,192413695,4089434.34,5037529.62,130660,10,10,10,0,0,0,0,0,0,1947647,3301375,3870719,2015825.92,200
1790618700,0,130860,0,404.36,199.81,1661951,2772991,4890623,11280383,18350079,305408,192413695,4086979.85,5034189.55,130860,10,10,10,0,0,0,0,0,0,2543615,3743743,4665343,2483461.12,200
1790618701,0,131060,0,403.73,200.09,1661951,2770943,4882431,11272191,18350079,305408,192413695,4084687.28,5031165.58,131060,10,10,10,0,0,0,0,0,0,2203647,4780031,10330111,2584662.40,200
1790618702,0,131260,0,403.10,200.07,1661951,2770943,4878335,11263999,18333695,305408,192413695,4082627.43,5027964.29,131260,10,10,10,0,0,0,0,0,0,2385919,4980735,9207807,2732810.24,200
1790618703,0,131460,0,402.48,199.83,1661951,2768895,4874239,11263999,18333695,305408,192413695,4080734.60,5025245.40,131460,10,10,10,0,0,0,0,0,0,2449407,4308991,14974975,2838466.56,200
1790618704,0,131660,0,401.86,200.09,1661951,2768895,4870143,11255807,18317311,305408,192413695,4078160.99,5022005.11,131660,10,10,10,0,0,0,0,0,0,2355199,3887103,4431871,2386529.28,200
1790618705,0,131860,0,401.25,200.07,1661951,2766847,4866047,11255807,18317311,305408,192413695,4075517.26,5018771.92,131860,10,10,10,0,0,0,0,0,0,2390015,3749887,4374527,2335150.08,200
1790618706,0,132060,0,400.64,199.92,1661951,2766847,4857855,11247615,18300927,305408,192413695,4072985.72,5015500.30,132060,10,10,10,0,0,0,0,0,0,2492415,3825663,4321279,2403938.56,200
1790618707,0,132260,0,400.03,200.10,1661951,2764799,4853759,11247615,18300927,305408,192413695,4070511.30,5012246.80,132260,10,10,10,0,0,0,0,0,0,2383871,3762175,5615615,2436652.80,200
1790618708,0,132460,0,399.43,199.93,1661951,2764799,4845567,11239423,18300927,305408,192413695,4068164.82,5008987.76,132460,10,10,10,0,0,0,0,0,0,2353151,4202495,5070847,2516439.68,200
1790618709,0,132660,0,398.83,199.89,1662975,2764799,4841471,11231231,18284543,305408,192413695,4065709.76,5005754.48,132660,10,10,10,0,0,0,0,0,0,2217983,4329471,4968447,2439720.96,200
1790618710,0,132860,0,398.23,200.03,1662975,2762751,4837375,11231231,18268159,305408,192413695,4063222.83,5002497.88,132860,10,10,10,0,0,0,0,0,0,2267135,3782655,4550655,2413642.24,200
1790618711,0,133060,0,397.64,200.01,1662975,2762751,4829183,11223039,18268159,305408,192413695,4060680.67,4999275.52,133060,10,10,10,0,0,0,0,0,0,2467839,3571711,4386815,2371924.48,200
1790618712,0,133260,0,397.05,200.09,1662975,2760703,4825087,11214847,18268159,305408,192413695,4058107.01,4996161.27,133260,10,10,10,0,0,0,0,0,0,2119679,4182015,6459391,2345852.16,200
1790618713,0,133460,0,396.47,199.98,1663999,2758655,4816895,11214847,18268159,305408,192413695,4055753.62,4992893.42,133460,10,10,10,0,0,0,0,0,0,2422783,3876863,4775935,2487687.68,200
1790618714,0,133660,0,395.88,200.03,1662975,2756607,4812799,11206655,18251775,305408,192413695,4053256.08,4989779.62,133660,10,10,10,0,0,0,0,0,0,2181119,4325375,5271551,2386647.04,200
1790618715,0,133860,0,395.31,199.95,1662975,2756607,4808703,11198463,18235391,305408,192413695,4050948.36,4986606.87,133860,10,10,10,0,0,0,0,0,0,2394111,4186111,7000063,2508702.72,200
1790618716,0,134060,0,394.73,200.07,1663999,2754559,4804607,11190271,18202623,305408,192413695,4048745.72,4983317.26,134060,10,10,10,0,0,0,0,0,0,2488319,3858431,4358143,2574519.04,200
1790618717,0,134260,0,394.16,199.90,1663999,2754559,4796415,11190271,18202623,305408,192413695,4046290.26,4980126.94,134260,10,10,10,0,0,0,0,0,0,2455551,3870719,4485119,2400394.24,200
1790618718,0,134460,0,393.59,200.00,1663999,2752511,4792319,11173887,18202623,305408,192413695,4043858.57,4977002.52,134460,10,10,10,0,0,0,0,0,0,2248703,4288511,5009407,2411464.96,200
1790618719,0,134660,0,393.03,200.07,1665023,2752511,4788223,11173887,18186239,305408,192413695,4041522.36,4973805.16,134660,10,10,10,0,0,0,0,0,0,2459647,3844095,5357567,2470886.40,200
1790618720,0,134860,0,392.46,199.87,1665023,2750463,4784127,11165695,18186239,305408,192413695,4039247.37,4970696.09,134860,10,10,10,0,0,0,0,0,0,2469887,3790847,5738495,2507500.80,200
1790618721,0,135060,0,391.90,200.05,1665023,2750463,4780031,11157503,18169855,305408,192413695,4036746.00,4967548.93,135060,10,10,10,0,0,0,0,0,0,2451455,3856383,4079615,2350067.20,200
1790618722,0,135260,0,391.35,200.12,1665023,2748415,4775935,11149311,18169855,305408,192413695,4034312.75,4964347.31,135260,10,10,10,0,0,0,0,0,0,2336767,3518463,3844095,2391139.84,200
1790618723,0,135460,0,390.80,199.89,1666047,2748415,4771839,11149311,18153471,305408,192413695,4032131.70,4961141.56,135460,10,10,10,0,0,0,0,0,0,2662399,3876863,5849087,2557086.72,200
1790618724,0,135660,0,390.25,200.05,1666047,2748415,4767743,11141119,18153471,305408,192413695,4030198.72,4957911.83,135660,10,10,10,0,0,0,0,0,0,2707455,4198399,5103615,2720995.84,200
1790618725,0,135860,0,389.70,199.95,1666047,2748415,4759551,11141119,18153471,305408,192413695,4027686.86,4954793.49,135860,10,10,10,0,0,0,0,0,0,2316287,3731455,4206591,2323889.92,200
1790618726,0,136060,0,389.16,200.06,1666047,2746367,4755455,11132927,18137087,305408,192413695,4025535.67,4951641.01,136060,10,10,10,0,0,0,0,0,0,2426879,4231167,5783551,2564234.24,200
1790618727,0,136260,0,388.62,200.04,1666047,2746367,4751359,11124735,18137087,305408,192413695,4023309.57,4948473.22,136260,10,10,10,0,0,0,0,0,0,2447359,4192255,5009407,2508889.60,200
1790618728,0,136460,0,388.08,199.87,1667071,2744319,4747263,11116543,18137087,305408,192413695,4021026.62,4945352.57,136460,10,10,10,0,0,0,0,0,0,2340863,4091903,5005311,2465656.32,200
1790618729,0,136660,0,387.55,200.13,1667071,2744319,4739071,11116543,18137087,305408,192413695,4018795.46,4942201.84,136660,10,10,10,0,0,0,0,0,0,2383871,4259839,4464639,2496472.32,200
1790618730,0,136860,0,387.02,199.98,1667071,2744319,4734975,11108351,18120703,305408,192413695,4016637.66,4939133.10,136860,10,10,10,0,0,0,0,0,0,2484223,4268031,6692863,2542215.68,200
1790618731,0,137060,0,386.49,200.02,1668095,2742271,4734975,11108351,18104319,305408,192413695,4015022.37,4936560.18,137060,10,10,10,0,0,0,0,0,0,2390015,5693439,14385151,2909676.80,200
1790618732,0,137260,0,385.97,199.85,1668095,2742271,4726783,11100159,18104319,305408,192413695,4012616.82,4933471.63,137260,10,10,10,0,0,0,0,0,0,2351103,3694591,4001791,2364092.16,200
1790618733,0,137460,0,385.45,200.11,1668095,2740223,4722687,11091967,18087935,305408,192413695,4010408.90,4930341.49,137460,10,10,10,0,0,0,0,0,0,2428927,4116479,5033983,2495112.96,200
1790618734,0,137660,0,384.93,200.02,1668095,2740223,4718591,11091967,18087935,305408,192413695,4008074.08,4927249.80,137660,10,10,10,0,0,0,0,0,0,2400255,3770367,4313087,2403357.44,200
1790618735,0,137860,0,384.41,199.94,1668095,2738175,4710399,11083775,18087935,305408,192413695,4005686.34,4924189.79,137860,10,10,10,0,0,0,0,0,0,2342911,3741695,4247551,2362200.32,200
1790618736,0,138060,0,383.90,200.10,1668095,2738175,4706303,11075583,18087935,305408,192413695,4003166.82,4921182.07,138060,10,10,10,0,0,0,0,0,0,2277375,3983359,4325375,2266462.72,200
1790618737,0,139330,0,386.36,1269.97,1677311,2756607,4796415,11698175,25673727,305408,192413695,4377143.18,6957067.16,139330,10,10,10,0,0,0,0,0,0,39354367,104660991,128253951,45031613.08,1270
1790618738,0,141518,0,391.34,2187.30,1691647,2795519,4976639,13049855,51576831,305408,228589567,5061363.10,10328916.37,141518,10,10,10,0,0,0,0,0,0,33554431,141557759,190185471,48631912.01,2188
1790618739,0,143534,0,395.82,2016.39,1704959,2832383,5152767,14295039,51970047,305408,228589567,5265529.50,10486142.54,143534,10,10,10,0,0,0,0,0,0,17481727,43122687,57802751,19597483.94,2016
1790618740,0,145536,0,400.24,2000.71,1717247,2867199,5312511,15572991,51576831,305408,228589567,5428993.30,10558827.06,145536,10,10,10,0,0,0,0,0,0,16080895,34603007,44728319,17148580.70,2002
1790618741,0,147526,0,404.60,1990.72,1730559,2902015,5505023,16826367,51314687,305408,228589567,5599021.86,10641325.23,147526,10,10,10,0,0,0,0,0,0,16490495,34701311,43974655,18033833.81,1990
1790618742,0,149528,0,408.97,2001.59,1744895,2936831,5677055,18513919,52527103,305408,228589567,5847179.24,10906735.97,149528,10,10,10,0,0,0,0,0,0,21856255,50331647,59310079,24133725.86,2002
1790618743,0,151529,0,413.31,2001.71,1758207,2971647,5869567,19480575,52166655,305408,228589567,5984183.19,10938389.95,151529,10,10,10,0,0,0,0,0,0,15056895,31211519,37355519,16222027.35,2001
1790618744,0,153426,0,417.34,1896.88,1771519,3006463,6086655,21413887,66846719,305408,228589567,6501499.45,12645383.22,153426,10,10,10,0,0,0,0,0,0,30588927,131989503,153747455,47823806.28,1897
1790618745,0,155534,0,421.93,2108.28,1786879,3045375,6332415,23740415,85000191,305408,228589567,7105325.65,14944986.71,155534,10,10,10,0,0,0,0,0,0,24051711,168034303,196739071,51053446.56,2108
1790618746,0,157485,0,426.07,1950.63,1800191,3082239,6574079,25165823,84213759,305408,228589567,7313144.98,15044277.49,157485,10,10,10,0,0,0,0,0,0,20676607,52330495,64880639,23880531.32,1951
1790618747,0,159508,0,430.38,2023.76,1814527,3119103,6832127,27607039,85655551,305408,228589567,7629102.66,15381169.11,159508,10,10,10,0,0,0,0,0,0,27820031,75759615,96272383,32225541.69,2023
1790618748,0,161519,0,434.63,2010.98,1826815,3158015,7098367,28999679,84934655,305408,228589567,7831235.35,15463004.46,161519,10,10,10,0,0,0,0,0,0,22396927,47644671,61505535,23863945.48,2011
1790618749,0,163514,0,438.82,1994.04,1842175,3194879,7344127,29556735,84148223,305408,228589567,7965819.90,15466307.40,163514,10,10,10,0,0,0,0,0,0,16408575,42106879,54788095,18862041.63,1995
1790618750,0,165530,0,443.04,2015.94,1855487,3235839,7634943,30392319,83623935,305408,228589567,8136659.40,15498546.03,165530,10,10,10,0,0,0,0,0,0,20545535,43646975,50135039,21993132.57,2016
1790618751,0,167532,0,447.20,2002.17,1869823,3276799,7892991,30982143,82575359,305408,228589567,8267439.86,15505942.62,167532,10,10,10,0,0,0,0,0,0,16465919,42729471,54657023,19080671.52,2002
1790618752,0,169514,0,451.29,1981.94,1883135,3319807,8183807,31424511,81985535,305408,228589567,8416308.37,15517498.93,169514,10,10,10,0,0,0,0,0,0,19775487,39747583,52166655,20999678.19,1982
1790618753,0,171513,0,455.40,1999.70,1897471,3362815,8511487,32276479,81330175,305408,228589567,8604228.02,15573569.68,171513,10,10,10,0,0,0,0,0,0,22855679,45744127,55607295,24539701.40,1999
1790618754,0,173474,0,459.38,1960.05,1910783,3407871,8839167,34111487,83886079,305408,228589567,8942977.67,15985467.66,173474,10,10,10,0,0,0,0,0,0,33308671,83034111,102432767,38570702.78,1961
1790618755,0,175502,0,463.53,2028.22,1926143,3450879,9199615,35160063,84803583,305408,228589567,9187914.23,16184601.72,175502,10,10,10,0,0,0,0,0,0,25231359,71172095,93454335,30139652.04,2028
1790618756,0,177519,0,467.62,2017.67,1940479,3495935,9535487,35782655,84148223,305408,228589567,9357788.03,16226884.37,177519,10,10,10,0,0,0,0,0,0,22937599,46333951,57442303,24138746.29,2017
1790618757,0,179550,0,471.72,2029.89,1954815,3547135,9838591,36700159,85524479,305408,228589567,9564550.32,16429877.87,179550,10,10,10,0,0,0,0,0,0,19365887,77791231,94765055,27636551.72,2031
1790618758,0,181526,0,475.67,1977.08,1968127,3598335,10158079,36667391,84934655,305408,228589567,9666580.91,16402435.80,181526,10,10,10,0,0,0,0,0,0,17612799,36503551,48463871,18937629.02,1976
1790618759,0,183508,0,479.60,1980.85,1983487,3647487,10567679,38109183,85065727,305408,228589567,9935278.35,16627266.56,183508,10,10,10,0,0,0,0,0,0,31375359,69926911,87818239,34544548.04,1982
1790618760,0,185501,0,483.55,1994.67,1996799,3706879,11018239,38797311,84475903,305408,228589567,10125534.45,16698281.96,185501,10,10,10,0,0,0,0,0,0,25690111,53084159,65077247,27643606.00,1993
1790618761,0,187506,0,487.50,2004.10,2012159,3762175,11419647,40108031,87228415,305408,228589567,10420031.49,17074876.01,187506,10,10,10,0,0,0,0,0,0,31047679,91881471,112132095,37666662.02,2005
1790618762,0,189469,0,491.33,1962.75,2026495,3821567,11870207,41451519,87752703,305408,228589567,10690934.09,17341148.88,189469,10,10,10,0,0,0,0,0,0,29327359,81657855,92078079,36567584.08,1963
1790618763,0,191490,0,495.29,2020.67,2041855,3885055,12279807,41779199,87490559,305408,228589567,10830428.41,17362245.40,191490,10,10,10,0,0,0,0,0,0,20987903,51838975,63406079,23908037.86,2021
1790618764,0,193469,0,499.12,1980.20,2056191,3952639,12640255,42532863,87228415,305408,228589567,11009809.60,17466667.96,193469,10,10,10,0,0,0,0,0,0,23576575,66813951,84475903,28366911.13,1979
1790618765,0,195511,0,503.08,2041.24,2070527,4028415,13082623,43745279,88866815,305408,228589567,11292324.72,17810796.41,195511,10,10,10,0,0,0,0,0,0,30523391,94044159,116981759,38059180.00,2042
1790618766,0,197522,0,506.96,2011.28,2086911,4102143,13484031,43909119,88604671,305408,228589567,11423076.74,17814018.53,197522,10,10,10,0,0,0,0,0,0,21905407,48988159,59342847,24134890.49,2011
1790618767,0,199488,0,510.69,1965.28,2103295,4182015,13885439,44269567,88408063,305408,228589567,11578467.06,17847840.98,199488,10,10,10,0,0,0,0,0,0,24215551,54788095,69599231,27190373.05,1966
1790618768,0,201493,0,514.51,2005.38,2119679,4268031,14335999,44761087,88145919,305408,228589567,11761398.96,17919697.63,201493,10,10,10,0,0,0,0,0,0,26722303,59736063,74842111,29962256.34,2005
1790618769,0,203522,0,518.36,2028.63,2134015,4349951,14671871,45318143,88145919,305408,228589567,11927207.30,18012482.15,203522,10,10,10,0,0,0,0,0,0,22577151,69533695,87621631,28393061.95,2029
1790618770,0,205554,0,522.21,2031.39,2150399,4440063,14999551,45219839,87883775,305408,228589567,12022657.73,17978288.18,205554,10,10,10,0,0,0,0,0,0,20365311,41091071,50528255,21582826.83,2032
1790618771,0,207531,0,525.90,1978.93,2166783,4526079,15278079,45416447,87818239,305408,228589567,12143674.93,18002952.79,207531,10,10,10,0,0,0,0,0,0,20725759,56885247,77594623,24726158.44,1977
1790618772,0,209539,0,529.64,2007.95,2183167,4620287,15532031,45318143,87687167,305408,228589567,12213923.78,17956995.13,209539,10,10,10,0,0,0,0,0,0,17891327,37847039,48037887,19474288.70,2008
1790618773,0,211526,0,533.32,1986.12,2197503,4718591,15925247,45744127,87556095,305408,228589567,12377532.96,18015135.65,211526,10,10,10,0,0,0,0,0,0,26689535,59736063,76939263,29630932.45,1987
1790618774,0,213532,0,537.02,2006.30,2213887,4800511,16130047,45711359,87162879,305408,228589567,12445839.59,17984730.03,213532,10,10,10,0,0,0,0,0,0,17432575,43319295,59047935,19648545.44,2006
1790618775,0,215489,0,540.58,1957.54,2230271,4898815,16424959,46104575,86900735,305408,228589567,12584844.27,18034716.04,215489,10,10,10,0,0,0,0,0,0,23412735,63111167,76611583,27751910.10,1957
1790618776,0,217519,0,544.31,2028.44,2244607,4988927,16687103,47054847,87818239,305408,228589567,12779711.39,18249846.29,217519,10,10,10,0,0,0,0,0,0,22593535,87359487,101056511,33465288.01,2030
1790618777,0,219524,0,547.95,2005.33,2260991,5083135,16842751,47087615,87687167,305408,228589567,12842571.11,18223714.09,219524,10,10,10,0,0,0,0,0,0,16474111,48136191,66486271,19662114.22,2005
1790618778,0,221488,0,551.48,1965.06,2277375,5189631,17334271,48365567,88014847,305408,228589567,13123596.59,18471394.88,221488,10,10,10,0,0,0,0,0,0,41746431,80084991,99614719,44534918.52,1964
1790618779,0,223488,0,555.08,1999.82,2291711,5292031,17694719,49479679,88866815,305408,228589567,13356763.26,18712401.02,223488,10,10,10,0,0,0,0,0,0,31260671,88866815,102957055,39178573.31,2000
1790618780,0,225521,0,558.74,2033.49,2308095,5398527,17940479,49577983,89063423,305408,228589567,13460353.69,18739546.72,225521,10,10,10,0,0,0,0,0,0,20709375,63537151,98697215,24848064.91,2033
1790618781,0,227521,0,562.30,1997.91,2322431,5509119,18186239,49577983,88866815,305408,228589567,13555605.93,18728597.87,227521,10,10,10,0,0,0,0,0,0,22134783,49283071,68222975,24296296.45,2000
1790618782,0,229478,0,565.74,1958.59,2338815,5619711,18661375,49840127,88670207,305408,228589567,13752036.21,18798941.16,229478,10,10,10,0,0,0,0,0,0,35684351,56557567,66387967,36589038.47,1957
1790618783,0,231494,0,569.31,2016.05,2355199,5730303,19038207,50200575,88604671,305408,228589567,13912462.55,18862287.52,231494,10,10,10,0,0,0,0,0,0,29507583,63864831,82771967,32173531.68,2016
1790618784,0,233508,0,572.85,2013.37,2371583,5849087,19431423,51314687,91488255,305408,228589567,14227748.05,19386987.70,233508,10,10,10,0,0,0,0,0,0,39452671,131006463,152961023,50467421.55,2014
1790618785,0,235487,0,576.29,1978.67,2387967,5967871,19644415,51347455,91160575,305408,228589567,14330521.98,19386908.15,235487,10,10,10,0,0,0,0,0,0,24084479,55017471,64716799,26457119.05,1979
1790618786,0,237542,0,579.90,2054.61,2404351,6094847,19972095,51478527,91029503,305408,228589567,14460675.71,19399081.70,237542,10,10,10,0,0,0,0,0,0,27672575,54263807,63209471,29375279.71,2055
1790618787,0,239495,0,583.25,1954.33,2418687,6221823,20168703,51347455,90898431,305408,228589567,14533043.11,19361874.33,239495,10,10,10,0,0,0,0,0,0,22560767,43122687,55803903,23335037.84,1953
1790618788,0,241492,0,586.68,1997.02,2437119,6348799,20463615,51347455,90701823,305408,228589567,14630681.70,19345651.31,241492,10,10,10,0,0,0,0,0,0,24575999,50233343,64880639,26340223.55,1997
1790618789,0,243510,0,590.15,2018.35,2451455,6455295,20463615,51216383,90439679,305408,228589567,14644371.42,19285940.61,243510,10,10,10,0,0,0,0,0,0,14991359,33980415,50069503,16282606.24,2018
1790618790,0,245518,0,593.58,2006.76,2467839,6586367,20692991,51183615,90308607,305408,228589567,14741561.41,19275911.54,245518,10,10,10,0,0,0,0,0,0,25493503,48824319,69664767,26527783.27,2008
1790618791,0,247523,0,596.98,2006.15,2484223,6701055,20856831,51052543,90177535,305408,228589567,14797642.74,19234398.98,247523,10,10,10,0,0,0,0,0,0,20299775,41877503,50921471,21664962.59,2005
1790618792,0,249535,0,600.39,2011.62,2500607,6840319,21135359,51118079,89915391,305408,228589567,14915895.10,19245171.19,249535,10,10,10,0,0,0,0,0,0,27541503,57901055,74121215,29463698.07,2012
1790618793,0,251468,0,603.58,1931.51,2514943,6975487,21381119,51544063,89915391,305408,228589567,15057217.80,19316181.93,251468,10,10,10,0,0,0,0,0,0,29097983,69926911,83296255,33300859.17,1933
1790618794,0,253525,0,607.07,2059.02,2531327,7114751,21577727,51478527,89653247,305408,228589567,15134219.63,19288242.73,253525,10,10,10,0,0,0,0,0,0,22708223,46301183,60358655,24547684.06,2057
1790618795,0,255516,0,610.37,1990.68,2547711,7229439,21643263,51347455,89522175,305408,228589567,15161169.80,19234030.29,255516,10,10,10,0,0,0,0,0,0,17399807,35815423,44924927,18592883.72,1991
1790618796,0,257526,0,613.71,2010.38,2564095,7356415,21725183,51249151,89325567,305408,228589567,15198291.43,19190054.74,257526,10,10,10,0,0,0,0,0,0,17219583,41910271,55541759,19917282.07,2010
1790618797,0,258300,0,614.09,773.24,2568191,7389183,21757951,51249151,89194495,305408,228589567,15214957.90,19181736.74,258300,10,10,10,0,0,0,0,0,0,19382271,49676287,71958527,20760239.96,774
1790618798,0,258500,0,613.10,200.04,2566143,7372799,21741567,51216383,89194495,305408,228589567,15205105.80,19177601.00,258500,10,10,10,0,0,0,0,0,0,2445311,4415487,4988927,2481117.44,200
1790618799,0,258700,0,612.13,199.99,2562047,7360511,21725183,51216383,89194495,305408,228589567,15195232.54,19173502.09,258700,10,10,10,0,0,0,0,0,0,2152447,4505599,6959103,2434049.92,200
1790618800,0,258900,0,611.15,200.04,2559999,7344127,21708799,51216383,89194495,305408,228589567,15185349.88,19169410.79,258900,10,10,10,0,0,0,0,0,0,2340863,3794943,5550079,2402131.20,200
1790618801,0,259100,0,610.19,200.09,2557951,7327743,21692415,51183615,89194495,305408,228589567,15175682.37,19165209.71,259100,10,10,10,0,0,0,0,0,0,2371583,5509119,8232959,2661086.72,200
1790618802,0,259300,0,609.22,199.90,2555903,7315455,21676031,51183615,89128959,305408,228589567,15165864.52,19161096.56,259300,10,10,10,0,0,0,0,0,0,2420735,4098047,4796415,2446844.16,200
1790618803,0,259500,0,608.26,200.10,2553855,7299071,21676031,51150847,89063423,305408,228589567,15156254.71,19156868.30,259500,10,10,10,0,0,0,0,0,0,2707455,4214783,8237055,2697131.52,200
1790618804,0,259700,0,607.31,199.98,2553855,7282687,21643263,51150847,89063423,305408,228589567,15146600.64,19152668.78,259700,10,10,10,0,0,0,0,0,0,2643967,4243455,5017599,2620448.00,200
1790618805,0,259900,0,606.36,200.00,2551807,7270399,21626879,51150847,88997887,305408,228589567,15136960.84,19148473.26,259900,10,10,10,0,0,0,0,0,0,2490367,4407295,5984255,2619680.00,200
1790618806,0,260100,0,605.41,199.99,2549759,7254015,21610495,51118079,88997887,305408,228589567,15127339.96,19144273.60,260100,10,10,10,0,0,0,0,0,0,2521087,3987455,6782975,2625003.52,200
1790618807,0,260300,0,604.47,199.94,2547711,7237631,21610495,51118079,88997887,305408,228589567,15117581.37,19140168.21,260300,10,10,10,0,0,0,0,0,0,2420735,3944447,4308991,2426536.96,200
1790618808,0,260500,0,603.53,200.04,2545663,7225343,21577727,51085311,88932351,305408,228589567,15107754.97,19136116.53,260500,10,10,10,0,0,0,0,0,0,2381823,3627007,4003839,2318694.40,200
1790618809,0,260700,0,602.60,199.97,2543615,7208959,21561343,51085311,88932351,305408,228589567,15098158.81,19131945.05,260700,10,10,10,0,0,0,0,0,0,2398207,5664767,7229439,2599159.04,200
1790618810,0,260900,0,601.67,200.12,2541567,7196671,21544959,51052543,88866815,305408,228589567,15088556.20,19127774.11,260900,10,10,10,0,0,0,0,0,0,2551807,4321279,5038079,2571548.16,200
1790618811,0,261100,0,600.75,199.90,2539519,7180287,21544959,51052543,88866815,305408,228589567,15078844.91,19123682.05,261100,10,10,10,0,0,0,0,0,0,2330623,4145151,4448255,2410479.36,200
1790618812,0,261300,0,599.83,200.05,2537471,7167999,21528575,51019775,88866815,305408,228589567,15069223.06,19119559.94,261300,10,10,10,0,0,0,0,0,0,2361343,4063231,8454143,2507889.92,200
1790618813,0,261500,0,598.91,199.89,2535423,7155711,21512191,51019775,88866815,305408,228589567,15059568.79,19115451.08,261500,10,10,10,0,0,0,0,0,0,2314239,4110335,4812799,2446261.76,200
1790618814,0,261700,0,598.00,200.00,2533375,7139327,21495807,51019775,88866815,305408,228589567,15049984.44,19111307.40,261700,10,10,10,0,0,0,0,0,0,2553855,3938303,4452351,2518451.20,200
1790618815,0,261900,0,597.09,199.99,2533375,7127039,21479423,50987007,88801279,305408,228589567,15040335.36,19107215.20,261900,10,10,10,0,0,0,0,0,0,2379775,4093951,4861951,2414516.48,200
1790618816,0,262100,0,596.19,200.12,2529279,7110655,21463039,50987007,88801279,305408,228589567,15030605.74,19103191.71,262100,10,10,10,0,0,0,0,0,0,2177023,3878911,6782975,2289672.96,200
1790618817,0,262300,0,595.29,199.91,2529279,7098367,21446655,50954239,88801279,305408,228589567,15021074.04,19099042.17,262300,10,10,10,0,0,0,0,0,0,2588671,3985407,5009407,2529770.24,200
1790618818,0,262500,0,594.40,199.97,2527231,7081983,21430271,50954239,88801279,305408,228589567,15011531.41,19094911.55,262500,10,10,10,0,0,0,0,0,0,2416639,4081663,4849663,2496380.16,200
1790618819,0,262700,0,593.51,200.11,2525183,7069695,21413887,50921471,88801279,305408,228589567,15001925.78,19090832.20,262700,10,10,10,0,0,0,0,0,0,2373631,3837951,5242879,2394529.92,200
1790618820,0,262900,0,592.62,199.89,2523135,7057407,21397503,50921471,88735743,305408,228589567,14992368.98,19086728.21,262900,10,10,10,0,0,0,0,0,0,2402303,3842047,4026367,2439512.32,200
1790618821,0,263100,0,591.74,200.17,2521087,7041023,21397503,50888703,88735743,305408,228589567,14982939.11,19082554.91,263100,10,10,10,0,0,0,0,0,0,2555903,4280319,5410815,2587374.08,200
1790618822,0,263300,0,590.86,199.99,2519039,7028735,21381119,50855935,88735743,305408,228589567,14973431.47,19078450.70,263300,10,10,10,0,0,0,0,0,0,2287615,4007935,6840319,2466136.32,200
1790618823,0,263500,0,589.98,199.86,2519039,7012351,21364735,50855935,88670207,305408,228589567,14963997.08,19074300.92,263500,10,10,10,0,0,0,0,0,0,2523135,4141055,5476351,2543622.40,200
1790618824,0,263700,0,589.11,200.03,2516991,7000063,21348351,50855935,88670207,305408,228589567,14954544.83,19070192.29,263700,10,10,10,0,0,0,0,0,0,2406399,4255743,8577023,2501209.60,200
1790618825,0,263900,0,588.24,200.08,2514943,6983679,21331967,50823167,88670207,305408,228589567,14945169.90,19066023.55,263900,10,10,10,0,0,0,0,0,0,2635775,4341759,5218303,2584314.88,200
1790618826,0,264100,0,587.38,199.97,2512895,6967295,21315583,50823167,88670207,305408,228589567,14935713.37,19061918.87,264100,10,10,10,0,0,0,0,0,0,2453503,4061183,5631999,2457832.96,200
1790618827,0,264300,0,586.52,199.96,2510847,6955007,21299199,50823167,88670207,305408,228589567,14926152.66,19057887.55,264300,10,10,10,0,0,0,0,0,0,2279423,3823615,4167679,2301224.96,200
1790618828,0,264500,0,585.66,200.01,2510847,6938623,21299199,50790399,88670207,305408,228589567,14916725.33,19053783.96,264500,10,10,10,0,0,0,0,0,0,2408447,4116479,5156863,2458507.52,200
1790618829,0,264700,0,584.81,199.94,2508799,6922239,21282815,50790399,88670207,305408,228589567,14907289.24,19049695.69,264700,10,10,10,0,0,0,0,0,0,2439167,3872767,5496831,2428066.56,200
1790618830,0,264900,0,583.96,199.99,2506751,6905855,21266431,50757631,88604671,305408,228589567,14897926.12,19045573.41,264900,10,10,10,0,0,0,0,0,0,2328575,4448255,5668863,2505834.24,200
1790618831,0,265100,0,583.12,200.06,2504703,6893567,21266431,50757631,88604671,305408,228589567,14888594.95,19041437.32,265100,10,10,10,0,0,0,0,0,0,2365439,4587519,5152767,2529464.32,200
1790618832,0,265300,0,582.28,199.92,2502655,6877183,21250047,50757631,88604671,305408,228589567,14879229.48,19037328.34,265300,10,10,10,0,0,0,0,0,0,2496511,3891199,4452351,2465299.20,200
1790618833,0,265500,0,581.44,200.02,2502655,6864895,21233663,50724863,88604671,305408,228589567,14869891.90,19033210.96,265500,10,10,10,0,0,0,0,0,0,2502655,3956735,4636671,2483595.52,200
1790618834,0,265700,0,580.61,200.12,2500607,6852607,21217279,50724863,88539135,305408,228589567,14860578.74,19029090.45,265700,10,10,10,0,0,0,0,0,0,2334719,4558847,5271551,2497358.08,200
1790618835,0,265900,0,579.78,199.88,2498559,6836223,21200895,50692095,88539135,305408,228589567,14851297.50,19024959.06,265900,10,10,10,0,0,0,0,0,0,2482175,4050943,4829183,2521162.24,200
1790618836,0,266100,0,578.95,199.99,2496511,6819839,21184511,50692095,88539135,305408,228589567,14841972.26,19020868.05,266100,10,10,10,0,0,0,0,0,0,2269183,4171775,6234111,2444069.12,200
1790618837,0,266300,0,578.13,200.17,2494463,6807551,21168127,50692095,88539135,305408,228589567,14832574.33,19016830.45,266300,10,10,10,0,0,0,0,0,0,2285567,3799039,4284415,2328627.20,200
1790618838,0,266500,0,577.31,199.89,2492415,6795263,21151743,50659327,88473599,305408,228589567,14823476.42,19012635.46,266500,10,10,10,0,0,0,0,0,0,2467839,5128191,8675327,2709615.36,200
1790618839,0,266700,0,576.49,199.99,2492415,6778879,21135359,50659327,88473599,305408,228589567,14814285.43,19008480.42,266700,10,10,10,0,0,0,0,0,0,2510847,3964927,4292607,2567279.36,200
1790618840,0,266900,0,575.68,200.00,2490367,6766591,21118975,50659327,88473599,305408,228589567,14805102.55,19004344.95,266900,10,10,10,0,0,0,0,0,0,2340863,4444159,6893567,2559732.48,200
1790618841,0,267100,0,574.87,200.03,2488319,6754303,21102591,50659327,88473599,305408,228589567,14795625.67,19000396.48,267100,10,10,10,0,0,0,0,0,0,2033663,3622911,4005887,2148733.44,200
1790618842,0,267300,0,574.07,200.05,2486271,6742015,21086207,50626559,88473599,305408,228589567,14786452.18,18996275.18,267300,10,10,10,0,0,0,0,0,0,2439167,4345855,7127039,2535258.24,200
1790618843,0,267500,0,573.27,199.90,2484223,6729727,21069823,50626559,88408063,305408,228589567,14777507.34,18992040.58,267500,10,10,10,0,0,0,0,0,0,2594815,4726783,9510911,2822721.92,200
1790618844,0,267700,0,572.47,200.13,2484223,6713343,21053439,50626559,88408063,305408,228589567,14768273.43,18987965.94,267700,10,10,10,0,0,0,0,0,0,2361343,3829759,4792319,2417927.68,200
1790618845,0,267900,0,571.67,199.88,2482175,6701055,21037055,50593791,88408063,305408,228589567,14759147.47,18983833.33,267900,10,10,10,0,0,0,0,0,0,2471935,4411391,5025791,2544043.52,200
1790618846,0,268100,0,570.88,199.94,2480127,6688767,21037055,50593791,88408063,305408,228589567,14750103.96,18979660.02,268100,10,10,10,0,0,0,0,0,0,2607103,4366335,5447679,2636332.80,200
1790618847,0,268300,0,570.09,200.08,2478079,6672383,21020671,50561023,88408063,305408,228589567,14741050.26,18975502.32,268300,10,10,10,0,0,0,0,0,0,2510847,4145151,6492159,2604559.36,200
1790618848,0,268500,0,569.31,199.96,2478079,6660095,21004287,50561023,88342527,305408,228589567,14731740.24,18971514.38,268500,10,10,10,0,0,0,0,0,0,2211839,3555327,4587519,2242348.80,200
1790618849,0,268700,0,568.53,199.99,2476031,6647807,21004287,50561023,88342527,305408,228589567,14722749.46,18967333.89,268700,10,10,10,0,0,0,0,0,0,2641919,4050943,6332415,2652624.64,200
1790618850,0,268900,0,567.75,200.05,2476031,6635519,20987903,50528255,88276991,305408,228589567,14713749.71,18963168.79,268900,10,10,10,0,0,0,0,0,0,2707455,4239359,4468735,2622586.88,200
1790618851,0,269100,0,566.97,199.94,2473983,6623231,20971519,50528255,88276991,305408,228589567,14704834.84,18958973.87,269100,10,10,10,0,0,0,0,0,0,2635775,5193727,6266879,2718787.84,200
1790618852,0,269300,0,566.20,200.09,2471935,6610943,20955135,50528255,88276991,305408,228589567,14695680.54,18954922.55,269300,10,10,10,0,0,0,0,0,0,2365439,3827711,4395007,2378568.96,200
1790618853,0,269500,0,565.43,199.89,2471935,6594559,20938751,50528255,88276991,305408,228589567,14686559.58,18950862.57,269500,10,10,10,0,0,0,0,0,0,2334719,3770367,5271551,2405192.96,200
1790618854,0,269700,0,564.67,200.07,2469887,6586367,20922367,50495487,88211455,305408,228589567,14677345.66,18946872.53,269700,10,10,10,0,0,0,0,0,0,2248703,3944447,4513791,2261584.64,200
1790618855,0,269900,0,563.91,200.00,2467839,6569983,20905983,50495487,88211455,305408,228589567,14668630.99,18942594.57,269900,10,10,10,0,0,0,0,0,0,2777087,4935679,8105983,2916898.56,200
1790618856,0,270100,0,563.15,199.97,2467839,6557695,20889599,50462719,88145919,305408,228589567,14659586.21,18938519.82,270100,10,10,10,0,0,0,0,0,0,2473983,3819519,6455295,2453658.88,200
1790618857,0,272086,0,566.11,1986.84,2480127,6680575,21282815,52264959,92143615,305408,228589567,15050618.07,19621855.56,272086,10,10,10,0,0,0,0,0,0,65241087,125829119,156499967,68231739.17,1986
1790618858,0,275205,0,571.41,3119.30,2502655,6893567,21889023,53805055,93782015,305408,228589567,15423414.84,20009627.17,275205,10,10,10,0,0,0,0,0,0,42336255,98369535,123928575,47944344.50,3119
1790618859,0,278155,0,576.34,2950.35,2523135,7106559,22429695,54919167,93716479,305408,228589567,15731146.08,20211615.48,278155,10,10,10,0,0,0,0,0,0,43483135,77594623,93519871,44439341.30,2950
1790618860,0,281077,0,581.19,2922.05,2543615,7311359,22986751,57540607,101711871,305408,248381439,16366423.92,21606489.34,281077,10,10,10,0,0,0,0,0,0,65535999,175243263,205651967,76840656.87,2922
1790618861,0,284134,0,586.30,3055.18,2566143,7548927,23560191,59179007,103874559,305408,248381439,16791046.33,22144165.00,284134,10,10,10,0,0,0,0,0,0,50757631,116326399,191889407,55833111.95,3057
1790618862,0,287177,0,591.36,3044.05,2588671,7770111,24150015,60817407,104398847,305408,248381439,17171903.25,22479436.60,287177,10,10,10,0,0,0,0,0,0,50888703,96206847,117571583,52733650.82,3043
1790618863,0,290153,0,596.26,2976.66,2609151,7999487,24772607,63537151,112852991,305408,248381439,17800112.40,23606917.17,290153,10,10,10,0,0,0,0,0,0,71499775,158859263,192544767,78420817.89,2976
1790618864,0,293109,0,601.10,2956.00,2629631,8232959,25296895,65830911,117571583,305408,250609663,18308400.94,24448406.82,293109,10,10,10,0,0,0,0,0,0,56590335,161218559,211419135,68200635.76,2956
1790618865,0,296171,0,606.13,3060.14,2650111,8486911,25870335,67174399,117768191,305408,250609663,18648603.91,24699976.48,296171,10,10,10,0,0,0,0,0,0,46956543,102629375,125698047,51214427.30,3062
1790618866,0,299045,0,610.76,2873.31,2668543,8708095,26394623,69468159,123994111,305408,266600447,19196276.96,25695405.79,299045,10,10,10,0,0,0,0,0,0,64847871,182190079,233177087,75634994.42,2874
1790618867,0,301930,0,615.40,2887.52,2689023,8962047,27033599,72089599,138674175,305408,368574463,20100174.59,28602933.13,301930,10,10,10,0,0,0,0,0,0,69599231,290717695,340787199,113793785.70,2885
1790618868,0,305030,0,620.45,3098.52,2711551,9224191,27688959,75759615,166461439,305408,368574463,21239652.29,32076774.62,305030,10,10,10,0,0,0,0,0,0,139722751,284164095,319029247,132221104.06,3100
1790618869,0,308171,0,625.57,3142.86,2734079,9486335,28246015,77004799,166592511,305408,368574463,21575074.68,32268766.26,308171,10,10,10,0,0,0,0,0,0,47087615,123797503,172359679,54148743.13,3141
1790618870,0,310963,0,629.96,2791.15,2752511,9748479,28819455,78381055,166330367,305408,368574463,21912906.24,32488733.18,310963,10,10,10,0,0,0,0,0,0,49840127,132448255,160038911,59201548.47,2792
1790618871,0,314048,0,634.92,3082.92,2775039,10027007,29491199,81723391,171442175,305408,368574463,22571578.49,33429426.77,314048,10,10,10,0,0,0,0,0,0,76808191,184156159,213516287,88964674.55,3085
1790618872,0,316876,0,639.35,2830.47,2797567,10297343,30097407,85131263,173801471,305408,368574463,23130661.83,34120617.76,316876,10,10,10,0,0,0,0,0,0,79757311,179568639,249036799,85216589.85,2828
1790618873,0,319690,0,643.73,2812.67,2818047,10567679,30736383,88866815,203554815,305408,618135551,24832873.72,42037739.89,319690,10,10,10,0,0,0,0,0,0,97648639,494141439,570425343,216513788.54,2814
1790618874,0,322200,0,647.48,2511.06,2838527,10813439,31260671,92012543,244973567,305408,864550911,26546573.00,51260473.51,322200,10,10,10,0,0,0,0,0,0,65437695,666370047,804782079,244814510.20,2510
1790618875,0,325513,0,652.82,3313.54,2863103,11157503,32014335,97714175,395313151,305408,946864127,29756038.80,66952685.78,325513,10,10,10,0,0,0,0,0,0,422838271,806879231,905969663,341887001.96,3313
1790618876,0,329101,0,658.70,3586.79,2889727,11501567,32800767,105512959,457441279,305408,946864127,32088536.24,73869322.63,329101,10,10,10,0,0,0,0,0,0,167378943,668991487,773849087,243698971.11,3588
1790618877,0,332181,0,663.53,3079.14,2914303,11821055,33456127,105906175,455868415,305408,946864127,32353320.43,73633496.11,332181,10,10,10,0,0,0,0,0,0,54165503,115212287,138149887,60645768.64,3080
1790618878,0,335151,0,668.13,2970.05,2936831,12115967,33980415,106692607,455081983,305408,946864127,32584783.91,73412366.54,335151,10,10,10,0,0,0,0,0,0,50790399,121962495,150732799,58472921.73,2970
1790618879,0,338111,0,672.69,2959.98,2957311,12410879,34701311,110231551,453246975,305408,946864127,33056235.90,73381930.24,338111,10,10,10,0,0,0,0,0,0,73924607,170655743,195559423,86437183.65,2960
1790618880,0,341099,0,677.29,2988.44,2979839,12697599,35389439,111542271,451674111,305408,946864127,33393309.73,73224546.82,341099,10,10,10,0,0,0,0,0,0,67371007,138936319,168689663,71535334.64,2988
1790618881,0,344215,0,682.12,3115.08,3006463,12967935,35815423,111542271,449314815,305408,946864127,33524251.63,72956989.14,344215,10,10,10,0,0,0,0,0,0,42336255,108068863,145752063,47858061.15,3116
1790618882,0,347109,0,686.50,2895.64,3028991,13262847,36405247,111017983,446955519,305408,946864127,33718904.66,72714662.09,347109,10,10,10,0,0,0,0,0,0,55803903,99483647,117833727,56871113.69,2894
1790618883,0,350091,0,691.03,2980.38,3051519,13557759,37158911,111149055,445382655,305408,946864127,33993004.19,72503653.18,350091,10,10,10,0,0,0,0,0,0,62914559,112918527,135004159,65898575.67,2982
1790618884,0,353238,0,695.87,3147.65,3076095,13852671,37650431,111411199,444334079,305408,946864127,34188385.34,72272941.06,353238,10,10,10,0,0,0,0,0,0,47742975,120782847,163184639,55923746.82,3147
1790618885,0,356018,0,699.96,2779.37,3098623,14049279,37978111,112918527,442236927,305408,946864127,34400709.42,72187141.98,356018,10,10,10,0,0,0,0,0,0,41418751,179437567,219414527,61379462.08,2780
1790618886,0,358602,0,703.66,2584.31,3119103,14295039,38404095,117112831,450363391,305408,946864127,35337219.78,74021485.28,358602,10,10,10,0,0,0,0,0,0,56459263,460324863,509870079,164367616.79,2584
1790618887,0,362170,0,709.27,3569.09,3147775,14647295,39223295,121831423,451674111,305408,946864127,36243279.11,75069695.21,362170,10,10,10,0,0,0,0,0,0,83099647,390594559,463208447,127306812.84,3568
1790618888,0,365099,0,713.61,2929.05,3172351,14925823,39878655,123273215,450101247,305408,946864127,36547791.11,74944006.58,365099,10,10,10,0,0,0,0,0,0,64421887,157941759,185729023,74200611.75,2929
1790618889,0,368181,0,718.23,3081.92,3198975,15179775,40075263,122748927,448528383,305408,946864127,36587569.87,74667656.90,368181,10,10,10,0,0,0,0,0,0,35160063,91881471,127991807,41299829.45,3082
1790618890,0,371207,0,722.72,3024.41,3227647,15409151,40632319,122552319,446955519,305408,946864127,36744341.37,74436928.56,371207,10,10,10,0,0,0,0,0,0,52166655,117637119,145620991,55819123.23,3026
1790618891,0,374159,0,727.05,2952.29,3252223,15671295,41189375,124059647,445382655,305408,946864127,37007636.59,74311870.97,374159,10,10,10,0,0,0,0,0,0,57212927,156893183,187301887,70116386.17,2952
1790618892,0,377058,0,731.26,2898.95,3278847,15941631,41549823,125108223,444596223,305408,946864127,37217186.79,74195655.41,377058,10,10,10,0,0,0,0,0,0,49709055,172490751,245366783,64262752.08,2899
1790618893,0,380045,0,735.63,2988.40,3305471,16179199,42008575,126746623,443023359,305408,946864127,37494376.89,74166240.71,380045,10,10,10,0,0,0,0,0,0,49774591,202113023,272891903,72484916.97,2987
1790618894,0,383083,0,740.08,3038.79,3332095,16465919,42663935,127860735,441450495,305408,946864127,37822949.19,74055951.24,383083,10,10,10,0,0,0,0,0,0,71630847,157810687,190316543,78926392.29,3038
1790618895,0,386161,0,744.59,3077.29,3362815,16752639,43155455,127401983,440139775,305408,946864127,37946732.69,73802480.39,386161,10,10,10,0,0,0,0,0,0,51380223,92995583,128712703,53352630.98,3078
1790618896,0,389192,0,748.99,3030.94,3391487,17039359,43679743,127074303,438304767,305408,946864127,38138672.27,73587837.35,389192,10,10,10,0,0,0,0,0,0,60850175,112459775,139198463,62592509.47,3031
1790618897,0,392147,0,753.22,2953.29,3420159,17317887,44072959,127926271,436731903,305408,946864127,38360408.36,73480341.00,392147,10,10,10,0,0,0,0,0,0,51380223,176029695,221773823,67564439.69,2955
1790618898,0,394773,0,756.82,2628.05,3444735,17580031,44531711,130088959,435421183,305408,946864127,38809817.35,73819800.61,394773,10,10,10,0,0,0,0,0,0,61833215,307757055,367788031,105921160.09,2626
1790618899,0,397593,0,760.76,2817.78,3471359,17793023,44793855,135659519,449314815,305408,946864127,39982555.51,76554657.97,397593,10,10,10,0,0,0,0,0,0,53542911,480247807,520617983,204154669.75,2820
1790618900,0,401104,0,766.01,3510.72,3506175,18038783,45350911,142737407,467664895,305408,946864127,41440522.38,79860270.86,401104,10,10,10,0,0,0,0,0,0,129957887,543162367,588775423,206543746.59,3511
1790618901,0,403831,0,769.75,2729.14,3534847,18219007,45645823,148242431,466616319,305408,946864127,41954778.28,80303495.79,403831,10,10,10,0,0,0,0,0,0,56524799,297795583,339738623,117594712.06,2727
1790618902,0,406932,0,774.19,3099.75,3571711,18513919,46202879,153092095,465829887,305408,946864127,42500936.10,80560692.43,406932,10,10,10,0,0,0,0,0,0,92405759,269746175,305397759,113624914.64,3101
1790618903,0,410067,0,778.67,3136.16,3608575,18825215,46792703,158859263,465043455,305408,946864127,43070981.77,80853431.11,410067,10,10,10,0,0,0,0,0,0,102367231,268042239,295698431,117064545.91,3135
1790618904,0,412802,0,782.38,2734.32,3637247,19038207,47120383,162529279,464519167,305408,946864127,43469530.38,81077643.92,412802,10,10,10,0,0,0,0,0,0,58982399,285212671,327679999,103225154.93,2735
1790618905,0,416111,0,787.16,3309.37,3676159,19382271,47742975,166461439,463208447,305408,946864127,43996089.15,81323976.78,416111,10,10,10,0,0,0,0,0,0,77070335,287571967,337379327,109684973.05,3309
1790618906,0,419147,0,791.40,3035.65,3713023,19562495,47972351,165675007,462422015,305408,946864127,44011252.06,81062480.15,419147,10,10,10,0,0,0,0,0,0,41222143,96927743,114294783,46089464.75,3036
1790618907,0,422121,0,795.52,2974.91,3749887,19742719,48037887,164757503,460587007,305408,946864127,44000467.97,80811636.58,422121,10,10,10,0,0,0,0,0,0,33751039,103284735,133693439,42480589.21,2974
1790618908,0,425076,0,799.58,2953.32,3784703,19972095,48594943,165937151,460062719,305408,946864127,44343058.85,80787790.44,425076,10,10,10,0,0,0,0,0,0,95682559,191496191,222035967,93282079.27,2955
1790618909,0,428118,0,803.79,3041.95,3825663,20234239,49151999,165806079,459538431,305408,946864127,44596546.68,80649988.94,428118,10,10,10,0,0,0,0,0,0,77529087,160825343,192282623,80017845.94,3042
1790618910,0,431151,0,807.97,3033.88,3866623,20512767,49676287,165543935,458227711,305408,946864127,44810106.20,80481816.75,431151,10,10,10,0,0,0,0,0,0,68812799,153747455,190316543,74954739.85,3033
1790618911,0,434025,0,811.83,2875.03,3909631,20692991,49807359,165019647,457179135,305408,946864127,44852229.82,80273950.43,434025,10,10,10,0,0,0,0,0,0,40173567,134610943,176947199,51171519.69,2874
1790618912,0,436910,0,815.70,2885.26,3950591,20938751,50200575,169476095,456392703,305408,946864127,45300649.29,80518896.72,436910,10,10,10,0,0,0,0,0,0,69140479,260702207,300417023,112761745.61,2885
1790618913,0,439865,0,819.69,2953.67,3997695,21151743,50626559,176685055,455344127,305408,946864127,46034042.22,81417718.39,439865,10,10,10,0,0,0,0,0,0,82378751,349175807,391118847,154469475.45,2955
1790618914,0,442941,0,823.89,3076.09,4046847,21397503,51216383,185073663,454819839,305408,946864127,46976193.15,82712059.19,442941,10,10,10,0,0,0,0,0,0,185073663,388235263,421003263,181702857.07,3076
1790618915,0,445858,0,827.77,2916.58,4095999,21659647,51773439,187170815,454557695,305408,946864127,47347172.21,82768550.26,445858,10,10,10,0,0,0,0,0,0,86179839,242221055,281804799,103679648.95,2917
1790618916,0,448928,0,831.93,3070.24,4149247,21954559,52396031,194117631,452984831,305408,946864127,48005053.97,83292279.34,448928,10,10,10,0,0,0,0,0,0,124387327,306708479,330825727,143549628.79,3070
1790618917,0,450335,0,832.99,1407.50,4167679,22052863,52658175,195166207,452460543,305408,946864127,48198759.63,83355550.65,450335,10,10,10,0,0,0,0,0,0,108068863,249298943,288358399,110003944.71,1407
1790618918,0,450540,0,831.83,204.83,4161535,22036479,52625407,195035135,452460543,305408,946864127,48178582.44,83341960.52,450540,10,10,10,0,0,0,0,0,0,3504127,7536639,10805247,3854208.62,205
1790618919,0,450740,0,830.67,200.12,4153343,22020095,52592639,194904063,452460543,305408,946864127,48158793.81,83328767.78,450740,10,10,10,0,0,0,0,0,0,3215359,6279167,8478719,3580961.28,200
1790618920,0,450940,0,829.51,199.93,4147199,22003711,52592639,194904063,452460543,305408,946864127,48138970.87,83315608.91,450940,10,10,10,0,0,0,0,0,0,3170303,6447103,9248767,3464000.00,200
1790618921,0,451140,0,828.35,200.07,4141055,21987327,52559871,194904063,452460543,305408,946864127,48119325.18,83302372.72,451140,10,10,10,0,0,0,0,0,0,3473407,8122367,9576447,3824186.88,200
1790618922,0,451340,0,827.20,199.89,4134911,21970943,52527103,194772991,452460543,305408,946864127,48099746.35,83289113.70,451340,10,10,10,0,0,0,0,0,0,3571711,7454719,9535487,3935787.52,200
1790618923,0,451540,0,826.05,200.10,4126719,21938175,52527103,194641919,452198399,305408,946864127,48080072.77,83275917.57,451540,10,10,10,0,0,0,0,0,0,3581951,6672383,7598079,3682700.80,200
1790618924,0,451740,0,824.91,199.98,4122623,21921791,52494335,194641919,452198399,305408,946864127,48060386.45,83262743.27,451740,10,10,10,0,0,0,0,0,0,3309567,6975487,9142271,3614593.28,200
1790618925,0,451940,0,823.77,199.92,4116479,21905407,52461567,194510847,452198399,305408,946864127,48040936.31,83249458.67,451940,10,10,10,0,0,0,0,0,0,3745791,7733247,8970239,4108904.96,200
1790618926,0,452140,0,822.63,200.10,4110335,21889023,52428799,194510847,451936255,305408,946864127,48021158.04,83236359.79,452140,10,10,10,0,0,0,0,0,0,3131391,6008831,7827455,3328188.16,200
1790618927,0,452340,0,821.50,199.92,4104191,21856255,52428799,194510847,451936255,305408,946864127,48001475.65,83223222.71,452340,10,10,10,0,0,0,0,0,0,3325951,5951487,7028735,3505501.44,200
1790618928,0,452539,0,820.38,199.15,4100095,21839871,52396031,194379775,451674111,305408,946864127,47982130.13,83210041.72,452539,10,10,10,0,0,0,0,0,0,3676159,7528447,9175039,4008494.31,199
1790618929,0,452740,0,819.26,201.01,4095999,21823487,52363263,194379775,451149823,305408,946864127,47962615.95,83196729.06,452740,10,10,10,0,0,0,0,0,0,3702783,6983679,8814591,4027656.92,201
1790618930,0,452940,0,818.14,199.89,4089855,21807103,52363263,194379775,451149823,305408,946864127,47943136.86,83183531.94,452940,10,10,10,0,0,0,0,0,0,3315711,7708671,11476991,3848317.44,200
1790618931,0,453140,0,817.02,200.08,4083711,21774335,52330495,194248703,450887679,305408,946864127,47923607.09,83170373.27,453140,10,10,10,0,0,0,0,0,0,3344383,7618559,8568831,3694535.68,200
1790618932,0,453340,0,815.91,199.98,4079615,21757951,52297727,194248703,450887679,305408,946864127,47904227.02,83157152.48,453340,10,10,10,0,0,0,0,0,0,3500031,7995391,9428991,3994812.16,200
1790618933,0,453540,0,814.80,199.89,4073471,21741567,52264959,194248703,450887679,305408,946864127,47884612.86,83144064.98,453540,10,10,10,0,0,0,0,0,0,3102719,6184959,7077887,3425190.40,200
1790618934,0,453740,0,813.70,200.09,4067327,21708799,52264959,194117631,450625535,305408,946864127,47865037.53,83130970.87,453740,10,10,10,0,0,0,0,0,0,3405823,6385663,7442431,3474073.60,200
1790618935,0,453940,0,812.60,200.03,4061183,21692415,52232191,194117631,450625535,305408,946864127,47845638.68,83117799.84,453940,10,10,10,0,0,0,0,0,0,3508223,7155711,10125311,3835449.60,200
1790618936,0,454140,0,811.51,200.00,4057087,21676031,52199423,193986559,450625535,305408,946864127,47826210.49,83104654.47,454140,10,10,10,0,0,0,0,0,0,3565567,5836799,7692287,3730065.92,200
1790618937,0,454340,0,810.42,199.87,4050943,21659647,52166655,193986559,450625535,305408,946864127,47806781.05,83091526.28,454340,10,10,10,0,0,0,0,0,0,3385343,7036927,8155135,3688352.00,200
1790618938,0,454540,0,809.33,200.08,4046847,21626879,52166655,193986559,450363391,305408,946864127,47787366.35,83078403.93,454540,10,10,10,0,0,0,0,0,0,3573759,6504447,8699903,3682977.28,200
1790618939,0,454740,0,808.25,199.90,4040703,21610495,52133887,193855487,450363391,305408,946864127,47767860.53,83065341.74,454740,10,10,10,0,0,0,0,0,0,3233791,5619711,7274495,3436981.76,200
1790618940,0,454940,0,807.17,200.15,4036607,21594111,52101119,193855487,450363391,305408,946864127,47748603.12,83052164.98,454940,10,10,10,0,0,0,0,0,0,3846143,6782975,7720959,3963045.12,200
1790618941,0,455140,0,806.09,199.95,4034559,21561343,52101119,193855487,450363391,305408,946864127,47729428.39,83038958.87,455140,10,10,10,0,0,0,0,0,0,3889151,7827455,8593407,4112663.04,200
1790618942,0,455340,0,805.02,199.92,4028415,21544959,52068351,193724415,450363391,305408,946864127,47710047.03,83025874.16,455340,10,10,10,0,0,0,0,0,0,3479551,6242303,7639039,3603874.56,200
1790618943,0,455540,0,803.95,200.01,4024319,21528575,52035583,193724415,450363391,305408,946864127,47690847.02,83012711.70,455540,10,10,10,0,0,0,0,0,0,3471359,8065023,9822207,3978184.96,200
1790618944,0,455740,0,802.89,199.97,4022271,21495807,52035583,193724415,450363391,305408,946864127,47671590.98,82999588.03,455740,10,10,10,0,0,0,0,0,0,3588095,6569983,7561215,3812108.80,200
1790618945,0,455940,0,801.83,199.98,4016127,21479423,52002815,193593343,450363391,305408,946864127,47652268.82,82986514.31,455940,10,10,10,0,0,0,0,0,0,3282943,6615039,8527871,3622881.28,200
1790618946,0,456140,0,800.77,200.09,4012031,21463039,51970047,193462271,450363391,305408,946864127,47633112.04,82973373.64,456140,10,10,10,0,0,0,0,0,0,3901439,7077887,14082047,3961395.20,200
1790618947,0,456340,0,799.72,200.02,4007935,21430271,51937279,193462271,450363391,305408,946864127,47614105.82,82960163.28,456340,10,10,10,0,0,0,0,0,0,3887103,8220671,8437759,4266612.48,200
1790618948,0,456540,0,798.67,200.06,4003839,21413887,51937279,193462271,450363391,305408,946864127,47594919.21,82947059.32,456540,10,10,10,0,0,0,0,0,0,3756031,6873087,7806975,3816844.80,200
1790618949,0,456740,0,797.63,199.88,3999743,21397503,51904511,193331199,450363391,305408,946864127,47575656.02,82934009.70,456740,10,10,10,0,0,0,0,0,0,3540991,6508543,7659519,3603557.12,200
1790618950,0,456940,0,796.58,200.11,3995647,21381119,51904511,193331199,450363391,305408,946864127,47556417.24,82920962.02,456940,10,10,10,0,0,0,0,0,0,3162111,6914047,7688191,3620820.48,200
1790618951,0,457140,0,795.55,199.97,3991551,21364735,51871743,193331199,450363391,305408,946864127,47537356.31,82907832.89,457140,10,10,10,0,0,0,0,0,0,3799039,6393855,7630847,3988851.20,200
1790618952,0,457340,0,794.51,200.02,3985407,21348351,51838975,193331199,450101247,305408,946864127,47518093.48,82894824.39,457340,10,10,10,0,0,0,0,0,0,3172351,7049215,8265727,3489050.88,200
1790618953,0,457530,0,793.46,189.85,3981311,21331967,51838975,193200127,450101247,305408,946864127,47499929.50,82882407.65,457530,10,10,10,0,0,0,0,0,0,3581951,6627327,8105983,3778259.54,190
1790618954,0,457740,0,792.45,210.07,3977215,21315583,51806207,193200127,450101247,305408,946864127,47480064.43,82868594.72,457740,10,10,10,0,0,0,0,0,0,3653631,10911743,12427263,4199755.58,210
1790618955,0,457940,0,791.43,200.11,3973119,21299199,51806207,193200127,449839103,305408,946864127,47460963.94,82855541.84,457940,10,10,10,0,0,0,0,0,0,3450879,6856703,7708671,3745681.92,200
1790618956,0,458140,0,790.41,200.00,3969023,21282815,51773439,193069055,449839103,305408,946864127,47441810.72,82842533.72,458140,10,10,10,0,0,0,0,0,0,3346431,8085503,9027583,3586680.32,200
1790618957,0,458340,0,789.39,199.94,3964927,21266431,51773439,193069055,449839103,305408,946864127,47422784.46,82829469.67,458340,10,10,10,0,0,0,0,0,0,3446783,6811647,8921087,3839320.32,200
1790618958,0,458540,0,788.38,199.97,3958783,21250047,51740671,192937983,449839103,305408,946864127,47403664.78,82816470.83,458540,10,10,10,0,0,0,0,0,0,3244031,7217151,11337727,3587091.20,200
1790618959,0,458740,0,787.37,199.97,3954687,21233663,51707903,192937983,449839103,305408,946864127,47384638.30,82803433.18,458740,10,10,10,0,0,0,0,0,0,3567615,6115327,7852031,3762635.52,200
1790618960,0,458940,0,786.36,199.97,3950591,21200895,51707903,192675839,449839103,305408,946864127,47365641.19,82790397.78,458940,10,10,10,0,0,0,0,0,0,3434495,8302591,9601023,3791968.00,200
1790618961,0,459140,0,785.36,200.05,3946495,21184511,51675135,192675839,449839103,305408,946864127,47346752.85,82777315.68,459140,10,10,10,0,0,0,0,0,0,3700735,6934527,8429567,4003678.72,200
1790618962,0,459340,0,784.36,200.05,3944447,21168127,51642367,192544767,449839103,305408,946864127,47327771.72,82764297.65,459340,10,10,10,0,0,0,0,0,0,3534847,7434239,7897087,3752802.56,200
1790618963,0,459540,0,783.36,199.99,3940351,21151743,51609599,192544767,449839103,305408,946864127,47309064.27,82751156.81,459540,10,10,10,0,0,0,0,0,0,3788799,9355263,13189119,4343646.72,200
1790618964,0,459740,0,782.37,199.97,3936255,21118975,51609599,192413695,449839103,305408,946864127,47289922.94,82738248.58,459740,10,10,10,0,0,0,0,0,0,3012607,6103039,7651327,3308903.68,200
1790618965,0,459940,0,781.38,200.08,3932159,21102591,51576831,192413695,449839103,305408,946864127,47270951.33,82725264.80,459940,10,10,10,0,0,0,0,0,0,3459071,6414335,7421951,3660894.72,200
1790618966,0,460140,0,780.39,199.87,3928063,21086207,51544063,192413695,449576959,305408,946864127,47251990.89,82712290.17,460140,10,10,10,0,0,0,0,0,0,3385343,7405567,8839167,3648682.24,200
1790618967,0,460340,0,779.41,199.97,3923967,21069823,51544063,192282623,449314815,305408,946864127,47233011.67,82699337.73,460340,10,10,10,0,0,0,0,0,0,3407871,6688767,8056831,3567504.64,200
1790618968,0,460540,0,778.43,200.10,3919871,21053439,51511295,192282623,449314815,305408,946864127,47214240.12,82686291.57,460540,10,10,10,0,0,0,0,0,0,3561471,7794687,9396223,4007773.44,200
1790618969,0,460740,0,777.46,200.00,3917823,21037055,51478527,192151551,449314815,305408,946864127,47195380.66,82673304.28,460740,10,10,10,0,0,0,0,0,0,3465215,7270399,9093119,3767705.60,200
1790618970,0,460940,0,776.48,199.97,3913727,21020671,51478527,192151551,449314815,305408,946864127,47176712.51,82660233.10,460940,10,10,10,0,0,0,0,0,0,3690495,8511487,9666559,4170890.24,200
1790618971,0,461140,0,775.51,200.01,3911679,21004287,51445759,192020479,449314815,305408,946864127,47158082.17,82647152.53,461140,10,10,10,0,0,0,0,0,0,3876863,6832127,8839167,4220739.84,200
1790618972,0,461339,0,774.55,198.96,3907583,20987903,51412991,192020479,449314815,305408,946864127,47139198.45,82634331.22,461339,10,10,10,0,0,0,0,0,0,3366911,6205439,8069119,3380214.99,199
1790618973,0,461540,0,773.59,201.13,3903487,20955135,51412991,191889407,449314815,305408,946864127,47120361.34,82621272.29,461540,10,10,10,0,0,0,0,0,0,3667967,6873087,9076735,3885072.56,201
1790618974,0,461740,0,772.63,199.93,3899391,20955135,51380223,191889407,449314815,305408,946864127,47101708.38,82608243.82,461740,10,10,10,0,0,0,0,0,0,3655679,7196671,7983103,4056267.52,200
1790618975,0,461940,0,771.67,200.07,3897343,20922367,51347455,191889407,449052671,305408,946864127,47083006.01,82595255.33,461940,10,10,10,0,0,0,0,0,0,3442687,6901759,8839167,3904842.24,200
1790618976,0,462140,0,770.72,200.00,3893247,20905983,51347455,191627263,449052671,305408,946864127,47064313.86,82582280.80,462140,10,10,10,0,0,0,0,0,0,3305471,8413183,13164543,3891063.04,200
1790618977,0,464169,0,772.81,2027.36,3917823,21069823,51937279,195690495,448266239,305408,946864127,47607261.65,82972635.32,464169,10,10,10,0,0,0,0,0,0,166199295,308543487,342622207,171273053.24,2029
1790618978,0,466997,0,776.23,2828.19,3952639,21348351,52887551,212860927,480247807,305408,1094713343,49937749.18,89094170.27,466997,10,10,10,0,0,0,0,0,0,387973119,805830655,1043333119,432448380.20,2828
1790618979,0,468773,0,777.89,1777.31,3975167,21512191,53379071,225050623,517996543,305408,1814036479,52336089.37,99299685.91,468773,10,10,10,0,0,0,0,0,0,606076927,1255145471,1784676351,682976671.14,1776
1790618980,0,470723,0,779.83,1950.01,4001791,21725183,54067199,239206399,598736895,305408,2642411519,56777913.07,123927119.94,470723,10,10,10,0,0,0,0,0,0,997720063,2076180479,2610954239,1124576385.18,1950
1790618981,0,471823,0,780.36,1099.97,4016127,21839871,54427647,247857151,666370047,305408,3078619135,60333482.17,147427608.55,471823,10,10,10,0,0,0,0,0,0,1370488831,2977955839,3059744767,1581868169.77,1100
1790618982,0,473423,0,781.71,1598.60,4038655,22003711,54919167,260571135,865599487,305408,4546625535,68554797.74,209660395.78,473423,10,10,10,0,0,0,0,0,0,2185232383,4458545151,4517265407,2492933406.72,1600
1790618983,0,475323,0,783.55,1901.09,4063231,22200319,55541759,277086207,1232076799,305408,5460983807,78034187.46,259339246.55,475323,10,10,10,0,0,0,0,0,0,2300575743,2898264063,5431623679,2440013724.83,1900
1790618984,0,476923,0,784.90,1599.04,4087807,22347775,56098815,292552703,2122317823,305408,6035603455,87908635.10,316657118.06,476923,10,10,10,0,0,0,0,0,0,2579496959,5913968639,6006243327,3021378682.88,1600
1790618985,0,478723,0,786.57,1800.54,4112383,22527999,56754175,312213503,2350907391,305408,7549747199,99394997.45,370531679.66,478723,10,10,10,0,0,0,0,0,0,2843738111,3646947327,7520387071,3142789657.03,1800
1790618986,0,480973,0,788.97,2250.66,4147199,22740991,57606143,344195071,2749366271,305408,8258584575,116736482.50,457705899.15,480973,10,10,10,0,0,0,0,0,0,3263168511,8057257983,8216641535,3806411037.81,2250
1790618987,0,483123,0,791.20,2149.46,4179967,22970367,58392575,384303103,3013607423,305408,8258584575,131253219.82,506890847.53,483123,10,10,10,0,0,0,0,0,0,3158310911,4412407807,4475322367,3378768895.05,2150
1790618988,0,483323,0,790.23,199.98,4182015,22986751,58490879,388759551,3032481791,305408,8258584575,132673963.87,511727799.90,483323,10,10,10,0,0,0,0,0,0,3183476735,4643094527,4651483135,3564644597.76,200
1790618989,0,483323,0,788.94,0.00,4182015,22986751,58490879,388759551,3032481791,305408,8258584575,132673963.87,511727799.90,483323,10,10,10,0,0,0,0,0,0,0,0,0,0.00,0
1790618990,0,483323,0,787.65,0.00,4182015,22986751,58490879,388759551,3032481791,305408,8258584575,132673963.87,511727799.90,483323,10,10,10,0,0,0,0,0,0,0,0,0,0.00,0
1790618991,0,483323,0,786.37,0.00,4182015,22986751,58490879,388759551,3032481791,305408,8258584575,132673963.87,511727799.90,483323,10,10,10,0,0,0,0,0,0,0,0,0,0.00,0
1790618992,0,483323,0,785.09,0.00,4182015,22986751,58490879,388759551,3032481791,305408,8258584575,132673963.87,511727799.90,483323,10,10,10,0,0,0,0,0,0,0,0,0,0.00,0
1790618993,0,483323,0,783.82,0.00,4182015,22986751,58490879,388759551,3032481791,305408,8258584575,132673963.87,511727799.90,483323,10,10,10,0,0,0,0,0,0,0,0,0,0.00,0
1790618994,0,483323,0,782.55,0.00,4182015,22986751,58490879,388759551,3032481791,305408,8258584575,132673963.87,511727799.90,483323,10,10,10,0,0,0,0,0,0,0,0,0,0.00,0
1790618995,0,483323,0,781.29,0.00,4182015,22986751,58490879,388759551,3032481791,305408,8258584575,132673963.87,511727799.90,483323,10,10,10,0,0,0,0,0,0,0,0,0,0.00,0
1790618996,0,483323,0,780.03,0.00,4182015,22986751,58490879,388759551,3032481791,305408,8258584575,132673963.87,511727799.90,483323,10,10,10,0,0,0,0,0,0,0,0,0,0.00,0
1790618997,0,483323,0,778.77,0.00,4182015,22986751,58490879,388759551,3032481791,305408,8258584575,132673963.87,511727799.90,483323,10,10,10,0,0,0,0,0,0,0,0,0,0.00,0
1790618998,0,483323,0,777.52,0.00,4182015,22986751,58490879,388759551,3032481791,305408,8258584575,132673963.87,511727799.90,483323,10,10,10,0,0,0,0,0,0,0,0,0,0.00,0
1790618999,0,483323,0,776.27,0.00,4182015,22986751,58490879,388759551,3032481791,305408,8258584575,132673963.87,511727799.90,483323,10,10,10,0,0,0,0,0,0,0,0,0,0.00,0
1790619000,0,483323,0,775.02,0.00,4182015,22986751,58490879,388759551,3032481791,305408,8258584575,132673963.87,511727799.90,483323,10,10,10,0,0,0,0,0,0,0,0,0,0.00,0
1790619001,0,483323,0,773.78,0.00,4182015,22986751,58490879,388759551,3032481791,305408,8258584575,132673963.87,511727799.90,483323,10,10,10,0,0,0,0,0,0,0,0,0,0.00,0
1790619002,0,483323,0,772.55,0.00,4182015,22986751,58490879,388759551,3032481791,305408,8258584575,132673963.87,511727799.90,483323,10,10,10,0,0,0,0,0,0,0,0,0,0.00,0
1790619003,0,483323,0,771.31,0.00,4182015,22986751,58490879,388759551,3032481791,305408,8258584575,132673963.87,511727799.90,483323,10,10,10,0,0,0,0,0,0,0,0,0,0.00,0
1790619004,0,483323,0,770.08,0.00,4182015,22986751,58490879,388759551,3032481791,305408,8258584575,132673963.87,511727799.90,483323,10,10,10,0,0,0,0,0,0,0,0,0,0.00,0
1790619005,0,483323,0,768.86,0.00,4182015,22986751,58490879,388759551,3032481791,305408,8258584575,132673963.87,511727799.90,483323,10,10,10,0,0,0,0,0,0,0,0,0,0.00,0
1790619006,0,483323,0,767.64,0.00,4182015,22986751,58490879,388759551,3032481791,305408,8258584575,132673963.87,511727799.90,483323,10,10,10,0,0,0,0,0,0,0,0,0,0.00,0
1790619007,0,483323,0,766.42,0.00,4182015,22986751,58490879,388759551,3032481791,305408,8258584575,132673963.87,511727799.90,483323,10,10,10,0,0,0,0,0,0,0,0,0,0.00,0
1790619008,0,483323,0,765.21,0.00,4182015,22986751,58490879,388759551,3032481791,305408,8258584575,132673963.87,511727799.90,483323,10,10,10,0,0,0,0,0,0,0,0,0,0.00,0
1790619009,0,483323,0,764.00,0.00,4182015,22986751,58490879,388759551,3032481791,305408,8258584575,132673963.87,511727799.90,483323,10,10,10,0,0,0,0,0,0,0,0,0,0.00,0
1790619010,0,483323,0,762.79,0.00,4182015,22986751,58490879,388759551,3032481791,305408,8258584575,132673963.87,511727799.90,483323,10,10,10,0,0,0,0,0,0,0,0,0,0.00,0
1790619011,0,483323,0,761.59,0.00,4182015,22986751,58490879,388759551,3032481791,305408,8258584575,132673963.87,511727799.90,483323,10,10,10,0,0,0,0,0,0,0,0,0,0.00,0
1790619012,0,483323,0,760.39,0.00,4182015,22986751,58490879,388759551,3032481791,305408,8258584575,132673963.87,511727799.90,483323,10,10,10,0,0,0,0,0,0,0,0,0,0.00,0
1790619013,0,483323,0,759.20,0.00,4182015,22986751,58490879,388759551,3032481791,305408,8258584575,132673963.87,511727799.90,483323,10,10,10,0,0,0,0,0,0,0,0,0,0.00,0
1790619014,0,483323,0,758.01,0.00,4182015,22986751,58490879,388759551,3032481791,305408,8258584575,132673963.87,511727799.90,483323,10,10,10,0,0,0,0,0,0,0,0,0,0.00,0
1790619015,0,483323,0,756.82,0.00,4182015,22986751,58490879,388759551,3032481791,305408,8258584575,132673963.87,511727799.90,483323,10,10,10,0,0,0,0,0,0,0,0,0,0.00,0
1790619016,0,483323,0,755.64,0.00,4182015,22986751,58490879,388759551,3032481791,305408,8258584575,132673963.87,511727799.90,483323,10,10,10,0,0,0,0,0,0,0,0,0,0.00,0
1790619017,0,483323,0,754.46,0.00,4182015,22986751,58490879,388759551,3032481791,305408,8258584575,132673963.87,511727799.90,483323,10,10,10,0,0,0,0,0,0,0,0,0,0.00,0
1790619018,0,483323,0,753.28,0.00,4182015,22986751,58490879,388759551,3032481791,305408,8258584575,132673963.87,511727799.90,483323,10,10,10,0,0,0,0,0,0,0,0,0,0.00,0
1790619019,0,483323,0,752.11,0.00,4182015,22986751,58490879,388759551,3032481791,305408,8258584575,132673963.87,511727799.90,483323,10,10,10,0,0,0,0,0,0,0,0,0,0.00,0
1790619020,0,483323,0,750.94,0.00,4182015,22986751,58490879,388759551,3032481791,305408,8258584575,132673963.87,511727799.90,483323,10,10,10,0,0,0,0,0,0,0,0,0,0.00,0
1790619021,0,483323,0,749.77,0.00,4182015,22986751,58490879,388759551,3032481791,305408,8258584575,132673963.87,511727799.90,483323,10,10,10,0,0,0,0,0,0,0,0,0,0.00,0
1790619022,0,483323,0,748.61,0.00,4182015,22986751,58490879,388759551,3032481791,305408,8258584575,132673963.87,511727799.90,483323,10,10,10,0,0,0,0,0,0,0,0,0,0.00,0
1790619023,0,483323,0,747.46,0.00,4182015,22986751,58490879,388759551,3032481791,305408,8258584575,132673963.87,511727799.90,483323,10,10,10,0,0,0,0,0,0,0,0,0,0.00,0
1790619024,0,483323,0,746.30,0.00,4182015,22986751,58490879,388759551,3032481791,305408,8258584575,132673963.87,511727799.90,483323,10,10,10,0,0,0,0,0,0,0,0,0,0.00,0
1790619025,0,483323,0,745.15,0.00,4182015,22986751,58490879,388759551,3032481791,305408,8258584575,132673963.87,511727799.90,483323,10,10,10,0,0,0,0,0,0,0,0,0,0.00,0
1790619026,0,483323,0,744.00,0.00,4182015,22986751,58490879,388759551,3032481791,305408,8258584575,132673963.87,511727799.90,483323,10,10,10,0,0,0,0,0,0,0,0,0,0.00,0
1790619027,0,483323,0,742.86,0.00,4182015,22986751,58490879,388759551,3032481791,305408,8258584575,132673963.87,511727799.90,483323,10,10,10,0,0,0,0,0,0,0,0,0,0.00,0
1790619028,0,483323,0,741.72,0.00,4182015,22986751,58490879,388759551,3032481791,305408,8258584575,132673963.87,511727799.90,483323,10,10,10,0,0,0,0,0,0,0,0,0,0.00,0
1790619029,0,483323,0,740.58,0.00,4182015,22986751,58490879,388759551,3032481791,305408,8258584575,132673963.87,511727799.90,483323,10,10,10,0,0,0,0,0,0,0,0,0,0.00,0
1790619030,0,483323,0,739.45,0.00,4182015,22986751,58490879,388759551,3032481791,305408,8258584575,132673963.87,511727799.90,483323,10,10,10,0,0,0,0,0,0,0,0,0,0.00,0
1790619031,0,483323,0,738.32,0.00,4182015,22986751,58490879,388759551,3032481791,305408,8258584575,132673963.87,511727799.90,483323,10,10,10,0,0,0,0,0,0,0,0,0,0.00,0
1790619032,0,483323,0,737.20,0.00,4182015,22986751,58490879,388759551,3032481791,305408,8258584575,132673963.87,511727799.90,483323,10,10,10,0,0,0,0,0,0,0,0,0,0.00,0
1790619033,0,483323,0,736.07,0.00,4182015,22986751,58490879,388759551,3032481791,305408,8258584575,132673963.87,511727799.90,483323,10,10,10,0,0,0,0,0,0,0,0,0,0.00,0
1790619034,0,483323,0,734.95,0.00,4182015,22986751,58490879,388759551,3032481791,305408,8258584575,132673963.87,511727799.90,483323,10,10,10,0,0,0,0,0,0,0,0,0,0.00,0
1790619035,0,483323,0,733.84,0.00,4182015,22986751,58490879,388759551,3032481791,305408,8258584575,132673963.87,511727799.90,483323,10,10,10,0,0,0,0,0,0,0,0,0,0.00,0
1790619036,0,483323,0,732.72,0.00,4182015,22986751,58490879,388759551,3032481791,305408,8258584575,132673963.87,511727799.90,483323,10,10,10,0,0,0,0,0,0,0,0,0,0.00,0
1790619037,0,483323,0,731.62,0.00,4182015,22986751,58490879,388759551,3032481791,305408,8258584575,132673963.87,511727799.90,483323,10,10,10,0,0,0,0,0,0,0,0,0,0.00,0
1790619038,0,483323,0,730.51,0.00,4182015,22986751,58490879,388759551,3032481791,305408,8258584575,132673963.87,511727799.90,483323,10,10,10,0,0,0,0,0,0,0,0,0,0.00,0
1790619039,0,483323,0,729.41,0.00,4182015,22986751,58490879,388759551,3032481791,305408,8258584575,132673963.87,511727799.90,483323,10,10,10,0,0,0,0,0,0,0,0,0,0.00,0
1790619040,0,483323,0,728.31,0.00,4182015,22986751,58490879,388759551,3032481791,305408,8258584575,132673963.87,511727799.90,483323,10,10,10,0,0,0,0,0,0,0,0,0,0.00,0
1790619041,0,483323,0,727.21,0.00,4182015,22986751,58490879,388759551,3032481791,305408,8258584575,132673963.87,511727799.90,483323,10,10,10,0,0,0,0,0,0,0,0,0,0.00,0
1790619042,0,483323,0,726.12,0.00,4182015,22986751,58490879,388759551,3032481791,305408,8258584575,132673963.87,511727799.90,483323,10,10,10,0,0,0,0,0,0,0,0,0,0.00,0
1790619043,0,483323,0,725.03,0.00,4182015,22986751,58490879,388759551,3032481791,305408,8258584575,132673963.87,511727799.90,483323,10,10,10,0,0,0,0,0,0,0,0,0,0.00,0
1790619044,0,483323,0,723.94,0.00,4182015,22986751,58490879,388759551,3032481791,305408,8258584575,132673963.87,511727799.90,483323,10,10,10,0,0,0,0,0,0,0,0,0,0.00,0
1790619045,0,483323,0,722.86,0.00,4182015,22986751,58490879,388759551,3032481791,305408,8258584575,132673963.87,511727799.90,483323,10,10,10,0,0,0,0,0,0,0,0,0,0.00,0
1790619046,0,483323,0,721.78,0.00,4182015,22986751,58490879,388759551,3032481791,305408,8258584575,132673963.87,511727799.90,483323,10,10,10,0,0,0,0,0,0,0,0,0,0.00,0
1790619047,0,483323,0,720.71,0.00,4182015,22986751,58490879,388759551,3032481791,305408,8258584575,132673963.87,511727799.90,483323,10,10,10,0,0,0,0,0,0,0,0,0,0.00,0
1790619048,0,483323,0,719.63,0.00,4182015,22986751,58490879,388759551,3032481791,305408,8258584575,132673963.87,511727799.90,483323,10,10,10,0,0,0,0,0,0,0,0,0,0.00,0
1790619049,0,483323,0,718.56,0.00,4182015,22986751,58490879,388759551,3032481791,305408,8258584575,132673963.87,511727799.90,483323,10,10,10,0,0,0,0,0,0,0,0,0,0.00,0
1790619050,0,483323,0,717.50,0.00,4182015,22986751,58490879,388759551,3032481791,305408,8258584575,132673963.87,511727799.90,483323,10,10,10,0,0,0,0,0,0,0,0,0,0.00,0
1790619051,0,483323,0,716.43,0.00,4182015,22986751,58490879,388759551,3032481791,305408,8258584575,132673963.87,511727799.90,483323,10,10,10,0,0,0,0,0,0,0,0,0,0.00,0
1790619052,0,483323,0,715.37,0.00,4182015,22986751,58490879,388759551,3032481791,305408,8258584575,132673963.87,511727799.90,483323,10,10,10,0,0,0,0,0,0,0,0,0,0.00,0
1790619053,0,483323,0,714.32,0.00,4182015,22986751,58490879,388759551,3032481791,305408,8258584575,132673963.87,511727799.90,483323,10,10,10,0,0,0,0,0,0,0,0,0,0.00,0
1790619054,0,483323,0,713.26,0.00,4182015,22986751,58490879,388759551,3032481791,305408,8258584575,132673963.87,511727799.90,483323,10,10,10,0,0,0,0,0,0,0,0,0,0.00,0
1790619055,0,483323,0,712.21,0.00,4182015,22986751,58490879,388759551,3032481791,305408,8258584575,132673963.87,511727799.90,483323,10,10,10,0,0,0,0,0,0,0,0,0,0.00,0
1790619056,0,483323,0,711.16,0.00,4182015,22986751,58490879,388759551,3032481791,305408,8258584575,132673963.87,511727799.90,483323,10,10,10,0,0,0,0,0,0,0,0,0,0.00,0
1790619057,0,483323,0,710.12,0.00,4182015,22986751,58490879,388759551,3032481791,305408,8258584575,132673963.87,511727799.90,483323,10,10,10,0,0,0,0,0,0,0,0,0,0.00,0
1790619058,0,483323,0,709.08,0.00,4182015,22986751,58490879,388759551,3032481791,305408,8258584575,132673963.87,511727799.90,483323,10,10,10,0,0,0,0,0,0,0,0,0,0.00,0
1790619059,0,483323,0,708.04,0.00,4182015,22986751,58490879,388759551,3032481791,305408,8258584575,132673963.87,511727799.90,483323,10,10,10,0,0,0,0,0,0,0,0,0,0.00,0
1790619060,0,483323,0,707.00,0.00,4182015,22986751,58490879,388759551,3032481791,305408,8258584575,132673963.87,511727799.90,483323,10,10,10,0,0,0,0,0,0,0,0,0,0.00,0
1790619061,0,483323,0,705.97,0.00,4182015,22986751,58490879,388759551,3032481791,305408,8258584575,132673963.87,511727799.90,483323,10,10,10,0,0,0,0,0,0,0,0,0,0.00,0
1790619062,0,483323,0,704.94,0.00,4182015,22986751,58490879,388759551,3032481791,305408,8258584575,132673963.87,511727799.90,483323,10,10,10,0,0,0,0,0,0,0,0,0,0.00,0
1790619063,0,483323,0,703.91,0.00,4182015,22986751,58490879,388759551,3032481791,305408,8258584575,132673963.87,511727799.90,483323,10,10,10,0,0,0,0,0,0,0,0,0,0.00,0
1790619064,0,483323,0,702.89,0.00,4182015,22986751,58490879,388759551,3032481791,305408,8258584575,132673963.87,511727799.90,483323,10,10,10,0,0,0,0,0,0,0,0,0,0.00,0
1790619065,0,483323,0,701.87,0.00,4182015,22986751,58490879,388759551,3032481791,305408,8258584575,132673963.87,511727799.90,483323,10,10,10,0,0,0,0,0,0,0,0,0,0.00,0
1790619066,0,483323,0,700.85,0.00,4182015,22986751,58490879,388759551,3032481791,305408,8258584575,132673963.87,511727799.90,483323,10,10,10,0,0,0,0,0,0,0,0,0,0.00,0
1790619067,0,483323,0,699.84,0.00,4182015,22986751,58490879,388759551,3032481791,305408,8258584575,132673963.87,511727799.90,483323,10,10,10,0,0,0,0,0,0,0,0,0,0.00,0
1790619068,0,483323,0,698.82,0.00,4182015,22986751,58490879,388759551,3032481791,305408,8258584575,132673963.87,511727799.90,483323,10,10,10,0,0,0,0,0,0,0,0,0,0.00,0
1790619069,0,483323,0,697.81,0.00,4182015,22986751,58490879,388759551,3032481791,305408,8258584575,132673963.87,511727799.90,483323,10,10,10,0,0,0,0,0,0,0,0,0,0.00,0
1790619070,0,483323,0,696.81,0.00,4182015,22986751,58490879,388759551,3032481791,305408,8258584575,132673963.87,511727799.90,483323,10,10,10,0,0,0,0,0,0,0,0,0,0.00,0
1790619071,0,483323,0,695.80,0.00,4182015,22986751,58490879,388759551,3032481791,305408,8258584575,132673963.87,511727799.90,483323,10,10,10,0,0,0,0,0,0,0,0,0,0.00,0
1790619072,0,483323,0,694.80,0.00,4182015,22986751,58490879,388759551,3032481791,305408,8258584575,132673963.87,511727799.90,483323,10,10,10,0,0,0,0,0,0,0,0,0,0.00,0
1790619073,0,483323,0,693.81,0.00,4182015,22986751,58490879,388759551,3032481791,305408,8258584575,132673963.87,511727799.90,483323,10,10,10,0,0,0,0,0,0,0,0,0,0.00,0
1790619074,0,483323,0,692.81,0.00,4182015,22986751,58490879,388759551,3032481791,305408,8258584575,132673963.87,511727799.90,483323,10,10,10,0,0,0,0,0,0,0,0,0,0.00,0
1790619075,0,483323,0,691.82,0.00,4182015,22986751,58490879,388759551,3032481791,305408,8258584575,132673963.87,511727799.90,483323,10,10,10,0,0,0,0,0,0,0,0,0,0.00,0
1790619076,0,483323,0,690.83,0.00,4182015,22986751,58490879,388759551,3032481791,305408,8258584575,132673963.87,511727799.90,483323,10,10,10,0,0,0,0,0,0,0,0,0,0.00,0
1790619077,0,483323,0,689.85,0.00,4182015,22986751,58490879,388759551,3032481791,305408,8258584575,132673963.87,511727799.90,483323,10,10,10,0,0,0,0,0,0,0,0,0,0.00,0
1790619078,0,483323,0,688.86,0.00,4182015,22986751,58490879,388759551,3032481791,305408,8258584575,132673963.87,511727799.90,483323,10,10,10,0,0,0,0,0,0,0,0,0,0.00,0
1790619079,0,483323,0,687.88,0.00,4182015,22986751,58490879,388759551,3032481791,305408,8258584575,132673963.87,511727799.90,483323,10,10,10,0,0,0,0,0,0,0,0,0,0.00,0
1790619080,0,483323,0,686.91,0.00,4182015,22986751,58490879,388759551,3032481791,305408,8258584575,132673963.87,511727799.90,483323,10,10,10,0,0,0,0,0,0,0,0,0,0.00,0
1790619081,0,483323,0,685.93,0.00,4182015,22986751,58490879,388759551,3032481791,305408,8258584575,132673963.87,511727799.90,483323,10,10,10,0,0,0,0,0,0,0,0,0,0.00,0
1790619082,0,483323,0,684.96,0.00,4182015,22986751,58490879,388759551,3032481791,305408,8258584575,132673963.87,511727799.90,483323,10,10,10,0,0,0,0,0,0,0,0,0,0.00,0
1790619083,0,483323,0,683.99,0.00,4182015,22986751,58490879,388759551,3032481791,305408,8258584575,132673963.87,511727799.90,483323,10,10,10,0,0,0,0,0,0,0,0,0,0.00,0
1790619084,0,483323,0,683.02,0.00,4182015,22986751,58490879,388759551,3032481791,305408,8258584575,132673963.87,511727799.90,483323,10,10,10,0,0,0,0,0,0,0,0,0,0.00,0
1790619085,0,483323,0,682.06,0.00,4182015,22986751,58490879,388759551,3032481791,305408,8258584575,132673963.87,511727799.90,483323,10,10,10,0,0,0,0,0,0,0,0,0,0.00,0
1790619086,0,483323,0,681.10,0.00,4182015,22986751,58490879,388759551,3032481791,305408,8258584575,132673963.87,511727799.90,483323,10,10,10,0,0,0,0,0,0,0,0,0,0.00,0
1790619087,0,483323,0,680.14,0.00,4182015,22986751,58490879,388759551,3032481791,305408,8258584575,132673963.87,511727799.90,483323,10,10,10,0,0,0,0,0,0,0,0,0,0.00,0
1790619088,0,483323,0,679.18,0.00,4182015,22986751,58490879,388759551,3032481791,305408,8258584575,132673963.87,511727799.90,483323,10,10,10,0,0,0,0,0,0,0,0,0,0.00,0
1790619089,0,483323,0,678.23,0.00,4182015,22986751,58490879,388759551,3032481791,305408,8258584575,132673963.87,511727799.90,483323,10,10,10,0,0,0,0,0,0,0,0,0,0.00,0
1790619090,0,483323,0,677.28,0.00,4182015,22986751,58490879,388759551,3032481791,305408,8258584575,132673963.87,511727799.90,483323,10,10,10,0,0,0,0,0,0,0,0,0,0.00,0
1790619091,0,483323,0,676.33,0.00,4182015,22986751,58490879,388759551,3032481791,305408,8258584575,132673963.87,511727799.90,483323,10,10,10,0,0,0,0,0,0,0,0,0,0.00,0
1790619092,0,483323,0,675.39,0.00,4182015,22986751,58490879,388759551,3032481791,305408,8258584575,132673963.87,511727799.90,483323,10,10,10,0,0,0,0,0,0,0,0,0,0.00,0
1790619093,0,483323,0,674.44,0.00,4182015,22986751,58490879,388759551,3032481791,305408,8258584575,132673963.87,511727799.90,483323,10,10,10,0,0,0,0,0,0,0,0,0,0.00,0
1790619094,0,483323,0,673.50,0.00,4182015,22986751,58490879,388759551,3032481791,305408,8258584575,132673963.87,511727799.90,483323,10,10,10,0,0,0,0,0,0,0,0,0,0.00,0
1790619095,0,483323,0,672.57,0.00,4182015,22986751,58490879,388759551,3032481791,305408,8258584575,132673963.87,511727799.90,483323,10,10,10,0,0,0,0,0,0,0,0,0,0.00,0
1790619096,0,483323,0,671.63,0.00,4182015,22986751,58490879,388759551,3032481791,305408,8258584575,132673963.87,511727799.90,483323,10,10,10,0,0,0,0,0,0,0,0,0,0.00,0
1790619097,0,483323,0,670.70,0.00,4182015,22986751,58490879,388759551,3032481791,305408,8258584575,132673963.87,511727799.90,483323,10,10,10,0,0,0,0,0,0,0,0,0,0.00,0
1790619098,0,483323,0,669.77,0.00,4182015,22986751,58490879,388759551,3032481791,305408,8258584575,132673963.87,511727799.90,483323,10,10,10,0,0,0,0,0,0,0,0,0,0.00,0
1790619099,0,483323,0,668.84,0.00,4182015,22986751,58490879,388759551,3032481791,305408,8258584575,132673963.87,511727799.90,483323,10,10,10,0,0,0,0,0,0,0,0,0,0.00,0
1790619100,0,483323,0,667.92,0.00,4182015,22986751,58490879,388759551,3032481791,305408,8258584575,132673963.87,511727799.90,483323,10,10,10,0,0,0,0,0,0,0,0,0,0.00,0
1790619101,0,483323,0,667.00,0.00,4182015,22986751,58490879,388759551,3032481791,305408,8258584575,132673963.87,511727799.90,483323,10,10,10,0,0,0,0,0,0,0,0,0,0.00,0
1790619102,0,483323,0,666.08,0.00,4182015,22986751,58490879,388759551,3032481791,305408,8258584575,132673963.87,511727799.90,483323,10,10,10,0,0,0,0,0,0,0,0,0,0.00,0
1790619103,0,483323,0,665.16,0.00,4182015,22986751,58490879,388759551,3032481791,305408,8258584575,132673963.87,511727799.90,483323,10,10,10,0,0,0,0,0,0,0,0,0,0.00,0
1790619104,0,483323,0,664.25,0.00,4182015,22986751,58490879,388759551,3032481791,305408,8258584575,132673963.87,511727799.90,483323,10,10,10,0,0,0,0,0,0,0,0,0,0.00,0
1790619105,0,483323,0,663.34,0.00,4182015,22986751,58490879,388759551,3032481791,305408,8258584575,132673963.87,511727799.90,483323,10,10,10,0,0,0,0,0,0,0,0,0,0.00,0
1790619106,0,483323,0,662.43,0.00,4182015,22986751,58490879,388759551,3032481791,305408,8258584575,132673963.87,511727799.90,483323,10,10,10,0,0,0,0,0,0,0,0,0,0.00,0
1790619107,0,483323,0,661.52,0.00,4182015,22986751,58490879,388759551,3032481791,305408,8258584575,132673963.87,511727799.90,483323,10,10,10,0,0,0,0,0,0,0,0,0,0.00,0
1790619108,0,483323,0,660.62,0.00,4182015,22986751,58490879,388759551,3032481791,305408,8258584575,132673963.87,511727799.90,483323,10,10,10,0,0,0,0,0,0,0,0,0,0.00,0
1790619109,0,483323,0,659.72,0.00,4182015,22986751,58490879,388759551,3032481791,305408,8258584575,132673963.87,511727799.90,483323,10,10,10,0,0,0,0,0,0,0,0,0,0.00,0
1790619110,0,483323,0,658.82,0.00,4182015,22986751,58490879,388759551,3032481791,305408,8258584575,132673963.87,511727799.90,483323,10,10,10,0,0,0,0,0,0,0,0,0,0.00,0
1790619111,0,483323,0,657.92,0.00,4182015,22986751,58490879,388759551,3032481791,305408,8258584575,132673963.87,511727799.90,483323,10,10,10,0,0,0,0,0,0,0,0,0,0.00,0
1790619112,0,483323,0,657.02,0.00,4182015,22986751,58490879,388759551,3032481791,305408,8258584575,132673963.87,511727799.90,483323,10,10,10,0,0,0,0,0,0,0,0,0,0.00,0
1790619113,0,483323,0,656.13,0.00,4182015,22986751,58490879,388759551,3032481791,305408,8258584575,132673963.87,511727799.90,483323,10,10,10,0,0,0,0,0,0,0,0,0,0.00,0
1790619114,0,483323,0,655.24,0.00,4182015,22986751,58490879,388759551,3032481791,305408,8258584575,132673963.87,511727799.90,483323,10,10,10,0,0,0,0,0,0,0,0,0,0.00,0
1790619115,0,483323,0,654.36,0.00,4182015,22986751,58490879,388759551,3032481791,305408,8258584575,132673963.87,511727799.90,483323,10,10,10,0,0,0,0,0,0,0,0,0,0.00,0
1790619116,0,483323,0,653.47,0.00,4182015,22986751,58490879,388759551,3032481791,305408,8258584575,132673963.87,511727799.90,483323,10,10,10,0,0,0,0,0,0,0,0,0,0.00,0
1790619117,0,483323,0,652.59,0.00,4182015,22986751,58490879,388759551,3032481791,305408,8258584575,132673963.87,511727799.90,483323,10,10,10,0,0,0,0,0,0,0,0,0,0.00,0
1790619118,0,483323,0,651.71,0.00,4182015,22986751,58490879,388759551,3032481791,305408,8258584575,132673963.87,511727799.90,483323,10,10,10,0,0,0,0,0,0,0,0,0,0.00,0
1790619119,0,483323,0,650.83,0.00,4182015,22986751,58490879,388759551,3032481791,305408,8258584575,132673963.87,511727799.90,483323,10,10,10,0,0,0,0,0,0,0,0,0,0.00,0
1790619120,0,483323,0,649.96,0.00,4182015,22986751,58490879,388759551,3032481791,305408,8258584575,132673963.87,511727799.90,483323,10,10,10,0,0,0,0,0,0,0,0,0,0.00,0
1790619121,0,483323,0,649.08,0.00,4182015,22986751,58490879,388759551,3032481791,305408,8258584575,132673963.87,511727799.90,483323,10,10,10,0,0,0,0,0,0,0,0,0,0.00,0
1790619122,0,483323,0,648.21,0.00,4182015,22986751,58490879,388759551,3032481791,305408,8258584575,132673963.87,511727799.90,483323,10,10,10,0,0,0,0,0,0,0,0,0,0.00,0
1790619123,0,483323,0,647.34,0.00,4182015,22986751,58490879,388759551,3032481791,305408,8258584575,132673963.87,511727799.90,483323,10,10,10,0,0,0,0,0,0,0,0,0,0.00,0
1790619124,0,483323,0,646.48,0.00,4182015,22986751,58490879,388759551,3032481791,305408,8258584575,132673963.87,511727799.90,483323,10,10,10,0,0,0,0,0,0,0,0,0,0.00,0
1790619125,0,483323,0,645.62,0.00,4182015,22986751,58490879,388759551,3032481791,305408,8258584575,132673963.87,511727799.90,483323,10,10,10,0,0,0,0,0,0,0,0,0,0.00,0
1790619126,0,483323,0,644.75,0.00,4182015,22986751,58490879,388759551,3032481791,305408,8258584575,132673963.87,511727799.90,483323,10,10,10,0,0,0,0,0,0,0,0,0,0.00,0
1790619127,0,483323,0,643.90,0.00,4182015,22986751,58490879,388759551,3032481791,305408,8258584575,132673963.87,511727799.90,483323,10,10,10,0,0,0,0,0,0,0,0,0,0.00,0
1790619128,0,483323,0,643.04,0.00,4182015,22986751,58490879,388759551,3032481791,305408,8258584575,132673963.87,511727799.90,483323,10,10,10,0,0,0,0,0,0,0,0,0,0.00,0
1790619129,0,483323,0,642.18,0.00,4182015,22986751,58490879,388759551,3032481791,305408,8258584575,132673963.87,511727799.90,483323,10,10,10,0,0,0,0,0,0,0,0,0,0.00,0
1790619130,0,483323,0,641.33,0.00,4182015,22986751,58490879,388759551,3032481791,305408,8258584575,132673963.87,511727799.90,483323,10,10,10,0,0,0,0,0,0,0,0,0,0.00,0
1790619131,0,483323,0,640.48,0.00,4182015,22986751,58490879,388759551,3032481791,305408,8258584575,132673963.87,511727799.90,483323,10,10,10,0,0,0,0,0,0,0,0,0,0.00,0
1790619132,0,483323,0,639.63,0.00,4182015,22986751,58490879,388759551,3032481791,305408,8258584575,132673963.87,511727799.90,483323,10,10,10,0,0,0,0,0,0,0,0,0,0.00,0
1790619133,0,483323,0,638.79,0.00,4182015,22986751,58490879,388759551,3032481791,305408,8258584575,132673963.87,511727799.90,483323,10,10,10,0,0,0,0,0,0,0,0,0,0.00,0
1790619134,0,483323,0,637.95,0.00,4182015,22986751,58490879,388759551,3032481791,305408,8258584575,132673963.87,511727799.90,483323,10,10,10,0,0,0,0,0,0,0,0,0,0.00,0
1790619135,0,483323,0,637.10,0.00,4182015,22986751,58490879,388759551,3032481791,305408,8258584575,132673963.87,511727799.90,483323,10,10,10,0,0,0,0,0,0,0,0,0,0.00,0
1790619136,0,483323,0,636.27,0.00,4182015,22986751,58490879,388759551,3032481791,305408,8258584575,132673963.87,511727799.90,483323,10,10,10,0,0,0,0,0,0,0,0,0,0.00,0
1790619137,0,483323,0,635.43,0.00,4182015,22986751,58490879,388759551,3032481791,305408,8258584575,132673963.87,511727799.90,483323,10,10,10,0,0,0,0,0,0,0,0,0,0.00,0
1790619138,0,483323,0,634.59,0.00,4182015,22986751,58490879,388759551,3032481791,305408,8258584575,132673963.87,511727799.90,483323,10,10,10,0,0,0,0,0,0,0,0,0,0.00,0
1790619139,0,483323,0,633.76,0.00,4182015,22986751,58490879,388759551,3032481791,305408,8258584575,132673963.87,511727799.90,483323,10,10,10,0,0,0,0,0,0,0,0,0,0.00,0
1790619140,0,483323,0,632.93,0.00,4182015,22986751,58490879,388759551,3032481791,305408,8258584575,132673963.87,511727799.90,483323,10,10,10,0,0,0,0,0,0,0,0,0,0.00,0
1790619141,0,483323,0,632.10,0.00,4182015,22986751,58490879,388759551,3032481791,305408,8258584575,132673963.87,511727799.90,483323,10,10,10,0,0,0,0,0,0,0,0,0,0.00,0
1790619142,0,483323,0,631.28,0.00,4182015,22986751,58490879,388759551,3032481791,305408,8258584575,132673963.87,511727799.90,483323,10,10,10,0,0,0,0,0,0,0,0,0,0.00,0
1790619143,0,483323,0,630.46,0.00,4182015,22986751,58490879,388759551,3032481791,305408,8258584575,132673963.87,511727799.90,483323,10,10,10,0,0,0,0,0,0,0,0,0,0.00,0
1790619144,0,483323,0,629.63,0.00,4182015,22986751,58490879,388759551,3032481791,305408,8258584575,132673963.87,511727799.90,483323,10,10,10,0,0,0,0,0,0,0,0,0,0.00,0
1790619145,0,483323,0,628.82,0.00,4182015,22986751,58490879,388759551,3032481791,305408,8258584575,132673963.87,511727799.90,483323,10,10,10,0,0,0,0,0,0,0,0,0,0.00,0
1790619146,0,483323,0,628.00,0.00,4182015,22986751,58490879,388759551,3032481791,305408,8258584575,132673963.87,511727799.90,483323,10,10,10,0,0,0,0,0,0,0,0,0,0.00,0
1790619147,0,483323,0,627.18,0.00,4182015,22986751,58490879,388759551,3032481791,305408,8258584575,132673963.87,511727799.90,483323,10,10,10,0,0,0,0,0,0,0,0,0,0.00,0
1790619148,0,483323,0,626.37,0.00,4182015,22986751,58490879,388759551,3032481791,305408,8258584575,132673963.87,511727799.90,483323,10,10,10,0,0,0,0,0,0,0,0,0,0.00,0
1790619149,0,483323,0,625.56,0.00,4182015,22986751,58490879,388759551,3032481791,305408,8258584575,132673963.87,511727799.90,483323,10,10,10,0,0,0,0,0,0,0,0,0,0.00,0
1790619150,0,483323,0,624.75,0.00,4182015,22986751,58490879,388759551,3032481791,305408,8258584575,132673963.87,511727799.90,483323,10,10,10,0,0,0,0,0,0,0,0,0,0.00,0
1790619151,0,483323,0,623.94,0.00,4182015,22986751,58490879,388759551,3032481791,305408,8258584575,132673963.87,511727799.90,483323,10,10,10,0,0,0,0,0,0,0,0,0,0.00,0
1790619152,0,483323,0,623.14,0.00,4182015,22986751,58490879,388759551,3032481791,305408,8258584575,132673963.87,511727799.90,483323,10,10,10,0,0,0,0,0,0,0,0,0,0.00,0
1790619153,0,483323,0,622.34,0.00,4182015,22986751,58490879,388759551,3032481791,305408,8258584575,132673963.87,511727799.90,483323,10,10,10,0,0,0,0,0,0,0,0,0,0.00,0
1790619154,0,483323,0,621.54,0.00,4182015,22986751,58490879,388759551,3032481791,305408,8258584575,132673963.87,511727799.90,483323,10,10,10,0,0,0,0,0,0,0,0,0,0.00,0
1790619155,0,483323,0,620.74,0.00,4182015,22986751,58490879,388759551,3032481791,305408,8258584575,132673963.87,511727799.90,483323,10,10,10,0,0,0,0,0,0,0,0,0,0.00,0
1790619156,0,483323,0,619.94,0.00,4182015,22986751,58490879,388759551,3032481791,305408,8258584575,132673963.87,511727799.90,483323,10,10,10,0,0,0,0,0,0,0,0,0,0.00,0
1790619157,0,483323,0,619.15,0.00,4182015,22986751,58490879,388759551,3032481791,305408,8258584575,132673963.87,511727799.90,483323,10,10,10,0,0,0,0,0,0,0,0,0,0.00,0
1790619158,0,483323,0,618.36,0.00,4182015,22986751,58490879,388759551,3032481791,305408,8258584575,132673963.87,511727799.90,483323,10,10,10,0,0,0,0,0,0,0,0,0,0.00,0
1790619159,0,483323,0,617.57,0.00,4182015,22986751,58490879,388759551,3032481791,305408,8258584575,132673963.87,511727799.90,483323,10,10,10,0,0,0,0,0,0,0,0,0,0.00,0
1790619160,0,483323,0,616.78,0.00,4182015,22986751,58490879,388759551,3032481791,305408,8258584575,132673963.87,511727799.90,483323,10,10,10,0,0,0,0,0,0,0,0,0,0.00,0
1790619161,0,483323,0,615.99,0.00,4182015,22986751,58490879,388759551,3032481791,305408,8258584575,132673963.87,511727799.90,483323,10,10,10,0,0,0,0,0,0,0,0,0,0.00,0
1790619162,0,483323,0,615.21,0.00,4182015,22986751,58490879,388759551,3032481791,305408,8258584575,132673963.87,511727799.90,483323,10,10,10,0,0,0,0,0,0,0,0,0,0.00,0
1790619163,0,483323,0,614.43,0.00,4182015,22986751,58490879,388759551,3032481791,305408,8258584575,132673963.87,511727799.90,483323,10,10,10,0,0,0,0,0,0,0,0,0,0.00,0
1790619164,0,483323,0,613.65,0.00,4182015,22986751,58490879,388759551,3032481791,305408,8258584575,132673963.87,511727799.90,483323,10,10,10,0,0,0,0,0,0,0,0,0,0.00,0
1790619165,0,483323,0,612.87,0.00,4182015,22986751,58490879,388759551,3032481791,305408,8258584575,132673963.87,511727799.90,483323,10,10,10,0,0,0,0,0,0,0,0,0,0.00,0
1790619166,0,483323,0,612.09,0.00,4182015,22986751,58490879,388759551,3032481791,305408,8258584575,132673963.87,511727799.90,483323,10,10,10,0,0,0,0,0,0,0,0,0,0.00,0
1790619167,0,483323,0,611.32,0.00,4182015,22986751,58490879,388759551,3032481791,305408,8258584575,132673963.87,511727799.90,483323,10,10,10,0,0,0,0,0,0,0,0,0,0.00,0
1790619168,0,483323,0,610.55,0.00,4182015,22986751,58490879,388759551,3032481791,305408,8258584575,132673963.87,511727799.90,483323,10,10,10,0,0,0,0,0,0,0,0,0,0.00,0
1790619169,0,483323,0,609.78,0.00,4182015,22986751,58490879,388759551,3032481791,305408,8258584575,132673963.87,511727799.90,483323,10,10,10,0,0,0,0,0,0,0,0,0,0.00,0
1790619170,0,483323,0,609.01,0.00,4182015,22986751,58490879,388759551,3032481791,305408,8258584575,132673963.87,511727799.90,483323,10,10,10,0,0,0,0,0,0,0,0,0,0.00,0
1790619171,0,483323,0,608.24,0.00,4182015,22986751,58490879,388759551,3032481791,305408,8258584575,132673963.87,511727799.90,483323,10,10,10,0,0,0,0,0,0,0,0,0,0.00,0
1790619172,0,483323,0,607.48,0.00,4182015,22986751,58490879,388759551,3032481791,305408,8258584575,132673963.87,511727799.90,483323,10,10,10,0,0,0,0,0,0,0,0,0,0.00,0
1790619173,0,483323,0,606.71,0.00,4182015,22986751,58490879,388759551,3032481791,305408,8258584575,132673963.87,511727799.90,483323,10,10,10,0,0,0,0,0,0,0,0,0,0.00,0
1790619174,0,483323,0,605.95,0.00,4182015,22986751,58490879,388759551,3032481791,305408,8258584575,132673963.87,511727799.90,483323,10,10,10,0,0,0,0,0,0,0,0,0,0.00,0
1790619175,0,483323,0,605.19,0.00,4182015,22986751,58490879,388759551,3032481791,305408,8258584575,132673963.87,511727799.90,483323,10,10,10,0,0,0,0,0,0,0,0,0,0.00,0
1790619176,0,483323,0,604.44,0.00,4182015,22986751,58490879,388759551,3032481791,305408,8258584575,132673963.87,511727799.90,483323,10,10,10,0,0,0,0,0,0,0,0,0,0.00,0
1790619177,0,483323,0,603.68,0.00,4182015,22986751,58490879,388759551,3032481791,305408,8258584575,132673963.87,511727799.90,483323,10,10,10,0,0,0,0,0,0,0,0,0,0.00,0
1790619178,0,483323,0,602.93,0.00,4182015,22986751,58490879,388759551,3032481791,305408,8258584575,132673963.87,511727799.90,483323,10,10,10,0,0,0,0,0,0,0,0,0,0.00,0
1790619179,0,483323,0,602.18,0.00,4182015,22986751,58490879,388759551,3032481791,305408,8258584575,132673963.87,511727799.90,483323,10,10,10,0,0,0,0,0,0,0,0,0,0.00,0
1790619180,0,483323,0,601.43,0.00,4182015,22986751,58490879,388759551,3032481791,305408,8258584575,132673963.87,511727799.90,483323,10,10,10,0,0,0,0,0,0,0,0,0,0.00,0
1790619181,0,483323,0,600.68,0.00,4182015,22986751,58490879,388759551,3032481791,305408,8258584575,132673963.87,511727799.90,483323,10,10,10,0,0,0,0,0,0,0,0,0,0.00,0
1790619182,0,483323,0,599.94,0.00,4182015,22986751,58490879,388759551,3032481791,305408,8258584575,132673963.87,511727799.90,483323,10,10,10,0,0,0,0,0,0,0,0,0,0.00,0
1790619183,0,483323,0,599.19,0.00,4182015,22986751,58490879,388759551,3032481791,305408,8258584575,132673963.87,511727799.90,483323,10,10,10,0,0,0,0,0,0,0,0,0,0.00,0
1790619184,0,483323,0,598.45,0.00,4182015,22986751,58490879,388759551,3032481791,305408,8258584575,132673963.87,511727799.90,483323,10,10,10,0,0,0,0,0,0,0,0,0,0.00,0
1790619185,0,483323,0,597.71,0.00,4182015,22986751,58490879,388759551,3032481791,305408,8258584575,132673963.87,511727799.90,483323,10,10,10,0,0,0,0,0,0,0,0,0,0.00,0
1790619186,0,483323,0,596.97,0.00,4182015,22986751,58490879,388759551,3032481791,305408,8258584575,132673963.87,511727799.90,483323,10,10,10,0,0,0,0,0,0,0,0,0,0.00,0
1790619187,0,483323,0,596.24,0.00,4182015,22986751,58490879,388759551,3032481791,305408,8258584575,132673963.87,511727799.90,483323,10,10,10,0,0,0,0,0,0,0,0,0,0.00,0
1790619188,0,483323,0,595.50,0.00,4182015,22986751,58490879,388759551,3032481791,305408,8258584575,132673963.87,511727799.90,483323,10,10,10,0,0,0,0,0,0,0,0,0,0.00,0
1790619189,0,483323,0,594.77,0.00,4182015,22986751,58490879,388759551,3032481791,305408,8258584575,132673963.87,511727799.90,483323,10,10,10,0,0,0,0,0,0,0,0,0,0.00,0
1790619190,0,483323,0,594.04,0.00,4182015,22986751,58490879,388759551,3032481791,305408,8258584575,132673963.87,511727799.90,483323,10,10,10,0,0,0,0,0,0,0,0,0,0.00,0
1790619191,0,483323,0,593.31,0.00,4182015,22986751,58490879,388759551,3032481791,305408,8258584575,132673963.87,511727799.90,483323,10,10,10,0,0,0,0,0,0,0,0,0,0.00,0
1790619192,0,483323,0,592.58,0.00,4182015,22986751,58490879,388759551,3032481791,305408,8258584575,132673963.87,511727799.90,483323,10,10,10,0,0,0,0,0,0,0,0,0,0.00,0
1790619193,0,483323,0,591.85,0.00,4182015,22986751,58490879,388759551,3032481791,305408,8258584575,132673963.87,511727799.90,483323,10,10,10,0,0,0,0,0,0,0,0,0,0.00,0
1790619194,0,483323,0,591.13,0.00,4182015,22986751,58490879,388759551,3032481791,305408,8258584575,132673963.87,511727799.90,483323,10,10,10,0,0,0,0,0,0,0,0,0,0.00,0
1790619195,0,483323,0,590.41,0.00,4182015,22986751,58490879,388759551,3032481791,305408,8258584575,132673963.87,511727799.90,483323,10,10,10,0,0,0,0,0,0,0,0,0,0.00,0
1790619196,0,483323,0,589.69,0.00,4182015,22986751,58490879,388759551,3032481791,305408,8258584575,132673963.87,511727799.90,483323,10,10,10,0,0,0,0,0,0,0,0,0,0.00,0
1790619197,0,483323,0,588.97,0.00,4182015,22986751,58490879,388759551,3032481791,305408,8258584575,132673963.87,511727799.90,483323,10,10,10,0,0,0,0,0,0,0,0,0,0.00,0
1790619198,0,483323,0,588.25,0.00,4182015,22986751,58490879,388759551,3032481791,305408,8258584575,132673963.87,511727799.90,483323,10,10,10,0,0,0,0,0,0,0,0,0,0.00,0
1790619199,0,483323,0,587.54,0.00,4182015,22986751,58490879,388759551,3032481791,305408,8258584575,132673963.87,511727799.90,483323,10,10,10,0,0,0,0,0,0,0,0,0,0.00,0
1790619200,0,483323,0,586.82,0.00,4182015,22986751,58490879,388759551,3032481791,305408,8258584575,132673963.87,511727799.90,483323,10,10,10,0,0,0,0,0,0,0,0,0,0.00,0
1790619201,0,483323,0,586.11,0.00,4182015,22986751,58490879,388759551,3032481791,305408,8258584575,132673963.87,511727799.90,483323,10,10,10,0,0,0,0,0,0,0,0,0,0.00,0
1790619202,0,483323,0,585.40,0.00,4182015,22986751,58490879,388759551,3032481791,305408,8258584575,132673963.87,511727799.90,483323,10,10,10,0,0,0,0,0,0,0,0,0,0.00,0
1790619203,0,483323,0,584.69,0.00,4182015,22986751,58490879,388759551,3032481791,305408,8258584575,132673963.87,511727799.90,483323,10,10,10,0,0,0,0,0,0,0,0,0,0.00,0
1790619204,0,483323,0,583.99,0.00,4182015,22986751,58490879,388759551,3032481791,305408,8258584575,132673963.87,511727799.90,483323,10,10,10,0,0,0,0,0,0,0,0,0,0.00,0
1790619205,0,483323,0,583.28,0.00,4182015,22986751,58490879,388759551,3032481791,305408,8258584575,132673963.87,511727799.90,483323,10,10,10,0,0,0,0,0,0,0,0,0,0.00,0
1790619206,0,483323,0,582.58,0.00,4182015,22986751,58490879,388759551,3032481791,305408,8258584575,132673963.87,511727799.90,483323,10,10,10,0,0,0,0,0,0,0,0,0,0.00,0
1790619207,0,483323,0,581.88,0.00,4182015,22986751,58490879,388759551,3032481791,305408,8258584575,132673963.87,511727799.90,483323,10,10,10,0,0,0,0,0,0,0,0,0,0.00,0
1790619208,0,483323,0,581.18,0.00,4182015,22986751,58490879,388759551,3032481791,305408,8258584575,132673963.87,511727799.90,483323,10,10,10,0,0,0,0,0,0,0,0,0,0.00,0
1790619209,0,483323,0,580.48,0.00,4182015,22986751,58490879,388759551,3032481791,305408,8258584575,132673963.87,511727799.90,483323,10,10,10,0,0,0,0,0,0,0,0,0,0.00,0
1790619210,0,483323,0,579.79,0.00,4182015,22986751,58490879,388759551,3032481791,305408,8258584575,132673963.87,511727799.90,483323,10,10,10,0,0,0,0,0,0,0,0,0,0.00,0
1790619211,0,483323,0,579.09,0.00,4182015,22986751,58490879,388759551,3032481791,305408,8258584575,132673963.87,511727799.90,483323,10,10,10,0,0,0,0,0,0,0,0,0,0.00,0
1790619212,0,483323,0,578.40,0.00,4182015,22986751,58490879,388759551,3032481791,305408,8258584575,132673963.87,511727799.90,483323,10,10,10,0,0,0,0,0,0,0,0,0,0.00,0
1790619213,0,483323,0,577.71,0.00,4182015,22986751,58490879,388759551,3032481791,305408,8258584575,132673963.87,511727799.90,483323,10,10,10,0,0,0,0,0,0,0,0,0,0.00,0
1790619214,0,483323,0,577.02,0.00,4182015,22986751,58490879,388759551,3032481791,305408,8258584575,132673963.87,511727799.90,483323,10,10,10,0,0,0,0,0,0,0,0,0,0.00,0
1790619215,0,483323,0,576.33,0.00,4182015,22986751,58490879,388759551,3032481791,305408,8258584575,132673963.87,511727799.90,483323,10,10,10,0,0,0,0,0,0,0,0,0,0.00,0
1790619216,0,483323,0,575.64,0.00,4182015,22986751,58490879,388759551,3032481791,305408,8258584575,132673963.87,511727799.90,483323,10,10,10,0,0,0,0,0,0,0,0,0,0.00,0
1790619217,0,483323,0,574.96,0.00,4182015,22986751,58490879,388759551,3032481791,305408,8258584575,132673963.87,511727799.90,483323,10,10,10,0,0,0,0,0,0,0,0,0,0.00,0
1790619218,0,483323,0,574.27,0.00,4182015,22986751,58490879,388759551,3032481791,305408,8258584575,132673963.87,511727799.90,483323,10,10,10,0,0,0,0,0,0,0,0,0,0.00,0
1790619219,0,483323,0,573.59,0.00,4182015,22986751,58490879,388759551,3032481791,305408,8258584575,132673963.87,511727799.90,483323,10,10,10,0,0,0,0,0,0,0,0,0,0.00,0
1790619220,0,483323,0,572.91,0.00,4182015,22986751,58490879,388759551,3032481791,305408,8258584575,132673963.87,511727799.90,483323,10,10,10,0,0,0,0,0,0,0,0,0,0.00,0
1790619221,0,483323,0,572.23,0.00,4182015,22986751,58490879,388759551,3032481791,305408,8258584575,132673963.87,511727799.90,483323,10,10,10,0,0,0,0,0,0,0,0,0,0.00,0
1790619222,0,483323,0,571.56,0.00,4182015,22986751,58490879,388759551,3032481791,305408,8258584575,132673963.87,511727799.90,483323,10,10,10,0,0,0,0,0,0,0,0,0,0.00,0
1790619223,0,483323,0,570.88,0.00,4182015,22986751,58490879,388759551,3032481791,305408,8258584575,132673963.87,511727799.90,483323,10,10,10,0,0,0,0,0,0,0,0,0,0.00,0
1790619224,0,483323,0,570.21,0.00,4182015,22986751,58490879,388759551,3032481791,305408,8258584575,132673963.87,511727799.90,483323,10,10,10,0,0,0,0,0,0,0,0,0,0.00,0
1790619225,0,483323,0,569.54,0.00,4182015,22986751,58490879,388759551,3032481791,305408,8258584575,132673963.87,511727799.90,483323,10,10,10,0,0,0,0,0,0,0,0,0,0.00,0
1790619226,0,483323,0,568.87,0.00,4182015,22986751,58490879,388759551,3032481791,305408,8258584575,132673963.87,511727799.90,483323,10,10,10,0,0,0,0,0,0,0,0,0,0.00,0
1790619227,0,483323,0,568.20,0.00,4182015,22986751,58490879,388759551,3032481791,305408,8258584575,132673963.87,511727799.90,483323,10,10,10,0,0,0,0,0,0,0,0,0,0.00,0
1790619228,0,483323,0,567.53,0.00,4182015,22986751,58490879,388759551,3032481791,305408,8258584575,132673963.87,511727799.90,483323,10,10,10,0,0,0,0,0,0,0,0,0,0.00,0
1790619229,0,483323,0,566.87,0.00,4182015,22986751,58490879,388759551,3032481791,305408,8258584575,132673963.87,511727799.90,483323,10,10,10,0,0,0,0,0,0,0,0,0,0.00,0
1790619230,0,483323,0,566.20,0.00,4182015,22986751,58490879,388759551,3032481791,305408,8258584575,132673963.87,511727799.90,483323,10,10,10,0,0,0,0,0,0,0,0,0,0.00,0
1790619231,0,483323,0,565.54,0.00,4182015,22986751,58490879,388759551,3032481791,305408,8258584575,132673963.87,511727799.90,483323,10,10,10,0,0,0,0,0,0,0,0,0,0.00,0
1790619232,0,483323,0,564.88,0.00,4182015,22986751,58490879,388759551,3032481791,305408,8258584575,132673963.87,511727799.90,483323,10,10,10,0,0,0,0,0,0,0,0,0,0.00,0
1790619233,0,483323,0,564.22,0.00,4182015,22986751,58490879,388759551,3032481791,305408,8258584575,132673963.87,511727799.90,483323,10,10,10,0,0,0,0,0,0,0,0,0,0.00,0
1790619234,0,483323,0,563.56,0.00,4182015,22986751,58490879,388759551,3032481791,305408,8258584575,132673963.87,511727799.90,483323,10,10,10,0,0,0,0,0,0,0,0,0,0.00,0
1790619235,0,483323,0,562.90,0.00,4182015,22986751,58490879,388759551,3032481791,305408,8258584575,132673963.87,511727799.90,483323,10,10,10,0,0,0,0,0,0,0,0,0,0.00,0
1790619236,0,483323,0,562.25,0.00,4182015,22986751,58490879,388759551,3032481791,305408,8258584575,132673963.87,511727799.90,483323,10,10,10,0,0,0,0,0,0,0,0,0,0.00,0
1790619237,0,483323,0,561.60,0.00,4182015,22986751,58490879,388759551,3032481791,305408,8258584575,132673963.87,511727799.90,483323,10,10,10,0,0,0,0,0,0,0,0,0,0.00,0
1790619238,0,483323,0,560.94,0.00,4182015,22986751,58490879,388759551,3032481791,305408,8258584575,132673963.87,511727799.90,483323,10,10,10,0,0,0,0,0,0,0,0,0,0.00,0
1790619239,0,483323,0,560.29,0.00,4182015,22986751,58490879,388759551,3032481791,305408,8258584575,132673963.87,511727799.90,483323,10,10,10,0,0,0,0,0,0,0,0,0,0.00,0
1790619240,0,483323,0,559.65,0.00,4182015,22986751,58490879,388759551,3032481791,305408,8258584575,132673963.87,511727799.90,483323,10,10,10,0,0,0,0,0,0,0,0,0,0.00,0
1790619241,0,483323,0,559.00,0.00,4182015,22986751,58490879,388759551,3032481791,305408,8258584575,132673963.87,511727799.90,483323,10,10,10,0,0,0,0,0,0,0,0,0,0.00,0
1790619242,0,483323,0,558.35,0.00,4182015,22986751,58490879,388759551,3032481791,305408,8258584575,132673963.87,511727799.90,483323,10,10,10,0,0,0,0,0,0,0,0,0,0.00,0
1790619243,0,483323,0,557.71,0.00,4182015,22986751,58490879,388759551,3032481791,305408,8258584575,132673963.87,511727799.90,483323,10,10,10,0,0,0,0,0,0,0,0,0,0.00,0
1790619244,0,483323,0,557.06,0.00,4182015,22986751,58490879,388759551,3032481791,305408,8258584575,132673963.87,511727799.90,483323,10,10,10,0,0,0,0,0,0,0,0,0,0.00,0
1790619245,0,483323,0,556.42,0.00,4182015,22986751,58490879,388759551,3032481791,305408,8258584575,132673963.87,511727799.90,483323,10,10,10,0,0,0,0,0,0,0,0,0,0.00,0
1790619246,0,483323,0,555.78,0.00,4182015,22986751,58490879,388759551,3032481791,305408,8258584575,132673963.87,511727799.90,483323,10,10,10,0,0,0,0,0,0,0,0,0,0.00,0
1790619247,0,483323,0,555.15,0.00,4182015,22986751,58490879,388759551,3032481791,305408,8258584575,132673963.87,511727799.90,483323,10,10,10,0,0,0,0,0,0,0,0,0,0.00,0
1790619248,0,483323,0,554.51,0.00,4182015,22986751,58490879,388759551,3032481791,305408,8258584575,132673963.87,511727799.90,483323,10,10,10,0,0,0,0,0,0,0,0,0,0.00,0
1790619249,0,483323,0,553.87,0.00,4182015,22986751,58490879,388759551,3032481791,305408,8258584575,132673963.87,511727799.90,483323,10,10,10,0,0,0,0,0,0,0,0,0,0.00,0
1790619250,0,483323,0,553.24,0.00,4182015,22986751,58490879,388759551,3032481791,305408,8258584575,132673963.87,511727799.90,483323,10,10,10,0,0,0,0,0,0,0,0,0,0.00,0
1790619251,0,483323,0,552.61,0.00,4182015,22986751,58490879,388759551,3032481791,305408,8258584575,132673963.87,511727799.90,483323,10,10,10,0,0,0,0,0,0,0,0,0,0.00,0
1790619252,0,483323,0,551.98,0.00,4182015,22986751,58490879,388759551,3032481791,305408,8258584575,132673963.87,511727799.90,483323,10,10,10,0,0,0,0,0,0,0,0,0,0.00,0
1790619253,0,483323,0,551.35,0.00,4182015,22986751,58490879,388759551,3032481791,305408,8258584575,132673963.87,511727799.90,483323,10,10,10,0,0,0,0,0,0,0,0,0,0.00,0
1790619254,0,483323,0,550.72,0.00,4182015,22986751,58490879,388759551,3032481791,305408,8258584575,132673963.87,511727799.90,483323,10,10,10,0,0,0,0,0,0,0,0,0,0.00,0
1790619255,0,483323,0,550.09,0.00,4182015,22986751,58490879,388759551,3032481791,305408,8258584575,132673963.87,511727799.90,483323,10,10,10,0,0,0,0,0,0,0,0,0,0.00,0
1790619256,0,483323,0,549.47,0.00,4182015,22986751,58490879,388759551,3032481791,305408,8258584575,132673963.87,511727799.90,483323,10,10,10,0,0,0,0,0,0,0,0,0,0.00,0
1790619257,0,483323,0,548.84,0.00,4182015,22986751,58490879,388759551,3032481791,305408,8258584575,132673963.87,511727799.90,483323,10,10,10,0,0,0,0,0,0,0,0,0,0.00,0
1790619258,0,483323,0,548.22,0.00,4182015,22986751,58490879,388759551,3032481791,305408,8258584575,132673963.87,511727799.90,483323,10,10,10,0,0,0,0,0,0,0,0,0,0.00,0
1790619259,0,483323,0,547.60,0.00,4182015,22986751,58490879,388759551,3032481791,305408,8258584575,132673963.87,511727799.90,483323,10,10,10,0,0,0,0,0,0,0,0,0,0.00,0
1790619260,0,483323,0,546.98,0.00,4182015,22986751,58490879,388759551,3032481791,305408,8258584575,132673963.87,511727799.90,483323,10,10,10,0,0,0,0,0,0,0,0,0,0.00,0
1790619261,0,483323,0,546.36,0.00,4182015,22986751,58490879,388759551,3032481791,305408,8258584575,132673963.87,511727799.90,483323,10,10,10,0,0,0,0,0,0,0,0,0,0.00,0
1790619262,0,483323,0,545.74,0.00,4182015,22986751,58490879,388759551,3032481791,305408,8258584575,132673963.87,511727799.90,483323,10,10,10,0,0,0,0,0,0,0,0,0,0.00,0
1790619263,0,483323,0,545.13,0.00,4182015,22986751,58490879,388759551,3032481791,305408,8258584575,132673963.87,511727799.90,483323,10,10,10,0,0,0,0,0,0,0,0,0,0.00,0
1790619264,0,483323,0,544.51,0.00,4182015,22986751,58490879,388759551,3032481791,305408,8258584575,132673963.87,511727799.90,483323,10,10,10,0,0,0,0,0,0,0,0,0,0.00,0
1790619265,0,483323,0,543.90,0.00,4182015,22986751,58490879,388759551,3032481791,305408,8258584575,132673963.87,511727799.90,483323,10,10,10,0,0,0,0,0,0,0,0,0,0.00,0
1790619266,0,483323,0,543.29,0.00,4182015,22986751,58490879,388759551,3032481791,305408,8258584575,132673963.87,511727799.90,483323,10,10,10,0,0,0,0,0,0,0,0,0,0.00,0
1790619267,0,483323,0,542.68,0.00,4182015,22986751,58490879,388759551,3032481791,305408,8258584575,132673963.87,511727799.90,483323,10,10,10,0,0,0,0,0,0,0,0,0,0.00,0
1790619268,0,483323,0,542.07,0.00,4182015,22986751,58490879,388759551,3032481791,305408,8258584575,132673963.87,511727799.90,483323,10,10,10,0,0,0,0,0,0,0,0,0,0.00,0
1790619269,0,483323,0,541.46,0.00,4182015,22986751,58490879,388759551,3032481791,305408,8258584575,132673963.87,511727799.90,483323,10,10,10,0,0,0,0,0,0,0,0,0,0.00,0
1790619270,0,483323,0,540.86,0.00,4182015,22986751,58490879,388759551,3032481791,305408,8258584575,132673963.87,511727799.90,483323,10,10,10,0,0,0,0,0,0,0,0,0,0.00,0
1790619271,0,483323,0,540.25,0.00,4182015,22986751,58490879,388759551,3032481791,305408,8258584575,132673963.87,511727799.90,483323,10,10,10,0,0,0,0,0,0,0,0,0,0.00,0
1790619272,0,483323,0,539.65,0.00,4182015,22986751,58490879,388759551,3032481791,305408,8258584575,132673963.87,511727799.90,483323,10,10,10,0,0,0,0,0,0,0,0,0,0.00,0
1790619273,0,483323,0,539.05,0.00,4182015,22986751,58490879,388759551,3032481791,305408,8258584575,132673963.87,511727799.90,483323,10,10,10,0,0,0,0,0,0,0,0,0,0.00,0
1790619274,0,483323,0,538.45,0.00,4182015,22986751,58490879,388759551,3032481791,305408,8258584575,132673963.87,511727799.90,483323,10,10,10,0,0,0,0,0,0,0,0,0,0.00,0
1790619275,0,483323,0,537.85,0.00,4182015,22986751,58490879,388759551,3032481791,305408,8258584575,132673963.87,511727799.90,483323,10,10,10,0,0,0,0,0,0,0,0,0,0.00,0
1790619276,0,483323,0,537.25,0.00,4182015,22986751,58490879,388759551,3032481791,305408,8258584575,132673963.87,511727799.90,483323,10,10,10,0,0,0,0,0,0,0,0,0,0.00,0
1790619277,0,483323,0,536.65,0.00,4182015,22986751,58490879,388759551,3032481791,305408,8258584575,132673963.87,511727799.90,483323,10,10,10,0,0,0,0,0,0,0,0,0,0.00,0
1790619278,0,483323,0,536.06,0.00,4182015,22986751,58490879,388759551,3032481791,305408,8258584575,132673963.87,511727799.90,483323,10,10,10,0,0,0,0,0,0,0,0,0,0.00,0
1790619279,0,483323,0,535.46,0.00,4182015,22986751,58490879,388759551,3032481791,305408,8258584575,132673963.87,511727799.90,483323,10,10,10,0,0,0,0,0,0,0,0,0,0.00,0
1790619280,0,483323,0,534.87,0.00,4182015,22986751,58490879,388759551,3032481791,305408,8258584575,132673963.87,511727799.90,483323,10,10,10,0,0,0,0,0,0,0,0,0,0.00,0
1790619281,0,483323,0,534.28,0.00,4182015,22986751,58490879,388759551,3032481791,305408,8258584575,132673963.87,511727799.90,483323,10,10,10,0,0,0,0,0,0,0,0,0,0.00,0
1790619282,0,483323,0,533.69,0.00,4182015,22986751,58490879,388759551,3032481791,305408,8258584575,132673963.87,511727799.90,483323,10,10,10,0,0,0,0,0,0,0,0,0,0.00,0
1790619283,0,483323,0,533.10,0.00,4182015,22986751,58490879,388759551,3032481791,305408,8258584575,132673963.87,511727799.90,483323,10,10,10,0,0,0,0,0,0,0,0,0,0.00,0
1790619284,0,483323,0,532.51,0.00,4182015,22986751,58490879,388759551,3032481791,305408,8258584575,132673963.87,511727799.90,483323,10,10,10,0,0,0,0,0,0,0,0,0,0.00,0
1790619285,0,483323,0,531.93,0.00,4182015,22986751,58490879,388759551,3032481791,305408,8258584575,132673963.87,511727799.90,483323,10,10,10,0,0,0,0,0,0,0,0,0,0.00,0
1790619286,0,483323,0,531.34,0.00,4182015,22986751,58490879,388759551,3032481791,305408,8258584575,132673963.87,511727799.90,483323,10,10,10,0,0,0,0,0,0,0,0,0,0.00,0
1790619287,0,483323,0,530.76,0.00,4182015,22986751,58490879,388759551,3032481791,305408,8258584575,132673963.87,511727799.90,483323,10,10,10,0,0,0,0,0,0,0,0,0,0.00,0
1790619288,0,483323,0,530.18,0.00,4182015,22986751,58490879,388759551,3032481791,305408,8258584575,132673963.87,511727799.90,483323,10,10,10,0,0,0,0,0,0,0,0,0,0.00,0
1790619289,0,483323,0,529.60,0.00,4182015,22986751,58490879,388759551,3032481791,305408,8258584575,132673963.87,511727799.90,483323,10,10,10,0,0,0,0,0,0,0,0,0,0.00,0
1790619290,0,483323,0,529.02,0.00,4182015,22986751,58490879,388759551,3032481791,305408,8258584575,132673963.87,511727799.90,483323,10,10,10,0,0,0,0,0,0,0,0,0,0.00,0
1790619291,0,483323,0,528.44,0.00,4182015,22986751,58490879,388759551,3032481791,305408,8258584575,132673963.87,511727799.90,483323,10,10,10,0,0,0,0,0,0,0,0,0,0.00,0
1790619292,0,483323,0,527.86,0.00,4182015,22986751,58490879,388759551,3032481791,305408,8258584575,132673963.87,511727799.90,483323,10,10,10,0,0,0,0,0,0,0,0,0,0.00,0
1790619293,0,483323,0,527.29,0.00,4182015,22986751,58490879,388759551,3032481791,305408,8258584575,132673963.87,511727799.90,483323,10,10,10,0,0,0,0,0,0,0,0,0,0.00,0
1790619294,0,483323,0,526.71,0.00,4182015,22986751,58490879,388759551,3032481791,305408,8258584575,132673963.87,511727799.90,483323,10,10,10,0,0,0,0,0,0,0,0,0,0.00,0
1790619295,0,483323,0,526.14,0.00,4182015,22986751,58490879,388759551,3032481791,305408,8258584575,132673963.87,511727799.90,483323,10,10,10,0,0,0,0,0,0,0,0,0,0.00,0
1790619296,0,483323,0,525.57,0.00,4182015,22986751,58490879,388759551,3032481791,305408,8258584575,132673963.87,511727799.90,483323,10,10,10,0,0,0,0,0,0,0,0,0,0.00,0
1790619297,0,483323,0,524.99,0.00,4182015,22986751,58490879,388759551,3032481791,305408,8258584575,132673963.87,511727799.90,483323,10,10,10,0,0,0,0,0,0,0,0,0,0.00,0
1790619298,0,483323,0,524.43,0.00,4182015,22986751,58490879,388759551,3032481791,305408,8258584575,132673963.87,511727799.90,483323,10,10,10,0,0,0,0,0,0,0,0,0,0.00,0
1790619299,0,483323,0,523.86,0.00,4182015,22986751,58490879,388759551,3032481791,305408,8258584575,132673963.87,511727799.90,483323,10,10,10,0,0,0,0,0,0,0,0,0,0.00,0
1790619300,0,483323,0,523.29,0.00,4182015,22986751,58490879,388759551,3032481791,305408,8258584575,132673963.87,511727799.90,483323,10,10,10,0,0,0,0,0,0,0,0,0,0.00,0
1790619301,0,483323,0,522.72,0.00,4182015,22986751,58490879,388759551,3032481791,305408,8258584575,132673963.87,511727799.90,483323,10,10,10,0,0,0,0,0,0,0,0,0,0.00,0
1790619302,0,483323,0,522.16,0.00,4182015,22986751,58490879,388759551,3032481791,305408,8258584575,132673963.87,511727799.90,483323,10,10,10,0,0,0,0,0,0,0,0,0,0.00,0
1790619303,0,483323,0,521.60,0.00,4182015,22986751,58490879,388759551,3032481791,305408,8258584575,132673963.87,511727799.90,483323,10,10,10,0,0,0,0,0,0,0,0,0,0.00,0
1790619304,0,483323,0,521.03,0.00,4182015,22986751,58490879,388759551,3032481791,305408,8258584575,132673963.87,511727799.90,483323,10,10,10,0,0,0,0,0,0,0,0,0,0.00,0
1790619305,0,483323,0,520.47,0.00,4182015,22986751,58490879,388759551,3032481791,305408,8258584575,132673963.87,511727799.90,483323,10,10,10,0,0,0,0,0,0,0,0,0,0.00,0
1790619306,0,483323,0,519.91,0.00,4182015,22986751,58490879,388759551,3032481791,305408,8258584575,132673963.87,511727799.90,483323,10,10,10,0,0,0,0,0,0,0,0,0,0.00,0
1790619307,0,483323,0,519.35,0.00,4182015,22986751,58490879,388759551,3032481791,305408,8258584575,132673963.87,511727799.90,483323,10,10,10,0,0,0,0,0,0,0,0,0,0.00,0
1790619308,0,483323,0,518.80,0.00,4182015,22986751,58490879,388759551,3032481791,305408,8258584575,132673963.87,511727799.90,483323,10,10,10,0,0,0,0,0,0,0,0,0,0.00,0
1790619309,0,483323,0,518.24,0.00,4182015,22986751,58490879,388759551,3032481791,305408,8258584575,132673963.87,511727799.90,483323,10,10,10,0,0,0,0,0,0,0,0,0,0.00,0
1790619310,0,483323,0,517.68,0.00,4182015,22986751,58490879,388759551,3032481791,305408,8258584575,132673963.87,511727799.90,483323,10,10,10,0,0,0,0,0,0,0,0,0,0.00,0
1790619311,0,483323,0,517.13,0.00,4182015,22986751,58490879,388759551,3032481791,305408,8258584575,132673963.87,511727799.90,483323,10,10,10,0,0,0,0,0,0,0,0,0,0.00,0
1790619312,0,483323,0,516.58,0.00,4182015,22986751,58490879,388759551,3032481791,305408,8258584575,132673963.87,511727799.90,483323,10,10,10,0,0,0,0,0,0,0,0,0,0.00,0
1790619313,0,483323,0,516.03,0.00,4182015,22986751,58490879,388759551,3032481791,305408,8258584575,132673963.87,511727799.90,483323,10,10,10,0,0,0,0,0,0,0,0,0,0.00,0
1790619314,0,483323,0,515.48,0.00,4182015,22986751,58490879,388759551,3032481791,305408,8258584575,132673963.87,511727799.90,483323,10,10,10,0,0,0,0,0,0,0,0,0,0.00,0
1790619315,0,483323,0,514.93,0.00,4182015,22986751,58490879,388759551,3032481791,305408,8258584575,132673963.87,511727799.90,483323,10,10,10,0,0,0,0,0,0,0,0,0,0.00,0
1790619316,0,483323,0,514.38,0.00,4182015,22986751,58490879,388759551,3032481791,305408,8258584575,132673963.87,511727799.90,483323,10,10,10,0,0,0,0,0,0,0,0,0,0.00,0
1790619317,0,483323,0,513.83,0.00,4182015,22986751,58490879,388759551,3032481791,305408,8258584575,132673963.87,511727799.90,483323,10,10,10,0,0,0,0,0,0,0,0,0,0.00,0
1790619318,0,483323,0,513.29,0.00,4182015,22986751,58490879,388759551,3032481791,305408,8258584575,132673963.87,511727799.90,483323,10,10,10,0,0,0,0,0,0,0,0,0,0.00,0
1790619319,0,483323,0,512.74,0.00,4182015,22986751,58490879,388759551,3032481791,305408,8258584575,132673963.87,511727799.90,483323,10,10,10,0,0,0,0,0,0,0,0,0,0.00,0
1790619320,0,483323,0,512.20,0.00,4182015,22986751,58490879,388759551,3032481791,305408,8258584575,132673963.87,511727799.90,483323,10,10,10,0,0,0,0,0,0,0,0,0,0.00,0
1790619321,0,483323,0,511.66,0.00,4182015,22986751,58490879,388759551,3032481791,305408,8258584575,132673963.87,511727799.90,483323,10,10,10,0,0,0,0,0,0,0,0,0,0.00,0
1790619322,0,483323,0,511.12,0.00,4182015,22986751,58490879,388759551,3032481791,305408,8258584575,132673963.87,511727799.90,483323,10,10,10,0,0,0,0,0,0,0,0,0,0.00,0
1790619323,0,483323,0,510.58,0.00,4182015,22986751,58490879,388759551,3032481791,305408,8258584575,132673963.87,511727799.90,483323,10,10,10,0,0,0,0,0,0,0,0,0,0.00,0
1790619324,0,483323,0,510.04,0.00,4182015,22986751,58490879,388759551,3032481791,305408,8258584575,132673963.87,511727799.90,483323,10,10,10,0,0,0,0,0,0,0,0,0,0.00,0
1790619325,0,483323,0,509.50,0.00,4182015,22986751,58490879,388759551,3032481791,305408,8258584575,132673963.87,511727799.90,483323,10,10,10,0,0,0,0,0,0,0,0,0,0.00,0
1790619326,0,483323,0,508.96,0.00,4182015,22986751,58490879,388759551,3032481791,305408,8258584575,132673963.87,511727799.90,483323,10,10,10,0,0,0,0,0,0,0,0,0,0.00,0
1790619327,0,483323,0,508.43,0.00,4182015,22986751,58490879,388759551,3032481791,305408,8258584575,132673963.87,511727799.90,483323,10,10,10,0,0,0,0,0,0,0,0,0,0.00,0
1790619328,0,483323,0,507.89,0.00,4182015,22986751,58490879,388759551,3032481791,305408,8258584575,132673963.87,511727799.90,483323,10,10,10,0,0,0,0,0,0,0,0,0,0.00,0
1790619329,0,483323,0,507.36,0.00,4182015,22986751,58490879,388759551,3032481791,305408,8258584575,132673963.87,511727799.90,483323,10,10,10,0,0,0,0,0,0,0,0,0,0.00,0
1790619330,0,483323,0,506.83,0.00,4182015,22986751,58490879,388759551,3032481791,305408,8258584575,132673963.87,511727799.90,483323,10,10,10,0,0,0,0,0,0,0,0,0,0.00,0
1790619331,0,483323,0,506.30,0.00,4182015,22986751,58490879,388759551,3032481791,305408,8258584575,132673963.87,511727799.90,483323,10,10,10,0,0,0,0,0,0,0,0,0,0.00,0
1790619332,0,483323,0,505.77,0.00,4182015,22986751,58490879,388759551,3032481791,305408,8258584575,132673963.87,511727799.90,483323,10,10,10,0,0,0,0,0,0,0,0,0,0.00,0
1790619333,0,483323,0,505.24,0.00,4182015,22986751,58490879,388759551,3032481791,305408,8258584575,132673963.87,511727799.90,483323,10,10,10,0,0,0,0,0,0,0,0,0,0.00,0
1790619334,0,483323,0,504.71,0.00,4182015,22986751,58490879,388759551,3032481791,305408,8258584575,132673963.87,511727799.90,483323,10,10,10,0,0,0,0,0,0,0,0,0,0.00,0
1790619335,0,483323,0,504.18,0.00,4182015,22986751,58490879,388759551,3032481791,305408,8258584575,132673963.87,511727799.90,483323,10,10,10,0,0,0,0,0,0,0,0,0,0.00,0
1790619336,0,483323,0,503.66,0.00,4182015,22986751,58490879,388759551,3032481791,305408,8258584575,132673963.87,511727799.90,483323,10,10,10,0,0,0,0,0,0,0,0,0,0.00,0
1790619337,0,483323,0,503.13,0.00,4182015,22986751,58490879,388759551,3032481791,305408,8258584575,132673963.87,511727799.90,483323,10,10,10,0,0,0,0,0,0,0,0,0,0.00,0
1790619338,0,483323,0,502.61,0.00,4182015,22986751,58490879,388759551,3032481791,305408,8258584575,132673963.87,511727799.90,483323,10,10,10,0,0,0,0,0,0,0,0,0,0.00,0
1790619339,0,483323,0,502.09,0.00,4182015,22986751,58490879,388759551,3032481791,305408,8258584575,132673963.87,511727799.90,483323,10,10,10,0,0,0,0,0,0,0,0,0,0.00,0
1790619340,0,483323,0,501.57,0.00,4182015,22986751,58490879,388759551,3032481791,305408,8258584575,132673963.87,511727799.90,483323,10,10,10,0,0,0,0,0,0,0,0,0,0.00,0
1790619341,0,483323,0,501.05,0.00,4182015,22986751,58490879,388759551,3032481791,305408,8258584575,132673963.87,511727799.90,483323,10,10,10,0,0,0,0,0,0,0,0,0,0.00,0
1790619342,0,483323,0,500.53,0.00,4182015,22986751,58490879,388759551,3032481791,305408,8258584575,132673963.87,511727799.90,483323,10,10,10,0,0,0,0,0,0,0,0,0,0.00,0
1790619343,0,483323,0,500.01,0.00,4182015,22986751,58490879,388759551,3032481791,305408,8258584575,132673963.87,511727799.90,483323,10,10,10,0,0,0,0,0,0,0,0,0,0.00,0
1790619344,0,483323,0,499.49,0.00,4182015,22986751,58490879,388759551,3032481791,305408,8258584575,132673963.87,511727799.90,483323,10,10,10,0,0,0,0,0,0,0,0,0,0.00,0
1790619345,0,483323,0,498.98,0.00,4182015,22986751,58490879,388759551,3032481791,305408,8258584575,132673963.87,511727799.90,483323,10,10,10,0,0,0,0,0,0,0,0,0,0.00,0
1790619346,0,483323,0,498.46,0.00,4182015,22986751,58490879,388759551,3032481791,305408,8258584575,132673963.87,511727799.90,483323,10,10,10,0,0,0,0,0,0,0,0,0,0.00,0
1790619347,0,483323,0,497.95,0.00,4182015,22986751,58490879,388759551,3032481791,305408,8258584575,132673963.87,511727799.90,483323,10,10,10,0,0,0,0,0,0,0,0,0,0.00,0
1790619348,0,483323,0,497.44,0.00,4182015,22986751,58490879,388759551,3032481791,305408,8258584575,132673963.87,511727799.90,483323,10,10,10,0,0,0,0,0,0,0,0,0,0.00,0
1790619349,0,483323,0,496.93,0.00,4182015,22986751,58490879,388759551,3032481791,305408,8258584575,132673963.87,511727799.90,483323,10,10,10,0,0,0,0,0,0,0,0,0,0.00,0
1790619350,0,483323,0,496.42,0.00,4182015,22986751,58490879,388759551,3032481791,305408,8258584575,132673963.87,511727799.90,483323,10,10,10,0,0,0,0,0,0,0,0,0,0.00,0
1790619351,0,483323,0,495.91,0.00,4182015,22986751,58490879,388759551,3032481791,305408,8258584575,132673963.87,511727799.90,483323,10,10,10,0,0,0,0,0,0,0,0,0,0.00,0
1790619352,0,483323,0,495.40,0.00,4182015,22986751,58490879,388759551,3032481791,305408,8258584575,132673963.87,511727799.90,483323,10,10,10,0,0,0,0,0,0,0,0,0,0.00,0
1790619353,0,483323,0,494.89,0.00,4182015,22986751,58490879,388759551,3032481791,305408,8258584575,132673963.87,511727799.90,483323,10,10,10,0,0,0,0,0,0,0,0,0,0.00,0
1790619354,0,483323,0,494.39,0.00,4182015,22986751,58490879,388759551,3032481791,305408,8258584575,132673963.87,511727799.90,483323,10,10,10,0,0,0,0,0,0,0,0,0,0.00,0
1790619355,0,483323,0,493.88,0.00,4182015,22986751,58490879,388759551,3032481791,305408,8258584575,132673963.87,511727799.90,483323,10,10,10,0,0,0,0,0,0,0,0,0,0.00,0
1790619356,0,483323,0,493.38,0.00,4182015,22986751,58490879,388759551,3032481791,305408,8258584575,132673963.87,511727799.90,483323,10,10,10,0,0,0,0,0,0,0,0,0,0.00,0
1790619357,0,483323,0,492.87,0.00,4182015,22986751,58490879,388759551,3032481791,305408,8258584575,132673963.87,511727799.90,483323,10,10,10,0,0,0,0,0,0,0,0,0,0.00,0
1790619358,0,483323,0,492.37,0.00,4182015,22986751,58490879,388759551,3032481791,305408,8258584575,132673963.87,511727799.90,483323,10,10,10,0,0,0,0,0,0,0,0,0,0.00,0
1790619359,0,483323,0,491.87,0.00,4182015,22986751,58490879,388759551,3032481791,305408,8258584575,132673963.87,511727799.90,483323,10,10,10,0,0,0,0,0,0,0,0,0,0.00,0
1790619360,0,483323,0,491.37,0.00,4182015,22986751,58490879,388759551,3032481791,305408,8258584575,132673963.87,511727799.90,483323,10,10,10,0,0,0,0,0,0,0,0,0,0.00,0
1790619361,0,483323,0,490.87,0.00,4182015,22986751,58490879,388759551,3032481791,305408,8258584575,132673963.87,511727799.90,483323,10,10,10,0,0,0,0,0,0,0,0,0,0.00,0
1790619362,0,483323,0,490.37,0.00,4182015,22986751,58490879,388759551,3032481791,305408,8258584575,132673963.87,511727799.90,483323,10,10,10,0,0,0,0,0,0,0,0,0,0.00,0
1790619363,0,483323,0,489.88,0.00,4182015,22986751,58490879,388759551,3032481791,305408,8258584575,132673963.87,511727799.90,483323,10,10,10,0,0,0,0,0,0,0,0,0,0.00,0
1790619364,0,483323,0,489.38,0.00,4182015,22986751,58490879,388759551,3032481791,305408,8258584575,132673963.87,511727799.90,483323,10,10,10,0,0,0,0,0,0,0,0,0,0.00,0
1790619365,0,483323,0,488.88,0.00,4182015,22986751,58490879,388759551,3032481791,305408,8258584575,132673963.87,511727799.90,483323,10,10,10,0,0,0,0,0,0,0,0,0,0.00,0
1790619366,0,483323,0,488.39,0.00,4182015,22986751,58490879,388759551,3032481791,305408,8258584575,132673963.87,511727799.90,483323,10,10,10,0,0,0,0,0,0,0,0,0,0.00,0
1790619367,0,483323,0,487.90,0.00,4182015,22986751,58490879,388759551,3032481791,305408,8258584575,132673963.87,511727799.90,483323,10,10,10,0,0,0,0,0,0,0,0,0,0.00,0
1790619368,0,483323,0,487.41,0.00,4182015,22986751,58490879,388759551,3032481791,305408,8258584575,132673963.87,511727799.90,483323,10,10,10,0,0,0,0,0,0,0,0,0,0.00,0
1790619369,0,483323,0,486.91,0.00,4182015,22986751,58490879,388759551,3032481791,305408,8258584575,132673963.87,511727799.90,483323,10,10,10,0,0,0,0,0,0,0,0,0,0.00,0
1790619370,0,483323,0,486.42,0.00,4182015,22986751,58490879,388759551,3032481791,305408,8258584575,132673963.87,511727799.90,483323,10,10,10,0,0,0,0,0,0,0,0,0,0.00,0
1790619371,0,483323,0,485.94,0.00,4182015,22986751,58490879,388759551,3032481791,305408,8258584575,132673963.87,511727799.90,483323,10,10,10,0,0,0,0,0,0,0,0,0,0.00,0
1790619372,0,483323,0,485.45,0.00,4182015,22986751,58490879,388759551,3032481791,305408,8258584575,132673963.87,511727799.90,483323,10,10,10,0,0,0,0,0,0,0,0,0,0.00,0
1790619373,0,483323,0,484.96,0.00,4182015,22986751,58490879,388759551,3032481791,305408,8258584575,132673963.87,511727799.90,483323,10,10,10,0,0,0,0,0,0,0,0,0,0.00,0
1790619374,0,483323,0,484.47,0.00,4182015,22986751,58490879,388759551,3032481791,305408,8258584575,132673963.87,511727799.90,483323,10,10,10,0,0,0,0,0,0,0,0,0,0.00,0
1790619375,0,483323,0,483.99,0.00,4182015,22986751,58490879,388759551,3032481791,305408,8258584575,132673963.87,511727799.90,483323,10,10,10,0,0,0,0,0,0,0,0,0,0.00,0
1790619376,0,483323,0,483.50,0.00,4182015,22986751,58490879,388759551,3032481791,305408,8258584575,132673963.87,511727799.90,483323,10,10,10,0,0,0,0,0,0,0,0,0,0.00,0
1790619377,0,483323,0,483.02,0.00,4182015,22986751,58490879,388759551,3032481791,305408,8258584575,132673963.87,511727799.90,483323,10,10,10,0,0,0,0,0,0,0,0,0,0.00,0
1790619378,0,483323,0,482.54,0.00,4182015,22986751,58490879,388759551,3032481791,305408,8258584575,132673963.87,511727799.90,483323,10,10,10,0,0,0,0,0,0,0,0,0,0.00,0
1790619379,0,483323,0,482.06,0.00,4182015,22986751,58490879,388759551,3032481791,305408,8258584575,132673963.87,511727799.90,483323,10,10,10,0,0,0,0,0,0,0,0,0,0.00,0
1790619380,0,483323,0,481.58,0.00,4182015,22986751,58490879,388759551,3032481791,305408,8258584575,132673963.87,511727799.90,483323,10,10,10,0,0,0,0,0,0,0,0,0,0.00,0
1790619381,0,483323,0,481.10,0.00,4182015,22986751,58490879,388759551,3032481791,305408,8258584575,132673963.87,511727799.90,483323,10,10,10,0,0,0,0,0,0,0,0,0,0.00,0
1790619382,0,483323,0,480.62,0.00,4182015,22986751,58490879,388759551,3032481791,305408,8258584575,132673963.87,511727799.90,483323,10,10,10,0,0,0,0,0,0,0,0,0,0.00,0
1790619383,0,483323,0,480.14,0.00,4182015,22986751,58490879,388759551,3032481791,305408,8258584575,132673963.87,511727799.90,483323,10,10,10,0,0,0,0,0,0,0,0,0,0.00,0
1790619384,0,483323,0,479.67,0.00,4182015,22986751,58490879,388759551,3032481791,305408,8258584575,132673963.87,511727799.90,483323,10,10,10,0,0,0,0,0,0,0,0,0,0.00,0
1790619385,0,483323,0,479.19,0.00,4182015,22986751,58490879,388759551,3032481791,305408,8258584575,132673963.87,511727799.90,483323,10,10,10,0,0,0,0,0,0,0,0,0,0.00,0
1790619386,0,483323,0,478.72,0.00,4182015,22986751,58490879,388759551,3032481791,305408,8258584575,132673963.87,511727799.90,483323,10,10,10,0,0,0,0,0,0,0,0,0,0.00,0
1790619387,0,483323,0,478.24,0.00,4182015,22986751,58490879,388759551,3032481791,305408,8258584575,132673963.87,511727799.90,483323,10,10,10,0,0,0,0,0,0,0,0,0,0.00,0
1790619388,0,483323,0,477.77,0.00,4182015,22986751,58490879,388759551,3032481791,305408,8258584575,132673963.87,511727799.90,483323,10,10,10,0,0,0,0,0,0,0,0,0,0.00,0
1790619389,0,483323,0,477.30,0.00,4182015,22986751,58490879,388759551,3032481791,305408,8258584575,132673963.87,511727799.90,483323,10,10,10,0,0,0,0,0,0,0,0,0,0.00,0
1790619390,0,483323,0,476.83,0.00,4182015,22986751,58490879,388759551,3032481791,305408,8258584575,132673963.87,511727799.90,483323,10,10,10,0,0,0,0,0,0,0,0,0,0.00,0
1790619391,0,483323,0,476.36,0.00,4182015,22986751,58490879,388759551,3032481791,305408,8258584575,132673963.87,511727799.90,483323,10,10,10,0,0,0,0,0,0,0,0,0,0.00,0
1790619392,0,483323,0,475.89,0.00,4182015,22986751,58490879,388759551,3032481791,305408,8258584575,132673963.87,511727799.90,483323,10,10,10,0,0,0,0,0,0,0,0,0,0.00,0
1790619393,0,483323,0,475.42,0.00,4182015,22986751,58490879,388759551,3032481791,305408,8258584575,132673963.87,511727799.90,483323,10,10,10,0,0,0,0,0,0,0,0,0,0.00,0
1790619394,0,483323,0,474.95,0.00,4182015,22986751,58490879,388759551,3032481791,305408,8258584575,132673963.87,511727799.90,483323,10,10,10,0,0,0,0,0,0,0,0,0,0.00,0
1790619395,0,483323,0,474.49,0.00,4182015,22986751,58490879,388759551,3032481791,305408,8258584575,132673963.87,511727799.90,483323,10,10,10,0,0,0,0,0,0,0,0,0,0.00,0
1790619396,0,483323,0,474.02,0.00,4182015,22986751,58490879,388759551,3032481791,305408,8258584575,132673963.87,511727799.90,483323,10,10,10,0,0,0,0,0,0,0,0,0,0.00,0
1790619397,0,483323,0,473.56,0.00,4182015,22986751,58490879,388759551,3032481791,305408,8258584575,132673963.87,511727799.90,483323,10,10,10,0,0,0,0,0,0,0,0,0,0.00,0
1790619398,0,483323,0,473.09,0.00,4182015,22986751,58490879,388759551,3032481791,305408,8258584575,132673963.87,511727799.90,483323,10,10,10,0,0,0,0,0,0,0,0,0,0.00,0
1790619399,0,483323,0,472.63,0.00,4182015,22986751,58490879,388759551,3032481791,305408,8258584575,132673963.87,511727799.90,483323,10,10,10,0,0,0,0,0,0,0,0,0,0.00,0
1790619400,0,483323,0,472.17,0.00,4182015,22986751,58490879,388759551,3032481791,305408,8258584575,132673963.87,511727799.90,483323,10,10,10,0,0,0,0,0,0,0,0,0,0.00,0
1790619401,0,483323,0,471.71,0.00,4182015,22986751,58490879,388759551,3032481791,305408,8258584575,132673963.87,511727799.90,483323,10,10,10,0,0,0,0,0,0,0,0,0,0.00,0
1790619402,0,483323,0,471.25,0.00,4182015,22986751,58490879,388759551,3032481791,305408,8258584575,132673963.87,511727799.90,483323,10,10,10,0,0,0,0,0,0,0,0,0,0.00,0
1790619403,0,483323,0,470.79,0.00,4182015,22986751,58490879,388759551,3032481791,305408,8258584575,132673963.87,511727799.90,483323,10,10,10,0,0,0,0,0,0,0,0,0,0.00,0
1790619404,0,483323,0,470.33,0.00,4182015,22986751,58490879,388759551,3032481791,305408,8258584575,132673963.87,511727799.90,483323,10,10,10,0,0,0,0,0,0,0,0,0,0.00,0
1790619405,0,483323,0,469.87,0.00,4182015,22986751,58490879,388759551,3032481791,305408,8258584575,132673963.87,511727799.90,483323,10,10,10,0,0,0,0,0,0,0,0,0,0.00,0
1790619406,0,483323,0,469.42,0.00,4182015,22986751,58490879,388759551,3032481791,305408,8258584575,132673963.87,511727799.90,483323,10,10,10,0,0,0,0,0,0,0,0,0,0.00,0
1790619407,0,483323,0,468.96,0.00,4182015,22986751,58490879,388759551,3032481791,305408,8258584575,132673963.87,511727799.90,483323,10,10,10,0,0,0,0,0,0,0,0,0,0.00,0
1790619408,0,483323,0,468.51,0.00,4182015,22986751,58490879,388759551,3032481791,305408,8258584575,132673963.87,511727799.90,483323,10,10,10,0,0,0,0,0,0,0,0,0,0.00,0
1790619409,0,483323,0,468.05,0.00,4182015,22986751,58490879,388759551,3032481791,305408,8258584575,132673963.87,511727799.90,483323,10,10,10,0,0,0,0,0,0,0,0,0,0.00,0
1790619410,0,483323,0,467.60,0.00,4182015,22986751,58490879,388759551,3032481791,305408,8258584575,132673963.87,511727799.90,483323,10,10,10,0,0,0,0,0,0,0,0,0,0.00,0
1790619411,0,483323,0,467.15,0.00,4182015,22986751,58490879,388759551,3032481791,305408,8258584575,132673963.87,511727799.90,483323,10,10,10,0,0,0,0,0,0,0,0,0,0.00,0
1790619412,0,483323,0,466.70,0.00,4182015,22986751,58490879,388759551,3032481791,305408,8258584575,132673963.87,511727799.90,483323,10,10,10,0,0,0,0,0,0,0,0,0,0.00,0
1790619413,0,483323,0,466.25,0.00,4182015,22986751,58490879,388759551,3032481791,305408,8258584575,132673963.87,511727799.90,483323,10,10,10,0,0,0,0,0,0,0,0,0,0.00,0
1790619414,0,483323,0,465.80,0.00,4182015,22986751,58490879,388759551,3032481791,305408,8258584575,132673963.87,511727799.90,483323,10,10,10,0,0,0,0,0,0,0,0,0,0.00,0
1790619415,0,483323,0,465.35,0.00,4182015,22986751,58490879,388759551,3032481791,305408,8258584575,132673963.87,511727799.90,483323,10,10,10,0,0,0,0,0,0,0,0,0,0.00,0
1790619416,0,483323,0,464.90,0.00,4182015,22986751,58490879,388759551,3032481791,305408,8258584575,132673963.87,511727799.90,483323,10,10,10,0,0,0,0,0,0,0,0,0,0.00,0
1790619417,0,483323,0,464.46,0.00,4182015,22986751,58490879,388759551,3032481791,305408,8258584575,132673963.87,511727799.90,483323,10,10,10,0,0,0,0,0,0,0,0,0,0.00,0
1790619418,0,483323,0,464.01,0.00,4182015,22986751,58490879,388759551,3032481791,305408,8258584575,132673963.87,511727799.90,483323,10,10,10,0,0,0,0,0,0,0,0,0,0.00,0
1790619419,0,483323,0,463.56,0.00,4182015,22986751,58490879,388759551,3032481791,305408,8258584575,132673963.87,511727799.90,483323,10,10,10,0,0,0,0,0,0,0,0,0,0.00,0
1790619420,0,483323,0,463.12,0.00,4182015,22986751,58490879,388759551,3032481791,305408,8258584575,132673963.87,511727799.90,483323,10,10,10,0,0,0,0,0,0,0,0,0,0.00,0
1790619421,0,483323,0,462.68,0.00,4182015,22986751,58490879,388759551,3032481791,305408,8258584575,132673963.87,511727799.90,483323,10,10,10,0,0,0,0,0,0,0,0,0,0.00,0
1790619422,0,483323,0,462.23,0.00,4182015,22986751,58490879,388759551,3032481791,305408,8258584575,132673963.87,511727799.90,483323,10,10,10,0,0,0,0,0,0,0,0,0,0.00,0
1790619423,0,483323,0,461.79,0.00,4182015,22986751,58490879,388759551,3032481791,305408,8258584575,132673963.87,511727799.90,483323,10,10,10,0,0,0,0,0,0,0,0,0,0.00,0
1790619424,0,483323,0,461.35,0.00,4182015,22986751,58490879,388759551,3032481791,305408,8258584575,132673963.87,511727799.90,483323,10,10,10,0,0,0,0,0,0,0,0,0,0.00,0
1790619425,0,483323,0,460.91,0.00,4182015,22986751,58490879,388759551,3032481791,305408,8258584575,132673963.87,511727799.90,483323,10,10,10,0,0,0,0,0,0,0,0,0,0.00,0
1790619426,0,483323,0,460.47,0.00,4182015,22986751,58490879,388759551,3032481791,305408,8258584575,132673963.87,511727799.90,483323,10,10,10,0,0,0,0,0,0,0,0,0,0.00,0
1790619427,0,483323,0,460.03,0.00,4182015,22986751,58490879,388759551,3032481791,305408,8258584575,132673963.87,511727799.90,483323,10,10,10,0,0,0,0,0,0,0,0,0,0.00,0
1790619428,0,483323,0,459.60,0.00,4182015,22986751,58490879,388759551,3032481791,305408,8258584575,132673963.87,511727799.90,483323,10,10,10,0,0,0,0,0,0,0,0,0,0.00,0
1790619429,0,483323,0,459.16,0.00,4182015,22986751,58490879,388759551,3032481791,305408,8258584575,132673963.87,511727799.90,483323,10,10,10,0,0,0,0,0,0,0,0,0,0.00,0
1790619430,0,483323,0,458.72,0.00,4182015,22986751,58490879,388759551,3032481791,305408,8258584575,132673963.87,511727799.90,483323,10,10,10,0,0,0,0,0,0,0,0,0,0.00,0
1790619431,0,483323,0,458.29,0.00,4182015,22986751,58490879,388759551,3032481791,305408,8258584575,132673963.87,511727799.90,483323,10,10,10,0,0,0,0,0,0,0,0,0,0.00,0
1790619432,0,483323,0,457.86,0.00,4182015,22986751,58490879,388759551,3032481791,305408,8258584575,132673963.87,511727799.90,483323,10,10,10,0,0,0,0,0,0,0,0,0,0.00,0
1790619433,0,483323,0,457.42,0.00,4182015,22986751,58490879,388759551,3032481791,305408,8258584575,132673963.87,511727799.90,483323,10,10,10,0,0,0,0,0,0,0,0,0,0.00,0
1790619434,0,483323,0,456.99,0.00,4182015,22986751,58490879,388759551,3032481791,305408,8258584575,132673963.87,511727799.90,483323,10,10,10,0,0,0,0,0,0,0,0,0,0.00,0
1790619435,0,483323,0,456.56,0.00,4182015,22986751,58490879,388759551,3032481791,305408,8258584575,132673963.87,511727799.90,483323,10,10,10,0,0,0,0,0,0,0,0,0,0.00,0
1790619436,0,483323,0,456.13,0.00,4182015,22986751,58490879,388759551,3032481791,305408,8258584575,132673963.87,511727799.90,483323,10,10,10,0,0,0,0,0,0,0,0,0,0.00,0
1790619437,0,483323,0,455.70,0.00,4182015,22986751,58490879,388759551,3032481791,305408,8258584575,132673963.87,511727799.90,483323,10,10,10,0,0,0,0,0,0,0,0,0,0.00,0
1790619438,0,483323,0,455.27,0.00,4182015,22986751,58490879,388759551,3032481791,305408,8258584575,132673963.87,511727799.90,483323,10,10,10,0,0,0,0,0,0,0,0,0,0.00,0
1790619439,0,483323,0,454.84,0.00,4182015,22986751,58490879,388759551,3032481791,305408,8258584575,132673963.87,511727799.90,483323,10,10,10,0,0,0,0,0,0,0,0,0,0.00,0
1790619440,0,483323,0,454.41,0.00,4182015,22986751,58490879,388759551,3032481791,305408,8258584575,132673963.87,511727799.90,483323,10,10,10,0,0,0,0,0,0,0,0,0,0.00,0
1790619441,0,483323,0,453.98,0.00,4182015,22986751,58490879,388759551,3032481791,305408,8258584575,132673963.87,511727799.90,483323,10,10,10,0,0,0,0,0,0,0,0,0,0.00,0
1790619442,0,483323,0,453.56,0.00,4182015,22986751,58490879,388759551,3032481791,305408,8258584575,132673963.87,511727799.90,483323,10,10,10,0,0,0,0,0,0,0,0,0,0.00,0
1790619443,0,483323,0,453.13,0.00,4182015,22986751,58490879,388759551,3032481791,305408,8258584575,132673963.87,511727799.90,483323,10,10,10,0,0,0,0,0,0,0,0,0,0.00,0
1790619444,0,483323,0,452.71,0.00,4182015,22986751,58490879,388759551,3032481791,305408,8258584575,132673963.87,511727799.90,483323,10,10,10,0,0,0,0,0,0,0,0,0,0.00,0
1790619445,0,483323,0,452.29,0.00,4182015,22986751,58490879,388759551,3032481791,305408,8258584575,132673963.87,511727799.90,483323,10,10,10,0,0,0,0,0,0,0,0,0,0.00,0
1790619446,0,483323,0,451.86,0.00,4182015,22986751,58490879,388759551,3032481791,305408,8258584575,132673963.87,511727799.90,483323,10,10,10,0,0,0,0,0,0,0,0,0,0.00,0
1790619447,0,483323,0,451.44,0.00,4182015,22986751,58490879,388759551,3032481791,305408,8258584575,132673963.87,511727799.90,483323,10,10,10,0,0,0,0,0,0,0,0,0,0.00,0
1790619448,0,483323,0,451.02,0.00,4182015,22986751,58490879,388759551,3032481791,305408,8258584575,132673963.87,511727799.90,483323,10,10,10,0,0,0,0,0,0,0,0,0,0.00,0
1790619449,0,483323,0,450.60,0.00,4182015,22986751,58490879,388759551,3032481791,305408,8258584575,132673963.87,511727799.90,483323,10,10,10,0,0,0,0,0,0,0,0,0,0.00,0
1790619450,0,483323,0,450.18,0.00,4182015,22986751,58490879,388759551,3032481791,305408,8258584575,132673963.87,511727799.90,483323,10,10,10,0,0,0,0,0,0,0,0,0,0.00,0
1790619451,0,483323,0,449.76,0.00,4182015,22986751,58490879,388759551,3032481791,305408,8258584575,132673963.87,511727799.90,483323,10,10,10,0,0,0,0,0,0,0,0,0,0.00,0
1790619452,0,483323,0,449.34,0.00,4182015,22986751,58490879,388759551,3032481791,305408,8258584575,132673963.87,511727799.90,483323,10,10,10,0,0,0,0,0,0,0,0,0,0.00,0
1790619453,0,483323,0,448.92,0.00,4182015,22986751,58490879,388759551,3032481791,305408,8258584575,132673963.87,511727799.90,483323,10,10,10,0,0,0,0,0,0,0,0,0,0.00,0
1790619454,0,483323,0,448.51,0.00,4182015,22986751,58490879,388759551,3032481791,305408,8258584575,132673963.87,511727799.90,483323,10,10,10,0,0,0,0,0,0,0,0,0,0.00,0
1790619455,0,483323,0,448.09,0.00,4182015,22986751,58490879,388759551,3032481791,305408,8258584575,132673963.87,511727799.90,483323,10,10,10,0,0,0,0,0,0,0,0,0,0.00,0
1790619456,0,483323,0,447.68,0.00,4182015,22986751,58490879,388759551,3032481791,305408,8258584575,132673963.87,511727799.90,483323,10,10,10,0,0,0,0,0,0,0,0,0,0.00,0
1790619457,0,483323,0,447.26,0.00,4182015,22986751,58490879,388759551,3032481791,305408,8258584575,132673963.87,511727799.90,483323,10,10,10,0,0,0,0,0,0,0,0,0,0.00,0
1790619458,0,483323,0,446.85,0.00,4182015,22986751,58490879,388759551,3032481791,305408,8258584575,132673963.87,511727799.90,483323,10,10,10,0,0,0,0,0,0,0,0,0,0.00,0
1790619459,0,483323,0,446.44,0.00,4182015,22986751,58490879,388759551,3032481791,305408,8258584575,132673963.87,511727799.90,483323,10,10,10,0,0,0,0,0,0,0,0,0,0.00,0
1790619460,0,483323,0,446.02,0.00,4182015,22986751,58490879,388759551,3032481791,305408,8258584575,132673963.87,511727799.90,483323,10,10,10,0,0,0,0,0,0,0,0,0,0.00,0
1790619461,0,483323,0,445.61,0.00,4182015,22986751,58490879,388759551,3032481791,305408,8258584575,132673963.87,511727799.90,483323,10,10,10,0,0,0,0,0,0,0,0,0,0.00,0
1790619462,0,483323,0,445.20,0.00,4182015,22986751,58490879,388759551,3032481791,305408,8258584575,132673963.87,511727799.90,483323,10,10,10,0,0,0,0,0,0,0,0,0,0.00,0
1790619463,0,483323,0,444.79,0.00,4182015,22986751,58490879,388759551,3032481791,305408,8258584575,132673963.87,511727799.90,483323,10,10,10,0,0,0,0,0,0,0,0,0,0.00,0
1790619464,0,483323,0,444.38,0.00,4182015,22986751,58490879,388759551,3032481791,305408,8258584575,132673963.87,511727799.90,483323,10,10,10,0,0,0,0,0,0,0,0,0,0.00,0
1790619465,0,483323,0,443.98,0.00,4182015,22986751,58490879,388759551,3032481791,305408,8258584575,132673963.87,511727799.90,483323,10,10,10,0,0,0,0,0,0,0,0,0,0.00,0
1790619466,0,483323,0,443.57,0.00,4182015,22986751,58490879,388759551,3032481791,305408,8258584575,132673963.87,511727799.90,483323,10,10,10,0,0,0,0,0,0,0,0,0,0.00,0
1790619467,0,483323,0,443.16,0.00,4182015,22986751,58490879,388759551,3032481791,305408,8258584575,132673963.87,511727799.90,483323,10,10,10,0,0,0,0,0,0,0,0,0,0.00,0
1790619468,0,483323,0,442.76,0.00,4182015,22986751,58490879,388759551,3032481791,305408,8258584575,132673963.87,511727799.90,483323,10,10,10,0,0,0,0,0,0,0,0,0,0.00,0
1790619469,0,483323,0,442.35,0.00,4182015,22986751,58490879,388759551,3032481791,305408,8258584575,132673963.87,511727799.90,483323,10,10,10,0,0,0,0,0,0,0,0,0,0.00,0
1790619470,0,483323,0,441.95,0.00,4182015,22986751,58490879,388759551,3032481791,305408,8258584575,132673963.87,511727799.90,483323,10,10,10,0,0,0,0,0,0,0,0,0,0.00,0
1790619471,0,483323,0,441.54,0.00,4182015,22986751,58490879,388759551,3032481791,305408,8258584575,132673963.87,511727799.90,483323,10,10,10,0,0,0,0,0,0,0,0,0,0.00,0
1790619472,0,483323,0,441.14,0.00,4182015,22986751,58490879,388759551,3032481791,305408,8258584575,132673963.87,511727799.90,483323,10,10,10,0,0,0,0,0,0,0,0,0,0.00,0
1790619473,0,483323,0,440.74,0.00,4182015,22986751,58490879,388759551,3032481791,305408,8258584575,132673963.87,511727799.90,483323,10,10,10,0,0,0,0,0,0,0,0,0,0.00,0
1790619474,0,483323,0,440.34,0.00,4182015,22986751,58490879,388759551,3032481791,305408,8258584575,132673963.87,511727799.90,483323,10,10,10,0,0,0,0,0,0,0,0,0,0.00,0
1790619475,0,483323,0,439.93,0.00,4182015,22986751,58490879,388759551,3032481791,305408,8258584575,132673963.87,511727799.90,483323,10,10,10,0,0,0,0,0,0,0,0,0,0.00,0
1790619476,0,483323,0,439.53,0.00,4182015,22986751,58490879,388759551,3032481791,305408,8258584575,132673963.87,511727799.90,483323,10,10,10,0,0,0,0,0,0,0,0,0,0.00,0
1790619477,0,483323,0,439.14,0.00,4182015,22986751,58490879,388759551,3032481791,305408,8258584575,132673963.87,511727799.90,483323,10,10,10,0,0,0,0,0,0,0,0,0,0.00,0
1790619478,0,483323,0,438.74,0.00,4182015,22986751,58490879,388759551,3032481791,305408,8258584575,132673963.87,511727799.90,483323,10,10,10,0,0,0,0,0,0,0,0,0,0.00,0
1790619479,0,483323,0,438.34,0.00,4182015,22986751,58490879,388759551,3032481791,305408,8258584575,132673963.87,511727799.90,483323,10,10,10,0,0,0,0,0,0,0,0,0,0.00,0
1790619480,0,483323,0,437.94,0.00,4182015,22986751,58490879,388759551,3032481791,305408,8258584575,132673963.87,511727799.90,483323,10,10,10,0,0,0,0,0,0,0,0,0,0.00,0
1790619481,0,483323,0,437.55,0.00,4182015,22986751,58490879,388759551,3032481791,305408,8258584575,132673963.87,511727799.90,483323,10,10,10,0,0,0,0,0,0,0,0,0,0.00,0
1790619482,0,483323,0,437.15,0.00,4182015,22986751,58490879,388759551,3032481791,305408,8258584575,132673963.87,511727799.90,483323,10,10,10,0,0,0,0,0,0,0,0,0,0.00,0
1790619483,0,483323,0,436.75,0.00,4182015,22986751,58490879,388759551,3032481791,305408,8258584575,132673963.87,511727799.90,483323,10,10,10,0,0,0,0,0,0,0,0,0,0.00,0
1790619484,0,483323,0,436.36,0.00,4182015,22986751,58490879,388759551,3032481791,305408,8258584575,132673963.87,511727799.90,483323,10,10,10,0,0,0,0,0,0,0,0,0,0.00,0
1790619485,0,483323,0,435.97,0.00,4182015,22986751,58490879,388759551,3032481791,305408,8258584575,132673963.87,511727799.90,483323,10,10,10,0,0,0,0,0,0,0,0,0,0.00,0
1790619486,0,483323,0,435.57,0.00,4182015,22986751,58490879,388759551,3032481791,305408,8258584575,132673963.87,511727799.90,483323,10,10,10,0,0,0,0,0,0,0,0,0,0.00,0
1790619487,0,483323,0,435.18,0.00,4182015,22986751,58490879,388759551,3032481791,305408,8258584575,132673963.87,511727799.90,483323,10,10,10,0,0,0,0,0,0,0,0,0,0.00,0
1790619488,0,483323,0,434.79,0.00,4182015,22986751,58490879,388759551,3032481791,305408,8258584575,132673963.87,511727799.90,483323,10,10,10,0,0,0,0,0,0,0,0,0,0.00,0
1790619489,0,483323,0,434.40,0.00,4182015,22986751,58490879,388759551,3032481791,305408,8258584575,132673963.87,511727799.90,483323,10,10,10,0,0,0,0,0,0,0,0,0,0.00,0
