timestamp,sent_count,received_count,error_count,total_throughput,interval_throughput,latency_ns_p25,latency_ns_p50,latency_ns_p75,latency_ns_p95,latency_ns_p99,latency_ns_min,latency_ns_max,latency_ns_mean,latency_ns_stddev,latency_sample_count,connections,active_connections,connection_attempts,connection_failures,crashes_injected,reconnects,reconnect_failures,duplicate_count,gap_count,interval_latency_ns_p50,interval_latency_ns_p95,interval_latency_ns_p99,interval_latency_ns_mean,interval_latency_sample_count
1790618315,0,0,0,0.00,0.00,0,0,0,0,0,0,0,0.00,0.00,0,0,0,1,0,0,0,0,0,0,0,0,0,0.00,0
1790618316,0,0,0,0.00,0.00,0,0,0,0,0,0,0,0.00,0.00,0,1,1,1,0,0,0,0,0,0,0,0,0,0.00,0
1790618317,0,0,0,0.00,0.00,0,0,0,0,0,0,0,0.00,0.00,0,1,1,1,0,0,0,0,0,0,0,0,0,0.00,0
1790618318,0,0,0,0.00,0.00,0,0,0,0,0,0,0,0.00,0.00,0,1,1,1,0,0,0,0,0,0,0,0,0,0.00,0
1790618319,0,0,0,0.00,0.00,0,0,0,0,0,0,0,0.00,0.00,0,1,1,1,0,0,0,0,0,0,0,0,0,0.00,0
1790618320,0,0,0,0.00,0.00,0,0,0,0,0,0,0,0.00,0.00,0,1,1,1,0,0,0,0,0,0,0,0,0,0.00,0
1790618321,0,0,0,0.00,0.00,0,0,0,0,0,0,0,0.00,0.00,0,1,1,1,0,0,0,0,0,0,0,0,0,0.00,0
1790618322,0,0,0,0.00,0.00,0,0,0,0,0,0,0,0.00,0.00,0,2,2,2,0,0,0,0,0,0,0,0,0,0.00,0
1790618323,0,0,0,0.00,0.00,0,0,0,0,0,0,0,0.00,0.00,0,2,2,2,0,0,0,0,0,0,0,0,0,0.00,0
1790618324,0,0,0,0.00,0.00,0,0,0,0,0,0,0,0.00,0.00,0,2,2,2,0,0,0,0,0,0,0,0,0,0.00,0
1790618325,0,0,0,0.00,0.00,0,0,0,0,0,0,0,0.00,0.00,0,2,2,2,0,0,0,0,0,0,0,0,0,0.00,0
1790618326,0,0,0,0.00,0.00,0,0,0,0,0,0,0,0.00,0.00,0,2,2,2,0,0,0,0,0,0,0,0,0,0.00,0
1790618327,0,0,0,0.00,0.00,0,0,0,0,0,0,0,0.00,0.00,0,2,2,2,0,0,0,0,0,0,0,0,0,0.00,0
1790618328,0,0,0,0.00,0.00,0,0,0,0,0,0,0,0.00,0.00,0,2,2,2,0,0,0,0,0,0,0,0,0,0.00,0
1790618329,0,0,0,0.00,0.00,0,0,0,0,0,0,0,0.00,0.00,0,3,3,3,0,0,0,0,0,0,0,0,0,0.00,0
1790618330,0,0,0,0.00,0.00,0,0,0,0,0,0,0,0.00,0.00,0,3,3,3,0,0,0,0,0,0,0,0,0,0.00,0
1790618331,0,0,0,0.00,0.00,0,0,0,0,0,0,0,0.00,0.00,0,3,3,3,0,0,0,0,0,0,0,0,0,0.00,0
1790618332,0,0,0,0.00,0.00,0,0,0,0,0,0,0,0.00,0.00,0,3,3,3,0,0,0,0,0,0,0,0,0,0.00,0
1790618333,0,0,0,0.00,0.00,0,0,0,0,0,0,0,0.00,0.00,0,3,3,3,0,0,0,0,0,0,0,0,0,0.00,0
1790618334,0,0,0,0.00,0.00,0,0,0,0,0,0,0,0.00,0.00,0,3,3,3,0,0,0,0,0,0,0,0,0,0.00,0
1790618335,0,0,0,0.00,0.00,0,0,0,0,0,0,0,0.00,0.00,0,3,3,3,0,0,0,0,0,0,0,0,0,0.00,0
1790618336,0,0,0,0.00,0.00,0,0,0,0,0,0,0,0.00,0.00,0,4,4,4,0,0,0,0,0,0,0,0,0,0.00,0
1790618337,0,0,0,0.00,0.00,0,0,0,0,0,0,0,0.00,0.00,0,4,4,4,0,0,0,0,0,0,0,0,0,0.00,0
1790618338,0,0,0,0.00,0.00,0,0,0,0,0,0,0,0.00,0.00,0,4,4,4,0,0,0,0,0,0,0,0,0,0.00,0
1790618339,0,0,0,0.00,0.00,0,0,0,0,0,0,0,0.00,0.00,0,4,4,4,0,0,0,0,0,0,0,0,0,0.00,0
1790618340,0,0,0,0.00,0.00,0,0,0,0,0,0,0,0.00,0.00,0,4,4,4,0,0,0,0,0,0,0,0,0,0.00,0
1790618341,0,0,0,0.00,0.00,0,0,0,0,0,0,0,0.00,0.00,0,4,4,4,0,0,0,0,0,0,0,0,0,0.00,0
1790618342,0,0,0,0.00,0.00,0,0,0,0,0,0,0,0.00,0.00,0,5,5,5,0,0,0,0,0,0,0,0,0,0.00,0
1790618343,0,0,0,0.00,0.00,0,0,0,0,0,0,0,0.00,0.00,0,5,5,5,0,0,0,0,0,0,0,0,0,0.00,0
1790618344,0,0,0,0.00,0.00,0,0,0,0,0,0,0,0.00,0.00,0,5,5,5,0,0,0,0,0,0,0,0,0,0.00,0
1790618345,0,0,0,0.00,0.00,0,0,0,0,0,0,0,0.00,0.00,0,5,5,5,0,0,0,0,0,0,0,0,0,0.00,0
1790618346,0,0,0,0.00,0.00,0,0,0,0,0,0,0,0.00,0.00,0,5,5,5,0,0,0,0,0,0,0,0,0,0.00,0
1790618347,0,0,0,0.00,0.00,0,0,0,0,0,0,0,0.00,0.00,0,5,5,5,0,0,0,0,0,0,0,0,0,0.00,0
1790618348,0,0,0,0.00,0.00,0,0,0,0,0,0,0,0.00,0.00,0,5,5,5,0,0,0,0,0,0,0,0,0,0.00,0
1790618349,0,0,0,0.00,0.00,0,0,0,0,0,0,0,0.00,0.00,0,6,6,6,0,0,0,0,0,0,0,0,0,0.00,0
1790618350,0,0,0,0.00,0.00,0,0,0,0,0,0,0,0.00,0.00,0,6,6,6,0,0,0,0,0,0,0,0,0,0.00,0
1790618351,0,0,0,0.00,0.00,0,0,0,0,0,0,0,0.00,0.00,0,6,6,6,0,0,0,0,0,0,0,0,0,0.00,0
1790618352,0,0,0,0.00,0.00,0,0,0,0,0,0,0,0.00,0.00,0,6,6,6,0,0,0,0,0,0,0,0,0,0.00,0
1790618353,0,0,0,0.00,0.00,0,0,0,0,0,0,0,0.00,0.00,0,6,6,6,0,0,0,0,0,0,0,0,0,0.00,0
1790618354,0,0,0,0.00,0.00,0,0,0,0,0,0,0,0.00,0.00,0,6,6,6,0,0,0,0,0,0,0,0,0,0.00,0
1790618355,0,0,0,0.00,0.00,0,0,0,0,0,0,0,0.00,0.00,0,6,6,6,0,0,0,0,0,0,0,0,0,0.00,0
1790618356,0,0,0,0.00,0.00,0,0,0,0,0,0,0,0.00,0.00,0,7,7,7,0,0,0,0,0,0,0,0,0,0.00,0
1790618357,0,0,0,0.00,0.00,0,0,0,0,0,0,0,0.00,0.00,0,7,7,7,0,0,0,0,0,0,0,0,0,0.00,0
1790618358,0,0,0,0.00,0.00,0,0,0,0,0,0,0,0.00,0.00,0,7,7,7,0,0,0,0,0,0,0,0,0,0.00,0
1790618359,0,0,0,0.00,0.00,0,0,0,0,0,0,0,0.00,0.00,0,7,7,7,0,0,0,0,0,0,0,0,0,0.00,0
1790618360,0,0,0,0.00,0.00,0,0,0,0,0,0,0,0.00,0.00,0,7,7,7,0,0,0,0,0,0,0,0,0,0.00,0
1790618361,0,0,0,0.00,0.00,0,0,0,0,0,0,0,0.00,0.00,0,7,7,7,0,0,0,0,0,0,0,0,0,0.00,0
1790618362,0,0,0,0.00,0.00,0,0,0,0,0,0,0,0.00,0.00,0,8,8,8,0,0,0,0,0,0,0,0,0,0.00,0
1790618363,0,0,0,0.00,0.00,0,0,0,0,0,0,0,0.00,0.00,0,8,8,8,0,0,0,0,0,0,0,0,0,0.00,0
1790618364,0,0,0,0.00,0.00,0,0,0,0,0,0,0,0.00,0.00,0,8,8,8,0,0,0,0,0,0,0,0,0,0.00,0
1790618365,0,0,0,0.00,0.00,0,0,0,0,0,0,0,0.00,0.00,0,8,8,8,0,0,0,0,0,0,0,0,0,0.00,0
1790618366,0,0,0,0.00,0.00,0,0,0,0,0,0,0,0.00,0.00,0,8,8,8,0,0,0,0,0,0,0,0,0,0.00,0
1790618367,0,0,0,0.00,0.00,0,0,0,0,0,0,0,0.00,0.00,0,8,8,8,0,0,0,0,0,0,0,0,0,0.00,0
1790618368,0,0,0,0.00,0.00,0,0,0,0,0,0,0,0.00,0.00,0,8,8,8,0,0,0,0,0,0,0,0,0,0.00,0
1790618369,0,0,0,0.00,0.00,0,0,0,0,0,0,0,0.00,0.00,0,9,9,9,0,0,0,0,0,0,0,0,0,0.00,0
1790618370,0,0,0,0.00,0.00,0,0,0,0,0,0,0,0.00,0.00,0,9,9,9,0,0,0,0,0,0,0,0,0,0.00,0
1790618371,0,0,0,0.00,0.00,0,0,0,0,0,0,0,0.00,0.00,0,9,9,9,0,0,0,0,0,0,0,0,0,0.00,0
1790618372,0,0,0,0.00,0.00,0,0,0,0,0,0,0,0.00,0.00,0,9,9,9,0,0,0,0,0,0,0,0,0,0.00,0
1790618373,0,0,0,0.00,0.00,0,0,0,0,0,0,0,0.00,0.00,0,9,9,9,0,0,0,0,0,0,0,0,0,0.00,0
1790618374,0,0,0,0.00,0.00,0,0,0,0,0,0,0,0.00,0.00,0,9,9,9,0,0,0,0,0,0,0,0,0,0.00,0
1790618375,0,0,0,0.00,0.00,0,0,0,0,0,0,0,0.00,0.00,0,9,9,9,0,0,0,0,0,0,0,0,0,0.00,0
1790618376,0,0,0,0.00,0.00,0,0,0,0,0,0,0,0.00,0.00,0,10,10,10,0,0,0,0,0,0,0,0,0,0.00,0
1790618377,0,150,0,256.44,150.01,5435391,53805055,106037247,164757503,173801471,861696,175243263,61601223.68,54025412.80,150,10,10,10,0,0,0,0,0,0,53805055,164757503,173801471,61601223.68,150
1790618378,0,350,0,220.74,199.86,2603007,3872767,39682047,148373503,166068223,648704,175243263,28223912.23,45693436.89,350,10,10,10,0,0,0,0,0,0,3063807,7385087,9207807,3190928.64,200
1790618379,0,550,0,212.73,200.03,2187263,3241983,5435391,115015679,165150719,648704,175243263,19004153.48,38447216.13,550,10,10,10,0,0,0,0,0,0,2457599,5894143,7790591,2869575.68,200
1790618380,0,750,0,209.16,199.93,2177023,3155967,4558847,106037247,164757503,552960,175243263,14734730.92,33681802.10,750,10,10,10,0,0,0,0,0,0,2922495,4804607,5881855,2993818.88,200
1790618381,0,950,0,207.18,200.09,2185215,3112959,4272127,83099647,164102143,552960,175243263,12270399.87,30309933.19,950,10,10,10,0,0,0,0,0,0,2951167,4591615,6496255,3029158.40,200
1790618382,0,1150,0,205.90,200.05,2183167,3106815,4182015,72810495,156893183,552960,175243263,10679194.49,27770604.19,1150,10,10,10,0,0,0,0,0,0,3049471,5492735,5992447,3120968.96,200
1790618383,0,1350,0,205.00,199.94,2160639,3067903,4052991,60293119,155582463,552960,175243263,9516280.60,25786353.90,1350,10,10,10,0,0,0,0,0,0,2777087,4952063,6504447,2829525.76,200
1790618384,0,1550,0,204.33,199.94,2150399,3010559,4007935,51937279,152043519,552960,175243263,8671593.54,24171068.85,1550,10,10,10,0,0,0,0,0,0,2607103,5734399,6361087,2969955.84,200
1790618385,0,1750,0,203.83,200.03,2150399,2979839,3973119,39682047,148373503,552960,175243263,8023519.52,22822739.05,1750,10,10,10,0,0,0,0,0,0,2887679,5410815,5656575,3000945.92,200
1790618386,0,1950,0,203.43,199.98,2117631,2949119,3880959,17596415,131006463,552960,175243263,7473249.94,21683955.87,1950,10,10,10,0,0,0,0,0,0,2631679,4055039,4530175,2658391.04,200
1790618387,0,2150,0,203.11,200.07,2097151,2914303,3790847,14155775,130220031,552960,175243263,7009730.20,20702979.45,2150,10,10,10,0,0,0,0,0,0,2471935,3735551,4091903,2490412.80,200
1790618388,0,2350,0,202.84,200.02,2080767,2891775,3733503,8142847,126681087,552960,175243263,6642729.40,19841641.00,2350,10,10,10,0,0,0,0,0,0,2676735,4284415,5631999,2697470.72,200
1790618389,0,2550,0,202.62,200.00,2071551,2861055,3692543,7606271,123011071,552960,175243263,6333474.84,19079221.70,2550,10,10,10,0,0,0,0,0,0,2693119,4567039,5615615,2699733.76,200
1790618390,0,2750,0,202.42,199.92,2080767,2861055,3676159,7278591,115015679,552960,175243263,6095786.54,18394915.04,2750,10,10,10,0,0,0,0,0,0,2848767,5488639,7573503,3065260.80,200
1790618391,0,2950,0,202.26,200.05,2080767,2859007,3692543,6987775,114491391,552960,175243263,5939240.96,17806973.07,2950,10,10,10,0,0,0,0,0,0,2799615,5410815,26181631,3786739.20,200
1790618392,0,3150,0,202.12,200.05,2081791,2859007,3692543,6463487,114098175,552960,175243263,5751525.51,17249975.57,3150,10,10,10,0,0,0,0,0,0,2856959,4825087,6672383,2982722.56,200
1790618393,0,3350,0,201.99,200.00,2067455,2848767,3692543,6266879,113246207,552960,175243263,5578954.20,16744070.64,3350,10,10,10,0,0,0,0,0,0,2729983,5316607,7131135,2860956.16,200
1790618394,0,3550,0,201.87,199.97,2064383,2836479,3694591,6062079,112328703,552960,175243263,5429045.00,16279370.16,3550,10,10,10,0,0,0,0,0,0,2740223,5009407,5709823,2918065.92,200
1790618395,0,3750,0,201.77,200.04,2055167,2842623,3692543,5894143,106037247,552960,175243263,5291985.65,15851896.67,3750,10,10,10,0,0,0,0,0,0,2879487,4726783,5779455,2859182.08,200
1790618396,0,3950,0,201.68,199.90,2045951,2822143,3674111,5808127,104333311,552960,175243263,5156920.26,15458055.45,3950,10,10,10,0,0,0,0,0,0,2562047,4317183,4886527,2624444.16,200
1790618397,0,4150,0,201.60,200.08,2050047,2818047,3651583,5775359,98435071,552960,175243263,5049983.14,15091022.27,4150,10,10,10,0,0,0,0,0,0,2652159,5099519,8101887,2937975.04,200
1790618398,0,4350,0,201.53,199.96,2041855,2803711,3643391,5709823,89456639,552960,175243263,4942454.53,14749957.46,4350,10,10,10,0,0,0,0,0,0,2613247,4739071,5070847,2711235.84,200
1790618399,0,4550,0,201.46,200.08,2036735,2799615,3643391,5754879,83296255,552960,175243263,4877112.38,14441738.53,4550,10,10,10,0,0,0,0,0,0,2721791,6873087,18743295,3455920.64,200
1790618400,0,4750,0,201.40,199.92,2036735,2795519,3629055,5709823,83099647,552960,175243263,4790263.97,14142241.02,4750,10,10,10,0,0,0,0,0,0,2750463,4550655,6221823,2814462.72,200
1790618401,0,4950,0,201.34,200.03,2034687,2791423,3612671,5619711,80084991,552960,175243263,4706586.94,13861119.86,4950,10,10,10,0,0,0,0,0,0,2699263,4681727,5119999,2719257.60,200
1790618402,0,5150,0,201.29,199.95,2030591,2785279,3606527,5541887,79429631,552960,175243263,4627884.99,13596308.82,5150,10,10,10,0,0,0,0,0,0,2639871,4382719,4894719,2680011.52,200
1790618403,0,5350,0,201.24,200.05,2022399,2781183,3604479,5525503,79167487,552960,175243263,4560039.72,13346421.83,5350,10,10,10,0,0,0,0,0,0,2713599,4898815,7647231,2813024.00,200
1790618404,0,5550,0,201.20,200.04,2008063,2768895,3590143,5488639,79036415,552960,175243263,4483845.67,13111340.42,5550,10,10,10,0,0,0,0,0,0,2322431,3942399,5644287,2445655.04,200
1790618405,0,5750,0,201.15,199.90,1988607,2752511,3559423,5419007,72810495,552960,175243263,4405629.28,12888910.11,5750,10,10,10,0,0,0,0,0,0,2213887,3465215,4106239,2235124.48,200
1790618406,0,5950,0,201.11,200.01,1980415,2754559,3555327,5353471,64454655,552960,175243263,4347415.53,12675581.42,5950,10,10,10,0,0,0,0,0,0,2793471,4247551,4591615,2673770.24,200
1790618407,0,6150,0,201.07,199.97,1978367,2754559,3549183,5320703,63897599,552960,175243263,4298321.96,12472587.55,6150,10,10,10,0,0,0,0,0,0,2803711,4657151,7991295,2837788.16,200
1790618408,0,6350,0,201.04,199.99,1978367,2752511,3543039,5238783,62816255,552960,175243263,4246656.60,12279246.09,6350,10,10,10,0,0,0,0,0,0,2676735,4288511,5087231,2657946.88,200
1790618409,0,6550,0,201.01,200.07,1978367,2740223,3528703,5214207,60817407,552960,175243263,4196770.43,12094916.58,6550,10,10,10,0,0,0,0,0,0,2426879,4110335,6746111,2612884.48,200
1790618410,0,6750,0,200.98,199.92,1978367,2744319,3532799,5308415,60293119,552960,175243263,4174527.75,11924420.53,6750,10,10,10,0,0,0,0,0,0,2777087,10207231,14786559,3446080.00,200
1790618411,0,6950,0,200.95,200.03,1978367,2746367,3534847,5238783,58425343,552960,175243263,4135756.25,11755371.87,6950,10,10,10,0,0,0,0,0,0,2781183,4759551,5238783,2827217.92,200
1790618412,0,7150,0,200.93,200.12,1978367,2748415,3530751,5238783,57343999,552960,175243263,4117243.99,11604921.79,7150,10,10,10,0,0,0,0,0,0,2768895,5242879,19890175,3473943.04,200
1790618413,0,7350,0,200.90,199.89,1980415,2744319,3526655,5214207,57212927,552960,175243263,4080378.08,11449224.47,7350,10,10,10,0,0,0,0,0,0,2707455,4599807,5341183,2762421.76,200
1790618414,0,7550,0,200.88,200.06,1979391,2744319,3526655,5189631,53805055,552960,175243263,4047504.17,11300390.24,7550,10,10,10,0,0,0,0,0,0,2734079,4694015,9379839,2839388.16,200
1790618415,0,7750,0,200.86,200.05,1980415,2744319,3526655,5156863,51937279,552960,175243263,4013847.06,11156659.72,7750,10,10,10,0,0,0,0,0,0,2744319,4128767,5824511,2743290.88,200
1790618416,0,7950,0,200.83,199.93,1980415,2740223,3524607,5132287,47218687,552960,175243263,3980499.27,11018656.28,7950,10,10,10,0,0,0,0,0,0,2672639,4517887,4931583,2688272.64,200
1790618417,0,8150,0,200.81,199.93,1981439,2740223,3520511,5099519,46989311,552960,175243263,3950776.76,10885100.85,8150,10,10,10,0,0,0,0,0,0,2709503,4227071,4960255,2769306.88,200
1790618418,0,8350,0,200.79,200.13,1978367,2736127,3518463,5091327,42598399,552960,175243263,3920575.28,10757090.52,8350,10,10,10,0,0,0,0,0,0,2617343,4198399,6561791,2689864.96,200
1790618419,0,8550,0,200.78,200.03,1980415,2732031,3510271,5066751,42434559,552960,175243263,3888402.74,10633343.29,8550,10,10,10,0,0,0,0,0,0,2590719,3784703,4399103,2545199.36,200
1790618420,0,8750,0,200.75,199.82,1976319,2723839,3500031,5083135,39682047,552960,175243263,3860120.55,10514510.75,8750,10,10,10,0,0,0,0,0,0,2426879,5459967,6082559,2651056.64,200
1790618421,0,8950,0,200.74,200.05,1973247,2721791,3497983,5083135,35291135,552960,175243263,3844662.29,10404909.60,8950,10,10,10,0,0,0,0,0,0,2492415,5119999,16277503,3168363.52,200
1790618422,0,9150,0,200.72,200.01,1977343,2719743,3489791,5058559,29622271,551424,175243263,3818631.69,10292980.39,9150,10,10,10,0,0,0,0,0,0,2643967,4202495,5189631,2653762.56,200
1790618423,0,9350,0,200.71,200.05,1980415,2721791,3487743,5013503,27197439,551424,175243263,3796358.76,10184236.49,9350,10,10,10,0,0,0,0,0,0,2762751,4210687,4591615,2777372.16,200
1790618424,0,9550,0,200.69,200.01,1978367,2717695,3487743,4997119,26427391,551424,175243263,3772430.93,10079484.65,9550,10,10,10,0,0,0,0,0,0,2414591,4349951,5206015,2653804.80,200
1790618425,0,9750,0,200.68,200.05,1980415,2717695,3483647,4972543,25985023,551424,175243263,3750214.97,9977365.29,9750,10,10,10,0,0,0,0,0,0,2680831,3915775,4272127,2689402.88,200
1790618426,0,9950,0,200.66,199.85,1981439,2717695,3485695,4972543,24100863,551424,175243263,3733146.50,9878870.86,9950,10,10,10,0,0,0,0,0,0,2768895,4538367,8179711,2901058.56,200
1790618427,0,10150,0,200.65,200.10,1976319,2711551,3471359,4952063,23461887,551424,175243263,3707186.97,9783518.77,10150,10,10,10,0,0,0,0,0,0,2310143,4122623,4808703,2415700.48,200
1790618428,0,10350,0,200.64,200.04,1970175,2705407,3463167,4931583,21823487,551424,175243263,3683748.11,9690956.52,10350,10,10,10,0,0,0,0,0,0,2492415,3977215,4747263,2494225.92,200
1790618429,0,10550,0,200.63,200.01,1975295,2713599,3465215,4919295,20299775,551424,175243263,3670329.48,9600841.33,10550,10,10,10,0,0,0,0,0,0,2942975,4151295,8667135,2975915.52,200
1790618430,0,10750,0,200.61,199.83,1976319,2711551,3463167,4911103,20135935,551424,175243263,3653322.51,9513011.32,10750,10,10,10,0,0,0,0,0,0,2664447,4825087,5308415,2756204.80,200
1790618431,0,10950,0,200.60,200.09,1977343,2713599,3467263,4911103,19382271,551424,175243263,3639324.27,9427466.18,10950,10,10,10,0,0,0,0,0,0,2865151,4390911,5931007,2886918.40,200
1790618432,0,11150,0,200.59,199.95,1980415,2715647,3467263,4907007,18923519,551424,175243263,3625766.60,9344047.17,11150,10,10,10,0,0,0,0,0,0,2748415,4648959,5361663,2883484.16,200
1790618433,0,11350,0,200.58,200.10,1981439,2717695,3469311,4907007,17612799,551424,175243263,3614552.89,9263022.27,11350,10,10,10,0,0,0,0,0,0,2971647,4960255,6725631,2989388.80,200
1790618434,0,11550,0,200.57,199.90,1980415,2717695,3467263,4898815,17580031,551424,175243263,3598293.53,9184227.31,11550,10,10,10,0,0,0,0,0,0,2660351,4358143,4886527,2675575.04,200
1790618435,0,11750,0,200.56,200.14,1977343,2715647,3465215,4886527,16941055,551424,175243263,3580707.73,9107614.49,11750,10,10,10,0,0,0,0,0,0,2600959,4141055,4812799,2565127.68,200
1790618436,0,11950,0,200.55,199.97,1977343,2713599,3461119,4870143,16441343,551424,175243263,3564263.00,9032659.71,11950,10,10,10,0,0,0,0,0,0,2469887,3946495,4341759,2598135.04,200
1790618437,0,12170,0,200.87,219.96,1978367,2715647,3463167,4898815,19365887,551424,175243263,3574336.39,8972054.72,12170,10,10,10,0,0,0,0,0,0,2840575,19316735,23904255,4121504.58,220
1790618438,0,12370,0,200.86,199.95,1978367,2713599,3461119,4886527,18923519,551424,175243263,3558881.58,8900868.87,12370,10,10,10,0,0,0,0,0,0,2549759,4034559,5173247,2618456.32,200
1790618439,0,12570,0,200.85,200.00,1975295,2707455,3461119,4874239,18333695,551424,175243263,3542959.90,8831660.26,12570,10,10,10,0,0,0,0,0,0,2492415,4415487,4997119,2558204.16,200
1790618440,0,12770,0,200.83,200.06,1972223,2701311,3452927,4870143,17596415,551424,175243263,3527292.71,8763778.81,12770,10,10,10,0,0,0,0,0,0,2463743,4161535,4714495,2542609.92,200
1790618441,0,12970,0,200.82,200.04,1971199,2697215,3448831,4857855,17498111,551424,175243263,3514622.22,8698199.88,12970,10,10,10,0,0,0,0,0,0,2506751,4325375,8306687,2705611.52,200
1790618442,0,13170,0,200.81,199.96,1975295,2701311,3452927,4845567,16662527,551424,175243263,3505172.27,8633128.29,13170,10,10,10,0,0,0,0,0,0,2988031,4329471,5435391,2892343.04,200
1790618443,0,13370,0,200.79,199.91,1971199,2697215,3448831,4833279,16302079,551424,175243263,3489894.65,8569910.96,13370,10,10,10,0,0,0,0,0,0,2537471,3905535,4280319,2483863.04,200
1790618444,0,13570,0,200.78,199.98,1971199,2697215,3446783,4825087,16269311,551424,175243263,3478759.08,8507947.89,13570,10,10,10,0,0,0,0,0,0,2559999,4431871,5038079,2734346.24,200
1790618445,0,13770,0,200.77,200.06,1973247,2697215,3448831,4820991,16236543,551424,175243263,3469750.56,8447173.06,13770,10,10,10,0,0,0,0,0,0,2856959,4333567,4956159,2858522.88,200
1790618446,0,13970,0,200.76,199.98,1974271,2697215,3442687,4808703,16105471,551424,175243263,3457007.49,8387744.02,13970,10,10,10,0,0,0,0,0,0,2656255,4026367,4845567,2579646.72,200
1790618447,0,14170,0,200.75,200.11,1974271,2697215,3442687,4792319,15958015,551424,175243263,3446563.18,8329635.94,14170,10,10,10,0,0,0,0,0,0,2693119,4452351,4673535,2717027.84,200
1790618448,0,14370,0,200.74,199.96,1975295,2695167,3438591,4788223,15310847,551424,175243263,3434547.63,8272758.65,14370,10,10,10,0,0,0,0,0,0,2412543,4028415,4317183,2583246.08,200
1790618449,0,14570,0,200.73,199.89,1973247,2693119,3438591,4771839,14909439,551424,175243263,3423334.29,8217138.45,14570,10,10,10,0,0,0,0,0,0,2414591,4505599,4751359,2617656.32,200
1790618450,0,14770,0,200.72,200.15,1975295,2695167,3442687,4763647,14647295,551424,175243263,3416914.87,8162282.61,14770,10,10,10,0,0,0,0,0,0,2959359,4526079,4927487,2949259.52,200
1790618451,0,14970,0,200.71,199.91,1971199,2695167,3438591,4763647,14360575,551424,175243263,3406358.37,8109365.05,14970,10,10,10,0,0,0,0,0,0,2408447,4329471,6893567,2626760.96,200
1790618452,0,15170,0,200.70,200.10,1972223,2693119,3436543,4759551,14254079,551424,175243263,3397153.72,8056890.75,15170,10,10,10,0,0,0,0,0,0,2670591,4423679,5214207,2708185.60,200
1790618453,0,15370,0,200.69,199.81,1975295,2695167,3434495,4751359,14213119,551424,175243263,3389097.59,8005331.47,15370,10,10,10,0,0,0,0,0,0,2820095,4304895,4431871,2778040.32,200
1790618454,0,15570,0,200.68,200.17,1976319,2697215,3434495,4747263,14155775,551424,175243263,3382143.49,7954712.43,15570,10,10,10,0,0,0,0,0,0,2824191,4431871,5230591,2847720.96,200
1790618455,0,15770,0,200.67,200.00,1976319,2693119,3430399,4755455,14032895,551424,175243263,3373299.53,7905922.90,15770,10,10,10,0,0,0,0,0,0,2430975,5480447,7749631,2684797.44,200
1790618456,0,15970,0,200.66,199.88,1976319,2695167,3432447,4755455,13713407,551424,175243263,3367068.49,7857471.24,15970,10,10,10,0,0,0,0,0,0,2897919,5193727,5599231,2875750.40,200
1790618457,0,16170,0,200.66,200.02,1977343,2695167,3434495,4747263,13549567,551424,175243263,3359946.71,7809845.57,16170,10,10,10,0,0,0,0,0,0,2818047,4292607,5083135,2791272.96,200
1790618458,0,16370,0,200.65,199.96,1979391,2695167,3434495,4743167,13467647,551424,175243263,3352601.01,7762949.81,16370,10,10,10,0,0,0,0,0,0,2537471,4255743,5185535,2758700.80,200
1790618459,0,16570,0,200.64,200.01,1982463,2695167,3436543,4726783,13164543,551424,175243263,3346226.21,7716898.25,16570,10,10,10,0,0,0,0,0,0,2729983,4382719,4722687,2824449.28,200
1790618460,0,16770,0,200.63,200.11,1980415,2695167,3438591,4722687,12615679,551424,175243263,3338208.66,7671902.30,16770,10,10,10,0,0,0,0,0,0,2574335,4431871,4927487,2673954.56,200
1790618461,0,16970,0,200.63,200.01,1983487,2695167,3438591,4722687,12419071,551424,175243263,3333111.88,7627333.55,16970,10,10,10,0,0,0,0,0,0,2736127,4595711,5062655,2905747.20,200
1790618462,0,17170,0,200.62,199.90,1981439,2695167,3434495,4718591,12386303,551424,175243263,3324257.29,7584229.32,17170,10,10,10,0,0,0,0,0,0,2402303,4448255,6455295,2572944.64,200
1790618463,0,17370,0,200.61,199.98,1982463,2695167,3434495,4718591,11468799,551424,175243263,3319126.87,7541490.93,17370,10,10,10,0,0,0,0,0,0,2906111,4546559,5468159,2878680.32,200
1790618464,0,17570,0,200.60,200.01,1980415,2695167,3432447,4714495,10207231,551424,175243263,3311496.60,7499505.70,17570,10,10,10,0,0,0,0,0,0,2658303,4567039,5509119,2648807.68,200
1790618465,0,17770,0,200.60,199.95,1980415,2695167,3430399,4710399,9486335,551424,175243263,3304658.12,7458278.47,17770,10,10,10,0,0,0,0,0,0,2686975,4173823,6356991,2703897.60,200
1790618466,0,17970,0,200.59,200.18,1978367,2693119,3430399,4706303,9388031,551424,175243263,3296157.63,7417911.53,17970,10,10,10,0,0,0,0,0,0,2457599,4143103,4988927,2540889.60,200
1790618467,0,18170,0,200.58,199.90,1977343,2689023,3428351,4706303,9363455,551424,175243263,3288420.89,7378209.95,18170,10,10,10,0,0,0,0,0,0,2414591,4542463,6201343,2593274.88,200
1790618468,0,18370,0,200.58,200.01,1978367,2691071,3428351,4706303,9207807,551424,175243263,3283283.42,7338947.38,18370,10,10,10,0,0,0,0,0,0,2818047,4571135,5984255,2816544.00,200
1790618469,0,18570,0,200.57,199.93,1977343,2689023,3426303,4694015,9150463,551424,175243263,3275432.05,7300314.63,18570,10,10,10,0,0,0,0,0,0,2574335,4120575,4411391,2554283.52,200
1790618470,0,18770,0,200.57,200.14,1977343,2691071,3428351,4710399,9003007,551424,175243263,3272102.73,7262465.68,18770,10,10,10,0,0,0,0,0,0,2859007,5001215,5451775,2962976.00,200
1790618471,0,18970,0,200.56,199.82,1978367,2693119,3428351,4702207,8880127,551424,175243263,3267449.13,7224948.29,18970,10,10,10,0,0,0,0,0,0,2830335,4464639,4984831,2830708.48,200
1790618472,0,19170,0,200.55,200.17,1978367,2693119,3430399,4698111,8757247,551424,175243263,3262529.03,7188169.01,19170,10,10,10,0,0,0,0,0,0,2770943,4440063,5066751,2795857.92,200
1790618473,0,19370,0,200.55,199.87,1978367,2693119,3428351,4689919,8724479,551424,175243263,3255628.73,7151845.32,19370,10,10,10,0,0,0,0,0,0,2578431,4206591,4464639,2594234.88,200
1790618474,0,19570,0,200.54,200.09,1977343,2691071,3428351,4694015,8667135,551424,175243263,3250488.56,7116591.32,19570,10,10,10,0,0,0,0,0,0,2674687,4796415,6553599,2752663.04,200
1790618475,0,19770,0,200.54,199.97,1977343,2693119,3426303,4685823,8568831,551424,175243263,3245338.07,7081189.71,19770,10,10,10,0,0,0,0,0,0,2799615,4057087,4747263,2741361.92,200
1790618476,0,19970,0,200.53,199.93,1978367,2693119,3426303,4673535,8527871,551424,175243263,3239342.12,7046540.11,19970,10,10,10,0,0,0,0,0,0,2639871,4112383,4526079,2646643.20,200
1790618477,0,20170,0,200.53,199.98,1978367,2695167,3430399,4669439,8470527,551424,175243263,3236374.64,7012412.57,20170,10,10,10,0,0,0,0,0,0,2914303,4603903,5328895,2940071.68,200
1790618478,0,20370,0,200.52,200.13,1980415,2695167,3430399,4661247,8404991,551424,175243263,3231414.52,6978581.85,20370,10,10,10,0,0,0,0,0,0,2744319,3985407,4669439,2731185.92,200
1790618479,0,20570,0,200.52,200.03,1977343,2691071,3426303,4648959,8343551,551424,175243263,3223447.33,6945670.11,20570,10,10,10,0,0,0,0,0,0,2338815,4032511,4403199,2411989.76,200
1790618480,0,20770,0,200.51,199.91,1976319,2689023,3424255,4644863,8290303,551424,175243263,3216932.45,6913049.31,20770,10,10,10,0,0,0,0,0,0,2564095,4120575,4587519,2546876.16,200
1790618481,0,20970,0,200.51,200.07,1976319,2686975,3420159,4640767,8282111,551424,175243263,3210092.05,6880898.23,20970,10,10,10,0,0,0,0,0,0,2418687,4206591,4521983,2499717.12,200
1790618482,0,21170,0,200.50,200.02,1976319,2684927,3420159,4632575,8187903,551424,175243263,3204555.74,6849123.09,21170,10,10,10,0,0,0,0,0,0,2635775,4098047,4497407,2624072.96,200
1790618483,0,21370,0,200.50,199.88,1976319,2684927,3418111,4628479,8167423,551424,175243263,3198752.63,6817853.28,21370,10,10,10,0,0,0,0,0,0,2494463,4374527,4919295,2584494.08,200
1790618484,0,21570,0,200.49,200.12,1976319,2684927,3418111,4628479,8110079,551424,175243263,3194297.80,6787091.46,21570,10,10,10,0,0,0,0,0,0,2709503,4423679,5062655,2718298.88,200
1790618485,0,21770,0,200.49,199.83,1976319,2684927,3418111,4624383,8093695,551424,175243263,3189683.64,6756695.73,21770,10,10,10,0,0,0,0,0,0,2637823,4415487,5169151,2692046.08,200
1790618486,0,21970,0,200.48,200.08,1973247,2682879,3416063,4624383,8081407,551424,175243263,3184547.66,6726981.48,21970,10,10,10,0,0,0,0,0,0,2467839,4177919,6426623,2625496.32,200
1790618487,0,22170,0,200.48,200.08,1975295,2682879,3416063,4624383,8036351,551424,175243263,3181384.39,6697446.64,22170,10,10,10,0,0,0,0,0,0,2598911,4743167,5414911,2833899.52,200
1790618488,0,22370,0,200.47,199.98,1973247,2682879,3416063,4628479,7991295,551424,175243263,3178127.28,6668802.59,22370,10,10,10,0,0,0,0,0,0,2584575,5980159,6541311,2817076.48,200
1790618489,0,22570,0,200.47,200.03,1976319,2684927,3416063,4624383,7966719,551424,175243263,3174885.08,6639816.20,22570,10,10,10,0,0,0,0,0,0,2924543,4259839,4562943,2812245.76,200
1790618490,0,22770,0,200.47,199.91,1975295,2684927,3416063,4624383,7950335,551424,175243263,3170975.10,6611391.02,22770,10,10,10,0,0,0,0,0,0,2709503,4534271,5230591,2729733.12,200
1790618491,0,22970,0,200.46,199.93,1976319,2684927,3418111,4620287,7843839,551424,175243263,3167661.98,6583235.72,22970,10,10,10,0,0,0,0,0,0,2707455,4444159,5201919,2790464.00,200
1790618492,0,23170,0,200.46,200.04,1976319,2684927,3418111,4616191,7819263,551424,175243263,3163361.55,6555543.77,23170,10,10,10,0,0,0,0,0,0,2564095,4288511,4677631,2669456.64,200
1790618493,0,23370,0,200.45,199.94,1977343,2684927,3418111,4616191,7790591,551424,175243263,3160427.83,6528168.71,23370,10,10,10,0,0,0,0,0,0,2648063,4493311,5029887,2820556.80,200
1790618494,0,23570,0,200.45,200.02,1977343,2682879,3418111,4616191,7790591,551424,175243263,3156528.47,6501670.64,23570,10,10,10,0,0,0,0,0,0,2562047,4390911,7569407,2700888.32,200
1790618495,0,23770,0,200.45,200.18,1978367,2682879,3416063,4607999,7749631,551424,175243263,3152699.85,6474883.45,23770,10,10,10,0,0,0,0,0,0,2707455,4098047,4513791,2701496.32,200
1790618496,0,23970,0,200.44,199.81,1980415,2684927,3416063,4612095,7667711,551424,175243263,3150969.44,6448602.99,23970,10,10,10,0,0,0,0,0,0,2805759,4902911,5611519,2945310.72,200
1790618497,0,24400,0,202.35,430.18,1967103,2672639,3411967,4628479,8282111,491520,175243263,3153587.62,6420370.50,24400,10,10,10,0,0,0,0,0,0,1950719,12517375,24854527,3299536.07,430
1790618498,0,24900,0,204.79,500.00,1941503,2648063,3395583,4616191,8179711,475392,175243263,3124836.28,6359967.74,24900,10,10,10,0,0,0,0,0,0,1682431,2738175,5287935,1721770.75,500
1790618499,0,25400,0,207.20,499.89,1918975,2625535,3381247,4607999,8110079,472576,175243263,3100313.75,6301301.88,25400,10,10,10,0,0,0,0,0,0,1564671,3713023,6471679,1879091.71,500
1790618500,0,25900,0,209.57,500.25,1892351,2600959,3364863,4595711,7991295,430080,175243263,3072854.67,6243945.55,25900,10,10,10,0,0,0,0,0,0,1640447,2775039,4804607,1677933.31,500
1790618501,0,26400,0,211.90,499.78,1869823,2572287,3346431,4579327,7954431,364288,175243263,3045931.72,6188228.45,26400,10,10,10,0,0,0,0,0,0,1672191,2447359,3225599,1651322.88,500
1790618502,0,26900,0,214.20,499.87,1846271,2547711,3332095,4567039,7835647,364288,175243263,3020830.90,6133693.42,26900,10,10,10,0,0,0,0,0,0,1669119,2619391,2873343,1695507.71,500
1790618503,0,27400,0,216.45,500.20,1826815,2523135,3317759,4558847,7749631,344832,175243263,2998448.64,6080658.61,27400,10,10,10,0,0,0,0,0,0,1651711,3166207,5439487,1794283.26,500
1790618504,0,27900,0,218.68,500.20,1804287,2500607,3303423,4542463,7634943,344832,175243263,2974048.57,6029362.25,27900,10,10,10,0,0,0,0,0,0,1544191,2863103,4134911,1636924.42,500
1790618505,0,28400,0,220.86,499.71,1785855,2478079,3287039,4534271,7581695,344832,175243263,2951052.81,5979124.81,28400,10,10,10,0,0,0,0,0,0,1622015,2695167,3375103,1667889.41,500
1790618506,0,28900,0,223.02,500.11,1772543,2461695,3272703,4517887,7503871,344832,175243263,2931601.23,5929749.39,28900,10,10,10,0,0,0,0,0,0,1771519,3028991,3749887,1826751.74,500
1790618507,0,29400,0,225.14,499.74,1752063,2439167,3256319,4505599,7385087,344832,175243263,2907801.43,5882327.32,29400,10,10,10,0,0,0,0,0,0,1507327,2424831,2793471,1532173.06,500
1790618508,0,29900,0,227.23,500.38,1730559,2420735,3241983,4493311,7307263,344832,175243263,2884961.93,5836079.06,29900,10,10,10,0,0,0,0,0,0,1492991,2631679,3520511,1541998.85,500
1790618509,0,30400,0,229.29,499.86,1715199,2398207,3227647,4485119,7229439,344832,175243263,2865463.84,5790646.09,30400,10,10,10,0,0,0,0,0,0,1564671,2881535,4558847,1699478.02,500
1790618510,0,30900,0,231.31,500.23,1700863,2377727,3215359,4472831,7176191,344832,175243263,2846284.50,5746116.69,30900,10,10,10,0,0,0,0,0,0,1650687,2758655,3485695,1680180.74,500
1790618511,0,31400,0,233.31,500.02,1688575,2361343,3196927,4464639,7073791,344832,175243263,2827400.90,5702622.32,31400,10,10,10,0,0,0,0,0,0,1640447,2668543,3229695,1660394.75,500
1790618512,0,31900,0,235.28,499.53,1673215,2342911,3182591,4452351,7024639,312064,175243263,2808684.60,5660322.35,31900,10,10,10,0,0,0,0,0,0,1596415,2697215,3956735,1633300.74,500
1790618513,0,32400,0,237.21,500.22,1660927,2328575,3172351,4444159,6979583,312064,175243263,2790302.75,5618895.42,32400,10,10,10,0,0,0,0,0,0,1607679,2590719,3121151,1617540.86,500
1790618514,0,32900,0,239.12,500.18,1648639,2312191,3158015,4427775,6873087,312064,175243263,2772015.69,5578492.14,32900,10,10,10,0,0,0,0,0,0,1528831,2619391,2873343,1587013.89,500
1790618515,0,33400,0,241.01,499.79,1639423,2295807,3143679,4415487,6815743,312064,175243263,2755629.81,5538629.80,33400,10,10,10,0,0,0,0,0,0,1674239,2625535,3090431,1677439.23,500
1790618516,0,33900,0,242.86,500.08,1626111,2283519,3133439,4403199,6762495,312064,175243263,2739681.08,5499834.79,33900,10,10,10,0,0,0,0,0,0,1542143,2805759,4085759,1674306.05,500
1790618517,0,34400,0,244.69,500.17,1613823,2271231,3119103,4395007,6701055,312064,175243263,2722895.53,5461956.31,34400,10,10,10,0,0,0,0,0,0,1537023,2613247,3246079,1584834.82,500
1790618518,0,34900,0,246.49,499.67,1603583,2256895,3106815,4386815,6672383,312064,175243263,2708267.07,5424924.41,34900,10,10,10,0,0,0,0,0,0,1639423,2635775,5955583,1701828.86,500
1790618519,0,35400,0,248.27,500.03,1594367,2242559,3092479,4378623,6635519,312064,175243263,2692768.54,5388511.58,35400,10,10,10,0,0,0,0,0,0,1602559,2600959,3065855,1610971.39,500
1790618520,0,35900,0,250.03,500.31,1585151,2228223,3080191,4366335,6553599,312064,175243263,2679003.26,5352652.31,35900,10,10,10,0,0,0,0,0,0,1612799,2723839,3807231,1704421.38,500
1790618521,0,36400,0,251.75,499.59,1576959,2217983,3069951,4358143,6537215,312064,175243263,2666696.94,5318011.90,36400,10,10,10,0,0,0,0,0,0,1654783,3375103,5197823,1783103.23,500
1790618522,0,36900,0,253.46,500.23,1568767,2207743,3061759,4354047,6512639,312064,175243263,2655779.22,5284100.64,36900,10,10,10,0,0,0,0,0,0,1680383,3497983,5443583,1860969.22,500
1790618523,0,37400,0,255.14,500.12,1561599,2195455,3049471,4345855,6471679,312064,175243263,2641213.75,5250474.05,37400,10,10,10,0,0,0,0,0,0,1605631,2379775,2539519,1566282.24,500
1790618524,0,37900,0,256.80,499.66,1555455,2183167,3039231,4337663,6434815,312064,175243263,2627890.53,5217560.28,37900,10,10,10,0,0,0,0,0,0,1605631,2705407,3117055,1631313.41,500
1790618525,0,38400,0,258.44,500.20,1546239,2172927,3026943,4329471,6426623,312064,175243263,2615578.08,5185286.20,38400,10,10,10,0,0,0,0,0,0,1574911,3428351,4427775,1682294.53,500
1790618526,0,38900,0,260.05,500.00,1540095,2160639,3014655,4325375,6344703,312064,175243263,2603384.32,5153485.82,38900,10,10,10,0,0,0,0,0,0,1567743,2551807,4476927,1666903.30,500
1790618527,0,39400,0,261.65,500.20,1535999,2154495,3002367,4317183,6426623,312064,175243263,2597677.75,5131825.32,39400,10,10,10,0,0,0,0,0,0,1743871,2988031,22364159,2153706.75,500
1790618528,0,39900,0,263.22,499.68,1529855,2144255,2990079,4308991,6344703,312064,175243263,2586189.18,5101049.00,39900,10,10,10,0,0,0,0,0,0,1625087,2627583,3610623,1680889.60,500
1790618529,0,40400,0,264.77,499.87,1524735,2134015,2977791,4296703,6320127,312064,175243263,2575305.18,5070840.70,40400,10,10,10,0,0,0,0,0,0,1644543,2856959,3631103,1706762.75,500
1790618530,0,40900,0,266.30,500.06,1515519,2121727,2967551,4292607,6291455,312064,175243263,2563392.68,5041384.07,40900,10,10,10,0,0,0,0,0,0,1483775,2637823,3508223,1600862.46,500
1790618531,0,41400,0,267.81,500.16,1510399,2111487,2953215,4284415,6238207,312064,175243263,2552255.39,5012288.96,41400,10,10,10,0,0,0,0,0,0,1650687,2566143,3166207,1641224.70,500
1790618532,0,41900,0,269.31,499.84,1506303,2103295,2940927,4276223,6225919,312064,175243263,2542089.11,4983559.21,41900,10,10,10,0,0,0,0,0,0,1643519,2707455,2992127,1700321.02,500
1790618533,0,42400,0,270.78,500.06,1500159,2094079,2930687,4268031,6197247,312064,175243263,2530769.08,4955664.39,42400,10,10,10,0,0,0,0,0,0,1558527,2619391,3139583,1582151.17,500
1790618534,0,42900,0,272.23,500.26,1494015,2087935,2916351,4259839,6152191,312064,175243263,2520941.13,4928126.99,42900,10,10,10,0,0,0,0,0,0,1609727,2727935,3956735,1687530.50,500
1790618535,0,43400,0,273.67,499.74,1486847,2077695,2904063,4247551,6119423,312064,175243263,2509769.04,4901061.16,43400,10,10,10,0,0,0,0,0,0,1505279,2455551,3141631,1551203.58,500
1790618536,0,43900,0,275.09,500.23,1480703,2068479,2893823,4235263,6070271,312064,175243263,2498824.28,4874526.84,43900,10,10,10,0,0,0,0,0,0,1533951,2394111,3708927,1548819.46,500
1790618537,0,44400,0,276.49,499.88,1475583,2060287,2881535,4231167,6062079,312064,175243263,2488070.67,4848555.00,44400,10,10,10,0,0,0,0,0,0,1513471,2461695,3094527,1543903.74,500
1790618538,0,44900,0,277.87,499.80,1472511,2054143,2873343,4231167,6062079,312064,175243263,2480940.42,4823082.29,44900,10,10,10,0,0,0,0,0,0,1686527,3317759,6533119,1847774.21,500
1790618539,0,45400,0,279.24,500.00,1469439,2047999,2863103,4218879,6049791,312064,175243263,2472318.02,4797682.56,45400,10,10,10,0,0,0,0,0,0,1710079,2678783,3772415,1698026.24,500
1790618540,0,45900,0,280.59,500.14,1463295,2040831,2852863,4210687,6041599,312064,175243263,2462551.99,4773030.46,45900,10,10,10,0,0,0,0,0,0,1554431,2529279,2988031,1575796.22,500
1790618541,0,46400,0,281.92,500.28,1459199,2034687,2840575,4202495,6029311,312064,175243263,2454551.06,4748382.72,46400,10,10,10,0,0,0,0,0,0,1639423,2762751,3919871,1720066.05,500
1790618542,0,46900,0,283.24,499.73,1455103,2029567,2832383,4198399,6017023,312064,175243263,2446648.10,4724295.02,46900,10,10,10,0,0,0,0,0,0,1576959,3069951,4296703,1713253.38,500
1790618543,0,47400,0,284.54,500.09,1452031,2023423,2822143,4190207,6000639,312064,175243263,2438536.28,4700494.60,47400,10,10,10,0,0,0,0,0,0,1597439,2856959,3551231,1677647.62,500
1790618544,0,47900,0,285.82,499.94,1447935,2017279,2811903,4179967,5980159,312064,175243263,2429744.48,4677092.78,47900,10,10,10,0,0,0,0,0,0,1558527,2621439,3323903,1596282.11,500
1790618545,0,48400,0,287.09,500.02,1441791,2011135,2801663,4173823,5980159,312064,175243263,2421333.95,4654210.84,48400,10,10,10,0,0,0,0,0,0,1508351,2756607,3768319,1615604.99,500
1790618546,0,48900,0,288.35,499.95,1440767,2006015,2791423,4171775,5980159,312064,175243263,2415068.50,4632183.51,48900,10,10,10,0,0,0,0,0,0,1655807,2775039,6479871,1808572.67,500
1790618547,0,49400,0,289.59,500.07,1435647,1999871,2783231,4165631,5976063,312064,175243263,2406281.72,4609906.79,49400,10,10,10,0,0,0,0,0,0,1498111,2682879,3229695,1546935.04,500
1790618548,0,49900,0,290.82,499.87,1433599,1996799,2775039,4161535,5955583,312064,175243263,2399196.46,4587798.60,49900,10,10,10,0,0,0,0,0,0,1635327,2676735,3338239,1699172.35,500
1790618549,0,50400,0,292.03,500.06,1429503,1989631,2766847,4159487,5955583,312064,175243263,2392453.68,4566443.19,50400,10,10,10,0,0,0,0,0,0,1605631,3438591,5357567,1719524.10,500
1790618550,0,50900,0,293.23,499.85,1425407,1984511,2756607,4153343,5935103,312064,175243263,2384635.73,4545011.77,50900,10,10,10,0,0,0,0,0,0,1586175,2656255,3121151,1596586.75,500
1790618551,0,51400,0,294.41,500.11,1422335,1979391,2750463,4151295,5931007,312064,175243263,2378384.79,4524115.51,51400,10,10,10,0,0,0,0,0,0,1581055,3203071,5242879,1742039.30,500
1790618552,0,51900,0,295.58,500.22,1419263,1974271,2742271,4143103,5918719,312064,175243263,2371069.26,4503284.14,51900,10,10,10,0,0,0,0,0,0,1511423,2863103,3446783,1619032.83,500
1790618553,0,52400,0,296.74,499.93,1416191,1968127,2734079,4139007,5890047,312064,175243263,2363587.35,4482806.77,52400,10,10,10,0,0,0,0,0,0,1507327,2650111,3733503,1586964.48,500
1790618554,0,52900,0,297.89,500.02,1414143,1963007,2723839,4132863,5869567,312064,175243263,2356695.63,4462578.34,52900,10,10,10,0,0,0,0,0,0,1627135,2592767,3891199,1634443.26,500
1790618555,0,53400,0,299.02,499.89,1407999,1955839,2715647,4126719,5857279,312064,175243263,2348914.16,4442647.19,53400,10,10,10,0,0,0,0,0,0,1465343,2365439,2965503,1525635.58,500
1790618556,0,53900,0,300.14,500.04,1404927,1950719,2705407,4122623,5857279,312064,175243263,2342099.71,4423221.59,53900,10,10,10,0,0,0,0,0,0,1521663,2813951,4300799,1614316.03,500
1790618557,0,54210,0,300.19,310.01,1404927,1950719,2705407,4124671,5857279,312064,175243263,2341038.02,4411434.76,54210,10,10,10,0,0,0,0,0,0,1947647,4284415,6373375,2156441.60,310
1790618558,0,54410,0,299.64,200.09,1405951,1951743,2707455,4124671,5857279,312064,175243263,2341639.88,4403772.01,54410,10,10,10,0,0,0,0,0,0,2379775,4296703,5652479,2504773.12,200
1790618559,0,54610,0,299.09,199.82,1405951,1952767,2707455,4122623,5844991,312064,175243263,2341438.84,4395981.23,54610,10,10,10,0,0,0,0,0,0,2217983,3784703,4030463,2286745.60,200
1790618560,0,54810,0,298.55,200.02,1406975,1953791,2711551,4122623,5836799,312064,175243263,2341854.55,4388350.34,54810,10,10,10,0,0,0,0,0,0,2390015,4042751,4489215,2455365.12,200
1790618561,0,55010,0,298.02,200.12,1407999,1955839,2713599,4122623,5836799,312064,175243263,2342081.22,4380722.83,55010,10,10,10,0,0,0,0,0,0,2406399,3821567,4509695,2404198.40,200
1790618562,0,55210,0,297.49,199.98,1407999,1956863,2715647,4120575,5824511,312064,175243263,2342140.64,4373163.90,55210,10,10,10,0,0,0,0,0,0,2359295,4036607,4366335,2358484.48,200
1790618563,0,55410,0,296.97,199.93,1409023,1958911,2717695,4120575,5832703,312064,175243263,2343430.32,4365767.81,55410,10,10,10,0,0,0,0,0,0,2797567,4009983,6606847,2699447.04,200
1790618564,0,55610,0,296.45,200.11,1410047,1960959,2719743,4120575,5832703,312064,175243263,2343266.48,4358213.79,55610,10,10,10,0,0,0,0,0,0,2185215,3557375,4653055,2297873.92,200
1790618565,0,55810,0,295.94,199.86,1411071,1961983,2719743,4120575,5820415,312064,175243263,2343256.41,4350766.93,55810,10,10,10,0,0,0,0,0,0,2205695,3844095,5242879,2340458.24,200
1790618566,0,56010,0,295.43,200.15,1412095,1963007,2721791,4118527,5857279,312064,175243263,2343958.12,4343666.87,56010,10,10,10,0,0,0,0,0,0,2347007,3942399,8429567,2539769.60,200
1790618567,0,56210,0,294.93,199.98,1412095,1964031,2721791,4116479,5840895,312064,175243263,2343357.55,4336239.61,56210,10,10,10,0,0,0,0,0,0,2142207,3858431,4214783,2175168.00,200
1790618568,0,56410,0,294.44,200.02,1413119,1964031,2721791,4116479,5832703,312064,175243263,2343154.92,4328886.24,56410,10,10,10,0,0,0,0,0,0,2232319,3954687,4452351,2286204.16,200
1790618569,0,56610,0,293.95,200.01,1414143,1966079,2723839,4114431,5820415,312064,175243263,2343116.42,4321567.41,56610,10,10,10,0,0,0,0,0,0,2293759,3803135,4255743,2332258.56,200
1790618570,0,56810,0,293.46,199.93,1414143,1967103,2725887,4114431,5836799,312064,175243263,2343779.37,4314671.37,56810,10,10,10,0,0,0,0,0,0,2394111,4032511,8396799,2531426.56,200
1790618571,0,57010,0,292.98,200.00,1415167,1968127,2727935,4114431,5861375,312064,175243263,2344895.30,4308091.06,57010,10,10,10,0,0,0,0,0,0,2373631,4159487,8970239,2661876.48,200
1790618572,0,57210,0,292.51,199.96,1416191,1970175,2729983,4114431,5869567,312064,175243263,2345486.12,4300986.60,57210,10,10,10,0,0,0,0,0,0,2467839,3794943,6234111,2513898.24,200
1790618573,0,57410,0,292.04,200.08,1416191,1972223,2734079,4116479,5894143,312064,175243263,2346335.85,4294099.58,57410,10,10,10,0,0,0,0,0,0,2486271,4501503,6402047,2589400.32,200
1790618574,0,57610,0,291.57,199.97,1416191,1972223,2734079,4114431,5894143,312064,175243263,2345885.10,4287103.73,57610,10,10,10,0,0,0,0,0,0,1954815,3723263,5939199,2216497.92,200
1790618575,0,57810,0,291.11,199.95,1417215,1973247,2736127,4114431,5890047,312064,175243263,2346344.26,4280009.46,57810,10,10,10,0,0,0,0,0,0,2480127,3846143,4521983,2478607.36,200
1790618576,0,58010,0,290.65,200.05,1417215,1974271,2738175,4114431,5914623,312064,175243263,2346514.74,4273148.04,58010,10,10,10,0,0,0,0,0,0,2291711,3807231,7192575,2395790.08,200
1790618577,0,58210,0,290.20,199.92,1418239,1975295,2738175,4112383,5914623,312064,175243263,2346489.80,4266240.33,58210,10,10,10,0,0,0,0,0,0,2273279,3821567,5554175,2339257.60,200
1790618578,0,58410,0,289.75,200.06,1419263,1976319,2742271,4112383,5894143,312064,175243263,2347497.28,4259317.96,58410,10,10,10,0,0,0,0,0,0,2723839,4009983,4329471,2640721.92,200
1790618579,0,58610,0,289.31,199.97,1419263,1977343,2744319,4110335,5894143,312064,175243263,2347386.40,4252320.42,58610,10,10,10,0,0,0,0,0,0,2344959,3622911,4057087,2315006.72,200
1790618580,0,58810,0,288.87,200.04,1420287,1979391,2744319,4108287,5890047,312064,175243263,2347563.88,4245398.85,58810,10,10,10,0,0,0,0,0,0,2371583,3938303,4624383,2399572.48,200
1790618581,0,59010,0,288.44,199.92,1421311,1980415,2746367,4108287,5894143,312064,175243263,2348503.50,4238736.39,59010,10,10,10,0,0,0,0,0,0,2609151,4100095,7069695,2624800.00,200
1790618582,0,59210,0,288.01,200.04,1421311,1981439,2748415,4108287,5918719,312064,175243263,2348969.81,4232055.39,59210,10,10,10,0,0,0,0,0,0,2404351,4112383,6143999,2486554.88,200
1790618583,0,59410,0,287.58,200.08,1422335,1982463,2748415,4108287,5894143,312064,175243263,2348735.78,4225193.82,59410,10,10,10,0,0,0,0,0,0,2273279,3604479,4378623,2279449.60,200
1790618584,0,59610,0,287.16,199.95,1422335,1983487,2748415,4106239,5914623,312064,175243263,2348621.15,4218545.03,59610,10,10,10,0,0,0,0,0,0,2207743,3921919,6811647,2314571.52,200
1790618585,0,59810,0,286.74,199.98,1422335,1983487,2750463,4106239,5918719,312064,175243263,2348531.56,4212027.38,59810,10,10,10,0,0,0,0,0,0,2170879,3960831,6868991,2321829.12,200
1790618586,0,60010,0,286.33,199.92,1423359,1985535,2750463,4104191,5894143,312064,175243263,2348807.62,4205319.40,60010,10,10,10,0,0,0,0,0,0,2301951,3817471,4218879,2431362.56,200
1790618587,0,60210,0,285.92,200.00,1423359,1986559,2750463,4104191,5894143,312064,175243263,2348539.78,4198627.32,60210,10,10,10,0,0,0,0,0,0,2222079,3633151,4374527,2268175.36,200
1790618588,0,60410,0,285.51,200.07,1424383,1986559,2750463,4100095,5881855,312064,175243263,2348357.87,4191930.29,60410,10,10,10,0,0,0,0,0,0,2226175,3606527,3932159,2293592.32,200
1790618589,0,60610,0,285.11,200.09,1425407,1988607,2754559,4100095,5881855,312064,175243263,2348927.52,4185324.50,60610,10,10,10,0,0,0,0,0,0,2379775,3883007,4427775,2520992.00,200
1790618590,0,60810,0,284.71,199.92,1426431,1989631,2754559,4098047,5869567,312064,175243263,2349287.98,4178724.98,60810,10,10,10,0,0,0,0,0,0,2476031,3819519,4116479,2458525.44,200
1790618591,0,61010,0,284.32,200.05,1426431,1990655,2754559,4098047,5869567,312064,175243263,2349011.03,4172232.04,61010,10,10,10,0,0,0,0,0,0,2138111,3860479,4648959,2264802.56,200
1790618592,0,61210,0,283.93,200.02,1427455,1991679,2756607,4098047,5881855,312064,175243263,2349403.10,4166035.60,61210,10,10,10,0,0,0,0,0,0,2336767,3995647,7622655,2469003.52,200
1790618593,0,61410,0,283.54,199.83,1428479,1992703,2758655,4100095,5881855,312064,175243263,2350320.27,4159672.89,61410,10,10,10,0,0,0,0,0,0,2527231,4325375,4890623,2631022.08,200
1790618594,0,61610,0,283.15,200.11,1429503,1993727,2758655,4100095,5881855,312064,175243263,2350520.24,4153447.67,61610,10,10,10,0,0,0,0,0,0,2328575,3852287,7004159,2411921.92,200
1790618595,0,61810,0,282.77,199.91,1429503,1995775,2760703,4102143,5926911,312064,175243263,2351483.07,4147590.15,61810,10,10,10,0,0,0,0,0,0,2377727,5459967,8191999,2648080.64,200
1790618596,0,62010,0,282.40,200.14,1430527,1996799,2764799,4106239,5939199,312064,175243263,2353078.88,4141737.03,62010,10,10,10,0,0,0,0,0,0,2603007,5332991,7315455,2846264.32,200
1790618597,0,62210,0,282.02,199.92,1431551,1998847,2766847,4106239,5943295,312064,175243263,2354030.03,4135603.19,62210,10,10,10,0,0,0,0,0,0,2586623,4575231,6275071,2648935.68,200
1790618598,0,62410,0,281.65,199.94,1431551,1998847,2766847,4108287,5959679,312064,175243263,2354634.02,4130067.21,62410,10,10,10,0,0,0,0,0,0,2320383,5009407,10862591,2542504.96,200
1790618599,0,62610,0,281.28,199.97,1431551,1999871,2766847,4106239,5955583,312064,175243263,2354530.70,4123769.49,62610,10,10,10,0,0,0,0,0,0,2416639,3837951,4440063,2322288.64,200
1790618600,0,62810,0,280.92,200.11,1431551,2000895,2768895,4106239,5955583,312064,175243263,2354524.43,4117524.74,62810,10,10,10,0,0,0,0,0,0,2318335,3790847,4481023,2352561.92,200
1790618601,0,63010,0,280.56,199.94,1432575,2001919,2770943,4106239,5951487,312064,175243263,2354846.54,4111331.75,63010,10,10,10,0,0,0,0,0,0,2480127,3639295,4448255,2456006.40,200
1790618602,0,63210,0,280.20,200.06,1433599,2003967,2772991,4106239,5943295,312064,175243263,2355199.21,4105197.80,63210,10,10,10,0,0,0,0,0,0,2428927,4235263,5341183,2466305.28,200
1790618603,0,63410,0,279.85,200.00,1434623,2004991,2772991,4106239,5939199,312064,175243263,2355388.10,4099057.72,63410,10,10,10,0,0,0,0,0,0,2347007,3946495,4501503,2415087.36,200
1790618604,0,63610,0,279.50,200.01,1434623,2004991,2772991,4106239,5951487,312064,175243263,2355837.42,4094014.73,63610,10,10,10,0,0,0,0,0,0,2121727,4182015,9912319,2498296.32,200
1790618605,0,63810,0,279.15,199.89,1435647,2007039,2775039,4104191,5955583,312064,175243263,2356171.71,4088006.97,63810,10,10,10,0,0,0,0,0,0,2367487,3819519,7090175,2462490.88,200
1790618606,0,64010,0,278.81,199.99,1436671,2008063,2777087,4104191,5951487,312064,175243263,2356609.97,4081966.04,64010,10,10,10,0,0,0,0,0,0,2486271,4018175,4632575,2496437.76,200
1790618607,0,64210,0,278.47,200.10,1437695,2009087,2777087,4102143,5943295,312064,175243263,2356707.31,4075816.68,64210,10,10,10,0,0,0,0,0,0,2318335,3463167,4657151,2387859.20,200
1790618608,0,64410,0,278.13,200.00,1438719,2010111,2779135,4102143,5943295,312064,175243263,2357134.29,4069868.20,64410,10,10,10,0,0,0,0,0,0,2310143,3956735,6471679,2494218.24,200
1790618609,0,64610,0,277.79,199.93,1438719,2012159,2781183,4104191,5955583,312064,175243263,2358070.85,4064136.14,64610,10,10,10,0,0,0,0,0,0,2557951,4648959,6529023,2659688.96,200
1790618610,0,64810,0,277.46,200.05,1439743,2012159,2779135,4104191,5955583,312064,175243263,2357832.16,4058123.77,64810,10,10,10,0,0,0,0,0,0,2230271,3821567,4202495,2280723.20,200
1790618611,0,65010,0,277.13,200.09,1439743,2013183,2781183,4102143,5951487,312064,175243263,2357628.60,4052149.51,65010,10,10,10,0,0,0,0,0,0,2197503,3801087,4206591,2291664.64,200
1790618612,0,65210,0,276.80,199.93,1440767,2014207,2781183,4100095,5943295,312064,175243263,2357265.20,4046195.08,65210,10,10,10,0,0,0,0,0,0,2121727,3747839,4206591,2239142.40,200
1790618613,0,65410,0,276.48,200.06,1441791,2015231,2783231,4102143,5955583,312064,175243263,2358279.53,4040649.86,65410,10,10,10,0,0,0,0,0,0,2441215,4616191,8896511,2689003.52,200
1790618614,0,65610,0,276.15,199.99,1441791,2016255,2785279,4104191,5967871,312064,175243263,2359369.81,4035108.32,65610,10,10,10,0,0,0,0,0,0,2641919,4513791,6758399,2715944.96,200
1790618615,0,65810,0,275.83,199.89,1441791,2017279,2785279,4102143,5963775,312064,175243263,2358946.52,4029264.21,65810,10,10,10,0,0,0,0,0,0,2213887,3405823,4048895,2220085.76,200
1790618616,0,66010,0,275.52,200.10,1443839,2018303,2785279,4100095,5959679,312064,175243263,2358855.26,4023361.47,66010,10,10,10,0,0,0,0,0,0,2269183,3700735,4308991,2328826.88,200
1790618617,0,66775,0,277.55,765.04,1448959,2028543,2815999,4218879,7667711,312064,175243263,2423899.78,4097460.56,66775,10,10,10,0,0,0,0,0,0,6619135,19529727,32440319,8036433.65,765
1790618618,0,67775,0,280.54,999.59,1457151,2043903,2856959,4456447,12025855,312064,175243263,2535806.40,4244897.79,67775,10,10,10,0,0,0,0,0,0,8601599,23691263,28131327,10008371.46,1000
1790618619,0,68778,0,283.52,1003.01,1466367,2061311,2899967,4739071,13139967,312064,175243263,2606606.16,4292981.45,68778,10,10,10,0,0,0,0,0,0,6307839,17285119,23511039,7390707.24,1003
1790618620,0,69775,0,286.45,996.95,1474559,2076671,2940927,5099519,14180351,312064,175243263,2672320.11,4335109.38,69775,10,10,10,0,0,0,0,0,0,5615615,17825791,21512191,7205593.74,997
1790618621,0,70781,0,289.39,1005.79,1482751,2093055,2983935,5595135,14467071,312064,175243263,2730799.06,4356329.93,70781,10,10,10,0,0,0,0,0,0,6143999,13606911,18612223,6786832.03,1006
1790618622,0,71780,0,292.28,999.80,1490943,2109439,3022847,6057983,14663679,312064,175243263,2780102.78,4369753.20,71780,10,10,10,0,0,0,0,0,0,5189631,13721599,19365887,6273362.77,999
1790618623,0,72780,0,295.15,999.98,1499135,2123775,3061759,6623231,15613951,312064,175243263,2846214.79,4419723.57,72780,10,10,10,0,0,0,0,0,0,5754879,17809407,24068095,7591734.66,1000
1790618624,0,73780,0,298.00,999.55,1506303,2140159,3106815,7184383,15990783,312064,175243263,2905421.42,4448339.59,73780,10,10,10,0,0,0,0,0,0,6418431,16203775,22298623,7214479.74,1000
1790618625,0,74780,0,300.82,999.50,1515519,2158591,3151871,7692287,16154623,312064,175243263,2963704.55,4465799.72,74780,10,10,10,0,0,0,0,0,0,6574079,13959167,16941055,7263834.37,1000
1790618626,0,75777,0,303.61,997.82,1523711,2177023,3207167,8634367,19136511,312064,175243263,3181578.09,5203325.02,75777,10,10,10,0,0,0,0,0,0,12845055,57311231,70189055,19523186.01,997
1790618627,0,76780,0,306.40,1002.31,1531903,2193407,3254271,9232383,19988479,312064,175243263,3271848.56,5303922.64,76780,10,10,10,0,0,0,0,0,0,8380415,26509311,39616511,10091813.77,1003
1790618628,0,77782,0,309.17,1002.14,1538047,2207743,3301375,9396223,19841023,312064,175243263,3311490.34,5295881.39,77782,10,10,10,0,0,0,0,0,0,5722111,12845055,17629183,6349110.93,1002
1790618629,0,78780,0,311.89,997.78,1544191,2224127,3342335,9576447,19808255,312064,175243263,3352632.71,5292528.29,78780,10,10,10,0,0,0,0,0,0,6017023,14032895,18169855,6559181.98,998
1790618630,0,79779,0,314.60,999.35,1552383,2242559,3395583,9887743,19988479,312064,175243263,3411844.41,5309736.33,79779,10,10,10,0,0,0,0,0,0,6991871,16515071,21659647,8081211.71,999
1790618631,0,80780,0,317.30,1000.85,1559551,2260991,3446783,10207231,20103167,312064,175243263,3469694.74,5329067.73,80780,10,10,10,0,0,0,0,0,0,6991871,16236543,24854527,8080325.18,1001
1790618632,0,81778,0,319.96,998.63,1567743,2279423,3491839,10346495,20086783,312064,175243263,3508195.25,5323565.93,81778,10,10,10,0,0,0,0,0,0,5918719,13926399,17907711,6624499.43,998
1790618633,0,82780,0,322.62,1001.93,1574911,2293759,3534847,10567679,20086783,312064,175243263,3548620.13,5326890.07,82780,10,10,10,0,0,0,0,0,0,5664767,15499263,19513343,6847886.82,1002
1790618634,0,83780,0,325.25,999.91,1583103,2310143,3586047,10715135,20037631,312064,175243263,3589798.51,5326483.36,83780,10,10,10,0,0,0,0,0,0,6230015,15695871,18055167,6998545.15,1000
1790618635,0,84781,0,327.86,1000.57,1590271,2326527,3637247,10838015,20103167,312064,175243263,3627757.16,5327787.63,84781,10,10,10,0,0,0,0,0,0,5980159,15220735,24248319,6804755.95,1001
1790618636,0,85782,0,330.46,1001.63,1597439,2342911,3686399,10919935,20037631,312064,175243263,3658303.99,5319748.10,85782,10,10,10,0,0,0,0,0,0,5402623,13819903,18153471,6245507.71,1001
1790618637,0,86780,0,333.02,997.35,1604607,2361343,3735551,10977279,20021247,312064,175243263,3688189.34,5310405.59,86780,10,10,10,0,0,0,0,0,0,5648383,12492799,18792447,6256951.54,998
1790618638,0,87780,0,335.57,999.89,1611775,2377727,3782655,10993663,19955711,312064,175243263,3711977.53,5296892.49,87780,10,10,10,0,0,0,0,0,0,5132287,12369919,17170431,5776316.67,1000
1790618639,0,88780,0,338.10,1000.53,1619967,2398207,3839999,11116543,19939327,312064,175243263,3753250.68,5298265.86,88780,10,10,10,0,0,0,0,0,0,6602751,15114239,18857983,7376207.87,1000
1790618640,0,89780,0,340.61,1000.19,1628159,2416639,3889151,11141119,19857407,312064,175243263,3777744.61,5285472.98,89780,10,10,10,0,0,0,0,0,0,5165055,11730943,15040511,5952315.65,1000
1790618641,0,90785,0,343.12,1005.05,1634303,2430975,3932159,11231231,19890175,312064,175243263,3804118.67,5279764.30,90785,10,10,10,0,0,0,0,0,0,5144575,14229503,19955711,6160201.62,1005
1790618642,0,91782,0,345.58,996.74,1640447,2449407,3979263,11337727,20037631,312064,175243263,3836918.43,5284864.48,91782,10,10,10,0,0,0,0,0,0,5611519,17170431,25001983,6823604.51,997
1790618643,0,92780,0,348.03,998.24,1647615,2465791,4024319,11395071,20054015,312064,175243263,3859884.79,5277353.05,92780,10,10,10,0,0,0,0,0,0,5021695,14778367,22609919,5972007.25,998
1790618644,0,93787,0,350.49,1007.00,1653759,2480127,4073471,11378687,19972095,312064,175243263,3872819.47,5258375.81,93787,10,10,10,0,0,0,0,0,0,4550655,10199039,14696447,5064557.31,1007
1790618645,0,94779,0,352.88,991.40,1658879,2496511,4118527,11395071,19922943,312064,175243263,3891255.43,5245263.85,94779,10,10,10,0,0,0,0,0,0,4878335,11919359,16924671,5634252.65,992
1790618646,0,95780,0,355.29,1000.88,1663999,2512895,4163583,11411455,19808255,312064,175243263,3907988.29,5231571.18,95780,10,10,10,0,0,0,0,0,0,4714495,12386303,17121279,5492328.09,1001
1790618647,0,96780,0,357.67,1000.43,1670143,2525183,4202495,11460607,19988479,312064,175243263,3929853.24,5234169.44,96780,10,10,10,0,0,0,0,0,0,4628479,14147583,28311551,6024077.57,1000
1790618648,0,97781,0,360.04,1000.63,1677311,2543615,4268031,11517951,19955711,312064,175243263,3956678.16,5226585.51,97781,10,10,10,0,0,0,0,0,0,5849087,13418495,16736255,6550200.78,1001
1790618649,0,98779,0,362.38,998.31,1683455,2559999,4304895,11517951,19857407,312064,175243263,3971596.26,5212544.41,98779,10,10,10,0,0,0,0,0,0,4636671,11665407,15982591,5433225.75,998
1790618650,0,99785,0,364.73,1005.60,1690623,2576383,4341759,11526143,19808255,312064,175243263,3987017.34,5198317.61,99785,10,10,10,0,0,0,0,0,0,4550655,11706367,15106047,5501211.48,1006
1790618651,0,100779,0,367.02,994.19,1696767,2590719,4386815,11509759,19709951,312064,175243263,4003210.79,5184151.10,100779,10,10,10,0,0,0,0,0,0,5148671,10772479,15491071,5628828.33,994
1790618652,0,101784,0,369.34,1005.15,1702911,2605055,4431871,11517951,19628031,312064,175243263,4019043.73,5171149.99,101784,10,10,10,0,0,0,0,0,0,4898815,11608063,16957439,5606732.67,1005
1790618653,0,102780,0,371.60,995.79,1710079,2619391,4464639,11526143,19611647,312064,175243263,4032313.70,5158933.30,102780,10,10,10,0,0,0,0,0,0,4579327,12009471,17137663,5388408.29,996
1790618654,0,103782,0,373.87,1002.57,1717247,2635775,4513791,11558911,19562495,312064,175243263,4050830.91,5149700.06,103782,10,10,10,0,0,0,0,0,0,5136383,13254655,18235391,5950231.38,1002
1790618655,0,104780,0,376.11,997.81,1721343,2648063,4546559,11550719,19529727,312064,175243263,4060145.18,5136421.86,104780,10,10,10,0,0,0,0,0,0,4227071,11337727,17940479,5028735.74,998
1790618656,0,105782,0,378.35,1001.40,1726463,2660351,4583423,11534335,19480575,312064,175243263,4070666.62,5121731.63,105782,10,10,10,0,0,0,0,0,0,4378623,10969087,15818751,5170902.87,1002
1790618657,0,106783,0,380.57,1001.35,1730559,2672639,4612095,11517951,19415039,312064,175243263,4078129.87,5105837.20,106783,10,10,10,0,0,0,0,0,0,4222975,10297343,15171583,4866818.43,1001
1790618658,0,107780,0,382.76,996.99,1735679,2684927,4644863,11509759,19382271,312064,175243263,4086962.43,5091204.43,107780,10,10,10,0,0,0,0,0,0,4501503,10747903,14852095,5032968.22,997
1790618659,0,108784,0,384.96,1003.98,1741823,2699263,4681727,11501567,19349503,312064,175243263,4097093.81,5076345.74,108784,10,10,10,0,0,0,0,0,0,4607999,10141695,14802943,5184702.73,1004
1790618660,0,109779,0,387.11,995.41,1746943,2715647,4718591,11509759,19333119,312064,175243263,4109403.37,5066171.76,109779,10,10,10,0,0,0,0,0,0,4730879,12255231,17596415,5455215.92,995
1790618661,0,110785,0,389.29,1005.18,1751039,2723839,4739071,11485183,19283967,312064,175243263,4112858.61,5051075.33,110785,10,10,10,0,0,0,0,0,0,3741695,10477567,17088511,4489909.18,1006
1790618662,0,111782,0,391.41,997.48,1756159,2736127,4759551,11468799,19251199,312064,175243263,4118780.32,5035367.49,111782,10,10,10,0,0,0,0,0,0,4222975,9961471,13377535,4776791.30,997
1790618663,0,112780,0,393.53,998.21,1761279,2746367,4780031,11452415,19202047,312064,175243263,4123351.38,5019003.07,112780,10,10,10,0,0,0,0,0,0,4296703,9625599,13090815,4635337.88,998
1790618664,0,113784,0,395.65,1003.56,1766399,2758655,4812799,11468799,19185663,312064,175243263,4135834.42,5010956.80,113784,10,10,10,0,0,0,0,0,0,4575231,12967935,17383423,5538062.41,1004
1790618665,0,114785,0,397.75,1000.99,1770495,2772991,4849663,11493375,19185663,312064,175243263,4151533.27,5005604.89,114785,10,10,10,0,0,0,0,0,0,5058559,13107199,19546111,5936026.98,1001
1790618666,0,115784,0,399.83,999.74,1776639,2785279,4882431,11476991,19152895,312064,175243263,4160007.64,4992114.20,115784,10,10,10,0,0,0,0,0,0,4431871,10936319,15425535,5133711.25,999
1790618667,0,116780,0,401.88,995.81,1780735,2795519,4898815,11468799,19120127,312064,175243263,4164035.61,4977467.31,116780,10,10,10,0,0,0,0,0,0,4040703,9928703,14516223,4632283.89,996
1790618668,0,117782,0,403.94,1001.83,1785855,2805759,4919295,11460607,19087359,312064,175243263,4170366.10,4964765.19,117782,10,10,10,0,0,0,0,0,0,4194303,10428415,15310847,4908164.85,1002
1790618669,0,118781,0,405.97,998.48,1790975,2820095,4952063,11468799,19038207,312064,175243263,4182141.01,4954206.61,118781,10,10,10,0,0,0,0,0,0,4849663,11730943,14934015,5570400.86,999
1790618670,0,119773,0,407.97,992.13,1796095,2834431,4980735,11501567,19120127,312064,175243263,4198306.87,4953807.73,119773,10,10,10,0,0,0,0,0,0,4960255,14721023,23789567,6133989.68,992
1790618671,0,120773,0,409.98,1000.46,1802239,2848767,5013503,11501567,19120127,312064,175243263,4210637.42,4945558.97,120773,10,10,10,0,0,0,0,0,0,5005311,11296767,18759679,5687504.13,1000
1790618672,0,121777,0,411.99,1003.39,1807359,2861055,5042175,11501567,19120127,312064,175243263,4220821.79,4938296.67,121777,10,10,10,0,0,0,0,0,0,4452351,12263423,19136511,5445919.11,1004
1790618673,0,122780,0,413.98,1003.86,1812479,2873343,5074943,11509759,19120127,312064,175243263,4234204.06,4930025.13,122780,10,10,10,0,0,0,0,0,0,5054463,12197887,18710527,5858981.52,1003
1790618674,0,123773,0,415.92,992.61,1818623,2887679,5111807,11526143,19103743,312064,175243263,4249709.34,4925027.78,123773,10,10,10,0,0,0,0,0,0,5406719,14606335,19038207,6166868.56,993
1790618675,0,124780,0,417.90,1007.39,1823743,2904063,5152767,11575295,19120127,312064,175243263,4269147.50,4922867.37,124780,10,10,10,0,0,0,0,0,0,5877759,14417919,19431423,6658342.13,1007
1790618676,0,125780,0,419.85,999.30,1828863,2916351,5177343,11583487,19120127,312064,175243263,4280536.15,4917733.43,125780,10,10,10,0,0,0,0,0,0,4665343,13729791,21512191,5701611.52,1000
1790618677,0,126250,0,420.01,470.02,1830911,2920447,5185535,11575295,19120127,312064,175243263,4282365.44,4912069.15,126250,10,10,10,0,0,0,0,0,0,4069375,10600447,13762559,4771915.71,470
1790618678,0,126450,0,419.28,200.00,1829887,2918399,5177343,11575295,19103743,312064,175243263,4279251.16,4908948.15,126450,10,10,10,0,0,0,0,0,0,2265087,3809279,4435967,2313363.20,200
1790618679,0,126650,0,418.56,199.97,1828863,2916351,5173247,11558911,19103743,312064,175243263,4276648.94,4905994.94,126650,10,10,10,0,0,0,0,0,0,2344959,6143999,9977855,2631394.56,200
1790618680,0,126850,0,417.84,200.14,1828863,2916351,5169151,11558911,19103743,312064,175243263,4273646.61,4902823.79,126850,10,10,10,0,0,0,0,0,0,2498559,3500031,3846143,2372422.40,200
1790618681,0,127050,0,417.13,200.02,1828863,2912255,5165055,11558911,19087359,312064,175243263,4271535.80,4900735.43,127050,10,10,10,0,0,0,0,0,0,2324479,4182015,18268159,2932753.92,200
1790618682,0,127250,0,416.41,199.87,1828863,2912255,5160959,11542527,19087359,312064,175243263,4268852.30,4897570.89,127250,10,10,10,0,0,0,0,0,0,2559999,4431871,6115327,2564154.88,200
1790618683,0,127450,0,415.71,200.11,1827839,2910207,5152767,11542527,19070975,312064,175243263,4266191.87,4895168.66,127450,10,10,10,0,0,0,0,0,0,2275327,6156287,8683519,2573496.32,200
1790618684,0,127650,0,415.01,199.86,1827839,2908159,5148671,11542527,19070975,312064,175243263,4263974.90,4892626.14,127650,10,10,10,0,0,0,0,0,0,2316287,6119423,14213119,2851211.52,200
1790618685,0,127850,0,414.31,200.06,1826815,2906111,5144575,11534335,19054591,312064,175243263,4261073.72,4889503.74,127850,10,10,10,0,0,0,0,0,0,2381823,3897343,5128191,2409396.48,200
1790618686,0,128050,0,413.62,200.10,1826815,2904063,5136383,11526143,19054591,312064,175243263,4258460.51,4886369.36,128050,10,10,10,0,0,0,0,0,0,2492415,4222975,6021119,2587965.44,200
1790618687,0,128250,0,412.93,199.93,1826815,2906111,5132287,11517951,19038207,312064,175243263,4256567.93,4883020.39,128250,10,10,10,0,0,0,0,0,0,3063807,5513215,6361087,3044844.80,200
1790618688,0,128450,0,412.25,200.00,1826815,2904063,5128191,11517951,19038207,312064,175243263,4253702.98,4879956.29,128450,10,10,10,0,0,0,0,0,0,2152447,4149247,6139903,2416551.68,200
1790618689,0,128650,0,411.57,200.01,1826815,2902015,5119999,11509759,19021823,312064,175243263,4251059.73,4876778.08,128650,10,10,10,0,0,0,0,0,0,2387967,4132863,5525503,2553429.76,200
1790618690,0,128850,0,410.89,199.96,1825791,2899967,5115903,11509759,19005439,312064,175243263,4247856.33,4873780.27,128850,10,10,10,0,0,0,0,0,0,2134015,3559423,4081663,2187271.68,200
1790618691,0,129050,0,410.22,199.93,1825791,2897919,5111807,11501567,19005439,312064,175243263,4244646.33,4870791.81,129050,10,10,10,0,0,0,0,0,0,2057215,3618815,3891199,2176605.44,200
1790618692,0,129250,0,409.56,200.17,1824767,2895871,5103615,11493375,19005439,312064,175243263,4241664.89,4867744.56,129250,10,10,10,0,0,0,0,0,0,2310143,3813375,4481023,2317890.56,200
1790618693,0,129450,0,408.89,200.00,1823743,2893823,5099519,11485183,19005439,312064,175243263,4238678.05,4864762.08,129450,10,10,10,0,0,0,0,0,0,2115583,3899391,5308415,2308428.80,200
1790618694,0,129650,0,408.24,199.98,1822719,2891775,5095423,11476991,18989055,312064,175243263,4236030.73,4861863.19,129650,10,10,10,0,0,0,0,0,0,2029567,4710399,8331263,2522557.44,200
1790618695,0,129850,0,407.58,199.88,1822719,2891775,5087231,11476991,18972671,312064,175243263,4233399.23,4858733.80,129850,10,10,10,0,0,0,0,0,0,2508799,4104191,4689919,2527530.24,200
1790618696,0,130050,0,406.93,200.13,1821695,2887679,5083135,11468799,18972671,312064,175243263,4230664.64,4855811.79,130050,10,10,10,0,0,0,0,0,0,2172927,5529599,7438335,2455232.00,200
1790618697,0,130250,0,406.29,199.93,1821695,2887679,5079039,11460607,18956287,312064,175243263,4227782.83,4852773.32,130250,10,10,10,0,0,0,0,0,0,2181119,3706879,3983359,2353881.60,200
1790618698,0,130450,0,405.65,200.03,1821695,2885631,5070847,11460607,18956287,312064,175243263,4225051.12,4849714.55,130450,10,10,10,0,0,0,0,0,0,2402303,3895295,5906431,2446028.80,200
1790618699,0,130650,0,405.01,199.97,1821695,2883583,5066751,11452415,18939903,312064,175243263,4222263.83,4846643.08,130650,10,10,10,0,0,0,0,0,0,2373631,3663871,4235263,2404252.16,200
1790618700,0,130850,0,404.38,200.02,1821695,2881535,5058559,11444223,18923519,312064,175243263,4219233.70,4843651.55,130850,10,10,10,0,0,0,0,0,0,2179071,3586047,4018175,2239799.04,200
1790618701,0,131050,0,403.75,200.07,1821695,2879487,5054463,11436031,18923519,312064,175243263,4216719.65,4840637.38,131050,10,10,10,0,0,0,0,0,0,2508799,4276223,8536063,2571904.00,200
1790618702,0,131250,0,403.12,199.92,1821695,2879487,5050367,11427839,18907135,312064,175243263,4214422.78,4837583.31,131250,10,10,10,0,0,0,0,0,0,2525183,4040703,9322495,2709400.32,200
1790618703,0,131450,0,402.50,199.92,1821695,2877439,5042175,11419647,18890751,312064,175243263,4212046.80,4834776.73,131450,10,10,10,0,0,0,0,0,0,2414591,4341759,10567679,2652808.96,200
1790618704,0,131650,0,401.88,200.10,1821695,2877439,5038079,11419647,18874367,312064,175243263,4209355.76,4831733.28,131650,10,10,10,0,0,0,0,0,0,2428927,3846143,4186111,2440672.00,200
1790618705,0,131850,0,401.27,199.97,1821695,2875391,5029887,11411455,18874367,312064,175243263,4206668.35,4828726.11,131850,10,10,10,0,0,0,0,0,0,2271231,3899391,6516735,2437675.52,200
1790618706,0,132050,0,400.66,200.10,1820671,2873343,5025791,11411455,18874367,312064,175243263,4203866.03,4825789.21,132050,10,10,10,0,0,0,0,0,0,2326527,4050943,6729727,2356439.04,200
1790618707,0,132250,0,400.05,199.89,1820671,2871295,5017599,11403263,18857983,312064,175243263,4201092.51,4822798.33,132250,10,10,10,0,0,0,0,0,0,2306047,3788799,4907007,2369872.64,200
1790618708,0,132450,0,399.45,200.07,1820671,2869247,5013503,11395071,18857983,312064,175243263,4198675.98,4819976.85,132450,10,10,10,0,0,0,0,0,0,2322431,4374527,11337727,2600747.52,200
1790618709,0,132650,0,398.85,200.04,1820671,2867199,5005311,11386879,18857983,312064,175243263,4195804.71,4817005.04,132650,10,10,10,0,0,0,0,0,0,2189311,3719167,4329471,2294307.84,200
1790618710,0,132850,0,398.25,199.91,1819647,2865151,4997119,11386879,18857983,312064,175243263,4192972.32,4814109.11,132850,10,10,10,0,0,0,0,0,0,2285567,4243455,6356991,2314392.32,200
1790618711,0,133050,0,397.66,200.01,1819647,2865151,4993023,11378687,18841599,312064,175243263,4190919.08,4811127.12,133050,10,10,10,0,0,0,0,0,0,2510847,6623231,7479295,2827054.08,200
1790618712,0,133250,0,397.07,199.91,1819647,2863103,4988927,11378687,18825215,312064,175243263,4188143.66,4808366.04,133250,10,10,10,0,0,0,0,0,0,2094079,3651583,8830975,2341790.72,200
1790618713,0,133450,0,396.48,200.03,1818623,2861055,4984831,11370495,18825215,312064,175243263,4185772.42,4805453.31,133450,10,10,10,0,0,0,0,0,0,2365439,4902911,8478719,2605934.08,200
1790618714,0,133650,0,395.90,200.04,1818623,2859007,4980735,11362303,18808831,312064,175243263,4182778.75,4802580.75,133650,10,10,10,0,0,0,0,0,0,2028543,3612671,4198399,2185251.84,200
1790618715,0,133850,0,395.32,200.06,1817599,2856959,4972543,11354111,18808831,312064,175243263,4179937.51,4799723.67,133850,10,10,10,0,0,0,0,0,0,2191359,3719167,6823935,2281283.84,200
1790618716,0,134050,0,394.75,199.97,1817599,2856959,4968447,11345919,18808831,312064,175243263,4177804.90,4796745.69,134050,10,10,10,0,0,0,0,0,0,2555903,4853759,7290879,2750552.32,200
1790618717,0,134250,0,394.17,199.92,1817599,2854911,4964351,11337727,18792447,312064,175243263,4175257.33,4793793.58,134250,10,10,10,0,0,0,0,0,0,2459647,4481023,6422527,2467746.56,200
1790618718,0,134450,0,393.61,200.11,1817599,2854911,4960255,11329535,18792447,312064,175243263,4172766.72,4790855.85,134450,10,10,10,0,0,0,0,0,0,2320383,4255743,5562367,2500944.64,200
1790618719,0,134650,0,393.04,199.98,1817599,2852863,4956159,11321343,18776063,312064,175243263,4170535.40,4787846.34,134650,10,10,10,0,0,0,0,0,0,2584575,4014079,7041023,2670533.12,200
1790618720,0,134850,0,392.48,200.00,1817599,2850815,4952063,11313151,18776063,312064,175243263,4167708.26,4784947.30,134850,10,10,10,0,0,0,0,0,0,2326527,3592191,4130815,2264334.08,200
1790618721,0,135050,0,391.92,199.86,1817599,2850815,4943871,11304959,18776063,312064,175243263,4165569.76,4781954.37,135050,10,10,10,0,0,0,0,0,0,2545663,4628479,6631423,2723687.68,200
1790618722,0,135250,0,391.36,200.05,1817599,2848767,4939775,11296767,18776063,312064,175243263,4163132.78,4778954.67,135250,10,10,10,0,0,0,0,0,0,2424831,3864575,4192255,2517561.60,200
1790618723,0,135450,0,390.81,200.10,1817599,2846719,4935679,11296767,18776063,312064,175243263,4160726.43,4776032.12,135450,10,10,10,0,0,0,0,0,0,2478079,4550655,7507967,2533431.04,200
1790618724,0,135650,0,390.26,200.01,1817599,2846719,4931583,11288575,18759679,312064,175243263,4158708.39,4773154.11,135650,10,10,10,0,0,0,0,0,0,2689023,4710399,7974911,2791989.76,200
1790618725,0,135850,0,389.72,199.88,1816575,2844671,4923391,11280383,18759679,312064,175243263,4156049.49,4770277.72,135850,10,10,10,0,0,0,0,0,0,2338815,3997695,4780031,2352656.64,200
1790618726,0,136050,0,389.18,200.13,1817599,2844671,4919295,11272191,18743295,312064,175243263,4154008.58,4767342.64,136050,10,10,10,0,0,0,0,0,0,2527231,4706303,8732671,2767714.56,200
1790618727,0,136250,0,388.64,199.96,1816575,2842623,4915199,11272191,18743295,312064,175243263,4151685.97,4764521.76,136250,10,10,10,0,0,0,0,0,0,2424831,5668863,7458815,2571735.04,200
1790618728,0,136450,0,388.10,200.02,1816575,2842623,4911103,11263999,18743295,312064,175243263,4148981.06,4761658.63,136450,10,10,10,0,0,0,0,0,0,2314239,3649535,3821567,2306261.76,200
1790618729,0,136650,0,387.57,199.92,1816575,2840575,4907007,11255807,18743295,312064,175243263,4146615.00,4758754.12,136650,10,10,10,0,0,0,0,0,0,2502655,4337663,4841471,2532366.08,200
1790618730,0,136850,0,387.04,200.02,1815551,2838527,4898815,11255807,18726911,312064,175243263,4143888.56,4755929.08,136850,10,10,10,0,0,0,0,0,0,2162687,3647487,3905535,2281052.16,200
1790618731,0,137050,0,386.51,199.92,1815551,2836479,4894719,11247615,18710527,312064,175243263,4141409.76,4753390.88,137050,10,10,10,0,0,0,0,0,0,2183167,3751935,11911167,2445288.96,200
1790618732,0,137250,0,385.98,200.03,1814527,2834431,4890623,11247615,18710527,312064,175243263,4138733.31,4750587.45,137250,10,10,10,0,0,0,0,0,0,2095103,3713023,4567039,2304697.60,200
1790618733,0,137450,0,385.46,199.99,1814527,2834431,4882431,11239423,18677759,312064,175243263,4136015.37,4747796.46,137450,10,10,10,0,0,0,0,0,0,2211839,3987455,4444159,2270824.96,200
1790618734,0,137650,0,384.94,200.04,1814527,2832383,4878335,11231231,18677759,312064,175243263,4133699.16,4744884.78,137650,10,10,10,0,0,0,0,0,0,2506751,3964927,5984255,2541888.00,200
1790618735,0,137850,0,384.43,200.10,1813503,2830335,4874239,11231231,18677759,312064,175243263,4130917.60,4742100.25,137850,10,10,10,0,0,0,0,0,0,2209791,3620863,3833855,2216508.16,200
1790618736,0,138050,0,383.91,199.90,1813503,2828287,4870143,11223039,18661375,312064,175243263,4128017.23,4739358.57,138050,10,10,10,0,0,0,0,0,0,2187263,3407871,3579903,2128939.52,200
1790618737,0,139340,0,386.43,1289.90,1820671,2850815,4964351,11870207,23511039,312064,175243263,4412868.52,6162654.49,139340,10,10,10,0,0,0,0,0,0,26607615,97255423,109838335,34896372.09,1290
1790618738,0,141496,0,391.32,2156.20,1835007,2889727,5152767,13213695,37257215,312064,175243263,4912062.43,8414459.96,141496,10,10,10,0,0,0,0,0,0,23478271,113639423,142606335,37174436.81,2156
1790618739,0,143488,0,395.74,1992.05,1848319,2928639,5324799,14491647,39485439,312064,175243263,5122557.46,8637264.10,143488,10,10,10,0,0,0,0,0,0,17874943,41615359,52199423,20074467.98,1992
1790618740,0,145454,0,400.05,1965.90,1860607,2967551,5521407,16048127,43286527,312064,175243263,5367641.68,8962581.02,145454,10,10,10,0,0,0,0,0,0,20987903,50135039,69271551,23255049.90,1966
1790618741,0,147470,0,404.49,2016.02,1873919,3004415,5705727,17678335,49348607,312064,175243263,5668307.81,9583759.77,147470,10,10,10,0,0,0,0,0,0,20840447,74252287,90505215,27361309.21,2016
1790618742,0,149494,0,408.92,2025.42,1886207,3043327,5918719,19529727,56197119,312064,175243263,6002535.45,10294019.02,149494,10,10,10,0,0,0,0,0,0,22446079,78184447,98238463,30354586.06,2024
1790618743,0,151498,0,413.27,2003.70,1900543,3082239,6139903,21544959,56197119,312064,175243263,6244287.55,10523790.38,151498,10,10,10,0,0,0,0,0,0,22593535,44924927,56262655,24278463.11,2004
1790618744,0,153448,0,417.45,1949.84,1913855,3119103,6352895,23134207,57933823,312064,175243263,6498184.18,10851683.09,153448,10,10,10,0,0,0,0,0,0,21626879,58654719,81133567,26223738.75,1950
1790618745,0,155458,0,421.77,2010.48,1925119,3158015,6586367,24674303,58589183,312064,175243263,6722452.76,11050584.66,155458,10,10,10,0,0,0,0,0,0,21921791,48496639,61702143,23843629.85,2010
1790618746,0,157510,0,426.18,2051.31,1937407,3196927,6819839,26902527,67960831,312064,175243263,7186654.75,12339573.44,157510,10,10,10,0,0,0,0,0,0,28327935,106364927,127729663,42354253.60,2052
1790618747,0,159471,0,430.32,1960.23,1949695,3237887,7057407,28524543,67502079,312064,175243263,7387652.59,12460608.67,159471,10,10,10,0,0,0,0,0,0,23134207,43712511,53903359,23532053.41,1961
1790618748,0,161463,0,434.52,1991.90,1964031,3276799,7323647,30130175,68550655,312064,175243263,7658170.90,12742539.59,161463,10,10,10,0,0,0,0,0,0,26460159,61439999,79298559,29314709.33,1992
1790618749,0,163474,0,438.76,2012.65,1976319,3319807,7606271,31752191,70844415,312064,175243263,7964173.61,13187771.14,163474,10,10,10,0,0,0,0,0,0,25919487,79167487,98893823,32533102.50,2011
1790618750,0,165462,0,442.90,1986.90,1988607,3362815,7892991,32555007,70385663,312064,175243263,8142980.80,13274451.98,165462,10,10,10,0,0,0,0,0,0,20627455,46235647,57704447,22846364.72,1988
1790618751,0,167454,0,447.04,1992.14,2001919,3407871,8191999,33259519,70189055,312064,175243263,8317098.79,13363123.86,167454,10,10,10,0,0,0,0,0,0,19742719,47251455,58818559,22779905.03,1992
1790618752,0,169481,0,451.25,2027.11,2015231,3452927,8503295,34373631,71499775,312064,175243263,8574815.44,13652327.14,169481,10,10,10,0,0,0,0,0,0,25509887,68288511,89653247,29865236.59,2027
1790618753,0,171457,0,455.29,1976.69,2027519,3495935,8798207,35160063,73269247,312064,175243263,8813355.23,13978822.60,171457,10,10,10,0,0,0,0,0,0,21741567,82706431,99155967,29272850.91,1976
1790618754,0,173484,0,459.46,2026.12,2039807,3543039,9084927,35553279,73072639,312064,175243263,8958359.47,14036554.42,173484,10,10,10,0,0,0,0,0,0,18513919,48594943,65896447,21223772.07,2027
1790618755,0,175482,0,463.52,1998.78,2052095,3592191,9379839,35979263,73007103,312064,175243263,9116352.71,14107591.07,175482,10,10,10,0,0,0,0,0,0,20054015,49643519,62652415,22834720.67,1998
1790618756,0,177471,0,467.54,1988.14,2065407,3641343,9699327,37355519,78315519,312064,175243263,9473355.71,14901838.52,177471,10,10,10,0,0,0,0,0,0,25018367,112590847,134742015,40970389.30,1989
1790618757,0,179468,0,471.56,1996.97,2077695,3694591,10092543,38273023,78184447,312064,175243263,9691109.22,15037570.56,179468,10,10,10,0,0,0,0,0,0,27967487,54722559,64487423,29042602.88,1997
1790618758,0,181362,0,475.29,1894.74,2089983,3745791,10518527,39288831,78905343,312064,175243263,9928000.97,15300657.09,181362,10,10,10,0,0,0,0,0,0,26722303,75759615,116588543,32374932.68,1894
1790618759,0,183431,0,479.45,2068.35,2103295,3805183,11042815,42401791,93061119,312064,235536383,10739339.75,18105853.52,183431,10,10,10,0,0,0,0,0,0,58032127,185729023,208797695,81858733.22,2069
1790618760,0,185488,0,483.56,2057.33,2117631,3864575,11476991,42827775,92667903,312064,235536383,10896533.21,18125926.09,185488,10,10,10,0,0,0,0,0,0,22085631,53247999,65765375,24914108.92,2057
1790618761,0,187442,0,487.39,1954.47,2131967,3921919,11788287,43253759,93650943,312064,235536383,11058114.32,18280213.66,187442,10,10,10,0,0,0,0,0,0,17186815,88997887,110690303,26396577.67,1954
1790618762,0,189486,0,491.42,2042.73,2146303,3985407,12173311,44007423,93913087,312064,235536383,11249681.58,18404219.77,189486,10,10,10,0,0,0,0,0,0,22872063,71827455,95551487,28817074.10,2044
1790618763,0,191461,0,495.26,1974.53,2158591,4052991,12689407,45842431,93519871,312064,235536383,11556031.21,18625147.83,191461,10,10,10,0,0,0,0,0,0,42598399,65634303,75235327,40947912.13,1975
1790618764,0,193474,0,499.18,2013.89,2172927,4122623,13107199,46301183,93519871,312064,235536383,11737920.88,18698876.32,193474,10,10,10,0,0,0,0,0,0,25608191,59932671,90898431,29037860.50,2013
1790618765,0,195484,0,503.07,2010.39,2185215,4188159,13467647,46301183,93257727,312064,235536383,11862409.45,18689134.11,195484,10,10,10,0,0,0,0,0,0,22446079,46366719,59244543,23845146.87,2010
1790618766,0,197409,0,506.72,1925.26,2197503,4259839,13910015,46792703,93126655,312064,235536383,12039259.46,18759629.08,197409,10,10,10,0,0,0,0,0,0,26345471,64487423,87621631,29998400.76,1925
1790618767,0,199489,0,510.74,2078.46,2209791,4341759,14368767,47972351,95354879,312064,235536383,12308183.50,19094912.92,199489,10,10,10,0,0,0,0,0,0,28557311,103088127,132120575,37831272.86,2080
1790618768,0,201482,0,514.53,1993.86,2224127,4423679,14835711,48234495,95092735,312064,235536383,12468200.88,19117444.79,201482,10,10,10,0,0,0,0,0,0,27164671,54493183,66322431,28485114.09,1993
1790618769,0,203478,0,518.30,1995.42,2238463,4509695,15310847,48562175,94699519,312064,235536383,12648331.87,19172231.70,203478,10,10,10,0,0,0,0,0,0,29540351,58195967,80936959,30831273.30,1996
1790618770,0,205475,0,522.06,1997.04,2252799,4599807,15785983,48496639,94240767,312064,235536383,12765870.61,19149129.59,205475,10,10,10,0,0,0,0,0,0,24068095,45613055,52690943,24742108.49,1997
1790618771,0,207474,0,525.80,1999.94,2267135,4698111,16277503,48693247,93782015,312064,235536383,12929988.52,19176332.58,207474,10,10,10,0,0,0,0,0,0,27295743,55803903,69271551,29799487.01,1999
1790618772,0,209436,0,529.43,1962.44,2281471,4796415,16719871,49184767,93454335,312064,235536383,13119412.37,19264691.06,209436,10,10,10,0,0,0,0,0,0,29884415,68354047,85196799,33150260.45,1962
1790618773,0,211458,0,533.20,2020.90,2295807,4894719,17088511,49283071,93257727,312064,235536383,13254039.69,19273742.09,211458,10,10,10,0,0,0,0,0,0,25903103,55377919,65961983,27198553.89,2022
1790618774,0,213417,0,536.78,1959.95,2308095,4993023,17547263,50626559,98631679,312064,235536383,13622422.07,19910341.50,213417,10,10,10,0,0,0,0,0,0,37781503,127467519,147324927,53386281.82,1959
1790618775,0,215414,0,540.45,1995.35,2322431,5103615,17891327,50987007,98566143,312064,235536383,13757831.23,19948415.90,215414,10,10,10,0,0,0,0,0,0,23592959,71434239,94699519,28228846.44,1997
1790618776,0,217448,0,544.18,2034.54,2336767,5197823,18219007,52232191,99090431,312064,235536383,13995225.19,20190229.30,217448,10,10,10,0,0,0,0,0,0,34799615,91619327,110493695,39136809.28,2034
1790618777,0,219462,0,547.85,2014.71,2351103,5300223,18464767,52822015,99155967,312064,235536383,14142908.34,20289331.49,219462,10,10,10,0,0,0,0,0,0,21626879,81919999,105971711,30087995.74,2014
1790618778,0,221418,0,551.36,1954.80,2367487,5410815,18710527,52854783,98959359,312064,235536383,14228990.76,20271026.17,221418,10,10,10,0,0,0,0,0,0,20267007,55836671,77332479,23887385.39,1956
1790618779,0,223486,0,555.13,2068.83,2381823,5517311,19021823,53608447,99090431,312064,235536383,14425354.30,20444145.62,223486,10,10,10,0,0,0,0,0,0,27017215,86376447,103612415,35449736.67,2068
1790618780,0,225473,0,558.67,1986.86,2398207,5619711,19251199,53411839,98959359,312064,235536383,14495650.06,20394198.85,225473,10,10,10,0,0,0,0,0,0,21839871,41943039,50593791,22402101.34,1987
1790618781,0,227452,0,562.19,1980.11,2414591,5730303,19611647,53805055,98959359,312064,235536383,14654311.09,20467198.88,227452,10,10,10,0,0,0,0,0,0,27688959,76677119,103219199,32731005.61,1979
1790618782,0,229458,0,565.74,2004.49,2428927,5857279,19791871,53608447,98828287,312064,235536383,14704687.85,20405537.62,229458,10,10,10,0,0,0,0,0,0,19267583,38830079,51806207,20416698.96,2006
1790618783,0,231480,0,569.33,2022.22,2445311,5984255,20070399,53575679,98566143,312064,235536383,14793026.86,20376065.41,231480,10,10,10,0,0,0,0,0,0,23019519,48988159,69795839,24817800.74,2022
1790618784,0,233418,0,572.69,1939.25,2457599,6086655,20250623,53379071,98369535,312064,235536383,14844510.62,20323997.99,233418,10,10,10,0,0,0,0,0,0,20201471,41451519,50561023,20993870.99,1938
1790618785,0,235492,0,576.36,2073.90,2473983,6217727,20660223,53411839,98172927,312064,235536383,14993326.32,20337151.15,235492,10,10,10,0,0,0,0,0,0,30965759,55574527,69074943,31741765.86,2074
1790618786,0,237413,0,579.64,1920.41,2488319,6320127,20774911,53706751,97976319,312064,235536383,15074818.19,20356452.01,237413,10,10,10,0,0,0,0,0,0,18563071,72744959,89522175,25064762.37,1921
1790618787,0,239433,0,583.15,2019.72,2504703,6434815,21020671,53968895,97845247,312064,235536383,15185859.01,20385308.35,239433,10,10,10,0,0,0,0,0,0,23429119,74776575,95485951,28236618.27,2020
1790618788,0,241454,0,586.64,2021.96,2519039,6565887,21348351,55476223,101253119,312064,235536383,15486633.30,20916175.30,241454,10,10,10,0,0,0,0,0,0,33947647,131334143,159383551,51120127.30,2021
1790618789,0,243384,0,589.90,1929.53,2535423,6688767,21725183,56819711,105709567,312064,235536383,15817930.68,21521795.34,243384,10,10,10,0,0,0,0,0,0,39387135,147849215,167903231,57265121.23,1930
1790618790,0,245467,0,593.51,2083.51,2549759,6828031,22020095,57245695,106168319,312064,235536383,15989403.97,21631451.57,245467,10,10,10,0,0,0,0,0,0,29196287,89456639,128909311,36024859.78,2083
1790618791,0,247481,0,596.94,2013.41,2566143,6967295,22380543,57212927,105840639,312064,235536383,16120476.90,21626081.05,247481,10,10,10,0,0,0,0,0,0,31047679,56098815,67698687,32095690.11,2014
1790618792,0,249474,0,600.30,1992.22,2582527,7110655,22659071,57212927,105578495,312064,235536383,16241086.23,21619281.43,249474,10,10,10,0,0,0,0,0,0,29179903,55934975,72089599,31217762.65,1993
1790618793,0,251456,0,603.61,1982.29,2596863,7249919,22904831,57540607,105447423,312064,235536383,16370519.56,21654389.75,251456,10,10,10,0,0,0,0,0,0,27246591,71827455,84869119,32662271.23,1982
1790618794,0,253461,0,606.97,2006.28,2613247,7385087,23101439,57671679,105250815,312064,235536383,16464254.97,21649740.46,253461,10,10,10,0,0,0,0,0,0,25296895,62849023,81002495,28220030.91,2005
1790618795,0,255463,0,610.30,2000.33,2629631,7528447,23330815,57540607,104988671,312064,235536383,16560256.35,21624891.63,255463,10,10,10,0,0,0,0,0,0,27230207,51970047,67043327,28714405.21,2002
1790618796,0,257488,0,613.67,2025.20,2646015,7679999,23560191,57409535,104726527,312064,235536383,16655157.70,21592438.78,257488,10,10,10,0,0,0,0,0,0,27967487,48693247,58294271,28627396.08,2025
1790618797,0,258290,0,614.12,802.39,2650111,7725055,23609343,57343999,104660991,312064,235536383,16671674.51,21573876.34,258290,10,10,10,0,0,0,0,0,0,21594111,46268415,51019775,21974519.38,802
1790618798,0,258490,0,613.14,200.01,2648063,7704575,23592959,57311231,104595455,312064,235536383,16660555.22,21569243.29,258490,10,10,10,0,0,0,0,0,0,2195455,3731455,4134911,2300547.84,200
1790618799,0,258690,0,612.16,199.89,2646015,7688191,23576575,57311231,104595455,312064,235536383,16649507.46,21564575.51,258690,10,10,10,0,0,0,0,0,0,2263039,3817471,5390335,2370832.64,200
1790618800,0,258890,0,611.19,200.13,2643967,7671807,23560191,57278463,104595455,312064,235536383,16638640.94,21559805.23,258890,10,10,10,0,0,0,0,0,0,2578431,4280319,5959679,2583342.08,200
1790618801,0,259090,0,610.22,200.00,2641919,7655423,23560191,57278463,104595455,312064,235536383,16627784.21,21555046.61,259090,10,10,10,0,0,0,0,0,0,2416639,4894719,6516735,2574283.52,200
1790618802,0,259290,0,609.26,199.96,2639871,7639039,23543807,57245695,104529919,312064,235536383,16616835.15,21550347.21,259290,10,10,10,0,0,0,0,0,0,2390015,3768319,4192255,2432876.80,200
1790618803,0,259490,0,608.30,200.04,2637823,7622655,23527423,57212927,104529919,312064,235536383,16605962.90,21545617.22,259490,10,10,10,0,0,0,0,0,0,2500607,4147199,6508543,2510631.68,200
1790618804,0,259690,0,607.34,199.95,2633727,7606271,23527423,57180159,104464383,312064,235536383,16595040.66,21540931.66,259690,10,10,10,0,0,0,0,0,0,2244607,4399103,4808703,2423984.64,200
1790618805,0,259890,0,606.39,200.03,2631679,7593983,23511039,57180159,104464383,312064,235536383,16584166.54,21536218.34,259890,10,10,10,0,0,0,0,0,0,2406399,3655679,5148671,2464664.32,200
1790618806,0,260090,0,605.44,200.01,2629631,7577599,23494655,57147391,104398847,312064,235536383,16573322.91,21531498.96,260090,10,10,10,0,0,0,0,0,0,2529279,3930111,4726783,2482563.84,200
1790618807,0,260290,0,604.50,199.97,2627583,7557119,23478271,57147391,104333311,312064,235536383,16562438.18,21526818.90,260290,10,10,10,0,0,0,0,0,0,2412543,3680255,3969023,2407398.40,200
1790618808,0,260490,0,603.57,199.95,2625535,7544831,23461887,57114623,104333311,312064,235536383,16551476.68,21522201.62,260490,10,10,10,0,0,0,0,0,0,2314239,3639295,3987455,2285628.16,200
1790618809,0,260690,0,602.63,199.98,2623487,7528447,23445503,57114623,104333311,312064,235536383,16540669.69,21517494.34,260690,10,10,10,0,0,0,0,0,0,2385919,3909631,4435967,2465103.36,200
1790618810,0,260890,0,601.70,200.03,2619391,7512063,23429119,57081855,104333311,312064,235536383,16529692.84,21512911.50,260890,10,10,10,0,0,0,0,0,0,2129919,3766271,4243455,2221926.40,200
1790618811,0,261090,0,600.78,200.08,2617343,7495679,23412735,57081855,104267775,312064,235536383,16518721.07,21508332.52,261090,10,10,10,0,0,0,0,0,0,2197503,3489791,4112383,2206589.44,200
1790618812,0,261290,0,599.86,199.86,2615295,7483391,23412735,57049087,104202239,312064,235536383,16507961.50,21503635.60,261290,10,10,10,0,0,0,0,0,0,2299903,4284415,5394431,2461886.72,200
1790618813,0,261490,0,598.94,200.02,2613247,7467007,23379967,57016319,104136703,312064,235536383,16497226.94,21498932.23,261490,10,10,10,0,0,0,0,0,0,2334719,4022271,5804031,2473056.00,200
1790618814,0,261690,0,598.03,200.01,2609151,7450623,23379967,57016319,104136703,312064,235536383,16486500.72,21494251.93,261690,10,10,10,0,0,0,0,0,0,2226175,4841471,9142271,2462502.40,200
1790618815,0,261890,0,597.12,200.08,2607103,7434239,23363583,56983551,104136703,312064,235536383,16475683.23,21489622.31,261890,10,10,10,0,0,0,0,0,0,2303999,3739647,4833279,2321538.56,200
1790618816,0,262090,0,596.22,199.86,2605055,7421951,23347199,56950783,104071167,312064,235536383,16464978.38,21484929.86,262090,10,10,10,0,0,0,0,0,0,2441215,4093951,5361663,2447511.04,200
1790618817,0,262290,0,595.32,200.05,2603007,7405567,23330815,56950783,104071167,312064,235536383,16454163.84,21480319.86,262290,10,10,10,0,0,0,0,0,0,2179071,3891199,4755455,2282256.64,200
1790618818,0,262490,0,594.43,200.08,2600959,7389183,23314431,56918015,104071167,312064,235536383,16443480.96,21475642.51,262490,10,10,10,0,0,0,0,0,0,2197503,4890623,6279167,2433415.68,200
1790618819,0,262690,0,593.54,200.01,2598911,7372799,23298047,56918015,104071167,312064,235536383,16432806.48,21470960.61,262690,10,10,10,0,0,0,0,0,0,2459647,3790847,4192255,2423079.68,200
1790618820,0,262890,0,592.65,199.86,2596863,7356415,23281663,56885247,104005631,312064,235536383,16422072.45,21466331.56,262890,10,10,10,0,0,0,0,0,0,2320383,3672063,5300223,2323466.24,200
1790618821,0,263090,0,591.76,200.09,2594815,7344127,23265279,56885247,104005631,312064,235536383,16411565.28,21461574.30,263090,10,10,10,0,0,0,0,0,0,2521087,4169727,6537215,2600418.56,200
1790618822,0,263290,0,590.89,199.92,2592767,7327743,23265279,56852479,104005631,312064,235536383,16400964.12,21456898.45,263290,10,10,10,0,0,0,0,0,0,2211839,3803135,9166847,2455665.92,200
1790618823,0,263490,0,590.01,200.07,2590719,7315455,23248895,56819711,104005631,312064,235536383,16390411.45,21452186.29,263490,10,10,10,0,0,0,0,0,0,2568191,3987455,4481023,2498351.36,200
1790618824,0,263690,0,589.14,200.10,2588671,7303167,23232511,56786943,104005631,312064,235536383,16379810.04,21447524.06,263690,10,10,10,0,0,0,0,0,0,2293759,4341759,6246399,2412975.36,200
1790618825,0,263890,0,588.27,199.90,2586623,7286783,23216127,56786943,104005631,312064,235536383,16369350.30,21442788.83,263890,10,10,10,0,0,0,0,0,0,2523135,4698111,7327743,2578712.32,200
1790618826,0,264090,0,587.41,200.07,2584575,7270399,23199743,56754175,103874559,312064,235536383,16358769.67,21438128.60,264090,10,10,10,0,0,0,0,0,0,2252799,3766271,5406719,2398147.84,200
1790618827,0,264290,0,586.55,199.99,2582527,7258111,23183359,56721407,103874559,312064,235536383,16348191.69,21433479.50,264290,10,10,10,0,0,0,0,0,0,2318335,3977215,5365759,2380503.04,200
1790618828,0,264490,0,585.69,199.93,2580479,7241727,23183359,56688639,103809023,312064,235536383,16337567.02,21428874.13,264490,10,10,10,0,0,0,0,0,0,2238463,4038655,4988927,2297602.56,200
1790618829,0,264690,0,584.84,200.08,2578431,7225343,23150591,56655871,103809023,312064,235536383,16327066.60,21424196.78,264690,10,10,10,0,0,0,0,0,0,2222079,4110335,4812799,2440775.68,200
1790618830,0,264890,0,583.99,199.94,2576383,7208959,23150591,56655871,103809023,312064,235536383,16316463.44,21419601.99,264890,10,10,10,0,0,0,0,0,0,2164735,3991551,6512639,2283718.40,200
1790618831,0,265090,0,583.15,199.94,2574335,7196671,23134207,56655871,103743487,312064,235536383,16306089.28,21414870.80,265090,10,10,10,0,0,0,0,0,0,2420735,4202495,6230015,2566027.52,200
1790618832,0,265290,0,582.31,200.09,2572287,7180287,23101439,56623103,103743487,312064,235536383,16295605.77,21410214.72,265290,10,10,10,0,0,0,0,0,0,2369535,3872767,4976639,2400243.20,200
1790618833,0,265490,0,581.47,199.99,2570239,7163903,23085055,56623103,103743487,312064,235536383,16285224.65,21405505.06,265490,10,10,10,0,0,0,0,0,0,2449407,3909631,4841471,2515193.60,200
1790618834,0,265690,0,580.63,199.96,2570239,7147519,23068671,56590335,103743487,312064,235536383,16274975.49,21400725.62,265690,10,10,10,0,0,0,0,0,0,2516991,4341759,5955583,2669719.04,200
1790618835,0,265890,0,579.80,200.01,2568191,7135231,23052287,56590335,103743487,312064,235536383,16264661.27,21396005.25,265890,10,10,10,0,0,0,0,0,0,2453503,4612095,7438335,2562737.92,200
1790618836,0,266090,0,578.98,200.06,2566143,7122943,23035903,56557567,103677951,312064,235536383,16254333.39,21391301.16,266090,10,10,10,0,0,0,0,0,0,2324479,4878335,6103039,2523930.88,200
1790618837,0,266290,0,578.16,199.95,2564095,7106559,23035903,56557567,103677951,312064,235536383,16243984.91,21386612.59,266290,10,10,10,0,0,0,0,0,0,2404351,3794943,4313087,2475855.36,200
1790618838,0,266490,0,577.34,200.01,2564095,7094271,23003135,56524799,103612415,312064,235536383,16233799.10,21381837.30,266490,10,10,10,0,0,0,0,0,0,2545663,5074943,5595135,2671896.32,200
1790618839,0,266690,0,576.52,199.93,2562047,7077887,23003135,56492031,103612415,312064,235536383,16223567.00,21377098.77,266690,10,10,10,0,0,0,0,0,0,2476031,4182015,5455871,2589811.20,200
1790618840,0,266890,0,575.71,200.04,2559999,7065599,22986751,56459263,103612415,312064,235536383,16213276.38,21372407.16,266890,10,10,10,0,0,0,0,0,0,2461695,3901439,4272127,2491244.80,200
1790618841,0,267090,0,574.90,199.97,2557951,7049215,22970367,56459263,103546879,312064,235536383,16202872.37,21367796.94,267090,10,10,10,0,0,0,0,0,0,2318335,3649535,3842047,2319248.64,200
1790618842,0,267290,0,574.09,199.95,2555903,7032831,22953983,56426495,103546879,312064,235536383,16192394.63,21363247.19,267290,10,10,10,0,0,0,0,0,0,2095103,3803135,3952639,2199895.04,200
1790618843,0,267490,0,573.29,200.14,2553855,7020543,22937599,56393727,103546879,312064,235536383,16182151.73,21358558.58,267490,10,10,10,0,0,0,0,0,0,2607103,4153343,4714495,2493026.56,200
1790618844,0,267690,0,572.49,199.95,2551807,7004159,22921215,56360959,103481343,312064,235536383,16171829.33,21353936.18,267690,10,10,10,0,0,0,0,0,0,2226175,4073471,6090751,2366138.88,200
1790618845,0,267890,0,571.70,199.96,2549759,6991871,22904831,56328191,103481343,312064,235536383,16161435.07,21349363.31,267890,10,10,10,0,0,0,0,0,0,2230271,3737599,4042751,2249228.80,200
1790618846,0,268090,0,570.91,199.97,2547711,6979583,22888447,56328191,103415807,312064,235536383,16151255.98,21344664.75,268090,10,10,10,0,0,0,0,0,0,2451455,3915775,5181439,2516870.40,200
1790618847,0,268290,0,570.12,200.07,2547711,6963199,22872063,56295423,103415807,312064,235536383,16141244.35,21339870.99,268290,10,10,10,0,0,0,0,0,0,2867199,4255743,4513791,2721158.40,200
1790618848,0,268490,0,569.34,200.03,2545663,6946815,22872063,56295423,103415807,312064,235536383,16130995.00,21335238.03,268490,10,10,10,0,0,0,0,0,0,2396159,3989503,4722687,2382008.32,200
1790618849,0,268690,0,568.55,199.94,2543615,6934527,22855679,56262655,103415807,312064,235536383,16120879.27,21330532.88,268690,10,10,10,0,0,0,0,0,0,2506751,4063231,5894143,2541020.16,200
1790618850,0,268890,0,567.77,199.97,2543615,6922239,22839295,56262655,103415807,312064,235536383,16110639.88,21325913.84,268890,10,10,10,0,0,0,0,0,0,2375679,3747839,4175871,2354524.16,200
1790618851,0,269090,0,567.00,200.02,2541567,6905855,22806527,56262655,103350271,312064,235536383,16100429.05,21321288.26,269090,10,10,10,0,0,0,0,0,0,2314239,3885055,4423679,2372481.28,200
1790618852,0,269290,0,566.23,200.10,2539519,6893567,22806527,56229887,103284735,312064,235536383,16090610.29,21316423.99,269290,10,10,10,0,0,0,0,0,0,2932735,4122623,4870143,2879961.60,200
1790618853,0,269490,0,565.46,199.92,2537471,6877183,22790143,56229887,103284735,312064,235536383,16080385.80,21311830.29,269490,10,10,10,0,0,0,0,0,0,2195455,3995647,5275647,2313616.64,200
1790618854,0,269690,0,564.69,200.01,2537471,6864895,22773759,56197119,103284735,312064,235536383,16070127.68,21307269.48,269690,10,10,10,0,0,0,0,0,0,2168831,3698687,4243455,2247820.80,200
1790618855,0,269890,0,563.93,199.95,2535423,6848511,22757375,56164351,103284735,312064,235536383,16060039.35,21302611.34,269890,10,10,10,0,0,0,0,0,0,2467839,3743743,6746111,2456432.64,200
1790618856,0,270090,0,563.17,200.06,2533375,6836223,22740991,56131583,103284735,312064,235536383,16050021.79,21297924.12,270090,10,10,10,0,0,0,0,0,0,2502655,3887103,7233535,2531827.20,200
1790618857,0,272053,0,566.09,1962.68,2545663,6963199,23150591,58130431,104988671,312064,235536383,16385021.45,21741992.75,272053,10,10,10,0,0,0,0,0,0,61505535,117637119,148766719,62477766.36,1963
1790618858,0,274947,0,570.92,2894.89,2566143,7172095,23724031,60620799,107675647,312064,235536383,16903196.30,22473648.99,274947,10,10,10,0,0,0,0,0,0,58687487,134479871,177733631,65614676.04,2894
1790618859,0,277963,0,575.99,3015.08,2584575,7401471,24363007,63406079,115933183,312064,235536383,17547569.00,23609757.42,277963,10,10,10,0,0,0,0,0,0,63930367,155713535,177078271,76290387.52,3016
1790618860,0,280876,0,580.82,2911.87,2605055,7626751,24969215,67076095,133496831,312064,308019199,18509484.77,26451088.46,280876,10,10,10,0,0,0,0,0,0,106364927,241696767,279969791,110296987.11,2913
1790618861,0,283673,0,585.39,2797.02,2625535,7852031,25657343,70778879,153485311,312064,457441279,19708827.25,30961416.80,283673,10,10,10,0,0,0,0,0,0,82247679,361496575,409468927,140147338.94,2797
1790618862,0,286762,0,590.55,3089.35,2648063,8105983,26361855,75694079,190578687,312064,459538431,21229316.24,36205819.14,286762,10,10,10,0,0,0,0,0,0,142213119,355729407,399769599,160860806.42,3089
1790618863,0,290034,0,596.06,3272.83,2670591,8396799,27049983,80936959,220856319,312064,459538431,22432103.01,39332095.17,290034,10,10,10,0,0,0,0,0,0,88539135,330563583,363593727,127845777.21,3272
1790618864,0,293074,0,601.07,3041.05,2693119,8658943,27787263,83296255,220200959,312064,459538431,22888669.51,39485362.09,293074,10,10,10,0,0,0,0,0,0,64028671,121372671,142213119,66447816.76,3040
1790618865,0,295923,0,605.67,2847.90,2715647,8912895,28508159,86507519,219152383,312064,459538431,23432238.41,39838903.62,295923,10,10,10,0,0,0,0,0,0,73465855,145358847,182714367,79348669.15,2849
1790618866,0,299050,0,610.82,3128.73,2738175,9183231,29147135,90636287,221249535,312064,459538431,24127445.94,40790014.41,299050,10,10,10,0,0,0,0,0,0,62160895,211025919,241434623,89918267.27,3127
1790618867,0,302071,0,615.74,3020.65,2760703,9453567,29753343,90570751,220725247,312064,459538431,24380546.64,40721533.16,302071,10,10,10,0,0,0,0,0,0,46497791,89260031,109182975,49435086.34,3021
1790618868,0,304993,0,620.43,2921.42,2783231,9740287,30457855,92078079,220200959,312064,459538431,24785616.64,40916717.68,304993,10,10,10,0,0,0,0,0,0,57999359,157286399,199753727,66661009.79,2922
1790618869,0,308117,0,625.51,3122.89,2807807,10035199,31195135,95092735,220856319,312064,459538431,25354704.83,41443145.65,308117,10,10,10,0,0,0,0,0,0,65830911,192675839,232390655,80914216.32,3124
1790618870,0,311125,0,630.34,3007.35,2832383,10346495,31834111,95289343,220200959,312064,459538431,25625422.12,41408872.17,311125,10,10,10,0,0,0,0,0,0,50364415,98893823,116523007,53355674.55,3008
1790618871,0,313884,0,634.64,2759.15,2852863,10657791,32309247,95289343,219545599,312064,459538431,25812181.34,41350670.96,313884,10,10,10,0,0,0,0,0,0,41549823,98828287,153354239,46872515.87,2759
1790618872,0,317061,0,639.77,3179.81,2877439,10985471,33062911,98631679,221249535,312064,459538431,26454339.51,42054729.92,317061,10,10,10,0,0,0,0,0,0,73203711,214040575,245497855,89898839.11,3177
1790618873,0,319838,0,644.07,2775.13,2897919,11304959,33685503,102694911,223215615,312064,459538431,27081649.16,42851844.11,319838,10,10,10,0,0,0,0,0,0,67960831,217710591,241565695,98704056.28,2777
1790618874,0,322262,0,647.65,2424.91,2918399,11542527,34013183,106168319,243793919,312064,655884287,28262774.01,48145439.39,322262,10,10,10,0,0,0,0,0,0,58163199,570425343,627572735,184107910.76,2424
1790618875,0,325439,0,652.72,3175.96,2942975,11894783,34832383,113836031,314572799,312064,892338175,31743482.33,67249450.55,325439,10,10,10,0,0,0,0,0,0,495452159,810549247,861405183,384812422.33,3177
1790618876,0,328461,0,657.47,3023.78,2969599,12222463,35586047,121765887,401866751,312064,892338175,33680733.89,72385826.93,328461,10,10,10,0,0,0,0,0,0,224919551,528482303,568852479,242303239.62,3022
1790618877,0,330987,0,661.20,2526.25,2990079,12517375,36143103,127270911,476315647,312064,892338175,35380670.39,78155707.27,330987,10,10,10,0,0,0,0,0,0,64028671,695730175,767033343,256426926.11,2526
1790618878,0,334565,0,667.02,3576.15,3018751,12918783,37093375,141688831,593494015,312064,902299647,39438152.39,92937834.08,334565,10,10,10,0,0,0,0,0,0,509870079,829423615,870842367,414780185.90,3578
1790618879,0,337780,0,672.09,3216.38,3045375,13262847,38076415,147324927,590348287,312064,902299647,40201134.65,93374026.06,337780,10,10,10,0,0,0,0,0,0,73334783,363069439,460587007,119599939.76,3215
1790618880,0,340808,0,676.76,3027.78,3069951,13590527,39059455,157679615,589823999,312064,902299647,41316943.81,94235314.41,340808,10,10,10,0,0,0,0,0,0,127074303,359661567,399245311,165787887.43,3028
1790618881,0,343642,0,681.04,2833.12,3092479,13893631,39747583,168951807,586153983,312064,902299647,42379248.19,95418558.86,343642,10,10,10,0,0,0,0,0,0,80543743,397672447,449314815,170128659.87,2834
1790618882,0,346627,0,685.59,2983.49,3119103,14221311,40370175,184025087,584581119,312064,902299647,43927479.50,98053891.14,346627,10,10,10,0,0,0,0,0,0,249036799,493879295,529793023,222164432.14,2985
1790618883,0,349760,0,690.43,3133.85,3145727,14589951,41254911,203030527,584581119,312064,902299647,45573050.35,100607264.14,349760,10,10,10,0,0,0,0,0,0,244973567,515899391,598736895,227634744.05,3133
1790618884,0,353017,0,695.48,3258.02,3172351,14958591,42139647,203948031,581435391,312064,902299647,46070493.51,100490935.63,353017,10,10,10,0,0,0,0,0,0,78643199,233439231,365166591,99489504.64,3257
1790618885,0,355881,0,699.75,2864.53,3196927,15245311,42696703,203685887,580386815,312064,902299647,46370268.35,100282693.25,355881,10,10,10,0,0,0,0,0,0,68091903,196214783,249823231,83320552.94,2864
1790618886,0,359019,0,704.53,3136.65,3223551,15556607,43057151,205389823,578813951,312064,902299647,46678014.15,100149554.39,359019,10,10,10,0,0,0,0,0,0,44662783,233701375,265814015,81579506.46,3138
1790618887,0,362050,0,709.09,3032.87,3250175,15892479,43745279,203948031,576192511,312064,902299647,46820732.97,99769574.63,362050,10,10,10,0,0,0,0,0,0,63635455,108265471,127598591,63725638.95,3031
1790618888,0,365121,0,713.70,3069.15,3274751,16211967,44105727,202113023,574619647,312064,902299647,46875678.60,99391874.86,365121,10,10,10,0,0,0,0,0,0,47087615,114491391,156106751,53353394.31,3071
1790618889,0,367906,0,717.75,2786.18,3301375,16515071,44662783,205914111,571473919,312064,902299647,47325300.66,99401031.56,367906,10,10,10,0,0,0,0,0,0,63963135,255066111,280494079,106271963.51,2785
1790618890,0,370927,0,722.23,3020.90,3327999,16826367,45383679,207749119,570425343,312064,902299647,47817967.84,99351896.48,370927,10,10,10,0,0,0,0,0,0,95617023,223215615,247595007,107816382.41,3021
1790618891,0,373893,0,726.59,2965.55,3356671,17154047,45940735,210894847,569376767,312064,902299647,48374856.06,99408544.08,373893,10,10,10,0,0,0,0,0,0,119144447,247070719,276561919,118019116.19,2966
1790618892,0,376987,0,731.18,3092.93,3385343,17481727,46759935,210108415,567279615,312064,902299647,48688815.19,99139660.72,376987,10,10,10,0,0,0,0,0,0,81068031,174850047,212074495,86629061.59,3094
1790618893,0,380032,0,735.66,3045.52,3416063,17825791,47415295,209321983,565706751,312064,902299647,48957566.78,98895487.33,380032,10,10,10,0,0,0,0,0,0,66420735,187564031,224133119,82230426.02,3045
1790618894,0,383147,0,740.26,3113.67,3444735,18137087,47906815,207749119,563609599,312064,902299647,49021940.74,98536771.99,383147,10,10,10,0,0,0,0,0,0,50135039,119341055,156237823,56875604.65,3115
1790618895,0,386077,0,744.48,2930.26,3473407,18448383,48398335,206176255,560463871,312064,902299647,49066476.70,98180538.15,386077,10,10,10,0,0,0,0,0,0,51150847,95617023,115474431,54890305.88,2930
1790618896,0,389124,0,748.91,3047.78,3506175,18759679,48594943,204734463,559415295,312064,902299647,49033643.94,97815043.85,389124,10,10,10,0,0,0,0,0,0,41222143,86573055,114491391,44873495.44,3047
1790618897,0,392000,0,753.00,2876.00,3534847,19005439,49020927,203816959,558366719,312064,902299647,49133432.12,97516861.35,392000,10,10,10,0,0,0,0,0,0,59146239,130678783,151388159,62634814.13,2876
1790618898,0,394937,0,757.19,2937.39,3565567,19283967,49315839,202768383,556269567,312064,902299647,49214491.85,97226890.79,394937,10,10,10,0,0,0,0,0,0,47415295,144834559,175112191,60033496.60,2937
1790618899,0,398023,0,761.64,3086.73,3600383,19644415,49840127,201981951,555220991,312064,902299647,49365955.11,96935295.60,398023,10,10,10,0,0,0,0,0,0,59211775,172752895,219938815,68749766.59,3086
1790618900,0,400856,0,765.60,2831.08,3631103,19955711,50233343,201457663,553648127,312064,902299647,49502388.17,96696703.71,400856,10,10,10,0,0,0,0,0,0,52330495,185991167,238682111,68670582.92,2833
1790618901,0,403810,0,769.77,2956.56,3667967,20250623,50659327,210763775,550502399,312064,902299647,50281542.22,97407025.97,403810,10,10,10,0,0,0,0,0,0,66158591,361234431,388759551,156012272.92,2954
1790618902,0,407074,0,774.52,3263.49,3706879,20561919,51216383,214695935,549453823,312064,902299647,50796560.38,97535981.46,407074,10,10,10,0,0,0,0,0,0,70189055,281280511,319815679,114512700.71,3264
1790618903,0,410107,0,778.80,3030.75,3741695,20807679,51511295,213647359,547880959,312064,902299647,50850555.30,97229404.40,410107,10,10,10,0,0,0,0,0,0,47677439,128581631,146538495,58097482.19,3033
1790618904,0,413130,0,783.06,3023.93,3780607,20987903,51511295,212729855,546308095,312064,902299647,50760017.55,96896093.90,413130,10,10,10,0,0,0,0,0,0,33914879,80543743,95944703,38477461.21,3023
1790618905,0,416163,0,787.31,3033.51,3815423,21282815,51838975,211419135,545259519,312064,902299647,50795126.64,96573807.52,416163,10,10,10,0,0,0,0,0,0,53018623,110624767,124977151,55577395.40,3033
1790618906,0,418897,0,790.99,2733.61,3852287,21594111,52428799,211025919,543686655,312064,902299647,51061207.78,96421601.12,418897,10,10,10,0,0,0,0,0,0,71827455,200409087,229900287,91563448.46,2734
1790618907,0,421561,0,794.52,2664.01,3887103,21872639,52887551,216662015,540540927,312064,902299647,51742089.69,97166204.00,421561,10,10,10,0,0,0,0,0,0,76152831,429391871,490733567,158806424.22,2664
1790618908,0,424602,0,798.75,3041.58,3930111,22167551,53411839,228589567,545259519,312064,902299647,53058382.83,99424629.39,424602,10,10,10,0,0,0,0,0,0,250740735,525598719,560988159,235530547.10,3041
1790618909,0,427591,0,802.86,2989.46,3973119,22462463,53936127,240254975,549453823,312064,902299647,54351365.73,101709488.67,427591,10,10,10,0,0,0,0,0,0,232521727,553123839,624427007,238025881.14,2989
1790618910,0,430969,0,807.69,3376.93,4020223,22740991,54525951,247988223,549453823,312064,902299647,55228276.54,102508939.99,430969,10,10,10,0,0,0,0,0,0,145620991,423624703,519569407,166228623.08,3378
1790618911,0,434061,0,811.96,3092.80,4071423,23035903,55050239,246808575,547880959,312064,902299647,55516376.79,102351294.87,434061,10,10,10,0,0,0,0,0,0,68419583,220200959,253624319,95672352.46,3092
1790618912,0,436911,0,815.76,2849.68,4116479,23265279,55443455,245235711,546832383,312064,902299647,55677588.21,102140001.22,436911,10,10,10,0,0,0,0,0,0,55476223,190447615,220725247,80230427.31,2850
1790618913,0,440003,0,820.00,3090.61,4165631,23543807,55869439,244973567,545783807,312064,902299647,56068661.55,102100546.67,440003,10,10,10,0,0,0,0,0,0,104202239,241303551,267649023,111328766.01,3092
1790618914,0,443082,0,824.21,3079.41,4214783,23789567,56164351,243531775,544735231,312064,902299647,56087153.86,101781610.33,443082,10,10,10,0,0,0,0,0,0,50659327,124059647,156893183,58729788.61,3079
1790618915,0,445920,0,827.95,2838.61,4263935,23986175,56590335,242352127,543162367,312064,902299647,56210469.33,101555869.49,445920,10,10,10,0,0,0,0,0,0,62816255,179699711,220856319,75463064.45,2838
1790618916,0,448888,0,831.91,2968.66,4317183,24231935,57016319,243662847,540540927,312064,902299647,56634342.39,101619609.71,448888,10,10,10,0,0,0,0,0,0,76808191,265682943,299630591,120318127.44,2968
1790618917,0,450300,0,832.99,1412.23,4333567,24346623,57212927,244318207,540016639,312064,902299647,56829958.17,101650445.07,450300,10,10,10,0,0,0,0,0,0,114687999,266338303,295960575,119018044.46,1412
1790618918,0,450500,0,831.82,199.97,4325375,24313855,57212927,244318207,540016639,312064,902299647,56805674.23,101634412.00,450500,10,10,10,0,0,0,0,0,0,2039807,3557375,4100095,2130370.56,200
1790618919,0,450700,0,830.65,199.92,4313087,24297471,57180159,244318207,540016639,312064,902299647,56781473.58,101618351.95,450700,10,10,10,0,0,0,0,0,0,2283519,3532799,4044799,2269519.36,200
1790618920,0,450900,0,829.49,200.05,4304895,24281087,57147391,244187135,540016639,312064,902299647,56757473.54,101602206.32,450900,10,10,10,0,0,0,0,0,0,2344959,6823935,7553023,2673376.00,200
1790618921,0,451100,0,828.34,199.98,4292607,24248319,57147391,244056063,540016639,312064,902299647,56733345.73,101586142.00,451100,10,10,10,0,0,0,0,0,0,2275327,3618815,3878911,2337210.88,200
1790618922,0,451300,0,827.19,200.09,4284415,24231935,57114623,244056063,540016639,312064,902299647,56709260.09,101570073.33,451300,10,10,10,0,0,0,0,0,0,2287615,3880959,4231167,2384078.08,200
1790618923,0,451500,0,826.04,200.02,4272127,24215551,57081855,243924991,539492351,312064,902299647,56685200.59,101554007.64,451500,10,10,10,0,0,0,0,0,0,2306047,3792895,4077567,2394945.28,200
1790618924,0,451700,0,824.89,199.99,4263935,24199167,57081855,243793919,539492351,312064,902299647,56661311.53,101537875.28,451700,10,10,10,0,0,0,0,0,0,2332671,6610943,11395071,2731755.52,200
1790618925,0,451900,0,823.75,199.85,4255743,24166399,57049087,243793919,539492351,312064,902299647,56637301.84,101521818.09,451900,10,10,10,0,0,0,0,0,0,2367487,3964927,4636671,2411422.72,200
1790618926,0,452100,0,822.62,200.04,4243455,24133631,57016319,243662847,539492351,312064,902299647,56613331.34,101505757.92,452100,10,10,10,0,0,0,0,0,0,2281471,4530175,5206015,2451985.92,200
1790618927,0,452300,0,821.49,199.99,4235263,24117247,56983551,243531775,539492351,312064,902299647,56589371.04,101489708.57,452300,10,10,10,0,0,0,0,0,0,2512895,3645439,4440063,2427118.08,200
1790618928,0,452500,0,820.36,199.96,4222975,24100863,56950783,243531775,539492351,312064,902299647,56565487.11,101473636.67,452500,10,10,10,0,0,0,0,0,0,2430975,4198399,4558847,2551980.80,200
1790618929,0,452700,0,819.24,200.08,4214783,24068095,56918015,243531775,539492351,312064,902299647,56541468.38,101457653.16,452700,10,10,10,0,0,0,0,0,0,2166783,3598335,4110335,2199075.84,200
1790618930,0,452900,0,818.12,200.02,4202495,24051711,56918015,243400703,539492351,312064,902299647,56517554.86,101441631.67,452900,10,10,10,0,0,0,0,0,0,2340863,3938303,6074367,2389309.44,200
1790618931,0,453100,0,817.01,200.06,4192255,24035327,56885247,243269631,539492351,312064,902299647,56493656.86,101425618.50,453100,10,10,10,0,0,0,0,0,0,2404351,3672063,3938303,2376646.40,200
1790618932,0,453300,0,815.90,199.87,4184063,24002559,56885247,243138559,539492351,312064,902299647,56469828.44,101409586.64,453300,10,10,10,0,0,0,0,0,0,2344959,3958783,5554175,2486538.88,200
1790618933,0,453500,0,814.79,200.06,4175871,23986175,56819711,243007487,539492351,312064,902299647,56446024.28,101393559.03,453500,10,10,10,0,0,0,0,0,0,2269183,4030463,5918719,2493898.24,200
1790618934,0,453700,0,813.69,200.01,4165631,23953407,56819711,243007487,539492351,312064,902299647,56422255.50,101377528.29,453700,10,10,10,0,0,0,0,0,0,2598911,3723263,5066751,2526549.76,200
1790618935,0,453900,0,812.59,199.99,4157439,23937023,56786943,242876415,539492351,312064,902299647,56398483.09,101361516.86,453900,10,10,10,0,0,0,0,0,0,2430975,4114431,4583423,2470766.08,200
1790618936,0,454100,0,811.49,199.93,4149247,23920639,56754175,242745343,539492351,312064,902299647,56374850.73,101345449.39,454100,10,10,10,0,0,0,0,0,0,2779135,4571135,6545407,2741210.88,200
1790618937,0,454300,0,810.40,200.00,4141055,23904255,56721407,242745343,539492351,312064,902299647,56351212.55,101329404.29,454300,10,10,10,0,0,0,0,0,0,2422783,4147199,8384511,2680709.12,200
1790618938,0,454500,0,809.32,200.06,4130815,23887871,56721407,242614271,539492351,312064,902299647,56327482.73,101313421.21,454500,10,10,10,0,0,0,0,0,0,2437119,3637247,4003839,2425209.60,200
1790618939,0,454700,0,808.23,200.07,4122623,23871487,56688639,242614271,539492351,312064,902299647,56303797.17,101297432.46,454700,10,10,10,0,0,0,0,0,0,2553855,3981311,4747263,2478357.76,200
1790618940,0,454900,0,807.15,199.83,4114431,23838719,56655871,242614271,539492351,312064,902299647,56280096.31,101281468.43,454900,10,10,10,0,0,0,0,0,0,2308095,3758079,4321279,2396192.00,200
1790618941,0,455100,0,806.08,200.04,4106239,23822335,56655871,242483199,539492351,312064,902299647,56256379.40,101265530.68,455100,10,10,10,0,0,0,0,0,0,2357247,3762175,4628479,2312258.56,200
1790618942,0,455300,0,805.01,199.98,4095999,23805951,56623103,242483199,539492351,312064,902299647,56232757.68,101249559.08,455300,10,10,10,0,0,0,0,0,0,2424831,3751935,4505599,2481541.12,200
1790618943,0,455500,0,803.94,200.02,4087807,23789567,56590335,242352127,539492351,312064,902299647,56209018.78,101233666.75,455500,10,10,10,0,0,0,0,0,0,1988607,3858431,4218879,2167420.16,200
1790618944,0,455700,0,802.88,200.12,4079615,23773183,56590335,242352127,539492351,312064,902299647,56185399.26,101217729.21,455700,10,10,10,0,0,0,0,0,0,2222079,3815423,7884799,2391947.52,200
1790618945,0,455900,0,801.82,200.00,4071423,23740415,56557567,242221055,539492351,312064,902299647,56161713.32,101201842.82,455900,10,10,10,0,0,0,0,0,0,1990655,3919871,4980735,2193286.40,200
1790618946,0,456100,0,800.76,199.90,4061183,23724031,56557567,242221055,539492351,312064,902299647,56138049.47,101185961.83,456100,10,10,10,0,0,0,0,0,0,2029567,3807231,4407295,2196312.32,200
1790618947,0,456300,0,799.70,199.98,4050943,23707647,56524799,242221055,539492351,312064,902299647,56114438.95,101170069.22,456300,10,10,10,0,0,0,0,0,0,2203647,4075519,4636671,2270634.24,200
1790618948,0,456500,0,798.66,200.14,4042751,23691263,56492031,241958911,538968063,312064,902299647,56090855.14,101154178.97,456500,10,10,10,0,0,0,0,0,0,2209791,3823615,4259839,2284395.52,200
1790618949,0,456700,0,797.61,199.97,4034559,23674879,56459263,241958911,538968063,312064,902299647,56067298.34,101138291.14,456700,10,10,10,0,0,0,0,0,0,2240511,3491839,4517887,2298905.60,200
1790618950,0,456900,0,796.57,199.94,4024319,23642111,56459263,241696767,538968063,312064,902299647,56043904.50,101122335.15,456900,10,10,10,0,0,0,0,0,0,2600959,4583423,6156287,2624081.92,200
1790618951,0,457100,0,795.53,199.93,4016127,23625727,56426495,241696767,538968063,312064,902299647,56020344.98,101106482.57,457100,10,10,10,0,0,0,0,0,0,2069503,3618815,4378623,2198618.88,200
1790618952,0,457300,0,794.50,200.06,4007935,23592959,56393727,241696767,538968063,312064,902299647,55996987.56,101090543.38,457300,10,10,10,0,0,0,0,0,0,2357247,4931583,8691711,2613601.28,200
1790618953,0,457500,0,793.46,199.93,4001791,23592959,56360959,241565695,538968063,312064,902299647,55973634.46,101074616.78,457500,10,10,10,0,0,0,0,0,0,2471935,4427775,6631423,2576760.32,200
1790618954,0,457700,0,792.44,200.18,3991551,23560191,56360959,241434623,538443775,312064,902299647,55950220.22,101058738.26,457700,10,10,10,0,0,0,0,0,0,2244607,4007935,4743167,2390154.24,200
1790618955,0,457900,0,791.41,199.94,3985407,23543807,56328191,241303551,538443775,312064,902299647,55926832.49,101042861.63,457900,10,10,10,0,0,0,0,0,0,2445311,3573759,4341759,2404015.36,200
1790618956,0,458100,0,790.39,200.06,3977215,23527423,56295423,241172479,538443775,312064,902299647,55903502.06,101026972.35,458100,10,10,10,0,0,0,0,0,0,2406399,4280319,5214207,2488483.84,200
1790618957,0,458300,0,789.38,199.86,3971071,23511039,56262655,241172479,537919487,312064,902299647,55880194.62,101011087.37,458300,10,10,10,0,0,0,0,0,0,2496511,4020223,4632575,2494498.56,200
1790618958,0,458500,0,788.36,199.95,3962879,23494655,56262655,241041407,537919487,312064,902299647,55856830.38,100995249.56,458500,10,10,10,0,0,0,0,0,0,2410495,4005887,4509695,2317680.64,200
1790618959,0,458700,0,787.35,200.08,3956735,23478271,56229887,241041407,537919487,312064,902299647,55833568.05,100979374.64,458700,10,10,10,0,0,0,0,0,0,2461695,4034559,5591039,2504678.40,200
1790618960,0,458900,0,786.35,200.06,3948543,23445503,56229887,241041407,537919487,312064,902299647,55810269.33,100963534.92,458900,10,10,10,0,0,0,0,0,0,2267135,3987455,4337663,2374649.60,200
1790618961,0,459100,0,785.34,199.98,3940351,23429119,56197119,240910335,537919487,312064,902299647,55787063.61,100947665.98,459100,10,10,10,0,0,0,0,0,0,2230271,6160383,8339455,2541547.52,200
1790618962,0,459300,0,784.34,199.97,3932159,23412735,56164351,240910335,537919487,312064,902299647,55763750.87,100931867.21,459300,10,10,10,0,0,0,0,0,0,2172927,3751935,4829183,2249347.84,200
1790618963,0,459500,0,783.35,199.94,3926015,23379967,56131583,240910335,537919487,312064,902299647,55740468.69,100916069.32,459500,10,10,10,0,0,0,0,0,0,2336767,3883007,5119999,2272929.28,200
1790618964,0,459700,0,782.35,200.08,3917823,23363583,56098815,240779263,537919487,312064,902299647,55717320.74,100900217.12,459700,10,10,10,0,0,0,0,0,0,2648063,3981311,4726783,2534927.36,200
1790618965,0,459900,0,781.37,200.04,3911679,23347199,56066047,240779263,537395199,312064,902299647,55694068.04,100884436.81,459900,10,10,10,0,0,0,0,0,0,2031615,3665919,5459967,2247717.12,200
1790618966,0,460100,0,780.38,199.87,3903487,23314431,56066047,240648191,537395199,312064,902299647,55670983.98,100868585.17,460100,10,10,10,0,0,0,0,0,0,2314239,4558847,7598079,2589195.52,200
1790618967,0,460300,0,779.40,200.06,3895295,23298047,56033279,240648191,537395199,312064,902299647,55647806.09,100852799.28,460300,10,10,10,0,0,0,0,0,0,2291711,3530751,5025791,2327061.76,200
1790618968,0,460500,0,778.42,200.05,3889151,23281663,56000511,240517119,537395199,312064,902299647,55624761.23,100836960.34,460500,10,10,10,0,0,0,0,0,0,2426879,4734975,7327743,2587015.68,200
1790618969,0,460700,0,777.44,199.92,3883007,23265279,55967743,240517119,537395199,312064,902299647,55601720.32,100821134.81,460700,10,10,10,0,0,0,0,0,0,2465791,4374527,6574079,2550042.88,200
1790618970,0,460900,0,776.47,200.01,3874815,23232511,55967743,240517119,537395199,312064,902299647,55578698.13,100805315.88,460900,10,10,10,0,0,0,0,0,0,2441215,4114431,5193727,2547083.52,200
1790618971,0,461100,0,775.50,200.06,3868671,23216127,55934975,240517119,537395199,312064,902299647,55555622.46,100789540.96,461100,10,10,10,0,0,0,0,0,0,2400255,3794943,4341759,2377743.36,200
1790618972,0,461300,0,774.53,199.89,3860479,23199743,55902207,240386047,536870911,312064,902299647,55532537.77,100773787.40,461300,10,10,10,0,0,0,0,0,0,2197503,3657727,5021695,2310775.04,200
1790618973,0,461500,0,773.57,200.07,3854335,23183359,55869439,240386047,536870911,312064,902299647,55509489.69,100758030.96,461500,10,10,10,0,0,0,0,0,0,2424831,3704831,4644863,2349085.44,200
1790618974,0,461700,0,772.61,199.96,3846143,23166975,55869439,240254975,536870911,312064,902299647,55486446.52,100742288.32,461700,10,10,10,0,0,0,0,0,0,2189311,3649535,4382719,2314343.68,200
1790618975,0,461900,0,771.65,199.97,3839999,23150591,55836671,240254975,536870911,312064,902299647,55463459.47,100726533.00,461900,10,10,10,0,0,0,0,0,0,2256895,4173823,4628479,2397845.76,200
1790618976,0,462100,0,770.70,200.01,3833855,23117823,55803903,240123903,536608767,312064,902299647,55440477.26,100710791.02,462100,10,10,10,0,0,0,0,0,0,2357247,3620863,4349951,2363065.60,200
1790618977,0,464203,0,772.92,2102.90,3856383,23298047,56459263,241696767,536084479,312064,902299647,55864644.67,100819491.36,464203,10,10,10,0,0,0,0,0,0,141033471,285736959,308543487,149068525.13,2103
1790618978,0,467263,0,776.72,3060.92,3895295,23609343,57540607,255328255,558891007,312064,1124073471,58037177.51,105860828.95,467263,10,10,10,0,0,0,0,0,0,300417023,999817215,1070596095,387611119.27,3060
1790618979,0,469461,0,779.08,2199.21,3923967,23838719,58359807,270270463,600309759,312064,1809842175,60903172.06,117562922.35,469461,10,10,10,0,0,0,0,0,0,509870079,1629487103,1769996287,670172149.75,2198
1790618980,0,471761,0,781.60,2298.47,3954687,24068095,59179007,290717695,673710079,312064,2323644415,64696311.76,133292887.14,471761,10,10,10,0,0,0,0,0,0,716177407,2124414975,2283798527,838927247.81,2300
1790618981,0,473161,0,782.62,1399.94,3973119,24231935,59703295,306708479,722993151,312064,3258974207,68417834.22,156125465.14,473161,10,10,10,0,0,0,0,0,0,1000865791,3068133375,3238002687,1322467234.38,1400
1790618982,0,474361,0,783.31,1199.78,3989503,24363007,60227583,320602111,769654783,312064,4433379327,72579000.59,179443820.32,474361,10,10,10,0,0,0,0,0,0,1590689791,2306867199,4404019199,1713330367.15,1200
1790618983,0,476061,0,784.82,1700.39,4012031,24559615,60882943,341573631,961544191,312064,5486149631,80849362.79,234634892.47,476061,10,10,10,0,0,0,0,0,0,2136997887,5171576831,5456789503,2388577176.40,1700
1790618984,0,477361,0,785.67,1300.48,4032511,24690687,61374463,357302271,1393557503,312064,5486149631,86928777.49,262579894.06,477361,10,10,10,0,0,0,0,0,0,2380267519,2887778303,3122659327,2313215117.78,1300
1790618985,0,478111,0,785.61,750.21,4042751,24756223,61636607,366477311,1576009727,312064,7461666815,92806189.71,309116414.17,478111,10,10,10,0,0,0,0,0,0,3309305855,7419723775,7449083903,3833669353.47,750
1790618986,0,479111,0,785.96,999.49,4059135,24870911,62095359,378535935,1895825407,312064,8040480767,101526331.66,367725212.78,479111,10,10,10,0,0,0,0,0,0,4020240383,7843348479,8019509247,4270722121.73,1000
1790618987,0,480361,0,786.72,1249.90,4079615,24985599,62586879,395051007,2231369727,312064,8040480767,112889858.97,430208536.63,480361,10,10,10,0,0,0,0,0,0,4575985663,5268045823,5347737599,4468402605.26,1250
1790618988,0,480361,0,785.44,0.00,4079615,24985599,62586879,395051007,2231369727,312064,8040480767,112889858.97,430208536.63,480361,10,10,10,0,0,0,0,0,0,0,0,0,0.00,0
1790618989,0,480361,0,784.15,0.00,4079615,24985599,62586879,395051007,2231369727,312064,8040480767,112889858.97,430208536.63,480361,10,10,10,0,0,0,0,0,0,0,0,0,0.00,0
1790618990,0,480361,0,782.88,0.00,4079615,24985599,62586879,395051007,2231369727,312064,8040480767,112889858.97,430208536.63,480361,10,10,10,0,0,0,0,0,0,0,0,0,0.00,0
1790618991,0,480361,0,781.60,0.00,4079615,24985599,62586879,395051007,2231369727,312064,8040480767,112889858.97,430208536.63,480361,10,10,10,0,0,0,0,0,0,0,0,0,0.00,0
1790618992,0,480361,0,780.33,0.00,4079615,24985599,62586879,395051007,2231369727,312064,8040480767,112889858.97,430208536.63,480361,10,10,10,0,0,0,0,0,0,0,0,0,0.00,0
1790618993,0,480361,0,779.07,0.00,4079615,24985599,62586879,395051007,2231369727,312064,8040480767,112889858.97,430208536.63,480361,10,10,10,0,0,0,0,0,0,0,0,0,0.00,0
1790618994,0,480361,0,777.81,0.00,4079615,24985599,62586879,395051007,2231369727,312064,8040480767,112889858.97,430208536.63,480361,10,10,10,0,0,0,0,0,0,0,0,0,0.00,0
1790618995,0,480361,0,776.55,0.00,4079615,24985599,62586879,395051007,2231369727,312064,8040480767,112889858.97,430208536.63,480361,10,10,10,0,0,0,0,0,0,0,0,0,0.00,0
1790618996,0,480361,0,775.29,0.00,4079615,24985599,62586879,395051007,2231369727,312064,8040480767,112889858.97,430208536.63,480361,10,10,10,0,0,0,0,0,0,0,0,0,0.00,0
1790618997,0,480361,0,774.05,0.00,4079615,24985599,62586879,395051007,2231369727,312064,8040480767,112889858.97,430208536.63,480361,10,10,10,0,0,0,0,0,0,0,0,0,0.00,0
1790618998,0,480361,0,772.80,0.00,4079615,24985599,62586879,395051007,2231369727,312064,8040480767,112889858.97,430208536.63,480361,10,10,10,0,0,0,0,0,0,0,0,0,0.00,0
1790618999,0,480361,0,771.56,0.00,4079615,24985599,62586879,395051007,2231369727,312064,8040480767,112889858.97,430208536.63,480361,10,10,10,0,0,0,0,0,0,0,0,0,0.00,0
1790619000,0,480361,0,770.32,0.00,4079615,24985599,62586879,395051007,2231369727,312064,8040480767,112889858.97,430208536.63,480361,10,10,10,0,0,0,0,0,0,0,0,0,0.00,0
1790619001,0,480361,0,769.09,0.00,4079615,24985599,62586879,395051007,2231369727,312064,8040480767,112889858.97,430208536.63,480361,10,10,10,0,0,0,0,0,0,0,0,0,0.00,0
1790619002,0,480361,0,767.86,0.00,4079615,24985599,62586879,395051007,2231369727,312064,8040480767,112889858.97,430208536.63,480361,10,10,10,0,0,0,0,0,0,0,0,0,0.00,0
1790619003,0,480361,0,766.63,0.00,4079615,24985599,62586879,395051007,2231369727,312064,8040480767,112889858.97,430208536.63,480361,10,10,10,0,0,0,0,0,0,0,0,0,0.00,0
1790619004,0,480361,0,765.41,0.00,4079615,24985599,62586879,395051007,2231369727,312064,8040480767,112889858.97,430208536.63,480361,10,10,10,0,0,0,0,0,0,0,0,0,0.00,0
1790619005,0,480361,0,764.19,0.00,4079615,24985599,62586879,395051007,2231369727,312064,8040480767,112889858.97,430208536.63,480361,10,10,10,0,0,0,0,0,0,0,0,0,0.00,0
1790619006,0,480361,0,762.98,0.00,4079615,24985599,62586879,395051007,2231369727,312064,8040480767,112889858.97,430208536.63,480361,10,10,10,0,0,0,0,0,0,0,0,0,0.00,0
1790619007,0,480361,0,761.77,0.00,4079615,24985599,62586879,395051007,2231369727,312064,8040480767,112889858.97,430208536.63,480361,10,10,10,0,0,0,0,0,0,0,0,0,0.00,0
1790619008,0,480361,0,760.56,0.00,4079615,24985599,62586879,395051007,2231369727,312064,8040480767,112889858.97,430208536.63,480361,10,10,10,0,0,0,0,0,0,0,0,0,0.00,0
1790619009,0,480361,0,759.36,0.00,4079615,24985599,62586879,395051007,2231369727,312064,8040480767,112889858.97,430208536.63,480361,10,10,10,0,0,0,0,0,0,0,0,0,0.00,0
1790619010,0,480361,0,758.16,0.00,4079615,24985599,62586879,395051007,2231369727,312064,8040480767,112889858.97,430208536.63,480361,10,10,10,0,0,0,0,0,0,0,0,0,0.00,0
1790619011,0,480361,0,756.97,0.00,4079615,24985599,62586879,395051007,2231369727,312064,8040480767,112889858.97,430208536.63,480361,10,10,10,0,0,0,0,0,0,0,0,0,0.00,0
1790619012,0,480361,0,755.78,0.00,4079615,24985599,62586879,395051007,2231369727,312064,8040480767,112889858.97,430208536.63,480361,10,10,10,0,0,0,0,0,0,0,0,0,0.00,0
1790619013,0,480361,0,754.59,0.00,4079615,24985599,62586879,395051007,2231369727,312064,8040480767,112889858.97,430208536.63,480361,10,10,10,0,0,0,0,0,0,0,0,0,0.00,0
1790619014,0,480361,0,753.41,0.00,4079615,24985599,62586879,395051007,2231369727,312064,8040480767,112889858.97,430208536.63,480361,10,10,10,0,0,0,0,0,0,0,0,0,0.00,0
1790619015,0,480361,0,752.23,0.00,4079615,24985599,62586879,395051007,2231369727,312064,8040480767,112889858.97,430208536.63,480361,10,10,10,0,0,0,0,0,0,0,0,0,0.00,0
1790619016,0,480361,0,751.05,0.00,4079615,24985599,62586879,395051007,2231369727,312064,8040480767,112889858.97,430208536.63,480361,10,10,10,0,0,0,0,0,0,0,0,0,0.00,0
1790619017,0,480361,0,749.88,0.00,4079615,24985599,62586879,395051007,2231369727,312064,8040480767,112889858.97,430208536.63,480361,10,10,10,0,0,0,0,0,0,0,0,0,0.00,0
1790619018,0,480361,0,748.71,0.00,4079615,24985599,62586879,395051007,2231369727,312064,8040480767,112889858.97,430208536.63,480361,10,10,10,0,0,0,0,0,0,0,0,0,0.00,0
1790619019,0,480361,0,747.54,0.00,4079615,24985599,62586879,395051007,2231369727,312064,8040480767,112889858.97,430208536.63,480361,10,10,10,0,0,0,0,0,0,0,0,0,0.00,0
1790619020,0,480361,0,746.38,0.00,4079615,24985599,62586879,395051007,2231369727,312064,8040480767,112889858.97,430208536.63,480361,10,10,10,0,0,0,0,0,0,0,0,0,0.00,0
1790619021,0,480361,0,745.23,0.00,4079615,24985599,62586879,395051007,2231369727,312064,8040480767,112889858.97,430208536.63,480361,10,10,10,0,0,0,0,0,0,0,0,0,0.00,0
1790619022,0,480361,0,744.07,0.00,4079615,24985599,62586879,395051007,2231369727,312064,8040480767,112889858.97,430208536.63,480361,10,10,10,0,0,0,0,0,0,0,0,0,0.00,0
1790619023,0,480361,0,742.92,0.00,4079615,24985599,62586879,395051007,2231369727,312064,8040480767,112889858.97,430208536.63,480361,10,10,10,0,0,0,0,0,0,0,0,0,0.00,0
1790619024,0,480361,0,741.77,0.00,4079615,24985599,62586879,395051007,2231369727,312064,8040480767,112889858.97,430208536.63,480361,10,10,10,0,0,0,0,0,0,0,0,0,0.00,0
1790619025,0,480361,0,740.63,0.00,4079615,24985599,62586879,395051007,2231369727,312064,8040480767,112889858.97,430208536.63,480361,10,10,10,0,0,0,0,0,0,0,0,0,0.00,0
1790619026,0,480361,0,739.49,0.00,4079615,24985599,62586879,395051007,2231369727,312064,8040480767,112889858.97,430208536.63,480361,10,10,10,0,0,0,0,0,0,0,0,0,0.00,0
1790619027,0,480361,0,738.35,0.00,4079615,24985599,62586879,395051007,2231369727,312064,8040480767,112889858.97,430208536.63,480361,10,10,10,0,0,0,0,0,0,0,0,0,0.00,0
1790619028,0,480361,0,737.22,0.00,4079615,24985599,62586879,395051007,2231369727,312064,8040480767,112889858.97,430208536.63,480361,10,10,10,0,0,0,0,0,0,0,0,0,0.00,0
1790619029,0,480361,0,736.09,0.00,4079615,24985599,62586879,395051007,2231369727,312064,8040480767,112889858.97,430208536.63,480361,10,10,10,0,0,0,0,0,0,0,0,0,0.00,0
1790619030,0,480361,0,734.96,0.00,4079615,24985599,62586879,395051007,2231369727,312064,8040480767,112889858.97,430208536.63,480361,10,10,10,0,0,0,0,0,0,0,0,0,0.00,0
1790619031,0,480361,0,733.84,0.00,4079615,24985599,62586879,395051007,2231369727,312064,8040480767,112889858.97,430208536.63,480361,10,10,10,0,0,0,0,0,0,0,0,0,0.00,0
1790619032,0,480361,0,732.72,0.00,4079615,24985599,62586879,395051007,2231369727,312064,8040480767,112889858.97,430208536.63,480361,10,10,10,0,0,0,0,0,0,0,0,0,0.00,0
1790619033,0,480361,0,731.60,0.00,4079615,24985599,62586879,395051007,2231369727,312064,8040480767,112889858.97,430208536.63,480361,10,10,10,0,0,0,0,0,0,0,0,0,0.00,0
1790619034,0,480361,0,730.49,0.00,4079615,24985599,62586879,395051007,2231369727,312064,8040480767,112889858.97,430208536.63,480361,10,10,10,0,0,0,0,0,0,0,0,0,0.00,0
1790619035,0,480361,0,729.38,0.00,4079615,24985599,62586879,395051007,2231369727,312064,8040480767,112889858.97,430208536.63,480361,10,10,10,0,0,0,0,0,0,0,0,0,0.00,0
1790619036,0,480361,0,728.28,0.00,4079615,24985599,62586879,395051007,2231369727,312064,8040480767,112889858.97,430208536.63,480361,10,10,10,0,0,0,0,0,0,0,0,0,0.00,0
1790619037,0,480361,0,727.17,0.00,4079615,24985599,62586879,395051007,2231369727,312064,8040480767,112889858.97,430208536.63,480361,10,10,10,0,0,0,0,0,0,0,0,0,0.00,0
1790619038,0,480361,0,726.08,0.00,4079615,24985599,62586879,395051007,2231369727,312064,8040480767,112889858.97,430208536.63,480361,10,10,10,0,0,0,0,0,0,0,0,0,0.00,0
1790619039,0,480361,0,724.98,0.00,4079615,24985599,62586879,395051007,2231369727,312064,8040480767,112889858.97,430208536.63,480361,10,10,10,0,0,0,0,0,0,0,0,0,0.00,0
1790619040,0,480361,0,723.89,0.00,4079615,24985599,62586879,395051007,2231369727,312064,8040480767,112889858.97,430208536.63,480361,10,10,10,0,0,0,0,0,0,0,0,0,0.00,0
1790619041,0,480361,0,722.80,0.00,4079615,24985599,62586879,395051007,2231369727,312064,8040480767,112889858.97,430208536.63,480361,10,10,10,0,0,0,0,0,0,0,0,0,0.00,0
1790619042,0,480361,0,721.71,0.00,4079615,24985599,62586879,395051007,2231369727,312064,8040480767,112889858.97,430208536.63,480361,10,10,10,0,0,0,0,0,0,0,0,0,0.00,0
1790619043,0,480361,0,720.63,0.00,4079615,24985599,62586879,395051007,2231369727,312064,8040480767,112889858.97,430208536.63,480361,10,10,10,0,0,0,0,0,0,0,0,0,0.00,0
1790619044,0,480361,0,719.55,0.00,4079615,24985599,62586879,395051007,2231369727,312064,8040480767,112889858.97,430208536.63,480361,10,10,10,0,0,0,0,0,0,0,0,0,0.00,0
1790619045,0,480361,0,718.47,0.00,4079615,24985599,62586879,395051007,2231369727,312064,8040480767,112889858.97,430208536.63,480361,10,10,10,0,0,0,0,0,0,0,0,0,0.00,0
1790619046,0,480361,0,717.40,0.00,4079615,24985599,62586879,395051007,2231369727,312064,8040480767,112889858.97,430208536.63,480361,10,10,10,0,0,0,0,0,0,0,0,0,0.00,0
1790619047,0,480361,0,716.33,0.00,4079615,24985599,62586879,395051007,2231369727,312064,8040480767,112889858.97,430208536.63,480361,10,10,10,0,0,0,0,0,0,0,0,0,0.00,0
1790619048,0,480361,0,715.26,0.00,4079615,24985599,62586879,395051007,2231369727,312064,8040480767,112889858.97,430208536.63,480361,10,10,10,0,0,0,0,0,0,0,0,0,0.00,0
1790619049,0,480361,0,714.20,0.00,4079615,24985599,62586879,395051007,2231369727,312064,8040480767,112889858.97,430208536.63,480361,10,10,10,0,0,0,0,0,0,0,0,0,0.00,0
1790619050,0,480361,0,713.14,0.00,4079615,24985599,62586879,395051007,2231369727,312064,8040480767,112889858.97,430208536.63,480361,10,10,10,0,0,0,0,0,0,0,0,0,0.00,0
1790619051,0,480361,0,712.08,0.00,4079615,24985599,62586879,395051007,2231369727,312064,8040480767,112889858.97,430208536.63,480361,10,10,10,0,0,0,0,0,0,0,0,0,0.00,0
1790619052,0,480361,0,711.03,0.00,4079615,24985599,62586879,395051007,2231369727,312064,8040480767,112889858.97,430208536.63,480361,10,10,10,0,0,0,0,0,0,0,0,0,0.00,0
1790619053,0,480361,0,709.98,0.00,4079615,24985599,62586879,395051007,2231369727,312064,8040480767,112889858.97,430208536.63,480361,10,10,10,0,0,0,0,0,0,0,0,0,0.00,0
1790619054,0,480361,0,708.93,0.00,4079615,24985599,62586879,395051007,2231369727,312064,8040480767,112889858.97,430208536.63,480361,10,10,10,0,0,0,0,0,0,0,0,0,0.00,0
1790619055,0,480361,0,707.89,0.00,4079615,24985599,62586879,395051007,2231369727,312064,8040480767,112889858.97,430208536.63,480361,10,10,10,0,0,0,0,0,0,0,0,0,0.00,0
1790619056,0,480361,0,706.84,0.00,4079615,24985599,62586879,395051007,2231369727,312064,8040480767,112889858.97,430208536.63,480361,10,10,10,0,0,0,0,0,0,0,0,0,0.00,0
1790619057,0,480361,0,705.81,0.00,4079615,24985599,62586879,395051007,2231369727,312064,8040480767,112889858.97,430208536.63,480361,10,10,10,0,0,0,0,0,0,0,0,0,0.00,0
1790619058,0,480361,0,704.77,0.00,4079615,24985599,62586879,395051007,2231369727,312064,8040480767,112889858.97,430208536.63,480361,10,10,10,0,0,0,0,0,0,0,0,0,0.00,0
1790619059,0,480361,0,703.74,0.00,4079615,24985599,62586879,395051007,2231369727,312064,8040480767,112889858.97,430208536.63,480361,10,10,10,0,0,0,0,0,0,0,0,0,0.00,0
1790619060,0,480361,0,702.71,0.00,4079615,24985599,62586879,395051007,2231369727,312064,8040480767,112889858.97,430208536.63,480361,10,10,10,0,0,0,0,0,0,0,0,0,0.00,0
1790619061,0,480361,0,701.68,0.00,4079615,24985599,62586879,395051007,2231369727,312064,8040480767,112889858.97,430208536.63,480361,10,10,10,0,0,0,0,0,0,0,0,0,0.00,0
1790619062,0,480361,0,700.66,0.00,4079615,24985599,62586879,395051007,2231369727,312064,8040480767,112889858.97,430208536.63,480361,10,10,10,0,0,0,0,0,0,0,0,0,0.00,0
1790619063,0,480361,0,699.64,0.00,4079615,24985599,62586879,395051007,2231369727,312064,8040480767,112889858.97,430208536.63,480361,10,10,10,0,0,0,0,0,0,0,0,0,0.00,0
1790619064,0,480361,0,698.62,0.00,4079615,24985599,62586879,395051007,2231369727,312064,8040480767,112889858.97,430208536.63,480361,10,10,10,0,0,0,0,0,0,0,0,0,0.00,0
1790619065,0,480361,0,697.61,0.00,4079615,24985599,62586879,395051007,2231369727,312064,8040480767,112889858.97,430208536.63,480361,10,10,10,0,0,0,0,0,0,0,0,0,0.00,0
1790619066,0,480361,0,696.59,0.00,4079615,24985599,62586879,395051007,2231369727,312064,8040480767,112889858.97,430208536.63,480361,10,10,10,0,0,0,0,0,0,0,0,0,0.00,0
1790619067,0,480361,0,695.59,0.00,4079615,24985599,62586879,395051007,2231369727,312064,8040480767,112889858.97,430208536.63,480361,10,10,10,0,0,0,0,0,0,0,0,0,0.00,0
1790619068,0,480361,0,694.58,0.00,4079615,24985599,62586879,395051007,2231369727,312064,8040480767,112889858.97,430208536.63,480361,10,10,10,0,0,0,0,0,0,0,0,0,0.00,0
1790619069,0,480361,0,693.58,0.00,4079615,24985599,62586879,395051007,2231369727,312064,8040480767,112889858.97,430208536.63,480361,10,10,10,0,0,0,0,0,0,0,0,0,0.00,0
1790619070,0,480361,0,692.58,0.00,4079615,24985599,62586879,395051007,2231369727,312064,8040480767,112889858.97,430208536.63,480361,10,10,10,0,0,0,0,0,0,0,0,0,0.00,0
1790619071,0,480361,0,691.58,0.00,4079615,24985599,62586879,395051007,2231369727,312064,8040480767,112889858.97,430208536.63,480361,10,10,10,0,0,0,0,0,0,0,0,0,0.00,0
1790619072,0,480361,0,690.59,0.00,4079615,24985599,62586879,395051007,2231369727,312064,8040480767,112889858.97,430208536.63,480361,10,10,10,0,0,0,0,0,0,0,0,0,0.00,0
1790619073,0,480361,0,689.59,0.00,4079615,24985599,62586879,395051007,2231369727,312064,8040480767,112889858.97,430208536.63,480361,10,10,10,0,0,0,0,0,0,0,0,0,0.00,0
1790619074,0,480361,0,688.61,0.00,4079615,24985599,62586879,395051007,2231369727,312064,8040480767,112889858.97,430208536.63,480361,10,10,10,0,0,0,0,0,0,0,0,0,0.00,0
1790619075,0,480361,0,687.62,0.00,4079615,24985599,62586879,395051007,2231369727,312064,8040480767,112889858.97,430208536.63,480361,10,10,10,0,0,0,0,0,0,0,0,0,0.00,0
1790619076,0,480361,0,686.64,0.00,4079615,24985599,62586879,395051007,2231369727,312064,8040480767,112889858.97,430208536.63,480361,10,10,10,0,0,0,0,0,0,0,0,0,0.00,0
1790619077,0,480361,0,685.66,0.00,4079615,24985599,62586879,395051007,2231369727,312064,8040480767,112889858.97,430208536.63,480361,10,10,10,0,0,0,0,0,0,0,0,0,0.00,0
1790619078,0,480361,0,684.68,0.00,4079615,24985599,62586879,395051007,2231369727,312064,8040480767,112889858.97,430208536.63,480361,10,10,10,0,0,0,0,0,0,0,0,0,0.00,0
1790619079,0,480361,0,683.70,0.00,4079615,24985599,62586879,395051007,2231369727,312064,8040480767,112889858.97,430208536.63,480361,10,10,10,0,0,0,0,0,0,0,0,0,0.00,0
1790619080,0,480361,0,682.73,0.00,4079615,24985599,62586879,395051007,2231369727,312064,8040480767,112889858.97,430208536.63,480361,10,10,10,0,0,0,0,0,0,0,0,0,0.00,0
1790619081,0,480361,0,681.76,0.00,4079615,24985599,62586879,395051007,2231369727,312064,8040480767,112889858.97,430208536.63,480361,10,10,10,0,0,0,0,0,0,0,0,0,0.00,0
1790619082,0,480361,0,680.80,0.00,4079615,24985599,62586879,395051007,2231369727,312064,8040480767,112889858.97,430208536.63,480361,10,10,10,0,0,0,0,0,0,0,0,0,0.00,0
1790619083,0,480361,0,679.83,0.00,4079615,24985599,62586879,395051007,2231369727,312064,8040480767,112889858.97,430208536.63,480361,10,10,10,0,0,0,0,0,0,0,0,0,0.00,0
1790619084,0,480361,0,678.87,0.00,4079615,24985599,62586879,395051007,2231369727,312064,8040480767,112889858.97,430208536.63,480361,10,10,10,0,0,0,0,0,0,0,0,0,0.00,0
1790619085,0,480361,0,677.92,0.00,4079615,24985599,62586879,395051007,2231369727,312064,8040480767,112889858.97,430208536.63,480361,10,10,10,0,0,0,0,0,0,0,0,0,0.00,0
1790619086,0,480361,0,676.96,0.00,4079615,24985599,62586879,395051007,2231369727,312064,8040480767,112889858.97,430208536.63,480361,10,10,10,0,0,0,0,0,0,0,0,0,0.00,0
1790619087,0,480361,0,676.01,0.00,4079615,24985599,62586879,395051007,2231369727,312064,8040480767,112889858.97,430208536.63,480361,10,10,10,0,0,0,0,0,0,0,0,0,0.00,0
1790619088,0,480361,0,675.06,0.00,4079615,24985599,62586879,395051007,2231369727,312064,8040480767,112889858.97,430208536.63,480361,10,10,10,0,0,0,0,0,0,0,0,0,0.00,0
1790619089,0,480361,0,674.11,0.00,4079615,24985599,62586879,395051007,2231369727,312064,8040480767,112889858.97,430208536.63,480361,10,10,10,0,0,0,0,0,0,0,0,0,0.00,0
1790619090,0,480361,0,673.17,0.00,4079615,24985599,62586879,395051007,2231369727,312064,8040480767,112889858.97,430208536.63,480361,10,10,10,0,0,0,0,0,0,0,0,0,0.00,0
1790619091,0,480361,0,672.22,0.00,4079615,24985599,62586879,395051007,2231369727,312064,8040480767,112889858.97,430208536.63,480361,10,10,10,0,0,0,0,0,0,0,0,0,0.00,0
1790619092,0,480361,0,671.28,0.00,4079615,24985599,62586879,395051007,2231369727,312064,8040480767,112889858.97,430208536.63,480361,10,10,10,0,0,0,0,0,0,0,0,0,0.00,0
1790619093,0,480361,0,670.35,0.00,4079615,24985599,62586879,395051007,2231369727,312064,8040480767,112889858.97,430208536.63,480361,10,10,10,0,0,0,0,0,0,0,0,0,0.00,0
1790619094,0,480361,0,669.41,0.00,4079615,24985599,62586879,395051007,2231369727,312064,8040480767,112889858.97,430208536.63,480361,10,10,10,0,0,0,0,0,0,0,0,0,0.00,0
1790619095,0,480361,0,668.48,0.00,4079615,24985599,62586879,395051007,2231369727,312064,8040480767,112889858.97,430208536.63,480361,10,10,10,0,0,0,0,0,0,0,0,0,0.00,0
1790619096,0,480361,0,667.55,0.00,4079615,24985599,62586879,395051007,2231369727,312064,8040480767,112889858.97,430208536.63,480361,10,10,10,0,0,0,0,0,0,0,0,0,0.00,0
1790619097,0,480361,0,666.63,0.00,4079615,24985599,62586879,395051007,2231369727,312064,8040480767,112889858.97,430208536.63,480361,10,10,10,0,0,0,0,0,0,0,0,0,0.00,0
1790619098,0,480361,0,665.70,0.00,4079615,24985599,62586879,395051007,2231369727,312064,8040480767,112889858.97,430208536.63,480361,10,10,10,0,0,0,0,0,0,0,0,0,0.00,0
1790619099,0,480361,0,664.78,0.00,4079615,24985599,62586879,395051007,2231369727,312064,8040480767,112889858.97,430208536.63,480361,10,10,10,0,0,0,0,0,0,0,0,0,0.00,0
1790619100,0,480361,0,663.86,0.00,4079615,24985599,62586879,395051007,2231369727,312064,8040480767,112889858.97,430208536.63,480361,10,10,10,0,0,0,0,0,0,0,0,0,0.00,0
1790619101,0,480361,0,662.95,0.00,4079615,24985599,62586879,395051007,2231369727,312064,8040480767,112889858.97,430208536.63,480361,10,10,10,0,0,0,0,0,0,0,0,0,0.00,0
1790619102,0,480361,0,662.03,0.00,4079615,24985599,62586879,395051007,2231369727,312064,8040480767,112889858.97,430208536.63,480361,10,10,10,0,0,0,0,0,0,0,0,0,0.00,0
1790619103,0,480361,0,661.12,0.00,4079615,24985599,62586879,395051007,2231369727,312064,8040480767,112889858.97,430208536.63,480361,10,10,10,0,0,0,0,0,0,0,0,0,0.00,0
1790619104,0,480361,0,660.21,0.00,4079615,24985599,62586879,395051007,2231369727,312064,8040480767,112889858.97,430208536.63,480361,10,10,10,0,0,0,0,0,0,0,0,0,0.00,0
1790619105,0,480361,0,659.31,0.00,4079615,24985599,62586879,395051007,2231369727,312064,8040480767,112889858.97,430208536.63,480361,10,10,10,0,0,0,0,0,0,0,0,0,0.00,0
1790619106,0,480361,0,658.40,0.00,4079615,24985599,62586879,395051007,2231369727,312064,8040480767,112889858.97,430208536.63,480361,10,10,10,0,0,0,0,0,0,0,0,0,0.00,0
1790619107,0,480361,0,657.50,0.00,4079615,24985599,62586879,395051007,2231369727,312064,8040480767,112889858.97,430208536.63,480361,10,10,10,0,0,0,0,0,0,0,0,0,0.00,0
1790619108,0,480361,0,656.60,0.00,4079615,24985599,62586879,395051007,2231369727,312064,8040480767,112889858.97,430208536.63,480361,10,10,10,0,0,0,0,0,0,0,0,0,0.00,0
1790619109,0,480361,0,655.71,0.00,4079615,24985599,62586879,395051007,2231369727,312064,8040480767,112889858.97,430208536.63,480361,10,10,10,0,0,0,0,0,0,0,0,0,0.00,0
1790619110,0,480361,0,654.81,0.00,4079615,24985599,62586879,395051007,2231369727,312064,8040480767,112889858.97,430208536.63,480361,10,10,10,0,0,0,0,0,0,0,0,0,0.00,0
1790619111,0,480361,0,653.92,0.00,4079615,24985599,62586879,395051007,2231369727,312064,8040480767,112889858.97,430208536.63,480361,10,10,10,0,0,0,0,0,0,0,0,0,0.00,0
1790619112,0,480361,0,653.03,0.00,4079615,24985599,62586879,395051007,2231369727,312064,8040480767,112889858.97,430208536.63,480361,10,10,10,0,0,0,0,0,0,0,0,0,0.00,0
1790619113,0,480361,0,652.15,0.00,4079615,24985599,62586879,395051007,2231369727,312064,8040480767,112889858.97,430208536.63,480361,10,10,10,0,0,0,0,0,0,0,0,0,0.00,0
1790619114,0,480361,0,651.26,0.00,4079615,24985599,62586879,395051007,2231369727,312064,8040480767,112889858.97,430208536.63,480361,10,10,10,0,0,0,0,0,0,0,0,0,0.00,0
1790619115,0,480361,0,650.38,0.00,4079615,24985599,62586879,395051007,2231369727,312064,8040480767,112889858.97,430208536.63,480361,10,10,10,0,0,0,0,0,0,0,0,0,0.00,0
1790619116,0,480361,0,649.50,0.00,4079615,24985599,62586879,395051007,2231369727,312064,8040480767,112889858.97,430208536.63,480361,10,10,10,0,0,0,0,0,0,0,0,0,0.00,0
1790619117,0,480361,0,648.62,0.00,4079615,24985599,62586879,395051007,2231369727,312064,8040480767,112889858.97,430208536.63,480361,10,10,10,0,0,0,0,0,0,0,0,0,0.00,0
1790619118,0,480361,0,647.75,0.00,4079615,24985599,62586879,395051007,2231369727,312064,8040480767,112889858.97,430208536.63,480361,10,10,10,0,0,0,0,0,0,0,0,0,0.00,0
1790619119,0,480361,0,646.88,0.00,4079615,24985599,62586879,395051007,2231369727,312064,8040480767,112889858.97,430208536.63,480361,10,10,10,0,0,0,0,0,0,0,0,0,0.00,0
1790619120,0,480361,0,646.01,0.00,4079615,24985599,62586879,395051007,2231369727,312064,8040480767,112889858.97,430208536.63,480361,10,10,10,0,0,0,0,0,0,0,0,0,0.00,0
1790619121,0,480361,0,645.14,0.00,4079615,24985599,62586879,395051007,2231369727,312064,8040480767,112889858.97,430208536.63,480361,10,10,10,0,0,0,0,0,0,0,0,0,0.00,0
1790619122,0,480361,0,644.27,0.00,4079615,24985599,62586879,395051007,2231369727,312064,8040480767,112889858.97,430208536.63,480361,10,10,10,0,0,0,0,0,0,0,0,0,0.00,0
1790619123,0,480361,0,643.41,0.00,4079615,24985599,62586879,395051007,2231369727,312064,8040480767,112889858.97,430208536.63,480361,10,10,10,0,0,0,0,0,0,0,0,0,0.00,0
1790619124,0,480361,0,642.55,0.00,4079615,24985599,62586879,395051007,2231369727,312064,8040480767,112889858.97,430208536.63,480361,10,10,10,0,0,0,0,0,0,0,0,0,0.00,0
1790619125,0,480361,0,641.69,0.00,4079615,24985599,62586879,395051007,2231369727,312064,8040480767,112889858.97,430208536.63,480361,10,10,10,0,0,0,0,0,0,0,0,0,0.00,0
1790619126,0,480361,0,640.84,0.00,4079615,24985599,62586879,395051007,2231369727,312064,8040480767,112889858.97,430208536.63,480361,10,10,10,0,0,0,0,0,0,0,0,0,0.00,0
1790619127,0,480361,0,639.98,0.00,4079615,24985599,62586879,395051007,2231369727,312064,8040480767,112889858.97,430208536.63,480361,10,10,10,0,0,0,0,0,0,0,0,0,0.00,0
1790619128,0,480361,0,639.13,0.00,4079615,24985599,62586879,395051007,2231369727,312064,8040480767,112889858.97,430208536.63,480361,10,10,10,0,0,0,0,0,0,0,0,0,0.00,0
1790619129,0,480361,0,638.28,0.00,4079615,24985599,62586879,395051007,2231369727,312064,8040480767,112889858.97,430208536.63,480361,10,10,10,0,0,0,0,0,0,0,0,0,0.00,0
1790619130,0,480361,0,637.43,0.00,4079615,24985599,62586879,395051007,2231369727,312064,8040480767,112889858.97,430208536.63,480361,10,10,10,0,0,0,0,0,0,0,0,0,0.00,0
1790619131,0,480361,0,636.59,0.00,4079615,24985599,62586879,395051007,2231369727,312064,8040480767,112889858.97,430208536.63,480361,10,10,10,0,0,0,0,0,0,0,0,0,0.00,0
1790619132,0,480361,0,635.75,0.00,4079615,24985599,62586879,395051007,2231369727,312064,8040480767,112889858.97,430208536.63,480361,10,10,10,0,0,0,0,0,0,0,0,0,0.00,0
1790619133,0,480361,0,634.91,0.00,4079615,24985599,62586879,395051007,2231369727,312064,8040480767,112889858.97,430208536.63,480361,10,10,10,0,0,0,0,0,0,0,0,0,0.00,0
1790619134,0,480361,0,634.07,0.00,4079615,24985599,62586879,395051007,2231369727,312064,8040480767,112889858.97,430208536.63,480361,10,10,10,0,0,0,0,0,0,0,0,0,0.00,0
1790619135,0,480361,0,633.23,0.00,4079615,24985599,62586879,395051007,2231369727,312064,8040480767,112889858.97,430208536.63,480361,10,10,10,0,0,0,0,0,0,0,0,0,0.00,0
1790619136,0,480361,0,632.40,0.00,4079615,24985599,62586879,395051007,2231369727,312064,8040480767,112889858.97,430208536.63,480361,10,10,10,0,0,0,0,0,0,0,0,0,0.00,0
1790619137,0,480361,0,631.57,0.00,4079615,24985599,62586879,395051007,2231369727,312064,8040480767,112889858.97,430208536.63,480361,10,10,10,0,0,0,0,0,0,0,0,0,0.00,0
1790619138,0,480361,0,630.74,0.00,4079615,24985599,62586879,395051007,2231369727,312064,8040480767,112889858.97,430208536.63,480361,10,10,10,0,0,0,0,0,0,0,0,0,0.00,0
1790619139,0,480361,0,629.91,0.00,4079615,24985599,62586879,395051007,2231369727,312064,8040480767,112889858.97,430208536.63,480361,10,10,10,0,0,0,0,0,0,0,0,0,0.00,0
1790619140,0,480361,0,629.09,0.00,4079615,24985599,62586879,395051007,2231369727,312064,8040480767,112889858.97,430208536.63,480361,10,10,10,0,0,0,0,0,0,0,0,0,0.00,0
1790619141,0,480361,0,628.26,0.00,4079615,24985599,62586879,395051007,2231369727,312064,8040480767,112889858.97,430208536.63,480361,10,10,10,0,0,0,0,0,0,0,0,0,0.00,0
1790619142,0,480361,0,627.44,0.00,4079615,24985599,62586879,395051007,2231369727,312064,8040480767,112889858.97,430208536.63,480361,10,10,10,0,0,0,0,0,0,0,0,0,0.00,0
1790619143,0,480361,0,626.62,0.00,4079615,24985599,62586879,395051007,2231369727,312064,8040480767,112889858.97,430208536.63,480361,10,10,10,0,0,0,0,0,0,0,0,0,0.00,0
1790619144,0,480361,0,625.81,0.00,4079615,24985599,62586879,395051007,2231369727,312064,8040480767,112889858.97,430208536.63,480361,10,10,10,0,0,0,0,0,0,0,0,0,0.00,0
1790619145,0,480361,0,624.99,0.00,4079615,24985599,62586879,395051007,2231369727,312064,8040480767,112889858.97,430208536.63,480361,10,10,10,0,0,0,0,0,0,0,0,0,0.00,0
1790619146,0,480361,0,624.18,0.00,4079615,24985599,62586879,395051007,2231369727,312064,8040480767,112889858.97,430208536.63,480361,10,10,10,0,0,0,0,0,0,0,0,0,0.00,0
1790619147,0,480361,0,623.37,0.00,4079615,24985599,62586879,395051007,2231369727,312064,8040480767,112889858.97,430208536.63,480361,10,10,10,0,0,0,0,0,0,0,0,0,0.00,0
1790619148,0,480361,0,622.56,0.00,4079615,24985599,62586879,395051007,2231369727,312064,8040480767,112889858.97,430208536.63,480361,10,10,10,0,0,0,0,0,0,0,0,0,0.00,0
1790619149,0,480361,0,621.76,0.00,4079615,24985599,62586879,395051007,2231369727,312064,8040480767,112889858.97,430208536.63,480361,10,10,10,0,0,0,0,0,0,0,0,0,0.00,0
1790619150,0,480361,0,620.95,0.00,4079615,24985599,62586879,395051007,2231369727,312064,8040480767,112889858.97,430208536.63,480361,10,10,10,0,0,0,0,0,0,0,0,0,0.00,0
1790619151,0,480361,0,620.15,0.00,4079615,24985599,62586879,395051007,2231369727,312064,8040480767,112889858.97,430208536.63,480361,10,10,10,0,0,0,0,0,0,0,0,0,0.00,0
1790619152,0,480361,0,619.35,0.00,4079615,24985599,62586879,395051007,2231369727,312064,8040480767,112889858.97,430208536.63,480361,10,10,10,0,0,0,0,0,0,0,0,0,0.00,0
1790619153,0,480361,0,618.56,0.00,4079615,24985599,62586879,395051007,2231369727,312064,8040480767,112889858.97,430208536.63,480361,10,10,10,0,0,0,0,0,0,0,0,0,0.00,0
1790619154,0,480361,0,617.76,0.00,4079615,24985599,62586879,395051007,2231369727,312064,8040480767,112889858.97,430208536.63,480361,10,10,10,0,0,0,0,0,0,0,0,0,0.00,0
1790619155,0,480361,0,616.97,0.00,4079615,24985599,62586879,395051007,2231369727,312064,8040480767,112889858.97,430208536.63,480361,10,10,10,0,0,0,0,0,0,0,0,0,0.00,0
1790619156,0,480361,0,616.17,0.00,4079615,24985599,62586879,395051007,2231369727,312064,8040480767,112889858.97,430208536.63,480361,10,10,10,0,0,0,0,0,0,0,0,0,0.00,0
1790619157,0,480361,0,615.39,0.00,4079615,24985599,62586879,395051007,2231369727,312064,8040480767,112889858.97,430208536.63,480361,10,10,10,0,0,0,0,0,0,0,0,0,0.00,0
1790619158,0,480361,0,614.60,0.00,4079615,24985599,62586879,395051007,2231369727,312064,8040480767,112889858.97,430208536.63,480361,10,10,10,0,0,0,0,0,0,0,0,0,0.00,0
1790619159,0,480361,0,613.81,0.00,4079615,24985599,62586879,395051007,2231369727,312064,8040480767,112889858.97,430208536.63,480361,10,10,10,0,0,0,0,0,0,0,0,0,0.00,0
1790619160,0,480361,0,613.03,0.00,4079615,24985599,62586879,395051007,2231369727,312064,8040480767,112889858.97,430208536.63,480361,10,10,10,0,0,0,0,0,0,0,0,0,0.00,0
1790619161,0,480361,0,612.25,0.00,4079615,24985599,62586879,395051007,2231369727,312064,8040480767,112889858.97,430208536.63,480361,10,10,10,0,0,0,0,0,0,0,0,0,0.00,0
1790619162,0,480361,0,611.47,0.00,4079615,24985599,62586879,395051007,2231369727,312064,8040480767,112889858.97,430208536.63,480361,10,10,10,0,0,0,0,0,0,0,0,0,0.00,0
1790619163,0,480361,0,610.69,0.00,4079615,24985599,62586879,395051007,2231369727,312064,8040480767,112889858.97,430208536.63,480361,10,10,10,0,0,0,0,0,0,0,0,0,0.00,0
1790619164,0,480361,0,609.92,0.00,4079615,24985599,62586879,395051007,2231369727,312064,8040480767,112889858.97,430208536.63,480361,10,10,10,0,0,0,0,0,0,0,0,0,0.00,0
1790619165,0,480361,0,609.14,0.00,4079615,24985599,62586879,395051007,2231369727,312064,8040480767,112889858.97,430208536.63,480361,10,10,10,0,0,0,0,0,0,0,0,0,0.00,0
1790619166,0,480361,0,608.37,0.00,4079615,24985599,62586879,395051007,2231369727,312064,8040480767,112889858.97,430208536.63,480361,10,10,10,0,0,0,0,0,0,0,0,0,0.00,0
1790619167,0,480361,0,607.60,0.00,4079615,24985599,62586879,395051007,2231369727,312064,8040480767,112889858.97,430208536.63,480361,10,10,10,0,0,0,0,0,0,0,0,0,0.00,0
1790619168,0,480361,0,606.83,0.00,4079615,24985599,62586879,395051007,2231369727,312064,8040480767,112889858.97,430208536.63,480361,10,10,10,0,0,0,0,0,0,0,0,0,0.00,0
1790619169,0,480361,0,606.07,0.00,4079615,24985599,62586879,395051007,2231369727,312064,8040480767,112889858.97,430208536.63,480361,10,10,10,0,0,0,0,0,0,0,0,0,0.00,0
1790619170,0,480361,0,605.30,0.00,4079615,24985599,62586879,395051007,2231369727,312064,8040480767,112889858.97,430208536.63,480361,10,10,10,0,0,0,0,0,0,0,0,0,0.00,0
1790619171,0,480361,0,604.54,0.00,4079615,24985599,62586879,395051007,2231369727,312064,8040480767,112889858.97,430208536.63,480361,10,10,10,0,0,0,0,0,0,0,0,0,0.00,0
1790619172,0,480361,0,603.78,0.00,4079615,24985599,62586879,395051007,2231369727,312064,8040480767,112889858.97,430208536.63,480361,10,10,10,0,0,0,0,0,0,0,0,0,0.00,0
1790619173,0,480361,0,603.03,0.00,4079615,24985599,62586879,395051007,2231369727,312064,8040480767,112889858.97,430208536.63,480361,10,10,10,0,0,0,0,0,0,0,0,0,0.00,0
1790619174,0,480361,0,602.27,0.00,4079615,24985599,62586879,395051007,2231369727,312064,8040480767,112889858.97,430208536.63,480361,10,10,10,0,0,0,0,0,0,0,0,0,0.00,0
1790619175,0,480361,0,601.51,0.00,4079615,24985599,62586879,395051007,2231369727,312064,8040480767,112889858.97,430208536.63,480361,10,10,10,0,0,0,0,0,0,0,0,0,0.00,0
1790619176,0,480361,0,600.76,0.00,4079615,24985599,62586879,395051007,2231369727,312064,8040480767,112889858.97,430208536.63,480361,10,10,10,0,0,0,0,0,0,0,0,0,0.00,0
1790619177,0,480361,0,600.01,0.00,4079615,24985599,62586879,395051007,2231369727,312064,8040480767,112889858.97,430208536.63,480361,10,10,10,0,0,0,0,0,0,0,0,0,0.00,0
1790619178,0,480361,0,599.26,0.00,4079615,24985599,62586879,395051007,2231369727,312064,8040480767,112889858.97,430208536.63,480361,10,10,10,0,0,0,0,0,0,0,0,0,0.00,0
1790619179,0,480361,0,598.52,0.00,4079615,24985599,62586879,395051007,2231369727,312064,8040480767,112889858.97,430208536.63,480361,10,10,10,0,0,0,0,0,0,0,0,0,0.00,0
1790619180,0,480361,0,597.77,0.00,4079615,24985599,62586879,395051007,2231369727,312064,8040480767,112889858.97,430208536.63,480361,10,10,10,0,0,0,0,0,0,0,0,0,0.00,0
1790619181,0,480361,0,597.03,0.00,4079615,24985599,62586879,395051007,2231369727,312064,8040480767,112889858.97,430208536.63,480361,10,10,10,0,0,0,0,0,0,0,0,0,0.00,0
1790619182,0,480361,0,596.29,0.00,4079615,24985599,62586879,395051007,2231369727,312064,8040480767,112889858.97,430208536.63,480361,10,10,10,0,0,0,0,0,0,0,0,0,0.00,0
1790619183,0,480361,0,595.55,0.00,4079615,24985599,62586879,395051007,2231369727,312064,8040480767,112889858.97,430208536.63,480361,10,10,10,0,0,0,0,0,0,0,0,0,0.00,0
1790619184,0,480361,0,594.81,0.00,4079615,24985599,62586879,395051007,2231369727,312064,8040480767,112889858.97,430208536.63,480361,10,10,10,0,0,0,0,0,0,0,0,0,0.00,0
1790619185,0,480361,0,594.08,0.00,4079615,24985599,62586879,395051007,2231369727,312064,8040480767,112889858.97,430208536.63,480361,10,10,10,0,0,0,0,0,0,0,0,0,0.00,0
1790619186,0,480361,0,593.34,0.00,4079615,24985599,62586879,395051007,2231369727,312064,8040480767,112889858.97,430208536.63,480361,10,10,10,0,0,0,0,0,0,0,0,0,0.00,0
1790619187,0,480361,0,592.61,0.00,4079615,24985599,62586879,395051007,2231369727,312064,8040480767,112889858.97,430208536.63,480361,10,10,10,0,0,0,0,0,0,0,0,0,0.00,0
1790619188,0,480361,0,591.88,0.00,4079615,24985599,62586879,395051007,2231369727,312064,8040480767,112889858.97,430208536.63,480361,10,10,10,0,0,0,0,0,0,0,0,0,0.00,0
1790619189,0,480361,0,591.15,0.00,4079615,24985599,62586879,395051007,2231369727,312064,8040480767,112889858.97,430208536.63,480361,10,10,10,0,0,0,0,0,0,0,0,0,0.00,0
1790619190,0,480361,0,590.42,0.00,4079615,24985599,62586879,395051007,2231369727,312064,8040480767,112889858.97,430208536.63,480361,10,10,10,0,0,0,0,0,0,0,0,0,0.00,0
1790619191,0,480361,0,589.70,0.00,4079615,24985599,62586879,395051007,2231369727,312064,8040480767,112889858.97,430208536.63,480361,10,10,10,0,0,0,0,0,0,0,0,0,0.00,0
1790619192,0,480361,0,588.98,0.00,4079615,24985599,62586879,395051007,2231369727,312064,8040480767,112889858.97,430208536.63,480361,10,10,10,0,0,0,0,0,0,0,0,0,0.00,0
1790619193,0,480361,0,588.26,0.00,4079615,24985599,62586879,395051007,2231369727,312064,8040480767,112889858.97,430208536.63,480361,10,10,10,0,0,0,0,0,0,0,0,0,0.00,0
1790619194,0,480361,0,587.54,0.00,4079615,24985599,62586879,395051007,2231369727,312064,8040480767,112889858.97,430208536.63,480361,10,10,10,0,0,0,0,0,0,0,0,0,0.00,0
1790619195,0,480361,0,586.82,0.00,4079615,24985599,62586879,395051007,2231369727,312064,8040480767,112889858.97,430208536.63,480361,10,10,10,0,0,0,0,0,0,0,0,0,0.00,0
1790619196,0,480361,0,586.10,0.00,4079615,24985599,62586879,395051007,2231369727,312064,8040480767,112889858.97,430208536.63,480361,10,10,10,0,0,0,0,0,0,0,0,0,0.00,0
1790619197,0,480361,0,585.39,0.00,4079615,24985599,62586879,395051007,2231369727,312064,8040480767,112889858.97,430208536.63,480361,10,10,10,0,0,0,0,0,0,0,0,0,0.00,0
1790619198,0,480361,0,584.68,0.00,4079615,24985599,62586879,395051007,2231369727,312064,8040480767,112889858.97,430208536.63,480361,10,10,10,0,0,0,0,0,0,0,0,0,0.00,0
1790619199,0,480361,0,583.96,0.00,4079615,24985599,62586879,395051007,2231369727,312064,8040480767,112889858.97,430208536.63,480361,10,10,10,0,0,0,0,0,0,0,0,0,0.00,0
1790619200,0,480361,0,583.26,0.00,4079615,24985599,62586879,395051007,2231369727,312064,8040480767,112889858.97,430208536.63,480361,10,10,10,0,0,0,0,0,0,0,0,0,0.00,0
1790619201,0,480361,0,582.55,0.00,4079615,24985599,62586879,395051007,2231369727,312064,8040480767,112889858.97,430208536.63,480361,10,10,10,0,0,0,0,0,0,0,0,0,0.00,0
1790619202,0,480361,0,581.84,0.00,4079615,24985599,62586879,395051007,2231369727,312064,8040480767,112889858.97,430208536.63,480361,10,10,10,0,0,0,0,0,0,0,0,0,0.00,0
1790619203,0,480361,0,581.14,0.00,4079615,24985599,62586879,395051007,2231369727,312064,8040480767,112889858.97,430208536.63,480361,10,10,10,0,0,0,0,0,0,0,0,0,0.00,0
1790619204,0,480361,0,580.44,0.00,4079615,24985599,62586879,395051007,2231369727,312064,8040480767,112889858.97,430208536.63,480361,10,10,10,0,0,0,0,0,0,0,0,0,0.00,0
1790619205,0,480361,0,579.74,0.00,4079615,24985599,62586879,395051007,2231369727,312064,8040480767,112889858.97,430208536.63,480361,10,10,10,0,0,0,0,0,0,0,0,0,0.00,0
1790619206,0,480361,0,579.04,0.00,4079615,24985599,62586879,395051007,2231369727,312064,8040480767,112889858.97,430208536.63,480361,10,10,10,0,0,0,0,0,0,0,0,0,0.00,0
1790619207,0,480361,0,578.34,0.00,4079615,24985599,62586879,395051007,2231369727,312064,8040480767,112889858.97,430208536.63,480361,10,10,10,0,0,0,0,0,0,0,0,0,0.00,0
1790619208,0,480361,0,577.64,0.00,4079615,24985599,62586879,395051007,2231369727,312064,8040480767,112889858.97,430208536.63,480361,10,10,10,0,0,0,0,0,0,0,0,0,0.00,0
1790619209,0,480361,0,576.95,0.00,4079615,24985599,62586879,395051007,2231369727,312064,8040480767,112889858.97,430208536.63,480361,10,10,10,0,0,0,0,0,0,0,0,0,0.00,0
1790619210,0,480361,0,576.26,0.00,4079615,24985599,62586879,395051007,2231369727,312064,8040480767,112889858.97,430208536.63,480361,10,10,10,0,0,0,0,0,0,0,0,0,0.00,0
1790619211,0,480361,0,575.57,0.00,4079615,24985599,62586879,395051007,2231369727,312064,8040480767,112889858.97,430208536.63,480361,10,10,10,0,0,0,0,0,0,0,0,0,0.00,0
1790619212,0,480361,0,574.88,0.00,4079615,24985599,62586879,395051007,2231369727,312064,8040480767,112889858.97,430208536.63,480361,10,10,10,0,0,0,0,0,0,0,0,0,0.00,0
1790619213,0,480361,0,574.19,0.00,4079615,24985599,62586879,395051007,2231369727,312064,8040480767,112889858.97,430208536.63,480361,10,10,10,0,0,0,0,0,0,0,0,0,0.00,0
1790619214,0,480361,0,573.51,0.00,4079615,24985599,62586879,395051007,2231369727,312064,8040480767,112889858.97,430208536.63,480361,10,10,10,0,0,0,0,0,0,0,0,0,0.00,0
1790619215,0,480361,0,572.82,0.00,4079615,24985599,62586879,395051007,2231369727,312064,8040480767,112889858.97,430208536.63,480361,10,10,10,0,0,0,0,0,0,0,0,0,0.00,0
1790619216,0,480361,0,572.14,0.00,4079615,24985599,62586879,395051007,2231369727,312064,8040480767,112889858.97,430208536.63,480361,10,10,10,0,0,0,0,0,0,0,0,0,0.00,0
1790619217,0,480361,0,571.46,0.00,4079615,24985599,62586879,395051007,2231369727,312064,8040480767,112889858.97,430208536.63,480361,10,10,10,0,0,0,0,0,0,0,0,0,0.00,0
1790619218,0,480361,0,570.78,0.00,4079615,24985599,62586879,395051007,2231369727,312064,8040480767,112889858.97,430208536.63,480361,10,10,10,0,0,0,0,0,0,0,0,0,0.00,0
1790619219,0,480361,0,570.10,0.00,4079615,24985599,62586879,395051007,2231369727,312064,8040480767,112889858.97,430208536.63,480361,10,10,10,0,0,0,0,0,0,0,0,0,0.00,0
1790619220,0,480361,0,569.43,0.00,4079615,24985599,62586879,395051007,2231369727,312064,8040480767,112889858.97,430208536.63,480361,10,10,10,0,0,0,0,0,0,0,0,0,0.00,0
1790619221,0,480361,0,568.75,0.00,4079615,24985599,62586879,395051007,2231369727,312064,8040480767,112889858.97,430208536.63,480361,10,10,10,0,0,0,0,0,0,0,0,0,0.00,0
1790619222,0,480361,0,568.08,0.00,4079615,24985599,62586879,395051007,2231369727,312064,8040480767,112889858.97,430208536.63,480361,10,10,10,0,0,0,0,0,0,0,0,0,0.00,0
1790619223,0,480361,0,567.41,0.00,4079615,24985599,62586879,395051007,2231369727,312064,8040480767,112889858.97,430208536.63,480361,10,10,10,0,0,0,0,0,0,0,0,0,0.00,0
1790619224,0,480361,0,566.74,0.00,4079615,24985599,62586879,395051007,2231369727,312064,8040480767,112889858.97,430208536.63,480361,10,10,10,0,0,0,0,0,0,0,0,0,0.00,0
1790619225,0,480361,0,566.07,0.00,4079615,24985599,62586879,395051007,2231369727,312064,8040480767,112889858.97,430208536.63,480361,10,10,10,0,0,0,0,0,0,0,0,0,0.00,0
1790619226,0,480361,0,565.41,0.00,4079615,24985599,62586879,395051007,2231369727,312064,8040480767,112889858.97,430208536.63,480361,10,10,10,0,0,0,0,0,0,0,0,0,0.00,0
1790619227,0,480361,0,564.74,0.00,4079615,24985599,62586879,395051007,2231369727,312064,8040480767,112889858.97,430208536.63,480361,10,10,10,0,0,0,0,0,0,0,0,0,0.00,0
1790619228,0,480361,0,564.08,0.00,4079615,24985599,62586879,395051007,2231369727,312064,8040480767,112889858.97,430208536.63,480361,10,10,10,0,0,0,0,0,0,0,0,0,0.00,0
1790619229,0,480361,0,563.42,0.00,4079615,24985599,62586879,395051007,2231369727,312064,8040480767,112889858.97,430208536.63,480361,10,10,10,0,0,0,0,0,0,0,0,0,0.00,0
1790619230,0,480361,0,562.76,0.00,4079615,24985599,62586879,395051007,2231369727,312064,8040480767,112889858.97,430208536.63,480361,10,10,10,0,0,0,0,0,0,0,0,0,0.00,0
1790619231,0,480361,0,562.10,0.00,4079615,24985599,62586879,395051007,2231369727,312064,8040480767,112889858.97,430208536.63,480361,10,10,10,0,0,0,0,0,0,0,0,0,0.00,0
1790619232,0,480361,0,561.44,0.00,4079615,24985599,62586879,395051007,2231369727,312064,8040480767,112889858.97,430208536.63,480361,10,10,10,0,0,0,0,0,0,0,0,0,0.00,0
1790619233,0,480361,0,560.79,0.00,4079615,24985599,62586879,395051007,2231369727,312064,8040480767,112889858.97,430208536.63,480361,10,10,10,0,0,0,0,0,0,0,0,0,0.00,0
1790619234,0,480361,0,560.13,0.00,4079615,24985599,62586879,395051007,2231369727,312064,8040480767,112889858.97,430208536.63,480361,10,10,10,0,0,0,0,0,0,0,0,0,0.00,0
1790619235,0,480361,0,559.48,0.00,4079615,24985599,62586879,395051007,2231369727,312064,8040480767,112889858.97,430208536.63,480361,10,10,10,0,0,0,0,0,0,0,0,0,0.00,0
1790619236,0,480361,0,558.83,0.00,4079615,24985599,62586879,395051007,2231369727,312064,8040480767,112889858.97,430208536.63,480361,10,10,10,0,0,0,0,0,0,0,0,0,0.00,0
1790619237,0,480361,0,558.18,0.00,4079615,24985599,62586879,395051007,2231369727,312064,8040480767,112889858.97,430208536.63,480361,10,10,10,0,0,0,0,0,0,0,0,0,0.00,0
1790619238,0,480361,0,557.53,0.00,4079615,24985599,62586879,395051007,2231369727,312064,8040480767,112889858.97,430208536.63,480361,10,10,10,0,0,0,0,0,0,0,0,0,0.00,0
1790619239,0,480361,0,556.89,0.00,4079615,24985599,62586879,395051007,2231369727,312064,8040480767,112889858.97,430208536.63,480361,10,10,10,0,0,0,0,0,0,0,0,0,0.00,0
1790619240,0,480361,0,556.24,0.00,4079615,24985599,62586879,395051007,2231369727,312064,8040480767,112889858.97,430208536.63,480361,10,10,10,0,0,0,0,0,0,0,0,0,0.00,0
1790619241,0,480361,0,555.60,0.00,4079615,24985599,62586879,395051007,2231369727,312064,8040480767,112889858.97,430208536.63,480361,10,10,10,0,0,0,0,0,0,0,0,0,0.00,0
1790619242,0,480361,0,554.96,0.00,4079615,24985599,62586879,395051007,2231369727,312064,8040480767,112889858.97,430208536.63,480361,10,10,10,0,0,0,0,0,0,0,0,0,0.00,0
1790619243,0,480361,0,554.31,0.00,4079615,24985599,62586879,395051007,2231369727,312064,8040480767,112889858.97,430208536.63,480361,10,10,10,0,0,0,0,0,0,0,0,0,0.00,0
1790619244,0,480361,0,553.68,0.00,4079615,24985599,62586879,395051007,2231369727,312064,8040480767,112889858.97,430208536.63,480361,10,10,10,0,0,0,0,0,0,0,0,0,0.00,0
1790619245,0,480361,0,553.04,0.00,4079615,24985599,62586879,395051007,2231369727,312064,8040480767,112889858.97,430208536.63,480361,10,10,10,0,0,0,0,0,0,0,0,0,0.00,0
1790619246,0,480361,0,552.40,0.00,4079615,24985599,62586879,395051007,2231369727,312064,8040480767,112889858.97,430208536.63,480361,10,10,10,0,0,0,0,0,0,0,0,0,0.00,0
1790619247,0,480361,0,551.77,0.00,4079615,24985599,62586879,395051007,2231369727,312064,8040480767,112889858.97,430208536.63,480361,10,10,10,0,0,0,0,0,0,0,0,0,0.00,0
1790619248,0,480361,0,551.13,0.00,4079615,24985599,62586879,395051007,2231369727,312064,8040480767,112889858.97,430208536.63,480361,10,10,10,0,0,0,0,0,0,0,0,0,0.00,0
1790619249,0,480361,0,550.50,0.00,4079615,24985599,62586879,395051007,2231369727,312064,8040480767,112889858.97,430208536.63,480361,10,10,10,0,0,0,0,0,0,0,0,0,0.00,0
1790619250,0,480361,0,549.87,0.00,4079615,24985599,62586879,395051007,2231369727,312064,8040480767,112889858.97,430208536.63,480361,10,10,10,0,0,0,0,0,0,0,0,0,0.00,0
1790619251,0,480361,0,549.24,0.00,4079615,24985599,62586879,395051007,2231369727,312064,8040480767,112889858.97,430208536.63,480361,10,10,10,0,0,0,0,0,0,0,0,0,0.00,0
1790619252,0,480361,0,548.62,0.00,4079615,24985599,62586879,395051007,2231369727,312064,8040480767,112889858.97,430208536.63,480361,10,10,10,0,0,0,0,0,0,0,0,0,0.00,0
1790619253,0,480361,0,547.99,0.00,4079615,24985599,62586879,395051007,2231369727,312064,8040480767,112889858.97,430208536.63,480361,10,10,10,0,0,0,0,0,0,0,0,0,0.00,0
1790619254,0,480361,0,547.37,0.00,4079615,24985599,62586879,395051007,2231369727,312064,8040480767,112889858.97,430208536.63,480361,10,10,10,0,0,0,0,0,0,0,0,0,0.00,0
1790619255,0,480361,0,546.74,0.00,4079615,24985599,62586879,395051007,2231369727,312064,8040480767,112889858.97,430208536.63,480361,10,10,10,0,0,0,0,0,0,0,0,0,0.00,0
1790619256,0,480361,0,546.12,0.00,4079615,24985599,62586879,395051007,2231369727,312064,8040480767,112889858.97,430208536.63,480361,10,10,10,0,0,0,0,0,0,0,0,0,0.00,0
1790619257,0,480361,0,545.50,0.00,4079615,24985599,62586879,395051007,2231369727,312064,8040480767,112889858.97,430208536.63,480361,10,10,10,0,0,0,0,0,0,0,0,0,0.00,0
1790619258,0,480361,0,544.88,0.00,4079615,24985599,62586879,395051007,2231369727,312064,8040480767,112889858.97,430208536.63,480361,10,10,10,0,0,0,0,0,0,0,0,0,0.00,0
1790619259,0,480361,0,544.27,0.00,4079615,24985599,62586879,395051007,2231369727,312064,8040480767,112889858.97,430208536.63,480361,10,10,10,0,0,0,0,0,0,0,0,0,0.00,0
1790619260,0,480361,0,543.65,0.00,4079615,24985599,62586879,395051007,2231369727,312064,8040480767,112889858.97,430208536.63,480361,10,10,10,0,0,0,0,0,0,0,0,0,0.00,0
1790619261,0,480361,0,543.04,0.00,4079615,24985599,62586879,395051007,2231369727,312064,8040480767,112889858.97,430208536.63,480361,10,10,10,0,0,0,0,0,0,0,0,0,0.00,0
1790619262,0,480361,0,542.42,0.00,4079615,24985599,62586879,395051007,2231369727,312064,8040480767,112889858.97,430208536.63,480361,10,10,10,0,0,0,0,0,0,0,0,0,0.00,0
1790619263,0,480361,0,541.81,0.00,4079615,24985599,62586879,395051007,2231369727,312064,8040480767,112889858.97,430208536.63,480361,10,10,10,0,0,0,0,0,0,0,0,0,0.00,0
1790619264,0,480361,0,541.20,0.00,4079615,24985599,62586879,395051007,2231369727,312064,8040480767,112889858.97,430208536.63,480361,10,10,10,0,0,0,0,0,0,0,0,0,0.00,0
1790619265,0,480361,0,540.59,0.00,4079615,24985599,62586879,395051007,2231369727,312064,8040480767,112889858.97,430208536.63,480361,10,10,10,0,0,0,0,0,0,0,0,0,0.00,0
1790619266,0,480361,0,539.98,0.00,4079615,24985599,62586879,395051007,2231369727,312064,8040480767,112889858.97,430208536.63,480361,10,10,10,0,0,0,0,0,0,0,0,0,0.00,0
1790619267,0,480361,0,539.38,0.00,4079615,24985599,62586879,395051007,2231369727,312064,8040480767,112889858.97,430208536.63,480361,10,10,10,0,0,0,0,0,0,0,0,0,0.00,0
1790619268,0,480361,0,538.77,0.00,4079615,24985599,62586879,395051007,2231369727,312064,8040480767,112889858.97,430208536.63,480361,10,10,10,0,0,0,0,0,0,0,0,0,0.00,0
1790619269,0,480361,0,538.17,0.00,4079615,24985599,62586879,395051007,2231369727,312064,8040480767,112889858.97,430208536.63,480361,10,10,10,0,0,0,0,0,0,0,0,0,0.00,0
1790619270,0,480361,0,537.57,0.00,4079615,24985599,62586879,395051007,2231369727,312064,8040480767,112889858.97,430208536.63,480361,10,10,10,0,0,0,0,0,0,0,0,0,0.00,0
1790619271,0,480361,0,536.97,0.00,4079615,24985599,62586879,395051007,2231369727,312064,8040480767,112889858.97,430208536.63,480361,10,10,10,0,0,0,0,0,0,0,0,0,0.00,0
1790619272,0,480361,0,536.37,0.00,4079615,24985599,62586879,395051007,2231369727,312064,8040480767,112889858.97,430208536.63,480361,10,10,10,0,0,0,0,0,0,0,0,0,0.00,0
1790619273,0,480361,0,535.77,0.00,4079615,24985599,62586879,395051007,2231369727,312064,8040480767,112889858.97,430208536.63,480361,10,10,10,0,0,0,0,0,0,0,0,0,0.00,0
1790619274,0,480361,0,535.17,0.00,4079615,24985599,62586879,395051007,2231369727,312064,8040480767,112889858.97,430208536.63,480361,10,10,10,0,0,0,0,0,0,0,0,0,0.00,0
1790619275,0,480361,0,534.57,0.00,4079615,24985599,62586879,395051007,2231369727,312064,8040480767,112889858.97,430208536.63,480361,10,10,10,0,0,0,0,0,0,0,0,0,0.00,0
1790619276,0,480361,0,533.98,0.00,4079615,24985599,62586879,395051007,2231369727,312064,8040480767,112889858.97,430208536.63,480361,10,10,10,0,0,0,0,0,0,0,0,0,0.00,0
1790619277,0,480361,0,533.39,0.00,4079615,24985599,62586879,395051007,2231369727,312064,8040480767,112889858.97,430208536.63,480361,10,10,10,0,0,0,0,0,0,0,0,0,0.00,0
1790619278,0,480361,0,532.80,0.00,4079615,24985599,62586879,395051007,2231369727,312064,8040480767,112889858.97,430208536.63,480361,10,10,10,0,0,0,0,0,0,0,0,0,0.00,0
1790619279,0,480361,0,532.21,0.00,4079615,24985599,62586879,395051007,2231369727,312064,8040480767,112889858.97,430208536.63,480361,10,10,10,0,0,0,0,0,0,0,0,0,0.00,0
1790619280,0,480361,0,531.62,0.00,4079615,24985599,62586879,395051007,2231369727,312064,8040480767,112889858.97,430208536.63,480361,10,10,10,0,0,0,0,0,0,0,0,0,0.00,0
1790619281,0,480361,0,531.03,0.00,4079615,24985599,62586879,395051007,2231369727,312064,8040480767,112889858.97,430208536.63,480361,10,10,10,0,0,0,0,0,0,0,0,0,0.00,0
1790619282,0,480361,0,530.44,0.00,4079615,24985599,62586879,395051007,2231369727,312064,8040480767,112889858.97,430208536.63,480361,10,10,10,0,0,0,0,0,0,0,0,0,0.00,0
1790619283,0,480361,0,529.86,0.00,4079615,24985599,62586879,395051007,2231369727,312064,8040480767,112889858.97,430208536.63,480361,10,10,10,0,0,0,0,0,0,0,0,0,0.00,0
1790619284,0,480361,0,529.27,0.00,4079615,24985599,62586879,395051007,2231369727,312064,8040480767,112889858.97,430208536.63,480361,10,10,10,0,0,0,0,0,0,0,0,0,0.00,0
1790619285,0,480361,0,528.69,0.00,4079615,24985599,62586879,395051007,2231369727,312064,8040480767,112889858.97,430208536.63,480361,10,10,10,0,0,0,0,0,0,0,0,0,0.00,0
1790619286,0,480361,0,528.11,0.00,4079615,24985599,62586879,395051007,2231369727,312064,8040480767,112889858.97,430208536.63,480361,10,10,10,0,0,0,0,0,0,0,0,0,0.00,0
1790619287,0,480361,0,527.53,0.00,4079615,24985599,62586879,395051007,2231369727,312064,8040480767,112889858.97,430208536.63,480361,10,10,10,0,0,0,0,0,0,0,0,0,0.00,0
1790619288,0,480361,0,526.95,0.00,4079615,24985599,62586879,395051007,2231369727,312064,8040480767,112889858.97,430208536.63,480361,10,10,10,0,0,0,0,0,0,0,0,0,0.00,0
1790619289,0,480361,0,526.37,0.00,4079615,24985599,62586879,395051007,2231369727,312064,8040480767,112889858.97,430208536.63,480361,10,10,10,0,0,0,0,0,0,0,0,0,0.00,0
1790619290,0,480361,0,525.80,0.00,4079615,24985599,62586879,395051007,2231369727,312064,8040480767,112889858.97,430208536.63,480361,10,10,10,0,0,0,0,0,0,0,0,0,0.00,0
1790619291,0,480361,0,525.22,0.00,4079615,24985599,62586879,395051007,2231369727,312064,8040480767,112889858.97,430208536.63,480361,10,10,10,0,0,0,0,0,0,0,0,0,0.00,0
1790619292,0,480361,0,524.65,0.00,4079615,24985599,62586879,395051007,2231369727,312064,8040480767,112889858.97,430208536.63,480361,10,10,10,0,0,0,0,0,0,0,0,0,0.00,0
1790619293,0,480361,0,524.08,0.00,4079615,24985599,62586879,395051007,2231369727,312064,8040480767,112889858.97,430208536.63,480361,10,10,10,0,0,0,0,0,0,0,0,0,0.00,0
1790619294,0,480361,0,523.51,0.00,4079615,24985599,62586879,395051007,2231369727,312064,8040480767,112889858.97,430208536.63,480361,10,10,10,0,0,0,0,0,0,0,0,0,0.00,0
1790619295,0,480361,0,522.94,0.00,4079615,24985599,62586879,395051007,2231369727,312064,8040480767,112889858.97,430208536.63,480361,10,10,10,0,0,0,0,0,0,0,0,0,0.00,0
1790619296,0,480361,0,522.37,0.00,4079615,24985599,62586879,395051007,2231369727,312064,8040480767,112889858.97,430208536.63,480361,10,10,10,0,0,0,0,0,0,0,0,0,0.00,0
1790619297,0,480361,0,521.80,0.00,4079615,24985599,62586879,395051007,2231369727,312064,8040480767,112889858.97,430208536.63,480361,10,10,10,0,0,0,0,0,0,0,0,0,0.00,0
1790619298,0,480361,0,521.23,0.00,4079615,24985599,62586879,395051007,2231369727,312064,8040480767,112889858.97,430208536.63,480361,10,10,10,0,0,0,0,0,0,0,0,0,0.00,0
1790619299,0,480361,0,520.67,0.00,4079615,24985599,62586879,395051007,2231369727,312064,8040480767,112889858.97,430208536.63,480361,10,10,10,0,0,0,0,0,0,0,0,0,0.00,0
1790619300,0,480361,0,520.10,0.00,4079615,24985599,62586879,395051007,2231369727,312064,8040480767,112889858.97,430208536.63,480361,10,10,10,0,0,0,0,0,0,0,0,0,0.00,0
1790619301,0,480361,0,519.54,0.00,4079615,24985599,62586879,395051007,2231369727,312064,8040480767,112889858.97,430208536.63,480361,10,10,10,0,0,0,0,0,0,0,0,0,0.00,0
1790619302,0,480361,0,518.98,0.00,4079615,24985599,62586879,395051007,2231369727,312064,8040480767,112889858.97,430208536.63,480361,10,10,10,0,0,0,0,0,0,0,0,0,0.00,0
1790619303,0,480361,0,518.42,0.00,4079615,24985599,62586879,395051007,2231369727,312064,8040480767,112889858.97,430208536.63,480361,10,10,10,0,0,0,0,0,0,0,0,0,0.00,0
1790619304,0,480361,0,517.86,0.00,4079615,24985599,62586879,395051007,2231369727,312064,8040480767,112889858.97,430208536.63,480361,10,10,10,0,0,0,0,0,0,0,0,0,0.00,0
1790619305,0,480361,0,517.30,0.00,4079615,24985599,62586879,395051007,2231369727,312064,8040480767,112889858.97,430208536.63,480361,10,10,10,0,0,0,0,0,0,0,0,0,0.00,0
1790619306,0,480361,0,516.75,0.00,4079615,24985599,62586879,395051007,2231369727,312064,8040480767,112889858.97,430208536.63,480361,10,10,10,0,0,0,0,0,0,0,0,0,0.00,0
1790619307,0,480361,0,516.19,0.00,4079615,24985599,62586879,395051007,2231369727,312064,8040480767,112889858.97,430208536.63,480361,10,10,10,0,0,0,0,0,0,0,0,0,0.00,0
1790619308,0,480361,0,515.64,0.00,4079615,24985599,62586879,395051007,2231369727,312064,8040480767,112889858.97,430208536.63,480361,10,10,10,0,0,0,0,0,0,0,0,0,0.00,0
1790619309,0,480361,0,515.09,0.00,4079615,24985599,62586879,395051007,2231369727,312064,8040480767,112889858.97,430208536.63,480361,10,10,10,0,0,0,0,0,0,0,0,0,0.00,0
1790619310,0,480361,0,514.53,0.00,4079615,24985599,62586879,395051007,2231369727,312064,8040480767,112889858.97,430208536.63,480361,10,10,10,0,0,0,0,0,0,0,0,0,0.00,0
1790619311,0,480361,0,513.98,0.00,4079615,24985599,62586879,395051007,2231369727,312064,8040480767,112889858.97,430208536.63,480361,10,10,10,0,0,0,0,0,0,0,0,0,0.00,0
1790619312,0,480361,0,513.43,0.00,4079615,24985599,62586879,395051007,2231369727,312064,8040480767,112889858.97,430208536.63,480361,10,10,10,0,0,0,0,0,0,0,0,0,0.00,0
1790619313,0,480361,0,512.89,0.00,4079615,24985599,62586879,395051007,2231369727,312064,8040480767,112889858.97,430208536.63,480361,10,10,10,0,0,0,0,0,0,0,0,0,0.00,0
1790619314,0,480361,0,512.34,0.00,4079615,24985599,62586879,395051007,2231369727,312064,8040480767,112889858.97,430208536.63,480361,10,10,10,0,0,0,0,0,0,0,0,0,0.00,0
1790619315,0,480361,0,511.79,0.00,4079615,24985599,62586879,395051007,2231369727,312064,8040480767,112889858.97,430208536.63,480361,10,10,10,0,0,0,0,0,0,0,0,0,0.00,0
1790619316,0,480361,0,511.25,0.00,4079615,24985599,62586879,395051007,2231369727,312064,8040480767,112889858.97,430208536.63,480361,10,10,10,0,0,0,0,0,0,0,0,0,0.00,0
1790619317,0,480361,0,510.70,0.00,4079615,24985599,62586879,395051007,2231369727,312064,8040480767,112889858.97,430208536.63,480361,10,10,10,0,0,0,0,0,0,0,0,0,0.00,0
1790619318,0,480361,0,510.16,0.00,4079615,24985599,62586879,395051007,2231369727,312064,8040480767,112889858.97,430208536.63,480361,10,10,10,0,0,0,0,0,0,0,0,0,0.00,0
1790619319,0,480361,0,509.62,0.00,4079615,24985599,62586879,395051007,2231369727,312064,8040480767,112889858.97,430208536.63,480361,10,10,10,0,0,0,0,0,0,0,0,0,0.00,0
1790619320,0,480361,0,509.08,0.00,4079615,24985599,62586879,395051007,2231369727,312064,8040480767,112889858.97,430208536.63,480361,10,10,10,0,0,0,0,0,0,0,0,0,0.00,0
1790619321,0,480361,0,508.54,0.00,4079615,24985599,62586879,395051007,2231369727,312064,8040480767,112889858.97,430208536.63,480361,10,10,10,0,0,0,0,0,0,0,0,0,0.00,0
1790619322,0,480361,0,508.00,0.00,4079615,24985599,62586879,395051007,2231369727,312064,8040480767,112889858.97,430208536.63,480361,10,10,10,0,0,0,0,0,0,0,0,0,0.00,0
1790619323,0,480361,0,507.47,0.00,4079615,24985599,62586879,395051007,2231369727,312064,8040480767,112889858.97,430208536.63,480361,10,10,10,0,0,0,0,0,0,0,0,0,0.00,0
1790619324,0,480361,0,506.93,0.00,4079615,24985599,62586879,395051007,2231369727,312064,8040480767,112889858.97,430208536.63,480361,10,10,10,0,0,0,0,0,0,0,0,0,0.00,0
1790619325,0,480361,0,506.40,0.00,4079615,24985599,62586879,395051007,2231369727,312064,8040480767,112889858.97,430208536.63,480361,10,10,10,0,0,0,0,0,0,0,0,0,0.00,0
1790619326,0,480361,0,505.86,0.00,4079615,24985599,62586879,395051007,2231369727,312064,8040480767,112889858.97,430208536.63,480361,10,10,10,0,0,0,0,0,0,0,0,0,0.00,0
1790619327,0,480361,0,505.33,0.00,4079615,24985599,62586879,395051007,2231369727,312064,8040480767,112889858.97,430208536.63,480361,10,10,10,0,0,0,0,0,0,0,0,0,0.00,0
1790619328,0,480361,0,504.80,0.00,4079615,24985599,62586879,395051007,2231369727,312064,8040480767,112889858.97,430208536.63,480361,10,10,10,0,0,0,0,0,0,0,0,0,0.00,0
1790619329,0,480361,0,504.27,0.00,4079615,24985599,62586879,395051007,2231369727,312064,8040480767,112889858.97,430208536.63,480361,10,10,10,0,0,0,0,0,0,0,0,0,0.00,0
1790619330,0,480361,0,503.74,0.00,4079615,24985599,62586879,395051007,2231369727,312064,8040480767,112889858.97,430208536.63,480361,10,10,10,0,0,0,0,0,0,0,0,0,0.00,0
1790619331,0,480361,0,503.21,0.00,4079615,24985599,62586879,395051007,2231369727,312064,8040480767,112889858.97,430208536.63,480361,10,10,10,0,0,0,0,0,0,0,0,0,0.00,0
1790619332,0,480361,0,502.69,0.00,4079615,24985599,62586879,395051007,2231369727,312064,8040480767,112889858.97,430208536.63,480361,10,10,10,0,0,0,0,0,0,0,0,0,0.00,0
1790619333,0,480361,0,502.16,0.00,4079615,24985599,62586879,395051007,2231369727,312064,8040480767,112889858.97,430208536.63,480361,10,10,10,0,0,0,0,0,0,0,0,0,0.00,0
1790619334,0,480361,0,501.64,0.00,4079615,24985599,62586879,395051007,2231369727,312064,8040480767,112889858.97,430208536.63,480361,10,10,10,0,0,0,0,0,0,0,0,0,0.00,0
1790619335,0,480361,0,501.11,0.00,4079615,24985599,62586879,395051007,2231369727,312064,8040480767,112889858.97,430208536.63,480361,10,10,10,0,0,0,0,0,0,0,0,0,0.00,0
1790619336,0,480361,0,500.59,0.00,4079615,24985599,62586879,395051007,2231369727,312064,8040480767,112889858.97,430208536.63,480361,10,10,10,0,0,0,0,0,0,0,0,0,0.00,0
1790619337,0,480361,0,500.07,0.00,4079615,24985599,62586879,395051007,2231369727,312064,8040480767,112889858.97,430208536.63,480361,10,10,10,0,0,0,0,0,0,0,0,0,0.00,0
1790619338,0,480361,0,499.55,0.00,4079615,24985599,62586879,395051007,2231369727,312064,8040480767,112889858.97,430208536.63,480361,10,10,10,0,0,0,0,0,0,0,0,0,0.00,0
1790619339,0,480361,0,499.03,0.00,4079615,24985599,62586879,395051007,2231369727,312064,8040480767,112889858.97,430208536.63,480361,10,10,10,0,0,0,0,0,0,0,0,0,0.00,0
1790619340,0,480361,0,498.51,0.00,4079615,24985599,62586879,395051007,2231369727,312064,8040480767,112889858.97,430208536.63,480361,10,10,10,0,0,0,0,0,0,0,0,0,0.00,0
1790619341,0,480361,0,498.00,0.00,4079615,24985599,62586879,395051007,2231369727,312064,8040480767,112889858.97,430208536.63,480361,10,10,10,0,0,0,0,0,0,0,0,0,0.00,0
1790619342,0,480361,0,497.48,0.00,4079615,24985599,62586879,395051007,2231369727,312064,8040480767,112889858.97,430208536.63,480361,10,10,10,0,0,0,0,0,0,0,0,0,0.00,0
1790619343,0,480361,0,496.97,0.00,4079615,24985599,62586879,395051007,2231369727,312064,8040480767,112889858.97,430208536.63,480361,10,10,10,0,0,0,0,0,0,0,0,0,0.00,0
1790619344,0,480361,0,496.45,0.00,4079615,24985599,62586879,395051007,2231369727,312064,8040480767,112889858.97,430208536.63,480361,10,10,10,0,0,0,0,0,0,0,0,0,0.00,0
1790619345,0,480361,0,495.94,0.00,4079615,24985599,62586879,395051007,2231369727,312064,8040480767,112889858.97,430208536.63,480361,10,10,10,0,0,0,0,0,0,0,0,0,0.00,0
1790619346,0,480361,0,495.43,0.00,4079615,24985599,62586879,395051007,2231369727,312064,8040480767,112889858.97,430208536.63,480361,10,10,10,0,0,0,0,0,0,0,0,0,0.00,0
1790619347,0,480361,0,494.92,0.00,4079615,24985599,62586879,395051007,2231369727,312064,8040480767,112889858.97,430208536.63,480361,10,10,10,0,0,0,0,0,0,0,0,0,0.00,0
1790619348,0,480361,0,494.41,0.00,4079615,24985599,62586879,395051007,2231369727,312064,8040480767,112889858.97,430208536.63,480361,10,10,10,0,0,0,0,0,0,0,0,0,0.00,0
1790619349,0,480361,0,493.90,0.00,4079615,24985599,62586879,395051007,2231369727,312064,8040480767,112889858.97,430208536.63,480361,10,10,10,0,0,0,0,0,0,0,0,0,0.00,0
1790619350,0,480361,0,493.39,0.00,4079615,24985599,62586879,395051007,2231369727,312064,8040480767,112889858.97,430208536.63,480361,10,10,10,0,0,0,0,0,0,0,0,0,0.00,0
1790619351,0,480361,0,492.89,0.00,4079615,24985599,62586879,395051007,2231369727,312064,8040480767,112889858.97,430208536.63,480361,10,10,10,0,0,0,0,0,0,0,0,0,0.00,0
1790619352,0,480361,0,492.38,0.00,4079615,24985599,62586879,395051007,2231369727,312064,8040480767,112889858.97,430208536.63,480361,10,10,10,0,0,0,0,0,0,0,0,0,0.00,0
1790619353,0,480361,0,491.88,0.00,4079615,24985599,62586879,395051007,2231369727,312064,8040480767,112889858.97,430208536.63,480361,10,10,10,0,0,0,0,0,0,0,0,0,0.00,0
1790619354,0,480361,0,491.37,0.00,4079615,24985599,62586879,395051007,2231369727,312064,8040480767,112889858.97,430208536.63,480361,10,10,10,0,0,0,0,0,0,0,0,0,0.00,0
1790619355,0,480361,0,490.87,0.00,4079615,24985599,62586879,395051007,2231369727,312064,8040480767,112889858.97,430208536.63,480361,10,10,10,0,0,0,0,0,0,0,0,0,0.00,0
1790619356,0,480361,0,490.37,0.00,4079615,24985599,62586879,395051007,2231369727,312064,8040480767,112889858.97,430208536.63,480361,10,10,10,0,0,0,0,0,0,0,0,0,0.00,0
1790619357,0,480361,0,489.87,0.00,4079615,24985599,62586879,395051007,2231369727,312064,8040480767,112889858.97,430208536.63,480361,10,10,10,0,0,0,0,0,0,0,0,0,0.00,0
1790619358,0,480361,0,489.37,0.00,4079615,24985599,62586879,395051007,2231369727,312064,8040480767,112889858.97,430208536.63,480361,10,10,10,0,0,0,0,0,0,0,0,0,0.00,0
1790619359,0,480361,0,488.87,0.00,4079615,24985599,62586879,395051007,2231369727,312064,8040480767,112889858.97,430208536.63,480361,10,10,10,0,0,0,0,0,0,0,0,0,0.00,0
1790619360,0,480361,0,488.38,0.00,4079615,24985599,62586879,395051007,2231369727,312064,8040480767,112889858.97,430208536.63,480361,10,10,10,0,0,0,0,0,0,0,0,0,0.00,0
1790619361,0,480361,0,487.88,0.00,4079615,24985599,62586879,395051007,2231369727,312064,8040480767,112889858.97,430208536.63,480361,10,10,10,0,0,0,0,0,0,0,0,0,0.00,0
1790619362,0,480361,0,487.39,0.00,4079615,24985599,62586879,395051007,2231369727,312064,8040480767,112889858.97,430208536.63,480361,10,10,10,0,0,0,0,0,0,0,0,0,0.00,0
1790619363,0,480361,0,486.89,0.00,4079615,24985599,62586879,395051007,2231369727,312064,8040480767,112889858.97,430208536.63,480361,10,10,10,0,0,0,0,0,0,0,0,0,0.00,0
1790619364,0,480361,0,486.40,0.00,4079615,24985599,62586879,395051007,2231369727,312064,8040480767,112889858.97,430208536.63,480361,10,10,10,0,0,0,0,0,0,0,0,0,0.00,0
1790619365,0,480361,0,485.91,0.00,4079615,24985599,62586879,395051007,2231369727,312064,8040480767,112889858.97,430208536.63,480361,10,10,10,0,0,0,0,0,0,0,0,0,0.00,0
1790619366,0,480361,0,485.42,0.00,4079615,24985599,62586879,395051007,2231369727,312064,8040480767,112889858.97,430208536.63,480361,10,10,10,0,0,0,0,0,0,0,0,0,0.00,0
1790619367,0,480361,0,484.93,0.00,4079615,24985599,62586879,395051007,2231369727,312064,8040480767,112889858.97,430208536.63,480361,10,10,10,0,0,0,0,0,0,0,0,0,0.00,0
1790619368,0,480361,0,484.44,0.00,4079615,24985599,62586879,395051007,2231369727,312064,8040480767,112889858.97,430208536.63,480361,10,10,10,0,0,0,0,0,0,0,0,0,0.00,0
1790619369,0,480361,0,483.95,0.00,4079615,24985599,62586879,395051007,2231369727,312064,8040480767,112889858.97,430208536.63,480361,10,10,10,0,0,0,0,0,0,0,0,0,0.00,0
1790619370,0,480361,0,483.46,0.00,4079615,24985599,62586879,395051007,2231369727,312064,8040480767,112889858.97,430208536.63,480361,10,10,10,0,0,0,0,0,0,0,0,0,0.00,0
1790619371,0,480361,0,482.98,0.00,4079615,24985599,62586879,395051007,2231369727,312064,8040480767,112889858.97,430208536.63,480361,10,10,10,0,0,0,0,0,0,0,0,0,0.00,0
1790619372,0,480361,0,482.49,0.00,4079615,24985599,62586879,395051007,2231369727,312064,8040480767,112889858.97,430208536.63,480361,10,10,10,0,0,0,0,0,0,0,0,0,0.00,0
1790619373,0,480361,0,482.01,0.00,4079615,24985599,62586879,395051007,2231369727,312064,8040480767,112889858.97,430208536.63,480361,10,10,10,0,0,0,0,0,0,0,0,0,0.00,0
1790619374,0,480361,0,481.52,0.00,4079615,24985599,62586879,395051007,2231369727,312064,8040480767,112889858.97,430208536.63,480361,10,10,10,0,0,0,0,0,0,0,0,0,0.00,0
1790619375,0,480361,0,481.04,0.00,4079615,24985599,62586879,395051007,2231369727,312064,8040480767,112889858.97,430208536.63,480361,10,10,10,0,0,0,0,0,0,0,0,0,0.00,0
1790619376,0,480361,0,480.56,0.00,4079615,24985599,62586879,395051007,2231369727,312064,8040480767,112889858.97,430208536.63,480361,10,10,10,0,0,0,0,0,0,0,0,0,0.00,0
1790619377,0,480361,0,480.08,0.00,4079615,24985599,62586879,395051007,2231369727,312064,8040480767,112889858.97,430208536.63,480361,10,10,10,0,0,0,0,0,0,0,0,0,0.00,0
1790619378,0,480361,0,479.60,0.00,4079615,24985599,62586879,395051007,2231369727,312064,8040480767,112889858.97,430208536.63,480361,10,10,10,0,0,0,0,0,0,0,0,0,0.00,0
1790619379,0,480361,0,479.12,0.00,4079615,24985599,62586879,395051007,2231369727,312064,8040480767,112889858.97,430208536.63,480361,10,10,10,0,0,0,0,0,0,0,0,0,0.00,0
1790619380,0,480361,0,478.65,0.00,4079615,24985599,62586879,395051007,2231369727,312064,8040480767,112889858.97,430208536.63,480361,10,10,10,0,0,0,0,0,0,0,0,0,0.00,0
1790619381,0,480361,0,478.17,0.00,4079615,24985599,62586879,395051007,2231369727,312064,8040480767,112889858.97,430208536.63,480361,10,10,10,0,0,0,0,0,0,0,0,0,0.00,0
1790619382,0,480361,0,477.69,0.00,4079615,24985599,62586879,395051007,2231369727,312064,8040480767,112889858.97,430208536.63,480361,10,10,10,0,0,0,0,0,0,0,0,0,0.00,0
1790619383,0,480361,0,477.22,0.00,4079615,24985599,62586879,395051007,2231369727,312064,8040480767,112889858.97,430208536.63,480361,10,10,10,0,0,0,0,0,0,0,0,0,0.00,0
1790619384,0,480361,0,476.74,0.00,4079615,24985599,62586879,395051007,2231369727,312064,8040480767,112889858.97,430208536.63,480361,10,10,10,0,0,0,0,0,0,0,0,0,0.00,0
1790619385,0,480361,0,476.27,0.00,4079615,24985599,62586879,395051007,2231369727,312064,8040480767,112889858.97,430208536.63,480361,10,10,10,0,0,0,0,0,0,0,0,0,0.00,0
1790619386,0,480361,0,475.80,0.00,4079615,24985599,62586879,395051007,2231369727,312064,8040480767,112889858.97,430208536.63,480361,10,10,10,0,0,0,0,0,0,0,0,0,0.00,0
1790619387,0,480361,0,475.33,0.00,4079615,24985599,62586879,395051007,2231369727,312064,8040480767,112889858.97,430208536.63,480361,10,10,10,0,0,0,0,0,0,0,0,0,0.00,0
1790619388,0,480361,0,474.86,0.00,4079615,24985599,62586879,395051007,2231369727,312064,8040480767,112889858.97,430208536.63,480361,10,10,10,0,0,0,0,0,0,0,0,0,0.00,0
1790619389,0,480361,0,474.39,0.00,4079615,24985599,62586879,395051007,2231369727,312064,8040480767,112889858.97,430208536.63,480361,10,10,10,0,0,0,0,0,0,0,0,0,0.00,0
1790619390,0,480361,0,473.92,0.00,4079615,24985599,62586879,395051007,2231369727,312064,8040480767,112889858.97,430208536.63,480361,10,10,10,0,0,0,0,0,0,0,0,0,0.00,0
1790619391,0,480361,0,473.46,0.00,4079615,24985599,62586879,395051007,2231369727,312064,8040480767,112889858.97,430208536.63,480361,10,10,10,0,0,0,0,0,0,0,0,0,0.00,0
1790619392,0,480361,0,472.99,0.00,4079615,24985599,62586879,395051007,2231369727,312064,8040480767,112889858.97,430208536.63,480361,10,10,10,0,0,0,0,0,0,0,0,0,0.00,0
1790619393,0,480361,0,472.52,0.00,4079615,24985599,62586879,395051007,2231369727,312064,8040480767,112889858.97,430208536.63,480361,10,10,10,0,0,0,0,0,0,0,0,0,0.00,0
1790619394,0,480361,0,472.06,0.00,4079615,24985599,62586879,395051007,2231369727,312064,8040480767,112889858.97,430208536.63,480361,10,10,10,0,0,0,0,0,0,0,0,0,0.00,0
1790619395,0,480361,0,471.60,0.00,4079615,24985599,62586879,395051007,2231369727,312064,8040480767,112889858.97,430208536.63,480361,10,10,10,0,0,0,0,0,0,0,0,0,0.00,0
1790619396,0,480361,0,471.13,0.00,4079615,24985599,62586879,395051007,2231369727,312064,8040480767,112889858.97,430208536.63,480361,10,10,10,0,0,0,0,0,0,0,0,0,0.00,0
1790619397,0,480361,0,470.67,0.00,4079615,24985599,62586879,395051007,2231369727,312064,8040480767,112889858.97,430208536.63,480361,10,10,10,0,0,0,0,0,0,0,0,0,0.00,0
1790619398,0,480361,0,470.21,0.00,4079615,24985599,62586879,395051007,2231369727,312064,8040480767,112889858.97,430208536.63,480361,10,10,10,0,0,0,0,0,0,0,0,0,0.00,0
1790619399,0,480361,0,469.75,0.00,4079615,24985599,62586879,395051007,2231369727,312064,8040480767,112889858.97,430208536.63,480361,10,10,10,0,0,0,0,0,0,0,0,0,0.00,0
1790619400,0,480361,0,469.29,0.00,4079615,24985599,62586879,395051007,2231369727,312064,8040480767,112889858.97,430208536.63,480361,10,10,10,0,0,0,0,0,0,0,0,0,0.00,0
1790619401,0,480361,0,468.83,0.00,4079615,24985599,62586879,395051007,2231369727,312064,8040480767,112889858.97,430208536.63,480361,10,10,10,0,0,0,0,0,0,0,0,0,0.00,0
1790619402,0,480361,0,468.38,0.00,4079615,24985599,62586879,395051007,2231369727,312064,8040480767,112889858.97,430208536.63,480361,10,10,10,0,0,0,0,0,0,0,0,0,0.00,0
1790619403,0,480361,0,467.92,0.00,4079615,24985599,62586879,395051007,2231369727,312064,8040480767,112889858.97,430208536.63,480361,10,10,10,0,0,0,0,0,0,0,0,0,0.00,0
1790619404,0,480361,0,467.47,0.00,4079615,24985599,62586879,395051007,2231369727,312064,8040480767,112889858.97,430208536.63,480361,10,10,10,0,0,0,0,0,0,0,0,0,0.00,0
1790619405,0,480361,0,467.01,0.00,4079615,24985599,62586879,395051007,2231369727,312064,8040480767,112889858.97,430208536.63,480361,10,10,10,0,0,0,0,0,0,0,0,0,0.00,0
1790619406,0,480361,0,466.56,0.00,4079615,24985599,62586879,395051007,2231369727,312064,8040480767,112889858.97,430208536.63,480361,10,10,10,0,0,0,0,0,0,0,0,0,0.00,0
1790619407,0,480361,0,466.11,0.00,4079615,24985599,62586879,395051007,2231369727,312064,8040480767,112889858.97,430208536.63,480361,10,10,10,0,0,0,0,0,0,0,0,0,0.00,0
1790619408,0,480361,0,465.65,0.00,4079615,24985599,62586879,395051007,2231369727,312064,8040480767,112889858.97,430208536.63,480361,10,10,10,0,0,0,0,0,0,0,0,0,0.00,0
1790619409,0,480361,0,465.20,0.00,4079615,24985599,62586879,395051007,2231369727,312064,8040480767,112889858.97,430208536.63,480361,10,10,10,0,0,0,0,0,0,0,0,0,0.00,0
1790619410,0,480361,0,464.75,0.00,4079615,24985599,62586879,395051007,2231369727,312064,8040480767,112889858.97,430208536.63,480361,10,10,10,0,0,0,0,0,0,0,0,0,0.00,0
1790619411,0,480361,0,464.30,0.00,4079615,24985599,62586879,395051007,2231369727,312064,8040480767,112889858.97,430208536.63,480361,10,10,10,0,0,0,0,0,0,0,0,0,0.00,0
1790619412,0,480361,0,463.85,0.00,4079615,24985599,62586879,395051007,2231369727,312064,8040480767,112889858.97,430208536.63,480361,10,10,10,0,0,0,0,0,0,0,0,0,0.00,0
1790619413,0,480361,0,463.41,0.00,4079615,24985599,62586879,395051007,2231369727,312064,8040480767,112889858.97,430208536.63,480361,10,10,10,0,0,0,0,0,0,0,0,0,0.00,0
1790619414,0,480361,0,462.96,0.00,4079615,24985599,62586879,395051007,2231369727,312064,8040480767,112889858.97,430208536.63,480361,10,10,10,0,0,0,0,0,0,0,0,0,0.00,0
1790619415,0,480361,0,462.51,0.00,4079615,24985599,62586879,395051007,2231369727,312064,8040480767,112889858.97,430208536.63,480361,10,10,10,0,0,0,0,0,0,0,0,0,0.00,0
1790619416,0,480361,0,462.07,0.00,4079615,24985599,62586879,395051007,2231369727,312064,8040480767,112889858.97,430208536.63,480361,10,10,10,0,0,0,0,0,0,0,0,0,0.00,0
1790619417,0,480361,0,461.63,0.00,4079615,24985599,62586879,395051007,2231369727,312064,8040480767,112889858.97,430208536.63,480361,10,10,10,0,0,0,0,0,0,0,0,0,0.00,0
1790619418,0,480361,0,461.18,0.00,4079615,24985599,62586879,395051007,2231369727,312064,8040480767,112889858.97,430208536.63,480361,10,10,10,0,0,0,0,0,0,0,0,0,0.00,0
1790619419,0,480361,0,460.74,0.00,4079615,24985599,62586879,395051007,2231369727,312064,8040480767,112889858.97,430208536.63,480361,10,10,10,0,0,0,0,0,0,0,0,0,0.00,0
1790619420,0,480361,0,460.30,0.00,4079615,24985599,62586879,395051007,2231369727,312064,8040480767,112889858.97,430208536.63,480361,10,10,10,0,0,0,0,0,0,0,0,0,0.00,0
1790619421,0,480361,0,459.86,0.00,4079615,24985599,62586879,395051007,2231369727,312064,8040480767,112889858.97,430208536.63,480361,10,10,10,0,0,0,0,0,0,0,0,0,0.00,0
1790619422,0,480361,0,459.42,0.00,4079615,24985599,62586879,395051007,2231369727,312064,8040480767,112889858.97,430208536.63,480361,10,10,10,0,0,0,0,0,0,0,0,0,0.00,0
1790619423,0,480361,0,458.98,0.00,4079615,24985599,62586879,395051007,2231369727,312064,8040480767,112889858.97,430208536.63,480361,10,10,10,0,0,0,0,0,0,0,0,0,0.00,0
1790619424,0,480361,0,458.54,0.00,4079615,24985599,62586879,395051007,2231369727,312064,8040480767,112889858.97,430208536.63,480361,10,10,10,0,0,0,0,0,0,0,0,0,0.00,0
1790619425,0,480361,0,458.10,0.00,4079615,24985599,62586879,395051007,2231369727,312064,8040480767,112889858.97,430208536.63,480361,10,10,10,0,0,0,0,0,0,0,0,0,0.00,0
1790619426,0,480361,0,457.67,0.00,4079615,24985599,62586879,395051007,2231369727,312064,8040480767,112889858.97,430208536.63,480361,10,10,10,0,0,0,0,0,0,0,0,0,0.00,0
1790619427,0,480361,0,457.23,0.00,4079615,24985599,62586879,395051007,2231369727,312064,8040480767,112889858.97,430208536.63,480361,10,10,10,0,0,0,0,0,0,0,0,0,0.00,0
1790619428,0,480361,0,456.80,0.00,4079615,24985599,62586879,395051007,2231369727,312064,8040480767,112889858.97,430208536.63,480361,10,10,10,0,0,0,0,0,0,0,0,0,0.00,0
1790619429,0,480361,0,456.36,0.00,4079615,24985599,62586879,395051007,2231369727,312064,8040480767,112889858.97,430208536.63,480361,10,10,10,0,0,0,0,0,0,0,0,0,0.00,0
1790619430,0,480361,0,455.93,0.00,4079615,24985599,62586879,395051007,2231369727,312064,8040480767,112889858.97,430208536.63,480361,10,10,10,0,0,0,0,0,0,0,0,0,0.00,0
1790619431,0,480361,0,455.50,0.00,4079615,24985599,62586879,395051007,2231369727,312064,8040480767,112889858.97,430208536.63,480361,10,10,10,0,0,0,0,0,0,0,0,0,0.00,0
1790619432,0,480361,0,455.07,0.00,4079615,24985599,62586879,395051007,2231369727,312064,8040480767,112889858.97,430208536.63,480361,10,10,10,0,0,0,0,0,0,0,0,0,0.00,0
1790619433,0,480361,0,454.64,0.00,4079615,24985599,62586879,395051007,2231369727,312064,8040480767,112889858.97,430208536.63,480361,10,10,10,0,0,0,0,0,0,0,0,0,0.00,0
1790619434,0,480361,0,454.21,0.00,4079615,24985599,62586879,395051007,2231369727,312064,8040480767,112889858.97,430208536.63,480361,10,10,10,0,0,0,0,0,0,0,0,0,0.00,0
1790619435,0,480361,0,453.78,0.00,4079615,24985599,62586879,395051007,2231369727,312064,8040480767,112889858.97,430208536.63,480361,10,10,10,0,0,0,0,0,0,0,0,0,0.00,0
1790619436,0,480361,0,453.35,0.00,4079615,24985599,62586879,395051007,2231369727,312064,8040480767,112889858.97,430208536.63,480361,10,10,10,0,0,0,0,0,0,0,0,0,0.00,0
1790619437,0,480361,0,452.92,0.00,4079615,24985599,62586879,395051007,2231369727,312064,8040480767,112889858.97,430208536.63,480361,10,10,10,0,0,0,0,0,0,0,0,0,0.00,0
1790619438,0,480361,0,452.49,0.00,4079615,24985599,62586879,395051007,2231369727,312064,8040480767,112889858.97,430208536.63,480361,10,10,10,0,0,0,0,0,0,0,0,0,0.00,0
1790619439,0,480361,0,452.07,0.00,4079615,24985599,62586879,395051007,2231369727,312064,8040480767,112889858.97,430208536.63,480361,10,10,10,0,0,0,0,0,0,0,0,0,0.00,0
1790619440,0,480361,0,451.64,0.00,4079615,24985599,62586879,395051007,2231369727,312064,8040480767,112889858.97,430208536.63,480361,10,10,10,0,0,0,0,0,0,0,0,0,0.00,0
1790619441,0,480361,0,451.22,0.00,4079615,24985599,62586879,395051007,2231369727,312064,8040480767,112889858.97,430208536.63,480361,10,10,10,0,0,0,0,0,0,0,0,0,0.00,0
1790619442,0,480361,0,450.80,0.00,4079615,24985599,62586879,395051007,2231369727,312064,8040480767,112889858.97,430208536.63,480361,10,10,10,0,0,0,0,0,0,0,0,0,0.00,0
1790619443,0,480361,0,450.37,0.00,4079615,24985599,62586879,395051007,2231369727,312064,8040480767,112889858.97,430208536.63,480361,10,10,10,0,0,0,0,0,0,0,0,0,0.00,0
1790619444,0,480361,0,449.95,0.00,4079615,24985599,62586879,395051007,2231369727,312064,8040480767,112889858.97,430208536.63,480361,10,10,10,0,0,0,0,0,0,0,0,0,0.00,0
1790619445,0,480361,0,449.53,0.00,4079615,24985599,62586879,395051007,2231369727,312064,8040480767,112889858.97,430208536.63,480361,10,10,10,0,0,0,0,0,0,0,0,0,0.00,0
1790619446,0,480361,0,449.11,0.00,4079615,24985599,62586879,395051007,2231369727,312064,8040480767,112889858.97,430208536.63,480361,10,10,10,0,0,0,0,0,0,0,0,0,0.00,0
1790619447,0,480361,0,448.69,0.00,4079615,24985599,62586879,395051007,2231369727,312064,8040480767,112889858.97,430208536.63,480361,10,10,10,0,0,0,0,0,0,0,0,0,0.00,0
1790619448,0,480361,0,448.27,0.00,4079615,24985599,62586879,395051007,2231369727,312064,8040480767,112889858.97,430208536.63,480361,10,10,10,0,0,0,0,0,0,0,0,0,0.00,0
1790619449,0,480361,0,447.85,0.00,4079615,24985599,62586879,395051007,2231369727,312064,8040480767,112889858.97,430208536.63,480361,10,10,10,0,0,0,0,0,0,0,0,0,0.00,0
1790619450,0,480361,0,447.44,0.00,4079615,24985599,62586879,395051007,2231369727,312064,8040480767,112889858.97,430208536.63,480361,10,10,10,0,0,0,0,0,0,0,0,0,0.00,0
1790619451,0,480361,0,447.02,0.00,4079615,24985599,62586879,395051007,2231369727,312064,8040480767,112889858.97,430208536.63,480361,10,10,10,0,0,0,0,0,0,0,0,0,0.00,0
1790619452,0,480361,0,446.60,0.00,4079615,24985599,62586879,395051007,2231369727,312064,8040480767,112889858.97,430208536.63,480361,10,10,10,0,0,0,0,0,0,0,0,0,0.00,0
1790619453,0,480361,0,446.19,0.00,4079615,24985599,62586879,395051007,2231369727,312064,8040480767,112889858.97,430208536.63,480361,10,10,10,0,0,0,0,0,0,0,0,0,0.00,0
1790619454,0,480361,0,445.78,0.00,4079615,24985599,62586879,395051007,2231369727,312064,8040480767,112889858.97,430208536.63,480361,10,10,10,0,0,0,0,0,0,0,0,0,0.00,0
1790619455,0,480361,0,445.36,0.00,4079615,24985599,62586879,395051007,2231369727,312064,8040480767,112889858.97,430208536.63,480361,10,10,10,0,0,0,0,0,0,0,0,0,0.00,0
1790619456,0,480361,0,444.95,0.00,4079615,24985599,62586879,395051007,2231369727,312064,8040480767,112889858.97,430208536.63,480361,10,10,10,0,0,0,0,0,0,0,0,0,0.00,0
1790619457,0,480361,0,444.54,0.00,4079615,24985599,62586879,395051007,2231369727,312064,8040480767,112889858.97,430208536.63,480361,10,10,10,0,0,0,0,0,0,0,0,0,0.00,0
1790619458,0,480361,0,444.13,0.00,4079615,24985599,62586879,395051007,2231369727,312064,8040480767,112889858.97,430208536.63,480361,10,10,10,0,0,0,0,0,0,0,0,0,0.00,0
1790619459,0,480361,0,443.72,0.00,4079615,24985599,62586879,395051007,2231369727,312064,8040480767,112889858.97,430208536.63,480361,10,10,10,0,0,0,0,0,0,0,0,0,0.00,0
1790619460,0,480361,0,443.31,0.00,4079615,24985599,62586879,395051007,2231369727,312064,8040480767,112889858.97,430208536.63,480361,10,10,10,0,0,0,0,0,0,0,0,0,0.00,0
1790619461,0,480361,0,442.90,0.00,4079615,24985599,62586879,395051007,2231369727,312064,8040480767,112889858.97,430208536.63,480361,10,10,10,0,0,0,0,0,0,0,0,0,0.00,0
1790619462,0,480361,0,442.49,0.00,4079615,24985599,62586879,395051007,2231369727,312064,8040480767,112889858.97,430208536.63,480361,10,10,10,0,0,0,0,0,0,0,0,0,0.00,0
1790619463,0,480361,0,442.08,0.00,4079615,24985599,62586879,395051007,2231369727,312064,8040480767,112889858.97,430208536.63,480361,10,10,10,0,0,0,0,0,0,0,0,0,0.00,0
1790619464,0,480361,0,441.68,0.00,4079615,24985599,62586879,395051007,2231369727,312064,8040480767,112889858.97,430208536.63,480361,10,10,10,0,0,0,0,0,0,0,0,0,0.00,0
1790619465,0,480361,0,441.27,0.00,4079615,24985599,62586879,395051007,2231369727,312064,8040480767,112889858.97,430208536.63,480361,10,10,10,0,0,0,0,0,0,0,0,0,0.00,0
1790619466,0,480361,0,440.87,0.00,4079615,24985599,62586879,395051007,2231369727,312064,8040480767,112889858.97,430208536.63,480361,10,10,10,0,0,0,0,0,0,0,0,0,0.00,0
1790619467,0,480361,0,440.46,0.00,4079615,24985599,62586879,395051007,2231369727,312064,8040480767,112889858.97,430208536.63,480361,10,10,10,0,0,0,0,0,0,0,0,0,0.00,0
1790619468,0,480361,0,440.06,0.00,4079615,24985599,62586879,395051007,2231369727,312064,8040480767,112889858.97,430208536.63,480361,10,10,10,0,0,0,0,0,0,0,0,0,0.00,0
1790619469,0,480361,0,439.66,0.00,4079615,24985599,62586879,395051007,2231369727,312064,8040480767,112889858.97,430208536.63,480361,10,10,10,0,0,0,0,0,0,0,0,0,0.00,0
1790619470,0,480361,0,439.25,0.00,4079615,24985599,62586879,395051007,2231369727,312064,8040480767,112889858.97,430208536.63,480361,10,10,10,0,0,0,0,0,0,0,0,0,0.00,0
1790619471,0,480361,0,438.85,0.00,4079615,24985599,62586879,395051007,2231369727,312064,8040480767,112889858.97,430208536.63,480361,10,10,10,0,0,0,0,0,0,0,0,0,0.00,0
1790619472,0,480361,0,438.45,0.00,4079615,24985599,62586879,395051007,2231369727,312064,8040480767,112889858.97,430208536.63,480361,10,10,10,0,0,0,0,0,0,0,0,0,0.00,0
1790619473,0,480361,0,438.05,0.00,4079615,24985599,62586879,395051007,2231369727,312064,8040480767,112889858.97,430208536.63,480361,10,10,10,0,0,0,0,0,0,0,0,0,0.00,0
1790619474,0,480361,0,437.65,0.00,4079615,24985599,62586879,395051007,2231369727,312064,8040480767,112889858.97,430208536.63,480361,10,10,10,0,0,0,0,0,0,0,0,0,0.00,0
1790619475,0,480361,0,437.25,0.00,4079615,24985599,62586879,395051007,2231369727,312064,8040480767,112889858.97,430208536.63,480361,10,10,10,0,0,0,0,0,0,0,0,0,0.00,0
1790619476,0,480361,0,436.86,0.00,4079615,24985599,62586879,395051007,2231369727,312064,8040480767,112889858.97,430208536.63,480361,10,10,10,0,0,0,0,0,0,0,0,0,0.00,0
1790619477,0,480361,0,436.46,0.00,4079615,24985599,62586879,395051007,2231369727,312064,8040480767,112889858.97,430208536.63,480361,10,10,10,0,0,0,0,0,0,0,0,0,0.00,0
1790619478,0,480361,0,436.06,0.00,4079615,24985599,62586879,395051007,2231369727,312064,8040480767,112889858.97,430208536.63,480361,10,10,10,0,0,0,0,0,0,0,0,0,0.00,0
1790619479,0,480361,0,435.67,0.00,4079615,24985599,62586879,395051007,2231369727,312064,8040480767,112889858.97,430208536.63,480361,10,10,10,0,0,0,0,0,0,0,0,0,0.00,0
1790619480,0,480361,0,435.27,0.00,4079615,24985599,62586879,395051007,2231369727,312064,8040480767,112889858.97,430208536.63,480361,10,10,10,0,0,0,0,0,0,0,0,0,0.00,0
1790619481,0,480361,0,434.88,0.00,4079615,24985599,62586879,395051007,2231369727,312064,8040480767,112889858.97,430208536.63,480361,10,10,10,0,0,0,0,0,0,0,0,0,0.00,0
1790619482,0,480361,0,434.49,0.00,4079615,24985599,62586879,395051007,2231369727,312064,8040480767,112889858.97,430208536.63,480361,10,10,10,0,0,0,0,0,0,0,0,0,0.00,0
1790619483,0,480361,0,434.09,0.00,4079615,24985599,62586879,395051007,2231369727,312064,8040480767,112889858.97,430208536.63,480361,10,10,10,0,0,0,0,0,0,0,0,0,0.00,0
1790619484,0,480361,0,433.70,0.00,4079615,24985599,62586879,395051007,2231369727,312064,8040480767,112889858.97,430208536.63,480361,10,10,10,0,0,0,0,0,0,0,0,0,0.00,0
1790619485,0,480361,0,433.31,0.00,4079615,24985599,62586879,395051007,2231369727,312064,8040480767,112889858.97,430208536.63,480361,10,10,10,0,0,0,0,0,0,0,0,0,0.00,0
1790619486,0,480361,0,432.92,0.00,4079615,24985599,62586879,395051007,2231369727,312064,8040480767,112889858.97,430208536.63,480361,10,10,10,0,0,0,0,0,0,0,0,0,0.00,0
1790619487,0,480361,0,432.53,0.00,4079615,24985599,62586879,395051007,2231369727,312064,8040480767,112889858.97,430208536.63,480361,10,10,10,0,0,0,0,0,0,0,0,0,0.00,0
1790619488,0,480361,0,432.14,0.00,4079615,24985599,62586879,395051007,2231369727,312064,8040480767,112889858.97,430208536.63,480361,10,10,10,0,0,0,0,0,0,0,0,0,0.00,0
1790619489,0,480361,0,431.75,0.00,4079615,24985599,62586879,395051007,2231369727,312064,8040480767,112889858.97,430208536.63,480361,10,10,10,0,0,0,0,0,0,0,0,0,0.00,0
