timestamp,sent_count,received_count,error_count,total_throughput,interval_throughput,latency_ns_p25,latency_ns_p50,latency_ns_p75,latency_ns_p95,latency_ns_p99,latency_ns_min,latency_ns_max,latency_ns_mean,latency_ns_stddev,latency_sample_count,connections,active_connections,connection_attempts,connection_failures,crashes_injected,reconnects,reconnect_failures,duplicate_count,gap_count,interval_latency_ns_p50,interval_latency_ns_p95,interval_latency_ns_p99,interval_latency_ns_mean,interval_latency_sample_count
1790737341,0,0,0,0.00,0.00,0,0,0,0,0,0,0,0.00,0.00,0,0,0,1,0,0,0,0,0,0,0,0,0,0.00,0
1790737342,0,0,0,0.00,0.00,0,0,0,0,0,0,0,0.00,0.00,0,1,1,1,0,0,0,0,0,0,0,0,0,0.00,0
1790737343,0,0,0,0.00,0.00,0,0,0,0,0,0,0,0.00,0.00,0,1,1,1,0,0,0,0,0,0,0,0,0,0.00,0
1790737344,0,0,0,0.00,0.00,0,0,0,0,0,0,0,0.00,0.00,0,1,1,1,0,0,0,0,0,0,0,0,0,0.00,0
1790737345,0,0,0,0.00,0.00,0,0,0,0,0,0,0,0.00,0.00,0,1,1,1,0,0,0,0,0,0,0,0,0,0.00,0
1790737346,0,0,0,0.00,0.00,0,0,0,0,0,0,0,0.00,0.00,0,1,1,1,0,0,0,0,0,0,0,0,0,0.00,0
1790737347,0,0,0,0.00,0.00,0,0,0,0,0,0,0,0.00,0.00,0,1,1,1,0,0,0,0,0,0,0,0,0,0.00,0
1790737348,0,0,0,0.00,0.00,0,0,0,0,0,0,0,0.00,0.00,0,2,2,2,0,0,0,0,0,0,0,0,0,0.00,0
1790737349,0,0,0,0.00,0.00,0,0,0,0,0,0,0,0.00,0.00,0,2,2,2,0,0,0,0,0,0,0,0,0,0.00,0
1790737350,0,0,0,0.00,0.00,0,0,0,0,0,0,0,0.00,0.00,0,2,2,2,0,0,0,0,0,0,0,0,0,0.00,0
1790737351,0,0,0,0.00,0.00,0,0,0,0,0,0,0,0.00,0.00,0,2,2,2,0,0,0,0,0,0,0,0,0,0.00,0
1790737352,0,0,0,0.00,0.00,0,0,0,0,0,0,0,0.00,0.00,0,2,2,2,0,0,0,0,0,0,0,0,0,0.00,0
1790737353,0,0,0,0.00,0.00,0,0,0,0,0,0,0,0.00,0.00,0,2,2,2,0,0,0,0,0,0,0,0,0,0.00,0
1790737354,0,0,0,0.00,0.00,0,0,0,0,0,0,0,0.00,0.00,0,2,2,2,0,0,0,0,0,0,0,0,0,0.00,0
1790737355,0,0,0,0.00,0.00,0,0,0,0,0,0,0,0.00,0.00,0,3,3,3,0,0,0,0,0,0,0,0,0,0.00,0
1790737356,0,0,0,0.00,0.00,0,0,0,0,0,0,0,0.00,0.00,0,3,3,3,0,0,0,0,0,0,0,0,0,0.00,0
1790737357,0,0,0,0.00,0.00,0,0,0,0,0,0,0,0.00,0.00,0,3,3,3,0,0,0,0,0,0,0,0,0,0.00,0
1790737358,0,0,0,0.00,0.00,0,0,0,0,0,0,0,0.00,0.00,0,3,3,3,0,0,0,0,0,0,0,0,0,0.00,0
1790737359,0,0,0,0.00,0.00,0,0,0,0,0,0,0,0.00,0.00,0,3,3,3,0,0,0,0,0,0,0,0,0,0.00,0
1790737360,0,0,0,0.00,0.00,0,0,0,0,0,0,0,0.00,0.00,0,3,3,3,0,0,0,0,0,0,0,0,0,0.00,0
1790737361,0,0,0,0.00,0.00,0,0,0,0,0,0,0,0.00,0.00,0,3,3,3,0,0,0,0,0,0,0,0,0,0.00,0
1790737362,0,0,0,0.00,0.00,0,0,0,0,0,0,0,0.00,0.00,0,4,4,4,0,0,0,0,0,0,0,0,0,0.00,0
1790737363,0,0,0,0.00,0.00,0,0,0,0,0,0,0,0.00,0.00,0,4,4,4,0,0,0,0,0,0,0,0,0,0.00,0
1790737364,0,0,0,0.00,0.00,0,0,0,0,0,0,0,0.00,0.00,0,4,4,4,0,0,0,0,0,0,0,0,0,0.00,0
1790737365,0,0,0,0.00,0.00,0,0,0,0,0,0,0,0.00,0.00,0,4,4,4,0,0,0,0,0,0,0,0,0,0.00,0
1790737366,0,0,0,0.00,0.00,0,0,0,0,0,0,0,0.00,0.00,0,4,4,4,0,0,0,0,0,0,0,0,0,0.00,0
1790737367,0,0,0,0.00,0.00,0,0,0,0,0,0,0,0.00,0.00,0,4,4,4,0,0,0,0,0,0,0,0,0,0.00,0
1790737368,0,0,0,0.00,0.00,0,0,0,0,0,0,0,0.00,0.00,0,5,5,5,0,0,0,0,0,0,0,0,0,0.00,0
1790737369,0,0,0,0.00,0.00,0,0,0,0,0,0,0,0.00,0.00,0,5,5,5,0,0,0,0,0,0,0,0,0,0.00,0
1790737370,0,0,0,0.00,0.00,0,0,0,0,0,0,0,0.00,0.00,0,5,5,5,0,0,0,0,0,0,0,0,0,0.00,0
1790737371,0,0,0,0.00,0.00,0,0,0,0,0,0,0,0.00,0.00,0,5,5,5,0,0,0,0,0,0,0,0,0,0.00,0
1790737372,0,0,0,0.00,0.00,0,0,0,0,0,0,0,0.00,0.00,0,5,5,5,0,0,0,0,0,0,0,0,0,0.00,0
1790737373,0,0,0,0.00,0.00,0,0,0,0,0,0,0,0.00,0.00,0,5,5,5,0,0,0,0,0,0,0,0,0,0.00,0
1790737374,0,0,0,0.00,0.00,0,0,0,0,0,0,0,0.00,0.00,0,5,5,5,0,0,0,0,0,0,0,0,0,0.00,0
1790737375,0,0,0,0.00,0.00,0,0,0,0,0,0,0,0.00,0.00,0,6,6,6,0,0,0,0,0,0,0,0,0,0.00,0
1790737376,0,0,0,0.00,0.00,0,0,0,0,0,0,0,0.00,0.00,0,6,6,6,0,0,0,0,0,0,0,0,0,0.00,0
1790737377,0,0,0,0.00,0.00,0,0,0,0,0,0,0,0.00,0.00,0,6,6,6,0,0,0,0,0,0,0,0,0,0.00,0
1790737378,0,0,0,0.00,0.00,0,0,0,0,0,0,0,0.00,0.00,0,6,6,6,0,0,0,0,0,0,0,0,0,0.00,0
1790737379,0,0,0,0.00,0.00,0,0,0,0,0,0,0,0.00,0.00,0,6,6,6,0,0,0,0,0,0,0,0,0,0.00,0
1790737380,0,0,0,0.00,0.00,0,0,0,0,0,0,0,0.00,0.00,0,6,6,6,0,0,0,0,0,0,0,0,0,0.00,0
1790737381,0,0,0,0.00,0.00,0,0,0,0,0,0,0,0.00,0.00,0,6,6,6,0,0,0,0,0,0,0,0,0,0.00,0
1790737382,0,0,0,0.00,0.00,0,0,0,0,0,0,0,0.00,0.00,0,7,7,7,0,0,0,0,0,0,0,0,0,0.00,0
1790737383,0,0,0,0.00,0.00,0,0,0,0,0,0,0,0.00,0.00,0,7,7,7,0,0,0,0,0,0,0,0,0,0.00,0
1790737384,0,0,0,0.00,0.00,0,0,0,0,0,0,0,0.00,0.00,0,7,7,7,0,0,0,0,0,0,0,0,0,0.00,0
1790737385,0,0,0,0.00,0.00,0,0,0,0,0,0,0,0.00,0.00,0,7,7,7,0,0,0,0,0,0,0,0,0,0.00,0
1790737386,0,0,0,0.00,0.00,0,0,0,0,0,0,0,0.00,0.00,0,7,7,7,0,0,0,0,0,0,0,0,0,0.00,0
1790737387,0,0,0,0.00,0.00,0,0,0,0,0,0,0,0.00,0.00,0,7,7,7,0,0,0,0,0,0,0,0,0,0.00,0
1790737388,0,0,0,0.00,0.00,0,0,0,0,0,0,0,0.00,0.00,0,8,8,8,0,0,0,0,0,0,0,0,0,0.00,0
1790737389,0,0,0,0.00,0.00,0,0,0,0,0,0,0,0.00,0.00,0,8,8,8,0,0,0,0,0,0,0,0,0,0.00,0
1790737390,0,0,0,0.00,0.00,0,0,0,0,0,0,0,0.00,0.00,0,8,8,8,0,0,0,0,0,0,0,0,0,0.00,0
1790737391,0,0,0,0.00,0.00,0,0,0,0,0,0,0,0.00,0.00,0,8,8,8,0,0,0,0,0,0,0,0,0,0.00,0
1790737392,0,0,0,0.00,0.00,0,0,0,0,0,0,0,0.00,0.00,0,8,8,8,0,0,0,0,0,0,0,0,0,0.00,0
1790737393,0,0,0,0.00,0.00,0,0,0,0,0,0,0,0.00,0.00,0,8,8,8,0,0,0,0,0,0,0,0,0,0.00,0
1790737394,0,0,0,0.00,0.00,0,0,0,0,0,0,0,0.00,0.00,0,8,8,8,0,0,0,0,0,0,0,0,0,0.00,0
1790737395,0,0,0,0.00,0.00,0,0,0,0,0,0,0,0.00,0.00,0,9,9,9,0,0,0,0,0,0,0,0,0,0.00,0
1790737396,0,0,0,0.00,0.00,0,0,0,0,0,0,0,0.00,0.00,0,9,9,9,0,0,0,0,0,0,0,0,0,0.00,0
1790737397,0,0,0,0.00,0.00,0,0,0,0,0,0,0,0.00,0.00,0,9,9,9,0,0,0,0,0,0,0,0,0,0.00,0
1790737398,0,0,0,0.00,0.00,0,0,0,0,0,0,0,0.00,0.00,0,9,9,9,0,0,0,0,0,0,0,0,0,0.00,0
1790737399,0,0,0,0.00,0.00,0,0,0,0,0,0,0,0.00,0.00,0,9,9,9,0,0,0,0,0,0,0,0,0,0.00,0
1790737400,0,0,0,0.00,0.00,0,0,0,0,0,0,0,0.00,0.00,0,9,9,9,0,0,0,0,0,0,0,0,0,0.00,0
1790737401,0,0,0,0.00,0.00,0,0,0,0,0,0,0,0.00,0.00,0,9,9,9,0,0,0,0,0,0,0,0,0,0.00,0
1790737402,0,0,0,0.00,0.00,0,0,0,0,0,0,0,0.00,0.00,0,10,10,10,0,0,0,0,0,0,0,0,0,0.00,0
1790737403,0,140,0,221.01,139.92,2803711,3641343,4550655,5509119,6418431,1647616,6631423,3697594.51,1157523.18,140,10,10,10,0,0,0,0,0,0,3641343,5509119,6418431,3697594.51,140
1790737404,0,340,0,208.22,200.10,2570239,3405823,4300799,6631423,8065023,1631232,8642559,3652532.71,1449464.60,340,10,10,10,0,0,0,0,0,0,3266559,7262207,8323071,3620989.44,200
1790737405,0,540,0,205.10,200.02,2605055,3385343,4255743,6516735,8024063,1631232,8642559,3625974.52,1388354.49,540,10,10,10,0,0,0,0,0,0,3334143,6062079,7708671,3580825.60,200
1790737406,0,740,0,203.69,199.97,2590719,3321855,4227071,6516735,7938047,1631232,8642559,3584527.91,1372494.67,740,10,10,10,0,0,0,0,0,0,3268607,6438911,7532543,3472622.08,200
1790737407,0,940,0,202.91,200.09,2590719,3305471,4210687,6279167,7708671,1631232,8642559,3534749.41,1317383.26,940,10,10,10,0,0,0,0,0,0,3278847,5251071,6651903,3350568.96,200
1790737408,0,1140,0,202.36,199.82,2578431,3291135,4167679,6103039,7659519,1631232,8642559,3490570.33,1279830.27,1140,10,10,10,0,0,0,0,0,0,3180543,5255167,6668287,3282928.64,200
1790737409,0,1340,0,202.01,200.02,2574335,3274751,4100095,5844991,7532543,1631232,8642559,3440326.69,1232917.14,1340,10,10,10,0,0,0,0,0,0,3164159,4317183,5238783,3153937.92,200
1790737410,0,1540,0,201.75,200.02,2574335,3272703,4044799,5820415,7577599,1631232,8642559,3431821.63,1231117.54,1540,10,10,10,0,0,0,0,0,0,3209215,5619711,7745535,3374837.76,200
1790737411,0,1740,0,201.55,200.04,2574335,3270655,4014079,5570559,7467007,1631232,8642559,3411304.46,1199206.44,1740,10,10,10,0,0,0,0,0,0,3246079,4755455,5251071,3253322.24,200
1790737412,0,1940,0,201.39,200.00,2574335,3268607,4003839,5541887,7409663,1631232,8642559,3404705.78,1189885.98,1940,10,10,10,0,0,0,0,0,0,3264511,5238783,6963199,3347297.28,200
1790737413,0,2140,0,201.27,200.07,2570239,3262463,3991551,5378047,7294975,1631232,8642559,3383896.04,1166670.12,2140,10,10,10,0,0,0,0,0,0,3147775,4714495,5234687,3182041.60,200
1790737414,0,2340,0,201.15,199.90,2574335,3270655,4016127,5545983,7331839,1631232,8642559,3413164.42,1186352.66,2340,10,10,10,0,0,0,0,0,0,3577855,6397951,7503871,3726336.00,200
1790737415,0,2540,0,201.06,200.07,2574335,3268607,4036607,5537791,7409663,1631232,8642559,3409461.01,1186963.54,2540,10,10,10,0,0,0,0,0,0,3252223,5283839,7475199,3366131.20,200
1790737416,0,2740,0,200.98,199.91,2578431,3272703,4095999,5820415,7745535,1462272,14409727,3455129.04,1321241.36,2740,10,10,10,0,0,0,0,0,0,3350527,8347647,13590527,4035112.96,200
1790737417,0,2940,0,200.91,200.04,2578431,3274751,4128767,6017023,7966719,1462272,14409727,3476784.24,1353060.27,2940,10,10,10,0,0,0,0,0,0,3368959,7659519,8888319,3773460.48,200
1790737418,0,3140,0,200.86,200.06,2578431,3276799,4159487,6279167,8040447,1462272,14409727,3512252.49,1399348.18,3140,10,10,10,0,0,0,0,0,0,3452927,7745535,8314879,4033635.84,200
1790737419,0,3340,0,200.81,200.02,2578431,3276799,4159487,6254591,8024063,1462272,14409727,3508219.71,1393095.38,3340,10,10,10,0,0,0,0,0,0,3256319,5959679,7389183,3444904.96,200
1790737420,0,3540,0,200.76,199.96,2580479,3284991,4179967,6447103,8052735,1462272,14409727,3532992.51,1416154.52,3540,10,10,10,0,0,0,0,0,0,3491839,7512063,8081407,3946698.24,200
1790737421,0,3740,0,200.72,199.95,2582527,3291135,4210687,6610943,8060927,1462272,14409727,3565706.27,1446685.40,3740,10,10,10,0,0,0,0,0,0,3741695,7720959,8302591,4144739.84,200
1790737422,0,3940,0,200.68,199.99,2582527,3291135,4214783,6594559,8052735,1462272,14409727,3564615.34,1442354.46,3940,10,10,10,0,0,0,0,0,0,3319807,6426623,7557119,3544215.04,200
1790737423,0,4140,0,200.65,200.05,2586623,3297279,4231167,6733823,8073215,1462272,14409727,3600604.88,1474882.41,4140,10,10,10,0,0,0,0,0,0,3930111,7671807,8429567,4309598.72,200
1790737424,0,4340,0,200.62,199.96,2586623,3299327,4231167,6733823,8073215,1462272,14409727,3599467.71,1473852.39,4340,10,10,10,0,0,0,0,0,0,3342335,6901759,8044543,3575928.32,200
1790737425,0,4540,0,200.59,199.96,2588671,3307519,4243455,6852607,8081407,1462272,14409727,3620452.37,1494292.57,4540,10,10,10,0,0,0,0,0,0,3538943,7733247,8278015,4075819.52,200
1790737426,0,4740,0,200.57,200.04,2588671,3315711,4251647,6901759,8151039,1462272,14409727,3636359.24,1508883.27,4740,10,10,10,0,0,0,0,0,0,3461119,7663615,8302591,3997445.12,200
1790737427,0,4940,0,200.54,200.00,2590719,3321855,4259839,6991871,8171519,1462272,14409727,3661854.37,1535136.21,4940,10,10,10,0,0,0,0,0,0,3819519,7880703,8921087,4266088.96,200
1790737428,0,5140,0,200.52,199.95,2590719,3321855,4259839,6991871,8171519,1462272,14409727,3660131.81,1531743.18,5140,10,10,10,0,0,0,0,0,0,3346431,6774783,7962623,3617584.64,200
1790737429,0,5340,0,200.51,200.13,2590719,3323903,4259839,7024639,8204287,1462272,14409727,3663831.16,1535464.98,5340,10,10,10,0,0,0,0,0,0,3407871,7172095,8294399,3758904.32,200
1790737430,0,5540,0,200.48,199.89,2594815,3330047,4268031,7090175,8200191,1462272,14409727,3685384.59,1551720.17,5540,10,10,10,0,0,0,0,0,0,3915775,7634943,8187903,4260861.44,200
1790737431,0,5740,0,200.47,200.04,2592767,3327999,4263935,7094271,8278015,1462272,14409727,3688184.60,1572074.86,5740,10,10,10,0,0,0,0,0,0,3201023,7962623,12034047,3765744.64,200
1790737432,0,5940,0,200.45,200.00,2592767,3327999,4263935,7090175,8269823,1462272,14409727,3679473.17,1561842.62,5940,10,10,10,0,0,0,0,0,0,3284991,5361663,7688191,3429455.36,200
1790737433,0,6140,0,200.44,200.00,2594815,3323903,4259839,7036927,8232959,1462272,14409727,3671156.83,1551643.84,6140,10,10,10,0,0,0,0,0,0,3284991,5529599,7442431,3424161.28,200
1790737434,0,6340,0,200.42,200.03,2594815,3327999,4263935,7090175,8302591,1462272,14409727,3684914.07,1577637.49,6340,10,10,10,0,0,0,0,0,0,3512319,8265727,12001279,4107261.44,200
1790737435,0,6540,0,200.41,200.04,2596863,3330047,4268031,7106559,8302591,1462272,14409727,3695244.60,1586894.75,6540,10,10,10,0,0,0,0,0,0,3485695,7696383,8134655,4022722.56,200
1790737436,0,6740,0,200.40,200.03,2596863,3332095,4272127,7114751,8302591,1462272,14409727,3698879.43,1589068.05,6740,10,10,10,0,0,0,0,0,0,3450879,7589887,8347647,3817738.24,200
1790737437,0,6940,0,200.39,199.96,2590719,3330047,4272127,7159807,8318975,1414144,14409727,3699938.49,1603916.64,6940,10,10,10,0,0,0,0,0,0,3039231,8081407,9150463,3735628.80,200
1790737438,0,7140,0,200.37,199.89,2592767,3336191,4280319,7196671,8323071,1414144,14409727,3717259.33,1617165.65,7140,10,10,10,0,0,0,0,0,0,3936255,7872511,8376319,4318292.48,200
1790737439,0,7340,0,200.37,200.04,2592767,3336191,4280319,7180287,8314879,1414144,14409727,3713807.00,1612819.11,7340,10,10,10,0,0,0,0,0,0,3313663,6770687,7938047,3590558.72,200
1790737440,0,7540,0,200.36,200.01,2594815,3340287,4284415,7200767,8314879,1414144,14409727,3719924.93,1616767.14,7540,10,10,10,0,0,0,0,0,0,3463167,7708671,8216575,3944453.12,200
1790737441,0,7740,0,200.35,199.98,2594815,3342335,4288511,7200767,8314879,1414144,14409727,3721737.26,1617148.51,7740,10,10,10,0,0,0,0,0,0,3395583,7241727,8183807,3790062.08,200
1790737442,0,7940,0,200.34,200.05,2592767,3338239,4284415,7180287,8306687,1414144,14409727,3712303.85,1608514.80,7940,10,10,10,0,0,0,0,0,0,3258367,5423103,7196671,3347230.72,200
1790737443,0,8140,0,200.33,199.96,2594815,3344383,4288511,7204863,8314879,1414144,14409727,3723247.02,1616608.75,8140,10,10,10,0,0,0,0,0,0,3688447,7872511,8359935,4157690.88,200
1790737444,0,8340,0,200.32,200.07,2594815,3346431,4292607,7208959,8318975,1414144,14409727,3730330.09,1623019.96,8340,10,10,10,0,0,0,0,0,0,3448831,7585791,8359935,4018611.20,200
1790737445,0,8540,0,200.31,199.86,2596863,3356671,4296703,7221247,8314879,1414144,14409727,3739414.00,1629090.06,8540,10,10,10,0,0,0,0,0,0,3590143,7720959,8204287,4118213.12,200
1790737446,0,8740,0,200.31,200.12,2598911,3362815,4300799,7221247,8314879,1414144,14409727,3744680.66,1630399.84,8740,10,10,10,0,0,0,0,0,0,3651583,7380991,8175615,3969566.72,200
1790737447,0,8940,0,200.30,199.97,2596863,3360767,4300799,7229439,8323071,1414144,14409727,3745218.43,1633706.54,8940,10,10,10,0,0,0,0,0,0,3293183,7782399,8593407,3768719.36,200
1790737448,0,9140,0,200.29,199.93,2596863,3364863,4308991,7254015,8343551,1414144,14409727,3752624.90,1640603.32,9140,10,10,10,0,0,0,0,0,0,3491839,7806975,8372223,4083694.08,200
1790737449,0,9340,0,200.29,200.07,2596863,3364863,4308991,7237631,8318975,1414144,14409727,3748690.23,1634760.44,9340,10,10,10,0,0,0,0,0,0,3350527,6238207,7413759,3568875.52,200
1790737450,0,9540,0,200.28,199.89,2598911,3375103,4321279,7282687,8355839,1414144,14409727,3763760.62,1656059.71,9540,10,10,10,0,0,0,0,0,0,3883007,8413183,11517951,4467548.16,200
1790737451,0,9740,0,200.28,200.14,2596863,3375103,4321279,7278591,8351743,1414144,14409727,3759867.64,1651579.49,9740,10,10,10,0,0,0,0,0,0,3364863,6619135,7835647,3574172.16,200
1790737452,0,9940,0,200.27,199.92,2598911,3375103,4321279,7278591,8355839,1414144,14409727,3761256.15,1650236.93,9940,10,10,10,0,0,0,0,0,0,3450879,7307263,8585215,3828876.80,200
1790737453,0,10140,0,200.27,200.07,2598911,3373055,4321279,7278591,8359935,1414144,14409727,3758935.45,1647994.58,10140,10,10,10,0,0,0,0,0,0,3315711,6938623,8716287,3643596.80,200
1790737454,0,10340,0,200.26,199.99,2600959,3379199,4321279,7278591,8351743,1414144,14409727,3761797.35,1649140.56,10340,10,10,10,0,0,0,0,0,0,3428351,7393279,8208383,3906895.36,200
1790737455,0,10540,0,200.25,199.88,2600959,3375103,4321279,7262207,8347647,1414144,14409727,3758973.04,1643343.42,10540,10,10,10,0,0,0,0,0,0,3348479,6422527,7389183,3612956.16,200
1790737456,0,10740,0,200.25,200.18,2600959,3373055,4317183,7237631,8347647,1414144,14409727,3753128.90,1635916.65,10740,10,10,10,0,0,0,0,0,0,3309567,5345279,6852607,3445143.04,200
1790737457,0,10940,0,200.24,199.89,2600959,3366911,4308991,7221247,8343551,1414144,14409727,3745867.44,1626608.02,10940,10,10,10,0,0,0,0,0,0,3291135,4984831,5312511,3355927.04,200
1790737458,0,11140,0,200.24,200.02,2603007,3368959,4313087,7225343,8318975,1414144,14409727,3749283.57,1626519.61,11140,10,10,10,0,0,0,0,0,0,3616767,7262207,7872511,3936145.92,200
1790737459,0,11340,0,200.24,200.06,2600959,3364863,4308991,7213055,8314879,1414144,14409727,3743431.07,1619500.88,11340,10,10,10,0,0,0,0,0,0,3301375,5296127,7008255,3417446.40,200
1790737460,0,11540,0,200.23,199.88,2603007,3364863,4313087,7213055,8314879,1414144,14409727,3744113.40,1617197.15,11540,10,10,10,0,0,0,0,0,0,3362815,7077887,7708671,3782801.92,200
1790737461,0,11740,0,200.23,200.04,2605055,3360767,4308991,7208959,8314879,1414144,14409727,3739840.81,1612293.38,11740,10,10,10,0,0,0,0,0,0,3321855,5382143,8105983,3493312.00,200
1790737462,0,11940,0,200.22,199.97,2605055,3360767,4313087,7208959,8310783,1414144,14409727,3740223.21,1611128.24,11940,10,10,10,0,0,0,0,0,0,3362815,7176191,8024063,3762670.08,200
1790737463,0,12160,0,200.55,220.04,2609151,3364863,4317183,7221247,8347647,1414144,14409727,3749166.23,1621543.25,12160,10,10,10,0,0,0,0,0,0,3715071,8462335,10862591,4234528.58,220
1790737464,0,12360,0,200.54,200.04,2611199,3366911,4321279,7217151,8347647,1414144,14409727,3749357.65,1618047.76,12360,10,10,10,0,0,0,0,0,0,3389439,6635519,7467007,3760995.84,200
1790737465,0,12560,0,200.53,199.97,2611199,3362815,4317183,7221247,8347647,1414144,14409727,3747347.53,1616986.27,12560,10,10,10,0,0,0,0,0,0,3317759,7372799,8294399,3623121.92,200
1790737466,0,12760,0,200.52,200.01,2611199,3358719,4313087,7208959,8323071,1414144,14409727,3740529.03,1609442.70,12760,10,10,10,0,0,0,0,0,0,3299327,5017599,5373951,3312327.68,200
1790737467,0,12960,0,200.52,199.91,2611199,3360767,4317183,7208959,8318975,1414144,14409727,3742899.83,1610498.05,12960,10,10,10,0,0,0,0,0,0,3502079,7430143,7991295,3894156.80,200
1790737468,0,13160,0,200.51,200.12,2613247,3362815,4321279,7213055,8318975,1414144,14409727,3745615.06,1611382.43,13160,10,10,10,0,0,0,0,0,0,3686399,7426047,8376319,3921561.60,200
1790737469,0,13360,0,200.50,200.00,2611199,3360767,4321279,7213055,8314879,1414144,14409727,3746281.85,1612495.69,13360,10,10,10,0,0,0,0,0,0,3307519,7405567,7983103,3790156.80,200
1790737470,0,13560,0,200.49,200.04,2611199,3362815,4321279,7213055,8314879,1414144,14409727,3746599.19,1611710.13,13560,10,10,10,0,0,0,0,0,0,3438591,7106559,7991295,3767797.76,200
1790737471,0,13760,0,200.49,200.01,2611199,3364863,4325375,7213055,8310783,1414144,14409727,3749072.26,1612771.41,13760,10,10,10,0,0,0,0,0,0,3477503,7413759,8114175,3916746.24,200
1790737472,0,13960,0,200.48,199.92,2613247,3368959,4333567,7221247,8310783,1414144,14409727,3756647.61,1618454.84,13960,10,10,10,0,0,0,0,0,0,3878911,7725055,8241151,4277831.68,200
1790737473,0,14160,0,200.47,199.98,2611199,3368959,4333567,7217151,8306687,1414144,14409727,3753487.44,1615144.40,14160,10,10,10,0,0,0,0,0,0,3284991,6352895,7561215,3532907.52,200
1790737474,0,14360,0,200.47,200.08,2611199,3371007,4333567,7221247,8306687,1414144,14409727,3754994.06,1616624.80,14360,10,10,10,0,0,0,0,0,0,3432447,7561215,8163327,3861662.72,200
1790737475,0,14560,0,200.46,199.92,2611199,3373055,4341759,7229439,8306687,1414144,14409727,3761646.52,1621897.08,14560,10,10,10,0,0,0,0,0,0,3811327,7667711,8191999,4239293.44,200
1790737476,0,14760,0,200.45,199.96,2611199,3379199,4345855,7249919,8314879,1414144,14409727,3768644.37,1629707.46,14760,10,10,10,0,0,0,0,0,0,3731455,8052735,9265151,4278087.68,200
1790737477,0,14960,0,200.45,199.97,2609151,3375103,4345855,7237631,8310783,1414144,14409727,3762782.39,1625699.28,14960,10,10,10,0,0,0,0,0,0,3231743,5394431,7585791,3330168.32,200
1790737478,0,15160,0,200.44,200.08,2609151,3379199,4345855,7266303,8323071,1414144,14409727,3768714.91,1631719.03,15160,10,10,10,0,0,0,0,0,0,3651583,8081407,8740863,4212467.20,200
1790737479,0,15360,0,200.43,199.91,2609151,3381247,4349951,7266303,8318975,1414144,14409727,3771095.93,1632368.32,15360,10,10,10,0,0,0,0,0,0,3608575,7237631,8081407,3951577.60,200
1790737480,0,15560,0,200.43,200.09,2609151,3377151,4345855,7254015,8318975,1414144,14409727,3766240.44,1628308.79,15560,10,10,10,0,0,0,0,0,0,3235839,5382143,7831551,3393338.88,200
1790737481,0,15760,0,200.43,200.02,2609151,3377151,4345855,7249919,8314879,1414144,14409727,3765624.11,1625926.10,15760,10,10,10,0,0,0,0,0,0,3330047,6758399,7618559,3717672.96,200
1790737482,0,15960,0,200.42,199.95,2607103,3371007,4337663,7237631,8310783,1414144,14409727,3759169.99,1621998.50,15960,10,10,10,0,0,0,0,0,0,3117055,5201919,7536639,3250585.60,200
1790737483,0,16160,0,200.41,200.01,2605055,3366911,4329471,7225343,8306687,1414144,14409727,3753960.68,1617272.19,16160,10,10,10,0,0,0,0,0,0,3227647,5341183,6873087,3338257.92,200
1790737484,0,16360,0,200.41,200.08,2603007,3360767,4325375,7221247,8310783,1414144,14409727,3749249.50,1615870.53,16360,10,10,10,0,0,0,0,0,0,3100671,6819839,8527871,3368586.24,200
1790737485,0,16560,0,200.40,200.00,2603007,3362815,4325375,7225343,8306687,1414144,14409727,3751765.64,1617685.54,16560,10,10,10,0,0,0,0,0,0,3579903,7524351,8052735,3957585.92,200
1790737486,0,16760,0,200.40,199.89,2600959,3358719,4321279,7217151,8306687,1414144,14409727,3745676.53,1611902.85,16760,10,10,10,0,0,0,0,0,0,3217407,4825087,5160959,3241497.60,200
1790737487,0,16960,0,200.40,200.08,2600959,3358719,4317183,7213055,8302591,1414144,14409727,3743283.95,1609450.81,16960,10,10,10,0,0,0,0,0,0,3250175,6615039,7839743,3542786.56,200
1790737488,0,17160,0,200.39,199.93,2600959,3358719,4317183,7213055,8302591,1414144,14409727,3743171.22,1609349.31,17160,10,10,10,0,0,0,0,0,0,3362815,7184383,8052735,3733611.52,200
1790737489,0,17360,0,200.39,199.99,2603007,3360767,4321279,7225343,8318975,1414144,14409727,3748114.64,1615600.33,17360,10,10,10,0,0,0,0,0,0,3622911,8421375,9920511,4172259.84,200
1790737490,0,17560,0,200.38,200.12,2600959,3358719,4317183,7221247,8314879,1414144,14409727,3744870.37,1613676.02,17560,10,10,10,0,0,0,0,0,0,3223551,6524927,7753727,3463267.84,200
1790737491,0,17760,0,200.38,200.01,2600959,3358719,4317183,7221247,8314879,1414144,14409727,3745983.37,1613835.79,17760,10,10,10,0,0,0,0,0,0,3420159,7208959,8130559,3843704.32,200
1790737492,0,17960,0,200.37,199.89,2600959,3360767,4321279,7225343,8310783,1414144,14409727,3747787.29,1614496.00,17960,10,10,10,0,0,0,0,0,0,3534847,7331839,8118271,3907975.68,200
1790737493,0,18160,0,200.37,200.10,2600959,3360767,4321279,7221247,8310783,1414144,14409727,3748327.02,1615125.46,18160,10,10,10,0,0,0,0,0,0,3397631,7073791,8101887,3796794.88,200
1790737494,0,18360,0,200.36,199.87,2600959,3362815,4325375,7229439,8310783,1414144,14409727,3751458.61,1616881.10,18360,10,10,10,0,0,0,0,0,0,3641343,7655423,8290303,4035806.72,200
1790737495,0,18560,0,200.36,200.06,2600959,3364863,4329471,7241727,8331263,1414144,14409727,3755569.43,1622823.63,18560,10,10,10,0,0,0,0,0,0,3555327,8699903,10174463,4132943.36,200
1790737496,0,18760,0,200.36,200.04,2603007,3368959,4329471,7241727,8323071,1414144,14409727,3757856.53,1622851.50,18760,10,10,10,0,0,0,0,0,0,3606527,7286783,7847935,3970099.20,200
1790737497,0,18960,0,200.35,199.95,2600959,3364863,4329471,7241727,8323071,1414144,14409727,3754364.79,1621827.41,18960,10,10,10,0,0,0,0,0,0,3164159,6889471,8015871,3426839.04,200
1790737498,0,19160,0,200.35,199.99,2600959,3364863,4329471,7249919,8331263,1414144,14409727,3756000.49,1624031.18,19160,10,10,10,0,0,0,0,0,0,3389439,7626751,8462335,3911065.60,200
1790737499,0,19360,0,200.35,199.96,2600959,3366911,4329471,7241727,8323071,1414144,14409727,3756070.56,1621926.47,19360,10,10,10,0,0,0,0,0,0,3551231,6594559,7725055,3762782.72,200
1790737500,0,19560,0,200.34,200.09,2603007,3371007,4333567,7241727,8323071,1414144,14409727,3757995.61,1621047.22,19560,10,10,10,0,0,0,0,0,0,3731455,7135231,7946239,3944340.48,200
1790737501,0,19760,0,200.34,200.00,2603007,3371007,4337663,7241727,8318975,1414144,14409727,3759024.06,1622092.53,19760,10,10,10,0,0,0,0,0,0,3424255,7401471,7995391,3859607.04,200
1790737502,0,19960,0,200.33,199.89,2603007,3373055,4337663,7245823,8318975,1386496,14409727,3760353.65,1623011.48,19960,10,10,10,0,0,0,0,0,0,3457023,7401471,8257535,3891717.12,200
1790737503,0,20160,0,200.33,200.16,2600959,3368959,4333567,7237631,8314879,1386496,14409727,3754863.85,1622185.90,20160,10,10,10,0,0,0,0,0,0,2992127,6193151,7626751,3206981.12,200
1790737504,0,20360,0,200.33,199.92,2592767,3356671,4329471,7237631,8318975,1371136,14409727,3745017.46,1625792.22,20360,10,10,10,0,0,0,0,0,0,2030591,7245823,8470527,2752501.76,200
1790737505,0,20560,0,200.32,199.95,2594815,3360767,4337663,7254015,8323071,1371136,14409727,3751712.10,1630404.63,20560,10,10,10,0,0,0,0,0,0,3950591,7929855,8691711,4433226.24,200
1790737506,0,20760,0,200.32,200.07,2594815,3362815,4337663,7270399,8323071,1371136,14409727,3754886.63,1633081.62,20760,10,10,10,0,0,0,0,0,0,3516415,7794687,8445951,4081228.80,200
1790737507,0,20960,0,200.32,200.01,2596863,3364863,4337663,7262207,8323071,1371136,14409727,3755254.72,1631394.85,20960,10,10,10,0,0,0,0,0,0,3569663,6889471,8122367,3793461.76,200
1790737508,0,21160,0,200.32,199.89,2596863,3366911,4341759,7262207,8323071,1371136,14409727,3756075.36,1630414.73,21160,10,10,10,0,0,0,0,0,0,3481599,7020543,7888895,3842078.72,200
1790737509,0,21360,0,200.31,200.01,2596863,3366911,4341759,7262207,8318975,1371136,14409727,3755711.11,1629415.35,21360,10,10,10,0,0,0,0,0,0,3387391,7061503,8036351,3717173.76,200
1790737510,0,21560,0,200.31,199.98,2598911,3368959,4341759,7270399,8323071,1371136,14409727,3758887.04,1632011.66,21560,10,10,10,0,0,0,0,0,0,3532799,7745535,8814591,4098076.16,200
1790737511,0,21760,0,200.31,200.13,2596863,3366911,4341759,7266303,8323071,1371136,14409727,3755908.47,1629803.30,21760,10,10,10,0,0,0,0,0,0,3264511,6520831,7585791,3434818.56,200
1790737512,0,21960,0,200.31,200.00,2596863,3368959,4341759,7262207,8323071,1371136,14409727,3755716.29,1628838.16,21960,10,10,10,0,0,0,0,0,0,3448831,7122943,8413183,3734807.04,200
1790737513,0,22160,0,200.30,199.87,2598911,3368959,4341759,7262207,8323071,1371136,14409727,3756539.26,1628254.91,22160,10,10,10,0,0,0,0,0,0,3520511,7118847,8019967,3846901.76,200
1790737514,0,22360,0,200.30,200.06,2598911,3371007,4345855,7270399,8323071,1371136,14409727,3759428.24,1630142.03,22360,10,10,10,0,0,0,0,0,0,3620863,7749631,8798207,4079526.40,200
1790737515,0,22560,0,200.30,200.10,2598911,3373055,4345855,7274495,8323071,1371136,14409727,3760940.62,1631047.02,22560,10,10,10,0,0,0,0,0,0,3510271,7618559,8208383,3930024.96,200
1790737516,0,22760,0,200.29,199.96,2598911,3375103,4345855,7270399,8318975,1371136,14409727,3760455.27,1629270.98,22760,10,10,10,0,0,0,0,0,0,3448831,6660095,7905279,3705707.52,200
1790737517,0,22960,0,200.29,199.87,2598911,3375103,4345855,7282687,8351743,1371136,14409727,3762615.77,1636415.98,22960,10,10,10,0,0,0,0,0,0,3368959,9494527,12099583,4008481.28,200
1790737518,0,23160,0,200.29,200.05,2598911,3375103,4345855,7282687,8347647,1371136,14409727,3763089.58,1636739.54,23160,10,10,10,0,0,0,0,0,0,3391487,7426047,8069119,3817482.24,200
1790737519,0,23360,0,200.29,200.07,2598911,3377151,4345855,7282687,8347647,1371136,14409727,3765115.24,1636928.99,23360,10,10,10,0,0,0,0,0,0,3592191,7299071,7979007,3999687.68,200
1790737520,0,23560,0,200.28,199.89,2600959,3381247,4349951,7294975,8351743,1371136,14409727,3769700.42,1640868.60,23560,10,10,10,0,0,0,0,0,0,3846143,7909375,8486911,4305249.28,200
1790737521,0,23760,0,200.28,200.11,2600959,3383295,4354047,7303167,8351743,1371136,14409727,3772469.66,1642090.45,23760,10,10,10,0,0,0,0,0,0,3842047,7626751,8429567,4098685.44,200
1790737522,0,23960,0,200.28,199.90,2600959,3383295,4354047,7299071,8347647,1371136,14409727,3772103.76,1641547.31,23960,10,10,10,0,0,0,0,0,0,3375103,7077887,8040447,3728634.88,200
1790737523,0,24370,0,202.02,410.37,2592767,3371007,4349951,7303167,8359935,1371136,14409727,3765630.60,1647920.50,24370,10,10,10,0,0,0,0,0,0,2781183,7430143,11059199,3387345.80,410
1790737524,0,24870,0,204.47,499.67,2570239,3346431,4329471,7278591,8351743,1370112,14409727,3737891.27,1645403.75,24870,10,10,10,0,0,0,0,0,0,2371583,3545087,4145151,2385875.97,500
1790737525,0,25370,0,206.88,499.84,2555903,3332095,4317183,7303167,8445951,1370112,27607039,3747086.61,1804216.10,25370,10,10,10,0,0,0,0,0,0,2588671,19906559,26738687,4204463.10,500
1790737526,0,25870,0,209.25,500.20,2535423,3317759,4300799,7278591,8429567,1370112,27607039,3722888.74,1797363.92,25870,10,10,10,0,0,0,0,0,0,2473983,3588095,4546559,2495088.64,500
1790737527,0,26370,0,211.58,500.03,2527231,3305471,4288511,7249919,8413183,1370112,27607039,3702854.77,1788367.90,26370,10,10,10,0,0,0,0,0,0,2646015,3665919,4419583,2666297.34,500
1790737528,0,26870,0,213.88,499.86,2510847,3293183,4272127,7225343,8413183,1370112,27607039,3680977.49,1780745.81,26870,10,10,10,0,0,0,0,0,0,2535423,3571711,3745791,2527169.54,500
1790737529,0,27370,0,216.14,500.19,2496511,3280895,4263935,7233535,8478719,1370112,27607039,3675380.20,1819372.20,27370,10,10,10,0,0,0,0,0,0,2627583,12664831,19185663,3374581.76,500
1790737530,0,27870,0,218.36,500.10,2482175,3266559,4251647,7213055,8470527,1370112,27607039,3655816.39,1810502.61,27870,10,10,10,0,0,0,0,0,0,2568191,3524607,3635199,2584893.44,500
1790737531,0,28370,0,220.55,500.02,2453503,3252223,4239359,7200767,8445951,1370112,27607039,3634877.28,1803327.81,28370,10,10,10,0,0,0,0,0,0,2445311,3549183,3737599,2467731.46,500
1790737532,0,28870,0,222.71,500.00,2437119,3237887,4227071,7180287,8429567,1370112,27607039,3616784.83,1795826.46,28870,10,10,10,0,0,0,0,0,0,2506751,3596287,5984255,2590219.26,500
1790737533,0,29370,0,224.83,499.91,2426879,3227647,4218879,7196671,8511487,1355776,27607039,3619198.37,1855638.84,29370,10,10,10,0,0,0,0,0,0,2637823,15007743,20824063,3758556.16,500
1790737534,0,29870,0,226.92,500.05,2412543,3211263,4206591,7176191,8503295,1355776,27607039,3601447.27,1846754.28,29870,10,10,10,0,0,0,0,0,0,2553855,3559423,3739647,2558747.65,500
1790737535,0,30370,0,228.98,499.96,2404351,3198975,4194303,7196671,8642559,1355776,27607039,3600055.04,1878871.79,30370,10,10,10,0,0,0,0,0,0,2603007,12230655,17514495,3516882.94,500
1790737536,0,30870,0,231.01,500.15,2394111,3182591,4182015,7176191,8601599,1355776,27607039,3583767.42,1870908.86,30870,10,10,10,0,0,0,0,0,0,2523135,3657727,6324223,2594457.60,500
1790737537,0,31370,0,233.00,499.93,2379775,3168255,4169727,7167999,8642559,1355776,27607039,3569127.66,1867988.93,31370,10,10,10,0,0,0,0,0,0,2430975,3739647,10379263,2665269.25,500
1790737538,0,31870,0,234.97,499.59,2373631,3155967,4153343,7163903,8716287,1355776,27607039,3562069.16,1891663.16,31870,10,10,10,0,0,0,0,0,0,2568191,3805183,20856831,3119218.69,500
1790737539,0,32370,0,236.91,500.36,2365439,3143679,4132863,7143423,8699903,1355776,27607039,3546864.63,1882731.71,32370,10,10,10,0,0,0,0,0,0,2541567,3739647,4431871,2577727.49,500
1790737540,0,32870,0,238.82,499.93,2365439,3135487,4102143,7127039,8667135,1355776,27607039,3535187.52,1872395.62,32870,10,10,10,0,0,0,0,0,0,2772991,3764223,4259839,2779211.78,500
1790737541,0,33370,0,240.71,500.19,2361343,3123199,4085759,7135231,8781823,1355776,27607039,3531495.83,1887315.18,33370,10,10,10,0,0,0,0,0,0,2652159,10584063,16769023,3288804.35,500
1790737542,0,33870,0,242.56,499.63,2351103,3108863,4063231,7127039,8814591,1355776,27607039,3519068.35,1884068.94,33870,10,10,10,0,0,0,0,0,0,2418687,4648959,10141695,2689657.86,500
1790737543,0,34370,0,244.39,499.90,2344959,3094527,4042751,7114751,8781823,1355776,27607039,3505873.02,1876371.84,34370,10,10,10,0,0,0,0,0,0,2529279,3627007,6787071,2612021.25,500
1790737544,0,34870,0,246.20,500.39,2336767,3078143,4018175,7102463,8757247,1355776,27607039,3490262.83,1868823.59,34870,10,10,10,0,0,0,0,0,0,2426879,3489791,3629055,2417218.56,500
1790737545,0,35370,0,247.98,499.87,2330623,3063807,4003839,7086079,8732671,1355776,27607039,3475993.42,1861063.62,35370,10,10,10,0,0,0,0,0,0,2463743,3538943,4579327,2480844.80,500
1790737546,0,35870,0,249.73,500.12,2326527,3049471,3989503,7069695,8716287,1355776,27607039,3461718.90,1853340.07,35870,10,10,10,0,0,0,0,0,0,2455551,3481599,3682303,2451939.33,500
1790737547,0,36370,0,251.46,500.03,2322431,3039231,3975167,7045119,8699903,1355776,27607039,3449235.53,1845442.89,36370,10,10,10,0,0,0,0,0,0,2525183,3602431,4644863,2553678.85,500
1790737548,0,36870,0,253.17,499.71,2318335,3031039,3964927,7036927,8667135,1355776,27607039,3437809.14,1838783.43,36870,10,10,10,0,0,0,0,0,0,2508799,3627007,7360511,2606653.44,500
1790737549,0,37370,0,254.85,500.01,2312191,3020799,3952639,7020543,8642559,1355776,27607039,3424242.03,1831707.81,37370,10,10,10,0,0,0,0,0,0,2408447,3514367,4169727,2423802.88,500
1790737550,0,37870,0,256.51,500.11,2306047,3008511,3940351,7008255,8601599,1348608,27607039,3411250.71,1824398.59,37870,10,10,10,0,0,0,0,0,0,2424831,3491839,3735551,2440280.06,500
1790737551,0,38370,0,258.15,500.04,2301951,2998271,3934207,7016447,8716287,1348608,27607039,3407695.17,1830242.36,38370,10,10,10,0,0,0,0,0,0,2476031,8855551,11821055,3138398.21,500
1790737552,0,38870,0,259.77,500.10,2295807,2985983,3921919,7004159,8699903,1348608,27607039,3394778.91,1823197.97,38870,10,10,10,0,0,0,0,0,0,2414591,3426303,3602431,2403585.02,500
1790737553,0,39370,0,261.36,499.75,2289663,2973695,3913727,6987775,8699903,1348608,27607039,3384323.28,1818761.98,39370,10,10,10,0,0,0,0,0,0,2406399,3670015,8413183,2571502.59,500
1790737554,0,39870,0,262.94,500.16,2289663,2969599,3903487,6987775,8757247,1348608,27607039,3380135.07,1819306.39,39870,10,10,10,0,0,0,0,0,0,2635775,6672383,11034623,3050355.71,500
1790737555,0,40370,0,264.49,499.87,2285567,2957311,3891199,6967295,8732671,1348608,27607039,3368392.46,1812314.51,40370,10,10,10,0,0,0,0,0,0,2408447,3502079,3719167,2432036.86,500
1790737556,0,40870,0,266.02,500.29,2277375,2945023,3876863,6942719,8708095,1348608,27607039,3356204.26,1805854.90,40870,10,10,10,0,0,0,0,0,0,2355199,3483647,3700735,2372128.77,500
1790737557,0,41370,0,267.54,499.90,2273279,2932735,3858431,6922239,8699903,1332224,27607039,3345320.49,1798885.98,41370,10,10,10,0,0,0,0,0,0,2449407,3506175,3723263,2455681.02,500
1790737558,0,41870,0,269.03,499.79,2269183,2924543,3837951,6901759,8658943,1332224,27607039,3335360.78,1793088.88,41870,10,10,10,0,0,0,0,0,0,2406399,3708927,6660095,2511294.46,500
1790737559,0,42370,0,270.50,500.02,2263039,2918399,3813375,6889471,8642559,1332224,27607039,3324855.18,1786373.73,42370,10,10,10,0,0,0,0,0,0,2424831,3504127,3727359,2445116.42,500
1790737560,0,42870,0,271.96,500.09,2258943,2910207,3792895,6873087,8601599,1332224,27607039,3314632.81,1779738.41,42870,10,10,10,0,0,0,0,0,0,2426879,3520511,3940351,2448389.12,500
1790737561,0,43370,0,273.40,499.79,2258943,2906111,3770367,6852607,8593407,1332224,27607039,3306582.91,1772398.01,43370,10,10,10,0,0,0,0,0,0,2605055,3606527,4554751,2616384.51,500
1790737562,0,43870,0,274.82,500.09,2254847,2899967,3758079,6836223,8593407,1332224,27607039,3299531.48,1768128.57,43870,10,10,10,0,0,0,0,0,0,2490367,3874815,8372223,2687890.43,500
1790737563,0,44370,0,276.22,500.13,2252799,2897919,3756031,6881279,8896511,1332224,27607039,3308474.75,1800768.96,44370,10,10,10,0,0,0,0,0,0,2666495,12189695,17367039,4093157.38,500
1790737564,0,44870,0,277.60,499.90,2248703,2891775,3739647,6864895,8863743,1332224,27607039,3299698.81,1794218.77,44870,10,10,10,0,0,0,0,0,0,2469887,3579903,5070847,2520922.11,500
1790737565,0,45370,0,278.97,499.97,2246655,2887679,3725311,6840319,8839167,1332224,27607039,3291006.38,1787400.38,45370,10,10,10,0,0,0,0,0,0,2498559,3526655,3635199,2510947.33,500
1790737566,0,45870,0,280.32,500.23,2246655,2883583,3721215,6864895,9265151,1332224,31506431,3306293.60,1906119.59,45870,10,10,10,0,0,0,0,0,0,2646015,26083327,30621695,4693455.87,500
1790737567,0,46370,0,281.66,499.84,2242559,2879487,3713023,6877183,9805823,1332224,31506431,3309521.81,1941380.91,46370,10,10,10,0,0,0,0,0,0,2512895,14163967,22167551,3605678.08,500
1790737568,0,46870,0,282.98,500.06,2236415,2873343,3698687,6856703,9707519,1332224,31506431,3300396.56,1934013.52,46870,10,10,10,0,0,0,0,0,0,2459647,3469311,3696639,2454120.45,500
1790737569,0,47370,0,284.28,499.95,2232319,2865151,3684351,6828031,9625599,1332224,31506431,3291023.56,1926892.86,47370,10,10,10,0,0,0,0,0,0,2396159,3452927,3706879,2412398.59,500
1790737570,0,47870,0,285.56,499.83,2230271,2859007,3667967,6819839,9625599,1332224,31506431,3283787.39,1921820.11,47870,10,10,10,0,0,0,0,0,0,2453503,3557375,9486335,2598233.09,500
1790737571,0,48370,0,286.84,500.33,2226175,2850815,3655679,6795263,9519103,1325056,31506431,3274914.06,1914833.04,48370,10,10,10,0,0,0,0,0,0,2428927,3448831,3618815,2425380.86,500
1790737572,0,48870,0,288.09,499.77,2222079,2844671,3647487,6791167,9625599,1325056,31506431,3271200.22,1913091.56,48870,10,10,10,0,0,0,0,0,0,2506751,6172671,11517951,2911923.20,500
1790737573,0,49370,0,289.33,499.86,2220031,2838527,3635199,6774783,9519103,1325056,31506431,3263117.88,1906061.86,49370,10,10,10,0,0,0,0,0,0,2467839,3465215,3897343,2473150.46,500
1790737574,0,49870,0,290.56,500.43,2215935,2832383,3627007,6762495,9560063,1325056,31506431,3256235.49,1901741.16,49870,10,10,10,0,0,0,0,0,0,2424831,3631103,9699327,2576668.67,500
1790737575,0,50370,0,291.78,499.85,2215935,2832383,3631103,6819839,9863167,1325056,31506431,3264412.65,1912837.21,50370,10,10,10,0,0,0,0,0,0,2949119,9887743,10706943,4080002.05,500
1790737576,0,50870,0,292.97,500.13,2209791,2824191,3620863,6795263,9814015,1317888,31506431,3255892.95,1906277.97,50870,10,10,10,0,0,0,0,0,0,2392063,3448831,3651583,2397618.18,500
1790737577,0,51370,0,294.16,500.01,2203647,2815999,3606527,6778879,9789439,1317888,31506431,3247545.14,1899836.71,51370,10,10,10,0,0,0,0,0,0,2394111,3502079,3682303,2398238.72,500
1790737578,0,51870,0,295.33,499.95,2197503,2807807,3598335,6758399,9723903,1317888,31506431,3239450.40,1893778.18,51870,10,10,10,0,0,0,0,0,0,2363391,3522559,5185535,2407797.76,500
1790737579,0,52370,0,296.49,499.63,2193407,2803711,3586047,6742015,9658367,1317888,31506431,3231930.87,1887186.97,52370,10,10,10,0,0,0,0,0,0,2447359,3452927,3653631,2451854.34,500
1790737580,0,52870,0,297.64,500.23,2189311,2797567,3573759,6729727,9617407,1317888,31506431,3224239.96,1880835.78,52870,10,10,10,0,0,0,0,0,0,2414591,3469311,3674111,2418694.14,500
1790737581,0,53370,0,298.77,499.93,2185215,2791423,3565567,6709247,9592831,1317888,31506431,3217169.08,1874321.97,53370,10,10,10,0,0,0,0,0,0,2451455,3479551,3747839,2469493.76,500
1790737582,0,53870,0,299.89,500.10,2183167,2787327,3555327,6692863,9510911,1317888,31506431,3210037.72,1867988.93,53870,10,10,10,0,0,0,0,0,0,2441215,3489791,3649535,2448836.61,500
1790737583,0,54200,0,300.06,329.94,2181119,2787327,3555327,6688767,9486335,1317888,31506431,3209266.77,1865538.02,54200,10,10,10,0,0,0,0,0,0,2689023,6406143,7532543,3083414.50,330
1790737584,0,54400,0,299.51,200.07,2183167,2789375,3561471,6696959,9469951,1317888,31506431,3213548.83,1866093.37,54400,10,10,10,0,0,0,0,0,0,4308991,7016447,7565311,4373987.84,200
1790737585,0,54600,0,298.96,199.94,2187263,2793471,3569663,6717439,9428991,1317888,31506431,3219921.63,1868598.01,54600,10,10,10,0,0,0,0,0,0,5119999,7446527,8028159,4953323.52,200
1790737586,0,54800,0,298.42,200.11,2189311,2795519,3579903,6729727,9412607,1317888,31506431,3226057.48,1870444.73,54800,10,10,10,0,0,0,0,0,0,5095423,7172095,7503871,4901145.60,200
1790737587,0,55000,0,297.89,199.89,2191359,2799615,3588095,6737919,9412607,1317888,31506431,3230978.19,1872029.98,55000,10,10,10,0,0,0,0,0,0,4452351,7430143,8151039,4579251.20,200
1790737588,0,55200,0,297.36,199.97,2193407,2801663,3596287,6746111,9404415,1317888,31506431,3236110.89,1873508.78,55200,10,10,10,0,0,0,0,0,0,4567039,7307263,7995391,4647603.20,200
1790737589,0,55400,0,296.84,200.01,2193407,2805759,3602431,6750207,9396223,1317888,31506431,3238011.32,1872827.45,55400,10,10,10,0,0,0,0,0,0,3379199,7102463,8105983,3762531.84,200
1790737590,0,55600,0,296.32,200.11,2197503,2807807,3608575,6762495,9379839,1317888,31506431,3243283.39,1874133.99,55600,10,10,10,0,0,0,0,0,0,4591615,7307263,8077311,4703646.72,200
1790737591,0,55800,0,295.81,199.86,2199551,2811903,3618815,6770687,9371647,1317888,31506431,3249315.18,1876113.71,55800,10,10,10,0,0,0,0,0,0,5103615,7225343,8568831,4926151.68,200
1790737592,0,56000,0,295.31,199.99,2201599,2815999,3627007,6782975,9355263,1317888,31506431,3253937.03,1877459.39,56000,10,10,10,0,0,0,0,0,0,4296703,7204863,7946239,4543434.24,200
1790737593,0,56200,0,294.81,200.13,2203647,2818047,3631103,6778879,9330687,1317888,31506431,3256287.87,1876190.01,56200,10,10,10,0,0,0,0,0,0,3784703,6397951,6946815,3914521.60,200
1790737594,0,56400,0,294.31,199.94,2205695,2822143,3639295,6791167,9396223,1317888,31506431,3262642.00,1881893.58,56400,10,10,10,0,0,0,0,0,0,4771839,8142847,13877247,5048153.60,200
1790737595,0,56600,0,293.82,199.95,2207743,2826239,3645439,6791167,9379839,1317888,31506431,3266201.78,1881939.85,56600,10,10,10,0,0,0,0,0,0,4032511,7073791,7970815,4270059.52,200
1790737596,0,56800,0,293.34,200.05,2209791,2828287,3653631,6803455,9379839,1317888,31506431,3270923.76,1883351.50,56800,10,10,10,0,0,0,0,0,0,4476927,7405567,8978431,4607244.80,200
1790737597,0,57000,0,292.86,199.97,2211839,2832383,3661823,6807551,9379839,1317888,31506431,3275721.49,1884974.76,57000,10,10,10,0,0,0,0,0,0,4521983,7905279,9306111,4638274.56,200
1790737598,0,57200,0,292.38,199.99,2213887,2836479,3667967,6815743,9371647,1317888,31506431,3280189.42,1885895.83,57200,10,10,10,0,0,0,0,0,0,4427775,7188479,8380415,4553551.36,200
1790737599,0,57400,0,291.91,200.05,2215935,2838527,3676159,6823935,9396223,1317888,31506431,3284382.78,1887591.93,57400,10,10,10,0,0,0,0,0,0,4151295,8097791,10461183,4483683.84,200
1790737600,0,57600,0,291.45,200.04,2217983,2842623,3686399,6819839,9379839,1317888,31506431,3287827.36,1887259.61,57600,10,10,10,0,0,0,0,0,0,4210687,6688767,7135231,4276421.12,200
1790737601,0,57800,0,290.99,199.88,2220031,2844671,3692543,6828031,9371647,1317888,31506431,3291734.73,1887911.63,57800,10,10,10,0,0,0,0,0,0,4145151,7151615,7835647,4417057.28,200
1790737602,0,58000,0,290.53,200.11,2220031,2846719,3698687,6832127,9338879,1317888,31506431,3294827.24,1888308.53,58000,10,10,10,0,0,0,0,0,0,3782655,7454719,8015871,4188561.92,200
1790737603,0,58200,0,290.08,199.95,2222079,2850815,3706879,6840319,9322495,1317888,31506431,3298653.84,1888620.43,58200,10,10,10,0,0,0,0,0,0,4202495,7081983,7847935,4408368.64,200
1790737604,0,58400,0,289.64,200.04,2224127,2852863,3715071,6840319,9306111,1317888,31506431,3302153.49,1888631.39,58400,10,10,10,0,0,0,0,0,0,4175871,6946815,7602175,4320550.40,200
1790737605,0,58600,0,289.19,199.91,2224127,2852863,3715071,6840319,9281535,1317888,31506431,3302185.05,1887602.81,58600,10,10,10,0,0,0,0,0,0,2859007,6742015,7794687,3311400.96,200
1790737606,0,58800,0,288.76,200.17,2226175,2856959,3723263,6844415,9265151,1317888,31506431,3306753.21,1888158.26,58800,10,10,10,0,0,0,0,0,0,4726783,6991871,7536639,4645224.96,200
1790737607,0,59000,0,288.32,199.91,2228223,2861055,3735551,6860799,9248767,1317888,31506431,3313190.50,1890738.57,59000,10,10,10,0,0,0,0,0,0,5427199,7786495,8138751,5205752.32,200
1790737608,0,59200,0,287.89,200.00,2230271,2865151,3743743,6856703,9248767,1317888,31506431,3316734.32,1890654.86,59200,10,10,10,0,0,0,0,0,0,4329471,6778879,7094271,4362163.20,200
1790737609,0,59400,0,287.47,199.92,2232319,2869247,3756031,6877183,9265151,1317888,31506431,3323645.38,1894318.03,59400,10,10,10,0,0,0,0,0,0,5251071,8593407,9879551,5369318.40,200
1790737610,0,59600,0,287.04,199.99,2232319,2871295,3764223,6885375,9248767,1317888,31506431,3327724.77,1895309.18,59600,10,10,10,0,0,0,0,0,0,4349951,7806975,8921087,4539304.96,200
1790737611,0,59800,0,286.63,200.11,2234367,2875391,3772415,6881279,9248767,1317888,31506431,3330722.62,1894753.76,59800,10,10,10,0,0,0,0,0,0,4214783,6766591,7405567,4224079.36,200
1790737612,0,60000,0,286.21,199.90,2236415,2877439,3784703,6893567,9232383,1317888,31506431,3335469.96,1896096.88,60000,10,10,10,0,0,0,0,0,0,4665343,7544831,8413183,4754926.08,200
1790737613,0,60200,0,285.80,200.00,2238463,2881535,3801087,6893567,9224191,1317888,31506431,3340591.05,1897304.96,60200,10,10,10,0,0,0,0,0,0,4993023,7249919,7827455,4876917.76,200
1790737614,0,60400,0,285.40,199.99,2240511,2883583,3813375,6901759,9215999,1317888,31506431,3345997.04,1899210.19,60400,10,10,10,0,0,0,0,0,0,5013503,7675903,8429567,4973199.36,200
1790737615,0,60600,0,285.00,200.15,2240511,2885631,3823615,6901759,9183231,1317888,31506431,3348869.80,1898846.88,60600,10,10,10,0,0,0,0,0,0,4141055,6926335,7340031,4216442.88,200
1790737616,0,60800,0,284.60,199.99,2242559,2887679,3831807,6905855,9175039,1317888,31506431,3351945.06,1899087.88,60800,10,10,10,0,0,0,0,0,0,3997695,7204863,7864319,4283750.40,200
1790737617,0,61000,0,284.21,199.96,2244607,2891775,3844095,6909951,9158655,1317888,31506431,3355980.05,1899636.18,61000,10,10,10,0,0,0,0,0,0,4624383,7159807,7577599,4582617.60,200
1790737618,0,61200,0,283.82,199.97,2244607,2893823,3856383,6926335,9175039,1317888,31506431,3362394.80,1903041.49,61200,10,10,10,0,0,0,0,0,0,5427199,8511487,9306111,5318891.52,200
1790737619,0,61400,0,283.43,200.10,2246655,2895871,3866623,6930431,9158655,1317888,31506431,3366212.12,1903580.45,61400,10,10,10,0,0,0,0,0,0,4526079,7167999,8138751,4534312.96,200
1790737620,0,61600,0,283.05,199.91,2248703,2899967,3876863,6942719,9150463,1317888,31506431,3372258.40,1906297.44,61600,10,10,10,0,0,0,0,0,0,5406719,7852031,8781823,5228467.20,200
1790737621,0,61800,0,282.66,199.92,2250751,2902015,3885055,6950911,9125887,1317888,31506431,3376973.63,1907677.59,61800,10,10,10,0,0,0,0,0,0,4767743,7553023,8470527,4829263.36,200
1790737622,0,62000,0,282.29,200.09,2250751,2904063,3893247,6959103,9093119,1317888,31506431,3381863.32,1909169.17,62000,10,10,10,0,0,0,0,0,0,5136383,7417855,8052735,4892779.52,200
1790737623,0,62200,0,281.92,199.98,2252799,2908159,3903487,6967295,9076735,1317888,31506431,3387944.37,1911592.98,62200,10,10,10,0,0,0,0,0,0,5496831,7663615,8368127,5273067.52,200
1790737624,0,62400,0,281.55,199.97,2254847,2910207,3909631,6975487,9068543,1317888,31506431,3391664.45,1912493.92,62400,10,10,10,0,0,0,0,0,0,4411391,7499775,8200191,4548610.56,200
1790737625,0,62600,0,281.18,200.08,2254847,2910207,3913727,6975487,9068543,1317888,31506431,3393470.18,1911784.35,62600,10,10,10,0,0,0,0,0,0,3768319,6819839,7639039,3956856.32,200
1790737626,0,62800,0,280.82,199.96,2256895,2914303,3919871,6983679,9060351,1317888,31506431,3397592.47,1912542.64,62800,10,10,10,0,0,0,0,0,0,4607999,7356415,7999487,4687869.44,200
1790737627,0,63000,0,280.46,199.94,2256895,2916351,3926015,6983679,9052159,1317888,31506431,3400739.91,1912939.66,63000,10,10,10,0,0,0,0,0,0,4288511,7331839,8486911,4389038.08,200
1790737628,0,63200,0,280.10,200.00,2258943,2918399,3932159,6987775,9035775,1317888,31506431,3404937.56,1913684.07,63200,10,10,10,0,0,0,0,0,0,4775935,7352319,7671807,4727196.16,200
1790737629,0,63400,0,279.75,199.96,2258943,2920447,3938303,6995967,9035775,1317888,31506431,3410513.54,1915755.77,63400,10,10,10,0,0,0,0,0,0,5337087,7766015,8404991,5172523.52,200
1790737630,0,63600,0,279.40,200.02,2260991,2922495,3942399,7000063,9027583,1317888,31506431,3413059.77,1915936.66,63600,10,10,10,0,0,0,0,0,0,3878911,7749631,8286207,4220213.76,200
1790737631,0,63800,0,279.05,200.11,2260991,2926591,3950591,7000063,9019391,1317888,31506431,3417661.07,1916660.59,63800,10,10,10,0,0,0,0,0,0,5062655,7086079,7692287,4880875.52,200
1790737632,0,64000,0,278.71,199.97,2263039,2930687,3958783,7012351,9011199,1317888,31506431,3424510.98,1919995.83,64000,10,10,10,0,0,0,0,0,0,5877759,7983103,8732671,5609633.28,200
1790737633,0,64200,0,278.36,200.02,2265087,2932735,3966975,7016447,9011199,1317888,31506431,3429158.40,1921174.67,64200,10,10,10,0,0,0,0,0,0,5005311,7606271,8208383,4916331.52,200
1790737634,0,64400,0,278.03,199.90,2267135,2936831,3973119,7016447,9003007,1317888,31506431,3432441.66,1921243.52,64400,10,10,10,0,0,0,0,0,0,4476927,7086079,7438335,4486369.28,200
1790737635,0,64600,0,277.69,200.12,2269183,2940927,3981311,7020543,8994815,1317888,31506431,3437908.92,1923044.36,64600,10,10,10,0,0,0,0,0,0,5300223,7806975,8404991,5198366.72,200
1790737636,0,64800,0,277.36,199.96,2269183,2942975,3987455,7020543,8994815,1317888,31506431,3441178.30,1923526.84,64800,10,10,10,0,0,0,0,0,0,4329471,7376895,8388607,4497187.84,200
1790737637,0,65000,0,277.03,199.96,2271231,2947071,3993599,7024639,8986623,1317888,31506431,3444177.44,1923399.44,65000,10,10,10,0,0,0,0,0,0,4354047,7102463,8191999,4415897.60,200
1790737638,0,65200,0,276.70,199.95,2273279,2949119,4001791,7024639,8986623,1317888,31506431,3447473.82,1923481.57,65200,10,10,10,0,0,0,0,0,0,4464639,7106559,8052735,4518796.80,200
1790737639,0,65400,0,276.38,199.98,2273279,2953215,4007935,7028735,8978431,1317888,31506431,3451865.38,1924411.99,65400,10,10,10,0,0,0,0,0,0,5152767,7278591,7774207,4883514.88,200
1790737640,0,65600,0,276.06,200.17,2275327,2957311,4016127,7032831,8986623,1317888,31506431,3456150.99,1926320.99,65600,10,10,10,0,0,0,0,0,0,4841471,7962623,9781247,4857546.24,200
1790737641,0,65800,0,275.74,200.00,2275327,2959359,4022271,7036927,8978431,1317888,31506431,3459551.72,1926820.26,65800,10,10,10,0,0,0,0,0,0,4395007,7458815,8249343,4574991.36,200
1790737642,0,66000,0,275.42,199.93,2275327,2959359,4028415,7036927,8978431,1317888,31506431,3461668.95,1927548.55,66000,10,10,10,0,0,0,0,0,0,3731455,7589887,9076735,4158236.16,200
1790737643,0,66700,0,277.19,700.14,2283519,2979839,4098047,7221247,14467071,1317888,31506431,3595709.95,2403405.75,66700,10,10,10,0,0,0,0,0,0,17563647,25133055,25903103,16233861.12,700
1790737644,0,67700,0,280.18,999.38,2291711,3004415,4188159,7696383,20496383,1317888,31506431,3830602.97,3096360.00,67700,10,10,10,0,0,0,0,0,0,19415039,25739263,26476543,19497967.62,1000
1790737645,0,68700,0,283.14,1000.67,2303999,3028991,4251647,8437759,23003135,1317888,36831231,4074893.25,3708303.52,68700,10,10,10,0,0,0,0,0,0,20348927,26443775,29687807,20613345.28,1000
1790737646,0,69700,0,286.09,999.34,2312191,3049471,4321279,14245887,24117247,1317888,36831231,4306341.05,4177644.30,69700,10,10,10,0,0,0,0,0,0,20004863,26361855,26902527,20206804.99,1000
1790737647,0,70700,0,289.00,1000.56,2322431,3074047,4431871,16408575,24461311,1317888,36831231,4512321.02,4512917.04,70700,10,10,10,0,0,0,0,0,0,18399231,25067519,26591231,18869125.12,1000
1790737648,0,71710,0,291.94,1009.84,2330623,3098623,4558847,17678335,24477695,1317888,36831231,4700985.70,4769666.77,71710,10,10,10,0,0,0,0,0,0,17612799,23740415,24739839,17907513.28,1010
1790737649,0,72710,0,294.81,999.92,2342911,3121151,4677631,18546687,24477695,1317888,36831231,4879989.83,4991929.32,72710,10,10,10,0,0,0,0,0,0,17678335,23494655,24494079,17716375.55,1000
1790737650,0,73700,0,297.62,990.14,2353151,3147775,4870143,19169279,24575999,1317888,36831231,5056259.17,5205162.17,73700,10,10,10,0,0,0,0,0,0,17842175,24428543,30064639,18002263.40,990
1790737651,0,74710,0,300.48,1010.28,2363391,3168255,5074943,19660799,24575999,1317888,36831231,5231096.82,5396974.75,74710,10,10,10,0,0,0,0,0,0,18006015,23248895,24379391,17989052.07,1010
1790737652,0,75700,0,303.24,989.24,2375679,3192831,5271551,20070399,24608767,1317888,36831231,5400010.51,5573679.67,75700,10,10,10,0,0,0,0,0,0,18087935,23658495,25804799,18147021.83,990
1790737653,0,76710,0,306.06,1010.17,2385919,3217407,5484543,20578303,24920063,1317888,36831231,5584277.78,5780526.33,76710,10,10,10,0,0,0,0,0,0,19382271,25772031,26722303,19395200.76,1010
1790737654,0,77700,0,308.78,990.53,2396159,3244031,5693439,21053439,25231359,1317888,36831231,5771769.38,5992416.94,77700,10,10,10,0,0,0,0,0,0,20217855,26394623,27230207,20299527.76,990
1790737655,0,78710,0,311.56,1009.87,2406399,3266559,5906431,21364735,25362431,1317888,36831231,5944836.30,6160665.43,78710,10,10,10,0,0,0,0,0,0,19234815,25722879,26771455,19258994.57,1010
1790737656,0,79710,0,314.27,1000.05,2416639,3289087,6119423,21479423,25362431,1317888,36831231,6090177.70,6269513.03,79710,10,10,10,0,0,0,0,0,0,17530879,23216127,25051135,17529999.36,1000
1790737657,0,80700,0,316.93,989.87,2424831,3307519,6336511,21643263,25346047,1317888,36831231,6240670.62,6387491.65,80700,10,10,10,0,0,0,0,0,0,18153471,24068095,24788991,18357630.71,990
1790737658,0,81710,0,319.64,1009.67,2433023,3330047,6569983,21757951,25329663,1317888,36831231,6381851.62,6484609.78,81710,10,10,10,0,0,0,0,0,0,17432575,23625727,24920063,17662353.49,1010
1790737659,0,82710,0,322.29,1000.50,2443263,3352575,6791167,21856255,25346047,1317888,36831231,6519817.38,6578372.71,82710,10,10,10,0,0,0,0,0,0,17645567,23805951,25952255,17792999.42,1000
1790737660,0,83710,0,324.92,1000.25,2451455,3379199,7036927,21938175,25346047,1317888,36831231,6653769.58,6663425.01,83710,10,10,10,0,0,0,0,0,0,17645567,23658495,24969215,17732956.16,1000
1790737661,0,84710,0,327.53,999.80,2461695,3407871,7294975,22052863,25378815,1317888,36831231,6794522.16,6763432.93,84710,10,10,10,0,0,0,0,0,0,18317311,24264703,33013759,18576920.58,1000
1790737662,0,85700,0,330.08,989.86,2473983,3436543,7675903,22118399,25362431,1317888,36831231,6918790.85,6833048.28,85700,10,10,10,0,0,0,0,0,0,17629183,23560191,24444927,17551922.68,990
1790737663,0,86705,0,332.67,1005.28,2484223,3467263,8183807,22200319,25346047,1317888,36831231,7048880.73,6909463.59,86705,10,10,10,0,0,0,0,0,0,18087935,23773183,24395775,18142117.32,1005
1790737664,0,87710,0,335.24,1004.95,2494463,3504127,10559487,22265855,25329663,1317888,36831231,7174807.97,6979767.17,87710,10,10,10,0,0,0,0,0,0,17956863,23756799,24838143,18039008.16,1005
1790737665,0,88700,0,337.73,990.00,2502655,3545087,12214271,22347775,25313279,1317888,36831231,7299527.86,7049064.53,88700,10,10,10,0,0,0,0,0,0,18382847,23838719,24969215,18349207.01,990
1790737666,0,89710,0,340.28,1009.48,2510847,3588095,12828671,22396927,25296895,1317888,36831231,7424393.11,7116210.30,89710,10,10,10,0,0,0,0,0,0,18431999,23969791,24805375,18390281.63,1010
1790737667,0,90700,0,342.74,989.97,2519039,3627007,13246463,22462463,25296895,1317888,36831231,7542543.20,7175755.92,90700,10,10,10,0,0,0,0,0,0,18251775,24084479,25149439,18248850.88,990
1790737668,0,91700,0,345.21,1000.59,2527231,3667967,13606911,22495231,25280511,1317888,36831231,7656521.83,7227361.75,91700,10,10,10,0,0,0,0,0,0,17891327,23396351,24264703,17994383.36,1000
1790737669,0,92700,0,347.67,999.47,2535423,3717119,13950975,22560767,25329663,1317888,36831231,7776063.83,7290746.79,92700,10,10,10,0,0,0,0,0,0,18595839,24969215,27967487,18738065.41,1000
1790737670,0,93700,0,350.11,999.65,2543615,3764223,14245887,22642687,25378815,1317888,38961151,7898664.98,7361606.24,93700,10,10,10,0,0,0,0,0,0,19070975,24985599,32980991,19263791.10,1000
1790737671,0,94710,0,352.56,1009.93,2551807,3827711,14475263,22675455,25362431,1317888,38961151,8006082.16,7404298.41,94710,10,10,10,0,0,0,0,0,0,17989631,23543807,24346623,17971418.99,1010
1790737672,0,95700,0,354.93,990.41,2559999,3883007,14729215,22724607,25395199,1317888,38961151,8117640.35,7456508.45,95700,10,10,10,0,0,0,0,0,0,18497535,24608767,30326783,18790040.05,990
1790737673,0,96710,0,357.35,1009.66,2568191,3926015,14958591,22790143,25395199,1317888,38961151,8230580.71,7508247.37,96710,10,10,10,0,0,0,0,0,0,18808831,24788991,25804799,18931959.38,1010
1790737674,0,97710,0,359.71,1000.66,2578431,3964927,15155199,22822911,25395199,1317888,38961151,8330924.23,7542845.20,97710,10,10,10,0,0,0,0,0,0,17956863,23609343,24575999,18035146.75,1000
1790737675,0,98700,0,362.02,989.48,2586623,4007935,15359999,22855679,25378815,1317888,38961151,8431828.60,7579293.90,98700,10,10,10,0,0,0,0,0,0,18202623,24182783,25100287,18390783.48,990
1790737676,0,99700,0,364.36,1000.60,2594815,4071423,15564799,22937599,25444351,1317888,38961151,8544495.88,7633193.16,99700,10,10,10,0,0,0,0,0,0,19546111,25608191,26296319,19664756.74,1000
1790737677,0,100700,0,366.67,1000.09,2605055,4147199,15761407,23003135,25526271,1317888,38961151,8656796.02,7687396.29,100700,10,10,10,0,0,0,0,0,0,19726335,25952255,26689535,19853119.49,1000
1790737678,0,101704,0,368.98,1004.12,2613247,4198399,15941631,23101439,25624575,1317888,38961151,8768777.72,7741131.49,101704,10,10,10,0,0,0,0,0,0,19939327,26034175,26836991,20000408.99,1004
1790737679,0,102710,0,371.29,1005.65,2621439,4239359,16105471,23150591,25673727,1317888,38961151,8870520.88,7780986.92,102710,10,10,10,0,0,0,0,0,0,19300351,25772031,27279359,19156491.20,1006
1790737680,0,103710,0,373.55,999.73,2631679,4280319,16277503,23232511,25755647,1317888,38961151,8978017.14,7828993.30,103710,10,10,10,0,0,0,0,0,0,19742719,26050559,26918911,20018958.34,1000
1790737681,0,104710,0,375.80,1000.50,2639871,4329471,16433151,23298047,25837567,1317888,38961151,9079236.04,7871294.54,104710,10,10,10,0,0,0,0,0,0,19398655,26329087,30949375,19576647.68,1000
1790737682,0,105700,0,378.00,989.96,2650111,4399103,16564223,23314431,25821183,1317888,38961151,9166310.87,7893010.48,105700,10,10,10,0,0,0,0,0,0,18612223,24199167,25739263,18376013.06,990
1790737683,0,106710,0,380.25,1009.86,2660351,4489215,16687103,23330815,25837567,1317888,38961151,9252477.66,7913128.87,106710,10,10,10,0,0,0,0,0,0,18006015,24215551,26361855,18270130.95,1010
1790737684,0,107700,0,382.41,989.41,2670591,4567039,16793599,23347199,25821183,1317888,38961151,9333544.81,7928773.78,107700,10,10,10,0,0,0,0,0,0,17907711,23789567,24657919,18071601.65,990
1790737685,0,108710,0,384.63,1009.94,2682879,4640767,16891903,23363583,25837567,1317888,38961151,9415217.63,7946476.03,108710,10,10,10,0,0,0,0,0,0,18153471,24297471,28114943,18124289.01,1010
1790737686,0,109707,0,386.79,997.92,2693119,4755455,17006591,23396351,25837567,1317888,38961151,9496386.57,7964184.45,109707,10,10,10,0,0,0,0,0,0,18284543,24330239,31162367,18346813.88,997
1790737687,0,110705,0,388.94,998.03,2705407,4886527,17088511,23396351,25837567,1317888,38961151,9572871.35,7976103.12,110705,10,10,10,0,0,0,0,0,0,18022399,23609343,25001983,17980602.74,998
1790737688,0,111708,0,391.09,1003.00,2717695,5025791,17170431,23412735,25837567,1317888,38961151,9650653.99,7990660.27,111708,10,10,10,0,0,0,0,0,0,18300927,24313855,27721727,18235824.88,1003
1790737689,0,112710,0,393.22,1000.97,2732031,5165055,17252351,23429119,25837567,1317888,38961151,9726984.15,8003140.17,112710,10,10,10,0,0,0,0,0,0,18268159,24068095,24805375,18236655.14,1002
1790737690,0,113700,0,395.30,990.74,2746367,5296127,17334271,23445503,25837567,1317888,38961151,9802325.75,8016089.66,113700,10,10,10,0,0,0,0,0,0,18202623,24084479,26820607,18379852.54,990
1790737691,0,114710,0,397.42,1009.36,2760703,5435391,17432575,23461887,25853951,1317888,38961151,9879136.00,8031037.95,114710,10,10,10,0,0,0,0,0,0,18513919,24444927,28901375,18525993.06,1010
1790737692,0,115710,0,399.50,999.94,2770943,5570559,17498111,23478271,25837567,1317888,38961151,9949284.39,8038653.07,115710,10,10,10,0,0,0,0,0,0,17661951,24166399,25149439,17996005.38,1000
1790737693,0,116702,0,401.54,992.97,2783231,5713919,17547263,23461887,25837567,1317888,38961151,10013233.81,8040859.32,116702,10,10,10,0,0,0,0,0,0,17416191,22904831,23937023,17472495.48,992
1790737694,0,117700,0,403.59,997.39,2793471,5857279,17612799,23461887,25821183,1317888,38961151,10079379.06,8045300.17,117700,10,10,10,0,0,0,0,0,0,17711103,23265279,24412159,17814131.94,998
1790737695,0,118710,0,405.66,1010.06,2803711,6000639,17661951,23461887,25821183,1317888,38961151,10145059.88,8049208.72,118710,10,10,10,0,0,0,0,0,0,17498111,23511039,24313855,17799151.78,1010
1790737696,0,119700,0,407.65,989.51,2813951,6131711,17727487,23461887,25804799,1317888,38961151,10208263.32,8052315.38,119700,10,10,10,0,0,0,0,0,0,17727487,23298047,24379391,17786929.65,990
1790737697,0,120700,0,409.66,1000.56,2828287,6283263,17793023,23461887,25804799,1317888,38961151,10274541.39,8058662.73,120700,10,10,10,0,0,0,0,0,0,18186239,23904255,25657343,18208026.62,1000
1790737698,0,121710,0,411.69,1009.45,2840575,6438911,17842175,23461887,25804799,1317888,38961151,10339279.72,8062626.67,121710,10,10,10,0,0,0,0,0,0,17940479,23724031,24870911,18075830.50,1010
1790737699,0,122700,0,413.64,990.31,2852863,6594559,17907711,23478271,25788415,1317888,38961151,10401092.10,8065545.93,122700,10,10,10,0,0,0,0,0,0,18071551,23642111,25034751,18000269.19,990
1790737700,0,123700,0,415.61,1000.60,2865151,6737919,17956863,23478271,25788415,1317888,38961151,10462322.96,8068380.54,123700,10,10,10,0,0,0,0,0,0,17924095,23691263,26034175,17975349.25,1000
1790737701,0,124709,0,417.60,1009.11,2879487,6901759,17989631,23478271,25772031,1317888,38961151,10521233.95,8068812.21,124709,10,10,10,0,0,0,0,0,0,17514495,23740415,24494079,17743522.89,1009
1790737702,0,125710,0,419.55,1000.92,2887679,7061503,18055167,23478271,25772031,1317888,38961151,10583048.94,8072582.23,125710,10,10,10,0,0,0,0,0,0,18300927,23740415,24395775,18284233.01,1001
1790737703,0,126240,0,419.91,529.85,2891775,7106559,18071551,23478271,25772031,1317888,38961151,10599434.38,8071504.32,126240,10,10,10,0,0,0,0,0,0,16039935,23183359,24166399,14485874.96,530
1790737704,0,126440,0,419.18,199.97,2891775,7081983,18055167,23478271,25772031,1317888,38961151,10588691.72,8069892.88,126440,10,10,10,0,0,0,0,0,0,3397631,7213055,7786495,3807925.76,200
1790737705,0,126640,0,418.46,200.07,2891775,7053311,18038783,23478271,25755647,1317888,38961151,10578111.60,8068202.42,126640,10,10,10,0,0,0,0,0,0,3438591,7593983,8282111,3889356.80,200
1790737706,0,126840,0,417.74,199.91,2889727,7020543,18038783,23478271,25755647,1317888,38961151,10566855.90,8066949.67,126840,10,10,10,0,0,0,0,0,0,3241983,5529599,7036927,3439751.68,200
1790737707,0,127040,0,417.03,200.08,2889727,7000063,18022399,23478271,25755647,1317888,38961151,10555957.83,8065520.03,127040,10,10,10,0,0,0,0,0,0,3305471,7217151,8089599,3644400.64,200
1790737708,0,127240,0,416.32,199.93,2887679,6979583,18022399,23478271,25755647,1317888,38961151,10546293.57,8063446.05,127240,10,10,10,0,0,0,0,0,0,3731455,9060351,12845055,4407554.56,200
1790737709,0,127440,0,415.61,200.00,2887679,6946815,18006015,23461887,25755647,1317888,38961151,10535353.90,8062045.48,127440,10,10,10,0,0,0,0,0,0,3303423,6832127,8069119,3575534.08,200
1790737710,0,127640,0,414.91,200.01,2887679,6922239,17989631,23461887,25755647,1317888,38961151,10525766.11,8059704.68,127640,10,10,10,0,0,0,0,0,0,4009983,7806975,8323071,4416430.08,200
1790737711,0,127840,0,414.21,200.06,2885631,6893567,17989631,23461887,25755647,1317888,38961151,10514396.98,8058667.17,127840,10,10,10,0,0,0,0,0,0,3125247,5488639,7704575,3258613.76,200
1790737712,0,128040,0,413.52,199.96,2885631,6864895,17973247,23461887,25755647,1317888,38961151,10504265.32,8056785.21,128040,10,10,10,0,0,0,0,0,0,3508223,7688191,8220671,4028108.80,200
1790737713,0,128240,0,412.84,200.06,2883583,6836223,17956863,23461887,25755647,1317888,38961151,10493635.38,8055320.98,128240,10,10,10,0,0,0,0,0,0,3233791,7913471,8912895,3688348.16,200
1790737714,0,128440,0,412.15,199.88,2883583,6807551,17956863,23445503,25739263,1317888,38961151,10482290.21,8054255.09,128440,10,10,10,0,0,0,0,0,0,3172351,4734975,5263359,3207767.04,200
1790737715,0,128640,0,411.47,200.00,2883583,6778879,17940479,23445503,25739263,1317888,38961151,10471636.02,8052707.06,128640,10,10,10,0,0,0,0,0,0,3387391,6590463,7753727,3629516.80,200
1790737716,0,128840,0,410.80,200.12,2883583,6758399,17940479,23445503,25739263,1317888,38961151,10461776.99,8050637.75,128840,10,10,10,0,0,0,0,0,0,3733503,7540735,8282111,4120450.56,200
1790737717,0,129040,0,410.13,199.82,2883583,6733823,17924095,23445503,25739263,1317888,38961151,10451643.50,8048802.18,129040,10,10,10,0,0,0,0,0,0,3401727,7589887,8495103,3923650.56,200
1790737718,0,129240,0,409.46,200.03,2881535,6717439,17924095,23445503,25739263,1317888,38961151,10441060.09,8047300.33,129240,10,10,10,0,0,0,0,0,0,3266559,7073791,8454143,3612643.84,200
1790737719,0,129440,0,408.80,200.12,2881535,6684671,17907711,23445503,25739263,1317888,38961151,10430103.90,8046058.74,129440,10,10,10,0,0,0,0,0,0,3203071,5603327,7831551,3350208.00,200
1790737720,0,129640,0,408.14,199.92,2881535,6664191,17891327,23429119,25739263,1317888,38961151,10420231.87,8044062.14,129640,10,10,10,0,0,0,0,0,0,3684351,7561215,8155135,4031057.92,200
1790737721,0,129840,0,407.49,200.07,2879487,6639615,17891327,23429119,25739263,1317888,38961151,10409553.10,8042658.88,129840,10,10,10,0,0,0,0,0,0,3229695,6565887,7868415,3487575.04,200
1790737722,0,130040,0,406.84,199.94,2879487,6615039,17874943,23429119,25722879,1317888,38961151,10398961.19,8041182.47,130040,10,10,10,0,0,0,0,0,0,3276799,6479871,7671807,3522693.12,200
1790737723,0,130240,0,406.20,199.95,2877439,6594559,17858559,23429119,25722879,1317888,38961151,10389020.51,8039277.07,130240,10,10,10,0,0,0,0,0,0,3549183,7344127,8404991,3925585.92,200
1790737724,0,130440,0,405.55,199.96,2877439,6565887,17858559,23429119,25722879,1317888,38961151,10378239.64,8037943.15,130440,10,10,10,0,0,0,0,0,0,3233791,5402623,6684671,3357742.08,200
1790737725,0,130640,0,404.92,200.06,2875391,6541311,17842175,23412735,25722879,1317888,38961151,10368060.52,8036219.07,130640,10,10,10,0,0,0,0,0,0,3391487,7024639,7979007,3729239.04,200
1790737726,0,130840,0,404.28,199.99,2875391,6516735,17842175,23412735,25722879,1317888,38961151,10357624.96,8034671.65,130840,10,10,10,0,0,0,0,0,0,3274751,6533119,7618559,3541114.88,200
1790737727,0,131040,0,403.66,200.07,2875391,6488063,17825791,23412735,25722879,1317888,38961151,10347092.95,8033167.96,131040,10,10,10,0,0,0,0,0,0,3274751,5304319,6680575,3457049.60,200
1790737728,0,131240,0,403.03,199.94,2873343,6463487,17809407,23412735,25722879,1317888,38961151,10336443.55,8031830.54,131240,10,10,10,0,0,0,0,0,0,3162111,6152191,7614463,3358958.08,200
1790737729,0,131440,0,402.41,200.05,2873343,6438911,17809407,23412735,25722879,1317888,38961151,10326393.23,8030084.04,131440,10,10,10,0,0,0,0,0,0,3289087,7094271,8527871,3731376.64,200
1790737730,0,131640,0,401.79,199.97,2871295,6410239,17793023,23412735,25722879,1317888,38961151,10315629.22,8028803.15,131640,10,10,10,0,0,0,0,0,0,3201023,4792319,5300223,3241518.08,200
1790737731,0,131840,0,401.18,200.10,2871295,6385663,17793023,23412735,25722879,1317888,38961151,10305441.74,8027195.15,131840,10,10,10,0,0,0,0,0,0,3274751,7237631,8757247,3600046.08,200
1790737732,0,132040,0,400.57,199.90,2869247,6356991,17776639,23396351,25722879,1317888,38961151,10294902.69,8025829.48,132040,10,10,10,0,0,0,0,0,0,3166207,6172671,7286783,3347558.40,200
1790737733,0,132240,0,399.96,199.97,2869247,6332415,17760255,23396351,25706495,1317888,38961151,10284507.01,8024369.35,132240,10,10,10,0,0,0,0,0,0,3209215,6275071,7675903,3421276.16,200
1790737734,0,132440,0,399.36,200.01,2867199,6307839,17760255,23396351,25706495,1317888,38961151,10274114.87,8022922.61,132440,10,10,10,0,0,0,0,0,0,3145727,6336511,7467007,3402833.92,200
1790737735,0,132640,0,398.76,200.07,2865151,6279167,17743871,23396351,25706495,1317888,38961151,10263723.39,8021506.24,132640,10,10,10,0,0,0,0,0,0,3143679,6426623,7823359,3382484.48,200
1790737736,0,132840,0,398.16,199.92,2865151,6258687,17743871,23396351,25706495,1317888,38961151,10254027.27,8019640.04,132840,10,10,10,0,0,0,0,0,0,3309567,7458815,8179711,3823562.24,200
1790737737,0,133040,0,397.57,200.02,2865151,6238207,17727487,23396351,25706495,1317888,38961151,10244129.67,8017895.78,133040,10,10,10,0,0,0,0,0,0,3266559,6946815,7921663,3670144.00,200
1790737738,0,133240,0,396.98,199.93,2863103,6213631,17711103,23396351,25706495,1317888,38961151,10234037.59,8016291.59,133240,10,10,10,0,0,0,0,0,0,3252223,6578175,7778303,3520785.92,200
1790737739,0,133440,0,396.40,200.14,2863103,6184959,17711103,23379967,25706495,1317888,38961151,10223499.63,8014982.43,133440,10,10,10,0,0,0,0,0,0,3180543,4722687,5365759,3203110.40,200
1790737740,0,133640,0,395.81,199.86,2861055,6164479,17694719,23379967,25690111,1317888,38961151,10214226.49,8012824.78,133640,10,10,10,0,0,0,0,0,0,3737599,7471103,8093695,4027189.76,200
1790737741,0,133840,0,395.24,200.07,2861055,6139903,17694719,23379967,25690111,1317888,38961151,10204165.72,8011250.66,133840,10,10,10,0,0,0,0,0,0,3266559,6778879,7974911,3481553.92,200
1790737742,0,134040,0,394.66,200.09,2861055,6123519,17678335,23379967,25690111,1317888,38961151,10193963.20,8009765.96,134040,10,10,10,0,0,0,0,0,0,3219455,5554175,7757823,3366438.40,200
1790737743,0,134240,0,394.09,199.92,2859007,6098943,17661951,23379967,25690111,1317888,38961151,10183489.12,8008504.75,134240,10,10,10,0,0,0,0,0,0,3071999,5349375,7167999,3163760.64,200
1790737744,0,134440,0,393.52,199.96,2856959,6074367,17661951,23379967,25690111,1317888,38961151,10173097.87,8007174.95,134440,10,10,10,0,0,0,0,0,0,3106815,4997119,6627327,3198489.60,200
1790737745,0,134640,0,392.96,200.11,2854911,6049791,17645567,23379967,25690111,1317888,38961151,10163112.55,8005540.06,134640,10,10,10,0,0,0,0,0,0,3248127,5652479,7028735,3450984.96,200
1790737746,0,134840,0,392.39,199.85,2854911,6025215,17645567,23363583,25690111,1317888,38961151,10152977.57,8004048.48,134840,10,10,10,0,0,0,0,0,0,3186687,5279743,7438335,3330109.44,200
1790737747,0,135040,0,391.84,200.08,2852863,6008831,17629183,23363583,25673727,1317888,38961151,10143302.95,8002236.28,135040,10,10,10,0,0,0,0,0,0,3293183,6664191,7753727,3620669.44,200
1790737748,0,135240,0,391.28,199.96,2852863,5984255,17629183,23363583,25673727,1317888,38961151,10133413.30,8000603.95,135240,10,10,10,0,0,0,0,0,0,3248127,6205439,7569407,3455923.20,200
1790737749,0,135440,0,390.73,199.97,2850815,5959679,17612799,23363583,25673727,1317888,38961151,10123689.78,7998875.76,135440,10,10,10,0,0,0,0,0,0,3258367,6643711,7462911,3548646.40,200
1790737750,0,135640,0,390.18,200.11,2850815,5939199,17596415,23363583,25673727,1317888,38961151,10113603.58,7997402.78,135640,10,10,10,0,0,0,0,0,0,3190783,5316607,7213055,3283230.72,200
1790737751,0,135840,0,389.64,199.89,2850815,5910527,17596415,23347199,25673727,1317888,38961151,10103552.15,7995910.12,135840,10,10,10,0,0,0,0,0,0,3186687,5357567,6799359,3286671.36,200
1790737752,0,136040,0,389.09,200.16,2850815,5898239,17580031,23347199,25673727,1317888,38961151,10094593.34,7993721.35,136040,10,10,10,0,0,0,0,0,0,3676159,7397375,8077311,4009768.96,200
1790737753,0,136240,0,388.55,199.93,2848767,5873663,17580031,23347199,25673727,1317888,38961151,10084650.35,7992166.62,136240,10,10,10,0,0,0,0,0,0,3205119,5206015,6684671,3321425.92,200
1790737754,0,136440,0,388.02,199.97,2848767,5849087,17563647,23347199,25673727,1317888,38961151,10074716.37,7990622.88,136440,10,10,10,0,0,0,0,0,0,3221503,5169151,6893567,3307694.08,200
1790737755,0,136640,0,387.49,200.04,2846719,5824511,17547263,23347199,25673727,1317888,38961151,10064712.95,7989120.66,136640,10,10,10,0,0,0,0,0,0,3227647,4866047,5173247,3240376.32,200
1790737756,0,136840,0,386.95,199.88,2846719,5799935,17547263,23347199,25673727,1317888,38961151,10054759.72,7987592.98,136840,10,10,10,0,0,0,0,0,0,3225599,4853759,5181439,3254712.32,200
1790737757,0,137040,0,386.43,200.12,2844671,5779455,17530879,23347199,25673727,1317888,38961151,10045327.96,7985788.77,137040,10,10,10,0,0,0,0,0,0,3270655,6942719,7757823,3592117.76,200
1790737758,0,137240,0,385.90,199.94,2844671,5767167,17514495,23330815,25657343,1317888,38961151,10036920.33,7983365.07,137240,10,10,10,0,0,0,0,0,0,3739647,7983103,8552447,4276014.08,200
1790737759,0,137440,0,385.38,199.97,2844671,5754879,17514495,23330815,25657343,1317888,38961151,10027996.07,7981253.67,137440,10,10,10,0,0,0,0,0,0,3442687,7581695,8151039,3904168.96,200
1790737760,0,137640,0,384.86,200.03,2844671,5734399,17498111,23330815,25657343,1317888,38961151,10018904.68,7979239.51,137640,10,10,10,0,0,0,0,0,0,3397631,7114751,7974911,3771299.84,200
1790737761,0,137840,0,384.35,199.97,2842623,5709823,17498111,23330815,25657343,1317888,38961151,10009301.03,7977536.98,137840,10,10,10,0,0,0,0,0,0,3246079,5255167,6619135,3400074.24,200
1790737762,0,138040,0,383.84,200.15,2842623,5689343,17481727,23330815,25657343,1317888,38961151,9999993.38,7975669.45,138040,10,10,10,0,0,0,0,0,0,3282943,6557695,7524351,3585154.56,200
1790737763,0,139390,0,386.51,1348.94,2826239,5586943,17416191,23314431,25640959,1317888,38961151,9941252.80,7966090.14,139390,10,10,10,0,0,0,0,0,0,2572287,13008895,15122431,3934920.25,1350
1790737764,0,141350,0,390.87,1960.05,2826239,5656575,17448959,23314431,25673727,1317888,38961151,9974036.35,7974914.02,141350,10,10,10,0,0,0,0,0,0,13418495,23789567,37191679,12305515.10,1960
1790737765,0,143352,0,395.31,2003.10,2846719,5898239,17530879,23298047,25657343,1317888,38961151,10077033.43,7976756.09,143352,10,10,10,0,0,0,0,0,0,17252351,22790143,24625151,17349080.62,2002
1790737766,0,145370,0,399.77,2017.76,2869247,6139903,17612799,23298047,25640959,1317888,38961151,10179750.02,7979082.61,145370,10,10,10,0,0,0,0,0,0,17285119,23150591,24330239,17476393.86,2018
1790737767,0,147350,0,404.10,1979.36,2887679,6406143,17711103,23314431,25624575,1317888,38961151,10284482.38,7986350.25,147350,10,10,10,0,0,0,0,0,0,17858559,23855103,24821759,17973847.92,1980
1790737768,0,149350,0,408.47,2001.11,2904063,6664191,17809407,23347199,25624575,1317888,38961151,10393425.29,7999841.37,149350,10,10,10,0,0,0,0,0,0,18350079,24575999,25477119,18419793.92,2000
1790737769,0,151350,0,412.81,1999.58,2920447,6934527,17924095,23379967,25624575,1317888,38961151,10500460.91,8011681.26,151350,10,10,10,0,0,0,0,0,0,18546687,24461311,25280511,18493345.79,2000
1790737770,0,153350,0,417.13,2000.11,2940927,7204863,17973247,23363583,25608191,1317888,38961151,10585192.52,8003514.64,153350,10,10,10,0,0,0,0,0,0,16908287,22511615,23642111,16997257.22,2000
1790737771,0,155370,0,421.48,2018.76,2963455,7618559,18022399,23347199,25591807,1317888,38961151,10668006.47,7993573.89,155370,10,10,10,0,0,0,0,0,0,17203199,22200319,22757375,16954897.24,2020
1790737772,0,157370,0,425.75,2001.31,2985983,8130559,18071551,23330815,25575423,1317888,38961151,10744275.26,7979895.54,157370,10,10,10,0,0,0,0,0,0,16457727,21987327,22527999,16669216.77,2000
1790737773,0,159350,0,429.94,1978.48,3008511,10362879,18120703,23314431,25559039,1317888,38961151,10824921.00,7971659.88,159350,10,10,10,0,0,0,0,0,0,17285119,22331391,23330815,17234627.49,1980
1790737774,0,161370,0,434.22,2020.10,3028991,11419647,18169855,23281663,25542655,1317888,38961151,10903007.22,7960959.28,161370,10,10,10,0,0,0,0,0,0,16859135,22364159,23150591,17062928.22,2020
1790737775,0,163364,0,438.41,1995.99,3049471,11837439,18219007,23265279,25526271,1317888,38961151,10978879.38,7950060.74,163364,10,10,10,0,0,0,0,0,0,16990207,22462463,23625727,17119045.07,1994
1790737776,0,165350,0,442.55,1984.20,3069951,12107775,18251775,23248895,25509887,1317888,38961151,11052281.38,7938558.07,165350,10,10,10,0,0,0,0,0,0,17219583,22167551,23314431,17090168.14,1986
1790737777,0,167370,0,446.76,2020.17,3088383,12312575,18300927,23232511,25493503,1317888,38961151,11123428.97,7925544.68,167370,10,10,10,0,0,0,0,0,0,16941055,22315007,23183359,16947317.61,2020
1790737778,0,169370,0,450.89,2001.49,3106815,12484607,18350079,23216127,25493503,1317888,38961151,11194973.62,7914133.80,169370,10,10,10,0,0,0,0,0,0,17268735,22364159,23298047,17182187.52,2000
1790737779,0,171350,0,454.95,1979.97,3125247,12623871,18366463,23199743,25477119,1317888,38961151,11259653.02,7899171.35,171350,10,10,10,0,0,0,0,0,0,16769023,22167551,22937599,16792354.65,1980
1790737780,0,173350,0,459.04,1999.21,3143679,12738559,18399231,23183359,25460735,1317888,38961151,11322997.53,7883755.89,173350,10,10,10,0,0,0,0,0,0,16990207,21823487,22380543,16750039.04,2000
1790737781,0,175364,0,463.15,2014.86,3162111,12845055,18415615,23166975,25444351,1317888,38961151,11383882.26,7867044.17,175364,10,10,10,0,0,0,0,0,0,16613375,21708799,22560767,16624382.73,2014
1790737782,0,177370,0,467.21,2005.59,3180543,12943359,18464767,23150591,25427967,1317888,38961151,11449476.65,7854541.22,177370,10,10,10,0,0,0,0,0,0,17088511,22478847,23871487,17183720.52,2006
1790737783,0,179370,0,471.24,1999.36,3201023,13041663,18497535,23150591,25427967,1317888,38961151,11514049.66,7842694.21,179370,10,10,10,0,0,0,0,0,0,17432575,22478847,24281087,17240707.07,2000
1790737784,0,181370,0,475.25,2000.82,3219455,13131775,18513919,23134207,25411583,1317888,38961151,11574687.47,7828443.72,181370,10,10,10,0,0,0,0,0,0,16613375,22396927,23511039,17012989.95,2000
1790737785,0,183370,0,479.23,1998.77,3237887,13221887,18546687,23134207,25395199,1317888,38961151,11633695.09,7813762.52,183370,10,10,10,0,0,0,0,0,0,16752639,22265855,23298047,16984801.28,2000
1790737786,0,185350,0,483.14,1980.63,3254271,13295615,18579455,23101439,25378815,1317888,38961151,11688136.91,7797432.77,185350,10,10,10,0,0,0,0,0,0,16482303,22249471,22937599,16730054.08,1980
1790737787,0,187364,0,487.12,2014.93,3270655,13369343,18595839,23101439,25362431,1317888,38961151,11747106.23,7784307.88,187364,10,10,10,0,0,0,0,0,0,17383423,22609919,23855103,17174098.88,2014
1790737788,0,189350,0,491.01,1984.75,3287039,13443071,18628607,23085055,25346047,1317888,38961151,11802748.76,7769700.99,189350,10,10,10,0,0,0,0,0,0,16891903,22380543,23789567,17052198.67,1986
1790737789,0,191370,0,494.97,2020.28,3303423,13492223,18644991,23068671,25346047,1317888,38961151,11853312.92,7752316.10,191370,10,10,10,0,0,0,0,0,0,16613375,21938175,22593535,16593076.47,2020
1790737790,0,193370,0,498.85,2000.56,3319807,13565951,18677759,23052287,25329663,1317888,38961151,11905888.29,7736787.68,193370,10,10,10,0,0,0,0,0,0,16990207,22200319,23937023,16936562.69,2000
1790737791,0,195350,0,502.66,1979.43,3340287,13623295,18677759,23052287,25313279,1317888,38961151,11954332.43,7719798.03,195350,10,10,10,0,0,0,0,0,0,16744447,22003711,23527423,16685465.60,1980
1790737792,0,197350,0,506.50,2000.03,3360767,13697023,18710527,23035903,25296895,1317888,38961151,12008816.90,7706246.85,197350,10,10,10,0,0,0,0,0,0,17383423,22249471,23265279,17330587.65,2000
1790737793,0,199370,0,510.38,2020.81,3387391,13754367,18726911,23019519,25280511,1317888,38961151,12060264.30,7691346.95,199370,10,10,10,0,0,0,0,0,0,17219583,22331391,23363583,17086573.50,2020
1790737794,0,201360,0,514.16,1990.19,3414015,13811711,18743295,23019519,25264127,1317888,38961151,12109382.39,7676277.61,201360,10,10,10,0,0,0,0,0,0,16842751,22593535,23363583,17030324.10,1990
1790737795,0,203370,0,517.96,2008.93,3440639,13869055,18776063,23003135,25247743,1317888,38961151,12156699.66,7660230.17,203370,10,10,10,0,0,0,0,0,0,17465343,21856255,22429695,16896900.71,2010
1790737796,0,205370,0,521.73,1999.27,3467263,13918207,18792447,22986751,25247743,1317888,38961151,12205051.07,7645301.97,205370,10,10,10,0,0,0,0,0,0,17121279,22200319,22970367,17121665.02,2000
1790737797,0,207350,0,525.43,1981.41,3500031,13983743,18808831,22986751,25231359,1317888,38961151,12253041.25,7631714.95,207350,10,10,10,0,0,0,0,0,0,17039359,23052287,23756799,17230688.71,1980
1790737798,0,209350,0,529.15,1998.85,3534847,14032895,18825215,22970367,25214975,1317888,38961151,12300811.62,7617683.19,209350,10,10,10,0,0,0,0,0,0,17367039,22773759,23691263,17253404.67,2000
1790737799,0,211350,0,532.86,2001.34,3569663,14090239,18841599,22970367,25198591,1317888,38961151,12347634.30,7603997.62,211350,10,10,10,0,0,0,0,0,0,16941055,22790143,23543807,17248798.72,2000
1790737800,0,213350,0,536.55,1998.31,3604479,14139391,18857983,22970367,25182207,1317888,38961151,12392825.34,7589312.31,213350,10,10,10,0,0,0,0,0,0,17334271,22380543,23101439,17168388.10,2000
1790737801,0,215370,0,540.27,2020.68,3635199,14188543,18890751,22953983,25182207,1317888,38961151,12437841.04,7575079.44,215370,10,10,10,0,0,0,0,0,0,17154047,22462463,23248895,17192345.60,2020
1790737802,0,217370,0,543.92,2000.20,3665919,14237695,18907135,22953983,25165823,1317888,38961151,12481376.85,7560587.93,217370,10,10,10,0,0,0,0,0,0,17170431,22233087,22757375,17169530.88,2000
1790737803,0,219350,0,547.51,1979.45,3700735,14278655,18923519,22937599,25149439,1317888,38961151,12523077.25,7545972.01,219350,10,10,10,0,0,0,0,0,0,16908287,22495231,23216127,17101064.79,1980
1790737804,0,221364,0,551.16,2015.53,3733503,14311423,18939903,22921215,25149439,1317888,38961151,12563218.92,7529878.43,221364,10,10,10,0,0,0,0,0,0,17039359,22036479,22675455,16935154.02,2014
1790737805,0,223370,0,554.77,2005.34,3770367,14352383,18956287,22904831,25133055,1317888,38961151,12602996.69,7514257.72,223370,10,10,10,0,0,0,0,0,0,16990207,22151167,23052287,16992511.23,2006
1790737806,0,225350,0,558.30,1979.30,3817471,14393343,18972671,22904831,25133055,1317888,38961151,12643247.48,7499764.43,225350,10,10,10,0,0,0,0,0,0,17022975,22413311,23445503,17184064.65,1980
1790737807,0,227370,0,561.92,2020.86,3860479,14434303,18972671,22888447,25116671,1317888,38961151,12682555.94,7484846.83,227370,10,10,10,0,0,0,0,0,0,16990207,22265855,22790143,17067784.62,2020
1790737808,0,229370,0,565.46,2000.16,3893247,14467071,18989055,22888447,25116671,1317888,38961151,12718665.83,7468878.66,229370,10,10,10,0,0,0,0,0,0,16859135,22102015,23625727,16823818.24,2000
1790737809,0,231350,0,568.94,1980.21,3921919,14499839,19005439,22888447,25100287,1317888,38961151,12754873.70,7453586.09,231350,10,10,10,0,0,0,0,0,0,16547839,22380543,23314431,16949318.34,1980
1790737810,0,233350,0,572.45,1999.97,3950591,14540799,19021823,22872063,25083903,1317888,38961151,12793059.73,7439364.00,233350,10,10,10,0,0,0,0,0,0,17252351,22462463,23937023,17210228.74,2000
1790737811,0,235370,0,575.99,2018.96,3981311,14565375,19021823,22872063,25067519,1317888,38961151,12825408.63,7422178.83,235370,10,10,10,0,0,0,0,0,0,16531455,21905407,22626303,16562346.33,2020
1790737812,0,237370,0,579.47,2000.06,4014079,14589951,19021823,22855679,25067519,1317888,38961151,12860243.58,7406996.23,237370,10,10,10,0,0,0,0,0,0,17006591,22347775,23035903,16959795.20,2000
1790737813,0,239370,0,582.93,2000.86,4059135,14614527,19038207,22839295,25051135,1317888,38961151,12891876.32,7390488.04,239370,10,10,10,0,0,0,0,0,0,16408575,22118399,22659071,16646207.49,2000
1790737814,0,241350,0,586.32,1978.74,4112383,14647295,19038207,22839295,25034751,1317888,38961151,12924281.20,7375014.44,241350,10,10,10,0,0,0,0,0,0,16523263,22134783,23412735,16841835.57,1980
1790737815,0,243350,0,589.75,2000.52,4159487,14680063,19054591,22822911,25034751,1317888,38961151,12958643.35,7360611.90,243350,10,10,10,0,0,0,0,0,0,17088511,22331391,22970367,17105295.36,2000
1790737816,0,245354,0,593.17,2005.10,4192255,14704639,19070975,22822911,25018367,1317888,38961151,12989127.05,7344423.92,245354,10,10,10,0,0,0,0,0,0,16089087,22298623,22806527,16690828.01,2004
1790737817,0,247354,0,596.56,1999.95,4227071,14737407,19070975,22806527,25001983,1317888,38961151,13022921.97,7330249.76,247354,10,10,10,0,0,0,0,0,0,17285119,22478847,23396351,17168781.31,2000
1790737818,0,249370,0,599.98,2015.48,4255743,14761983,19087359,22806527,25001983,1317888,38961151,13053365.75,7314634.00,249370,10,10,10,0,0,0,0,0,0,16793599,21987327,22904831,16788679.11,2016
1790737819,0,251370,0,603.34,1998.61,4284415,14786559,19087359,22790143,25001983,1317888,38961151,13085079.08,7299843.56,251370,10,10,10,0,0,0,0,0,0,17039359,22298623,22872063,17039255.55,2000
1790737820,0,253370,0,606.68,2001.81,4321279,14811135,19103743,22790143,24985599,1317888,38961151,13115702.04,7285292.62,253370,10,10,10,0,0,0,0,0,0,16941055,22118399,22855679,16964548.61,2000
1790737821,0,255370,0,610.01,1999.18,4362239,14835711,19103743,22773759,24969215,1317888,38961151,13144643.82,7269838.12,255370,10,10,10,0,0,0,0,0,0,17088511,21790719,22577151,16811132.93,2000
1790737822,0,257350,0,613.27,1979.15,4427775,14852095,19120127,22773759,24969215,1317888,38961151,13172760.42,7254963.19,257350,10,10,10,0,0,0,0,0,0,16891903,22216703,22839295,16799092.36,1980
1790737823,0,258280,0,614.03,930.16,4444159,14868479,19120127,22773759,24952831,1317888,38961151,13181214.29,7251499.00,258280,10,10,10,0,0,0,0,0,0,16654335,22446079,23347199,15520572.01,930
1790737824,0,258480,0,613.04,199.95,4435967,14860287,19120127,22773759,24952831,1317888,38961151,13174500.39,7252901.39,258480,10,10,10,0,0,0,0,0,0,4063231,7983103,8691711,4504163.84,200
1790737825,0,258680,0,612.07,200.00,4419583,14852095,19103743,22773759,24952831,1317888,38961151,13167048.41,7255133.30,258680,10,10,10,0,0,0,0,0,0,3327999,5693439,7979007,3536110.08,200
1790737826,0,258880,0,611.10,200.17,4407295,14843903,19103743,22773759,24952831,1317888,38961151,13160484.81,7256391.66,258880,10,10,10,0,0,0,0,0,0,4239359,8232959,9003007,4671124.48,200
1790737827,0,259080,0,610.13,199.86,4399103,14835711,19103743,22773759,24952831,1317888,38961151,13153707.70,7257892.89,259080,10,10,10,0,0,0,0,0,0,3831807,8015871,8683519,4381422.08,200
1790737828,0,259280,0,609.16,200.12,4390911,14835711,19103743,22757375,24952831,1317888,38961151,13147294.91,7259029.59,259280,10,10,10,0,0,0,0,0,0,4161535,9027583,10092543,4840171.52,200
1790737829,0,259480,0,608.20,200.02,4386815,14827519,19103743,22757375,24952831,1317888,38961151,13140938.67,7260062.94,259480,10,10,10,0,0,0,0,0,0,4431871,8265727,9068543,4900702.72,200
1790737830,0,259680,0,607.25,199.85,4374527,14819327,19087359,22757375,24952831,1317888,38961151,13134064.98,7261712.08,259680,10,10,10,0,0,0,0,0,0,3659775,8294399,9011199,4216143.36,200
1790737831,0,259880,0,606.30,199.99,4366335,14811135,19087359,22757375,24952831,1317888,38961151,13126940.81,7263582.72,259880,10,10,10,0,0,0,0,0,0,3575807,7077887,8073215,3876917.76,200
1790737832,0,260080,0,605.35,200.16,4358143,14811135,19087359,22757375,24952831,1317888,38961151,13120129.37,7265116.93,260080,10,10,10,0,0,0,0,0,0,3891199,7741439,8388607,4269347.84,200
1790737833,0,260280,0,604.41,200.01,4354047,14802943,19087359,22757375,24952831,1317888,38961151,13113431.27,7266504.60,260280,10,10,10,0,0,0,0,0,0,4120575,7573503,8163327,4403215.36,200
1790737834,0,260480,0,603.48,199.84,4349951,14794751,19087359,22757375,24952831,1317888,38961151,13106652.23,7268029.08,260480,10,10,10,0,0,0,0,0,0,3862527,8122367,8790015,4284408.32,200
1790737835,0,260680,0,602.54,199.98,4341759,14786559,19070975,22757375,24952831,1317888,38961151,13099888.28,7269490.21,260680,10,10,10,0,0,0,0,0,0,4032511,7397375,8089599,4290524.16,200
1790737836,0,260880,0,601.62,200.17,4333567,14778367,19070975,22757375,24952831,1317888,38961151,13092888.69,7271283.52,260880,10,10,10,0,0,0,0,0,0,3430399,7913471,8601599,3969617.92,200
1790737837,0,261080,0,600.69,199.89,4329471,14778367,19070975,22757375,24952831,1317888,38961151,13086351.36,7272562.19,261080,10,10,10,0,0,0,0,0,0,3999743,8396799,9347071,4559055.36,200
1790737838,0,261280,0,599.77,199.98,4325375,14770175,19070975,22757375,24952831,1317888,38961151,13079905.37,7273732.39,261280,10,10,10,0,0,0,0,0,0,4141055,8249343,8986623,4665310.72,200
1790737839,0,261480,0,598.85,199.98,4321279,14761983,19070975,22757375,24936447,1317888,38961151,13073342.74,7275034.50,261480,10,10,10,0,0,0,0,0,0,3942399,8183807,9478143,4499932.16,200
1790737840,0,261680,0,597.94,200.09,4317183,14753791,19070975,22757375,24936447,1317888,38961151,13066680.12,7276449.85,261680,10,10,10,0,0,0,0,0,0,3876863,8146943,9846783,4355968.00,200
1790737841,0,261880,0,597.04,199.92,4308991,14745599,19054591,22757375,24936447,1317888,38961151,13059872.23,7277998.99,261880,10,10,10,0,0,0,0,0,0,3770367,7589887,8269823,4152427.52,200
1790737842,0,262080,0,596.13,200.11,4300799,14737407,19054591,22757375,24936447,1317888,38961151,13052300.67,7280417.31,262080,10,10,10,0,0,0,0,0,0,3121151,4423679,5144575,3138099.20,200
1790737843,0,262280,0,595.23,199.94,4292607,14729215,19054591,22740991,24936447,1317888,38961151,13045151.39,7282367.47,262280,10,10,10,0,0,0,0,0,0,3266559,6942719,8765439,3676736.00,200
1790737844,0,262480,0,594.34,200.01,4288511,14729215,19054591,22740991,24936447,1317888,38961151,13037866.51,7284462.40,262480,10,10,10,0,0,0,0,0,0,3248127,6397951,7487487,3484472.32,200
1790737845,0,262680,0,593.45,199.95,4280319,14721023,19054591,22740991,24936447,1317888,38961151,13030547.93,7286574.48,262680,10,10,10,0,0,0,0,0,0,3262463,5222399,6606847,3425646.08,200
1790737846,0,262880,0,592.56,199.98,4276223,14712831,19038207,22740991,24936447,1317888,38961151,13023485.99,7288425.52,262880,10,10,10,0,0,0,0,0,0,3397631,6897663,9117695,3748334.08,200
1790737847,0,263080,0,591.68,200.15,4268031,14704639,19038207,22740991,24936447,1317888,38961151,13016495.44,7290190.89,263080,10,10,10,0,0,0,0,0,0,3526655,7069695,7819263,3828121.60,200
1790737848,0,263280,0,590.80,199.87,4263935,14704639,19038207,22740991,24936447,1317888,38961151,13009445.06,7292018.86,263280,10,10,10,0,0,0,0,0,0,3457023,6926335,7634943,3735365.12,200
1790737849,0,263480,0,589.93,200.11,4259839,14696447,19038207,22740991,24936447,1317888,38961151,13002353.64,7293910.09,263480,10,10,10,0,0,0,0,0,0,3266559,7065599,7962623,3667210.24,200
1790737850,0,263680,0,589.05,200.01,4251647,14688255,19038207,22740991,24936447,1317888,38961151,12995338.26,7295725.49,263680,10,10,10,0,0,0,0,0,0,3301375,7356415,8765439,3753274.88,200
1790737851,0,263880,0,588.19,200.02,4247551,14680063,19021823,22740991,24936447,1317888,38961151,12988678.56,7297138.92,263880,10,10,10,0,0,0,0,0,0,3864575,7737343,9109503,4208532.48,200
1790737852,0,264080,0,587.32,199.91,4243455,14671871,19021823,22740991,24936447,1317888,38961151,12982194.73,7298496.56,264080,10,10,10,0,0,0,0,0,0,3676159,9125887,12615679,4427438.08,200
1790737853,0,264280,0,586.46,200.00,4243455,14671871,19021823,22740991,24936447,1317888,38961151,12975601.18,7299842.32,264280,10,10,10,0,0,0,0,0,0,3923967,7577599,8191999,4269468.16,200
1790737854,0,264480,0,585.61,199.94,4239359,14663679,19021823,22740991,24936447,1317888,38961151,12969383.72,7300754.23,264480,10,10,10,0,0,0,0,0,0,4423679,7933951,8462335,4753635.84,200
1790737855,0,264680,0,584.76,200.13,4235263,14655487,19021823,22740991,24936447,1317888,38961151,12962508.47,7302407.39,264680,10,10,10,0,0,0,0,0,0,3538943,7245823,8155135,3870676.48,200
1790737856,0,264880,0,583.91,200.01,4231167,14647295,19005439,22740991,24920063,1317888,38961151,12955691.82,7303996.29,264880,10,10,10,0,0,0,0,0,0,3629055,7352319,8462335,3934540.80,200
1790737857,0,265080,0,583.06,199.86,4227071,14639103,19005439,22740991,24920063,1317888,38961151,12949499.72,7304935.47,265080,10,10,10,0,0,0,0,0,0,4268031,8101887,8609791,4748679.68,200
1790737858,0,265280,0,582.22,200.12,4222975,14630911,19005439,22740991,24920063,1317888,38961151,12942374.65,7306921.23,265280,10,10,10,0,0,0,0,0,0,3201023,7409663,8478719,3498808.32,200
1790737859,0,265480,0,581.39,199.98,4218879,14622719,19005439,22724607,24920063,1317888,38961151,12936164.66,7307887.28,265480,10,10,10,0,0,0,0,0,0,4239359,8384511,9502719,4699228.16,200
1790737860,0,265680,0,580.55,199.91,4214783,14622719,19005439,22724607,24920063,1317888,38961151,12929729.62,7309213.21,265680,10,10,10,0,0,0,0,0,0,3729407,8773631,13336575,4387863.04,200
1790737861,0,265880,0,579.72,200.04,4210687,14614527,18989055,22724607,24920063,1317888,38961151,12922953.05,7310786.52,265880,10,10,10,0,0,0,0,0,0,3547135,7684095,8617983,3920960.00,200
1790737862,0,266080,0,578.90,199.92,4206591,14606335,18989055,22724607,24920063,1317888,38961151,12916483.18,7312049.79,266080,10,10,10,0,0,0,0,0,0,3872767,8019967,8863743,4315430.40,200
1790737863,0,266280,0,578.07,200.16,4202495,14598143,18989055,22724607,24920063,1317888,38961151,12910359.66,7312958.01,266280,10,10,10,0,0,0,0,0,0,4210687,8536063,10706943,4763627.52,200
1790737864,0,266480,0,577.26,199.93,4198399,14598143,18989055,22724607,24920063,1317888,38961151,12903461.33,7314686.68,266480,10,10,10,0,0,0,0,0,0,3307519,7417855,8228863,3719032.32,200
1790737865,0,266680,0,576.44,199.97,4194303,14589951,18972671,22724607,24920063,1317888,38961151,12896792.89,7316149.35,266680,10,10,10,0,0,0,0,0,0,3651583,7544831,8413183,4011755.52,200
1790737866,0,266880,0,575.63,199.92,4190207,14581759,18972671,22724607,24920063,1317888,38961151,12890391.54,7317321.92,266880,10,10,10,0,0,0,0,0,0,3938303,7905279,8503295,4354836.48,200
1790737867,0,267080,0,574.82,200.02,4186111,14573567,18972671,22724607,24920063,1317888,38961151,12883892.71,7318597.47,267080,10,10,10,0,0,0,0,0,0,3858431,7651327,8232959,4211850.24,200
1790737868,0,267280,0,574.01,200.05,4179967,14573567,18972671,22724607,24920063,1317888,38961151,12876892.10,7320433.32,267280,10,10,10,0,0,0,0,0,0,3264511,6655999,8110079,3528276.48,200
1790737869,0,267480,0,573.21,200.04,4173823,14565375,18972671,22724607,24920063,1317888,38961151,12869665.87,7322504.61,267480,10,10,10,0,0,0,0,0,0,3184639,4866047,5267455,3212538.88,200
1790737870,0,267680,0,572.42,200.07,4169727,14557183,18972671,22724607,24920063,1317888,38961151,12863161.79,7323778.83,267680,10,10,10,0,0,0,0,0,0,3819519,7675903,8642559,4164597.76,200
1790737871,0,267880,0,571.62,199.92,4165631,14548991,18956287,22724607,24920063,1317888,38961151,12856482.09,7325285.29,267880,10,10,10,0,0,0,0,0,0,3481599,7892991,8708095,3916372.48,200
1790737872,0,268080,0,570.83,199.99,4159487,14548991,18956287,22724607,24920063,1317888,38961151,12849908.32,7326658.84,268080,10,10,10,0,0,0,0,0,0,3639295,7643135,8257535,4045009.92,200
1790737873,0,268280,0,570.04,199.98,4155391,14540799,18956287,22724607,24920063,1317888,38961151,12843240.15,7328147.34,268280,10,10,10,0,0,0,0,0,0,3520511,7815167,8536063,3905226.24,200
1790737874,0,268480,0,569.26,200.10,4153343,14532607,18956287,22724607,24920063,1317888,38961151,12837042.05,7329173.77,268480,10,10,10,0,0,0,0,0,0,3975167,8015871,11476991,4522905.60,200
1790737875,0,268680,0,568.48,199.93,4149247,14524415,18956287,22708223,24920063,1317888,38961151,12830935.36,7330096.88,268680,10,10,10,0,0,0,0,0,0,4081663,8335359,8839167,4633318.40,200
1790737876,0,268880,0,567.70,199.98,4145151,14516223,18939903,22708223,24920063,1317888,38961151,12824628.62,7331210.00,268880,10,10,10,0,0,0,0,0,0,3868671,7864319,8634367,4352145.92,200
1790737877,0,269080,0,566.92,199.96,4139007,14508031,18939903,22708223,24903679,1317888,38961151,12818309.98,7332328.11,269080,10,10,10,0,0,0,0,0,0,3923967,7987199,8577023,4323540.48,200
1790737878,0,269280,0,566.15,200.07,4132863,14499839,18939903,22708223,24903679,1317888,38961151,12811544.40,7333928.54,269280,10,10,10,0,0,0,0,0,0,3332095,7237631,8118271,3709127.68,200
1790737879,0,269480,0,565.38,200.03,4128767,14499839,18939903,22708223,24903679,1317888,38961151,12805208.00,7335089.36,269480,10,10,10,0,0,0,0,0,0,3762175,8122367,9519103,4273881.60,200
1790737880,0,269680,0,564.62,200.01,4122623,14491647,18923519,22708223,24903679,1317888,38961151,12798950.42,7336278.04,269680,10,10,10,0,0,0,0,0,0,3583999,9838591,12148735,4367490.56,200
1790737881,0,269880,0,563.86,199.91,4116479,14483455,18923519,22708223,24903679,1317888,38961151,12792172.47,7337888.01,269880,10,10,10,0,0,0,0,0,0,3272703,6807551,7704575,3652784.64,200
1790737882,0,270080,0,563.10,200.02,4106239,14475263,18923519,22708223,24903679,1317888,38961151,12785125.91,7339779.29,270080,10,10,10,0,0,0,0,0,0,3225599,4861951,5394431,3276497.92,200
1790737883,0,272060,0,566.05,1980.87,4024319,14417919,18890751,22691839,24903679,1317888,38961151,12723792.55,7359211.51,272060,10,10,10,0,0,0,0,0,0,2531327,15556607,24887295,4357673.63,1980
1790737884,0,275060,0,571.10,2999.51,3936255,14311423,18841599,22691839,24887295,1208320,38961151,12620584.68,7389914.30,275060,10,10,10,0,0,0,0,0,0,2224127,9814015,13934591,3261007.19,3000
1790737885,0,278000,0,576.01,2940.19,3846143,14221311,18792447,22675455,24870911,1208320,38961151,12516953.05,7422288.72,278000,10,10,10,0,0,0,0,0,0,2041855,5881855,15745023,2821402.99,2940
1790737886,0,281030,0,581.08,3027.84,3887103,14286847,18841599,22724607,24952831,1208320,38961151,12584924.84,7422256.14,281030,10,10,10,0,0,0,0,0,0,18743295,25116671,26263551,18821280.87,3030
1790737887,0,284000,0,586.01,2972.21,3921919,14360575,18907135,22773759,25051135,1208320,38961151,12653835.49,7425166.18,284000,10,10,10,0,0,0,0,0,0,19267583,26034175,27099135,19174360.69,2970
1790737888,0,287000,0,590.98,2999.24,3954687,14426111,18956287,22822911,25133055,1208320,38961151,12720255.59,7427604.79,287000,10,10,10,0,0,0,0,0,0,18956287,25870335,27934719,19008024.58,3000
1790737889,0,290000,0,595.93,3000.63,3991551,14508031,19021823,22904831,25362431,1208320,41156607,12802524.71,7449646.43,290000,10,10,10,0,0,0,0,0,0,20348927,27672575,35651583,20672937.98,3000
1790737890,0,293000,0,600.86,3000.34,4036607,14589951,19087359,23003135,25591807,1208320,41156607,12883559.10,7465592.99,293000,10,10,10,0,0,0,0,0,0,20758527,27246591,27983871,20716882.60,3000
1790737891,0,296000,0,605.77,2997.54,4095999,14663679,19136511,23085055,25706495,1208320,41156607,12954955.37,7472812.22,296000,10,10,10,0,0,0,0,0,0,19841023,27017215,27967487,19927991.64,3000
1790737892,0,298970,0,610.60,2971.95,4149247,14721023,19185663,23134207,25772031,1208320,41156607,13017571.55,7472522.79,298970,10,10,10,0,0,0,0,0,0,19152895,25739263,27230207,19258106.66,2970
1790737893,0,302006,0,615.54,3036.96,4190207,14794751,19234815,23199743,25837567,1208320,41156607,13082847.62,7473976.04,302006,10,10,10,0,0,0,0,0,0,19349503,26083327,27541503,19510906.10,3036
1790737894,0,305000,0,620.38,2993.17,4227071,14843903,19267583,23248895,25853951,1208320,41156607,13136320.11,7467286.02,305000,10,10,10,0,0,0,0,0,0,18579455,25182207,27148287,18530112.47,2994
1790737895,0,308000,0,625.21,2997.91,4263935,14901247,19316735,23314431,25870335,1208320,41156607,13194801.19,7463818.94,308000,10,10,10,0,0,0,0,0,0,18939903,25378815,26361855,19140377.26,3000
1790737896,0,311000,0,630.02,3001.63,4300799,14974975,19365887,23412735,26034175,1208320,41156607,13270449.67,7478499.73,311000,10,10,10,0,0,0,0,0,0,20905983,27279359,29360127,21037027.33,3000
1790737897,0,313970,0,634.75,2969.46,4345855,15040511,19431423,23527423,26230783,1208320,41156607,13349320.68,7501426.50,313970,10,10,10,0,0,0,0,0,0,21643263,29147135,40075263,21608203.89,2970
1790737898,0,317000,0,639.59,3029.89,4415487,15097855,19496959,23625727,26312703,1208320,41156607,13418102.73,7508783.81,317000,10,10,10,0,0,0,0,0,0,20611071,26738687,28000255,20545330.52,3030
1790737899,0,320000,0,644.34,3001.54,4493311,15163391,19546111,23707647,26394623,1208320,41156607,13484741.24,7515147.81,320000,10,10,10,0,0,0,0,0,0,20545535,26656767,28065791,20526211.07,3000
1790737900,0,322970,0,649.01,2969.25,4571135,15237119,19611647,23822335,26558463,1208320,41156607,13558872.58,7530821.89,322970,10,10,10,0,0,0,0,0,0,21397503,27721727,30851071,21546086.74,2970
1790737901,0,325991,0,653.77,3022.15,4653055,15310847,19660799,23953407,26755071,1208320,41156607,13636293.47,7549504.75,325991,10,10,10,0,0,0,0,0,0,22102015,28147711,30507007,21913229.86,3021
1790737902,0,329000,0,658.48,3008.37,4759551,15384575,19742719,24100863,26984447,1208320,41156607,13716870.70,7574245.18,329000,10,10,10,0,0,0,0,0,0,21938175,30244863,31342591,22446499.26,3009
1790737903,0,332000,0,663.16,2999.93,4890623,15450111,19808255,24231935,27164671,1208320,41156607,13793163.30,7594469.10,332000,10,10,10,0,0,0,0,0,0,22364159,28491775,32063487,22159918.42,3000
1790737904,0,335000,0,667.82,2998.24,5013503,15515647,19857407,24363007,27312127,1208320,41156607,13867494.61,7611849.70,335000,10,10,10,0,0,0,0,0,0,22249471,28737535,30146559,22093493.59,3000
1790737905,0,337970,0,672.40,2969.57,5148671,15589375,19922943,24494079,27508735,1208320,41156607,13941422.19,7630445.27,337970,10,10,10,0,0,0,0,0,0,22511615,29261823,32047103,22280054.09,2970
1790737906,0,341000,0,677.08,3031.30,5263359,15622143,19939327,24526847,27508735,1208320,41156607,13986871.17,7622557.61,341000,10,10,10,0,0,0,0,0,0,18431999,25427967,28295167,19056307.45,3030
1790737907,0,344000,0,681.68,3000.88,5402623,15663103,19972095,24575999,27557887,1208320,41156607,14041905.11,7625189.23,344000,10,10,10,0,0,0,0,0,0,20152319,27525119,34406399,20297430.36,3000
1790737908,0,346982,0,686.23,2982.77,5537791,15704063,20004863,24608767,27639807,1208320,41156607,14090777.76,7623378.17,346982,10,10,10,0,0,0,0,0,0,19628031,28639231,38404095,19728668.33,2982
1790737909,0,350000,0,690.84,3017.65,5677055,15753215,20037631,24641535,27672575,1208320,41156607,14140989.75,7621097.60,350000,10,10,10,0,0,0,0,0,0,19398655,26673151,35422207,19913905.11,3018
1790737910,0,353000,0,695.38,2999.75,5824511,15802367,20070399,24690687,27721727,1208320,41156607,14192843.00,7622012.27,353000,10,10,10,0,0,0,0,0,0,20004863,28409855,32915455,20242388.31,3000
1790737911,0,356000,0,699.91,2997.64,5976063,15843327,20103167,24707071,27705343,1208320,41156607,14236384.39,7612980.59,356000,10,10,10,0,0,0,0,0,0,19120127,25886719,27131903,19359754.92,3000
1790737912,0,359000,0,704.43,3000.80,6127615,15892479,20135935,24788991,27820031,1208320,41156607,14296601.47,7620190.46,359000,10,10,10,0,0,0,0,0,0,21528575,28508159,29949951,21442362.03,3000
1790737913,0,361970,0,708.87,2970.30,6279167,15949823,20185087,24887295,27918335,1208320,41156607,14357441.66,7628015.51,361970,10,10,10,0,0,0,0,0,0,21397503,28540927,29491199,21711525.15,2970
1790737914,0,365000,0,713.40,3031.37,6447103,16015359,20250623,25001983,28000255,1208320,41156607,14420058.74,7636604.05,365000,10,10,10,0,0,0,0,0,0,21577727,28360703,29032447,21900422.51,3030
1790737915,0,368000,0,717.86,2998.89,6606847,16064511,20283391,25083903,28033023,1208320,41156607,14474442.79,7638458.26,368000,10,10,10,0,0,0,0,0,0,20824063,27574271,28704767,21091169.62,3000
1790737916,0,371000,0,722.31,2999.43,6754303,16105471,20332543,25149439,28065791,1208320,41156607,14525866.16,7638725.62,371000,10,10,10,0,0,0,0,0,0,20758527,27672575,29048831,20833798.83,3000
1790737917,0,373982,0,726.70,2984.03,6922239,16138239,20348927,25182207,28065791,1208320,41156607,14567985.03,7632112.66,373982,10,10,10,0,0,0,0,0,0,19759103,26935295,28688383,19808126.88,2982
1790737918,0,377000,0,731.14,3016.34,7086079,16187391,20398079,25247743,28098559,1208320,41156607,14621972.12,7634183.31,377000,10,10,10,0,0,0,0,0,0,21463039,27705343,28557311,21311899.23,3018
1790737919,0,379970,0,735.47,2969.67,7254015,16236543,20430847,25313279,28164095,1208320,41156607,14671621.65,7635219.33,379970,10,10,10,0,0,0,0,0,0,20774911,28459007,30294015,20973934.85,2970
1790737920,0,382970,0,739.85,2999.48,7475199,16285695,20479999,25395199,28213247,1208320,41156607,14726273.13,7639056.89,382970,10,10,10,0,0,0,0,0,0,21577727,28180479,29114367,21648247.47,3000
1790737921,0,386015,0,744.29,3047.52,7729151,16318463,20512767,25427967,28229631,1208320,41156607,14769523.56,7633977.79,386015,10,10,10,0,0,0,0,0,0,20217855,27492351,28852223,20209135.35,3045
1790737922,0,389000,0,748.60,2982.56,7991295,16359423,20545535,25460735,28262399,1208320,41156607,14812753.18,7629772.94,389000,10,10,10,0,0,0,0,0,0,19988479,28016639,29360127,20403132.42,2985
1790737923,0,392000,0,752.93,3000.84,8376319,16408575,20594687,25542655,28344319,1208320,41156607,14867749.70,7635124.50,392000,10,10,10,0,0,0,0,0,0,22052863,28491775,29261823,21998964.74,3000
1790737924,0,394970,0,757.18,2970.91,9502719,16449535,20627455,25591807,28344319,1208320,41156607,14914755.31,7633823.13,394970,10,10,10,0,0,0,0,0,0,21217279,27262975,29327359,21118862.91,2970
1790737925,0,398000,0,761.53,3030.85,10330111,16490495,20660223,25640959,28377087,1208320,41156607,14962764.96,7633295.43,398000,10,10,10,0,0,0,0,0,0,21151743,27983871,29229055,21220973.16,3030
1790737926,0,401000,0,765.80,2998.36,10657791,16539647,20709375,25706495,28442623,1208320,41156607,15015992.35,7640604.90,401000,10,10,10,0,0,0,0,0,0,21839871,29048831,35094527,22077493.25,3000
1790737927,0,404000,0,770.06,2999.50,10919935,16572415,20725759,25739263,28442623,1208320,41156607,15056723.72,7635186.88,404000,10,10,10,0,0,0,0,0,0,20463615,26984447,28688383,20501150.38,3000
1790737928,0,406970,0,774.25,2970.28,11173887,16605183,20758527,25788415,28459007,1208320,41156607,15102126.77,7635849.64,406970,10,10,10,0,0,0,0,0,0,21217279,27934719,36896767,21278164.21,2970
1790737929,0,410000,0,778.53,3029.43,11370495,16646143,20807679,25837567,28491775,1208320,41156607,15151643.19,7637791.13,410000,10,10,10,0,0,0,0,0,0,21676031,28246015,29605887,21802368.59,3030
1790737930,0,412970,0,782.68,2971.52,11509759,16687103,20840447,25903103,28508159,1208320,41156607,15196805.21,7637001.80,412970,10,10,10,0,0,0,0,0,0,21037055,28000255,28983295,21431292.55,2970
1790737931,0,416000,0,786.94,3028.65,11616255,16728063,20856831,25919487,28524543,1208320,41156607,15238229.16,7632991.89,416000,10,10,10,0,0,0,0,0,0,20414463,28098559,29245439,20884053.50,3030
1790737932,0,419000,0,791.11,3001.03,11689983,16744447,20873215,25919487,28524543,1208320,41156607,15264178.44,7619873.48,419000,10,10,10,0,0,0,0,0,0,19103743,24903679,28033023,18862478.68,3000
1790737933,0,422000,0,795.28,2998.38,11755519,16769023,20889599,25935871,28540927,1208320,41156607,15294991.93,7611324.73,422000,10,10,10,0,0,0,0,0,0,19447807,26902527,30408703,19598609.07,3000
1790737934,0,425000,0,799.42,2999.91,11821055,16793599,20905983,25952255,28540927,1208320,41156607,15326369.25,7601763.01,425000,10,10,10,0,0,0,0,0,0,19283967,26411007,28622847,19740112.21,3000
1790737935,0,428000,0,803.56,3002.18,11886591,16826367,20922367,25968639,28540927,1208320,41156607,15363448.60,7595695.12,428000,10,10,10,0,0,0,0,0,0,20316159,27230207,28213247,20616357.21,3000
1790737936,0,431000,0,807.67,3000.37,11943935,16859135,20955135,26017791,28540927,1208320,41156607,15407194.60,7595075.67,431000,10,10,10,0,0,0,0,0,0,21643263,27967487,28573695,21648291.16,3000
1790737937,0,434000,0,811.77,2999.18,12001279,16891903,20987903,26066943,28540927,1208320,41156607,15447298.77,7592154.22,434000,10,10,10,0,0,0,0,0,0,20987903,27688959,28770303,21208930.99,3000
1790737938,0,436970,0,815.80,2970.91,12058623,16924671,21020671,26099711,28557311,1208320,41156607,15488637.48,7590507.75,436970,10,10,10,0,0,0,0,0,0,21626879,28033023,28753919,21529378.65,2970
1790737939,0,440000,0,819.93,3029.78,12107775,16973823,21053439,26132479,28540927,1208320,41156607,15529042.80,7587703.76,440000,10,10,10,0,0,0,0,0,0,21364735,27738111,28508159,21356076.27,3030
1790737940,0,443000,0,823.98,2997.65,12165119,17006591,21086207,26181631,28573695,1208320,41156607,15570050.47,7586578.68,443000,10,10,10,0,0,0,0,0,0,21626879,28442623,29507583,21584508.25,3000
1790737941,0,446000,0,828.02,3000.02,12222463,17039359,21118975,26214399,28606463,1208320,41156607,15610817.69,7585567.94,446000,10,10,10,0,0,0,0,0,0,21610495,28557311,29261823,21630776.66,3000
1790737942,0,449000,0,832.05,3000.37,12271615,17072127,21151743,26263551,28622847,1208320,41156607,15653110.41,7585669.35,449000,10,10,10,0,0,0,0,0,0,21872639,28573695,29409279,21940629.50,3000
1790737943,0,450290,0,832.89,1290.79,12287999,17088511,21168127,26279935,28622847,1208320,41156607,15665084.90,7585348.79,450290,10,10,10,0,0,0,0,0,0,20496383,27557887,28442623,19832948.69,1290
1790737944,0,450490,0,831.73,199.98,12279807,17072127,21168127,26279935,28622847,1208320,41156607,15660910.08,7586421.58,450490,10,10,10,0,0,0,0,0,0,6475775,9805823,10657791,6261501.44,200
1790737945,0,450690,0,830.56,199.87,12263423,17072127,21151743,26263551,28622847,1208320,41156607,15657291.98,7586798.02,450690,10,10,10,0,0,0,0,0,0,7770111,10354687,11100159,7507712.00,200
1790737946,0,450890,0,829.40,200.09,12255231,17072127,21151743,26263551,28622847,1208320,41156607,15653281.41,7587640.69,450890,10,10,10,0,0,0,0,0,0,6651903,10239999,11108351,6615659.52,200
1790737947,0,451090,0,828.25,200.01,12247039,17072127,21151743,26263551,28622847,1208320,41156607,15649072.13,7588745.51,451090,10,10,10,0,0,0,0,0,0,5984255,9764863,10354687,6159464.96,200
1790737948,0,451290,0,827.10,200.07,12230655,17072127,21151743,26263551,28622847,1208320,41156607,15644934.31,7589717.62,451290,10,10,10,0,0,0,0,0,0,6266879,9445375,10575871,6312289.28,200
1790737949,0,451490,0,825.95,199.99,12222463,17055743,21151743,26263551,28622847,1208320,41156607,15641100.15,7590373.09,451490,10,10,10,0,0,0,0,0,0,7438335,10141695,11001855,6989506.56,200
1790737950,0,451690,0,824.80,199.85,12214271,17055743,21151743,26263551,28622847,1208320,41156607,15637486.19,7590741.32,451690,10,10,10,0,0,0,0,0,0,7798783,10182655,10878975,7479142.40,200
1790737951,0,451890,0,823.67,200.11,12197887,17055743,21151743,26263551,28622847,1208320,41156607,15633922.39,7591141.28,451890,10,10,10,0,0,0,0,0,0,8278015,10977279,12451839,7585274.88,200
1790737952,0,452090,0,822.53,199.97,12189695,17055743,21151743,26263551,28622847,1208320,41156607,15630013.07,7591889.36,452090,10,10,10,0,0,0,0,0,0,7397375,9928703,10543103,6797086.72,200
1790737953,0,452290,0,821.40,200.04,12181503,17055743,21151743,26263551,28622847,1208320,41156607,15626555.24,7592124.32,452290,10,10,10,0,0,0,0,0,0,8024063,11132927,12247039,7810304.00,200
1790737954,0,452490,0,820.27,199.99,12173311,17039359,21135359,26263551,28622847,1208320,41156607,15622617.30,7592902.33,452490,10,10,10,0,0,0,0,0,0,7102463,9879551,10674175,6717158.40,200
1790737955,0,452690,0,819.15,200.04,12156927,17039359,21135359,26263551,28622847,1208320,41156607,15619046.37,7593264.75,452690,10,10,10,0,0,0,0,0,0,7897087,10575871,11198463,7540003.84,200
1790737956,0,452890,0,818.03,199.99,12148735,17039359,21135359,26263551,28622847,1208320,41156607,15615304.16,7593823.19,452890,10,10,10,0,0,0,0,0,0,7667711,10100735,11034623,7145008.64,200
1790737957,0,453090,0,816.92,199.98,12132351,17039359,21135359,26263551,28622847,1208320,41156607,15611889.84,7593973.30,453090,10,10,10,0,0,0,0,0,0,8126463,10289151,10919935,7880335.36,200
1790737958,0,453290,0,815.81,199.90,12124159,17022975,21135359,26247167,28622847,1208320,41156607,15608036.53,7594626.38,453290,10,10,10,0,0,0,0,0,0,7135231,9584639,10567679,6878556.16,200
1790737959,0,453490,0,814.70,199.94,12115967,17022975,21135359,26247167,28622847,1208320,41156607,15603805.71,7595731.54,453490,10,10,10,0,0,0,0,0,0,5758975,9297919,10412031,6014845.44,200
1790737960,0,453690,0,813.60,200.11,12107775,17022975,21135359,26247167,28622847,1208320,41156607,15600515.88,7595749.87,453690,10,10,10,0,0,0,0,0,0,8339455,10518527,11100159,8140994.56,200
1790737961,0,453890,0,812.50,199.90,12099583,17022975,21135359,26247167,28622847,1208320,41156607,15597224.48,7595801.49,453890,10,10,10,0,0,0,0,0,0,8368127,11018239,12500991,8130841.60,200
1790737962,0,454090,0,811.41,200.10,12083199,17006591,21135359,26247167,28622847,1208320,41156607,15594026.03,7595729.19,454090,10,10,10,0,0,0,0,0,0,8462335,10543103,11263999,8335303.68,200
1790737963,0,454290,0,810.32,199.93,12075007,17006591,21118975,26247167,28622847,1208320,41156607,15590180.24,7596420.44,454290,10,10,10,0,0,0,0,0,0,7303167,10199039,10878975,6858506.24,200
1790737964,0,454490,0,809.23,200.01,12058623,17006591,21118975,26247167,28622847,1208320,41156607,15585908.21,7597657.25,454490,10,10,10,0,0,0,0,0,0,5197823,10362879,11239423,5882211.84,200
1790737965,0,454690,0,808.15,199.95,12050431,17006591,21118975,26247167,28622847,1208320,41156607,15582119.48,7598263.21,454690,10,10,10,0,0,0,0,0,0,7409663,9838591,10682367,6972416.00,200
1790737966,0,454890,0,807.07,200.11,12042239,17006591,21118975,26247167,28622847,1208320,41156607,15578719.07,7598460.55,454890,10,10,10,0,0,0,0,0,0,8327167,10919935,11476991,7848074.24,200
1790737967,0,455090,0,805.99,200.04,12025855,16990207,21118975,26247167,28622847,1208320,41156607,15574772.66,7599266.57,455090,10,10,10,0,0,0,0,0,0,6967295,9748479,10592255,6598860.80,200
1790737968,0,455290,0,804.92,199.96,12017663,16990207,21118975,26247167,28622847,1208320,41156607,15571360.42,7599427.10,455290,10,10,10,0,0,0,0,0,0,8093695,10313727,10838015,7806960.64,200
1790737969,0,455490,0,803.85,199.97,12001279,16990207,21118975,26247167,28622847,1208320,41156607,15567822.94,7599717.55,455490,10,10,10,0,0,0,0,0,0,7741439,10002431,10649599,7514936.32,200
1790737970,0,455690,0,802.79,200.04,11993087,16990207,21118975,26247167,28606463,1208320,41156607,15564142.63,7600216.43,455690,10,10,10,0,0,0,0,0,0,7610367,10362879,11051007,7182423.04,200
1790737971,0,455890,0,801.73,199.91,11984895,16990207,21102591,26247167,28606463,1208320,41156607,15560452.41,7600707.02,455890,10,10,10,0,0,0,0,0,0,7454719,9969663,10780671,7152460.80,200
1790737972,0,456090,0,800.67,200.06,11968511,16973823,21102591,26247167,28606463,1208320,41156607,15556607.07,7601411.04,456090,10,10,10,0,0,0,0,0,0,7307263,10010623,10534911,6791357.44,200
1790737973,0,456290,0,799.62,200.01,11960319,16973823,21102591,26247167,28606463,1208320,41156607,15552905.16,7601931.97,456290,10,10,10,0,0,0,0,0,0,7434239,10149887,11206655,7110881.28,200
1790737974,0,456490,0,798.57,200.08,11943935,16973823,21102591,26247167,28606463,1208320,41156607,15548962.83,7602725.66,456490,10,10,10,0,0,0,0,0,0,6881279,9486335,10182655,6554744.32,200
1790737975,0,456690,0,797.53,199.96,11935743,16973823,21102591,26247167,28606463,1208320,41156607,15545260.22,7603255.85,456690,10,10,10,0,0,0,0,0,0,7487487,10133503,10797055,7094218.24,200
1790737976,0,456890,0,796.48,199.94,11919359,16957439,21102591,26247167,28606463,1208320,41156607,15541489.27,7603933.22,456890,10,10,10,0,0,0,0,0,0,7716863,10461183,12009471,6930731.52,200
1790737977,0,457090,0,795.45,200.06,11911167,16957439,21102591,26247167,28606463,1208320,41156607,15537881.46,7604478.46,457090,10,10,10,0,0,0,0,0,0,7249919,11083775,17661951,7296000.00,200
1790737978,0,457290,0,794.41,199.87,11902975,16957439,21102591,26247167,28606463,1208320,41156607,15534360.70,7604788.65,457290,10,10,10,0,0,0,0,0,0,7823359,10305535,11116543,7487861.76,200
1790737979,0,457490,0,793.38,200.02,11886591,16957439,21102591,26247167,28606463,1208320,41156607,15530796.13,7605180.56,457490,10,10,10,0,0,0,0,0,0,7974911,10321919,10805247,7380567.04,200
1790737980,0,457690,0,792.35,200.15,11878399,16957439,21086207,26230783,28606463,1208320,41156607,15527199.63,7605588.61,457690,10,10,10,0,0,0,0,0,0,7770111,10133503,10657791,7300398.08,200
1790737981,0,457890,0,791.33,200.01,11870207,16941055,21086207,26230783,28606463,1208320,41156607,15522595.27,7607338.17,457890,10,10,10,0,0,0,0,0,0,3876863,9912319,11108351,4985733.12,200
1790737982,0,458090,0,790.31,199.97,11853823,16941055,21086207,26230783,28606463,1208320,41156607,15517698.62,7609416.25,458090,10,10,10,0,0,0,0,0,0,3670015,8953855,10510335,4307066.88,200
1790737983,0,458290,0,789.29,199.93,11845631,16941055,21086207,26230783,28606463,1208320,41156607,15512631.26,7611786.78,458290,10,10,10,0,0,0,0,0,0,3268607,8196095,14090239,3906106.88,200
1790737984,0,458490,0,788.28,200.03,11829247,16941055,21086207,26230783,28606463,1208320,41156607,15507992.16,7613509.83,458490,10,10,10,0,0,0,0,0,0,4173823,8806399,9879551,4877711.36,200
1790737985,0,458690,0,787.27,200.01,11821055,16924671,21086207,26230783,28606463,1208320,41156607,15502991.22,7615691.64,458690,10,10,10,0,0,0,0,0,0,3706879,7467007,8282111,4038589.44,200
1790737986,0,458890,0,786.27,200.02,11804671,16924671,21086207,26230783,28606463,1208320,41156607,15498460.09,7617304.07,458890,10,10,10,0,0,0,0,0,0,4440063,9592831,13099007,5106554.88,200
1790737987,0,459090,0,785.26,199.98,11788287,16924671,21086207,26230783,28606463,1208320,41156607,15493270.08,7619745.94,459090,10,10,10,0,0,0,0,0,0,3373055,5820415,7491583,3585054.72,200
1790737988,0,459290,0,784.26,199.95,11780095,16924671,21086207,26230783,28606463,1208320,41156607,15488158.54,7622082.51,459290,10,10,10,0,0,0,0,0,0,3567615,6897663,8462335,3754854.40,200
1790737989,0,459490,0,783.27,199.98,11763711,16924671,21069823,26230783,28606463,1208320,41156607,15483315.26,7624053.61,459490,10,10,10,0,0,0,0,0,0,3880959,7663615,8142847,4360980.48,200
1790737990,0,459690,0,782.27,200.09,11747327,16908287,21069823,26230783,28606463,1208320,41156607,15478597.34,7625843.58,459690,10,10,10,0,0,0,0,0,0,4206591,7606271,8114175,4639411.20,200
1790737991,0,459890,0,781.29,200.03,11730943,16908287,21069823,26230783,28606463,1208320,41156607,15473653.59,7627953.16,459890,10,10,10,0,0,0,0,0,0,3747839,7667711,8269823,4110686.72,200
1790737992,0,460090,0,780.30,199.90,11722751,16908287,21069823,26230783,28606463,1208320,41156607,15468502.35,7630351.77,460090,10,10,10,0,0,0,0,0,0,3311615,6979583,8093695,3623490.56,200
1790737993,0,460290,0,779.32,200.10,11706367,16908287,21069823,26230783,28606463,1208320,41156607,15463995.76,7631976.75,460290,10,10,10,0,0,0,0,0,0,4059135,10690559,11427839,5096801.28,200
1790737994,0,460490,0,778.34,199.98,11689983,16891903,21069823,26230783,28606463,1208320,41156607,15459243.17,7633824.57,460490,10,10,10,0,0,0,0,0,0,4044799,7798783,8257535,4521390.08,200
1790737995,0,460690,0,777.36,199.84,11673599,16891903,21069823,26230783,28606463,1208320,41156607,15454469.04,7635702.44,460690,10,10,10,0,0,0,0,0,0,3954687,7954431,8806399,4462269.44,200
1790737996,0,460890,0,776.39,200.03,11665407,16891903,21069823,26230783,28606463,1208320,41156607,15449288.67,7638138.30,460890,10,10,10,0,0,0,0,0,0,3280895,6230015,7340031,3516574.72,200
1790737997,0,461090,0,775.42,199.98,11649023,16891903,21053439,26230783,28606463,1208320,41156607,15444780.40,7639742.76,461090,10,10,10,0,0,0,0,0,0,4026367,9297919,12738559,5055697.92,200
1790737998,0,461290,0,774.45,200.02,11632639,16891903,21053439,26230783,28606463,1208320,41156607,15439681.26,7642068.94,461290,10,10,10,0,0,0,0,0,0,3352575,7053311,8069119,3683860.48,200
1790737999,0,461490,0,773.49,199.99,11616255,16875519,21053439,26214399,28606463,1208320,41156607,15435693.14,7643006.31,461490,10,10,10,0,0,0,0,0,0,6180863,10731519,13254655,6237301.76,200
1790738000,0,461690,0,772.53,200.11,11599871,16875519,21053439,26214399,28606463,1208320,41156607,15431610.48,7643995.83,461690,10,10,10,0,0,0,0,0,0,6283263,9158655,9781247,6011072.00,200
1790738001,0,461890,0,771.57,199.91,11575295,16875519,21053439,26214399,28606463,1208320,41156607,15427887.27,7644567.87,461890,10,10,10,0,0,0,0,0,0,6905855,10379263,11198463,6833059.84,200
1790738002,0,462090,0,770.62,200.01,11558911,16875519,21053439,26214399,28606463,1208320,41156607,15424331.78,7644976.50,462090,10,10,10,0,0,0,0,0,0,7806975,10125311,11214847,7213099.52,200
1790738003,0,465280,0,774.65,3191.35,11616255,16875519,21053439,26214399,28606463,1208320,41156607,15444000.01,7632981.49,465280,10,10,10,0,0,0,0,0,0,18071551,26247167,28884991,18293057.00,3190
1790738004,0,470280,0,781.67,5000.71,11739135,16908287,21086207,26230783,28622847,1208320,41156607,15487640.56,7617474.08,470280,10,10,10,0,0,0,0,0,0,19644415,26443775,29310975,19548655.62,5000
1790738005,0,475280,0,788.67,4997.08,11853823,16957439,21118975,26247167,28639231,1208320,41156607,15535366.89,7604786.11,475280,10,10,10,0,0,0,0,0,0,19660799,27508735,29966335,20024314.27,5000
1790738006,0,480230,0,795.57,4951.10,11943935,17006591,21168127,26329087,28704767,1208320,41156607,15604001.02,7609446.44,480230,10,10,10,0,0,0,0,0,0,22167551,29786111,32276479,22193986.51,4950
1790738007,0,485230,0,802.52,5000.42,12042239,17072127,21233663,26411007,28819455,1208320,41156607,15674657.15,7615536.12,485230,10,10,10,0,0,0,0,0,0,22118399,29638655,31457279,22460896.05,5000
1790738008,0,490280,0,809.53,5051.68,12115967,17104895,21250047,26427391,28835839,1208320,41156607,15718997.54,7603213.27,490280,10,10,10,0,0,0,0,0,0,19808255,27688959,30048255,19979450.96,5050
1790738009,0,495280,0,816.44,4998.10,12189695,17137663,21266431,26427391,28835839,1208320,41156607,15757678.82,7586009.18,495280,10,10,10,0,0,0,0,0,0,19283967,26771455,27918335,19550610.23,5000
1790738010,0,500265,0,823.30,4987.35,12271615,17170431,21299199,26443775,28868607,1208320,41156607,15801184.93,7573516.58,500265,10,10,10,0,0,0,0,0,0,20152319,28377087,32784383,20123694.01,4985
1790738011,0,505230,0,830.11,4964.79,12345343,17203199,21315583,26460159,28884991,1208320,41156607,15844662.48,7561595.71,505230,10,10,10,0,0,0,0,0,0,20021247,27803647,31784959,20225386.37,4965
1790738012,0,510230,0,836.95,4997.71,12427263,17268735,21364735,26558463,28983295,1208320,41156607,15911834.78,7568750.03,510230,10,10,10,0,0,0,0,0,0,22315007,29868031,32505855,22699326.67,5000
1790738013,0,515280,0,843.85,5050.40,12500991,17317887,21413887,26623999,29114367,1208320,44433407,15975482.35,7576371.53,515280,10,10,10,0,0,0,0,0,0,22036479,30113791,34340863,22406155.76,5050
1790738014,0,520220,0,850.54,4942.41,12574719,17350655,21430271,26607615,29097983,1208320,44433407,16008978.29,7558522.12,520220,10,10,10,0,0,0,0,0,0,19513343,26083327,27983871,19502862.72,4940
1790738015,0,525230,0,857.33,5007.80,12632063,17383423,21446655,26623999,29114367,1208320,44433407,16047953.31,7545770.01,525230,10,10,10,0,0,0,0,0,0,20004863,27672575,29851647,20094976.00,5010
1790738016,0,530230,0,864.08,4997.93,12697599,17399807,21479423,26640383,29130751,1208320,44433407,16084487.62,7533648.23,530230,10,10,10,0,0,0,0,0,0,19857407,27148287,31637503,19922270.62,5000
1790738017,0,535280,0,870.89,5052.64,12763135,17432575,21495807,26656767,29130751,1208320,44433407,16125173.82,7521397.02,535280,10,10,10,0,0,0,0,0,0,20021247,27475967,28852223,20397064.52,5050
1790738018,0,540280,0,877.60,4997.00,12828671,17465343,21528575,26673151,29163519,1208320,44433407,16167361.32,7511098.01,540280,10,10,10,0,0,0,0,0,0,20463615,27934719,30818303,20683785.83,5000
1790738019,0,545230,0,884.21,4953.84,12902399,17514495,21577727,26738687,29229055,1208320,44433407,16228545.35,7516084.21,545230,10,10,10,0,0,0,0,0,0,22724607,30130175,32276479,22906627.62,4950
1790738020,0,550280,0,890.95,5046.47,12967935,17563647,21626879,26804223,29376511,1208320,44433407,16291725.63,7523614.17,550280,10,10,10,0,0,0,0,0,0,23658495,30425087,33177599,23113068.58,5050
1790738021,0,555280,0,897.59,5001.32,13033471,17612799,21676031,26853375,29474815,1208320,44433407,16348241.56,7525719.39,555280,10,10,10,0,0,0,0,0,0,21790719,29900799,30916607,22568159.64,5000
1790738022,0,560240,0,904.15,4962.84,13090815,17661951,21725183,26951679,29573119,1208320,44433407,16411222.21,7534271.12,560240,10,10,10,0,0,0,0,0,0,23379967,29949951,34242559,23462006.92,4960
1790738023,0,565280,0,910.81,5038.51,13156351,17694719,21757951,26984447,29605887,1208320,44433407,16462992.28,7532307.25,565280,10,10,10,0,0,0,0,0,0,21856255,29458431,31309823,22217687.37,5040
1790738024,0,570280,0,917.39,4999.78,13221887,17743871,21807103,27017215,29704191,1208320,44433407,16515894.97,7532675.53,570280,10,10,10,0,0,0,0,0,0,22151167,30097407,31604735,22496861.39,5000
1790738025,0,575280,0,923.95,5001.40,13279231,17793023,21856255,27099135,29818879,1208320,44433407,16576354.76,7540858.68,575280,10,10,10,0,0,0,0,0,0,23609343,30244863,33046527,23472157.49,5000
1790738026,0,580280,0,930.48,4998.40,13336575,17842175,21905407,27181055,29900799,1208320,44433407,16635339.75,7546518.33,580280,10,10,10,0,0,0,0,0,0,23347199,30130175,33325055,23421915.96,5000
1790738027,0,585280,0,937.00,4997.92,13385727,17891327,21954559,27230207,29949951,1208320,44433407,16683608.23,7544232.75,585280,10,10,10,0,0,0,0,0,0,22380543,29966335,31916031,22285455.36,5000
1790738028,0,590280,0,943.49,5000.55,13443071,17924095,22003711,27279359,29999103,1208320,44433407,16736219.70,7545261.57,590280,10,10,10,0,0,0,0,0,0,22822911,29966335,31522815,22894708.33,5000
1790738029,0,595230,0,949.89,4951.87,13500415,17956863,22036479,27328511,30015487,1208320,44433407,16779217.73,7540207.10,595230,10,10,10,0,0,0,0,0,0,21708799,29278207,30556159,21906667.42,4950
1790738030,0,600230,0,956.34,4999.93,13557759,18006015,22069247,27394047,30081023,1208320,44433407,16831799.22,7542010.31,600230,10,10,10,0,0,0,0,0,0,22855679,30277631,32210943,23091414.63,5000
1790738031,0,605230,0,962.77,4999.55,13606911,18038783,22118399,27426815,30113791,1208320,44433407,16879629.78,7540392.07,605230,10,10,10,0,0,0,0,0,0,22446079,29966335,31817727,22621497.75,5000
1790738032,0,610280,0,969.26,5051.03,13664255,18087935,22151167,27492351,30179327,1208320,44433407,16931619.57,7542569.60,610280,10,10,10,0,0,0,0,0,0,22921215,30490623,32653311,23162467.16,5050
1790738033,0,615230,0,975.58,4947.70,13713407,18120703,22200319,27541503,30212095,1208320,44433407,16976169.01,7540694.79,615230,10,10,10,0,0,0,0,0,0,22265855,30130175,31850495,22468619.58,4950
1790738034,0,620230,0,981.95,4998.16,13762559,18153471,22233087,27590655,30244863,1208320,44433407,17021945.59,7538628.76,620230,10,10,10,0,0,0,0,0,0,22216703,29802495,31424511,22654571.32,5000
1790738035,0,625280,0,988.38,5054.71,13811711,18186239,22249471,27607039,30261247,1208320,44433407,17058262.52,7530807.09,625280,10,10,10,0,0,0,0,0,0,21266431,29114367,31686655,21518627.99,5050
1790738036,0,630280,0,994.71,5000.02,13844479,18202623,22265855,27607039,30261247,1208320,44433407,17084199.11,7517750.83,630280,10,10,10,0,0,0,0,0,0,20594687,27721727,29655039,20327725.47,5000
1790738037,0,635280,0,1001.02,5000.20,13893631,18235391,22298623,27639807,30294015,1208320,44433407,17119065.73,7509050.44,635280,10,10,10,0,0,0,0,0,0,21495807,28442623,31752191,21514212.15,5000
1790738038,0,640280,0,1007.31,4996.42,13934591,18251775,22298623,27623423,30277631,1208320,44433407,17141434.72,7493100.51,640280,10,10,10,0,0,0,0,0,0,19922943,26918911,28278783,19983550.05,5000
1790738039,0,645230,0,1013.50,4950.02,13975551,18284543,22331391,27656191,30277631,1208320,44433407,17177692.91,7486737.83,645230,10,10,10,0,0,0,0,0,0,21446655,29523967,30818303,21867671.01,4950
1790738040,0,650230,0,1019.76,5002.24,14024703,18317311,22364159,27688959,30310399,1208320,44433407,17218988.60,7483121.66,650230,10,10,10,0,0,0,0,0,0,22364159,29687807,31260671,22548032.72,5000
1790738041,0,655230,0,1025.99,4999.35,14065663,18350079,22396927,27721727,30326783,1208320,44433407,17254621.16,7477404.61,655230,10,10,10,0,0,0,0,0,0,22282239,29491199,31604735,21888492.34,5000
1790738042,0,660280,0,1032.28,5051.45,14090239,18350079,22396927,27705343,30326783,1208320,44433407,17273292.40,7460458.95,660280,10,10,10,0,0,0,0,0,0,19611647,27181055,27951103,19695857.70,5050
1790738043,0,665230,0,1038.39,4948.72,14139391,18382847,22429695,27738111,30326783,1208320,44433407,17313481.21,7456816.92,665230,10,10,10,0,0,0,0,0,0,22315007,29671423,31375359,22674262.78,4950
1790738044,0,670280,0,1044.65,5051.12,14188543,18431999,22478847,27787263,30343167,1208320,44433407,17354927.93,7454255.34,670280,10,10,10,0,0,0,0,0,0,23085055,29802495,30965759,22814651.06,5050
1790738045,0,675230,0,1050.72,4948.21,14229503,18464767,22511615,27820031,30359551,1208320,44433407,17391591.71,7448840.04,675230,10,10,10,0,0,0,0,0,0,22298623,29081599,31080447,22356237.76,4950
1790738046,0,680280,0,1056.94,5048.53,14270463,18497535,22544383,27836415,30408703,1208320,44433407,17431635.20,7446553.72,680280,10,10,10,0,0,0,0,0,0,22593535,29999103,32505855,22785807.11,5050
1790738047,0,685230,0,1062.98,4952.30,14319615,18530303,22577151,27885567,30441471,1208320,44433407,17474550.86,7446369.47,685230,10,10,10,0,0,0,0,0,0,23052287,29999103,32342015,23372462.80,4950
1790738048,0,690280,0,1069.15,5047.81,14360575,18563071,22609919,27901951,30474239,1208320,44433407,17506697.18,7439633.70,690280,10,10,10,0,0,0,0,0,0,21413887,29392895,31670271,21868602.40,5050
1790738049,0,695280,0,1075.23,5001.73,14393343,18579455,22626303,27918335,30490623,1208320,44433407,17537784.69,7433570.13,695280,10,10,10,0,0,0,0,0,0,21905407,29376511,32161791,21829602.51,5000
1790738050,0,700280,0,1081.29,4998.29,14434303,18612223,22675455,27967487,30572543,1208320,44433407,17581688.09,7439315.34,700280,10,10,10,0,0,0,0,0,0,23330815,32276479,42401791,23686719.08,5000
1790738051,0,705230,0,1087.26,4949.38,14475263,18644991,22708223,28016639,30670847,1208320,44433407,17625054.89,7446556.16,705230,10,10,10,0,0,0,0,0,0,23248895,33947647,39976959,23760186.85,4950
1790738052,0,710280,0,1093.36,5050.20,14499839,18677759,22740991,28065791,30818303,1208320,46333951,17661193.45,7454621.55,710280,10,10,10,0,0,0,0,0,0,21512191,36765695,43220991,22707925.52,5050
1790738053,0,715280,0,1099.36,5001.10,14532607,18694143,22740991,28049407,30801919,1208320,46333951,17681053.25,7440336.13,715280,10,10,10,0,0,0,0,0,0,19906559,27312127,28786687,20502256.84,5000
1790738054,0,720280,0,1105.35,5002.03,14557183,18710527,22757375,28049407,30818303,1208320,46333951,17701656.72,7428342.92,720280,10,10,10,0,0,0,0,0,0,20348927,28065791,32948223,20649107.46,5000
1790738055,0,725280,0,1111.31,5001.17,14581759,18710527,22757375,28049407,30801919,1208320,46333951,17720056.56,7414249.28,725280,10,10,10,0,0,0,0,0,0,20447231,27361279,28590079,20370663.01,5000
1790738056,0,730230,0,1117.19,4948.90,14589951,18726911,22757375,28033023,30818303,1208320,46333951,17732045.97,7399668.56,730230,10,10,10,0,0,0,0,0,0,19464191,26722303,31408127,19488749.80,4950
1790738057,0,735230,0,1123.12,4999.05,14614527,18726911,22773759,28033023,30818303,1208320,46333951,17747634.45,7385438.23,735230,10,10,10,0,0,0,0,0,0,19808255,27328511,29425663,20024268.39,5000
1790738058,0,740280,0,1129.11,5048.09,14639103,18743295,22773759,28033023,30801919,1208320,46333951,17763878.82,7370179.71,740280,10,10,10,0,0,0,0,0,0,20021247,26574847,28229631,20128898.18,5050
1790738059,0,745280,0,1135.00,5000.45,14655487,18743295,22773759,28016639,30785535,1208320,46333951,17778950.09,7355899.51,745280,10,10,10,0,0,0,0,0,0,19857407,27607039,28295167,20010341.99,5000
1790738060,0,750280,0,1140.88,5003.39,14680063,18776063,22806527,28049407,30916607,1208320,46333951,17811636.61,7363446.05,750280,10,10,10,0,0,0,0,0,0,22839295,35717119,42631167,22683759.00,5000
1790738061,0,755280,0,1146.74,4995.63,14704639,18776063,22822911,28049407,30900223,1208320,46333951,17827604.98,7349245.84,755280,10,10,10,0,0,0,0,0,0,19955711,26804223,28098559,20223755.06,5000
1790738062,0,760280,0,1152.58,5004.14,14721023,18792447,22822911,28033023,30900223,1208320,46333951,17840077.57,7333892.85,760280,10,10,10,0,0,0,0,0,0,20004863,26181631,27738111,19724136.45,5000
1790738063,0,762330,0,1153.94,2049.46,14721023,18792447,22822911,28033023,30900223,1208320,46333951,17843064.30,7329920.00,762330,10,10,10,0,0,0,0,0,0,19841023,26492927,28164095,18950749.66,2050
1790738064,0,762530,0,1152.50,200.02,14721023,18792447,22822911,28033023,30900223,1208320,46333951,17839468.44,7332389.88,762530,10,10,10,0,0,0,0,0,0,3557375,8032255,8806399,4133299.20,200
1790738065,0,762730,0,1151.06,200.04,14712831,18792447,22822911,28033023,30900223,1208320,46333951,17835755.43,7335044.53,762730,10,10,10,0,0,0,0,0,0,3555327,6266879,7761919,3679365.12,200
1790738066,0,762930,0,1149.63,199.87,14712831,18776063,22822911,28033023,30900223,1208320,46333951,17832167.03,7337490.59,762930,10,10,10,0,0,0,0,0,0,3751935,7802879,8634367,4147258.88,200
1790738067,0,763130,0,1148.20,200.00,14704639,18776063,22822911,28033023,30900223,1208320,46333951,17828486.97,7340084.38,763130,10,10,10,0,0,0,0,0,0,3565567,6746111,7888895,3790353.92,200
1790738068,0,763330,0,1146.77,200.14,14704639,18776063,22822911,28033023,30900223,1208320,46333951,17824808.73,7342692.96,763330,10,10,10,0,0,0,0,0,0,3340287,7757823,8757247,3789916.16,200
1790738069,0,763530,0,1145.35,199.96,14696447,18776063,22822911,28033023,30900223,1208320,46333951,17821276.65,7345035.40,763530,10,10,10,0,0,0,0,0,0,3981311,7942143,8593407,4340582.40,200
1790738070,0,763730,0,1143.94,199.96,14696447,18776063,22806527,28033023,30900223,1208320,46333951,17817852.50,7347199.10,763730,10,10,10,0,0,0,0,0,0,4227071,8323071,8888319,4745620.48,200
1790738071,0,763930,0,1142.53,200.04,14688255,18776063,22806527,28033023,30900223,1208320,46333951,17814226.76,7349713.03,763930,10,10,10,0,0,0,0,0,0,3461119,7823359,8445951,3968796.16,200
1790738072,0,764130,0,1141.12,199.99,14688255,18776063,22806527,28033023,30900223,1208320,46333951,17810579.90,7352259.71,764130,10,10,10,0,0,0,0,0,0,3448831,7516159,8105983,3880849.92,200
1790738073,0,764330,0,1139.71,199.98,14680063,18776063,22806527,28016639,30900223,1208320,46333951,17807028.08,7354649.97,764330,10,10,10,0,0,0,0,0,0,3725311,8290303,10690559,4236759.04,200
1790738074,0,764530,0,1138.32,200.05,14680063,18759679,22806527,28016639,30900223,1208320,46333951,17803590.09,7356837.75,764530,10,10,10,0,0,0,0,0,0,4087807,8065023,8740863,4664803.84,200
1790738075,0,764730,0,1136.92,199.85,14671871,18759679,22806527,28016639,30883839,1208320,46333951,17799985.83,7359300.19,764730,10,10,10,0,0,0,0,0,0,3694591,7602175,9027583,4022161.92,200
1790738076,0,764930,0,1135.53,200.15,14671871,18759679,22806527,28016639,30883839,1208320,46333951,17796440.00,7361671.46,764930,10,10,10,0,0,0,0,0,0,3799039,7946239,8527871,4238438.40,200
1790738077,0,765130,0,1134.14,199.94,14663679,18759679,22806527,28016639,30883839,1208320,46333951,17792768.51,7364260.09,765130,10,10,10,0,0,0,0,0,0,3401727,7639039,9215999,3750584.32,200
1790738078,0,765330,0,1132.76,200.02,14663679,18759679,22806527,28016639,30883839,1208320,46333951,17789171.09,7366722.45,765330,10,10,10,0,0,0,0,0,0,3682303,8179711,9846783,4026705.92,200
1790738079,0,765530,0,1131.38,199.86,14655487,18759679,22806527,28016639,30883839,1208320,46333951,17785676.24,7368993.96,765530,10,10,10,0,0,0,0,0,0,4007935,7856127,8245247,4412119.04,200
1790738080,0,765730,0,1130.01,200.10,14655487,18759679,22806527,28016639,30883839,1208320,46333951,17781976.42,7371616.72,765730,10,10,10,0,0,0,0,0,0,3440639,5877759,8007679,3620372.48,200
1790738081,0,765930,0,1128.64,200.00,14647295,18759679,22790143,28016639,30883839,1208320,46333951,17778316.36,7374172.42,765930,10,10,10,0,0,0,0,0,0,3524607,6950911,8122367,3765212.16,200
1790738082,0,766130,0,1127.27,199.96,14647295,18743295,22790143,28016639,30883839,1208320,46333951,17774754.15,7376564.78,766130,10,10,10,0,0,0,0,0,0,3733503,7684095,8269823,4132725.76,200
1790738083,0,766330,0,1125.91,200.12,14639103,18743295,22790143,28016639,30883839,1208320,46333951,17771220.62,7378906.12,766330,10,10,10,0,0,0,0,0,0,3760127,8179711,9142271,4235512.32,200
1790738084,0,766530,0,1124.55,199.87,14630911,18743295,22790143,28016639,30883839,1208320,46333951,17767677.62,7381263.89,766530,10,10,10,0,0,0,0,0,0,3766271,7831551,8503295,4192163.84,200
1790738085,0,766730,0,1123.19,200.00,14630911,18743295,22790143,28016639,30883839,1208320,46333951,17764122.51,7383636.70,766730,10,10,10,0,0,0,0,0,0,3766271,7811071,8384511,4138618.88,200
1790738086,0,766930,0,1121.84,200.05,14622719,18743295,22790143,28016639,30883839,1208320,46333951,17760638.03,7385902.66,766930,10,10,10,0,0,0,0,0,0,3895295,8130559,8953855,4402357.76,200
1790738087,0,767130,0,1120.50,200.08,14622719,18743295,22790143,28016639,30883839,1208320,46333951,17757352.43,7387844.27,767130,10,10,10,0,0,0,0,0,0,4407295,9183231,9969663,5158215.68,200
1790738088,0,767330,0,1119.16,199.89,14614527,18743295,22790143,28016639,30883839,1208320,46333951,17753758.08,7390286.43,767330,10,10,10,0,0,0,0,0,0,3614719,7471103,8421375,3967114.24,200
1790738089,0,767530,0,1117.82,200.02,14614527,18726911,22790143,28016639,30883839,1208320,46333951,17750225.32,7392633.36,767530,10,10,10,0,0,0,0,0,0,3672063,8085503,8536063,4196249.60,200
1790738090,0,767730,0,1116.48,200.00,14606335,18726911,22790143,28016639,30883839,1208320,46333951,17746661.05,7395031.00,767730,10,10,10,0,0,0,0,0,0,3618815,8077311,8724479,4068231.68,200
1790738091,0,767930,0,1115.15,199.96,14606335,18726911,22790143,28016639,30883839,1208320,46333951,17743074.20,7397453.34,767930,10,10,10,0,0,0,0,0,0,3694591,7307263,8249343,3974430.72,200
1790738092,0,768130,0,1113.82,200.10,14606335,18726911,22790143,28016639,30883839,1208320,46333951,17739477.35,7399899.32,768130,10,10,10,0,0,0,0,0,0,3586047,7614463,8773631,3928834.56,200
1790738093,0,768330,0,1112.50,200.03,14598143,18726911,22790143,28016639,30883839,1208320,46333951,17735980.51,7402183.29,768330,10,10,10,0,0,0,0,0,0,3780607,8323071,9043967,4305812.48,200
1790738094,0,768530,0,1111.18,199.94,14589951,18726911,22773759,28016639,30883839,1208320,46333951,17732455.05,7404491.26,768530,10,10,10,0,0,0,0,0,0,3885055,7450623,8081407,4188902.40,200
1790738095,0,768730,0,1109.87,199.98,14589951,18726911,22773759,28016639,30883839,1208320,46333951,17728895.02,7406864.75,768730,10,10,10,0,0,0,0,0,0,3768319,7434239,8093695,4048929.28,200
1790738096,0,768930,0,1108.55,199.90,14581759,18710527,22773759,28016639,30883839,1208320,46333951,17725359.65,7409191.25,768930,10,10,10,0,0,0,0,0,0,3842047,7413759,8044543,4136634.88,200
1790738097,0,769130,0,1107.25,200.17,14581759,18710527,22773759,28016639,30883839,1208320,46333951,17721807.01,7411555.03,769130,10,10,10,0,0,0,0,0,0,3772415,7733247,9314303,4063160.32,200
1790738098,0,769330,0,1105.94,199.96,14581759,18710527,22773759,28016639,30883839,1208320,46333951,17718252.01,7413924.77,769330,10,10,10,0,0,0,0,0,0,3645439,7745535,8437759,4046955.52,200
1790738099,0,769530,0,1104.64,199.94,14573567,18710527,22773759,28016639,30883839,1208320,46333951,17714729.38,7416248.94,769530,10,10,10,0,0,0,0,0,0,3727359,8343551,10944511,4164395.52,200
1790738100,0,769730,0,1103.34,199.95,14565375,18710527,22773759,28016639,30883839,1208320,46333951,17711285.75,7418444.74,769730,10,10,10,0,0,0,0,0,0,3770367,8437759,8937471,4461404.16,200
1790738101,0,769930,0,1102.05,200.12,14565375,18710527,22773759,28016639,30883839,1208320,46333951,17707880.62,7420568.92,769930,10,10,10,0,0,0,0,0,0,3975167,8495103,9289727,4602726.40,200
1790738102,0,770130,0,1100.76,199.98,14557183,18710527,22773759,28000255,30883839,1208320,46333951,17704382.46,7422842.48,770130,10,10,10,0,0,0,0,0,0,3774463,7962623,8511487,4237696.00,200
1790738103,0,770330,0,1099.48,200.02,14557183,18710527,22773759,28000255,30883839,1208320,46333951,17700851.63,7425159.02,770330,10,10,10,0,0,0,0,0,0,3807231,7401471,8032255,4104860.16,200
1790738104,0,770530,0,1098.20,199.98,14557183,18694143,22773759,28000255,30883839,1208320,46333951,17697361.69,7427415.05,770530,10,10,10,0,0,0,0,0,0,3854335,8126463,9158655,4255336.96,200
1790738105,0,770730,0,1096.92,200.03,14548991,18694143,22773759,28000255,30883839,1208320,46333951,17693871.73,7429672.47,770730,10,10,10,0,0,0,0,0,0,3880959,7835647,8470527,4248276.48,200
1790738106,0,770930,0,1095.64,199.92,14548991,18694143,22773759,28000255,30883839,1208320,46333951,17690294.35,7432073.75,770930,10,10,10,0,0,0,0,0,0,3604479,7430143,8372223,3904330.24,200
1790738107,0,771130,0,1094.37,199.99,14540799,18694143,22757375,28000255,30883839,1208320,46333951,17686741.91,7434431.93,771130,10,10,10,0,0,0,0,0,0,3678207,7483391,8183807,3993323.52,200
1790738108,0,771330,0,1093.10,199.98,14540799,18694143,22757375,28000255,30883839,1208320,46333951,17683240.85,7436725.94,771330,10,10,10,0,0,0,0,0,0,3743743,8269823,12451839,4184384.00,200
1790738109,0,771530,0,1091.84,199.98,14532607,18694143,22757375,28000255,30883839,1208320,46333951,17679622.39,7439199.51,771530,10,10,10,0,0,0,0,0,0,3393535,7135231,8155135,3724485.12,200
1790738110,0,771730,0,1090.58,200.06,14532607,18694143,22757375,28000255,30883839,1208320,46333951,17676202.80,7441351.80,771730,10,10,10,0,0,0,0,0,0,3938303,9035775,11067391,4484608.00,200
1790738111,0,771930,0,1089.32,200.11,14524415,18694143,22757375,28000255,30883839,1208320,46333951,17672666.69,7443678.01,771930,10,10,10,0,0,0,0,0,0,3698687,7340031,8089599,4028075.52,200
1790738112,0,772130,0,1088.07,199.89,14516223,18677759,22757375,28000255,30883839,1208320,46333951,17669293.39,7445732.70,772130,10,10,10,0,0,0,0,0,0,4284415,7876607,8421375,4649518.08,200
1790738113,0,772330,0,1086.82,200.06,14516223,18677759,22757375,28000255,30883839,1208320,46333951,17665820.93,7447972.51,772330,10,10,10,0,0,0,0,0,0,3723263,8314879,10731519,4259883.52,200
1790738114,0,772530,0,1085.57,199.86,14508031,18677759,22757375,28000255,30867455,1208320,46333951,17662336.54,7450223.30,772530,10,10,10,0,0,0,0,0,0,3766271,8007679,8486911,4206824.96,200
1790738115,0,772730,0,1084.33,200.18,14508031,18677759,22757375,28000255,30867455,1208320,46333951,17658943.50,7452318.65,772730,10,10,10,0,0,0,0,0,0,4034559,8228863,8716287,4552849.92,200
1790738116,0,772930,0,1083.09,199.85,14499839,18677759,22757375,28000255,30867455,1208320,46333951,17655429.97,7454620.81,772930,10,10,10,0,0,0,0,0,0,3586047,8179711,10051583,4080363.52,200
1790738117,0,773130,0,1081.86,200.16,14499839,18677759,22757375,28000255,30867455,1208320,46333951,17651956.89,7456840.91,773130,10,10,10,0,0,0,0,0,0,3870719,7729151,8368127,4229716.48,200
1790738118,0,773330,0,1080.62,199.89,14491647,18677759,22757375,28000255,30867455,1208320,46333951,17648354.38,7459271.58,773330,10,10,10,0,0,0,0,0,0,3520511,6463487,7675903,3722298.88,200
1790738119,0,773530,0,1079.40,200.12,14491647,18661375,22757375,28000255,30867455,1208320,46333951,17644826.08,7461577.92,773530,10,10,10,0,0,0,0,0,0,3770367,7397375,8171519,4002119.68,200
1790738120,0,773730,0,1078.17,199.86,14483455,18661375,22757375,28000255,30867455,1208320,46333951,17641296.31,7463890.26,773730,10,10,10,0,0,0,0,0,0,3717119,7467007,8359935,3989411.84,200
1790738121,0,773930,0,1076.95,200.13,14483455,18661375,22740991,28000255,30867455,1208320,46333951,17637917.56,7465953.99,773930,10,10,10,0,0,0,0,0,0,4024319,7991295,8724479,4566714.88,200
1790738122,0,774130,0,1075.73,199.85,14475263,18661375,22740991,28000255,30867455,1208320,46333951,17634469.51,7468137.78,774130,10,10,10,0,0,0,0,0,0,3850239,8372223,10387455,4291712.00,200
1790738123,0,780120,0,1082.55,5988.65,14508031,18710527,22855679,28262399,32407551,1208320,66781183,17802874.36,7757726.14,780120,10,10,10,0,0,0,0,0,0,40730623,58195967,66289663,39567021.86,5990
1790738124,0,790320,0,1095.18,10201.05,14581759,18825215,23019519,28688383,38141951,1208320,66781183,18035902.15,8045360.14,790320,10,10,10,0,0,0,0,0,0,35422207,51871743,60063743,35858415.94,10200
1790738125,0,800220,0,1107.37,9900.31,14647295,18939903,23183359,29081599,39813119,1208320,66781183,18196496.17,8157768.46,800220,10,10,10,0,0,0,0,0,0,30769151,43778047,46137343,31016765.54,9900
1790738126,0,810320,0,1119.79,10104.56,14721023,19038207,23347199,29491199,41058303,1208320,66781183,18354307.17,8264342.46,810320,10,10,10,0,0,0,0,0,0,30572543,43581439,45645823,30857625.60,10100
1790738127,0,820220,0,1131.91,9895.24,14786559,19136511,23527423,29949951,41779199,1208320,66781183,18512108.26,8372468.84,820220,10,10,10,0,0,0,0,0,0,31309823,45088767,45875199,31428207.50,9900
1790738128,0,830420,0,1144.41,10199.63,14852095,19234815,23642111,30359551,42041343,1208320,66781183,18632215.82,8425725.24,830420,10,10,10,0,0,0,0,0,0,28213247,40402943,45318143,28290512.21,10200
1790738129,0,840320,0,1156.46,9903.44,14909439,19300351,23724031,30539775,41975807,1208320,66781183,18706192.05,8425348.04,840320,10,10,10,0,0,0,0,0,0,24920063,34209791,36667391,24911378.00,9900
1790738130,0,850320,0,1168.61,10000.59,14974975,19365887,23822335,30703615,41910271,1208320,66781183,18785560.10,8430286.60,850320,10,10,10,0,0,0,0,0,0,25034751,35389439,39976959,25455016.35,10000
1790738131,0,860120,0,1180.46,9802.37,15032319,19447807,23937023,31064063,41975807,1208320,66781183,18888226.31,8463850.54,860120,10,10,10,0,0,0,0,0,0,26836991,37355519,45154303,27796300.28,9800
1790738132,0,870220,0,1192.68,10099.87,15089663,19513343,24018943,31260671,42041343,1208320,66781183,18968070.97,8475177.71,870220,10,10,10,0,0,0,0,0,0,25051135,37715967,42893311,25767674.02,10100
1790738133,0,880220,0,1204.74,9998.80,15147007,19595263,24182783,31817727,42336255,1208320,66781183,19105722.33,8552825.52,880220,10,10,10,0,0,0,0,0,0,30588927,43450367,45219839,31084419.48,10000
1790738134,0,890320,0,1216.89,10099.58,15212543,19693567,24313855,32342015,42663935,1208320,66781183,19228576.70,8609088.84,890320,10,10,10,0,0,0,0,0,0,30523391,42663935,43843583,29935395.38,10100
1790738135,0,900320,0,1228.88,9999.22,15269887,19775487,24444927,32849919,42795007,1208320,66781183,19349472.94,8663809.38,900320,10,10,10,0,0,0,0,0,0,31211519,42074111,43679743,30113107.15,10000
1790738136,0,910320,0,1240.84,10001.99,15327231,19857407,24575999,33275903,42893311,1208320,66781183,19458074.92,8705984.10,910320,10,10,10,0,0,0,0,0,0,28524543,39485439,43581439,29235728.38,10000
1790738137,0,920280,0,1252.71,9962.88,15384575,19939327,24674303,33538047,42893311,1208320,66781183,19553472.87,8736418.68,920280,10,10,10,0,0,0,0,0,0,28311551,41189375,43220991,28272615.33,9960
1790738138,0,930320,0,1264.65,10036.19,15441919,20004863,24821759,34013183,43089919,1208320,66781183,19673872.18,8797173.07,930320,10,10,10,0,0,0,0,0,0,29753343,42532863,47251455,30709836.70,10040
1790738139,0,940320,0,1276.51,9994.32,15499263,20086783,24936447,34439167,43220991,1208320,66781183,19783172.47,8840486.63,940320,10,10,10,0,0,0,0,0,0,29589503,41517055,44957695,29951596.95,10000
1790738140,0,950320,0,1288.34,10007.28,15548415,20168703,25067519,34734079,43483135,1208320,66781183,19893664.02,8889260.13,950320,10,10,10,0,0,0,0,0,0,30130175,44630015,46268415,30283404.90,10000
1790738141,0,960320,0,1300.13,9994.92,15605759,20250623,25198591,35028991,43679743,1208320,66781183,20005943.16,8936365.84,960320,10,10,10,0,0,0,0,0,0,30638079,41779199,45809663,30676054.84,10000
1790738142,0,970320,0,1311.89,9999.00,15654911,20332543,25329663,35291135,44040191,1208320,66781183,20118326.39,8987453.09,970320,10,10,10,0,0,0,0,0,0,31211519,45121535,47841279,30910713.04,10000
1790738143,0,980320,0,1323.62,10002.80,15712255,20414463,25460735,35487743,44236799,1208320,66781183,20231795.75,9038998.22,980320,10,10,10,0,0,0,0,0,0,31309823,44105727,46858239,31241954.10,10000
1790738144,0,990220,0,1335.19,9904.94,15761407,20479999,25591807,35749887,44466175,1208320,66781183,20343726.55,9090257.42,990220,10,10,10,0,0,0,0,0,0,30457855,44924927,47874047,31427363.48,9900
1790738145,0,1000320,0,1346.99,10099.58,15810559,20561919,25706495,35913727,44564479,1208320,66781183,20443760.93,9122399.24,1000320,10,10,10,0,0,0,0,0,0,29704191,39780351,47579135,30251289.45,10100
1790738146,0,1010420,0,1358.76,10093.96,15859711,20627455,25821183,36044799,44531711,1208320,66781183,20531191.24,9141913.31,1010420,10,10,10,0,0,0,0,0,0,28917759,39714815,42631167,29190427.88,10100
1790738147,0,1020320,0,1370.23,9905.72,15900671,20676607,25870335,36044799,44498943,1208320,66781183,20579806.66,9128625.13,1020320,10,10,10,0,0,0,0,0,0,25722879,35586047,38273023,25541624.14,9900
1790738148,0,1030320,0,1381.80,9992.19,15941631,20709375,25919487,36012031,44466175,1208320,66781183,20614486.80,9106484.71,1030320,10,10,10,0,0,0,0,0,0,23314431,32899071,35618815,24152971.26,10000
1790738149,0,1040320,0,1393.35,10001.53,15990783,20742143,25968639,35979263,44433407,1208320,66781183,20660484.59,9091242.21,1040320,10,10,10,0,0,0,0,0,0,24854527,34963455,36634623,25399728.54,10000
1790738150,0,1050220,0,1404.73,9902.72,16023551,20774911,26001407,35979263,44400639,1208320,66781183,20697342.80,9074175.09,1050220,10,10,10,0,0,0,0,0,0,24281087,34439167,40763391,24570507.22,9900
1790738151,0,1060320,0,1416.34,10100.25,16064511,20824063,26066943,35979263,44367871,1208320,66781183,20747408.13,9063995.23,1060320,10,10,10,0,0,0,0,0,0,26279935,36405247,39026687,25953310.42,10100
1790738152,0,1070220,0,1427.66,9903.53,16113663,20873215,26148863,36044799,44302335,1208320,66781183,20816868.04,9075025.86,1070220,10,10,10,0,0,0,0,0,0,27820031,41156607,43876351,28256235.31,9900
1790738153,0,1080420,0,1439.35,10197.56,16162815,20955135,26247167,36208639,44433407,1208320,66781183,20915926.95,9113864.30,1080420,10,10,10,0,0,0,0,0,0,32407551,43286527,46694399,31309537.28,10200
1790738154,0,1090220,0,1450.47,9803.24,16203775,21020671,26345471,36339711,44498943,1208320,66781183,21005945.23,9144275.19,1090220,10,10,10,0,0,0,0,0,0,30490623,43286527,45744127,30930184.99,9800
1790738155,0,1100220,0,1461.83,9998.01,16252927,21086207,26460159,36503551,44564479,1208320,66781183,21099153.33,9176798.45,1100220,10,10,10,0,0,0,0,0,0,30818303,41680895,46399487,31260886.63,10000
1790738156,0,1110220,0,1473.16,9996.16,16293887,21151743,26574847,36700159,44695551,1208320,66781183,21197683.00,9217423.35,1110220,10,10,10,0,0,0,0,0,0,31113215,45547519,48136191,32038114.10,10000
1790738157,0,1120220,0,1484.46,10003.73,16343039,21217279,26689535,36863999,44728319,1208320,66781183,21294284.70,9254055.23,1120220,10,10,10,0,0,0,0,0,0,31670271,43614207,48300031,32019198.77,10000
1790738158,0,1130120,0,1495.59,9898.63,16392191,21282815,26771455,36962303,44826623,1208320,66781183,21378253.31,9279792.99,1130120,10,10,10,0,0,0,0,0,0,30507007,44040191,46432255,30879598.36,9900
1790738159,0,1140220,0,1506.96,10094.43,16433151,21348351,26869759,37093375,44924927,1208320,66781183,21459452.82,9303034.28,1140220,10,10,10,0,0,0,0,0,0,30277631,43974655,47906815,30545115.40,10100
1790738160,0,1150220,0,1518.18,10009.10,16482303,21397503,26968063,37158911,44990463,1208320,66781183,21535357.16,9323234.58,1150220,10,10,10,0,0,0,0,0,0,30195711,42434559,49512447,30190121.78,10000
1790738161,0,1160320,0,1529.49,10094.54,16531455,21463039,27066367,37257215,45023231,1208320,66781183,21609103.67,9338950.09,1160320,10,10,10,0,0,0,0,0,0,29736959,42893311,46661631,30007590.43,10100
1790738162,0,1170220,0,1540.51,9903.99,16572415,21512191,27164671,37355519,45055999,1208320,66781183,21683137.52,9355138.56,1170220,10,10,10,0,0,0,0,0,0,30294015,42532863,45875199,30360204.05,9900
1790738163,0,1180420,0,1551.89,10193.26,16621567,21561343,27230207,37388287,45055999,1208320,66781183,21740457.32,9357220.31,1180420,10,10,10,0,0,0,0,0,0,28164095,41222143,44040191,28316610.96,10200
1790738164,0,1190320,0,1562.85,9901.41,16654335,21594111,27262975,37355519,45055999,1208320,66781183,21765095.07,9335725.84,1190320,10,10,10,0,0,0,0,0,0,24166399,34111487,38502399,24702761.68,9900
1790738165,0,1200420,0,1574.05,10099.72,16695295,21626879,27279359,37322751,45023231,1208320,66781183,21793126.74,9316261.46,1200420,10,10,10,0,0,0,0,0,0,25706495,35717119,38895615,25096755.71,10100
1790738166,0,1210220,0,1584.82,9803.94,16728063,21643263,27312127,37289983,44990463,1208320,66781183,21819840.43,9295547.71,1210220,10,10,10,0,0,0,0,0,0,24297471,33587199,37257215,25092049.19,9800
1790738167,0,1220220,0,1595.82,10000.25,16760831,21692415,27344895,37289983,44957695,1208320,66781183,21850864.61,9280006.52,1220220,10,10,10,0,0,0,0,0,0,24788991,34734079,42795007,25605473.08,10000
1790738168,0,1230220,0,1606.80,10000.98,16809983,21725183,27377663,37257215,44924927,1208320,66781183,21885017.02,9265612.03,1230220,10,10,10,0,0,0,0,0,0,26066943,36339711,38436863,26052362.65,10000
1790738169,0,1240220,0,1617.75,9995.53,16842751,21757951,27426815,37257215,44892159,1208320,66781183,21920522.39,9252688.94,1240220,10,10,10,0,0,0,0,0,0,26279935,37355519,40861695,26288463.87,10000
1790738170,0,1250320,0,1628.80,10101.61,16891903,21823487,27525119,37388287,44924927,1208320,66781183,21994488.51,9271534.80,1250320,10,10,10,0,0,0,0,0,0,31686655,43220991,45219839,31077088.47,10100
1790738171,0,1260120,0,1639.43,9799.51,16941055,21872639,27623423,37486591,44892159,1208320,66781183,22065320.83,9286014.85,1260120,10,10,10,0,0,0,0,0,0,31113215,41189375,44466175,31102369.12,9800
1790738172,0,1270320,0,1650.55,10203.50,16990207,21938175,27705343,37584895,44924927,1208320,66781183,22131514.06,9297955.40,1270320,10,10,10,0,0,0,0,0,0,29982719,43450367,45547519,30309102.93,10200
1790738173,0,1280320,0,1661.39,9998.32,17022975,21987327,27787263,37650431,44957695,1208320,66781183,22198014.89,9312724.56,1280320,10,10,10,0,0,0,0,0,0,30883839,44204031,45875199,30645748.53,10000
1790738174,0,1290120,0,1671.94,9800.24,17072127,22052863,27869183,37715967,45023231,1208320,66781183,22267280.67,9328514.29,1290120,10,10,10,0,0,0,0,0,0,31801343,43384831,45907967,31316502.15,9800
1790738175,0,1300220,0,1682.84,10100.20,17121279,22102015,27934719,37748735,45023231,1208320,66781183,22330506.17,9338319.38,1300220,10,10,10,0,0,0,0,0,0,31145983,43089919,45842431,30406592.74,10100
1790738176,0,1310220,0,1693.59,9999.27,17170431,22167551,28033023,37814271,45121535,1208320,66781183,22399117.64,9356972.79,1310220,10,10,10,0,0,0,0,0,0,30752767,45940735,47054847,31320118.07,10000
1790738177,0,1320320,0,1704.45,10099.48,17203199,22233087,28114943,37879807,45187071,1208320,66781183,22469547.62,9373714.02,1320320,10,10,10,0,0,0,0,0,0,32129023,43712511,46170111,31606059.70,10100
1790738178,0,1330320,0,1715.14,10000.74,17252351,22265855,28164095,37912575,45154303,1208320,66781183,22514911.65,9370740.54,1330320,10,10,10,0,0,0,0,0,0,28033023,39485439,43778047,28504414.62,10000
1790738179,0,1340320,0,1725.81,9999.27,17285119,22282239,28164095,37879807,45121535,1208320,66781183,22528631.60,9348957.27,1340320,10,10,10,0,0,0,0,0,0,24166399,33947647,36470783,24353825.18,10000
1790738180,0,1350420,0,1736.58,10098.58,17301503,22298623,28164095,37847039,45121535,1208320,66781183,22538974.05,9327023.69,1350420,10,10,10,0,0,0,0,0,0,24412159,33177599,35749887,23911468.20,10100
1790738181,0,1360320,0,1747.06,9903.47,17334271,22315007,28196863,37814271,45088767,1208320,66781183,22562382.39,9309223.93,1360320,10,10,10,0,0,0,0,0,0,25313279,34308095,37912575,25755421.27,9900
1790738182,0,1370420,0,1757.78,10095.73,17367039,22347775,28213247,37781503,45088767,1208320,66781183,22581599.44,9290219.13,1370420,10,10,10,0,0,0,0,0,0,24674303,34570239,36863999,25169850.25,10100
1790738183,0,1374370,0,1760.58,3950.24,17367039,22347775,28213247,37781503,45055999,1208320,66781183,22586750.42,9284649.52,1374370,10,10,10,0,0,0,0,0,0,24870911,34668543,36569087,24373840.62,3950
1790738184,0,1374570,0,1758.59,200.11,17367039,22347775,28213247,37781503,45055999,1208320,66781183,22584114.92,9286571.48,1374570,10,10,10,0,0,0,0,0,0,4243455,7606271,8511487,4473351.68,200
1790738185,0,1374770,0,1756.60,199.87,17367039,22347775,28213247,37781503,45055999,1208320,66781183,22581486.67,9288476.04,1374770,10,10,10,0,0,0,0,0,0,4349951,7344127,7794687,4517941.76,200
1790738186,0,1374970,0,1754.61,199.96,17367039,22347775,28213247,37781503,45055999,1208320,66781183,22578919.47,9290267.82,1374970,10,10,10,0,0,0,0,0,0,4911103,7942143,8577023,4932395.52,200
1790738187,0,1375170,0,1752.63,200.06,17367039,22347775,28213247,37781503,45055999,1208320,66781183,22576371.55,9292017.76,1375170,10,10,10,0,0,0,0,0,0,5160959,7614463,8114175,5059752.96,200
1790738188,0,1375370,0,1750.65,200.03,17367039,22347775,28213247,37781503,45055999,1208320,66781183,22573799.62,9293812.39,1375370,10,10,10,0,0,0,0,0,0,4988927,7569407,7979007,4889658.88,200
1790738189,0,1375570,0,1748.68,200.02,17350655,22347775,28213247,37781503,45055999,1208320,66781183,22571141.51,9295772.47,1375570,10,10,10,0,0,0,0,0,0,4179967,7225343,7630847,4291655.68,200
1790738190,0,1375770,0,1746.72,200.04,17350655,22347775,28213247,37781503,45055999,1208320,66781183,22568499.28,9297705.99,1375770,10,10,10,0,0,0,0,0,0,4132863,7589887,8204287,4395655.68,200
1790738191,0,1375970,0,1744.75,200.00,17350655,22347775,28213247,37781503,45055999,1208320,66781183,22565984.03,9299401.05,1375970,10,10,10,0,0,0,0,0,0,5431295,8306687,9256959,5263964.16,200
1790738192,0,1376170,0,1742.80,199.93,17350655,22331391,28213247,37781503,45055999,1208320,66781183,22563373.05,9301271.87,1376170,10,10,10,0,0,0,0,0,0,4493311,7430143,8593407,4600240.64,200
1790738193,0,1376370,0,1740.85,200.05,17350655,22331391,28213247,37781503,45055999,1208320,66781183,22560802.13,9303064.67,1376370,10,10,10,0,0,0,0,0,0,4820991,7553023,8273919,4870638.08,200
1790738194,0,1376570,0,1738.90,199.86,17350655,22331391,28213247,37781503,45055999,1208320,66781183,22558144.17,9305020.77,1376570,10,10,10,0,0,0,0,0,0,4198399,6959103,7528447,4266526.72,200
1790738195,0,1376770,0,1736.96,200.10,17334271,22331391,28196863,37781503,45055999,1208320,66781183,22555594.65,9306768.82,1376770,10,10,10,0,0,0,0,0,0,5177343,7274495,7729151,5007569.92,200
1790738196,0,1376970,0,1735.02,200.08,17334271,22331391,28196863,37748735,45055999,1208320,66781183,22552997.04,9308612.62,1376970,10,10,10,0,0,0,0,0,0,4501503,7516159,8560639,4671459.84,200
1790738197,0,1377170,0,1733.09,199.82,17334271,22331391,28196863,37748735,45055999,1208320,66781183,22550402.75,9310453.11,1377170,10,10,10,0,0,0,0,0,0,4489215,7679999,8364031,4689082.88,200
1790738198,0,1377370,0,1731.16,200.18,17334271,22331391,28196863,37748735,45055999,1208320,66781183,22547827.43,9312260.07,1377370,10,10,10,0,0,0,0,0,0,4636671,8085503,9396223,4814571.52,200
1790738199,0,1377570,0,1729.24,200.00,17334271,22331391,28196863,37748735,45055999,1208320,66781183,22545253.55,9314060.49,1377570,10,10,10,0,0,0,0,0,0,4694015,7741439,8454143,4819315.20,200
1790738200,0,1377770,0,1727.32,199.94,17317887,22331391,28196863,37748735,45055999,1208320,66781183,22542650.74,9315913.48,1377770,10,10,10,0,0,0,0,0,0,4616191,7376895,8208383,4614894.08,200
1790738201,0,1377970,0,1725.41,199.94,17317887,22331391,28196863,37748735,45055999,1208320,66781183,22540096.81,9317677.02,1377970,10,10,10,0,0,0,0,0,0,4988927,7761919,8437759,4946455.04,200
1790738202,0,1378170,0,1723.50,200.09,17317887,22331391,28196863,37748735,45055999,1208320,66781183,22537484.07,9319546.97,1378170,10,10,10,0,0,0,0,0,0,4562943,7282687,7753727,4536133.12,200
1790738203,0,1378370,0,1721.60,199.91,17317887,22331391,28196863,37748735,45055999,1208320,66781183,22534914.56,9321332.80,1378370,10,10,10,0,0,0,0,0,0,4898815,7356415,7811071,4828805.12,200
1790738204,0,1378570,0,1719.70,200.00,17317887,22315007,28196863,37748735,45055999,1208320,66781183,22532369.80,9323079.86,1378570,10,10,10,0,0,0,0,0,0,4874239,7954431,10846207,4994257.92,200
1790738205,0,1378770,0,1717.81,200.09,17317887,22315007,28196863,37748735,45055999,1208320,66781183,22529736.53,9324988.69,1378770,10,10,10,0,0,0,0,0,0,4251647,7229439,7532543,4378977.28,200
1790738206,0,1378970,0,1715.92,199.88,17317887,22315007,28196863,37748735,45055999,1208320,66781183,22527172.31,9326766.95,1378970,10,10,10,0,0,0,0,0,0,4870143,7618559,8421375,4849853.44,200
1790738207,0,1379170,0,1714.04,200.01,17301503,22315007,28196863,37748735,45055999,1208320,66781183,22524608.27,9328544.77,1379170,10,10,10,0,0,0,0,0,0,4960255,7471103,7860223,4845964.80,200
1790738208,0,1379370,0,1712.16,200.08,17301503,22315007,28196863,37748735,45055999,1208320,66781183,22522007.25,9330393.76,1379370,10,10,10,0,0,0,0,0,0,4485119,7397375,8396799,4585763.84,200
1790738209,0,1379570,0,1710.28,199.91,17301503,22315007,28196863,37748735,45055999,1208320,66781183,22519363.52,9332324.16,1379570,10,10,10,0,0,0,0,0,0,3975167,7352319,8052735,4285944.32,200
1790738210,0,1379770,0,1708.41,200.13,17301503,22315007,28180479,37748735,45055999,1208320,66781183,22516738.01,9334214.91,1379770,10,10,10,0,0,0,0,0,0,4255743,7000063,7335935,4406348.80,200
1790738211,0,1379970,0,1706.55,199.87,17301503,22315007,28180479,37748735,45055999,1208320,66781183,22514127.11,9336084.62,1379970,10,10,10,0,0,0,0,0,0,4161535,7892991,8945663,4501923.84,200
1790738212,0,1380170,0,1704.69,200.04,17301503,22315007,28180479,37748735,45055999,1208320,66781183,22511527.33,9337927.63,1380170,10,10,10,0,0,0,0,0,0,4464639,7229439,7843839,4573434.88,200
1790738213,0,1380370,0,1702.83,200.09,17285119,22315007,28180479,37748735,45055999,1208320,66781183,22508983.82,9339668.65,1380370,10,10,10,0,0,0,0,0,0,4915199,8024063,8716287,4956574.72,200
1790738214,0,1380570,0,1700.98,199.93,17285119,22315007,28180479,37748735,45055999,1208320,66781183,22506378.60,9341521.13,1380570,10,10,10,0,0,0,0,0,0,4460543,7241727,7770111,4525539.84,200
1790738215,0,1380770,0,1699.13,200.03,17285119,22315007,28180479,37748735,45055999,1208320,66781183,22503767.27,9343384.07,1380770,10,10,10,0,0,0,0,0,0,4386815,7118847,7880703,4478177.28,200
1790738216,0,1380970,0,1697.29,200.04,17285119,22298623,28180479,37748735,45055999,1208320,66781183,22501229.73,9345114.04,1380970,10,10,10,0,0,0,0,0,0,5050367,7942143,9011199,4982446.08,200
1790738217,0,1381170,0,1695.45,200.03,17285119,22298623,28180479,37748735,45055999,1208320,66781183,22498594.81,9347023.28,1381170,10,10,10,0,0,0,0,0,0,4075519,7098367,7876607,4304821.76,200
1790738218,0,1381370,0,1693.62,199.93,17268735,22298623,28180479,37748735,45055999,1208320,66781183,22496003.02,9348852.19,1381370,10,10,10,0,0,0,0,0,0,4304895,7430143,8134655,4597501.44,200
1790738219,0,1381570,0,1691.79,199.94,17268735,22298623,28180479,37748735,45055999,1208320,66781183,22493518.65,9350472.81,1381570,10,10,10,0,0,0,0,0,0,5558271,7286783,7979007,5334359.04,200
1790738220,0,1381770,0,1689.96,200.04,17268735,22298623,28180479,37748735,45055999,1208320,66781183,22490871.19,9352408.05,1381770,10,10,10,0,0,0,0,0,0,3854335,7196671,7864319,4202618.88,200
1790738221,0,1381970,0,1688.14,200.01,17268735,22298623,28180479,37748735,45055999,1208320,66781183,22488322.56,9354154.67,1381970,10,10,10,0,0,0,0,0,0,5033983,7368703,8155135,4880243.20,200
1790738222,0,1382170,0,1686.33,200.01,17268735,22298623,28180479,37748735,45055999,1208320,66781183,22485769.16,9355907.67,1382170,10,10,10,0,0,0,0,0,0,4984831,7294975,8097791,4842129.92,200
1790738223,0,1382370,0,1684.52,200.03,17268735,22298623,28180479,37748735,45055999,1208320,66781183,22483180.48,9357724.86,1382370,10,10,10,0,0,0,0,0,0,4616191,7028735,7778303,4593192.96,200
1790738224,0,1382570,0,1682.71,200.05,17268735,22298623,28164095,37748735,45055999,1208320,66781183,22480659.25,9359427.73,1382570,10,10,10,0,0,0,0,0,0,5042175,8208383,11747327,5054315.52,200
1790738225,0,1382770,0,1680.91,199.93,17252351,22298623,28164095,37748735,45055999,1208320,66781183,22478118.01,9361158.79,1382770,10,10,10,0,0,0,0,0,0,4927487,7573503,8388607,4910860.80,200
1790738226,0,1382970,0,1679.11,199.93,17252351,22298623,28164095,37748735,45055999,1208320,66781183,22475476.68,9363080.52,1382970,10,10,10,0,0,0,0,0,0,3948543,7380991,8568831,4213767.68,200
1790738227,0,1383170,0,1677.32,200.00,17252351,22298623,28164095,37748735,45055999,1208320,66781183,22472959.90,9364770.14,1383170,10,10,10,0,0,0,0,0,0,5181439,7938047,8667135,5069811.20,200
1790738228,0,1383370,0,1675.53,200.07,17252351,22298623,28164095,37748735,45055999,1208320,66781183,22470384.39,9366572.11,1383370,10,10,10,0,0,0,0,0,0,4419583,8036351,9641983,4658493.44,200
1790738229,0,1383570,0,1673.74,200.02,17252351,22282239,28164095,37748735,45055999,1208320,66781183,22467843.96,9368302.87,1383570,10,10,10,0,0,0,0,0,0,4747263,7856127,9830399,4896128.00,200
1790738230,0,1383770,0,1671.96,199.88,17252351,22282239,28164095,37748735,45055999,1208320,66781183,22465328.41,9369984.53,1383770,10,10,10,0,0,0,0,0,0,5210111,7614463,8318975,5063124.48,200
1790738231,0,1383970,0,1670.18,200.04,17235967,22282239,28164095,37748735,45055999,1208320,66781183,22462760.86,9371770.63,1383970,10,10,10,0,0,0,0,0,0,4481023,7856127,9740287,4698232.32,200
1790738232,0,1384170,0,1668.41,199.96,17235967,22282239,28164095,37748735,45055999,1208320,66781183,22460184.22,9373565.07,1384170,10,10,10,0,0,0,0,0,0,4718591,7172095,7520255,4630202.88,200
1790738233,0,1384370,0,1666.64,200.01,17235967,22282239,28164095,37748735,45055999,1208320,66781183,22457638.57,9375303.59,1384370,10,10,10,0,0,0,0,0,0,4853759,7479295,8110079,4839616.00,200
1790738234,0,1384570,0,1664.88,200.05,17235967,22282239,28164095,37748735,45055999,1208320,66781183,22455050.22,9377122.85,1384570,10,10,10,0,0,0,0,0,0,4407295,7376895,7770111,4538844.16,200
1790738235,0,1384770,0,1663.12,200.06,17235967,22282239,28164095,37748735,45055999,1208320,66781183,22452541.08,9378794.60,1384770,10,10,10,0,0,0,0,0,0,5210111,7757823,8331263,5082140.16,200
1790738236,0,1384970,0,1661.37,199.89,17235967,22282239,28164095,37748735,45055999,1208320,66781183,22449908.98,9380694.69,1384970,10,10,10,0,0,0,0,0,0,4057087,7127039,7561215,4225697.28,200
1790738237,0,1385170,0,1659.61,199.96,17219583,22282239,28164095,37748735,45055999,1208320,66781183,22447433.54,9382302.24,1385170,10,10,10,0,0,0,0,0,0,5468159,7766015,8568831,5305372.16,200
1790738238,0,1385370,0,1657.87,200.06,17219583,22282239,28147711,37748735,45055999,1208320,66781183,22444930.32,9383964.74,1385370,10,10,10,0,0,0,0,0,0,5189631,7987199,9576447,5107975.68,200
1790738239,0,1385570,0,1656.13,199.95,17219583,22265855,28147711,37748735,45055999,1208320,66781183,22442356.12,9385755.65,1385570,10,10,10,0,0,0,0,0,0,4640767,7323647,7704575,4611253.76,200
1790738240,0,1385770,0,1654.39,200.13,17219583,22265855,28147711,37748735,45055999,1208320,66781183,22439722.90,9387660.00,1385770,10,10,10,0,0,0,0,0,0,4005887,7180287,8028159,4197153.28,200
1790738241,0,1385970,0,1652.65,200.05,17219583,22265855,28147711,37748735,45055999,1208320,66781183,22437151.29,9389445.85,1385970,10,10,10,0,0,0,0,0,0,4694015,7278591,7770111,4618908.16,200
1790738242,0,1386170,0,1650.92,199.86,17203199,22265855,28147711,37748735,45055999,1208320,66781183,22434617.69,9391159.68,1386170,10,10,10,0,0,0,0,0,0,4988927,7430143,7999487,4877153.28,200
1790738243,0,1396080,0,1660.75,9906.53,17252351,22331391,28295167,38273023,47087615,1208320,194379775,23039728.64,12370940.64,1396080,10,10,10,0,0,0,0,0,0,105512959,183369727,193724415,107680156.91,9910
1790738244,0,1411280,0,1676.84,15216.45,17317887,22429695,28540927,39616511,187957247,1208320,419168255,25918050.37,31047913.49,1411280,10,10,10,0,0,0,0,0,0,304087039,389021695,418119679,290284326.27,15200
1790738245,0,1427180,0,1693.71,15889.69,17383423,22544383,28819455,41844735,418906111,1208320,652214271,31332398.44,60098923.83,1427180,10,10,10,0,0,0,0,0,0,514064383,621281279,641728511,511908571.10,15900
1790738246,0,1442540,0,1709.92,15370.27,17448959,22659071,29081599,44498943,645398527,1208320,882900991,38813640.68,93900143.06,1442540,10,10,10,0,0,0,0,0,0,727711743,842530815,872415231,733935991.47,15360
1790738247,0,1459920,0,1728.47,17375.87,17530879,22790143,29392895,59965439,863502335,1208320,1042284543,49330472.81,133926317.76,1459920,10,10,10,0,0,0,0,0,0,926416895,1020788735,1039663103,922227539.25,17380
1790738248,0,1475820,0,1745.23,15903.49,17596415,22904831,29687807,273678335,1022885887,1208320,1181745151,60448501.96,170640644.41,1475820,10,10,10,0,0,0,0,0,0,1085276159,1160773631,1178599423,1081293351.80,15900
1790738249,0,1493740,0,1764.33,17913.05,17661951,23035903,30031871,513015807,1162870783,1208320,1315962879,74170078.28,210478996.68,1493740,10,10,10,0,0,0,0,0,0,1204813823,1283457023,1304428543,1204224585.14,17920
1790738250,0,1511120,0,1782.75,17375.01,17743871,23166975,30392319,740818943,1292894207,1208320,1459617791,88765308.29,249252883.25,1511120,10,10,10,0,0,0,0,0,0,1341128703,1428160511,1450180607,1343165704.66,17380
1790738251,0,1527539,0,1800.00,16427.21,17809407,23298047,30752767,925892607,1419771903,1208320,1598029823,103688097.70,286328921.61,1527535,10,10,10,0,0,0,0,0,0,1477443583,1558183935,1582301183,1477439272.16,16415
1790738252,0,1544940,0,1818.36,17392.35,17874943,23429119,31145983,1080033279,1559232511,1208320,1713373183,120654712.70,326113581.30,1544940,10,10,10,0,0,0,0,0,0,1612709887,1687158783,1702887423,1609715226.03,17405
1790738253,0,1562860,0,1837.29,17917.53,17956863,23576575,31604735,1204813823,1698693119,1208320,1862270975,139350513.48,367818632.05,1562860,10,10,10,0,0,0,0,0,0,1750073343,1830813695,1851785215,1751174758.40,17920
1790738254,0,1578220,0,1853.17,15362.23,18022399,23707647,32047103,1318060031,1815085055,1208320,1980760063,156246967.26,403783125.13,1578220,10,10,10,0,0,0,0,0,0,1874853887,1948254207,1978662911,1875439138.13,15360
1790738255,0,1596140,0,1872.01,17914.83,18087935,23855103,32522239,1454374911,1973420031,1208320,2157969407,177324696.02,447621432.67,1596140,10,10,10,0,0,0,0,0,0,2033188863,2116026367,2146435071,2033646855.31,17920
1790738256,0,1614060,0,1890.81,17919.98,18169855,24002559,33013759,1586495487,2114977791,1208320,2281701375,199433731.64,491637106.44,1614060,10,10,10,0,0,0,0,0,0,2174746623,2250244095,2271215615,2168692443.43,17920
1790738257,0,1631440,0,1908.94,17380.08,18235391,24150015,33554431,1719664639,2248146943,1208320,2441084927,221898573.84,534814117.20,1631440,10,10,10,0,0,0,0,0,0,2306867199,2392850431,2430599167,2308181841.60,17380
1790738258,0,1649360,0,1927.65,17924.31,18317311,24297471,34177023,1850736639,2382364671,1208320,2550136831,245988365.22,579463059.25,1649360,10,10,10,0,0,0,0,0,0,2441084927,2520776703,2539651071,2439127274.06,17920
1790738259,0,1665260,0,1943.96,15903.58,18382847,24428543,34701311,1988100095,2501902335,1208320,2671771647,268174400.45,619394619.34,1665260,10,10,10,0,0,0,0,0,0,2571108351,2648702975,2661285887,2569605788.76,15900
1790738260,0,1683180,0,1962.59,17919.53,18448383,24592383,35258367,2125463551,2640314367,1208320,2831155199,294073848.51,664775037.59,1683180,10,10,10,0,0,0,0,0,0,2699034623,2782920703,2820669439,2700843651.66,17920
1790738261,0,1701100,0,1981.17,17918.28,18530303,24739839,35782655,2256535551,2772434943,1208320,2942304255,320828624.75,710303192.62,1701100,10,10,10,0,0,0,0,0,0,2839543807,2910846975,2931818495,2833836675.66,17920
1790738262,0,1718480,0,1999.08,17377.24,18595839,24870911,36274175,2380267519,2908749823,1208320,3095396351,347662616.56,754936617.67,1718480,10,10,10,0,0,0,0,0,0,2971664383,3061841919,3093299199,2974089743.91,17380
1790738263,0,1736400,0,2017.59,17928.90,18677759,25034751,36863999,2510290943,3042967551,1208320,3227516927,376139987.90,801151345.40,1736400,10,10,10,0,0,0,0,0,0,3112173567,3196059647,3214934015,3107043620.57,17920
1790738264,0,1752300,0,2033.70,15892.49,18743295,25165823,37519359,2627731455,3164602367,1208320,3338665983,402099669.91,842396974.08,1752300,10,10,10,0,0,0,0,0,0,3240099839,3313500159,3328180223,3237092866.96,15900
1790738265,0,1770220,0,2052.11,17920.25,18808831,25313279,38371327,2757754879,3303014399,1208320,3489660927,432153191.00,889265926.81,1770220,10,10,10,0,0,0,0,0,0,3368026111,3456106495,3487563775,3370924675.66,17920
1790738266,0,1788140,0,2070.49,17930.42,18890751,25477119,39682047,2887778303,3437232127,1208320,3619684351,462942323.23,936236534.48,1788140,10,10,10,0,0,0,0,0,0,3508535295,3588227071,3609198591,3504434380.80,17920
1790738267,0,1803702,0,2086.09,15551.36,18956287,25608191,41385983,3001024511,3556769791,1208320,3768582143,490301677.24,977241948.10,1803702,10,10,10,0,0,0,0,0,0,3634364415,3707764735,3728736255,3634007838.17,15562
1790738268,0,1821420,0,2104.15,17717.96,19021823,25755647,43581439,3133145087,3690987519,1208320,3888119807,522185408.63,1024316362.92,1821420,10,10,10,0,0,0,0,0,0,3766484991,3854565375,3888119807,3767966539.10,17718
1790738269,0,1839340,0,2122.40,17934.66,19103743,25903103,46268415,3265265663,3833593855,1208320,4018143231,555137759.68,1072099076.32,1839340,10,10,10,0,0,0,0,0,0,3906994175,3988783103,4007657471,3904472093.26,17920
1790738270,0,1857260,0,2140.61,17915.03,19169279,26050559,130678783,3395289087,3969908735,1208320,4148166655,588756610.76,1119972397.84,1857260,10,10,10,0,0,0,0,0,0,4043309055,4118806527,4137680895,4039454017.83,17920
1790738271,0,1874640,0,2158.15,17383.09,19234815,26198015,331087871,3519021055,4099932159,1208320,4311744511,622045194.66,1166682505.61,1874640,10,10,10,0,0,0,0,0,0,4175429631,4267704319,4299161599,4179326859.58,17380
1790738272,0,1892560,0,2176.27,17912.79,19316735,26345471,518782975,3649044479,4236247039,1208320,4429185023,656979632.38,1214888396.84,1892560,10,10,10,0,0,0,0,0,0,4315938815,4399824895,4416602111,4311527306.97,17920
1790738273,0,1908460,0,2192.04,15908.44,19365887,26476543,685244415,3770679295,4362076159,1208320,4542431231,688512449.25,1257786177.86,1908460,10,10,10,0,0,0,0,0,0,4445962239,4517265407,4534042623,4441829927.29,15900
1790738274,0,1926380,0,2210.08,17907.62,19447807,26623999,854589439,3904897023,4496293887,1208320,4706009087,724680866.09,1306387901.70,1926380,10,10,10,0,0,0,0,0,0,4575985663,4664066047,4693426175,4576576892.34,17920
1790738275,0,1943760,0,2227.47,17389.44,19513343,26771455,989855743,4028628991,4626317311,1208320,4806672383,760209570.49,1353263672.93,1943760,10,10,10,0,0,0,0,0,0,4701814783,4781506559,4794089471,4698171917.55,17380
1790738276,0,1961680,0,2245.43,17922.38,19578879,26951679,1110441983,4160749567,4756340735,1208320,4924112895,796997088.25,1400496885.30,1961680,10,10,10,0,0,0,0,0,0,4785700863,4836032511,4844421119,4787293154.74,17920
1790738277,0,1979600,0,2263.35,17911.01,19644415,27115519,1204813823,4290772991,4785700863,1208320,4945084415,833190851.24,1444662431.97,1979600,10,10,10,0,0,0,0,0,0,4802478079,4865392639,4865392639,4795276843.89,17920
1790738278,0,1995500,0,2278.92,15908.65,19693567,27279359,1296039935,4408213503,4802478079,1208320,4945084415,864777319.07,1481433793.88,1995500,10,10,10,0,0,0,0,0,0,4802478079,4865392639,4865392639,4797391892.87,15900
1790738279,0,2013420,0,2296.76,17908.99,19759103,27459583,1406140415,4538236927,4806672383,1208320,4945084415,899777350.20,1520372882.03,2013420,10,10,10,0,0,0,0,0,0,4802478079,4861198335,4865392639,4797241753.60,17920
1790738280,0,2030800,0,2313.95,17380.52,19808255,27639807,1505755135,4655677439,4806672383,1208320,4953473023,933150290.32,1555886781.72,2030800,10,10,10,0,0,0,0,0,0,4802478079,4865392639,4865392639,4799303633.81,17380
1790738281,0,2048720,0,2331.71,17928.62,19873791,27820031,1615855615,4764729343,4819255295,1208320,4961861631,967126666.45,1590735086.31,2048720,10,10,10,0,0,0,0,0,0,4810866687,4869586943,4873781247,4817529826.74,17920
1790738282,0,2064620,0,2347.14,15892.11,19922943,27983871,1706033151,4764729343,4827643903,1208320,4961861631,996799760.62,1620003023.68,2064620,10,10,10,0,0,0,0,0,0,4819255295,4882169855,4882169855,4820187275.62,15900
1790738283,0,2082540,0,2364.82,17928.02,19988479,28164095,1812987903,4789895167,4836032511,1208320,4961861631,1029655657.46,1651123319.27,2082540,10,10,10,0,0,0,0,0,0,4815060991,4877975551,4877975551,4815087674.51,17920
1790738284,0,2100460,0,2382.47,17917.03,20054015,28360703,1917845503,4794089471,4857004031,1208320,4961861631,1061979782.97,1680589829.46,2100460,10,10,10,0,0,0,0,0,0,4815060991,4877975551,4877975551,4818468864.00,17920
1790738285,0,2117840,0,2399.46,17381.84,20103167,28557311,2043674623,4794089471,4857004031,1208320,4961861631,1092799479.70,1707631711.22,2117840,10,10,10,0,0,0,0,0,0,4827643903,4882169855,4882169855,4817514104.78,17380
1790738286,0,2133740,0,2414.73,15889.56,20152319,28737535,2134900735,4802478079,4857004031,1208320,4961861631,1120579210.49,1731205965.38,2133740,10,10,10,0,0,0,0,0,0,4827643903,4882169855,4882169855,4820769466.12,15900
1790738287,0,2151660,0,2432.26,17929.36,20217855,28934143,2237661183,4802478079,4861198335,1208320,4961861631,1151396456.10,1756474290.06,2151660,10,10,10,0,0,0,0,0,0,4823449599,4877975551,4882169855,4820815520.91,17920
1790738288,0,2169580,0,2449.75,17922.46,20267007,29147135,2340421631,4806672383,4861198335,1208320,4961861631,1181659236.99,1780362717.46,2169580,10,10,10,0,0,0,0,0,0,4823449599,4877975551,4877975551,4815320795.43,17920
1790738289,0,2186960,0,2466.59,17381.06,20332543,29360127,2438987775,4810866687,4865392639,1208320,4961861631,1210558828.90,1802433345.41,2186960,10,10,10,0,0,0,0,0,0,4823449599,4877975551,4877975551,4818152420.90,17380
1790738290,0,2204880,0,2484.00,17914.42,20381695,29573119,2539651071,4819255295,4865392639,1208320,4961861631,1239844265.11,1824016601.79,2204880,10,10,10,0,0,0,0,0,0,4823449599,4877975551,4877975551,4813844128.91,17920
1790738291,0,2220780,0,2499.10,15896.34,20430847,29769727,2636120063,4819255295,4865392639,1208320,4961861631,1265462851.87,1842344895.45,2220780,10,10,10,0,0,0,0,0,0,4823449599,4877975551,4877975551,4818035782.33,15900
1790738292,0,2238700,0,2516.43,17920.55,20496383,29999103,2738880511,4823449599,4873781247,1208320,4961861631,1293913016.93,1862090413.20,2238700,10,10,10,0,0,0,0,0,0,4823449599,4877975551,4877975551,4819669577.14,17920
1790738293,0,2256620,0,2533.73,17921.01,20545535,30244863,2839543807,4823449599,4877975551,1208320,4961861631,1321882098.81,1880845632.50,2256620,10,10,10,0,0,0,0,0,0,4823449599,4877975551,4882169855,4815988326.40,17920
1790738294,0,2274000,0,2550.38,17374.69,20611071,30490623,2938109951,4823449599,4877975551,1208320,4961861631,1348600262.47,1898219435.80,2274000,10,10,10,0,0,0,0,0,0,4823449599,4877975551,4877975551,4817687861.91,17380
1790738295,0,2291920,0,2567.59,17922.37,20660223,30752767,3042967551,4823449599,4877975551,1208320,4961861631,1375702546.47,1915276138.28,2291920,10,10,10,0,0,0,0,0,0,4823449599,4877975551,4877975551,4814909791.09,17920
1790738296,0,2307820,0,2582.52,15912.05,20709375,30998527,3133145087,4823449599,4877975551,1208320,4982833151,1399482632.93,1929904098.33,2307820,10,10,10,0,0,0,0,0,0,4815060991,4882169855,4903141375,4827284882.13,15900
1790738297,0,2325740,0,2599.66,17916.16,20774911,31277055,3240099839,4823449599,4877975551,1208320,4982833151,1425842890.77,1945591165.03,2325740,10,10,10,0,0,0,0,0,0,4815060991,4869586943,4869586943,4820638105.60,17920
1790738298,0,2343120,0,2616.16,17383.34,20824063,31571967,3336568831,4823449599,4877975551,1208320,4982833151,1451022862.55,1960126575.36,2343120,10,10,10,0,0,0,0,0,0,4815060991,4869586943,4869586943,4820531928.23,17380
1790738299,0,2361040,0,2633.23,17915.98,20889599,31932415,3443523583,4823449599,4877975551,1208320,4982833151,1476603680.23,1974462770.41,2361040,10,10,10,0,0,0,0,0,0,4815060991,4869586943,4873781247,4821409792.00,17920
1790738300,0,2376940,0,2648.01,15894.58,20938751,32210943,3535798271,4823449599,4877975551,1208320,4982833151,1499003542.29,1986689873.33,2376940,10,10,10,0,0,0,0,0,0,4815060991,4873781247,4873781247,4825228090.41,15900
1790738301,0,2394860,0,2665.00,17928.38,20987903,32538623,3636461567,4827643903,4877975551,1208320,4982833151,1523832588.51,1999795146.55,2394860,10,10,10,0,0,0,0,0,0,4815060991,4877975551,4882169855,4817200508.34,17920
1790738302,0,2412780,0,2681.96,17918.04,21053439,32866303,3743416319,4827643903,4877975551,1208320,4982833151,1548268663.61,2012283702.59,2412780,10,10,10,0,0,0,0,0,0,4819255295,4877975551,4877975551,4813948284.34,17920
1790738303,0,2430160,0,2698.28,17384.39,21102591,33193983,3844079615,4827643903,4877975551,1208320,4982833151,1571652648.94,2023917760.47,2430160,10,10,10,0,0,0,0,0,0,4823449599,4877975551,4882169855,4817936431.13,17380
1790738304,0,2448080,0,2715.16,17915.90,21168127,33587199,3951034367,4827643903,4877975551,1208320,4982833151,1595401808.16,2035375704.12,2448080,10,10,10,0,0,0,0,0,0,4819255295,4882169855,4882169855,4816063458.74,17920
1790738305,0,2463980,0,2729.77,15889.76,21217279,33947647,4041211903,4827643903,4877975551,1208320,4982833151,1616200300.53,2045147917.27,2463980,10,10,10,0,0,0,0,0,0,4823449599,4877975551,4882169855,4818487923.02,15900
1790738306,0,2481900,0,2746.58,17932.49,21266431,34373631,4141875199,4827643903,4877975551,1208320,4982833151,1639327112.71,2055718412.02,2481900,10,10,10,0,0,0,0,0,0,4823449599,4877975551,4882169855,4819237975.77,17920
1790738307,0,2499820,0,2763.35,17914.81,21331967,34734079,4246732799,4827643903,4877975551,1208320,4982833151,1662085254.58,2065774475.86,2499820,10,10,10,0,0,0,0,0,0,4823449599,4877975551,4877975551,4814062504.23,17920
1790738308,0,2503520,0,2764.39,3699.73,21331967,34832383,4259315711,4827643903,4877975551,1208320,4982833151,1665526847.78,2067023420.65,2503520,10,10,10,0,0,0,0,0,0,4823449599,4877975551,4877975551,3990760224.93,3700
1790738309,0,2503720,0,2761.56,200.00,21331967,34799615,4257218559,4827643903,4877975551,1208320,4982833151,1665394290.67,2066994067.73,2503720,10,10,10,0,0,0,0,0,0,3952639,17350655,18808831,6097500.16,200
1790738310,0,2503920,0,2758.74,200.00,21331967,34799615,4257218559,4827643903,4877975551,1208320,4982833151,1665261590.60,2066964842.04,2503920,10,10,10,0,0,0,0,0,0,3690495,6488063,12910591,4042480.64,200
1790738311,0,2504120,0,2755.92,200.04,21331967,34799615,4257218559,4827643903,4877975551,1208320,4982833151,1665129105.64,2066935456.74,2504120,10,10,10,0,0,0,0,0,0,4509695,16908287,18317311,6470369.28,200
1790738312,0,2504320,0,2753.11,200.05,21331967,34799615,4257218559,4827643903,4877975551,1208320,4982833151,1664996549.45,2066906141.22,2504320,10,10,10,0,0,0,0,0,0,3993599,14942207,17596415,5313546.24,200
1790738313,0,2504520,0,2750.31,199.85,21331967,34799615,4257218559,4827643903,4877975551,1208320,4982833151,1664863915.23,2066876900.94,2504520,10,10,10,0,0,0,0,0,0,3631103,9330687,10821631,4071221.76,200
1790738314,0,2504720,0,2747.51,200.15,21331967,34799615,4257218559,4827643903,4877975551,1208320,4982833151,1664731446.40,2066847540.89,2504720,10,10,10,0,0,0,0,0,0,3956735,14737407,18038783,5877250.56,200
1790738315,0,2504920,0,2744.72,200.01,21331967,34799615,4255121407,4827643903,4877975551,1208320,4982833151,1664599078.54,2066818112.66,2504920,10,10,10,0,0,0,0,0,0,4521983,14581759,17727487,6876963.84,200
1790738316,0,2505120,0,2741.93,199.98,21331967,34799615,4255121407,4827643903,4877975551,1208320,4982833151,1664466656.47,2066788740.66,2505120,10,10,10,0,0,0,0,0,0,3948543,17121279,18644991,5933276.16,200
1790738317,0,2505320,0,2739.15,199.87,21315583,34766847,4255121407,4827643903,4877975551,1208320,4982833151,1664334172.95,2066759430.53,2505320,10,10,10,0,0,0,0,0,0,3784703,12918783,14123007,4898613.76,200
1790738318,0,2505520,0,2736.38,200.11,21315583,34766847,4255121407,4827643903,4877975551,1208320,4982833151,1664201808.62,2066730037.61,2505520,10,10,10,0,0,0,0,0,0,4435967,13377535,14344191,6126696.96,200
1790738319,0,2505720,0,2733.61,200.03,21315583,34766847,4255121407,4827643903,4877975551,1208320,4982833151,1664069474.30,2066700633.38,2505720,10,10,10,0,0,0,0,0,0,4345855,13803519,14508031,6238041.60,200
1790738320,0,2505920,0,2730.85,199.94,21315583,34766847,4255121407,4827643903,4877975551,1208320,4982833151,1663937289.08,2066671122.50,2505920,10,10,10,0,0,0,0,0,0,5115903,17022975,18464767,7841571.84,200
1790738321,0,2506120,0,2728.10,199.99,21315583,34766847,4255121407,4827643903,4877975551,1208320,4982833151,1663805213.03,2066641537.05,2506120,10,10,10,0,0,0,0,0,0,6500351,18071551,18808831,8945154.56,200
1790738322,0,2506320,0,2725.35,200.09,21315583,34766847,4253024255,4827643903,4877975551,1208320,4982833151,1663673129.96,2066611970.00,2506320,10,10,10,0,0,0,0,0,0,5459967,18530303,25247743,8593003.52,200
1790738323,0,2506520,0,2722.60,199.85,21315583,34766847,4253024255,4827643903,4877975551,1208320,4982833151,1663540838.13,2066582582.62,2506520,10,10,10,0,0,0,0,0,0,4108287,13090815,14712831,5712509.44,200
1790738324,0,2506720,0,2719.87,200.09,21315583,34734079,4253024255,4827643903,4877975551,1208320,4982833151,1663408385.22,2066553337.04,2506720,10,10,10,0,0,0,0,0,0,3276799,5218303,6897663,3429063.68,200
1790738325,0,2506920,0,2717.14,199.99,21315583,34734079,4253024255,4827643903,4877975551,1208320,4982833151,1663275936.45,2066524100.86,2506920,10,10,10,0,0,0,0,0,0,3139583,4947967,6475775,3216066.56,200
1790738326,0,2507120,0,2714.41,200.01,21299199,34734079,4253024255,4827643903,4877975551,1208320,4982833151,1663143524.14,2066494848.15,2507120,10,10,10,0,0,0,0,0,0,3297279,5148671,5976063,3408120.32,200
1790738327,0,2507320,0,2711.69,199.99,21299199,34734079,4253024255,4827643903,4877975551,1208320,4982833151,1663011188.37,2066465546.89,2507320,10,10,10,0,0,0,0,0,0,3217407,11550719,16973823,4102947.84,200
1790738328,0,2507520,0,2708.98,200.05,21299199,34734079,4253024255,4827643903,4877975551,1208320,4982833151,1662878865.76,2066436247.68,2507520,10,10,10,0,0,0,0,0,0,3268607,9134079,10215423,4003240.96,200
1790738329,0,2507720,0,2706.27,199.94,21299199,34734079,4250927103,4827643903,4877975551,1208320,4982833151,1662746737.86,2066406805.25,2507720,10,10,10,0,0,0,0,0,0,4345855,13688831,16809983,6179955.20,200
1790738330,0,2507920,0,2703.57,199.91,21299199,34734079,4250927103,4827643903,4877975551,1208320,4982833151,1662614496.67,2066377466.20,2507920,10,10,10,0,0,0,0,0,0,3825663,11657215,12951551,4495116.80,200
1790738331,0,2508120,0,2700.87,200.03,21299199,34734079,4250927103,4827643903,4877975551,1208320,4982833151,1662482379.96,2066348040.22,2508120,10,10,10,0,0,0,0,0,0,3987455,13598719,17055743,5791641.60,200
1790738332,0,2508320,0,2698.18,200.10,21299199,34734079,4250927103,4827643903,4877975551,1208320,4982833151,1662350288.00,2066318607.08,2508320,10,10,10,0,0,0,0,0,0,4313087,13131775,14196735,5837867.52,200
1790738333,0,2508520,0,2695.50,200.03,21299199,34701311,4250927103,4827643903,4877975551,1208320,4982833151,1662218236.91,2066289153.88,2508520,10,10,10,0,0,0,0,0,0,4546559,12787711,13303807,6086287.36,200
1790738334,0,2508720,0,2692.82,199.92,21299199,34701311,4248829951,4827643903,4877975551,1208320,4982833151,1662086097.07,2066259784.47,2508720,10,10,10,0,0,0,0,0,0,3741695,12255231,13107199,4708948.48,200
1790738335,0,2508920,0,2690.15,200.06,21282815,34701311,4248829951,4827643903,4877975551,1208320,4982833151,1661953980.95,2066230408.76,2508920,10,10,10,0,0,0,0,0,0,3747839,12361727,13213695,4742225.92,200
1790738336,0,2509120,0,2687.48,200.02,21282815,34701311,4248829951,4827643903,4877975551,1208320,4982833151,1661821999.04,2066200938.31,2509120,10,10,10,0,0,0,0,0,0,4337663,13574143,16556031,6161781.76,200
1790738337,0,2509320,0,2684.82,199.93,21282815,34701311,4248829951,4827643903,4877975551,1208320,4982833151,1661689896.59,2066171577.00,2509320,10,10,10,0,0,0,0,0,0,3739647,11657215,13049855,4385367.04,200
1790738338,0,2509520,0,2682.16,199.89,21282815,34701311,4248829951,4827643903,4877975551,1208320,4982833151,1661557907.86,2066142137.35,2509520,10,10,10,0,0,0,0,0,0,3932159,12738559,13369343,5548088.32,200
1790738339,0,2509720,0,2679.51,200.16,21282815,34701311,4246732799,4827643903,4877975551,1208320,4982833151,1661425903.09,2066112723.21,2509720,10,10,10,0,0,0,0,0,0,3870719,12763135,13975551,5082869.76,200
1790738340,0,2509920,0,2676.87,199.95,21282815,34701311,4246732799,4827643903,4877975551,1208320,4982833151,1661293882.90,2066083334.13,2509920,10,10,10,0,0,0,0,0,0,3770367,13639679,16793599,4625292.80,200
1790738341,0,2510120,0,2674.23,199.91,21282815,34701311,4246732799,4827643903,4877975551,1208320,4982833151,1661161897.70,2066053929.73,2510120,10,10,10,0,0,0,0,0,0,3768319,14360575,16531455,4800455.68,200
1790738342,0,2510320,0,2671.60,200.15,21282815,34668543,4246732799,4827643903,4877975551,1208320,4982833151,1661030088.23,2066024397.49,2510320,10,10,10,0,0,0,0,0,0,4583423,17317887,18399231,6742228.48,200
1790738343,0,2510520,0,2668.97,200.00,21266431,34668543,4246732799,4827643903,4877975551,1208320,4982833151,1660898168.32,2065994966.13,2510520,10,10,10,0,0,0,0,0,0,4001791,13025279,14352383,5092216.32,200
1790738344,0,2510720,0,2666.35,199.89,21266431,34668543,4246732799,4827643903,4877975551,1208320,4982833151,1660766231.32,2065965561.14,2510720,10,10,10,0,0,0,0,0,0,3747839,13115391,16105471,4613816.32,200
1790738345,0,2510920,0,2663.73,200.09,21266431,34668543,4246732799,4827643903,4877975551,1208320,4982833151,1660634389.76,2065936092.51,2510920,10,10,10,0,0,0,0,0,0,3901439,14852095,17530879,5548121.60,200
1790738346,0,2511120,0,2661.12,200.01,21266431,34668543,4246732799,4827643903,4877975551,1208320,4982833151,1660502630.96,2065906570.47,2511120,10,10,10,0,0,0,0,0,0,4009983,18284543,19382271,6323668.48,200
1790738347,0,2511320,0,2658.51,199.90,21266431,34668543,4244635647,4827643903,4877975551,1208320,4982833151,1660370925.46,2065877018.38,2511320,10,10,10,0,0,0,0,0,0,4476927,16531455,19251199,6729287.68,200
1790738348,0,2511520,0,2655.91,200.07,21266431,34635775,4244635647,4827643903,4877975551,1208320,4982833151,1660239274.53,2065847435.31,2511520,10,10,10,0,0,0,0,0,0,4775935,16973823,18694143,7151219.20,200
1790738349,0,2511720,0,2653.32,199.89,21266431,34635775,4244635647,4827643903,4877975551,1208320,4982833151,1660107481.87,2065817978.18,2511720,10,10,10,0,0,0,0,0,0,3868671,14123007,17711103,5107962.88,200
1790738350,0,2511920,0,2650.73,200.03,21266431,34635775,4244635647,4827643903,4877975551,1208320,4982833151,1659975818.44,2065788430.37,2511920,10,10,10,0,0,0,0,0,0,4485119,14548991,17711103,6467563.52,200
1790738351,0,2512120,0,2648.15,200.13,21250047,34635775,4244635647,4827643903,4877975551,1208320,4982833151,1659844155.02,2065758895.17,2512120,10,10,10,0,0,0,0,0,0,4485119,14532607,16220159,6204236.80,200
1790738352,0,2512320,0,2645.57,199.90,21250047,34635775,4244635647,4827643903,4877975551,1208320,4982833151,1659712434.42,2065729418.39,2512320,10,10,10,0,0,0,0,0,0,3887103,14475263,18497535,5222612.48,200
1790738353,0,2512520,0,2643.00,200.04,21250047,34635775,4242538495,4827643903,4877975551,1208320,4982833151,1659580848.97,2065699846.35,2512520,10,10,10,0,0,0,0,0,0,4272127,18644991,19709951,6657113.60,200
1790738354,0,2512720,0,2640.43,199.97,21250047,34635775,4242538495,4827643903,4877975551,1208320,4982833151,1659449248.91,2065670298.50,2512720,10,10,10,0,0,0,0,0,0,4247551,15458303,18284543,6210288.64,200
1790738355,0,2512920,0,2637.87,200.01,21250047,34635775,4242538495,4827643903,4877975551,1208320,4982833151,1659317592.94,2065640807.98,2512920,10,10,10,0,0,0,0,0,0,3901439,14204927,18956287,5244638.72,200
1790738356,0,2513120,0,2635.31,200.09,21250047,34603007,4242538495,4827643903,4877975551,1208320,4982833151,1659186168.65,2065611145.15,2513120,10,10,10,0,0,0,0,0,0,4857855,19447807,23707647,7892538.88,200
1790738357,0,2513320,0,2632.76,199.83,21250047,34603007,4242538495,4827643903,4877975551,1208320,4982833151,1659054694.46,2065581534.68,2513320,10,10,10,0,0,0,0,0,0,4444159,17121279,19251199,7002670.08,200
1790738358,0,2513520,0,2630.22,200.19,21250047,34603007,4242538495,4827643903,4877975551,1208320,4982833151,1658923131.84,2065552007.43,2513520,10,10,10,0,0,0,0,0,0,4093951,14196735,17055743,5628244.48,200
1790738359,0,2513720,0,2627.68,199.96,21233663,34603007,4242538495,4827643903,4877975551,1208320,4982833151,1658791606.04,2065522463.46,2513720,10,10,10,0,0,0,0,0,0,3911679,17088511,18546687,5827991.04,200
1790738360,0,2513920,0,2625.14,199.93,21233663,34603007,4240441343,4827643903,4877975551,1208320,4982833151,1658660208.14,2065492830.04,2513920,10,10,10,0,0,0,0,0,0,4460543,18071551,19136511,7172595.20,200
1790738361,0,2514120,0,2622.61,200.00,21233663,34603007,4240441343,4827643903,4877975551,1208320,4982833151,1658528780.74,2065463232.57,2514120,10,10,10,0,0,0,0,0,0,4579327,13508607,14090239,6538880.00,200
1790738362,0,2514320,0,2620.09,200.03,21233663,34603007,4240441343,4827643903,4877975551,1208320,4982833151,1658397335.08,2065433662.41,2514320,10,10,10,0,0,0,0,0,0,4079615,14254079,19070975,6046487.04,200
1790738363,0,2524330,0,2627.78,10012.26,21266431,34766847,4219469823,4827643903,4877975551,1208320,4982833151,1652479063.29,2063478190.96,2524330,10,10,10,0,0,0,0,0,0,152305663,336068607,346030079,165922708.23,10010
1790738364,0,2539690,0,2641.02,15357.20,21315583,35094527,4192206847,4827643903,4877975551,1208320,4982833151,1646503882.78,2058701834.81,2539690,10,10,10,0,0,0,0,0,0,654311423,942669823,953679871,664516420.27,15360
1790738365,0,2555050,0,2654.23,15364.46,21364735,35389439,4162846719,4827643903,4877975551,1208320,4982833151,1644183013.48,2052758330.68,2555050,10,10,10,0,0,0,0,0,0,1223688191,1497366527,1510998015,1260440268.80,15360
1790738366,0,2572970,0,2670.07,17915.50,21430271,35717119,4127195135,4827643903,4877975551,1208320,4982833151,1645623367.47,2045722193.62,2572970,10,10,10,0,0,0,0,0,0,1849688063,2128609279,2151677951,1850990357.94,17920
1790738367,0,2588330,0,2683.23,15355.44,21479423,36012031,4095737855,4827643903,4877975551,1208320,4982833151,1650483600.44,2040652120.09,2588330,10,10,10,0,0,0,0,0,0,2428502015,2722103295,2738880511,2464626414.93,15360
1790738368,0,2605710,0,2698.45,17383.79,21544959,36372479,4062183423,4827643903,4877975551,1208320,4982833151,1659927116.85,2037144813.17,2605710,10,10,10,0,0,0,0,0,0,3072327679,3328180223,3349151743,3066310132.81,17380
1790738369,0,2623630,0,2714.19,17913.37,21594111,36732927,4030726143,4827643903,4877975551,1208320,4982833151,1673461463.17,2036772726.57,2623630,10,10,10,0,0,0,0,0,0,3644850175,3902799871,3921674239,3641462666.97,17920
1790738370,0,2639530,0,2727.82,15900.43,21659647,37158911,4091543551,4827643903,4877975551,1208320,4982833151,1688705925.28,2040082089.65,2639530,10,10,10,0,0,0,0,0,0,4211081215,4424990719,4458545151,4204166813.53,15900
1790738371,0,2657450,0,2743.51,17929.03,21725183,37683199,4167041023,4827643903,4877975551,1208320,5070913535,1709468466.21,2048794720.06,2657450,10,10,10,0,0,0,0,0,0,4777312255,4978638847,5016387583,4767691103.09,17920
1790738372,0,2672810,0,2756.52,15361.26,21774335,38141951,4246732799,4848615423,4882169855,1208320,5125439487,1728069890.84,2057500012.49,2672810,10,10,10,0,0,0,0,0,0,4949278719,4999610367,5012193279,4946322227.20,15360
1790738373,0,2690932,0,2772.35,18119.36,21823487,38797311,4324327423,4852809727,4907335679,1208320,5125439487,1749364257.42,2066805649.00,2690932,10,10,10,0,0,0,0,0,0,4873781247,4949278719,4999610367,4890065942.26,18122
1790738374,0,2708650,0,2787.73,17710.70,21889023,39813119,4408213503,4852809727,4924112895,1208320,5125439487,1769835684.72,2075427294.74,2708650,10,10,10,0,0,0,0,0,0,4877975551,4949278719,4953473023,4878946126.92,17718
1790738375,0,2726030,0,2802.73,17390.10,21954559,41123839,4496293887,4857004031,4924112895,1208320,5125439487,1789491879.45,2083304287.06,2726030,10,10,10,0,0,0,0,0,0,4844421119,4919918591,4932501503,4852883816.11,17380
1790738376,0,2743950,0,2818.26,17907.04,22003711,42467327,4575985663,4857004031,4924112895,1208320,5125439487,1809479913.31,2091075097.17,2743950,10,10,10,0,0,0,0,0,0,4848615423,4919918591,4919918591,4850103793.37,17920
1790738377,0,2761870,0,2833.76,17933.88,22069247,44105727,4651483135,4857004031,4924112895,1208320,5125439487,1829082313.96,2098349297.55,2761870,10,10,10,0,0,0,0,0,0,4827643903,4903141375,4907335679,4830645218.74,17920
1790738378,0,2777770,0,2847.15,15894.71,22118399,45711359,4726980607,4857004031,4924112895,1208320,5125439487,1846178022.10,2104433609.07,2777770,10,10,10,0,0,0,0,0,0,4806672383,4886364159,4898947071,4815745534.07,15900
1790738379,0,2795690,0,2862.58,17910.77,22183935,49840127,4764729343,4857004031,4924112895,1208320,5125439487,1865177105.74,2110974755.93,2795690,10,10,10,0,0,0,0,0,0,4802478079,4886364159,4894752767,4810215306.97,17920
1790738380,0,2813610,0,2877.98,17935.23,22249471,115277823,4768923647,4857004031,4924112895,1208320,5125439487,1883842340.18,2117118321.29,2813610,10,10,10,0,0,0,0,0,0,4785700863,4852809727,4852809727,4795795982.63,17920
1790738381,0,2830990,0,2892.80,17367.99,22298623,195690495,4777312255,4857004031,4924112895,1208320,5125439487,1901704439.36,2122811405.56,2830990,10,10,10,0,0,0,0,0,0,4785700863,4848615423,4848615423,4793360416.05,17380
1790738382,0,2846890,0,2906.08,15907.72,22364159,313524223,4777312255,4857004031,4924112895,1208320,5125439487,1917866647.39,2127833270.39,2846890,10,10,10,0,0,0,0,0,0,4785700863,4848615423,4848615423,4795542706.01,15900
1790738383,0,2864810,0,2921.39,17913.66,22413311,388497407,4781506559,4857004031,4924112895,1208320,5125439487,1935847188.24,2133241488.09,2864810,10,10,10,0,0,0,0,0,0,4781506559,4844421119,4844421119,4792355108.57,17920
1790738384,0,2882730,0,2936.67,17927.55,22478847,479723519,4781506559,4857004031,4924112895,1208320,5125439487,1953601620.94,2138417303.90,2882730,10,10,10,0,0,0,0,0,0,4781506559,4844421119,4848615423,4791942933.94,17920
1790738385,0,2900650,0,2951.92,17918.05,22560767,581959679,4781506559,4857004031,4919918591,1208320,5125439487,1971151733.79,2143392319.22,2900650,10,10,10,0,0,0,0,0,0,4785700863,4848615423,4848615423,4794379234.74,17920
1790738386,0,2918030,0,2966.58,17381.99,22609919,673710079,4785700863,4857004031,4919918591,1208320,5125439487,1987971483.42,2148019387.43,2918030,10,10,10,0,0,0,0,0,0,4785700863,4848615423,4848615423,4795118017.66,17380
1790738387,0,2935950,0,2981.77,17922.52,22675455,755499007,4785700863,4857004031,4919918591,1208320,5125439487,2005150941.58,2152646857.44,2935950,10,10,10,0,0,0,0,0,0,4794089471,4857004031,4857004031,4802593704.23,17920
1790738388,0,2952052,0,2995.08,16086.48,22740991,827326463,4785700863,4857004031,4919918591,1208320,5125439487,2020431534.27,2156662206.21,2952052,10,10,10,0,0,0,0,0,0,4794089471,4857004031,4861198335,4806610649.43,16102
1790738389,0,2969770,0,3010.00,17728.69,22806527,917503999,4785700863,4857004031,4919918591,1208320,5125439487,2037046178.45,2160888597.00,2969770,10,10,10,0,0,0,0,0,0,4798283775,4857004031,4861198335,4805264576.92,17718
1790738390,0,2987150,0,3024.56,17387.23,22872063,983564287,4785700863,4857004031,4919918591,1208320,5125439487,2053145854.45,2164847732.23,2987150,10,10,10,0,0,0,0,0,0,4794089471,4861198335,4861198335,4804143252.47,17380
1790738391,0,3005070,0,3039.62,17909.48,22937599,1041760255,4785700863,4857004031,4919918591,1208320,5125439487,2069548338.06,2168748641.96,3005070,10,10,10,0,0,0,0,0,0,4794089471,4861198335,4861198335,4803738009.60,17920
1790738392,0,3022990,0,3054.66,17922.96,23003135,1118830591,4785700863,4857004031,4919918591,1208320,5125439487,2085726146.17,2172436900.84,3022990,10,10,10,0,0,0,0,0,0,4789895167,4852809727,4852809727,4798641649.37,17920
1790738393,0,3038890,0,3067.62,15892.23,23052287,1156579327,4785700863,4857004031,4919918591,1208320,5125439487,2099929067.37,2175579420.77,3038890,10,10,10,0,0,0,0,0,0,4789895167,4852809727,4852809727,4800261693.70,15900
1790738394,0,3056810,0,3082.60,17934.71,23134207,1206910975,4789895167,4857004031,4919918591,1208320,5125439487,2115773092.32,2178984467.33,3056810,10,10,10,0,0,0,0,0,0,4789895167,4852809727,4857004031,4802617344.00,17920
1790738395,0,3074730,0,3097.55,17910.63,23199743,1268776959,4789895167,4857004031,4919918591,1208320,5125439487,2131440612.34,2182241549.30,3074730,10,10,10,0,0,0,0,0,0,4794089471,4857004031,4857004031,4804020516.57,17920
1790738396,0,3092110,0,3111.92,17386.61,23265279,1327497215,4789895167,4857004031,4919918591,1208320,5125439487,2146457993.50,2185248789.79,3092110,10,10,10,0,0,0,0,0,0,4794089471,4857004031,4857004031,4803212445.19,17380
1790738397,0,3108538,0,3125.31,16424.90,23330815,1379926015,4789895167,4857004031,4919918591,1208320,5125439487,2160508050.96,2187975202.21,3108538,10,10,10,0,0,0,0,0,0,4794089471,4857004031,4857004031,4805037095.64,16428
1790738398,0,3125930,0,3139.64,17394.91,23396351,1430257663,4789895167,4857004031,4919918591,1208320,5125439487,2175193286.60,2190696230.34,3125930,10,10,10,0,0,0,0,0,0,4794089471,4852809727,4861198335,4799941046.99,17392
1790738399,0,3143850,0,3154.47,17921.31,23461887,1492123647,4789895167,4857004031,4919918591,1208320,5125439487,2190240958.93,2193467743.75,3143850,10,10,10,0,0,0,0,0,0,4819255295,4886364159,4886364159,4815127698.29,17920
1790738400,0,3161770,0,3169.27,17917.93,23543807,1551892479,4789895167,4857004031,4919918591,1208320,5125439487,2205110256.66,2196093711.19,3161770,10,10,10,0,0,0,0,0,0,4815060991,4886364159,4886364159,4813750974.17,17920
1790738401,0,3179150,0,3183.50,17375.57,23609343,1611661311,4789895167,4857004031,4919918591,1208320,5125439487,2219338444.00,2198476324.28,3179150,10,10,10,0,0,0,0,0,0,4819255295,4886364159,4890558463,4807730613.17,17380
1790738402,0,3195050,0,3196.22,15896.73,23674879,1657798655,4789895167,4857004031,4919918591,1208320,5125439487,2232236078.60,2200571066.59,3195050,10,10,10,0,0,0,0,0,0,4815060991,4882169855,4886364159,4811073501.48,15900
1790738403,0,3212970,0,3210.94,17927.11,23756799,1714421759,4789895167,4857004031,4919918591,1208320,5125439487,2246604409.50,2202798078.07,3212970,10,10,10,0,0,0,0,0,0,4810866687,4882169855,4882169855,4808408853.94,17920
1790738404,0,3230890,0,3225.62,17911.03,23822335,1774190591,4789895167,4857004031,4919918591,1208320,5125439487,2260728130.20,2204807398.96,3230890,10,10,10,0,0,0,0,0,0,4781506559,4844421119,4844421119,4793043470.63,17920
1790738405,0,3248810,0,3240.28,17931.65,23887871,1829765119,4789895167,4857004031,4919918591,1208320,5125439487,2274671918.95,2206676389.51,3248810,10,10,10,0,0,0,0,0,0,4777312255,4840226815,4840226815,4788670112.91,17920
1790738406,0,3266190,0,3254.37,17379.00,23969791,1874853887,4789895167,4857004031,4915724287,1208320,5125439487,2288025758.59,2208358461.21,3266190,10,10,10,0,0,0,0,0,0,4773117951,4836032511,4836032511,4784233340.26,17380
1790738407,0,3284110,0,3268.96,17907.68,24051711,1941962751,4789895167,4857004031,4915724287,1208320,5125439487,2301671129.00,2210017430.96,3284110,10,10,10,0,0,0,0,0,0,4777312255,4840226815,4840226815,4788745479.31,17920
1790738408,0,3302030,0,3283.53,17920.50,24117247,2023751679,4789895167,4857004031,4915724287,1208320,5125439487,2315172548.41,2211579099.30,3302030,10,10,10,0,0,0,0,0,0,4781506559,4844421119,4844421119,4789511080.23,17920
1790738409,0,3317930,0,3296.07,15910.12,24182783,2065694719,4789895167,4857004031,4915724287,1208320,5125439487,2327060832.89,2212916255.29,3317930,10,10,10,0,0,0,0,0,0,4785700863,4848615423,4848615423,4795958443.31,15900
1790738410,0,3335310,0,3310.05,17381.89,24264703,2120220671,4789895167,4857004031,4911529983,1208320,5125439487,2339937792.15,2214303438.77,3335310,10,10,10,0,0,0,0,0,0,4789895167,4857004031,4865392639,4798214514.48,17380
1790738411,0,3353230,0,3324.53,17911.69,24330239,2185232383,4789895167,4857004031,4911529983,1208320,5125439487,2353171643.73,2215747578.85,3353230,10,10,10,0,0,0,0,0,0,4806672383,4869586943,4869586943,4816285344.91,17920
1790738412,0,3371150,0,3338.99,17920.72,24412159,2237661183,4789895167,4857004031,4911529983,1208320,5125439487,2366269912.19,2217103388.53,3371150,10,10,10,0,0,0,0,0,0,4806672383,4869586943,4873781247,4817246851.66,17920
1790738413,0,3387050,0,3351.42,15908.77,24477695,2296381439,4789895167,4857004031,4911529983,1208320,5125439487,2377786067.45,2218241392.61,3387050,10,10,10,0,0,0,0,0,0,4806672383,4873781247,4873781247,4819464483.61,15900
1790738414,0,3404970,0,3365.82,17917.10,24559615,2348810239,4789895167,4857004031,4911529983,1208320,5125439487,2390622916.20,2219425227.25,3404970,10,10,10,0,0,0,0,0,0,4806672383,4869586943,4869586943,4816909107.20,17920
1790738415,0,3422890,0,3380.19,17922.19,24625151,2399141887,4794089471,4861198335,4911529983,1208320,5125439487,2403286372.91,2220480711.09,3422890,10,10,10,0,0,0,0,0,0,4802478079,4869586943,4869586943,4809463281.37,17920
1790738416,0,3440270,0,3394.00,17378.32,24707071,2457862143,4794089471,4861198335,4911529983,1208320,5125439487,2415382314.98,2221361005.10,3440270,10,10,10,0,0,0,0,0,0,4789895167,4852809727,4852809727,4797607812.51,17380
1790738417,0,3458190,0,3408.32,17910.09,24772607,2518679551,4794089471,4857004031,4911529983,1208320,5125439487,2427730644.38,2222195382.46,3458190,10,10,10,0,0,0,0,0,0,4789895167,4852809727,4852809727,4798354929.37,17920
1790738418,0,3474090,0,3420.61,15901.22,24838143,2566914047,4794089471,4857004031,4907335679,1208320,5125439487,2438593278.50,2222885374.18,3474090,10,10,10,0,0,0,0,0,0,4789895167,4852809727,4852809727,4801175207.83,15900
1790738419,0,3492010,0,3434.88,17916.91,24920063,2615148543,4794089471,4857004031,4907335679,1208320,5125439487,2450715890.34,2223590912.07,3492010,10,10,10,0,0,0,0,0,0,4789895167,4852809727,4852809727,4800885789.26,17920
1790738420,0,3509930,0,3449.11,17934.14,24985599,2686451711,4794089471,4857004031,4907335679,1208320,5125439487,2462718321.91,2224227737.85,3509930,10,10,10,0,0,0,0,0,0,4794089471,4852809727,4852809727,4801591705.60,17920
1790738421,0,3527310,0,3462.79,17371.75,25067519,2730491903,4794089471,4857004031,4907335679,1208320,5125439487,2474226143.34,2224760905.38,3527310,10,10,10,0,0,0,0,0,0,4789895167,4852809727,4852809727,4798256505.78,17380
1790738422,0,3545230,0,3476.97,17912.49,25133055,2797600767,4794089471,4857004031,4907335679,1208320,5125439487,2486002812.70,2225274357.01,3545230,10,10,10,0,0,0,0,0,0,4794089471,4857004031,4869586943,4804081137.37,17920
1790738423,0,3562590,0,3490.57,17362.58,25214975,2845835263,4794089471,4857004031,4907335679,1208320,5125439487,2497310330.91,2225720518.76,3562590,10,10,10,0,0,0,0,0,0,4794089471,4865392639,4865392639,4806512681.53,17360
1790738424,0,3579050,0,3503.26,16470.34,25280511,2900361215,4794089471,4857004031,4907335679,1208320,5125439487,2507941841.50,2226099165.42,3579050,10,10,10,0,0,0,0,0,0,4798283775,4865392639,4886364159,4809017983.53,16460
1790738425,0,3596970,0,3517.36,17907.06,25362431,2959081471,4794089471,4857004031,4907335679,1208320,5125439487,2519353677.55,2226397269.73,3596970,10,10,10,0,0,0,0,0,0,4794089471,4873781247,4886364159,4798568623.54,17920
1790738426,0,3614350,0,3530.91,17394.76,25444351,3009413119,4794089471,4857004031,4907335679,1208320,5125439487,2530343244.46,2226658612.43,3614350,10,10,10,0,0,0,0,0,0,4806672383,4873781247,4890558463,4804747299.82,17380
1790738427,0,3632270,0,3544.95,17919.47,25509887,3070230527,4794089471,4857004031,4907335679,1208320,5125439487,2541533347.27,2226838398.16,3632270,10,10,10,0,0,0,0,0,0,4794089471,4873781247,4882169855,4798505896.23,17920
1790738428,0,3636490,0,3545.60,4216.57,25526271,3074424831,4794089471,4857004031,4907335679,1208320,5125439487,2543315348.09,2226696848.15,3636490,10,10,10,0,0,0,0,0,0,4777312255,4848615423,4848615423,4077132441.84,4220
1790738429,0,3636690,0,3542.35,200.12,25526271,3074424831,4794089471,4857004031,4907335679,1208320,5125439487,2543175762.28,2226715170.10,3636690,10,10,10,0,0,0,0,0,0,5181439,7167999,7589887,5163653.12,200
1790738430,0,3636890,0,3539.09,199.89,25526271,3074424831,4794089471,4857004031,4907335679,1208320,5125439487,2543036186.37,2226733487.34,3636890,10,10,10,0,0,0,0,0,0,4997119,6815743,7483391,5064576.00,200
1790738431,0,3637090,0,3535.85,200.13,25526271,3072327679,4794089471,4857004031,4907335679,1208320,5125439487,2542896643.00,2226751774.08,3637090,10,10,10,0,0,0,0,0,0,5390335,7254015,7663615,5377285.12,200
1790738432,0,3637290,0,3532.61,199.88,25526271,3072327679,4794089471,4857004031,4907335679,1208320,5125439487,2542757107.19,2226770058.78,3637290,10,10,10,0,0,0,0,0,0,5234687,6991871,7643135,5235665.92,200
1790738433,0,3637490,0,3529.38,200.12,25509887,3072327679,4794089471,4857004031,4907335679,1208320,5125439487,2542617595.13,2226788323.02,3637490,10,10,10,0,0,0,0,0,0,5361663,7532543,8355839,5388380.16,200
1790738434,0,3637690,0,3526.15,199.98,25509887,3072327679,4794089471,4857004031,4907335679,1208320,5125439487,2542478095.81,2226806579.31,3637690,10,10,10,0,0,0,0,0,0,5296127,7151615,7815167,5341224.96,200
1790738435,0,3637890,0,3522.93,199.98,25509887,3072327679,4794089471,4857004031,4907335679,1208320,5125439487,2542338603.87,2226824833.78,3637890,10,10,10,0,0,0,0,0,0,5132287,7139327,7557119,5196364.80,200
1790738436,0,3638090,0,3519.71,199.99,25509887,3072327679,4794089471,4857004031,4907335679,1208320,5125439487,2542199128.20,2226843076.30,3638090,10,10,10,0,0,0,0,0,0,5230591,7249919,7725055,5213419.52,200
1790738437,0,3638290,0,3516.50,200.02,25509887,3070230527,4794089471,4857004031,4907335679,1208320,5125439487,2542059651.12,2226861326.99,3638290,10,10,10,0,0,0,0,0,0,4898815,6655999,7507967,4908892.16,200
1790738438,0,3638490,0,3513.30,199.91,25509887,3070230527,4794089471,4857004031,4907335679,1208320,5125439487,2541920200.78,2226879553.80,3638490,10,10,10,0,0,0,0,0,0,5038079,6840319,7524351,5116318.72,200
1790738439,0,3638690,0,3510.10,200.04,25493503,3070230527,4794089471,4857004031,4907335679,1208320,5125439487,2541780770.88,2226897763.91,3638690,10,10,10,0,0,0,0,0,0,5242879,7004159,7462911,5209226.24,200
1790738440,0,3638890,0,3506.91,199.93,25493503,3070230527,4794089471,4857004031,4907335679,1208320,5125439487,2541641363.06,2226915955.45,3638890,10,10,10,0,0,0,0,0,0,5214207,7376895,7905279,5332126.72,200
1790738441,0,3639090,0,3503.73,200.06,25493503,3070230527,4794089471,4857004031,4907335679,1208320,5125439487,2541501953.29,2226934155.77,3639090,10,10,10,0,0,0,0,0,0,5017599,6909951,7303167,5018014.72,200
1790738442,0,3639290,0,3500.55,200.09,25493503,3070230527,4794089471,4857004031,4907335679,1208320,5125439487,2541362574.43,2226952327.49,3639290,10,10,10,0,0,0,0,0,0,5226495,7032831,7639039,5301370.88,200
1790738443,0,3639490,0,3497.38,200.03,25493503,3068133375,4794089471,4857004031,4907335679,1208320,5125439487,2541223200.29,2226970500.40,3639490,10,10,10,0,0,0,0,0,0,5058559,7073791,7979007,5108695.04,200
1790738444,0,3639690,0,3494.22,199.99,25493503,3063939071,4794089471,4857004031,4907335679,1208320,5125439487,2541083847.59,2226988655.48,3639690,10,10,10,0,0,0,0,0,0,5206015,7094271,7811071,5219942.40,200
1790738445,0,3639890,0,3491.05,199.84,25493503,3063939071,4794089471,4857004031,4907335679,1208320,5125439487,2540944526.92,2227006780.71,3639890,10,10,10,0,0,0,0,0,0,5115903,8110079,14974975,5524290.56,200
1790738446,0,3640090,0,3487.90,199.98,25477119,3063939071,4794089471,4857004031,4907335679,1208320,5125439487,2540805192.24,2227024928.41,3640090,10,10,10,0,0,0,0,0,0,5087231,6729727,7471103,4990643.20,200
1790738447,0,3640290,0,3484.75,200.05,25477119,3063939071,4794089471,4857004031,4907335679,1208320,5125439487,2540665890.48,2227043045.22,3640290,10,10,10,0,0,0,0,0,0,5246975,7802879,9256959,5311232.00,200
1790738448,0,3640490,0,3481.61,200.08,25477119,3063939071,4794089471,4857004031,4907335679,1208320,5125439487,2540526594.70,2227061161.79,3640490,10,10,10,0,0,0,0,0,0,5070847,7159807,7958527,5141386.24,200
1790738449,0,3640690,0,3478.48,200.05,25477119,3063939071,4794089471,4857004031,4907335679,1208320,5125439487,2540387311.56,2227079270.54,3640690,10,10,10,0,0,0,0,0,0,5038079,6782975,7512063,5092930.56,200
1790738450,0,3640890,0,3475.35,199.94,25477119,3063939071,4794089471,4857004031,4907335679,1208320,5125439487,2540248037.99,2227097374.97,3640890,10,10,10,0,0,0,0,0,0,4911103,6885375,7692287,4988549.12,200
1790738451,0,3641090,0,3472.22,199.94,25477119,3061841919,4794089471,4857004031,4907335679,1208320,5125439487,2540108786.14,2227115461.24,3641090,10,10,10,0,0,0,0,0,0,5095423,6959103,7462911,5105551.36,200
1790738452,0,3641290,0,3469.11,199.94,25477119,3061841919,4794089471,4857004031,4907335679,1208320,5125439487,2539969581.57,2227133500.34,3641290,10,10,10,0,0,0,0,0,0,5296127,7884799,15376383,5687664.64,200
1790738453,0,3641490,0,3466.00,200.11,25460735,3061841919,4794089471,4857004031,4907335679,1208320,5125439487,2539830362.15,2227151562.85,3641490,10,10,10,0,0,0,0,0,0,5148671,7053311,7856127,5138928.64,200
1790738454,0,3641690,0,3462.89,200.07,25460735,3061841919,4794089471,4857004031,4907335679,1208320,5125439487,2539691159.07,2227169613.34,3641690,10,10,10,0,0,0,0,0,0,4968447,7344127,9789439,5158108.16,200
1790738455,0,3641890,0,3459.79,199.98,25460735,3059744767,4794089471,4857004031,4907335679,1208320,5125439487,2539551961.89,2227187663.69,3641890,10,10,10,0,0,0,0,0,0,4923391,6877183,7479295,4987136.00,200
1790738456,0,3642090,0,3456.70,200.01,25460735,3059744767,4794089471,4857004031,4907335679,1208320,5125439487,2539412782.10,2227205700.82,3642090,10,10,10,0,0,0,0,0,0,4964351,6995967,7995391,5025208.32,200
1790738457,0,3642290,0,3453.61,199.99,25460735,3059744767,4794089471,4857004031,4907335679,1208320,5125439487,2539273627.53,2227223715.81,3642290,10,10,10,0,0,0,0,0,0,5136383,7196671,8675327,5206446.08,200
1790738458,0,3642490,0,3450.53,199.90,25460735,3055550463,4794089471,4857004031,4907335679,1208320,5125439487,2539134480.13,2227241729.23,3642490,10,10,10,0,0,0,0,0,0,4984831,7294975,8130559,5058570.24,200
1790738459,0,3642690,0,3447.45,200.03,25444351,3053453311,4794089471,4857004031,4907335679,1208320,5125439487,2538995353.77,2227259725.28,3642690,10,10,10,0,0,0,0,0,0,5054463,7041023,8609791,5163432.96,200
1790738460,0,3642890,0,3444.38,200.00,25444351,3053453311,4794089471,4857004031,4907335679,1208320,5125439487,2538856234.60,2227277719.71,3642890,10,10,10,0,0,0,0,0,0,4993023,7057407,7585791,5016202.24,200
1790738461,0,3643090,0,3441.31,199.92,25444351,3053453311,4794089471,4857004031,4907335679,1208320,5125439487,2538717141.74,2227295690.78,3643090,10,10,10,0,0,0,0,0,0,5165055,7090175,7532543,5217223.68,200
1790738462,0,3643290,0,3438.26,200.00,25444351,3053453311,4794089471,4857004031,4907335679,1208320,5125439487,2538578061.88,2227313653.63,3643290,10,10,10,0,0,0,0,0,0,5234687,7167999,7852031,5175828.48,200
1790738463,0,3643490,0,3435.20,200.02,25444351,3053453311,4794089471,4857004031,4907335679,1208320,5125439487,2538438996.89,2227331606.13,3643490,10,10,10,0,0,0,0,0,0,5173247,6938623,7585791,5168537.60,200
1790738464,0,3643690,0,3432.16,200.02,25444351,3053453311,4794089471,4857004031,4907335679,1208320,5125439487,2538299948.25,2227349546.61,3643690,10,10,10,0,0,0,0,0,0,5214207,7200767,7782399,5188285.44,200
1790738465,0,3643890,0,3429.11,200.06,25427967,3053453311,4794089471,4857004031,4907335679,1208320,5125439487,2538160914.70,2227367476.50,3643890,10,10,10,0,0,0,0,0,0,5218303,6979583,7569407,5185029.12,200
1790738466,0,3644090,0,3426.08,199.89,25427967,3053453311,4794089471,4857004031,4907335679,1208320,5125439487,2538021895.98,2227385396.08,3644090,10,10,10,0,0,0,0,0,0,5136383,7192575,7614463,5177272.32,200
1790738467,0,3644290,0,3423.05,200.06,25427967,3051356159,4794089471,4857004031,4907335679,1208320,5125439487,2537882888.91,2227403308.97,3644290,10,10,10,0,0,0,0,0,0,5152767,7081983,7786495,5111603.20,200
1790738468,0,3644490,0,3420.02,200.12,25427967,3051356159,4794089471,4857004031,4907335679,1208320,5125439487,2537743897.37,2227421210.77,3644490,10,10,10,0,0,0,0,0,0,5038079,7086079,7667711,5116544.00,200
1790738469,0,3644690,0,3417.00,199.92,25427967,3051356159,4794089471,4857004031,4907335679,1208320,5125439487,2537604906.50,2227439118.39,3644690,10,10,10,0,0,0,0,0,0,4833279,6791167,7360511,4850608.64,200
1790738470,0,3644890,0,3413.99,200.03,25427967,3051356159,4794089471,4857004031,4907335679,1208320,5125439487,2537465949.78,2227456993.73,3644890,10,10,10,0,0,0,0,0,0,5169151,7069695,7684095,5195105.28,200
1790738471,0,3645090,0,3410.98,199.88,25427967,3051356159,4794089471,4857004031,4907335679,1208320,5125439487,2537326997.70,2227474870.35,3645090,10,10,10,0,0,0,0,0,0,4976639,6782975,7385087,5001797.12,200
1790738472,0,3645290,0,3407.98,200.12,25411583,3051356159,4794089471,4857004031,4907335679,1208320,5125439487,2537188075.66,2227492719.40,3645290,10,10,10,0,0,0,0,0,0,5275647,7376895,8110079,5271377.92,200
1790738473,0,3645490,0,3404.99,200.04,25411583,3051356159,4794089471,4857004031,4907335679,1208320,5125439487,2537049160.38,2227510567.33,3645490,10,10,10,0,0,0,0,0,0,5013503,7725055,9142271,5116743.68,200
1790738474,0,3645690,0,3401.99,199.92,25411583,3049259007,4794089471,4857004031,4907335679,1208320,5125439487,2536910284.01,2227528377.58,3645690,10,10,10,0,0,0,0,0,0,5447679,7442431,8667135,5548277.76,200
1790738475,0,3645891,0,3399.01,201.11,25411583,3049259007,4794089471,4857004031,4907335679,1208320,5125439487,2536770720.70,2227546275.05,3645891,10,10,10,0,0,0,0,0,0,5324799,7585791,8216575,5404756.06,201
1790738476,0,3646090,0,3396.03,198.88,25411583,3049259007,4794089471,4857004031,4907335679,1208320,5125439487,2536632539.22,2227564008.75,3646090,10,10,10,0,0,0,0,0,0,4976639,7008255,7962623,5001288.04,199
1790738477,0,3646290,0,3393.06,200.09,25411583,3045064703,4794089471,4857004031,4907335679,1208320,5125439487,2536493687.05,2227581811.19,3646290,10,10,10,0,0,0,0,0,0,5144575,7114751,7524351,5156172.80,200
1790738478,0,3646490,0,3390.09,199.97,25395199,3042967551,4794089471,4857004031,4907335679,1208320,5125439487,2536354839.16,2227599615.33,3646490,10,10,10,0,0,0,0,0,0,4902911,7565311,8179711,4956446.72,200
1790738479,0,3646690,0,3387.12,199.93,25395199,3042967551,4794089471,4857004031,4907335679,1208320,5125439487,2536216031.09,2227617380.79,3646690,10,10,10,0,0,0,0,0,0,5316607,7675903,8343551,5404738.56,200
1790738480,0,3646890,0,3384.17,199.96,25395199,3042967551,4794089471,4857004031,4907335679,1208320,5125439487,2536077226.84,2227635148.45,3646890,10,10,10,0,0,0,0,0,0,5140479,7217151,8904703,5196963.84,200
1790738481,0,3647090,0,3381.22,200.10,25395199,3042967551,4794089471,4857004031,4907335679,1208320,5125439487,2535938453.48,2227652887.62,3647090,10,10,10,0,0,0,0,0,0,5193727,10412031,12673023,5482496.00,200
1790738482,0,3647290,0,3378.27,200.03,25395199,3042967551,4794089471,4857004031,4907335679,1208320,5125439487,2535799673.83,2227670640.46,3647290,10,10,10,0,0,0,0,0,0,5074943,7061503,7692287,5090268.16,200
1790738483,0,3654910,0,3382.19,7615.95,25427967,3015704575,4794089471,4857004031,4907335679,1208320,5125439487,2531055809.87,2227773614.29,3654910,10,10,10,0,0,0,0,0,0,276299775,447741951,457179135,260419644.88,7620
1790738484,0,3670270,0,3393.27,15360.24,25493503,2969567231,4794089471,4857004031,4907335679,1208320,5125439487,2523919414.61,2225874061.43,3670270,10,10,10,0,0,0,0,0,0,832045055,1117782015,1176502271,825815091.20,15360
1790738485,0,3687650,0,3406.19,17381.10,25559039,2912944127,4794089471,4857004031,4907335679,1208320,5125439487,2519560314.72,2221584937.20,3687650,10,10,10,0,0,0,0,0,0,1581252607,1934622719,1944059903,1599015232.04,17380
1790738486,0,3703010,0,3417.22,15356.15,25624575,2868903935,4794089471,4857004031,4907335679,1208320,5125439487,2518928162.49,2217030265.80,3703010,10,10,10,0,0,0,0,0,0,2315255807,2652897279,2661285887,2367160183.47,15360
1790738487,0,3718910,0,3428.73,15903.74,25690111,2894069759,4794089471,4857004031,4907335679,1208320,5125439487,2521255488.62,2212606791.12,3718910,10,10,10,0,0,0,0,0,0,3047161855,3330277375,3384803327,3063275105.76,15900
1790738488,0,3736290,0,3441.58,17374.70,25772031,2933915647,4794089471,4857004031,4907335679,1208320,5125439487,2527182417.12,2209205795.84,3736290,10,10,10,0,0,0,0,0,0,3781165055,4106223615,4118806527,3795405297.27,17380
1790738489,0,3752190,0,3453.04,15911.64,25837567,2982150143,4794089471,4857004031,4907335679,1208320,5125439487,2535473662.13,2208213617.02,3752190,10,10,10,0,0,0,0,0,0,4487905279,4752146431,4785700863,4483806732.75,15900
1790738490,0,3770110,0,3466.34,17914.26,25903103,3032481791,4794089471,4865392639,4932501503,1208320,5175771135,2547091578.40,2209368021.77,3770110,10,10,10,0,0,0,0,0,0,4978638847,5075107839,5091885055,4979715978.97,17920
1790738491,0,3788030,0,3479.62,17917.98,25985023,3080716287,4794089471,4865392639,4949278719,1208320,5175771135,2558421350.94,2210254585.10,3788030,10,10,10,0,0,0,0,0,0,4945084415,4999610367,5028970495,4942042375.31,17920
1790738492,0,3805410,0,3492.38,17384.21,26050559,3133145087,4794089471,4869586943,4949278719,1208320,5175771135,2569039379.10,2210767040.82,3805410,10,10,10,0,0,0,0,0,0,4882169855,4940890111,4945084415,4883274661.74,17380
1790738493,0,3821310,0,3503.75,15890.34,26116095,3172990975,4794089471,4869586943,4949278719,1208320,5175771135,2578495868.59,2211008874.68,3821310,10,10,10,0,0,0,0,0,0,4831838207,4886364159,4907335679,4841754967.14,15900
1790738494,0,3839230,0,3516.96,17930.25,26198015,3227516927,4794089471,4869586943,4949278719,1208320,5175771135,2589008662.29,2211179005.09,3839230,10,10,10,0,0,0,0,0,0,4831838207,4873781247,4886364159,4830785653.03,17920
1790738495,0,3857150,0,3530.14,17911.08,26263551,3265265663,4794089471,4869586943,4949278719,1208320,5175771135,2599429002.19,2211303609.69,3857150,10,10,10,0,0,0,0,0,0,4836032511,4877975551,4877975551,4831911233.83,17920
1790738496,0,3875070,0,3543.30,17924.10,26345471,3317694463,4794089471,4869586943,4949278719,1208320,5175771135,2609700181.29,2211325680.94,3875070,10,10,10,0,0,0,0,0,0,4815060991,4861198335,4877975551,4820496969.14,17920
1790738497,0,3892450,0,3555.94,17379.46,26411007,3363831807,4794089471,4869586943,4949278719,1208320,5175771135,2619423148.37,2211156160.29,3892450,10,10,10,0,0,0,0,0,0,4789895167,4852809727,4852809727,4787269987.40,17380
1790738498,0,3908350,0,3567.21,15895.85,26476543,3405774847,4794089471,4869586943,4949278719,1208320,5175771135,2628253962.11,2210976892.24,3908350,10,10,10,0,0,0,0,0,0,4794089471,4852809727,4852809727,4790109367.68,15900
1790738499,0,3926270,0,3580.30,17937.52,26542079,3464495103,4798283775,4869586943,4949278719,1208320,5175771135,2638154164.06,2210766771.49,3926270,10,10,10,0,0,0,0,0,0,4806672383,4852809727,4852809727,4797387103.09,17920
1790738500,0,3944190,0,3593.36,17905.54,26623999,3506438143,4798283775,4869586943,4949278719,1208320,5175771135,2647961104.18,2210511545.72,3944190,10,10,10,0,0,0,0,0,0,4794089471,4852809727,4852809727,4796660589.71,17920
1790738501,0,3962110,0,3606.40,17924.46,26705919,3554672639,4798283775,4869586943,4949278719,1208320,5175771135,2657672926.07,2210209516.90,3962110,10,10,10,0,0,0,0,0,0,4794089471,4852809727,4857004031,4795243841.83,17920
1790738502,0,3979490,0,3618.92,17373.09,26787839,3596615679,4798283775,4869586943,4949278719,1208320,5175771135,2667059608.17,2209927934.67,3979490,10,10,10,0,0,0,0,0,0,4810866687,4857004031,4861198335,4806936880.96,17380
1790738503,0,3997410,0,3631.92,17924.69,26869759,3651141631,4798283775,4869586943,4949278719,1208320,5175771135,2676664948.47,2209610949.41,3997410,10,10,10,0,0,0,0,0,0,4802478079,4861198335,4865392639,4809720510.17,17920
1790738504,0,4015330,0,3644.89,17928.83,26951679,3701473279,4798283775,4869586943,4949278719,1208320,5175771135,2686162238.29,2209234199.35,4015330,10,10,10,0,0,0,0,0,0,4798283775,4857004031,4857004031,4804720347.43,17920
1790738505,0,4031230,0,3656.00,15892.60,27033599,3743416319,4798283775,4869586943,4949278719,1208320,5175771135,2694613919.94,2208960619.49,4031230,10,10,10,0,0,0,0,0,0,4819255295,4873781247,4873781247,4828971836.47,15900
1790738506,0,4049150,0,3668.93,17922.95,27115519,3791650815,4798283775,4869586943,4949278719,1208320,5175771135,2704002836.31,2208562068.28,4049150,10,10,10,0,0,0,0,0,0,4815060991,4861198335,4869586943,4816105589.03,17920
1790738507,0,4066530,0,3681.34,17374.39,27213823,3837788159,4798283775,4869586943,4949278719,1208320,5175771135,2712980096.99,2208093956.97,4066530,10,10,10,0,0,0,0,0,0,4798283775,4857004031,4861198335,4804480389.57,17380
1790738508,0,4082430,0,3692.39,15906.08,27279359,3888119807,4798283775,4869586943,4949278719,1208320,5175771135,2721121975.75,2207634102.41,4082430,10,10,10,0,0,0,0,0,0,4794089471,4857004031,4861198335,4803461235.41,15900
1790738509,0,4100350,0,3705.25,17918.23,27377663,3936354303,4802478079,4869586943,4949278719,1208320,5175771135,2730353437.65,2207207664.43,4100350,10,10,10,0,0,0,0,0,0,4844421119,4873781247,4877975551,4833411306.06,17920
1790738510,0,4118270,0,3718.08,17922.02,27475967,3980394495,4802478079,4869586943,4949278719,1208320,5175771135,2739461987.28,2206706304.15,4118270,10,10,10,0,0,0,0,0,0,4819255295,4861198335,4865392639,4823627249.37,17920
1790738511,0,4136190,0,3730.89,17917.90,27557887,4034920447,4802478079,4869586943,4949278719,1208320,5175771135,2748445406.33,2206128954.20,4136190,10,10,10,0,0,0,0,0,0,4806672383,4857004031,4861198335,4812962435.66,17920
1790738512,0,4153570,0,3743.19,17388.98,27639807,4083154943,4802478079,4869586943,4949278719,1208320,5175771135,2757027920.30,2205487096.62,4153570,10,10,10,0,0,0,0,0,0,4794089471,4852809727,4852809727,4799542791.19,17380
1790738513,0,4171490,0,3755.96,17910.72,27738111,4123000831,4802478079,4869586943,4949278719,1208320,5175771135,2765812965.54,2204806055.25,4171490,10,10,10,0,0,0,0,0,0,4789895167,4857004031,4861198335,4802046244.57,17920
1790738514,0,4189410,0,3768.70,17920.01,27820031,4169138175,4802478079,4869586943,4949278719,1208320,5175771135,2774463510.32,2204041792.45,4189410,10,10,10,0,0,0,0,0,0,4781506559,4848615423,4852809727,4788172273.37,17920
1790738515,0,4205310,0,3779.60,15901.90,27901951,4221566975,4802478079,4869586943,4949278719,1208320,5175771135,2782090401.09,2203353052.40,4205310,10,10,10,0,0,0,0,0,0,4789895167,4848615423,4852809727,4791660996.36,15900
1790738516,0,4223230,0,3792.30,17915.52,28000255,4267704319,4802478079,4869586943,4949278719,1208320,5175771135,2790646059.47,2202577597.11,4223230,10,10,10,0,0,0,0,0,0,4794089471,4861198335,4865392639,4798413677.71,17920
1790738517,0,4240610,0,3804.49,17382.61,28098559,4311744511,4802478079,4869586943,4949278719,1208320,5175771135,2798964582.55,2201881722.90,4240610,10,10,10,0,0,0,0,0,0,4823449599,4869586943,4869586943,4820313042.52,17380
1790738518,0,4258530,0,3817.14,17927.93,28196863,4362076159,4802478079,4869586943,4949278719,1208320,5175771135,2807418360.77,2201090144.26,4258530,10,10,10,0,0,0,0,0,0,4810866687,4861198335,4865392639,4807930441.14,17920
1790738519,0,4274430,0,3827.96,15892.69,28278783,4404019199,4802478079,4869586943,4949278719,1208320,5175771135,2814880987.21,2200385278.45,4274430,10,10,10,0,0,0,0,0,0,4806672383,4861198335,4869586943,4813611714.88,15900
1790738520,0,4292350,0,3840.57,17921.93,28377087,4454350847,4802478079,4869586943,4949278719,1208320,5175771135,2823196904.37,2199541242.77,4292350,10,10,10,0,0,0,0,0,0,4798283775,4861198335,4873781247,4806779816.23,17920
1790738521,0,4309730,0,3852.67,17371.70,28459007,4504682495,4806672383,4869586943,4949278719,1208320,5175771135,2831381629.09,2198867341.42,4309730,10,10,10,0,0,0,0,0,0,4848615423,4886364159,4928307199,4852768460.68,17380
1790738522,0,4325630,0,3863.43,15898.83,28557311,4538236927,4806672383,4869586943,4945084415,1208320,5175771135,2838827575.00,2198243861.11,4325630,10,10,10,0,0,0,0,0,0,4844421119,4936695807,4936695807,4857067606.04,15900
1790738523,0,4343550,0,3875.98,17933.17,28655615,4588568575,4806672383,4869586943,4945084415,1208320,5175771135,2847174411.44,2197534958.60,4343550,10,10,10,0,0,0,0,0,0,4857004031,4936695807,4940890111,4861980554.97,17920
1790738524,0,4361470,0,3888.50,17914.36,28753919,4643094527,4806672383,4869586943,4945084415,1208320,5175771135,2855451103.45,2196798895.91,4361470,10,10,10,0,0,0,0,0,0,4857004031,4936695807,4945084415,4861602084.57,17920
1790738525,0,4378850,0,3900.52,17379.60,28852223,4676648959,4806672383,4869586943,4945084415,1208320,5175771135,2863416108.35,2196063280.91,4378850,10,10,10,0,0,0,0,0,0,4852809727,4936695807,4945084415,4862215297.86,17380
1790738526,0,4396770,0,3913.00,17925.62,28950527,4726980607,4806672383,4869586943,4945084415,1208320,5175771135,2871365200.06,2195104409.55,4396770,10,10,10,0,0,0,0,0,0,4806672383,4886364159,4911529983,4813769230.63,17920
1790738527,0,4414690,0,3925.45,17913.52,29065215,4739563519,4806672383,4869586943,4945084415,1208320,5175771135,2879156857.63,2194043170.85,4414690,10,10,10,0,0,0,0,0,0,4802478079,4852809727,4857004031,4790882655.09,17920
1790738528,0,4432610,0,3937.88,17920.75,29163519,4739563519,4806672383,4869586943,4945084415,1208320,5175771135,2886823475.44,2192909762.54,4432610,10,10,10,0,0,0,0,0,0,4789895167,4852809727,4857004031,4775536698.51,17920
1790738529,0,4448510,0,3948.50,15900.43,29261823,4743757823,4806672383,4869586943,4945084415,1208320,5175771135,2893517832.27,2191840828.38,4448510,10,10,10,0,0,0,0,0,0,4773117951,4844421119,4844421119,4759773998.05,15900
1790738530,0,4466430,0,3960.89,17920.65,29360127,4747952127,4806672383,4869586943,4945084415,1208320,5175771135,2901026174.89,2190638194.51,4466430,10,10,10,0,0,0,0,0,0,4777312255,4840226815,4848615423,4764917760.00,17920
1790738531,0,4483810,0,3972.78,17374.74,29458431,4752146431,4806672383,4869586943,4945084415,1208320,5175771135,2908416320.93,2189596204.09,4483810,10,10,10,0,0,0,0,0,0,4810866687,4852809727,4857004031,4807586056.90,17380
1790738532,0,4501730,0,3985.13,17926.63,29573119,4756340735,4806672383,4869586943,4945084415,1208320,5175771135,2916006979.38,2188530880.28,4501730,10,10,10,0,0,0,0,0,0,4810866687,4865392639,4865392639,4815285452.80,17920
1790738533,0,4517630,0,3995.66,15899.52,29671423,4760535039,4806672383,4869586943,4945084415,1208320,5175771135,2922690456.82,2187569612.30,4517630,10,10,10,0,0,0,0,0,0,4815060991,4861198335,4873781247,4814967873.18,15900
1790738534,0,4535010,0,4007.49,17372.51,29786111,4764729343,4806672383,4869586943,4945084415,1208320,5175771135,2930080629.37,2186622680.84,4535010,10,10,10,0,0,0,0,0,0,4852809727,4882169855,4903141375,4851027993.45,17380
1790738535,0,4553470,0,4020.25,18469.43,29900799,4764729343,4810866687,4869586943,4945084415,1208320,5175771135,2937896002.26,2185621645.80,4553470,10,10,10,0,0,0,0,0,0,4852809727,4903141375,4911529983,4857874020.62,18460
1790738536,0,4570850,0,4032.04,17382.63,30015487,4764729343,4810866687,4869586943,4945084415,1208320,5175771135,2945147465.61,2184618237.26,4570850,10,10,10,0,0,0,0,0,0,4848615423,4890558463,4907335679,4844993311.87,17380
1790738537,0,4586750,0,4042.49,15888.66,30113791,4764729343,4810866687,4869586943,4945084415,1208320,5175771135,2951779312.27,2183725735.13,4586750,10,10,10,0,0,0,0,0,0,4852809727,4907335679,4919918591,4858268390.43,15900
1790738538,0,4604670,0,4054.72,17921.96,30244863,4764729343,4810866687,4869586943,4945084415,1208320,5175771135,2959256451.54,2182753478.40,4604670,10,10,10,0,0,0,0,0,0,4865392639,4936695807,4949278719,4873082821.49,17920
1790738539,0,4622590,0,4066.92,17933.87,30375935,4764729343,4810866687,4869586943,4945084415,1208320,5175771135,2966533938.06,2181640226.61,4622590,10,10,10,0,0,0,0,0,0,4831838207,4877975551,4898947071,4836535266.74,17920
1790738540,0,4639970,0,4078.62,17370.85,30507007,4764729343,4810866687,4869586943,4945084415,1208320,5175771135,2973542923.98,2180549086.41,4639970,10,10,10,0,0,0,0,0,0,4827643903,4877975551,4890558463,4837735573.18,17380
1790738541,0,4655870,0,4089.00,15901.00,30621695,4768923647,4815060991,4869586943,4945084415,1208320,5175771135,2979889667.54,2179521562.30,4655870,10,10,10,0,0,0,0,0,0,4815060991,4877975551,4877975551,4832009145.67,15900
1790738542,0,4673790,0,4101.14,17925.34,30752767,4768923647,4815060991,4869586943,4945084415,1208320,5175771135,2986945006.48,2178310463.00,4673790,10,10,10,0,0,0,0,0,0,4810866687,4869586943,4877975551,4820022067.20,17920
1790738543,0,4691710,0,4113.25,17910.23,30883839,4768923647,4815060991,4869586943,4945084415,1208320,5175771135,2993819080.47,2176980248.68,4691710,10,10,10,0,0,0,0,0,0,4785700863,4857004031,4857004031,4786675009.83,17920
1790738544,0,4709630,0,4125.35,17930.86,31014911,4768923647,4815060991,4869586943,4945084415,1208320,5175771135,3000697493.87,2175684389.85,4709630,10,10,10,0,0,0,0,0,0,4802478079,4861198335,4865392639,4801563618.74,17920
1790738545,0,4727010,0,4136.95,17383.45,31145983,4768923647,4815060991,4869586943,4945084415,1208320,5175771135,3007296785.64,2174397604.12,4727010,10,10,10,0,0,0,0,0,0,4802478079,4857004031,4861198335,4795571958.16,17380
1790738546,0,4744930,0,4149.00,17918.44,31293439,4773117951,4815060991,4869586943,4945084415,1208320,5175771135,3014098649.52,2173098446.30,4744930,10,10,10,0,0,0,0,0,0,4806672383,4865392639,4865392639,4808321784.69,17920
1790738547,0,4760830,0,4159.26,15886.75,31424511,4773117951,4815060991,4869586943,4945084415,1208320,5175771135,3020085532.18,2171931461.33,4760830,10,10,10,0,0,0,0,0,0,4802478079,4865392639,4865392639,4806710633.94,15900
1790738548,0,4764540,0,4158.87,3712.12,31457279,4773117951,4815060991,4869586943,4945084415,1208320,5175771135,3020852937.03,2171684337.74,4764540,10,10,10,0,0,0,0,0,0,4848615423,4882169855,4882169855,4005619529.28,3710
1790738549,0,4764740,0,4155.42,200.01,31457279,4773117951,4815060991,4869586943,4945084415,1208320,5175771135,3020726655.67,2171726225.89,4764740,10,10,10,0,0,0,0,0,0,11984895,17022975,17465343,12363683.84,200
1790738550,0,4764940,0,4151.97,199.90,31440895,4773117951,4815060991,4869586943,4945084415,1208320,5175771135,3020600432.62,2171768036.31,4764940,10,10,10,0,0,0,0,0,0,13852671,17465343,18038783,13500405.76,200
1790738551,0,4765140,0,4148.53,200.05,31440895,4773117951,4815060991,4869586943,4945084415,1208320,5175771135,3020474204.22,2171809857.17,4765140,10,10,10,0,0,0,0,0,0,14114815,16908287,17481727,13120296.96,200
1790738552,0,4765340,0,4145.10,199.96,31440895,4773117951,4815060991,4869586943,4945084415,1208320,5175771135,3020347941.69,2171851728.45,4765340,10,10,10,0,0,0,0,0,0,11649023,17842175,27918335,12054794.24,200
1790738553,0,4765540,0,4141.67,200.11,31424511,4773117951,4815060991,4869586943,4945084415,1208320,5175771135,3020221702.95,2171893569.67,4765540,10,10,10,0,0,0,0,0,0,12517375,17481727,20611071,12369182.72,200
1790738554,0,4765740,0,4138.24,199.90,31424511,4773117951,4815060991,4869586943,4945084415,1208320,5175771135,3020095503.60,2171935359.34,4765740,10,10,10,0,0,0,0,0,0,12828671,17203199,18251775,13055303.68,200
1790738555,0,4765940,0,4134.83,200.01,31424511,4773117951,4815060991,4869586943,4945084415,1208320,5175771135,3019969265.97,2171977205.08,4765940,10,10,10,0,0,0,0,0,0,12083199,16367615,17022975,11890462.72,200
1790738556,0,4766140,0,4131.42,200.07,31408127,4773117951,4815060991,4869586943,4945084415,1208320,5175771135,3019843106.07,2172018946.17,4766140,10,10,10,0,0,0,0,0,0,13811711,17514495,18071551,13490616.32,200
1790738557,0,4766340,0,4128.01,200.01,31408127,4773117951,4815060991,4869586943,4945084415,1208320,5175771135,3019716924.64,2172060720.19,4766340,10,10,10,0,0,0,0,0,0,13164543,18219007,21807103,12725073.92,200
1790738558,0,4766540,0,4124.61,199.95,31408127,4773117951,4815060991,4869586943,4945084415,1208320,5175771135,3019590678.28,2172102587.16,4766540,10,10,10,0,0,0,0,0,0,9748479,19333119,23265279,10925411.84,200
1790738559,0,4766740,0,4121.22,199.93,31408127,4773117951,4815060991,4869586943,4945084415,1208320,5175771135,3019464495.09,2172144369.58,4766740,10,10,10,0,0,0,0,0,0,12615679,16793599,17645567,12178452.48,200
1790738560,0,4766940,0,4117.83,200.06,31391743,4773117951,4815060991,4869586943,4945084415,1208320,5175771135,3019338330.48,2172186129.31,4766940,10,10,10,0,0,0,0,0,0,12238847,17186815,17629183,12368645.12,200
1790738561,0,4767140,0,4114.45,200.10,31391743,4773117951,4815060991,4869586943,4945084415,1208320,5175771135,3019212161.05,2172227898.71,4767140,10,10,10,0,0,0,0,0,0,11771903,16908287,17661951,12001679.36,200
1790738562,0,4767340,0,4111.08,199.91,31391743,4773117951,4815060991,4869586943,4945084415,1208320,5175771135,3019086007.96,2172269648.51,4767340,10,10,10,0,0,0,0,0,0,12009471,16752639,17350655,12138874.88,200
1790738563,0,4767540,0,4107.71,200.00,31375359,4773117951,4815060991,4869586943,4945084415,1208320,5175771135,3018959902.99,2172311334.71,4767540,10,10,10,0,0,0,0,0,0,13697023,16891903,17547263,13033605.12,200
1790738564,0,4767740,0,4104.34,200.02,31375359,4773117951,4815060991,4869586943,4945084415,1208320,5175771135,3018833791.68,2172353032.73,4767740,10,10,10,0,0,0,0,0,0,12410879,17154047,17514495,12630292.48,200
1790738565,0,4767940,0,4100.98,199.97,31375359,4773117951,4815060991,4869586943,4945084415,1208320,5175771135,3018707661.72,2172394759.63,4767940,10,10,10,0,0,0,0,0,0,11542527,17793023,21086207,11933317.12,200
1790738566,0,4768140,0,4097.63,199.96,31358975,4773117951,4815060991,4869586943,4945084415,1208320,5175771135,3018581507.27,2172436523.42,4768140,10,10,10,0,0,0,0,0,0,11395071,17039359,18137087,11097205.76,200
1790738567,0,4768340,0,4094.29,200.11,31358975,4773117951,4815060991,4869586943,4945084415,1208320,5175771135,3018455401.61,2172478222.72,4768340,10,10,10,0,0,0,0,0,0,12664831,16465919,17203199,12008125.44,200
1790738568,0,4768540,0,4090.95,200.03,31358975,4773117951,4815060991,4869586943,4945084415,1208320,5175771135,3018329305.51,2172519911.75,4768540,10,10,10,0,0,0,0,0,0,11714559,16793599,17596415,11983974.40,200
1790738569,0,4768740,0,4087.61,199.97,31342591,4773117951,4815060991,4869586943,4945084415,1208320,5175771135,3018203234.29,2172561569.43,4768740,10,10,10,0,0,0,0,0,0,12189695,17186815,18677759,12324981.76,200
1790738570,0,4768940,0,4084.28,199.97,31342591,4773117951,4815060991,4869586943,4945084415,1208320,5175771135,3018077169.32,2172603221.47,4768940,10,10,10,0,0,0,0,0,0,12001279,17039359,19890175,12221890.56,200
1790738571,0,4769140,0,4080.96,199.96,31342591,4773117951,4815060991,4869586943,4945084415,1208320,5175771135,3017951070.97,2172644922.77,4769140,10,10,10,0,0,0,0,0,0,11247615,17170431,17661951,11173596.16,200
1790738572,0,4769340,0,4077.64,200.13,31342591,4773117951,4815060991,4869586943,4945084415,1208320,5175771135,3017825024.67,2172686555.01,4769340,10,10,10,0,0,0,0,0,0,12173311,16629759,17383423,12162918.40,200
1790738573,0,4769540,0,4074.32,199.82,31326207,4773117951,4815060991,4869586943,4945084415,1208320,5175771135,3017698996.48,2172728165.24,4769540,10,10,10,0,0,0,0,0,0,13262847,16670719,17350655,12342415.36,200
1790738574,0,4769740,0,4071.02,200.04,31326207,4773117951,4815060991,4869586943,4945084415,1208320,5175771135,3017572957.50,2172769793.42,4769740,10,10,10,0,0,0,0,0,0,11894783,16711679,17301503,11833190.40,200
1790738575,0,4769940,0,4067.72,199.98,31326207,4773117951,4815060991,4869586943,4945084415,1208320,5175771135,3017446983.12,2172811335.25,4769940,10,10,10,0,0,0,0,0,0,14032895,17104895,18071551,13121843.20,200
1790738576,0,4770140,0,4064.42,199.99,31326207,4773117951,4815060991,4869586943,4945084415,1208320,5175771135,3017320948.45,2172852963.55,4770140,10,10,10,0,0,0,0,0,0,11468799,17170431,17727487,11431915.52,200
1790738577,0,4770340,0,4061.13,200.11,31309823,4773117951,4815060991,4869586943,4945084415,1208320,5175771135,3017195004.37,2172894469.53,4770340,10,10,10,0,0,0,0,0,0,13451263,17563647,19988479,13340538.88,200
1790738578,0,4770540,0,4057.85,199.92,31309823,4773117951,4815060991,4869586943,4945084415,1208320,5175771135,3017069005.35,2172936054.54,4770540,10,10,10,0,0,0,0,0,0,11706367,16809983,17383423,11778181.12,200
1790738579,0,4770740,0,4054.57,200.01,31309823,4773117951,4815060991,4869586943,4945084415,1208320,5175771135,3016943016.89,2172977628.03,4770740,10,10,10,0,0,0,0,0,0,12050431,17842175,20578303,11777981.44,200
1790738580,0,4770940,0,4051.29,199.94,31293439,4773117951,4815060991,4869586943,4945084415,1208320,5175771135,3016817027.76,2173019205.38,4770940,10,10,10,0,0,0,0,0,0,11395071,16187391,17186815,11510108.16,200
1790738581,0,4771140,0,4048.03,200.08,31293439,4773117951,4815060991,4869586943,4945084415,1208320,5175771135,3016691049.12,2173060771.35,4771140,10,10,10,0,0,0,0,0,0,11091967,17678335,22200319,11508387.84,200
1790738582,0,4771340,0,4044.77,199.99,31293439,4773117951,4815060991,4869586943,4945084415,1208320,5175771135,3016565127.19,2173102261.82,4771340,10,10,10,0,0,0,0,0,0,12304383,16769023,17137663,12609361.92,200
1790738583,0,4771540,0,4041.51,199.98,31277055,4773117951,4815060991,4869586943,4945084415,1208320,5175771135,3016439214.18,2173143742.99,4771540,10,10,10,0,0,0,0,0,0,12378111,17104895,17727487,12570419.20,200
1790738584,0,4771740,0,4038.26,200.09,31277055,4773117951,4815060991,4869586943,4945084415,1208320,5175771135,3016313285.78,2173185248.46,4771740,10,10,10,0,0,0,0,0,0,12173311,16252927,17022975,11951206.40,200
1790738585,0,4771940,0,4035.01,199.94,31277055,4773117951,4815060991,4869586943,4945084415,1208320,5175771135,3016187385.06,2173226718.74,4771940,10,10,10,0,0,0,0,0,0,12468223,17252351,17809407,12359854.08,200
1790738586,0,4772140,0,4031.77,200.10,31260671,4773117951,4815060991,4869586943,4945084415,1208320,5175771135,3016061466.08,2173268217.26,4772140,10,10,10,0,0,0,0,0,0,11698175,16859135,17563647,11672483.84,200
1790738587,0,4772340,0,4028.54,199.95,31260671,4773117951,4815060991,4869586943,4945084415,1208320,5175771135,3015935595.14,2173309652.40,4772340,10,10,10,0,0,0,0,0,0,12328959,16908287,17498111,12566773.76,200
1790738588,0,4772540,0,4025.31,200.01,31260671,4773117951,4815060991,4869586943,4945084415,1208320,5175771135,3015809693.79,2173351132.59,4772540,10,10,10,0,0,0,0,0,0,11649023,16629759,17383423,11589616.64,200
1790738589,0,4772740,0,4022.09,200.00,31244287,4773117951,4815060991,4869586943,4945084415,1208320,5175771135,3015683698.19,2173392746.13,4772740,10,10,10,0,0,0,0,0,0,8888319,14852095,16662527,9088343.04,200
1790738590,0,4772940,0,4018.87,199.98,31244287,4773117951,4815060991,4869586943,4945084415,1208320,5175771135,3015557885.73,2173434109.48,4772940,10,10,10,0,0,0,0,0,0,12820479,16752639,17432575,13207019.52,200
1790738591,0,4773140,0,4015.66,200.01,31244287,4773117951,4815060991,4869586943,4945084415,1208320,5175771135,3015431998.03,2173475579.91,4773140,10,10,10,0,0,0,0,0,0,10592255,17055743,18366463,11159987.20,200
1790738592,0,4773340,0,4012.45,199.91,31244287,4773117951,4815060991,4869586943,4945084415,1208320,5175771135,3015306169.19,2173516971.98,4773340,10,10,10,0,0,0,0,0,0,12541951,16556031,17170431,12312821.76,200
1790738593,0,4773540,0,4009.24,199.96,31227903,4773117951,4815060991,4869586943,4945084415,1208320,5175771135,3015180374.58,2173558319.77,4773540,10,10,10,0,0,0,0,0,0,12763135,16556031,17235967,12878141.44,200
1790738594,0,4773740,0,4006.05,200.15,31227903,4773117951,4815060991,4869586943,4945084415,1208320,5175771135,3015054564.96,2173599691.35,4773740,10,10,10,0,0,0,0,0,0,12378111,16228351,16719871,12268129.28,200
1790738595,0,4773940,0,4002.86,199.90,31227903,4773117951,4815060991,4869586943,4945084415,1208320,5175771135,3014928768.85,2173641047.25,4773940,10,10,10,0,0,0,0,0,0,12115967,16383999,17219583,12339281.92,200
1790738596,0,4774140,0,3999.67,200.00,31211519,4773117951,4815060991,4869586943,4945084415,1208320,5175771135,3014803005.93,2173682360.40,4774140,10,10,10,0,0,0,0,0,0,12828671,18104319,19660799,12879810.56,200
1790738597,0,4774340,0,3996.49,200.04,31211519,4773117951,4815060991,4869586943,4945084415,1208320,5175771135,3014677224.25,2173723702.47,4774340,10,10,10,0,0,0,0,0,0,12148735,16465919,17350655,12180449.28,200
1790738598,0,4774540,0,3993.32,199.97,31211519,4773117951,4815060991,4869586943,4945084415,1208320,5175771135,3014551481.82,2173764993.35,4774540,10,10,10,0,0,0,0,0,0,13082623,16990207,17907711,12866048.00,200
1790738599,0,4774740,0,3990.15,200.06,31195135,4773117951,4815060991,4869586943,4945084415,1208320,5175771135,3014425734.96,2173806293.38,4774740,10,10,10,0,0,0,0,0,0,12550143,16596991,17088511,12508610.56,200
1790738600,0,4774940,0,3986.98,200.05,31195135,4773117951,4815060991,4869586943,4945084415,1208320,5175771135,3014299939.99,2173847662.91,4774940,10,10,10,0,0,0,0,0,0,11403263,16793599,17727487,11108480.00,200
1790738601,0,4775140,0,3983.82,199.95,31195135,4773117951,4815060991,4869586943,4945084415,1208320,5175771135,3014174141.90,2173889039.85,4775140,10,10,10,0,0,0,0,0,0,10682367,17596415,19808255,10782487.04,200
1790738602,0,4775340,0,3980.67,200.07,31195135,4773117951,4815060991,4869586943,4945084415,1208320,5175771135,3014048439.18,2173930288.02,4775340,10,10,10,0,0,0,0,0,0,12894207,17350655,18055167,12808161.28,200
1790738603,0,4786310,0,3986.49,10966.26,31244287,4768923647,4815060991,4869586943,4945084415,1208320,5175771135,3007591475.87,2175623270.11,4786310,10,10,10,0,0,0,0,0,0,176422911,380108799,450887679,196817074.85,10970
1790738604,0,4801670,0,3995.95,15359.70,31375359,4768923647,4815060991,4869586943,4945084415,1208320,5175771135,3000793610.81,2175489701.17,4801670,10,10,10,0,0,0,0,0,0,865599487,1250951167,1269825535,882519552.00,15360
1790738605,0,4817030,0,4005.40,15354.58,31506431,4768923647,4815060991,4869586943,4945084415,1208320,5175771135,2996597880.85,2173324461.34,4817030,10,10,10,0,0,0,0,0,0,1661992959,2037383167,2060451839,1684976093.87,15360
1790738606,0,4832794,0,4015.17,15774.95,31653887,4768923647,4815060991,4869586943,4940890111,1208320,5175771135,2994904066.11,2170011871.93,4832794,10,10,10,0,0,0,0,0,0,2516582399,2805989375,2908749823,2477322461.38,15764
1790738607,0,4849770,0,4025.93,16964.35,31817727,4768923647,4810866687,4869586943,4940890111,1208320,5175771135,2995936446.02,2166333763.31,4849770,10,10,10,0,0,0,0,0,0,3307208703,3686793215,3697278975,3289838390.29,16976
1790738608,0,4865670,0,4035.78,15896.92,31965183,4764729343,4810866687,4869586943,4940890111,1208320,5175771135,2999446601.19,2163692141.17,4865670,10,10,10,0,0,0,0,0,0,4060086271,4362076159,4416602111,4070103536.16,15900
1790738609,0,4883590,0,4047.29,17933.34,32145407,4764729343,4810866687,4869586943,4949278719,1208320,5213519871,3006173640.59,2162602272.34,4883590,10,10,10,0,0,0,0,0,0,4861198335,5125439487,5175771135,4832711241.14,17920
1790738610,0,4901510,0,4058.77,17907.32,32292863,4768923647,4815060991,4873781247,4961861631,1208320,5301600255,3013655108.92,2162177294.68,4901510,10,10,10,0,0,0,0,0,0,5049942015,5125439487,5146411007,5052518048.91,17920
1790738611,0,4918890,0,4069.80,17387.63,32456703,4768923647,4815060991,4873781247,4978638847,1208320,5301600255,3020576313.29,2161482251.66,4918890,10,10,10,0,0,0,0,0,0,4970250239,5024776191,5041553407,4972495326.89,17380
1790738612,0,4936810,0,4081.25,17925.35,32604159,4768923647,4815060991,4873781247,4978638847,1208320,5301600255,3027388400.15,2160506777.63,4936810,10,10,10,0,0,0,0,0,0,4898947071,4970250239,4970250239,4897249221.49,17920
1790738613,0,4952710,0,4091.01,15895.71,32751615,4768923647,4815060991,4877975551,4978638847,1208320,5301600255,3033267616.79,2159522809.39,4952710,10,10,10,0,0,0,0,0,0,4861198335,4903141375,4903141375,4858712617.35,15900
1790738614,0,4970630,0,4102.42,17914.50,32915455,4773117951,4815060991,4877975551,4978638847,1208320,5301600255,3039814362.65,2158372894.05,4970630,10,10,10,0,0,0,0,0,0,4852809727,4890558463,4894752767,4849196821.94,17920
1790738615,0,4988010,0,4113.37,17379.23,33079295,4773117951,4815060991,4877975551,4978638847,1208320,5301600255,3046086337.97,2157219138.46,4988010,10,10,10,0,0,0,0,0,0,4840226815,4886364159,4894752767,4839853238.18,17380
1790738616,0,5005930,0,4124.75,17917.06,33243135,4773117951,4815060991,4877975551,4978638847,1208320,5301600255,3052474644.80,2155991051.12,5005930,10,10,10,0,0,0,0,0,0,4827643903,4869586943,4869586943,4830652006.40,17920
1790738617,0,5023850,0,4136.11,17927.96,33423359,4773117951,4815060991,4877975551,4978638847,1208320,5301600255,3058755334.47,2154701929.16,5023850,10,10,10,0,0,0,0,0,0,4815060991,4865392639,4865392639,4813258283.89,17920
1790738618,0,5039750,0,4145.78,15905.86,33619967,4773117951,4815060991,4877975551,4978638847,1208320,5301600255,3064340634.21,2153590392.67,5039750,10,10,10,0,0,0,0,0,0,4823449599,4869586943,4869586943,4829102150.07,15900
1790738619,0,5057670,0,4157.11,17920.39,33816575,4773117951,4819255295,4877975551,4978638847,1208320,5301600255,3070658729.96,2152381640.75,5057670,10,10,10,0,0,0,0,0,0,4844421119,4894752767,4903141375,4847535016.23,17920
1790738620,0,5073030,0,4166.30,15352.40,33980415,4777312255,4819255295,4877975551,4978638847,1208320,5301600255,3076055002.83,2151350700.95,5073030,10,10,10,0,0,0,0,0,0,4848615423,4915724287,4915724287,4852914858.67,15360
1790738621,0,5090950,0,4177.59,17916.27,34209791,4777312255,4819255295,4877975551,4978638847,1208320,5301600255,3082305126.00,2150134676.93,5090950,10,10,10,0,0,0,0,0,0,4852809727,4903141375,4915724287,4851672444.34,17920
1790738622,0,5108870,0,4188.86,17922.40,34406399,4777312255,4819255295,4877975551,4978638847,1208320,5301600255,3088536250.09,2148928964.91,5108870,10,10,10,0,0,0,0,0,0,4861198335,4919918591,4919918591,4858756183.77,17920
1790738623,0,5126790,0,4200.11,17926.72,34603007,4777312255,4819255295,4877975551,4978638847,1208320,5301600255,3094734387.40,2147721727.16,5126790,10,10,10,0,0,0,0,0,0,4857004031,4911529983,4940890111,4861781138.29,17920
1790738624,0,5144170,0,4210.90,17382.40,34766847,4777312255,4819255295,4877975551,4978638847,1208320,5301600255,3100615607.71,2146469250.99,5144170,10,10,10,0,0,0,0,0,0,4836032511,4873781247,4911529983,4835470697.29,17380
1790738625,0,5160070,0,4220.46,15899.52,34930687,4777312255,4819255295,4877975551,4978638847,1208320,5301600255,3105910251.76,2145275076.74,5160070,10,10,10,0,0,0,0,0,0,4815060991,4865392639,4869586943,4818900758.61,15900
1790738626,0,5177990,0,4231.65,17917.87,35127295,4777312255,4819255295,4877975551,4978638847,1208320,5301600255,3111910812.83,2143979305.84,5177990,10,10,10,0,0,0,0,0,0,4836032511,4877975551,4882169855,4839774383.54,17920
1790738627,0,5195910,0,4242.83,17919.53,35291135,4777312255,4819255295,4877975551,4978638847,1208320,5301600255,3117729200.79,2142564038.06,5195910,10,10,10,0,0,0,0,0,0,4794089471,4852809727,4877975551,4798954349.71,17920
1790738628,0,5213830,0,4253.99,17919.17,35454975,4777312255,4819255295,4877975551,4978638847,1208320,5301600255,3123406156.56,2141062984.84,5213830,10,10,10,0,0,0,0,0,0,4768923647,4831838207,4836032511,4769441382.40,17920
1790738629,0,5231750,0,4265.13,17914.76,35651583,4777312255,4819255295,4877975551,4978638847,1208320,5301600255,3129103369.62,2139601553.88,5231750,10,10,10,0,0,0,0,0,0,4777312255,4827643903,4831838207,4786709416.23,17920
1790738630,0,5249670,0,4276.25,17922.07,35815423,4777312255,4819255295,4877975551,4978638847,1208320,5301600255,3134660492.71,2138057489.45,5249670,10,10,10,0,0,0,0,0,0,4752146431,4823449599,4836032511,4757064440.69,17920
1790738631,0,5267050,0,4286.92,17389.03,35979263,4777312255,4819255295,4877975551,4978638847,1208320,5301600255,3140024945.93,2136562746.60,5267050,10,10,10,0,0,0,0,0,0,4760535039,4815060991,4819255295,4760370694.72,17380
1790738632,0,5282950,0,4296.36,15896.16,36110335,4777312255,4819255295,4877975551,4974444543,1208320,5301600255,3144948047.48,2135226849.64,5282950,10,10,10,0,0,0,0,0,0,4768923647,4831838207,4840226815,4775779620.39,15900
1790738633,0,5300870,0,4307.44,17923.21,36306943,4777312255,4819255295,4877975551,4974444543,1208320,5301600255,3150597962.83,2133821104.88,5300870,10,10,10,0,0,0,0,0,0,4815060991,4840226815,4861198335,4816235256.69,17920
1790738634,0,5318790,0,4318.49,17920.86,36470783,4777312255,4819255295,4877975551,4974444543,1208320,5301600255,3156153383.07,2132365513.79,5318790,10,10,10,0,0,0,0,0,0,4802478079,4831838207,4836032511,4799488234.06,17920
1790738635,0,5336710,0,4329.52,17915.96,36667391,4777312255,4819255295,4877975551,4970250239,1208320,5301600255,3161703187.32,2130928891.71,5336710,10,10,10,0,0,0,0,0,0,4806672383,4844421119,4852809727,4808926588.34,17920
1790738636,0,5354630,0,4340.54,17915.92,36896767,4777312255,4819255295,4877975551,4970250239,1208320,5301600255,3167137116.88,2129426758.73,5354630,10,10,10,0,0,0,0,0,0,4781506559,4836032511,4844421119,4785401973.03,17920
1790738637,0,5372010,0,4351.10,17382.74,37158911,4777312255,4819255295,4877975551,4970250239,1208320,5301600255,3172256395.71,2127878745.00,5372010,10,10,10,0,0,0,0,0,0,4752146431,4831838207,4836032511,4749462608.36,17380
1790738638,0,5387910,0,4360.45,15902.46,37355519,4777312255,4819255295,4873781247,4970250239,1208320,5301600255,3176989988.70,2126518140.52,5387910,10,10,10,0,0,0,0,0,0,4777312255,4827643903,4831838207,4776292433.40,15900
1790738639,0,5405830,0,4371.41,17907.21,37617663,4777312255,4819255295,4873781247,4970250239,1208320,5301600255,3182305047.66,2124990990.95,5405830,10,10,10,0,0,0,0,0,0,4785700863,4836032511,4836032511,4780355232.91,17920
1790738640,0,5423750,0,4382.36,17919.41,37912575,4777312255,4819255295,4873781247,4970250239,1208320,5301600255,3187664512.48,2123519192.83,5423750,10,10,10,0,0,0,0,0,0,4806672383,4836032511,4836032511,4804425435.43,17920
1790738641,0,5441670,0,4393.29,17920.74,38174719,4777312255,4819255295,4873781247,4970250239,1208320,5301600255,3192918590.60,2121990279.01,5441670,10,10,10,0,0,0,0,0,0,4785700863,4836032511,4840226815,4783142151.31,17920
1790738642,0,5459428,0,4404.07,17773.49,38469631,4777312255,4819255295,4873781247,4970250239,1208320,5301600255,3198109717.55,2120485474.17,5459428,10,10,10,0,0,0,0,0,0,4802478079,4857004031,4857004031,4788851906.33,17758
1790738643,0,5475152,0,4413.19,15707.40,38764543,4777312255,4819255295,4873781247,4970250239,1208320,5301600255,3202623010.78,2119108609.22,5475152,10,10,10,0,0,0,0,0,0,4764729343,4831838207,4836032511,4769654263.53,15724
1790738644,0,5492870,0,4423.91,17726.52,39190527,4777312255,4819255295,4873781247,4970250239,1208320,5301600255,3207793242.68,2117639808.27,5492870,10,10,10,0,0,0,0,0,0,4806672383,4844421119,4848615423,4805479523.75,17718
1790738645,0,5512810,0,4436.39,19935.12,39845887,4777312255,4819255295,4873781247,4970250239,1208320,5301600255,3213483729.77,2115916328.44,5512810,10,10,10,0,0,0,0,0,0,4777312255,4827643903,4831838207,4781041694.81,19940
1790738646,0,5528710,0,4445.61,15898.76,40402943,4777312255,4819255295,4873781247,4970250239,1208320,5301600255,3217997441.07,2114543607.63,5528710,10,10,10,0,0,0,0,0,0,4785700863,4836032511,4844421119,4782980633.63,15900
1790738647,0,5546630,0,4456.44,17931.09,41123839,4781506559,4819255295,4873781247,4970250239,1208320,5301600255,3223210624.09,2113110255.96,5546630,10,10,10,0,0,0,0,0,0,4836032511,4857004031,4886364159,4831591043.66,17920
1790738648,0,5564010,0,4466.81,17383.41,41746431,4781506559,4819255295,4873781247,4970250239,1208320,5301600255,3228225070.67,2111708829.13,5564010,10,10,10,0,0,0,0,0,0,4836032511,4882169855,4890558463,4828528858.70,17380
1790738649,0,5580112,0,4476.15,16100.94,42369023,4781506559,4819255295,4873781247,4970250239,1208320,5301600255,3232739548.05,2110329816.62,5580112,10,10,10,0,0,0,0,0,0,4794089471,4844421119,4844421119,4792707086.50,16102
1790738650,0,5597830,0,4486.76,17709.80,43122687,4781506559,4819255295,4873781247,4970250239,1208320,5301600255,3237735885.39,2108852729.79,5597830,10,10,10,0,0,0,0,0,0,4810866687,4852809727,4852809727,4811283798.49,17718
1790738651,0,5615750,0,4497.52,17914.25,43941887,4781506559,4819255295,4873781247,4970250239,1208320,5301600255,3242821801.67,2107403653.37,5615750,10,10,10,0,0,0,0,0,0,4831838207,4882169855,4882169855,4831554764.80,17920
1790738652,0,5633670,0,4508.26,17924.53,44892159,4781506559,4819255295,4873781247,4970250239,1208320,5301600255,3247725357.95,2105840061.89,5633670,10,10,10,0,0,0,0,0,0,4789895167,4836032511,4844421119,4784396463.54,17920
1790738653,0,5651590,0,4518.99,17930.76,45776895,4781506559,4819255295,4873781247,4970250239,1208320,5301600255,3252617835.11,2104287978.12,5651590,10,10,10,0,0,0,0,0,0,4785700863,4831838207,4831838207,4790709452.80,17920
1790738654,0,5669510,0,4529.69,17914.62,46792703,4781506559,4819255295,4873781247,4970250239,1208320,5301600255,3257410946.14,2102684552.43,5669510,10,10,10,0,0,0,0,0,0,4768923647,4827643903,4840226815,4769057060.57,17920
1790738655,0,5684870,0,4538.34,15356.04,48857087,4781506559,4819255295,4873781247,4970250239,1208320,5301600255,3261574267.53,2101365985.68,5684870,10,10,10,0,0,0,0,0,0,4815060991,4844421119,4890558463,4798292514.13,15360
1790738656,0,5702790,0,4549.01,17921.20,63471615,4781506559,4819255295,4873781247,4970250239,1208320,5301600255,3266452085.38,2099860690.80,5702790,10,10,10,0,0,0,0,0,0,4815060991,4894752767,4898947071,4813871747.66,17920
1790738657,0,5720170,0,4559.24,17379.34,89980927,4781506559,4823449599,4873781247,4970250239,1208320,5301600255,3271288996.91,2098498610.63,5720170,10,10,10,0,0,0,0,0,0,4848615423,4915724287,4919918591,4858394330.35,17380
1790738658,0,5738090,0,4569.88,17922.02,104333311,4781506559,4823449599,4873781247,4970250239,1208320,5301600255,3276242224.52,2097087864.70,5738090,10,10,10,0,0,0,0,0,0,4848615423,4911529983,4911529983,4857341776.46,17920
1790738659,0,5754517,0,4579.32,16435.84,134742015,4781506559,4823449599,4877975551,4970250239,1208320,5301600255,3280796200.61,2095822072.61,5754517,10,10,10,0,0,0,0,0,0,4865392639,4924112895,4928307199,4871538557.97,16427
1790738660,0,5771910,0,4589.50,17382.06,174194687,4781506559,4823449599,4877975551,4970250239,1208320,5301600255,3285479426.06,2094396080.93,5771910,10,10,10,0,0,0,0,0,0,4840226815,4907335679,4924112895,4834936128.22,17393
1790738661,0,5789830,0,4600.09,17912.94,216006655,4781506559,4823449599,4877975551,4970250239,1208320,5301600255,3290188978.48,2092860396.59,5789830,10,10,10,0,0,0,0,0,0,4794089471,4877975551,4882169855,4807103751.31,17920
1790738662,0,5807750,0,4610.67,17922.29,273416191,4781506559,4823449599,4877975551,4970250239,1208320,5301600255,3294773761.77,2091253915.00,5807750,10,10,10,0,0,0,0,0,0,4781506559,4815060991,4819255295,4776086030.63,17920
1790738663,0,5825670,0,4621.23,17927.56,301203455,4781506559,4823449599,4877975551,4970250239,1208320,5301600255,3299286108.51,2089615137.68,5825670,10,10,10,0,0,0,0,0,0,4760535039,4806672383,4810866687,4761706964.11,17920
1790738664,0,5843050,0,4631.34,17370.38,328204287,4781506559,4823449599,4877975551,4970250239,1208320,5301600255,3303657816.46,2088039961.57,5843050,10,10,10,0,0,0,0,0,0,4764729343,4806672383,4810866687,4769027660.95,17380
1790738665,0,5860970,0,4641.86,17926.65,358088703,4781506559,4823449599,4877975551,4970250239,1208320,5301600255,3308094225.59,2086384635.48,5860970,10,10,10,0,0,0,0,0,0,4747952127,4806672383,4810866687,4754643353.60,17920
1790738666,0,5878890,0,4652.37,17915.02,378798079,4781506559,4823449599,4877975551,4966055935,1208320,5301600255,3312467202.61,2084703904.28,5878890,10,10,10,0,0,0,0,0,0,4739563519,4802478079,4802478079,4742706439.31,17920
1790738667,0,5894790,0,4661.27,15912.18,407109631,4781506559,4823449599,4873781247,4966055935,1208320,5301600255,3316415536.46,2083274796.27,5894790,10,10,10,0,0,0,0,0,0,4764729343,4819255295,4823449599,4776278452.39,15900
1790738668,0,5898490,0,4660.50,3697.08,416284671,4781506559,4823449599,4873781247,4966055935,1208320,5301600255,3316816776.28,2083030933.67,5898490,10,10,10,0,0,0,0,0,0,4785700863,4819255295,4819255295,3956066635.97,3700
1790738669,0,5898690,0,4656.99,200.19,410779647,4781506559,4823449599,4873781247,4966055935,1208320,5301600255,3316704458.90,2083084925.23,5898690,10,10,10,0,0,0,0,0,0,3618815,8097791,9199615,4189655.04,200
1790738670,0,5898890,0,4653.47,199.83,408682495,4781506559,4823449599,4873781247,4966055935,1208320,5301600255,3316592147.92,2083138907.63,5898890,10,10,10,0,0,0,0,0,0,3381247,9666559,13082623,4153925.12,200
1790738671,0,5899090,0,4649.96,200.13,407896063,4781506559,4823449599,4873781247,4966055935,1208320,5301600255,3316479848.78,2083192872.19,5899090,10,10,10,0,0,0,0,0,0,3518463,8568831,13344767,4278592.00,200
1790738672,0,5899290,0,4646.45,199.90,407371775,4781506559,4823449599,4873781247,4966055935,1208320,5301600255,3316367551.13,2083246835.37,5899290,10,10,10,0,0,0,0,0,0,3637247,7901183,8568831,4097674.24,200
1790738673,0,5899490,0,4642.95,200.07,406847487,4781506559,4823449599,4873781247,4966055935,1208320,5301600255,3316255250.23,2083300804.68,5899490,10,10,10,0,0,0,0,0,0,3508223,6918143,8208383,3777559.04,200
1790738674,0,5899690,0,4639.46,199.99,406847487,4781506559,4823449599,4873781247,4966055935,1208320,5301600255,3316142959.60,2083354758.69,5899690,10,10,10,0,0,0,0,0,0,3293183,7540735,8044543,3855562.24,200
1790738675,0,5899890,0,4635.97,199.97,405274623,4781506559,4823449599,4873781247,4966055935,1208320,5301600255,3316030659.97,2083408727.98,5899890,10,10,10,0,0,0,0,0,0,3198975,5447679,7507967,3365644.80,200
1790738676,0,5900090,0,4632.49,200.00,400818175,4781506559,4823449599,4873781247,4966055935,1208320,5301600255,3315918379.65,2083462667.57,5900090,10,10,10,0,0,0,0,0,0,3274751,7241727,7917567,3710812.16,200
1790738677,0,5900290,0,4629.01,200.07,398196735,4781506559,4823449599,4873781247,4966055935,1208320,5301600255,3315806105.93,2083516597.67,5900290,10,10,10,0,0,0,0,0,0,3260415,7278591,7954431,3680829.44,200
1790738678,0,5900490,0,4625.54,199.89,397934591,4781506559,4823449599,4873781247,4966055935,1208320,5301600255,3315693846.54,2083570506.00,5900490,10,10,10,0,0,0,0,0,0,3553279,7581695,8994815,3878968.32,200
1790738679,0,5900690,0,4622.07,199.95,397148159,4781506559,4823449599,4873781247,4966055935,1208320,5301600255,3315581601.36,2083624392.72,5900690,10,10,10,0,0,0,0,0,0,3676159,7376895,7880703,4073968.64,200
1790738680,0,5900890,0,4618.61,200.16,396886015,4781506559,4823449599,4873781247,4966055935,1208320,5301600255,3315469347.40,2083678294.40,5900890,10,10,10,0,0,0,0,0,0,3371007,5783551,7692287,3590251.52,200
1790738681,0,5901090,0,4615.15,199.85,396623871,4781506559,4823449599,4873781247,4966055935,1208320,5301600255,3315357110.36,2083732170.21,5901090,10,10,10,0,0,0,0,0,0,3309567,7397375,8155135,3864865.28,200
1790738682,0,5901290,0,4611.71,200.13,395575295,4781506559,4823449599,4873781247,4966055935,1208320,5301600255,3315244871.66,2083786049.64,5901290,10,10,10,0,0,0,0,0,0,3262463,6803455,7901183,3591564.80,200
1790738683,0,5901490,0,4608.26,200.01,395051007,4781506559,4823449599,4873781247,4966055935,1208320,5301600255,3315132649.73,2083839903.43,5901490,10,10,10,0,0,0,0,0,0,3489791,7430143,8568831,3861719.04,200
1790738684,0,5901690,0,4604.82,199.96,394002431,4781506559,4823449599,4873781247,4966055935,1208320,5301600255,3315020416.32,2083893776.45,5901690,10,10,10,0,0,0,0,0,0,3141631,5365759,7421951,3298690.56,200
1790738685,0,5901890,0,4601.38,199.88,391118847,4781506559,4823449599,4873781247,4966055935,1208320,5301600255,3314908202.52,2083947619.32,5901890,10,10,10,0,0,0,0,0,0,3282943,6795263,7806975,3652858.88,200
1790738686,0,5902090,0,4597.96,200.18,390594559,4781506559,4823449599,4873781247,4966055935,1208320,5301600255,3314796007.15,2084001433.91,5902090,10,10,10,0,0,0,0,0,0,3528703,7532543,8048639,3972367.36,200
1790738687,0,5902290,0,4594.53,199.82,388497407,4781506559,4823449599,4873781247,4966055935,1208320,5301600255,3314683802.05,2084055264.95,5902290,10,10,10,0,0,0,0,0,0,3153919,6819839,7901183,3460889.60,200
1790738688,0,5902490,0,4591.12,200.10,387710975,4781506559,4823449599,4873781247,4966055935,1208320,5301600255,3314571613.92,2084109070.05,5902490,10,10,10,0,0,0,0,0,0,3297279,7073791,7938047,3737195.52,200
1790738689,0,5902690,0,4587.70,199.99,386924543,4781506559,4823449599,4873781247,4966055935,1208320,5301600255,3314459437.17,2084162858.06,5902690,10,10,10,0,0,0,0,0,0,3311615,7421951,7938047,3848760.32,200
1790738690,0,5902890,0,4584.29,199.96,386400255,4781506559,4823449599,4873781247,4966055935,1208320,5301600255,3314347293.85,2084216594.02,5902890,10,10,10,0,0,0,0,0,0,3760127,9592831,11075583,4610982.40,200
1790738691,0,5903090,0,4580.89,199.97,385613823,4781506559,4823449599,4873781247,4966055935,1208320,5301600255,3314235132.85,2084270359.04,5903090,10,10,10,0,0,0,0,0,0,3457023,7569407,8191999,3864926.72,200
1790738692,0,5903290,0,4577.49,200.00,384827391,4781506559,4823449599,4873781247,4966055935,1208320,5301600255,3314122984.27,2084324105.34,5903290,10,10,10,0,0,0,0,0,0,3602431,7729151,9265151,4007121.92,200
1790738693,0,5903490,0,4574.11,200.15,384565247,4781506559,4823449599,4873781247,4966055935,1208320,5301600255,3314010825.11,2084377869.44,5903490,10,10,10,0,0,0,0,0,0,3135487,6836223,7983103,3470612.48,200
1790738694,0,5903690,0,4570.72,199.90,383778815,4781506559,4823449599,4873781247,4966055935,1208320,5301600255,3313898677.31,2084431616.50,5903690,10,10,10,0,0,0,0,0,0,3217407,7180287,8032255,3581729.28,200
1790738695,0,5903890,0,4567.34,200.00,380633087,4781506559,4823449599,4873781247,4966055935,1208320,5301600255,3313786520.41,2084485379.02,5903890,10,10,10,0,0,0,0,0,0,3071999,4497407,5312511,3088519.68,200
1790738696,0,5904090,0,4563.96,199.93,379846655,4781506559,4823449599,4873781247,4966055935,1208320,5301600255,3313674399.71,2084539085.05,5904090,10,10,10,0,0,0,0,0,0,3639295,7155711,8110079,3933204.48,200
1790738697,0,5904290,0,4560.59,200.08,379322367,4781506559,4823449599,4873781247,4966055935,1208320,5301600255,3313562305.52,2084592750.07,5904290,10,10,10,0,0,0,0,0,0,3639295,9035775,14467071,4491197.44,200
1790738698,0,5904490,0,4557.22,200.03,379060223,4781506559,4823449599,4873781247,4966055935,1208320,5301600255,3313450183.29,2084646460.56,5904490,10,10,10,0,0,0,0,0,0,3123199,7196671,8302591,3439511.04,200
1790738699,0,5904690,0,4553.86,199.90,378798079,4781506559,4823449599,4873781247,4966055935,1208320,5301600255,3313338083.07,2084700137.13,5904690,10,10,10,0,0,0,0,0,0,3452927,7917567,9289727,3864737.28,200
1790738700,0,5904890,0,4550.51,199.99,378273791,4781506559,4823449599,4873781247,4966055935,1208320,5301600255,3313225998.18,2084753790.36,5904890,10,10,10,0,0,0,0,0,0,3538943,7876607,8486911,4093550.08,200
1790738701,0,5905090,0,4547.16,200.00,377749503,4781506559,4823449599,4873781247,4966055935,1208320,5301600255,3313113909.37,2084807450.83,5905090,10,10,10,0,0,0,0,0,0,3516415,6643711,7745535,3753285.12,200
1790738702,0,5905290,0,4543.81,200.04,376438783,4781506559,4823449599,4873781247,4966055935,1208320,5301600255,3313001822.66,2084861108.96,5905290,10,10,10,0,0,0,0,0,0,3252223,7122943,8437759,3591457.28,200
1790738703,0,5905490,0,4540.47,200.10,375914495,4781506559,4823449599,4873781247,4966055935,1208320,5301600255,3312889757.91,2084914733.26,5905490,10,10,10,0,0,0,0,0,0,3567615,7798783,8667135,4015549.44,200
1790738704,0,5905690,0,4537.14,200.02,375390207,4781506559,4823449599,4873781247,4966055935,1208320,5301600255,3312777674.61,2084968388.00,5905690,10,10,10,0,0,0,0,0,0,3141631,4972543,5488639,3243591.68,200
1790738705,0,5905890,0,4533.81,199.93,375128063,4781506559,4823449599,4873781247,4966055935,1208320,5301600255,3312665638.11,2085021969.51,5905890,10,10,10,0,0,0,0,0,0,3852287,7897087,8396799,4401269.76,200
1790738706,0,5906090,0,4530.49,200.02,374079487,4781506559,4823449599,4873781247,4966055935,1208320,5301600255,3312553592.01,2085075567.25,5906090,10,10,10,0,0,0,0,0,0,3514367,7450623,7983103,3894008.32,200
1790738707,0,5906290,0,4527.17,200.02,370409471,4781506559,4823449599,4873781247,4966055935,1208320,5301600255,3312441541.65,2085129172.76,5906290,10,10,10,0,0,0,0,0,0,3170303,7061503,8085503,3543872.00,200
1790738708,0,5906490,0,4523.85,199.87,369623039,4781506559,4823449599,4873781247,4966055935,1208320,5301600255,3312329534.16,2085182711.27,5906490,10,10,10,0,0,0,0,0,0,4149247,7831551,8568831,4586007.04,200
1790738709,0,5906690,0,4520.54,200.13,369098751,4781506559,4823449599,4873781247,4966055935,1208320,5301600255,3312217524.15,2085236254.80,5906690,10,10,10,0,0,0,0,0,0,3616767,8286207,10715135,4287572.48,200
1790738710,0,5906890,0,4517.24,199.92,369098751,4781506559,4823449599,4873781247,4966055935,1208320,5301600255,3312105500.73,2085289820.60,5906890,10,10,10,0,0,0,0,0,0,3500031,5926911,7700479,3667517.44,200
1790738711,0,5907090,0,4513.94,200.05,368836607,4781506559,4823449599,4873781247,4966055935,1208320,5301600255,3311993497.37,2085343355.61,5907090,10,10,10,0,0,0,0,0,0,3596287,7819263,8445951,4035742.72,200
1790738712,0,5907290,0,4510.65,200.04,368574463,4781506559,4823449599,4873781247,4966055935,1208320,5301600255,3311881490.49,2085396897.21,5907290,10,10,10,0,0,0,0,0,0,3516415,6729727,8359935,3707919.36,200
1790738713,0,5907490,0,4507.36,199.96,368574463,4781506559,4823449599,4873781247,4966055935,1208320,5301600255,3311769505.21,2085450405.57,5907490,10,10,10,0,0,0,0,0,0,3680255,7962623,9060351,4121848.32,200
1790738714,0,5907690,0,4504.07,200.00,368050175,4781506559,4823449599,4873781247,4966055935,1208320,5301600255,3311657516.20,2085503920.85,5907690,10,10,10,0,0,0,0,0,0,3524607,7327743,8503295,3787814.40,200
1790738715,0,5907890,0,4500.79,199.98,367788031,4781506559,4823449599,4873781247,4966055935,1208320,5301600255,3311545526.94,2085557437.57,5907890,10,10,10,0,0,0,0,0,0,3078143,8404991,10412031,3556167.68,200
1790738716,0,5908090,0,4497.52,199.90,367525887,4781506559,4823449599,4873781247,4966055935,1208320,5301600255,3311433555.73,2085610926.66,5908090,10,10,10,0,0,0,0,0,0,3344383,8220671,10510335,3865799.68,200
1790738717,0,5908290,0,4494.25,200.01,366215167,4781506559,4823449599,4873781247,4966055935,1208320,5301600255,3311321582.91,2085664419.33,5908290,10,10,10,0,0,0,0,0,0,3291135,7041023,8196095,3593881.60,200
1790738718,0,5908490,0,4490.99,200.11,365428735,4781506559,4823449599,4873781247,4966055935,1208320,5301600255,3311209640.80,2085717864.31,5908490,10,10,10,0,0,0,0,0,0,3852287,7659519,8368127,4277583.36,200
1790738719,0,5908690,0,4487.73,200.08,364904447,4781506559,4823449599,4873781247,4966055935,1208320,5301600255,3311097704.25,2085771301.52,5908690,10,10,10,0,0,0,0,0,0,3612671,8278015,9764863,4217600.00,200
1790738720,0,5908890,0,4484.47,199.82,360710143,4781506559,4823449599,4873781247,4966055935,1208320,5301600255,3310985767.26,2085824740.42,5908890,10,10,10,0,0,0,0,0,0,3500031,7921663,8585215,3981009.92,200
1790738721,0,5909090,0,4481.23,200.18,360447999,4781506559,4823449599,4873781247,4966055935,1208320,5301600255,3310873838.58,2085878167.18,5909090,10,10,10,0,0,0,0,0,0,3366911,7573503,8060927,4002631.68,200
1790738722,0,5909290,0,4477.98,199.95,360447999,4781506559,4823449599,4873781247,4966055935,1208320,5301600255,3310761900.34,2085931610.11,5909290,10,10,10,0,0,0,0,0,0,3235839,6635519,7712767,3496079.36,200
1790738723,0,5919090,0,4482.01,9792.80,341311487,4781506559,4823449599,4873781247,4966055935,1208320,5301600255,3305783454.40,2087795129.13,5919090,10,10,10,0,0,0,0,0,0,302776319,512229375,522190847,303836435.59,9800
1790738724,0,5934990,0,4490.65,15900.94,367788031,4781506559,4823449599,4873781247,4966055935,1208320,5301600255,3299495395.93,2088557271.06,5934990,10,10,10,0,0,0,0,0,0,948436991,1290797055,1334837247,958641054.37,15900
1790738725,0,5952370,0,4500.39,17379.77,384827391,4781506559,4819255295,4873781247,4966055935,1208320,5301600255,3295095184.80,2087133829.23,5952370,10,10,10,0,0,0,0,0,0,1793064959,2181038079,2183135231,1792493974.77,17380
1790738726,0,5968270,0,4509.01,15910.05,407371775,4781506559,4819255295,4873781247,4966055935,1208320,5301600255,3293281857.33,2084679781.15,5968270,10,10,10,0,0,0,0,0,0,2608857087,2944401407,2988441599,2614439337.31,15900
1790738727,0,5985650,0,4518.72,17379.26,439877631,4781506559,4819255295,4873781247,4966055935,1208320,5301600255,3293673366.84,2081704379.32,5985650,10,10,10,0,0,0,0,0,0,3433037823,3797942271,3806330879,3428117239.34,17380
1790738728,0,6003570,0,4528.83,17920.60,479723519,4781506559,4819255295,4873781247,4966055935,1208320,5301600255,3296552231.44,2079301323.23,6003570,10,10,10,0,0,0,0,0,0,4273995775,4622123007,4634705919,4258152448.00,17920
1790738729,0,6022030,0,4539.33,18452.70,503054335,4781506559,4819255295,4873781247,4966055935,1208320,5301600255,3301224649.83,2077823080.67,6022030,10,10,10,0,0,0,0,0,0,4836032511,4898947071,4911529983,4820790783.89,18460
1790738730,0,6039950,0,4549.41,17924.31,529006591,4781506559,4819255295,4873781247,4966055935,1208320,5301600255,3305488591.40,2076211507.43,6039950,10,10,10,0,0,0,0,0,0,4743757823,4819255295,4831838207,4738389489.37,17920
1790738731,0,6059890,0,4561.00,19947.14,569901055,4781506559,4819255295,4873781247,4966055935,1208320,5301600255,3309846938.25,2074181624.89,6059890,10,10,10,0,0,0,0,0,0,4626317311,4714397695,4726980607,4630017302.34,19940
1790738732,0,6077810,0,4571.04,17920.02,601882623,4777312255,4819255295,4873781247,4966055935,1208320,5301600255,3313479939.64,2072199658.82,6077810,10,10,10,0,0,0,0,0,0,4534042623,4617928703,4630511615,4542028419.66,17920
1790738733,0,6096270,0,4581.48,18446.67,630194175,4777312255,4819255295,4873781247,4966055935,1208320,5301600255,3317074189.57,2070088042.61,6096270,10,10,10,0,0,0,0,0,0,4492099583,4559208447,4563402751,4500452747.18,18460
1790738734,0,6114190,0,4591.50,17933.10,653262847,4777312255,4819255295,4873781247,4966055935,1208320,5301600255,3320494069.04,2068014855.66,6114190,10,10,10,0,0,0,0,0,0,4475322367,4534042623,4534042623,4483915307.89,17920
1790738735,0,6134130,0,4603.01,19927.81,683671551,4777312255,4819255295,4873781247,4966055935,1208320,5301600255,3324274973.78,2065712584.13,6134130,10,10,10,0,0,0,0,0,0,4475322367,4529848319,4534042623,4483611482.23,19940
1790738736,0,6152590,0,4613.41,18467.34,713031679,4777312255,4819255295,4873781247,4966055935,1208320,5301600255,3327769539.59,2063595235.50,6152590,10,10,10,0,0,0,0,0,0,4479516671,4534042623,4538236927,4488989528.03,18460
1790738737,0,6170510,0,4623.38,17922.40,748683263,4777312255,4819255295,4873781247,4966055935,1208320,5301600255,3331157300.48,2061552930.09,6170510,10,10,10,0,0,0,0,0,0,4483710975,4542431231,4542431231,4494299253.03,17920
1790738738,0,6188632,0,4633.48,18105.70,774897663,4777312255,4819255295,4873781247,4966055935,1208320,5301600255,3334584157.89,2059503743.54,6188632,10,10,10,0,0,0,0,0,0,4492099583,4550819839,4550819839,4501423242.67,18122
1790738739,0,6208370,0,4644.78,19744.00,797966335,4777312255,4819255295,4873781247,4966055935,1208320,5301600255,3338292866.84,2057276131.41,6208370,10,10,10,0,0,0,0,0,0,4492099583,4550819839,4550819839,4501117613.85,19738
1790738740,0,6226830,0,4655.11,18474.31,822607871,4777312255,4819255295,4873781247,4966055935,1208320,5301600255,3341736737.14,2055195504.16,6226830,10,10,10,0,0,0,0,0,0,4487905279,4546625535,4550819839,4499961063.87,18460
1790738741,0,6244750,0,4665.02,17916.50,855638015,4777312255,4819255295,4873781247,4966055935,1208320,5301600255,3345043144.53,2053170308.35,6244750,10,10,10,0,0,0,0,0,0,4483710975,4542431231,4542431231,4493951444.11,17920
1790738742,0,6264690,0,4676.42,19933.36,889192447,4777312255,4819255295,4873781247,4966055935,1208320,5301600255,3348674535.41,2050907713.03,6264690,10,10,10,0,0,0,0,0,0,4475322367,4538236927,4538236927,4485942749.59,19940
1790738743,0,6282610,0,4686.30,17923.71,907018239,4777312255,4819255295,4873781247,4966055935,1208320,5301600255,3351912511.35,2048875793.88,6282610,10,10,10,0,0,0,0,0,0,4475322367,4534042623,4534042623,4483883242.06,17920
1790738744,0,6301070,0,4696.57,18457.80,927989759,4777312255,4819255295,4873781247,4966055935,1208320,5301600255,3355250802.95,2046799515.62,6301070,10,10,10,0,0,0,0,0,0,4479516671,4538236927,4542431231,4491392959.65,18460
1790738745,0,6318990,0,4706.42,17919.43,950534143,4773117951,4819255295,4873781247,4966055935,1208320,5301600255,3358469507.25,2044786580.41,6318990,10,10,10,0,0,0,0,0,0,4483710975,4538236927,4538236927,4490237425.37,17920
1790738746,0,6338930,0,4717.75,19935.10,986185727,4773117951,4819255295,4873781247,4966055935,1208320,5301600255,3362036541.65,2042555686.89,6338930,10,10,10,0,0,0,0,0,0,4483710975,4542431231,4546625535,4492430458.63,19940
1790738747,0,6357390,0,4727.98,18469.90,1009778687,4773117951,4819255295,4873781247,4966055935,1208320,5301600255,3365331807.73,2040502394.23,6357390,10,10,10,0,0,0,0,0,0,4487905279,4546625535,4546625535,4496884407.83,18460
1790738748,0,6375310,0,4737.78,17914.66,1026555903,4773117951,4819255295,4873781247,4966055935,1208320,5301600255,3368495281.09,2038504045.53,6375310,10,10,10,0,0,0,0,0,0,4483710975,4542431231,4542431231,4490785119.09,17920
1790738749,0,6395250,0,4749.07,19930.92,1040711679,4773117951,4819255295,4873781247,4966055935,1208320,5301600255,3371975755.92,2036275285.94,6395250,10,10,10,0,0,0,0,0,0,4479516671,4534042623,4538236927,4484769438.27,19940
1790738750,0,6413170,0,4758.84,17932.78,1074790399,4773117951,4819255295,4873781247,4961861631,1208320,5301600255,3375089333.11,2034279307.74,6413170,10,10,10,0,0,0,0,0,0,4479516671,4534042623,4534042623,4486255879.31,17920
1790738751,0,6431630,0,4769.00,18455.26,1103101951,4773117951,4819255295,4873781247,4961861631,1208320,5301600255,3378274247.89,2032225521.95,6431630,10,10,10,0,0,0,0,0,0,4475322367,4534042623,4534042623,4484742284.01,18460
1790738752,0,6449550,0,4778.74,17925.34,1121976319,4773117951,4819255295,4873781247,4961861631,1208320,5301600255,3381353974.23,2030239253.72,6449550,10,10,10,0,0,0,0,0,0,4479516671,4534042623,4538236927,4486692161.83,17920
1790738753,0,6469490,0,4789.97,19938.01,1142947839,4768923647,4819255295,4873781247,4961861631,1208320,5301600255,3384759442.80,2028033537.65,6469490,10,10,10,0,0,0,0,0,0,4479516671,4538236927,4538236927,4486250906.83,19940
1790738754,0,6487950,0,4800.08,18454.94,1161822207,4768923647,4819255295,4873781247,4961861631,1208320,5301600255,3387897249.30,2025998545.74,6487950,10,10,10,0,0,0,0,0,0,4479516671,4534042623,4538236927,4487572643.97,18460
1790738755,0,6505870,0,4809.78,17924.55,1179647999,4768923647,4815060991,4873781247,4961861631,1208320,5301600255,3390924253.98,2024026471.93,6505870,10,10,10,0,0,0,0,0,0,4479516671,4538236927,4538236927,4486853661.26,17920
1790738756,0,6525810,0,4820.96,19936.95,1205862399,4768923647,4815060991,4873781247,4961861631,1208320,5301600255,3394254582.50,2021827388.19,6525810,10,10,10,0,0,0,0,0,0,4475322367,4529848319,4534042623,4480848584.38,19940
1790738757,0,6543730,0,4830.63,17913.10,1220542463,4768923647,4815060991,4873781247,4961861631,1208320,5301600255,3397223324.19,2019852195.34,6543730,10,10,10,0,0,0,0,0,0,4471128063,4529848319,4529848319,4478330704.46,17920
1790738758,0,6562190,0,4840.68,18464.77,1240465407,4768923647,4815060991,4873781247,4961861631,1208320,5301600255,3400272409.28,2017826413.20,6562190,10,10,10,0,0,0,0,0,0,4471128063,4525654015,4534042623,4481116914.85,18460
1790738759,0,6580110,0,4850.32,17921.28,1269825535,4768923647,4815060991,4873781247,4961861631,1208320,5301600255,3403217301.97,2015865177.12,6580110,10,10,10,0,0,0,0,0,0,4471128063,4529848319,4534042623,4481618271.09,17920
1790738760,0,6600050,0,4861.44,19940.22,1289748479,4764729343,4815060991,4873781247,4961861631,1208320,5301600255,3406476571.62,2013688755.48,6600050,10,10,10,0,0,0,0,0,0,4475322367,4529848319,4534042623,4482020843.97,19940
1790738761,0,6618510,0,4871.45,18457.67,1313865727,4764729343,4815060991,4873781247,4961861631,1208320,5301600255,3409483106.14,2011682429.90,6618510,10,10,10,0,0,0,0,0,0,4475322367,4529848319,4534042623,4484416918.72,18460
1790738762,0,6636430,0,4881.05,17928.82,1335885823,4764729343,4815060991,4869586943,4961861631,1208320,5301600255,3412385228.31,2009739043.02,6636430,10,10,10,0,0,0,0,0,0,4475322367,4534042623,4534042623,4484244860.34,17920
1790738763,0,6656370,0,4892.11,19928.77,1363148799,4764729343,4815060991,4869586943,4961861631,1208320,5301600255,3415590511.56,2007578796.63,6656370,10,10,10,0,0,0,0,0,0,4475322367,4534042623,4534042623,4482372753.23,19940
1790738764,0,6674290,0,4901.68,17924.22,1379926015,4764729343,4815060991,4869586943,4961861631,1208320,5301600255,3418458149.59,2005643934.58,6674290,10,10,10,0,0,0,0,0,0,4475322367,4534042623,4534042623,4483640056.69,17920
1790738765,0,6692750,0,4911.63,18461.43,1401946111,4764729343,4815060991,4869586943,4961861631,1208320,5301600255,3421387326.52,2003650785.11,6692750,10,10,10,0,0,0,0,0,0,4471128063,4529848319,4529848319,4480443463.23,18460
1790738766,0,6710872,0,4921.32,18125.93,1415577599,4764729343,4815060991,4869586943,4961861631,1208320,5301600255,3424245892.90,2001698009.30,6710872,10,10,10,0,0,0,0,0,0,4471128063,4529848319,4529848319,4479961052.51,18122
1790738767,0,6730610,0,4932.17,19722.96,1442840575,4764729343,4815060991,4869586943,4961861631,1208320,5301600255,3427346625.95,1999578784.83,6730610,10,10,10,0,0,0,0,0,0,4475322367,4534042623,4534042623,4481588324.13,19738
1790738768,0,6749070,0,4942.08,18461.39,1466957823,4760535039,4815060991,4869586943,4961861631,1208320,5301600255,3430237005.98,1997605304.30,6749070,10,10,10,0,0,0,0,0,0,4475322367,4529848319,4534042623,4484084282.69,18460
1790738769,0,6766990,0,4951.58,17932.57,1480589311,4760535039,4815060991,4869586943,4961861631,1208320,5301600255,3433029479.65,1995694912.57,6766990,10,10,10,0,0,0,0,0,0,4475322367,4534042623,4534042623,4484737082.51,17920
1790738770,0,6786930,0,4962.54,19941.70,1500512255,4760535039,4815060991,4869586943,4961861631,1208320,5301600255,3436125096.83,1993577318.91,6786930,10,10,10,0,0,0,0,0,0,4479516671,4538236927,4538236927,4486677278.66,19940
1790738771,0,6804850,0,4972.00,17886.16,1530920959,4760535039,4815060991,4869586943,4961861631,1208320,5301600255,3438891296.51,1991678729.74,6804850,10,10,10,0,0,0,0,0,0,4479516671,4538236927,4538236927,4486547748.57,17920
1790738772,0,6823310,0,4981.85,18491.59,1546649599,4756340735,4815060991,4869586943,4961861631,1208320,5301600255,3441716717.41,1989722796.23,6823310,10,10,10,0,0,0,0,0,0,4475322367,4529848319,4534042623,4483242468.15,18460
1790738773,0,6841230,0,4991.29,17914.59,1576009727,4756340735,4815060991,4869586943,4961861631,1208320,5301600255,3444439587.37,1987825738.84,6841230,10,10,10,0,0,0,0,0,0,4475322367,4529848319,4529848319,4481213352.23,17920
1790738774,0,6861170,0,5002.19,19940.36,1589641215,4752146431,4815060991,4869586943,4961861631,1208320,5301600255,3447450529.25,1985718877.62,6861170,10,10,10,0,0,0,0,0,0,4475322367,4529848319,4529848319,4480476902.58,19940
1790738775,0,6879630,0,5012.00,18463.14,1608515583,4752146431,4815060991,4869586943,4961861631,1208320,5301600255,3450240380.80,1983782662.53,6879630,10,10,10,0,0,0,0,0,0,4479516671,4534042623,4538236927,4487165937.36,18460
1790738776,0,6897550,0,5021.39,17910.91,1632632831,4752146431,4815060991,4869586943,4961861631,1208320,5301600255,3452934219.52,1981907409.48,6897550,10,10,10,0,0,0,0,0,0,4479516671,4538236927,4538236927,4487120252.34,17920
1790738777,0,6917490,0,5032.24,19940.38,1657798655,4752146431,4815060991,4869586943,4961861631,1208320,5301600255,3455911661.99,1979823926.29,6917490,10,10,10,0,0,0,0,0,0,4479516671,4538236927,4538236927,4485854404.17,19940
1790738778,0,6935410,0,5041.62,17936.04,1671430143,4747952127,4815060991,4869586943,4961861631,1208320,5301600255,3458571317.29,1977955284.15,6935410,10,10,10,0,0,0,0,0,0,4475322367,4534042623,4538236927,4485253178.51,17920
1790738779,0,6953870,0,5051.36,18443.31,1692401663,4747952127,4815060991,4869586943,4961861631,1208320,5301600255,3461292023.78,1976032430.09,6953870,10,10,10,0,0,0,0,0,0,4475322367,4534042623,4534042623,4483459681.30,18460
1790738780,0,6973810,0,5062.17,19939.30,1721761791,4743757823,4815060991,4869586943,4961861631,1208320,5301600255,3464190445.38,1973948064.45,6973810,10,10,10,0,0,0,0,0,0,4466933759,4525654015,4525654015,4474985182.98,19940
1790738781,0,6991730,0,5071.49,17925.88,1745879039,4743757823,4810866687,4869586943,4961861631,1208320,5301600255,3466788638.49,1972083362.21,6991730,10,10,10,0,0,0,0,0,0,4466933759,4525654015,4525654015,4477910571.89,17920
1790738782,0,7010190,0,5081.20,18454.48,1766850559,4743757823,4810866687,4869586943,4961861631,1208320,5301600255,3469459630.32,1970171421.48,7010190,10,10,10,0,0,0,0,0,0,4471128063,4529848319,4529848319,4481098510.81,18460
1790738783,0,7028110,0,5090.50,17923.61,1784676351,4739563519,4810866687,4869586943,4961861631,1208320,5301600255,3472040350.46,1968320426.03,7028110,10,10,10,0,0,0,0,0,0,4475322367,4529848319,4529848319,4481601653.03,17920
1790738784,0,7048050,0,5101.24,19936.11,1803550719,4739563519,4810866687,4869586943,4961861631,1208320,5301600255,3474888870.51,1966261902.62,7048050,10,10,10,0,0,0,0,0,0,4471128063,4529848319,4529848319,4478886474.67,19940
1790738785,0,7066510,0,5110.91,18465.39,1830813695,4735369215,4810866687,4869586943,4961861631,1208320,5301600255,3477518729.46,1964364657.29,7066510,10,10,10,0,0,0,0,0,0,4471128063,4529848319,4529848319,4481602009.06,18460
1790738786,0,7084430,0,5120.17,17922.80,1849688063,4735369215,4810866687,4869586943,4957667327,1208320,5301600255,3480050046.72,1962522910.55,7084430,10,10,10,0,0,0,0,0,0,4471128063,4525654015,4529848319,4478240826.51,17920
1790738787,0,7100740,0,5128.25,16302.69,1862270975,4735369215,4810866687,4869586943,4957667327,1208320,5301600255,3482031533.00,1960932573.21,7100740,10,10,10,0,0,0,0,0,0,4466933759,4521459711,4525654015,4342712148.82,16310
1790738788,0,7100930,0,5124.68,190.17,1861222399,4735369215,4810866687,4869586943,4957667327,1208320,5301600255,3481938572.93,1960988685.51,7100930,10,10,10,0,0,0,0,0,0,8294399,11042815,11608063,7805520.84,190
1790738789,0,7101138,0,5121.14,207.99,1861222399,4735369215,4810866687,4869586943,4957667327,1208320,5301600255,3481836813.70,1961050100.05,7101138,10,10,10,0,0,0,0,0,0,8126463,10739711,11673599,7869538.46,208
1790738790,0,7101330,0,5117.59,191.93,1861222399,4735369215,4810866687,4869586943,4957667327,1208320,5301600255,3481742875.81,1961106801.34,7101330,10,10,10,0,0,0,0,0,0,7344127,11575295,13213695,7441066.67,192
1790738791,0,7101535,0,5114.05,205.09,1861222399,4731174911,4810866687,4869586943,4957667327,1208320,5301600255,3481642598.66,1961167304.13,7101535,10,10,10,0,0,0,0,0,0,7892991,12107775,12984319,7978703.30,205
1790738792,0,7101730,0,5110.51,194.92,1861222399,4731174911,4810866687,4869586943,4957667327,1208320,5301600255,3481547223.96,1961224836.12,7101730,10,10,10,0,0,0,0,0,0,7184383,14557183,15613951,8179165.87,195
1790738793,0,7101930,0,5106.98,200.00,1860173823,4731174911,4810866687,4869586943,4957667327,1208320,5301600255,3481449472.35,1961283721.62,7101930,10,10,10,0,0,0,0,0,0,10731519,14950399,15917055,10421601.28,200
1790738794,0,7102130,0,5103.45,199.94,1859125247,4731174911,4810866687,4869586943,4957667327,1208320,5301600255,3481351659.29,1961342715.69,7102130,10,10,10,0,0,0,0,0,0,6967295,14278655,15327231,8044139.52,200
1790738795,0,7102330,0,5099.93,200.00,1857028095,4731174911,4810866687,4869586943,4957667327,1208320,5301600255,3481253872.94,1961401662.25,7102330,10,10,10,0,0,0,0,0,0,8241151,13533183,14123007,8797235.20,200
1790738796,0,7102540,0,5096.42,209.93,1857028095,4731174911,4810866687,4869586943,4957667327,1208320,5301600255,3481151212.69,1961463528.63,7102540,10,10,10,0,0,0,0,0,0,8454143,14909439,15884287,9117895.92,210
1790738797,0,7102735,0,5092.91,195.20,1857028095,4731174911,4810866687,4869586943,4957667327,1208320,5301600255,3481055903.16,1961520944.21,7102735,10,10,10,0,0,0,0,0,0,9084927,16957439,18546687,9570146.46,195
1790738798,0,7102930,0,5089.40,194.92,1855979519,4731174911,4810866687,4869586943,4957667327,1208320,5301600255,3480960598.10,1961578351.63,7102930,10,10,10,0,0,0,0,0,0,9273343,14794751,15630335,9542267.41,195
1790738799,0,7103130,0,5085.89,199.90,1855979519,4731174911,4810866687,4869586943,4957667327,1208320,5301600255,3480862859.68,1961637212.51,7103130,10,10,10,0,0,0,0,0,0,9953279,14434303,15163391,9716843.52,200
1790738800,0,7103340,0,5082.41,210.00,1855979519,4731174911,4810866687,4869586943,4957667327,1208320,5301600255,3480760245.82,1961698995.91,7103340,10,10,10,0,0,0,0,0,0,10223615,15532031,17203199,9905010.59,210
1790738801,0,7103539,0,5078.92,199.15,1854930943,4731174911,4810866687,4869586943,4957667327,1208320,5301600255,3480663013.80,1961757530.80,7103539,10,10,10,0,0,0,0,0,0,10297343,17891327,19759103,9948906.13,199
1790738802,0,7103730,0,5075.42,190.97,1854930943,4731174911,4810866687,4869586943,4957667327,1208320,5301600255,3480569679.01,1961813732.76,7103730,10,10,10,0,0,0,0,0,0,9052159,14991359,15990783,9327385.47,191
1790738803,0,7103940,0,5071.95,209.98,1854930943,4731174911,4810866687,4869586943,4957667327,1208320,5301600255,3480467066.58,1961875512.95,7103940,10,10,10,0,0,0,0,0,0,9428991,14770175,15704063,9367000.99,210
1790738804,0,7104130,0,5068.47,189.98,1853882367,4731174911,4810866687,4869586943,4957667327,1208320,5301600255,3480374246.92,1961931373.42,7104130,10,10,10,0,0,0,0,0,0,10067967,14696447,16048127,9925556.55,190
1790738805,0,7104330,0,5065.00,199.98,1851785215,4731174911,4810866687,4869586943,4957667327,1208320,5301600255,3480276530.03,1961990194.95,7104330,10,10,10,0,0,0,0,0,0,9699327,13910015,14622719,9308994.56,200
1790738806,0,7104530,0,5061.53,200.04,1851785215,4731174911,4810866687,4869586943,4957667327,1208320,5301600255,3480178835.38,1962048976.95,7104530,10,10,10,0,0,0,0,0,0,10698751,15007743,15761407,9903754.24,200
1790738807,0,7104730,0,5058.07,199.89,1851785215,4731174911,4810866687,4869586943,4957667327,1208320,5301600255,3480081163.64,1962107718.22,7104730,10,10,10,0,0,0,0,0,0,11091967,15548415,16556031,10522009.60,200
1790738808,0,7104930,0,5054.61,200.12,1850736639,4731174911,4810866687,4869586943,4957667327,1208320,5301600255,3479983471.96,1962166494.52,7104930,10,10,10,0,0,0,0,0,0,10076159,13393919,14000127,9618370.56,200
1790738809,0,7105133,0,5051.16,203.06,1850736639,4731174911,4810866687,4869586943,4957667327,1208320,5301600255,3479884315.36,1962226151.42,7105133,10,10,10,0,0,0,0,0,0,9543679,13557759,14524415,9437643.03,203
1790738810,0,7105330,0,5047.71,196.84,1850736639,4731174911,4810866687,4869586943,4957667327,1208320,5301600255,3479788114.48,1962284000.69,7105330,10,10,10,0,0,0,0,0,0,10403839,13369343,14073855,10143120.24,197
1790738811,0,7105530,0,5044.27,200.01,1849688063,4731174911,4810866687,4869586943,4957667327,1208320,5301600255,3479690420.95,1962342779.67,7105530,10,10,10,0,0,0,0,0,0,8331263,14557183,16637951,8966686.72,200
1790738812,0,7105734,0,5040.84,204.14,1848639487,4731174911,4810866687,4869586943,4957667327,1208320,5301600255,3479590769.10,1962402741.88,7105734,10,10,10,0,0,0,0,0,0,9355263,12705791,14475263,8613973.33,204
1790738813,0,7105930,0,5037.41,195.94,1847590911,4731174911,4810866687,4869586943,4957667327,1208320,5301600255,3479495063.41,1962460284.79,7105930,10,10,10,0,0,0,0,0,0,9584639,14827519,15548415,9805510.53,196
1790738814,0,7106130,0,5033.98,199.96,1846542335,4731174911,4810866687,4869586943,4957667327,1208320,5301600255,3479397351.38,1962519095.84,7106130,10,10,10,0,0,0,0,0,0,7876607,11853823,13017087,7723176.96,200
1790738815,0,7106340,0,5030.56,209.95,1846542335,4731174911,4810866687,4869586943,4957667327,1208320,5301600255,3479294765.36,1962580826.68,7106340,10,10,10,0,0,0,0,0,0,8200191,11452415,12328959,7915598.02,210
1790738816,0,7106540,0,5027.15,200.02,1846542335,4731174911,4810866687,4869586943,4957667327,1208320,5301600255,3479197063.21,1962639619.86,7106540,10,10,10,0,0,0,0,0,0,7442431,12681215,16482303,7673559.04,200
1790738817,0,7106730,0,5023.73,190.06,1846542335,4731174911,4810866687,4869586943,4957667327,1208320,5301600255,3479104233.34,1962695495.86,7106730,10,10,10,0,0,0,0,0,0,6840319,12156927,14147583,7003233.01,190
1790738818,0,7106940,0,5020.33,210.00,1846542335,4731174911,4810866687,4869586943,4957667327,1208320,5301600255,3479001642.36,1962757234.80,7106940,10,10,10,0,0,0,0,0,0,7163903,10051583,10985471,7161763.35,210
1790738819,0,7107132,0,5016.92,192.07,1846542335,4731174911,4810866687,4869586943,4957667327,1208320,5301600255,3478907876.32,1962813626.05,7107132,10,10,10,0,0,0,0,0,0,8585215,11026431,11747327,8128624.00,192
1790738820,0,7107330,0,5013.52,197.85,1846542335,4731174911,4810866687,4869586943,4957667327,1208320,5301600255,3478811172.93,1962871792.01,7107330,10,10,10,0,0,0,0,0,0,8101887,11091967,12378111,7681086.06,198
1790738821,0,7107532,0,5010.13,202.12,1845493759,4731174911,4810866687,4869586943,4957667327,1208320,5301600255,3478712534.16,1962931100.61,7107532,10,10,10,0,0,0,0,0,0,8626175,11018239,11190271,8126813.78,202
1790738822,0,7107735,0,5006.74,203.04,1845493759,4731174911,4810866687,4869586943,4957667327,1208320,5301600255,3478613391.57,1962990730.03,7107735,10,10,10,0,0,0,0,0,0,7192575,11083775,11952127,7386248.20,203
1790738823,0,7107940,0,5003.36,204.93,1844445183,4731174911,4810866687,4869586943,4957667327,1208320,5301600255,3478513274.05,1963050943.43,7107940,10,10,10,0,0,0,0,0,0,7946239,9674751,10133503,7251043.90,205
1790738824,0,7108138,0,4999.98,198.06,1844445183,4731174911,4810866687,4869586943,4957667327,1208320,5301600255,3478416601.56,1963109053.95,7108138,10,10,10,0,0,0,0,0,0,8368127,11730943,12918783,8001034.34,198
1790738825,0,7108330,0,4996.60,191.89,1842348031,4731174911,4810866687,4869586943,4957667327,1208320,5301600255,3478322850.41,1963165417.74,7108330,10,10,10,0,0,0,0,0,0,7229439,11493375,12222463,7509546.67,192
1790738826,0,7108538,0,4993.24,208.15,1841299455,4731174911,4810866687,4869586943,4957667327,1208320,5301600255,3478221300.33,1963226454.11,7108538,10,10,10,0,0,0,0,0,0,8077311,12009471,13172735,7781804.31,208
1790738827,0,7108730,0,4989.87,191.98,1841299455,4731174911,4810866687,4869586943,4957667327,1208320,5301600255,3478127556.53,1963282804.50,7108730,10,10,10,0,0,0,0,0,0,7446527,10772479,11952127,7391178.67,192
1790738828,0,7108930,0,4986.51,199.92,1841299455,4731174911,4810866687,4869586943,4957667327,1208320,5301600255,3478029916.27,1963341485.77,7108930,10,10,10,0,0,0,0,0,0,7217151,10838015,11165695,7538467.84,200
1790738829,0,7109140,0,4983.16,210.05,1841299455,4731174911,4810866687,4869586943,4957667327,1208320,5301600255,3477927385.89,1963403115.22,7109140,10,10,10,0,0,0,0,0,0,7041023,10739711,11403263,7064268.80,210
1790738830,0,7109340,0,4979.81,200.00,1840250879,4731174911,4810866687,4869586943,4957667327,1208320,5301600255,3477829759.14,1963461772.24,7109340,10,10,10,0,0,0,0,0,0,6664191,12967935,16498687,7618611.20,200
1790738831,0,7109538,0,4976.46,198.02,1839202303,4731174911,4810866687,4869586943,4957667327,1208320,5301600255,3477733153.69,1963519762.92,7109538,10,10,10,0,0,0,0,0,0,9379839,13795327,15425535,9041216.65,198
1790738832,0,7109740,0,4973.12,201.83,1837105151,4731174911,4810866687,4869586943,4957667327,1208320,5301600255,3477634602.57,1963578914.42,7109740,10,10,10,0,0,0,0,0,0,9207807,15466495,17072127,9055804.83,202
1790738833,0,7109937,0,4969.79,197.18,1837105151,4731174911,4810866687,4869586943,4957667327,1208320,5301600255,3477538511.32,1963636565.40,7109937,10,10,10,0,0,0,0,0,0,9904127,15015935,15974399,9600317.08,197
1790738834,0,7110137,0,4966.45,199.96,1836056575,4731174911,4810866687,4869586943,4957667327,1208320,5301600255,3477440961.57,1963695085.56,7110137,10,10,10,0,0,0,0,0,0,9568255,13778943,15400959,9578199.04,200
1790738835,0,7110340,0,4963.13,202.84,1836056575,4731174911,4810866687,4869586943,4957667327,1208320,5301600255,3477341958.79,1963754465.33,7110340,10,10,10,0,0,0,0,0,0,10149887,13737983,15106047,9739127.80,203
1790738836,0,7110530,0,4959.80,190.13,1835007999,4731174911,4810866687,4869586943,4957667327,1208320,5301600255,3477249289.38,1963810054.14,7110530,10,10,10,0,0,0,0,0,0,8216575,14884863,16048127,9296615.75,190
1790738837,0,7110730,0,4956.48,200.03,1835007999,4731174911,4810866687,4869586943,4957667327,1208320,5301600255,3477151747.31,1963868560.24,7110730,10,10,10,0,0,0,0,0,0,9134079,14852095,15663103,9272719.36,200
1790738838,0,7110930,0,4953.17,199.98,1833959423,4731174911,4810866687,4869586943,4957667327,1208320,5301600255,3477054207.49,1963927062.16,7110930,10,10,10,0,0,0,0,0,0,9928703,13574143,15179775,9157626.88,200
1790738839,0,7111130,0,4949.86,200.01,1831862271,4731174911,4810866687,4869586943,4957667327,1208320,5301600255,3476956668.38,1963985562.65,7111130,10,10,10,0,0,0,0,0,0,8478719,14630911,15384575,8987760.64,200
1790738840,0,7111331,0,4946.56,201.05,1831862271,4731174911,4810866687,4869586943,4957667327,1208320,5301600255,3476858669.89,1964044305.51,7111331,10,10,10,0,0,0,0,0,0,9232383,16859135,20381695,9793994.51,201
1790738841,0,7111530,0,4943.26,198.94,1830813695,4731174911,4810866687,4869586943,4957667327,1208320,5301600255,3476761642.45,1964102470.79,7111530,10,10,10,0,0,0,0,0,0,9830399,14901247,16220159,9453912.76,199
1790738842,0,7111730,0,4939.96,199.90,1830813695,4731174911,4810866687,4869586943,4957667327,1208320,5301600255,3476664131.68,1964160920.65,7111730,10,10,10,0,0,0,0,0,0,9330687,14090239,14794751,9410314.24,200
1790738843,0,7111810,0,4936.59,80.05,1830813695,4731174911,4810866687,4869586943,4957667327,1208320,5301600255,3476625149.90,1964184260.79,7111810,10,10,10,0,0,0,0,0,0,11763711,15605759,16523263,11276364.80,80
1790738844,0,7111810,0,4933.16,0.00,1830813695,4731174911,4810866687,4869586943,4957667327,1208320,5301600255,3476625149.90,1964184260.79,7111810,10,10,10,0,0,0,0,0,0,0,0,0,0.00,0
1790738845,0,7111810,0,4929.74,0.00,1830813695,4731174911,4810866687,4869586943,4957667327,1208320,5301600255,3476625149.90,1964184260.79,7111810,10,10,10,0,0,0,0,0,0,0,0,0,0.00,0
1790738846,0,7111810,0,4926.33,0.00,1830813695,4731174911,4810866687,4869586943,4957667327,1208320,5301600255,3476625149.90,1964184260.79,7111810,10,10,10,0,0,0,0,0,0,0,0,0,0.00,0
1790738847,0,7111810,0,4922.92,0.00,1830813695,4731174911,4810866687,4869586943,4957667327,1208320,5301600255,3476625149.90,1964184260.79,7111810,10,10,10,0,0,0,0,0,0,0,0,0,0.00,0
