timestamp,sent_count,received_count,error_count,total_throughput,interval_throughput,latency_ns_p25,latency_ns_p50,latency_ns_p75,latency_ns_p95,latency_ns_p99,latency_ns_min,latency_ns_max,latency_ns_mean,latency_ns_stddev,latency_sample_count,connections,active_connections,connection_attempts,connection_failures,crashes_injected,reconnects,reconnect_failures,duplicate_count,gap_count,interval_latency_ns_p50,interval_latency_ns_p95,interval_latency_ns_p99,interval_latency_ns_mean,interval_latency_sample_count
1790801145,0,0,0,0.00,0.00,0,0,0,0,0,0,0,0.00,0.00,0,0,0,1,0,0,0,0,0,0,0,0,0,0.00,0
1790801146,0,0,0,0.00,0.00,0,0,0,0,0,0,0,0.00,0.00,0,1,1,1,0,0,0,0,0,0,0,0,0,0.00,0
1790801147,0,0,0,0.00,0.00,0,0,0,0,0,0,0,0.00,0.00,0,1,1,1,0,0,0,0,0,0,0,0,0,0.00,0
1790801148,0,0,0,0.00,0.00,0,0,0,0,0,0,0,0.00,0.00,0,1,1,1,0,0,0,0,0,0,0,0,0,0.00,0
1790801149,0,0,0,0.00,0.00,0,0,0,0,0,0,0,0.00,0.00,0,1,1,1,0,0,0,0,0,0,0,0,0,0.00,0
1790801150,0,0,0,0.00,0.00,0,0,0,0,0,0,0,0.00,0.00,0,1,1,1,0,0,0,0,0,0,0,0,0,0.00,0
1790801151,0,0,0,0.00,0.00,0,0,0,0,0,0,0,0.00,0.00,0,1,1,1,0,0,0,0,0,0,0,0,0,0.00,0
1790801152,0,0,0,0.00,0.00,0,0,0,0,0,0,0,0.00,0.00,0,2,2,2,0,0,0,0,0,0,0,0,0,0.00,0
1790801153,0,0,0,0.00,0.00,0,0,0,0,0,0,0,0.00,0.00,0,2,2,2,0,0,0,0,0,0,0,0,0,0.00,0
1790801154,0,0,0,0.00,0.00,0,0,0,0,0,0,0,0.00,0.00,0,2,2,2,0,0,0,0,0,0,0,0,0,0.00,0
1790801155,0,0,0,0.00,0.00,0,0,0,0,0,0,0,0.00,0.00,0,2,2,2,0,0,0,0,0,0,0,0,0,0.00,0
1790801156,0,0,0,0.00,0.00,0,0,0,0,0,0,0,0.00,0.00,0,2,2,2,0,0,0,0,0,0,0,0,0,0.00,0
1790801157,0,0,0,0.00,0.00,0,0,0,0,0,0,0,0.00,0.00,0,2,2,2,0,0,0,0,0,0,0,0,0,0.00,0
1790801158,0,0,0,0.00,0.00,0,0,0,0,0,0,0,0.00,0.00,0,2,2,2,0,0,0,0,0,0,0,0,0,0.00,0
1790801159,0,0,0,0.00,0.00,0,0,0,0,0,0,0,0.00,0.00,0,3,3,3,0,0,0,0,0,0,0,0,0,0.00,0
1790801160,0,0,0,0.00,0.00,0,0,0,0,0,0,0,0.00,0.00,0,3,3,3,0,0,0,0,0,0,0,0,0,0.00,0
1790801161,0,0,0,0.00,0.00,0,0,0,0,0,0,0,0.00,0.00,0,3,3,3,0,0,0,0,0,0,0,0,0,0.00,0
1790801162,0,0,0,0.00,0.00,0,0,0,0,0,0,0,0.00,0.00,0,3,3,3,0,0,0,0,0,0,0,0,0,0.00,0
1790801163,0,0,0,0.00,0.00,0,0,0,0,0,0,0,0.00,0.00,0,3,3,3,0,0,0,0,0,0,0,0,0,0.00,0
1790801164,0,0,0,0.00,0.00,0,0,0,0,0,0,0,0.00,0.00,0,3,3,3,0,0,0,0,0,0,0,0,0,0.00,0
1790801165,0,0,0,0.00,0.00,0,0,0,0,0,0,0,0.00,0.00,0,3,3,3,0,0,0,0,0,0,0,0,0,0.00,0
1790801166,0,0,0,0.00,0.00,0,0,0,0,0,0,0,0.00,0.00,0,4,4,4,0,0,0,0,0,0,0,0,0,0.00,0
1790801167,0,0,0,0.00,0.00,0,0,0,0,0,0,0,0.00,0.00,0,4,4,4,0,0,0,0,0,0,0,0,0,0.00,0
1790801168,0,0,0,0.00,0.00,0,0,0,0,0,0,0,0.00,0.00,0,4,4,4,0,0,0,0,0,0,0,0,0,0.00,0
1790801169,0,0,0,0.00,0.00,0,0,0,0,0,0,0,0.00,0.00,0,4,4,4,0,0,0,0,0,0,0,0,0,0.00,0
1790801170,0,0,0,0.00,0.00,0,0,0,0,0,0,0,0.00,0.00,0,4,4,4,0,0,0,0,0,0,0,0,0,0.00,0
1790801171,0,0,0,0.00,0.00,0,0,0,0,0,0,0,0.00,0.00,0,4,4,4,0,0,0,0,0,0,0,0,0,0.00,0
1790801172,0,0,0,0.00,0.00,0,0,0,0,0,0,0,0.00,0.00,0,5,5,5,0,0,0,0,0,0,0,0,0,0.00,0
1790801173,0,0,0,0.00,0.00,0,0,0,0,0,0,0,0.00,0.00,0,5,5,5,0,0,0,0,0,0,0,0,0,0.00,0
1790801174,0,0,0,0.00,0.00,0,0,0,0,0,0,0,0.00,0.00,0,5,5,5,0,0,0,0,0,0,0,0,0,0.00,0
1790801175,0,0,0,0.00,0.00,0,0,0,0,0,0,0,0.00,0.00,0,5,5,5,0,0,0,0,0,0,0,0,0,0.00,0
1790801176,0,0,0,0.00,0.00,0,0,0,0,0,0,0,0.00,0.00,0,5,5,5,0,0,0,0,0,0,0,0,0,0.00,0
1790801177,0,0,0,0.00,0.00,0,0,0,0,0,0,0,0.00,0.00,0,5,5,5,0,0,0,0,0,0,0,0,0,0.00,0
1790801178,0,0,0,0.00,0.00,0,0,0,0,0,0,0,0.00,0.00,0,5,5,5,0,0,0,0,0,0,0,0,0,0.00,0
1790801179,0,0,0,0.00,0.00,0,0,0,0,0,0,0,0.00,0.00,0,6,6,6,0,0,0,0,0,0,0,0,0,0.00,0
1790801180,0,0,0,0.00,0.00,0,0,0,0,0,0,0,0.00,0.00,0,6,6,6,0,0,0,0,0,0,0,0,0,0.00,0
1790801181,0,0,0,0.00,0.00,0,0,0,0,0,0,0,0.00,0.00,0,6,6,6,0,0,0,0,0,0,0,0,0,0.00,0
1790801182,0,0,0,0.00,0.00,0,0,0,0,0,0,0,0.00,0.00,0,6,6,6,0,0,0,0,0,0,0,0,0,0.00,0
1790801183,0,0,0,0.00,0.00,0,0,0,0,0,0,0,0.00,0.00,0,6,6,6,0,0,0,0,0,0,0,0,0,0.00,0
1790801184,0,0,0,0.00,0.00,0,0,0,0,0,0,0,0.00,0.00,0,6,6,6,0,0,0,0,0,0,0,0,0,0.00,0
1790801185,0,0,0,0.00,0.00,0,0,0,0,0,0,0,0.00,0.00,0,6,6,6,0,0,0,0,0,0,0,0,0,0.00,0
1790801186,0,0,0,0.00,0.00,0,0,0,0,0,0,0,0.00,0.00,0,7,7,7,0,0,0,0,0,0,0,0,0,0.00,0
1790801187,0,0,0,0.00,0.00,0,0,0,0,0,0,0,0.00,0.00,0,7,7,7,0,0,0,0,0,0,0,0,0,0.00,0
1790801188,0,0,0,0.00,0.00,0,0,0,0,0,0,0,0.00,0.00,0,7,7,7,0,0,0,0,0,0,0,0,0,0.00,0
1790801189,0,0,0,0.00,0.00,0,0,0,0,0,0,0,0.00,0.00,0,7,7,7,0,0,0,0,0,0,0,0,0,0.00,0
1790801190,0,0,0,0.00,0.00,0,0,0,0,0,0,0,0.00,0.00,0,7,7,7,0,0,0,0,0,0,0,0,0,0.00,0
1790801191,0,0,0,0.00,0.00,0,0,0,0,0,0,0,0.00,0.00,0,7,7,7,0,0,0,0,0,0,0,0,0,0.00,0
1790801192,0,0,0,0.00,0.00,0,0,0,0,0,0,0,0.00,0.00,0,8,8,8,0,0,0,0,0,0,0,0,0,0.00,0
1790801193,0,0,0,0.00,0.00,0,0,0,0,0,0,0,0.00,0.00,0,8,8,8,0,0,0,0,0,0,0,0,0,0.00,0
1790801194,0,0,0,0.00,0.00,0,0,0,0,0,0,0,0.00,0.00,0,8,8,8,0,0,0,0,0,0,0,0,0,0.00,0
1790801195,0,0,0,0.00,0.00,0,0,0,0,0,0,0,0.00,0.00,0,8,8,8,0,0,0,0,0,0,0,0,0,0.00,0
1790801196,0,0,0,0.00,0.00,0,0,0,0,0,0,0,0.00,0.00,0,8,8,8,0,0,0,0,0,0,0,0,0,0.00,0
1790801197,0,0,0,0.00,0.00,0,0,0,0,0,0,0,0.00,0.00,0,8,8,8,0,0,0,0,0,0,0,0,0,0.00,0
1790801198,0,0,0,0.00,0.00,0,0,0,0,0,0,0,0.00,0.00,0,8,8,8,0,0,0,0,0,0,0,0,0,0.00,0
1790801199,0,0,0,0.00,0.00,0,0,0,0,0,0,0,0.00,0.00,0,9,9,9,0,0,0,0,0,0,0,0,0,0.00,0
1790801200,0,0,0,0.00,0.00,0,0,0,0,0,0,0,0.00,0.00,0,9,9,9,0,0,0,0,0,0,0,0,0,0.00,0
1790801201,0,0,0,0.00,0.00,0,0,0,0,0,0,0,0.00,0.00,0,9,9,9,0,0,0,0,0,0,0,0,0,0.00,0
1790801202,0,0,0,0.00,0.00,0,0,0,0,0,0,0,0.00,0.00,0,9,9,9,0,0,0,0,0,0,0,0,0,0.00,0
1790801203,0,0,0,0.00,0.00,0,0,0,0,0,0,0,0.00,0.00,0,9,9,9,0,0,0,0,0,0,0,0,0,0.00,0
1790801204,0,0,0,0.00,0.00,0,0,0,0,0,0,0,0.00,0.00,0,9,9,9,0,0,0,0,0,0,0,0,0,0.00,0
1790801205,0,0,0,0.00,0.00,0,0,0,0,0,0,0,0.00,0.00,0,9,9,9,0,0,0,0,0,0,0,0,0,0.00,0
1790801206,0,0,0,0.00,0.00,0,0,0,0,0,0,0,0.00,0.00,0,10,10,10,0,0,0,0,0,0,0,0,0,0.00,0
1790801207,0,190,0,217.57,190.12,1199103,1974271,2844671,6987775,9101311,595456,9412607,2454243.71,1805316.38,190,10,10,10,0,0,0,0,0,0,1974271,6987775,9101311,2454243.71,190
1790801208,0,390,0,208.12,199.87,1180671,1957887,2824191,3502079,8880127,595456,9412607,2195395.61,1423554.82,390,10,10,10,0,0,0,0,0,0,1830911,3139583,3198975,1949489.92,200
1790801209,0,590,0,205.32,200.06,1182719,1955839,2818047,3221503,7983103,531968,9412607,2124378.68,1267082.60,590,10,10,10,0,0,0,0,0,0,1945599,3176447,3401727,1985895.68,200
1790801210,0,790,0,203.92,199.89,1180671,1945599,2805759,3178495,7954431,531968,9412607,2074020.29,1177426.69,790,10,10,10,0,0,0,0,0,0,1754111,3092479,3155967,1925463.04,200
1790801211,0,990,0,203.13,200.10,1174527,1933311,2791423,3147775,6987775,449536,9412607,2038661.56,1120396.99,990,10,10,10,0,0,0,0,0,0,1760255,3067903,3135487,1898994.56,200
1790801212,0,1190,0,202.60,200.01,1174527,1927167,2787327,3139583,6840319,449536,9412607,2021042.55,1079975.64,1190,10,10,10,0,0,0,0,0,0,1832959,3106815,3184639,1933828.48,200
1790801213,0,1390,0,202.21,199.91,1174527,1923071,2783231,3133439,5873663,449536,9412607,2007408.90,1048818.87,1390,10,10,10,0,0,0,0,0,0,1846271,3086335,3147775,1926288.64,200
1790801214,0,1590,0,201.93,200.04,1174527,1925119,2781183,3133439,5656575,449536,9412607,2000093.06,1026396.82,1590,10,10,10,0,0,0,0,0,0,1933311,3092479,3237887,1949248.00,200
1790801215,0,1790,0,201.73,200.09,1171455,1923071,2779135,3133439,4943871,449536,9412607,1990494.25,1010351.86,1790,10,10,10,0,0,0,0,0,0,1835007,3129343,3219455,1914183.68,200
1790801216,0,1990,0,201.54,199.89,1170431,1917951,2779135,3133439,3704831,449536,9412607,1984643.09,997568.39,1990,10,10,10,0,0,0,0,0,0,1879039,3102719,3327999,1932275.20,200
1790801217,0,2190,0,201.40,200.03,1168383,1916927,2781183,3135487,3590143,449536,9412607,1980573.69,987818.27,2190,10,10,10,0,0,0,0,0,0,1795071,3149823,3336191,1940083.20,200
1790801218,0,2390,0,201.29,200.04,1167359,1916927,2783231,3135487,3545087,449536,9412607,1978395.58,979557.32,2390,10,10,10,0,0,0,0,0,0,1882111,3160063,3428351,1954545.28,200
1790801219,0,2590,0,201.18,199.89,1166335,1916927,2783231,3137535,3467263,449536,9412607,1975093.92,972554.10,2590,10,10,10,0,0,0,0,0,0,1914879,3151871,3340287,1935639.04,200
1790801220,0,2790,0,201.10,200.10,1165311,1912831,2783231,3139583,3401727,449536,9412607,1971159.17,966226.42,2790,10,10,10,0,0,0,0,0,0,1808383,3141631,3282943,1920204.16,200
1790801221,0,2990,0,201.03,200.03,1165311,1907711,2785279,3141631,3409919,449536,9412607,1969684.33,961569.26,2990,10,10,10,0,0,0,0,0,0,1811455,3155967,3409919,1949110.40,200
1790801222,0,3190,0,200.96,199.88,1164287,1905663,2785279,3141631,3401727,449536,9412607,1968238.51,955957.53,3190,10,10,10,0,0,0,0,0,0,1862655,3151871,3270655,1946623.36,200
1790801223,0,3390,0,200.90,200.05,1165311,1914879,2789375,3147775,3481599,449536,9412607,1973896.50,957805.89,3390,10,10,10,0,0,0,0,0,0,1990655,3317759,4653055,2064141.44,200
1790801224,0,3590,0,200.86,200.08,1165311,1917951,2791423,3149823,3545087,449536,9412607,1976208.44,957417.07,3590,10,10,10,0,0,0,0,0,0,1966079,3215359,4526079,2015395.84,200
1790801225,0,3790,0,200.81,200.01,1167359,1919999,2795519,3153919,3530751,449536,9412607,1979337.22,953831.19,3790,10,10,10,0,0,0,0,0,0,1995775,3237887,3440639,2035498.88,200
1790801226,0,3990,0,200.77,199.92,1169407,1922047,2799615,3162111,3549183,449536,9412607,1985652.07,951370.12,3990,10,10,10,0,0,0,0,0,0,1991679,3358719,3659775,2105318.40,200
1790801227,0,4190,0,200.73,200.06,1171455,1922047,2801663,3170303,3590143,449536,9412607,1988973.30,950839.22,4190,10,10,10,0,0,0,0,0,0,1910783,3207167,4739071,2055232.00,200
1790801228,0,4390,0,200.70,199.99,1172479,1925119,2803711,3176447,3659775,449536,9412607,1993429.08,949837.25,4390,10,10,10,0,0,0,0,0,0,2007039,3399679,3743743,2086777.60,200
1790801229,0,4590,0,200.67,200.07,1173503,1929215,2805759,3180543,3698687,449536,9412607,1994615.52,948588.95,4590,10,10,10,0,0,0,0,0,0,1977343,3221503,4476927,2020657.92,200
1790801230,0,4790,0,200.64,199.86,1175551,1929215,2805759,3176447,3670015,449536,9412607,1993531.91,944812.96,4790,10,10,10,0,0,0,0,0,0,1881087,3168255,3201023,1968663.04,200
1790801231,0,4990,0,200.61,200.07,1176575,1925119,2805759,3176447,3655679,449536,9412607,1991977.91,941318.41,4990,10,10,10,0,0,0,0,0,0,1774591,3147775,3215359,1954759.68,200
1790801232,0,5190,0,200.59,199.89,1176575,1925119,2805759,3174399,3631103,449536,9412607,1990766.24,938014.77,5190,10,10,10,0,0,0,0,0,0,1818623,3158015,3190783,1960535.04,200
1790801233,0,5390,0,200.57,200.02,1177599,1925119,2807807,3172351,3575807,449536,9412607,1990261.93,935136.81,5390,10,10,10,0,0,0,0,0,0,1942527,3153919,3221503,1977175.04,200
1790801234,0,5590,0,200.55,200.07,1180671,1927167,2807807,3174399,3659775,449536,9412607,1993529.93,941641.56,5590,10,10,10,0,0,0,0,0,0,1942527,3188735,6311935,2081602.56,200
1790801235,0,5790,0,200.53,200.07,1179647,1927167,2807807,3172351,3637247,449536,9412607,1992075.27,938678.22,5790,10,10,10,0,0,0,0,0,0,1904639,3125247,3196927,1951417.60,200
1790801236,0,5990,0,200.51,199.85,1179647,1929215,2807807,3170303,3590143,449536,9412607,1990813.06,936049.60,5990,10,10,10,0,0,0,0,0,0,1945599,3119103,3217407,1954272.00,200
1790801237,0,6190,0,200.50,200.12,1179647,1925119,2807807,3168255,3569663,449536,9412607,1989231.04,933402.05,6190,10,10,10,0,0,0,0,0,0,1741823,3135487,3166207,1941849.60,200
1790801238,0,6390,0,200.48,200.06,1179647,1925119,2807807,3166207,3549183,449536,9412607,1988030.90,930946.62,6390,10,10,10,0,0,0,0,0,0,1832959,3131391,3196927,1950886.40,200
1790801239,0,6590,0,200.46,199.82,1179647,1927167,2807807,3164159,3536895,449536,9412607,1987276.37,928787.68,6590,10,10,10,0,0,0,0,0,0,1938431,3131391,3225599,1963169.28,200
1790801240,0,6790,0,200.45,200.08,1179647,1925119,2805759,3164159,3530751,449536,9412607,1985690.92,926495.85,6790,10,10,10,0,0,0,0,0,0,1771519,3104767,3168255,1933450.24,200
1790801241,0,6990,0,200.44,200.06,1179647,1930239,2805759,3162111,3516415,449536,9412607,1985583.72,924621.23,6990,10,10,10,0,0,0,0,0,0,1955839,3135487,3479551,1981944.32,200
1790801242,0,7190,0,200.42,199.88,1179647,1930239,2805759,3160063,3504127,449536,9412607,1984223.60,922449.66,7190,10,10,10,0,0,0,0,0,0,1750015,3110911,3143679,1936687.36,200
1790801243,0,7390,0,200.41,200.05,1179647,1930239,2805759,3160063,3500031,449536,9412607,1983381.24,920502.62,7390,10,10,10,0,0,0,0,0,0,1778687,3139583,3174399,1953098.24,200
1790801244,0,7590,0,200.40,200.06,1180671,1931263,2805759,3158015,3500031,449536,9412607,1983169.40,918818.63,7590,10,10,10,0,0,0,0,0,0,1958911,3137535,3399679,1975342.08,200
1790801245,0,7790,0,200.40,200.05,1180671,1931263,2805759,3158015,3479551,449536,9412607,1982804.33,917019.58,7790,10,10,10,0,0,0,0,0,0,1821695,3141631,3207167,1968949.76,200
1790801246,0,7990,0,200.38,199.83,1181695,1935359,2807807,3158015,3500031,449536,9412607,1983962.90,916736.46,7990,10,10,10,0,0,0,0,0,0,1978367,3180543,4284415,2029089.28,200
1790801247,0,8190,0,200.37,200.07,1181695,1934335,2805759,3158015,3479551,449536,9412607,1983143.29,914994.20,8190,10,10,10,0,0,0,0,0,0,1856511,3129343,3178495,1950400.00,200
1790801248,0,8390,0,200.37,200.08,1181695,1933311,2805759,3155967,3463167,449536,9412607,1982021.69,913424.61,8390,10,10,10,0,0,0,0,0,0,1740799,3123199,3147775,1936092.16,200
1790801249,0,8590,0,200.36,199.89,1181695,1933311,2805759,3155967,3440639,449536,9412607,1981619.35,912010.18,8590,10,10,10,0,0,0,0,0,0,1899519,3151871,3192831,1964741.12,200
1790801250,0,8790,0,200.35,200.05,1182719,1933311,2805759,3153919,3432447,449536,9412607,1980973.55,910467.21,8790,10,10,10,0,0,0,0,0,0,1931263,3121151,3168255,1953236.48,200
1790801251,0,8990,0,200.34,200.08,1182719,1932287,2805759,3153919,3430399,449536,9412607,1980548.13,909087.47,8990,10,10,10,0,0,0,0,0,0,1805311,3162111,3196927,1961850.88,200
1790801252,0,9190,0,200.33,200.00,1182719,1930239,2805759,3153919,3426303,449536,9412607,1979611.06,907716.69,9190,10,10,10,0,0,0,0,0,0,1769471,3133439,3172351,1937489.92,200
1790801253,0,9390,0,200.32,199.87,1182719,1930239,2805759,3151871,3420159,449536,9412607,1978671.14,906505.12,9390,10,10,10,0,0,0,0,0,0,1919999,3121151,3280895,1935481.60,200
1790801254,0,9590,0,200.32,200.06,1183743,1931263,2803711,3151871,3420159,449536,9412607,1978292.64,905096.16,9590,10,10,10,0,0,0,0,0,0,1937407,3108863,3303423,1960522.24,200
1790801255,0,9790,0,200.31,199.89,1183743,1930239,2803711,3149823,3420159,449536,9412607,1977569.38,903920.79,9790,10,10,10,0,0,0,0,0,0,1859583,3106815,3420159,1942888.96,200
1790801256,0,9990,0,200.30,200.01,1182719,1930239,2801663,3149823,3416063,449536,9412607,1976841.61,902630.01,9990,10,10,10,0,0,0,0,0,0,1855487,3102719,3174399,1941217.28,200
1790801257,0,10190,0,200.30,200.04,1182719,1927167,2801663,3149823,3416063,449536,9412607,1976465.57,902449.16,10190,10,10,10,0,0,0,0,0,0,1848319,3231743,3362815,1957682.56,200
1790801258,0,10390,0,200.30,200.12,1182719,1926143,2803711,3149823,3414015,449536,9412607,1975984.38,902237.32,10390,10,10,10,0,0,0,0,0,0,1901567,3194879,3387391,1951467.52,200
1790801259,0,10590,0,200.29,199.93,1181695,1925119,2801663,3149823,3409919,449536,9412607,1974791.65,901492.28,10590,10,10,10,0,0,0,0,0,0,1863679,3104767,3207167,1912829.44,200
1790801260,0,10790,0,200.28,200.06,1181695,1925119,2801663,3149823,3401727,449536,9412607,1974010.20,900619.95,10790,10,10,10,0,0,0,0,0,0,1791999,3121151,3219455,1932632.32,200
1790801261,0,10990,0,200.28,199.87,1181695,1925119,2801663,3149823,3399679,449536,9412607,1973414.85,899888.67,10990,10,10,10,0,0,0,0,0,0,1801215,3131391,3215359,1941296.00,200
1790801262,0,11190,0,200.27,200.13,1181695,1925119,2801663,3149823,3399679,449536,9412607,1973163.47,899332.61,11190,10,10,10,0,0,0,0,0,0,1800191,3153919,3235839,1959349.76,200
1790801263,0,11390,0,200.27,199.84,1181695,1924095,2801663,3149823,3397631,449536,9412607,1972826.26,898762.54,11390,10,10,10,0,0,0,0,0,0,1782783,3170303,3205119,1953959.68,200
1790801264,0,11590,0,200.26,200.16,1181695,1924095,2803711,3149823,3395583,449536,9412607,1972937.84,898295.83,11590,10,10,10,0,0,0,0,0,0,1924095,3168255,3248127,1979292.16,200
1790801265,0,11790,0,200.26,199.85,1181695,1924095,2801663,3149823,3389439,449536,9412607,1972542.03,897731.98,11790,10,10,10,0,0,0,0,0,0,1819647,3149823,3219455,1949605.12,200
1790801266,0,11990,0,200.25,200.08,1181695,1924095,2801663,3149823,3387391,415488,9412607,1972146.88,897275.10,11990,10,10,10,0,0,0,0,0,0,1921023,3127295,3219455,1948852.48,200
1790801267,0,12210,0,200.58,220.03,1181695,1923071,2801663,3149823,3377151,389376,9412607,1971938.04,896742.55,12210,10,10,10,0,0,0,0,0,0,1801215,3178495,3250175,1960556.22,220
1790801268,0,12410,0,200.57,199.89,1181695,1923071,2803711,3149823,3375103,389376,9412607,1972127.69,896126.61,12410,10,10,10,0,0,0,0,0,0,1940479,3145727,3227647,1983705.60,200
1790801269,0,12610,0,200.56,200.03,1182719,1923071,2803711,3149823,3371007,389376,9412607,1972202.62,895620.60,12610,10,10,10,0,0,0,0,0,0,1911807,3149823,3268607,1976852.48,200
1790801270,0,12810,0,200.55,200.07,1182719,1923071,2803711,3149823,3368959,389376,9412607,1971846.40,895044.13,12810,10,10,10,0,0,0,0,0,0,1819647,3145727,3196927,1949386.24,200
1790801271,0,13010,0,200.54,200.08,1182719,1923071,2803711,3151871,3364863,389376,9412607,1972221.58,894676.43,13010,10,10,10,0,0,0,0,0,0,1971199,3188735,3258367,1996252.16,200
1790801272,0,13210,0,200.53,199.86,1183743,1924095,2805759,3151871,3368959,389376,9412607,1973125.85,894726.96,13210,10,10,10,0,0,0,0,0,0,2012159,3211263,3938303,2031948.80,200
1790801273,0,13410,0,200.53,200.06,1183743,1924095,2805759,3151871,3364863,389376,9412607,1972899.17,894187.53,13410,10,10,10,0,0,0,0,0,0,1818623,3141631,3215359,1957927.04,200
1790801274,0,13610,0,200.52,199.93,1183743,1924095,2805759,3151871,3364863,389376,9412607,1973206.90,893710.30,13610,10,10,10,0,0,0,0,0,0,1980415,3182591,3350527,1993840.00,200
1790801275,0,13810,0,200.51,200.07,1183743,1924095,2805759,3151871,3362815,389376,9412607,1972733.53,893100.18,13810,10,10,10,0,0,0,0,0,0,1822719,3110911,3182591,1940520.96,200
1790801276,0,14010,0,200.50,199.91,1184767,1924095,2805759,3151871,3358719,389376,9412607,1972784.08,892640.39,14010,10,10,10,0,0,0,0,0,0,1868799,3151871,3246079,1976273.92,200
1790801277,0,14210,0,200.50,200.05,1184767,1924095,2805759,3151871,3356671,389376,9412607,1972558.43,892042.70,14210,10,10,10,0,0,0,0,0,0,1821695,3149823,3203071,1956752.00,200
1790801278,0,14410,0,200.49,200.08,1184767,1924095,2805759,3151871,3350527,389376,9412607,1972510.09,891404.10,14410,10,10,10,0,0,0,0,0,0,1857535,3158015,3205119,1969075.20,200
1790801279,0,14610,0,200.48,199.87,1184767,1924095,2805759,3151871,3348479,389376,9412607,1972155.16,890727.52,14610,10,10,10,0,0,0,0,0,0,1775615,3137535,3194879,1946583.04,200
1790801280,0,14810,0,200.48,200.08,1185791,1925119,2805759,3153919,3356671,389376,9412607,1973062.33,891049.98,14810,10,10,10,0,0,0,0,0,0,1976319,3215359,4061183,2039330.56,200
1790801281,0,15010,0,200.47,200.07,1184767,1923071,2805759,3153919,3356671,389376,9412607,1972272.56,890864.71,15010,10,10,10,0,0,0,0,0,0,1758207,3196927,3309567,1913790.08,200
1790801282,0,15210,0,200.46,199.91,1184767,1923071,2805759,3153919,3356671,389376,9412607,1972207.86,890691.54,15210,10,10,10,0,0,0,0,0,0,1911807,3158015,3801087,1967352.32,200
1790801283,0,15410,0,200.46,200.02,1183743,1918975,2803711,3153919,3356671,389376,9412607,1969871.62,890152.28,15410,10,10,10,0,0,0,0,0,0,1705983,3088383,3194879,1792200.96,200
1790801284,0,15610,0,200.45,199.93,1183743,1917951,2803711,3151871,3356671,389376,9412607,1969140.20,889923.26,15610,10,10,10,0,0,0,0,0,0,1857535,3133439,3262463,1912784.00,200
1790801285,0,15810,0,200.45,200.07,1183743,1917951,2801663,3151871,3356671,389376,9412607,1968863.63,889392.26,15810,10,10,10,0,0,0,0,0,0,1914879,3084287,3612671,1947277.44,200
1790801286,0,16010,0,200.44,200.06,1183743,1918975,2801663,3151871,3358719,389376,9412607,1968597.87,888674.05,16010,10,10,10,0,0,0,0,0,0,1925119,3076095,3416063,1947589.12,200
1790801287,0,16210,0,200.44,199.87,1183743,1917951,2801663,3151871,3356671,389376,9412607,1968056.16,887910.50,16210,10,10,10,0,0,0,0,0,0,1769471,3092479,3131391,1924692.48,200
1790801288,0,16410,0,200.43,200.06,1183743,1917951,2801663,3149823,3356671,389376,9412607,1967903.96,887381.23,16410,10,10,10,0,0,0,0,0,0,1888255,3127295,3215359,1955568.64,200
1790801289,0,16610,0,200.43,200.06,1183743,1917951,2799615,3149823,3350527,389376,9412607,1967251.68,886745.74,16610,10,10,10,0,0,0,0,0,0,1739775,3082239,3106815,1913731.84,200
1790801290,0,16810,0,200.42,200.06,1183743,1917951,2799615,3149823,3348479,389376,9412607,1966966.77,886114.97,16810,10,10,10,0,0,0,0,0,0,1905663,3096575,3170303,1943304.96,200
1790801291,0,17010,0,200.42,199.90,1183743,1917951,2797567,3147775,3346431,389376,9412607,1966522.66,885477.16,17010,10,10,10,0,0,0,0,0,0,1748991,3096575,3131391,1929195.52,200
1790801292,0,17210,0,200.41,200.01,1183743,1915903,2797567,3147775,3348479,389376,9412607,1966437.84,885339.79,17210,10,10,10,0,0,0,0,0,0,1902591,3133439,3733503,1959223.68,200
1790801293,0,17410,0,200.41,200.08,1182719,1914879,2797567,3147775,3348479,389376,9412607,1966267.75,885359.60,17410,10,10,10,0,0,0,0,0,0,1862655,3194879,3323903,1951631.36,200
1790801294,0,17610,0,200.40,199.88,1182719,1914879,2797567,3149823,3348479,389376,9412607,1965903.61,885231.83,17610,10,10,10,0,0,0,0,0,0,1819647,3162111,3287039,1934205.44,200
1790801295,0,17810,0,200.40,200.03,1182719,1914879,2799615,3149823,3346431,389376,9412607,1966038.04,884876.11,17810,10,10,10,0,0,0,0,0,0,1822719,3184639,3217407,1977873.92,200
1790801296,0,18010,0,200.39,200.02,1183743,1914879,2799615,3149823,3344383,389376,9412607,1966166.89,884522.56,18010,10,10,10,0,0,0,0,0,0,1837055,3160063,3237887,1977640.96,200
1790801297,0,18210,0,200.39,200.05,1183743,1914879,2799615,3149823,3338239,389376,9412607,1966080.01,884121.09,18210,10,10,10,0,0,0,0,0,0,1775615,3133439,3188735,1958256.64,200
1790801298,0,18410,0,200.38,199.88,1183743,1914879,2799615,3149823,3334143,389376,9412607,1965995.52,883756.78,18410,10,10,10,0,0,0,0,0,0,1820671,3147775,3223551,1958302.72,200
1790801299,0,18610,0,200.38,200.05,1184767,1916927,2799615,3149823,3344383,389376,9412607,1966864.76,883996.68,18610,10,10,10,0,0,0,0,0,0,1993727,3194879,4218879,2046878.72,200
1790801300,0,18810,0,200.38,200.03,1184767,1917951,2799615,3149823,3346431,389376,9412607,1967624.85,883987.68,18810,10,10,10,0,0,0,0,0,0,1992703,3192831,3880959,2038351.36,200
1790801301,0,19010,0,200.37,200.02,1184767,1918975,2801663,3151871,3344383,389376,9412607,1967906.54,883774.64,19010,10,10,10,0,0,0,0,0,0,1957887,3164159,3309567,1994398.72,200
1790801302,0,19210,0,200.37,200.03,1184767,1918975,2801663,3151871,3340287,389376,9412607,1967889.28,883486.05,19210,10,10,10,0,0,0,0,0,0,1813503,3155967,3225599,1966248.96,200
1790801303,0,19410,0,200.36,199.83,1184767,1917951,2801663,3151871,3346431,389376,9412607,1968426.05,884180.64,19410,10,10,10,0,0,0,0,0,0,1886207,3227647,4640767,2019983.36,200
1790801304,0,19610,0,200.36,200.07,1184767,1914879,2801663,3151871,3344383,389376,9412607,1967704.63,884117.78,19610,10,10,10,0,0,0,0,0,0,1794047,3086335,3299327,1897690.88,200
1790801305,0,19810,0,200.36,200.03,1184767,1913855,2801663,3151871,3348479,389376,9412607,1967589.84,884137.65,19810,10,10,10,0,0,0,0,0,0,1884159,3119103,3688447,1956334.08,200
1790801306,0,20010,0,200.35,199.92,1183743,1912831,2801663,3151871,3346431,389376,9412607,1967193.57,883930.30,20010,10,10,10,0,0,0,0,0,0,1795071,3119103,3311615,1927943.68,200
1790801307,0,20210,0,200.35,200.01,1183743,1912831,2801663,3151871,3348479,389376,9412607,1967226.64,883953.39,20210,10,10,10,0,0,0,0,0,0,1865727,3137535,3360767,1970534.40,200
1790801308,0,20410,0,200.35,200.03,1183743,1912831,2801663,3151871,3352575,389376,9412607,1967364.33,883973.33,20410,10,10,10,0,0,0,0,0,0,1938431,3162111,3686399,1981278.72,200
1790801309,0,20610,0,200.34,200.07,1183743,1912831,2801663,3151871,3350527,389376,9412607,1967263.43,883572.57,20610,10,10,10,0,0,0,0,0,0,1817599,3151871,3211263,1956966.40,200
1790801310,0,20810,0,200.34,200.06,1183743,1913855,2801663,3151871,3352575,389376,9412607,1967391.98,883485.35,20810,10,10,10,0,0,0,0,0,0,1928191,3139583,3917823,1980638.72,200
1790801311,0,21010,0,200.34,199.89,1183743,1912831,2799615,3151871,3350527,389376,9412607,1967008.10,883080.79,21010,10,10,10,0,0,0,0,0,0,1737727,3096575,3153919,1927065.60,200
1790801312,0,21210,0,200.33,200.04,1183743,1912831,2799615,3149823,3348479,389376,9412607,1966779.92,882759.14,21210,10,10,10,0,0,0,0,0,0,1750015,3131391,3172351,1942809.60,200
1790801313,0,21410,0,200.33,200.03,1183743,1912831,2799615,3149823,3346431,389376,9412607,1966546.82,882332.50,21410,10,10,10,0,0,0,0,0,0,1761279,3110911,3158015,1941826.56,200
1790801314,0,21610,0,200.33,199.89,1184767,1912831,2801663,3149823,3344383,389376,9412607,1966468.93,881965.45,21610,10,10,10,0,0,0,0,0,0,1755135,3151871,3188735,1958131.20,200
1790801315,0,21810,0,200.32,200.07,1184767,1914879,2801663,3149823,3348479,389376,9412607,1967026.57,882154.00,21810,10,10,10,0,0,0,0,0,0,1975295,3194879,4143103,2027279.36,200
1790801316,0,22010,0,200.32,200.07,1184767,1912831,2801663,3149823,3346431,389376,9412607,1966427.83,882124.69,22010,10,10,10,0,0,0,0,0,0,1766399,3131391,3336191,1901135.36,200
1790801317,0,22210,0,200.32,199.84,1183743,1910783,2799615,3149823,3348479,389376,9412607,1965935.60,882181.83,22210,10,10,10,0,0,0,0,0,0,1788927,3151871,3399679,1911765.76,200
1790801318,0,22410,0,200.32,200.06,1183743,1910783,2799615,3149823,3348479,389376,9412607,1965760.21,882189.50,22410,10,10,10,0,0,0,0,0,0,1804287,3184639,3325951,1946282.88,200
1790801319,0,22610,0,200.31,200.09,1183743,1909759,2799615,3149823,3344383,389376,9412607,1965208.29,882120.00,22610,10,10,10,0,0,0,0,0,0,1755135,3090431,3278847,1903365.76,200
1790801320,0,22810,0,200.31,199.85,1182719,1907711,2799615,3149823,3348479,389376,9412607,1965031.27,882694.98,22810,10,10,10,0,0,0,0,0,0,1753087,3141631,4567039,1945018.88,200
1790801321,0,23010,0,200.31,200.09,1182719,1905663,2799615,3149823,3346431,389376,9412607,1964439.38,882549.21,23010,10,10,10,0,0,0,0,0,0,1769471,3092479,3280895,1896934.40,200
1790801322,0,23210,0,200.30,200.04,1182719,1904639,2799615,3149823,3344383,389376,9412607,1964104.56,882471.72,23210,10,10,10,0,0,0,0,0,0,1811455,3110911,3325951,1925584.00,200
1790801323,0,23410,0,200.30,199.89,1181695,1904639,2799615,3149823,3344383,389376,9412607,1963812.41,882420.62,23410,10,10,10,0,0,0,0,0,0,1788927,3127295,3305471,1929907.84,200
1790801324,0,23610,0,200.30,200.03,1181695,1903615,2799615,3149823,3344383,389376,9412607,1963499.05,882449.87,23610,10,10,10,0,0,0,0,0,0,1820671,3125247,3346431,1926819.84,200
1790801325,0,23810,0,200.30,200.09,1181695,1903615,2799615,3149823,3344383,389376,9412607,1963150.14,882354.31,23810,10,10,10,0,0,0,0,0,0,1807359,3108863,3266559,1921961.60,200
1790801326,0,24010,0,200.29,199.87,1181695,1901567,2797567,3149823,3344383,389376,9412607,1962487.54,882182.96,24010,10,10,10,0,0,0,0,0,0,1817599,3096575,3332095,1883605.76,200
1790801327,0,24490,0,202.61,480.10,1174527,1826815,2795519,3149823,3375103,326912,9412607,1952223.20,897756.74,24490,10,10,10,0,0,0,0,0,0,1057791,5320703,7114751,1438792.27,480
1790801328,0,24990,0,205.05,500.17,1167359,1775615,2791423,3149823,3368959,326912,9412607,1933969.93,899746.98,24990,10,10,10,0,0,0,0,0,0,1005055,1605631,2189311,1039924.48,500
1790801329,0,25490,0,207.45,499.69,1157119,1753087,2787327,3147775,3364863,326912,9412607,1915690.42,901710.37,25490,10,10,10,0,0,0,0,0,0,959999,1531903,1611775,1002080.51,500
1790801330,0,25990,0,209.81,499.98,1146879,1735679,2781183,3145727,3362815,326912,9412607,1899144.56,905757.29,25990,10,10,10,0,0,0,0,0,0,974335,1554431,1763327,1055636.74,500
1790801331,0,26490,0,212.13,500.25,1131519,1724415,2777087,3145727,3360767,326912,9412607,1882752.73,906626.70,26490,10,10,10,0,0,0,0,0,0,979455,1569791,2074623,1030705.41,500
1790801332,0,26990,0,214.42,499.72,1114111,1713151,2770943,3143679,3356671,326912,9412607,1867394.96,906919.29,26990,10,10,10,0,0,0,0,0,0,1007615,1609727,2471935,1053740.29,500
1790801333,0,27490,0,216.67,500.27,1094655,1703935,2764799,3141631,3358719,326912,9412607,1853870.88,910346.79,27490,10,10,10,0,0,0,0,0,0,990719,1643519,5660671,1123841.28,500
1790801334,0,27990,0,218.89,500.14,1058815,1694719,2758655,3139583,3356671,326912,9412607,1838549.85,910621.41,27990,10,10,10,0,0,0,0,0,0,960511,1547263,1629183,996199.17,500
1790801335,0,28490,0,221.07,499.86,1021951,1685503,2752511,3139583,3358719,326912,9412607,1825274.07,911385.86,28490,10,10,10,0,0,0,0,0,0,987135,1589247,4116479,1082095.87,500
1790801336,0,28990,0,223.22,499.78,984063,1674239,2746367,3137535,3356671,326912,9412607,1811117.03,911331.62,28990,10,10,10,0,0,0,0,0,0,953343,1508351,2016255,1004449.02,500
1790801337,0,29490,0,225.33,500.22,959999,1662975,2738175,3137535,3350527,326912,9412607,1797058.70,911148.52,29490,10,10,10,0,0,0,0,0,0,947199,1510399,1572863,981957.12,500
1790801338,0,29990,0,227.42,500.08,938495,1653759,2729983,3133439,3346431,326912,9412607,1783095.28,911091.94,29990,10,10,10,0,0,0,0,0,0,922623,1476607,1574911,959532.29,500
1790801339,0,30490,0,229.47,499.72,925183,1644543,2721791,3131391,3344383,326912,9412607,1770211.73,910353.81,30490,10,10,10,0,0,0,0,0,0,962047,1517567,1633279,997456.38,500
1790801340,0,30990,0,231.49,500.26,914431,1635327,2713599,3131391,3338239,326912,9412607,1757927.85,909380.60,30990,10,10,10,0,0,0,0,0,0,975359,1527807,1709055,1008856.83,500
1790801341,0,31490,0,233.48,499.81,905727,1625087,2705407,3129343,3334143,326912,9412607,1746024.59,908223.99,31490,10,10,10,0,0,0,0,0,0,967167,1540095,1655807,1008260.86,500
1790801342,0,31990,0,235.44,499.94,899071,1615871,2699263,3127295,3332095,326912,9412607,1734466.56,907016.26,31990,10,10,10,0,0,0,0,0,0,966143,1517567,1658879,1006542.08,500
1790801343,0,32490,0,237.37,500.35,892927,1606655,2691071,3125247,3327999,326912,9412607,1723070.82,905755.12,32490,10,10,10,0,0,0,0,0,0,944127,1511423,1598463,993970.94,500
1790801344,0,32990,0,239.28,499.66,888831,1593343,2684927,3125247,3325951,326912,9412607,1712560.35,904150.03,32990,10,10,10,0,0,0,0,0,0,988159,1562623,1935359,1029590.02,500
1790801345,0,33490,0,241.16,500.35,884223,1581055,2678783,3123199,3325951,326912,9412607,1702525.34,903061.20,33490,10,10,10,0,0,0,0,0,0,961535,1543167,3186687,1040415.74,500
1790801346,0,33990,0,243.00,499.57,880639,1564671,2672639,3121151,3325951,326912,9412607,1692267.88,901461.15,33990,10,10,10,0,0,0,0,0,0,959999,1529855,1619967,1005223.17,500
1790801347,0,34490,0,244.83,500.04,876543,1543167,2664447,3119103,3321855,326912,9412607,1682343.80,899733.93,34490,10,10,10,0,0,0,0,0,0,973311,1530879,1628159,1007704.32,500
1790801348,0,34990,0,246.63,500.17,872447,1523711,2658303,3119103,3323903,326912,9412607,1673100.40,899232.51,34990,10,10,10,0,0,0,0,0,0,931839,1522687,3784703,1035491.33,500
1790801349,0,35490,0,248.40,499.77,869887,1505279,2650111,3117055,3325951,326912,9412607,1664848.16,898718.29,35490,10,10,10,0,0,0,0,0,0,993791,1627135,4407295,1087356.16,500
1790801350,0,35990,0,250.15,500.42,866815,1482751,2643967,3115007,3323903,326912,9412607,1655568.43,896921.31,35990,10,10,10,0,0,0,0,0,0,957439,1525759,1575935,996893.18,500
1790801351,0,36490,0,251.87,499.91,864255,1463295,2633727,3115007,3319807,326912,9412607,1646337.03,895215.75,36490,10,10,10,0,0,0,0,0,0,948735,1501183,1573887,981860.86,500
1790801352,0,36990,0,253.58,499.90,862719,1448959,2623487,3112959,3319807,326912,9412607,1637723.21,893257.68,36990,10,10,10,0,0,0,0,0,0,977919,1534975,1602559,1009086.21,500
1790801353,0,37490,0,255.25,499.79,860671,1437695,2613247,3110911,3319807,326912,10731519,1631815.70,902527.39,37490,10,10,10,0,0,0,0,0,0,970239,1580031,10289151,1194778.62,500
1790801354,0,37990,0,256.91,500.33,859135,1429503,2592767,3108863,3319807,326912,10731519,1623671.58,900376.98,37990,10,10,10,0,0,0,0,0,0,975359,1553407,1612799,1013025.54,500
1790801355,0,38490,0,258.54,499.93,856575,1419263,2564095,3106815,3315711,326912,10731519,1615364.20,898416.87,38490,10,10,10,0,0,0,0,0,0,947711,1523711,1633279,984169.22,500
1790801356,0,38990,0,260.15,499.79,854015,1411071,2471935,3106815,3313663,326912,10731519,1607436.91,896360.61,38990,10,10,10,0,0,0,0,0,0,947711,1523711,1598463,997194.24,500
1790801357,0,39490,0,261.74,500.34,851967,1402879,2213887,3104767,3311615,326912,10731519,1599861.80,894343.40,39490,10,10,10,0,0,0,0,0,0,956415,1569791,2058239,1009154.82,500
1790801358,0,39990,0,263.31,499.70,849407,1395711,2103295,3102719,3309567,326912,10731519,1591850.46,892575.63,39990,10,10,10,0,0,0,0,0,0,912895,1497087,1589247,959114.24,500
1790801359,0,40490,0,264.86,500.21,846847,1387519,2077695,3100671,3309567,326144,10731519,1584125.89,890676.87,40490,10,10,10,0,0,0,0,0,0,910847,1485823,1583103,966315.01,500
1790801360,0,40990,0,266.39,499.78,845311,1381375,2059263,3100671,3305471,326144,10731519,1576714.22,888670.39,40990,10,10,10,0,0,0,0,0,0,943615,1499135,1568767,976517.38,500
1790801361,0,41490,0,267.90,500.17,843263,1376255,2043903,3098623,3303423,326144,10731519,1569585.16,886650.88,41490,10,10,10,0,0,0,0,0,0,942591,1492991,1573887,985145.09,500
1790801362,0,41990,0,269.38,499.98,841727,1370111,2032639,3096575,3299327,326144,10731519,1562878.04,884431.35,41990,10,10,10,0,0,0,0,0,0,977919,1543167,1639423,1006320.64,500
1790801363,0,42490,0,270.86,500.10,839679,1366015,2022399,3094527,3297279,326144,10731519,1556176.99,882335.18,42490,10,10,10,0,0,0,0,0,0,954367,1510399,1661951,993423.10,500
1790801364,0,42990,0,272.31,499.91,838143,1360895,2016255,3092479,3291135,326144,10731519,1549822.84,880323.90,42990,10,10,10,0,0,0,0,0,0,956927,1541119,2879487,1009846.78,500
1790801365,0,43490,0,273.74,499.84,836607,1356799,2009087,3090431,3289087,326144,10731519,1543540.73,878159.66,43490,10,10,10,0,0,0,0,0,0,971775,1553407,1709055,1003405.57,500
1790801366,0,43990,0,275.15,500.11,835583,1352703,2000895,3088383,3284991,326144,10731519,1537169.10,876033.04,43990,10,10,10,0,0,0,0,0,0,941567,1508351,1583103,982964.74,500
1790801367,0,44490,0,276.55,500.10,834047,1349631,1995775,3086335,3282943,326144,10731519,1531076.37,873836.12,44490,10,10,10,0,0,0,0,0,0,952831,1527807,1614847,995037.44,500
1790801368,0,44990,0,277.93,499.90,833023,1345535,1989631,3084287,3284991,326144,10731519,1526016.94,872606.16,44990,10,10,10,0,0,0,0,0,0,982527,1600511,4046847,1075829.50,500
1790801369,0,45490,0,279.30,500.21,831487,1341439,1982463,3082239,3280895,326144,10731519,1520044.55,870432.10,45490,10,10,10,0,0,0,0,0,0,941055,1498111,1628159,982648.58,500
1790801370,0,45990,0,280.64,499.67,829951,1337343,1975295,3080191,3278847,326144,10731519,1514186.77,868301.89,45990,10,10,10,0,0,0,0,0,0,946175,1514495,1606655,981245.95,500
1790801371,0,46490,0,281.97,500.31,828927,1333247,1968127,3076095,3270655,326144,10731519,1508570.45,866147.43,46490,10,10,10,0,0,0,0,0,0,940031,1516543,1592319,991981.06,500
1790801372,0,46990,0,283.29,499.81,827391,1331199,1959935,3076095,3268607,326144,10731519,1503099.37,863996.41,46990,10,10,10,0,0,0,0,0,0,959487,1533951,1660927,994398.46,500
1790801373,0,47490,0,284.59,500.16,826367,1328127,1950719,3071999,3268607,326144,10731519,1497901.23,861790.83,47490,10,10,10,0,0,0,0,0,0,967167,1582079,1657855,1009380.10,500
1790801374,0,47990,0,285.87,499.80,825343,1325055,1938431,3069951,3266559,290560,10731519,1492802.26,859588.62,47990,10,10,10,0,0,0,0,0,0,974847,1542143,1634303,1008501.76,500
1790801375,0,48490,0,287.14,500.08,824831,1324031,1930239,3071999,3284991,290560,13475839,1493655.07,882138.06,48490,10,10,10,0,0,0,0,0,0,1076223,4415487,12517375,1575508.22,500
1790801376,0,48990,0,288.39,499.94,823807,1320959,1905663,3067903,3280895,290560,13475839,1488826.86,879792.08,48990,10,10,10,0,0,0,0,0,0,977919,1586175,1647615,1020587.26,500
1790801377,0,49490,0,289.63,500.19,823295,1319935,1883135,3069951,3305471,290560,17416191,1492113.70,931662.75,49490,10,10,10,0,0,0,0,0,0,995839,6422527,16752639,1814157.57,500
1790801378,0,49990,0,290.85,499.78,822271,1316863,1831935,3067903,3301375,290560,17416191,1486956.79,929152.03,49990,10,10,10,0,0,0,0,0,0,937983,1497087,1550335,976526.59,500
1790801379,0,50490,0,292.06,499.80,821247,1313791,1797119,3063807,3299327,290560,17416191,1482307.54,926454.26,50490,10,10,10,0,0,0,0,0,0,976895,1549311,1631231,1017474.82,500
1790801380,0,50990,0,293.26,500.24,820735,1311743,1778687,3061759,3297279,290560,17416191,1477795.18,924163.38,50990,10,10,10,0,0,0,0,0,0,949759,1512447,2744319,1022137.60,500
1790801381,0,51490,0,294.44,500.18,819711,1308671,1765375,3057663,3295231,290560,17416191,1472782.85,921771.29,51490,10,10,10,0,0,0,0,0,0,925183,1476607,1565695,961625.60,500
1790801382,0,51990,0,295.61,499.81,818687,1305599,1755135,3053567,3289087,290560,17416191,1467821.85,919435.18,51990,10,10,10,0,0,0,0,0,0,914431,1487871,1565695,956937.73,500
1790801383,0,52490,0,296.77,500.26,817663,1302527,1747967,3051519,3287039,290560,17416191,1463536.58,917030.38,52490,10,10,10,0,0,0,0,0,0,946687,1550335,2363391,1017954.30,500
1790801384,0,52990,0,297.91,499.97,816639,1299455,1738751,3047423,3284991,290560,17416191,1459122.60,914539.77,52990,10,10,10,0,0,0,0,0,0,954879,1509375,1699839,995742.46,500
1790801385,0,53490,0,299.04,499.73,815615,1296383,1732607,3043327,3280895,290560,17416191,1454614.87,912120.74,53490,10,10,10,0,0,0,0,0,0,935935,1494015,1574911,976885.76,500
1790801386,0,53990,0,300.15,499.85,814591,1294335,1726463,3039231,3276799,290560,17416191,1450306.29,909693.42,53990,10,10,10,0,0,0,0,0,0,945151,1491967,1742847,989375.23,500
1790801387,0,54250,0,299.93,260.13,814591,1294335,1728511,3039231,3280895,290560,17416191,1450970.66,909525.94,54250,10,10,10,0,0,0,0,0,0,1416191,3100671,3618815,1588928.49,260
1790801388,0,54450,0,299.38,199.96,815103,1295359,1730559,3041279,3280895,290560,17416191,1452761.75,909927.15,54450,10,10,10,0,0,0,0,0,0,1799167,3244031,3297279,1938594.56,200
1790801389,0,54650,0,298.84,200.03,815615,1297407,1733631,3043327,3284991,290560,17416191,1454806.17,910543.48,54650,10,10,10,0,0,0,0,0,0,2006015,3282943,3336191,2011399.04,200
1790801390,0,54850,0,298.30,199.98,815615,1298431,1736703,3045375,3287039,290560,17416191,1456755.19,911058.39,54850,10,10,10,0,0,0,0,0,0,1871871,3268607,3598335,1989326.72,200
1790801391,0,55050,0,297.77,199.99,816639,1299455,1740799,3047423,3287039,290560,17416191,1458606.71,911370.82,55050,10,10,10,0,0,0,0,0,0,1838079,3217407,3287039,1966384.64,200
1790801392,0,55250,0,297.24,199.98,816639,1300479,1743871,3047423,3287039,290560,17416191,1460252.93,911646.24,55250,10,10,10,0,0,0,0,0,0,1783807,3135487,3309567,1913376.00,200
1790801393,0,55450,0,296.72,200.03,816639,1301503,1748991,3049471,3287039,290560,17416191,1461907.14,911876.62,55450,10,10,10,0,0,0,0,0,0,1779711,3127295,3229695,1918881.28,200
1790801394,0,55650,0,296.21,200.01,817151,1302527,1752063,3049471,3287039,290560,17416191,1463656.35,912227.38,55650,10,10,10,0,0,0,0,0,0,1818623,3162111,3284991,1948625.28,200
1790801395,0,55850,0,295.70,199.92,817151,1304575,1755135,3051519,3289087,290560,17416191,1465344.99,912554.59,55850,10,10,10,0,0,0,0,0,0,1786879,3151871,3366911,1935210.88,200
1790801396,0,56050,0,295.20,200.06,817663,1305599,1758207,3051519,3289087,290560,17416191,1466983.35,912822.01,56050,10,10,10,0,0,0,0,0,0,1831935,3121151,3336191,1924494.08,200
1790801397,0,56250,0,294.70,200.04,817663,1306623,1762303,3051519,3289087,290560,17416191,1468548.40,913034.60,56250,10,10,10,0,0,0,0,0,0,1757183,3098623,3258367,1907153.28,200
1790801398,0,56450,0,294.20,200.05,818175,1307647,1766399,3053567,3289087,290560,17416191,1470141.80,913277.28,56450,10,10,10,0,0,0,0,0,0,1756159,3135487,3170303,1918284.80,200
1790801399,0,56650,0,293.72,199.87,818175,1308671,1771519,3053567,3289087,290560,17416191,1471758.41,913580.07,56650,10,10,10,0,0,0,0,0,0,1822719,3160063,3280895,1928047.36,200
1790801400,0,56850,0,293.23,200.03,818687,1309695,1776639,3055615,3289087,290560,17416191,1473500.02,913998.10,56850,10,10,10,0,0,0,0,0,0,1890303,3176447,3371007,1966810.88,200
1790801401,0,57050,0,292.75,200.09,819199,1310719,1782783,3057663,3295231,290560,17416191,1475334.56,914542.65,57050,10,10,10,0,0,0,0,0,0,1925119,3252223,3827711,1996804.48,200
1790801402,0,57250,0,292.28,199.85,819199,1311743,1789951,3057663,3293183,290560,17416191,1476902.72,914769.02,57250,10,10,10,0,0,0,0,0,0,1830911,3139583,3205119,1924217.60,200
1790801403,0,57450,0,291.81,200.07,819711,1312767,1798143,3059711,3295231,290560,17416191,1478586.53,915127.37,57450,10,10,10,0,0,0,0,0,0,1924095,3139583,3756031,1960579.84,200
1790801404,0,57650,0,291.35,200.06,819711,1313791,1807359,3059711,3295231,290560,17416191,1480099.94,915348.93,57650,10,10,10,0,0,0,0,0,0,1833983,3129343,3213311,1914824.32,200
1790801405,0,57850,0,290.89,200.04,820223,1313791,1819647,3061759,3293183,290560,17416191,1481620.46,915554.64,57850,10,10,10,0,0,0,0,0,0,1886207,3139583,3194879,1919910.40,200
1790801406,0,58050,0,290.43,200.03,820223,1314815,1835007,3061759,3293183,290560,17416191,1483115.68,915743.83,58050,10,10,10,0,0,0,0,0,0,1803263,3139583,3244031,1915608.96,200
1790801407,0,58250,0,289.98,199.87,820735,1315839,1851391,3061759,3291135,290560,17416191,1484646.00,915868.93,58250,10,10,10,0,0,0,0,0,0,1771519,3106815,3155967,1928820.48,200
1790801408,0,58450,0,289.54,200.05,820735,1316863,1867775,3063807,3289087,290560,17416191,1486230.51,916038.68,58450,10,10,10,0,0,0,0,0,0,1821695,3127295,3168255,1947719.68,200
1790801409,0,58650,0,289.10,199.91,821247,1317887,1884159,3065855,3293183,290560,17416191,1488028.74,916350.96,58650,10,10,10,0,0,0,0,0,0,1984511,3160063,3477503,2013562.88,200
1790801410,0,58850,0,288.66,200.04,821759,1318911,1897471,3065855,3291135,290560,17416191,1489667.55,916544.46,58850,10,10,10,0,0,0,0,0,0,1793023,3149823,3180543,1970247.68,200
1790801411,0,59050,0,288.23,200.00,822271,1319935,1904639,3067903,3291135,290560,17416191,1491321.66,916752.91,59050,10,10,10,0,0,0,0,0,0,1954815,3166207,3213311,1978042.88,200
1790801412,0,59250,0,287.80,200.08,822271,1320959,1912831,3067903,3289087,290560,17416191,1492858.95,916886.65,59250,10,10,10,0,0,0,0,0,0,1770495,3125247,3192831,1946744.32,200
1790801413,0,59450,0,287.37,200.04,822783,1321983,1921023,3069951,3291135,290560,17416191,1494542.88,917175.55,59450,10,10,10,0,0,0,0,0,0,1950719,3174399,3655679,1993407.36,200
1790801414,0,59650,0,286.95,199.82,823295,1323007,1928191,3069951,3289087,290560,17416191,1496040.49,917305.17,59650,10,10,10,0,0,0,0,0,0,1771519,3125247,3190783,1941204.48,200
1790801415,0,59850,0,286.54,200.07,823807,1324031,1933311,3069951,3289087,290560,17416191,1497611.76,917480.81,59850,10,10,10,0,0,0,0,0,0,1862655,3162111,3215359,1966243.84,200
1790801416,0,60050,0,286.12,200.05,823807,1325055,1937407,3071999,3289087,290560,17416191,1499083.14,917590.51,60050,10,10,10,0,0,0,0,0,0,1805311,3117055,3182591,1939393.28,200
1790801417,0,60250,0,285.72,200.02,824319,1326079,1940479,3071999,3289087,290560,17416191,1500721.74,917916.30,60250,10,10,10,0,0,0,0,0,0,1814527,3272703,3338239,1992711.68,200
1790801418,0,60450,0,285.31,199.91,824319,1327103,1943551,3071999,3291135,290560,17416191,1502167.70,918106.75,60450,10,10,10,0,0,0,0,0,0,1822719,3194879,3311615,1937762.56,200
1790801419,0,60650,0,284.91,200.04,824831,1328127,1947647,3074047,3297279,290560,17416191,1503954.64,918611.86,60650,10,10,10,0,0,0,0,0,0,2033663,3311615,3395583,2044058.88,200
1790801420,0,60850,0,284.51,199.91,825343,1329151,1950719,3074047,3299327,290560,17416191,1505543.63,918933.18,60850,10,10,10,0,0,0,0,0,0,1835007,3278847,3330047,1987402.24,200
1790801421,0,61050,0,284.12,200.01,825343,1330175,1954815,3076095,3303423,290560,17416191,1507409.84,919674.57,61050,10,10,10,0,0,0,0,0,0,2016255,3309567,4653055,2075204.48,200
1790801422,0,61250,0,283.73,200.03,825855,1330175,1956863,3076095,3305471,290560,17416191,1509071.77,920068.03,61250,10,10,10,0,0,0,0,0,0,1788927,3293183,3317759,2016376.32,200
1790801423,0,61450,0,283.34,200.05,826367,1331199,1959935,3078143,3309567,290560,17416191,1510737.26,920449.62,61450,10,10,10,0,0,0,0,0,0,1885183,3325951,3377151,2020794.88,200
1790801424,0,61650,0,282.96,200.08,826879,1332223,1963007,3078143,3309567,290560,17416191,1512393.73,920844.35,61650,10,10,10,0,0,0,0,0,0,1820671,3299327,3354623,2021342.72,200
1790801425,0,61850,0,282.58,199.91,826879,1333247,1966079,3078143,3311615,290560,17416191,1514152.89,921572.51,61850,10,10,10,0,0,0,0,0,0,1935359,3317759,4857855,2056416.00,200
1790801426,0,62050,0,282.21,200.02,827391,1334271,1968127,3080191,3313663,290560,17416191,1515701.06,921895.71,62050,10,10,10,0,0,0,0,0,0,1838079,3266559,3356671,1994470.40,200
1790801427,0,62250,0,281.84,200.08,827903,1335295,1970175,3080191,3313663,290560,17416191,1517290.47,922256.06,62250,10,10,10,0,0,0,0,0,0,1923071,3287039,3348479,2010404.48,200
1790801428,0,62450,0,281.47,199.86,827903,1336319,1971199,3080191,3313663,290560,17416191,1518631.51,922312.64,62450,10,10,10,0,0,0,0,0,0,1789951,3108863,3151871,1936032.00,200
1790801429,0,62650,0,281.10,200.07,828415,1337343,1974271,3082239,3313663,290560,17416191,1520001.75,922401.14,62650,10,10,10,0,0,0,0,0,0,1809407,3135487,3155967,1947857.92,200
1790801430,0,62850,0,280.74,200.03,828927,1338367,1976319,3082239,3311615,290560,17416191,1521402.96,922497.27,62850,10,10,10,0,0,0,0,0,0,1790975,3141631,3172351,1960332.80,200
1790801431,0,63050,0,280.38,199.88,828927,1338367,1977343,3082239,3311615,290560,17416191,1522790.82,922597.77,63050,10,10,10,0,0,0,0,0,0,1960959,3121151,3190783,1958926.08,200
1790801432,0,63250,0,280.02,200.09,829439,1339391,1980415,3082239,3311615,290560,17416191,1524147.86,922708.85,63250,10,10,10,0,0,0,0,0,0,1774591,3131391,3280895,1951953.92,200
1790801433,0,63450,0,279.67,200.03,829951,1340415,1981439,3084287,3311615,290560,17416191,1525608.25,922880.11,63450,10,10,10,0,0,0,0,0,0,1949695,3147775,3518463,1987456.00,200
1790801434,0,63650,0,279.32,199.90,830463,1341439,1983487,3084287,3311615,290560,17416191,1526968.27,922955.14,63650,10,10,10,0,0,0,0,0,0,1940479,3133439,3192831,1958434.56,200
1790801435,0,63850,0,278.97,200.05,830463,1342463,1985535,3084287,3311615,290560,17416191,1528310.97,923029.49,63850,10,10,10,0,0,0,0,0,0,1768447,3133439,3168255,1955627.52,200
1790801436,0,64050,0,278.63,200.05,830975,1343487,1986559,3086335,3311615,290560,17416191,1529774.39,923215.31,64050,10,10,10,0,0,0,0,0,0,1942527,3192831,3399679,1996968.96,200
1790801437,0,64250,0,278.29,199.89,830975,1344511,1988607,3086335,3311615,290560,17416191,1531037.08,923284.17,64250,10,10,10,0,0,0,0,0,0,1804287,3121151,3203071,1935413.76,200
1790801438,0,64450,0,277.95,200.00,831487,1344511,1989631,3088383,3313663,290560,17416191,1532570.75,923642.89,64450,10,10,10,0,0,0,0,0,0,1860607,3307519,3379199,2025264.00,200
1790801439,0,64650,0,277.62,200.10,831487,1345535,1990655,3088383,3313663,290560,17416191,1533804.36,923782.30,64650,10,10,10,0,0,0,0,0,0,1769471,3190783,3289087,1931335.68,200
1790801440,0,64850,0,277.29,199.87,831999,1346559,1992703,3088383,3315711,290560,17416191,1535496.56,924334.03,64850,10,10,10,0,0,0,0,0,0,2032639,3354623,3893247,2082499.84,200
1790801441,0,65050,0,276.96,200.03,831999,1347583,1994751,3090431,3317759,290560,17416191,1537018.79,924700.78,65050,10,10,10,0,0,0,0,0,0,1947647,3293183,3598335,2030602.24,200
1790801442,0,65250,0,276.63,200.10,832511,1347583,1996799,3090431,3317759,290560,17416191,1538442.77,924960.44,65250,10,10,10,0,0,0,0,0,0,1833983,3250175,3350527,2001589.76,200
1790801443,0,65450,0,276.31,199.89,833023,1349631,1998847,3090431,3319807,290560,17416191,1540036.23,925382.96,65450,10,10,10,0,0,0,0,0,0,1973247,3358719,3637247,2059904.64,200
1790801444,0,65650,0,275.99,200.10,833535,1350655,1999871,3090431,3319807,290560,17416191,1541156.58,925450.56,65650,10,10,10,0,0,0,0,0,0,1770495,3104767,3291135,1907790.08,200
1790801445,0,65850,0,275.67,200.08,833535,1350655,2000895,3092479,3319807,290560,17416191,1542500.44,925822.62,65850,10,10,10,0,0,0,0,0,0,1913855,3196927,4505599,1983623.68,200
1790801446,0,66050,0,275.35,199.86,833535,1351679,2001919,3092479,3319807,290560,17416191,1543696.71,925957.49,66050,10,10,10,0,0,0,0,0,0,1814527,3164159,3354623,1937569.28,200
1790801447,0,66960,0,277.99,910.50,836607,1359871,2028543,3123199,5636095,290560,17416191,1619656.77,1231548.41,66960,10,10,10,0,0,0,0,0,0,6643711,13279231,14172159,7133020.98,910
1790801448,0,67960,0,280.97,999.46,840191,1368063,2071551,3153919,9887743,290560,17416191,1692927.28,1450498.26,67960,10,10,10,0,0,0,0,0,0,6156287,12951551,13606911,6599121.02,1000
1790801449,0,68960,0,283.93,1000.31,843263,1376255,2154495,3196927,11149311,238336,17416191,1755306.41,1598541.99,68960,10,10,10,0,0,0,0,0,0,5509119,11960319,12607487,5994591.81,1000
1790801450,0,69960,0,286.87,1000.17,845823,1383423,2537471,3305471,11419647,238336,17416191,1815106.25,1723375.70,69960,10,10,10,0,0,0,0,0,0,5689343,11681791,12255231,5938903.36,1000
1790801451,0,70963,0,289.79,1003.19,848895,1391615,2615295,3854335,11591679,227328,17416191,1872575.05,1833001.44,70963,10,10,10,0,0,0,0,0,0,5480447,11894783,12820479,5881067.07,1003
1790801452,0,71960,0,292.67,996.34,852479,1399807,2643967,4722687,11780095,227328,17416191,1931071.93,1937094.60,71960,10,10,10,0,0,0,0,0,0,5623807,12042239,12632063,6094676.80,997
1790801453,0,72960,0,295.54,999.91,856063,1407999,2664447,5795839,11853823,227328,17416191,1989697.39,2035835.14,72960,10,10,10,0,0,0,0,0,0,6033407,12017663,12476415,6208385.41,1000
1790801454,0,73960,0,298.38,1000.78,859647,1417215,2682879,6393855,11911167,227328,17416191,2045445.10,2125782.16,73960,10,10,10,0,0,0,0,0,0,5644287,11911167,12533759,6112798.08,1000
1790801455,0,74960,0,301.20,999.59,862719,1426431,2701311,6836223,11993087,227328,17416191,2100686.74,2209491.65,74960,10,10,10,0,0,0,0,0,0,5779455,12222463,12910591,6186358.14,1000
1790801456,0,75960,0,303.99,1000.37,866303,1436671,2723839,7163903,12034047,227328,17416191,2153834.94,2284265.04,75960,10,10,10,0,0,0,0,0,0,5984255,11894783,13402111,6137824.19,1000
1790801457,0,76970,0,306.81,1010.06,869375,1444863,2746367,7544831,12075007,227328,17416191,2206556.58,2358958.46,76970,10,10,10,0,0,0,0,0,0,5591039,12009471,15237119,6171641.60,1010
1790801458,0,77960,0,309.52,989.34,872959,1455103,2762751,7954431,12148735,227328,17416191,2256765.93,2428324.22,77960,10,10,10,0,0,0,0,0,0,5558271,12435455,15097855,6160415.81,990
1790801459,0,78960,0,312.25,1000.49,876031,1465343,2777087,8749055,12181503,227328,17416191,2307302.22,2494772.32,78960,10,10,10,0,0,0,0,0,0,5746687,12312575,13172735,6247111.36,1000
1790801460,0,79960,0,314.96,999.27,879615,1477631,2791423,9338879,12222463,227328,19300351,2357308.17,2559234.90,79960,10,10,10,0,0,0,0,0,0,5734399,12394495,13156351,6305777.79,1000
1790801461,0,80960,0,317.65,999.96,883711,1489919,2801663,9805823,12263423,227328,19300351,2405722.80,2616301.03,80960,10,10,10,0,0,0,0,0,0,5611519,12304383,12812287,6276957.31,1000
1790801462,0,81964,0,320.33,1004.14,887295,1502207,2811903,10076159,12271615,227328,19300351,2451404.99,2665090.68,81964,10,10,10,0,0,0,0,0,0,5681151,11919359,12533759,6135100.05,1004
1790801463,0,82960,0,322.96,996.44,891903,1516543,2824191,10289151,12263423,227328,19300351,2493647.92,2707457.66,82960,10,10,10,0,0,0,0,0,0,5484543,11812863,12124159,5969952.39,996
1790801464,0,83960,0,325.59,999.80,895999,1527807,2834431,10461183,12263423,227328,19300351,2535690.43,2751367.50,83960,10,10,10,0,0,0,0,0,0,5373951,11845631,12271615,6023537.02,1000
1790801465,0,84950,0,328.15,990.58,901119,1541119,2844671,10584063,12279807,227328,19300351,2578415.73,2794151.11,84950,10,10,10,0,0,0,0,0,0,5570559,12066815,12541951,6201866.47,990
1790801466,0,85950,0,330.74,1000.01,905215,1553407,2856959,10682367,12279807,227328,19300351,2618604.92,2831448.52,85950,10,10,10,0,0,0,0,0,0,5586943,11739135,12386303,6032676.99,1000
1790801467,0,86957,0,333.33,1006.84,910335,1566719,2869247,10772479,12287999,227328,19300351,2660311.12,2870631.94,86957,10,10,10,0,0,0,0,0,0,5713919,12042239,12550143,6220040.64,1007
1790801468,0,87956,0,335.87,999.19,915455,1577983,2885631,10846207,12312575,227328,19300351,2700278.91,2906380.19,87956,10,10,10,0,0,0,0,0,0,5537791,12140543,12918783,6179236.77,999
1790801469,0,88960,0,338.41,1003.83,921087,1587199,2908159,10903551,12312575,227328,19300351,2738490.14,2939922.77,88960,10,10,10,0,0,0,0,0,0,5382143,12058623,12484607,6086007.59,1004
1790801470,0,89960,0,340.92,999.86,926719,1597439,2936831,10952703,12328959,227328,19300351,2775553.88,2972315.82,89960,10,10,10,0,0,0,0,0,0,5488639,11968511,12476415,6072744.06,1000
1790801471,0,90960,0,343.41,1000.22,931327,1606655,2971647,11001855,12328959,227328,19300351,2810984.41,3001564.30,90960,10,10,10,0,0,0,0,0,0,5292031,12001279,12500991,5998314.37,1000
1790801472,0,91960,0,345.88,999.70,936959,1613823,3014655,11042815,12345343,227328,19300351,2847066.21,3030527.81,91960,10,10,10,0,0,0,0,0,0,5619711,11984895,12967935,6129066.88,1000
1790801473,0,92960,0,348.33,999.39,941567,1622015,3057663,11083775,12353535,227328,19300351,2880627.60,3058093.55,92960,10,10,10,0,0,0,0,0,0,5107711,11968511,12591103,5966932.74,1000
1790801474,0,93960,0,350.76,1000.85,946687,1629183,3090431,11132927,12378111,227328,19300351,2916136.59,3089416.44,93960,10,10,10,0,0,0,0,0,0,5292031,12386303,13746175,6217052.67,1000
1790801475,0,94960,0,353.18,999.72,952831,1636351,3112959,11173887,12402687,227328,19300351,2951916.52,3119765.19,94960,10,10,10,0,0,0,0,0,0,5554175,12263423,13041663,6313798.66,1000
1790801476,0,95964,0,355.59,1004.26,958975,1644543,3135487,11206655,12410879,227328,19300351,2986799.51,3146791.25,95964,10,10,10,0,0,0,0,0,0,5652479,12222463,13254655,6286090.96,1004
1790801477,0,96960,0,357.95,995.37,964607,1651711,3158015,11239423,12419071,227328,19300351,3019355.87,3170548.32,96960,10,10,10,0,0,0,0,0,0,5582847,11984895,12689407,6156142.07,996
1790801478,0,97954,0,360.29,994.76,969727,1657855,3184639,11263999,12410879,227328,19300351,3048972.49,3190569.68,97954,10,10,10,0,0,0,0,0,0,5263359,11788287,12230655,5937933.39,994
1790801479,0,98960,0,362.66,1005.58,975359,1665023,3235839,11280383,12410879,226304,19300351,3079503.40,3210928.72,98960,10,10,10,0,0,0,0,0,0,5615615,11870207,12320767,6052291.94,1006
1790801480,0,99960,0,364.99,1000.29,982015,1674239,3315711,11304959,12419071,226304,19300351,3110571.98,3231575.00,99960,10,10,10,0,0,0,0,0,0,5640191,11984895,12754943,6185118.08,1000
1790801481,0,100966,0,367.32,1005.72,988671,1682431,3454975,11329535,12435455,226304,19300351,3143096.40,3254765.49,100966,10,10,10,0,0,0,0,0,0,6004735,12312575,12902399,6374846.60,1006
1790801482,0,101960,0,369.59,994.18,995839,1690623,3655679,11345919,12435455,226304,19300351,3172291.09,3273309.09,101960,10,10,10,0,0,0,0,0,0,5869567,11927551,12460031,6137755.30,994
1790801483,0,102965,0,371.88,1005.10,1002495,1697791,3813375,11362303,12435455,226304,19300351,3200438.75,3290984.91,102965,10,10,10,0,0,0,0,0,0,5558271,11935743,12746751,6056095.59,1005
1790801484,0,103960,0,374.13,994.31,1008127,1703935,3946495,11378687,12435455,226304,19300351,3229151.25,3309421.11,103960,10,10,10,0,0,0,0,0,0,5738495,12124159,12713983,6200390.37,995
1790801485,0,104959,0,376.37,999.78,1014271,1712127,4061183,11403263,12443647,226304,19300351,3257345.85,3327357.33,104959,10,10,10,0,0,0,0,0,0,5718015,12001279,12771327,6191391.01,999
1790801486,0,105960,0,378.60,1000.87,1020415,1720319,4161535,11411455,12443647,226304,19300351,3284277.24,3343009.86,105960,10,10,10,0,0,0,0,0,0,5451775,11870207,12500991,6108145.17,1001
1790801487,0,106960,0,380.81,999.91,1027583,1728511,4247551,11419647,12443647,226304,19300351,3310318.22,3357866.03,106960,10,10,10,0,0,0,0,0,0,5578751,11927551,12402687,6069620.22,1000
1790801488,0,107960,0,383.01,1000.00,1035263,1737727,4325375,11436031,12451839,226304,19300351,3336806.37,3373499.19,107960,10,10,10,0,0,0,0,0,0,5595135,12025855,12689407,6169979.14,1000
1790801489,0,108958,0,385.18,998.14,1043455,1752063,4403199,11460607,12500991,226304,19300351,3368217.47,3396560.48,108958,10,10,10,0,0,0,0,0,0,6594559,13238271,13901823,6766155.54,998
1790801490,0,109960,0,387.36,1002.00,1049599,1762303,4472831,11460607,12500991,226304,19300351,3392808.02,3409734.04,109960,10,10,10,0,0,0,0,0,0,5619711,11886591,12632063,6066796.58,1002
1790801491,0,110960,0,389.51,999.70,1056767,1775615,4538367,11476991,12500991,226304,19300351,3417903.71,3424428.12,110960,10,10,10,0,0,0,0,0,0,5709823,12017663,12443647,6177426.56,1000
1790801492,0,111960,0,391.64,999.91,1065983,1790975,4603903,11485183,12509183,226304,19300351,3442754.85,3438197.10,111960,10,10,10,0,0,0,0,0,0,5947391,11968511,12787711,6200236.29,1000
1790801493,0,112962,0,393.77,1002.31,1073151,1812479,4657151,11501567,12509183,226304,19300351,3465881.65,3450513.01,112962,10,10,10,0,0,0,0,0,0,5476351,12001279,12607487,6049990.00,1002
1790801494,0,113960,0,395.87,998.05,1081343,1840127,4710399,11509759,12509183,226304,19300351,3490067.55,3463553.37,113960,10,10,10,0,0,0,0,0,0,5705727,12034047,12771327,6227630.30,998
1790801495,0,114960,0,397.96,999.59,1089535,1871871,4771839,11526143,12517375,226304,19300351,3514337.59,3477607.58,114960,10,10,10,0,0,0,0,0,0,5468159,12287999,12787711,6280151.55,1000
1790801496,0,115968,0,400.06,1007.58,1096703,1900543,4833279,11534335,12533759,226304,19300351,3539383.55,3492040.94,115968,10,10,10,0,0,0,0,0,0,5869567,12427263,13008895,6395815.87,1008
1790801497,0,116960,0,402.10,992.91,1103871,1923071,4890623,11550719,12533759,226304,19300351,3562246.87,3504171.19,116960,10,10,10,0,0,0,0,0,0,5631999,12181503,12689407,6235043.35,992
1790801498,0,117960,0,404.15,999.96,1112063,1940479,4952063,11558911,12550143,226304,19300351,3586590.95,3518340.38,117960,10,10,10,0,0,0,0,0,0,5750783,12410879,13115391,6433873.54,1000
1790801499,0,118952,0,406.15,991.30,1117183,1952767,4997119,11567103,12550143,219264,19300351,3607494.64,3529338.63,118952,10,10,10,0,0,0,0,0,0,5332991,12091391,12754943,6093180.19,992
1790801500,0,119960,0,408.20,1008.55,1123327,1963007,5050367,11575295,12558335,219264,19300351,3628956.27,3540913.86,119960,10,10,10,0,0,0,0,0,0,5480447,12140543,12861439,6161598.73,1008
1790801501,0,120950,0,410.18,989.59,1128447,1972223,5103615,11583487,12566527,219264,19300351,3650629.58,3552530.20,120950,10,10,10,0,0,0,0,0,0,5804031,12181503,12673023,6276822.24,990
1790801502,0,121956,0,412.19,1006.26,1133567,1981439,5160959,11591679,12574719,219264,19300351,3673301.98,3565180.56,121956,10,10,10,0,0,0,0,0,0,5828607,12410879,12836863,6399172.83,1006
1790801503,0,122960,0,414.18,1004.24,1139711,1987583,5197823,11608063,12599295,219264,29687807,3692417.76,3584716.29,122960,10,10,10,0,0,0,0,0,0,4927487,12689407,22642687,6014413.39,1004
1790801504,0,123960,0,416.15,1000.15,1148927,1999871,5177343,11599871,12591103,219264,29687807,3695122.07,3571872.53,123960,10,10,10,0,0,0,0,0,0,4444159,5451775,5672959,4027644.42,1000
1790801505,0,124960,0,418.10,999.14,1153023,2001919,5177343,11591679,12591103,219264,29687807,3690440.62,3562797.37,124960,10,10,10,0,0,0,0,0,0,2160639,6844415,8253439,3110127.87,1000
1790801506,0,125970,0,420.08,1010.31,1159167,2012159,5148671,11583487,12582911,219264,29687807,3687239.86,3550391.58,125970,10,10,10,0,0,0,0,0,0,3186687,5197823,5570559,3291233.58,1010
1790801507,0,126290,0,419.74,319.92,1159167,2010111,5132287,11583487,12582911,219264,29687807,3682426.82,3547585.70,126290,10,10,10,0,0,0,0,0,0,1402879,3993599,4513791,1787742.40,320
1790801508,0,126490,0,419.02,200.04,1159167,2012159,5128191,11583487,12582911,219264,29687807,3680640.19,3545265.65,126490,10,10,10,0,0,0,0,0,0,2502655,4159487,4481023,2552472.32,200
1790801509,0,126690,0,418.29,200.04,1160191,2013183,5119999,11583487,12582911,219264,29687807,3679459.38,3543258.24,126690,10,10,10,0,0,0,0,0,0,2693119,4489215,10625023,2932659.20,200
1790801510,0,126890,0,417.58,200.07,1162239,2014207,5111807,11583487,12582911,219264,29687807,3677675.25,3540939.14,126890,10,10,10,0,0,0,0,0,0,2523135,3932159,3989503,2547514.88,200
1790801511,0,127090,0,416.86,199.86,1163263,2015231,5107711,11575295,12582911,219264,29687807,3676288.01,3538564.47,127090,10,10,10,0,0,0,0,0,0,2838527,4354047,4501503,2796154.88,200
1790801512,0,127290,0,416.15,199.97,1164287,2017279,5099519,11575295,12582911,219264,29687807,3674508.74,3536281.53,127290,10,10,10,0,0,0,0,0,0,2674687,4042751,4188159,2543872.00,200
1790801513,0,127490,0,415.45,200.01,1164287,2017279,5095423,11575295,12582911,219264,29687807,3672632.88,3534024.88,127490,10,10,10,0,0,0,0,0,0,2387967,4061183,4390911,2478743.04,200
1790801514,0,127690,0,414.75,200.10,1165311,2018303,5087231,11575295,12574719,219264,29687807,3671087.31,3531907.30,127690,10,10,10,0,0,0,0,0,0,2736127,4415487,8798207,2685864.96,200
1790801515,0,127890,0,414.05,199.98,1166335,2019327,5083135,11575295,12574719,219264,29687807,3669783.35,3529577.80,127890,10,10,10,0,0,0,0,0,0,2859007,4538367,5173247,2837269.12,200
1790801516,0,128090,0,413.36,199.94,1166335,2020351,5074943,11575295,12574719,219264,29687807,3668175.90,3527371.66,128090,10,10,10,0,0,0,0,0,0,2691071,4354047,6774783,2640291.84,200
1790801517,0,128290,0,412.68,200.04,1167359,2022399,5066751,11567103,12574719,219264,29687807,3666765.50,3525011.79,128290,10,10,10,0,0,0,0,0,0,2750463,4169727,4263935,2763472.64,200
1790801518,0,128490,0,411.99,199.96,1168383,2023423,5058559,11567103,12574719,219264,29687807,3665227.51,3522723.19,128490,10,10,10,0,0,0,0,0,0,2781183,4239359,4550655,2678684.16,200
1790801519,0,128690,0,411.32,200.07,1169407,2025471,5050367,11567103,12574719,219264,29687807,3663638.96,3520451.62,128690,10,10,10,0,0,0,0,0,0,2740223,4296703,4612095,2643075.84,200
1790801520,0,128890,0,410.64,199.92,1170431,2026495,5042175,11567103,12574719,219264,29687807,3662190.52,3518140.86,128890,10,10,10,0,0,0,0,0,0,2684927,4329471,4947967,2730193.28,200
1790801521,0,129090,0,409.97,200.06,1171455,2028543,5033983,11567103,12574719,219264,29687807,3660340.97,3515902.59,129090,10,10,10,0,0,0,0,0,0,2373631,3678207,4276223,2468398.08,200
1790801522,0,129290,0,409.31,199.93,1171455,2029567,5025791,11567103,12574719,219264,29687807,3658620.44,3513666.48,129290,10,10,10,0,0,0,0,0,0,2453503,4251647,4616191,2548102.40,200
1790801523,0,129490,0,408.65,200.05,1172479,2030591,5021695,11558911,12566527,219264,29687807,3656660.31,3511508.85,129490,10,10,10,0,0,0,0,0,0,2269183,4022271,4456447,2389533.44,200
1790801524,0,129690,0,407.99,200.07,1172479,2031615,5013503,11558911,12566527,219264,29687807,3655126.48,3509235.43,129690,10,10,10,0,0,0,0,0,0,2869247,4194303,4435967,2662049.28,200
1790801525,0,129890,0,407.34,199.95,1173503,2032639,5005311,11558911,12566527,219264,29687807,3653274.89,3507032.86,129890,10,10,10,0,0,0,0,0,0,2428927,3753983,3934207,2452608.00,200
1790801526,0,130090,0,406.69,200.06,1174527,2034687,5001215,11558911,12566527,219264,29687807,3651788.22,3504754.67,130090,10,10,10,0,0,0,0,0,0,2564095,4386815,4792319,2686273.28,200
1790801527,0,130290,0,406.05,200.03,1175551,2035711,4993023,11558911,12566527,219264,29687807,3650067.41,3502513.74,130290,10,10,10,0,0,0,0,0,0,2469887,3745791,4108287,2530766.08,200
1790801528,0,130490,0,405.41,199.98,1176575,2036735,4984831,11558911,12566527,219264,29687807,3648472.59,3500277.06,130490,10,10,10,0,0,0,0,0,0,2772991,4259839,4407295,2609525.76,200
1790801529,0,130690,0,404.77,199.90,1176575,2037759,4976639,11550719,12566527,219264,29687807,3646782.09,3498059.37,130690,10,10,10,0,0,0,0,0,0,2619391,3923967,4184063,2543815.68,200
1790801530,0,130890,0,404.14,200.05,1177599,2039807,4972543,11550719,12566527,219264,29687807,3645467.24,3495860.59,130890,10,10,10,0,0,0,0,0,0,2689023,4304895,7454719,2786283.52,200
1790801531,0,131090,0,403.51,200.04,1178623,2040831,4968447,11550719,12566527,219264,29687807,3644005.91,3493743.46,131090,10,10,10,0,0,0,0,0,0,2715647,5128191,6021119,2687635.20,200
1790801532,0,131290,0,402.89,199.94,1178623,2041855,4964351,11550719,12558335,219264,29687807,3642362.49,3491581.21,131290,10,10,10,0,0,0,0,0,0,2656255,4089855,5353471,2565184.00,200
1790801533,0,131490,0,402.26,199.90,1179647,2043903,4960255,11550719,12558335,219264,29687807,3640690.22,3489363.15,131490,10,10,10,0,0,0,0,0,0,2435071,3807231,4251647,2542924.80,200
1790801534,0,131690,0,401.65,200.12,1180671,2044927,4952063,11550719,12558335,219264,29687807,3638647.78,3487306.66,131690,10,10,10,0,0,0,0,0,0,2326527,3962879,4407295,2295850.24,200
1790801535,0,131890,0,401.04,200.04,1180671,2046975,4943871,11550719,12558335,219264,29687807,3637506.24,3485023.64,131890,10,10,10,0,0,0,0,0,0,2973695,4497407,4808703,2885857.28,200
1790801536,0,132090,0,400.43,199.98,1181695,2049023,4939775,11542527,12558335,219264,29687807,3636143.88,3482833.83,132090,10,10,10,0,0,0,0,0,0,2748415,4386815,5115903,2737733.76,200
1790801537,0,132290,0,399.82,200.01,1182719,2051071,4931583,11542527,12558335,219264,29687807,3635028.36,3480551.44,132290,10,10,10,0,0,0,0,0,0,2895871,4366335,4780031,2898286.08,200
1790801538,0,132490,0,399.22,199.91,1182719,2053119,4927487,11542527,12558335,219264,29687807,3633483.57,3478380.83,132490,10,10,10,0,0,0,0,0,0,2609151,4194303,4476927,2611680.64,200
1790801539,0,132690,0,398.62,200.10,1183743,2055167,4923391,11542527,12558335,219264,29687807,3632228.43,3476102.16,132690,10,10,10,0,0,0,0,0,0,2744319,4073471,4722687,2800761.60,200
1790801540,0,132890,0,398.02,199.89,1184767,2057215,4915199,11542527,12558335,219264,29687807,3630910.85,3473856.95,132890,10,10,10,0,0,0,0,0,0,2711551,4102143,4730879,2756760.32,200
1790801541,0,133090,0,397.43,200.14,1185791,2059263,4907007,11534335,12558335,219264,29687807,3629573.63,3471609.20,133090,10,10,10,0,0,0,0,0,0,2701311,4050943,4227071,2741058.56,200
1790801542,0,133290,0,396.85,199.95,1186815,2061311,4902911,11534335,12550143,219264,29687807,3628409.86,3469334.77,133290,10,10,10,0,0,0,0,0,0,2785279,4214783,4304895,2853982.72,200
1790801543,0,133490,0,396.26,199.90,1186815,2063359,4894719,11534335,12550143,219264,29687807,3627158.65,3467115.39,133490,10,10,10,0,0,0,0,0,0,2873343,4300799,4481023,2793290.24,200
1790801544,0,133690,0,395.68,200.02,1187839,2066431,4886527,11534335,12550143,219264,29687807,3625899.03,3464910.57,133690,10,10,10,0,0,0,0,0,0,2957311,4440063,4599807,2785160.96,200
1790801545,0,133890,0,395.10,200.14,1188863,2068479,4882431,11534335,12550143,219264,29687807,3624441.41,3462726.67,133890,10,10,10,0,0,0,0,0,0,2736127,4126719,4227071,2650099.20,200
1790801546,0,134090,0,394.53,199.95,1189887,2069503,4874239,11534335,12550143,219264,29687807,3622823.03,3460620.82,134090,10,10,10,0,0,0,0,0,0,2770943,4130815,4489215,2539399.68,200
1790801547,0,134290,0,393.96,199.93,1190911,2072575,4870143,11534335,12550143,219264,29687807,3621772.86,3458381.10,134290,10,10,10,0,0,0,0,0,0,3049471,4464639,4616191,2917683.20,200
1790801548,0,134490,0,393.39,200.05,1190911,2074623,4866047,11526143,12550143,219264,29687807,3620725.21,3456159.22,134490,10,10,10,0,0,0,0,0,0,3065855,4521983,4739071,2917283.84,200
1790801549,0,134690,0,392.83,200.06,1191935,2076671,4857855,11526143,12550143,219264,29687807,3619351.99,3454015.04,134690,10,10,10,0,0,0,0,0,0,2854911,4358143,4689919,2695925.76,200
1790801550,0,134890,0,392.27,199.93,1192959,2077695,4853759,11526143,12541951,219264,29687807,3617905.05,3451879.14,134890,10,10,10,0,0,0,0,0,0,2801663,4239359,4345855,2643466.24,200
1790801551,0,135090,0,391.71,200.06,1192959,2079743,4845567,11526143,12541951,219264,29687807,3616562.47,3449724.15,135090,10,10,10,0,0,0,0,0,0,2832383,4243455,4616191,2711055.36,200
1790801552,0,135290,0,391.15,199.88,1193983,2080767,4841471,11526143,12541951,219264,29687807,3614885.98,3447659.46,135290,10,10,10,0,0,0,0,0,0,2732031,4034559,4313087,2482506.24,200
1790801553,0,135490,0,390.60,200.02,1193983,2082815,4833279,11526143,12541951,219264,29687807,3613836.22,3445538.98,135490,10,10,10,0,0,0,0,0,0,2930687,4734975,6692863,2903724.80,200
1790801554,0,135690,0,390.06,200.08,1195007,2084863,4825087,11526143,12541951,219264,29687807,3612510.69,3443408.13,135690,10,10,10,0,0,0,0,0,0,2965503,4366335,4685823,2714528.00,200
1790801555,0,135890,0,389.51,199.92,1195007,2086911,4820991,11517951,12541951,219264,29687807,3611131.72,3441285.05,135890,10,10,10,0,0,0,0,0,0,2758655,4349951,4751359,2675569.92,200
1790801556,0,136090,0,388.97,200.06,1196031,2088959,4816895,11517951,12541951,219264,29687807,3609933.66,3439134.77,136090,10,10,10,0,0,0,0,0,0,2981887,4399103,4669439,2795912.96,200
1790801557,0,136290,0,388.43,200.03,1197055,2089983,4808703,11517951,12541951,219264,29687807,3608556.82,3437029.49,136290,10,10,10,0,0,0,0,0,0,2848767,4235263,4595711,2671684.48,200
1790801558,0,136490,0,387.89,199.86,1198079,2092031,4804607,11517951,12541951,219264,29687807,3607280.56,3434889.56,136490,10,10,10,0,0,0,0,0,0,2777087,4222975,4497407,2737574.40,200
1790801559,0,136690,0,387.36,200.17,1199103,2094079,4796415,11517951,12533759,219264,29687807,3605994.08,3432724.26,136690,10,10,10,0,0,0,0,0,0,2678783,4151295,4354047,2728035.84,200
1790801560,0,136890,0,386.83,199.95,1199103,2096127,4788223,11517951,12533759,219264,29687807,3604376.79,3430669.11,136890,10,10,10,0,0,0,0,0,0,2422783,4087807,4411391,2499042.56,200
1790801561,0,137090,0,386.31,199.87,1200127,2097151,4784127,11509759,12533759,219264,29687807,3603086.23,3428632.46,137090,10,10,10,0,0,0,0,0,0,2801663,4403199,6369279,2719756.80,200
1790801562,0,137290,0,385.78,200.06,1200127,2099199,4775935,11509759,12533759,219264,29687807,3601416.88,3426609.06,137290,10,10,10,0,0,0,0,0,0,2615295,3905535,4130815,2457160.96,200
1790801563,0,137490,0,385.26,200.04,1201151,2099199,4771839,11509759,12533759,219264,29687807,3599859.42,3424545.82,137490,10,10,10,0,0,0,0,0,0,2566143,3921919,4100095,2530744.32,200
1790801564,0,137690,0,384.74,200.01,1202175,2101247,4763647,11509759,12533759,219264,29687807,3598262.40,3422506.67,137690,10,10,10,0,0,0,0,0,0,2465791,3954687,4489215,2500386.56,200
1790801565,0,137890,0,384.23,199.90,1202175,2103295,4759551,11509759,12533759,219264,29687807,3596913.42,3420424.30,137890,10,10,10,0,0,0,0,0,0,2768895,4235263,4673535,2668213.76,200
1790801566,0,138090,0,383.72,200.01,1203199,2103295,4755455,11509759,12533759,219264,29687807,3595219.09,3418438.64,138090,10,10,10,0,0,0,0,0,0,2652159,3921919,4163583,2427061.76,200
1790801567,0,139870,0,387.59,1780.14,1205247,2099199,4714495,11501567,12550143,219264,29687807,3581625.93,3410799.06,139870,10,10,10,0,0,0,0,0,0,1954815,9125887,14131199,2527086.53,1780
1790801568,0,141870,0,392.04,2001.06,1214463,2146303,4706303,11493375,12541951,219264,29687807,3583738.71,3393205.56,141870,10,10,10,0,0,0,0,0,0,3305471,7421951,8216575,3731496.19,2000
1790801569,0,143870,0,396.47,2000.33,1225727,2205695,4718591,11476991,12533759,219264,29687807,3589092.26,3376552.98,143870,10,10,10,0,0,0,0,0,0,3512319,6971391,10502143,3968846.08,2000
1790801570,0,145870,0,400.88,1999.42,1236991,2269183,4739071,11460607,12525567,219264,29687807,3597556.64,3358955.65,145870,10,10,10,0,0,0,0,0,0,4280319,6455295,7864319,4206441.79,2000
1790801571,0,147870,0,405.26,2000.61,1247231,2303999,4747263,11452415,12517375,219264,29687807,3596246.33,3341389.58,147870,10,10,10,0,0,0,0,0,0,3274751,6045695,6766591,3500679.17,2000
1790801572,0,149870,0,409.62,1999.21,1259519,2381823,4853759,11436031,12509183,219264,29687807,3619244.30,3329368.31,149870,10,10,10,0,0,0,0,0,0,5664767,7049215,7626751,5319599.36,2000
1790801573,0,151870,0,413.96,1999.19,1251327,2316287,4800511,11427839,12500991,219264,29687807,3591572.76,3317057.71,151870,10,10,10,0,0,0,0,0,0,1418239,2861055,3188735,1518005.70,2000
1790801574,0,153870,0,418.27,2001.36,1257471,2326527,4784127,11411455,12492799,219264,29687807,3584091.41,3302546.55,153870,10,10,10,0,0,0,0,0,0,2543615,6459391,8577023,3015995.46,2000
1790801575,0,155870,0,422.56,1999.79,1269759,2383871,4816895,11403263,12492799,219264,29687807,3594462.93,3290449.14,155870,10,10,10,0,0,0,0,0,0,4134911,7413759,10592255,4392395.55,2000
1790801576,0,157870,0,426.82,1999.85,1279999,2457599,4853759,11395071,12484607,219264,29687807,3606936.05,3276330.11,157870,10,10,10,0,0,0,0,0,0,4513791,7122943,10149887,4579028.74,2000
1790801577,0,159870,0,431.06,2000.65,1288191,2523135,4878335,11378687,12476415,219264,29687807,3620130.13,3265411.43,159870,10,10,10,0,0,0,0,0,0,4382719,7700479,11083775,4661605.12,2000
1790801578,0,161870,0,435.28,1999.31,1297407,2580479,4935679,11362303,12476415,219264,29687807,3638796.76,3257655.99,161870,10,10,10,0,0,0,0,0,0,5234687,8699903,10862591,5130913.73,2000
1790801579,0,163870,0,439.48,1999.24,1306623,2617343,4984831,11354111,12468223,219264,29687807,3654134.04,3247441.27,163870,10,10,10,0,0,0,0,0,0,5001215,7565311,10239999,4895456.70,2000
1790801580,0,165870,0,443.65,2000.31,1313791,2639871,5042175,11337727,12468223,219264,29687807,3670221.73,3240973.16,165870,10,10,10,0,0,0,0,0,0,5296127,8097791,11313151,4988366.66,2000
1790801581,0,167870,0,447.80,2000.09,1320959,2660351,5091327,11329535,12460031,219264,29687807,3686432.67,3234143.73,167870,10,10,10,0,0,0,0,0,0,5312511,9183231,10928127,5030887.14,2000
1790801582,0,169870,0,451.93,2001.01,1328127,2684927,5140479,11313151,12443647,219264,29687807,3706692.97,3227430.26,169870,10,10,10,0,0,0,0,0,0,5238783,9003007,10412031,5407240.83,2000
1790801583,0,171870,0,456.04,1998.85,1336319,2701311,5189631,11296767,12443647,219264,29687807,3722201.59,3219213.78,171870,10,10,10,0,0,0,0,0,0,5214207,7880703,10690559,5039426.40,2000
1790801584,0,173850,0,460.07,1980.48,1343487,2717695,5206015,11280383,12435455,219264,29687807,3729459.67,3207237.94,173850,10,10,10,0,0,0,0,0,0,4263935,7053311,9461759,4359482.57,1980
1790801585,0,175870,0,464.19,2019.87,1349631,2738175,5238783,11272191,12435455,219264,29687807,3741319.33,3196599.53,175870,10,10,10,0,0,0,0,0,0,5083135,7192575,10330111,4762013.21,2020
1790801586,0,177870,0,468.23,1999.64,1355775,2760703,5271551,11255807,12427263,219264,29687807,3755709.56,3186332.51,177870,10,10,10,0,0,0,0,0,0,5197823,7290879,7847935,5021114.62,2000
1790801587,0,179870,0,472.26,2000.37,1358847,2762751,5275647,11239423,12419071,219264,29687807,3756177.35,3178557.01,179870,10,10,10,0,0,0,0,0,0,3327999,7725055,10813439,3797780.38,2000
1790801588,0,181850,0,476.21,1980.62,1360895,2756607,5259263,11223039,12419071,219264,29687807,3745886.67,3168099.49,181850,10,10,10,0,0,0,0,0,0,2236415,6721535,7405567,2811046.27,1980
1790801589,0,183850,0,480.18,1999.18,1366015,2770943,5296127,11247615,12419071,219264,29687807,3769452.07,3179270.57,183850,10,10,10,0,0,0,0,0,0,5361663,11837439,12681215,5912135.49,2000
1790801590,0,185870,0,484.20,2020.93,1371135,2783231,5341183,11263999,12419071,219264,29687807,3794081.90,3192579.38,185870,10,10,10,0,0,0,0,0,0,5656575,11837439,12435455,6035762.76,2020
1790801591,0,187870,0,488.13,1998.82,1377279,2791423,5345279,11255807,12410879,219264,29687807,3799262.94,3184190.39,187870,10,10,10,0,0,0,0,0,0,4102143,7888895,11468799,4280762.69,2000
1790801592,0,189870,0,492.05,2000.19,1383423,2801663,5369855,11272191,12419071,219264,29687807,3816745.98,3186601.14,189870,10,10,10,0,0,0,0,0,0,5013503,11837439,12845055,5459015.30,2000
1790801593,0,191870,0,495.95,1999.75,1388543,2813951,5398527,11255807,12410879,219264,29687807,3830508.54,3183077.83,191870,10,10,10,0,0,0,0,0,0,4816895,10346495,11395071,5137057.28,2000
1790801594,0,193870,0,499.83,2000.34,1394687,2822143,5431295,11247615,12402687,219264,29687807,3844825.95,3181859.77,193870,10,10,10,0,0,0,0,0,0,5197823,10731519,11468799,5218366.59,2000
1790801595,0,195870,0,503.69,1999.32,1397759,2830335,5451775,11247615,12402687,219264,29687807,3855241.42,3180063.51,195870,10,10,10,0,0,0,0,0,0,4603903,10584063,11616255,4864864.64,2000
1790801596,0,197870,0,507.52,2001.30,1404927,2840575,5480447,11239423,12394495,219264,29687807,3868637.08,3176844.02,197870,10,10,10,0,0,0,0,0,0,4952063,10551295,11526143,5180541.63,2000
1790801597,0,199870,0,511.34,1999.03,1411071,2852863,5509119,11231231,12386303,219264,29687807,3882359.42,3171918.73,199870,10,10,10,0,0,0,0,0,0,5353471,10067967,11468799,5239979.39,2000
1790801598,0,201870,0,515.14,2000.82,1415167,2854911,5517311,11214847,12386303,219264,29687807,3884315.77,3165916.83,201870,10,10,10,0,0,0,0,0,0,3579903,8040447,10846207,4079823.49,2000
1790801599,0,203870,0,518.92,2000.03,1417215,2861055,5505023,11206655,12378111,219264,29687807,3882603.43,3157284.61,203870,10,10,10,0,0,0,0,0,0,3885055,7106559,10526719,3709767.68,2000
1790801600,0,205870,0,522.68,2000.42,1419263,2863103,5513215,11190271,12378111,219264,29687807,3882779.44,3150532.14,205870,10,10,10,0,0,0,0,0,0,3653631,7421951,8904703,3900721.15,2000
1790801601,0,207870,0,526.42,1998.89,1426431,2877439,5537791,11182079,12369919,219264,29687807,3897239.56,3148388.66,207870,10,10,10,0,0,0,0,0,0,5271551,10592255,11591679,5385692.61,2000
1790801602,0,209870,0,530.14,2000.27,1430527,2879487,5533695,11173887,12361727,219264,29687807,3896969.45,3141686.58,209870,10,10,10,0,0,0,0,0,0,3405823,7884799,11780095,3868894.91,2000
1790801603,0,211870,0,533.85,2000.07,1435647,2889727,5554175,11173887,12369919,219264,29687807,3908125.50,3142494.52,211870,10,10,10,0,0,0,0,0,0,4640767,11149311,13361151,5078786.43,2000
1790801604,0,213870,0,537.53,2000.12,1443839,2902015,5545983,11165695,12361727,219264,29687807,3909423.17,3133306.07,213870,10,10,10,0,0,0,0,0,0,3371007,7450623,10821631,4046891.84,2000
1790801605,0,215870,0,541.20,1999.03,1452031,2926591,5545983,11149311,12361727,219264,29687807,3917646.95,3123557.55,215870,10,10,10,0,0,0,0,0,0,4591615,7557119,9781247,4797056.64,2000
1790801606,0,217870,0,544.85,2000.06,1459199,2936831,5550079,11141119,12353535,219264,29687807,3920935.21,3115755.14,217870,10,10,10,0,0,0,0,0,0,3909631,7823359,10190847,4275853.44,2000
1790801607,0,219870,0,548.48,2000.50,1465343,2957311,5570559,11132927,12353535,219264,29687807,3932111.86,3111120.55,219870,10,10,10,0,0,0,0,0,0,5287935,10182655,11681791,5149640.51,2000
1790801608,0,221870,0,552.09,2000.03,1472511,2973695,5591039,11132927,12345343,219264,29687807,3943949.43,3110622.80,221870,10,10,10,0,0,0,0,0,0,5185535,11067391,11640831,5245312.67,2000
1790801609,0,223870,0,555.68,2000.05,1479679,2994175,5615615,11132927,12345343,219264,29687807,3957947.65,3111685.81,223870,10,10,10,0,0,0,0,0,0,5328895,11173887,11673599,5510839.30,2000
1790801610,0,225870,0,559.26,1999.41,1486847,3016703,5623807,11124735,12337151,219264,29687807,3967589.70,3107298.88,225870,10,10,10,0,0,0,0,0,0,4816895,10518527,11493375,5046872.83,2000
1790801611,0,227870,0,562.82,2000.08,1494015,3037183,5644287,11116543,12337151,219264,29687807,3978115.46,3104462.09,227870,10,10,10,0,0,0,0,0,0,5271551,9945087,11149311,5166842.69,2000
1790801612,0,229870,0,566.36,1999.95,1501183,3055615,5656575,11108351,12328959,219264,29687807,3986737.52,3100848.85,229870,10,10,10,0,0,0,0,0,0,4706303,10469375,11755519,4969091.97,2000
1790801613,0,231870,0,569.88,2000.20,1509375,3076095,5672959,11100159,12328959,219264,29687807,3998102.96,3097828.93,231870,10,10,10,0,0,0,0,0,0,5111807,10133503,11362303,5304388.99,2000
1790801614,0,233870,0,573.39,1999.51,1516543,3090431,5689343,11108351,12320767,219264,29687807,4010166.54,3099661.74,233870,10,10,10,0,0,0,0,0,0,4997119,11239423,11747327,5408757.63,2000
1790801615,0,235870,0,576.88,2000.19,1522687,3100671,5709823,11100159,12320767,219264,29687807,4021103.39,3099187.26,235870,10,10,10,0,0,0,0,0,0,5263359,10584063,11485183,5300004.16,2000
1790801616,0,237870,0,580.35,2001.10,1528831,3115007,5726207,11100159,12312575,219264,29687807,4032717.52,3100049.26,237870,10,10,10,0,0,0,0,0,0,5074943,11231231,11714559,5402430.21,2000
1790801617,0,239850,0,583.76,1979.74,1535999,3129343,5750783,11091967,12312575,219264,29687807,4046777.65,3098939.76,239850,10,10,10,0,0,0,0,0,0,5808127,10158079,11206655,5735911.05,1980
1790801618,0,241870,0,587.24,2019.87,1543167,3143679,5767167,11091967,12304383,219264,29687807,4056877.42,3098109.38,241870,10,10,10,0,0,0,0,0,0,4837375,10452991,11501567,5256099.64,2020
1790801619,0,243870,0,590.66,1999.48,1550335,3153919,5779455,11083775,12304383,219264,29687807,4065114.13,3095357.83,243870,10,10,10,0,0,0,0,0,0,5165055,10387455,11288575,5061220.96,2000
1790801620,0,245850,0,594.02,1980.93,1556479,3166207,5791743,11083775,12296191,219264,29687807,4074126.21,3094576.30,245850,10,10,10,0,0,0,0,0,0,4800511,10911743,11755519,5184114.04,1980
1790801621,0,247870,0,597.46,2018.66,1562623,3178495,5812223,11075583,12287999,219264,29687807,4085245.42,3094906.71,247870,10,10,10,0,0,0,0,0,0,5443583,10682367,11632639,5438541.50,2020
1790801622,0,249870,0,600.83,2000.52,1568767,3196927,5828607,11075583,12287999,219264,29687807,4097238.17,3095201.12,249870,10,10,10,0,0,0,0,0,0,5283839,10936319,11558911,5583559.30,2000
1790801623,0,251870,0,604.19,1999.63,1574911,3215359,5840895,11067391,12287999,219264,29687807,4106790.89,3094844.76,251870,10,10,10,0,0,0,0,0,0,5017599,10829823,11804671,5300260.22,2000
1790801624,0,253870,0,607.53,2001.43,1582079,3235839,5857279,11067391,12279807,219264,29687807,4117929.52,3094426.25,253870,10,10,10,0,0,0,0,0,0,5488639,10813439,11591679,5520673.06,2000
1790801625,0,255870,0,610.85,1999.70,1589247,3258367,5877759,11067391,12287999,219264,29687807,4131635.43,3095338.26,255870,10,10,10,0,0,0,0,0,0,5869567,10985471,12492799,5871394.69,2000
1790801626,0,257870,0,614.16,1999.21,1594367,3272703,5890047,11067391,12279807,219264,29687807,4140190.97,3095378.29,257870,10,10,10,0,0,0,0,0,0,4886527,11051007,11755519,5234743.26,2000
1790801627,0,258330,0,613.80,460.25,1594367,3270655,5890047,11067391,12279807,219264,29687807,4138771.75,3094828.52,258330,10,10,10,0,0,0,0,0,0,2815999,9158655,11608063,3343176.63,460
1790801628,0,258530,0,612.81,199.86,1594367,3268607,5885951,11067391,12279807,219264,29687807,4137177.43,3094266.60,258530,10,10,10,0,0,0,0,0,0,1987583,3391487,3612671,2077882.88,200
1790801629,0,258730,0,611.84,200.04,1594367,3266559,5885951,11067391,12279807,219264,29687807,4135608.35,3093699.37,258730,10,10,10,0,0,0,0,0,0,1967103,3483647,3729407,2107331.84,200
1790801630,0,258930,0,610.87,200.05,1594367,3264511,5881855,11059199,12279807,219264,29687807,4134067.52,3093119.55,258930,10,10,10,0,0,0,0,0,0,2026495,3514367,4358143,2140776.96,200
1790801631,0,259130,0,609.90,199.91,1593343,3262463,5881855,11059199,12279807,219264,29687807,4132550.65,3092551.37,259130,10,10,10,0,0,0,0,0,0,1993727,4009983,4943871,2168727.04,200
1790801632,0,259330,0,608.94,200.11,1593343,3258367,5877759,11059199,12279807,219264,29687807,4130919.53,3092017.66,259330,10,10,10,0,0,0,0,0,0,1886207,3301375,3635199,2017564.16,200
1790801633,0,259530,0,607.98,200.05,1593343,3256319,5877759,11059199,12279807,219264,29687807,4129574.70,3091365.80,259530,10,10,10,0,0,0,0,0,0,2271231,3950591,5304319,2385798.40,200
1790801634,0,259730,0,607.02,199.85,1593343,3254271,5873663,11059199,12279807,219264,29687807,4128103.24,3090766.02,259730,10,10,10,0,0,0,0,0,0,2121727,3766271,4177919,2218661.76,200
1790801635,0,259930,0,606.08,200.15,1593343,3252223,5873663,11059199,12271615,219264,29687807,4126582.65,3090195.22,259930,10,10,10,0,0,0,0,0,0,2052095,3647487,3948543,2151873.28,200
1790801636,0,260130,0,605.13,199.87,1593343,3250175,5869567,11051007,12271615,219264,29687807,4125033.46,3089643.46,260130,10,10,10,0,0,0,0,0,0,1953791,3631103,3866623,2111632.64,200
1790801637,0,260330,0,604.19,199.99,1592319,3248127,5865471,11051007,12271615,219264,29687807,4123498.81,3089072.27,260330,10,10,10,0,0,0,0,0,0,1995775,3532799,3792895,2127449.60,200
1790801638,0,260530,0,603.26,200.05,1592319,3246079,5865471,11051007,12271615,219264,29687807,4121947.91,3088507.85,260530,10,10,10,0,0,0,0,0,0,1999871,3506175,3596287,2103214.08,200
1790801639,0,260730,0,602.32,199.91,1592319,3244031,5861375,11051007,12271615,219264,29687807,4120399.89,3087936.16,260730,10,10,10,0,0,0,0,0,0,1957887,3424255,3670015,2103879.68,200
1790801640,0,260930,0,601.40,200.03,1592319,3239935,5861375,11051007,12271615,219264,29687807,4118842.77,3087371.97,260930,10,10,10,0,0,0,0,0,0,1988607,3428351,3569663,2088902.40,200
1790801641,0,261130,0,600.47,200.06,1591295,3237887,5857279,11051007,12271615,219264,29687807,4117116.69,3086902.79,261130,10,10,10,0,0,0,0,0,0,1738751,2998271,3401727,1865189.12,200
1790801642,0,261330,0,599.55,200.02,1591295,3233791,5857279,11051007,12271615,219264,29687807,4115616.78,3086386.34,261330,10,10,10,0,0,0,0,0,0,1975295,3407871,7139327,2157258.24,200
1790801643,0,261530,0,598.64,200.08,1591295,3231743,5853183,11051007,12271615,219264,29687807,4114150.61,3085781.95,261530,10,10,10,0,0,0,0,0,0,2040831,3842047,4073471,2198380.80,200
1790801644,0,261730,0,597.73,199.85,1591295,3229695,5853183,11042815,12271615,219264,29687807,4112570.75,3085234.67,261730,10,10,10,0,0,0,0,0,0,1897471,3350527,3518463,2046666.24,200
1790801645,0,261930,0,596.82,200.01,1590271,3227647,5849087,11042815,12271615,219264,29687807,4110958.70,3084703.33,261930,10,10,10,0,0,0,0,0,0,1882111,3221503,3422207,2001341.44,200
1790801646,0,262130,0,595.92,200.08,1590271,3223551,5849087,11042815,12271615,219264,29687807,4109357.48,3084192.73,262130,10,10,10,0,0,0,0,0,0,1801215,3252223,3430399,2012328.96,200
1790801647,0,262330,0,595.02,199.89,1590271,3221503,5844991,11042815,12271615,219264,29687807,4107782.68,3083644.58,262330,10,10,10,0,0,0,0,0,0,1984511,3311615,3504127,2043772.16,200
1790801648,0,262530,0,594.13,200.07,1590271,3219455,5844991,11042815,12271615,219264,29687807,4106173.47,3083115.36,262530,10,10,10,0,0,0,0,0,0,1927167,3221503,3424255,1995445.76,200
1790801649,0,262730,0,593.24,199.92,1590271,3215359,5840895,11042815,12271615,219264,29687807,4104581.30,3082577.79,262730,10,10,10,0,0,0,0,0,0,1944575,3264511,3508223,2014624.00,200
1790801650,0,262930,0,592.35,200.11,1589247,3213311,5840895,11042815,12271615,219264,29687807,4102982.28,3082048.97,262930,10,10,10,0,0,0,0,0,0,1817599,3239935,3450879,2002421.76,200
1790801651,0,263130,0,591.47,199.99,1589247,3211263,5836799,11034623,12271615,219264,29687807,4101554.87,3081582.45,263130,10,10,10,0,0,0,0,0,0,1963007,3581951,9150463,2225013.76,200
1790801652,0,263330,0,590.59,199.92,1589247,3207167,5836799,11034623,12271615,219264,29687807,4099955.54,3081055.69,263330,10,10,10,0,0,0,0,0,0,1944575,3192831,3461119,1995797.76,200
1790801653,0,263530,0,589.72,200.07,1589247,3205119,5832703,11034623,12271615,219264,29687807,4098364.84,3080523.53,263530,10,10,10,0,0,0,0,0,0,1882111,3205119,3477503,2003973.12,200
1790801654,0,263730,0,588.85,199.98,1588223,3201023,5832703,11034623,12263423,219264,29687807,4096772.55,3079992.85,263730,10,10,10,0,0,0,0,0,0,1905663,3221503,3442687,1998688.00,200
1790801655,0,263930,0,587.98,200.10,1588223,3198975,5828607,11034623,12263423,219264,29687807,4095195.99,3079456.16,263930,10,10,10,0,0,0,0,0,0,1941503,3227647,3463167,2016268.80,200
1790801656,0,264130,0,587.12,199.89,1588223,3196927,5828607,11034623,12263423,219264,29687807,4093649.05,3078910.07,264130,10,10,10,0,0,0,0,0,0,1989631,3340287,4147199,2052226.56,200
1790801657,0,264330,0,586.26,200.09,1588223,3194879,5824511,11034623,12263423,219264,29687807,4092155.37,3078342.35,264330,10,10,10,0,0,0,0,0,0,1998847,3416063,4677631,2119528.96,200
1790801658,0,264530,0,585.41,199.89,1588223,3192831,5824511,11034623,12263423,219264,29687807,4090671.33,3077771.77,264530,10,10,10,0,0,0,0,0,0,1985535,3604479,3932159,2129290.24,200
1790801659,0,264730,0,584.56,200.06,1587199,3190783,5820415,11026431,12263423,219264,29687807,4089144.05,3077219.81,264730,10,10,10,0,0,0,0,0,0,1978367,3422207,3536895,2069084.16,200
1790801660,0,264930,0,583.71,200.05,1587199,3188735,5820415,11026431,12263423,219264,29687807,4087608.83,3076673.88,264930,10,10,10,0,0,0,0,0,0,2014207,3321855,3637247,2055516.16,200
1790801661,0,265130,0,582.86,199.89,1587199,3188735,5816319,11026431,12263423,219264,29687807,4086121.37,3076105.72,265130,10,10,10,0,0,0,0,0,0,2023423,3473407,3796991,2115750.40,200
1790801662,0,265330,0,582.03,200.00,1587199,3186687,5816319,11026431,12263423,219264,29687807,4084619.53,3075548.43,265330,10,10,10,0,0,0,0,0,0,1948671,3502079,3676159,2093713.92,200
1790801663,0,265530,0,581.19,200.11,1587199,3184639,5812223,11026431,12263423,219264,29687807,4083158.14,3074972.13,265530,10,10,10,0,0,0,0,0,0,2056191,3508223,4427775,2144407.04,200
1790801664,0,265730,0,580.36,199.89,1587199,3182591,5808127,11026431,12263423,219264,29687807,4081676.84,3074406.71,265730,10,10,10,0,0,0,0,0,0,1937407,3516415,3848191,2115020.16,200
1790801665,0,265930,0,579.53,200.08,1586175,3180543,5808127,11026431,12263423,219264,29687807,4080177.00,3073848.49,265930,10,10,10,0,0,0,0,0,0,1955839,3481599,3667967,2087413.76,200
1790801666,0,266130,0,578.70,200.04,1586175,3178495,5804031,11026431,12263423,219264,29687807,4078659.18,3073299.54,266130,10,10,10,0,0,0,0,0,0,1929215,3362815,3690495,2060491.52,200
1790801667,0,266330,0,577.88,199.89,1586175,3178495,5804031,11018239,12263423,219264,29687807,4077172.33,3072738.26,266330,10,10,10,0,0,0,0,0,0,2013183,3508223,3839999,2098703.36,200
1790801668,0,266530,0,577.06,200.09,1586175,3176447,5799935,11018239,12263423,219264,29687807,4075670.17,3072189.32,266530,10,10,10,0,0,0,0,0,0,1883135,3471359,3618815,2075315.20,200
1790801669,0,266730,0,576.25,199.99,1586175,3174399,5799935,11018239,12263423,219264,29687807,4074160.27,3071638.89,266730,10,10,10,0,0,0,0,0,0,1940479,3409919,3567615,2061995.52,200
1790801670,0,266930,0,575.44,200.06,1586175,3172351,5795839,11018239,12263423,219264,29687807,4072675.66,3071080.75,266930,10,10,10,0,0,0,0,0,0,1923071,3469311,3706879,2092720.64,200
1790801671,0,267130,0,574.63,199.82,1585151,3172351,5791743,11018239,12263423,219264,29687807,4071326.12,3070492.09,267130,10,10,10,0,0,0,0,0,0,2067455,3756031,6221823,2270164.48,200
1790801672,0,267330,0,573.82,200.04,1585151,3170303,5791743,11018239,12255231,219264,29687807,4069873.39,3069930.60,267330,10,10,10,0,0,0,0,0,0,1998847,3614719,3907583,2129536.00,200
1790801673,0,267530,0,573.02,200.14,1585151,3168255,5787647,11018239,12255231,219264,29687807,4068404.26,3069373.90,267530,10,10,10,0,0,0,0,0,0,1943551,3563519,3809279,2104689.28,200
1790801674,0,267730,0,572.23,199.83,1585151,3168255,5787647,11010047,12255231,219264,29687807,4066981.16,3068786.89,267730,10,10,10,0,0,0,0,0,0,2066431,3606527,3749887,2163374.08,200
1790801675,0,267930,0,571.43,200.07,1585151,3166207,5783551,11010047,12255231,219264,29687807,4065609.33,3068196.20,267930,10,10,10,0,0,0,0,0,0,2079743,3661823,5599231,2229208.32,200
1790801676,0,268130,0,570.64,200.00,1585151,3164159,5783551,11010047,12255231,219264,29687807,4064147.88,3067630.75,268130,10,10,10,0,0,0,0,0,0,1924095,3516415,3663871,2106316.80,200
1790801677,0,268330,0,569.86,200.03,1585151,3162111,5779455,11010047,12255231,219264,29687807,4062778.57,3067068.65,268330,10,10,10,0,0,0,0,0,0,2047999,3708927,6262783,2227016.32,200
1790801678,0,268530,0,569.07,199.93,1584127,3162111,5779455,11010047,12255231,219264,29687807,4061344.26,3066491.35,268530,10,10,10,0,0,0,0,0,0,2001919,3493887,3835903,2136990.72,200
1790801679,0,268730,0,568.29,199.98,1584127,3160063,5775359,11010047,12255231,219264,29687807,4059912.94,3065912.07,268730,10,10,10,0,0,0,0,0,0,2051071,3545087,3741695,2138152.96,200
1790801680,0,268930,0,567.51,200.00,1584127,3160063,5771263,11010047,12255231,219264,29687807,4058470.85,3065341.33,268930,10,10,10,0,0,0,0,0,0,2045951,3504127,3796991,2120808.32,200
1790801681,0,269130,0,566.74,200.05,1584127,3158015,5771263,11010047,12255231,219264,29687807,4057009.95,3064785.34,269130,10,10,10,0,0,0,0,0,0,1904639,3549183,3762175,2092610.56,200
1790801682,0,269330,0,565.97,200.11,1584127,3155967,5767167,11010047,12255231,219264,29687807,4055547.77,3064228.50,269330,10,10,10,0,0,0,0,0,0,1984511,3467263,3663871,2087966.72,200
1790801683,0,269530,0,565.20,199.88,1584127,3155967,5763071,11001855,12255231,219264,29687807,4054071.80,3063677.85,269530,10,10,10,0,0,0,0,0,0,1911807,3350527,3631103,2066455.04,200
1790801684,0,269730,0,564.44,199.97,1583103,3153919,5763071,11001855,12255231,219264,29687807,4052651.10,3063104.45,269730,10,10,10,0,0,0,0,0,0,2039807,3561471,3895295,2138046.08,200
1790801685,0,269930,0,563.68,200.05,1583103,3151871,5758975,11001855,12255231,219264,29687807,4051212.15,3062543.07,269930,10,10,10,0,0,0,0,0,0,2007039,3487743,3842047,2110572.16,200
1790801686,0,270130,0,562.92,200.05,1583103,3151871,5754879,11001855,12255231,219264,29687807,4049780.81,3061975.66,270130,10,10,10,0,0,0,0,0,0,2008063,3575807,3680255,2117969.92,200
1790801687,0,272750,0,567.20,2620.37,1591295,3166207,5783551,11018239,12255231,219264,29687807,4066848.73,3068314.67,272750,10,10,10,0,0,0,0,0,0,5390335,11804671,12468223,5826603.43,2620
1790801688,0,275750,0,572.25,2999.65,1601535,3186687,5820415,11051007,12287999,219264,29687807,4090180.29,3079351.09,275750,10,10,10,0,0,0,0,0,0,5779455,12361727,12976127,6211408.04,3000
1790801689,0,278780,0,577.34,3030.31,1608703,3205119,5840895,11083775,12287999,219264,29687807,4108825.37,3087813.30,278780,10,10,10,0,0,0,0,0,0,5435391,12025855,12369919,5805651.01,3030
1790801690,0,281762,0,582.31,2982.32,1615871,3229695,5869567,11108351,12296191,219264,29687807,4127747.91,3094705.32,281762,10,10,10,0,0,0,0,0,0,5509119,11943935,12402687,5896770.66,2982
1790801691,0,284750,0,587.27,2987.23,1624063,3252223,5894143,11132927,12312575,219264,29687807,4147843.12,3103558.66,284750,10,10,10,0,0,0,0,0,0,5722111,12238847,12820479,6042778.22,2988
1790801692,0,287750,0,592.23,2999.38,1632255,3272703,5922815,11157503,12328959,219264,29687807,4169321.72,3113401.16,287750,10,10,10,0,0,0,0,0,0,5885951,12222463,12730367,6207999.27,3000
1790801693,0,290780,0,597.24,3029.53,1639423,3295231,5951487,11182079,12345343,219264,29687807,4188704.60,3121314.61,290780,10,10,10,0,0,0,0,0,0,5652479,12328959,13164543,6029438.10,3030
1790801694,0,293780,0,602.16,2999.78,1646591,3317759,5976063,11206655,12353535,219264,29687807,4208302.22,3129770.23,293780,10,10,10,0,0,0,0,0,0,5697535,12115967,12582911,6107834.58,3000
1790801695,0,296780,0,607.07,3001.33,1653759,3342335,6004735,11231231,12369919,219264,29687807,4228848.06,3139381.02,296780,10,10,10,0,0,0,0,0,0,5799935,12320767,12763135,6240833.62,3000
1790801696,0,299750,0,611.89,2968.63,1660927,3368959,6033407,11255807,12386303,219264,29687807,4248968.36,3148361.01,299750,10,10,10,0,0,0,0,0,0,5935103,12320767,12976127,6259507.85,2970
1790801697,0,302780,0,616.82,3029.21,1668095,3393535,6053887,11272191,12386303,219264,29687807,4265071.15,3153905.08,302780,10,10,10,0,0,0,0,0,0,5361663,11837439,12369919,5858077.49,3030
1790801698,0,305780,0,621.66,3002.72,1673215,3411967,6074367,11280383,12386303,219264,29687807,4278640.10,3157440.88,305780,10,10,10,0,0,0,0,0,0,5496831,11460607,12304383,5648108.93,3000
1790801699,0,308750,0,626.43,2967.30,1680383,3434495,6090751,11296767,12386303,207616,29687807,4292597.69,3161367.66,308750,10,10,10,0,0,0,0,0,0,5304319,11894783,12673023,5729618.73,2970
1790801700,0,311780,0,631.30,3031.54,1686527,3454975,6111231,11304959,12386303,207616,29687807,4306750.91,3165414.45,311780,10,10,10,0,0,0,0,0,0,5410815,11706367,12197887,5748931.44,3030
1790801701,0,314780,0,636.08,3001.40,1691647,3477503,6127615,11313151,12386303,207616,29687807,4319650.98,3168305.80,314780,10,10,10,0,0,0,0,0,0,5328895,11706367,12124159,5660312.36,3000
1790801702,0,317750,0,640.79,2968.37,1696767,3502079,6148095,11321343,12394495,207616,29687807,4335169.18,3174310.68,317750,10,10,10,0,0,0,0,0,0,5513215,12115967,12886015,5979889.13,2970
1790801703,0,320768,0,645.57,3019.62,1702911,3522559,6172671,11345919,12410879,207616,29687807,4352412.09,3182150.47,320768,10,10,10,0,0,0,0,0,0,5783551,12369919,13139967,6167831.33,3018
1790801704,0,323780,0,650.33,3011.35,1709055,3547135,6193151,11362303,12419071,207616,29687807,4368007.89,3187715.55,323780,10,10,10,0,0,0,0,0,0,5591039,12214271,12754943,6028909.47,3012
1790801705,0,326750,0,654.98,2970.58,1716223,3571711,6213631,11378687,12427263,207616,29687807,4385531.50,3194862.16,326750,10,10,10,0,0,0,0,0,0,5844991,12337151,12853247,6295899.37,2970
1790801706,0,329780,0,659.73,3029.31,1723391,3594239,6234111,11395071,12427263,207616,29687807,4400442.43,3199678.48,329780,10,10,10,0,0,0,0,0,0,5484543,12017663,12443647,6008411.42,3030
1790801707,0,332750,0,664.34,2968.13,1730559,3616767,6254591,11411455,12435455,207616,29687807,4415805.60,3204757.34,332750,10,10,10,0,0,0,0,0,0,5718015,12165119,12689407,6121686.84,2970
1790801708,0,335780,0,669.05,3031.01,1736703,3639295,6275071,11427839,12443647,207616,29687807,4429643.89,3209355.34,335780,10,10,10,0,0,0,0,0,0,5521407,12099583,12632063,5949343.45,3030
1790801709,0,338780,0,673.69,2999.77,1743871,3655679,6291455,11436031,12435455,207616,29687807,4441086.18,3212109.13,338780,10,10,10,0,0,0,0,0,0,5300223,11771903,12255231,5721783.89,3000
1790801710,0,341780,0,678.30,2999.57,1751039,3674111,6307839,11444223,12443647,207616,29687807,4454279.34,3215389.50,341780,10,10,10,0,0,0,0,0,0,5468159,12034047,12541951,5944139.01,3000
1790801711,0,344780,0,682.90,3000.88,1759231,3694591,6324223,11452415,12443647,207616,29687807,4466256.67,3217200.55,344780,10,10,10,0,0,0,0,0,0,5472255,12017663,12697599,5830793.98,3000
1790801712,0,347762,0,687.45,2982.69,1768447,3710975,6344703,11460607,12460031,207616,29687807,4479543.57,3220617.28,347762,10,10,10,0,0,0,0,0,0,5722111,12255231,13254655,6015779.99,2982
1790801713,0,350750,0,691.99,2987.50,1776639,3729407,6365183,11485183,12500991,207616,29687807,4499654.45,3233914.70,350750,10,10,10,0,0,0,0,0,0,6119423,13058047,13598719,6840284.10,2988
1790801714,0,353780,0,696.59,3028.51,1786879,3747839,6389759,11509759,12566527,207616,29687807,4521357.06,3249061.81,353780,10,10,10,0,0,0,0,0,0,6303743,13418495,13828095,7033630.92,3030
1790801715,0,356780,0,701.12,3000.44,1796095,3768319,6414335,11542527,12623871,207616,29687807,4541441.07,3263414.98,356780,10,10,10,0,0,0,0,0,0,6164479,13238271,14401535,6909881.22,3000
1790801716,0,359780,0,705.63,3000.32,1806335,3784703,6438911,11575295,12681215,207616,29687807,4562185.16,3278221.70,359780,10,10,10,0,0,0,0,0,0,6328319,13361151,14049279,7029210.88,3000
1790801717,0,362780,0,710.12,3001.92,1818623,3807231,6463487,11599871,12730367,207616,29687807,4581375.43,3289416.00,362780,10,10,10,0,0,0,0,0,0,6148095,13099007,13606911,6882799.74,3000
1790801718,0,365780,0,714.59,2999.32,1830911,3829759,6483967,11624447,12771327,207616,29687807,4601301.11,3301286.39,365780,10,10,10,0,0,0,0,0,0,6307839,13262847,13737983,7010848.04,3000
1790801719,0,368780,0,719.05,2997.87,1841151,3848191,6508543,11657215,12812287,207616,29687807,4621916.70,3316890.18,368780,10,10,10,0,0,0,0,0,0,6320127,13320191,14655487,7135507.03,3000
1790801720,0,371780,0,723.49,3001.93,1851391,3866623,6529023,11681791,12845055,207616,29687807,4640219.94,3329129.23,371780,10,10,10,0,0,0,0,0,0,6393855,13352959,13910015,6890176.09,3000
1790801721,0,374750,0,727.85,2968.17,1863679,3885055,6553599,11714559,12894207,207616,29687807,4659058.16,3341714.77,374750,10,10,10,0,0,0,0,0,0,6344703,13393919,14180351,7017196.56,2970
1790801722,0,377750,0,732.25,3000.92,1873919,3905535,6574079,11739135,12918783,207616,29687807,4675726.85,3351611.40,377750,10,10,10,0,0,0,0,0,0,6000639,13008895,13606911,6757924.44,3000
1790801723,0,380780,0,736.70,3029.23,1884159,3921919,6594559,11763711,12943359,207616,29687807,4692453.96,3361639.67,380780,10,10,10,0,0,0,0,0,0,6197247,13131775,13697023,6777822.46,3030
1790801724,0,383750,0,741.01,2971.77,1894399,3940351,6615039,11780095,12959743,207616,29687807,4707584.40,3369787.17,383750,10,10,10,0,0,0,0,0,0,6098943,12910591,13541375,6647438.61,2970
1790801725,0,386780,0,745.42,3028.85,1906687,3956735,6635519,11812863,12992511,207616,29687807,4725545.28,3380539.53,386780,10,10,10,0,0,0,0,0,0,6221823,13221887,13852671,7000294.06,3030
1790801726,0,389750,0,749.70,2971.43,1916927,3973119,6664191,11837439,13049855,207616,29687807,4745082.82,3394898.30,389750,10,10,10,0,0,0,0,0,0,6795263,13860863,14532607,7289436.57,2970
1790801727,0,392750,0,754.02,2999.82,1927167,3993599,6680575,11862015,13066239,207616,29687807,4761967.53,3404212.43,392750,10,10,10,0,0,0,0,0,0,6242303,13082623,13533183,6955572.35,3000
1790801728,0,395780,0,758.38,3029.97,1936383,4009983,6701055,11886591,13082623,207616,29687807,4777575.43,3412556.15,395780,10,10,10,0,0,0,0,0,0,6316031,13074431,13500415,6800678.86,3030
1790801729,0,398750,0,762.61,2970.35,1944575,4026367,6721535,11911167,13099007,207616,29687807,4792521.01,3420053.30,398750,10,10,10,0,0,0,0,0,0,6111231,13058047,13615103,6784157.74,2970
1790801730,0,401768,0,766.92,3018.49,1951743,4042751,6737919,11927551,13107199,207616,29687807,4806333.72,3426865.99,401768,10,10,10,0,0,0,0,0,0,5963775,12902399,13443071,6631322.59,3018
1790801731,0,404750,0,771.14,2980.49,1960959,4059135,6758399,11952127,13131775,207616,29687807,4822526.83,3435209.31,404750,10,10,10,0,0,0,0,0,0,6295551,13213695,14680063,7004242.07,2982
1790801732,0,407750,0,775.38,3000.37,1971199,4075519,6778879,11968511,13139967,207616,29687807,4837833.66,3442735.88,407750,10,10,10,0,0,0,0,0,0,6324223,13049855,13451263,6902980.05,3000
1790801733,0,410750,0,779.60,2998.92,1978367,4091903,6799359,11984895,13148159,207616,29687807,4851396.05,3448397.99,410750,10,10,10,0,0,0,0,0,0,6189055,12804095,13246463,6694751.62,3000
1790801734,0,413750,0,783.80,3000.41,1985535,4110335,6819839,12009471,13148159,207616,29687807,4865310.85,3454322.38,413750,10,10,10,0,0,0,0,0,0,6328319,12828671,13238271,6770478.72,3000
1790801735,0,416750,0,788.00,2999.54,1993727,4126719,6840319,12042239,13180927,207616,29687807,4882528.60,3464917.80,416750,10,10,10,0,0,0,0,0,0,6737919,13549567,14352383,7257143.25,3000
1790801736,0,419780,0,792.23,3031.07,2000895,4143103,6856703,12066815,13205503,207616,29687807,4898419.43,3473710.06,419780,10,10,10,0,0,0,0,0,0,6492159,13492223,14393343,7084064.40,3030
1790801737,0,422756,0,796.34,2975.72,2008063,4159487,6881279,12091391,13221887,207616,29687807,4913320.46,3480628.88,422756,10,10,10,0,0,0,0,0,0,6381567,13156351,13828095,7015185.68,2976
1790801738,0,425750,0,800.47,2993.30,2015231,4177919,6901759,12107775,13238271,207616,29687807,4928131.84,3488052.60,425750,10,10,10,0,0,0,0,0,0,6447103,13279231,14196735,7019514.78,2994
1790801739,0,428780,0,804.66,3029.95,2020351,4192255,6918143,12124159,13246463,207616,29687807,4941282.18,3494736.63,428780,10,10,10,0,0,0,0,0,0,6230015,13172735,13910015,6789056.97,3030
1790801740,0,431753,0,808.72,2975.09,2028543,4210687,6938623,12148735,13254655,207616,29687807,4955501.88,3501271.68,431753,10,10,10,0,0,0,0,0,0,6504447,13008895,13393919,7006334.15,2973
1790801741,0,434780,0,812.86,3025.22,2035711,4227071,6959103,12156927,13254655,207616,29687807,4967816.95,3506274.29,434780,10,10,10,0,0,0,0,0,0,6090751,12869631,13320191,6724363.97,3027
1790801742,0,437780,0,816.95,2999.31,2042879,4243455,6975487,12173311,13271039,207616,29687807,4981112.65,3511946.64,437780,10,10,10,0,0,0,0,0,0,6287359,13295615,13754367,6908013.82,3000
1790801743,0,440750,0,820.96,2972.00,2052095,4255743,6991871,12189695,13295615,207616,29687807,4995470.62,3518954.77,440750,10,10,10,0,0,0,0,0,0,6840319,13672447,14516223,7111844.76,2970
1790801744,0,443750,0,825.01,2998.01,2060287,4276223,7016447,12214271,13352959,207616,29687807,5014135.65,3532654.89,443750,10,10,10,0,0,0,0,0,0,6995967,14745599,15613951,7756339.75,3000
1790801745,0,446780,0,829.10,3032.40,2066431,4292607,7036927,12238847,13385727,207616,29687807,5031202.51,3545201.53,446780,10,10,10,0,0,0,0,0,0,6676479,14761983,16662527,7530680.95,3030
1790801746,0,449765,0,833.09,2983.72,2074623,4304895,7053311,12255231,13402111,207616,29687807,5044945.46,3552515.29,449765,10,10,10,0,0,0,0,0,0,6385663,13434879,14827519,7101922.41,2985
1790801747,0,450340,0,832.62,575.18,2075647,4304895,7053311,12255231,13402111,207616,29687807,5045197.58,3552685.38,450340,10,10,10,0,0,0,0,0,0,4093951,13099007,13533183,5242403.39,575
1790801748,0,450540,0,831.45,200.03,2075647,4304895,7049215,12255231,13402111,207616,29687807,5044623.70,3552073.73,450540,10,10,10,0,0,0,0,0,0,3768319,5296127,5619711,3752430.08,200
1790801749,0,450740,0,830.28,199.85,2076671,4304895,7049215,12255231,13402111,207616,29687807,5044116.95,3551465.55,450740,10,10,10,0,0,0,0,0,0,3909631,5472255,8601599,3902558.72,200
1790801750,0,450940,0,829.13,199.99,2076671,4304895,7049215,12255231,13402111,207616,29687807,5043618.20,3550842.85,450940,10,10,10,0,0,0,0,0,0,4055039,5750783,6803455,3919577.60,200
1790801751,0,451140,0,827.97,200.04,2077695,4300799,7049215,12255231,13402111,207616,29687807,5043128.40,3550224.86,451140,10,10,10,0,0,0,0,0,0,3930111,5685247,8093695,3938785.28,200
1790801752,0,451340,0,826.82,199.92,2077695,4300799,7045119,12255231,13402111,207616,29687807,5042565.33,3549611.50,451340,10,10,10,0,0,0,0,0,0,3762175,5513215,5984255,3772444.16,200
1790801753,0,451540,0,825.68,200.18,2078719,4300799,7045119,12255231,13402111,207616,29687807,5041989.30,3548987.96,451540,10,10,10,0,0,0,0,0,0,3665919,5079039,5230591,3742062.08,200
1790801754,0,451740,0,824.53,199.92,2079743,4300799,7045119,12255231,13402111,207616,29687807,5041396.67,3548373.71,451740,10,10,10,0,0,0,0,0,0,3641343,5136383,5492735,3703416.32,200
1790801755,0,451940,0,823.40,200.02,2079743,4300799,7041023,12255231,13402111,207616,29687807,5040767.92,3547772.47,451940,10,10,10,0,0,0,0,0,0,3565567,4968447,5136383,3620618.24,200
1790801756,0,452140,0,822.26,199.99,2080767,4300799,7041023,12255231,13402111,207616,29687807,5040208.46,3547154.48,452140,10,10,10,0,0,0,0,0,0,3823615,5292031,5533695,3775976.96,200
1790801757,0,452340,0,821.13,199.91,2081791,4300799,7036927,12255231,13402111,207616,29687807,5039696.18,3546536.65,452340,10,10,10,0,0,0,0,0,0,3962879,5578751,5959679,3881589.76,200
1790801758,0,452540,0,820.01,200.10,2081791,4296703,7036927,12255231,13402111,207616,29687807,5038931.27,3545996.74,452540,10,10,10,0,0,0,0,0,0,3457023,4767743,4915199,3308940.80,200
1790801759,0,452740,0,818.88,199.90,2082815,4296703,7036927,12255231,13402111,207616,29687807,5038342.62,3545435.83,452740,10,10,10,0,0,0,0,0,0,3565567,5832703,7946239,3706411.52,200
1790801760,0,452940,0,817.77,200.08,2082815,4296703,7032831,12247039,13402111,207616,29687807,5037795.00,3544821.41,452940,10,10,10,0,0,0,0,0,0,3932159,5459967,5726207,3798138.88,200
1790801761,0,453140,0,816.65,199.97,2083839,4296703,7032831,12247039,13402111,207616,29687807,5037229.48,3544220.46,453140,10,10,10,0,0,0,0,0,0,3842047,5631999,5963775,3756497.92,200
1790801762,0,453340,0,815.54,199.97,2083839,4292607,7032831,12247039,13402111,207616,29687807,5036610.41,3543634.12,453340,10,10,10,0,0,0,0,0,0,3715071,5382143,5718015,3633976.32,200
1790801763,0,453540,0,814.44,200.02,2084863,4292607,7028735,12247039,13402111,207616,29687807,5036060.76,3543019.22,453540,10,10,10,0,0,0,0,0,0,3944447,5459967,5771263,3790169.60,200
1790801764,0,453740,0,813.34,200.07,2084863,4292607,7028735,12247039,13402111,207616,29687807,5035519.76,3542403.26,453740,10,10,10,0,0,0,0,0,0,3760127,5451775,6209535,3808706.56,200
1790801765,0,453940,0,812.24,199.90,2085887,4292607,7028735,12247039,13402111,207616,29687807,5034947.87,3541797.91,453940,10,10,10,0,0,0,0,0,0,3670015,5324799,5980159,3737497.60,200
1790801766,0,454140,0,811.15,200.04,2085887,4292607,7024639,12247039,13402111,207616,29687807,5034413.95,3541180.92,454140,10,10,10,0,0,0,0,0,0,3813375,5267455,5500927,3822574.08,200
1790801767,0,454340,0,810.06,200.06,2086911,4292607,7024639,12247039,13402111,207616,29687807,5033868.83,3540567.72,454340,10,10,10,0,0,0,0,0,0,3807231,5316607,5582847,3796065.28,200
1790801768,0,454540,0,808.97,199.98,2087935,4292607,7020543,12247039,13402111,207616,29687807,5033270.60,3539970.32,454540,10,10,10,0,0,0,0,0,0,3694591,5189631,5525503,3674265.60,200
1790801769,0,454740,0,807.89,200.07,2087935,4288511,7020543,12247039,13402111,207616,29687807,5032693.98,3539371.84,454740,10,10,10,0,0,0,0,0,0,3753983,5251071,5554175,3722206.72,200
1790801770,0,454940,0,806.81,199.88,2088959,4288511,7020543,12247039,13402111,207616,29687807,5032169.94,3538751.04,454940,10,10,10,0,0,0,0,0,0,3813375,5296127,5513215,3840657.92,200
1790801771,0,455140,0,805.74,200.00,2088959,4288511,7020543,12247039,13402111,207616,29687807,5031654.47,3538126.24,455140,10,10,10,0,0,0,0,0,0,3770367,5328895,6385663,3859125.76,200
1790801772,0,455340,0,804.67,200.10,2089983,4288511,7016447,12247039,13402111,207616,29687807,5031059.91,3537529.59,455340,10,10,10,0,0,0,0,0,0,3670015,5095423,5763071,3678013.44,200
1790801773,0,455540,0,803.60,199.87,2091007,4288511,7016447,12247039,13402111,207616,29687807,5030579.85,3536911.81,455540,10,10,10,0,0,0,0,0,0,4098047,5812223,6270975,3937633.28,200
1790801774,0,455740,0,802.54,200.02,2091007,4288511,7012351,12247039,13402111,207616,29687807,5030014.85,3536307.01,455740,10,10,10,0,0,0,0,0,0,3702783,5345279,5701631,3743111.68,200
1790801775,0,455940,0,801.48,199.98,2092031,4288511,7012351,12247039,13402111,207616,29687807,5029498.26,3535684.97,455940,10,10,10,0,0,0,0,0,0,3829759,5332991,5672959,3852341.76,200
1790801776,0,456140,0,800.42,200.13,2092031,4288511,7012351,12247039,13402111,207616,29687807,5029042.26,3535068.08,456140,10,10,10,0,0,0,0,0,0,3907583,5726207,8101887,3989501.44,200
1790801777,0,456340,0,799.37,200.03,2093055,4284415,7008255,12247039,13402111,207616,29687807,5028465.75,3534471.49,456340,10,10,10,0,0,0,0,0,0,3788799,5320703,5537791,3713615.36,200
1790801778,0,456540,0,798.32,199.84,2094079,4284415,7008255,12247039,13402111,207616,29687807,5027951.73,3533853.49,456540,10,10,10,0,0,0,0,0,0,3897343,5390335,5640191,3855116.80,200
1790801779,0,456740,0,797.28,200.16,2094079,4284415,7004159,12247039,13393919,207616,29687807,5027380.54,3533255.41,456740,10,10,10,0,0,0,0,0,0,3784703,5304319,5648383,3723527.68,200
1790801780,0,456940,0,796.24,199.84,2095103,4284415,7004159,12238847,13393919,207616,29687807,5026836.63,3532659.98,456940,10,10,10,0,0,0,0,0,0,3741695,5476351,6475775,3784714.24,200
1790801781,0,457140,0,795.20,200.13,2095103,4284415,7004159,12238847,13393919,207616,29687807,5026290.17,3532050.32,457140,10,10,10,0,0,0,0,0,0,3885055,5390335,5476351,3777792.00,200
1790801782,0,457340,0,794.17,199.96,2096127,4284415,7004159,12238847,13393919,207616,29687807,5025819.37,3531433.14,457340,10,10,10,0,0,0,0,0,0,4018175,5824511,6348799,3949696.00,200
1790801783,0,457540,0,793.14,199.93,2096127,4284415,7000063,12238847,13393919,207616,29687807,5025263.76,3530828.37,457540,10,10,10,0,0,0,0,0,0,3678207,5320703,5922815,3754759.68,200
1790801784,0,457740,0,792.11,200.11,2097151,4280319,7000063,12238847,13393919,207616,29687807,5024708.48,3530218.59,457740,10,10,10,0,0,0,0,0,0,3766271,5083135,5382143,3754401.28,200
1790801785,0,457940,0,791.09,199.85,2099199,4280319,6995967,12238847,13393919,207616,29687807,5024171.01,3529656.89,457940,10,10,10,0,0,0,0,0,0,3735551,5980159,7856127,3794055.68,200
1790801786,0,458140,0,790.07,200.13,2099199,4280319,6995967,12238847,13393919,207616,29687807,5023589.26,3529064.16,458140,10,10,10,0,0,0,0,0,0,3698687,5394431,5734399,3691566.08,200
1790801787,0,458340,0,789.05,199.89,2099199,4280319,6995967,12238847,13393919,207616,29687807,5023150.83,3528464.35,458340,10,10,10,0,0,0,0,0,0,3866623,6045695,8798207,4018836.48,200
1790801788,0,458540,0,788.04,200.00,2101247,4280319,6991871,12238847,13393919,207616,29687807,5022673.33,3527835.17,458540,10,10,10,0,0,0,0,0,0,3778559,5357567,6365183,3928376.32,200
1790801789,0,458740,0,787.03,200.03,2101247,4280319,6991871,12238847,13393919,207616,29687807,5022203.57,3527202.60,458740,10,10,10,0,0,0,0,0,0,3874815,5279743,6029311,3945192.96,200
1790801790,0,458940,0,786.03,200.13,2101247,4280319,6991871,12238847,13393919,207616,29687807,5021752.22,3526582.78,458940,10,10,10,0,0,0,0,0,0,3883007,5513215,7028735,3986498.56,200
1790801791,0,459140,0,785.02,200.00,2101247,4280319,6987775,12238847,13393919,207616,29687807,5021238.93,3525983.07,459140,10,10,10,0,0,0,0,0,0,3837951,5730303,6246399,3843381.76,200
1790801792,0,459340,0,784.03,199.84,2103295,4280319,6987775,12238847,13393919,207616,29687807,5020699.87,3525372.59,459340,10,10,10,0,0,0,0,0,0,3713023,5341183,5603327,3783188.48,200
1790801793,0,459540,0,783.03,200.04,2103295,4280319,6987775,12238847,13393919,207616,29687807,5020204.31,3524769.02,459540,10,10,10,0,0,0,0,0,0,3825663,5795839,7139327,3882048.00,200
1790801794,0,459740,0,782.04,200.08,2103295,4276223,6983679,12238847,13393919,207616,29687807,5019640.38,3524167.13,459740,10,10,10,0,0,0,0,0,0,3692543,5042175,5365759,3723904.00,200
1790801795,0,459940,0,781.05,199.94,2105343,4276223,6983679,12238847,13393919,207616,29687807,5019114.90,3523558.23,459940,10,10,10,0,0,0,0,0,0,3823615,5435391,5812223,3811179.52,200
1790801796,0,460140,0,780.07,199.99,2105343,4276223,6983679,12238847,13393919,207616,29687807,5018636.20,3522944.94,460140,10,10,10,0,0,0,0,0,0,3872767,5689343,6655999,3917762.56,200
1790801797,0,460340,0,779.08,200.02,2105343,4276223,6979583,12238847,13393919,207616,29687807,5018077.91,3522346.39,460340,10,10,10,0,0,0,0,0,0,3651583,5394431,5931007,3733629.44,200
1790801798,0,460540,0,778.11,200.07,2107391,4276223,6979583,12230655,13393919,207616,29687807,5017491.92,3521759.16,460540,10,10,10,0,0,0,0,0,0,3590143,5124095,5955583,3668728.32,200
1790801799,0,460740,0,777.13,199.99,2107391,4276223,6979583,12230655,13393919,207616,29687807,5016966.76,3521159.86,460740,10,10,10,0,0,0,0,0,0,3850239,5689343,6184959,3807667.20,200
1790801800,0,460940,0,776.16,199.91,2107391,4276223,6979583,12230655,13393919,207616,29687807,5016460.04,3520563.63,460940,10,10,10,0,0,0,0,0,0,4149247,5652479,6516735,3849144.32,200
1790801801,0,461140,0,775.19,200.06,2109439,4276223,6975487,12230655,13393919,207616,29687807,5015980.05,3519981.79,461140,10,10,10,0,0,0,0,0,0,3926015,5873663,8306687,3909734.40,200
1790801802,0,461340,0,774.22,200.04,2109439,4272127,6975487,12230655,13393919,207616,29687807,5015424.15,3519407.41,461340,10,10,10,0,0,0,0,0,0,3749887,5656575,7340031,3733696.00,200
1790801803,0,461540,0,773.26,199.92,2109439,4272127,6975487,12230655,13393919,207616,29687807,5014913.98,3518811.39,461540,10,10,10,0,0,0,0,0,0,3923967,5660671,6025215,3838105.60,200
1790801804,0,461740,0,772.30,200.07,2111487,4272127,6971391,12230655,13393919,207616,29687807,5014329.45,3518240.14,461740,10,10,10,0,0,0,0,0,0,3708927,5410815,5734399,3665406.72,200
1790801805,0,461940,0,771.35,200.03,2111487,4272127,6971391,12230655,13393919,207616,29687807,5013792.38,3517647.25,461940,10,10,10,0,0,0,0,0,0,3735551,5554175,5832703,3773852.16,200
1790801806,0,462140,0,770.40,199.94,2111487,4272127,6971391,12230655,13393919,207616,29687807,5013272.35,3517054.24,462140,10,10,10,0,0,0,0,0,0,3733503,5824511,6164479,3812152.32,200
1790801807,0,466580,0,776.50,4441.11,2125823,4292607,6995967,12255231,13443071,207616,29687807,5035782.50,3532204.82,466580,10,10,10,0,0,0,0,0,0,6692863,14319615,17809407,7378765.10,4440
1790801808,0,471530,0,783.44,4948.51,2140159,4313087,7024639,12279807,13451263,207616,29687807,5055446.46,3540409.50,471530,10,10,10,0,0,0,0,0,0,6131711,13262847,14303231,6908943.02,4950
1790801809,0,476530,0,790.43,4998.64,2154495,4329471,7049215,12296191,13451263,207616,29687807,5072345.77,3546562.38,476530,10,10,10,0,0,0,0,0,0,6119423,12918783,13688831,6666052.58,5000
1790801810,0,481530,0,797.40,5002.63,2162687,4349951,7069695,12304383,13459455,207616,29687807,5087136.48,3552313.60,481530,10,10,10,0,0,0,0,0,0,5947391,12779519,13975551,6496780.21,5000
1790801811,0,486530,0,804.35,4998.90,2172927,4370431,7094271,12312575,13459455,207616,29687807,5104266.31,3558540.46,486530,10,10,10,0,0,0,0,0,0,6258687,13074431,13697023,6753971.17,5000
1790801812,0,491580,0,811.36,5050.47,2183167,4390911,7118847,12320767,13475839,207616,29687807,5119375.88,3563526.86,491580,10,10,10,0,0,0,0,0,0,6225919,12836863,15556607,6575070.59,5050
1790801813,0,496530,0,818.18,4949.04,2195455,4407295,7135231,12337151,13484031,207616,29687807,5135064.01,3569019.23,496530,10,10,10,0,0,0,0,0,0,6086655,12918783,14204927,6693038.13,4950
1790801814,0,501530,0,825.06,4999.91,2207743,4423679,7155711,12345343,13484031,207616,29687807,5149528.06,3572967.09,501530,10,10,10,0,0,0,0,0,0,6021119,12787711,13451263,6585895.27,5000
1790801815,0,506580,0,831.99,5049.08,2217983,4440063,7172095,12353535,13484031,207616,29687807,5163354.92,3577375.25,506580,10,10,10,0,0,0,0,0,0,6205439,12673023,14229503,6536540.31,5050
1790801816,0,511580,0,838.83,5002.05,2228223,4460543,7200767,12361727,13484031,207616,29687807,5178227.60,3581716.10,511580,10,10,10,0,0,0,0,0,0,6443007,12738559,13410303,6685067.24,5000
1790801817,0,516530,0,845.56,4948.58,2238463,4472831,7217151,12361727,13484031,207616,29687807,5189832.46,3584150.14,516530,10,10,10,0,0,0,0,0,0,5885951,12582911,13238271,6389189.64,4950
1790801818,0,521530,0,852.35,4999.42,2248703,4489215,7237631,12369919,13484031,207616,29687807,5202568.48,3586406.13,521530,10,10,10,0,0,0,0,0,0,5980159,12533759,13238271,6518275.26,5000
1790801819,0,526545,0,859.14,5017.16,2258943,4505599,7254015,12369919,13475839,207616,29687807,5214924.53,3588731.47,526545,10,10,10,0,0,0,0,0,0,6037503,12599295,13180927,6499880.15,5015
1790801820,0,531530,0,865.86,4981.53,2269183,4521983,7270399,12378111,13484031,207616,29687807,5227033.15,3591621.58,531530,10,10,10,0,0,0,0,0,0,5898239,12697599,14196735,6506016.29,4985
1790801821,0,536530,0,872.59,5001.20,2277375,4538367,7286783,12378111,13475839,207616,29687807,5237911.00,3593690.16,536530,10,10,10,0,0,0,0,0,0,5943295,12591103,13230079,6394292.28,5000
1790801822,0,541530,0,879.29,5002.46,2287615,4550655,7303167,12386303,13484031,207616,29687807,5250788.47,3596483.53,541530,10,10,10,0,0,0,0,0,0,6266879,12787711,13615103,6632617.78,5000
1790801823,0,546530,0,885.97,4997.54,2297855,4567039,7319551,12394495,13484031,207616,29687807,5262668.32,3598621.02,546530,10,10,10,0,0,0,0,0,0,6361087,12664831,13303807,6549327.33,5000
1790801824,0,551530,0,892.63,5000.17,2308095,4583423,7340031,12402687,13484031,207616,29687807,5276185.69,3602120.26,551530,10,10,10,0,0,0,0,0,0,6356991,12869631,13787135,6753715.10,5000
1790801825,0,556530,0,899.26,5002.00,2314239,4599807,7348223,12402687,13492223,207616,29687807,5285655.08,3603502.98,556530,10,10,10,0,0,0,0,0,0,5967871,12394495,13565951,6330185.88,5000
1790801826,0,561530,0,905.88,4999.65,2322431,4612095,7364607,12402687,13492223,207616,29687807,5295739.15,3605622.84,561530,10,10,10,0,0,0,0,0,0,5898239,12861439,13680639,6418156.83,5000
1790801827,0,566530,0,912.47,5000.00,2330623,4624383,7376895,12410879,13492223,207616,29687807,5304314.43,3606318.78,566530,10,10,10,0,0,0,0,0,0,5709823,12673023,13484031,6267369.42,5000
1790801828,0,571580,0,919.13,5051.39,2338815,4636671,7385087,12410879,13492223,207616,29687807,5312505.75,3605923.05,571580,10,10,10,0,0,0,0,0,0,5890047,12394495,13320191,6231442.69,5050
1790801829,0,576530,0,925.60,4947.15,2349055,4644863,7393279,12402687,13492223,207616,29687807,5319001.58,3604030.81,576530,10,10,10,0,0,0,0,0,0,5705727,12197887,12910591,6069079.63,4950
1790801830,0,581530,0,932.13,4999.97,2359295,4653055,7397375,12402687,13484031,207616,29687807,5324633.81,3600736.89,581530,10,10,10,0,0,0,0,0,0,5738495,11821055,12492799,5974063.49,5000
1790801831,0,586530,0,938.64,4998.40,2371583,4665343,7409663,12410879,13492223,207616,29687807,5335786.32,3602808.49,586530,10,10,10,0,0,0,0,0,0,5971967,13025279,14368767,6632889.83,5000
1790801832,0,591580,0,945.21,5050.37,2387967,4694015,7397375,12402687,13492223,207616,29687807,5342172.67,3593772.98,591580,10,10,10,0,0,0,0,0,0,6246399,9830399,12525567,6083913.20,5050
1790801833,0,596560,0,951.64,4984.81,2410495,4673535,7372799,12394495,13484031,207616,29687807,5334539.25,3581757.08,596560,10,10,10,0,0,0,0,0,0,4079615,7008255,9420799,4427756.57,4980
1790801834,0,601580,0,958.12,5016.81,2426879,4661247,7348223,12386303,13475839,207616,29687807,5326000.69,3570512.40,601580,10,10,10,0,0,0,0,0,0,4202495,7213055,9166847,4311306.15,5020
1790801835,0,606530,0,964.47,4951.89,2445311,4661247,7323647,12378111,13467647,207616,29687807,5320221.69,3559069.70,606530,10,10,10,0,0,0,0,0,0,4644863,6897663,7430143,4617892.93,4950
1790801836,0,611530,0,970.88,4999.83,2461695,4665343,7315455,12369919,13467647,207616,29687807,5318858.81,3549149.23,611530,10,10,10,0,0,0,0,0,0,4947967,8413183,11632639,5153533.31,5000
1790801837,0,616530,0,977.26,5000.73,2476031,4681727,7303167,12361727,13459455,207616,29687807,5320235.09,3538548.12,616530,10,10,10,0,0,0,0,0,0,5779455,7819263,9715711,5488561.59,5000
1790801838,0,621580,0,983.71,5050.35,2492415,4685823,7294975,12353535,13459455,207616,29687807,5320224.46,3529022.09,621580,10,10,10,0,0,0,0,0,0,5070847,8560639,11608063,5318927.11,5050
1790801839,0,626540,0,989.99,4960.47,2496511,4681727,7282687,12353535,13451263,207616,29687807,5315328.62,3521018.33,626540,10,10,10,0,0,0,0,0,0,4337663,8122367,10518527,4701788.52,4960
1790801840,0,631580,0,996.38,5035.79,2510847,4698111,7274495,12345343,13451263,207616,29687807,5317008.68,3511596.89,631580,10,10,10,0,0,0,0,0,0,5713919,8511487,11362303,5525862.98,5040
1790801841,0,636575,0,1002.68,4995.47,2525183,4702207,7262207,12337151,13443071,207616,29687807,5316310.21,3502039.21,636575,10,10,10,0,0,0,0,0,0,4988927,8601599,11354111,5227994.64,4995
1790801842,0,641530,0,1008.90,4957.09,2535423,4698111,7249919,12328959,13443071,207616,29687807,5312700.90,3493527.21,641530,10,10,10,0,0,0,0,0,0,4595711,8200191,11427839,4849008.35,4955
1790801843,0,646530,0,1015.16,5000.10,2545663,4698111,7245823,12320767,13434879,207616,29687807,5311343.58,3485444.94,646530,10,10,10,0,0,0,0,0,0,4771839,8691711,11739135,5137190.86,5000
1790801844,0,651530,0,1021.41,4999.47,2559999,4710399,7233535,12312575,13434879,207616,29687807,5313182.45,3476568.50,651530,10,10,10,0,0,0,0,0,0,5668863,9142271,11354111,5550958.82,5000
1790801845,0,656530,0,1027.64,4999.85,2566143,4718591,7245823,12328959,13451263,207616,29687807,5324422.80,3483689.56,656530,10,10,10,0,0,0,0,0,0,6062079,13606911,15228927,6789107.87,5000
1790801846,0,661580,0,1033.92,5048.55,2572287,4726783,7262207,12345343,13467647,207616,29687807,5336139.58,3490450.19,661580,10,10,10,0,0,0,0,0,0,6066175,13393919,14262271,6859391.37,5050
1790801847,0,666530,0,1040.03,4952.78,2576383,4739071,7274495,12353535,13475839,207616,29687807,5345960.86,3495471.25,666530,10,10,10,0,0,0,0,0,0,6135807,12951551,14508031,6658599.15,4950
1790801848,0,671530,0,1046.20,5000.30,2582527,4747263,7286783,12361727,13484031,207616,29687807,5356528.33,3500843.58,671530,10,10,10,0,0,0,0,0,0,6422527,12976127,13983743,6765236.40,5000
1790801849,0,676580,0,1052.43,5045.98,2586623,4759551,7303167,12369919,13492223,207616,29687807,5368541.37,3506926.68,676580,10,10,10,0,0,0,0,0,0,6520831,13180927,13680639,6965989.97,5050
1790801850,0,681575,0,1058.55,4994.55,2592767,4771839,7315455,12386303,13500415,207616,29687807,5380080.06,3512724.90,681575,10,10,10,0,0,0,0,0,0,6193151,13377535,14155775,6943011.41,4995
1790801851,0,686530,0,1064.60,4955.41,2596863,4780031,7327743,12394495,13508607,207616,29687807,5389957.68,3517431.87,686530,10,10,10,0,0,0,0,0,0,6324223,13139967,14082047,6748654.41,4955
1790801852,0,691580,0,1070.77,5050.64,2600959,4788223,7340031,12402687,13524991,207616,29687807,5398953.27,3522312.10,691580,10,10,10,0,0,0,0,0,0,6074367,13156351,14049279,6621872.97,5050
1790801853,0,696580,0,1076.84,4999.82,2607103,4800511,7352319,12419071,13533183,207616,29687807,5409956.20,3527496.03,696580,10,10,10,0,0,0,0,0,0,6430719,13271039,14049279,6931837.57,5000
1790801854,0,701580,0,1082.90,5000.12,2611199,4808703,7364607,12427263,13541375,207616,29687807,5418978.46,3531767.82,701580,10,10,10,0,0,0,0,0,0,6176767,13107199,14090239,6675922.66,5000
1790801855,0,706580,0,1088.93,5000.32,2615295,4816895,7376895,12435455,13549567,207616,29687807,5428771.30,3536523.50,706580,10,10,10,0,0,0,0,0,0,6320127,13205503,14237695,6802864.28,5000
1790801856,0,711580,0,1094.95,5002.08,2619391,4825087,7385087,12443647,13557759,207616,29687807,5437536.01,3539499.10,711580,10,10,10,0,0,0,0,0,0,6254591,13025279,14401535,6676128.87,5000
1790801857,0,716580,0,1100.95,4998.23,2623487,4833279,7393279,12443647,13557759,207616,29687807,5443415.91,3541703.05,716580,10,10,10,0,0,0,0,0,0,5857279,12664831,13492223,6280219.80,5000
1790801858,0,721530,0,1106.86,4951.80,2625535,4841471,7405567,12451839,13565951,207616,29687807,5451493.14,3545956.28,721530,10,10,10,0,0,0,0,0,0,6090751,13246463,14073855,6620782.96,4950
1790801859,0,726550,0,1112.85,5020.18,2631679,4853759,7417855,12460031,13574143,207616,29687807,5461321.05,3550381.11,726550,10,10,10,0,0,0,0,0,0,6324223,13213695,13983743,6873897.18,5020
1790801860,0,731575,0,1118.83,5022.94,2635775,4861951,7434239,12476415,13582335,207616,29687807,5470898.29,3555066.10,731575,10,10,10,0,0,0,0,0,0,6225919,13369343,13991935,6855642.48,5025
1790801861,0,736530,0,1124.69,4956.03,2641919,4870143,7442431,12484607,13582335,207616,29687807,5479620.25,3558527.31,736530,10,10,10,0,0,0,0,0,0,6381567,13041663,13754367,6767363.87,4955
1790801862,0,741580,0,1130.67,5047.95,2646015,4882431,7458815,12492799,13582335,207616,29687807,5489002.11,3562013.54,741580,10,10,10,0,0,0,0,0,0,6193151,13213695,13811711,6857323.06,5050
1790801863,0,746555,0,1136.53,4976.25,2648063,4886527,7467007,12492799,13582335,207616,29687807,5494419.58,3563311.62,746555,10,10,10,0,0,0,0,0,0,6131711,12525567,13221887,6301954.86,4975
1790801864,0,751580,0,1142.44,5023.20,2652159,4894719,7475199,12500991,13582335,207616,29687807,5501955.75,3565605.10,751580,10,10,10,0,0,0,0,0,0,6062079,12976127,13688831,6621590.98,5025
1790801865,0,756530,0,1148.22,4954.05,2656255,4902911,7487487,12500991,13598719,207616,29687807,5510763.96,3570561.41,756530,10,10,10,0,0,0,0,0,0,6320127,13778943,18317311,6848152.82,4950
1790801866,0,761555,0,1154.09,5024.73,2658303,4911103,7495679,12509183,13606911,207616,29687807,5517667.87,3572549.35,761555,10,10,10,0,0,0,0,0,0,6123519,12713983,13754367,6557073.14,5025
1790801867,0,762380,0,1153.59,824.73,2658303,4911103,7495679,12500991,13598719,207616,29687807,5517940.40,3572020.22,762380,10,10,10,0,0,0,0,0,0,5468159,11378687,12320767,5769512.49,825
1790801868,0,762580,0,1152.15,199.90,2660351,4911103,7495679,12500991,13598719,207616,29687807,5517723.13,3571643.35,762580,10,10,10,0,0,0,0,0,0,4624383,7188479,7741439,4689518.08,200
1790801869,0,762780,0,1150.72,200.07,2660351,4911103,7495679,12500991,13598719,207616,29687807,5517544.63,3571230.62,762780,10,10,10,0,0,0,0,0,0,4861951,6254591,6479871,4836963.84,200
1790801870,0,762980,0,1149.29,200.10,2660351,4911103,7495679,12500991,13598719,207616,29687807,5517240.25,3570864.76,762980,10,10,10,0,0,0,0,0,0,4440063,5947391,6324223,4356344.32,200
1790801871,0,763180,0,1147.86,199.83,2660351,4911103,7495679,12500991,13598719,207616,29687807,5517003.78,3570485.19,763180,10,10,10,0,0,0,0,0,0,4673535,6172671,6348799,4614891.52,200
1790801872,0,763380,0,1146.43,200.00,2660351,4911103,7491583,12500991,13598719,207616,29687807,5516811.42,3570085.90,763380,10,10,10,0,0,0,0,0,0,4792319,6307839,6475775,4782807.04,200
1790801873,0,763580,0,1145.01,200.05,2662399,4911103,7491583,12500991,13598719,207616,29687807,5516627.93,3569678.75,763580,10,10,10,0,0,0,0,0,0,4837375,6209535,6414335,4816254.72,200
1790801874,0,763780,0,1143.60,200.11,2662399,4911103,7491583,12500991,13598719,207616,29687807,5516479.39,3569261.50,763780,10,10,10,0,0,0,0,0,0,4960255,6266879,6569983,4949355.52,200
1790801875,0,763980,0,1142.19,199.88,2662399,4911103,7491583,12500991,13598719,207616,29687807,5516302.52,3568853.73,763980,10,10,10,0,0,0,0,0,0,4849663,6266879,6619135,4840844.80,200
1790801876,0,764180,0,1140.78,200.06,2662399,4911103,7491583,12500991,13598719,207616,29687807,5516178.11,3568469.57,764180,10,10,10,0,0,0,0,0,0,4927487,7970815,8355839,5040944.64,200
1790801877,0,764380,0,1139.38,199.96,2664447,4911103,7487487,12500991,13598719,207616,29687807,5515925.28,3568100.95,764380,10,10,10,0,0,0,0,0,0,4665343,6193151,7331839,4549911.04,200
1790801878,0,764580,0,1137.98,199.98,2664447,4911103,7487487,12500991,13598719,207616,29687807,5515752.67,3567702.38,764580,10,10,10,0,0,0,0,0,0,4755455,6373375,7708671,4856064.00,200
1790801879,0,764780,0,1136.59,200.04,2664447,4911103,7487487,12500991,13598719,207616,29687807,5515559.88,3567305.05,764780,10,10,10,0,0,0,0,0,0,4759551,6496255,7864319,4778506.24,200
1790801880,0,764980,0,1135.20,199.98,2664447,4911103,7487487,12500991,13598719,207616,29687807,5515325.03,3566911.19,764980,10,10,10,0,0,0,0,0,0,4607999,6127615,6443007,4617290.24,200
1790801881,0,765180,0,1133.81,200.13,2664447,4911103,7487487,12500991,13598719,207616,29687807,5515105.57,3566520.94,765180,10,10,10,0,0,0,0,0,0,4796415,6393855,6533119,4675696.64,200
1790801882,0,765380,0,1132.43,199.90,2664447,4911103,7483391,12500991,13598719,207616,29687807,5514942.02,3566115.03,765380,10,10,10,0,0,0,0,0,0,5066751,6385663,6598655,4889239.04,200
1790801883,0,765580,0,1131.05,200.08,2666495,4911103,7483391,12500991,13598719,207616,29687807,5514771.54,3565725.41,765580,10,10,10,0,0,0,0,0,0,5013503,6467583,7933951,4862351.36,200
1790801884,0,765780,0,1129.68,199.83,2666495,4911103,7483391,12500991,13598719,207616,29687807,5514591.71,3565329.27,765780,10,10,10,0,0,0,0,0,0,4980735,6512639,6643711,4826211.84,200
1790801885,0,765980,0,1128.31,200.10,2666495,4911103,7483391,12500991,13598719,207616,29687807,5514339.78,3564959.22,765980,10,10,10,0,0,0,0,0,0,4739071,6385663,6557695,4549724.16,200
1790801886,0,766180,0,1126.94,199.95,2666495,4911103,7483391,12500991,13598719,207616,29687807,5514142.89,3564560.21,766180,10,10,10,0,0,0,0,0,0,4849663,6270975,6418431,4760064.00,200
1790801887,0,766380,0,1125.58,200.01,2666495,4911103,7479295,12500991,13598719,207616,29687807,5513942.55,3564161.45,766380,10,10,10,0,0,0,0,0,0,4771839,6254591,6459391,4746488.32,200
1790801888,0,766580,0,1124.23,200.01,2668543,4911103,7479295,12500991,13598719,207616,29687807,5513733.91,3563763.65,766580,10,10,10,0,0,0,0,0,0,4796415,6180863,6365183,4714240.00,200
1790801889,0,766780,0,1122.87,199.93,2668543,4911103,7479295,12500991,13598719,207616,29687807,5513542.80,3563367.20,766780,10,10,10,0,0,0,0,0,0,4837375,6369279,7032831,4781024.64,200
1790801890,0,766980,0,1121.52,200.01,2668543,4911103,7479295,12500991,13598719,207616,29687807,5513295.86,3562976.25,766980,10,10,10,0,0,0,0,0,0,4694015,6025215,6266879,4566574.08,200
1790801891,0,767180,0,1120.18,200.09,2668543,4911103,7479295,12500991,13598719,207616,29687807,5513087.62,3562607.60,767180,10,10,10,0,0,0,0,0,0,4661247,6184959,10682367,4714484.48,200
1790801892,0,767380,0,1118.84,200.02,2670591,4911103,7475199,12500991,13598719,207616,29687807,5512889.32,3562203.93,767380,10,10,10,0,0,0,0,0,0,4710399,6143999,6213631,4752240.64,200
1790801893,0,767580,0,1117.50,199.90,2670591,4911103,7475199,12500991,13598719,207616,29687807,5512672.95,3561805.93,767580,10,10,10,0,0,0,0,0,0,4653055,6098943,6258687,4682472.96,200
1790801894,0,767780,0,1116.16,200.03,2670591,4907007,7475199,12500991,13598719,207616,29687807,5512414.19,3561481.31,767780,10,10,10,0,0,0,0,0,0,4489215,6103039,10731519,4519324.16,200
1790801895,0,767980,0,1114.83,200.07,2670591,4907007,7475199,12500991,13598719,207616,29687807,5512057.63,3561150.50,767980,10,10,10,0,0,0,0,0,0,4337663,5742591,6041599,4143259.52,200
1790801896,0,768180,0,1113.51,200.04,2670591,4907007,7475199,12500991,13598719,207616,29687807,5511760.95,3560807.83,768180,10,10,10,0,0,0,0,0,0,4390911,6467583,6934527,4372546.56,200
1790801897,0,768380,0,1112.19,200.02,2670591,4907007,7471103,12500991,13598719,207616,29687807,5511380.80,3560499.06,768380,10,10,10,0,0,0,0,0,0,4263935,5971967,6361087,4051269.12,200
1790801898,0,768580,0,1110.87,199.84,2670591,4907007,7471103,12500991,13598719,207616,29687807,5511022.81,3560172.91,768580,10,10,10,0,0,0,0,0,0,4202495,6070271,6541311,4135647.36,200
1790801899,0,768780,0,1109.55,200.14,2670591,4907007,7471103,12500991,13598719,207616,29687807,5510707.55,3559831.30,768780,10,10,10,0,0,0,0,0,0,4382719,6152191,6897663,4299198.72,200
1790801900,0,768980,0,1108.24,199.88,2672639,4907007,7471103,12492799,13598719,207616,29687807,5510515.54,3559441.84,768980,10,10,10,0,0,0,0,0,0,4841471,6578175,6967295,4772428.80,200
1790801901,0,769180,0,1106.93,200.03,2672639,4907007,7471103,12492799,13598719,207616,29687807,5510298.25,3559058.39,769180,10,10,10,0,0,0,0,0,0,4812799,6443007,6832127,4674856.96,200
1790801902,0,769380,0,1105.63,200.11,2672639,4907007,7467007,12492799,13598719,207616,29687807,5510029.76,3558686.01,769380,10,10,10,0,0,0,0,0,0,4554751,6303743,6623231,4477460.48,200
1790801903,0,769580,0,1104.33,199.82,2672639,4907007,7467007,12492799,13598719,207616,29687807,5509741.60,3558308.85,769580,10,10,10,0,0,0,0,0,0,4472831,5914623,6189055,4401191.68,200
1790801904,0,769780,0,1103.04,200.01,2672639,4907007,7467007,12492799,13598719,207616,29687807,5509458.41,3557931.10,769780,10,10,10,0,0,0,0,0,0,4460543,5787647,5992447,4419773.44,200
1790801905,0,769980,0,1101.74,200.06,2672639,4907007,7467007,12492799,13598719,207616,29687807,5509176.33,3557548.90,769980,10,10,10,0,0,0,0,0,0,4395007,5779455,5935103,4423490.56,200
1790801906,0,770180,0,1100.46,200.07,2674687,4907007,7467007,12492799,13598719,207616,29687807,5508905.51,3557171.28,770180,10,10,10,0,0,0,0,0,0,4472831,6008831,7172095,4466268.16,200
1790801907,0,770380,0,1099.17,199.93,2674687,4907007,7467007,12492799,13598719,207616,29687807,5508651.46,3556807.44,770380,10,10,10,0,0,0,0,0,0,4472831,6184959,8667135,4530324.48,200
1790801908,0,770580,0,1097.89,200.06,2674687,4907007,7462911,12492799,13598719,207616,29687807,5508464.04,3556404.27,770580,10,10,10,0,0,0,0,0,0,4780031,6197247,6422527,4786549.76,200
1790801909,0,770780,0,1096.61,199.93,2674687,4907007,7462911,12492799,13598719,207616,29687807,5508121.47,3556076.36,770780,10,10,10,0,0,0,0,0,0,4423679,5902335,6197247,4188221.44,200
1790801910,0,770980,0,1095.34,199.95,2674687,4907007,7462911,12492799,13598719,207616,29687807,5507807.80,3555740.12,770980,10,10,10,0,0,0,0,0,0,4272127,6406143,6967295,4298965.76,200
1790801911,0,771180,0,1094.07,200.11,2674687,4902911,7462911,12492799,13598719,207616,29687807,5507509.26,3555397.12,771180,10,10,10,0,0,0,0,0,0,4395007,6385663,6856703,4356652.80,200
1790801912,0,771380,0,1092.80,200.05,2674687,4902911,7462911,12492799,13598719,207616,29687807,5507261.03,3555032.41,771380,10,10,10,0,0,0,0,0,0,4587519,6533119,6889471,4550122.24,200
1790801913,0,771580,0,1091.54,199.87,2676735,4902911,7458815,12492799,13598719,207616,29687807,5507028.22,3554658.64,771580,10,10,10,0,0,0,0,0,0,4780031,6467583,6701055,4609113.60,200
1790801914,0,771780,0,1090.28,200.15,2676735,4902911,7458815,12492799,13598719,207616,29687807,5506778.52,3554279.24,771780,10,10,10,0,0,0,0,0,0,4722687,6262783,6406143,4543457.28,200
1790801915,0,771980,0,1089.02,199.85,2676735,4902911,7458815,12492799,13598719,207616,29687807,5506457.44,3553918.68,771980,10,10,10,0,0,0,0,0,0,4288511,5931007,6365183,4267443.20,200
1790801916,0,772180,0,1087.77,200.03,2676735,4902911,7458815,12492799,13598719,207616,29687807,5506215.08,3553546.74,772180,10,10,10,0,0,0,0,0,0,4579327,6463487,6766591,4570741.76,200
1790801917,0,772380,0,1086.52,199.99,2676735,4902911,7458815,12492799,13598719,207616,29687807,5505881.39,3553219.23,772380,10,10,10,0,0,0,0,0,0,4300799,6107135,6680575,4217507.84,200
1790801918,0,772580,0,1085.28,200.10,2676735,4902911,7454719,12492799,13598719,207616,29687807,5505540.14,3552893.30,772580,10,10,10,0,0,0,0,0,0,4288511,5873663,6168575,4187696.64,200
1790801919,0,772780,0,1084.03,199.84,2678783,4902911,7454719,12492799,13598719,207616,29687807,5505241.77,3552558.62,772780,10,10,10,0,0,0,0,0,0,4501503,6127615,7548927,4352670.08,200
1790801920,0,772980,0,1082.80,200.06,2678783,4902911,7454719,12492799,13598719,207616,29687807,5504925.99,3552227.60,772980,10,10,10,0,0,0,0,0,0,4456447,6107135,6406143,4284775.68,200
1790801921,0,773180,0,1081.56,200.04,2678783,4902911,7454719,12492799,13598719,207616,29687807,5504710.91,3551845.30,773180,10,10,10,0,0,0,0,0,0,4726783,6250495,6426623,4673428.48,200
1790801922,0,773380,0,1080.33,199.92,2678783,4902911,7454719,12492799,13598719,207616,29687807,5504489.57,3551465.52,773380,10,10,10,0,0,0,0,0,0,4694015,6246399,6348799,4648832.00,200
1790801923,0,773580,0,1079.10,200.13,2678783,4902911,7450623,12492799,13598719,207616,29687807,5504147.13,3551130.83,773580,10,10,10,0,0,0,0,0,0,4139007,5963775,6520831,4179973.12,200
1790801924,0,773780,0,1077.88,200.01,2678783,4902911,7450623,12492799,13598719,207616,29687807,5503759.66,3550823.15,773780,10,10,10,0,0,0,0,0,0,4100095,5914623,6242303,4005063.68,200
1790801925,0,773980,0,1076.66,199.90,2678783,4902911,7450623,12492799,13598719,207616,29687807,5503485.23,3550474.97,773980,10,10,10,0,0,0,0,0,0,4567039,6164479,6356991,4441715.20,200
1790801926,0,774180,0,1075.44,200.01,2680831,4902911,7450623,12492799,13598719,207616,29687807,5503182.20,3550127.29,774180,10,10,10,0,0,0,0,0,0,4415487,6029311,6774783,4330493.44,200
1790801927,0,782920,0,1086.07,8744.05,2689023,4915199,7491583,12550143,13721599,207616,29687807,5534708.10,3579438.53,782920,10,10,10,0,0,0,0,0,0,8273919,15269887,16539647,8327238.84,8740
1790801928,0,792920,0,1098.42,9997.86,2695167,4931583,7536639,12591103,13877247,207616,29687807,5565894.46,3606465.73,792920,10,10,10,0,0,0,0,0,0,7671807,15581183,16621567,8007537.10,10000
1790801929,0,802880,0,1110.68,9962.13,2709503,4956159,7585791,12656639,14090239,207616,29687807,5604747.82,3639341.38,802880,10,10,10,0,0,0,0,0,0,7872511,15851519,17661951,8697881.00,9960
1790801930,0,812820,0,1122.88,9938.05,2723839,4980735,7622655,12705791,14270463,207616,29687807,5635818.39,3660943.95,812820,10,10,10,0,0,0,0,0,0,7294975,15450111,16728063,8145470.53,9940
1790801931,0,822820,0,1135.12,9999.64,2734079,5005311,7651327,12730367,14319615,207616,29687807,5657706.65,3670890.43,822820,10,10,10,0,0,0,0,0,0,6864895,14163967,15671295,7436827.76,10000
1790801932,0,832820,0,1147.34,10001.23,2746367,5029887,7679999,12763135,14393343,207616,29687807,5681193.93,3682664.43,832820,10,10,10,0,0,0,0,0,0,6897663,14581759,15982591,7613774.72,10000
1790801933,0,842920,0,1159.65,10093.82,2754559,5050367,7692287,12787711,14426111,207616,29687807,5697818.56,3689263.73,842920,10,10,10,0,0,0,0,0,0,6270975,14057471,14991359,7068642.51,10100
1790801934,0,852920,0,1171.80,10007.61,2766847,5074943,7712767,12820479,14467071,207616,29687807,5717290.77,3696970.54,852920,10,10,10,0,0,0,0,0,0,6496255,14295039,15114239,7358642.23,10000
1790801935,0,862923,0,1183.91,9996.91,2777087,5095423,7733247,12836863,14491647,207616,29687807,5735930.55,3703551.93,862923,10,10,10,0,0,0,0,0,0,6447103,14123007,14917631,7325277.90,10003
1790801936,0,872877,0,1195.93,9959.89,2787327,5115903,7770111,12886015,14581759,207616,29687807,5761824.20,3719514.25,872877,10,10,10,0,0,0,0,0,0,7462911,14958591,16146431,8006572.84,9954
1790801937,0,882920,0,1208.03,10037.25,2797567,5136383,7806975,12926975,14655487,207616,29687807,5786857.54,3735347.97,882920,10,10,10,0,0,0,0,0,0,7217151,15048703,16875519,7962604.75,10043
1790801938,0,892920,0,1220.05,10003.24,2807807,5156863,7843839,12967935,14721023,207616,29687807,5812459.00,3750561.66,892920,10,10,10,0,0,0,0,0,0,7454719,15024127,16138239,8072863.23,10000
1790801939,0,902920,0,1232.03,9995.41,2820095,5181439,7884799,13017087,14778367,207616,29687807,5836838.51,3763902.01,902920,10,10,10,0,0,0,0,0,0,7352319,14852095,15810559,8013732.90,10000
1790801940,0,912920,0,1243.97,10003.96,2828287,5201919,7925759,13066239,14876671,207616,29687807,5860931.37,3779812.30,912920,10,10,10,0,0,0,0,0,0,7204863,15294463,16154623,8036324.62,10000
1790801941,0,922860,0,1255.81,9935.11,2832383,5214207,7966719,13107199,14958591,207616,29687807,5885620.11,3799268.00,922860,10,10,10,0,0,0,0,0,0,8302591,15605759,17006591,8153108.99,9940
1790801942,0,932820,0,1267.64,9963.29,2838527,5230591,8011775,13139967,14991359,207616,29687807,5907439.62,3813736.40,932820,10,10,10,0,0,0,0,0,0,7573503,14852095,16842751,7929161.96,9960
1790801943,0,942920,0,1279.62,10099.23,2848767,5251071,8065023,13197311,15073279,207616,29687807,5936411.86,3834205.58,942920,10,10,10,0,0,0,0,0,0,8708095,15958015,16687103,8612242.03,10100
1790801944,0,952920,0,1291.44,10005.39,2854911,5259263,8118271,13238271,15138815,207616,29687807,5960134.03,3852916.43,952920,10,10,10,0,0,0,0,0,0,8798207,15187967,17170431,8196944.78,10000
1790801945,0,962920,0,1303.23,9992.54,2856959,5271551,8171519,13271039,15163391,207616,29687807,5980733.57,3867658.23,962920,10,10,10,0,0,0,0,0,0,8749055,14950399,15933439,7943705.25,10000
1790801946,0,972920,0,1314.98,9999.95,2865151,5292031,8216575,13303807,15204351,207616,29687807,6002303.61,3879932.24,972920,10,10,10,0,0,0,0,0,0,7569407,15155199,17383423,8079326.17,10000
1790801947,0,982920,0,1326.70,10001.20,2869247,5304319,8269823,13336575,15228927,207616,29687807,6021696.66,3892778.66,982920,10,10,10,0,0,0,0,0,0,7880703,14794751,16343039,7908485.06,10000
1790801948,0,992890,0,1338.35,9972.65,2877439,5320703,8294399,13361151,15253503,207616,29687807,6037121.82,3900415.49,992890,10,10,10,0,0,0,0,0,0,6475775,14360575,18972671,7557853.66,9970
1790801949,0,1002940,0,1350.08,10048.33,2887679,5337087,8314879,13377535,15253503,207616,29687807,6049321.31,3903152.09,1002940,10,10,10,0,0,0,0,0,0,6299647,14032895,16351231,7254570.37,10050
1790801950,0,1012920,0,1361.68,9979.19,2897919,5353471,8343551,13410303,15278079,207616,29687807,6066860.93,3912330.13,1012920,10,10,10,0,0,0,0,0,0,6909951,14974975,16015359,7829504.99,9980
1790801951,0,1023020,0,1373.41,10097.47,2906111,5369855,8376319,13434879,15294463,207616,29687807,6086064.97,3922560.82,1023020,10,10,10,0,0,0,0,0,0,7114751,15048703,16383999,8012021.12,10100
1790801952,0,1032920,0,1384.85,9903.42,2916351,5386239,8421375,13475839,15343615,207616,29687807,6105616.71,3933470.96,1032920,10,10,10,0,0,0,0,0,0,7356415,15392767,16744447,8126001.96,9900
1790801953,0,1042920,0,1396.38,9997.32,2926591,5406719,8454143,13508607,15384575,207616,29687807,6123273.12,3941403.23,1042920,10,10,10,0,0,0,0,0,0,7356415,15106047,16859135,7947039.49,10000
1790801954,0,1052870,0,1407.82,9951.11,2936831,5423103,8486911,13524991,15392767,207616,29687807,6139852.54,3948431.56,1052870,10,10,10,0,0,0,0,0,0,7348223,14696447,15777791,7877641.80,9950
1790801955,0,1062920,0,1419.36,10056.63,2945023,5439487,8527871,13549567,15400959,207616,29687807,6155963.47,3956026.62,1062920,10,10,10,0,0,0,0,0,0,7282687,14655487,16023551,7843796.56,10050
1790801956,0,1072920,0,1430.80,9998.34,2953215,5459967,8568831,13582335,15425535,207616,29687807,6173104.80,3963688.01,1072920,10,10,10,0,0,0,0,0,0,7720959,15106047,16220159,7995090.52,10000
1790801957,0,1082856,0,1442.13,9938.96,2965503,5480447,8601599,13623295,15499263,207616,29687807,6195355.49,3975093.15,1082856,10,10,10,0,0,0,0,0,0,7811071,16080895,16809983,8598053.68,9936
1790801958,0,1092940,0,1453.62,10076.37,2967551,5492735,8650751,13656063,15540223,207616,29687807,6211249.40,3985654.17,1092940,10,10,10,0,0,0,0,0,0,7815167,15507455,16433151,7917994.42,10084
1790801959,0,1102920,0,1464.95,9986.68,2975743,5505023,8691711,13688831,15556607,207616,29687807,6227760.28,3994670.86,1102920,10,10,10,0,0,0,0,0,0,7610367,15056895,16236543,8035916.62,9980
1790801960,0,1112940,0,1476.29,10014.93,2985983,5521407,8724479,13713407,15589375,207616,29687807,6246331.07,4003390.92,1112940,10,10,10,0,0,0,0,0,0,7729151,15359999,16580607,8290452.59,10020
1790801961,0,1122911,0,1487.55,9973.28,2994175,5537791,8765439,13754367,15671295,207616,29687807,6268918.69,4019107.90,1122911,10,10,10,0,0,0,0,0,0,7892991,17154047,18710527,8790096.82,9971
1790801962,0,1132920,0,1498.82,10010.33,3006463,5558271,8814591,13795327,15745023,207616,29687807,6291237.92,4032260.53,1132920,10,10,10,0,0,0,0,0,0,8261631,16162815,17334271,8795235.48,10009
1790801963,0,1142920,0,1510.05,9995.58,3010559,5574655,8839167,13819903,15745023,207616,29687807,6304184.16,4037632.60,1142920,10,10,10,0,0,0,0,0,0,7008255,14999551,15794175,7770889.38,10000
1790801964,0,1152960,0,1521.31,10046.68,3020799,5591039,8880127,13836287,15745023,207616,29687807,6319330.96,4042362.36,1152960,10,10,10,0,0,0,0,0,0,7708671,14786559,15572991,8043591.98,10040
1790801965,0,1162830,0,1532.31,9869.78,3028991,5607423,8904703,13852671,15753215,207616,29687807,6332980.40,4047458.17,1162830,10,10,10,0,0,0,0,0,0,7311359,14811135,16261119,7927434.07,9870
1790801966,0,1172920,0,1543.57,10086.82,3035135,5615615,8937471,13869055,15753215,207616,29687807,6346820.46,4052719.81,1172920,10,10,10,0,0,0,0,0,0,7368703,14934015,15687679,7941828.64,10090
1790801967,0,1182920,0,1554.69,9999.72,3041279,5631999,8970239,13885439,15761407,207616,29687807,6361330.38,4059735.02,1182920,10,10,10,0,0,0,0,0,0,7483391,15122431,16572415,8063228.90,10000
1790801968,0,1192920,0,1565.77,9999.77,3047423,5644287,9003007,13910015,15769599,207616,29687807,6375572.44,4067069.54,1192920,10,10,10,0,0,0,0,0,0,7671807,14999551,16506879,8060293.06,10000
1790801969,0,1202920,0,1576.83,9995.98,3055615,5656575,9035775,13934591,15777791,207616,29687807,6389684.37,4072791.53,1202920,10,10,10,0,0,0,0,0,0,7626751,15204351,15818751,8073125.32,10000
1790801970,0,1212920,0,1587.85,10003.33,3061759,5668863,9060351,13942783,15777791,207616,29687807,6401225.09,4076468.30,1212920,10,10,10,0,0,0,0,0,0,7307263,14729215,15908863,7789481.56,10000
1790801971,0,1222860,0,1598.77,9938.09,3067903,5681151,9093119,13967359,15785983,207616,29687807,6414357.16,4083580.87,1222860,10,10,10,0,0,0,0,0,0,8003583,14991359,16089087,8016786.66,9940
1790801972,0,1232950,0,1609.86,10093.45,3065855,5685247,9142271,13983743,15794175,207616,29687807,6425014.57,4093424.78,1232950,10,10,10,0,0,0,0,0,0,8151039,14884863,16187391,7716641.75,10090
1790801973,0,1242930,0,1620.78,9976.95,3057663,5689343,9199615,13983743,15802367,207616,29687807,6430780.72,4100859.31,1242930,10,10,10,0,0,0,0,0,0,9519103,13541375,16146431,7143143.63,9980
1790801974,0,1252860,0,1631.60,9931.53,3061759,5697535,9232383,13991935,15802367,207616,29687807,6442324.96,4107484.89,1252860,10,10,10,0,0,0,0,0,0,7139327,14884863,16171007,7887307.02,9930
1790801975,0,1262840,0,1642.45,9981.39,3061759,5701631,9273343,14000127,15802367,207616,29687807,6452366.89,4114230.38,1262840,10,10,10,0,0,0,0,0,0,7868415,14417919,15966207,7713001.89,9980
1790801976,0,1272910,0,1653.40,10067.26,3063807,5709823,9322495,14008319,15810559,207616,29687807,6463136.31,4120591.32,1272910,10,10,10,0,0,0,0,0,0,7737343,14688255,16154623,7813688.12,10070
1790801977,0,1282870,0,1664.18,9963.74,3067903,5722111,9347071,14016511,15818751,207616,29687807,6473732.34,4125782.68,1282870,10,10,10,0,0,0,0,0,0,7700479,15007743,17465343,7827928.06,9960
1790801978,0,1292920,0,1675.04,10051.06,3071999,5734399,9379839,14032895,15826943,207616,29687807,6486052.14,4131573.07,1292920,10,10,10,0,0,0,0,0,0,8269823,15310847,16408575,8058659.51,10050
1790801979,0,1302820,0,1685.68,9900.97,3082239,5750783,9404415,14065663,15876095,207616,29687807,6504566.25,4140800.66,1302820,10,10,10,0,0,0,0,0,0,7778303,16302079,17629183,8922471.10,9900
1790801980,0,1312940,0,1696.58,10120.26,3088383,5763071,9437183,14090239,15884287,207616,29687807,6517602.99,4147908.28,1312940,10,10,10,0,0,0,0,0,0,7720959,15376383,16392191,8195915.50,10120
1790801981,0,1322820,0,1707.14,9876.21,3088383,5775359,9461759,14090239,15884287,207616,29687807,6525272.12,4151417.03,1322820,10,10,10,0,0,0,0,0,0,7442431,14442495,16678911,7544413.29,9880
1790801982,0,1332920,0,1717.96,10093.99,3096575,5787647,9486335,14106623,15892479,207616,29687807,6537676.34,4155767.54,1332920,10,10,10,0,0,0,0,0,0,7802879,15245311,16498687,8162284.96,10100
1790801983,0,1342920,0,1728.62,10005.76,3104767,5795839,9502719,14123007,15900671,207616,29687807,6549985.40,4160260.42,1342920,10,10,10,0,0,0,0,0,0,7380991,14966783,16293887,8190685.29,10000
1790801984,0,1352920,0,1739.25,9997.48,3108863,5808127,9519103,14131199,15900671,207616,29687807,6558319.25,4163301.49,1352920,10,10,10,0,0,0,0,0,0,7495679,14983167,16334847,7677488.74,10000
1790801985,0,1362920,0,1749.86,10005.73,3112959,5820415,9543679,14147583,15933439,207616,29687807,6570086.44,4169750.37,1362920,10,10,10,0,0,0,0,0,0,8040447,16130047,17547263,8162092.65,10000
1790801986,0,1372920,0,1760.44,9992.03,3119103,5832703,9568255,14172159,15966207,207616,29687807,6583369.77,4176612.76,1372920,10,10,10,0,0,0,0,0,0,7712767,15958015,17088511,8393780.98,10000
1790801987,0,1374420,0,1760.11,1500.94,3119103,5832703,9568255,14172159,15966207,207616,29687807,6583466.49,4177748.62,1374420,10,10,10,0,0,0,0,0,0,6655999,16744447,17498111,6671994.11,1500
1790801988,0,1374620,0,1758.11,199.86,3117055,5832703,9568255,14172159,15966207,207616,29687807,6582777.33,4177847.03,1374620,10,10,10,0,0,0,0,0,0,1729535,2996223,3082239,1846828.16,200
1790801989,0,1374820,0,1756.12,200.00,3117055,5832703,9568255,14172159,15966207,207616,29687807,6582105.95,4177927.05,1374820,10,10,10,0,0,0,0,0,0,1862655,3172351,3315711,1967633.92,200
1790801990,0,1375020,0,1754.13,200.03,3115007,5832703,9568255,14172159,15966207,207616,29687807,6581439.79,4178002.00,1375020,10,10,10,0,0,0,0,0,0,1949695,3168255,4018175,2002192.64,200
1790801991,0,1375220,0,1752.15,200.08,3115007,5828607,9560063,14172159,15966207,207616,29687807,6580766.87,4178083.07,1375220,10,10,10,0,0,0,0,0,0,1785855,3149823,3209215,1954334.72,200
1790801992,0,1375420,0,1750.18,200.09,3112959,5828607,9560063,14172159,15966207,207616,29687807,6580109.12,4178151.94,1375420,10,10,10,0,0,0,0,0,0,1952767,3239935,5214207,2057370.88,200
1790801993,0,1375620,0,1748.21,200.00,3112959,5828607,9560063,14172159,15966207,207616,29687807,6579431.00,4178239.14,1375620,10,10,10,0,0,0,0,0,0,1874943,3080191,3192831,1915917.44,200
1790801994,0,1375820,0,1746.24,199.91,3110911,5828607,9560063,14172159,15966207,207616,29687807,6578746.73,4178333.24,1375820,10,10,10,0,0,0,0,0,0,1782783,3024895,3190783,1872267.52,200
1790801995,0,1376020,0,1744.29,200.09,3110911,5828607,9560063,14172159,15966207,207616,29687807,6578066.76,4178422.53,1376020,10,10,10,0,0,0,0,0,0,1786879,3035135,3225599,1900500.48,200
1790801996,0,1376220,0,1742.33,199.83,3108863,5824511,9560063,14172159,15966207,207616,29687807,6577399.84,4178500.47,1376220,10,10,10,0,0,0,0,0,0,1900543,3153919,4603903,1988948.48,200
1790801997,0,1376420,0,1740.38,200.01,3108863,5824511,9560063,14172159,15966207,207616,29687807,6576723.06,4178586.55,1376420,10,10,10,0,0,0,0,0,0,1797119,3108863,3221503,1919704.32,200
1790801998,0,1376620,0,1738.43,200.07,3106815,5824511,9560063,14172159,15966207,207616,29687807,6576062.38,4178655.72,1376620,10,10,10,0,0,0,0,0,0,1977343,3172351,3872767,2029203.20,200
1790801999,0,1376820,0,1736.49,200.02,3106815,5824511,9560063,14172159,15966207,207616,29687807,6575401.22,4178726.68,1376820,10,10,10,0,0,0,0,0,0,1928191,3239935,4001791,2024565.76,200
1790802000,0,1377020,0,1734.56,199.90,3104767,5824511,9551871,14172159,15966207,207616,29687807,6574726.12,4178811.43,1377020,10,10,10,0,0,0,0,0,0,1824767,3090431,3301375,1927290.88,200
1790802001,0,1377220,0,1732.63,200.13,3104767,5820415,9551871,14163967,15966207,207616,29687807,6574051.82,4178895.73,1377220,10,10,10,0,0,0,0,0,0,1846271,3149823,3266559,1931425.28,200
1790802002,0,1377420,0,1730.70,199.86,3102719,5820415,9551871,14163967,15966207,207616,29687807,6573381.96,4178975.68,1377420,10,10,10,0,0,0,0,0,0,1893375,3190783,3901439,1960672.00,200
1790802003,0,1377620,0,1728.78,200.03,3102719,5820415,9551871,14163967,15966207,207616,29687807,6572709.01,4179057.85,1377620,10,10,10,0,0,0,0,0,0,1840127,3137535,3252223,1938012.16,200
1790802004,0,1377820,0,1726.87,200.08,3102719,5820415,9551871,14163967,15966207,207616,29687807,6572037.64,4179138.12,1377820,10,10,10,0,0,0,0,0,0,1794047,3139583,3182591,1947555.84,200
1790802005,0,1378020,0,1724.95,200.05,3100671,5820415,9551871,14163967,15966207,207616,29687807,6571361.27,4179223.92,1378020,10,10,10,0,0,0,0,0,0,1773567,3102719,3194879,1911825.28,200
1790802006,0,1378220,0,1723.05,199.86,3100671,5816319,9551871,14163967,15966207,207616,29687807,6570689.73,4179304.57,1378220,10,10,10,0,0,0,0,0,0,1771519,3127295,3155967,1943664.64,200
1790802007,0,1378420,0,1721.15,200.05,3098623,5816319,9551871,14163967,15966207,207616,29687807,6570018.73,4179384.89,1378420,10,10,10,0,0,0,0,0,0,1797119,3125247,3168255,1946127.36,200
1790802008,0,1378620,0,1719.25,200.06,3098623,5816319,9551871,14163967,15966207,207616,29687807,6569348.55,4179465.04,1378620,10,10,10,0,0,0,0,0,0,1891327,3141631,3555327,1950400.00,200
1790802009,0,1378820,0,1717.36,200.05,3096575,5816319,9551871,14163967,15966207,207616,29687807,6568682.98,4179539.75,1378820,10,10,10,0,0,0,0,0,0,1944575,3158015,3227647,1980852.48,200
1790802010,0,1379020,0,1715.47,199.86,3096575,5816319,9543679,14163967,15966207,207616,29687807,6568013.08,4179619.14,1379020,10,10,10,0,0,0,0,0,0,1766399,3129343,3182591,1949640.96,200
1790802011,0,1379220,0,1713.59,200.05,3096575,5812223,9543679,14163967,15966207,207616,29687807,6567346.13,4179695.67,1379220,10,10,10,0,0,0,0,0,0,1821695,3155967,3246079,1968648.96,200
1790802012,0,1379420,0,1711.71,200.07,3094527,5812223,9543679,14163967,15966207,207616,29687807,6566673.48,4179778.17,1379420,10,10,10,0,0,0,0,0,0,1755135,3094527,3162111,1928025.60,200
1790802013,0,1379620,0,1709.83,199.89,3094527,5812223,9543679,14163967,15966207,207616,29687807,6566003.17,4179858.16,1379620,10,10,10,0,0,0,0,0,0,1826815,3121151,3186687,1942771.20,200
1790802014,0,1379820,0,1707.97,200.06,3092479,5812223,9543679,14163967,15966207,207616,29687807,6565333.40,4179937.66,1379820,10,10,10,0,0,0,0,0,0,1802239,3149823,3201023,1945218.56,200
1790802015,0,1380020,0,1706.10,200.07,3092479,5812223,9543679,14163967,15966207,207616,29687807,6564665.42,4180015.21,1380020,10,10,10,0,0,0,0,0,0,1806335,3162111,3211263,1956188.16,200
1790802016,0,1380220,0,1704.24,199.87,3090431,5808127,9543679,14163967,15966207,207616,29687807,6563998.30,4180091.95,1380220,10,10,10,0,0,0,0,0,0,1860607,3147775,3205119,1960801.28,200
1790802017,0,1380420,0,1702.39,200.05,3090431,5808127,9543679,14163967,15966207,207616,29687807,6563347.13,4180156.53,1380420,10,10,10,0,0,0,0,0,0,1984511,3233791,5275647,2069593.60,200
1790802018,0,1380620,0,1700.54,199.97,3090431,5808127,9543679,14163967,15966207,207616,29687807,6562680.69,4180232.72,1380620,10,10,10,0,0,0,0,0,0,1895423,3147775,3217407,1962849.28,200
1790802019,0,1380820,0,1698.69,200.06,3088383,5808127,9543679,14163967,15966207,207616,29687807,6562012.24,4180311.02,1380820,10,10,10,0,0,0,0,0,0,1771519,3125247,3194879,1947601.92,200
1790802020,0,1381020,0,1696.85,199.86,3088383,5808127,9535487,14163967,15966207,207616,29687807,6561342.11,4180391.18,1381020,10,10,10,0,0,0,0,0,0,1756159,3108863,3164159,1934725.12,200
1790802021,0,1381220,0,1695.01,200.09,3086335,5804031,9535487,14163967,15966207,207616,29687807,6560706.88,4180455.09,1381220,10,10,10,0,0,0,0,0,0,1938431,3299327,8081407,2174339.84,200
1790802022,0,1381420,0,1693.18,200.05,3086335,5804031,9535487,14163967,15966207,207616,29687807,6560030.75,4180542.82,1381420,10,10,10,0,0,0,0,0,0,1826815,3061759,3194879,1890648.96,200
1790802023,0,1381620,0,1691.35,199.91,3084287,5804031,9535487,14163967,15966207,207616,29687807,6559357.58,4180627.22,1381620,10,10,10,0,0,0,0,0,0,1822719,3090431,3231743,1909667.20,200
1790802024,0,1381820,0,1689.53,200.02,3084287,5804031,9535487,14163967,15966207,207616,29687807,6558686.51,4180709.53,1381820,10,10,10,0,0,0,0,0,0,1822719,3098623,3262463,1922891.52,200
1790802025,0,1382020,0,1687.71,199.93,3082239,5799935,9535487,14163967,15966207,207616,29687807,6558010.90,4180796.55,1382020,10,10,10,0,0,0,0,0,0,1856511,3035135,3123199,1890124.16,200
1790802026,0,1382220,0,1685.89,200.11,3082239,5799935,9535487,14163967,15966207,207616,29687807,6557338.47,4180880.56,1382220,10,10,10,0,0,0,0,0,0,1814527,3106815,3260415,1910797.44,200
1790802027,0,1382420,0,1684.08,200.05,3080191,5799935,9535487,14163967,15966207,207616,29687807,6556664.49,4180966.22,1382420,10,10,10,0,0,0,0,0,0,1790975,3053567,3196927,1898698.88,200
1790802028,0,1382620,0,1682.28,199.93,3080191,5799935,9527295,14163967,15966207,207616,29687807,6555996.54,4181044.54,1382620,10,10,10,0,0,0,0,0,0,1851391,3119103,3166207,1939118.08,200
1790802029,0,1382820,0,1680.48,199.99,3078143,5799935,9527295,14163967,15966207,207616,29687807,6555334.50,4181116.91,1382820,10,10,10,0,0,0,0,0,0,1926143,3160063,3209215,1978571.52,200
1790802030,0,1383020,0,1678.68,200.03,3078143,5795839,9527295,14163967,15966207,207616,29687807,6554672.30,4181189.48,1383020,10,10,10,0,0,0,0,0,0,1847295,3164159,3188735,1976176.64,200
1790802031,0,1383220,0,1676.89,199.91,3078143,5795839,9527295,14163967,15966207,207616,29687807,6554008.37,4181263.93,1383220,10,10,10,0,0,0,0,0,0,1797119,3149823,3180543,1962810.88,200
1790802032,0,1383420,0,1675.10,200.06,3076095,5795839,9527295,14163967,15966207,207616,29687807,6553343.65,4181339.36,1383420,10,10,10,0,0,0,0,0,0,1876991,3127295,3219455,1956080.64,200
1790802033,0,1383620,0,1673.32,200.07,3076095,5795839,9527295,14163967,15966207,207616,29687807,6552680.18,4181413.50,1383620,10,10,10,0,0,0,0,0,0,1791999,3141631,3207167,1963383.04,200
1790802034,0,1383820,0,1671.53,199.87,3074047,5795839,9527295,14163967,15966207,207616,29687807,6552034.23,4181472.56,1383820,10,10,10,0,0,0,0,0,0,2020351,3192831,5025791,2083297.28,200
1790802035,0,1384020,0,1669.76,200.07,3074047,5795839,9527295,14163967,15966207,207616,29687807,6551369.97,4181547.74,1384020,10,10,10,0,0,0,0,0,0,1827839,3145727,3198975,1955322.88,200
1790802036,0,1384220,0,1667.99,200.07,3071999,5791743,9527295,14163967,15966207,207616,29687807,6550706.96,4181621.47,1384220,10,10,10,0,0,0,0,0,0,1793023,3127295,3170303,1962572.80,200
1790802037,0,1384420,0,1666.22,199.88,3071999,5791743,9519103,14163967,15966207,207616,29687807,6550041.49,4181697.89,1384420,10,10,10,0,0,0,0,0,0,1763327,3119103,3151871,1944289.28,200
1790802038,0,1384620,0,1664.46,200.06,3069951,5791743,9519103,14155775,15966207,207616,29687807,6549379.22,4181771.04,1384620,10,10,10,0,0,0,0,0,0,1924095,3133439,3182591,1965047.04,200
1790802039,0,1384820,0,1662.70,200.06,3069951,5791743,9519103,14155775,15966207,207616,29687807,6548717.28,4181843.80,1384820,10,10,10,0,0,0,0,0,0,1779711,3155967,3186687,1966082.56,200
1790802040,0,1385020,0,1660.95,200.04,3067903,5791743,9519103,14155775,15958015,207616,29687807,6548055.96,4181916.03,1385020,10,10,10,0,0,0,0,0,0,1835007,3145727,3237887,1969006.08,200
1790802041,0,1385220,0,1659.20,199.85,3067903,5787647,9519103,14155775,15958015,207616,29687807,6547391.66,4181991.60,1385220,10,10,10,0,0,0,0,0,0,1795071,3127295,3162111,1947008.00,200
1790802042,0,1385420,0,1657.45,200.07,3067903,5787647,9519103,14155775,15958015,207616,29687807,6546731.00,4182063.52,1385420,10,10,10,0,0,0,0,0,0,1820671,3153919,3207167,1970972.16,200
1790802043,0,1385620,0,1655.71,200.07,3065855,5787647,9519103,14155775,15958015,207616,29687807,6546068.20,4182137.84,1385620,10,10,10,0,0,0,0,0,0,1852415,3135487,3215359,1954748.16,200
1790802044,0,1385820,0,1653.97,199.85,3065855,5787647,9519103,14155775,15958015,207616,29687807,6545409.87,4182207.58,1385820,10,10,10,0,0,0,0,0,0,1858559,3166207,3274751,1984435.20,200
1790802045,0,1386020,0,1652.24,200.08,3063807,5787647,9519103,14155775,15958015,207616,29687807,6544764.75,4182264.30,1386020,10,10,10,0,0,0,0,0,0,2021375,3270655,3897343,2074677.76,200
1790802046,0,1386220,0,1650.51,200.07,3063807,5783551,9519103,14155775,15958015,207616,29687807,6544098.77,4182341.80,1386220,10,10,10,0,0,0,0,0,0,1768447,3088383,3147775,1928773.12,200
1790802047,0,1403660,0,1669.29,17423.72,3078143,5804031,9584639,14213119,16072703,207616,34373631,6581744.05,4223930.09,1403660,10,10,10,0,0,0,0,0,0,8691711,19513343,32047103,9573983.06,17440
1790802048,0,1423460,0,1690.82,19800.35,3092479,5820415,9666559,14270463,16089087,207616,34373631,6611906.29,4241964.90,1423460,10,10,10,0,0,0,0,0,0,7823359,15695871,16465919,8750165.08,19800
1790802049,0,1443460,0,1712.55,20016.14,3102719,5836799,9732095,14311423,16130047,207616,34373631,6639123.20,4260159.56,1443460,10,10,10,0,0,0,0,0,0,7929855,15613951,19955711,8576232.31,20000
1790802050,0,1463660,0,1734.45,20201.66,3121151,5857279,9789439,14352383,16138239,207616,34373631,6665934.00,4272440.05,1463660,10,10,10,0,0,0,0,0,0,7806975,15458303,16875519,8581791.45,20200
1790802051,0,1483496,0,1755.88,19822.91,3131391,5873663,9830399,14368767,16146431,207616,34373631,6686129.40,4279566.90,1483496,10,10,10,0,0,0,0,0,0,7438335,15089663,16416767,8176308.98,19836
1790802052,0,1503660,0,1777.64,20169.94,3149823,5902335,9879551,14409727,16211967,207616,34373631,6715462.79,4294439.05,1503660,10,10,10,0,0,0,0,0,0,8052735,16474111,19251199,8873564.44,20164
1790802053,0,1523460,0,1798.92,19794.84,3162111,5918719,9928703,14442495,16228351,207616,34373631,6738308.14,4303671.98,1523460,10,10,10,0,0,0,0,0,0,7667711,15679487,16539647,8473239.45,19800
1790802054,0,1543460,0,1820.39,20011.29,3178495,5935103,9986047,14483455,16244735,207616,34373631,6763570.04,4314183.52,1543460,10,10,10,0,0,0,0,0,0,7868415,15704063,16498687,8687845.04,20000
1790802055,0,1563660,0,1842.04,20185.13,3190783,5951487,10035199,14508031,16236543,207616,34373631,6785789.39,4322890.90,1563660,10,10,10,0,0,0,0,0,0,7647231,15302655,16097279,8483545.18,20200
1790802056,0,1583660,0,1863.41,20001.87,3203071,5971967,10084351,14540799,16269311,207616,34373631,6808892.83,4336504.01,1583660,10,10,10,0,0,0,0,0,0,7364607,15974399,17612799,8615189.24,20000
1790802057,0,1603660,0,1884.72,19995.74,3223551,5992447,10117119,14557183,16269311,207616,34373631,6829723.96,4342849.36,1603660,10,10,10,0,0,0,0,0,0,7200767,15302655,16310271,8479195.82,20000
1790802058,0,1623460,0,1905.75,19813.60,3235839,6008831,10158079,14565375,16285695,207616,34373631,6846189.27,4347653.93,1623460,10,10,10,0,0,0,0,0,0,7139327,14958591,16826367,8179762.29,19800
1790802059,0,1643660,0,1927.20,20192.94,3250175,6025215,10199039,14565375,16269311,207616,34373631,6862408.50,4349100.41,1643660,10,10,10,0,0,0,0,0,0,6987775,14524415,15294463,8165937.38,20200
1790802060,0,1663660,0,1948.37,20007.94,3260415,6041599,10231807,14581759,16261119,207616,34373631,6877253.59,4351810.79,1663660,10,10,10,0,0,0,0,0,0,7299071,14974975,15761407,8097266.98,20000
1790802061,0,1683460,0,1969.25,19801.33,3270655,6057983,10256383,14589951,16269311,207616,34373631,6892623.70,4355231.92,1683460,10,10,10,0,0,0,0,0,0,7356415,15089663,16523263,8184070.65,19800
1790802062,0,1703660,0,1990.55,20200.21,3284991,6074367,10305535,14606335,16269311,207616,34373631,6912415.27,4361659.12,1703660,10,10,10,0,0,0,0,0,0,7647231,15294463,16891903,8561836.76,20200
1790802063,0,1723660,0,2011.57,19990.72,3301375,6090751,10346495,14639103,16277503,207616,34373631,6933275.78,4368303.68,1723660,10,10,10,0,0,0,0,0,0,7790591,15654911,16637951,8710236.08,20000
1790802064,0,1743460,0,2032.30,19794.37,3307519,6103039,10412031,14655487,16302079,207616,34373631,6950598.47,4378398.08,1743460,10,10,10,0,0,0,0,0,0,7659519,15826943,16957439,8458600.60,19800
1790802065,0,1763660,0,2053.46,20214.85,3317759,6119423,10461183,14680063,16326655,207616,34373631,6971661.57,4388268.97,1763660,10,10,10,0,0,0,0,0,0,8142847,15966207,16908287,8789615.07,20200
1790802066,0,1783660,0,2074.33,19986.28,3325951,6127615,10510335,14704639,16326655,207616,34373631,6988509.14,4396861.60,1783660,10,10,10,0,0,0,0,0,0,8253439,15482879,16130047,8474178.68,20000
1790802067,0,1803660,0,2095.15,20008.37,3340287,6139903,10584063,14745599,16383999,207616,34373631,7013484.34,4410882.14,1803660,10,10,10,0,0,0,0,0,0,8798207,16719871,18186239,9240847.46,20000
1790802068,0,1823572,0,2115.82,19916.36,3350527,6152191,10649599,14778367,16416767,207616,34373631,7035913.85,4424016.36,1823572,10,10,10,0,0,0,0,0,0,8454143,16334847,18513919,9067613.74,19912
1790802069,0,1843660,0,2136.65,20074.15,3356671,6160383,10715135,14794751,16408575,207616,34373631,7051269.34,4433249.16,1843660,10,10,10,0,0,0,0,0,0,8380415,15548415,16367615,8445228.60,20088
1790802070,0,1863460,0,2157.10,19817.13,3371007,6164479,10788863,14835711,16441343,207616,34373631,7076800.65,4452662.60,1863460,10,10,10,0,0,0,0,0,0,9134079,16261119,25116671,9454126.51,19800
1790802071,0,1883660,0,2177.96,20197.15,3381247,6180863,10870783,14868479,16515071,207616,34373631,7104440.40,4476289.65,1883660,10,10,10,0,0,0,0,0,0,10412031,19595263,23248895,9654220.31,20200
1790802072,0,1903620,0,2198.50,19946.61,3389439,6193151,10919935,14884863,16531455,207616,34373631,7122671.58,4485211.33,1903620,10,10,10,0,0,0,0,0,0,8065023,15958015,22757375,8843180.34,19960
1790802073,0,1923660,0,2219.08,20037.94,3397631,6205439,10952703,14901247,16539647,207616,34373631,7135824.41,4489644.37,1923660,10,10,10,0,0,0,0,0,0,7725055,15818751,17268735,8385224.54,20040
1790802074,0,1943460,0,2239.34,19814.67,3401727,6217727,10985471,14901247,16556031,207616,34373631,7148061.04,4495404.55,1943460,10,10,10,0,0,0,0,0,0,7987199,15147007,20299775,8336906.05,19800
1790802075,0,1963460,0,2259.78,19989.60,3418111,6242303,11026431,14925823,16588799,207616,34373631,7168457.68,4502904.22,1963460,10,10,10,0,0,0,0,0,0,8146943,16523263,19955711,9150460.30,20000
1790802076,0,1983660,0,2280.40,20204.53,3428351,6254591,11051007,14934015,16621567,207616,34373631,7184209.65,4513216.59,1983660,10,10,10,0,0,0,0,0,0,7290879,16072703,25116671,8715316.70,20200
1790802077,0,2003460,0,2300.52,19798.70,3438591,6266879,11075583,14934015,16637951,207616,34373631,7194720.05,4515661.70,2003460,10,10,10,0,0,0,0,0,0,7430143,14868479,20250623,8247703.04,19800
1790802078,0,2023540,0,2320.91,20088.97,3448831,6283263,11108351,14950399,16662527,207616,34373631,7210493.09,4523101.16,2023540,10,10,10,0,0,0,0,0,0,7450623,16465919,24035327,8784230.96,20080
1790802079,0,2043480,0,2341.10,19942.43,3463167,6295551,11132927,14950399,16662527,207616,34373631,7222259.61,4524512.24,2043480,10,10,10,0,0,0,0,0,0,7426047,15130623,17956863,8416343.01,19940
1790802080,0,2063660,0,2361.51,20176.93,3471359,6303743,11157503,14950399,16654335,207616,34373631,7229981.65,4524352.06,2063660,10,10,10,0,0,0,0,0,0,7045119,14696447,15368191,8011935.53,20180
1790802081,0,2083460,0,2381.44,19793.37,3477503,6311935,11182079,14950399,16654335,207616,34373631,7239275.70,4525231.05,2083460,10,10,10,0,0,0,0,0,0,7471103,14917631,16842751,8207950.66,19800
1790802082,0,2103660,0,2401.79,20209.06,3485695,6320127,11214847,14942207,16654335,207616,34373631,7248447.23,4526022.21,2103660,10,10,10,0,0,0,0,0,0,7294975,14942207,16228351,8194412.75,20200
1790802083,0,2123460,0,2421.63,19796.68,3493887,6336511,11239423,14950399,16646143,207616,34373631,7259307.15,4527591.15,2123460,10,10,10,0,0,0,0,0,0,7467007,15425535,16302079,8413124.64,19800
1790802084,0,2143666,0,2441.89,20209.30,3504127,6344703,11272191,14966783,16662527,207616,34373631,7273332.70,4532508.81,2143666,10,10,10,0,0,0,0,0,0,7761919,15933439,17448959,8747285.89,20206
1790802085,0,2163460,0,2461.63,19791.29,3510271,6356991,11304959,14983167,16654335,207616,34373631,7285005.31,4535959.61,2163460,10,10,10,0,0,0,0,0,0,7622655,15687679,16367615,8549134.30,19794
1790802086,0,2183460,0,2481.56,19992.95,3518463,6365183,11329535,14991359,16662527,207616,34373631,7295178.50,4538359.54,2183460,10,10,10,0,0,0,0,0,0,7434239,15376383,16875519,8395643.61,20000
1790802087,0,2203660,0,2501.68,20206.52,3526655,6377471,11345919,14991359,16662527,207616,34373631,7304079.27,4538918.55,2203660,10,10,10,0,0,0,0,0,0,7213055,15286271,16941055,8266180.97,20200
1790802088,0,2223460,0,2521.29,19804.42,3536895,6389759,11370495,14999551,16678911,207616,34373631,7316504.37,4541379.82,2223460,10,10,10,0,0,0,0,0,0,7811071,15835135,17432575,8699368.72,19800
1790802089,0,2243660,0,2541.32,20192.54,3545087,6397951,11395071,14999551,16678911,207616,34373631,7324971.98,4542736.80,2243660,10,10,10,0,0,0,0,0,0,7327743,15032319,16310271,8257021.03,20200
1790802090,0,2263660,0,2561.07,19990.77,3549183,6410239,11411455,15007743,16678911,207616,34373631,7333419.61,4543929.64,2263660,10,10,10,0,0,0,0,0,0,7434239,15147007,16195583,8281099.85,20000
1790802091,0,2283460,0,2580.55,19815.03,3557375,6418431,11427839,14999551,16670719,207616,34373631,7340128.58,4542637.65,2283460,10,10,10,0,0,0,0,0,0,7290879,14827519,15548415,8107140.03,19800
1790802092,0,2303532,0,2600.29,20058.68,3565567,6430719,11452415,15007743,16678911,207616,34373631,7350553.05,4545156.36,2303532,10,10,10,0,0,0,0,0,0,7688191,15384575,17874943,8536476.28,20072
1790802093,0,2323660,0,2620.06,20133.08,3571711,6438911,11468799,15007743,16687103,207616,34373631,7358007.62,4545272.74,2323660,10,10,10,0,0,0,0,0,0,7405567,15065087,16859135,8211140.24,20128
1790802094,0,2343660,0,2639.63,19992.68,3581951,6447103,11485183,15015935,16687103,207616,34373631,7367081.30,4545858.69,2343660,10,10,10,0,0,0,0,0,0,7495679,15269887,16523263,8421288.00,20000
1790802095,0,2363653,0,2659.16,20010.74,3588095,6455295,11501567,15007743,16687103,207616,34373631,7373980.86,4545779.32,2363653,10,10,10,0,0,0,0,0,0,7299071,14811135,17170431,8182775.41,19993
1790802096,0,2383660,0,2678.65,19998.24,3592191,6463487,11526143,15015935,16695295,207616,34373631,7383258.49,4549582.91,2383660,10,10,10,0,0,0,0,0,0,7462911,15359999,17432575,8479330.21,20007
1790802097,0,2403660,0,2698.09,19993.25,3598335,6471679,11542527,15015935,16695295,207616,34373631,7390268.66,4550356.71,2403660,10,10,10,0,0,0,0,0,0,7499775,15122431,16351231,8225761.79,20000
1790802098,0,2423660,0,2717.49,20008.51,3606527,6479871,11558911,15015935,16687103,207616,34373631,7397602.34,4550349.74,2423660,10,10,10,0,0,0,0,0,0,7340031,15327231,16080895,8278985.57,20000
1790802099,0,2443460,0,2736.63,19801.89,3614719,6488063,11567103,15015935,16678911,207616,34373631,7404214.67,4549844.08,2443460,10,10,10,0,0,0,0,0,0,7348223,14999551,15622143,8213610.21,19800
1790802100,0,2463460,0,2755.94,19992.31,3616767,6492159,11583487,15024127,16678911,207616,34373631,7410358.83,4549883.01,2463460,10,10,10,0,0,0,0,0,0,7192575,15474687,16670719,8161009.89,20000
1790802101,0,2483660,0,2775.43,20200.41,3624959,6504447,11599871,15024127,16678911,207616,34373631,7417448.85,4549740.49,2483660,10,10,10,0,0,0,0,0,0,7319551,14843903,16072703,8282101.65,20200
1790802102,0,2503660,0,2794.66,20011.68,3633151,6508543,11616255,15032319,16678911,207616,34373631,7425061.22,4550723.77,2503660,10,10,10,0,0,0,0,0,0,7061503,15491071,16695295,8370387.10,20000
1790802103,0,2523500,0,2813.66,19833.92,3639295,6512639,11624447,15024127,16670719,207616,34373631,7431385.26,4550429.29,2523500,10,10,10,0,0,0,0,0,0,7344127,14999551,15507455,8229432.31,19840
1790802104,0,2543660,0,2832.98,20156.26,3645439,6520831,11640831,15032319,16662527,207616,34373631,7439130.24,4551259.13,2543660,10,10,10,0,0,0,0,0,0,7856127,15319039,16490495,8408597.88,20160
1790802105,0,2563460,0,2851.86,19792.67,3651583,6529023,11649023,15032319,16654335,207616,34373631,7444818.41,4550120.55,2563460,10,10,10,0,0,0,0,0,0,7290879,14909439,15548415,8175564.37,19800
1790802106,0,2583660,0,2871.14,20208.38,3657727,6537215,11673599,15032319,16654335,207616,34373631,7452057.68,4550206.98,2583660,10,10,10,0,0,0,0,0,0,7307263,15032319,15761407,8370749.65,20200
1790802107,0,2586460,0,2871.06,2798.51,3657727,6537215,11673599,15032319,16654335,207616,34373631,7452121.27,4550403.06,2586460,10,10,10,0,0,0,0,0,0,6565887,15130623,15622143,7510793.51,2800
1790802108,0,2586660,0,2868.10,200.07,3657727,6537215,11673599,15032319,16654335,207616,34373631,7451697.36,4550489.18,2586660,10,10,10,0,0,0,0,0,0,1846271,3180543,3934207,1969580.80,200
1790802109,0,2586860,0,2865.14,200.05,3657727,6537215,11673599,15032319,16654335,207616,34373631,7451269.95,4550578.87,2586860,10,10,10,0,0,0,0,0,0,1872895,3104767,3196927,1923438.08,200
1790802110,0,2587060,0,2862.19,200.04,3655679,6537215,11665407,15032319,16654335,207616,34373631,7450845.42,4550665.18,2587060,10,10,10,0,0,0,0,0,0,1769471,3137535,3178495,1959941.12,200
1790802111,0,2587260,0,2859.25,199.85,3655679,6537215,11665407,15032319,16654335,207616,34373631,7450432.85,4550740.14,2587260,10,10,10,0,0,0,0,0,0,1998847,3416063,5222399,2113631.36,200
1790802112,0,2587460,0,2856.31,200.08,3655679,6537215,11665407,15032319,16654335,207616,34373631,7450008.82,4550826.67,2587460,10,10,10,0,0,0,0,0,0,1854463,3241983,3330047,1964661.12,200
1790802113,0,2587660,0,2853.39,200.08,3655679,6533119,11665407,15032319,16654335,207616,34373631,7449587.72,4550909.41,2587660,10,10,10,0,0,0,0,0,0,1906687,3235839,3379199,2001667.84,200
1790802114,0,2587860,0,2850.46,199.87,3653631,6533119,11665407,15032319,16654335,207616,34373631,7449162.22,4550996.82,2587860,10,10,10,0,0,0,0,0,0,1789951,3119103,3190783,1943874.56,200
1790802115,0,2588060,0,2847.55,200.04,3653631,6533119,11665407,15032319,16654335,207616,34373631,7448746.61,4551074.48,2588060,10,10,10,0,0,0,0,0,0,1973247,3215359,5013503,2071040.00,200
1790802116,0,2588260,0,2844.64,200.08,3653631,6533119,11665407,15024127,16654335,207616,34373631,7448332.91,4551152.18,2588260,10,10,10,0,0,0,0,0,0,1946623,3352575,6291455,2094951.68,200
1790802117,0,2588460,0,2841.73,199.88,3653631,6533119,11665407,15024127,16646143,207616,34373631,7447908.37,4551238.70,2588460,10,10,10,0,0,0,0,0,0,1876991,3123199,3325951,1953804.80,200
1790802118,0,2588660,0,2838.84,200.01,3651583,6533119,11665407,15024127,16646143,207616,34373631,7447485.44,4551323.59,2588660,10,10,10,0,0,0,0,0,0,1865727,3145727,3387391,1973793.28,200
1790802119,0,2588860,0,2835.95,200.14,3651583,6533119,11665407,15024127,16646143,207616,34373631,7447060.93,4551410.01,2588860,10,10,10,0,0,0,0,0,0,1883135,3119103,3180543,1952614.40,200
1790802120,0,2589060,0,2833.06,199.85,3651583,6533119,11665407,15024127,16646143,207616,34373631,7446638.13,4551494.82,2589060,10,10,10,0,0,0,0,0,0,1882111,3153919,3360767,1973683.20,200
1790802121,0,2589260,0,2830.18,200.04,3649535,6533119,11665407,15024127,16646143,207616,34373631,7446213.95,4551581.47,2589260,10,10,10,0,0,0,0,0,0,1855487,3129343,3332095,1955138.56,200
1790802122,0,2589460,0,2827.31,199.95,3649535,6533119,11665407,15024127,16646143,207616,34373631,7445789.32,4551668.83,2589460,10,10,10,0,0,0,0,0,0,1812479,3145727,3364863,1948379.52,200
1790802123,0,2589660,0,2824.44,200.00,3649535,6529023,11665407,15024127,16646143,207616,34373631,7445369.39,4551750.73,2589660,10,10,10,0,0,0,0,0,0,1927167,3231743,3483647,2008448.00,200
1790802124,0,2589860,0,2821.59,200.14,3647487,6529023,11665407,15024127,16646143,207616,34373631,7444948.45,4551833.63,2589860,10,10,10,0,0,0,0,0,0,1944575,3162111,3921919,1994432.00,200
1790802125,0,2590060,0,2818.73,200.03,3647487,6529023,11665407,15024127,16646143,207616,34373631,7444524.22,4551920.43,2590060,10,10,10,0,0,0,0,0,0,1832959,3297279,3362815,1951040.00,200
1790802126,0,2590260,0,2815.89,199.94,3647487,6529023,11665407,15024127,16646143,207616,34373631,7444105.23,4552001.30,2590260,10,10,10,0,0,0,0,0,0,1915903,3315711,3583999,2018097.92,200
1790802127,0,2590460,0,2813.05,200.06,3647487,6529023,11657215,15024127,16646143,207616,34373631,7443679.88,4552088.92,2590460,10,10,10,0,0,0,0,0,0,1759231,3102719,3168255,1934835.20,200
1790802128,0,2590660,0,2810.21,199.82,3645439,6529023,11657215,15024127,16646143,207616,34373631,7443255.82,4552175.18,2590660,10,10,10,0,0,0,0,0,0,1839103,3106815,3338239,1950707.20,200
1790802129,0,2590860,0,2807.38,200.08,3645439,6529023,11657215,15024127,16646143,207616,34373631,7442834.00,4552259.06,2590860,10,10,10,0,0,0,0,0,0,1924095,3174399,3461119,1978903.68,200
1790802130,0,2591060,0,2804.56,199.90,3645439,6529023,11657215,15024127,16646143,207616,34373631,7442411.88,4552343.11,2591060,10,10,10,0,0,0,0,0,0,1916927,3123199,3448831,1974069.76,200
1790802131,0,2591260,0,2801.74,200.04,3645439,6529023,11657215,15024127,16646143,207616,34373631,7441987.65,4552429.62,2591260,10,10,10,0,0,0,0,0,0,1869823,3121151,3217407,1945996.80,200
1790802132,0,2591460,0,2798.93,200.06,3643391,6524927,11657215,15024127,16646143,207616,34373631,7441565.70,4552513.39,2591460,10,10,10,0,0,0,0,0,0,1843199,3162111,3219455,1974665.60,200
1790802133,0,2591660,0,2796.13,200.07,3643391,6524927,11657215,15024127,16646143,207616,34373631,7441142.91,4552598.48,2591660,10,10,10,0,0,0,0,0,0,1860607,3129343,3672063,1962944.00,200
1790802134,0,2591860,0,2793.33,199.86,3643391,6524927,11657215,15024127,16646143,207616,34373631,7440719.30,4552684.23,2591860,10,10,10,0,0,0,0,0,0,1904639,3115007,3155967,1951449.60,200
1790802135,0,2592060,0,2790.54,200.07,3641343,6524927,11657215,15024127,16646143,207616,34373631,7440297.09,4552768.31,2592060,10,10,10,0,0,0,0,0,0,1950719,3137535,3246079,1968687.36,200
1790802136,0,2592260,0,2787.76,200.02,3641343,6524927,11657215,15024127,16646143,207616,34373631,7439874.65,4552853.00,2592260,10,10,10,0,0,0,0,0,0,1911807,3145727,3258367,1964968.96,200
1790802137,0,2592460,0,2784.98,200.02,3641343,6524927,11657215,15024127,16646143,207616,34373631,7439460.02,4552929.53,2592460,10,10,10,0,0,0,0,0,0,2024447,3319807,4098047,2065372.80,200
1790802138,0,2592660,0,2782.20,199.89,3641343,6524927,11657215,15024127,16646143,207616,34373631,7439040.96,4553011.04,2592660,10,10,10,0,0,0,0,0,0,1911807,3264511,3543039,2006941.44,200
1790802139,0,2592860,0,2779.43,200.06,3639295,6524927,11657215,15024127,16646143,207616,34373631,7438619.81,4553094.82,2592860,10,10,10,0,0,0,0,0,0,1882111,3201023,3457023,1979121.92,200
1790802140,0,2593060,0,2776.67,200.08,3639295,6524927,11657215,15024127,16646143,207616,34373631,7438197.51,4553179.80,2593060,10,10,10,0,0,0,0,0,0,1841151,3196927,3291135,1963466.88,200
1790802141,0,2593260,0,2773.91,199.84,3639295,6520831,11657215,15024127,16646143,207616,34373631,7437778.35,4553261.25,2593260,10,10,10,0,0,0,0,0,0,1925119,3231743,3348479,2003271.68,200
1790802142,0,2593460,0,2771.16,200.10,3637247,6520831,11657215,15024127,16646143,207616,34373631,7437360.94,4553340.83,2593460,10,10,10,0,0,0,0,0,0,1987583,3270655,3438591,2025096.32,200
1790802143,0,2593660,0,2768.42,199.91,3637247,6520831,11649023,15024127,16646143,207616,34373631,7436939.60,4553424.78,2593660,10,10,10,0,0,0,0,0,0,1883135,3203071,3360767,1973257.60,200
1790802144,0,2593860,0,2765.68,200.05,3637247,6520831,11649023,15024127,16646143,207616,34373631,7436518.64,4553508.47,2593860,10,10,10,0,0,0,0,0,0,1897471,3180543,3414015,1977345.92,200
1790802145,0,2594060,0,2762.95,200.02,3637247,6520831,11649023,15024127,16646143,207616,34373631,7436097.05,4553592.76,2594060,10,10,10,0,0,0,0,0,0,1857535,3221503,3297279,1968402.56,200
1790802146,0,2594260,0,2760.22,200.10,3635199,6520831,11649023,15024127,16646143,207616,34373631,7435677.08,4553675.17,2594260,10,10,10,0,0,0,0,0,0,1860607,3239935,3373055,1988551.04,200
1790802147,0,2594460,0,2757.50,199.87,3635199,6520831,11649023,15024127,16646143,207616,34373631,7435257.18,4553757.29,2594460,10,10,10,0,0,0,0,0,0,1811455,3217407,3305471,1988631.04,200
1790802148,0,2594660,0,2754.79,200.03,3635199,6520831,11649023,15024127,16646143,207616,34373631,7434838.30,4553838.36,2594660,10,10,10,0,0,0,0,0,0,1945599,3188735,3940351,2000980.48,200
1790802149,0,2594860,0,2752.08,200.07,3635199,6520831,11649023,15024127,16646143,207616,34373631,7434418.02,4553920.61,2594860,10,10,10,0,0,0,0,0,0,1874943,3137535,3274751,1981962.24,200
1790802150,0,2595060,0,2749.37,200.03,3633151,6520831,11649023,15024127,16646143,207616,34373631,7433998.86,4554001.59,2595060,10,10,10,0,0,0,0,0,0,1980415,3205119,3260415,1995732.48,200
1790802151,0,2595260,0,2746.67,199.86,3633151,6516735,11649023,15024127,16646143,207616,34373631,7433577.01,4554085.87,2595260,10,10,10,0,0,0,0,0,0,1810431,3162111,3229695,1959866.88,200
1790802152,0,2595460,0,2743.98,200.07,3633151,6516735,11649023,15024127,16646143,207616,34373631,7433155.98,4554169.02,2595460,10,10,10,0,0,0,0,0,0,1881087,3147775,3219455,1969847.04,200
1790802153,0,2595660,0,2741.30,200.01,3631103,6516735,11649023,15024127,16646143,207616,34373631,7432737.12,4554249.71,2595660,10,10,10,0,0,0,0,0,0,1808383,3184639,3258367,1996981.76,200
1790802154,0,2595860,0,2738.61,199.91,3631103,6516735,11649023,15024127,16646143,207616,34373631,7432317.13,4554331.69,2595860,10,10,10,0,0,0,0,0,0,1868799,3168255,3260415,1981606.40,200
1790802155,0,2596060,0,2735.94,200.07,3631103,6516735,11649023,15024127,16646143,207616,34373631,7431896.47,4554414.60,2596060,10,10,10,0,0,0,0,0,0,1853439,3170303,3258367,1972016.00,200
1790802156,0,2596260,0,2733.27,199.90,3629055,6516735,11649023,15024127,16646143,207616,34373631,7431471.66,4554502.37,2596260,10,10,10,0,0,0,0,0,0,1805311,3061759,3205119,1917295.36,200
1790802157,0,2596460,0,2730.60,200.07,3629055,6516735,11649023,15024127,16646143,207616,34373631,7431047.99,4554588.82,2596460,10,10,10,0,0,0,0,0,0,1846271,3086335,3217407,1931271.68,200
1790802158,0,2596660,0,2727.95,200.04,3629055,6516735,11649023,15024127,16646143,207616,34373631,7430628.67,4554670.27,2596660,10,10,10,0,0,0,0,0,0,1943551,3180543,3229695,1986932.48,200
1790802159,0,2596860,0,2725.29,200.04,3629055,6516735,11649023,15024127,16646143,207616,34373631,7430209.11,4554751.90,2596860,10,10,10,0,0,0,0,0,0,1850367,3188735,3239935,1982901.76,200
1790802160,0,2597060,0,2722.65,199.91,3627007,6516735,11640831,15024127,16646143,207616,34373631,7429788.37,4554835.00,2597060,10,10,10,0,0,0,0,0,0,1863679,3145727,3256319,1966735.36,200
1790802161,0,2597260,0,2720.00,200.03,3627007,6512639,11640831,15024127,16646143,207616,34373631,7429366.20,4554919.71,2597260,10,10,10,0,0,0,0,0,0,1825791,3106815,3198975,1947441.92,200
1790802162,0,2597460,0,2717.37,200.05,3627007,6512639,11640831,15024127,16646143,207616,34373631,7428948.14,4554999.56,2597460,10,10,10,0,0,0,0,0,0,1979391,3147775,3213311,1999896.32,200
1790802163,0,2597660,0,2714.74,199.90,3624959,6512639,11640831,15024127,16646143,207616,34373631,7428527.26,4555082.98,2597660,10,10,10,0,0,0,0,0,0,1803263,3194879,3235839,1962365.44,200
1790802164,0,2597860,0,2712.11,200.03,3624959,6512639,11640831,15024127,16646143,207616,34373631,7428108.47,4555163.95,2597860,10,10,10,0,0,0,0,0,0,1869823,3209215,3299327,1988806.40,200
1790802165,0,2598060,0,2709.49,200.09,3624959,6512639,11640831,15024127,16646143,207616,34373631,7427688.23,4555247.38,2598060,10,10,10,0,0,0,0,0,0,1866751,3268607,3454975,1969013.12,200
1790802166,0,2598260,0,2706.88,199.98,3624959,6512639,11640831,15024127,16646143,207616,34373631,7427268.24,4555330.37,2598260,10,10,10,0,0,0,0,0,0,1868799,3182591,3426303,1971516.16,200
1790802167,0,2632980,0,2740.19,34701.83,3645439,6541311,11722751,15114239,16941055,207616,40402943,7485073.11,4622393.87,2632980,10,10,10,0,0,0,0,0,0,12050431,23871487,34996223,11810881.48,34720
1790802168,0,2673100,0,2779.06,40140.93,3667967,6586367,11804671,15228927,17448959,207616,40402943,7542738.50,4665936.30,2673100,10,10,10,0,0,0,0,0,0,9928703,19349503,22839295,11327180.54,40120
1790802169,0,2713020,0,2817.63,39901.29,3688447,6627327,11878399,15359999,18055167,207616,40402943,7603297.32,4724622.55,2713020,10,10,10,0,0,0,0,0,0,10919935,22429695,24805375,11658402.58,39920
1790802170,0,2753100,0,2856.29,40107.18,3708927,6664191,11968511,15491071,18661375,207616,40402943,7667506.24,4789993.62,2753100,10,10,10,0,0,0,0,0,0,12640255,23756799,25722879,12013815.37,40080
1790802171,0,2792740,0,2894.41,39613.20,3733503,6705151,12042239,15613951,19152895,207616,40402943,7725704.88,4838440.87,2792740,10,10,10,0,0,0,0,0,0,11042815,22265855,24887295,11767749.97,39640
1790802172,0,2833020,0,2933.12,40284.65,3753983,6746111,12107775,15777791,19890175,207616,40402943,7788119.40,4898401.08,2833020,10,10,10,0,0,0,0,0,0,11247615,23019519,25886719,12115516.41,40280
1790802173,0,2872940,0,2971.37,39924.51,3770367,6778879,12181503,15941631,20873215,207616,40402943,7846070.00,4955228.35,2872940,10,10,10,0,0,0,0,0,0,11722751,23216127,25870335,11958674.79,39920
1790802174,0,2912460,0,3009.13,39516.83,3794943,6815743,12255231,16113663,21430271,207616,40402943,7905720.33,5004722.92,2912460,10,10,10,0,0,0,0,0,0,12533759,23363583,25591807,12242051.83,39520
1790802175,0,2953100,0,3047.97,40628.89,3821567,6848511,12328959,16293887,21970943,207616,40402943,7963281.43,5049148.65,2953100,10,10,10,0,0,0,0,0,0,12574719,23674879,24936447,12088389.99,40640
1790802176,0,2992940,0,3085.91,39842.32,3833855,6885375,12378111,16433151,22265855,207616,40402943,8007211.84,5085646.65,2992940,10,10,10,0,0,0,0,0,0,11354111,22790143,25673727,11263509.11,39840
1790802177,0,3032300,0,3123.27,39367.58,3856383,6922239,12443647,16605183,22593535,207616,40402943,8066528.55,5137956.49,3032300,10,10,10,0,0,0,0,0,0,12746751,24117247,26771455,12576980.23,39360
1790802178,0,3072700,0,3161.62,40388.59,3872767,6950911,12492799,16769023,22757375,207616,40402943,8109623.74,5172371.30,3072700,10,10,10,0,0,0,0,0,0,9887743,22839295,24330239,11344216.27,40400
1790802179,0,3111900,0,3198.67,39205.26,3899391,6991871,12566527,17006591,23183359,207616,51642367,8185930.71,5270091.95,3111900,10,10,10,0,0,0,0,0,0,14458879,27803647,48726015,14167267.72,39200
1790802180,0,3152050,0,3236.61,40152.94,3932159,7057407,12673023,17416191,24117247,207616,53280767,8328931.27,5512314.41,3152050,10,10,10,0,0,0,0,0,0,18989055,37388287,49348607,19412454.61,40150
1790802181,0,3192300,0,3274.58,40266.15,3960831,7094271,12754943,17645567,24674303,207616,53280767,8407059.82,5589837.45,3192300,10,10,10,0,0,0,0,0,0,15179775,26591231,28049407,14525446.98,40250
1790802182,0,3232300,0,3312.21,39978.53,3985407,7139327,12828671,17940479,25067519,207616,53280767,8482848.37,5664614.55,3232300,10,10,10,0,0,0,0,0,0,14655487,27328511,28688383,14531342.74,40000
1790802183,0,3272860,0,3350.34,40589.57,4005887,7172095,12894207,18251775,25477119,207616,53280767,8556281.19,5739769.99,3272860,10,10,10,0,0,0,0,0,0,14327807,26673151,29999103,14408275.86,40560
1790802184,0,3312460,0,3387.41,39564.04,4024319,7200767,12943359,18481151,25591807,207616,53280767,8610832.06,5785274.45,3312460,10,10,10,0,0,0,0,0,0,13271039,25280511,26968063,13119351.84,39600
1790802185,0,3351998,0,3424.34,39550.81,4046847,7233535,13000703,18677759,25690111,207616,53280767,8667159.76,5824971.17,3351998,10,10,10,0,0,0,0,0,0,13934591,25542655,28327935,13386246.27,39538
1790802186,0,3392700,0,3462.39,40712.17,4071423,7270399,13058047,18825215,25788415,207616,53280767,8720507.76,5860794.37,3392700,10,10,10,0,0,0,0,0,0,13377535,25608191,29917183,13113962.13,40702
1790802187,0,3432700,0,3499.64,40011.65,4104191,7323647,13139967,19218431,26394623,207616,63045631,8835527.34,6038818.10,3432700,10,10,10,0,0,0,0,0,0,16809983,38993919,52920319,18591200.88,40000
1790802188,0,3472300,0,3536.40,39594.52,4134911,7380991,13221887,19709951,27099135,207616,88866815,8954599.27,6262602.04,3472300,10,10,10,0,0,0,0,0,0,16367615,43810815,75300863,19276271.44,39600
1790802189,0,3513020,0,3574.23,40721.92,4161535,7430143,13295615,20168703,27820031,207616,88866815,9048847.11,6375448.19,3513020,10,10,10,0,0,0,0,0,0,15237119,35192831,46530559,17085604.79,40720
1790802190,0,3552700,0,3610.93,39664.33,4190207,7479295,13361151,20725759,28590079,207616,88866815,9140156.10,6479138.22,3552700,10,10,10,0,0,0,0,0,0,16334847,36798463,47316991,17224085.46,39680
1790802191,0,3592300,0,3647.47,39619.47,4222975,7548927,13434879,21348351,29540351,207616,88866815,9248964.63,6602229.72,3592300,10,10,10,0,0,0,0,0,0,18595839,35782655,42598399,19010682.87,39600
1790802192,0,3632300,0,3684.35,39970.04,4251647,7610367,13508607,21938175,30310399,207616,88866815,9351131.60,6710471.74,3632300,10,10,10,0,0,0,0,0,0,18890751,33161215,40959999,18526491.74,40000
1790802193,0,3672060,0,3720.90,39785.39,4280319,7671807,13590527,22478847,31178751,207616,88866815,9459356.30,6834603.02,3672060,10,10,10,0,0,0,0,0,0,18038783,38109183,45973503,19346293.02,39760
1790802194,0,3712700,0,3758.28,40639.45,4308991,7729151,13664255,22872063,32079871,207616,88866815,9563786.78,6950190.81,3712700,10,10,10,0,0,0,0,0,0,17711103,37158911,46399487,18999687.13,40640
1790802195,0,3752860,0,3795.09,40167.30,4337663,7786495,13729791,23199743,32784383,207616,88866815,9654778.50,7038049.06,3752860,10,10,10,0,0,0,0,0,0,17694719,34111487,44892159,18066754.51,40160
1790802196,0,3792700,0,3831.50,39832.18,4366335,7843839,13795327,23429119,33259519,207616,88866815,9733004.78,7097660.68,3792700,10,10,10,0,0,0,0,0,0,16498687,34177023,41222143,17101786.15,39840
1790802197,0,3832300,0,3867.60,39602.23,4399103,7909375,13860863,23707647,33980415,207616,88866815,9826155.15,7202211.45,3832300,10,10,10,0,0,0,0,0,0,16383999,40468479,50233343,18747655.79,39600
1790802198,0,3873089,0,3904.82,40776.53,4423679,7950335,13901823,23789567,34111487,207616,88866815,9868041.86,7216185.95,3873089,10,10,10,0,0,0,0,0,0,12263423,27787263,35028991,13803476.15,40789
1790802199,0,3913100,0,3941.19,40009.83,4448255,7995391,13918207,23838719,34144255,207616,88866815,9902229.91,7227600.50,3913100,10,10,10,0,0,0,0,0,0,11583487,29655039,34308095,13211653.53,40011
1790802200,0,3952700,0,3977.06,39586.62,4472831,8040447,13959167,23904255,34340863,207616,88866815,9949867.16,7255686.42,3952700,10,10,10,0,0,0,0,0,0,12951551,30081023,43843583,14657173.90,39600
1790802201,0,3991500,0,4012.07,38827.90,4497407,8097791,14016511,24199167,35127295,207616,88866815,10045830.70,7380616.61,3991500,10,10,10,0,0,0,0,0,0,17104895,44498943,48791551,19821992.53,38800
1790802202,0,4032700,0,4049.41,41189.90,4526079,8179711,14131199,24903679,39878655,207616,161611775,10473850.97,9330821.89,4032700,10,10,10,0,0,0,0,0,0,39550975,127336447,148373503,51940911.96,41200
1790802203,0,4071457,0,4084.23,38767.99,4550655,8232959,14180351,25165823,40828927,207616,161611775,10558203.75,9409011.98,4071457,10,10,10,0,0,0,0,0,0,15712255,46563327,56033279,19335184.31,38757
1790802204,0,4111900,0,4120.66,40415.80,4571135,8290303,14245887,25591807,42795007,207616,161611775,10677183.82,9582315.74,4111900,10,10,10,0,0,0,0,0,0,18923519,56000511,75431935,22655085.17,40443
1790802205,0,4147430,0,4152.10,35522.58,4595711,8359935,14327807,26247167,48168959,207616,161611775,11003955.29,10822560.86,4147430,10,10,10,0,0,0,0,0,0,34308095,128581631,146931711,48821337.33,35530
1790802206,0,4176800,0,4177.33,29374.77,4620287,8429567,14434303,27688959,98959359,207616,443285503,12821031.52,26087981.37,4176800,10,10,10,0,0,0,0,0,0,319291391,418381823,436207615,269416077.17,29370
1790802207,0,4196550,0,4192.89,19750.07,4636671,8478719,14499839,28819455,151519231,207616,872415231,16010308.70,53769270.32,4196550,10,10,10,0,0,0,0,0,0,679477247,855638015,866648063,690489950.62,19750
1790802208,0,4235720,0,4227.80,39196.33,4669439,8585215,14639103,31375359,808976383,207616,979894271,23956792.92,98217711.73,4235720,10,10,10,0,0,0,0,0,0,873988095,947912703,967835647,875317996.62,39170
1790802209,0,4258860,0,4246.66,23123.36,4689919,8650751,14712831,34242559,874512383,207616,1435500543,30713473.72,134413948.42,4258860,10,10,10,0,0,0,0,0,0,1312817151,1415577599,1425014783,1267507249.56,23140
1790802210,0,4293607,0,4277.04,34754.27,4714495,8749055,14843903,39157759,1298137087,207616,1549795327,41711401.60,181109725.71,4293607,10,10,10,0,0,0,0,0,0,1371537407,1518338047,1539309567,1389702168.25,34747
1790802211,0,4332590,0,4311.58,38995.76,4751359,8863743,14999551,55148543,1454374911,207616,1611661311,54747063.01,226352141.01,4332590,10,10,10,0,0,0,0,0,0,1486880767,1567621119,1600126975,1490501291.15,38983
1790802212,0,4374085,0,4348.55,41511.37,4784127,8994815,15171583,154009599,1515192319,207616,1675624447,69039259.61,268554836.80,4374085,10,10,10,0,0,0,0,0,0,1574961151,1649410047,1663041535,1561320933.24,41495
1790802213,0,4398090,0,4368.07,23992.11,4804607,9068543,15278079,479723519,1538260991,207616,1830813695,77274578.15,290157140.58,4398090,10,10,10,0,0,0,0,0,0,1516240895,1806696447,1828716543,1577877923.07,24005
1790802214,0,4432540,0,4397.91,34442.63,4833279,9183231,15441919,857210879,1652555775,207616,2049966079,91933742.45,333147234.08,4432540,10,10,10,0,0,0,0,0,0,1971322879,2026897407,2039480319,1963409037.99,34450
1790802215,0,4459810,0,4420.59,27286.31,4857855,9273343,15564799,962592767,1970274303,207616,2388656127,104754628.54,370266965.17,4459810,10,10,10,0,0,0,0,0,0,2149580799,2365587455,2384461823,2188696337.71,27270
1790802216,0,4489380,0,4445.49,29566.41,4882431,9363455,15728639,1352663039,2129657855,207616,2652897279,120565306.96,417079613.36,4489380,10,10,10,0,0,0,0,0,0,2537553919,2629828607,2642411519,2505165297.42,29570
1790802217,0,4521710,0,4473.07,32328.83,4911103,9461759,15900671,1450180607,2522873855,207616,2803892223,138285914.94,465135211.14,4521710,10,10,10,0,0,0,0,0,0,2585788415,2768240639,2801795071,2598989381.33,32330
1790802218,0,4560960,0,4507.44,39234.29,4943871,9592831,16146431,1502609407,2654994431,207616,2908749823,161097746.51,523886196.74,4560960,10,10,10,0,0,0,0,0,0,2785017855,2877292543,2898264063,2789084674.53,39250
1790802219,0,4586670,0,4528.37,25701.67,4964351,9691135,16318463,1545601023,2787115007,207616,3206545407,177023598.30,563882765.04,4586670,10,10,10,0,0,0,0,0,0,2980052991,3181379583,3193962495,3002273422.71,25710
1790802220,0,4617341,0,4554.16,30684.28,4993023,9805823,16523263,1642070015,2961178623,207616,3397386239,196742254.74,611566248.16,4617341,10,10,10,0,0,0,0,0,0,3143630847,3225419775,3254779903,3145552855.57,30671
1790802221,0,4661870,0,4593.55,44529.27,5029887,9961471,16859135,2017460223,3208642559,207616,3451912191,226497890.95,679915215.16,4661870,10,10,10,0,0,0,0,0,0,3305111551,3409969151,3439329279,3311946005.01,44529
1790802222,0,4700440,0,4626.99,38563.31,5062655,10108927,17170431,2394947583,3323985919,207616,3466592255,252167757.21,733592148.94,4700440,10,10,10,0,0,0,0,0,0,3361734655,3426746367,3458203647,3354827321.32,38570
1790802223,0,4745151,0,4666.41,44744.85,5103615,10272767,17580031,2608857087,3326083071,207616,3466592255,280334647.96,785185636.26,4745151,10,10,10,0,0,0,0,0,0,3246391295,3315597311,3349151743,3241502592.71,44711
1790802224,0,4792410,0,4708.26,47246.50,5148671,10461183,18038783,2829058047,3323985919,207616,3466592255,308067797.00,829294771.13,4792410,10,10,10,0,0,0,0,0,0,3087007743,3212836863,3227516927,3092679825.93,47259
1790802225,0,4849690,0,4759.85,57254.47,5197823,10698751,18661375,2896166911,3323985919,207616,3466592255,337057360.78,866129337.23,4849690,10,10,10,0,0,0,0,0,0,2785017855,2986344447,3013607423,2762509095.76,57280
1790802226,0,4878053,0,4783.00,28369.62,5222399,10813439,19005439,2900361215,3323985919,207616,3466592255,351463605.11,883924797.44,4878053,10,10,10,0,0,0,0,0,0,2805989375,2919235583,2944401407,2814736850.38,28363
1790802227,0,4927150,0,4826.41,49102.62,5271551,11010047,19693567,2965372927,3321888767,207616,3466592255,377033634.13,915782017.09,4927150,10,10,10,0,0,0,0,0,0,2956984319,3089104895,3110076415,2917554577.66,49097
1790802228,0,4998297,0,4891.31,71155.35,5337087,11288575,20987903,2959081471,3321888767,207616,3466592255,401330830.34,932517808.18,4998297,10,10,10,0,0,0,0,0,0,2129657855,2623537151,2657091583,2083986884.97,71147
1790802229,0,4998500,0,4886.72,202.98,5337087,11296767,20987903,2959081471,3321888767,207616,3466592255,401317360.67,932501316.75,4998500,10,10,10,0,0,0,0,0,0,62521343,148373503,164888575,69664993.10,203
1790802230,0,4998700,0,4882.15,200.05,5337087,11288575,20987903,2959081471,3321888767,207616,3466592255,401301383.92,932486082.40,4998700,10,10,10,0,0,0,0,0,0,1863679,3342335,3522559,2002616.32,200
1790802231,0,4998900,0,4877.58,199.84,5337087,11288575,20987903,2959081471,3321888767,207616,3466592255,401285410.38,932470847.93,4998900,10,10,10,0,0,0,0,0,0,1959935,3362815,3649535,2050662.40,200
1790802232,0,4999100,0,4873.02,200.03,5337087,11288575,20987903,2959081471,3321888767,207616,3466592255,401269439.45,932455613.58,4999100,10,10,10,0,0,0,0,0,0,1927167,3409919,4222975,2084026.88,200
1790802233,0,4999300,0,4868.47,200.06,5332991,11288575,20987903,2959081471,3321888767,207616,3466592255,401253468.11,932440380.65,4999300,10,10,10,0,0,0,0,0,0,1919999,3352575,3518463,2041952.00,200
1790802234,0,4999500,0,4863.92,199.93,5332991,11288575,20987903,2959081471,3321888767,207616,3466592255,401237510.02,932425143.33,4999500,10,10,10,0,0,0,0,0,0,2006015,3629055,10297343,2341076.48,200
1790802235,0,4999700,0,4859.39,200.00,5332991,11288575,20987903,2959081471,3321888767,207616,3466592255,401221541.35,932409911.74,4999700,10,10,10,0,0,0,0,0,0,1907711,3385343,3524607,2044672.00,200
1790802236,0,4999900,0,4854.87,200.03,5332991,11288575,20987903,2959081471,3321888767,207616,3466592255,401205574.85,932394680.48,4999900,10,10,10,0,0,0,0,0,0,1943551,3399679,3663871,2066926.72,200
1790802237,0,5000100,0,4850.35,200.08,5332991,11288575,20987903,2959081471,3321888767,207616,3466592255,401189610.43,932379449.56,5000100,10,10,10,0,0,0,0,0,0,1991679,3473407,3950591,2087121.92,200
1790802238,0,5000300,0,4845.84,199.90,5332991,11288575,20987903,2959081471,3321888767,207616,3466592255,401173644.37,932364220.58,5000300,10,10,10,0,0,0,0,0,0,1872895,3336191,3493887,2014292.48,200
1790802239,0,5000500,0,4841.35,200.11,5332991,11288575,20971519,2959081471,3321888767,207616,3466592255,401157680.51,932348991.91,5000500,10,10,10,0,0,0,0,0,0,1941503,3354623,3741695,2037190.40,200
1790802240,0,5000700,0,4836.86,199.84,5328895,11288575,20971519,2959081471,3321888767,207616,3466592255,401141719.83,932333763.12,5000700,10,10,10,0,0,0,0,0,0,1950719,3465215,3727359,2084806.40,200
1790802241,0,5000900,0,4832.38,200.14,5328895,11280383,20971519,2959081471,3321888767,207616,3466592255,401125760.93,932318534.81,5000900,10,10,10,0,0,0,0,0,0,1970175,3395583,4155391,2097251.84,200
1790802242,0,5001100,0,4827.90,199.86,5328895,11280383,20971519,2959081471,3321888767,207616,3466592255,401109800.39,932303308.44,5001100,10,10,10,0,0,0,0,0,0,1856511,3334143,3583999,2024481.28,200
1790802243,0,5001300,0,4823.44,200.13,5328895,11280383,20971519,2959081471,3321888767,207616,3466592255,401093840.65,932288082.98,5001300,10,10,10,0,0,0,0,0,0,1865727,3287039,3547135,2012587.52,200
1790802244,0,5001500,0,4818.99,199.97,5328895,11280383,20971519,2959081471,3321888767,207616,3466592255,401077883.77,932272857.53,5001500,10,10,10,0,0,0,0,0,0,1886207,3391487,3610623,2052353.28,200
1790802245,0,5001700,0,4814.54,199.92,5328895,11280383,20971519,2959081471,3321888767,207616,3466592255,401061927.83,932257632.92,5001700,10,10,10,0,0,0,0,0,0,1987583,3270655,3532799,2043567.36,200
1790802246,0,5001900,0,4810.10,200.01,5328895,11280383,20971519,2959081471,3321888767,207616,3466592255,401045977.91,932242406.98,5001900,10,10,10,0,0,0,0,0,0,2020351,3612671,5775359,2162461.44,200
1790802247,0,5002100,0,4805.67,200.03,5324799,11280383,20971519,2959081471,3321888767,207616,3466592255,401030026.83,932227182.78,5002100,10,10,10,0,0,0,0,0,0,1975295,3438591,4820991,2101415.68,200
1790802248,0,5002300,0,4801.26,200.10,5324799,11280383,20971519,2959081471,3321888767,207616,3466592255,401014077.77,932211958.95,5002300,10,10,10,0,0,0,0,0,0,2006015,3487743,4968447,2120245.76,200
1790802249,0,5002500,0,4796.84,199.89,5324799,11280383,20971519,2959081471,3321888767,207616,3466592255,400998125.69,932196737.66,5002500,10,10,10,0,0,0,0,0,0,1888255,3346431,3506175,2012688.64,200
1790802250,0,5002700,0,4792.44,200.03,5324799,11280383,20971519,2959081471,3321888767,207616,3466592255,400982175.72,932181516.71,5002700,10,10,10,0,0,0,0,0,0,1869823,3313663,3543039,2033448.96,200
1790802251,0,5002900,0,4788.04,199.91,5324799,11280383,20971519,2959081471,3321888767,207616,3466592255,400966225.55,932166297.08,5002900,10,10,10,0,0,0,0,0,0,1825791,3330047,3444735,1996653.44,200
1790802252,0,5003100,0,4783.66,200.07,5324799,11272191,20955135,2959081471,3321888767,207616,3466592255,400950276.62,932151078.16,5003100,10,10,10,0,0,0,0,0,0,1844223,3307519,3512319,1995852.80,200
1790802253,0,5003300,0,4779.28,200.03,5324799,11272191,20955135,2959081471,3321888767,207616,3466592255,400934331.46,932135858.87,5003300,10,10,10,0,0,0,0,0,0,1930239,3436543,3627007,2058073.60,200
1790802254,0,5003500,0,4774.91,200.05,5324799,11272191,20955135,2959081471,3321888767,207616,3466592255,400918389.28,932120639.55,5003500,10,10,10,0,0,0,0,0,0,1981439,3411967,3864575,2100997.12,200
1790802255,0,5003700,0,4770.55,199.95,5320703,11272191,20955135,2959081471,3321888767,207616,3466592255,400902445.16,932105422.30,5003700,10,10,10,0,0,0,0,0,0,1875967,3334143,3506175,2020275.20,200
1790802256,0,5003900,0,4766.19,200.03,5320703,11272191,20955135,2959081471,3321888767,207616,3466592255,400886502.97,932090205.46,5003900,10,10,10,0,0,0,0,0,0,1868799,3373055,3618815,2036765.44,200
1790802257,0,5004100,0,4761.85,200.02,5320703,11272191,20955135,2959081471,3321888767,207616,3466592255,400870560.11,932074990.14,5004100,10,10,10,0,0,0,0,0,0,1892351,3215359,3495935,1988283.52,200
1790802258,0,5004300,0,4757.51,200.01,5320703,11272191,20955135,2959081471,3321888767,207616,3466592255,400854620.20,932059774.81,5004300,10,10,10,0,0,0,0,0,0,1888255,3387391,3471359,2030128.64,200
1790802259,0,5004500,0,4753.18,199.97,5320703,11272191,20955135,2959081471,3321888767,207616,3466592255,400838682.60,932044559.73,5004500,10,10,10,0,0,0,0,0,0,1876991,3428351,3569663,2055959.68,200
1790802260,0,5004700,0,4748.86,200.03,5320703,11272191,20955135,2959081471,3321888767,207616,3466592255,400822748.30,932029344.48,5004700,10,10,10,0,0,0,0,0,0,2014207,3510271,3659775,2106798.08,200
1790802261,0,5004900,0,4744.55,199.90,5320703,11272191,20955135,2959081471,3321888767,207616,3466592255,400806813.52,932014130.67,5004900,10,10,10,0,0,0,0,0,0,1965055,3430399,3973119,2062900.48,200
1790802262,0,5005100,0,4740.24,199.95,5316607,11272191,20955135,2959081471,3321888767,207616,3466592255,400790877.61,931998918.59,5005100,10,10,10,0,0,0,0,0,0,1863679,3282943,3567615,2002555.52,200
1790802263,0,5005300,0,4735.95,200.02,5316607,11263999,20955135,2959081471,3321888767,207616,3466592255,400774945.28,931983706.22,5005300,10,10,10,0,0,0,0,0,0,1914879,3387391,3557375,2060419.20,200
1790802264,0,5005500,0,4731.66,200.05,5316607,11263999,20955135,2959081471,3321888767,207616,3466592255,400759010.76,931968496.02,5005500,10,10,10,0,0,0,0,0,0,1825791,3291135,3514367,1973897.60,200
1790802265,0,5005700,0,4727.38,200.07,5316607,11263999,20955135,2959081471,3321888767,207616,3466592255,400743079.31,931953285.74,5005700,10,10,10,0,0,0,0,0,0,1905663,3303423,3608575,2018718.72,200
1790802266,0,5005900,0,4723.11,199.87,5316607,11263999,20938751,2959081471,3321888767,207616,3466592255,400727150.53,931938075.57,5005900,10,10,10,0,0,0,0,0,0,1898495,3405823,3653631,2053585.92,200
1790802267,0,5006100,0,4718.85,200.04,5316607,11263999,20938751,2959081471,3321888767,207616,3466592255,400711222.05,931922866.51,5006100,10,10,10,0,0,0,0,0,0,1899519,3430399,3592191,2029274.88,200
1790802268,0,5006300,0,4714.59,200.10,5316607,11263999,20938751,2959081471,3321888767,207616,3466592255,400695294.47,931907658.29,5006300,10,10,10,0,0,0,0,0,0,1869823,3313663,3610623,2020069.12,200
1790802269,0,5006500,0,4710.34,200.00,5316607,11263999,20938751,2959081471,3321888767,207616,3466592255,400679369.70,931892450.12,5006500,10,10,10,0,0,0,0,0,0,1946623,3407871,3665919,2058378.24,200
1790802270,0,5006700,0,4706.10,199.85,5312511,11263999,20938751,2959081471,3319791615,207616,3466592255,400663447.49,931877242.09,5006700,10,10,10,0,0,0,0,0,0,1976319,3436543,3766271,2090795.52,200
1790802271,0,5006900,0,4701.87,200.11,5312511,11263999,20938751,2959081471,3319791615,207616,3466592255,400647524.56,931862035.61,5006900,10,10,10,0,0,0,0,0,0,1926143,3360767,3612671,2040867.84,200
1790802272,0,5007100,0,4697.65,199.97,5312511,11263999,20938751,2959081471,3319791615,207616,3466592255,400631603.70,931846829.48,5007100,10,10,10,0,0,0,0,0,0,1965055,3442687,3583999,2060965.76,200
1790802273,0,5007300,0,4693.43,200.03,5312511,11263999,20938751,2959081471,3319791615,207616,3466592255,400615687.36,931831622.66,5007300,10,10,10,0,0,0,0,0,0,2023423,3483647,4464639,2142118.40,200
1790802274,0,5007500,0,4689.23,199.99,5312511,11255807,20938751,2956984319,3319791615,207616,3466592255,400599766.40,931816419.05,5007500,10,10,10,0,0,0,0,0,0,1895423,3276799,3346431,1994670.08,200
1790802275,0,5007700,0,4685.03,200.07,5312511,11255807,20938751,2956984319,3319791615,207616,3466592255,400583846.63,931801216.17,5007700,10,10,10,0,0,0,0,0,0,1960959,3153919,3301375,1992494.08,200
1790802276,0,5007900,0,4680.83,199.84,5312511,11255807,20938751,2956984319,3319791615,207616,3466592255,400567928.11,931786013.99,5007900,10,10,10,0,0,0,0,0,0,1954815,3182591,4255743,1992190.72,200
1790802277,0,5008100,0,4676.65,200.07,5308415,11255807,20938751,2956984319,3319791615,207616,3466592255,400552010.11,931770812.83,5008100,10,10,10,0,0,0,0,0,0,1923071,3192831,3467263,1973157.12,200
1790802278,0,5008300,0,4672.47,200.05,5308415,11255807,20922367,2956984319,3319791615,207616,3466592255,400536097.11,931755610.77,5008300,10,10,10,0,0,0,0,0,0,1966079,3340287,3594239,2066657.28,200
1790802279,0,5008500,0,4668.31,200.03,5308415,11255807,20922367,2956984319,3319791615,207616,3466592255,400520186.19,931740409.06,5008500,10,10,10,0,0,0,0,0,0,1967103,3395583,4098047,2086735.36,200
1790802280,0,5008700,0,4664.14,200.02,5308415,11255807,20922367,2956984319,3319791615,207616,3466592255,400504275.85,931725208.33,5008700,10,10,10,0,0,0,0,0,0,1915903,3323903,3631103,2069762.56,200
1790802281,0,5008900,0,4659.99,199.84,5308415,11255807,20922367,2956984319,3319791615,207616,3466592255,400488367.04,931710008.19,5008900,10,10,10,0,0,0,0,0,0,1989631,3389439,3528703,2076069.12,200
1790802282,0,5009100,0,4655.85,200.11,5308415,11255807,20922367,2956984319,3319791615,207616,3466592255,400472457.44,931694809.63,5009100,10,10,10,0,0,0,0,0,0,1905663,3258367,3463167,2024541.44,200
1790802283,0,5009300,0,4651.70,199.89,5308415,11255807,20922367,2956984319,3319791615,207616,3466592255,400456549.66,931679611.52,5009300,10,10,10,0,0,0,0,0,0,1970175,3313663,3444735,2038245.12,200
1790802284,0,5009500,0,4647.58,200.04,5304319,11255807,20922367,2956984319,3319791615,207616,3466592255,400440640.84,931664415.10,5009500,10,10,10,0,0,0,0,0,0,1852415,3192831,3336191,1980215.04,200
1790802285,0,5009700,0,4643.45,200.05,5304319,11255807,20922367,2956984319,3319791615,207616,3466592255,400424735.13,931649218.57,5009700,10,10,10,0,0,0,0,0,0,1943551,3211263,3770367,2026634.24,200
1790802286,0,5009900,0,4639.34,200.06,5304319,11247615,20922367,2956984319,3319791615,207616,3466592255,400408830.64,931634022.77,5009900,10,10,10,0,0,0,0,0,0,1840127,3340287,3430399,2025098.24,200
1790802287,0,5034250,0,4657.57,24340.12,5328895,11345919,21397503,2952790015,3319791615,207616,3466592255,399651073.78,929455624.32,5034250,10,10,10,0,0,0,0,0,0,245235711,358088703,375390207,243746101.68,24350
1790802288,0,5063720,0,4680.51,29477.36,5353471,11444223,22003711,2950692863,3319791615,207616,3466592255,401328365.71,927042433.68,5063720,10,10,10,0,0,0,0,0,0,713555967,858259455,873463807,687853878.50,29470
1790802289,0,5086350,0,4697.08,22618.74,5373951,11517951,22495231,2948595711,3319791615,207616,3466592255,404606788.20,926330670.42,5086350,10,10,10,0,0,0,0,0,0,1083179007,1475346431,1494220799,1138191125.34,22630
1790802290,0,5133802,0,4736.53,47481.51,5419007,11681791,23363583,2942304255,3317694463,207616,3466592255,416320620.02,930000513.24,5133802,10,10,10,0,0,0,0,0,0,1652555775,1809842175,1843396607,1671918876.94,47452
1790802291,0,5166951,0,4762.72,33122.22,5447679,11788287,23969791,2936012799,3315597311,207616,3466592255,426111473.79,935083882.35,5166951,10,10,10,0,0,0,0,0,0,1860173823,2183135231,2267021311,1942425831.68,33149
1790802292,0,5203850,0,4792.32,36906.24,5480447,11894783,24674303,2931818495,3315597311,207616,3466592255,441019529.14,948368712.61,5203850,10,10,10,0,0,0,0,0,0,2575302655,2642411519,2654994431,2528588068.06,36899
1790802293,0,5250870,0,4831.17,47052.52,5525503,12034047,25772031,2956984319,3315597311,207616,3466592255,463091152.48,972279356.86,5250870,10,10,10,0,0,0,0,0,0,2936012799,2984247295,3001024511,2905826522.56,47020
1790802294,0,5299880,0,4871.78,49005.88,5566463,12181503,27426815,2961178623,3315597311,207616,3466592255,485708669.55,995694941.29,5299880,10,10,10,0,0,0,0,0,0,2904555519,2986344447,3001024511,2908921113.52,49010
1790802295,0,5341403,0,4905.44,41530.19,5607423,12296191,29278207,2998927359,3317694463,207616,3466592255,506457755.10,1019161740.85,5341403,10,10,10,0,0,0,0,0,0,3128950783,3271557119,3372220415,3154813209.14,41523
1790802296,0,5384390,0,4940.38,42962.26,5644287,12410879,31670271,3084910591,3395289087,207616,3617587199,530293448.62,1049295099.30,5384390,10,10,10,0,0,0,0,0,0,3498049535,3588227071,3607101439,3492027108.89,42987
1790802297,0,5412690,0,4961.79,28301.91,5672959,12484607,34471935,3120562175,3481272319,207616,4051697663,548064270.44,1074895848.71,5412690,10,10,10,0,0,0,0,0,0,3969908735,4032823295,4049600511,3929160924.43,28300
1790802298,0,5447010,0,4988.68,34322.71,5705727,12574719,38338559,3162505215,3902799871,207616,4588568575,572146701.86,1113415228.67,5447010,10,10,10,0,0,0,0,0,0,4357881855,4567597055,4580179967,4370245062.00,34320
1790802299,0,5482182,0,5016.30,35164.54,5734399,12656639,45776895,3206545407,4332716031,207616,5058330623,599657328.13,1161480352.80,5482182,10,10,10,0,0,0,0,0,0,4890558463,5037359103,5049942015,4860167289.93,35172
1790802300,0,5524170,0,5050.10,41981.67,5775359,12763135,88735743,3258974207,4924112895,207616,5398069247,635364298.78,1226896438.03,5524170,10,10,10,0,0,0,0,0,0,5309988863,5372903423,5385486335,5297460893.11,41988
1790802301,0,5571750,0,5088.94,47607.47,5816319,12869631,192544767,3328180223,5347737599,207616,5628755967,677092542.96,1301773899.64,5571750,10,10,10,0,0,0,0,0,0,5536481279,5607784447,5620367359,5521857457.40,47580
1790802302,0,5601250,0,5111.22,29499.11,5844991,12935167,365166591,3380609023,5502926847,207616,5872025599,703160421.41,1346894926.15,5601250,10,10,10,0,0,0,0,0,0,5595201535,5855248383,5867831295,5626675735.40,29500
1790802303,0,5643376,0,5144.96,42117.50,5881855,13033471,672661503,3489660927,5611978751,207616,6325010431,743168205.73,1418965138.24,5643376,10,10,10,0,0,0,0,0,0,6039797759,6211764223,6236930047,6062771346.77,42126
1790802304,0,5678031,0,5171.85,34666.60,5914623,13115391,820510719,3942645759,6031409151,207616,6757023743,778058945.14,1483097537.99,5678031,10,10,10,0,0,0,0,0,0,6555697151,6664749055,6748635135,6459823810.47,34655
1790802305,0,5712630,0,5198.62,34568.99,5947391,13197311,883425279,4328521727,6308233215,207616,7197425663,815339026.48,1553862658.45,5712630,10,10,10,0,0,0,0,0,0,7004487679,7168065535,7189037055,6933361441.58,34599
1790802306,0,5736690,0,5215.77,24070.20,5967871,13246463,962592767,4697620479,6702497791,207616,7767851007,843534134.48,1610348026.10,5736690,10,10,10,0,0,0,0,0,0,7595884543,7746879487,7759462399,7537973861.89,24060
1790802307,0,5766249,0,5237.88,29549.72,5992447,13311999,1250951167,5020581887,7134511103,207616,8321499135,880592052.46,1687180943.95,5766249,10,10,10,0,0,0,0,0,0,8132755455,8296333311,8313110527,8072641426.49,29559
1790802308,0,5790120,0,5254.79,23874.13,6012927,13361151,1320157183,5301600255,7704936447,207616,8623489023,911657468.60,1751584330.10,5790120,10,10,10,0,0,0,0,0,0,8384413695,8623489023,8623489023,8415780662.55,23871
1790802309,0,5815850,0,5273.36,25726.33,6037503,13410303,1392508927,5389680639,8183087103,207616,9487515647,948613867.52,1833578096.38,5815850,10,10,10,0,0,0,0,0,0,9361686527,9479127039,9487515647,9265053219.70,25730
1790802310,0,5847650,0,5297.39,31805.94,6066175,13484031,1454374911,5528092671,8623489023,207616,9915334655,995993669.12,1937614111.52,5847650,10,10,10,0,0,0,0,0,0,9646899199,9898557439,9915334655,9661208107.66,31800
1790802311,0,5875204,0,5317.54,27566.95,6090751,13541375,1478492159,5595201535,9504292863,207616,10477371391,1039240797.25,2033169939.12,5875204,10,10,10,0,0,0,0,0,0,10175381503,10460594175,10468982783,10217366252.62,27554
1790802312,0,5907996,0,5342.38,32778.06,6119423,13606911,1509949439,5997854719,10007609343,207616,10947133439,1092752230.12,2150348052.90,5907996,10,10,10,0,0,0,0,0,0,10670309375,10896801791,10938744831,10680169418.29,32792
1790802313,0,5956860,0,5381.70,48882.72,6164479,13713407,1587544063,6320816127,10804527103,207616,11249123327,1174723773.51,2323480956.58,5956860,10,10,10,0,0,0,0,0,0,11106516991,11215568895,11249123327,11085651050.62,48864
1790802314,0,5988540,0,5405.43,31662.23,6193151,13778943,1627389951,6832521215,11098128383,207616,11500781567,1228255048.73,2430824836.96,5988540,10,10,10,0,0,0,0,0,0,11240734719,11484004351,11500781567,11293858334.00,31680
1790802315,0,6034870,0,5442.34,46360.73,6234111,13877247,1684013055,7713325055,11316232191,207616,11928600575,1308749773.80,2588670107.33,6034870,10,10,10,0,0,0,0,0,0,11735662591,11911823359,11920211967,11713366240.47,46330
1790802316,0,6061800,0,5461.70,26907.24,6258687,13926399,1779433471,8187281407,11576279039,207616,11928600575,1354944997.96,2673892730.93,6061800,10,10,10,0,0,0,0,0,0,11710496767,11844714495,11853103103,11707049433.25,26930
1790802317,0,6142520,0,5529.45,80797.73,6324223,14106623,1995440127,9663676415,11785994239,207616,12062818303,1487358470.44,2893995128.76,6142517,10,10,10,0,0,0,0,0,0,11182014463,12012486655,12054429695,11431533643.78,80717
1790802318,0,6179940,0,5558.13,37388.44,6352895,14188543,2109734911,10427039743,11785994239,207616,12062818303,1543365803.42,2973119943.25,6179940,10,10,10,0,0,0,0,0,0,10737418239,10905190399,10913579007,10736268429.33,37423
1790802319,0,6219540,0,5588.72,39600.65,6385663,14278655,2252341247,10619977727,11785994239,207616,12062818303,1600642093.53,3049095417.66,6219540,10,10,10,0,0,0,0,0,0,10854858751,11039408127,11064573951,10539127858.06,39600
1790802320,0,6255550,0,5616.03,36013.99,6418431,14352383,2384461823,10603200511,11785994239,207616,12062818303,1647502247.00,3102093478.96,6255550,10,10,10,0,0,0,0,0,0,9705619455,10041163775,10066329599,9741048454.19,36010
1790802321,0,6301880,0,5652.55,46352.29,6455295,14458879,2535456767,10578034687,11785994239,207616,12062818303,1706423720.91,3165607590.34,6301880,10,10,10,0,0,0,0,0,0,9680453631,9789505535,9814671359,9662094476.26,46330
1790802322,0,6319770,0,5663.52,17879.52,6471679,14499839,2560622591,10569646079,11785994239,207616,12062818303,1729164995.39,3189816689.73,6319770,10,10,10,0,0,0,0,0,0,9814671359,9906946047,9923723263,9739941007.21,17890
1790802323,0,6361790,0,5696.07,42051.75,6504447,14598143,2596274175,10552868863,11785994239,207616,12062818303,1785297836.93,3252960147.96,6361790,10,10,10,0,0,0,0,0,0,10292822015,10401873919,10418651135,10227626441.36,42020
1790802324,0,6399660,0,5724.85,37851.36,6537215,14688255,2638217215,10536091647,11785994239,207616,12062818303,1835771377.69,3308644383.15,6399660,10,10,10,0,0,0,0,0,0,10301210623,10443816959,10460594175,10314833085.44,37870
1790802325,0,6449950,0,5764.68,50306.47,6578175,14811135,2738880511,10527703039,11777605631,207616,12062818303,1899088644.75,3372345789.57,6449950,10,10,10,0,0,0,0,0,0,9898557439,10494148607,10527703039,9956535081.51,50290
1790802326,0,6493170,0,5798.13,43209.91,6615039,14917631,2787115007,10519314431,11777605631,207616,12062818303,1953317611.97,3425834527.63,6493170,10,10,10,0,0,0,0,0,0,10133438463,10326376447,10351542271,10046194223.53,43220
1790802327,0,6524260,0,5820.69,31100.21,6643711,15007743,2814377983,10510925823,11777605631,207616,12062818303,1991722458.36,3462454702.58,6524260,10,10,10,0,0,0,0,0,0,10116661247,10183770111,10200547327,10012603655.16,31090
1790802328,0,6561630,0,5848.82,37371.36,6676479,15114239,2856321023,10519314431,11777605631,207616,12062818303,2039415539.55,3509628945.78,6561630,10,10,10,0,0,0,0,0,0,10368319487,10536091647,10561257471,10365935794.44,37370
1790802329,0,6594608,0,5872.98,32984.24,6705151,15204351,2883583999,10661920767,11777605631,207616,12062818303,2083222386.45,3554966191.21,6594608,10,10,10,0,0,0,0,0,0,10779361279,10997465087,11014242303,10799467179.49,32978
1790802330,0,6631440,0,5900.52,36803.96,6737919,15310847,2906652671,10779361279,11777605631,207616,12062818303,2132911348.53,3606916327.33,6631440,10,10,10,0,0,0,0,0,0,11114905599,11249123327,11265900543,11029502000.04,36832
1790802331,0,6672260,0,5931.56,40830.40,6770687,15441919,2936012799,10871635967,11777605631,207616,12062818303,2188752609.42,3665638014.35,6672260,10,10,10,0,0,0,0,0,0,11282677759,11391729663,11416895487,11260481445.69,40820
1790802332,0,6735150,0,5982.15,62874.93,6823935,15646719,2975858687,10963910655,11769217023,207616,12062818303,2269929221.43,3743229743.88,6735150,10,10,10,0,0,0,0,0,0,11140071423,11265900543,11299454975,10882291460.93,62890
1790802333,0,6790700,0,6026.14,55555.85,6873087,15843327,3040870399,10955522047,11769217023,207616,12062818303,2336057271.77,3798484292.10,6790700,10,10,10,0,0,0,0,0,0,10586423295,10687086591,10703863807,10353741129.27,55550
1790802334,0,6838650,0,6063.31,47939.97,6914047,16039935,3103784959,10947133439,11769217023,207616,12062818303,2388258216.68,3835850748.30,6838650,10,10,10,0,0,0,0,0,0,9957277695,10049552383,10066329599,9780978896.47,47950
1790802335,0,6886030,0,6099.91,47413.22,6955007,16244735,3152019455,10947133439,11760828415,207616,12062818303,2437919087.73,3868915743.89,6886030,10,10,10,0,0,0,0,0,0,9596567551,9755951103,9789505535,9605781387.98,47380
1790802336,0,6933510,0,6136.54,47482.63,6995967,16449535,3196059647,10930356223,11760828415,207616,12062818303,2488044233.43,3902627435.35,6933510,10,10,10,0,0,0,0,0,0,9755951103,9957277695,9982443519,9757700026.30,47480
1790802337,0,6978370,0,6170.78,44855.78,7032831,16654335,3240099839,10921967615,11760828415,207616,12062818303,2534447603.34,3932623191.72,6978370,10,10,10,0,0,0,0,0,0,9705619455,9906946047,9932111871,9706499081.77,44860
1790802338,0,7036630,0,6216.80,58237.11,7086079,16973823,3298820095,10913579007,11760828415,207616,12062818303,2588225332.85,3960547820.70,7036630,10,10,10,0,0,0,0,0,0,8690597887,9739173887,9764339711,9029709958.14,58260
1790802339,0,7075673,0,6245.77,39046.82,7122943,17186815,3355443199,10905190399,11760828415,207616,12062818303,2623506059.92,3977908425.82,7075673,10,10,10,0,0,0,0,0,0,8975810559,9118416895,9160359935,8982070271.08,39043
1790802340,0,7132018,0,6289.96,56344.84,7172095,17530879,3447717887,10896801791,11752439807,207616,12062818303,2671259468.45,3998253711.04,7132018,10,10,10,0,0,0,0,0,0,8522825727,9177137151,9210691583,8668020555.13,56345
1790802341,0,7178570,0,6325.44,46560.03,7208959,17809407,3607101439,10888413183,11752439807,207616,12062818303,2710388330.05,4014595574.26,7178570,10,10,10,0,0,0,0,0,0,8732540927,8808038399,8824815615,8705141406.47,46552
1790802342,0,7205155,0,6343.27,26572.52,7233535,17989631,3992977407,10888413183,11752439807,207616,12062818303,2733982155.54,4025906862.86,7205155,10,10,10,0,0,0,0,0,0,9110028287,9361686527,9370075135,9104865278.84,26585
1790802343,0,7256030,0,6382.44,50899.13,7274495,18366463,4550819839,10880024575,11752439807,207616,12062818303,2781341966.95,4051168285.51,7256030,10,10,10,0,0,0,0,0,0,9504292863,9554624511,9563013119,9488659549.09,50875
1790802344,0,7297817,0,6413.56,41788.90,7311359,18661375,4953473023,10880024575,11744051199,207616,12062818303,2820874213.17,4073013575.12,7297817,10,10,10,0,0,0,0,0,0,9705619455,9848225791,9873391615,9685381464.94,41787
1790802345,0,7337600,0,6442.86,39788.55,7344127,18989055,5309988863,10871635967,11744051199,207616,12062818303,2858685601.48,4094213034.54,7337600,10,10,10,0,0,0,0,0,0,9948889087,10234101759,10242490367,9794828990.54,39783
1790802346,0,7392860,0,6485.68,55215.52,7393279,19464191,5498732543,10863247359,11735662591,207616,12062818303,2907760791.19,4117898267.59,7392860,10,10,10,0,0,0,0,0,0,9428795391,9487515647,9504292863,9424121847.40,55260
1790802347,0,7428844,0,6511.54,35984.64,7426047,19857407,5570035711,10854858751,11727273983,207616,12062818303,2940448604.51,4134554537.36,7428844,10,10,10,0,0,0,0,0,0,9621733375,9890168831,9915334655,9656111888.96,35984
1790802348,0,7475030,0,6546.28,46182.25,7467007,20398079,5981077503,10846470143,11718885375,207616,12062818303,2983661222.80,4158038813.45,7475030,10,10,10,0,0,0,0,0,0,9932111871,10024386559,10041163775,9934247982.91,46186
1790802349,0,7517030,0,6577.31,42038.71,7507967,20955135,6178209791,10838081535,11710496767,207616,12062818303,3021371861.87,4176867843.65,7517030,10,10,10,0,0,0,0,0,0,9638510591,10125049855,10150215679,9732994679.56,42000
1790802350,0,7548920,0,6599.43,31866.52,7536639,21364735,6559891455,10838081535,11710496767,207616,12062818303,3050706885.27,4192305924.23,7548920,10,10,10,0,0,0,0,0,0,9906946047,10200547327,10217324543,9965484274.63,31890
1790802351,0,7561100,0,6604.31,12181.80,7548927,21528575,6622806015,10846470143,11710496767,207616,12062818303,3063054891.31,4200194943.00,7561100,10,10,10,0,0,0,0,0,0,10745806847,10871635967,10880024575,10716101671.35,12180
1790802352,0,7617364,0,6647.65,56296.07,7602175,22315007,7210008575,10963910655,11702108159,207616,12062818303,3122023775.41,4240185788.00,7617364,10,10,10,0,0,0,0,0,0,11190403071,11274289151,11291066367,11046622623.10,56264
1790802353,0,7647260,0,6667.92,29884.57,7626751,22708223,7746879487,10955522047,11702108159,207616,12062818303,3151220704.66,4257477534.14,7647260,10,10,10,0,0,0,0,0,0,10561257471,10762584063,10770972671,10590464676.82,29896
1790802354,0,7685120,0,6695.09,37872.17,7663615,23166975,8237613055,11031019519,11702108159,207616,12062818303,3191072437.83,4284580644.71,7685120,10,10,10,0,0,0,0,0,0,11223957503,11400118271,11416895487,11240638337.42,37860
1790802355,0,7732982,0,6730.93,47868.71,7708671,23756799,8430551039,11064573951,11693719551,207616,12062818303,3239498753.31,4315206464.44,7732982,10,10,10,0,0,0,0,0,0,10871635967,11433672703,11467227135,11015229931.05,47862
1790802356,0,7767490,0,6755.08,34484.80,7741439,24199167,8573157375,11089739775,11693719551,207616,12062818303,3274626725.69,4337627682.49,7767490,10,10,10,0,0,0,0,0,0,11148460031,11433672703,11458838527,11146539850.75,34508
1790802357,0,7834530,0,6807.46,67017.55,7806975,25067519,8707375103,11106516991,11685330943,207616,12062818303,3341018588.20,4377759895.50,7834530,10,10,10,0,0,0,0,0,0,11056185343,11131682815,11156848639,11033413101.18,67040
1790802358,0,7836820,0,6803.54,2291.71,7811071,25100287,8707375103,11106516991,11685330943,207616,12062818303,3341442634.19,4377540246.12,7836820,10,10,10,0,0,0,0,0,0,4752146431,9906946047,10351542271,4792185437.34,2290
1790802359,0,7837020,0,6797.81,199.86,7811071,25083903,8707375103,11106516991,11685330943,207616,12062818303,3341357412.79,4377516893.62,7837020,10,10,10,0,0,0,0,0,0,1961983,3172351,3862527,2033735.68,200
1790802360,0,7837220,0,6792.10,200.09,7806975,25083903,8707375103,11106516991,11685330943,207616,12062818303,3341272195.97,4377493540.36,7837220,10,10,10,0,0,0,0,0,0,1917951,3295231,4362239,2042400.00,200
1790802361,0,7837420,0,6786.39,199.98,7806975,25083903,8707375103,11106516991,11685330943,207616,12062818303,3341186983.94,4377470186.16,7837420,10,10,10,0,0,0,0,0,0,1963007,3905535,4280319,2060000.00,200
1790802362,0,7837620,0,6780.69,199.93,7806975,25083903,8707375103,11106516991,11685330943,207616,12062818303,3341101774.19,4377446832.96,7837620,10,10,10,0,0,0,0,0,0,1881087,3170303,3508223,1978542.08,200
1790802363,0,7837820,0,6775.00,200.16,7806975,25083903,8707375103,11106516991,11685330943,207616,12062818303,3341016568.71,4377423479.22,7837820,10,10,10,0,0,0,0,0,0,1845247,3137535,3321855,1975930.88,200
1790802364,0,7838020,0,6769.32,199.91,7806975,25083903,8707375103,11106516991,11685330943,207616,12062818303,3340931367.09,4377400125.27,7838020,10,10,10,0,0,0,0,0,0,1875967,3094527,3301375,1956320.00,200
1790802365,0,7838220,0,6763.65,199.93,7806975,25067519,8707375103,11106516991,11685330943,207616,12062818303,3340846170.62,4377376770.11,7838220,10,10,10,0,0,0,0,0,0,1905663,3186687,3465215,1988231.68,200
1790802366,0,7838420,0,6758.00,200.18,7806975,25067519,8707375103,11106516991,11685330943,207616,12062818303,3340760978.59,4377353414.29,7838420,10,10,10,0,0,0,0,0,0,1884159,3188735,3338239,1991617.28,200
1790802367,0,7838620,0,6752.35,200.00,7802879,25067519,8707375103,11106516991,11685330943,207616,12062818303,3340675792.58,4377330056.61,7838620,10,10,10,0,0,0,0,0,0,1956863,3311615,4157439,2057177.60,200
1790802368,0,7838820,0,6746.70,199.84,7802879,25067519,8707375103,11106516991,11685330943,207616,12062818303,3340590608.65,4377306700.06,7838820,10,10,10,0,0,0,0,0,0,1863679,3170303,3301375,1968089.60,200
1790802369,0,7839020,0,6741.08,200.06,7802879,25067519,8707375103,11106516991,11685330943,207616,12062818303,3340505428.94,4377283343.02,7839020,10,10,10,0,0,0,0,0,0,1819647,3190783,3274751,1963317.76,200
1790802370,0,7839220,0,6735.45,199.91,7802879,25067519,8707375103,11106516991,11685330943,207616,12062818303,3340420252.97,4377259985.85,7839220,10,10,10,0,0,0,0,0,0,1797119,3125247,3375103,1939652.48,200
1790802371,0,7839420,0,6729.84,200.05,7802879,25051135,8707375103,11106516991,11685330943,207616,12062818303,3340335082.23,4377236627.42,7839420,10,10,10,0,0,0,0,0,0,1925119,3098623,3864575,1974444.16,200
1790802372,0,7839620,0,6724.24,200.02,7802879,25051135,8707375103,11106516991,11685330943,207616,12062818303,3340249915.68,4377213268.51,7839620,10,10,10,0,0,0,0,0,0,1846271,3112959,3166207,1967989.76,200
1790802373,0,7839820,0,6718.65,200.07,7802879,25051135,8707375103,11106516991,11685330943,207616,12062818303,3340164752.17,4377189910.02,7839820,10,10,10,0,0,0,0,0,0,1802239,3053567,3102719,1916784.64,200
1790802374,0,7840020,0,6713.07,200.04,7798783,25051135,8707375103,11106516991,11685330943,207616,12062818303,3340079592.99,4377166550.94,7840020,10,10,10,0,0,0,0,0,0,1748991,3071999,3112959,1916567.04,200
1790802375,0,7840220,0,6707.50,199.87,7798783,25051135,8707375103,11106516991,11685330943,207616,12062818303,3339994438.73,4377143190.83,7840220,10,10,10,0,0,0,0,0,0,1768447,3098623,3168255,1939093.12,200
1790802376,0,7840420,0,6701.94,200.03,7798783,25034751,8707375103,11106516991,11685330943,207616,12062818303,3339909288.64,4377119830.28,7840420,10,10,10,0,0,0,0,0,0,1721343,3100671,3147775,1931781.12,200
1790802377,0,7840620,0,6696.39,200.08,7798783,25034751,8707375103,11106516991,11685330943,207616,12062818303,3339824143.20,4377096468.89,7840620,10,10,10,0,0,0,0,0,0,1800191,3127295,3184639,1944396.80,200
1790802378,0,7840820,0,6690.84,199.90,7798783,25034751,8707375103,11106516991,11685330943,207616,12062818303,3339739002.45,4377073106.65,7840820,10,10,10,0,0,0,0,0,0,1892351,3131391,3330047,1957624.96,200
1790802379,0,7841020,0,6685.31,200.06,7798783,25034751,8707375103,11106516991,11685330943,207616,12062818303,3339653871.66,4377049739.54,7841020,10,10,10,0,0,0,0,0,0,2014207,4268031,5386239,2177824.00,200
1790802380,0,7841220,0,6679.78,200.05,7798783,25034751,8707375103,11106516991,11685330943,207616,12062818303,3339568739.27,4377026376.38,7841220,10,10,10,0,0,0,0,0,0,1778687,3115007,3168255,1944850.56,200
1790802381,0,7841420,0,6674.27,199.89,7794687,25034751,8707375103,11106516991,11685330943,207616,12062818303,3339483611.50,4377003012.41,7841420,10,10,10,0,0,0,0,0,0,1862655,3108863,3143679,1955722.24,200
1790802382,0,7841620,0,6668.76,200.04,7794687,25018367,8707375103,11106516991,11685330943,207616,12062818303,3339398487.62,4376979648.20,7841620,10,10,10,0,0,0,0,0,0,1738751,3129343,3178495,1938163.20,200
1790802383,0,7841820,0,6663.27,200.07,7794687,25018367,8707375103,11106516991,11685330943,207616,12062818303,3339313368.74,4376956282.90,7841820,10,10,10,0,0,0,0,0,0,1881087,3121151,3211263,1963819.52,200
1790802384,0,7842020,0,6657.78,200.03,7794687,25018367,8707375103,11106516991,11685330943,207616,12062818303,3339228256.55,4376932915.23,7842020,10,10,10,0,0,0,0,0,0,1926143,3153919,6156287,2055586.56,200
1790802385,0,7842220,0,6652.30,199.83,7794687,25018367,8707375103,11106516991,11685330943,207616,12062818303,3339143146.14,4376909548.91,7842220,10,10,10,0,0,0,0,0,0,1874943,3110911,3381247,1955691.52,200
1790802386,0,7842420,0,6646.83,200.07,7794687,25018367,8707375103,11106516991,11685330943,207616,12062818303,3339058039.39,4376886182.53,7842420,10,10,10,0,0,0,0,0,0,1799167,3078143,3987455,1928817.92,200
1790802387,0,7842620,0,6641.37,200.07,7790591,25018367,8707375103,11106516991,11685330943,207616,12062818303,3338972939.20,4376862813.87,7842620,10,10,10,0,0,0,0,0,0,1912831,3375103,4673535,2015635.20,200
1790802388,0,7842820,0,6635.92,200.02,7790591,25001983,8707375103,11106516991,11685330943,207616,12062818303,3338887841.44,4376839446.08,7842820,10,10,10,0,0,0,0,0,0,1865727,3102719,3151871,1940778.24,200
1790802389,0,7843020,0,6630.48,199.83,7790591,25001983,8707375103,11106516991,11685330943,207616,12062818303,3338802747.99,4376816077.72,7843020,10,10,10,0,0,0,0,0,0,1841151,3108863,3207167,1939778.56,200
1790802390,0,7843220,0,6625.05,200.01,7790591,25001983,8707375103,11106516991,11685330943,207616,12062818303,3338717659.68,4376792708.17,7843220,10,10,10,0,0,0,0,0,0,1886207,3149823,3305471,1971052.80,200
1790802391,0,7843420,0,6619.62,200.03,7790591,25001983,8707375103,11106516991,11685330943,207616,12062818303,3338632579.28,4376769335.31,7843420,10,10,10,0,0,0,0,0,0,1927167,3256319,7208959,2111192.32,200
1790802392,0,7843620,0,6614.21,200.01,7790591,25001983,8707375103,11106516991,11685330943,207616,12062818303,3338547502.91,4376745962.09,7843620,10,10,10,0,0,0,0,0,0,1943551,3395583,5181439,2098965.76,200
1790802393,0,7843820,0,6608.81,200.07,7790591,24985599,8707375103,11106516991,11685330943,207616,12062818303,3338462428.04,4376722590.46,7843820,10,10,10,0,0,0,0,0,0,1917951,3129343,3932159,1987532.16,200
1790802394,0,7844020,0,6603.42,200.07,7786495,24985599,8707375103,11106516991,11685330943,207616,12062818303,3338377356.07,4376699219.33,7844020,10,10,10,0,0,0,0,0,0,1825791,3133439,3174399,1931353.60,200
1790802395,0,7844220,0,6598.03,199.87,7786495,24985599,8707375103,11106516991,11685330943,207616,12062818303,3338292288.09,4376675847.88,7844220,10,10,10,0,0,0,0,0,0,1737727,3112959,3164159,1917383.68,200
1790802396,0,7844420,0,6592.65,200.07,7786495,24985599,8707375103,11106516991,11685330943,207616,12062818303,3338207224.90,4376652475.50,7844420,10,10,10,0,0,0,0,0,0,1747967,3100671,3143679,1935528.96,200
1790802397,0,7844620,0,6587.28,199.89,7786495,24985599,8698986495,11106516991,11685330943,207616,12062818303,3338122172.85,4376629097.35,7844620,10,10,10,0,0,0,0,0,0,1959935,3209215,8224767,2202176.00,200
1790802398,0,7844820,0,6581.92,200.08,7786495,24985599,8698986495,11106516991,11685330943,207616,12062818303,3338037118.91,4376605723.36,7844820,10,10,10,0,0,0,0,0,0,1825791,3115007,3307519,1958090.24,200
1790802399,0,7845020,0,6576.57,199.91,7786495,24985599,8698986495,11106516991,11685330943,207616,12062818303,3337952068.97,4376582349.04,7845020,10,10,10,0,0,0,0,0,0,1863679,3239935,3667967,1944721.28,200
1790802400,0,7845220,0,6571.23,200.06,7786495,24969215,8698986495,11106516991,11685330943,207616,12062818303,3337867022.30,4376558974.95,7845220,10,10,10,0,0,0,0,0,0,1756159,3102719,3194879,1902597.76,200
1790802401,0,7845420,0,6565.90,200.07,7782399,24969215,8698986495,11106516991,11685330943,207616,12062818303,3337781979.33,4376535600.76,7845420,10,10,10,0,0,0,0,0,0,1761279,3055615,3254271,1878107.52,200
1790802402,0,7845620,0,6560.57,199.87,7782399,24969215,8698986495,11106516991,11685330943,207616,12062818303,3337696944.98,4376512222.71,7845620,10,10,10,0,0,0,0,0,0,1906687,3272703,4935679,2046017.28,200
1790802403,0,7845820,0,6555.26,200.02,7782399,24969215,8698986495,11106516991,11685330943,207616,12062818303,3337611911.56,4376488846.68,7845820,10,10,10,0,0,0,0,0,0,1780735,3137535,3278847,1912510.08,200
1790802404,0,7846020,0,6549.95,199.98,7782399,24969215,8698986495,11106516991,11685330943,207616,12062818303,3337526885.06,4376465468.10,7846020,10,10,10,0,0,0,0,0,0,1893375,3248127,4179967,2013509.12,200
1790802405,0,7846220,0,6544.66,200.07,7782399,24952831,8698986495,11106516991,11685330943,207616,12062818303,3337441861.84,4376442089.73,7846220,10,10,10,0,0,0,0,0,0,1886207,3184639,3414015,1972416.00,200
1790802406,0,7846420,0,6539.37,200.10,7782399,24952831,8698986495,11106516991,11685330943,207616,12062818303,3337356842.77,4376418710.91,7846420,10,10,10,0,0,0,0,0,0,1879039,3215359,3385343,1965376.00,200
1790802407,0,7879400,0,6561.39,32966.81,7815167,25509887,8682209279,11098128383,11685330943,207616,12062818303,3324463173.14,4371784170.97,7879400,10,10,10,0,0,0,0,0,0,314572799,403963903,414449663,256872290.98,32980
1790802408,0,7921949,0,6591.34,42569.56,7856127,26230783,8648654847,11098128383,11676942335,207616,12062818303,3310634087.89,4364102328.97,7921949,10,10,10,0,0,0,0,0,0,689438719,975699967,991428607,749706820.22,42549
1790802409,0,7963351,0,6620.27,41391.02,7897087,27213823,8615100415,11098128383,11676942335,207616,12062818303,3299894776.76,4355291761.00,7963351,10,10,10,0,0,0,0,0,0,1197473791,1432354815,1449132031,1245011556.84,41402
1790802410,0,7996160,0,6642.03,32805.90,7933951,28180479,8606711807,11098128383,11676942335,207616,12062818303,3292692885.68,4347801807.12,7996160,10,10,10,0,0,0,0,0,0,1526726655,1826619391,1836056575,1544660744.50,32809
1790802411,0,8026720,0,6661.88,30556.82,7962623,29065215,8581545983,11098128383,11676942335,207616,12062818303,3289368675.40,4339861967.77,8026720,10,10,10,0,0,0,0,0,0,2512388095,2541748223,2545942527,2419574262.89,30560
1790802412,0,8052470,0,6677.71,25759.60,7991295,29835263,8564768767,11089739775,11668553727,207616,12062818303,3288514870.74,4332958336.42,8052470,10,10,10,0,0,0,0,0,0,3017801727,3282042879,3292528639,3022369202.89,25750
1790802413,0,8082580,0,6697.12,30107.37,8024063,30900223,8539602943,11089739775,11668553727,207616,12062818303,3290380694.56,4324997987.19,8082580,10,10,10,0,0,0,0,0,0,3856662527,3925868543,3934257151,3789367420.74,30110
1790802414,0,8114270,0,6717.81,31680.84,8056831,32735231,8506048511,11089739775,11668553727,207616,12062818303,3294110232.14,4316966847.20,8114270,10,10,10,0,0,0,0,0,0,4290772991,4466933759,4479516671,4245334147.19,31690
1790802415,0,8143470,0,6736.41,29210.77,8085503,34570239,8413773823,11089739775,11668553727,207616,12062818303,3299380146.53,4310125075.95,8143470,10,10,10,0,0,0,0,0,0,4815060991,5028970495,5045747711,4763815359.19,29200
1790802416,0,8162130,0,6746.26,18645.15,8105983,35782655,8376025087,11089739775,11668553727,207616,12062818303,3304625654.94,4306604273.66,8162130,10,10,10,0,0,0,0,0,0,5565841407,5934940159,5943328767,5593834678.41,18660
1790802417,0,8181960,0,6757.07,19832.34,8130559,37257215,8359247871,11089739775,11668553727,207616,12062818303,3311973829.65,4303980361.44,8181960,10,10,10,0,0,0,0,0,0,6434062335,6597640191,6606028799,6336520338.24,19830
1790802418,0,8199260,0,6765.77,17312.06,8151039,38764543,8346664959,11089739775,11668553727,207616,12062818303,3319996309.68,4302989701.02,8199260,10,10,10,0,0,0,0,0,0,7293894655,7381975039,7394557951,7114193459.02,17300
1790802419,0,8229660,0,6785.26,30377.36,8183807,42434559,8317304831,11081351167,11668553727,207616,12062818303,3336875588.78,4303984597.13,8229660,10,10,10,0,0,0,0,0,0,7897874431,8103395327,8115978239,7889428152.32,30400
1790802420,0,8283676,0,6824.17,54035.99,8245247,55279615,8308916223,11081351167,11660165119,207616,12062818303,3368650158.95,4307830453.02,8283676,10,10,10,0,0,0,0,0,0,8183087103,8426356735,8443133951,8209695574.14,54016
1790802421,0,8305710,0,6836.69,22035.13,8269823,77266943,8367636479,11081351167,11660165119,207616,12062818303,3383211785.87,4311378590.55,8305710,10,10,10,0,0,0,0,0,0,8849981439,9160359935,9168748543,8857651263.76,22034
1790802422,0,8344130,0,6862.66,38424.39,8318975,123863039,8522825727,11081351167,11660165119,207616,12062818303,3410987992.91,4320796670.23,8344130,10,10,10,0,0,0,0,0,0,9403629567,9697230847,9714008063,9415702220.32,38420
1790802423,0,8376330,0,6883.48,32194.74,8355839,153747455,8598323199,11081351167,11660165119,207616,12062818303,3436323652.63,4331740533.07,8376330,10,10,10,0,0,0,0,0,0,9999220735,10200547327,10208935935,10001666458.11,32200
1790802424,0,8404140,0,6900.66,27795.36,8388607,188481535,8623489023,11081351167,11660165119,207616,12062818303,3459355619.88,4343010383.38,8404140,10,10,10,0,0,0,0,0,0,10351542271,10779361279,10787749887,10396549370.97,27810
1790802425,0,8455260,0,6936.95,51153.84,8454143,348913663,8740929535,11089739775,11660165119,207616,12062818303,3505323582.61,4369798674.10,8455260,10,10,10,0,0,0,0,0,0,11056185343,11232346111,11240734719,11062467446.51,51120
1790802426,0,8495400,0,6964.17,40140.00,8503295,397934591,8841592831,11123294207,11693719551,207616,12062818303,3543241247.29,4394073604.61,8495400,10,10,10,0,0,0,0,0,0,11584667647,11760828415,11777605631,11530379101.55,40140
1790802427,0,8517760,0,6976.77,22353.41,8536063,513802239,8908701695,11148460031,11785994239,207616,12490637311,3566212973.49,4411091051.41,8517760,10,10,10,0,0,0,0,0,0,12322865151,12473860095,12490637311,12294030625.06,22360
1790802428,0,8544970,0,6993.33,27198.45,8568831,581959679,8967421951,11165237247,11853103103,207616,13195280383,3595593809.78,4434658035.06,8544970,10,10,10,0,0,0,0,0,0,12616466431,13178503167,13195280383,12792907745.14,27210
1790802429,0,8566570,0,7005.28,21604.73,8601599,614465535,9059696639,11182014463,11911823359,207616,13698596863,3620745962.06,4457231929.50,8566570,10,10,10,0,0,0,0,0,0,13665042431,13698596863,13698596863,13570949047.18,21600
1790802430,0,8586560,0,7015.88,19986.12,8626175,662700031,9126805503,11198791679,12180258815,207616,14403239935,3645366477.29,4481125446.30,8586560,10,10,10,0,0,0,0,0,0,14218690559,14378074111,14394851327,14196310307.78,19990
1790802431,0,8623101,0,7040.00,36576.51,8683519,733478911,9202302975,11215568895,12876513279,207616,15275655167,3693318947.21,4531681279.19,8623101,10,10,10,0,0,0,0,0,0,15082717183,15258877951,15267266559,14961394808.70,36541
1790802432,0,8642577,0,7050.14,19475.99,8708095,805306367,9311354879,11232346111,13665042431,207616,15275655167,3718445845.77,4557355001.55,8642577,10,10,10,0,0,0,0,0,0,14847836159,15091105791,15091105791,14843511780.03,19476
1790802433,0,8660950,0,7059.37,18364.37,8732671,834666495,9336520703,11240734719,14193524735,207616,15812526079,3743077678.55,4583778571.79,8660950,10,10,10,0,0,0,0,0,0,15091105791,15795748863,15812526079,15329781618.99,18373
1790802434,0,8670520,0,7061.41,9571.36,8749055,843579391,9344909311,11249123327,14319353855,207616,16332619775,3756820435.04,4599867327.11,8670520,10,10,10,0,0,0,0,0,0,16307453951,16324231167,16332619775,16194158657.06,9570
1790802435,0,8693640,0,7074.48,23126.73,8781823,864550911,9361686527,11265900543,14822670335,207616,17297309695,3792218810.06,4644619846.88,8693640,10,10,10,0,0,0,0,0,0,17079205887,17280532479,17297309695,17067405598.29,23120
1790802436,0,8733780,0,7101.36,40115.19,8847359,908591103,9403629567,11349786623,15233712127,207616,17465081855,3851186257.80,4714599336.62,8733780,10,10,10,0,0,0,0,0,0,16525557759,17431527423,17448304639,16622530611.84,40140
1790802437,0,8777477,0,7131.09,43697.57,8904703,975175679,9428795391,11408506879,16290676735,207616,17465081855,3914113683.99,4786291808.35,8777477,10,10,10,0,0,0,0,0,0,16374562815,16869490687,16886267903,16491505640.14,43697
1790802438,0,8822290,0,7161.69,44826.87,8970239,1076887551,9462349823,11593056255,16450060287,207616,17465081855,3976676171.21,4853868537.17,8822290,10,10,10,0,0,0,0,0,0,16450060287,16668164095,16684941311,16230727287.70,44813
1790802439,0,8873410,0,7197.34,51103.71,9052159,1286602751,9504292863,11777605631,16450060287,207616,17465081855,4044891580.16,4922267788.38,8873410,10,10,10,0,0,0,0,0,0,15971909631,16248733695,16273899519,15817507390.34,51120
1790802440,0,8899870,0,7212.95,26473.41,9101311,1323302911,9521070079,11836325887,16441671679,207616,17465081855,4078301386.00,4952885839.16,8899870,10,10,10,0,0,0,0,0,0,15292432383,15443427327,15460204543,15282341643.11,26460
1790802441,0,8929970,0,7231.48,30088.37,9150463,1358954495,9537847295,11928600575,16441671679,207616,17465081855,4117745530.69,4990841476.95,8929970,10,10,10,0,0,0,0,0,0,15703474175,15997075455,16013852671,15780461810.36,30100
1790802442,0,8974350,0,7261.54,44372.51,9224191,1411383295,9563013119,12599689215,16466837503,207616,17465081855,4177688607.36,5050599227.95,8974350,10,10,10,0,0,0,0,0,0,16307453951,16475226111,16492003327,16239200018.44,44380
1790802443,0,9023110,0,7295.09,48766.84,9297919,1441791999,9588178943,14185136127,16466837503,207616,17465081855,4240780736.66,5109260614.51,9023110,10,10,10,0,0,0,0,0,0,16114515967,16290676735,16307453951,15852980296.91,48760
1790802444,0,9075010,0,7331.13,51921.30,9379839,1476395007,9613344767,14805893119,16466837503,207616,17465081855,4302873931.47,5160276899.53,9075010,10,10,10,0,0,0,0,0,0,15409872895,15627976703,15653142527,15098128786.34,51900
1790802445,0,9127130,0,7367.28,52097.35,9461759,1506803711,9646899199,14797504511,16466837503,207616,17465081855,4357378210.14,5195609335.83,9127130,10,10,10,0,0,0,0,0,0,13933477887,14143193087,14168358911,13847533122.56,52120
1790802446,0,9175770,0,7400.57,48639.48,9543679,1527775231,9663676415,14780727295,16458448895,207616,17465081855,4402136092.98,5218181295.20,9175770,10,10,10,0,0,0,0,0,0,13010731007,13279166463,13295943679,12800800056.59,48640
1790802447,0,9226260,0,7435.30,50513.48,9633791,1566572543,9688842239,14772338687,16458448895,207616,17465081855,4440286728.17,5229292181.09,9226260,10,10,10,0,0,0,0,0,0,11500781567,11693719551,11718885375,11373569631.91,50490
1790802448,0,9278290,0,7471.20,51997.74,9723903,1615855615,9714008063,14755561471,16458448895,207616,17465081855,4477046850.08,5237541687.43,9278290,10,10,10,0,0,0,0,0,0,10980687871,11190403071,11207180287,10995563906.65,52030
1790802449,0,9333380,0,7509.52,55113.75,9830399,1651507199,9755951103,14747172863,16458448895,207616,17465081855,4515201779.25,5245512424.52,9333380,10,10,10,0,0,0,0,0,0,10905190399,11341398015,11358175231,10941277250.58,55090
1790802450,0,9381400,0,7542.09,48026.11,9912319,1732247551,9789505535,14722007039,16450060287,207616,17465081855,4545906877.12,5249593868.69,9381400,10,10,10,0,0,0,0,0,0,10544480255,10921967615,10938744831,10513885769.31,48020
1790802451,0,9433380,0,7577.78,51972.40,10010623,1805647871,9797894143,14394851327,16450060287,207616,17465081855,4575648156.24,5250441367.71,9433380,10,10,10,0,0,0,0,0,0,9814671359,10661920767,10687086591,9943382591.39,51980
1790802452,0,9479070,0,7608.37,45689.74,10092543,1900019711,9814671359,14369685503,16450060287,207616,17465081855,4599824648.00,5249315227.72,9479070,10,10,10,0,0,0,0,0,0,9512681471,9940500479,9948889087,9591420923.43,45690
1790802453,0,9511060,0,7627.93,31989.20,10158079,1967128575,9823059967,14361296895,16450060287,207616,17465081855,4617560033.42,5249380017.02,9511060,10,10,10,0,0,0,0,0,0,9965666303,10125049855,10141827071,9872794789.75,31990
1790802454,0,9548005,0,7651.42,36954.01,10223615,2011168767,9839837183,14352908287,16450060287,207616,17465081855,4638998272.02,5250516936.80,9548005,10,10,10,0,0,0,0,0,0,10284433407,10343153663,10351542271,10158023136.50,36945
1790802455,0,9574430,0,7666.45,26405.31,10272767,2054160383,9865003007,14336131071,16450060287,207616,17465081855,4654513565.31,5251560921.52,9574430,10,10,10,0,0,0,0,0,0,10225713151,10510925823,10519314431,10260572143.49,26425
1790802456,0,9610556,0,7689.22,36131.99,10338303,2139095039,9881780223,14319353855,16450060287,207616,17465081855,4678844822.86,5256636356.53,9610556,10,10,10,0,0,0,0,0,0,11148460031,11324620799,11333009407,11127328523.32,36126
1790802457,0,9646260,0,7711.62,35706.56,10412031,2235564031,9898557439,14310965247,16441671679,207616,17465081855,4702981088.95,5261834195.70,9646260,10,10,10,0,0,0,0,0,0,11198791679,11517558783,11534335999,11199814411.64,35704
1790802458,0,9713880,0,7759.47,67629.73,10551295,2371878911,9932111871,14227079167,16441671679,207616,17465081855,4747725137.81,5270694525.72,9713880,10,10,10,0,0,0,0,0,0,11064573951,11534335999,11551113215,11130640380.73,67620
1790802459,0,9756780,0,7787.52,42908.03,10641407,2480930815,9948889087,14218690559,16441671679,207616,17465081855,4774647186.49,5274681120.03,9756780,10,10,10,0,0,0,0,0,0,10880024575,11114905599,11131682815,10870627379.65,42900
1790802460,0,9810470,0,7824.13,53658.46,10747903,2524971007,9982443519,14193524735,16441671679,207616,17465081855,4809527628.31,5281214609.56,9810470,10,10,10,0,0,0,0,0,0,11173625855,11341398015,11366563839,11148153017.38,53690
1790802461,0,9856060,0,7854.23,45609.63,10838015,2556428287,10015997951,14185136127,16441671679,207616,17465081855,4838824525.06,5286489607.39,9856060,10,10,10,0,0,0,0,0,0,11089739775,11341398015,11358175231,11143196681.88,45590
1790802462,0,9911470,0,7892.09,55417.53,10952703,2589982719,10083106815,14143193087,16441671679,207616,17465081855,4875464296.40,5294301282.08,9911470,10,10,10,0,0,0,0,0,0,11341398015,11618222079,11643387903,11392767756.13,55410
1790802463,0,9959150,0,7923.75,47653.45,11051007,2619342847,10125049855,14126415871,16441671679,207616,17465081855,4906384057.61,5300407896.69,9959150,10,10,10,0,0,0,0,0,0,11416895487,11534335999,11551113215,11333822934.08,47680
1790802464,0,10018490,0,7964.62,59364.00,11173887,2678063103,10175381503,14101250047,16433283071,207616,17465081855,4942350917.57,5305331868.77,10018490,10,10,10,0,0,0,0,0,0,10603200511,11618222079,11634999295,10978740425.69,59340
1790802465,0,10060020,0,7991.29,41545.53,11255807,2745171967,10200547327,14076084223,16433283071,207616,17465081855,4966516281.07,5307664972.02,10060020,10,10,10,0,0,0,0,0,0,10754195455,11072962559,11098128383,10796048004.88,41530
1790802466,0,10107210,0,8022.40,47157.51,11345919,2776629247,10200547327,14067695615,16433283071,207616,17465081855,4989895280.16,5306422202.81,10107210,10,10,10,0,0,0,0,0,0,9772728319,11156848639,11182014463,9973857951.25,47190
1790802467,0,10145580,0,8046.47,38362.73,11403263,2793406463,10192158719,14059307007,16433283071,207616,17465081855,5006467120.05,5303258844.68,10145580,10,10,10,0,0,0,0,0,0,9168748543,10041163775,10057940991,9371728153.07,38370
1790802468,0,10175980,0,8064.18,30420.18,11460607,2810183679,10183770111,14042529791,16433283071,207616,17465081855,5020698059.92,5301714829.99,10175980,10,10,10,0,0,0,0,0,0,9688842239,9982443519,9990832127,9770077630.25,30400
1790802469,0,10206430,0,8081.91,30439.35,11509759,2831155199,10192158719,14025752575,16433283071,207616,17465081855,5036475473.64,5301660967.48,10206430,10,10,10,0,0,0,0,0,0,10301210623,10678697983,10695475199,10309074702.95,30450
1790802470,0,10245490,0,8106.42,39083.81,11583487,2862612479,10234101759,14017363967,16433283071,207616,17465081855,5059598060.21,5304744176.34,10245490,10,10,10,0,0,0,0,0,0,11207180287,11299454975,11316232191,11101560712.04,39060
1790802471,0,10282500,0,8129.27,37008.12,11640831,2877292543,10276044799,14000586751,16433283071,207616,17465081855,5081589100.71,5307822191.02,10282500,10,10,10,0,0,0,0,0,0,11198791679,11341398015,11349786623,11169375794.16,37010
1790802472,0,10331330,0,8161.42,48808.77,11722751,2898264063,10301210623,13983809535,16433283071,207616,17465081855,5109955433.82,5311282533.55,10331330,10,10,10,0,0,0,0,0,0,10997465087,11576279039,11593056255,11083267337.03,48830
1790802473,0,10389690,0,8201.05,58360.98,11812863,2925527039,10334765055,13967032319,16424894463,207616,17465081855,5143632196.53,5315269617.61,10389690,10,10,10,0,0,0,0,0,0,11089739775,11291066367,11316232191,11105348250.20,58360
1790802474,0,10436390,0,8231.41,46681.76,11886591,2944401407,10368319487,13950255103,16424894463,207616,17465081855,5170663837.22,5318686553.38,10436390,10,10,10,0,0,0,0,0,0,11240734719,11450449919,11467227135,11184590323.50,46700
1790802475,0,10484090,0,8262.52,47724.04,11952127,2965372927,10418651135,13933477887,16424894463,207616,17465081855,5198910198.67,5323002170.05,10484090,10,10,10,0,0,0,0,0,0,11416895487,11517558783,11525947391,11378994983.26,47700
1790802476,0,10584846,0,8335.36,100771.80,12099583,3026190335,10502537215,13891534847,16424894463,207616,17465081855,5254597263.87,5328131947.96,10584846,10,10,10,0,0,0,0,0,0,11022630911,11467227135,11500781567,11049073060.59,100756
1790802477,0,10596600,0,8338.04,11752.11,12115967,3040870399,10502537215,13891534847,16424894463,207616,17465081855,5258740470.17,5327272342.33,10596600,10,10,10,0,0,0,0,0,0,9990832127,10032775167,10041163775,8989827812.59,11754
1790802478,0,10596800,0,8331.65,200.02,12115967,3038773247,10502537215,13891534847,16424894463,207616,17465081855,5258641255.60,5327271019.85,10596800,10,10,10,0,0,0,0,0,0,1799167,3178495,3229695,1955747.84,200
1790802479,0,10597000,0,8325.26,199.91,12115967,3038773247,10502537215,13891534847,16424894463,207616,17465081855,5258542048.06,5327269692.34,10597000,10,10,10,0,0,0,0,0,0,1957887,3844095,4947967,2129747.20,200
1790802480,0,10597200,0,8318.88,200.05,12115967,3038773247,10502537215,13891534847,16424894463,207616,17465081855,5258442841.06,5327268366.18,10597200,10,10,10,0,0,0,0,0,0,1874943,3141631,3735551,1960232.96,200
1790802481,0,10597400,0,8312.51,200.05,12115967,3038773247,10502537215,13891534847,16424894463,207616,17465081855,5258343638.70,5327267037.35,10597400,10,10,10,0,0,0,0,0,0,1942527,3139583,4079615,2007228.80,200
1790802482,0,10597600,0,8306.15,199.91,12115967,3038773247,10502537215,13891534847,16424894463,207616,17465081855,5258244440.68,5327265706.13,10597600,10,10,10,0,0,0,0,0,0,1950719,3178495,3983359,2039050.24,200
1790802483,0,10597800,0,8299.80,200.07,12107775,3038773247,10502537215,13891534847,16424894463,207616,17465081855,5258145243.86,5327264375.63,10597800,10,10,10,0,0,0,0,0,0,1752063,3082239,3127295,1903963.52,200
1790802484,0,10598000,0,8293.46,199.98,12107775,3038773247,10502537215,13891534847,16424894463,207616,17465081855,5258046053.36,5327263040.78,10598000,10,10,10,0,0,0,0,0,0,1935359,4073471,4886527,2040912.00,200
1790802485,0,10598200,0,8287.13,199.94,12107775,3038773247,10502537215,13891534847,16424894463,207616,17465081855,5257946867.33,5327261703.43,10598200,10,10,10,0,0,0,0,0,0,1954815,3233791,5455871,2078837.76,200
1790802486,0,10598400,0,8280.82,200.06,12107775,3038773247,10494148607,13891534847,16424894463,207616,17465081855,5257847682.71,5327260366.57,10598400,10,10,10,0,0,0,0,0,0,1853439,3180543,3229695,1955668.48,200
1790802487,0,10598600,0,8274.51,200.08,12107775,3038773247,10494148607,13891534847,16424894463,207616,17465081855,5257748505.33,5327259024.48,10598600,10,10,10,0,0,0,0,0,0,1905663,3213311,7348223,2140470.40,200
1790802488,0,10598800,0,8268.21,199.84,12107775,3036676095,10494148607,13891534847,16424894463,207616,17465081855,5257649328.45,5327257683.78,10598800,10,10,10,0,0,0,0,0,0,1916927,3133439,3256319,1969158.40,200
1790802489,0,10599000,0,8261.92,199.99,12107775,3036676095,10494148607,13891534847,16424894463,207616,17465081855,5257550154.93,5327256341.67,10599000,10,10,10,0,0,0,0,0,0,1832959,3139583,3311615,1948444.16,200
1790802490,0,10599200,0,8255.64,200.01,12107775,3036676095,10494148607,13891534847,16424894463,207616,17465081855,5257450990.51,5327254992.48,10599200,10,10,10,0,0,0,0,0,0,2021375,4607999,6025215,2232532.48,200
1790802491,0,10599400,0,8249.37,200.09,12107775,3036676095,10494148607,13891534847,16424894463,207616,17465081855,5257351825.53,5327253645.73,10599400,10,10,10,0,0,0,0,0,0,1964031,3141631,3903487,2004876.80,200
1790802492,0,10599600,0,8243.11,199.91,12099583,3036676095,10494148607,13891534847,16424894463,207616,17465081855,5257252669.40,5327252292.16,10599600,10,10,10,0,0,0,0,0,0,1952767,3229695,9830399,2275304.96,200
1790802493,0,10599800,0,8236.86,200.12,12099583,3034578943,10494148607,13891534847,16424894463,207616,17465081855,5257153511.10,5327250942.62,10599800,10,10,10,0,0,0,0,0,0,1883135,3127295,4018175,1961514.24,200
1790802494,0,10600000,0,8230.62,200.05,12099583,3034578943,10494148607,13891534847,16424894463,207616,17465081855,5257054356.52,5327249591.30,10600000,10,10,10,0,0,0,0,0,0,1864703,3155967,3336191,1961059.84,200
1790802495,0,10600200,0,8224.39,199.94,12099583,3034578943,10494148607,13891534847,16424894463,207616,17465081855,5256955207.20,5327248236.70,10600200,10,10,10,0,0,0,0,0,0,1891327,3348479,4915199,2040924.16,200
1790802496,0,10600400,0,8218.17,199.99,12099583,3034578943,10494148607,13891534847,16424894463,207616,17465081855,5256856060.15,5327246881.74,10600400,10,10,10,0,0,0,0,0,0,1868799,3229695,3622911,1963490.56,200
1790802497,0,10600600,0,8211.96,199.91,12099583,3034578943,10494148607,13891534847,16424894463,207616,17465081855,5256756916.73,5327245525.11,10600600,10,10,10,0,0,0,0,0,0,1888255,3051519,4251647,1957399.04,200
1790802498,0,10600800,0,8205.76,200.18,12099583,3034578943,10494148607,13891534847,16424894463,207616,17465081855,5256657777.67,5327244166.06,10600800,10,10,10,0,0,0,0,0,0,1928191,3125247,4038655,1990371.84,200
1790802499,0,10601000,0,8199.57,199.96,12099583,3034578943,10494148607,13891534847,16424894463,207616,17465081855,5256558640.78,5327242806.79,10601000,10,10,10,0,0,0,0,0,0,1744895,3049471,3190783,1906608.64,200
1790802500,0,10601200,0,8193.38,200.04,12099583,3034578943,10494148607,13891534847,16424894463,207616,17465081855,5256459510.36,5327241443.01,10601200,10,10,10,0,0,0,0,0,0,1876991,3237887,6782975,2051694.08,200
1790802501,0,10601400,0,8187.21,199.99,12091391,3034578943,10494148607,13891534847,16424894463,207616,17465081855,5256360382.37,5327240078.75,10601400,10,10,10,0,0,0,0,0,0,1914879,3139583,4378623,1981931.52,200
1790802502,0,10601600,0,8181.04,199.85,12091391,3034578943,10494148607,13891534847,16424894463,207616,17465081855,5256261258.43,5327238712.37,10601600,10,10,10,0,0,0,0,0,0,1941503,3264511,3583999,1998782.72,200
1790802503,0,10601800,0,8174.89,200.07,12091391,3034578943,10494148607,13891534847,16424894463,207616,17465081855,5256162137.89,5327237344.54,10601800,10,10,10,0,0,0,0,0,0,1902591,3121151,4710399,1980830.72,200
1790802504,0,10602000,0,8168.75,200.00,12091391,3034578943,10494148607,13891534847,16424894463,207616,17465081855,5256063020.32,5327235975.68,10602000,10,10,10,0,0,0,0,0,0,1871871,3090431,3180543,1939706.88,200
1790802505,0,10602200,0,8162.61,199.94,12091391,3034578943,10494148607,13891534847,16424894463,207616,17465081855,5255963906.12,5327234605.39,10602200,10,10,10,0,0,0,0,0,0,1805311,3086335,3209215,1919929.60,200
1790802506,0,10602400,0,8156.49,200.08,12091391,3032481791,10494148607,13891534847,16424894463,207616,17465081855,5255864795.53,5327233233.43,10602400,10,10,10,0,0,0,0,0,0,1741823,3078143,3160063,1913497.60,200
1790802507,0,10602600,0,8150.37,199.89,12091391,3032481791,10494148607,13891534847,16424894463,207616,17465081855,5255765693.01,5327231855.41,10602600,10,10,10,0,0,0,0,0,0,1954815,4003839,7311359,2142904.96,200
1790802508,0,10602800,0,8144.26,200.17,12091391,3032481791,10494148607,13891534847,16424894463,207616,17465081855,5255666593.99,5327230475.84,10602800,10,10,10,0,0,0,0,0,0,1960959,3817471,6655999,2130232.32,200
1790802509,0,10603000,0,8138.17,200.02,12091391,3032481791,10494148607,13891534847,16424894463,207616,17465081855,5255567496.78,5327229096.37,10603000,10,10,10,0,0,0,0,0,0,1941503,3184639,4345855,2027932.16,200
1790802510,0,10603200,0,8132.08,199.87,12083199,3032481791,10494148607,13891534847,16424894463,207616,17465081855,5255468401.99,5327227716.42,10603200,10,10,10,0,0,0,0,0,0,1892351,3129343,3194879,1957832.96,200
1790802511,0,10603400,0,8126.00,200.08,12083199,3032481791,10494148607,13891534847,16424894463,207616,17465081855,5255369312.70,5327226332.93,10603400,10,10,10,0,0,0,0,0,0,1961983,3362815,4718591,2051521.92,200
1790802512,0,10603600,0,8119.93,199.88,12083199,3030384639,10494148607,13891534847,16424894463,207616,17465081855,5255270227.52,5327224947.29,10603600,10,10,10,0,0,0,0,0,0,1940479,3155967,6356991,2071372.80,200
1790802513,0,10603800,0,8113.87,200.07,12083199,3030384639,10494148607,13891534847,16424894463,207616,17465081855,5255171144.23,5327223561.68,10603800,10,10,10,0,0,0,0,0,0,1865727,3203071,4147199,1973116.80,200
1790802514,0,10604000,0,8107.82,200.07,12083199,3030384639,10494148607,13891534847,16424894463,207616,17465081855,5255072063.04,5327222175.89,10604000,10,10,10,0,0,0,0,0,0,1732607,3051519,3235839,1886605.44,200
1790802515,0,10604200,0,8101.78,199.98,12083199,3030384639,10494148607,13891534847,16424894463,207616,17465081855,5254972989.34,5327220784.61,10604200,10,10,10,0,0,0,0,0,0,1839103,4175871,6320127,2085251.20,200
1790802516,0,10604400,0,8095.74,200.01,12083199,3030384639,10494148607,13891534847,16424894463,207616,17465081855,5254873920.23,5327219390.69,10604400,10,10,10,0,0,0,0,0,0,1997823,3778559,4919295,2130935.04,200
1790802517,0,10604600,0,8089.72,199.89,12083199,3030384639,10494148607,13891534847,16424894463,207616,17465081855,5254774851.92,5327217997.89,10604600,10,10,10,0,0,0,0,0,0,1890303,3168255,3405823,1974667.52,200
1790802518,0,10604800,0,8083.70,200.01,12083199,3028287487,10494148607,13891534847,16424894463,207616,17465081855,5254675786.67,5327216603.96,10604800,10,10,10,0,0,0,0,0,0,1797119,3108863,3303423,1939435.52,200
1790802519,0,10605000,0,8077.70,200.08,12083199,3028287487,10494148607,13891534847,16424894463,207616,17465081855,5254576725.82,5327215207.58,10605000,10,10,10,0,0,0,0,0,0,1906687,3239935,3362815,1974190.72,200
1790802520,0,10605200,0,8071.71,200.06,12075007,3028287487,10494148607,13891534847,16424894463,207616,17465081855,5254477667.79,5327213810.33,10605200,10,10,10,0,0,0,0,0,0,1806335,3080191,3284991,1925529.60,200
1790802521,0,10605400,0,8065.72,199.81,12075007,3028287487,10494148607,13891534847,16424894463,207616,17465081855,5254378613.45,5327212411.33,10605400,10,10,10,0,0,0,0,0,0,1839103,3100671,3229695,1922969.60,200
1790802522,0,10605600,0,8059.74,200.13,12075007,3028287487,10494148607,13891534847,16424894463,207616,17465081855,5254279563.60,5327211009.78,10605600,10,10,10,0,0,0,0,0,0,1871871,3174399,3295231,1963527.68,200
1790802523,0,10605800,0,8053.77,199.89,12075007,3028287487,10494148607,13891534847,16424894463,207616,17465081855,5254180516.72,5327209607.22,10605800,10,10,10,0,0,0,0,0,0,1819647,3084287,3209215,1922472.96,200
1790802524,0,10606000,0,8047.81,200.08,12075007,3028287487,10494148607,13891534847,16424894463,207616,17465081855,5254081473.68,5327208202.76,10606000,10,10,10,0,0,0,0,0,0,1789951,3094527,3178495,1927726.08,200
1790802525,0,10606200,0,8041.86,199.97,12075007,3028287487,10494148607,13891534847,16424894463,207616,17465081855,5253982434.52,5327206796.36,10606200,10,10,10,0,0,0,0,0,0,1825791,3086335,3354623,1936017.92,200
1790802526,0,10606400,0,8035.92,199.98,12075007,3028287487,10494148607,13891534847,16424894463,207616,17465081855,5253883400.55,5327205386.75,10606400,10,10,10,0,0,0,0,0,0,1957887,3219455,3874815,2012904.96,200
1790802527,0,10636590,0,8052.69,30183.07,12115967,3001024511,10485759999,13883146239,16416505855,207616,17465081855,5239812073.28,5326180781.50,10636590,10,10,10,0,0,0,0,0,0,313786367,523239423,536608767,296250446.25,30190
1790802528,0,10682060,0,8081.00,45513.26,12181503,2975858687,10468982783,13874757631,16416505855,207616,17465081855,5220955311.61,5322669493.43,10682060,10,10,10,0,0,0,0,0,0,719323135,1134559231,1149239295,809878938.82,45470
1790802529,0,10730640,0,8111.62,48576.49,12255231,2956984319,10452205567,13857980415,16416505855,207616,17465081855,5204032005.12,5316540620.09,10730640,10,10,10,0,0,0,0,0,0,1502609407,1672478719,1686110207,1482834490.64,48580
1790802530,0,10782610,0,8144.74,51944.34,12320767,2933915647,10435428351,13799260159,16416505855,207616,17465081855,5188401207.42,5308476643.00,10782610,10,10,10,0,0,0,0,0,0,2034237439,2122317823,2138046463,1960991874.24,51970
1790802531,0,10810360,0,8159.54,27762.20,12361727,2921332735,10427039743,13790871551,16416505855,207616,17465081855,5181899048.20,5303214863.09,10810360,10,10,10,0,0,0,0,0,0,2751463423,2841640959,2852126719,2655403660.04,27750
1790802532,0,10844785,0,8179.35,34409.48,12402687,2933915647,10418651135,13774094335,16416505855,207616,17465081855,5175415780.90,5296048856.68,10844785,10,10,10,0,0,0,0,0,0,3118465023,3512729599,3525312511,3139498468.62,34425
1790802533,0,10881770,0,8201.06,36980.94,12451839,2948595711,10401873919,13765705727,16416505855,207616,17465081855,5170966706.00,5287602126.04,10881770,10,10,10,0,0,0,0,0,0,3900702719,4129292287,4143972351,3866403752.26,36985
1790802534,0,10913610,0,8218.86,31857.65,12492799,2961178623,10385096703,13723762687,16408117247,207616,17465081855,5169027437.72,5280009487.17,10913610,10,10,10,0,0,0,0,0,0,4496293887,4697620479,4706009087,4506255096.54,31840
1790802535,0,10955620,0,8244.29,42012.84,12550143,2977955839,10376708095,13706985471,16408117247,207616,17465081855,5168614212.33,5269889757.19,10955620,10,10,10,0,0,0,0,0,0,5096079359,5377097727,5389680639,5061264040.94,42010
1790802536,0,10974610,0,8252.37,18986.34,12574719,2986344447,10368319487,13698596863,16408117247,207616,17465081855,5169812171.23,5265413637.39,10974610,10,10,10,0,0,0,0,0,0,5884608511,6102712319,6111100927,5860932891.74,18990
1790802537,0,11001520,0,8266.39,26897.33,12607487,2998927359,10359930879,13698596863,16408117247,207616,17465081855,5173180571.06,5259415416.19,11001520,10,10,10,0,0,0,0,0,0,6614417407,6727663615,6744440831,6546903141.37,26910
1790802538,0,11046920,0,8294.27,45423.27,12664831,3042967551,10351542271,13690208255,16408117247,207616,17465081855,5181188210.63,5250089754.60,11046920,10,10,10,0,0,0,0,0,0,7071596543,7457472511,7470055423,7121633297.32,45400
1790802539,0,11092480,0,8322.23,45536.93,12722175,3078619135,10334765055,13690208255,16408117247,207616,17465081855,5191895056.26,5241956479.36,11092480,10,10,10,0,0,0,0,0,0,7860125695,7948206079,7960788991,7787980813.31,45560
1790802540,0,11114460,0,8332.47,21990.97,12746751,3093299199,10334765055,13681819647,16399728639,207616,17465081855,5198326036.55,5238769080.03,11114460,10,10,10,0,0,0,0,0,0,8396996607,8707375103,8715763711,8443800117.39,21980
1790802541,0,11151510,0,8353.98,37039.88,12787711,3116367871,10326376447,13681819647,16399728639,207616,17465081855,5211168747.81,5234793188.87,11151510,10,10,10,0,0,0,0,0,0,9076473855,9277800447,9286189055,9063794944.82,37050
1790802542,0,11210480,0,8391.87,58961.71,12853247,3147825151,10317987839,13673431039,16399728639,207616,17465081855,5234773493.16,5231091195.64,11210480,10,10,10,0,0,0,0,0,0,9730785279,9814671359,9831448575,9698544119.65,58970
1790802543,0,11262060,0,8424.18,51597.65,12918783,3172990975,10301210623,13665042431,16399728639,207616,17465081855,5256228226.60,5228689527.11,11262060,10,10,10,0,0,0,0,0,0,9890168831,10225713151,10234101759,9919234431.71,51580
1790802544,0,11327406,0,8466.73,65369.91,12992511,3214934015,10292822015,13656653823,16391340031,207616,17465081855,5283120399.58,5225541951.41,11327406,10,10,10,0,0,0,0,0,0,9965666303,10125049855,10141827071,9917853446.40,65346
1790802545,0,11360790,0,8485.33,33364.24,13025279,3233808383,10301210623,13648265215,16391340031,207616,17465081855,5297698530.97,5224774399.20,11360790,10,10,10,0,0,0,0,0,0,10301210623,10586423295,10594811903,10244152309.45,33384
1790802546,0,11392940,0,8502.99,32137.90,13066239,3254779903,10317987839,13421772799,16391340031,207616,17465081855,5313772043.88,5226140713.93,11392940,10,10,10,0,0,0,0,0,0,11039408127,11081351167,11089739775,10993641552.65,32150
1790802547,0,11450240,0,8539.38,57298.94,13131775,3288334335,10343153663,13404995583,16391340031,207616,17465081855,5342835937.33,5229161073.73,11450240,10,10,10,0,0,0,0,0,0,11282677759,11383341055,11391729663,11121600236.22,57300
1790802548,0,11496860,0,8567.77,46633.00,13189119,3323985919,10376708095,13396606975,16391340031,207616,17465081855,5365375843.46,5230497557.27,11496860,10,10,10,0,0,0,0,0,0,10980687871,11056185343,11072962559,10901354708.09,46620
1790802549,0,11539430,0,8593.09,42597.27,13238271,3359637503,10427039743,13295943679,16391340031,207616,17465081855,5386392363.59,5232276094.37,11539430,10,10,10,0,0,0,0,0,0,11089739775,11341398015,11349786623,11062314131.55,42570
1790802550,0,11581130,0,8617.72,41675.07,13279231,3395289087,10468982783,13279166463,16382951423,207616,17465081855,5406665487.20,5233748506.98,11581130,10,10,10,0,0,0,0,0,0,10938744831,11391729663,11408506879,11016744402.47,41700
1790802551,0,11610090,0,8632.85,28970.46,13311999,3426746367,10494148607,13262389247,16382951423,207616,17465081855,5420252206.64,5234280686.78,11610090,10,10,10,0,0,0,0,0,0,10745806847,11089739775,11098128383,10853593508.91,28960
1790802552,0,11660780,0,8664.10,50680.12,13361151,3498049535,10519314431,13245612031,16382951423,207616,17465081855,5445260749.45,5236680295.44,11660780,10,10,10,0,0,0,0,0,0,11383341055,11651776511,11668553727,11173243246.77,50690
1790802553,0,11717073,0,8699.46,56276.25,13418495,3598712831,10544480255,13228834815,16382951423,207616,17465081855,5470987877.45,5237204694.43,11717073,10,10,10,0,0,0,0,0,0,10838081535,11039408127,11047796735,10800218504.04,56293
1790802554,0,11750380,0,8717.71,33304.81,13459455,3789553663,10561257471,13212057599,16382951423,207616,17465081855,5486354196.85,5237725048.94,11750380,10,10,10,0,0,0,0,0,0,10930356223,11148460031,11156848639,10892073298.86,33307
1790802555,0,11790787,0,8741.21,40424.36,13500415,3890216959,10578034687,13195280383,16382951423,207616,17465081855,5505832985.53,5239291245.32,11790787,10,10,10,0,0,0,0,0,0,11223957503,11374952447,11391729663,11170276495.56,40407
1790802556,0,11847390,0,8776.67,56605.08,13565951,3990880255,10619977727,13170114559,16374562815,207616,17465081855,5534259255.09,5242857272.49,11847390,10,10,10,0,0,0,0,0,0,11551113215,11626610687,11643387903,11455643097.17,56603
1790802557,0,11930880,0,8831.97,83457.51,13647871,4255121407,10628366335,13144948735,16374562815,207616,17465081855,5571397591.79,5243335523.83,11930880,10,10,10,0,0,0,0,0,0,10452205567,11450449919,11458838527,10841398296.55,83490
1790802558,0,11970570,0,8854.80,39712.98,13688831,4328521727,10645143551,13061062655,16374562815,207616,17465081855,5589031466.29,5243568119.45,11970570,10,10,10,0,0,0,0,0,0,10905190399,11106516991,11123294207,10889803465.27,39690
1790802559,0,11991550,0,8863.76,20965.72,13713407,4383047679,10653532159,13052674047,16374562815,207616,17465081855,5598244922.13,5243603523.71,11991550,10,10,10,0,0,0,0,0,0,10854858751,11056185343,11056185343,10855171425.57,20980
1790802560,0,12050974,0,8901.11,59459.96,13770751,4525654015,10678697983,13044285439,16374562815,207616,17465081855,5625206063.85,5244680689.47,12050974,10,10,10,0,0,0,0,0,0,11114905599,11299454975,11316232191,11065867732.16,59424
1790802561,0,12079010,0,8915.23,28022.14,13803519,4588568575,10695475199,13035896831,16366174207,207616,17465081855,5638568453.44,5245960847.58,12079010,10,10,10,0,0,0,0,0,0,11668553727,11718885375,11735662591,11382248346.75,28036
1790802562,0,12114750,0,8935.02,35765.00,13836287,4701814783,10712252415,13027508223,16366174207,207616,17465081855,5654620728.85,5246531208.38,12114750,10,10,10,0,0,0,0,0,0,11123294207,11324620799,11341398015,11079791271.84,35740
1790802563,0,12155260,0,8958.29,40498.60,13885439,4819255295,10729029631,13019119615,16366174207,207616,17465081855,5672660790.65,5247106957.05,12155260,10,10,10,0,0,0,0,0,0,10980687871,11517558783,11534335999,11067645702.46,40510
1790802564,0,12197300,0,8982.65,42029.38,13926399,4903141375,10745806847,13002342399,16366174207,207616,17465081855,5691753862.59,5248112148.03,12197300,10,10,10,0,0,0,0,0,0,11240734719,11324620799,11341398015,11212240390.53,42040
1790802565,0,12243070,0,9009.72,45767.81,13975551,5058330623,10762584063,12993953791,16366174207,207616,17465081855,5712968803.84,5249750663.80,12243070,10,10,10,0,0,0,0,0,0,11416895487,11601444863,11618222079,11366562923.61,45770
1790802566,0,12277650,0,9028.52,34570.42,14008319,5133828095,10770972671,12977176575,16366174207,207616,17465081855,5729399516.34,5251471424.04,12277650,10,10,10,0,0,0,0,0,0,11626610687,11769217023,11785994239,11546703253.45,34580
1790802567,0,12329376,0,9059.90,51760.07,14065663,5293211647,10787749887,12968787967,16366174207,207616,17465081855,5754725616.29,5254977989.63,12329376,10,10,10,0,0,0,0,0,0,11752439807,12104761343,12129927167,11766112366.54,51726
1790802568,0,12368870,0,9082.24,39466.09,14106623,5347737599,10804527103,12960399359,16357785599,207616,17465081855,5773574067.35,5257156923.26,12368870,10,10,10,0,0,0,0,0,0,11660165119,11978932223,11987320831,11657749895.88,39494
1790802569,0,12393000,0,9093.29,24144.68,14139391,5389680639,10821304319,12952010751,16357785599,207616,17465081855,5785332384.41,5258781873.25,12393000,10,10,10,0,0,0,0,0,0,11827937279,11978932223,11987320831,11812563843.49,24130
1790802570,0,12415020,0,9102.76,22015.62,14163967,5460983807,10829692927,12968787967,16357785599,207616,17465081855,5797594682.97,5262174358.39,12415020,10,10,10,0,0,0,0,0,0,12876513279,12985565183,12993953791,12698896505.65,22020
1790802571,0,12459620,0,9128.77,44602.85,14213119,5519704063,10846470143,13170114559,16357785599,207616,17465081855,5824431859.10,5271813675.81,12459620,10,10,10,0,0,0,0,0,0,13270777855,13614710783,13631487999,13294926890.43,44600
1790802572,0,12489950,0,9144.29,30331.50,14245887,5557452799,10854858751,13270777855,16357785599,207616,17465081855,5842823147.65,5278591566.57,12489950,10,10,10,0,0,0,0,0,0,13363052543,13614710783,13614710783,13397998439.46,30330
1790802573,0,12540090,0,9174.29,50147.56,14303231,5620367359,10871635967,13388218367,16349396991,207616,17465081855,5873222829.81,5289851301.40,12540090,10,10,10,0,0,0,0,0,0,13388218367,13740539903,13757317119,13445829735.01,50140
1790802574,0,12591580,0,9205.22,51476.61,14360575,5897191423,10880024575,13572767743,16349396991,207616,17465081855,5903122871.41,5299747326.42,12591580,10,10,10,0,0,0,0,0,0,13547601919,13857980415,13874757631,13185104085.27,51490
1790802575,0,12620740,0,9219.80,29174.27,14393343,5981077503,10888413183,13564379135,16349396991,207616,17465081855,5919378020.53,5304390815.03,12620740,10,10,10,0,0,0,0,0,0,12893290495,13094617087,13103005695,12938514183.66,29160
1790802576,0,12655310,0,9238.30,34547.50,14434303,6056574975,10905190399,13564379135,16349396991,207616,17465081855,5939154383.47,5310614830.85,12655310,10,10,10,0,0,0,0,0,0,13186891775,13421772799,13430161407,13159065717.42,34570
1790802577,0,12695780,0,9261.09,40470.74,14475263,6178209791,10913579007,13648265215,16349396991,207616,17465081855,5963917769.25,5320209205.35,12695780,10,10,10,0,0,0,0,0,0,13748928511,13933477887,13950255103,13707637159.26,40470
1790802578,0,12722750,0,9273.99,26970.51,14508031,6253707263,10921967615,13673431039,16341008383,207616,17465081855,5980521166.18,5326769076.23,12722750,10,10,10,0,0,0,0,0,0,13933477887,14017363967,14034141183,13796356339.30,26970
1790802579,0,12749290,0,9286.57,26533.46,14540799,6312427519,10930356223,13690208255,16341008383,207616,17465081855,5997339330.83,5333992488.69,12749290,10,10,10,0,0,0,0,0,0,14403239935,14470348799,14487126015,14059634144.75,26540
1790802580,0,12793745,0,9312.17,44484.49,14589951,6572474367,10938744831,13824425983,16341008383,207616,17465081855,6025201655.47,5345591931.65,12793745,10,10,10,0,0,0,0,0,0,14000586751,14277410815,14285799423,14015863151.59,44455
1790802581,0,12828120,0,9330.40,34361.19,14630911,6631194623,10947133439,13841203199,16341008383,207616,17465081855,6046108326.99,5353651098.46,12828120,10,10,10,0,0,0,0,0,0,13782482943,14201913343,14210301951,13827188306.86,34375
1790802582,0,12869065,0,9353.38,40952.54,14680063,6723469311,10963910655,13916700671,16341008383,207616,17465081855,6072897361.89,5366125471.32,12869065,10,10,10,0,0,0,0,0,0,14529069055,14638120959,14654898175,14465935689.47,40945
1790802583,0,12909510,0,9375.96,40442.56,14729215,6920601599,10980687871,13950255103,16332619775,207616,17465081855,6097439298.91,5375595310.74,12909510,10,10,10,0,0,0,0,0,0,13916700671,14579400703,14587789311,13906359630.78,40445
1790802584,0,12955120,0,9402.26,45611.01,14778367,7038042111,10989076479,14000586751,16332619775,207616,17465081855,6125592306.16,5387122789.28,12955120,10,10,10,0,0,0,0,0,0,14378074111,14772338687,14789115903,14094053795.75,45610
1790802585,0,13002660,0,9429.92,47547.54,14835711,7130316799,10997465087,14000586751,16332619775,207616,17465081855,6151922575.47,5394843161.72,13002660,10,10,10,0,0,0,0,0,0,13455327231,13564379135,13581156351,13327181275.17,47540
1790802586,0,13028680,0,9441.94,26010.37,14868479,7310671871,11005853695,13992198143,16332619775,207616,17465081855,6165628475.56,5398161647.41,13028680,10,10,10,0,0,0,0,0,0,12926844927,13279166463,13287555071,13014712211.70,26020
1790802587,0,13070190,0,9465.16,41534.05,14925823,7461666815,11014242303,13992198143,16332619775,207616,17465081855,6188698184.47,5405087029.83,13070190,10,10,10,0,0,0,0,0,0,13656653823,13715374079,13723762687,13429552319.48,41510
1790802588,0,13103300,0,9482.27,33098.72,14974975,7616856063,11022630911,13992198143,16332619775,207616,17465081855,6207530056.06,5411214529.96,13103300,10,10,10,0,0,0,0,0,0,13706985471,13849591807,13857980415,13641421317.85,33110
1790802589,0,13118350,0,9486.30,15052.25,14991359,7637827583,11022630911,14017363967,16324231167,207616,17465081855,6217006025.48,5415346085.90,13118350,10,10,10,0,0,0,0,0,0,14143193087,14856224767,14856224767,14467269818.57,15050
1790802590,0,13135870,0,9492.10,17524.13,15015935,7662993407,11022630911,14076084223,16324231167,207616,17465081855,6228817409.24,5421397340.58,13135870,10,10,10,0,0,0,0,0,0,15367929855,15393095679,15401484287,15072759542.41,17520
1790802591,0,13155970,0,9499.76,20100.66,15040511,7730102271,11031019519,14126415871,16324231167,207616,17465081855,6242741988.77,5428953755.89,13155970,10,10,10,0,0,0,0,0,0,15586033663,15619588095,15636365311,15342814947.93,20100
1790802592,0,13186003,0,9514.58,30032.47,15089663,7868514303,11031019519,14235467775,16341008383,207616,17465081855,6265203863.99,5443114574.80,13186003,10,10,10,0,0,0,0,0,0,15971909631,16349396991,16357785599,16104639040.56,30033
1790802593,0,13225282,0,9536.04,39261.19,15138815,7918845951,11039408127,14369685503,16332619775,207616,17465081855,6292255880.09,5457599528.93,13225282,10,10,10,0,0,0,0,0,0,15409872895,15695085567,15711862783,15373647089.90,39279
1790802594,0,13267030,0,9559.25,41756.76,15196159,8065646591,11047796735,14503903231,16332619775,207616,17465081855,6319898667.33,5471335936.84,13267030,10,10,10,0,0,0,0,0,0,14545846271,15929966591,15946743807,15076812928.53,41748
1790802595,0,13283894,0,9564.51,16861.69,15220735,8082423807,11047796735,14520680447,16332619775,207616,17465081855,6330879192.38,5476529977.91,13283894,10,10,10,0,0,0,0,0,0,14973665279,15032385535,15384707071,14969337168.15,16864
1790802596,0,13311800,0,9577.71,27904.64,15261695,8111783935,11056185343,14612955135,16332619775,207616,17465081855,6350710894.19,5487888972.27,13311800,10,10,10,0,0,0,0,0,0,15846080511,16114515967,16122904575,15791054357.76,27906
1790802597,0,13353780,0,9601.00,41968.46,15327231,8183087103,11056185343,14805893119,16332619775,207616,17465081855,6380454166.56,5504799362.57,13353780,10,10,10,0,0,0,0,0,0,15854469119,15929966591,15946743807,15812004739.40,41980
1790802598,0,13408630,0,9633.51,54865.45,15417343,8275361791,11064573951,15032385535,16332619775,207616,17465081855,6417780353.77,5524348523.22,13408630,10,10,10,0,0,0,0,0,0,15426650111,16030629887,16047407103,15505213211.12,54850
1790802599,0,13455940,0,9660.56,47308.42,15491071,8355053567,11072962559,15074328575,16332619775,207616,17465081855,6448663861.26,5539141654.32,13455940,10,10,10,0,0,0,0,0,0,15544090623,15627976703,15644753919,15201687007.86,47310
1790802600,0,13499170,0,9684.64,43228.41,15556607,8401190911,11081351167,15208546303,16332619775,207616,17465081855,6477009958.73,5552839979.02,13499170,10,10,10,0,0,0,0,0,0,15292432383,15527313407,15544090623,15300127859.74,43230
1790802601,0,13578408,0,9734.51,79225.06,15695871,8573157375,11106516991,15225323519,16324231167,207616,17465081855,6524534356.67,5572824874.05,13578408,10,10,10,0,0,0,0,0,0,14839447551,15577645055,15602810879,14620901338.90,79238
1790802602,0,13578608,0,9727.67,199.97,15695871,8573157375,11106516991,15225323519,16324231167,207616,17465081855,6524438284.39,5572840055.26,13578608,10,10,10,0,0,0,0,0,0,1769471,3008511,3162111,1895191.04,200
1790802603,0,13578808,0,9720.86,200.08,15695871,8573157375,11106516991,15225323519,16324231167,207616,17465081855,6524342215.38,5572855233.81,13578808,10,10,10,0,0,0,0,0,0,1817599,3022847,3268607,1924774.40,200
1790802604,0,13579008,0,9714.05,200.00,15695871,8573157375,11106516991,15225323519,16324231167,207616,17465081855,6524246150.53,5572870408.65,13579008,10,10,10,0,0,0,0,0,0,1885183,3248127,5140479,2015573.12,200
1790802605,0,13579208,0,9707.24,199.99,15695871,8573157375,11106516991,15225323519,16324231167,207616,17465081855,6524150088.03,5572885581.92,13579208,10,10,10,0,0,0,0,0,0,1917951,3295231,3719167,1982430.72,200
1790802606,0,13579408,0,9700.46,200.10,15687679,8573157375,11106516991,15225323519,16324231167,207616,17465081855,6524054027.36,5572900754.21,13579408,10,10,10,0,0,0,0,0,0,1786879,3059711,3104767,1914946.56,200
1790802607,0,13579608,0,9693.67,200.00,15687679,8573157375,11106516991,15225323519,16324231167,207616,17465081855,6523957969.45,5572915924.43,13579608,10,10,10,0,0,0,0,0,0,1802239,3047423,3117055,1910615.04,200
1790802608,0,13579808,0,9686.90,199.99,15687679,8573157375,11106516991,15225323519,16324231167,207616,17465081855,6523861915.20,5572931091.55,13579808,10,10,10,0,0,0,0,0,0,1902591,3082239,3397631,1966108.16,200
1790802609,0,13580008,0,9680.13,199.87,15687679,8573157375,11106516991,15225323519,16324231167,207616,17465081855,6523765864.46,5572946255.72,13580008,10,10,10,0,0,0,0,0,0,1923071,3182591,4694015,2013460.48,200
1790802610,0,13580208,0,9673.39,200.14,15687679,8568963071,11106516991,15225323519,16324231167,207616,17465081855,6523669815.89,5572961418.53,13580208,10,10,10,0,0,0,0,0,0,1909759,3094527,3389439,1967441.92,200
1790802611,0,13580408,0,9666.64,199.96,15687679,8568963071,11106516991,15225323519,16324231167,207616,17465081855,6523573769.68,5572976579.72,13580408,10,10,10,0,0,0,0,0,0,1859583,3147775,3590143,1936851.84,200
1790802612,0,13580608,0,9659.90,199.88,15687679,8568963071,11106516991,15225323519,16324231167,207616,17465081855,6523477725.56,5572991739.65,13580608,10,10,10,0,0,0,0,0,0,1809407,3039231,3246079,1886021.76,200
1790802613,0,13580808,0,9653.18,200.06,15687679,8568963071,11106516991,15225323519,16324231167,207616,17465081855,6523381684.72,5573006896.92,13580808,10,10,10,0,0,0,0,0,0,1871871,3071999,3233791,1916100.48,200
1790802614,0,13581008,0,9646.47,200.09,15679487,8568963071,11106516991,15225323519,16324231167,207616,17465081855,6523285646.25,5573022052.56,13581008,10,10,10,0,0,0,0,0,0,1813503,3053567,3299327,1886085.76,200
1790802615,0,13581208,0,9639.76,199.84,15679487,8568963071,11106516991,15225323519,16324231167,207616,17465081855,6523189610.82,5573037205.82,13581208,10,10,10,0,0,0,0,0,0,1847295,3061759,3188735,1899460.48,200
1790802616,0,13581408,0,9633.07,200.05,15679487,8568963071,11106516991,15225323519,16324231167,207616,17465081855,6523093578.45,5573052356.67,13581408,10,10,10,0,0,0,0,0,0,1812479,3184639,3676159,1915652.48,200
1790802617,0,13581608,0,9626.38,200.02,15679487,8568963071,11106516991,15225323519,16324231167,207616,17465081855,6522997548.79,5573067505.51,13581608,10,10,10,0,0,0,0,0,0,1798143,3059711,3291135,1907879.68,200
1790802618,0,13581808,0,9619.71,200.08,15679487,8568963071,11106516991,15225323519,16324231167,207616,17465081855,6522901522.26,5573082651.86,13581808,10,10,10,0,0,0,0,0,0,1814527,3102719,3303423,1927832.32,200
1790802619,0,13582008,0,9613.04,199.96,15679487,8568963071,11106516991,15225323519,16324231167,207616,17465081855,6522805497.63,5573097797.15,13582008,10,10,10,0,0,0,0,0,0,1745919,3039231,3209215,1865223.68,200
1790802620,0,13582208,0,9606.38,199.94,15679487,8568963071,11106516991,15225323519,16324231167,207616,17465081855,6522709476.74,5573112939.24,13582208,10,10,10,0,0,0,0,0,0,1807359,3213311,3272703,1926712.32,200
1790802621,0,13582408,0,9599.73,200.01,15671295,8568963071,11106516991,15225323519,16324231167,207616,17465081855,6522613458.31,5573128079.61,13582408,10,10,10,0,0,0,0,0,0,1776639,3020799,3213311,1902346.88,200
1790802622,0,13582608,0,9593.09,200.05,15671295,8568963071,11106516991,15225323519,16324231167,207616,17465081855,6522517442.70,5573143217.85,13582608,10,10,10,0,0,0,0,0,0,1811455,3033087,3211263,1901605.12,200
1790802623,0,13582808,0,9586.47,200.09,15671295,8564768767,11106516991,15225323519,16324231167,207616,17465081855,6522421431.67,5573158351.90,13582808,10,10,10,0,0,0,0,0,0,1887231,3289087,4923391,2020482.56,200
1790802624,0,13583008,0,9579.84,199.82,15671295,8564768767,11106516991,15225323519,16324231167,207616,17465081855,6522325421.94,5573173485.59,13583008,10,10,10,0,0,0,0,0,0,1815551,3033087,3231743,1916866.56,200
1790802625,0,13583208,0,9573.23,200.09,15671295,8564768767,11106516991,15225323519,16324231167,207616,17465081855,6522229416.37,5573188615.59,13583208,10,10,10,0,0,0,0,0,0,1868799,3233791,4935679,2006932.48,200
1790802626,0,13583408,0,9566.63,199.91,15671295,8564768767,11106516991,15225323519,16324231167,207616,17465081855,6522133413.50,5573203743.60,13583408,10,10,10,0,0,0,0,0,0,1896447,3237887,4427775,1998499.84,200
1790802627,0,13583608,0,9560.04,199.99,15671295,8564768767,11106516991,15225323519,16324231167,207616,17465081855,6522037413.66,5573218869.23,13583608,10,10,10,0,0,0,0,0,0,1914879,3221503,4763647,2012439.04,200
1790802628,0,13583808,0,9553.46,200.17,15671295,8564768767,11106516991,15225323519,16324231167,207616,17465081855,6521941415.11,5573233994.51,13583808,10,10,10,0,0,0,0,0,0,1780735,3049471,3237887,1907969.28,200
1790802629,0,13584008,0,9546.88,199.85,15663103,8564768767,11106516991,15225323519,16324231167,207616,17465081855,6521845419.58,5573249117.43,13584008,10,10,10,0,0,0,0,0,0,1881087,3069951,3340287,1921392.64,200
1790802630,0,13584208,0,9540.32,200.06,15663103,8564768767,11106516991,15225323519,16324231167,207616,17465081855,6521749426.48,5573264238.67,13584208,10,10,10,0,0,0,0,0,0,1788927,3020799,3164159,1894521.60,200
1790802631,0,13584408,0,9533.76,200.00,15663103,8564768767,11106516991,15225323519,16324231167,207616,17465081855,6521653436.00,5573279358.01,13584408,10,10,10,0,0,0,0,0,0,1744895,3033087,3215359,1880250.88,200
1790802632,0,13584608,0,9527.22,200.08,15663103,8564768767,11106516991,15225323519,16324231167,207616,17465081855,6521557449.32,5573294474.08,13584608,10,10,10,0,0,0,0,0,0,1857535,3110911,3418111,1946173.44,200
1790802633,0,13584808,0,9520.68,199.83,15663103,8564768767,11106516991,15225323519,16324231167,207616,17465081855,6521461465.29,5573309588.22,13584808,10,10,10,0,0,0,0,0,0,1858559,3041279,3297279,1934046.72,200
1790802634,0,13585008,0,9514.15,200.05,15663103,8564768767,11106516991,15225323519,16324231167,207616,17465081855,6521365483.78,5573324700.57,13585008,10,10,10,0,0,0,0,0,0,1780735,3043327,3297279,1913512.96,200
1790802635,0,13585208,0,9507.63,199.97,15663103,8564768767,11106516991,15225323519,16324231167,207616,17465081855,6521269505.33,5573339810.51,13585208,10,10,10,0,0,0,0,0,0,1854463,3069951,3244031,1929745.92,200
1790802636,0,13585408,0,9501.12,200.01,15663103,8564768767,11098128383,15225323519,16324231167,207616,17465081855,6521173529.56,5573354918.48,13585408,10,10,10,0,0,0,0,0,0,1848319,3018751,4112383,1919677.44,200
1790802637,0,13585608,0,9494.62,200.04,15654911,8564768767,11098128383,15225323519,16324231167,207616,17465081855,6521077556.79,5573370024.10,13585608,10,10,10,0,0,0,0,0,0,1821695,3078143,3330047,1931540.48,200
1790802638,0,13585808,0,9488.13,200.04,15654911,8564768767,11098128383,15225323519,16324231167,207616,17465081855,6520981586.26,5573385128.29,13585808,10,10,10,0,0,0,0,0,0,1782783,3012607,3223551,1891212.80,200
1790802639,0,13586008,0,9481.65,200.01,15654911,8564768767,11098128383,15225323519,16324231167,207616,17465081855,6520885619.27,5573400229.49,13586008,10,10,10,0,0,0,0,0,0,1800191,3039231,3887103,1940244.48,200
1790802640,0,13586208,0,9475.18,199.92,15654911,8564768767,11098128383,15225323519,16324231167,207616,17465081855,6520789655.09,5573415328.57,13586208,10,10,10,0,0,0,0,0,0,1816575,3076095,3237887,1939082.24,200
1790802641,0,13586408,0,9468.71,200.07,15654911,8564768767,11098128383,15225323519,16324231167,207616,17465081855,6520693693.34,5573430425.99,13586408,10,10,10,0,0,0,0,0,0,1790975,2998271,3209215,1911866.88,200
1790802642,0,13586608,0,9462.26,199.98,15654911,8560574463,11098128383,15225323519,16324231167,207616,17465081855,6520597734.49,5573445521.16,13586608,10,10,10,0,0,0,0,0,0,1838079,3026943,3264511,1917882.88,200
1790802643,0,13586808,0,9455.82,200.08,15654911,8560574463,11098128383,15225323519,16324231167,207616,17465081855,6520501778.27,5573460614.44,13586808,10,10,10,0,0,0,0,0,0,1801215,3022847,3227647,1903939.84,200
1790802644,0,13587008,0,9449.37,199.89,15654911,8560574463,11098128383,15225323519,16324231167,207616,17465081855,6520405825.89,5573475704.39,13587008,10,10,10,0,0,0,0,0,0,1889279,3110911,3633151,1972493.44,200
1790802645,0,13587208,0,9442.95,200.02,15646719,8560574463,11098128383,15225323519,16324231167,207616,17465081855,6520309874.94,5573490793.84,13587208,10,10,10,0,0,0,0,0,0,1767423,2973695,3100671,1878277.12,200
1790802646,0,13587408,0,9436.53,200.11,15646719,8560574463,11098128383,15225323519,16324231167,207616,17465081855,6520213927.49,5573505880.35,13587408,10,10,10,0,0,0,0,0,0,1857535,3041279,3291135,1924572.16,200
1790802647,0,13587428,0,9429.99,19.98,15646719,8560574463,11098128383,15225323519,16324231167,207616,17465081855,6520204332.84,5573507388.95,13587428,10,10,10,0,0,0,0,0,0,1677311,2942975,3018751,1882700.80,20
1790802648,0,13587428,0,9423.45,0.00,15646719,8560574463,11098128383,15225323519,16324231167,207616,17465081855,6520204332.84,5573507388.95,13587428,10,10,10,0,0,0,0,0,0,0,0,0,0.00,0
1790802649,0,13587428,0,9416.92,0.00,15646719,8560574463,11098128383,15225323519,16324231167,207616,17465081855,6520204332.84,5573507388.95,13587428,10,10,10,0,0,0,0,0,0,0,0,0,0.00,0
